  0
SECTION
  2
HEADER
  9
$ANGBASE
  50
0.0
  9
$ANGDIR
  70
1
  9
$MEASUREMENT
  70
0
  0
ENDSEC
  0
SECTION
  2
TABLES
  0
TABLE
  2
LTYPE
  70
4
  0
LTYPE
  5
40F
  2
CONTINUOUS
  70
0
  3
Solid line
  72
65
  73
0
  40
0.0
  0
LTYPE
  5
410
  2
DASHDOT
 70
0
  3
Dash Dot ____ _ ____ _
 72
65
 73
4
 40
2.0
 49
1.25
 49
-0.25
 49
0.25
 49
-0.25
  0
LTYPE
  5
411
  2
DASHED
 70
0
  3
Dashed __ __ __ __ __
 72
65
 73
2
 40
0.75
 49
0.5
 49
-0.25
  0
LTYPE
  5
43B
  2
DOTTED
 70
0
  3
Dotted .  .  .  .
 72
65
 73
2
 40
0.2
 49
0.0
 49
-0.2
  0
ENDTAB
  0
TABLE
  2
STYLE
  70
4
  0
STYLE
  2
KICAD
  70
0
  40
0
  41
1
  42
1
  50
0
  71
0
  3
isocp.shx
  0
STYLE
  2
KICADB
  70
0
  40
0
  41
1
  42
1
  50
0
  71
0
  3
isocp.shx
  0
STYLE
  2
KICADI
  70
0
  40
0
  41
1
  42
1
  50
15
  71
0
  3
isocp.shx
  0
STYLE
  2
KICADBI
  70
0
  40
0
  41
1
  42
1
  50
15
  71
0
  3
isocp.shx
  0
ENDTAB
  0
TABLE
  2
LAYER
  70
1
  0
LAYER
  2
BLACK
  70
0
  62
7
  6
CONTINUOUS
  0
ENDTAB
  0
ENDSEC
  0
SECTION
  2
ENTITIES
0
LINE
8
BLACK
6
CONTINUOUS
10
6.1102035826771655
20
-4.7275208661417318
11
6.1133967322834648
21
-4.7296544488188976
0
LINE
8
BLACK
6
CONTINUOUS
10
6.1133967322834648
20
-4.7296544488188976
11
6.1155303149606297
21
-4.732847598425197
0
LINE
8
BLACK
6
CONTINUOUS
10
6.1155303149606297
20
-4.732847598425197
11
6.1162795275590547
21
-4.7366141732283467
0
LINE
8
BLACK
6
CONTINUOUS
10
6.1162795275590547
20
-4.7366141732283467
11
6.1162795275590547
21
-4.823228346456693
0
LINE
8
BLACK
6
CONTINUOUS
10
6.1162795275590547
20
-4.823228346456693
11
6.1155303149606297
21
-4.8269949212598426
0
LINE
8
BLACK
6
CONTINUOUS
10
6.1155303149606297
20
-4.8269949212598426
11
6.1133967322834648
21
-4.830188070866142
0
LINE
8
BLACK
6
CONTINUOUS
10
6.1133967322834648
20
-4.830188070866142
11
6.1102035826771655
21
-4.8323216535433069
0
LINE
8
BLACK
6
CONTINUOUS
10
6.1102035826771655
20
-4.8323216535433069
11
6.1064370078740158
21
-4.8330708661417319
0
LINE
8
BLACK
6
CONTINUOUS
10
6.1064370078740158
20
-4.8330708661417319
11
6.0867519685039371
21
-4.8330708661417319
0
LINE
8
BLACK
6
CONTINUOUS
10
6.0867519685039371
20
-4.8330708661417319
11
6.0829853937007874
21
-4.8323216535433069
0
LINE
8
BLACK
6
CONTINUOUS
10
6.0829853937007874
20
-4.8323216535433069
11
6.079792244094488
21
-4.830188070866142
0
LINE
8
BLACK
6
CONTINUOUS
10
6.079792244094488
20
-4.830188070866142
11
6.0776586614173231
21
-4.8269949212598426
0
LINE
8
BLACK
6
CONTINUOUS
10
6.0776586614173231
20
-4.8269949212598426
11
6.0769094488188973
21
-4.823228346456693
0
LINE
8
BLACK
6
CONTINUOUS
10
6.0769094488188973
20
-4.823228346456693
11
6.0769094488188973
21
-4.7366141732283467
0
LINE
8
BLACK
6
CONTINUOUS
10
6.0769094488188973
20
-4.7366141732283467
11
6.0776586614173231
21
-4.732847598425197
0
LINE
8
BLACK
6
CONTINUOUS
10
6.0776586614173231
20
-4.732847598425197
11
6.079792244094488
21
-4.7296544488188976
0
LINE
8
BLACK
6
CONTINUOUS
10
6.079792244094488
20
-4.7296544488188976
11
6.0829853937007874
21
-4.7275208661417318
0
LINE
8
BLACK
6
CONTINUOUS
10
6.0829853937007874
20
-4.7275208661417318
11
6.0867519685039371
21
-4.7267716535433069
0
LINE
8
BLACK
6
CONTINUOUS
10
6.0867519685039371
20
-4.7267716535433069
11
6.1064370078740158
21
-4.7267716535433069
0
LINE
8
BLACK
6
CONTINUOUS
10
6.1064370078740158
20
-4.7267716535433069
11
6.1102035826771655
21
-4.7275208661417318
0
LINE
8
BLACK
6
CONTINUOUS
10
6.4035106692913386
20
-4.7275208661417318
11
6.406703818897638
21
-4.7296544488188976
0
LINE
8
BLACK
6
CONTINUOUS
10
6.406703818897638
20
-4.7296544488188976
11
6.4088374015748029
21
-4.732847598425197
0
LINE
8
BLACK
6
CONTINUOUS
10
6.4088374015748029
20
-4.732847598425197
11
6.4095866141732278
21
-4.7366141732283467
0
LINE
8
BLACK
6
CONTINUOUS
10
6.4095866141732278
20
-4.7366141732283467
11
6.4095866141732278
21
-4.823228346456693
0
LINE
8
BLACK
6
CONTINUOUS
10
6.4095866141732278
20
-4.823228346456693
11
6.4088374015748029
21
-4.8269949212598426
0
LINE
8
BLACK
6
CONTINUOUS
10
6.4088374015748029
20
-4.8269949212598426
11
6.406703818897638
21
-4.830188070866142
0
LINE
8
BLACK
6
CONTINUOUS
10
6.406703818897638
20
-4.830188070866142
11
6.4035106692913386
21
-4.8323216535433069
0
LINE
8
BLACK
6
CONTINUOUS
10
6.4035106692913386
20
-4.8323216535433069
11
6.3997440944881889
21
-4.8330708661417319
0
LINE
8
BLACK
6
CONTINUOUS
10
6.3997440944881889
20
-4.8330708661417319
11
6.3800590551181102
21
-4.8330708661417319
0
LINE
8
BLACK
6
CONTINUOUS
10
6.3800590551181102
20
-4.8330708661417319
11
6.3762924803149605
21
-4.8323216535433069
0
LINE
8
BLACK
6
CONTINUOUS
10
6.3762924803149605
20
-4.8323216535433069
11
6.3730993307086612
21
-4.830188070866142
0
LINE
8
BLACK
6
CONTINUOUS
10
6.3730993307086612
20
-4.830188070866142
11
6.3709657480314963
21
-4.8269949212598426
0
LINE
8
BLACK
6
CONTINUOUS
10
6.3709657480314963
20
-4.8269949212598426
11
6.3702165354330704
21
-4.823228346456693
0
LINE
8
BLACK
6
CONTINUOUS
10
6.3702165354330704
20
-4.823228346456693
11
6.3702165354330704
21
-4.7366141732283467
0
LINE
8
BLACK
6
CONTINUOUS
10
6.3702165354330704
20
-4.7366141732283467
11
6.3709657480314963
21
-4.732847598425197
0
LINE
8
BLACK
6
CONTINUOUS
10
6.3709657480314963
20
-4.732847598425197
11
6.3730993307086612
21
-4.7296544488188976
0
LINE
8
BLACK
6
CONTINUOUS
10
6.3730993307086612
20
-4.7296544488188976
11
6.3762924803149605
21
-4.7275208661417318
0
LINE
8
BLACK
6
CONTINUOUS
10
6.3762924803149605
20
-4.7275208661417318
11
6.3800590551181102
21
-4.7267716535433069
0
LINE
8
BLACK
6
CONTINUOUS
10
6.3800590551181102
20
-4.7267716535433069
11
6.3997440944881889
21
-4.7267716535433069
0
LINE
8
BLACK
6
CONTINUOUS
10
6.3997440944881889
20
-4.7267716535433069
11
6.4035106692913386
21
-4.7275208661417318
0
LINE
8
BLACK
6
CONTINUOUS
10
5.2642193307086611
20
-4.7256704724409451
11
5.2674124803149605
21
-4.72780405511811
0
LINE
8
BLACK
6
CONTINUOUS
10
5.2674124803149605
20
-4.72780405511811
11
5.2695460629921262
21
-4.7309972047244093
0
LINE
8
BLACK
6
CONTINUOUS
10
5.2695460629921262
20
-4.7309972047244093
11
5.2702952755905512
21
-4.734763779527559
0
LINE
8
BLACK
6
CONTINUOUS
10
5.2702952755905512
20
-4.734763779527559
11
5.2702952755905512
21
-4.8213779527559053
0
LINE
8
BLACK
6
CONTINUOUS
10
5.2702952755905512
20
-4.8213779527559053
11
5.2695460629921262
21
-4.825144527559055
0
LINE
8
BLACK
6
CONTINUOUS
10
5.2695460629921262
20
-4.825144527559055
11
5.2674124803149605
21
-4.8283376771653543
0
LINE
8
BLACK
6
CONTINUOUS
10
5.2674124803149605
20
-4.8283376771653543
11
5.2642193307086611
21
-4.8304712598425192
0
LINE
8
BLACK
6
CONTINUOUS
10
5.2642193307086611
20
-4.8304712598425192
11
5.2604527559055114
21
-4.8312204724409451
0
LINE
8
BLACK
6
CONTINUOUS
10
5.2604527559055114
20
-4.8312204724409451
11
5.2407677165354327
21
-4.8312204724409451
0
LINE
8
BLACK
6
CONTINUOUS
10
5.2407677165354327
20
-4.8312204724409451
11
5.237001141732283
21
-4.8304712598425192
0
LINE
8
BLACK
6
CONTINUOUS
10
5.237001141732283
20
-4.8304712598425192
11
5.2338079921259846
21
-4.8283376771653543
0
LINE
8
BLACK
6
CONTINUOUS
10
5.2338079921259846
20
-4.8283376771653543
11
5.2316744094488188
21
-4.825144527559055
0
LINE
8
BLACK
6
CONTINUOUS
10
5.2316744094488188
20
-4.825144527559055
11
5.2309251968503938
21
-4.8213779527559053
0
LINE
8
BLACK
6
CONTINUOUS
10
5.2309251968503938
20
-4.8213779527559053
11
5.2309251968503938
21
-4.734763779527559
0
LINE
8
BLACK
6
CONTINUOUS
10
5.2309251968503938
20
-4.734763779527559
11
5.2316744094488188
21
-4.7309972047244093
0
LINE
8
BLACK
6
CONTINUOUS
10
5.2316744094488188
20
-4.7309972047244093
11
5.2338079921259846
21
-4.72780405511811
0
LINE
8
BLACK
6
CONTINUOUS
10
5.2338079921259846
20
-4.72780405511811
11
5.237001141732283
21
-4.7256704724409451
0
LINE
8
BLACK
6
CONTINUOUS
10
5.237001141732283
20
-4.7256704724409451
11
5.2407677165354327
21
-4.7249212598425192
0
LINE
8
BLACK
6
CONTINUOUS
10
5.2407677165354327
20
-4.7249212598425192
11
5.2604527559055114
21
-4.7249212598425192
0
LINE
8
BLACK
6
CONTINUOUS
10
5.2604527559055114
20
-4.7249212598425192
11
5.2642193307086611
21
-4.7256704724409451
0
LINE
8
BLACK
6
CONTINUOUS
10
5.8528020078740157
20
-4.7256704724409451
11
5.8559951574803151
21
-4.72780405511811
0
LINE
8
BLACK
6
CONTINUOUS
10
5.8559951574803151
20
-4.72780405511811
11
5.85812874015748
21
-4.7309972047244093
0
LINE
8
BLACK
6
CONTINUOUS
10
5.85812874015748
20
-4.7309972047244093
11
5.8588779527559049
21
-4.734763779527559
0
LINE
8
BLACK
6
CONTINUOUS
10
5.8588779527559049
20
-4.734763779527559
11
5.8588779527559049
21
-4.8213779527559053
0
LINE
8
BLACK
6
CONTINUOUS
10
5.8588779527559049
20
-4.8213779527559053
11
5.85812874015748
21
-4.825144527559055
0
LINE
8
BLACK
6
CONTINUOUS
10
5.85812874015748
20
-4.825144527559055
11
5.8559951574803151
21
-4.8283376771653543
0
LINE
8
BLACK
6
CONTINUOUS
10
5.8559951574803151
20
-4.8283376771653543
11
5.8528020078740157
21
-4.8304712598425192
0
LINE
8
BLACK
6
CONTINUOUS
10
5.8528020078740157
20
-4.8304712598425192
11
5.849035433070866
21
-4.8312204724409451
0
LINE
8
BLACK
6
CONTINUOUS
10
5.849035433070866
20
-4.8312204724409451
11
5.8293503937007873
21
-4.8312204724409451
0
LINE
8
BLACK
6
CONTINUOUS
10
5.8293503937007873
20
-4.8312204724409451
11
5.8255838188976377
21
-4.8304712598425192
0
LINE
8
BLACK
6
CONTINUOUS
10
5.8255838188976377
20
-4.8304712598425192
11
5.8223906692913383
21
-4.8283376771653543
0
LINE
8
BLACK
6
CONTINUOUS
10
5.8223906692913383
20
-4.8283376771653543
11
5.8202570866141734
21
-4.825144527559055
0
LINE
8
BLACK
6
CONTINUOUS
10
5.8202570866141734
20
-4.825144527559055
11
5.8195078740157475
21
-4.8213779527559053
0
LINE
8
BLACK
6
CONTINUOUS
10
5.8195078740157475
20
-4.8213779527559053
11
5.8195078740157475
21
-4.734763779527559
0
LINE
8
BLACK
6
CONTINUOUS
10
5.8195078740157475
20
-4.734763779527559
11
5.8202570866141734
21
-4.7309972047244093
0
LINE
8
BLACK
6
CONTINUOUS
10
5.8202570866141734
20
-4.7309972047244093
11
5.8223906692913383
21
-4.72780405511811
0
LINE
8
BLACK
6
CONTINUOUS
10
5.8223906692913383
20
-4.72780405511811
11
5.8255838188976377
21
-4.7256704724409451
0
LINE
8
BLACK
6
CONTINUOUS
10
5.8255838188976377
20
-4.7256704724409451
11
5.8293503937007873
21
-4.7249212598425192
0
LINE
8
BLACK
6
CONTINUOUS
10
5.8293503937007873
20
-4.7249212598425192
11
5.849035433070866
21
-4.7249212598425192
0
LINE
8
BLACK
6
CONTINUOUS
10
5.849035433070866
20
-4.7249212598425192
11
5.8528020078740157
21
-4.7256704724409451
0
LINE
8
BLACK
6
CONTINUOUS
10
6.0053346456692909
20
-4.8241338582677162
11
5.9344685039370075
21
-4.8241338582677162
0
LINE
8
BLACK
6
CONTINUOUS
10
5.9344685039370075
20
-4.8241338582677162
11
5.9344685039370075
21
-4.7257086614173227
0
LINE
8
BLACK
6
CONTINUOUS
10
5.9344685039370075
20
-4.7257086614173227
11
6.0053346456692909
21
-4.7257086614173227
0
LINE
8
BLACK
6
CONTINUOUS
10
6.0053346456692909
20
-4.7257086614173227
11
6.0053346456692909
21
-4.8241338582677162
0
LINE
8
BLACK
6
CONTINUOUS
10
6.1775946062992126
20
-4.6209219685039367
11
6.1795104724409446
21
-4.6222021259842521
0
LINE
8
BLACK
6
CONTINUOUS
10
6.1795104724409446
20
-4.6222021259842521
11
6.18079062992126
21
-4.6241179921259841
0
LINE
8
BLACK
6
CONTINUOUS
10
6.18079062992126
20
-4.6241179921259841
11
6.1812401574803149
21
-4.626377952755905
0
LINE
8
BLACK
6
CONTINUOUS
10
6.1812401574803149
20
-4.626377952755905
11
6.1812401574803149
21
-4.6814960629921263
0
LINE
8
BLACK
6
CONTINUOUS
10
6.1812401574803149
20
-4.6814960629921263
11
6.18079062992126
21
-4.6837560236220472
0
LINE
8
BLACK
6
CONTINUOUS
10
6.18079062992126
20
-4.6837560236220472
11
6.1795104724409446
21
-4.6856718897637792
0
LINE
8
BLACK
6
CONTINUOUS
10
6.1795104724409446
20
-4.6856718897637792
11
6.1775946062992126
21
-4.6869520472440946
0
LINE
8
BLACK
6
CONTINUOUS
10
6.1775946062992126
20
-4.6869520472440946
11
6.1753346456692908
21
-4.6874015748031495
0
LINE
8
BLACK
6
CONTINUOUS
10
6.1753346456692908
20
-4.6874015748031495
11
6.1635236220472436
21
-4.6874015748031495
0
LINE
8
BLACK
6
CONTINUOUS
10
6.1635236220472436
20
-4.6874015748031495
11
6.1612636614173226
21
-4.6869520472440946
0
LINE
8
BLACK
6
CONTINUOUS
10
6.1612636614173226
20
-4.6869520472440946
11
6.1593477952755906
21
-4.6856718897637792
0
LINE
8
BLACK
6
CONTINUOUS
10
6.1593477952755906
20
-4.6856718897637792
11
6.1580676377952752
21
-4.6837560236220472
0
LINE
8
BLACK
6
CONTINUOUS
10
6.1580676377952752
20
-4.6837560236220472
11
6.1576181102362204
21
-4.6814960629921263
0
LINE
8
BLACK
6
CONTINUOUS
10
6.1576181102362204
20
-4.6814960629921263
11
6.1576181102362204
21
-4.626377952755905
0
LINE
8
BLACK
6
CONTINUOUS
10
6.1576181102362204
20
-4.626377952755905
11
6.1580676377952752
21
-4.6241179921259841
0
LINE
8
BLACK
6
CONTINUOUS
10
6.1580676377952752
20
-4.6241179921259841
11
6.1593477952755906
21
-4.6222021259842521
0
LINE
8
BLACK
6
CONTINUOUS
10
6.1593477952755906
20
-4.6222021259842521
11
6.1612636614173226
21
-4.6209219685039367
0
LINE
8
BLACK
6
CONTINUOUS
10
6.1612636614173226
20
-4.6209219685039367
11
6.1635236220472436
21
-4.6204724409448819
0
LINE
8
BLACK
6
CONTINUOUS
10
6.1635236220472436
20
-4.6204724409448819
11
6.1753346456692908
21
-4.6204724409448819
0
LINE
8
BLACK
6
CONTINUOUS
10
6.1753346456692908
20
-4.6204724409448819
11
6.1775946062992126
21
-4.6209219685039367
0
LINE
8
BLACK
6
CONTINUOUS
10
6.226807204724409
20
-4.6209219685039367
11
6.2287230708661419
21
-4.6222021259842521
0
LINE
8
BLACK
6
CONTINUOUS
10
6.2287230708661419
20
-4.6222021259842521
11
6.2300032283464564
21
-4.6241179921259841
0
LINE
8
BLACK
6
CONTINUOUS
10
6.2300032283464564
20
-4.6241179921259841
11
6.2304527559055121
21
-4.626377952755905
0
LINE
8
BLACK
6
CONTINUOUS
10
6.2304527559055121
20
-4.626377952755905
11
6.2304527559055121
21
-4.6814960629921263
0
LINE
8
BLACK
6
CONTINUOUS
10
6.2304527559055121
20
-4.6814960629921263
11
6.2300032283464564
21
-4.6837560236220472
0
LINE
8
BLACK
6
CONTINUOUS
10
6.2300032283464564
20
-4.6837560236220472
11
6.2287230708661419
21
-4.6856718897637792
0
LINE
8
BLACK
6
CONTINUOUS
10
6.2287230708661419
20
-4.6856718897637792
11
6.226807204724409
21
-4.6869520472440946
0
LINE
8
BLACK
6
CONTINUOUS
10
6.226807204724409
20
-4.6869520472440946
11
6.224547244094488
21
-4.6874015748031495
0
LINE
8
BLACK
6
CONTINUOUS
10
6.224547244094488
20
-4.6874015748031495
11
6.2127362204724408
21
-4.6874015748031495
0
LINE
8
BLACK
6
CONTINUOUS
10
6.2127362204724408
20
-4.6874015748031495
11
6.2104762598425198
21
-4.6869520472440946
0
LINE
8
BLACK
6
CONTINUOUS
10
6.2104762598425198
20
-4.6869520472440946
11
6.2085603937007869
21
-4.6856718897637792
0
LINE
8
BLACK
6
CONTINUOUS
10
6.2085603937007869
20
-4.6856718897637792
11
6.2072802362204724
21
-4.6837560236220472
0
LINE
8
BLACK
6
CONTINUOUS
10
6.2072802362204724
20
-4.6837560236220472
11
6.2068307086614176
21
-4.6814960629921263
0
LINE
8
BLACK
6
CONTINUOUS
10
6.2068307086614176
20
-4.6814960629921263
11
6.2068307086614176
21
-4.626377952755905
0
LINE
8
BLACK
6
CONTINUOUS
10
6.2068307086614176
20
-4.626377952755905
11
6.2072802362204724
21
-4.6241179921259841
0
LINE
8
BLACK
6
CONTINUOUS
10
6.2072802362204724
20
-4.6241179921259841
11
6.2085603937007869
21
-4.6222021259842521
0
LINE
8
BLACK
6
CONTINUOUS
10
6.2085603937007869
20
-4.6222021259842521
11
6.2104762598425198
21
-4.6209219685039367
0
LINE
8
BLACK
6
CONTINUOUS
10
6.2104762598425198
20
-4.6209219685039367
11
6.2127362204724408
21
-4.6204724409448819
0
LINE
8
BLACK
6
CONTINUOUS
10
6.2127362204724408
20
-4.6204724409448819
11
6.224547244094488
21
-4.6204724409448819
0
LINE
8
BLACK
6
CONTINUOUS
10
6.224547244094488
20
-4.6204724409448819
11
6.226807204724409
21
-4.6209219685039367
0
LINE
8
BLACK
6
CONTINUOUS
10
6.2760198031496062
20
-4.6209219685039367
11
6.2779356692913382
21
-4.6222021259842521
0
LINE
8
BLACK
6
CONTINUOUS
10
6.2779356692913382
20
-4.6222021259842521
11
6.2792158267716536
21
-4.6241179921259841
0
LINE
8
BLACK
6
CONTINUOUS
10
6.2792158267716536
20
-4.6241179921259841
11
6.2796653543307084
21
-4.626377952755905
0
LINE
8
BLACK
6
CONTINUOUS
10
6.2796653543307084
20
-4.626377952755905
11
6.2796653543307084
21
-4.6814960629921263
0
LINE
8
BLACK
6
CONTINUOUS
10
6.2796653543307084
20
-4.6814960629921263
11
6.2792158267716536
21
-4.6837560236220472
0
LINE
8
BLACK
6
CONTINUOUS
10
6.2792158267716536
20
-4.6837560236220472
11
6.2779356692913382
21
-4.6856718897637792
0
LINE
8
BLACK
6
CONTINUOUS
10
6.2779356692913382
20
-4.6856718897637792
11
6.2760198031496062
21
-4.6869520472440946
0
LINE
8
BLACK
6
CONTINUOUS
10
6.2760198031496062
20
-4.6869520472440946
11
6.2737598425196852
21
-4.6874015748031495
0
LINE
8
BLACK
6
CONTINUOUS
10
6.2737598425196852
20
-4.6874015748031495
11
6.261948818897638
21
-4.6874015748031495
0
LINE
8
BLACK
6
CONTINUOUS
10
6.261948818897638
20
-4.6874015748031495
11
6.2596888582677161
21
-4.6869520472440946
0
LINE
8
BLACK
6
CONTINUOUS
10
6.2596888582677161
20
-4.6869520472440946
11
6.2577729921259841
21
-4.6856718897637792
0
LINE
8
BLACK
6
CONTINUOUS
10
6.2577729921259841
20
-4.6856718897637792
11
6.2564928346456687
21
-4.6837560236220472
0
LINE
8
BLACK
6
CONTINUOUS
10
6.2564928346456687
20
-4.6837560236220472
11
6.2560433070866139
21
-4.6814960629921263
0
LINE
8
BLACK
6
CONTINUOUS
10
6.2560433070866139
20
-4.6814960629921263
11
6.2560433070866139
21
-4.626377952755905
0
LINE
8
BLACK
6
CONTINUOUS
10
6.2560433070866139
20
-4.626377952755905
11
6.2564928346456687
21
-4.6241179921259841
0
LINE
8
BLACK
6
CONTINUOUS
10
6.2564928346456687
20
-4.6241179921259841
11
6.2577729921259841
21
-4.6222021259842521
0
LINE
8
BLACK
6
CONTINUOUS
10
6.2577729921259841
20
-4.6222021259842521
11
6.2596888582677161
21
-4.6209219685039367
0
LINE
8
BLACK
6
CONTINUOUS
10
6.2596888582677161
20
-4.6209219685039367
11
6.261948818897638
21
-4.6204724409448819
0
LINE
8
BLACK
6
CONTINUOUS
10
6.261948818897638
20
-4.6204724409448819
11
6.2737598425196852
21
-4.6204724409448819
0
LINE
8
BLACK
6
CONTINUOUS
10
6.2737598425196852
20
-4.6204724409448819
11
6.2760198031496062
21
-4.6209219685039367
0
LINE
8
BLACK
6
CONTINUOUS
10
6.3252324015748034
20
-4.6209219685039367
11
6.3271482677165354
21
-4.6222021259842521
0
LINE
8
BLACK
6
CONTINUOUS
10
6.3271482677165354
20
-4.6222021259842521
11
6.3284284251968499
21
-4.6241179921259841
0
LINE
8
BLACK
6
CONTINUOUS
10
6.3284284251968499
20
-4.6241179921259841
11
6.3288779527559056
21
-4.626377952755905
0
LINE
8
BLACK
6
CONTINUOUS
10
6.3288779527559056
20
-4.626377952755905
11
6.3288779527559056
21
-4.6814960629921263
0
LINE
8
BLACK
6
CONTINUOUS
10
6.3288779527559056
20
-4.6814960629921263
11
6.3284284251968499
21
-4.6837560236220472
0
LINE
8
BLACK
6
CONTINUOUS
10
6.3284284251968499
20
-4.6837560236220472
11
6.3271482677165354
21
-4.6856718897637792
0
LINE
8
BLACK
6
CONTINUOUS
10
6.3271482677165354
20
-4.6856718897637792
11
6.3252324015748034
21
-4.6869520472440946
0
LINE
8
BLACK
6
CONTINUOUS
10
6.3252324015748034
20
-4.6869520472440946
11
6.3229724409448815
21
-4.6874015748031495
0
LINE
8
BLACK
6
CONTINUOUS
10
6.3229724409448815
20
-4.6874015748031495
11
6.3111614173228343
21
-4.6874015748031495
0
LINE
8
BLACK
6
CONTINUOUS
10
6.3111614173228343
20
-4.6874015748031495
11
6.3089014566929134
21
-4.6869520472440946
0
LINE
8
BLACK
6
CONTINUOUS
10
6.3089014566929134
20
-4.6869520472440946
11
6.3069855905511814
21
-4.6856718897637792
0
LINE
8
BLACK
6
CONTINUOUS
10
6.3069855905511814
20
-4.6856718897637792
11
6.305705433070866
21
-4.6837560236220472
0
LINE
8
BLACK
6
CONTINUOUS
10
6.305705433070866
20
-4.6837560236220472
11
6.3052559055118111
21
-4.6814960629921263
0
LINE
8
BLACK
6
CONTINUOUS
10
6.3052559055118111
20
-4.6814960629921263
11
6.3052559055118111
21
-4.626377952755905
0
LINE
8
BLACK
6
CONTINUOUS
10
6.3052559055118111
20
-4.626377952755905
11
6.305705433070866
21
-4.6241179921259841
0
LINE
8
BLACK
6
CONTINUOUS
10
6.305705433070866
20
-4.6241179921259841
11
6.3069855905511814
21
-4.6222021259842521
0
LINE
8
BLACK
6
CONTINUOUS
10
6.3069855905511814
20
-4.6222021259842521
11
6.3089014566929134
21
-4.6209219685039367
0
LINE
8
BLACK
6
CONTINUOUS
10
6.3089014566929134
20
-4.6209219685039367
11
6.3111614173228343
21
-4.6204724409448819
0
LINE
8
BLACK
6
CONTINUOUS
10
6.3111614173228343
20
-4.6204724409448819
11
6.3229724409448815
21
-4.6204724409448819
0
LINE
8
BLACK
6
CONTINUOUS
10
6.3229724409448815
20
-4.6204724409448819
11
6.3252324015748034
21
-4.6209219685039367
0
LINE
8
BLACK
6
CONTINUOUS
10
5.3316103543307083
20
-4.6190715748031499
11
5.3335262204724412
21
-4.6203517322834644
0
LINE
8
BLACK
6
CONTINUOUS
10
5.3335262204724412
20
-4.6203517322834644
11
5.3348063779527557
21
-4.6222675984251964
0
LINE
8
BLACK
6
CONTINUOUS
10
5.3348063779527557
20
-4.6222675984251964
11
5.3352559055118105
21
-4.6245275590551183
0
LINE
8
BLACK
6
CONTINUOUS
10
5.3352559055118105
20
-4.6245275590551183
11
5.3352559055118105
21
-4.6796456692913386
0
LINE
8
BLACK
6
CONTINUOUS
10
5.3352559055118105
20
-4.6796456692913386
11
5.3348063779527557
21
-4.6819056299212596
0
LINE
8
BLACK
6
CONTINUOUS
10
5.3348063779527557
20
-4.6819056299212596
11
5.3335262204724412
21
-4.6838214960629916
0
LINE
8
BLACK
6
CONTINUOUS
10
5.3335262204724412
20
-4.6838214960629916
11
5.3316103543307083
21
-4.685101653543307
0
LINE
8
BLACK
6
CONTINUOUS
10
5.3316103543307083
20
-4.685101653543307
11
5.3293503937007873
21
-4.6855511811023618
0
LINE
8
BLACK
6
CONTINUOUS
10
5.3293503937007873
20
-4.6855511811023618
11
5.3175393700787401
21
-4.6855511811023618
0
LINE
8
BLACK
6
CONTINUOUS
10
5.3175393700787401
20
-4.6855511811023618
11
5.3152794094488192
21
-4.685101653543307
0
LINE
8
BLACK
6
CONTINUOUS
10
5.3152794094488192
20
-4.685101653543307
11
5.3133635433070863
21
-4.6838214960629916
0
LINE
8
BLACK
6
CONTINUOUS
10
5.3133635433070863
20
-4.6838214960629916
11
5.3120833858267718
21
-4.6819056299212596
0
LINE
8
BLACK
6
CONTINUOUS
10
5.3120833858267718
20
-4.6819056299212596
11
5.3116338582677161
21
-4.6796456692913386
0
LINE
8
BLACK
6
CONTINUOUS
10
5.3116338582677161
20
-4.6796456692913386
11
5.3116338582677161
21
-4.6245275590551183
0
LINE
8
BLACK
6
CONTINUOUS
10
5.3116338582677161
20
-4.6245275590551183
11
5.3120833858267718
21
-4.6222675984251964
0
LINE
8
BLACK
6
CONTINUOUS
10
5.3120833858267718
20
-4.6222675984251964
11
5.3133635433070863
21
-4.6203517322834644
0
LINE
8
BLACK
6
CONTINUOUS
10
5.3133635433070863
20
-4.6203517322834644
11
5.3152794094488192
21
-4.6190715748031499
0
LINE
8
BLACK
6
CONTINUOUS
10
5.3152794094488192
20
-4.6190715748031499
11
5.3175393700787401
21
-4.6186220472440942
0
LINE
8
BLACK
6
CONTINUOUS
10
5.3175393700787401
20
-4.6186220472440942
11
5.3293503937007873
21
-4.6186220472440942
0
LINE
8
BLACK
6
CONTINUOUS
10
5.3293503937007873
20
-4.6186220472440942
11
5.3316103543307083
21
-4.6190715748031499
0
LINE
8
BLACK
6
CONTINUOUS
10
5.3808229527559055
20
-4.6190715748031499
11
5.3827388188976375
21
-4.6203517322834644
0
LINE
8
BLACK
6
CONTINUOUS
10
5.3827388188976375
20
-4.6203517322834644
11
5.3840189763779529
21
-4.6222675984251964
0
LINE
8
BLACK
6
CONTINUOUS
10
5.3840189763779529
20
-4.6222675984251964
11
5.3844685039370077
21
-4.6245275590551183
0
LINE
8
BLACK
6
CONTINUOUS
10
5.3844685039370077
20
-4.6245275590551183
11
5.3844685039370077
21
-4.6796456692913386
0
LINE
8
BLACK
6
CONTINUOUS
10
5.3844685039370077
20
-4.6796456692913386
11
5.3840189763779529
21
-4.6819056299212596
0
LINE
8
BLACK
6
CONTINUOUS
10
5.3840189763779529
20
-4.6819056299212596
11
5.3827388188976375
21
-4.6838214960629916
0
LINE
8
BLACK
6
CONTINUOUS
10
5.3827388188976375
20
-4.6838214960629916
11
5.3808229527559055
21
-4.685101653543307
0
LINE
8
BLACK
6
CONTINUOUS
10
5.3808229527559055
20
-4.685101653543307
11
5.3785629921259845
21
-4.6855511811023618
0
LINE
8
BLACK
6
CONTINUOUS
10
5.3785629921259845
20
-4.6855511811023618
11
5.3667519685039373
21
-4.6855511811023618
0
LINE
8
BLACK
6
CONTINUOUS
10
5.3667519685039373
20
-4.6855511811023618
11
5.3644920078740155
21
-4.685101653543307
0
LINE
8
BLACK
6
CONTINUOUS
10
5.3644920078740155
20
-4.685101653543307
11
5.3625761417322835
21
-4.6838214960629916
0
LINE
8
BLACK
6
CONTINUOUS
10
5.3625761417322835
20
-4.6838214960629916
11
5.3612959842519681
21
-4.6819056299212596
0
LINE
8
BLACK
6
CONTINUOUS
10
5.3612959842519681
20
-4.6819056299212596
11
5.3608464566929133
21
-4.6796456692913386
0
LINE
8
BLACK
6
CONTINUOUS
10
5.3608464566929133
20
-4.6796456692913386
11
5.3608464566929133
21
-4.6245275590551183
0
LINE
8
BLACK
6
CONTINUOUS
10
5.3608464566929133
20
-4.6245275590551183
11
5.3612959842519681
21
-4.6222675984251964
0
LINE
8
BLACK
6
CONTINUOUS
10
5.3612959842519681
20
-4.6222675984251964
11
5.3625761417322835
21
-4.6203517322834644
0
LINE
8
BLACK
6
CONTINUOUS
10
5.3625761417322835
20
-4.6203517322834644
11
5.3644920078740155
21
-4.6190715748031499
0
LINE
8
BLACK
6
CONTINUOUS
10
5.3644920078740155
20
-4.6190715748031499
11
5.3667519685039373
21
-4.6186220472440942
0
LINE
8
BLACK
6
CONTINUOUS
10
5.3667519685039373
20
-4.6186220472440942
11
5.3785629921259845
21
-4.6186220472440942
0
LINE
8
BLACK
6
CONTINUOUS
10
5.3785629921259845
20
-4.6186220472440942
11
5.3808229527559055
21
-4.6190715748031499
0
LINE
8
BLACK
6
CONTINUOUS
10
5.4300355511811018
20
-4.6190715748031499
11
5.4319514173228347
21
-4.6203517322834644
0
LINE
8
BLACK
6
CONTINUOUS
10
5.4319514173228347
20
-4.6203517322834644
11
5.4332315748031492
21
-4.6222675984251964
0
LINE
8
BLACK
6
CONTINUOUS
10
5.4332315748031492
20
-4.6222675984251964
11
5.4336811023622049
21
-4.6245275590551183
0
LINE
8
BLACK
6
CONTINUOUS
10
5.4336811023622049
20
-4.6245275590551183
11
5.4336811023622049
21
-4.6796456692913386
0
LINE
8
BLACK
6
CONTINUOUS
10
5.4336811023622049
20
-4.6796456692913386
11
5.4332315748031492
21
-4.6819056299212596
0
LINE
8
BLACK
6
CONTINUOUS
10
5.4332315748031492
20
-4.6819056299212596
11
5.4319514173228347
21
-4.6838214960629916
0
LINE
8
BLACK
6
CONTINUOUS
10
5.4319514173228347
20
-4.6838214960629916
11
5.4300355511811018
21
-4.685101653543307
0
LINE
8
BLACK
6
CONTINUOUS
10
5.4300355511811018
20
-4.685101653543307
11
5.4277755905511809
21
-4.6855511811023618
0
LINE
8
BLACK
6
CONTINUOUS
10
5.4277755905511809
20
-4.6855511811023618
11
5.4159645669291336
21
-4.6855511811023618
0
LINE
8
BLACK
6
CONTINUOUS
10
5.4159645669291336
20
-4.6855511811023618
11
5.4137046062992127
21
-4.685101653543307
0
LINE
8
BLACK
6
CONTINUOUS
10
5.4137046062992127
20
-4.685101653543307
11
5.4117887401574798
21
-4.6838214960629916
0
LINE
8
BLACK
6
CONTINUOUS
10
5.4117887401574798
20
-4.6838214960629916
11
5.4105085826771653
21
-4.6819056299212596
0
LINE
8
BLACK
6
CONTINUOUS
10
5.4105085826771653
20
-4.6819056299212596
11
5.4100590551181105
21
-4.6796456692913386
0
LINE
8
BLACK
6
CONTINUOUS
10
5.4100590551181105
20
-4.6796456692913386
11
5.4100590551181105
21
-4.6245275590551183
0
LINE
8
BLACK
6
CONTINUOUS
10
5.4100590551181105
20
-4.6245275590551183
11
5.4105085826771653
21
-4.6222675984251964
0
LINE
8
BLACK
6
CONTINUOUS
10
5.4105085826771653
20
-4.6222675984251964
11
5.4117887401574798
21
-4.6203517322834644
0
LINE
8
BLACK
6
CONTINUOUS
10
5.4117887401574798
20
-4.6203517322834644
11
5.4137046062992127
21
-4.6190715748031499
0
LINE
8
BLACK
6
CONTINUOUS
10
5.4137046062992127
20
-4.6190715748031499
11
5.4159645669291336
21
-4.6186220472440942
0
LINE
8
BLACK
6
CONTINUOUS
10
5.4159645669291336
20
-4.6186220472440942
11
5.4277755905511809
21
-4.6186220472440942
0
LINE
8
BLACK
6
CONTINUOUS
10
5.4277755905511809
20
-4.6186220472440942
11
5.4300355511811018
21
-4.6190715748031499
0
LINE
8
BLACK
6
CONTINUOUS
10
5.479248149606299
20
-4.6190715748031499
11
5.481164015748031
21
-4.6203517322834644
0
LINE
8
BLACK
6
CONTINUOUS
10
5.481164015748031
20
-4.6203517322834644
11
5.4824441732283464
21
-4.6222675984251964
0
LINE
8
BLACK
6
CONTINUOUS
10
5.4824441732283464
20
-4.6222675984251964
11
5.4828937007874012
21
-4.6245275590551183
0
LINE
8
BLACK
6
CONTINUOUS
10
5.4828937007874012
20
-4.6245275590551183
11
5.4828937007874012
21
-4.6796456692913386
0
LINE
8
BLACK
6
CONTINUOUS
10
5.4828937007874012
20
-4.6796456692913386
11
5.4824441732283464
21
-4.6819056299212596
0
LINE
8
BLACK
6
CONTINUOUS
10
5.4824441732283464
20
-4.6819056299212596
11
5.481164015748031
21
-4.6838214960629916
0
LINE
8
BLACK
6
CONTINUOUS
10
5.481164015748031
20
-4.6838214960629916
11
5.479248149606299
21
-4.685101653543307
0
LINE
8
BLACK
6
CONTINUOUS
10
5.479248149606299
20
-4.685101653543307
11
5.4769881889763781
21
-4.6855511811023618
0
LINE
8
BLACK
6
CONTINUOUS
10
5.4769881889763781
20
-4.6855511811023618
11
5.4651771653543308
21
-4.6855511811023618
0
LINE
8
BLACK
6
CONTINUOUS
10
5.4651771653543308
20
-4.6855511811023618
11
5.462917204724409
21
-4.685101653543307
0
LINE
8
BLACK
6
CONTINUOUS
10
5.462917204724409
20
-4.685101653543307
11
5.461001338582677
21
-4.6838214960629916
0
LINE
8
BLACK
6
CONTINUOUS
10
5.461001338582677
20
-4.6838214960629916
11
5.4597211811023625
21
-4.6819056299212596
0
LINE
8
BLACK
6
CONTINUOUS
10
5.4597211811023625
20
-4.6819056299212596
11
5.4592716535433068
21
-4.6796456692913386
0
LINE
8
BLACK
6
CONTINUOUS
10
5.4592716535433068
20
-4.6796456692913386
11
5.4592716535433068
21
-4.6245275590551183
0
LINE
8
BLACK
6
CONTINUOUS
10
5.4592716535433068
20
-4.6245275590551183
11
5.4597211811023625
21
-4.6222675984251964
0
LINE
8
BLACK
6
CONTINUOUS
10
5.4597211811023625
20
-4.6222675984251964
11
5.461001338582677
21
-4.6203517322834644
0
LINE
8
BLACK
6
CONTINUOUS
10
5.461001338582677
20
-4.6203517322834644
11
5.462917204724409
21
-4.6190715748031499
0
LINE
8
BLACK
6
CONTINUOUS
10
5.462917204724409
20
-4.6190715748031499
11
5.4651771653543308
21
-4.6186220472440942
0
LINE
8
BLACK
6
CONTINUOUS
10
5.4651771653543308
20
-4.6186220472440942
11
5.4769881889763781
21
-4.6186220472440942
0
LINE
8
BLACK
6
CONTINUOUS
10
5.4769881889763781
20
-4.6186220472440942
11
5.479248149606299
21
-4.6190715748031499
0
LINE
8
BLACK
6
CONTINUOUS
10
5.5284607480314962
20
-4.6190715748031499
11
5.5303766141732282
21
-4.6203517322834644
0
LINE
8
BLACK
6
CONTINUOUS
10
5.5303766141732282
20
-4.6203517322834644
11
5.5316567716535427
21
-4.6222675984251964
0
LINE
8
BLACK
6
CONTINUOUS
10
5.5316567716535427
20
-4.6222675984251964
11
5.5321062992125984
21
-4.6245275590551183
0
LINE
8
BLACK
6
CONTINUOUS
10
5.5321062992125984
20
-4.6245275590551183
11
5.5321062992125984
21
-4.6796456692913386
0
LINE
8
BLACK
6
CONTINUOUS
10
5.5321062992125984
20
-4.6796456692913386
11
5.5316567716535427
21
-4.6819056299212596
0
LINE
8
BLACK
6
CONTINUOUS
10
5.5316567716535427
20
-4.6819056299212596
11
5.5303766141732282
21
-4.6838214960629916
0
LINE
8
BLACK
6
CONTINUOUS
10
5.5303766141732282
20
-4.6838214960629916
11
5.5284607480314962
21
-4.685101653543307
0
LINE
8
BLACK
6
CONTINUOUS
10
5.5284607480314962
20
-4.685101653543307
11
5.5262007874015744
21
-4.6855511811023618
0
LINE
8
BLACK
6
CONTINUOUS
10
5.5262007874015744
20
-4.6855511811023618
11
5.5143897637795272
21
-4.6855511811023618
0
LINE
8
BLACK
6
CONTINUOUS
10
5.5143897637795272
20
-4.6855511811023618
11
5.5121298031496062
21
-4.685101653543307
0
LINE
8
BLACK
6
CONTINUOUS
10
5.5121298031496062
20
-4.685101653543307
11
5.5102139370078742
21
-4.6838214960629916
0
LINE
8
BLACK
6
CONTINUOUS
10
5.5102139370078742
20
-4.6838214960629916
11
5.5089337795275588
21
-4.6819056299212596
0
LINE
8
BLACK
6
CONTINUOUS
10
5.5089337795275588
20
-4.6819056299212596
11
5.508484251968504
21
-4.6796456692913386
0
LINE
8
BLACK
6
CONTINUOUS
10
5.508484251968504
20
-4.6796456692913386
11
5.508484251968504
21
-4.6245275590551183
0
LINE
8
BLACK
6
CONTINUOUS
10
5.508484251968504
20
-4.6245275590551183
11
5.5089337795275588
21
-4.6222675984251964
0
LINE
8
BLACK
6
CONTINUOUS
10
5.5089337795275588
20
-4.6222675984251964
11
5.5102139370078742
21
-4.6203517322834644
0
LINE
8
BLACK
6
CONTINUOUS
10
5.5102139370078742
20
-4.6203517322834644
11
5.5121298031496062
21
-4.6190715748031499
0
LINE
8
BLACK
6
CONTINUOUS
10
5.5121298031496062
20
-4.6190715748031499
11
5.5143897637795272
21
-4.6186220472440942
0
LINE
8
BLACK
6
CONTINUOUS
10
5.5143897637795272
20
-4.6186220472440942
11
5.5262007874015744
21
-4.6186220472440942
0
LINE
8
BLACK
6
CONTINUOUS
10
5.5262007874015744
20
-4.6186220472440942
11
5.5284607480314962
21
-4.6190715748031499
0
LINE
8
BLACK
6
CONTINUOUS
10
5.5776733464566925
20
-4.6190715748031499
11
5.5795892125984254
21
-4.6203517322834644
0
LINE
8
BLACK
6
CONTINUOUS
10
5.5795892125984254
20
-4.6203517322834644
11
5.58086937007874
21
-4.6222675984251964
0
LINE
8
BLACK
6
CONTINUOUS
10
5.58086937007874
20
-4.6222675984251964
11
5.5813188976377948
21
-4.6245275590551183
0
LINE
8
BLACK
6
CONTINUOUS
10
5.5813188976377948
20
-4.6245275590551183
11
5.5813188976377948
21
-4.6796456692913386
0
LINE
8
BLACK
6
CONTINUOUS
10
5.5813188976377948
20
-4.6796456692913386
11
5.58086937007874
21
-4.6819056299212596
0
LINE
8
BLACK
6
CONTINUOUS
10
5.58086937007874
20
-4.6819056299212596
11
5.5795892125984254
21
-4.6838214960629916
0
LINE
8
BLACK
6
CONTINUOUS
10
5.5795892125984254
20
-4.6838214960629916
11
5.5776733464566925
21
-4.685101653543307
0
LINE
8
BLACK
6
CONTINUOUS
10
5.5776733464566925
20
-4.685101653543307
11
5.5754133858267716
21
-4.6855511811023618
0
LINE
8
BLACK
6
CONTINUOUS
10
5.5754133858267716
20
-4.6855511811023618
11
5.5636023622047244
21
-4.6855511811023618
0
LINE
8
BLACK
6
CONTINUOUS
10
5.5636023622047244
20
-4.6855511811023618
11
5.5613424015748034
21
-4.685101653543307
0
LINE
8
BLACK
6
CONTINUOUS
10
5.5613424015748034
20
-4.685101653543307
11
5.5594265354330705
21
-4.6838214960629916
0
LINE
8
BLACK
6
CONTINUOUS
10
5.5594265354330705
20
-4.6838214960629916
11
5.558146377952756
21
-4.6819056299212596
0
LINE
8
BLACK
6
CONTINUOUS
10
5.558146377952756
20
-4.6819056299212596
11
5.5576968503937003
21
-4.6796456692913386
0
LINE
8
BLACK
6
CONTINUOUS
10
5.5576968503937003
20
-4.6796456692913386
11
5.5576968503937003
21
-4.6245275590551183
0
LINE
8
BLACK
6
CONTINUOUS
10
5.5576968503937003
20
-4.6245275590551183
11
5.558146377952756
21
-4.6222675984251964
0
LINE
8
BLACK
6
CONTINUOUS
10
5.558146377952756
20
-4.6222675984251964
11
5.5594265354330705
21
-4.6203517322834644
0
LINE
8
BLACK
6
CONTINUOUS
10
5.5594265354330705
20
-4.6203517322834644
11
5.5613424015748034
21
-4.6190715748031499
0
LINE
8
BLACK
6
CONTINUOUS
10
5.5613424015748034
20
-4.6190715748031499
11
5.5636023622047244
21
-4.6186220472440942
0
LINE
8
BLACK
6
CONTINUOUS
10
5.5636023622047244
20
-4.6186220472440942
11
5.5754133858267716
21
-4.6186220472440942
0
LINE
8
BLACK
6
CONTINUOUS
10
5.5754133858267716
20
-4.6186220472440942
11
5.5776733464566925
21
-4.6190715748031499
0
LINE
8
BLACK
6
CONTINUOUS
10
5.6268859448818898
20
-4.6190715748031499
11
5.6288018110236218
21
-4.6203517322834644
0
LINE
8
BLACK
6
CONTINUOUS
10
5.6288018110236218
20
-4.6203517322834644
11
5.6300819685039372
21
-4.6222675984251964
0
LINE
8
BLACK
6
CONTINUOUS
10
5.6300819685039372
20
-4.6222675984251964
11
5.630531496062992
21
-4.6245275590551183
0
LINE
8
BLACK
6
CONTINUOUS
10
5.630531496062992
20
-4.6245275590551183
11
5.630531496062992
21
-4.6796456692913386
0
LINE
8
BLACK
6
CONTINUOUS
10
5.630531496062992
20
-4.6796456692913386
11
5.6300819685039372
21
-4.6819056299212596
0
LINE
8
BLACK
6
CONTINUOUS
10
5.6300819685039372
20
-4.6819056299212596
11
5.6288018110236218
21
-4.6838214960629916
0
LINE
8
BLACK
6
CONTINUOUS
10
5.6288018110236218
20
-4.6838214960629916
11
5.6268859448818898
21
-4.685101653543307
0
LINE
8
BLACK
6
CONTINUOUS
10
5.6268859448818898
20
-4.685101653543307
11
5.6246259842519688
21
-4.6855511811023618
0
LINE
8
BLACK
6
CONTINUOUS
10
5.6246259842519688
20
-4.6855511811023618
11
5.6128149606299207
21
-4.6855511811023618
0
LINE
8
BLACK
6
CONTINUOUS
10
5.6128149606299207
20
-4.6855511811023618
11
5.6105549999999997
21
-4.685101653543307
0
LINE
8
BLACK
6
CONTINUOUS
10
5.6105549999999997
20
-4.685101653543307
11
5.6086391338582677
21
-4.6838214960629916
0
LINE
8
BLACK
6
CONTINUOUS
10
5.6086391338582677
20
-4.6838214960629916
11
5.6073589763779523
21
-4.6819056299212596
0
LINE
8
BLACK
6
CONTINUOUS
10
5.6073589763779523
20
-4.6819056299212596
11
5.6069094488188975
21
-4.6796456692913386
0
LINE
8
BLACK
6
CONTINUOUS
10
5.6069094488188975
20
-4.6796456692913386
11
5.6069094488188975
21
-4.6245275590551183
0
LINE
8
BLACK
6
CONTINUOUS
10
5.6069094488188975
20
-4.6245275590551183
11
5.6073589763779523
21
-4.6222675984251964
0
LINE
8
BLACK
6
CONTINUOUS
10
5.6073589763779523
20
-4.6222675984251964
11
5.6086391338582677
21
-4.6203517322834644
0
LINE
8
BLACK
6
CONTINUOUS
10
5.6086391338582677
20
-4.6203517322834644
11
5.6105549999999997
21
-4.6190715748031499
0
LINE
8
BLACK
6
CONTINUOUS
10
5.6105549999999997
20
-4.6190715748031499
11
5.6128149606299207
21
-4.6186220472440942
0
LINE
8
BLACK
6
CONTINUOUS
10
5.6128149606299207
20
-4.6186220472440942
11
5.6246259842519688
21
-4.6186220472440942
0
LINE
8
BLACK
6
CONTINUOUS
10
5.6246259842519688
20
-4.6186220472440942
11
5.6268859448818898
21
-4.6190715748031499
0
LINE
8
BLACK
6
CONTINUOUS
10
5.6760985433070861
20
-4.6190715748031499
11
5.678014409448819
21
-4.6203517322834644
0
LINE
8
BLACK
6
CONTINUOUS
10
5.678014409448819
20
-4.6203517322834644
11
5.6792945669291335
21
-4.6222675984251964
0
LINE
8
BLACK
6
CONTINUOUS
10
5.6792945669291335
20
-4.6222675984251964
11
5.6797440944881892
21
-4.6245275590551183
0
LINE
8
BLACK
6
CONTINUOUS
10
5.6797440944881892
20
-4.6245275590551183
11
5.6797440944881892
21
-4.6796456692913386
0
LINE
8
BLACK
6
CONTINUOUS
10
5.6797440944881892
20
-4.6796456692913386
11
5.6792945669291335
21
-4.6819056299212596
0
LINE
8
BLACK
6
CONTINUOUS
10
5.6792945669291335
20
-4.6819056299212596
11
5.678014409448819
21
-4.6838214960629916
0
LINE
8
BLACK
6
CONTINUOUS
10
5.678014409448819
20
-4.6838214960629916
11
5.6760985433070861
21
-4.685101653543307
0
LINE
8
BLACK
6
CONTINUOUS
10
5.6760985433070861
20
-4.685101653543307
11
5.6738385826771651
21
-4.6855511811023618
0
LINE
8
BLACK
6
CONTINUOUS
10
5.6738385826771651
20
-4.6855511811023618
11
5.6620275590551179
21
-4.6855511811023618
0
LINE
8
BLACK
6
CONTINUOUS
10
5.6620275590551179
20
-4.6855511811023618
11
5.6597675984251969
21
-4.685101653543307
0
LINE
8
BLACK
6
CONTINUOUS
10
5.6597675984251969
20
-4.685101653543307
11
5.6578517322834641
21
-4.6838214960629916
0
LINE
8
BLACK
6
CONTINUOUS
10
5.6578517322834641
20
-4.6838214960629916
11
5.6565715748031495
21
-4.6819056299212596
0
LINE
8
BLACK
6
CONTINUOUS
10
5.6565715748031495
20
-4.6819056299212596
11
5.6561220472440947
21
-4.6796456692913386
0
LINE
8
BLACK
6
CONTINUOUS
10
5.6561220472440947
20
-4.6796456692913386
11
5.6561220472440947
21
-4.6245275590551183
0
LINE
8
BLACK
6
CONTINUOUS
10
5.6561220472440947
20
-4.6245275590551183
11
5.6565715748031495
21
-4.6222675984251964
0
LINE
8
BLACK
6
CONTINUOUS
10
5.6565715748031495
20
-4.6222675984251964
11
5.6578517322834641
21
-4.6203517322834644
0
LINE
8
BLACK
6
CONTINUOUS
10
5.6578517322834641
20
-4.6203517322834644
11
5.6597675984251969
21
-4.6190715748031499
0
LINE
8
BLACK
6
CONTINUOUS
10
5.6597675984251969
20
-4.6190715748031499
11
5.6620275590551179
21
-4.6186220472440942
0
LINE
8
BLACK
6
CONTINUOUS
10
5.6620275590551179
20
-4.6186220472440942
11
5.6738385826771651
21
-4.6186220472440942
0
LINE
8
BLACK
6
CONTINUOUS
10
5.6738385826771651
20
-4.6186220472440942
11
5.6760985433070861
21
-4.6190715748031499
0
LINE
8
BLACK
6
CONTINUOUS
10
5.7253111417322833
20
-4.6190715748031499
11
5.7272270078740153
21
-4.6203517322834644
0
LINE
8
BLACK
6
CONTINUOUS
10
5.7272270078740153
20
-4.6203517322834644
11
5.7285071653543307
21
-4.6222675984251964
0
LINE
8
BLACK
6
CONTINUOUS
10
5.7285071653543307
20
-4.6222675984251964
11
5.7289566929133855
21
-4.6245275590551183
0
LINE
8
BLACK
6
CONTINUOUS
10
5.7289566929133855
20
-4.6245275590551183
11
5.7289566929133855
21
-4.6796456692913386
0
LINE
8
BLACK
6
CONTINUOUS
10
5.7289566929133855
20
-4.6796456692913386
11
5.7285071653543307
21
-4.6819056299212596
0
LINE
8
BLACK
6
CONTINUOUS
10
5.7285071653543307
20
-4.6819056299212596
11
5.7272270078740153
21
-4.6838214960629916
0
LINE
8
BLACK
6
CONTINUOUS
10
5.7272270078740153
20
-4.6838214960629916
11
5.7253111417322833
21
-4.685101653543307
0
LINE
8
BLACK
6
CONTINUOUS
10
5.7253111417322833
20
-4.685101653543307
11
5.7230511811023623
21
-4.6855511811023618
0
LINE
8
BLACK
6
CONTINUOUS
10
5.7230511811023623
20
-4.6855511811023618
11
5.7112401574803151
21
-4.6855511811023618
0
LINE
8
BLACK
6
CONTINUOUS
10
5.7112401574803151
20
-4.6855511811023618
11
5.7089801968503933
21
-4.685101653543307
0
LINE
8
BLACK
6
CONTINUOUS
10
5.7089801968503933
20
-4.685101653543307
11
5.7070643307086613
21
-4.6838214960629916
0
LINE
8
BLACK
6
CONTINUOUS
10
5.7070643307086613
20
-4.6838214960629916
11
5.7057841732283467
21
-4.6819056299212596
0
LINE
8
BLACK
6
CONTINUOUS
10
5.7057841732283467
20
-4.6819056299212596
11
5.705334645669291
21
-4.6796456692913386
0
LINE
8
BLACK
6
CONTINUOUS
10
5.705334645669291
20
-4.6796456692913386
11
5.705334645669291
21
-4.6245275590551183
0
LINE
8
BLACK
6
CONTINUOUS
10
5.705334645669291
20
-4.6245275590551183
11
5.7057841732283467
21
-4.6222675984251964
0
LINE
8
BLACK
6
CONTINUOUS
10
5.7057841732283467
20
-4.6222675984251964
11
5.7070643307086613
21
-4.6203517322834644
0
LINE
8
BLACK
6
CONTINUOUS
10
5.7070643307086613
20
-4.6203517322834644
11
5.7089801968503933
21
-4.6190715748031499
0
LINE
8
BLACK
6
CONTINUOUS
10
5.7089801968503933
20
-4.6190715748031499
11
5.7112401574803151
21
-4.6186220472440942
0
LINE
8
BLACK
6
CONTINUOUS
10
5.7112401574803151
20
-4.6186220472440942
11
5.7230511811023623
21
-4.6186220472440942
0
LINE
8
BLACK
6
CONTINUOUS
10
5.7230511811023623
20
-4.6186220472440942
11
5.7253111417322833
21
-4.6190715748031499
0
LINE
8
BLACK
6
CONTINUOUS
10
5.7745237401574805
20
-4.6190715748031499
11
5.7764396062992125
21
-4.6203517322834644
0
LINE
8
BLACK
6
CONTINUOUS
10
5.7764396062992125
20
-4.6203517322834644
11
5.777719763779527
21
-4.6222675984251964
0
LINE
8
BLACK
6
CONTINUOUS
10
5.777719763779527
20
-4.6222675984251964
11
5.7781692913385827
21
-4.6245275590551183
0
LINE
8
BLACK
6
CONTINUOUS
10
5.7781692913385827
20
-4.6245275590551183
11
5.7781692913385827
21
-4.6796456692913386
0
LINE
8
BLACK
6
CONTINUOUS
10
5.7781692913385827
20
-4.6796456692913386
11
5.777719763779527
21
-4.6819056299212596
0
LINE
8
BLACK
6
CONTINUOUS
10
5.777719763779527
20
-4.6819056299212596
11
5.7764396062992125
21
-4.6838214960629916
0
LINE
8
BLACK
6
CONTINUOUS
10
5.7764396062992125
20
-4.6838214960629916
11
5.7745237401574805
21
-4.685101653543307
0
LINE
8
BLACK
6
CONTINUOUS
10
5.7745237401574805
20
-4.685101653543307
11
5.7722637795275586
21
-4.6855511811023618
0
LINE
8
BLACK
6
CONTINUOUS
10
5.7722637795275586
20
-4.6855511811023618
11
5.7604527559055114
21
-4.6855511811023618
0
LINE
8
BLACK
6
CONTINUOUS
10
5.7604527559055114
20
-4.6855511811023618
11
5.7581927952755905
21
-4.685101653543307
0
LINE
8
BLACK
6
CONTINUOUS
10
5.7581927952755905
20
-4.685101653543307
11
5.7562769291338585
21
-4.6838214960629916
0
LINE
8
BLACK
6
CONTINUOUS
10
5.7562769291338585
20
-4.6838214960629916
11
5.7549967716535431
21
-4.6819056299212596
0
LINE
8
BLACK
6
CONTINUOUS
10
5.7549967716535431
20
-4.6819056299212596
11
5.7545472440944883
21
-4.6796456692913386
0
LINE
8
BLACK
6
CONTINUOUS
10
5.7545472440944883
20
-4.6796456692913386
11
5.7545472440944883
21
-4.6245275590551183
0
LINE
8
BLACK
6
CONTINUOUS
10
5.7545472440944883
20
-4.6245275590551183
11
5.7549967716535431
21
-4.6222675984251964
0
LINE
8
BLACK
6
CONTINUOUS
10
5.7549967716535431
20
-4.6222675984251964
11
5.7562769291338585
21
-4.6203517322834644
0
LINE
8
BLACK
6
CONTINUOUS
10
5.7562769291338585
20
-4.6203517322834644
11
5.7581927952755905
21
-4.6190715748031499
0
LINE
8
BLACK
6
CONTINUOUS
10
5.7581927952755905
20
-4.6190715748031499
11
5.7604527559055114
21
-4.6186220472440942
0
LINE
8
BLACK
6
CONTINUOUS
10
5.7604527559055114
20
-4.6186220472440942
11
5.7722637795275586
21
-4.6186220472440942
0
LINE
8
BLACK
6
CONTINUOUS
10
5.7722637795275586
20
-4.6186220472440942
11
5.7745237401574805
21
-4.6190715748031499
0
LINE
8
BLACK
6
CONTINUOUS
10
6.0053346456692909
20
-4.6666535433070866
11
5.9344685039370075
21
-4.6666535433070866
0
LINE
8
BLACK
6
CONTINUOUS
10
5.9344685039370075
20
-4.6666535433070866
11
5.9344685039370075
21
-4.5682283464566931
0
LINE
8
BLACK
6
CONTINUOUS
10
5.9344685039370075
20
-4.5682283464566931
11
6.0053346456692909
21
-4.5682283464566931
0
LINE
8
BLACK
6
CONTINUOUS
10
6.0053346456692909
20
-4.5682283464566931
11
6.0053346456692909
21
-4.6666535433070866
0
LINE
8
BLACK
6
CONTINUOUS
10
5.7595306692913386
20
-4.4856441338582673
11
5.6650424803149608
21
-4.4856441338582673
0
LINE
8
BLACK
6
CONTINUOUS
10
5.6650424803149608
20
-4.4856441338582673
11
5.6650424803149608
21
-4.4187149999999997
0
LINE
8
BLACK
6
CONTINUOUS
10
5.6650424803149608
20
-4.4187149999999997
11
5.7595306692913386
21
-4.4187149999999997
0
LINE
8
BLACK
6
CONTINUOUS
10
5.7595306692913386
20
-4.4187149999999997
11
5.7595306692913386
21
-4.4856441338582673
0
LINE
8
BLACK
6
CONTINUOUS
10
5.9563810629921257
20
-4.4856441338582673
11
5.8618928740157479
21
-4.4856441338582673
0
LINE
8
BLACK
6
CONTINUOUS
10
5.8618928740157479
20
-4.4856441338582673
11
5.8618928740157479
21
-4.4187149999999997
0
LINE
8
BLACK
6
CONTINUOUS
10
5.8618928740157479
20
-4.4187149999999997
11
5.9563810629921257
21
-4.4187149999999997
0
LINE
8
BLACK
6
CONTINUOUS
10
5.9563810629921257
20
-4.4187149999999997
11
5.9563810629921257
21
-4.4856441338582673
0
LINE
8
BLACK
6
CONTINUOUS
10
6.6041141732283464
20
-4.481299212598425
11
6.5056889763779528
21
-4.481299212598425
0
LINE
8
BLACK
6
CONTINUOUS
10
6.5056889763779528
20
-4.481299212598425
11
6.5056889763779528
21
-4.3612204724409445
0
LINE
8
BLACK
6
CONTINUOUS
10
6.5056889763779528
20
-4.3612204724409445
11
6.6041141732283464
21
-4.3612204724409445
0
LINE
8
BLACK
6
CONTINUOUS
10
6.6041141732283464
20
-4.3612204724409445
11
6.6041141732283464
21
-4.481299212598425
0
LINE
8
BLACK
6
CONTINUOUS
10
5.1592534251968507
20
-4.3878631496062992
11
5.161807913385827
21
-4.3895700393700787
0
LINE
8
BLACK
6
CONTINUOUS
10
5.161807913385827
20
-4.3895700393700787
11
5.1635148031496065
21
-4.392124527559055
0
LINE
8
BLACK
6
CONTINUOUS
10
5.1635148031496065
20
-4.392124527559055
11
5.164114173228346
21
-4.3951377952755903
0
LINE
8
BLACK
6
CONTINUOUS
10
5.164114173228346
20
-4.3951377952755903
11
5.164114173228346
21
-4.4108858267716533
0
LINE
8
BLACK
6
CONTINUOUS
10
5.164114173228346
20
-4.4108858267716533
11
5.1635148031496065
21
-4.4138990944881886
0
LINE
8
BLACK
6
CONTINUOUS
10
5.1635148031496065
20
-4.4138990944881886
11
5.161807913385827
21
-4.4164535826771649
0
LINE
8
BLACK
6
CONTINUOUS
10
5.161807913385827
20
-4.4164535826771649
11
5.1592534251968507
21
-4.4181604724409445
0
LINE
8
BLACK
6
CONTINUOUS
10
5.1592534251968507
20
-4.4181604724409445
11
5.1562401574803145
21
-4.4187598425196848
0
LINE
8
BLACK
6
CONTINUOUS
10
5.1562401574803145
20
-4.4187598425196848
11
5.1011220472440941
21
-4.4187598425196848
0
LINE
8
BLACK
6
CONTINUOUS
10
5.1011220472440941
20
-4.4187598425196848
11
5.0981087795275588
21
-4.4181604724409445
0
LINE
8
BLACK
6
CONTINUOUS
10
5.0981087795275588
20
-4.4181604724409445
11
5.0955542913385825
21
-4.4164535826771649
0
LINE
8
BLACK
6
CONTINUOUS
10
5.0955542913385825
20
-4.4164535826771649
11
5.093847401574803
21
-4.4138990944881886
0
LINE
8
BLACK
6
CONTINUOUS
10
5.093847401574803
20
-4.4138990944881886
11
5.0932480314960626
21
-4.4108858267716533
0
LINE
8
BLACK
6
CONTINUOUS
10
5.0932480314960626
20
-4.4108858267716533
11
5.0932480314960626
21
-4.3951377952755903
0
LINE
8
BLACK
6
CONTINUOUS
10
5.0932480314960626
20
-4.3951377952755903
11
5.093847401574803
21
-4.392124527559055
0
LINE
8
BLACK
6
CONTINUOUS
10
5.093847401574803
20
-4.392124527559055
11
5.0955542913385825
21
-4.3895700393700787
0
LINE
8
BLACK
6
CONTINUOUS
10
5.0955542913385825
20
-4.3895700393700787
11
5.0981087795275588
21
-4.3878631496062992
0
LINE
8
BLACK
6
CONTINUOUS
10
5.0981087795275588
20
-4.3878631496062992
11
5.1011220472440941
21
-4.3872637795275589
0
LINE
8
BLACK
6
CONTINUOUS
10
5.1011220472440941
20
-4.3872637795275589
11
5.1562401574803145
21
-4.3872637795275589
0
LINE
8
BLACK
6
CONTINUOUS
10
5.1562401574803145
20
-4.3872637795275589
11
5.1592534251968507
21
-4.3878631496062992
0
LINE
8
BLACK
6
CONTINUOUS
10
5.6316943700787396
20
-4.3878631496062992
11
5.6342488582677168
21
-4.3895700393700787
0
LINE
8
BLACK
6
CONTINUOUS
10
5.6342488582677168
20
-4.3895700393700787
11
5.6359557480314963
21
-4.392124527559055
0
LINE
8
BLACK
6
CONTINUOUS
10
5.6359557480314963
20
-4.392124527559055
11
5.6365551181102358
21
-4.3951377952755903
0
LINE
8
BLACK
6
CONTINUOUS
10
5.6365551181102358
20
-4.3951377952755903
11
5.6365551181102358
21
-4.4108858267716533
0
LINE
8
BLACK
6
CONTINUOUS
10
5.6365551181102358
20
-4.4108858267716533
11
5.6359557480314963
21
-4.4138990944881886
0
LINE
8
BLACK
6
CONTINUOUS
10
5.6359557480314963
20
-4.4138990944881886
11
5.6342488582677168
21
-4.4164535826771649
0
LINE
8
BLACK
6
CONTINUOUS
10
5.6342488582677168
20
-4.4164535826771649
11
5.6316943700787396
21
-4.4181604724409445
0
LINE
8
BLACK
6
CONTINUOUS
10
5.6316943700787396
20
-4.4181604724409445
11
5.6286811023622043
21
-4.4187598425196848
0
LINE
8
BLACK
6
CONTINUOUS
10
5.6286811023622043
20
-4.4187598425196848
11
5.5735629921259839
21
-4.4187598425196848
0
LINE
8
BLACK
6
CONTINUOUS
10
5.5735629921259839
20
-4.4187598425196848
11
5.5705497244094486
21
-4.4181604724409445
0
LINE
8
BLACK
6
CONTINUOUS
10
5.5705497244094486
20
-4.4181604724409445
11
5.5679952362204723
21
-4.4164535826771649
0
LINE
8
BLACK
6
CONTINUOUS
10
5.5679952362204723
20
-4.4164535826771649
11
5.5662883464566928
21
-4.4138990944881886
0
LINE
8
BLACK
6
CONTINUOUS
10
5.5662883464566928
20
-4.4138990944881886
11
5.5656889763779525
21
-4.4108858267716533
0
LINE
8
BLACK
6
CONTINUOUS
10
5.5656889763779525
20
-4.4108858267716533
11
5.5656889763779525
21
-4.3951377952755903
0
LINE
8
BLACK
6
CONTINUOUS
10
5.5656889763779525
20
-4.3951377952755903
11
5.5662883464566928
21
-4.392124527559055
0
LINE
8
BLACK
6
CONTINUOUS
10
5.5662883464566928
20
-4.392124527559055
11
5.5679952362204723
21
-4.3895700393700787
0
LINE
8
BLACK
6
CONTINUOUS
10
5.5679952362204723
20
-4.3895700393700787
11
5.5705497244094486
21
-4.3878631496062992
0
LINE
8
BLACK
6
CONTINUOUS
10
5.5705497244094486
20
-4.3878631496062992
11
5.5735629921259839
21
-4.3872637795275589
0
LINE
8
BLACK
6
CONTINUOUS
10
5.5735629921259839
20
-4.3872637795275589
11
5.6286811023622043
21
-4.3872637795275589
0
LINE
8
BLACK
6
CONTINUOUS
10
5.6286811023622043
20
-4.3872637795275589
11
5.6316943700787396
21
-4.3878631496062992
0
LINE
8
BLACK
6
CONTINUOUS
10
6.3024015748031497
20
-4.4179212598425197
11
6.2474015748031491
21
-4.4179212598425197
0
LINE
8
BLACK
6
CONTINUOUS
10
6.2474015748031491
20
-4.4179212598425197
11
6.2474015748031491
21
-4.3829212598425196
0
LINE
8
BLACK
6
CONTINUOUS
10
6.2474015748031491
20
-4.3829212598425196
11
6.3024015748031497
21
-4.3829212598425196
0
LINE
8
BLACK
6
CONTINUOUS
10
6.3024015748031497
20
-4.3829212598425196
11
6.3024015748031497
21
-4.4179212598425197
0
LINE
8
BLACK
6
CONTINUOUS
10
6.0128809448818901
20
-4.3862440157480318
11
5.9778809448818899
21
-4.3862440157480318
0
LINE
8
BLACK
6
CONTINUOUS
10
5.9778809448818899
20
-4.3862440157480318
11
5.9778809448818899
21
-4.3312440157480312
0
LINE
8
BLACK
6
CONTINUOUS
10
5.9778809448818899
20
-4.3312440157480312
11
6.0128809448818901
21
-4.3312440157480312
0
LINE
8
BLACK
6
CONTINUOUS
10
6.0128809448818901
20
-4.3312440157480312
11
6.0128809448818901
21
-4.3862440157480318
0
LINE
8
BLACK
6
CONTINUOUS
10
6.0878809448818894
20
-4.3862440157480318
11
6.0528809448818892
21
-4.3862440157480318
0
LINE
8
BLACK
6
CONTINUOUS
10
6.0528809448818892
20
-4.3862440157480318
11
6.0528809448818892
21
-4.3312440157480312
0
LINE
8
BLACK
6
CONTINUOUS
10
6.0528809448818892
20
-4.3312440157480312
11
6.0878809448818894
21
-4.3312440157480312
0
LINE
8
BLACK
6
CONTINUOUS
10
6.0878809448818894
20
-4.3312440157480312
11
6.0878809448818894
21
-4.3862440157480318
0
LINE
8
BLACK
6
CONTINUOUS
10
6.1468261417322836
20
-4.3859565748031493
11
6.1118261417322834
21
-4.3859565748031493
0
LINE
8
BLACK
6
CONTINUOUS
10
6.1118261417322834
20
-4.3859565748031493
11
6.1118261417322834
21
-4.3309565748031496
0
LINE
8
BLACK
6
CONTINUOUS
10
6.1118261417322834
20
-4.3309565748031496
11
6.1468261417322836
21
-4.3309565748031496
0
LINE
8
BLACK
6
CONTINUOUS
10
6.1468261417322836
20
-4.3309565748031496
11
6.1468261417322836
21
-4.3859565748031493
0
LINE
8
BLACK
6
CONTINUOUS
10
6.2218261417322838
20
-4.3859565748031493
11
6.1868261417322836
21
-4.3859565748031493
0
LINE
8
BLACK
6
CONTINUOUS
10
6.1868261417322836
20
-4.3859565748031493
11
6.1868261417322836
21
-4.3309565748031496
0
LINE
8
BLACK
6
CONTINUOUS
10
6.1868261417322836
20
-4.3309565748031496
11
6.2218261417322838
21
-4.3309565748031496
0
LINE
8
BLACK
6
CONTINUOUS
10
6.2218261417322838
20
-4.3309565748031496
11
6.2218261417322838
21
-4.3859565748031493
0
LINE
8
BLACK
6
CONTINUOUS
10
5.7359086220472442
20
-4.3813134251968506
11
5.6650424803149608
21
-4.3813134251968506
0
LINE
8
BLACK
6
CONTINUOUS
10
5.6650424803149608
20
-4.3813134251968506
11
5.6650424803149608
21
-4.3419433464566932
0
LINE
8
BLACK
6
CONTINUOUS
10
5.6650424803149608
20
-4.3419433464566932
11
5.7359086220472442
21
-4.3419433464566932
0
LINE
8
BLACK
6
CONTINUOUS
10
5.7359086220472442
20
-4.3419433464566932
11
5.7359086220472442
21
-4.3813134251968506
0
LINE
8
BLACK
6
CONTINUOUS
10
5.9563810629921257
20
-4.3813134251968506
11
5.8855149212598423
21
-4.3813134251968506
0
LINE
8
BLACK
6
CONTINUOUS
10
5.8855149212598423
20
-4.3813134251968506
11
5.8855149212598423
21
-4.3419433464566932
0
LINE
8
BLACK
6
CONTINUOUS
10
5.8855149212598423
20
-4.3419433464566932
11
5.9563810629921257
21
-4.3419433464566932
0
LINE
8
BLACK
6
CONTINUOUS
10
5.9563810629921257
20
-4.3419433464566932
11
5.9563810629921257
21
-4.3813134251968506
0
LINE
8
BLACK
6
CONTINUOUS
10
5.1592534251968507
20
-4.344556062992126
11
5.161807913385827
21
-4.3462629527559056
0
LINE
8
BLACK
6
CONTINUOUS
10
5.161807913385827
20
-4.3462629527559056
11
5.1635148031496065
21
-4.3488174409448819
0
LINE
8
BLACK
6
CONTINUOUS
10
5.1635148031496065
20
-4.3488174409448819
11
5.164114173228346
21
-4.3518307086614172
0
LINE
8
BLACK
6
CONTINUOUS
10
5.164114173228346
20
-4.3518307086614172
11
5.164114173228346
21
-4.3675787401574802
0
LINE
8
BLACK
6
CONTINUOUS
10
5.164114173228346
20
-4.3675787401574802
11
5.1635148031496065
21
-4.3705920078740155
0
LINE
8
BLACK
6
CONTINUOUS
10
5.1635148031496065
20
-4.3705920078740155
11
5.161807913385827
21
-4.3731464960629918
0
LINE
8
BLACK
6
CONTINUOUS
10
5.161807913385827
20
-4.3731464960629918
11
5.1592534251968507
21
-4.3748533858267713
0
LINE
8
BLACK
6
CONTINUOUS
10
5.1592534251968507
20
-4.3748533858267713
11
5.1562401574803145
21
-4.3754527559055116
0
LINE
8
BLACK
6
CONTINUOUS
10
5.1562401574803145
20
-4.3754527559055116
11
5.1011220472440941
21
-4.3754527559055116
0
LINE
8
BLACK
6
CONTINUOUS
10
5.1011220472440941
20
-4.3754527559055116
11
5.0981087795275588
21
-4.3748533858267713
0
LINE
8
BLACK
6
CONTINUOUS
10
5.0981087795275588
20
-4.3748533858267713
11
5.0955542913385825
21
-4.3731464960629918
0
LINE
8
BLACK
6
CONTINUOUS
10
5.0955542913385825
20
-4.3731464960629918
11
5.093847401574803
21
-4.3705920078740155
0
LINE
8
BLACK
6
CONTINUOUS
10
5.093847401574803
20
-4.3705920078740155
11
5.0932480314960626
21
-4.3675787401574802
0
LINE
8
BLACK
6
CONTINUOUS
10
5.0932480314960626
20
-4.3675787401574802
11
5.0932480314960626
21
-4.3518307086614172
0
LINE
8
BLACK
6
CONTINUOUS
10
5.0932480314960626
20
-4.3518307086614172
11
5.093847401574803
21
-4.3488174409448819
0
LINE
8
BLACK
6
CONTINUOUS
10
5.093847401574803
20
-4.3488174409448819
11
5.0955542913385825
21
-4.3462629527559056
0
LINE
8
BLACK
6
CONTINUOUS
10
5.0955542913385825
20
-4.3462629527559056
11
5.0981087795275588
21
-4.344556062992126
0
LINE
8
BLACK
6
CONTINUOUS
10
5.0981087795275588
20
-4.344556062992126
11
5.1011220472440941
21
-4.3439566929133857
0
LINE
8
BLACK
6
CONTINUOUS
10
5.1011220472440941
20
-4.3439566929133857
11
5.1562401574803145
21
-4.3439566929133857
0
LINE
8
BLACK
6
CONTINUOUS
10
5.1562401574803145
20
-4.3439566929133857
11
5.1592534251968507
21
-4.344556062992126
0
LINE
8
BLACK
6
CONTINUOUS
10
5.6316943700787396
20
-4.344556062992126
11
5.6342488582677168
21
-4.3462629527559056
0
LINE
8
BLACK
6
CONTINUOUS
10
5.6342488582677168
20
-4.3462629527559056
11
5.6359557480314963
21
-4.3488174409448819
0
LINE
8
BLACK
6
CONTINUOUS
10
5.6359557480314963
20
-4.3488174409448819
11
5.6365551181102358
21
-4.3518307086614172
0
LINE
8
BLACK
6
CONTINUOUS
10
5.6365551181102358
20
-4.3518307086614172
11
5.6365551181102358
21
-4.3675787401574802
0
LINE
8
BLACK
6
CONTINUOUS
10
5.6365551181102358
20
-4.3675787401574802
11
5.6359557480314963
21
-4.3705920078740155
0
LINE
8
BLACK
6
CONTINUOUS
10
5.6359557480314963
20
-4.3705920078740155
11
5.6342488582677168
21
-4.3731464960629918
0
LINE
8
BLACK
6
CONTINUOUS
10
5.6342488582677168
20
-4.3731464960629918
11
5.6316943700787396
21
-4.3748533858267713
0
LINE
8
BLACK
6
CONTINUOUS
10
5.6316943700787396
20
-4.3748533858267713
11
5.6286811023622043
21
-4.3754527559055116
0
LINE
8
BLACK
6
CONTINUOUS
10
5.6286811023622043
20
-4.3754527559055116
11
5.5735629921259839
21
-4.3754527559055116
0
LINE
8
BLACK
6
CONTINUOUS
10
5.5735629921259839
20
-4.3754527559055116
11
5.5705497244094486
21
-4.3748533858267713
0
LINE
8
BLACK
6
CONTINUOUS
10
5.5705497244094486
20
-4.3748533858267713
11
5.5679952362204723
21
-4.3731464960629918
0
LINE
8
BLACK
6
CONTINUOUS
10
5.5679952362204723
20
-4.3731464960629918
11
5.5662883464566928
21
-4.3705920078740155
0
LINE
8
BLACK
6
CONTINUOUS
10
5.5662883464566928
20
-4.3705920078740155
11
5.5656889763779525
21
-4.3675787401574802
0
LINE
8
BLACK
6
CONTINUOUS
10
5.5656889763779525
20
-4.3675787401574802
11
5.5656889763779525
21
-4.3518307086614172
0
LINE
8
BLACK
6
CONTINUOUS
10
5.5656889763779525
20
-4.3518307086614172
11
5.5662883464566928
21
-4.3488174409448819
0
LINE
8
BLACK
6
CONTINUOUS
10
5.5662883464566928
20
-4.3488174409448819
11
5.5679952362204723
21
-4.3462629527559056
0
LINE
8
BLACK
6
CONTINUOUS
10
5.5679952362204723
20
-4.3462629527559056
11
5.5705497244094486
21
-4.344556062992126
0
LINE
8
BLACK
6
CONTINUOUS
10
5.5705497244094486
20
-4.344556062992126
11
5.5735629921259839
21
-4.3439566929133857
0
LINE
8
BLACK
6
CONTINUOUS
10
5.5735629921259839
20
-4.3439566929133857
11
5.6286811023622043
21
-4.3439566929133857
0
LINE
8
BLACK
6
CONTINUOUS
10
5.6286811023622043
20
-4.3439566929133857
11
5.6316943700787396
21
-4.344556062992126
0
LINE
8
BLACK
6
CONTINUOUS
10
4.9474015748031492
20
-4.3724212598425192
11
4.9124015748031491
21
-4.3724212598425192
0
LINE
8
BLACK
6
CONTINUOUS
10
4.9124015748031491
20
-4.3724212598425192
11
4.9124015748031491
21
-4.3174212598425195
0
LINE
8
BLACK
6
CONTINUOUS
10
4.9124015748031491
20
-4.3174212598425195
11
4.9474015748031492
21
-4.3174212598425195
0
LINE
8
BLACK
6
CONTINUOUS
10
4.9474015748031492
20
-4.3174212598425195
11
4.9474015748031492
21
-4.3724212598425192
0
LINE
8
BLACK
6
CONTINUOUS
10
5.0224015748031494
20
-4.3724212598425192
11
4.9874015748031493
21
-4.3724212598425192
0
LINE
8
BLACK
6
CONTINUOUS
10
4.9874015748031493
20
-4.3724212598425192
11
4.9874015748031493
21
-4.3174212598425195
0
LINE
8
BLACK
6
CONTINUOUS
10
4.9874015748031493
20
-4.3174212598425195
11
5.0224015748031494
21
-4.3174212598425195
0
LINE
8
BLACK
6
CONTINUOUS
10
5.0224015748031494
20
-4.3174212598425195
11
5.0224015748031494
21
-4.3724212598425192
0
LINE
8
BLACK
6
CONTINUOUS
10
6.3024015748031497
20
-4.3429212598425195
11
6.2474015748031491
21
-4.3429212598425195
0
LINE
8
BLACK
6
CONTINUOUS
10
6.2474015748031491
20
-4.3429212598425195
11
6.2474015748031491
21
-4.3079212598425194
0
LINE
8
BLACK
6
CONTINUOUS
10
6.2474015748031491
20
-4.3079212598425194
11
6.3024015748031497
21
-4.3079212598425194
0
LINE
8
BLACK
6
CONTINUOUS
10
6.3024015748031497
20
-4.3079212598425194
11
6.3024015748031497
21
-4.3429212598425195
0
LINE
8
BLACK
6
CONTINUOUS
10
5.1592534251968507
20
-4.3012489763779529
11
5.161807913385827
21
-4.3029558661417324
0
LINE
8
BLACK
6
CONTINUOUS
10
5.161807913385827
20
-4.3029558661417324
11
5.1635148031496065
21
-4.3055103543307087
0
LINE
8
BLACK
6
CONTINUOUS
10
5.1635148031496065
20
-4.3055103543307087
11
5.164114173228346
21
-4.308523622047244
0
LINE
8
BLACK
6
CONTINUOUS
10
5.164114173228346
20
-4.308523622047244
11
5.164114173228346
21
-4.324271653543307
0
LINE
8
BLACK
6
CONTINUOUS
10
5.164114173228346
20
-4.324271653543307
11
5.1635148031496065
21
-4.3272849212598423
0
LINE
8
BLACK
6
CONTINUOUS
10
5.1635148031496065
20
-4.3272849212598423
11
5.161807913385827
21
-4.3298394094488186
0
LINE
8
BLACK
6
CONTINUOUS
10
5.161807913385827
20
-4.3298394094488186
11
5.1592534251968507
21
-4.3315462992125982
0
LINE
8
BLACK
6
CONTINUOUS
10
5.1592534251968507
20
-4.3315462992125982
11
5.1562401574803145
21
-4.3321456692913385
0
LINE
8
BLACK
6
CONTINUOUS
10
5.1562401574803145
20
-4.3321456692913385
11
5.1011220472440941
21
-4.3321456692913385
0
LINE
8
BLACK
6
CONTINUOUS
10
5.1011220472440941
20
-4.3321456692913385
11
5.0981087795275588
21
-4.3315462992125982
0
LINE
8
BLACK
6
CONTINUOUS
10
5.0981087795275588
20
-4.3315462992125982
11
5.0955542913385825
21
-4.3298394094488186
0
LINE
8
BLACK
6
CONTINUOUS
10
5.0955542913385825
20
-4.3298394094488186
11
5.093847401574803
21
-4.3272849212598423
0
LINE
8
BLACK
6
CONTINUOUS
10
5.093847401574803
20
-4.3272849212598423
11
5.0932480314960626
21
-4.324271653543307
0
LINE
8
BLACK
6
CONTINUOUS
10
5.0932480314960626
20
-4.324271653543307
11
5.0932480314960626
21
-4.308523622047244
0
LINE
8
BLACK
6
CONTINUOUS
10
5.0932480314960626
20
-4.308523622047244
11
5.093847401574803
21
-4.3055103543307087
0
LINE
8
BLACK
6
CONTINUOUS
10
5.093847401574803
20
-4.3055103543307087
11
5.0955542913385825
21
-4.3029558661417324
0
LINE
8
BLACK
6
CONTINUOUS
10
5.0955542913385825
20
-4.3029558661417324
11
5.0981087795275588
21
-4.3012489763779529
0
LINE
8
BLACK
6
CONTINUOUS
10
5.0981087795275588
20
-4.3012489763779529
11
5.1011220472440941
21
-4.3006496062992126
0
LINE
8
BLACK
6
CONTINUOUS
10
5.1011220472440941
20
-4.3006496062992126
11
5.1562401574803145
21
-4.3006496062992126
0
LINE
8
BLACK
6
CONTINUOUS
10
5.1562401574803145
20
-4.3006496062992126
11
5.1592534251968507
21
-4.3012489763779529
0
LINE
8
BLACK
6
CONTINUOUS
10
5.6316943700787396
20
-4.3012489763779529
11
5.6342488582677168
21
-4.3029558661417324
0
LINE
8
BLACK
6
CONTINUOUS
10
5.6342488582677168
20
-4.3029558661417324
11
5.6359557480314963
21
-4.3055103543307087
0
LINE
8
BLACK
6
CONTINUOUS
10
5.6359557480314963
20
-4.3055103543307087
11
5.6365551181102358
21
-4.308523622047244
0
LINE
8
BLACK
6
CONTINUOUS
10
5.6365551181102358
20
-4.308523622047244
11
5.6365551181102358
21
-4.324271653543307
0
LINE
8
BLACK
6
CONTINUOUS
10
5.6365551181102358
20
-4.324271653543307
11
5.6359557480314963
21
-4.3272849212598423
0
LINE
8
BLACK
6
CONTINUOUS
10
5.6359557480314963
20
-4.3272849212598423
11
5.6342488582677168
21
-4.3298394094488186
0
LINE
8
BLACK
6
CONTINUOUS
10
5.6342488582677168
20
-4.3298394094488186
11
5.6316943700787396
21
-4.3315462992125982
0
LINE
8
BLACK
6
CONTINUOUS
10
5.6316943700787396
20
-4.3315462992125982
11
5.6286811023622043
21
-4.3321456692913385
0
LINE
8
BLACK
6
CONTINUOUS
10
5.6286811023622043
20
-4.3321456692913385
11
5.5735629921259839
21
-4.3321456692913385
0
LINE
8
BLACK
6
CONTINUOUS
10
5.5735629921259839
20
-4.3321456692913385
11
5.5705497244094486
21
-4.3315462992125982
0
LINE
8
BLACK
6
CONTINUOUS
10
5.5705497244094486
20
-4.3315462992125982
11
5.5679952362204723
21
-4.3298394094488186
0
LINE
8
BLACK
6
CONTINUOUS
10
5.5679952362204723
20
-4.3298394094488186
11
5.5662883464566928
21
-4.3272849212598423
0
LINE
8
BLACK
6
CONTINUOUS
10
5.5662883464566928
20
-4.3272849212598423
11
5.5656889763779525
21
-4.324271653543307
0
LINE
8
BLACK
6
CONTINUOUS
10
5.5656889763779525
20
-4.324271653543307
11
5.5656889763779525
21
-4.308523622047244
0
LINE
8
BLACK
6
CONTINUOUS
10
5.5656889763779525
20
-4.308523622047244
11
5.5662883464566928
21
-4.3055103543307087
0
LINE
8
BLACK
6
CONTINUOUS
10
5.5662883464566928
20
-4.3055103543307087
11
5.5679952362204723
21
-4.3029558661417324
0
LINE
8
BLACK
6
CONTINUOUS
10
5.5679952362204723
20
-4.3029558661417324
11
5.5705497244094486
21
-4.3012489763779529
0
LINE
8
BLACK
6
CONTINUOUS
10
5.5705497244094486
20
-4.3012489763779529
11
5.5735629921259839
21
-4.3006496062992126
0
LINE
8
BLACK
6
CONTINUOUS
10
5.5735629921259839
20
-4.3006496062992126
11
5.6286811023622043
21
-4.3006496062992126
0
LINE
8
BLACK
6
CONTINUOUS
10
5.6286811023622043
20
-4.3006496062992126
11
5.6316943700787396
21
-4.3012489763779529
0
LINE
8
BLACK
6
CONTINUOUS
10
6.146380118110236
20
-4.2944864960629916
11
6.130632086614173
21
-4.2944864960629916
0
LINE
8
BLACK
6
CONTINUOUS
10
6.130632086614173
20
-4.2944864960629916
11
6.130632086614173
21
-4.2688959448818897
0
LINE
8
BLACK
6
CONTINUOUS
10
6.130632086614173
20
-4.2688959448818897
11
6.146380118110236
21
-4.2688959448818897
0
LINE
8
BLACK
6
CONTINUOUS
10
6.146380118110236
20
-4.2688959448818897
11
6.146380118110236
21
-4.2944864960629916
0
LINE
8
BLACK
6
CONTINUOUS
10
6.1719706692913388
20
-4.2944864960629916
11
6.1562226377952758
21
-4.2944864960629916
0
LINE
8
BLACK
6
CONTINUOUS
10
6.1562226377952758
20
-4.2944864960629916
11
6.1562226377952758
21
-4.2688959448818897
0
LINE
8
BLACK
6
CONTINUOUS
10
6.1562226377952758
20
-4.2688959448818897
11
6.1719706692913388
21
-4.2688959448818897
0
LINE
8
BLACK
6
CONTINUOUS
10
6.1719706692913388
20
-4.2688959448818897
11
6.1719706692913388
21
-4.2944864960629916
0
LINE
8
BLACK
6
CONTINUOUS
10
6.1975612204724406
20
-4.2944864960629916
11
6.1818131889763777
21
-4.2944864960629916
0
LINE
8
BLACK
6
CONTINUOUS
10
6.1818131889763777
20
-4.2944864960629916
11
6.1818131889763777
21
-4.2688959448818897
0
LINE
8
BLACK
6
CONTINUOUS
10
6.1818131889763777
20
-4.2688959448818897
11
6.1975612204724406
21
-4.2688959448818897
0
LINE
8
BLACK
6
CONTINUOUS
10
6.1975612204724406
20
-4.2688959448818897
11
6.1975612204724406
21
-4.2944864960629916
0
LINE
8
BLACK
6
CONTINUOUS
10
4.9474015748031492
20
-4.29242125984252
11
4.9124015748031491
21
-4.29242125984252
0
LINE
8
BLACK
6
CONTINUOUS
10
4.9124015748031491
20
-4.29242125984252
11
4.9124015748031491
21
-4.2374212598425194
0
LINE
8
BLACK
6
CONTINUOUS
10
4.9124015748031491
20
-4.2374212598425194
11
4.9474015748031492
21
-4.2374212598425194
0
LINE
8
BLACK
6
CONTINUOUS
10
4.9474015748031492
20
-4.2374212598425194
11
4.9474015748031492
21
-4.29242125984252
0
LINE
8
BLACK
6
CONTINUOUS
10
5.0224015748031494
20
-4.29242125984252
11
4.9874015748031493
21
-4.29242125984252
0
LINE
8
BLACK
6
CONTINUOUS
10
4.9874015748031493
20
-4.29242125984252
11
4.9874015748031493
21
-4.2374212598425194
0
LINE
8
BLACK
6
CONTINUOUS
10
4.9874015748031493
20
-4.2374212598425194
11
5.0224015748031494
21
-4.2374212598425194
0
LINE
8
BLACK
6
CONTINUOUS
10
5.0224015748031494
20
-4.2374212598425194
11
5.0224015748031494
21
-4.29242125984252
0
LINE
8
BLACK
6
CONTINUOUS
10
5.1592534251968507
20
-4.2579418897637797
11
5.161807913385827
21
-4.2596487795275593
0
LINE
8
BLACK
6
CONTINUOUS
10
5.161807913385827
20
-4.2596487795275593
11
5.1635148031496065
21
-4.2622032677165356
0
LINE
8
BLACK
6
CONTINUOUS
10
5.1635148031496065
20
-4.2622032677165356
11
5.164114173228346
21
-4.2652165354330709
0
LINE
8
BLACK
6
CONTINUOUS
10
5.164114173228346
20
-4.2652165354330709
11
5.164114173228346
21
-4.2809645669291339
0
LINE
8
BLACK
6
CONTINUOUS
10
5.164114173228346
20
-4.2809645669291339
11
5.1635148031496065
21
-4.2839778346456692
0
LINE
8
BLACK
6
CONTINUOUS
10
5.1635148031496065
20
-4.2839778346456692
11
5.161807913385827
21
-4.2865323228346455
0
LINE
8
BLACK
6
CONTINUOUS
10
5.161807913385827
20
-4.2865323228346455
11
5.1592534251968507
21
-4.288239212598425
0
LINE
8
BLACK
6
CONTINUOUS
10
5.1592534251968507
20
-4.288239212598425
11
5.1562401574803145
21
-4.2888385826771653
0
LINE
8
BLACK
6
CONTINUOUS
10
5.1562401574803145
20
-4.2888385826771653
11
5.1011220472440941
21
-4.2888385826771653
0
LINE
8
BLACK
6
CONTINUOUS
10
5.1011220472440941
20
-4.2888385826771653
11
5.0981087795275588
21
-4.288239212598425
0
LINE
8
BLACK
6
CONTINUOUS
10
5.0981087795275588
20
-4.288239212598425
11
5.0955542913385825
21
-4.2865323228346455
0
LINE
8
BLACK
6
CONTINUOUS
10
5.0955542913385825
20
-4.2865323228346455
11
5.093847401574803
21
-4.2839778346456692
0
LINE
8
BLACK
6
CONTINUOUS
10
5.093847401574803
20
-4.2839778346456692
11
5.0932480314960626
21
-4.2809645669291339
0
LINE
8
BLACK
6
CONTINUOUS
10
5.0932480314960626
20
-4.2809645669291339
11
5.0932480314960626
21
-4.2652165354330709
0
LINE
8
BLACK
6
CONTINUOUS
10
5.0932480314960626
20
-4.2652165354330709
11
5.093847401574803
21
-4.2622032677165356
0
LINE
8
BLACK
6
CONTINUOUS
10
5.093847401574803
20
-4.2622032677165356
11
5.0955542913385825
21
-4.2596487795275593
0
LINE
8
BLACK
6
CONTINUOUS
10
5.0955542913385825
20
-4.2596487795275593
11
5.0981087795275588
21
-4.2579418897637797
0
LINE
8
BLACK
6
CONTINUOUS
10
5.0981087795275588
20
-4.2579418897637797
11
5.1011220472440941
21
-4.2573425196850394
0
LINE
8
BLACK
6
CONTINUOUS
10
5.1011220472440941
20
-4.2573425196850394
11
5.1562401574803145
21
-4.2573425196850394
0
LINE
8
BLACK
6
CONTINUOUS
10
5.1562401574803145
20
-4.2573425196850394
11
5.1592534251968507
21
-4.2579418897637797
0
LINE
8
BLACK
6
CONTINUOUS
10
5.6316943700787396
20
-4.2579418897637797
11
5.6342488582677168
21
-4.2596487795275593
0
LINE
8
BLACK
6
CONTINUOUS
10
5.6342488582677168
20
-4.2596487795275593
11
5.6359557480314963
21
-4.2622032677165356
0
LINE
8
BLACK
6
CONTINUOUS
10
5.6359557480314963
20
-4.2622032677165356
11
5.6365551181102358
21
-4.2652165354330709
0
LINE
8
BLACK
6
CONTINUOUS
10
5.6365551181102358
20
-4.2652165354330709
11
5.6365551181102358
21
-4.2809645669291339
0
LINE
8
BLACK
6
CONTINUOUS
10
5.6365551181102358
20
-4.2809645669291339
11
5.6359557480314963
21
-4.2839778346456692
0
LINE
8
BLACK
6
CONTINUOUS
10
5.6359557480314963
20
-4.2839778346456692
11
5.6342488582677168
21
-4.2865323228346455
0
LINE
8
BLACK
6
CONTINUOUS
10
5.6342488582677168
20
-4.2865323228346455
11
5.6316943700787396
21
-4.288239212598425
0
LINE
8
BLACK
6
CONTINUOUS
10
5.6316943700787396
20
-4.288239212598425
11
5.6286811023622043
21
-4.2888385826771653
0
LINE
8
BLACK
6
CONTINUOUS
10
5.6286811023622043
20
-4.2888385826771653
11
5.5735629921259839
21
-4.2888385826771653
0
LINE
8
BLACK
6
CONTINUOUS
10
5.5735629921259839
20
-4.2888385826771653
11
5.5705497244094486
21
-4.288239212598425
0
LINE
8
BLACK
6
CONTINUOUS
10
5.5705497244094486
20
-4.288239212598425
11
5.5679952362204723
21
-4.2865323228346455
0
LINE
8
BLACK
6
CONTINUOUS
10
5.5679952362204723
20
-4.2865323228346455
11
5.5662883464566928
21
-4.2839778346456692
0
LINE
8
BLACK
6
CONTINUOUS
10
5.5662883464566928
20
-4.2839778346456692
11
5.5656889763779525
21
-4.2809645669291339
0
LINE
8
BLACK
6
CONTINUOUS
10
5.5656889763779525
20
-4.2809645669291339
11
5.5656889763779525
21
-4.2652165354330709
0
LINE
8
BLACK
6
CONTINUOUS
10
5.5656889763779525
20
-4.2652165354330709
11
5.5662883464566928
21
-4.2622032677165356
0
LINE
8
BLACK
6
CONTINUOUS
10
5.5662883464566928
20
-4.2622032677165356
11
5.5679952362204723
21
-4.2596487795275593
0
LINE
8
BLACK
6
CONTINUOUS
10
5.5679952362204723
20
-4.2596487795275593
11
5.5705497244094486
21
-4.2579418897637797
0
LINE
8
BLACK
6
CONTINUOUS
10
5.5705497244094486
20
-4.2579418897637797
11
5.5735629921259839
21
-4.2573425196850394
0
LINE
8
BLACK
6
CONTINUOUS
10
5.5735629921259839
20
-4.2573425196850394
11
5.6286811023622043
21
-4.2573425196850394
0
LINE
8
BLACK
6
CONTINUOUS
10
5.6286811023622043
20
-4.2573425196850394
11
5.6316943700787396
21
-4.2579418897637797
0
LINE
8
BLACK
6
CONTINUOUS
10
6.2687996062992122
20
-4.2843264566929129
11
6.233799606299212
21
-4.2843264566929129
0
LINE
8
BLACK
6
CONTINUOUS
10
6.233799606299212
20
-4.2843264566929129
11
6.233799606299212
21
-4.2293264566929132
0
LINE
8
BLACK
6
CONTINUOUS
10
6.233799606299212
20
-4.2293264566929132
11
6.2687996062992122
21
-4.2293264566929132
0
LINE
8
BLACK
6
CONTINUOUS
10
6.2687996062992122
20
-4.2293264566929132
11
6.2687996062992122
21
-4.2843264566929129
0
LINE
8
BLACK
6
CONTINUOUS
10
6.3437996062992124
20
-4.2843264566929129
11
6.3087996062992122
21
-4.2843264566929129
0
LINE
8
BLACK
6
CONTINUOUS
10
6.3087996062992122
20
-4.2843264566929129
11
6.3087996062992122
21
-4.2293264566929132
0
LINE
8
BLACK
6
CONTINUOUS
10
6.3087996062992122
20
-4.2293264566929132
11
6.3437996062992124
21
-4.2293264566929132
0
LINE
8
BLACK
6
CONTINUOUS
10
6.3437996062992124
20
-4.2293264566929132
11
6.3437996062992124
21
-4.2843264566929129
0
LINE
8
BLACK
6
CONTINUOUS
10
5.9742247637795272
20
-4.2629488976377949
11
5.939224763779527
21
-4.2629488976377949
0
LINE
8
BLACK
6
CONTINUOUS
10
5.939224763779527
20
-4.2629488976377949
11
5.939224763779527
21
-4.2079488976377952
0
LINE
8
BLACK
6
CONTINUOUS
10
5.939224763779527
20
-4.2079488976377952
11
5.9742247637795272
21
-4.2079488976377952
0
LINE
8
BLACK
6
CONTINUOUS
10
5.9742247637795272
20
-4.2079488976377952
11
5.9742247637795272
21
-4.2629488976377949
0
LINE
8
BLACK
6
CONTINUOUS
10
6.0492247637795273
20
-4.2629488976377949
11
6.0142247637795272
21
-4.2629488976377949
0
LINE
8
BLACK
6
CONTINUOUS
10
6.0142247637795272
20
-4.2629488976377949
11
6.0142247637795272
21
-4.2079488976377952
0
LINE
8
BLACK
6
CONTINUOUS
10
6.0142247637795272
20
-4.2079488976377952
11
6.0492247637795273
21
-4.2079488976377952
0
LINE
8
BLACK
6
CONTINUOUS
10
6.0492247637795273
20
-4.2079488976377952
11
6.0492247637795273
21
-4.2629488976377949
0
LINE
8
BLACK
6
CONTINUOUS
10
5.906582401574803
20
-4.2527792125984254
11
5.8515824015748032
21
-4.2527792125984254
0
LINE
8
BLACK
6
CONTINUOUS
10
5.8515824015748032
20
-4.2527792125984254
11
5.8515824015748032
21
-4.2177792125984253
0
LINE
8
BLACK
6
CONTINUOUS
10
5.8515824015748032
20
-4.2177792125984253
11
5.906582401574803
21
-4.2177792125984253
0
LINE
8
BLACK
6
CONTINUOUS
10
5.906582401574803
20
-4.2177792125984253
11
5.906582401574803
21
-4.2527792125984254
0
LINE
8
BLACK
6
CONTINUOUS
10
5.1592534251968507
20
-4.2146348031496066
11
5.161807913385827
21
-4.2163416929133861
0
LINE
8
BLACK
6
CONTINUOUS
10
5.161807913385827
20
-4.2163416929133861
11
5.1635148031496065
21
-4.2188961811023624
0
LINE
8
BLACK
6
CONTINUOUS
10
5.1635148031496065
20
-4.2188961811023624
11
5.164114173228346
21
-4.2219094488188977
0
LINE
8
BLACK
6
CONTINUOUS
10
5.164114173228346
20
-4.2219094488188977
11
5.164114173228346
21
-4.2376574803149607
0
LINE
8
BLACK
6
CONTINUOUS
10
5.164114173228346
20
-4.2376574803149607
11
5.1635148031496065
21
-4.240670748031496
0
LINE
8
BLACK
6
CONTINUOUS
10
5.1635148031496065
20
-4.240670748031496
11
5.161807913385827
21
-4.2432252362204723
0
LINE
8
BLACK
6
CONTINUOUS
10
5.161807913385827
20
-4.2432252362204723
11
5.1592534251968507
21
-4.2449321259842518
0
LINE
8
BLACK
6
CONTINUOUS
10
5.1592534251968507
20
-4.2449321259842518
11
5.1562401574803145
21
-4.2455314960629922
0
LINE
8
BLACK
6
CONTINUOUS
10
5.1562401574803145
20
-4.2455314960629922
11
5.1011220472440941
21
-4.2455314960629922
0
LINE
8
BLACK
6
CONTINUOUS
10
5.1011220472440941
20
-4.2455314960629922
11
5.0981087795275588
21
-4.2449321259842518
0
LINE
8
BLACK
6
CONTINUOUS
10
5.0981087795275588
20
-4.2449321259842518
11
5.0955542913385825
21
-4.2432252362204723
0
LINE
8
BLACK
6
CONTINUOUS
10
5.0955542913385825
20
-4.2432252362204723
11
5.093847401574803
21
-4.240670748031496
0
LINE
8
BLACK
6
CONTINUOUS
10
5.093847401574803
20
-4.240670748031496
11
5.0932480314960626
21
-4.2376574803149607
0
LINE
8
BLACK
6
CONTINUOUS
10
5.0932480314960626
20
-4.2376574803149607
11
5.0932480314960626
21
-4.2219094488188977
0
LINE
8
BLACK
6
CONTINUOUS
10
5.0932480314960626
20
-4.2219094488188977
11
5.093847401574803
21
-4.2188961811023624
0
LINE
8
BLACK
6
CONTINUOUS
10
5.093847401574803
20
-4.2188961811023624
11
5.0955542913385825
21
-4.2163416929133861
0
LINE
8
BLACK
6
CONTINUOUS
10
5.0955542913385825
20
-4.2163416929133861
11
5.0981087795275588
21
-4.2146348031496066
0
LINE
8
BLACK
6
CONTINUOUS
10
5.0981087795275588
20
-4.2146348031496066
11
5.1011220472440941
21
-4.2140354330708663
0
LINE
8
BLACK
6
CONTINUOUS
10
5.1011220472440941
20
-4.2140354330708663
11
5.1562401574803145
21
-4.2140354330708663
0
LINE
8
BLACK
6
CONTINUOUS
10
5.1562401574803145
20
-4.2140354330708663
11
5.1592534251968507
21
-4.2146348031496066
0
LINE
8
BLACK
6
CONTINUOUS
10
5.6316943700787396
20
-4.2146348031496066
11
5.6342488582677168
21
-4.2163416929133861
0
LINE
8
BLACK
6
CONTINUOUS
10
5.6342488582677168
20
-4.2163416929133861
11
5.6359557480314963
21
-4.2188961811023624
0
LINE
8
BLACK
6
CONTINUOUS
10
5.6359557480314963
20
-4.2188961811023624
11
5.6365551181102358
21
-4.2219094488188977
0
LINE
8
BLACK
6
CONTINUOUS
10
5.6365551181102358
20
-4.2219094488188977
11
5.6365551181102358
21
-4.2376574803149607
0
LINE
8
BLACK
6
CONTINUOUS
10
5.6365551181102358
20
-4.2376574803149607
11
5.6359557480314963
21
-4.240670748031496
0
LINE
8
BLACK
6
CONTINUOUS
10
5.6359557480314963
20
-4.240670748031496
11
5.6342488582677168
21
-4.2432252362204723
0
LINE
8
BLACK
6
CONTINUOUS
10
5.6342488582677168
20
-4.2432252362204723
11
5.6316943700787396
21
-4.2449321259842518
0
LINE
8
BLACK
6
CONTINUOUS
10
5.6316943700787396
20
-4.2449321259842518
11
5.6286811023622043
21
-4.2455314960629922
0
LINE
8
BLACK
6
CONTINUOUS
10
5.6286811023622043
20
-4.2455314960629922
11
5.5735629921259839
21
-4.2455314960629922
0
LINE
8
BLACK
6
CONTINUOUS
10
5.5735629921259839
20
-4.2455314960629922
11
5.5705497244094486
21
-4.2449321259842518
0
LINE
8
BLACK
6
CONTINUOUS
10
5.5705497244094486
20
-4.2449321259842518
11
5.5679952362204723
21
-4.2432252362204723
0
LINE
8
BLACK
6
CONTINUOUS
10
5.5679952362204723
20
-4.2432252362204723
11
5.5662883464566928
21
-4.240670748031496
0
LINE
8
BLACK
6
CONTINUOUS
10
5.5662883464566928
20
-4.240670748031496
11
5.5656889763779525
21
-4.2376574803149607
0
LINE
8
BLACK
6
CONTINUOUS
10
5.5656889763779525
20
-4.2376574803149607
11
5.5656889763779525
21
-4.2219094488188977
0
LINE
8
BLACK
6
CONTINUOUS
10
5.5656889763779525
20
-4.2219094488188977
11
5.5662883464566928
21
-4.2188961811023624
0
LINE
8
BLACK
6
CONTINUOUS
10
5.5662883464566928
20
-4.2188961811023624
11
5.5679952362204723
21
-4.2163416929133861
0
LINE
8
BLACK
6
CONTINUOUS
10
5.5679952362204723
20
-4.2163416929133861
11
5.5705497244094486
21
-4.2146348031496066
0
LINE
8
BLACK
6
CONTINUOUS
10
5.5705497244094486
20
-4.2146348031496066
11
5.5735629921259839
21
-4.2140354330708663
0
LINE
8
BLACK
6
CONTINUOUS
10
5.5735629921259839
20
-4.2140354330708663
11
5.6286811023622043
21
-4.2140354330708663
0
LINE
8
BLACK
6
CONTINUOUS
10
5.6286811023622043
20
-4.2140354330708663
11
5.6316943700787396
21
-4.2146348031496066
0
LINE
8
BLACK
6
CONTINUOUS
10
5.7674015748031495
20
-4.2238582677165351
11
5.7124015748031498
21
-4.2238582677165351
0
LINE
8
BLACK
6
CONTINUOUS
10
5.7124015748031498
20
-4.2238582677165351
11
5.7124015748031498
21
-4.1888582677165349
0
LINE
8
BLACK
6
CONTINUOUS
10
5.7124015748031498
20
-4.1888582677165349
11
5.7674015748031495
21
-4.1888582677165349
0
LINE
8
BLACK
6
CONTINUOUS
10
5.7674015748031495
20
-4.1888582677165349
11
5.7674015748031495
21
-4.2238582677165351
0
LINE
8
BLACK
6
CONTINUOUS
10
6.146380118110236
20
-4.2196833464566925
11
6.130632086614173
21
-4.2196833464566925
0
LINE
8
BLACK
6
CONTINUOUS
10
6.130632086614173
20
-4.2196833464566925
11
6.130632086614173
21
-4.1940927952755906
0
LINE
8
BLACK
6
CONTINUOUS
10
6.130632086614173
20
-4.1940927952755906
11
6.146380118110236
21
-4.1940927952755906
0
LINE
8
BLACK
6
CONTINUOUS
10
6.146380118110236
20
-4.1940927952755906
11
6.146380118110236
21
-4.2196833464566925
0
LINE
8
BLACK
6
CONTINUOUS
10
6.1719706692913388
20
-4.2196833464566925
11
6.1562226377952758
21
-4.2196833464566925
0
LINE
8
BLACK
6
CONTINUOUS
10
6.1562226377952758
20
-4.2196833464566925
11
6.1562226377952758
21
-4.1940927952755906
0
LINE
8
BLACK
6
CONTINUOUS
10
6.1562226377952758
20
-4.1940927952755906
11
6.1719706692913388
21
-4.1940927952755906
0
LINE
8
BLACK
6
CONTINUOUS
10
6.1719706692913388
20
-4.1940927952755906
11
6.1719706692913388
21
-4.2196833464566925
0
LINE
8
BLACK
6
CONTINUOUS
10
6.1975612204724406
20
-4.2196833464566925
11
6.1818131889763777
21
-4.2196833464566925
0
LINE
8
BLACK
6
CONTINUOUS
10
6.1818131889763777
20
-4.2196833464566925
11
6.1818131889763777
21
-4.1940927952755906
0
LINE
8
BLACK
6
CONTINUOUS
10
6.1818131889763777
20
-4.1940927952755906
11
6.1975612204724406
21
-4.1940927952755906
0
LINE
8
BLACK
6
CONTINUOUS
10
6.1975612204724406
20
-4.1940927952755906
11
6.1975612204724406
21
-4.2196833464566925
0
LINE
8
BLACK
6
CONTINUOUS
10
4.9474015748031492
20
-4.2124212598425199
11
4.9124015748031491
21
-4.2124212598425199
0
LINE
8
BLACK
6
CONTINUOUS
10
4.9124015748031491
20
-4.2124212598425199
11
4.9124015748031491
21
-4.1574212598425193
0
LINE
8
BLACK
6
CONTINUOUS
10
4.9124015748031491
20
-4.1574212598425193
11
4.9474015748031492
21
-4.1574212598425193
0
LINE
8
BLACK
6
CONTINUOUS
10
4.9474015748031492
20
-4.1574212598425193
11
4.9474015748031492
21
-4.2124212598425199
0
LINE
8
BLACK
6
CONTINUOUS
10
5.0224015748031494
20
-4.2124212598425199
11
4.9874015748031493
21
-4.2124212598425199
0
LINE
8
BLACK
6
CONTINUOUS
10
4.9874015748031493
20
-4.2124212598425199
11
4.9874015748031493
21
-4.1574212598425193
0
LINE
8
BLACK
6
CONTINUOUS
10
4.9874015748031493
20
-4.1574212598425193
11
5.0224015748031494
21
-4.1574212598425193
0
LINE
8
BLACK
6
CONTINUOUS
10
5.0224015748031494
20
-4.1574212598425193
11
5.0224015748031494
21
-4.2124212598425199
0
LINE
8
BLACK
6
CONTINUOUS
10
6.0181257480314958
20
-4.1794133070866142
11
5.9831257480314957
21
-4.1794133070866142
0
LINE
8
BLACK
6
CONTINUOUS
10
5.9831257480314957
20
-4.1794133070866142
11
5.9831257480314957
21
-4.1244133070866145
0
LINE
8
BLACK
6
CONTINUOUS
10
5.9831257480314957
20
-4.1244133070866145
11
6.0181257480314958
21
-4.1244133070866145
0
LINE
8
BLACK
6
CONTINUOUS
10
6.0181257480314958
20
-4.1244133070866145
11
6.0181257480314958
21
-4.1794133070866142
0
LINE
8
BLACK
6
CONTINUOUS
10
6.093125748031496
20
-4.1794133070866142
11
6.0581257480314958
21
-4.1794133070866142
0
LINE
8
BLACK
6
CONTINUOUS
10
6.0581257480314958
20
-4.1794133070866142
11
6.0581257480314958
21
-4.1244133070866145
0
LINE
8
BLACK
6
CONTINUOUS
10
6.0581257480314958
20
-4.1244133070866145
11
6.093125748031496
21
-4.1244133070866145
0
LINE
8
BLACK
6
CONTINUOUS
10
6.093125748031496
20
-4.1244133070866145
11
6.093125748031496
21
-4.1794133070866142
0
LINE
8
BLACK
6
CONTINUOUS
10
5.906582401574803
20
-4.1777792125984252
11
5.8515824015748032
21
-4.1777792125984252
0
LINE
8
BLACK
6
CONTINUOUS
10
5.8515824015748032
20
-4.1777792125984252
11
5.8515824015748032
21
-4.1427792125984251
0
LINE
8
BLACK
6
CONTINUOUS
10
5.8515824015748032
20
-4.1427792125984251
11
5.906582401574803
21
-4.1427792125984251
0
LINE
8
BLACK
6
CONTINUOUS
10
5.906582401574803
20
-4.1427792125984251
11
5.906582401574803
21
-4.1777792125984252
0
LINE
8
BLACK
6
CONTINUOUS
10
6.2179585826771655
20
-4.1531876377952752
11
6.1629585826771649
21
-4.1531876377952752
0
LINE
8
BLACK
6
CONTINUOUS
10
6.1629585826771649
20
-4.1531876377952752
11
6.1629585826771649
21
-4.1181876377952751
0
LINE
8
BLACK
6
CONTINUOUS
10
6.1629585826771649
20
-4.1181876377952751
11
6.2179585826771655
21
-4.1181876377952751
0
LINE
8
BLACK
6
CONTINUOUS
10
6.2179585826771655
20
-4.1181876377952751
11
6.2179585826771655
21
-4.1531876377952752
0
LINE
8
BLACK
6
CONTINUOUS
10
5.7674015748031495
20
-4.1488582677165358
11
5.7124015748031498
21
-4.1488582677165358
0
LINE
8
BLACK
6
CONTINUOUS
10
5.7124015748031498
20
-4.1488582677165358
11
5.7124015748031498
21
-4.1138582677165356
0
LINE
8
BLACK
6
CONTINUOUS
10
5.7124015748031498
20
-4.1138582677165356
11
5.7674015748031495
21
-4.1138582677165356
0
LINE
8
BLACK
6
CONTINUOUS
10
5.7674015748031495
20
-4.1138582677165356
11
5.7674015748031495
21
-4.1488582677165358
0
LINE
8
BLACK
6
CONTINUOUS
10
6.6041141732283464
20
-4.1486220472440944
11
6.5056889763779528
21
-4.1486220472440944
0
LINE
8
BLACK
6
CONTINUOUS
10
6.5056889763779528
20
-4.1486220472440944
11
6.5056889763779528
21
-4.0285433070866139
0
LINE
8
BLACK
6
CONTINUOUS
10
6.5056889763779528
20
-4.0285433070866139
11
6.6041141732283464
21
-4.0285433070866139
0
LINE
8
BLACK
6
CONTINUOUS
10
6.6041141732283464
20
-4.0285433070866139
11
6.6041141732283464
21
-4.1486220472440944
0
LINE
8
BLACK
6
CONTINUOUS
10
4.9474015748031492
20
-4.1324212598425198
11
4.9124015748031491
21
-4.1324212598425198
0
LINE
8
BLACK
6
CONTINUOUS
10
4.9124015748031491
20
-4.1324212598425198
11
4.9124015748031491
21
-4.0774212598425192
0
LINE
8
BLACK
6
CONTINUOUS
10
4.9124015748031491
20
-4.0774212598425192
11
4.9474015748031492
21
-4.0774212598425192
0
LINE
8
BLACK
6
CONTINUOUS
10
4.9474015748031492
20
-4.0774212598425192
11
4.9474015748031492
21
-4.1324212598425198
0
LINE
8
BLACK
6
CONTINUOUS
10
5.0224015748031494
20
-4.1324212598425198
11
4.9874015748031493
21
-4.1324212598425198
0
LINE
8
BLACK
6
CONTINUOUS
10
4.9874015748031493
20
-4.1324212598425198
11
4.9874015748031493
21
-4.0774212598425192
0
LINE
8
BLACK
6
CONTINUOUS
10
4.9874015748031493
20
-4.0774212598425192
11
5.0224015748031494
21
-4.0774212598425192
0
LINE
8
BLACK
6
CONTINUOUS
10
5.0224015748031494
20
-4.0774212598425192
11
5.0224015748031494
21
-4.1324212598425198
0
LINE
8
BLACK
6
CONTINUOUS
10
5.1592534251968507
20
-4.0965245669291335
11
5.161807913385827
21
-4.098231456692913
0
LINE
8
BLACK
6
CONTINUOUS
10
5.161807913385827
20
-4.098231456692913
11
5.1635148031496065
21
-4.1007859448818893
0
LINE
8
BLACK
6
CONTINUOUS
10
5.1635148031496065
20
-4.1007859448818893
11
5.164114173228346
21
-4.1037992125984255
0
LINE
8
BLACK
6
CONTINUOUS
10
5.164114173228346
20
-4.1037992125984255
11
5.164114173228346
21
-4.1195472440944885
0
LINE
8
BLACK
6
CONTINUOUS
10
5.164114173228346
20
-4.1195472440944885
11
5.1635148031496065
21
-4.1225605118110238
0
LINE
8
BLACK
6
CONTINUOUS
10
5.1635148031496065
20
-4.1225605118110238
11
5.161807913385827
21
-4.1251150000000001
0
LINE
8
BLACK
6
CONTINUOUS
10
5.161807913385827
20
-4.1251150000000001
11
5.1592534251968507
21
-4.1268218897637796
0
LINE
8
BLACK
6
CONTINUOUS
10
5.1592534251968507
20
-4.1268218897637796
11
5.1562401574803145
21
-4.12742125984252
0
LINE
8
BLACK
6
CONTINUOUS
10
5.1562401574803145
20
-4.12742125984252
11
5.1011220472440941
21
-4.12742125984252
0
LINE
8
BLACK
6
CONTINUOUS
10
5.1011220472440941
20
-4.12742125984252
11
5.0981087795275588
21
-4.1268218897637796
0
LINE
8
BLACK
6
CONTINUOUS
10
5.0981087795275588
20
-4.1268218897637796
11
5.0955542913385825
21
-4.1251150000000001
0
LINE
8
BLACK
6
CONTINUOUS
10
5.0955542913385825
20
-4.1251150000000001
11
5.093847401574803
21
-4.1225605118110238
0
LINE
8
BLACK
6
CONTINUOUS
10
5.093847401574803
20
-4.1225605118110238
11
5.0932480314960626
21
-4.1195472440944885
0
LINE
8
BLACK
6
CONTINUOUS
10
5.0932480314960626
20
-4.1195472440944885
11
5.0932480314960626
21
-4.1037992125984255
0
LINE
8
BLACK
6
CONTINUOUS
10
5.0932480314960626
20
-4.1037992125984255
11
5.093847401574803
21
-4.1007859448818893
0
LINE
8
BLACK
6
CONTINUOUS
10
5.093847401574803
20
-4.1007859448818893
11
5.0955542913385825
21
-4.098231456692913
0
LINE
8
BLACK
6
CONTINUOUS
10
5.0955542913385825
20
-4.098231456692913
11
5.0981087795275588
21
-4.0965245669291335
0
LINE
8
BLACK
6
CONTINUOUS
10
5.0981087795275588
20
-4.0965245669291335
11
5.1011220472440941
21
-4.095925196850394
0
LINE
8
BLACK
6
CONTINUOUS
10
5.1011220472440941
20
-4.095925196850394
11
5.1562401574803145
21
-4.095925196850394
0
LINE
8
BLACK
6
CONTINUOUS
10
5.1562401574803145
20
-4.095925196850394
11
5.1592534251968507
21
-4.0965245669291335
0
LINE
8
BLACK
6
CONTINUOUS
10
5.6316943700787396
20
-4.0965245669291335
11
5.6342488582677168
21
-4.098231456692913
0
LINE
8
BLACK
6
CONTINUOUS
10
5.6342488582677168
20
-4.098231456692913
11
5.6359557480314963
21
-4.1007859448818893
0
LINE
8
BLACK
6
CONTINUOUS
10
5.6359557480314963
20
-4.1007859448818893
11
5.6365551181102358
21
-4.1037992125984255
0
LINE
8
BLACK
6
CONTINUOUS
10
5.6365551181102358
20
-4.1037992125984255
11
5.6365551181102358
21
-4.1195472440944885
0
LINE
8
BLACK
6
CONTINUOUS
10
5.6365551181102358
20
-4.1195472440944885
11
5.6359557480314963
21
-4.1225605118110238
0
LINE
8
BLACK
6
CONTINUOUS
10
5.6359557480314963
20
-4.1225605118110238
11
5.6342488582677168
21
-4.1251150000000001
0
LINE
8
BLACK
6
CONTINUOUS
10
5.6342488582677168
20
-4.1251150000000001
11
5.6316943700787396
21
-4.1268218897637796
0
LINE
8
BLACK
6
CONTINUOUS
10
5.6316943700787396
20
-4.1268218897637796
11
5.6286811023622043
21
-4.12742125984252
0
LINE
8
BLACK
6
CONTINUOUS
10
5.6286811023622043
20
-4.12742125984252
11
5.5735629921259839
21
-4.12742125984252
0
LINE
8
BLACK
6
CONTINUOUS
10
5.5735629921259839
20
-4.12742125984252
11
5.5705497244094486
21
-4.1268218897637796
0
LINE
8
BLACK
6
CONTINUOUS
10
5.5705497244094486
20
-4.1268218897637796
11
5.5679952362204723
21
-4.1251150000000001
0
LINE
8
BLACK
6
CONTINUOUS
10
5.5679952362204723
20
-4.1251150000000001
11
5.5662883464566928
21
-4.1225605118110238
0
LINE
8
BLACK
6
CONTINUOUS
10
5.5662883464566928
20
-4.1225605118110238
11
5.5656889763779525
21
-4.1195472440944885
0
LINE
8
BLACK
6
CONTINUOUS
10
5.5656889763779525
20
-4.1195472440944885
11
5.5656889763779525
21
-4.1037992125984255
0
LINE
8
BLACK
6
CONTINUOUS
10
5.5656889763779525
20
-4.1037992125984255
11
5.5662883464566928
21
-4.1007859448818893
0
LINE
8
BLACK
6
CONTINUOUS
10
5.5662883464566928
20
-4.1007859448818893
11
5.5679952362204723
21
-4.098231456692913
0
LINE
8
BLACK
6
CONTINUOUS
10
5.5679952362204723
20
-4.098231456692913
11
5.5705497244094486
21
-4.0965245669291335
0
LINE
8
BLACK
6
CONTINUOUS
10
5.5705497244094486
20
-4.0965245669291335
11
5.5735629921259839
21
-4.095925196850394
0
LINE
8
BLACK
6
CONTINUOUS
10
5.5735629921259839
20
-4.095925196850394
11
5.6286811023622043
21
-4.095925196850394
0
LINE
8
BLACK
6
CONTINUOUS
10
5.6286811023622043
20
-4.095925196850394
11
5.6316943700787396
21
-4.0965245669291335
0
LINE
8
BLACK
6
CONTINUOUS
10
6.017399409448819
20
-4.0939103937007877
11
5.9823994094488189
21
-4.0939103937007877
0
LINE
8
BLACK
6
CONTINUOUS
10
5.9823994094488189
20
-4.0939103937007877
11
5.9823994094488189
21
-4.0389103937007871
0
LINE
8
BLACK
6
CONTINUOUS
10
5.9823994094488189
20
-4.0389103937007871
11
6.017399409448819
21
-4.0389103937007871
0
LINE
8
BLACK
6
CONTINUOUS
10
6.017399409448819
20
-4.0389103937007871
11
6.017399409448819
21
-4.0939103937007877
0
LINE
8
BLACK
6
CONTINUOUS
10
6.0923994094488192
20
-4.0939103937007877
11
6.057399409448819
21
-4.0939103937007877
0
LINE
8
BLACK
6
CONTINUOUS
10
6.057399409448819
20
-4.0939103937007877
11
6.057399409448819
21
-4.0389103937007871
0
LINE
8
BLACK
6
CONTINUOUS
10
6.057399409448819
20
-4.0389103937007871
11
6.0923994094488192
21
-4.0389103937007871
0
LINE
8
BLACK
6
CONTINUOUS
10
6.0923994094488192
20
-4.0389103937007871
11
6.0923994094488192
21
-4.0939103937007877
0
LINE
8
BLACK
6
CONTINUOUS
10
5.1592534251968507
20
-4.0532174803149603
11
5.161807913385827
21
-4.0549243700787398
0
LINE
8
BLACK
6
CONTINUOUS
10
5.161807913385827
20
-4.0549243700787398
11
5.1635148031496065
21
-4.0574788582677161
0
LINE
8
BLACK
6
CONTINUOUS
10
5.1635148031496065
20
-4.0574788582677161
11
5.164114173228346
21
-4.0604921259842515
0
LINE
8
BLACK
6
CONTINUOUS
10
5.164114173228346
20
-4.0604921259842515
11
5.164114173228346
21
-4.0762401574803144
0
LINE
8
BLACK
6
CONTINUOUS
10
5.164114173228346
20
-4.0762401574803144
11
5.1635148031496065
21
-4.0792534251968506
0
LINE
8
BLACK
6
CONTINUOUS
10
5.1635148031496065
20
-4.0792534251968506
11
5.161807913385827
21
-4.0818079133858269
0
LINE
8
BLACK
6
CONTINUOUS
10
5.161807913385827
20
-4.0818079133858269
11
5.1592534251968507
21
-4.0835148031496065
0
LINE
8
BLACK
6
CONTINUOUS
10
5.1592534251968507
20
-4.0835148031496065
11
5.1562401574803145
21
-4.0841141732283468
0
LINE
8
BLACK
6
CONTINUOUS
10
5.1562401574803145
20
-4.0841141732283468
11
5.1011220472440941
21
-4.0841141732283468
0
LINE
8
BLACK
6
CONTINUOUS
10
5.1011220472440941
20
-4.0841141732283468
11
5.0981087795275588
21
-4.0835148031496065
0
LINE
8
BLACK
6
CONTINUOUS
10
5.0981087795275588
20
-4.0835148031496065
11
5.0955542913385825
21
-4.0818079133858269
0
LINE
8
BLACK
6
CONTINUOUS
10
5.0955542913385825
20
-4.0818079133858269
11
5.093847401574803
21
-4.0792534251968506
0
LINE
8
BLACK
6
CONTINUOUS
10
5.093847401574803
20
-4.0792534251968506
11
5.0932480314960626
21
-4.0762401574803144
0
LINE
8
BLACK
6
CONTINUOUS
10
5.0932480314960626
20
-4.0762401574803144
11
5.0932480314960626
21
-4.0604921259842515
0
LINE
8
BLACK
6
CONTINUOUS
10
5.0932480314960626
20
-4.0604921259842515
11
5.093847401574803
21
-4.0574788582677161
0
LINE
8
BLACK
6
CONTINUOUS
10
5.093847401574803
20
-4.0574788582677161
11
5.0955542913385825
21
-4.0549243700787398
0
LINE
8
BLACK
6
CONTINUOUS
10
5.0955542913385825
20
-4.0549243700787398
11
5.0981087795275588
21
-4.0532174803149603
0
LINE
8
BLACK
6
CONTINUOUS
10
5.0981087795275588
20
-4.0532174803149603
11
5.1011220472440941
21
-4.05261811023622
0
LINE
8
BLACK
6
CONTINUOUS
10
5.1011220472440941
20
-4.05261811023622
11
5.1562401574803145
21
-4.05261811023622
0
LINE
8
BLACK
6
CONTINUOUS
10
5.1562401574803145
20
-4.05261811023622
11
5.1592534251968507
21
-4.0532174803149603
0
LINE
8
BLACK
6
CONTINUOUS
10
5.6316943700787396
20
-4.0532174803149603
11
5.6342488582677168
21
-4.0549243700787398
0
LINE
8
BLACK
6
CONTINUOUS
10
5.6342488582677168
20
-4.0549243700787398
11
5.6359557480314963
21
-4.0574788582677161
0
LINE
8
BLACK
6
CONTINUOUS
10
5.6359557480314963
20
-4.0574788582677161
11
5.6365551181102358
21
-4.0604921259842515
0
LINE
8
BLACK
6
CONTINUOUS
10
5.6365551181102358
20
-4.0604921259842515
11
5.6365551181102358
21
-4.0762401574803144
0
LINE
8
BLACK
6
CONTINUOUS
10
5.6365551181102358
20
-4.0762401574803144
11
5.6359557480314963
21
-4.0792534251968506
0
LINE
8
BLACK
6
CONTINUOUS
10
5.6359557480314963
20
-4.0792534251968506
11
5.6342488582677168
21
-4.0818079133858269
0
LINE
8
BLACK
6
CONTINUOUS
10
5.6342488582677168
20
-4.0818079133858269
11
5.6316943700787396
21
-4.0835148031496065
0
LINE
8
BLACK
6
CONTINUOUS
10
5.6316943700787396
20
-4.0835148031496065
11
5.6286811023622043
21
-4.0841141732283468
0
LINE
8
BLACK
6
CONTINUOUS
10
5.6286811023622043
20
-4.0841141732283468
11
5.5735629921259839
21
-4.0841141732283468
0
LINE
8
BLACK
6
CONTINUOUS
10
5.5735629921259839
20
-4.0841141732283468
11
5.5705497244094486
21
-4.0835148031496065
0
LINE
8
BLACK
6
CONTINUOUS
10
5.5705497244094486
20
-4.0835148031496065
11
5.5679952362204723
21
-4.0818079133858269
0
LINE
8
BLACK
6
CONTINUOUS
10
5.5679952362204723
20
-4.0818079133858269
11
5.5662883464566928
21
-4.0792534251968506
0
LINE
8
BLACK
6
CONTINUOUS
10
5.5662883464566928
20
-4.0792534251968506
11
5.5656889763779525
21
-4.0762401574803144
0
LINE
8
BLACK
6
CONTINUOUS
10
5.5656889763779525
20
-4.0762401574803144
11
5.5656889763779525
21
-4.0604921259842515
0
LINE
8
BLACK
6
CONTINUOUS
10
5.5656889763779525
20
-4.0604921259842515
11
5.5662883464566928
21
-4.0574788582677161
0
LINE
8
BLACK
6
CONTINUOUS
10
5.5662883464566928
20
-4.0574788582677161
11
5.5679952362204723
21
-4.0549243700787398
0
LINE
8
BLACK
6
CONTINUOUS
10
5.5679952362204723
20
-4.0549243700787398
11
5.5705497244094486
21
-4.0532174803149603
0
LINE
8
BLACK
6
CONTINUOUS
10
5.5705497244094486
20
-4.0532174803149603
11
5.5735629921259839
21
-4.05261811023622
0
LINE
8
BLACK
6
CONTINUOUS
10
5.5735629921259839
20
-4.05261811023622
11
5.6286811023622043
21
-4.05261811023622
0
LINE
8
BLACK
6
CONTINUOUS
10
5.6286811023622043
20
-4.05261811023622
11
5.6316943700787396
21
-4.0532174803149603
0
LINE
8
BLACK
6
CONTINUOUS
10
6.2179585826771655
20
-4.0781876377952759
11
6.1629585826771649
21
-4.0781876377952759
0
LINE
8
BLACK
6
CONTINUOUS
10
6.1629585826771649
20
-4.0781876377952759
11
6.1629585826771649
21
-4.0431876377952758
0
LINE
8
BLACK
6
CONTINUOUS
10
6.1629585826771649
20
-4.0431876377952758
11
6.2179585826771655
21
-4.0431876377952758
0
LINE
8
BLACK
6
CONTINUOUS
10
6.2179585826771655
20
-4.0431876377952758
11
6.2179585826771655
21
-4.0781876377952759
0
LINE
8
BLACK
6
CONTINUOUS
10
6.3932480314960625
20
-4.0630708661417323
11
6.3578149606299208
21
-4.0630708661417323
0
LINE
8
BLACK
6
CONTINUOUS
10
6.3578149606299208
20
-4.0630708661417323
11
6.3578149606299208
21
-4.0315748031496064
0
LINE
8
BLACK
6
CONTINUOUS
10
6.3578149606299208
20
-4.0315748031496064
11
6.3932480314960625
21
-4.0315748031496064
0
LINE
8
BLACK
6
CONTINUOUS
10
6.3932480314960625
20
-4.0315748031496064
11
6.3932480314960625
21
-4.0630708661417323
0
LINE
8
BLACK
6
CONTINUOUS
10
4.9474015748031492
20
-4.0524212598425198
11
4.9124015748031491
21
-4.0524212598425198
0
LINE
8
BLACK
6
CONTINUOUS
10
4.9124015748031491
20
-4.0524212598425198
11
4.9124015748031491
21
-3.9974212598425196
0
LINE
8
BLACK
6
CONTINUOUS
10
4.9124015748031491
20
-3.9974212598425196
11
4.9474015748031492
21
-3.9974212598425196
0
LINE
8
BLACK
6
CONTINUOUS
10
4.9474015748031492
20
-3.9974212598425196
11
4.9474015748031492
21
-4.0524212598425198
0
LINE
8
BLACK
6
CONTINUOUS
10
5.0224015748031494
20
-4.0524212598425198
11
4.9874015748031493
21
-4.0524212598425198
0
LINE
8
BLACK
6
CONTINUOUS
10
4.9874015748031493
20
-4.0524212598425198
11
4.9874015748031493
21
-3.9974212598425196
0
LINE
8
BLACK
6
CONTINUOUS
10
4.9874015748031493
20
-3.9974212598425196
11
5.0224015748031494
21
-3.9974212598425196
0
LINE
8
BLACK
6
CONTINUOUS
10
5.0224015748031494
20
-3.9974212598425196
11
5.0224015748031494
21
-4.0524212598425198
0
LINE
8
BLACK
6
CONTINUOUS
10
5.1592534251968507
20
-4.0099103937007872
11
5.161807913385827
21
-4.0116172834645667
0
LINE
8
BLACK
6
CONTINUOUS
10
5.161807913385827
20
-4.0116172834645667
11
5.1635148031496065
21
-4.014171771653543
0
LINE
8
BLACK
6
CONTINUOUS
10
5.1635148031496065
20
-4.014171771653543
11
5.164114173228346
21
-4.0171850393700783
0
LINE
8
BLACK
6
CONTINUOUS
10
5.164114173228346
20
-4.0171850393700783
11
5.164114173228346
21
-4.0329330708661413
0
LINE
8
BLACK
6
CONTINUOUS
10
5.164114173228346
20
-4.0329330708661413
11
5.1635148031496065
21
-4.0359463385826775
0
LINE
8
BLACK
6
CONTINUOUS
10
5.1635148031496065
20
-4.0359463385826775
11
5.161807913385827
21
-4.0385008267716538
0
LINE
8
BLACK
6
CONTINUOUS
10
5.161807913385827
20
-4.0385008267716538
11
5.1592534251968507
21
-4.0402077165354333
0
LINE
8
BLACK
6
CONTINUOUS
10
5.1592534251968507
20
-4.0402077165354333
11
5.1562401574803145
21
-4.0408070866141728
0
LINE
8
BLACK
6
CONTINUOUS
10
5.1562401574803145
20
-4.0408070866141728
11
5.1011220472440941
21
-4.0408070866141728
0
LINE
8
BLACK
6
CONTINUOUS
10
5.1011220472440941
20
-4.0408070866141728
11
5.0981087795275588
21
-4.0402077165354333
0
LINE
8
BLACK
6
CONTINUOUS
10
5.0981087795275588
20
-4.0402077165354333
11
5.0955542913385825
21
-4.0385008267716538
0
LINE
8
BLACK
6
CONTINUOUS
10
5.0955542913385825
20
-4.0385008267716538
11
5.093847401574803
21
-4.0359463385826775
0
LINE
8
BLACK
6
CONTINUOUS
10
5.093847401574803
20
-4.0359463385826775
11
5.0932480314960626
21
-4.0329330708661413
0
LINE
8
BLACK
6
CONTINUOUS
10
5.0932480314960626
20
-4.0329330708661413
11
5.0932480314960626
21
-4.0171850393700783
0
LINE
8
BLACK
6
CONTINUOUS
10
5.0932480314960626
20
-4.0171850393700783
11
5.093847401574803
21
-4.014171771653543
0
LINE
8
BLACK
6
CONTINUOUS
10
5.093847401574803
20
-4.014171771653543
11
5.0955542913385825
21
-4.0116172834645667
0
LINE
8
BLACK
6
CONTINUOUS
10
5.0955542913385825
20
-4.0116172834645667
11
5.0981087795275588
21
-4.0099103937007872
0
LINE
8
BLACK
6
CONTINUOUS
10
5.0981087795275588
20
-4.0099103937007872
11
5.1011220472440941
21
-4.0093110236220468
0
LINE
8
BLACK
6
CONTINUOUS
10
5.1011220472440941
20
-4.0093110236220468
11
5.1562401574803145
21
-4.0093110236220468
0
LINE
8
BLACK
6
CONTINUOUS
10
5.1562401574803145
20
-4.0093110236220468
11
5.1592534251968507
21
-4.0099103937007872
0
LINE
8
BLACK
6
CONTINUOUS
10
5.6316943700787396
20
-4.0099103937007872
11
5.6342488582677168
21
-4.0116172834645667
0
LINE
8
BLACK
6
CONTINUOUS
10
5.6342488582677168
20
-4.0116172834645667
11
5.6359557480314963
21
-4.014171771653543
0
LINE
8
BLACK
6
CONTINUOUS
10
5.6359557480314963
20
-4.014171771653543
11
5.6365551181102358
21
-4.0171850393700783
0
LINE
8
BLACK
6
CONTINUOUS
10
5.6365551181102358
20
-4.0171850393700783
11
5.6365551181102358
21
-4.0329330708661413
0
LINE
8
BLACK
6
CONTINUOUS
10
5.6365551181102358
20
-4.0329330708661413
11
5.6359557480314963
21
-4.0359463385826775
0
LINE
8
BLACK
6
CONTINUOUS
10
5.6359557480314963
20
-4.0359463385826775
11
5.6342488582677168
21
-4.0385008267716538
0
LINE
8
BLACK
6
CONTINUOUS
10
5.6342488582677168
20
-4.0385008267716538
11
5.6316943700787396
21
-4.0402077165354333
0
LINE
8
BLACK
6
CONTINUOUS
10
5.6316943700787396
20
-4.0402077165354333
11
5.6286811023622043
21
-4.0408070866141728
0
LINE
8
BLACK
6
CONTINUOUS
10
5.6286811023622043
20
-4.0408070866141728
11
5.5735629921259839
21
-4.0408070866141728
0
LINE
8
BLACK
6
CONTINUOUS
10
5.5735629921259839
20
-4.0408070866141728
11
5.5705497244094486
21
-4.0402077165354333
0
LINE
8
BLACK
6
CONTINUOUS
10
5.5705497244094486
20
-4.0402077165354333
11
5.5679952362204723
21
-4.0385008267716538
0
LINE
8
BLACK
6
CONTINUOUS
10
5.5679952362204723
20
-4.0385008267716538
11
5.5662883464566928
21
-4.0359463385826775
0
LINE
8
BLACK
6
CONTINUOUS
10
5.5662883464566928
20
-4.0359463385826775
11
5.5656889763779525
21
-4.0329330708661413
0
LINE
8
BLACK
6
CONTINUOUS
10
5.5656889763779525
20
-4.0329330708661413
11
5.5656889763779525
21
-4.0171850393700783
0
LINE
8
BLACK
6
CONTINUOUS
10
5.5656889763779525
20
-4.0171850393700783
11
5.5662883464566928
21
-4.014171771653543
0
LINE
8
BLACK
6
CONTINUOUS
10
5.5662883464566928
20
-4.014171771653543
11
5.5679952362204723
21
-4.0116172834645667
0
LINE
8
BLACK
6
CONTINUOUS
10
5.5679952362204723
20
-4.0116172834645667
11
5.5705497244094486
21
-4.0099103937007872
0
LINE
8
BLACK
6
CONTINUOUS
10
5.5705497244094486
20
-4.0099103937007872
11
5.5735629921259839
21
-4.0093110236220468
0
LINE
8
BLACK
6
CONTINUOUS
10
5.5735629921259839
20
-4.0093110236220468
11
5.6286811023622043
21
-4.0093110236220468
0
LINE
8
BLACK
6
CONTINUOUS
10
5.6286811023622043
20
-4.0093110236220468
11
5.6316943700787396
21
-4.0099103937007872
0
LINE
8
BLACK
6
CONTINUOUS
10
6.1660888976377954
20
-4.0156228346456695
11
6.1413401574803146
21
-4.0403715748031495
0
LINE
8
BLACK
6
CONTINUOUS
10
6.1413401574803146
20
-4.0403715748031495
11
6.1024492913385826
21
-4.0014807086614175
0
LINE
8
BLACK
6
CONTINUOUS
10
6.1024492913385826
20
-4.0014807086614175
11
6.1271980314960626
21
-3.9767319685039371
0
LINE
8
BLACK
6
CONTINUOUS
10
6.1271980314960626
20
-3.9767319685039371
11
6.1660888976377954
21
-4.0156228346456695
0
LINE
8
BLACK
6
CONTINUOUS
10
6.4719881889763782
20
-4.0256692913385823
11
6.4365551181102365
21
-4.0256692913385823
0
LINE
8
BLACK
6
CONTINUOUS
10
6.4365551181102365
20
-4.0256692913385823
11
6.4365551181102365
21
-3.9941732283464564
0
LINE
8
BLACK
6
CONTINUOUS
10
6.4365551181102365
20
-3.9941732283464564
11
6.4719881889763782
21
-3.9941732283464564
0
LINE
8
BLACK
6
CONTINUOUS
10
6.4719881889763782
20
-3.9941732283464564
11
6.4719881889763782
21
-4.0256692913385823
0
LINE
8
BLACK
6
CONTINUOUS
10
5.7674015748031495
20
-4.0074212598425198
11
5.7124015748031498
21
-4.0074212598425198
0
LINE
8
BLACK
6
CONTINUOUS
10
5.7124015748031498
20
-4.0074212598425198
11
5.7124015748031498
21
-3.9724212598425197
0
LINE
8
BLACK
6
CONTINUOUS
10
5.7124015748031498
20
-3.9724212598425197
11
5.7674015748031495
21
-3.9724212598425197
0
LINE
8
BLACK
6
CONTINUOUS
10
5.7674015748031495
20
-3.9724212598425197
11
5.7674015748031495
21
-4.0074212598425198
0
LINE
8
BLACK
6
CONTINUOUS
10
5.8524015748031495
20
-4.0074212598425198
11
5.7974015748031498
21
-4.0074212598425198
0
LINE
8
BLACK
6
CONTINUOUS
10
5.7974015748031498
20
-4.0074212598425198
11
5.7974015748031498
21
-3.9724212598425197
0
LINE
8
BLACK
6
CONTINUOUS
10
5.7974015748031498
20
-3.9724212598425197
11
5.8524015748031495
21
-3.9724212598425197
0
LINE
8
BLACK
6
CONTINUOUS
10
5.8524015748031495
20
-3.9724212598425197
11
5.8524015748031495
21
-4.0074212598425198
0
LINE
8
BLACK
6
CONTINUOUS
10
6.1188072440944881
20
-3.9609627559055118
11
6.0799163779527561
21
-3.9998536220472438
0
LINE
8
BLACK
6
CONTINUOUS
10
6.0799163779527561
20
-3.9998536220472438
11
6.0551676377952752
21
-3.9751048818897639
0
LINE
8
BLACK
6
CONTINUOUS
10
6.0551676377952752
20
-3.9751048818897639
11
6.0940585039370081
21
-3.9362140157480314
0
LINE
8
BLACK
6
CONTINUOUS
10
6.0940585039370081
20
-3.9362140157480314
11
6.1188072440944881
21
-3.9609627559055118
0
LINE
8
BLACK
6
CONTINUOUS
10
5.1592534251968507
20
-3.966603307086614
11
5.161807913385827
21
-3.9683101968503935
0
LINE
8
BLACK
6
CONTINUOUS
10
5.161807913385827
20
-3.9683101968503935
11
5.1635148031496065
21
-3.9708646850393698
0
LINE
8
BLACK
6
CONTINUOUS
10
5.1635148031496065
20
-3.9708646850393698
11
5.164114173228346
21
-3.9738779527559056
0
LINE
8
BLACK
6
CONTINUOUS
10
5.164114173228346
20
-3.9738779527559056
11
5.164114173228346
21
-3.9896259842519686
0
LINE
8
BLACK
6
CONTINUOUS
10
5.164114173228346
20
-3.9896259842519686
11
5.1635148031496065
21
-3.9926392519685039
0
LINE
8
BLACK
6
CONTINUOUS
10
5.1635148031496065
20
-3.9926392519685039
11
5.161807913385827
21
-3.9951937401574802
0
LINE
8
BLACK
6
CONTINUOUS
10
5.161807913385827
20
-3.9951937401574802
11
5.1592534251968507
21
-3.9969006299212597
0
LINE
8
BLACK
6
CONTINUOUS
10
5.1592534251968507
20
-3.9969006299212597
11
5.1562401574803145
21
-3.9975000000000001
0
LINE
8
BLACK
6
CONTINUOUS
10
5.1562401574803145
20
-3.9975000000000001
11
5.1011220472440941
21
-3.9975000000000001
0
LINE
8
BLACK
6
CONTINUOUS
10
5.1011220472440941
20
-3.9975000000000001
11
5.0981087795275588
21
-3.9969006299212597
0
LINE
8
BLACK
6
CONTINUOUS
10
5.0981087795275588
20
-3.9969006299212597
11
5.0955542913385825
21
-3.9951937401574802
0
LINE
8
BLACK
6
CONTINUOUS
10
5.0955542913385825
20
-3.9951937401574802
11
5.093847401574803
21
-3.9926392519685039
0
LINE
8
BLACK
6
CONTINUOUS
10
5.093847401574803
20
-3.9926392519685039
11
5.0932480314960626
21
-3.9896259842519686
0
LINE
8
BLACK
6
CONTINUOUS
10
5.0932480314960626
20
-3.9896259842519686
11
5.0932480314960626
21
-3.9738779527559056
0
LINE
8
BLACK
6
CONTINUOUS
10
5.0932480314960626
20
-3.9738779527559056
11
5.093847401574803
21
-3.9708646850393698
0
LINE
8
BLACK
6
CONTINUOUS
10
5.093847401574803
20
-3.9708646850393698
11
5.0955542913385825
21
-3.9683101968503935
0
LINE
8
BLACK
6
CONTINUOUS
10
5.0955542913385825
20
-3.9683101968503935
11
5.0981087795275588
21
-3.966603307086614
0
LINE
8
BLACK
6
CONTINUOUS
10
5.0981087795275588
20
-3.966603307086614
11
5.1011220472440941
21
-3.9660039370078741
0
LINE
8
BLACK
6
CONTINUOUS
10
5.1011220472440941
20
-3.9660039370078741
11
5.1562401574803145
21
-3.9660039370078741
0
LINE
8
BLACK
6
CONTINUOUS
10
5.1562401574803145
20
-3.9660039370078741
11
5.1592534251968507
21
-3.966603307086614
0
LINE
8
BLACK
6
CONTINUOUS
10
5.6316943700787396
20
-3.966603307086614
11
5.6342488582677168
21
-3.9683101968503935
0
LINE
8
BLACK
6
CONTINUOUS
10
5.6342488582677168
20
-3.9683101968503935
11
5.6359557480314963
21
-3.9708646850393698
0
LINE
8
BLACK
6
CONTINUOUS
10
5.6359557480314963
20
-3.9708646850393698
11
5.6365551181102358
21
-3.9738779527559056
0
LINE
8
BLACK
6
CONTINUOUS
10
5.6365551181102358
20
-3.9738779527559056
11
5.6365551181102358
21
-3.9896259842519686
0
LINE
8
BLACK
6
CONTINUOUS
10
5.6365551181102358
20
-3.9896259842519686
11
5.6359557480314963
21
-3.9926392519685039
0
LINE
8
BLACK
6
CONTINUOUS
10
5.6359557480314963
20
-3.9926392519685039
11
5.6342488582677168
21
-3.9951937401574802
0
LINE
8
BLACK
6
CONTINUOUS
10
5.6342488582677168
20
-3.9951937401574802
11
5.6316943700787396
21
-3.9969006299212597
0
LINE
8
BLACK
6
CONTINUOUS
10
5.6316943700787396
20
-3.9969006299212597
11
5.6286811023622043
21
-3.9975000000000001
0
LINE
8
BLACK
6
CONTINUOUS
10
5.6286811023622043
20
-3.9975000000000001
11
5.5735629921259839
21
-3.9975000000000001
0
LINE
8
BLACK
6
CONTINUOUS
10
5.5735629921259839
20
-3.9975000000000001
11
5.5705497244094486
21
-3.9969006299212597
0
LINE
8
BLACK
6
CONTINUOUS
10
5.5705497244094486
20
-3.9969006299212597
11
5.5679952362204723
21
-3.9951937401574802
0
LINE
8
BLACK
6
CONTINUOUS
10
5.5679952362204723
20
-3.9951937401574802
11
5.5662883464566928
21
-3.9926392519685039
0
LINE
8
BLACK
6
CONTINUOUS
10
5.5662883464566928
20
-3.9926392519685039
11
5.5656889763779525
21
-3.9896259842519686
0
LINE
8
BLACK
6
CONTINUOUS
10
5.5656889763779525
20
-3.9896259842519686
11
5.5656889763779525
21
-3.9738779527559056
0
LINE
8
BLACK
6
CONTINUOUS
10
5.5656889763779525
20
-3.9738779527559056
11
5.5662883464566928
21
-3.9708646850393698
0
LINE
8
BLACK
6
CONTINUOUS
10
5.5662883464566928
20
-3.9708646850393698
11
5.5679952362204723
21
-3.9683101968503935
0
LINE
8
BLACK
6
CONTINUOUS
10
5.5679952362204723
20
-3.9683101968503935
11
5.5705497244094486
21
-3.966603307086614
0
LINE
8
BLACK
6
CONTINUOUS
10
5.5705497244094486
20
-3.966603307086614
11
5.5735629921259839
21
-3.9660039370078741
0
LINE
8
BLACK
6
CONTINUOUS
10
5.5735629921259839
20
-3.9660039370078741
11
5.6286811023622043
21
-3.9660039370078741
0
LINE
8
BLACK
6
CONTINUOUS
10
5.6286811023622043
20
-3.9660039370078741
11
5.6316943700787396
21
-3.966603307086614
0
LINE
8
BLACK
6
CONTINUOUS
10
6.3274015748031491
20
-3.9924212598425197
11
6.2724015748031494
21
-3.9924212598425197
0
LINE
8
BLACK
6
CONTINUOUS
10
6.2724015748031494
20
-3.9924212598425197
11
6.2724015748031494
21
-3.9574212598425196
0
LINE
8
BLACK
6
CONTINUOUS
10
6.2724015748031494
20
-3.9574212598425196
11
6.3274015748031491
21
-3.9574212598425196
0
LINE
8
BLACK
6
CONTINUOUS
10
6.3274015748031491
20
-3.9574212598425196
11
6.3274015748031491
21
-3.9924212598425197
0
LINE
8
BLACK
6
CONTINUOUS
10
6.3932480314960625
20
-3.9882677165354328
11
6.3578149606299208
21
-3.9882677165354328
0
LINE
8
BLACK
6
CONTINUOUS
10
6.3578149606299208
20
-3.9882677165354328
11
6.3578149606299208
21
-3.9567716535433068
0
LINE
8
BLACK
6
CONTINUOUS
10
6.3578149606299208
20
-3.9567716535433068
11
6.3932480314960625
21
-3.9567716535433068
0
LINE
8
BLACK
6
CONTINUOUS
10
6.3932480314960625
20
-3.9567716535433068
11
6.3932480314960625
21
-3.9882677165354328
0
LINE
8
BLACK
6
CONTINUOUS
10
6.2191218897637794
20
-3.962589842519685
11
6.1943731496062995
21
-3.9873385826771655
0
LINE
8
BLACK
6
CONTINUOUS
10
6.1943731496062995
20
-3.9873385826771655
11
6.1554822834645666
21
-3.948447716535433
0
LINE
8
BLACK
6
CONTINUOUS
10
6.1554822834645666
20
-3.948447716535433
11
6.1802310236220475
21
-3.9236989763779526
0
LINE
8
BLACK
6
CONTINUOUS
10
6.1802310236220475
20
-3.9236989763779526
11
6.2191218897637794
21
-3.962589842519685
0
LINE
8
BLACK
6
CONTINUOUS
10
4.9474015748031492
20
-3.9724212598425197
11
4.9124015748031491
21
-3.9724212598425197
0
LINE
8
BLACK
6
CONTINUOUS
10
4.9124015748031491
20
-3.9724212598425197
11
4.9124015748031491
21
-3.9174212598425195
0
LINE
8
BLACK
6
CONTINUOUS
10
4.9124015748031491
20
-3.9174212598425195
11
4.9474015748031492
21
-3.9174212598425195
0
LINE
8
BLACK
6
CONTINUOUS
10
4.9474015748031492
20
-3.9174212598425195
11
4.9474015748031492
21
-3.9724212598425197
0
LINE
8
BLACK
6
CONTINUOUS
10
5.0224015748031494
20
-3.9724212598425197
11
4.9874015748031493
21
-3.9724212598425197
0
LINE
8
BLACK
6
CONTINUOUS
10
4.9874015748031493
20
-3.9724212598425197
11
4.9874015748031493
21
-3.9174212598425195
0
LINE
8
BLACK
6
CONTINUOUS
10
4.9874015748031493
20
-3.9174212598425195
11
5.0224015748031494
21
-3.9174212598425195
0
LINE
8
BLACK
6
CONTINUOUS
10
5.0224015748031494
20
-3.9174212598425195
11
5.0224015748031494
21
-3.9724212598425197
0
LINE
8
BLACK
6
CONTINUOUS
10
6.6203740157480313
20
-3.9703543307086613
11
6.5219488188976378
21
-3.9703543307086613
0
LINE
8
BLACK
6
CONTINUOUS
10
6.5219488188976378
20
-3.9703543307086613
11
6.5219488188976378
21
-3.8994881889763779
0
LINE
8
BLACK
6
CONTINUOUS
10
6.5219488188976378
20
-3.8994881889763779
11
6.6203740157480313
21
-3.8994881889763779
0
LINE
8
BLACK
6
CONTINUOUS
10
6.6203740157480313
20
-3.8994881889763779
11
6.6203740157480313
21
-3.9703543307086613
0
LINE
8
BLACK
6
CONTINUOUS
10
6.7778543307086609
20
-3.9703543307086613
11
6.6794291338582674
21
-3.9703543307086613
0
LINE
8
BLACK
6
CONTINUOUS
10
6.6794291338582674
20
-3.9703543307086613
11
6.6794291338582674
21
-3.8994881889763779
0
LINE
8
BLACK
6
CONTINUOUS
10
6.6794291338582674
20
-3.8994881889763779
11
6.7778543307086609
21
-3.8994881889763779
0
LINE
8
BLACK
6
CONTINUOUS
10
6.7778543307086609
20
-3.8994881889763779
11
6.7778543307086609
21
-3.9703543307086613
0
LINE
8
BLACK
6
CONTINUOUS
10
5.1592534251968507
20
-3.9232962204724409
11
5.161807913385827
21
-3.9250031102362204
0
LINE
8
BLACK
6
CONTINUOUS
10
5.161807913385827
20
-3.9250031102362204
11
5.1635148031496065
21
-3.9275575984251967
0
LINE
8
BLACK
6
CONTINUOUS
10
5.1635148031496065
20
-3.9275575984251967
11
5.164114173228346
21
-3.930570866141732
0
LINE
8
BLACK
6
CONTINUOUS
10
5.164114173228346
20
-3.930570866141732
11
5.164114173228346
21
-3.946318897637795
0
LINE
8
BLACK
6
CONTINUOUS
10
5.164114173228346
20
-3.946318897637795
11
5.1635148031496065
21
-3.9493321653543307
0
LINE
8
BLACK
6
CONTINUOUS
10
5.1635148031496065
20
-3.9493321653543307
11
5.161807913385827
21
-3.951886653543307
0
LINE
8
BLACK
6
CONTINUOUS
10
5.161807913385827
20
-3.951886653543307
11
5.1592534251968507
21
-3.9535935433070866
0
LINE
8
BLACK
6
CONTINUOUS
10
5.1592534251968507
20
-3.9535935433070866
11
5.1562401574803145
21
-3.9541929133858269
0
LINE
8
BLACK
6
CONTINUOUS
10
5.1562401574803145
20
-3.9541929133858269
11
5.1011220472440941
21
-3.9541929133858269
0
LINE
8
BLACK
6
CONTINUOUS
10
5.1011220472440941
20
-3.9541929133858269
11
5.0981087795275588
21
-3.9535935433070866
0
LINE
8
BLACK
6
CONTINUOUS
10
5.0981087795275588
20
-3.9535935433070866
11
5.0955542913385825
21
-3.951886653543307
0
LINE
8
BLACK
6
CONTINUOUS
10
5.0955542913385825
20
-3.951886653543307
11
5.093847401574803
21
-3.9493321653543307
0
LINE
8
BLACK
6
CONTINUOUS
10
5.093847401574803
20
-3.9493321653543307
11
5.0932480314960626
21
-3.946318897637795
0
LINE
8
BLACK
6
CONTINUOUS
10
5.0932480314960626
20
-3.946318897637795
11
5.0932480314960626
21
-3.930570866141732
0
LINE
8
BLACK
6
CONTINUOUS
10
5.0932480314960626
20
-3.930570866141732
11
5.093847401574803
21
-3.9275575984251967
0
LINE
8
BLACK
6
CONTINUOUS
10
5.093847401574803
20
-3.9275575984251967
11
5.0955542913385825
21
-3.9250031102362204
0
LINE
8
BLACK
6
CONTINUOUS
10
5.0955542913385825
20
-3.9250031102362204
11
5.0981087795275588
21
-3.9232962204724409
0
LINE
8
BLACK
6
CONTINUOUS
10
5.0981087795275588
20
-3.9232962204724409
11
5.1011220472440941
21
-3.9226968503937005
0
LINE
8
BLACK
6
CONTINUOUS
10
5.1011220472440941
20
-3.9226968503937005
11
5.1562401574803145
21
-3.9226968503937005
0
LINE
8
BLACK
6
CONTINUOUS
10
5.1562401574803145
20
-3.9226968503937005
11
5.1592534251968507
21
-3.9232962204724409
0
LINE
8
BLACK
6
CONTINUOUS
10
5.6316943700787396
20
-3.9232962204724409
11
5.6342488582677168
21
-3.9250031102362204
0
LINE
8
BLACK
6
CONTINUOUS
10
5.6342488582677168
20
-3.9250031102362204
11
5.6359557480314963
21
-3.9275575984251967
0
LINE
8
BLACK
6
CONTINUOUS
10
5.6359557480314963
20
-3.9275575984251967
11
5.6365551181102358
21
-3.930570866141732
0
LINE
8
BLACK
6
CONTINUOUS
10
5.6365551181102358
20
-3.930570866141732
11
5.6365551181102358
21
-3.946318897637795
0
LINE
8
BLACK
6
CONTINUOUS
10
5.6365551181102358
20
-3.946318897637795
11
5.6359557480314963
21
-3.9493321653543307
0
LINE
8
BLACK
6
CONTINUOUS
10
5.6359557480314963
20
-3.9493321653543307
11
5.6342488582677168
21
-3.951886653543307
0
LINE
8
BLACK
6
CONTINUOUS
10
5.6342488582677168
20
-3.951886653543307
11
5.6316943700787396
21
-3.9535935433070866
0
LINE
8
BLACK
6
CONTINUOUS
10
5.6316943700787396
20
-3.9535935433070866
11
5.6286811023622043
21
-3.9541929133858269
0
LINE
8
BLACK
6
CONTINUOUS
10
5.6286811023622043
20
-3.9541929133858269
11
5.5735629921259839
21
-3.9541929133858269
0
LINE
8
BLACK
6
CONTINUOUS
10
5.5735629921259839
20
-3.9541929133858269
11
5.5705497244094486
21
-3.9535935433070866
0
LINE
8
BLACK
6
CONTINUOUS
10
5.5705497244094486
20
-3.9535935433070866
11
5.5679952362204723
21
-3.951886653543307
0
LINE
8
BLACK
6
CONTINUOUS
10
5.5679952362204723
20
-3.951886653543307
11
5.5662883464566928
21
-3.9493321653543307
0
LINE
8
BLACK
6
CONTINUOUS
10
5.5662883464566928
20
-3.9493321653543307
11
5.5656889763779525
21
-3.946318897637795
0
LINE
8
BLACK
6
CONTINUOUS
10
5.5656889763779525
20
-3.946318897637795
11
5.5656889763779525
21
-3.930570866141732
0
LINE
8
BLACK
6
CONTINUOUS
10
5.5656889763779525
20
-3.930570866141732
11
5.5662883464566928
21
-3.9275575984251967
0
LINE
8
BLACK
6
CONTINUOUS
10
5.5662883464566928
20
-3.9275575984251967
11
5.5679952362204723
21
-3.9250031102362204
0
LINE
8
BLACK
6
CONTINUOUS
10
5.5679952362204723
20
-3.9250031102362204
11
5.5705497244094486
21
-3.9232962204724409
0
LINE
8
BLACK
6
CONTINUOUS
10
5.5705497244094486
20
-3.9232962204724409
11
5.5735629921259839
21
-3.9226968503937005
0
LINE
8
BLACK
6
CONTINUOUS
10
5.5735629921259839
20
-3.9226968503937005
11
5.6286811023622043
21
-3.9226968503937005
0
LINE
8
BLACK
6
CONTINUOUS
10
5.6286811023622043
20
-3.9226968503937005
11
5.6316943700787396
21
-3.9232962204724409
0
LINE
8
BLACK
6
CONTINUOUS
10
6.0657742519685041
20
-3.9079297637795274
11
6.0268833858267712
21
-3.9468206299212598
0
LINE
8
BLACK
6
CONTINUOUS
10
6.0268833858267712
20
-3.9468206299212598
11
6.0021346456692912
21
-3.9220718897637794
0
LINE
8
BLACK
6
CONTINUOUS
10
6.0021346456692912
20
-3.9220718897637794
11
6.0410255118110232
21
-3.883181023622047
0
LINE
8
BLACK
6
CONTINUOUS
10
6.0410255118110232
20
-3.883181023622047
11
6.0657742519685041
21
-3.9079297637795274
0
LINE
8
BLACK
6
CONTINUOUS
10
5.7674015748031495
20
-3.9324212598425197
11
5.7124015748031498
21
-3.9324212598425197
0
LINE
8
BLACK
6
CONTINUOUS
10
5.7124015748031498
20
-3.9324212598425197
11
5.7124015748031498
21
-3.8974212598425195
0
LINE
8
BLACK
6
CONTINUOUS
10
5.7124015748031498
20
-3.8974212598425195
11
5.7674015748031495
21
-3.8974212598425195
0
LINE
8
BLACK
6
CONTINUOUS
10
5.7674015748031495
20
-3.8974212598425195
11
5.7674015748031495
21
-3.9324212598425197
0
LINE
8
BLACK
6
CONTINUOUS
10
5.8524015748031495
20
-3.9324212598425197
11
5.7974015748031498
21
-3.9324212598425197
0
LINE
8
BLACK
6
CONTINUOUS
10
5.7974015748031498
20
-3.9324212598425197
11
5.7974015748031498
21
-3.8974212598425195
0
LINE
8
BLACK
6
CONTINUOUS
10
5.7974015748031498
20
-3.8974212598425195
11
5.8524015748031495
21
-3.8974212598425195
0
LINE
8
BLACK
6
CONTINUOUS
10
5.8524015748031495
20
-3.8974212598425195
11
5.8524015748031495
21
-3.9324212598425197
0
LINE
8
BLACK
6
CONTINUOUS
10
6.3274015748031491
20
-3.9174212598425195
11
6.2724015748031494
21
-3.9174212598425195
0
LINE
8
BLACK
6
CONTINUOUS
10
6.2724015748031494
20
-3.9174212598425195
11
6.2724015748031494
21
-3.8824212598425194
0
LINE
8
BLACK
6
CONTINUOUS
10
6.2724015748031494
20
-3.8824212598425194
11
6.3274015748031491
21
-3.8824212598425194
0
LINE
8
BLACK
6
CONTINUOUS
10
6.3274015748031491
20
-3.8824212598425194
11
6.3274015748031491
21
-3.9174212598425195
0
LINE
8
BLACK
6
CONTINUOUS
10
5.9927679921259838
20
-3.8150999212598427
11
6.0001123622047245
21
-3.8174862598425197
0
LINE
8
BLACK
6
CONTINUOUS
10
6.0001123622047245
20
-3.8174862598425197
11
6.0069930314960631
21
-3.8209921259842519
0
LINE
8
BLACK
6
CONTINUOUS
10
6.0069930314960631
20
-3.8209921259842519
11
6.0132405511811022
21
-3.825531220472441
0
LINE
8
BLACK
6
CONTINUOUS
10
6.0132405511811022
20
-3.825531220472441
11
6.0187010629921263
21
-3.8309917322834646
0
LINE
8
BLACK
6
CONTINUOUS
10
6.0187010629921263
20
-3.8309917322834646
11
6.0232401574803145
21
-3.8372392519685037
0
LINE
8
BLACK
6
CONTINUOUS
10
6.0232401574803145
20
-3.8372392519685037
11
6.0267460236220467
21
-3.8441199212598423
0
LINE
8
BLACK
6
CONTINUOUS
10
6.0267460236220467
20
-3.8441199212598423
11
6.0291323622047246
21
-3.8514642913385826
0
LINE
8
BLACK
6
CONTINUOUS
10
6.0291323622047246
20
-3.8514642913385826
11
6.0303404330708661
21
-3.8590915748031493
0
LINE
8
BLACK
6
CONTINUOUS
10
6.0303404330708661
20
-3.8590915748031493
11
6.0303404330708661
21
-3.866813937007874
0
LINE
8
BLACK
6
CONTINUOUS
10
6.0303404330708661
20
-3.866813937007874
11
6.0291323622047246
21
-3.8744412204724408
0
LINE
8
BLACK
6
CONTINUOUS
10
6.0291323622047246
20
-3.8744412204724408
11
6.0267460236220467
21
-3.8817855905511811
0
LINE
8
BLACK
6
CONTINUOUS
10
6.0267460236220467
20
-3.8817855905511811
11
6.0232401574803145
21
-3.8886662598425197
0
LINE
8
BLACK
6
CONTINUOUS
10
6.0232401574803145
20
-3.8886662598425197
11
6.0187010629921263
21
-3.8949137795275588
0
LINE
8
BLACK
6
CONTINUOUS
10
6.0187010629921263
20
-3.8949137795275588
11
6.0132405511811022
21
-3.9003742913385824
0
LINE
8
BLACK
6
CONTINUOUS
10
6.0132405511811022
20
-3.9003742913385824
11
6.0069930314960631
21
-3.9049133858267715
0
LINE
8
BLACK
6
CONTINUOUS
10
6.0069930314960631
20
-3.9049133858267715
11
6.0001123622047245
21
-3.9084192519685037
0
LINE
8
BLACK
6
CONTINUOUS
10
6.0001123622047245
20
-3.9084192519685037
11
5.9927679921259838
21
-3.9108055905511812
0
LINE
8
BLACK
6
CONTINUOUS
10
5.9927679921259838
20
-3.9108055905511812
11
5.985140708661417
21
-3.9120136614173227
0
LINE
8
BLACK
6
CONTINUOUS
10
5.985140708661417
20
-3.9120136614173227
11
5.9774183464566928
21
-3.9120136614173227
0
LINE
8
BLACK
6
CONTINUOUS
10
5.9774183464566928
20
-3.9120136614173227
11
5.969791062992126
21
-3.9108055905511812
0
LINE
8
BLACK
6
CONTINUOUS
10
5.969791062992126
20
-3.9108055905511812
11
5.9624466929133852
21
-3.9084192519685037
0
LINE
8
BLACK
6
CONTINUOUS
10
5.9624466929133852
20
-3.9084192519685037
11
5.9555660236220467
21
-3.9049133858267715
0
LINE
8
BLACK
6
CONTINUOUS
10
5.9555660236220467
20
-3.9049133858267715
11
5.9493185039370076
21
-3.9003742913385824
0
LINE
8
BLACK
6
CONTINUOUS
10
5.9493185039370076
20
-3.9003742913385824
11
5.9438579921259844
21
-3.8949137795275588
0
LINE
8
BLACK
6
CONTINUOUS
10
5.9438579921259844
20
-3.8949137795275588
11
5.9393188976377953
21
-3.8886662598425197
0
LINE
8
BLACK
6
CONTINUOUS
10
5.9393188976377953
20
-3.8886662598425197
11
5.9358130314960631
21
-3.8817855905511811
0
LINE
8
BLACK
6
CONTINUOUS
10
5.9358130314960631
20
-3.8817855905511811
11
5.9334266929133861
21
-3.8744412204724408
0
LINE
8
BLACK
6
CONTINUOUS
10
5.9334266929133861
20
-3.8744412204724408
11
5.9322186220472437
21
-3.866813937007874
0
LINE
8
BLACK
6
CONTINUOUS
10
5.9322186220472437
20
-3.866813937007874
11
5.9322186220472437
21
-3.8590915748031493
0
LINE
8
BLACK
6
CONTINUOUS
10
5.9322186220472437
20
-3.8590915748031493
11
5.9334266929133861
21
-3.8514642913385826
0
LINE
8
BLACK
6
CONTINUOUS
10
5.9334266929133861
20
-3.8514642913385826
11
5.9358130314960631
21
-3.8441199212598423
0
LINE
8
BLACK
6
CONTINUOUS
10
5.9358130314960631
20
-3.8441199212598423
11
5.9393188976377953
21
-3.8372392519685037
0
LINE
8
BLACK
6
CONTINUOUS
10
5.9393188976377953
20
-3.8372392519685037
11
5.9438579921259844
21
-3.8309917322834646
0
LINE
8
BLACK
6
CONTINUOUS
10
5.9438579921259844
20
-3.8309917322834646
11
5.9493185039370076
21
-3.825531220472441
0
LINE
8
BLACK
6
CONTINUOUS
10
5.9493185039370076
20
-3.825531220472441
11
5.9555660236220467
21
-3.8209921259842519
0
LINE
8
BLACK
6
CONTINUOUS
10
5.9555660236220467
20
-3.8209921259842519
11
5.9624466929133852
21
-3.8174862598425197
0
LINE
8
BLACK
6
CONTINUOUS
10
5.9624466929133852
20
-3.8174862598425197
11
5.969791062992126
21
-3.8150999212598427
0
LINE
8
BLACK
6
CONTINUOUS
10
5.969791062992126
20
-3.8150999212598427
11
5.9774183464566928
21
-3.8138918503937007
0
LINE
8
BLACK
6
CONTINUOUS
10
5.9774183464566928
20
-3.8138918503937007
11
5.985140708661417
21
-3.8138918503937007
0
LINE
8
BLACK
6
CONTINUOUS
10
5.985140708661417
20
-3.8138918503937007
11
5.9927679921259838
21
-3.8150999212598427
0
LINE
8
BLACK
6
CONTINUOUS
10
5.1592534251968507
20
-3.8799891338582677
11
5.161807913385827
21
-3.8816960236220472
0
LINE
8
BLACK
6
CONTINUOUS
10
5.161807913385827
20
-3.8816960236220472
11
5.1635148031496065
21
-3.8842505118110235
0
LINE
8
BLACK
6
CONTINUOUS
10
5.1635148031496065
20
-3.8842505118110235
11
5.164114173228346
21
-3.8872637795275589
0
LINE
8
BLACK
6
CONTINUOUS
10
5.164114173228346
20
-3.8872637795275589
11
5.164114173228346
21
-3.9030118110236218
0
LINE
8
BLACK
6
CONTINUOUS
10
5.164114173228346
20
-3.9030118110236218
11
5.1635148031496065
21
-3.9060250787401576
0
LINE
8
BLACK
6
CONTINUOUS
10
5.1635148031496065
20
-3.9060250787401576
11
5.161807913385827
21
-3.9085795669291339
0
LINE
8
BLACK
6
CONTINUOUS
10
5.161807913385827
20
-3.9085795669291339
11
5.1592534251968507
21
-3.9102864566929134
0
LINE
8
BLACK
6
CONTINUOUS
10
5.1592534251968507
20
-3.9102864566929134
11
5.1562401574803145
21
-3.9108858267716533
0
LINE
8
BLACK
6
CONTINUOUS
10
5.1562401574803145
20
-3.9108858267716533
11
5.1011220472440941
21
-3.9108858267716533
0
LINE
8
BLACK
6
CONTINUOUS
10
5.1011220472440941
20
-3.9108858267716533
11
5.0981087795275588
21
-3.9102864566929134
0
LINE
8
BLACK
6
CONTINUOUS
10
5.0981087795275588
20
-3.9102864566929134
11
5.0955542913385825
21
-3.9085795669291339
0
LINE
8
BLACK
6
CONTINUOUS
10
5.0955542913385825
20
-3.9085795669291339
11
5.093847401574803
21
-3.9060250787401576
0
LINE
8
BLACK
6
CONTINUOUS
10
5.093847401574803
20
-3.9060250787401576
11
5.0932480314960626
21
-3.9030118110236218
0
LINE
8
BLACK
6
CONTINUOUS
10
5.0932480314960626
20
-3.9030118110236218
11
5.0932480314960626
21
-3.8872637795275589
0
LINE
8
BLACK
6
CONTINUOUS
10
5.0932480314960626
20
-3.8872637795275589
11
5.093847401574803
21
-3.8842505118110235
0
LINE
8
BLACK
6
CONTINUOUS
10
5.093847401574803
20
-3.8842505118110235
11
5.0955542913385825
21
-3.8816960236220472
0
LINE
8
BLACK
6
CONTINUOUS
10
5.0955542913385825
20
-3.8816960236220472
11
5.0981087795275588
21
-3.8799891338582677
0
LINE
8
BLACK
6
CONTINUOUS
10
5.0981087795275588
20
-3.8799891338582677
11
5.1011220472440941
21
-3.8793897637795274
0
LINE
8
BLACK
6
CONTINUOUS
10
5.1011220472440941
20
-3.8793897637795274
11
5.1562401574803145
21
-3.8793897637795274
0
LINE
8
BLACK
6
CONTINUOUS
10
5.1562401574803145
20
-3.8793897637795274
11
5.1592534251968507
21
-3.8799891338582677
0
LINE
8
BLACK
6
CONTINUOUS
10
5.6316943700787396
20
-3.8799891338582677
11
5.6342488582677168
21
-3.8816960236220472
0
LINE
8
BLACK
6
CONTINUOUS
10
5.6342488582677168
20
-3.8816960236220472
11
5.6359557480314963
21
-3.8842505118110235
0
LINE
8
BLACK
6
CONTINUOUS
10
5.6359557480314963
20
-3.8842505118110235
11
5.6365551181102358
21
-3.8872637795275589
0
LINE
8
BLACK
6
CONTINUOUS
10
5.6365551181102358
20
-3.8872637795275589
11
5.6365551181102358
21
-3.9030118110236218
0
LINE
8
BLACK
6
CONTINUOUS
10
5.6365551181102358
20
-3.9030118110236218
11
5.6359557480314963
21
-3.9060250787401576
0
LINE
8
BLACK
6
CONTINUOUS
10
5.6359557480314963
20
-3.9060250787401576
11
5.6342488582677168
21
-3.9085795669291339
0
LINE
8
BLACK
6
CONTINUOUS
10
5.6342488582677168
20
-3.9085795669291339
11
5.6316943700787396
21
-3.9102864566929134
0
LINE
8
BLACK
6
CONTINUOUS
10
5.6316943700787396
20
-3.9102864566929134
11
5.6286811023622043
21
-3.9108858267716533
0
LINE
8
BLACK
6
CONTINUOUS
10
5.6286811023622043
20
-3.9108858267716533
11
5.5735629921259839
21
-3.9108858267716533
0
LINE
8
BLACK
6
CONTINUOUS
10
5.5735629921259839
20
-3.9108858267716533
11
5.5705497244094486
21
-3.9102864566929134
0
LINE
8
BLACK
6
CONTINUOUS
10
5.5705497244094486
20
-3.9102864566929134
11
5.5679952362204723
21
-3.9085795669291339
0
LINE
8
BLACK
6
CONTINUOUS
10
5.5679952362204723
20
-3.9085795669291339
11
5.5662883464566928
21
-3.9060250787401576
0
LINE
8
BLACK
6
CONTINUOUS
10
5.5662883464566928
20
-3.9060250787401576
11
5.5656889763779525
21
-3.9030118110236218
0
LINE
8
BLACK
6
CONTINUOUS
10
5.5656889763779525
20
-3.9030118110236218
11
5.5656889763779525
21
-3.8872637795275589
0
LINE
8
BLACK
6
CONTINUOUS
10
5.5656889763779525
20
-3.8872637795275589
11
5.5662883464566928
21
-3.8842505118110235
0
LINE
8
BLACK
6
CONTINUOUS
10
5.5662883464566928
20
-3.8842505118110235
11
5.5679952362204723
21
-3.8816960236220472
0
LINE
8
BLACK
6
CONTINUOUS
10
5.5679952362204723
20
-3.8816960236220472
11
5.5705497244094486
21
-3.8799891338582677
0
LINE
8
BLACK
6
CONTINUOUS
10
5.5705497244094486
20
-3.8799891338582677
11
5.5735629921259839
21
-3.8793897637795274
0
LINE
8
BLACK
6
CONTINUOUS
10
5.5735629921259839
20
-3.8793897637795274
11
5.6286811023622043
21
-3.8793897637795274
0
LINE
8
BLACK
6
CONTINUOUS
10
5.6286811023622043
20
-3.8793897637795274
11
5.6316943700787396
21
-3.8799891338582677
0
LINE
8
BLACK
6
CONTINUOUS
10
4.9224015748031498
20
-3.8874212598425197
11
4.8874015748031496
21
-3.8874212598425197
0
LINE
8
BLACK
6
CONTINUOUS
10
4.8874015748031496
20
-3.8874212598425197
11
4.8874015748031496
21
-3.8324212598425196
0
LINE
8
BLACK
6
CONTINUOUS
10
4.8874015748031496
20
-3.8324212598425196
11
4.9224015748031498
21
-3.8324212598425196
0
LINE
8
BLACK
6
CONTINUOUS
10
4.9224015748031498
20
-3.8324212598425196
11
4.9224015748031498
21
-3.8874212598425197
0
LINE
8
BLACK
6
CONTINUOUS
10
4.9974015748031491
20
-3.8874212598425197
11
4.9624015748031498
21
-3.8874212598425197
0
LINE
8
BLACK
6
CONTINUOUS
10
4.9624015748031498
20
-3.8874212598425197
11
4.9624015748031498
21
-3.8324212598425196
0
LINE
8
BLACK
6
CONTINUOUS
10
4.9624015748031498
20
-3.8324212598425196
11
4.9974015748031491
21
-3.8324212598425196
0
LINE
8
BLACK
6
CONTINUOUS
10
4.9974015748031491
20
-3.8324212598425196
11
4.9974015748031491
21
-3.8874212598425197
0
LINE
8
BLACK
6
CONTINUOUS
10
6.4074015748031492
20
-3.8774212598425195
11
6.3724015748031491
21
-3.8774212598425195
0
LINE
8
BLACK
6
CONTINUOUS
10
6.3724015748031491
20
-3.8774212598425195
11
6.3724015748031491
21
-3.8224212598425198
0
LINE
8
BLACK
6
CONTINUOUS
10
6.3724015748031491
20
-3.8224212598425198
11
6.4074015748031492
21
-3.8224212598425198
0
LINE
8
BLACK
6
CONTINUOUS
10
6.4074015748031492
20
-3.8224212598425198
11
6.4074015748031492
21
-3.8774212598425195
0
LINE
8
BLACK
6
CONTINUOUS
10
6.4824015748031494
20
-3.8774212598425195
11
6.4474015748031492
21
-3.8774212598425195
0
LINE
8
BLACK
6
CONTINUOUS
10
6.4474015748031492
20
-3.8774212598425195
11
6.4474015748031492
21
-3.8224212598425198
0
LINE
8
BLACK
6
CONTINUOUS
10
6.4474015748031492
20
-3.8224212598425198
11
6.4824015748031494
21
-3.8224212598425198
0
LINE
8
BLACK
6
CONTINUOUS
10
6.4824015748031494
20
-3.8224212598425198
11
6.4824015748031494
21
-3.8774212598425195
0
LINE
8
BLACK
6
CONTINUOUS
10
5.1592534251968507
20
-3.8366820472440946
11
5.161807913385827
21
-3.8383889370078741
0
LINE
8
BLACK
6
CONTINUOUS
10
5.161807913385827
20
-3.8383889370078741
11
5.1635148031496065
21
-3.8409434251968504
0
LINE
8
BLACK
6
CONTINUOUS
10
5.1635148031496065
20
-3.8409434251968504
11
5.164114173228346
21
-3.8439566929133857
0
LINE
8
BLACK
6
CONTINUOUS
10
5.164114173228346
20
-3.8439566929133857
11
5.164114173228346
21
-3.8597047244094487
0
LINE
8
BLACK
6
CONTINUOUS
10
5.164114173228346
20
-3.8597047244094487
11
5.1635148031496065
21
-3.862717992125984
0
LINE
8
BLACK
6
CONTINUOUS
10
5.1635148031496065
20
-3.862717992125984
11
5.161807913385827
21
-3.8652724803149607
0
LINE
8
BLACK
6
CONTINUOUS
10
5.161807913385827
20
-3.8652724803149607
11
5.1592534251968507
21
-3.8669793700787403
0
LINE
8
BLACK
6
CONTINUOUS
10
5.1592534251968507
20
-3.8669793700787403
11
5.1562401574803145
21
-3.8675787401574802
0
LINE
8
BLACK
6
CONTINUOUS
10
5.1562401574803145
20
-3.8675787401574802
11
5.1011220472440941
21
-3.8675787401574802
0
LINE
8
BLACK
6
CONTINUOUS
10
5.1011220472440941
20
-3.8675787401574802
11
5.0981087795275588
21
-3.8669793700787403
0
LINE
8
BLACK
6
CONTINUOUS
10
5.0981087795275588
20
-3.8669793700787403
11
5.0955542913385825
21
-3.8652724803149607
0
LINE
8
BLACK
6
CONTINUOUS
10
5.0955542913385825
20
-3.8652724803149607
11
5.093847401574803
21
-3.862717992125984
0
LINE
8
BLACK
6
CONTINUOUS
10
5.093847401574803
20
-3.862717992125984
11
5.0932480314960626
21
-3.8597047244094487
0
LINE
8
BLACK
6
CONTINUOUS
10
5.0932480314960626
20
-3.8597047244094487
11
5.0932480314960626
21
-3.8439566929133857
0
LINE
8
BLACK
6
CONTINUOUS
10
5.0932480314960626
20
-3.8439566929133857
11
5.093847401574803
21
-3.8409434251968504
0
LINE
8
BLACK
6
CONTINUOUS
10
5.093847401574803
20
-3.8409434251968504
11
5.0955542913385825
21
-3.8383889370078741
0
LINE
8
BLACK
6
CONTINUOUS
10
5.0955542913385825
20
-3.8383889370078741
11
5.0981087795275588
21
-3.8366820472440946
0
LINE
8
BLACK
6
CONTINUOUS
10
5.0981087795275588
20
-3.8366820472440946
11
5.1011220472440941
21
-3.8360826771653542
0
LINE
8
BLACK
6
CONTINUOUS
10
5.1011220472440941
20
-3.8360826771653542
11
5.1562401574803145
21
-3.8360826771653542
0
LINE
8
BLACK
6
CONTINUOUS
10
5.1562401574803145
20
-3.8360826771653542
11
5.1592534251968507
21
-3.8366820472440946
0
LINE
8
BLACK
6
CONTINUOUS
10
5.6316943700787396
20
-3.8366820472440946
11
5.6342488582677168
21
-3.8383889370078741
0
LINE
8
BLACK
6
CONTINUOUS
10
5.6342488582677168
20
-3.8383889370078741
11
5.6359557480314963
21
-3.8409434251968504
0
LINE
8
BLACK
6
CONTINUOUS
10
5.6359557480314963
20
-3.8409434251968504
11
5.6365551181102358
21
-3.8439566929133857
0
LINE
8
BLACK
6
CONTINUOUS
10
5.6365551181102358
20
-3.8439566929133857
11
5.6365551181102358
21
-3.8597047244094487
0
LINE
8
BLACK
6
CONTINUOUS
10
5.6365551181102358
20
-3.8597047244094487
11
5.6359557480314963
21
-3.862717992125984
0
LINE
8
BLACK
6
CONTINUOUS
10
5.6359557480314963
20
-3.862717992125984
11
5.6342488582677168
21
-3.8652724803149607
0
LINE
8
BLACK
6
CONTINUOUS
10
5.6342488582677168
20
-3.8652724803149607
11
5.6316943700787396
21
-3.8669793700787403
0
LINE
8
BLACK
6
CONTINUOUS
10
5.6316943700787396
20
-3.8669793700787403
11
5.6286811023622043
21
-3.8675787401574802
0
LINE
8
BLACK
6
CONTINUOUS
10
5.6286811023622043
20
-3.8675787401574802
11
5.5735629921259839
21
-3.8675787401574802
0
LINE
8
BLACK
6
CONTINUOUS
10
5.5735629921259839
20
-3.8675787401574802
11
5.5705497244094486
21
-3.8669793700787403
0
LINE
8
BLACK
6
CONTINUOUS
10
5.5705497244094486
20
-3.8669793700787403
11
5.5679952362204723
21
-3.8652724803149607
0
LINE
8
BLACK
6
CONTINUOUS
10
5.5679952362204723
20
-3.8652724803149607
11
5.5662883464566928
21
-3.862717992125984
0
LINE
8
BLACK
6
CONTINUOUS
10
5.5662883464566928
20
-3.862717992125984
11
5.5656889763779525
21
-3.8597047244094487
0
LINE
8
BLACK
6
CONTINUOUS
10
5.5656889763779525
20
-3.8597047244094487
11
5.5656889763779525
21
-3.8439566929133857
0
LINE
8
BLACK
6
CONTINUOUS
10
5.5656889763779525
20
-3.8439566929133857
11
5.5662883464566928
21
-3.8409434251968504
0
LINE
8
BLACK
6
CONTINUOUS
10
5.5662883464566928
20
-3.8409434251968504
11
5.5679952362204723
21
-3.8383889370078741
0
LINE
8
BLACK
6
CONTINUOUS
10
5.5679952362204723
20
-3.8383889370078741
11
5.5705497244094486
21
-3.8366820472440946
0
LINE
8
BLACK
6
CONTINUOUS
10
5.5705497244094486
20
-3.8366820472440946
11
5.5735629921259839
21
-3.8360826771653542
0
LINE
8
BLACK
6
CONTINUOUS
10
5.5735629921259839
20
-3.8360826771653542
11
5.6286811023622043
21
-3.8360826771653542
0
LINE
8
BLACK
6
CONTINUOUS
10
5.6286811023622043
20
-3.8360826771653542
11
5.6316943700787396
21
-3.8366820472440946
0
LINE
8
BLACK
6
CONTINUOUS
10
6.5731692913385826
20
-3.7994488188976376
11
6.5357677165354326
21
-3.7994488188976376
0
LINE
8
BLACK
6
CONTINUOUS
10
6.5357677165354326
20
-3.7994488188976376
11
6.5357677165354326
21
-3.7403937007874015
0
LINE
8
BLACK
6
CONTINUOUS
10
6.5357677165354326
20
-3.7403937007874015
11
6.5731692913385826
21
-3.7403937007874015
0
LINE
8
BLACK
6
CONTINUOUS
10
6.5731692913385826
20
-3.7403937007874015
11
6.5731692913385826
21
-3.7994488188976376
0
LINE
8
BLACK
6
CONTINUOUS
10
6.7365551181102363
20
-3.7994488188976376
11
6.6991535433070863
21
-3.7994488188976376
0
LINE
8
BLACK
6
CONTINUOUS
10
6.6991535433070863
20
-3.7994488188976376
11
6.6991535433070863
21
-3.7403937007874015
0
LINE
8
BLACK
6
CONTINUOUS
10
6.6991535433070863
20
-3.7403937007874015
11
6.7365551181102363
21
-3.7403937007874015
0
LINE
8
BLACK
6
CONTINUOUS
10
6.7365551181102363
20
-3.7403937007874015
11
6.7365551181102363
21
-3.7994488188976376
0
LINE
8
BLACK
6
CONTINUOUS
10
6.4374015748031495
20
-3.7974212598425194
11
6.4024015748031493
21
-3.7974212598425194
0
LINE
8
BLACK
6
CONTINUOUS
10
6.4024015748031493
20
-3.7974212598425194
11
6.4024015748031493
21
-3.7424212598425197
0
LINE
8
BLACK
6
CONTINUOUS
10
6.4024015748031493
20
-3.7424212598425197
11
6.4374015748031495
21
-3.7424212598425197
0
LINE
8
BLACK
6
CONTINUOUS
10
6.4374015748031495
20
-3.7424212598425197
11
6.4374015748031495
21
-3.7974212598425194
0
LINE
8
BLACK
6
CONTINUOUS
10
6.5124015748031496
20
-3.7974212598425194
11
6.4774015748031495
21
-3.7974212598425194
0
LINE
8
BLACK
6
CONTINUOUS
10
6.4774015748031495
20
-3.7974212598425194
11
6.4774015748031495
21
-3.7424212598425197
0
LINE
8
BLACK
6
CONTINUOUS
10
6.4774015748031495
20
-3.7424212598425197
11
6.5124015748031496
21
-3.7424212598425197
0
LINE
8
BLACK
6
CONTINUOUS
10
6.5124015748031496
20
-3.7424212598425197
11
6.5124015748031496
21
-3.7974212598425194
0
LINE
8
BLACK
6
CONTINUOUS
10
4.9056496062992121
20
-3.7694488188976378
11
4.868248031496063
21
-3.7694488188976378
0
LINE
8
BLACK
6
CONTINUOUS
10
4.868248031496063
20
-3.7694488188976378
11
4.868248031496063
21
-3.7103937007874013
0
LINE
8
BLACK
6
CONTINUOUS
10
4.868248031496063
20
-3.7103937007874013
11
4.9056496062992121
21
-3.7103937007874013
0
LINE
8
BLACK
6
CONTINUOUS
10
4.9056496062992121
20
-3.7103937007874013
11
4.9056496062992121
21
-3.7694488188976378
0
LINE
8
BLACK
6
CONTINUOUS
10
5.0690354330708658
20
-3.7694488188976378
11
5.0316338582677167
21
-3.7694488188976378
0
LINE
8
BLACK
6
CONTINUOUS
10
5.0316338582677167
20
-3.7694488188976378
11
5.0316338582677167
21
-3.7103937007874013
0
LINE
8
BLACK
6
CONTINUOUS
10
5.0316338582677167
20
-3.7103937007874013
11
5.0690354330708658
21
-3.7103937007874013
0
LINE
8
BLACK
6
CONTINUOUS
10
5.0690354330708658
20
-3.7103937007874013
11
5.0690354330708658
21
-3.7694488188976378
0
LINE
8
BLACK
6
CONTINUOUS
10
5.1424015748031495
20
-3.7674212598425196
11
5.1074015748031494
21
-3.7674212598425196
0
LINE
8
BLACK
6
CONTINUOUS
10
5.1074015748031494
20
-3.7674212598425196
11
5.1074015748031494
21
-3.7124212598425195
0
LINE
8
BLACK
6
CONTINUOUS
10
5.1074015748031494
20
-3.7124212598425195
11
5.1424015748031495
21
-3.7124212598425195
0
LINE
8
BLACK
6
CONTINUOUS
10
5.1424015748031495
20
-3.7124212598425195
11
5.1424015748031495
21
-3.7674212598425196
0
LINE
8
BLACK
6
CONTINUOUS
10
5.2174015748031497
20
-3.7674212598425196
11
5.1824015748031496
21
-3.7674212598425196
0
LINE
8
BLACK
6
CONTINUOUS
10
5.1824015748031496
20
-3.7674212598425196
11
5.1824015748031496
21
-3.7124212598425195
0
LINE
8
BLACK
6
CONTINUOUS
10
5.1824015748031496
20
-3.7124212598425195
11
5.2174015748031497
21
-3.7124212598425195
0
LINE
8
BLACK
6
CONTINUOUS
10
5.2174015748031497
20
-3.7124212598425195
11
5.2174015748031497
21
-3.7674212598425196
0
LINE
8
BLACK
6
CONTINUOUS
10
5.8624015748031493
20
-3.7624212598425197
11
5.8074015748031496
21
-3.7624212598425197
0
LINE
8
BLACK
6
CONTINUOUS
10
5.8074015748031496
20
-3.7624212598425197
11
5.8074015748031496
21
-3.7274212598425196
0
LINE
8
BLACK
6
CONTINUOUS
10
5.8074015748031496
20
-3.7274212598425196
11
5.8624015748031493
21
-3.7274212598425196
0
LINE
8
BLACK
6
CONTINUOUS
10
5.8624015748031493
20
-3.7274212598425196
11
5.8624015748031493
21
-3.7624212598425197
0
LINE
8
BLACK
6
CONTINUOUS
10
5.7724015748031494
20
-3.7574212598425194
11
5.7174015748031497
21
-3.7574212598425194
0
LINE
8
BLACK
6
CONTINUOUS
10
5.7174015748031497
20
-3.7574212598425194
11
5.7174015748031497
21
-3.7224212598425197
0
LINE
8
BLACK
6
CONTINUOUS
10
5.7174015748031497
20
-3.7224212598425197
11
5.7724015748031494
21
-3.7224212598425197
0
LINE
8
BLACK
6
CONTINUOUS
10
5.7724015748031494
20
-3.7224212598425197
11
5.7724015748031494
21
-3.7574212598425194
0
LINE
8
BLACK
6
CONTINUOUS
10
5.5974015748031496
20
-3.6924212598425195
11
5.5624015748031495
21
-3.6924212598425195
0
LINE
8
BLACK
6
CONTINUOUS
10
5.5624015748031495
20
-3.6924212598425195
11
5.5624015748031495
21
-3.6374212598425197
0
LINE
8
BLACK
6
CONTINUOUS
10
5.5624015748031495
20
-3.6374212598425197
11
5.5974015748031496
21
-3.6374212598425197
0
LINE
8
BLACK
6
CONTINUOUS
10
5.5974015748031496
20
-3.6374212598425197
11
5.5974015748031496
21
-3.6924212598425195
0
LINE
8
BLACK
6
CONTINUOUS
10
5.6724015748031498
20
-3.6924212598425195
11
5.6374015748031496
21
-3.6924212598425195
0
LINE
8
BLACK
6
CONTINUOUS
10
5.6374015748031496
20
-3.6924212598425195
11
5.6374015748031496
21
-3.6374212598425197
0
LINE
8
BLACK
6
CONTINUOUS
10
5.6374015748031496
20
-3.6374212598425197
11
5.6724015748031498
21
-3.6374212598425197
0
LINE
8
BLACK
6
CONTINUOUS
10
5.6724015748031498
20
-3.6374212598425197
11
5.6724015748031498
21
-3.6924212598425195
0
LINE
8
BLACK
6
CONTINUOUS
10
5.8624015748031493
20
-3.6874212598425196
11
5.8074015748031496
21
-3.6874212598425196
0
LINE
8
BLACK
6
CONTINUOUS
10
5.8074015748031496
20
-3.6874212598425196
11
5.8074015748031496
21
-3.6524212598425194
0
LINE
8
BLACK
6
CONTINUOUS
10
5.8074015748031496
20
-3.6524212598425194
11
5.8624015748031493
21
-3.6524212598425194
0
LINE
8
BLACK
6
CONTINUOUS
10
5.8624015748031493
20
-3.6524212598425194
11
5.8624015748031493
21
-3.6874212598425196
0
LINE
8
BLACK
6
CONTINUOUS
10
5.7724015748031494
20
-3.6824212598425197
11
5.7174015748031497
21
-3.6824212598425197
0
LINE
8
BLACK
6
CONTINUOUS
10
5.7174015748031497
20
-3.6824212598425197
11
5.7174015748031497
21
-3.6474212598425195
0
LINE
8
BLACK
6
CONTINUOUS
10
5.7174015748031497
20
-3.6474212598425195
11
5.7724015748031494
21
-3.6474212598425195
0
LINE
8
BLACK
6
CONTINUOUS
10
5.7724015748031494
20
-3.6474212598425195
11
5.7724015748031494
21
-3.6824212598425197
0
LINE
8
BLACK
6
CONTINUOUS
10
5.2649016141732279
20
-3.677421220472441
11
5.2099016141732282
21
-3.677421220472441
0
LINE
8
BLACK
6
CONTINUOUS
10
5.2099016141732282
20
-3.677421220472441
11
5.2099016141732282
21
-3.6424212204724409
0
LINE
8
BLACK
6
CONTINUOUS
10
5.2099016141732282
20
-3.6424212204724409
11
5.2649016141732279
21
-3.6424212204724409
0
LINE
8
BLACK
6
CONTINUOUS
10
5.2649016141732279
20
-3.6424212204724409
11
5.2649016141732279
21
-3.677421220472441
0
LINE
8
BLACK
6
CONTINUOUS
10
6.5731692913385826
20
-3.6644488188976378
11
6.5357677165354326
21
-3.6644488188976378
0
LINE
8
BLACK
6
CONTINUOUS
10
6.5357677165354326
20
-3.6644488188976378
11
6.5357677165354326
21
-3.6053937007874013
0
LINE
8
BLACK
6
CONTINUOUS
10
6.5357677165354326
20
-3.6053937007874013
11
6.5731692913385826
21
-3.6053937007874013
0
LINE
8
BLACK
6
CONTINUOUS
10
6.5731692913385826
20
-3.6053937007874013
11
6.5731692913385826
21
-3.6644488188976378
0
LINE
8
BLACK
6
CONTINUOUS
10
6.7365551181102363
20
-3.6644488188976378
11
6.6991535433070863
21
-3.6644488188976378
0
LINE
8
BLACK
6
CONTINUOUS
10
6.6991535433070863
20
-3.6644488188976378
11
6.6991535433070863
21
-3.6053937007874013
0
LINE
8
BLACK
6
CONTINUOUS
10
6.6991535433070863
20
-3.6053937007874013
11
6.7365551181102363
21
-3.6053937007874013
0
LINE
8
BLACK
6
CONTINUOUS
10
6.7365551181102363
20
-3.6053937007874013
11
6.7365551181102363
21
-3.6644488188976378
0
LINE
8
BLACK
6
CONTINUOUS
10
6.4374015748031495
20
-3.6624212598425196
11
6.4024015748031493
21
-3.6624212598425196
0
LINE
8
BLACK
6
CONTINUOUS
10
6.4024015748031493
20
-3.6624212598425196
11
6.4024015748031493
21
-3.6074212598425195
0
LINE
8
BLACK
6
CONTINUOUS
10
6.4024015748031493
20
-3.6074212598425195
11
6.4374015748031495
21
-3.6074212598425195
0
LINE
8
BLACK
6
CONTINUOUS
10
6.4374015748031495
20
-3.6074212598425195
11
6.4374015748031495
21
-3.6624212598425196
0
LINE
8
BLACK
6
CONTINUOUS
10
6.5124015748031496
20
-3.6624212598425196
11
6.4774015748031495
21
-3.6624212598425196
0
LINE
8
BLACK
6
CONTINUOUS
10
6.4774015748031495
20
-3.6624212598425196
11
6.4774015748031495
21
-3.6074212598425195
0
LINE
8
BLACK
6
CONTINUOUS
10
6.4774015748031495
20
-3.6074212598425195
11
6.5124015748031496
21
-3.6074212598425195
0
LINE
8
BLACK
6
CONTINUOUS
10
6.5124015748031496
20
-3.6074212598425195
11
6.5124015748031496
21
-3.6624212598425196
0
LINE
8
BLACK
6
CONTINUOUS
10
5.4024606299212596
20
-3.6177165354330709
11
5.3607283464566926
21
-3.6177165354330709
0
LINE
8
BLACK
6
CONTINUOUS
10
5.3607283464566926
20
-3.6177165354330709
11
5.3607283464566926
21
-3.5921259842519686
0
LINE
8
BLACK
6
CONTINUOUS
10
5.3607283464566926
20
-3.5921259842519686
11
5.4024606299212596
21
-3.5921259842519686
0
LINE
8
BLACK
6
CONTINUOUS
10
5.4024606299212596
20
-3.5921259842519686
11
5.4024606299212596
21
-3.6177165354330709
0
LINE
8
BLACK
6
CONTINUOUS
10
5.4890748031496059
20
-3.6177165354330709
11
5.4473425196850389
21
-3.6177165354330709
0
LINE
8
BLACK
6
CONTINUOUS
10
5.4473425196850389
20
-3.6177165354330709
11
5.4473425196850389
21
-3.5921259842519686
0
LINE
8
BLACK
6
CONTINUOUS
10
5.4473425196850389
20
-3.5921259842519686
11
5.4890748031496059
21
-3.5921259842519686
0
LINE
8
BLACK
6
CONTINUOUS
10
5.4890748031496059
20
-3.5921259842519686
11
5.4890748031496059
21
-3.6177165354330709
0
LINE
8
BLACK
6
CONTINUOUS
10
5.1247440944881886
20
-3.6027165354330708
11
5.079468503937008
21
-3.6027165354330708
0
LINE
8
BLACK
6
CONTINUOUS
10
5.079468503937008
20
-3.6027165354330708
11
5.079468503937008
21
-3.5790944881889764
0
LINE
8
BLACK
6
CONTINUOUS
10
5.079468503937008
20
-3.5790944881889764
11
5.1247440944881886
21
-3.5790944881889764
0
LINE
8
BLACK
6
CONTINUOUS
10
5.1247440944881886
20
-3.5790944881889764
11
5.1247440944881886
21
-3.6027165354330708
0
LINE
8
BLACK
6
CONTINUOUS
10
5.2649016141732279
20
-3.6024212204724408
11
5.2099016141732282
21
-3.6024212204724408
0
LINE
8
BLACK
6
CONTINUOUS
10
5.2099016141732282
20
-3.6024212204724408
11
5.2099016141732282
21
-3.5674212204724407
0
LINE
8
BLACK
6
CONTINUOUS
10
5.2099016141732282
20
-3.5674212204724407
11
5.2649016141732279
21
-3.5674212204724407
0
LINE
8
BLACK
6
CONTINUOUS
10
5.2649016141732279
20
-3.5674212204724407
11
5.2649016141732279
21
-3.6024212204724408
0
LINE
8
BLACK
6
CONTINUOUS
10
5.6474015748031494
20
-3.5974212598425197
11
5.6124015748031493
21
-3.5974212598425197
0
LINE
8
BLACK
6
CONTINUOUS
10
5.6124015748031493
20
-3.5974212598425197
11
5.6124015748031493
21
-3.5424212598425195
0
LINE
8
BLACK
6
CONTINUOUS
10
5.6124015748031493
20
-3.5424212598425195
11
5.6474015748031494
21
-3.5424212598425195
0
LINE
8
BLACK
6
CONTINUOUS
10
5.6474015748031494
20
-3.5424212598425195
11
5.6474015748031494
21
-3.5974212598425197
0
LINE
8
BLACK
6
CONTINUOUS
10
5.7224015748031496
20
-3.5974212598425197
11
5.6874015748031495
21
-3.5974212598425197
0
LINE
8
BLACK
6
CONTINUOUS
10
5.6874015748031495
20
-3.5974212598425197
11
5.6874015748031495
21
-3.5424212598425195
0
LINE
8
BLACK
6
CONTINUOUS
10
5.6874015748031495
20
-3.5424212598425195
11
5.7224015748031496
21
-3.5424212598425195
0
LINE
8
BLACK
6
CONTINUOUS
10
5.7224015748031496
20
-3.5424212598425195
11
5.7224015748031496
21
-3.5974212598425197
0
LINE
8
BLACK
6
CONTINUOUS
10
5.4024606299212596
20
-3.5803149606299214
11
5.3607283464566926
21
-3.5803149606299214
0
LINE
8
BLACK
6
CONTINUOUS
10
5.3607283464566926
20
-3.5803149606299214
11
5.3607283464566926
21
-3.5547244094488186
0
LINE
8
BLACK
6
CONTINUOUS
10
5.3607283464566926
20
-3.5547244094488186
11
5.4024606299212596
21
-3.5547244094488186
0
LINE
8
BLACK
6
CONTINUOUS
10
5.4024606299212596
20
-3.5547244094488186
11
5.4024606299212596
21
-3.5803149606299214
0
LINE
8
BLACK
6
CONTINUOUS
10
5.4890748031496059
20
-3.5803149606299214
11
5.4473425196850389
21
-3.5803149606299214
0
LINE
8
BLACK
6
CONTINUOUS
10
5.4473425196850389
20
-3.5803149606299214
11
5.4473425196850389
21
-3.5547244094488186
0
LINE
8
BLACK
6
CONTINUOUS
10
5.4473425196850389
20
-3.5547244094488186
11
5.4890748031496059
21
-3.5547244094488186
0
LINE
8
BLACK
6
CONTINUOUS
10
5.4890748031496059
20
-3.5547244094488186
11
5.4890748031496059
21
-3.5803149606299214
0
LINE
8
BLACK
6
CONTINUOUS
10
5.1247440944881886
20
-3.5712204724409449
11
5.079468503937008
21
-3.5712204724409449
0
LINE
8
BLACK
6
CONTINUOUS
10
5.079468503937008
20
-3.5712204724409449
11
5.079468503937008
21
-3.5475984251968504
0
LINE
8
BLACK
6
CONTINUOUS
10
5.079468503937008
20
-3.5475984251968504
11
5.1247440944881886
21
-3.5475984251968504
0
LINE
8
BLACK
6
CONTINUOUS
10
5.1247440944881886
20
-3.5475984251968504
11
5.1247440944881886
21
-3.5712204724409449
0
LINE
8
BLACK
6
CONTINUOUS
10
6.0254398031496059
20
-3.4464578740157479
11
6.0286329527559053
21
-3.4485914566929132
0
LINE
8
BLACK
6
CONTINUOUS
10
6.0286329527559053
20
-3.4485914566929132
11
6.0307665354330711
21
-3.4517846062992126
0
LINE
8
BLACK
6
CONTINUOUS
10
6.0307665354330711
20
-3.4517846062992126
11
6.031515748031496
21
-3.4555511811023623
0
LINE
8
BLACK
6
CONTINUOUS
10
6.031515748031496
20
-3.4555511811023623
11
6.031515748031496
21
-3.5342913385826771
0
LINE
8
BLACK
6
CONTINUOUS
10
6.031515748031496
20
-3.5342913385826771
11
6.0307665354330711
21
-3.5380579133858268
0
LINE
8
BLACK
6
CONTINUOUS
10
6.0307665354330711
20
-3.5380579133858268
11
6.0286329527559053
21
-3.5412510629921261
0
LINE
8
BLACK
6
CONTINUOUS
10
6.0286329527559053
20
-3.5412510629921261
11
6.0254398031496059
21
-3.5433846456692915
0
LINE
8
BLACK
6
CONTINUOUS
10
6.0254398031496059
20
-3.5433846456692915
11
6.0216732283464562
21
-3.5441338582677164
0
LINE
8
BLACK
6
CONTINUOUS
10
6.0216732283464562
20
-3.5441338582677164
11
5.8681299212598423
21
-3.5441338582677164
0
LINE
8
BLACK
6
CONTINUOUS
10
5.8681299212598423
20
-3.5441338582677164
11
5.8643633464566927
21
-3.5433846456692915
0
LINE
8
BLACK
6
CONTINUOUS
10
5.8643633464566927
20
-3.5433846456692915
11
5.8611701968503933
21
-3.5412510629921261
0
LINE
8
BLACK
6
CONTINUOUS
10
5.8611701968503933
20
-3.5412510629921261
11
5.8590366141732284
21
-3.5380579133858268
0
LINE
8
BLACK
6
CONTINUOUS
10
5.8590366141732284
20
-3.5380579133858268
11
5.8582874015748034
21
-3.5342913385826771
0
LINE
8
BLACK
6
CONTINUOUS
10
5.8582874015748034
20
-3.5342913385826771
11
5.8582874015748034
21
-3.4555511811023623
0
LINE
8
BLACK
6
CONTINUOUS
10
5.8582874015748034
20
-3.4555511811023623
11
5.8590366141732284
21
-3.4517846062992126
0
LINE
8
BLACK
6
CONTINUOUS
10
5.8590366141732284
20
-3.4517846062992126
11
5.8611701968503933
21
-3.4485914566929132
0
LINE
8
BLACK
6
CONTINUOUS
10
5.8611701968503933
20
-3.4485914566929132
11
5.8643633464566927
21
-3.4464578740157479
0
LINE
8
BLACK
6
CONTINUOUS
10
5.8643633464566927
20
-3.4464578740157479
11
5.8681299212598423
21
-3.4457086614173229
0
LINE
8
BLACK
6
CONTINUOUS
10
5.8681299212598423
20
-3.4457086614173229
11
6.0216732283464562
21
-3.4457086614173229
0
LINE
8
BLACK
6
CONTINUOUS
10
6.0216732283464562
20
-3.4457086614173229
11
6.0254398031496059
21
-3.4464578740157479
0
LINE
8
BLACK
6
CONTINUOUS
10
6.3561484645669291
20
-3.4464578740157479
11
6.3593416141732284
21
-3.4485914566929132
0
LINE
8
BLACK
6
CONTINUOUS
10
6.3593416141732284
20
-3.4485914566929132
11
6.3614751968503933
21
-3.4517846062992126
0
LINE
8
BLACK
6
CONTINUOUS
10
6.3614751968503933
20
-3.4517846062992126
11
6.3622244094488192
21
-3.4555511811023623
0
LINE
8
BLACK
6
CONTINUOUS
10
6.3622244094488192
20
-3.4555511811023623
11
6.3622244094488192
21
-3.5342913385826771
0
LINE
8
BLACK
6
CONTINUOUS
10
6.3622244094488192
20
-3.5342913385826771
11
6.3614751968503933
21
-3.5380579133858268
0
LINE
8
BLACK
6
CONTINUOUS
10
6.3614751968503933
20
-3.5380579133858268
11
6.3593416141732284
21
-3.5412510629921261
0
LINE
8
BLACK
6
CONTINUOUS
10
6.3593416141732284
20
-3.5412510629921261
11
6.3561484645669291
21
-3.5433846456692915
0
LINE
8
BLACK
6
CONTINUOUS
10
6.3561484645669291
20
-3.5433846456692915
11
6.3523818897637794
21
-3.5441338582677164
0
LINE
8
BLACK
6
CONTINUOUS
10
6.3523818897637794
20
-3.5441338582677164
11
6.1988385826771655
21
-3.5441338582677164
0
LINE
8
BLACK
6
CONTINUOUS
10
6.1988385826771655
20
-3.5441338582677164
11
6.1950720078740158
21
-3.5433846456692915
0
LINE
8
BLACK
6
CONTINUOUS
10
6.1950720078740158
20
-3.5433846456692915
11
6.1918788582677164
21
-3.5412510629921261
0
LINE
8
BLACK
6
CONTINUOUS
10
6.1918788582677164
20
-3.5412510629921261
11
6.1897452755905507
21
-3.5380579133858268
0
LINE
8
BLACK
6
CONTINUOUS
10
6.1897452755905507
20
-3.5380579133858268
11
6.1889960629921257
21
-3.5342913385826771
0
LINE
8
BLACK
6
CONTINUOUS
10
6.1889960629921257
20
-3.5342913385826771
11
6.1889960629921257
21
-3.4555511811023623
0
LINE
8
BLACK
6
CONTINUOUS
10
6.1889960629921257
20
-3.4555511811023623
11
6.1897452755905507
21
-3.4517846062992126
0
LINE
8
BLACK
6
CONTINUOUS
10
6.1897452755905507
20
-3.4517846062992126
11
6.1918788582677164
21
-3.4485914566929132
0
LINE
8
BLACK
6
CONTINUOUS
10
6.1918788582677164
20
-3.4485914566929132
11
6.1950720078740158
21
-3.4464578740157479
0
LINE
8
BLACK
6
CONTINUOUS
10
6.1950720078740158
20
-3.4464578740157479
11
6.1988385826771655
21
-3.4457086614173229
0
LINE
8
BLACK
6
CONTINUOUS
10
6.1988385826771655
20
-3.4457086614173229
11
6.3523818897637794
21
-3.4457086614173229
0
LINE
8
BLACK
6
CONTINUOUS
10
6.3523818897637794
20
-3.4457086614173229
11
6.3561484645669291
21
-3.4464578740157479
0
LINE
8
BLACK
6
CONTINUOUS
10
5.4024606299212596
20
-3.5429133858267714
11
5.3607283464566926
21
-3.5429133858267714
0
LINE
8
BLACK
6
CONTINUOUS
10
5.3607283464566926
20
-3.5429133858267714
11
5.3607283464566926
21
-3.5173228346456691
0
LINE
8
BLACK
6
CONTINUOUS
10
5.3607283464566926
20
-3.5173228346456691
11
5.4024606299212596
21
-3.5173228346456691
0
LINE
8
BLACK
6
CONTINUOUS
10
5.4024606299212596
20
-3.5173228346456691
11
5.4024606299212596
21
-3.5429133858267714
0
LINE
8
BLACK
6
CONTINUOUS
10
5.4890748031496059
20
-3.5429133858267714
11
5.4473425196850389
21
-3.5429133858267714
0
LINE
8
BLACK
6
CONTINUOUS
10
5.4473425196850389
20
-3.5429133858267714
11
5.4473425196850389
21
-3.5173228346456691
0
LINE
8
BLACK
6
CONTINUOUS
10
5.4473425196850389
20
-3.5173228346456691
11
5.4890748031496059
21
-3.5173228346456691
0
LINE
8
BLACK
6
CONTINUOUS
10
5.4890748031496059
20
-3.5173228346456691
11
5.4890748031496059
21
-3.5429133858267714
0
LINE
8
BLACK
6
CONTINUOUS
10
5.1247440944881886
20
-3.5397244094488189
11
5.079468503937008
21
-3.5397244094488189
0
LINE
8
BLACK
6
CONTINUOUS
10
5.079468503937008
20
-3.5397244094488189
11
5.079468503937008
21
-3.5279133858267717
0
LINE
8
BLACK
6
CONTINUOUS
10
5.079468503937008
20
-3.5279133858267717
11
5.1247440944881886
21
-3.5279133858267717
0
LINE
8
BLACK
6
CONTINUOUS
10
5.1247440944881886
20
-3.5279133858267717
11
5.1247440944881886
21
-3.5397244094488189
0
LINE
8
BLACK
6
CONTINUOUS
10
6.5731692913385826
20
-3.5294488188976376
11
6.5357677165354326
21
-3.5294488188976376
0
LINE
8
BLACK
6
CONTINUOUS
10
6.5357677165354326
20
-3.5294488188976376
11
6.5357677165354326
21
-3.4703937007874015
0
LINE
8
BLACK
6
CONTINUOUS
10
6.5357677165354326
20
-3.4703937007874015
11
6.5731692913385826
21
-3.4703937007874015
0
LINE
8
BLACK
6
CONTINUOUS
10
6.5731692913385826
20
-3.4703937007874015
11
6.5731692913385826
21
-3.5294488188976376
0
LINE
8
BLACK
6
CONTINUOUS
10
6.7365551181102363
20
-3.5294488188976376
11
6.6991535433070863
21
-3.5294488188976376
0
LINE
8
BLACK
6
CONTINUOUS
10
6.6991535433070863
20
-3.5294488188976376
11
6.6991535433070863
21
-3.4703937007874015
0
LINE
8
BLACK
6
CONTINUOUS
10
6.6991535433070863
20
-3.4703937007874015
11
6.7365551181102363
21
-3.4703937007874015
0
LINE
8
BLACK
6
CONTINUOUS
10
6.7365551181102363
20
-3.4703937007874015
11
6.7365551181102363
21
-3.5294488188976376
0
LINE
8
BLACK
6
CONTINUOUS
10
6.4324015748031496
20
-3.5274212598425194
11
6.3974015748031494
21
-3.5274212598425194
0
LINE
8
BLACK
6
CONTINUOUS
10
6.3974015748031494
20
-3.5274212598425194
11
6.3974015748031494
21
-3.4724212598425197
0
LINE
8
BLACK
6
CONTINUOUS
10
6.3974015748031494
20
-3.4724212598425197
11
6.4324015748031496
21
-3.4724212598425197
0
LINE
8
BLACK
6
CONTINUOUS
10
6.4324015748031496
20
-3.4724212598425197
11
6.4324015748031496
21
-3.5274212598425194
0
LINE
8
BLACK
6
CONTINUOUS
10
6.5074015748031497
20
-3.5274212598425194
11
6.4724015748031496
21
-3.5274212598425194
0
LINE
8
BLACK
6
CONTINUOUS
10
6.4724015748031496
20
-3.5274212598425194
11
6.4724015748031496
21
-3.4724212598425197
0
LINE
8
BLACK
6
CONTINUOUS
10
6.4724015748031496
20
-3.4724212598425197
11
6.5074015748031497
21
-3.4724212598425197
0
LINE
8
BLACK
6
CONTINUOUS
10
6.5074015748031497
20
-3.4724212598425197
11
6.5074015748031497
21
-3.5274212598425194
0
LINE
8
BLACK
6
CONTINUOUS
10
5.1247440944881886
20
-3.5200393700787402
11
5.079468503937008
21
-3.5200393700787402
0
LINE
8
BLACK
6
CONTINUOUS
10
5.079468503937008
20
-3.5200393700787402
11
5.079468503937008
21
-3.508228346456693
0
LINE
8
BLACK
6
CONTINUOUS
10
5.079468503937008
20
-3.508228346456693
11
5.1247440944881886
21
-3.508228346456693
0
LINE
8
BLACK
6
CONTINUOUS
10
5.1247440944881886
20
-3.508228346456693
11
5.1247440944881886
21
-3.5200393700787402
0
LINE
8
BLACK
6
CONTINUOUS
10
5.1247440944881886
20
-3.5003543307086615
11
5.079468503937008
21
-3.5003543307086615
0
LINE
8
BLACK
6
CONTINUOUS
10
5.079468503937008
20
-3.5003543307086615
11
5.079468503937008
21
-3.4885433070866143
0
LINE
8
BLACK
6
CONTINUOUS
10
5.079468503937008
20
-3.4885433070866143
11
5.1247440944881886
21
-3.4885433070866143
0
LINE
8
BLACK
6
CONTINUOUS
10
5.1247440944881886
20
-3.4885433070866143
11
5.1247440944881886
21
-3.5003543307086615
0
LINE
8
BLACK
6
CONTINUOUS
10
5.6607677165354326
20
-3.4925196850393698
11
5.6190354330708656
21
-3.4925196850393698
0
LINE
8
BLACK
6
CONTINUOUS
10
5.6190354330708656
20
-3.4925196850393698
11
5.6190354330708656
21
-3.4669291338582675
0
LINE
8
BLACK
6
CONTINUOUS
10
5.6190354330708656
20
-3.4669291338582675
11
5.6607677165354326
21
-3.4669291338582675
0
LINE
8
BLACK
6
CONTINUOUS
10
5.6607677165354326
20
-3.4669291338582675
11
5.6607677165354326
21
-3.4925196850393698
0
LINE
8
BLACK
6
CONTINUOUS
10
5.7473818897637798
20
-3.4925196850393698
11
5.7056496062992128
21
-3.4925196850393698
0
LINE
8
BLACK
6
CONTINUOUS
10
5.7056496062992128
20
-3.4925196850393698
11
5.7056496062992128
21
-3.4669291338582675
0
LINE
8
BLACK
6
CONTINUOUS
10
5.7056496062992128
20
-3.4669291338582675
11
5.7473818897637798
21
-3.4669291338582675
0
LINE
8
BLACK
6
CONTINUOUS
10
5.7473818897637798
20
-3.4669291338582675
11
5.7473818897637798
21
-3.4925196850393698
0
LINE
8
BLACK
6
CONTINUOUS
10
5.5824015748031499
20
-3.4924212598425197
11
5.5274015748031493
21
-3.4924212598425197
0
LINE
8
BLACK
6
CONTINUOUS
10
5.5274015748031493
20
-3.4924212598425197
11
5.5274015748031493
21
-3.4574212598425196
0
LINE
8
BLACK
6
CONTINUOUS
10
5.5274015748031493
20
-3.4574212598425196
11
5.5824015748031499
21
-3.4574212598425196
0
LINE
8
BLACK
6
CONTINUOUS
10
5.5824015748031499
20
-3.4574212598425196
11
5.5824015748031499
21
-3.4924212598425197
0
LINE
8
BLACK
6
CONTINUOUS
10
5.1247440944881886
20
-3.4806692913385824
11
5.079468503937008
21
-3.4806692913385824
0
LINE
8
BLACK
6
CONTINUOUS
10
5.079468503937008
20
-3.4806692913385824
11
5.079468503937008
21
-3.4688582677165352
0
LINE
8
BLACK
6
CONTINUOUS
10
5.079468503937008
20
-3.4688582677165352
11
5.1247440944881886
21
-3.4688582677165352
0
LINE
8
BLACK
6
CONTINUOUS
10
5.1247440944881886
20
-3.4688582677165352
11
5.1247440944881886
21
-3.4806692913385824
0
LINE
8
BLACK
6
CONTINUOUS
10
5.3731957086614175
20
-3.3585051181102363
11
5.3763888582677168
21
-3.3606387007874017
0
LINE
8
BLACK
6
CONTINUOUS
10
5.3763888582677168
20
-3.3606387007874017
11
5.3785224409448817
21
-3.3638318503937006
0
LINE
8
BLACK
6
CONTINUOUS
10
5.3785224409448817
20
-3.3638318503937006
11
5.3792716535433067
21
-3.3675984251968503
0
LINE
8
BLACK
6
CONTINUOUS
10
5.3792716535433067
20
-3.3675984251968503
11
5.3792716535433067
21
-3.4522440944881887
0
LINE
8
BLACK
6
CONTINUOUS
10
5.3792716535433067
20
-3.4522440944881887
11
5.3785224409448817
21
-3.4560106692913384
0
LINE
8
BLACK
6
CONTINUOUS
10
5.3785224409448817
20
-3.4560106692913384
11
5.3763888582677168
21
-3.4592038188976377
0
LINE
8
BLACK
6
CONTINUOUS
10
5.3763888582677168
20
-3.4592038188976377
11
5.3731957086614175
21
-3.4613374015748031
0
LINE
8
BLACK
6
CONTINUOUS
10
5.3731957086614175
20
-3.4613374015748031
11
5.3694291338582678
21
-3.462086614173228
0
LINE
8
BLACK
6
CONTINUOUS
10
5.3694291338582678
20
-3.462086614173228
11
5.3399015748031493
21
-3.462086614173228
0
LINE
8
BLACK
6
CONTINUOUS
10
5.3399015748031493
20
-3.462086614173228
11
5.3361349999999996
21
-3.4613374015748031
0
LINE
8
BLACK
6
CONTINUOUS
10
5.3361349999999996
20
-3.4613374015748031
11
5.3329418503937003
21
-3.4592038188976377
0
LINE
8
BLACK
6
CONTINUOUS
10
5.3329418503937003
20
-3.4592038188976377
11
5.3308082677165354
21
-3.4560106692913384
0
LINE
8
BLACK
6
CONTINUOUS
10
5.3308082677165354
20
-3.4560106692913384
11
5.3300590551181104
21
-3.4522440944881887
0
LINE
8
BLACK
6
CONTINUOUS
10
5.3300590551181104
20
-3.4522440944881887
11
5.3300590551181104
21
-3.3675984251968503
0
LINE
8
BLACK
6
CONTINUOUS
10
5.3300590551181104
20
-3.3675984251968503
11
5.3308082677165354
21
-3.3638318503937006
0
LINE
8
BLACK
6
CONTINUOUS
10
5.3308082677165354
20
-3.3638318503937006
11
5.3329418503937003
21
-3.3606387007874017
0
LINE
8
BLACK
6
CONTINUOUS
10
5.3329418503937003
20
-3.3606387007874017
11
5.3361349999999996
21
-3.3585051181102363
0
LINE
8
BLACK
6
CONTINUOUS
10
5.3361349999999996
20
-3.3585051181102363
11
5.3399015748031493
21
-3.3577559055118109
0
LINE
8
BLACK
6
CONTINUOUS
10
5.3399015748031493
20
-3.3577559055118109
11
5.3694291338582678
21
-3.3577559055118109
0
LINE
8
BLACK
6
CONTINUOUS
10
5.3694291338582678
20
-3.3577559055118109
11
5.3731957086614175
21
-3.3585051181102363
0
LINE
8
BLACK
6
CONTINUOUS
10
5.4834319291338582
20
-3.3585051181102363
11
5.4866250787401576
21
-3.3606387007874017
0
LINE
8
BLACK
6
CONTINUOUS
10
5.4866250787401576
20
-3.3606387007874017
11
5.4887586614173225
21
-3.3638318503937006
0
LINE
8
BLACK
6
CONTINUOUS
10
5.4887586614173225
20
-3.3638318503937006
11
5.4895078740157475
21
-3.3675984251968503
0
LINE
8
BLACK
6
CONTINUOUS
10
5.4895078740157475
20
-3.3675984251968503
11
5.4895078740157475
21
-3.4522440944881887
0
LINE
8
BLACK
6
CONTINUOUS
10
5.4895078740157475
20
-3.4522440944881887
11
5.4887586614173225
21
-3.4560106692913384
0
LINE
8
BLACK
6
CONTINUOUS
10
5.4887586614173225
20
-3.4560106692913384
11
5.4866250787401576
21
-3.4592038188976377
0
LINE
8
BLACK
6
CONTINUOUS
10
5.4866250787401576
20
-3.4592038188976377
11
5.4834319291338582
21
-3.4613374015748031
0
LINE
8
BLACK
6
CONTINUOUS
10
5.4834319291338582
20
-3.4613374015748031
11
5.4796653543307086
21
-3.462086614173228
0
LINE
8
BLACK
6
CONTINUOUS
10
5.4796653543307086
20
-3.462086614173228
11
5.4501377952755901
21
-3.462086614173228
0
LINE
8
BLACK
6
CONTINUOUS
10
5.4501377952755901
20
-3.462086614173228
11
5.4463712204724404
21
-3.4613374015748031
0
LINE
8
BLACK
6
CONTINUOUS
10
5.4463712204724404
20
-3.4613374015748031
11
5.4431780708661419
21
-3.4592038188976377
0
LINE
8
BLACK
6
CONTINUOUS
10
5.4431780708661419
20
-3.4592038188976377
11
5.4410444881889761
21
-3.4560106692913384
0
LINE
8
BLACK
6
CONTINUOUS
10
5.4410444881889761
20
-3.4560106692913384
11
5.4402952755905511
21
-3.4522440944881887
0
LINE
8
BLACK
6
CONTINUOUS
10
5.4402952755905511
20
-3.4522440944881887
11
5.4402952755905511
21
-3.3675984251968503
0
LINE
8
BLACK
6
CONTINUOUS
10
5.4402952755905511
20
-3.3675984251968503
11
5.4410444881889761
21
-3.3638318503937006
0
LINE
8
BLACK
6
CONTINUOUS
10
5.4410444881889761
20
-3.3638318503937006
11
5.4431780708661419
21
-3.3606387007874017
0
LINE
8
BLACK
6
CONTINUOUS
10
5.4431780708661419
20
-3.3606387007874017
11
5.4463712204724404
21
-3.3585051181102363
0
LINE
8
BLACK
6
CONTINUOUS
10
5.4463712204724404
20
-3.3585051181102363
11
5.4501377952755901
21
-3.3577559055118109
0
LINE
8
BLACK
6
CONTINUOUS
10
5.4501377952755901
20
-3.3577559055118109
11
5.4796653543307086
21
-3.3577559055118109
0
LINE
8
BLACK
6
CONTINUOUS
10
5.4796653543307086
20
-3.3577559055118109
11
5.4834319291338582
21
-3.3585051181102363
0
LINE
8
BLACK
6
CONTINUOUS
10
5.1247440944881886
20
-3.4609842519685037
11
5.079468503937008
21
-3.4609842519685037
0
LINE
8
BLACK
6
CONTINUOUS
10
5.079468503937008
20
-3.4609842519685037
11
5.079468503937008
21
-3.4491732283464565
0
LINE
8
BLACK
6
CONTINUOUS
10
5.079468503937008
20
-3.4491732283464565
11
5.1247440944881886
21
-3.4491732283464565
0
LINE
8
BLACK
6
CONTINUOUS
10
5.1247440944881886
20
-3.4491732283464565
11
5.1247440944881886
21
-3.4609842519685037
0
LINE
8
BLACK
6
CONTINUOUS
10
5.6607677165354326
20
-3.4551181102362203
11
5.6190354330708656
21
-3.4551181102362203
0
LINE
8
BLACK
6
CONTINUOUS
10
5.6190354330708656
20
-3.4551181102362203
11
5.6190354330708656
21
-3.429527559055118
0
LINE
8
BLACK
6
CONTINUOUS
10
5.6190354330708656
20
-3.429527559055118
11
5.6607677165354326
21
-3.429527559055118
0
LINE
8
BLACK
6
CONTINUOUS
10
5.6607677165354326
20
-3.429527559055118
11
5.6607677165354326
21
-3.4551181102362203
0
LINE
8
BLACK
6
CONTINUOUS
10
6.4706496062992125
20
-3.4470078740157479
11
6.4391535433070866
21
-3.4470078740157479
0
LINE
8
BLACK
6
CONTINUOUS
10
6.4391535433070866
20
-3.4470078740157479
11
6.4391535433070866
21
-3.4115748031496063
0
LINE
8
BLACK
6
CONTINUOUS
10
6.4391535433070866
20
-3.4115748031496063
11
6.4706496062992125
21
-3.4115748031496063
0
LINE
8
BLACK
6
CONTINUOUS
10
6.4706496062992125
20
-3.4115748031496063
11
6.4706496062992125
21
-3.4470078740157479
0
LINE
8
BLACK
6
CONTINUOUS
10
5.1247440944881886
20
-3.441299212598425
11
5.079468503937008
21
-3.441299212598425
0
LINE
8
BLACK
6
CONTINUOUS
10
5.079468503937008
20
-3.441299212598425
11
5.079468503937008
21
-3.4294881889763777
0
LINE
8
BLACK
6
CONTINUOUS
10
5.079468503937008
20
-3.4294881889763777
11
5.1247440944881886
21
-3.4294881889763777
0
LINE
8
BLACK
6
CONTINUOUS
10
5.1247440944881886
20
-3.4294881889763777
11
5.1247440944881886
21
-3.441299212598425
0
LINE
8
BLACK
6
CONTINUOUS
10
5.2824015748031492
20
-3.4224212598425194
11
5.2274015748031495
21
-3.4224212598425194
0
LINE
8
BLACK
6
CONTINUOUS
10
5.2274015748031495
20
-3.4224212598425194
11
5.2274015748031495
21
-3.3874212598425197
0
LINE
8
BLACK
6
CONTINUOUS
10
5.2274015748031495
20
-3.3874212598425197
11
5.2824015748031492
21
-3.3874212598425197
0
LINE
8
BLACK
6
CONTINUOUS
10
5.2824015748031492
20
-3.3874212598425197
11
5.2824015748031492
21
-3.4224212598425194
0
LINE
8
BLACK
6
CONTINUOUS
10
5.1247440944881886
20
-3.4216141732283463
11
5.079468503937008
21
-3.4216141732283463
0
LINE
8
BLACK
6
CONTINUOUS
10
5.079468503937008
20
-3.4216141732283463
11
5.079468503937008
21
-3.409803149606299
0
LINE
8
BLACK
6
CONTINUOUS
10
5.079468503937008
20
-3.409803149606299
11
5.1247440944881886
21
-3.409803149606299
0
LINE
8
BLACK
6
CONTINUOUS
10
5.1247440944881886
20
-3.409803149606299
11
5.1247440944881886
21
-3.4216141732283463
0
LINE
8
BLACK
6
CONTINUOUS
10
5.6607677165354326
20
-3.4177165354330707
11
5.6190354330708656
21
-3.4177165354330707
0
LINE
8
BLACK
6
CONTINUOUS
10
5.6190354330708656
20
-3.4177165354330707
11
5.6190354330708656
21
-3.3921259842519684
0
LINE
8
BLACK
6
CONTINUOUS
10
5.6190354330708656
20
-3.3921259842519684
11
5.6607677165354326
21
-3.3921259842519684
0
LINE
8
BLACK
6
CONTINUOUS
10
5.6607677165354326
20
-3.3921259842519684
11
5.6607677165354326
21
-3.4177165354330707
0
LINE
8
BLACK
6
CONTINUOUS
10
5.7473818897637798
20
-3.4177165354330707
11
5.7056496062992128
21
-3.4177165354330707
0
LINE
8
BLACK
6
CONTINUOUS
10
5.7056496062992128
20
-3.4177165354330707
11
5.7056496062992128
21
-3.3921259842519684
0
LINE
8
BLACK
6
CONTINUOUS
10
5.7056496062992128
20
-3.3921259842519684
11
5.7473818897637798
21
-3.3921259842519684
0
LINE
8
BLACK
6
CONTINUOUS
10
5.7473818897637798
20
-3.3921259842519684
11
5.7473818897637798
21
-3.4177165354330707
0
LINE
8
BLACK
6
CONTINUOUS
10
5.5824015748031499
20
-3.4174212598425195
11
5.5274015748031493
21
-3.4174212598425195
0
LINE
8
BLACK
6
CONTINUOUS
10
5.5274015748031493
20
-3.4174212598425195
11
5.5274015748031493
21
-3.3824212598425194
0
LINE
8
BLACK
6
CONTINUOUS
10
5.5274015748031493
20
-3.3824212598425194
11
5.5824015748031499
21
-3.3824212598425194
0
LINE
8
BLACK
6
CONTINUOUS
10
5.5824015748031499
20
-3.3824212598425194
11
5.5824015748031499
21
-3.4174212598425195
0
LINE
8
BLACK
6
CONTINUOUS
10
5.8633661417322838
20
-3.4105118110236221
11
5.7964370078740153
21
-3.4105118110236221
0
LINE
8
BLACK
6
CONTINUOUS
10
5.7964370078740153
20
-3.4105118110236221
11
5.7964370078740153
21
-3.359330708661417
0
LINE
8
BLACK
6
CONTINUOUS
10
5.7964370078740153
20
-3.359330708661417
11
5.8633661417322838
21
-3.359330708661417
0
LINE
8
BLACK
6
CONTINUOUS
10
5.8633661417322838
20
-3.359330708661417
11
5.8633661417322838
21
-3.4105118110236221
0
LINE
8
BLACK
6
CONTINUOUS
10
5.1247440944881886
20
-3.4019291338582676
11
5.079468503937008
21
-3.4019291338582676
0
LINE
8
BLACK
6
CONTINUOUS
10
5.079468503937008
20
-3.4019291338582676
11
5.079468503937008
21
-3.3901181102362203
0
LINE
8
BLACK
6
CONTINUOUS
10
5.079468503937008
20
-3.3901181102362203
11
5.1247440944881886
21
-3.3901181102362203
0
LINE
8
BLACK
6
CONTINUOUS
10
5.1247440944881886
20
-3.3901181102362203
11
5.1247440944881886
21
-3.4019291338582676
0
LINE
8
BLACK
6
CONTINUOUS
10
6.5731692913385826
20
-3.3925984251968502
11
6.5357677165354326
21
-3.3925984251968502
0
LINE
8
BLACK
6
CONTINUOUS
10
6.5357677165354326
20
-3.3925984251968502
11
6.5357677165354326
21
-3.3335433070866141
0
LINE
8
BLACK
6
CONTINUOUS
10
6.5357677165354326
20
-3.3335433070866141
11
6.5731692913385826
21
-3.3335433070866141
0
LINE
8
BLACK
6
CONTINUOUS
10
6.5731692913385826
20
-3.3335433070866141
11
6.5731692913385826
21
-3.3925984251968502
0
LINE
8
BLACK
6
CONTINUOUS
10
6.7365551181102363
20
-3.3925984251968502
11
6.6991535433070863
21
-3.3925984251968502
0
LINE
8
BLACK
6
CONTINUOUS
10
6.6991535433070863
20
-3.3925984251968502
11
6.6991535433070863
21
-3.3335433070866141
0
LINE
8
BLACK
6
CONTINUOUS
10
6.6991535433070863
20
-3.3335433070866141
11
6.7365551181102363
21
-3.3335433070866141
0
LINE
8
BLACK
6
CONTINUOUS
10
6.7365551181102363
20
-3.3335433070866141
11
6.7365551181102363
21
-3.3925984251968502
0
LINE
8
BLACK
6
CONTINUOUS
10
5.1247440944881886
20
-3.3822440944881889
11
5.079468503937008
21
-3.3822440944881889
0
LINE
8
BLACK
6
CONTINUOUS
10
5.079468503937008
20
-3.3822440944881889
11
5.079468503937008
21
-3.3586220472440944
0
LINE
8
BLACK
6
CONTINUOUS
10
5.079468503937008
20
-3.3586220472440944
11
5.1247440944881886
21
-3.3586220472440944
0
LINE
8
BLACK
6
CONTINUOUS
10
5.1247440944881886
20
-3.3586220472440944
11
5.1247440944881886
21
-3.3822440944881889
0
LINE
8
BLACK
6
CONTINUOUS
10
6.4332480314960625
20
-3.3682677165354331
11
6.4017519685039366
21
-3.3682677165354331
0
LINE
8
BLACK
6
CONTINUOUS
10
6.4017519685039366
20
-3.3682677165354331
11
6.4017519685039366
21
-3.3328346456692914
0
LINE
8
BLACK
6
CONTINUOUS
10
6.4017519685039366
20
-3.3328346456692914
11
6.4332480314960625
21
-3.3328346456692914
0
LINE
8
BLACK
6
CONTINUOUS
10
6.4332480314960625
20
-3.3328346456692914
11
6.4332480314960625
21
-3.3682677165354331
0
LINE
8
BLACK
6
CONTINUOUS
10
6.5080511811023625
20
-3.3682677165354331
11
6.4765551181102357
21
-3.3682677165354331
0
LINE
8
BLACK
6
CONTINUOUS
10
6.4765551181102357
20
-3.3682677165354331
11
6.4765551181102357
21
-3.3328346456692914
0
LINE
8
BLACK
6
CONTINUOUS
10
6.4765551181102357
20
-3.3328346456692914
11
6.5080511811023625
21
-3.3328346456692914
0
LINE
8
BLACK
6
CONTINUOUS
10
6.5080511811023625
20
-3.3328346456692914
11
6.5080511811023625
21
-3.3682677165354331
0
LINE
8
BLACK
6
CONTINUOUS
10
5.1247440944881886
20
-3.3507480314960629
11
5.079468503937008
21
-3.3507480314960629
0
LINE
8
BLACK
6
CONTINUOUS
10
5.079468503937008
20
-3.3507480314960629
11
5.079468503937008
21
-3.3271259842519685
0
LINE
8
BLACK
6
CONTINUOUS
10
5.079468503937008
20
-3.3271259842519685
11
5.1247440944881886
21
-3.3271259842519685
0
LINE
8
BLACK
6
CONTINUOUS
10
5.1247440944881886
20
-3.3271259842519685
11
5.1247440944881886
21
-3.3507480314960629
0
LINE
8
BLACK
6
CONTINUOUS
10
5.2824015748031492
20
-3.3474212598425197
11
5.2274015748031495
21
-3.3474212598425197
0
LINE
8
BLACK
6
CONTINUOUS
10
5.2274015748031495
20
-3.3474212598425197
11
5.2274015748031495
21
-3.3124212598425196
0
LINE
8
BLACK
6
CONTINUOUS
10
5.2274015748031495
20
-3.3124212598425196
11
5.2824015748031492
21
-3.3124212598425196
0
LINE
8
BLACK
6
CONTINUOUS
10
5.2824015748031492
20
-3.3124212598425196
11
5.2824015748031492
21
-3.3474212598425197
0
LINE
8
BLACK
6
CONTINUOUS
10
5.7674015748031495
20
-3.3374212598425195
11
5.7124015748031498
21
-3.3374212598425195
0
LINE
8
BLACK
6
CONTINUOUS
10
5.7124015748031498
20
-3.3374212598425195
11
5.7124015748031498
21
-3.3024212598425198
0
LINE
8
BLACK
6
CONTINUOUS
10
5.7124015748031498
20
-3.3024212598425198
11
5.7674015748031495
21
-3.3024212598425198
0
LINE
8
BLACK
6
CONTINUOUS
10
5.7674015748031495
20
-3.3024212598425198
11
5.7674015748031495
21
-3.3374212598425195
0
LINE
8
BLACK
6
CONTINUOUS
10
5.1986811023622046
20
-3.3342913385826769
11
5.1711220472440944
21
-3.3342913385826769
0
LINE
8
BLACK
6
CONTINUOUS
10
5.1711220472440944
20
-3.3342913385826769
11
5.1711220472440944
21
-3.3106692913385825
0
LINE
8
BLACK
6
CONTINUOUS
10
5.1711220472440944
20
-3.3106692913385825
11
5.1986811023622046
21
-3.3106692913385825
0
LINE
8
BLACK
6
CONTINUOUS
10
5.1986811023622046
20
-3.3106692913385825
11
5.1986811023622046
21
-3.3342913385826769
0
LINE
8
BLACK
6
CONTINUOUS
10
5.5024015748031498
20
-3.3224212598425198
11
5.4474015748031492
21
-3.3224212598425198
0
LINE
8
BLACK
6
CONTINUOUS
10
5.4474015748031492
20
-3.3224212598425198
11
5.4474015748031492
21
-3.2874212598425196
0
LINE
8
BLACK
6
CONTINUOUS
10
5.4474015748031492
20
-3.2874212598425196
11
5.5024015748031498
21
-3.2874212598425196
0
LINE
8
BLACK
6
CONTINUOUS
10
5.5024015748031498
20
-3.2874212598425196
11
5.5024015748031498
21
-3.3224212598425198
0
LINE
8
BLACK
6
CONTINUOUS
10
5.5824015748031499
20
-3.3074212598425197
11
5.5274015748031493
21
-3.3074212598425197
0
LINE
8
BLACK
6
CONTINUOUS
10
5.5274015748031493
20
-3.3074212598425197
11
5.5274015748031493
21
-3.2724212598425195
0
LINE
8
BLACK
6
CONTINUOUS
10
5.5274015748031493
20
-3.2724212598425195
11
5.5824015748031499
21
-3.2724212598425195
0
LINE
8
BLACK
6
CONTINUOUS
10
5.5824015748031499
20
-3.2724212598425195
11
5.5824015748031499
21
-3.3074212598425197
0
LINE
8
BLACK
6
CONTINUOUS
10
6.3832480314960627
20
-3.3070078740157478
11
6.3517519685039368
21
-3.3070078740157478
0
LINE
8
BLACK
6
CONTINUOUS
10
6.3517519685039368
20
-3.3070078740157478
11
6.3517519685039368
21
-3.2715748031496061
0
LINE
8
BLACK
6
CONTINUOUS
10
6.3517519685039368
20
-3.2715748031496061
11
6.3832480314960627
21
-3.2715748031496061
0
LINE
8
BLACK
6
CONTINUOUS
10
6.3832480314960627
20
-3.2715748031496061
11
6.3832480314960627
21
-3.3070078740157478
0
LINE
8
BLACK
6
CONTINUOUS
10
6.4580511811023618
20
-3.3070078740157478
11
6.4265551181102358
21
-3.3070078740157478
0
LINE
8
BLACK
6
CONTINUOUS
10
6.4265551181102358
20
-3.3070078740157478
11
6.4265551181102358
21
-3.2715748031496061
0
LINE
8
BLACK
6
CONTINUOUS
10
6.4265551181102358
20
-3.2715748031496061
11
6.4580511811023618
21
-3.2715748031496061
0
LINE
8
BLACK
6
CONTINUOUS
10
6.4580511811023618
20
-3.2715748031496061
11
6.4580511811023618
21
-3.3070078740157478
0
LINE
8
BLACK
6
CONTINUOUS
10
5.6724015748031498
20
-3.2824212598425198
11
5.6174015748031492
21
-3.2824212598425198
0
LINE
8
BLACK
6
CONTINUOUS
10
5.6174015748031492
20
-3.2824212598425198
11
5.6174015748031492
21
-3.2474212598425196
0
LINE
8
BLACK
6
CONTINUOUS
10
5.6174015748031492
20
-3.2474212598425196
11
5.6724015748031498
21
-3.2474212598425196
0
LINE
8
BLACK
6
CONTINUOUS
10
5.6724015748031498
20
-3.2474212598425196
11
5.6724015748031498
21
-3.2824212598425198
0
LINE
8
BLACK
6
CONTINUOUS
10
5.1986811023622046
20
-3.2791732283464565
11
5.1711220472440944
21
-3.2791732283464565
0
LINE
8
BLACK
6
CONTINUOUS
10
5.1711220472440944
20
-3.2791732283464565
11
5.1711220472440944
21
-3.2555511811023621
0
LINE
8
BLACK
6
CONTINUOUS
10
5.1711220472440944
20
-3.2555511811023621
11
5.1986811023622046
21
-3.2555511811023621
0
LINE
8
BLACK
6
CONTINUOUS
10
5.1986811023622046
20
-3.2555511811023621
11
5.1986811023622046
21
-3.2791732283464565
0
LINE
8
BLACK
6
CONTINUOUS
10
5.8633661417322838
20
-3.2727165354330707
11
5.7964370078740153
21
-3.2727165354330707
0
LINE
8
BLACK
6
CONTINUOUS
10
5.7964370078740153
20
-3.2727165354330707
11
5.7964370078740153
21
-3.2215354330708661
0
LINE
8
BLACK
6
CONTINUOUS
10
5.7964370078740153
20
-3.2215354330708661
11
5.8633661417322838
21
-3.2215354330708661
0
LINE
8
BLACK
6
CONTINUOUS
10
5.8633661417322838
20
-3.2215354330708661
11
5.8633661417322838
21
-3.2727165354330707
0
LINE
8
BLACK
6
CONTINUOUS
10
6.3074015748031496
20
-3.2649212598425197
11
6.2524015748031498
21
-3.2649212598425197
0
LINE
8
BLACK
6
CONTINUOUS
10
6.2524015748031498
20
-3.2649212598425197
11
6.2524015748031498
21
-3.2299212598425195
0
LINE
8
BLACK
6
CONTINUOUS
10
6.2524015748031498
20
-3.2299212598425195
11
6.3074015748031496
21
-3.2299212598425195
0
LINE
8
BLACK
6
CONTINUOUS
10
6.3074015748031496
20
-3.2299212598425195
11
6.3074015748031496
21
-3.2649212598425197
0
LINE
8
BLACK
6
CONTINUOUS
10
5.7674015748031495
20
-3.2624212598425197
11
5.7124015748031498
21
-3.2624212598425197
0
LINE
8
BLACK
6
CONTINUOUS
10
5.7124015748031498
20
-3.2624212598425197
11
5.7124015748031498
21
-3.2274212598425196
0
LINE
8
BLACK
6
CONTINUOUS
10
5.7124015748031498
20
-3.2274212598425196
11
5.7674015748031495
21
-3.2274212598425196
0
LINE
8
BLACK
6
CONTINUOUS
10
5.7674015748031495
20
-3.2274212598425196
11
5.7674015748031495
21
-3.2624212598425197
0
LINE
8
BLACK
6
CONTINUOUS
10
5.9624015748031498
20
-3.2624212598425197
11
5.9074015748031492
21
-3.2624212598425197
0
LINE
8
BLACK
6
CONTINUOUS
10
5.9074015748031492
20
-3.2624212598425197
11
5.9074015748031492
21
-3.2274212598425196
0
LINE
8
BLACK
6
CONTINUOUS
10
5.9074015748031492
20
-3.2274212598425196
11
5.9624015748031498
21
-3.2274212598425196
0
LINE
8
BLACK
6
CONTINUOUS
10
5.9624015748031498
20
-3.2274212598425196
11
5.9624015748031498
21
-3.2624212598425197
0
LINE
8
BLACK
6
CONTINUOUS
10
5.3024015748031497
20
-3.2599212598425198
11
5.2474015748031491
21
-3.2599212598425198
0
LINE
8
BLACK
6
CONTINUOUS
10
5.2474015748031491
20
-3.2599212598425198
11
5.2474015748031491
21
-3.2249212598425196
0
LINE
8
BLACK
6
CONTINUOUS
10
5.2474015748031491
20
-3.2249212598425196
11
5.3024015748031497
21
-3.2249212598425196
0
LINE
8
BLACK
6
CONTINUOUS
10
5.3024015748031497
20
-3.2249212598425196
11
5.3024015748031497
21
-3.2599212598425198
0
LINE
8
BLACK
6
CONTINUOUS
10
6.0974015748031496
20
-3.2524212598425195
11
6.0624015748031495
21
-3.2524212598425195
0
LINE
8
BLACK
6
CONTINUOUS
10
6.0624015748031495
20
-3.2524212598425195
11
6.0624015748031495
21
-3.1974212598425198
0
LINE
8
BLACK
6
CONTINUOUS
10
6.0624015748031495
20
-3.1974212598425198
11
6.0974015748031496
21
-3.1974212598425198
0
LINE
8
BLACK
6
CONTINUOUS
10
6.0974015748031496
20
-3.1974212598425198
11
6.0974015748031496
21
-3.2524212598425195
0
LINE
8
BLACK
6
CONTINUOUS
10
6.1724015748031498
20
-3.2524212598425195
11
6.1374015748031496
21
-3.2524212598425195
0
LINE
8
BLACK
6
CONTINUOUS
10
6.1374015748031496
20
-3.2524212598425195
11
6.1374015748031496
21
-3.1974212598425198
0
LINE
8
BLACK
6
CONTINUOUS
10
6.1374015748031496
20
-3.1974212598425198
11
6.1724015748031498
21
-3.1974212598425198
0
LINE
8
BLACK
6
CONTINUOUS
10
6.1724015748031498
20
-3.1974212598425198
11
6.1724015748031498
21
-3.2524212598425195
0
LINE
8
BLACK
6
CONTINUOUS
10
5.5024015748031498
20
-3.2474212598425196
11
5.4474015748031492
21
-3.2474212598425196
0
LINE
8
BLACK
6
CONTINUOUS
10
5.4474015748031492
20
-3.2474212598425196
11
5.4474015748031492
21
-3.2124212598425195
0
LINE
8
BLACK
6
CONTINUOUS
10
5.4474015748031492
20
-3.2124212598425195
11
5.5024015748031498
21
-3.2124212598425195
0
LINE
8
BLACK
6
CONTINUOUS
10
5.5024015748031498
20
-3.2124212598425195
11
5.5024015748031498
21
-3.2474212598425196
0
LINE
8
BLACK
6
CONTINUOUS
10
5.5824015748031499
20
-3.2324212598425195
11
5.5274015748031493
21
-3.2324212598425195
0
LINE
8
BLACK
6
CONTINUOUS
10
5.5274015748031493
20
-3.2324212598425195
11
5.5274015748031493
21
-3.1974212598425198
0
LINE
8
BLACK
6
CONTINUOUS
10
5.5274015748031493
20
-3.1974212598425198
11
5.5824015748031499
21
-3.1974212598425198
0
LINE
8
BLACK
6
CONTINUOUS
10
5.5824015748031499
20
-3.1974212598425198
11
5.5824015748031499
21
-3.2324212598425195
0
LINE
8
BLACK
6
CONTINUOUS
10
6.4206496062992127
20
-3.228267716535433
11
6.3891535433070867
21
-3.228267716535433
0
LINE
8
BLACK
6
CONTINUOUS
10
6.3891535433070867
20
-3.228267716535433
11
6.3891535433070867
21
-3.1928346456692913
0
LINE
8
BLACK
6
CONTINUOUS
10
6.3891535433070867
20
-3.1928346456692913
11
6.4206496062992127
21
-3.1928346456692913
0
LINE
8
BLACK
6
CONTINUOUS
10
6.4206496062992127
20
-3.1928346456692913
11
6.4206496062992127
21
-3.228267716535433
0
LINE
8
BLACK
6
CONTINUOUS
10
5.2086811023622044
20
-3.2192913385826771
11
5.1811220472440942
21
-3.2192913385826771
0
LINE
8
BLACK
6
CONTINUOUS
10
5.1811220472440942
20
-3.2192913385826771
11
5.1811220472440942
21
-3.1956692913385827
0
LINE
8
BLACK
6
CONTINUOUS
10
5.1811220472440942
20
-3.1956692913385827
11
5.2086811023622044
21
-3.1956692913385827
0
LINE
8
BLACK
6
CONTINUOUS
10
5.2086811023622044
20
-3.1956692913385827
11
5.2086811023622044
21
-3.2192913385826771
0
LINE
8
BLACK
6
CONTINUOUS
10
5.6724015748031498
20
-3.2074212598425196
11
5.6174015748031492
21
-3.2074212598425196
0
LINE
8
BLACK
6
CONTINUOUS
10
5.6174015748031492
20
-3.2074212598425196
11
5.6174015748031492
21
-3.1724212598425194
0
LINE
8
BLACK
6
CONTINUOUS
10
5.6174015748031492
20
-3.1724212598425194
11
5.6724015748031498
21
-3.1724212598425194
0
LINE
8
BLACK
6
CONTINUOUS
10
5.6724015748031498
20
-3.1724212598425194
11
5.6724015748031498
21
-3.2074212598425196
0
LINE
8
BLACK
6
CONTINUOUS
10
6.3074015748031496
20
-3.1899212598425195
11
6.2524015748031498
21
-3.1899212598425195
0
LINE
8
BLACK
6
CONTINUOUS
10
6.2524015748031498
20
-3.1899212598425195
11
6.2524015748031498
21
-3.1549212598425198
0
LINE
8
BLACK
6
CONTINUOUS
10
6.2524015748031498
20
-3.1549212598425198
11
6.3074015748031496
21
-3.1549212598425198
0
LINE
8
BLACK
6
CONTINUOUS
10
6.3074015748031496
20
-3.1549212598425198
11
6.3074015748031496
21
-3.1899212598425195
0
LINE
8
BLACK
6
CONTINUOUS
10
5.9624015748031498
20
-3.1874212598425196
11
5.9074015748031492
21
-3.1874212598425196
0
LINE
8
BLACK
6
CONTINUOUS
10
5.9074015748031492
20
-3.1874212598425196
11
5.9074015748031492
21
-3.1524212598425194
0
LINE
8
BLACK
6
CONTINUOUS
10
5.9074015748031492
20
-3.1524212598425194
11
5.9624015748031498
21
-3.1524212598425194
0
LINE
8
BLACK
6
CONTINUOUS
10
5.9624015748031498
20
-3.1524212598425194
11
5.9624015748031498
21
-3.1874212598425196
0
LINE
8
BLACK
6
CONTINUOUS
10
5.3024015748031497
20
-3.1849212598425196
11
5.2474015748031491
21
-3.1849212598425196
0
LINE
8
BLACK
6
CONTINUOUS
10
5.2474015748031491
20
-3.1849212598425196
11
5.2474015748031491
21
-3.1499212598425195
0
LINE
8
BLACK
6
CONTINUOUS
10
5.2474015748031491
20
-3.1499212598425195
11
5.3024015748031497
21
-3.1499212598425195
0
LINE
8
BLACK
6
CONTINUOUS
10
5.3024015748031497
20
-3.1499212598425195
11
5.3024015748031497
21
-3.1849212598425196
0
LINE
8
BLACK
6
CONTINUOUS
10
5.2086811023622044
20
-3.1641732283464568
11
5.1811220472440942
21
-3.1641732283464568
0
LINE
8
BLACK
6
CONTINUOUS
10
5.1811220472440942
20
-3.1641732283464568
11
5.1811220472440942
21
-3.1405511811023623
0
LINE
8
BLACK
6
CONTINUOUS
10
5.1811220472440942
20
-3.1405511811023623
11
5.2086811023622044
21
-3.1405511811023623
0
LINE
8
BLACK
6
CONTINUOUS
10
5.2086811023622044
20
-3.1405511811023623
11
5.2086811023622044
21
-3.1641732283464568
0
LINE
8
BLACK
6
CONTINUOUS
10
6.4274015748031497
20
-3.1574212598425198
11
6.3724015748031491
21
-3.1574212598425198
0
LINE
8
BLACK
6
CONTINUOUS
10
6.3724015748031491
20
-3.1574212598425198
11
6.3724015748031491
21
-3.1224212598425196
0
LINE
8
BLACK
6
CONTINUOUS
10
6.3724015748031491
20
-3.1224212598425196
11
6.4274015748031497
21
-3.1224212598425196
0
LINE
8
BLACK
6
CONTINUOUS
10
6.4274015748031497
20
-3.1224212598425196
11
6.4274015748031497
21
-3.1574212598425198
0
LINE
8
BLACK
6
CONTINUOUS
10
5.3508229527559052
20
-3.0447408661417321
11
5.3527388188976373
21
-3.0460210236220471
0
LINE
8
BLACK
6
CONTINUOUS
10
5.3527388188976373
20
-3.0460210236220471
11
5.3540189763779527
21
-3.0479368897637795
0
LINE
8
BLACK
6
CONTINUOUS
10
5.3540189763779527
20
-3.0479368897637795
11
5.3544685039370075
21
-3.0501968503937009
0
LINE
8
BLACK
6
CONTINUOUS
10
5.3544685039370075
20
-3.0501968503937009
11
5.3544685039370075
21
-3.1053149606299213
0
LINE
8
BLACK
6
CONTINUOUS
10
5.3544685039370075
20
-3.1053149606299213
11
5.3540189763779527
21
-3.1075749212598422
0
LINE
8
BLACK
6
CONTINUOUS
10
5.3540189763779527
20
-3.1075749212598422
11
5.3527388188976373
21
-3.1094907874015747
0
LINE
8
BLACK
6
CONTINUOUS
10
5.3527388188976373
20
-3.1094907874015747
11
5.3508229527559052
21
-3.1107709448818897
0
LINE
8
BLACK
6
CONTINUOUS
10
5.3508229527559052
20
-3.1107709448818897
11
5.3485629921259843
21
-3.1112204724409449
0
LINE
8
BLACK
6
CONTINUOUS
10
5.3485629921259843
20
-3.1112204724409449
11
5.3367519685039371
21
-3.1112204724409449
0
LINE
8
BLACK
6
CONTINUOUS
10
5.3367519685039371
20
-3.1112204724409449
11
5.3344920078740152
21
-3.1107709448818897
0
LINE
8
BLACK
6
CONTINUOUS
10
5.3344920078740152
20
-3.1107709448818897
11
5.3325761417322832
21
-3.1094907874015747
0
LINE
8
BLACK
6
CONTINUOUS
10
5.3325761417322832
20
-3.1094907874015747
11
5.3312959842519687
21
-3.1075749212598422
0
LINE
8
BLACK
6
CONTINUOUS
10
5.3312959842519687
20
-3.1075749212598422
11
5.330846456692913
21
-3.1053149606299213
0
LINE
8
BLACK
6
CONTINUOUS
10
5.330846456692913
20
-3.1053149606299213
11
5.330846456692913
21
-3.0501968503937009
0
LINE
8
BLACK
6
CONTINUOUS
10
5.330846456692913
20
-3.0501968503937009
11
5.3312959842519687
21
-3.0479368897637795
0
LINE
8
BLACK
6
CONTINUOUS
10
5.3312959842519687
20
-3.0479368897637795
11
5.3325761417322832
21
-3.0460210236220471
0
LINE
8
BLACK
6
CONTINUOUS
10
5.3325761417322832
20
-3.0460210236220471
11
5.3344920078740152
21
-3.0447408661417321
0
LINE
8
BLACK
6
CONTINUOUS
10
5.3344920078740152
20
-3.0447408661417321
11
5.3367519685039371
21
-3.0442913385826773
0
LINE
8
BLACK
6
CONTINUOUS
10
5.3367519685039371
20
-3.0442913385826773
11
5.3485629921259843
21
-3.0442913385826773
0
LINE
8
BLACK
6
CONTINUOUS
10
5.3485629921259843
20
-3.0442913385826773
11
5.3508229527559052
21
-3.0447408661417321
0
LINE
8
BLACK
6
CONTINUOUS
10
5.4000355511811025
20
-3.0447408661417321
11
5.4019514173228345
21
-3.0460210236220471
0
LINE
8
BLACK
6
CONTINUOUS
10
5.4019514173228345
20
-3.0460210236220471
11
5.4032315748031499
21
-3.0479368897637795
0
LINE
8
BLACK
6
CONTINUOUS
10
5.4032315748031499
20
-3.0479368897637795
11
5.4036811023622047
21
-3.0501968503937009
0
LINE
8
BLACK
6
CONTINUOUS
10
5.4036811023622047
20
-3.0501968503937009
11
5.4036811023622047
21
-3.1053149606299213
0
LINE
8
BLACK
6
CONTINUOUS
10
5.4036811023622047
20
-3.1053149606299213
11
5.4032315748031499
21
-3.1075749212598422
0
LINE
8
BLACK
6
CONTINUOUS
10
5.4032315748031499
20
-3.1075749212598422
11
5.4019514173228345
21
-3.1094907874015747
0
LINE
8
BLACK
6
CONTINUOUS
10
5.4019514173228345
20
-3.1094907874015747
11
5.4000355511811025
21
-3.1107709448818897
0
LINE
8
BLACK
6
CONTINUOUS
10
5.4000355511811025
20
-3.1107709448818897
11
5.3977755905511806
21
-3.1112204724409449
0
LINE
8
BLACK
6
CONTINUOUS
10
5.3977755905511806
20
-3.1112204724409449
11
5.3859645669291334
21
-3.1112204724409449
0
LINE
8
BLACK
6
CONTINUOUS
10
5.3859645669291334
20
-3.1112204724409449
11
5.3837046062992124
21
-3.1107709448818897
0
LINE
8
BLACK
6
CONTINUOUS
10
5.3837046062992124
20
-3.1107709448818897
11
5.3817887401574804
21
-3.1094907874015747
0
LINE
8
BLACK
6
CONTINUOUS
10
5.3817887401574804
20
-3.1094907874015747
11
5.380508582677165
21
-3.1075749212598422
0
LINE
8
BLACK
6
CONTINUOUS
10
5.380508582677165
20
-3.1075749212598422
11
5.3800590551181102
21
-3.1053149606299213
0
LINE
8
BLACK
6
CONTINUOUS
10
5.3800590551181102
20
-3.1053149606299213
11
5.3800590551181102
21
-3.0501968503937009
0
LINE
8
BLACK
6
CONTINUOUS
10
5.3800590551181102
20
-3.0501968503937009
11
5.380508582677165
21
-3.0479368897637795
0
LINE
8
BLACK
6
CONTINUOUS
10
5.380508582677165
20
-3.0479368897637795
11
5.3817887401574804
21
-3.0460210236220471
0
LINE
8
BLACK
6
CONTINUOUS
10
5.3817887401574804
20
-3.0460210236220471
11
5.3837046062992124
21
-3.0447408661417321
0
LINE
8
BLACK
6
CONTINUOUS
10
5.3837046062992124
20
-3.0447408661417321
11
5.3859645669291334
21
-3.0442913385826773
0
LINE
8
BLACK
6
CONTINUOUS
10
5.3859645669291334
20
-3.0442913385826773
11
5.3977755905511806
21
-3.0442913385826773
0
LINE
8
BLACK
6
CONTINUOUS
10
5.3977755905511806
20
-3.0442913385826773
11
5.4000355511811025
21
-3.0447408661417321
0
LINE
8
BLACK
6
CONTINUOUS
10
5.4492481496062988
20
-3.0447408661417321
11
5.4511640157480317
21
-3.0460210236220471
0
LINE
8
BLACK
6
CONTINUOUS
10
5.4511640157480317
20
-3.0460210236220471
11
5.4524441732283462
21
-3.0479368897637795
0
LINE
8
BLACK
6
CONTINUOUS
10
5.4524441732283462
20
-3.0479368897637795
11
5.4528937007874019
21
-3.0501968503937009
0
LINE
8
BLACK
6
CONTINUOUS
10
5.4528937007874019
20
-3.0501968503937009
11
5.4528937007874019
21
-3.1053149606299213
0
LINE
8
BLACK
6
CONTINUOUS
10
5.4528937007874019
20
-3.1053149606299213
11
5.4524441732283462
21
-3.1075749212598422
0
LINE
8
BLACK
6
CONTINUOUS
10
5.4524441732283462
20
-3.1075749212598422
11
5.4511640157480317
21
-3.1094907874015747
0
LINE
8
BLACK
6
CONTINUOUS
10
5.4511640157480317
20
-3.1094907874015747
11
5.4492481496062988
21
-3.1107709448818897
0
LINE
8
BLACK
6
CONTINUOUS
10
5.4492481496062988
20
-3.1107709448818897
11
5.4469881889763778
21
-3.1112204724409449
0
LINE
8
BLACK
6
CONTINUOUS
10
5.4469881889763778
20
-3.1112204724409449
11
5.4351771653543306
21
-3.1112204724409449
0
LINE
8
BLACK
6
CONTINUOUS
10
5.4351771653543306
20
-3.1112204724409449
11
5.4329172047244096
21
-3.1107709448818897
0
LINE
8
BLACK
6
CONTINUOUS
10
5.4329172047244096
20
-3.1107709448818897
11
5.4310013385826768
21
-3.1094907874015747
0
LINE
8
BLACK
6
CONTINUOUS
10
5.4310013385826768
20
-3.1094907874015747
11
5.4297211811023622
21
-3.1075749212598422
0
LINE
8
BLACK
6
CONTINUOUS
10
5.4297211811023622
20
-3.1075749212598422
11
5.4292716535433065
21
-3.1053149606299213
0
LINE
8
BLACK
6
CONTINUOUS
10
5.4292716535433065
20
-3.1053149606299213
11
5.4292716535433065
21
-3.0501968503937009
0
LINE
8
BLACK
6
CONTINUOUS
10
5.4292716535433065
20
-3.0501968503937009
11
5.4297211811023622
21
-3.0479368897637795
0
LINE
8
BLACK
6
CONTINUOUS
10
5.4297211811023622
20
-3.0479368897637795
11
5.4310013385826768
21
-3.0460210236220471
0
LINE
8
BLACK
6
CONTINUOUS
10
5.4310013385826768
20
-3.0460210236220471
11
5.4329172047244096
21
-3.0447408661417321
0
LINE
8
BLACK
6
CONTINUOUS
10
5.4329172047244096
20
-3.0447408661417321
11
5.4351771653543306
21
-3.0442913385826773
0
LINE
8
BLACK
6
CONTINUOUS
10
5.4351771653543306
20
-3.0442913385826773
11
5.4469881889763778
21
-3.0442913385826773
0
LINE
8
BLACK
6
CONTINUOUS
10
5.4469881889763778
20
-3.0442913385826773
11
5.4492481496062988
21
-3.0447408661417321
0
LINE
8
BLACK
6
CONTINUOUS
10
5.498460748031496
20
-3.0447408661417321
11
5.500376614173228
21
-3.0460210236220471
0
LINE
8
BLACK
6
CONTINUOUS
10
5.500376614173228
20
-3.0460210236220471
11
5.5016567716535434
21
-3.0479368897637795
0
LINE
8
BLACK
6
CONTINUOUS
10
5.5016567716535434
20
-3.0479368897637795
11
5.5021062992125982
21
-3.0501968503937009
0
LINE
8
BLACK
6
CONTINUOUS
10
5.5021062992125982
20
-3.0501968503937009
11
5.5021062992125982
21
-3.1053149606299213
0
LINE
8
BLACK
6
CONTINUOUS
10
5.5021062992125982
20
-3.1053149606299213
11
5.5016567716535434
21
-3.1075749212598422
0
LINE
8
BLACK
6
CONTINUOUS
10
5.5016567716535434
20
-3.1075749212598422
11
5.500376614173228
21
-3.1094907874015747
0
LINE
8
BLACK
6
CONTINUOUS
10
5.500376614173228
20
-3.1094907874015747
11
5.498460748031496
21
-3.1107709448818897
0
LINE
8
BLACK
6
CONTINUOUS
10
5.498460748031496
20
-3.1107709448818897
11
5.496200787401575
21
-3.1112204724409449
0
LINE
8
BLACK
6
CONTINUOUS
10
5.496200787401575
20
-3.1112204724409449
11
5.4843897637795278
21
-3.1112204724409449
0
LINE
8
BLACK
6
CONTINUOUS
10
5.4843897637795278
20
-3.1112204724409449
11
5.482129803149606
21
-3.1107709448818897
0
LINE
8
BLACK
6
CONTINUOUS
10
5.482129803149606
20
-3.1107709448818897
11
5.480213937007874
21
-3.1094907874015747
0
LINE
8
BLACK
6
CONTINUOUS
10
5.480213937007874
20
-3.1094907874015747
11
5.4789337795275586
21
-3.1075749212598422
0
LINE
8
BLACK
6
CONTINUOUS
10
5.4789337795275586
20
-3.1075749212598422
11
5.4784842519685037
21
-3.1053149606299213
0
LINE
8
BLACK
6
CONTINUOUS
10
5.4784842519685037
20
-3.1053149606299213
11
5.4784842519685037
21
-3.0501968503937009
0
LINE
8
BLACK
6
CONTINUOUS
10
5.4784842519685037
20
-3.0501968503937009
11
5.4789337795275586
21
-3.0479368897637795
0
LINE
8
BLACK
6
CONTINUOUS
10
5.4789337795275586
20
-3.0479368897637795
11
5.480213937007874
21
-3.0460210236220471
0
LINE
8
BLACK
6
CONTINUOUS
10
5.480213937007874
20
-3.0460210236220471
11
5.482129803149606
21
-3.0447408661417321
0
LINE
8
BLACK
6
CONTINUOUS
10
5.482129803149606
20
-3.0447408661417321
11
5.4843897637795278
21
-3.0442913385826773
0
LINE
8
BLACK
6
CONTINUOUS
10
5.4843897637795278
20
-3.0442913385826773
11
5.496200787401575
21
-3.0442913385826773
0
LINE
8
BLACK
6
CONTINUOUS
10
5.496200787401575
20
-3.0442913385826773
11
5.498460748031496
21
-3.0447408661417321
0
LINE
8
BLACK
6
CONTINUOUS
10
5.5476733464566932
20
-3.0447408661417321
11
5.5495892125984252
21
-3.0460210236220471
0
LINE
8
BLACK
6
CONTINUOUS
10
5.5495892125984252
20
-3.0460210236220471
11
5.5508693700787397
21
-3.0479368897637795
0
LINE
8
BLACK
6
CONTINUOUS
10
5.5508693700787397
20
-3.0479368897637795
11
5.5513188976377954
21
-3.0501968503937009
0
LINE
8
BLACK
6
CONTINUOUS
10
5.5513188976377954
20
-3.0501968503937009
11
5.5513188976377954
21
-3.1053149606299213
0
LINE
8
BLACK
6
CONTINUOUS
10
5.5513188976377954
20
-3.1053149606299213
11
5.5508693700787397
21
-3.1075749212598422
0
LINE
8
BLACK
6
CONTINUOUS
10
5.5508693700787397
20
-3.1075749212598422
11
5.5495892125984252
21
-3.1094907874015747
0
LINE
8
BLACK
6
CONTINUOUS
10
5.5495892125984252
20
-3.1094907874015747
11
5.5476733464566932
21
-3.1107709448818897
0
LINE
8
BLACK
6
CONTINUOUS
10
5.5476733464566932
20
-3.1107709448818897
11
5.5454133858267713
21
-3.1112204724409449
0
LINE
8
BLACK
6
CONTINUOUS
10
5.5454133858267713
20
-3.1112204724409449
11
5.5336023622047241
21
-3.1112204724409449
0
LINE
8
BLACK
6
CONTINUOUS
10
5.5336023622047241
20
-3.1112204724409449
11
5.5313424015748032
21
-3.1107709448818897
0
LINE
8
BLACK
6
CONTINUOUS
10
5.5313424015748032
20
-3.1107709448818897
11
5.5294265354330712
21
-3.1094907874015747
0
LINE
8
BLACK
6
CONTINUOUS
10
5.5294265354330712
20
-3.1094907874015747
11
5.5281463779527558
21
-3.1075749212598422
0
LINE
8
BLACK
6
CONTINUOUS
10
5.5281463779527558
20
-3.1075749212598422
11
5.527696850393701
21
-3.1053149606299213
0
LINE
8
BLACK
6
CONTINUOUS
10
5.527696850393701
20
-3.1053149606299213
11
5.527696850393701
21
-3.0501968503937009
0
LINE
8
BLACK
6
CONTINUOUS
10
5.527696850393701
20
-3.0501968503937009
11
5.5281463779527558
21
-3.0479368897637795
0
LINE
8
BLACK
6
CONTINUOUS
10
5.5281463779527558
20
-3.0479368897637795
11
5.5294265354330712
21
-3.0460210236220471
0
LINE
8
BLACK
6
CONTINUOUS
10
5.5294265354330712
20
-3.0460210236220471
11
5.5313424015748032
21
-3.0447408661417321
0
LINE
8
BLACK
6
CONTINUOUS
10
5.5313424015748032
20
-3.0447408661417321
11
5.5336023622047241
21
-3.0442913385826773
0
LINE
8
BLACK
6
CONTINUOUS
10
5.5336023622047241
20
-3.0442913385826773
11
5.5454133858267713
21
-3.0442913385826773
0
LINE
8
BLACK
6
CONTINUOUS
10
5.5454133858267713
20
-3.0442913385826773
11
5.5476733464566932
21
-3.0447408661417321
0
LINE
8
BLACK
6
CONTINUOUS
10
5.5968859448818895
20
-3.0447408661417321
11
5.5988018110236215
21
-3.0460210236220471
0
LINE
8
BLACK
6
CONTINUOUS
10
5.5988018110236215
20
-3.0460210236220471
11
5.6000819685039369
21
-3.0479368897637795
0
LINE
8
BLACK
6
CONTINUOUS
10
5.6000819685039369
20
-3.0479368897637795
11
5.6005314960629917
21
-3.0501968503937009
0
LINE
8
BLACK
6
CONTINUOUS
10
5.6005314960629917
20
-3.0501968503937009
11
5.6005314960629917
21
-3.1053149606299213
0
LINE
8
BLACK
6
CONTINUOUS
10
5.6005314960629917
20
-3.1053149606299213
11
5.6000819685039369
21
-3.1075749212598422
0
LINE
8
BLACK
6
CONTINUOUS
10
5.6000819685039369
20
-3.1075749212598422
11
5.5988018110236215
21
-3.1094907874015747
0
LINE
8
BLACK
6
CONTINUOUS
10
5.5988018110236215
20
-3.1094907874015747
11
5.5968859448818895
21
-3.1107709448818897
0
LINE
8
BLACK
6
CONTINUOUS
10
5.5968859448818895
20
-3.1107709448818897
11
5.5946259842519686
21
-3.1112204724409449
0
LINE
8
BLACK
6
CONTINUOUS
10
5.5946259842519686
20
-3.1112204724409449
11
5.5828149606299213
21
-3.1112204724409449
0
LINE
8
BLACK
6
CONTINUOUS
10
5.5828149606299213
20
-3.1112204724409449
11
5.5805549999999995
21
-3.1107709448818897
0
LINE
8
BLACK
6
CONTINUOUS
10
5.5805549999999995
20
-3.1107709448818897
11
5.5786391338582675
21
-3.1094907874015747
0
LINE
8
BLACK
6
CONTINUOUS
10
5.5786391338582675
20
-3.1094907874015747
11
5.577358976377953
21
-3.1075749212598422
0
LINE
8
BLACK
6
CONTINUOUS
10
5.577358976377953
20
-3.1075749212598422
11
5.5769094488188973
21
-3.1053149606299213
0
LINE
8
BLACK
6
CONTINUOUS
10
5.5769094488188973
20
-3.1053149606299213
11
5.5769094488188973
21
-3.0501968503937009
0
LINE
8
BLACK
6
CONTINUOUS
10
5.5769094488188973
20
-3.0501968503937009
11
5.577358976377953
21
-3.0479368897637795
0
LINE
8
BLACK
6
CONTINUOUS
10
5.577358976377953
20
-3.0479368897637795
11
5.5786391338582675
21
-3.0460210236220471
0
LINE
8
BLACK
6
CONTINUOUS
10
5.5786391338582675
20
-3.0460210236220471
11
5.5805549999999995
21
-3.0447408661417321
0
LINE
8
BLACK
6
CONTINUOUS
10
5.5805549999999995
20
-3.0447408661417321
11
5.5828149606299213
21
-3.0442913385826773
0
LINE
8
BLACK
6
CONTINUOUS
10
5.5828149606299213
20
-3.0442913385826773
11
5.5946259842519686
21
-3.0442913385826773
0
LINE
8
BLACK
6
CONTINUOUS
10
5.5946259842519686
20
-3.0442913385826773
11
5.5968859448818895
21
-3.0447408661417321
0
LINE
8
BLACK
6
CONTINUOUS
10
5.6460985433070867
20
-3.0447408661417321
11
5.6480144094488187
21
-3.0460210236220471
0
LINE
8
BLACK
6
CONTINUOUS
10
5.6480144094488187
20
-3.0460210236220471
11
5.6492945669291341
21
-3.0479368897637795
0
LINE
8
BLACK
6
CONTINUOUS
10
5.6492945669291341
20
-3.0479368897637795
11
5.6497440944881889
21
-3.0501968503937009
0
LINE
8
BLACK
6
CONTINUOUS
10
5.6497440944881889
20
-3.0501968503937009
11
5.6497440944881889
21
-3.1053149606299213
0
LINE
8
BLACK
6
CONTINUOUS
10
5.6497440944881889
20
-3.1053149606299213
11
5.6492945669291341
21
-3.1075749212598422
0
LINE
8
BLACK
6
CONTINUOUS
10
5.6492945669291341
20
-3.1075749212598422
11
5.6480144094488187
21
-3.1094907874015747
0
LINE
8
BLACK
6
CONTINUOUS
10
5.6480144094488187
20
-3.1094907874015747
11
5.6460985433070867
21
-3.1107709448818897
0
LINE
8
BLACK
6
CONTINUOUS
10
5.6460985433070867
20
-3.1107709448818897
11
5.6438385826771649
21
-3.1112204724409449
0
LINE
8
BLACK
6
CONTINUOUS
10
5.6438385826771649
20
-3.1112204724409449
11
5.6320275590551176
21
-3.1112204724409449
0
LINE
8
BLACK
6
CONTINUOUS
10
5.6320275590551176
20
-3.1112204724409449
11
5.6297675984251967
21
-3.1107709448818897
0
LINE
8
BLACK
6
CONTINUOUS
10
5.6297675984251967
20
-3.1107709448818897
11
5.6278517322834647
21
-3.1094907874015747
0
LINE
8
BLACK
6
CONTINUOUS
10
5.6278517322834647
20
-3.1094907874015747
11
5.6265715748031493
21
-3.1075749212598422
0
LINE
8
BLACK
6
CONTINUOUS
10
5.6265715748031493
20
-3.1075749212598422
11
5.6261220472440945
21
-3.1053149606299213
0
LINE
8
BLACK
6
CONTINUOUS
10
5.6261220472440945
20
-3.1053149606299213
11
5.6261220472440945
21
-3.0501968503937009
0
LINE
8
BLACK
6
CONTINUOUS
10
5.6261220472440945
20
-3.0501968503937009
11
5.6265715748031493
21
-3.0479368897637795
0
LINE
8
BLACK
6
CONTINUOUS
10
5.6265715748031493
20
-3.0479368897637795
11
5.6278517322834647
21
-3.0460210236220471
0
LINE
8
BLACK
6
CONTINUOUS
10
5.6278517322834647
20
-3.0460210236220471
11
5.6297675984251967
21
-3.0447408661417321
0
LINE
8
BLACK
6
CONTINUOUS
10
5.6297675984251967
20
-3.0447408661417321
11
5.6320275590551176
21
-3.0442913385826773
0
LINE
8
BLACK
6
CONTINUOUS
10
5.6320275590551176
20
-3.0442913385826773
11
5.6438385826771649
21
-3.0442913385826773
0
LINE
8
BLACK
6
CONTINUOUS
10
5.6438385826771649
20
-3.0442913385826773
11
5.6460985433070867
21
-3.0447408661417321
0
LINE
8
BLACK
6
CONTINUOUS
10
5.695311141732283
20
-3.0447408661417321
11
5.6972270078740159
21
-3.0460210236220471
0
LINE
8
BLACK
6
CONTINUOUS
10
5.6972270078740159
20
-3.0460210236220471
11
5.6985071653543304
21
-3.0479368897637795
0
LINE
8
BLACK
6
CONTINUOUS
10
5.6985071653543304
20
-3.0479368897637795
11
5.6989566929133861
21
-3.0501968503937009
0
LINE
8
BLACK
6
CONTINUOUS
10
5.6989566929133861
20
-3.0501968503937009
11
5.6989566929133861
21
-3.1053149606299213
0
LINE
8
BLACK
6
CONTINUOUS
10
5.6989566929133861
20
-3.1053149606299213
11
5.6985071653543304
21
-3.1075749212598422
0
LINE
8
BLACK
6
CONTINUOUS
10
5.6985071653543304
20
-3.1075749212598422
11
5.6972270078740159
21
-3.1094907874015747
0
LINE
8
BLACK
6
CONTINUOUS
10
5.6972270078740159
20
-3.1094907874015747
11
5.695311141732283
21
-3.1107709448818897
0
LINE
8
BLACK
6
CONTINUOUS
10
5.695311141732283
20
-3.1107709448818897
11
5.6930511811023621
21
-3.1112204724409449
0
LINE
8
BLACK
6
CONTINUOUS
10
5.6930511811023621
20
-3.1112204724409449
11
5.6812401574803149
21
-3.1112204724409449
0
LINE
8
BLACK
6
CONTINUOUS
10
5.6812401574803149
20
-3.1112204724409449
11
5.6789801968503939
21
-3.1107709448818897
0
LINE
8
BLACK
6
CONTINUOUS
10
5.6789801968503939
20
-3.1107709448818897
11
5.677064330708661
21
-3.1094907874015747
0
LINE
8
BLACK
6
CONTINUOUS
10
5.677064330708661
20
-3.1094907874015747
11
5.6757841732283465
21
-3.1075749212598422
0
LINE
8
BLACK
6
CONTINUOUS
10
5.6757841732283465
20
-3.1075749212598422
11
5.6753346456692908
21
-3.1053149606299213
0
LINE
8
BLACK
6
CONTINUOUS
10
5.6753346456692908
20
-3.1053149606299213
11
5.6753346456692908
21
-3.0501968503937009
0
LINE
8
BLACK
6
CONTINUOUS
10
5.6753346456692908
20
-3.0501968503937009
11
5.6757841732283465
21
-3.0479368897637795
0
LINE
8
BLACK
6
CONTINUOUS
10
5.6757841732283465
20
-3.0479368897637795
11
5.677064330708661
21
-3.0460210236220471
0
LINE
8
BLACK
6
CONTINUOUS
10
5.677064330708661
20
-3.0460210236220471
11
5.6789801968503939
21
-3.0447408661417321
0
LINE
8
BLACK
6
CONTINUOUS
10
5.6789801968503939
20
-3.0447408661417321
11
5.6812401574803149
21
-3.0442913385826773
0
LINE
8
BLACK
6
CONTINUOUS
10
5.6812401574803149
20
-3.0442913385826773
11
5.6930511811023621
21
-3.0442913385826773
0
LINE
8
BLACK
6
CONTINUOUS
10
5.6930511811023621
20
-3.0442913385826773
11
5.695311141732283
21
-3.0447408661417321
0
LINE
8
BLACK
6
CONTINUOUS
10
6.0250355511811025
20
-3.0447408661417321
11
6.0269514173228345
21
-3.0460210236220471
0
LINE
8
BLACK
6
CONTINUOUS
10
6.0269514173228345
20
-3.0460210236220471
11
6.0282315748031499
21
-3.0479368897637795
0
LINE
8
BLACK
6
CONTINUOUS
10
6.0282315748031499
20
-3.0479368897637795
11
6.0286811023622047
21
-3.0501968503937009
0
LINE
8
BLACK
6
CONTINUOUS
10
6.0286811023622047
20
-3.0501968503937009
11
6.0286811023622047
21
-3.1053149606299213
0
LINE
8
BLACK
6
CONTINUOUS
10
6.0286811023622047
20
-3.1053149606299213
11
6.0282315748031499
21
-3.1075749212598422
0
LINE
8
BLACK
6
CONTINUOUS
10
6.0282315748031499
20
-3.1075749212598422
11
6.0269514173228345
21
-3.1094907874015747
0
LINE
8
BLACK
6
CONTINUOUS
10
6.0269514173228345
20
-3.1094907874015747
11
6.0250355511811025
21
-3.1107709448818897
0
LINE
8
BLACK
6
CONTINUOUS
10
6.0250355511811025
20
-3.1107709448818897
11
6.0227755905511806
21
-3.1112204724409449
0
LINE
8
BLACK
6
CONTINUOUS
10
6.0227755905511806
20
-3.1112204724409449
11
6.0109645669291334
21
-3.1112204724409449
0
LINE
8
BLACK
6
CONTINUOUS
10
6.0109645669291334
20
-3.1112204724409449
11
6.0087046062992124
21
-3.1107709448818897
0
LINE
8
BLACK
6
CONTINUOUS
10
6.0087046062992124
20
-3.1107709448818897
11
6.0067887401574804
21
-3.1094907874015747
0
LINE
8
BLACK
6
CONTINUOUS
10
6.0067887401574804
20
-3.1094907874015747
11
6.005508582677165
21
-3.1075749212598422
0
LINE
8
BLACK
6
CONTINUOUS
10
6.005508582677165
20
-3.1075749212598422
11
6.0050590551181102
21
-3.1053149606299213
0
LINE
8
BLACK
6
CONTINUOUS
10
6.0050590551181102
20
-3.1053149606299213
11
6.0050590551181102
21
-3.0501968503937009
0
LINE
8
BLACK
6
CONTINUOUS
10
6.0050590551181102
20
-3.0501968503937009
11
6.005508582677165
21
-3.0479368897637795
0
LINE
8
BLACK
6
CONTINUOUS
10
6.005508582677165
20
-3.0479368897637795
11
6.0067887401574804
21
-3.0460210236220471
0
LINE
8
BLACK
6
CONTINUOUS
10
6.0067887401574804
20
-3.0460210236220471
11
6.0087046062992124
21
-3.0447408661417321
0
LINE
8
BLACK
6
CONTINUOUS
10
6.0087046062992124
20
-3.0447408661417321
11
6.0109645669291334
21
-3.0442913385826773
0
LINE
8
BLACK
6
CONTINUOUS
10
6.0109645669291334
20
-3.0442913385826773
11
6.0227755905511806
21
-3.0442913385826773
0
LINE
8
BLACK
6
CONTINUOUS
10
6.0227755905511806
20
-3.0442913385826773
11
6.0250355511811025
21
-3.0447408661417321
0
LINE
8
BLACK
6
CONTINUOUS
10
6.0742481496062988
20
-3.0447408661417321
11
6.0761640157480317
21
-3.0460210236220471
0
LINE
8
BLACK
6
CONTINUOUS
10
6.0761640157480317
20
-3.0460210236220471
11
6.0774441732283462
21
-3.0479368897637795
0
LINE
8
BLACK
6
CONTINUOUS
10
6.0774441732283462
20
-3.0479368897637795
11
6.0778937007874019
21
-3.0501968503937009
0
LINE
8
BLACK
6
CONTINUOUS
10
6.0778937007874019
20
-3.0501968503937009
11
6.0778937007874019
21
-3.1053149606299213
0
LINE
8
BLACK
6
CONTINUOUS
10
6.0778937007874019
20
-3.1053149606299213
11
6.0774441732283462
21
-3.1075749212598422
0
LINE
8
BLACK
6
CONTINUOUS
10
6.0774441732283462
20
-3.1075749212598422
11
6.0761640157480317
21
-3.1094907874015747
0
LINE
8
BLACK
6
CONTINUOUS
10
6.0761640157480317
20
-3.1094907874015747
11
6.0742481496062988
21
-3.1107709448818897
0
LINE
8
BLACK
6
CONTINUOUS
10
6.0742481496062988
20
-3.1107709448818897
11
6.0719881889763778
21
-3.1112204724409449
0
LINE
8
BLACK
6
CONTINUOUS
10
6.0719881889763778
20
-3.1112204724409449
11
6.0601771653543306
21
-3.1112204724409449
0
LINE
8
BLACK
6
CONTINUOUS
10
6.0601771653543306
20
-3.1112204724409449
11
6.0579172047244096
21
-3.1107709448818897
0
LINE
8
BLACK
6
CONTINUOUS
10
6.0579172047244096
20
-3.1107709448818897
11
6.0560013385826768
21
-3.1094907874015747
0
LINE
8
BLACK
6
CONTINUOUS
10
6.0560013385826768
20
-3.1094907874015747
11
6.0547211811023622
21
-3.1075749212598422
0
LINE
8
BLACK
6
CONTINUOUS
10
6.0547211811023622
20
-3.1075749212598422
11
6.0542716535433065
21
-3.1053149606299213
0
LINE
8
BLACK
6
CONTINUOUS
10
6.0542716535433065
20
-3.1053149606299213
11
6.0542716535433065
21
-3.0501968503937009
0
LINE
8
BLACK
6
CONTINUOUS
10
6.0542716535433065
20
-3.0501968503937009
11
6.0547211811023622
21
-3.0479368897637795
0
LINE
8
BLACK
6
CONTINUOUS
10
6.0547211811023622
20
-3.0479368897637795
11
6.0560013385826768
21
-3.0460210236220471
0
LINE
8
BLACK
6
CONTINUOUS
10
6.0560013385826768
20
-3.0460210236220471
11
6.0579172047244096
21
-3.0447408661417321
0
LINE
8
BLACK
6
CONTINUOUS
10
6.0579172047244096
20
-3.0447408661417321
11
6.0601771653543306
21
-3.0442913385826773
0
LINE
8
BLACK
6
CONTINUOUS
10
6.0601771653543306
20
-3.0442913385826773
11
6.0719881889763778
21
-3.0442913385826773
0
LINE
8
BLACK
6
CONTINUOUS
10
6.0719881889763778
20
-3.0442913385826773
11
6.0742481496062988
21
-3.0447408661417321
0
LINE
8
BLACK
6
CONTINUOUS
10
6.123460748031496
20
-3.0447408661417321
11
6.125376614173228
21
-3.0460210236220471
0
LINE
8
BLACK
6
CONTINUOUS
10
6.125376614173228
20
-3.0460210236220471
11
6.1266567716535434
21
-3.0479368897637795
0
LINE
8
BLACK
6
CONTINUOUS
10
6.1266567716535434
20
-3.0479368897637795
11
6.1271062992125982
21
-3.0501968503937009
0
LINE
8
BLACK
6
CONTINUOUS
10
6.1271062992125982
20
-3.0501968503937009
11
6.1271062992125982
21
-3.1053149606299213
0
LINE
8
BLACK
6
CONTINUOUS
10
6.1271062992125982
20
-3.1053149606299213
11
6.1266567716535434
21
-3.1075749212598422
0
LINE
8
BLACK
6
CONTINUOUS
10
6.1266567716535434
20
-3.1075749212598422
11
6.125376614173228
21
-3.1094907874015747
0
LINE
8
BLACK
6
CONTINUOUS
10
6.125376614173228
20
-3.1094907874015747
11
6.123460748031496
21
-3.1107709448818897
0
LINE
8
BLACK
6
CONTINUOUS
10
6.123460748031496
20
-3.1107709448818897
11
6.121200787401575
21
-3.1112204724409449
0
LINE
8
BLACK
6
CONTINUOUS
10
6.121200787401575
20
-3.1112204724409449
11
6.1093897637795278
21
-3.1112204724409449
0
LINE
8
BLACK
6
CONTINUOUS
10
6.1093897637795278
20
-3.1112204724409449
11
6.107129803149606
21
-3.1107709448818897
0
LINE
8
BLACK
6
CONTINUOUS
10
6.107129803149606
20
-3.1107709448818897
11
6.105213937007874
21
-3.1094907874015747
0
LINE
8
BLACK
6
CONTINUOUS
10
6.105213937007874
20
-3.1094907874015747
11
6.1039337795275586
21
-3.1075749212598422
0
LINE
8
BLACK
6
CONTINUOUS
10
6.1039337795275586
20
-3.1075749212598422
11
6.1034842519685037
21
-3.1053149606299213
0
LINE
8
BLACK
6
CONTINUOUS
10
6.1034842519685037
20
-3.1053149606299213
11
6.1034842519685037
21
-3.0501968503937009
0
LINE
8
BLACK
6
CONTINUOUS
10
6.1034842519685037
20
-3.0501968503937009
11
6.1039337795275586
21
-3.0479368897637795
0
LINE
8
BLACK
6
CONTINUOUS
10
6.1039337795275586
20
-3.0479368897637795
11
6.105213937007874
21
-3.0460210236220471
0
LINE
8
BLACK
6
CONTINUOUS
10
6.105213937007874
20
-3.0460210236220471
11
6.107129803149606
21
-3.0447408661417321
0
LINE
8
BLACK
6
CONTINUOUS
10
6.107129803149606
20
-3.0447408661417321
11
6.1093897637795278
21
-3.0442913385826773
0
LINE
8
BLACK
6
CONTINUOUS
10
6.1093897637795278
20
-3.0442913385826773
11
6.121200787401575
21
-3.0442913385826773
0
LINE
8
BLACK
6
CONTINUOUS
10
6.121200787401575
20
-3.0442913385826773
11
6.123460748031496
21
-3.0447408661417321
0
LINE
8
BLACK
6
CONTINUOUS
10
6.1726733464566932
20
-3.0447408661417321
11
6.1745892125984252
21
-3.0460210236220471
0
LINE
8
BLACK
6
CONTINUOUS
10
6.1745892125984252
20
-3.0460210236220471
11
6.1758693700787397
21
-3.0479368897637795
0
LINE
8
BLACK
6
CONTINUOUS
10
6.1758693700787397
20
-3.0479368897637795
11
6.1763188976377954
21
-3.0501968503937009
0
LINE
8
BLACK
6
CONTINUOUS
10
6.1763188976377954
20
-3.0501968503937009
11
6.1763188976377954
21
-3.1053149606299213
0
LINE
8
BLACK
6
CONTINUOUS
10
6.1763188976377954
20
-3.1053149606299213
11
6.1758693700787397
21
-3.1075749212598422
0
LINE
8
BLACK
6
CONTINUOUS
10
6.1758693700787397
20
-3.1075749212598422
11
6.1745892125984252
21
-3.1094907874015747
0
LINE
8
BLACK
6
CONTINUOUS
10
6.1745892125984252
20
-3.1094907874015747
11
6.1726733464566932
21
-3.1107709448818897
0
LINE
8
BLACK
6
CONTINUOUS
10
6.1726733464566932
20
-3.1107709448818897
11
6.1704133858267713
21
-3.1112204724409449
0
LINE
8
BLACK
6
CONTINUOUS
10
6.1704133858267713
20
-3.1112204724409449
11
6.1586023622047241
21
-3.1112204724409449
0
LINE
8
BLACK
6
CONTINUOUS
10
6.1586023622047241
20
-3.1112204724409449
11
6.1563424015748032
21
-3.1107709448818897
0
LINE
8
BLACK
6
CONTINUOUS
10
6.1563424015748032
20
-3.1107709448818897
11
6.1544265354330712
21
-3.1094907874015747
0
LINE
8
BLACK
6
CONTINUOUS
10
6.1544265354330712
20
-3.1094907874015747
11
6.1531463779527558
21
-3.1075749212598422
0
LINE
8
BLACK
6
CONTINUOUS
10
6.1531463779527558
20
-3.1075749212598422
11
6.152696850393701
21
-3.1053149606299213
0
LINE
8
BLACK
6
CONTINUOUS
10
6.152696850393701
20
-3.1053149606299213
11
6.152696850393701
21
-3.0501968503937009
0
LINE
8
BLACK
6
CONTINUOUS
10
6.152696850393701
20
-3.0501968503937009
11
6.1531463779527558
21
-3.0479368897637795
0
LINE
8
BLACK
6
CONTINUOUS
10
6.1531463779527558
20
-3.0479368897637795
11
6.1544265354330712
21
-3.0460210236220471
0
LINE
8
BLACK
6
CONTINUOUS
10
6.1544265354330712
20
-3.0460210236220471
11
6.1563424015748032
21
-3.0447408661417321
0
LINE
8
BLACK
6
CONTINUOUS
10
6.1563424015748032
20
-3.0447408661417321
11
6.1586023622047241
21
-3.0442913385826773
0
LINE
8
BLACK
6
CONTINUOUS
10
6.1586023622047241
20
-3.0442913385826773
11
6.1704133858267713
21
-3.0442913385826773
0
LINE
8
BLACK
6
CONTINUOUS
10
6.1704133858267713
20
-3.0442913385826773
11
6.1726733464566932
21
-3.0447408661417321
0
LINE
8
BLACK
6
CONTINUOUS
10
6.2218859448818895
20
-3.0447408661417321
11
6.2238018110236215
21
-3.0460210236220471
0
LINE
8
BLACK
6
CONTINUOUS
10
6.2238018110236215
20
-3.0460210236220471
11
6.2250819685039369
21
-3.0479368897637795
0
LINE
8
BLACK
6
CONTINUOUS
10
6.2250819685039369
20
-3.0479368897637795
11
6.2255314960629917
21
-3.0501968503937009
0
LINE
8
BLACK
6
CONTINUOUS
10
6.2255314960629917
20
-3.0501968503937009
11
6.2255314960629917
21
-3.1053149606299213
0
LINE
8
BLACK
6
CONTINUOUS
10
6.2255314960629917
20
-3.1053149606299213
11
6.2250819685039369
21
-3.1075749212598422
0
LINE
8
BLACK
6
CONTINUOUS
10
6.2250819685039369
20
-3.1075749212598422
11
6.2238018110236215
21
-3.1094907874015747
0
LINE
8
BLACK
6
CONTINUOUS
10
6.2238018110236215
20
-3.1094907874015747
11
6.2218859448818895
21
-3.1107709448818897
0
LINE
8
BLACK
6
CONTINUOUS
10
6.2218859448818895
20
-3.1107709448818897
11
6.2196259842519686
21
-3.1112204724409449
0
LINE
8
BLACK
6
CONTINUOUS
10
6.2196259842519686
20
-3.1112204724409449
11
6.2078149606299213
21
-3.1112204724409449
0
LINE
8
BLACK
6
CONTINUOUS
10
6.2078149606299213
20
-3.1112204724409449
11
6.2055549999999995
21
-3.1107709448818897
0
LINE
8
BLACK
6
CONTINUOUS
10
6.2055549999999995
20
-3.1107709448818897
11
6.2036391338582675
21
-3.1094907874015747
0
LINE
8
BLACK
6
CONTINUOUS
10
6.2036391338582675
20
-3.1094907874015747
11
6.202358976377953
21
-3.1075749212598422
0
LINE
8
BLACK
6
CONTINUOUS
10
6.202358976377953
20
-3.1075749212598422
11
6.2019094488188973
21
-3.1053149606299213
0
LINE
8
BLACK
6
CONTINUOUS
10
6.2019094488188973
20
-3.1053149606299213
11
6.2019094488188973
21
-3.0501968503937009
0
LINE
8
BLACK
6
CONTINUOUS
10
6.2019094488188973
20
-3.0501968503937009
11
6.202358976377953
21
-3.0479368897637795
0
LINE
8
BLACK
6
CONTINUOUS
10
6.202358976377953
20
-3.0479368897637795
11
6.2036391338582675
21
-3.0460210236220471
0
LINE
8
BLACK
6
CONTINUOUS
10
6.2036391338582675
20
-3.0460210236220471
11
6.2055549999999995
21
-3.0447408661417321
0
LINE
8
BLACK
6
CONTINUOUS
10
6.2055549999999995
20
-3.0447408661417321
11
6.2078149606299213
21
-3.0442913385826773
0
LINE
8
BLACK
6
CONTINUOUS
10
6.2078149606299213
20
-3.0442913385826773
11
6.2196259842519686
21
-3.0442913385826773
0
LINE
8
BLACK
6
CONTINUOUS
10
6.2196259842519686
20
-3.0442913385826773
11
6.2218859448818895
21
-3.0447408661417321
0
LINE
8
BLACK
6
CONTINUOUS
10
6.2710985433070867
20
-3.0447408661417321
11
6.2730144094488187
21
-3.0460210236220471
0
LINE
8
BLACK
6
CONTINUOUS
10
6.2730144094488187
20
-3.0460210236220471
11
6.2742945669291341
21
-3.0479368897637795
0
LINE
8
BLACK
6
CONTINUOUS
10
6.2742945669291341
20
-3.0479368897637795
11
6.2747440944881889
21
-3.0501968503937009
0
LINE
8
BLACK
6
CONTINUOUS
10
6.2747440944881889
20
-3.0501968503937009
11
6.2747440944881889
21
-3.1053149606299213
0
LINE
8
BLACK
6
CONTINUOUS
10
6.2747440944881889
20
-3.1053149606299213
11
6.2742945669291341
21
-3.1075749212598422
0
LINE
8
BLACK
6
CONTINUOUS
10
6.2742945669291341
20
-3.1075749212598422
11
6.2730144094488187
21
-3.1094907874015747
0
LINE
8
BLACK
6
CONTINUOUS
10
6.2730144094488187
20
-3.1094907874015747
11
6.2710985433070867
21
-3.1107709448818897
0
LINE
8
BLACK
6
CONTINUOUS
10
6.2710985433070867
20
-3.1107709448818897
11
6.2688385826771649
21
-3.1112204724409449
0
LINE
8
BLACK
6
CONTINUOUS
10
6.2688385826771649
20
-3.1112204724409449
11
6.2570275590551176
21
-3.1112204724409449
0
LINE
8
BLACK
6
CONTINUOUS
10
6.2570275590551176
20
-3.1112204724409449
11
6.2547675984251967
21
-3.1107709448818897
0
LINE
8
BLACK
6
CONTINUOUS
10
6.2547675984251967
20
-3.1107709448818897
11
6.2528517322834647
21
-3.1094907874015747
0
LINE
8
BLACK
6
CONTINUOUS
10
6.2528517322834647
20
-3.1094907874015747
11
6.2515715748031493
21
-3.1075749212598422
0
LINE
8
BLACK
6
CONTINUOUS
10
6.2515715748031493
20
-3.1075749212598422
11
6.2511220472440945
21
-3.1053149606299213
0
LINE
8
BLACK
6
CONTINUOUS
10
6.2511220472440945
20
-3.1053149606299213
11
6.2511220472440945
21
-3.0501968503937009
0
LINE
8
BLACK
6
CONTINUOUS
10
6.2511220472440945
20
-3.0501968503937009
11
6.2515715748031493
21
-3.0479368897637795
0
LINE
8
BLACK
6
CONTINUOUS
10
6.2515715748031493
20
-3.0479368897637795
11
6.2528517322834647
21
-3.0460210236220471
0
LINE
8
BLACK
6
CONTINUOUS
10
6.2528517322834647
20
-3.0460210236220471
11
6.2547675984251967
21
-3.0447408661417321
0
LINE
8
BLACK
6
CONTINUOUS
10
6.2547675984251967
20
-3.0447408661417321
11
6.2570275590551176
21
-3.0442913385826773
0
LINE
8
BLACK
6
CONTINUOUS
10
6.2570275590551176
20
-3.0442913385826773
11
6.2688385826771649
21
-3.0442913385826773
0
LINE
8
BLACK
6
CONTINUOUS
10
6.2688385826771649
20
-3.0442913385826773
11
6.2710985433070867
21
-3.0447408661417321
0
LINE
8
BLACK
6
CONTINUOUS
10
6.4274015748031497
20
-3.0824212598425196
11
6.3724015748031491
21
-3.0824212598425196
0
LINE
8
BLACK
6
CONTINUOUS
10
6.3724015748031491
20
-3.0824212598425196
11
6.3724015748031491
21
-3.0474212598425194
0
LINE
8
BLACK
6
CONTINUOUS
10
6.3724015748031491
20
-3.0474212598425194
11
6.4274015748031497
21
-3.0474212598425194
0
LINE
8
BLACK
6
CONTINUOUS
10
6.4274015748031497
20
-3.0474212598425194
11
6.4274015748031497
21
-3.0824212598425196
0
LINE
8
BLACK
6
CONTINUOUS
10
5.2834319291338581
20
-2.8993712598425194
11
5.2866250787401574
21
-2.9015048425196848
0
LINE
8
BLACK
6
CONTINUOUS
10
5.2866250787401574
20
-2.9015048425196848
11
5.2887586614173223
21
-2.9046979921259841
0
LINE
8
BLACK
6
CONTINUOUS
10
5.2887586614173223
20
-2.9046979921259841
11
5.2895078740157482
21
-2.9084645669291338
0
LINE
8
BLACK
6
CONTINUOUS
10
5.2895078740157482
20
-2.9084645669291338
11
5.2895078740157482
21
-2.9950787401574801
0
LINE
8
BLACK
6
CONTINUOUS
10
5.2895078740157482
20
-2.9950787401574801
11
5.2887586614173223
21
-2.9988453149606298
0
LINE
8
BLACK
6
CONTINUOUS
10
5.2887586614173223
20
-2.9988453149606298
11
5.2866250787401574
21
-3.0020384645669291
0
LINE
8
BLACK
6
CONTINUOUS
10
5.2866250787401574
20
-3.0020384645669291
11
5.2834319291338581
21
-3.0041720472440945
0
LINE
8
BLACK
6
CONTINUOUS
10
5.2834319291338581
20
-3.0041720472440945
11
5.2796653543307084
21
-3.0049212598425195
0
LINE
8
BLACK
6
CONTINUOUS
10
5.2796653543307084
20
-3.0049212598425195
11
5.2599803149606297
21
-3.0049212598425195
0
LINE
8
BLACK
6
CONTINUOUS
10
5.2599803149606297
20
-3.0049212598425195
11
5.25621374015748
21
-3.0041720472440945
0
LINE
8
BLACK
6
CONTINUOUS
10
5.25621374015748
20
-3.0041720472440945
11
5.2530205905511806
21
-3.0020384645669291
0
LINE
8
BLACK
6
CONTINUOUS
10
5.2530205905511806
20
-3.0020384645669291
11
5.2508870078740157
21
-2.9988453149606298
0
LINE
8
BLACK
6
CONTINUOUS
10
5.2508870078740157
20
-2.9988453149606298
11
5.2501377952755908
21
-2.9950787401574801
0
LINE
8
BLACK
6
CONTINUOUS
10
5.2501377952755908
20
-2.9950787401574801
11
5.2501377952755908
21
-2.9084645669291338
0
LINE
8
BLACK
6
CONTINUOUS
10
5.2501377952755908
20
-2.9084645669291338
11
5.2508870078740157
21
-2.9046979921259841
0
LINE
8
BLACK
6
CONTINUOUS
10
5.2508870078740157
20
-2.9046979921259841
11
5.2530205905511806
21
-2.9015048425196848
0
LINE
8
BLACK
6
CONTINUOUS
10
5.2530205905511806
20
-2.9015048425196848
11
5.25621374015748
21
-2.8993712598425194
0
LINE
8
BLACK
6
CONTINUOUS
10
5.25621374015748
20
-2.8993712598425194
11
5.2599803149606297
21
-2.8986220472440944
0
LINE
8
BLACK
6
CONTINUOUS
10
5.2599803149606297
20
-2.8986220472440944
11
5.2796653543307084
21
-2.8986220472440944
0
LINE
8
BLACK
6
CONTINUOUS
10
5.2796653543307084
20
-2.8986220472440944
11
5.2834319291338581
21
-2.8993712598425194
0
LINE
8
BLACK
6
CONTINUOUS
10
5.7735894094488192
20
-2.8993712598425194
11
5.7767825590551176
21
-2.9015048425196848
0
LINE
8
BLACK
6
CONTINUOUS
10
5.7767825590551176
20
-2.9015048425196848
11
5.7789161417322834
21
-2.9046979921259841
0
LINE
8
BLACK
6
CONTINUOUS
10
5.7789161417322834
20
-2.9046979921259841
11
5.7796653543307084
21
-2.9084645669291338
0
LINE
8
BLACK
6
CONTINUOUS
10
5.7796653543307084
20
-2.9084645669291338
11
5.7796653543307084
21
-2.9950787401574801
0
LINE
8
BLACK
6
CONTINUOUS
10
5.7796653543307084
20
-2.9950787401574801
11
5.7789161417322834
21
-2.9988453149606298
0
LINE
8
BLACK
6
CONTINUOUS
10
5.7789161417322834
20
-2.9988453149606298
11
5.7767825590551176
21
-3.0020384645669291
0
LINE
8
BLACK
6
CONTINUOUS
10
5.7767825590551176
20
-3.0020384645669291
11
5.7735894094488192
21
-3.0041720472440945
0
LINE
8
BLACK
6
CONTINUOUS
10
5.7735894094488192
20
-3.0041720472440945
11
5.7698228346456695
21
-3.0049212598425195
0
LINE
8
BLACK
6
CONTINUOUS
10
5.7698228346456695
20
-3.0049212598425195
11
5.7501377952755908
21
-3.0049212598425195
0
LINE
8
BLACK
6
CONTINUOUS
10
5.7501377952755908
20
-3.0049212598425195
11
5.7463712204724411
21
-3.0041720472440945
0
LINE
8
BLACK
6
CONTINUOUS
10
5.7463712204724411
20
-3.0041720472440945
11
5.7431780708661417
21
-3.0020384645669291
0
LINE
8
BLACK
6
CONTINUOUS
10
5.7431780708661417
20
-3.0020384645669291
11
5.7410444881889759
21
-2.9988453149606298
0
LINE
8
BLACK
6
CONTINUOUS
10
5.7410444881889759
20
-2.9988453149606298
11
5.740295275590551
21
-2.9950787401574801
0
LINE
8
BLACK
6
CONTINUOUS
10
5.740295275590551
20
-2.9950787401574801
11
5.740295275590551
21
-2.9084645669291338
0
LINE
8
BLACK
6
CONTINUOUS
10
5.740295275590551
20
-2.9084645669291338
11
5.7410444881889759
21
-2.9046979921259841
0
LINE
8
BLACK
6
CONTINUOUS
10
5.7410444881889759
20
-2.9046979921259841
11
5.7431780708661417
21
-2.9015048425196848
0
LINE
8
BLACK
6
CONTINUOUS
10
5.7431780708661417
20
-2.9015048425196848
11
5.7463712204724411
21
-2.8993712598425194
0
LINE
8
BLACK
6
CONTINUOUS
10
5.7463712204724411
20
-2.8993712598425194
11
5.7501377952755908
21
-2.8986220472440944
0
LINE
8
BLACK
6
CONTINUOUS
10
5.7501377952755908
20
-2.8986220472440944
11
5.7698228346456695
21
-2.8986220472440944
0
LINE
8
BLACK
6
CONTINUOUS
10
5.7698228346456695
20
-2.8986220472440944
11
5.7735894094488192
21
-2.8993712598425194
0
LINE
8
BLACK
6
CONTINUOUS
10
5.9576445275590553
20
-2.8993712598425194
11
5.9608376771653546
21
-2.9015048425196848
0
LINE
8
BLACK
6
CONTINUOUS
10
5.9608376771653546
20
-2.9015048425196848
11
5.9629712598425195
21
-2.9046979921259841
0
LINE
8
BLACK
6
CONTINUOUS
10
5.9629712598425195
20
-2.9046979921259841
11
5.9637204724409445
21
-2.9084645669291338
0
LINE
8
BLACK
6
CONTINUOUS
10
5.9637204724409445
20
-2.9084645669291338
11
5.9637204724409445
21
-2.9950787401574801
0
LINE
8
BLACK
6
CONTINUOUS
10
5.9637204724409445
20
-2.9950787401574801
11
5.9629712598425195
21
-2.9988453149606298
0
LINE
8
BLACK
6
CONTINUOUS
10
5.9629712598425195
20
-2.9988453149606298
11
5.9608376771653546
21
-3.0020384645669291
0
LINE
8
BLACK
6
CONTINUOUS
10
5.9608376771653546
20
-3.0020384645669291
11
5.9576445275590553
21
-3.0041720472440945
0
LINE
8
BLACK
6
CONTINUOUS
10
5.9576445275590553
20
-3.0041720472440945
11
5.9538779527559056
21
-3.0049212598425195
0
LINE
8
BLACK
6
CONTINUOUS
10
5.9538779527559056
20
-3.0049212598425195
11
5.9341929133858269
21
-3.0049212598425195
0
LINE
8
BLACK
6
CONTINUOUS
10
5.9341929133858269
20
-3.0049212598425195
11
5.9304263385826772
21
-3.0041720472440945
0
LINE
8
BLACK
6
CONTINUOUS
10
5.9304263385826772
20
-3.0041720472440945
11
5.9272331889763779
21
-3.0020384645669291
0
LINE
8
BLACK
6
CONTINUOUS
10
5.9272331889763779
20
-3.0020384645669291
11
5.9250996062992121
21
-2.9988453149606298
0
LINE
8
BLACK
6
CONTINUOUS
10
5.9250996062992121
20
-2.9988453149606298
11
5.9243503937007871
21
-2.9950787401574801
0
LINE
8
BLACK
6
CONTINUOUS
10
5.9243503937007871
20
-2.9950787401574801
11
5.9243503937007871
21
-2.9084645669291338
0
LINE
8
BLACK
6
CONTINUOUS
10
5.9243503937007871
20
-2.9084645669291338
11
5.9250996062992121
21
-2.9046979921259841
0
LINE
8
BLACK
6
CONTINUOUS
10
5.9250996062992121
20
-2.9046979921259841
11
5.9272331889763779
21
-2.9015048425196848
0
LINE
8
BLACK
6
CONTINUOUS
10
5.9272331889763779
20
-2.9015048425196848
11
5.9304263385826772
21
-2.8993712598425194
0
LINE
8
BLACK
6
CONTINUOUS
10
5.9304263385826772
20
-2.8993712598425194
11
5.9341929133858269
21
-2.8986220472440944
0
LINE
8
BLACK
6
CONTINUOUS
10
5.9341929133858269
20
-2.8986220472440944
11
5.9538779527559056
21
-2.8986220472440944
0
LINE
8
BLACK
6
CONTINUOUS
10
5.9538779527559056
20
-2.8986220472440944
11
5.9576445275590553
21
-2.8993712598425194
0
LINE
8
BLACK
6
CONTINUOUS
10
6.3493768110236219
20
-2.8993712598425194
11
6.3525699606299213
21
-2.9015048425196848
0
LINE
8
BLACK
6
CONTINUOUS
10
6.3525699606299213
20
-2.9015048425196848
11
6.3547035433070862
21
-2.9046979921259841
0
LINE
8
BLACK
6
CONTINUOUS
10
6.3547035433070862
20
-2.9046979921259841
11
6.3554527559055121
21
-2.9084645669291338
0
LINE
8
BLACK
6
CONTINUOUS
10
6.3554527559055121
20
-2.9084645669291338
11
6.3554527559055121
21
-2.9950787401574801
0
LINE
8
BLACK
6
CONTINUOUS
10
6.3554527559055121
20
-2.9950787401574801
11
6.3547035433070862
21
-2.9988453149606298
0
LINE
8
BLACK
6
CONTINUOUS
10
6.3547035433070862
20
-2.9988453149606298
11
6.3525699606299213
21
-3.0020384645669291
0
LINE
8
BLACK
6
CONTINUOUS
10
6.3525699606299213
20
-3.0020384645669291
11
6.3493768110236219
21
-3.0041720472440945
0
LINE
8
BLACK
6
CONTINUOUS
10
6.3493768110236219
20
-3.0041720472440945
11
6.3456102362204723
21
-3.0049212598425195
0
LINE
8
BLACK
6
CONTINUOUS
10
6.3456102362204723
20
-3.0049212598425195
11
6.3259251968503936
21
-3.0049212598425195
0
LINE
8
BLACK
6
CONTINUOUS
10
6.3259251968503936
20
-3.0049212598425195
11
6.3221586220472439
21
-3.0041720472440945
0
LINE
8
BLACK
6
CONTINUOUS
10
6.3221586220472439
20
-3.0041720472440945
11
6.3189654724409445
21
-3.0020384645669291
0
LINE
8
BLACK
6
CONTINUOUS
10
6.3189654724409445
20
-3.0020384645669291
11
6.3168318897637796
21
-2.9988453149606298
0
LINE
8
BLACK
6
CONTINUOUS
10
6.3168318897637796
20
-2.9988453149606298
11
6.3160826771653538
21
-2.9950787401574801
0
LINE
8
BLACK
6
CONTINUOUS
10
6.3160826771653538
20
-2.9950787401574801
11
6.3160826771653538
21
-2.9084645669291338
0
LINE
8
BLACK
6
CONTINUOUS
10
6.3160826771653538
20
-2.9084645669291338
11
6.3168318897637796
21
-2.9046979921259841
0
LINE
8
BLACK
6
CONTINUOUS
10
6.3168318897637796
20
-2.9046979921259841
11
6.3189654724409445
21
-2.9015048425196848
0
LINE
8
BLACK
6
CONTINUOUS
10
6.3189654724409445
20
-2.9015048425196848
11
6.3221586220472439
21
-2.8993712598425194
0
LINE
8
BLACK
6
CONTINUOUS
10
6.3221586220472439
20
-2.8993712598425194
11
6.3259251968503936
21
-2.8986220472440944
0
LINE
8
BLACK
6
CONTINUOUS
10
6.3259251968503936
20
-2.8986220472440944
11
6.3456102362204723
21
-2.8986220472440944
0
LINE
8
BLACK
6
CONTINUOUS
10
6.3456102362204723
20
-2.8986220472440944
11
6.3493768110236219
21
-2.8993712598425194
0
CIRCLE
8
BLACK
10
6.6030905511811024
20
-4.6531102362204724
40
0.0068897637795276
0
CIRCLE
8
BLACK
10
5.0267125984251964
20
-4.6531102362204724
40
0.0068897637795276
0
CIRCLE
8
BLACK
10
6.6030905511811024
20
-3.0767322834645667
40
0.0068897637795276
0
CIRCLE
8
BLACK
10
5.9812795275590549
20
-3.8629527559055119
40
0.0068897637795276
0
CIRCLE
8
BLACK
10
5.0267125984251964
20
-3.0767322834645667
40
0.0068897637795276
0
CIRCLE
8
BLACK
10
5.0597834645669293
20
-3.5787007874015746
40
0.0068897637795276
0
CIRCLE
8
BLACK
10
5.0597834645669293
20
-3.3511417322834647
40
0.0068897637795276
0
LINE
8
BLACK
6
CONTINUOUS
10
4.8991535433070865
20
-3.646811023622047
11
4.9306496062992125
21
-3.646811023622047
0
ARC
8
BLACK
10
4.9306496062992125
20
-3.6349999999999998
40
0.0118110236220472
50
-90.00000000
51
90.00000000
0
LINE
8
BLACK
6
CONTINUOUS
10
4.9306496062992125
20
-3.6231889763779526
11
4.8991535433070865
21
-3.6231889763779526
0
ARC
8
BLACK
10
4.8991535433070865
20
-3.6349999999999998
40
0.0118110236220472
50
90.00000000
51
270.00000000
0
LINE
8
BLACK
6
CONTINUOUS
10
4.8991535433070865
20
-3.3066535433070867
11
4.9306496062992125
21
-3.3066535433070867
0
ARC
8
BLACK
10
4.9306496062992125
20
-3.2948425196850395
40
0.0118110236220472
50
-90.00000000
51
90.00000000
0
LINE
8
BLACK
6
CONTINUOUS
10
4.9306496062992125
20
-3.2830314960629923
11
4.8991535433070865
21
-3.2830314960629923
0
ARC
8
BLACK
10
4.8991535433070865
20
-3.2948425196850395
40
0.0118110236220472
50
90.00000000
51
270.00000000
0
LINE
8
BLACK
6
CONTINUOUS
10
5.057814960629921
20
-3.646811023622047
11
5.1011220472440941
21
-3.646811023622047
0
ARC
8
BLACK
10
5.1011220472440941
20
-3.6349999999999998
40
0.0118110236220472
50
-90.00000000
51
90.00000000
0
LINE
8
BLACK
6
CONTINUOUS
10
5.1011220472440941
20
-3.6231889763779526
11
5.057814960629921
21
-3.6231889763779526
0
ARC
8
BLACK
10
5.057814960629921
20
-3.6349999999999998
40
0.0118110236220472
50
90.00000000
51
270.00000000
0
LINE
8
BLACK
6
CONTINUOUS
10
5.057814960629921
20
-3.3066535433070867
11
5.1011220472440941
21
-3.3066535433070867
0
ARC
8
BLACK
10
5.1011220472440941
20
-3.2948425196850395
40
0.0118110236220472
50
-90.00000000
51
90.00000000
0
LINE
8
BLACK
6
CONTINUOUS
10
5.1011220472440941
20
-3.2830314960629923
11
5.057814960629921
21
-3.2830314960629923
0
ARC
8
BLACK
10
5.057814960629921
20
-3.2948425196850395
40
0.0118110236220472
50
90.00000000
51
270.00000000
0
CIRCLE
8
BLACK
10
6.6361614173228345
20
-3.7699212598425196
40
0.0068897637795276
0
CIRCLE
8
BLACK
10
6.6361614173228345
20
-3.6349212598425198
40
0.0068897637795276
0
CIRCLE
8
BLACK
10
6.6361614173228345
20
-3.4999212598425196
40
0.0068897637795276
0
CIRCLE
8
BLACK
10
6.6361614173228345
20
-3.3630708661417321
40
0.0068897637795276
0
CIRCLE
8
BLACK
10
4.9686417322834648
20
-3.7399212598425198
40
0.0068897637795276
  0
ENDSEC
  0
EOF
