  0
SECTION
  2
HEADER
  9
$ANGBASE
  50
0.0
  9
$ANGDIR
  70
1
  9
$MEASUREMENT
  70
0
  0
ENDSEC
  0
SECTION
  2
TABLES
  0
TABLE
  2
LTYPE
  70
4
  0
LTYPE
  5
40F
  2
CONTINUOUS
  70
0
  3
Solid line
  72
65
  73
0
  40
0.0
  0
LTYPE
  5
410
  2
DASHDOT
 70
0
  3
Dash Dot ____ _ ____ _
 72
65
 73
4
 40
2.0
 49
1.25
 49
-0.25
 49
0.25
 49
-0.25
  0
LTYPE
  5
411
  2
DASHED
 70
0
  3
Dashed __ __ __ __ __
 72
65
 73
2
 40
0.75
 49
0.5
 49
-0.25
  0
LTYPE
  5
43B
  2
DOTTED
 70
0
  3
Dotted .  .  .  .
 72
65
 73
2
 40
0.2
 49
0.0
 49
-0.2
  0
ENDTAB
  0
TABLE
  2
STYLE
  70
4
  0
STYLE
  2
KICAD
  70
0
  40
0
  41
1
  42
1
  50
0
  71
0
  3
isocp.shx
  0
STYLE
  2
KICADB
  70
0
  40
0
  41
1
  42
1
  50
0
  71
0
  3
isocp.shx
  0
STYLE
  2
KICADI
  70
0
  40
0
  41
1
  42
1
  50
15
  71
0
  3
isocp.shx
  0
STYLE
  2
KICADBI
  70
0
  40
0
  41
1
  42
1
  50
15
  71
0
  3
isocp.shx
  0
ENDTAB
  0
TABLE
  2
LAYER
  70
1
  0
LAYER
  2
BLACK
  70
0
  62
7
  6
CONTINUOUS
  0
ENDTAB
  0
ENDSEC
  0
SECTION
  2
ENTITIES
0
LINE
8
BLACK
6
CONTINUOUS
10
6.1097307086614174
20
-4.7192064960629923
11
6.114715393700787
21
-4.7209507086614169
0
LINE
8
BLACK
6
CONTINUOUS
10
6.114715393700787
20
-4.7209507086614169
11
6.1189644881889764
21
-4.724086692913386
0
LINE
8
BLACK
6
CONTINUOUS
10
6.1189644881889764
20
-4.724086692913386
11
6.1221004724409447
21
-4.7283357874015746
0
LINE
8
BLACK
6
CONTINUOUS
10
6.1221004724409447
20
-4.7283357874015746
11
6.1238446850393702
21
-4.733320472440945
0
LINE
8
BLACK
6
CONTINUOUS
10
6.1238446850393702
20
-4.733320472440945
11
6.1241535433070862
21
-4.7366141732283467
0
LINE
8
BLACK
6
CONTINUOUS
10
6.1241535433070862
20
-4.7366141732283467
11
6.1241535433070862
21
-4.823228346456693
0
LINE
8
BLACK
6
CONTINUOUS
10
6.1241535433070862
20
-4.823228346456693
11
6.1238446850393702
21
-4.8265220472440946
0
LINE
8
BLACK
6
CONTINUOUS
10
6.1238446850393702
20
-4.8265220472440946
11
6.1221004724409447
21
-4.8315067322834642
0
LINE
8
BLACK
6
CONTINUOUS
10
6.1221004724409447
20
-4.8315067322834642
11
6.1189644881889764
21
-4.8357558267716536
0
LINE
8
BLACK
6
CONTINUOUS
10
6.1189644881889764
20
-4.8357558267716536
11
6.114715393700787
21
-4.8388918110236219
0
LINE
8
BLACK
6
CONTINUOUS
10
6.114715393700787
20
-4.8388918110236219
11
6.1097307086614174
21
-4.8406360236220474
0
LINE
8
BLACK
6
CONTINUOUS
10
6.1097307086614174
20
-4.8406360236220474
11
6.1064370078740158
21
-4.8409448818897634
0
LINE
8
BLACK
6
CONTINUOUS
10
6.1064370078740158
20
-4.8409448818897634
11
6.0867519685039371
21
-4.8409448818897634
0
LINE
8
BLACK
6
CONTINUOUS
10
6.0867519685039371
20
-4.8409448818897634
11
6.0834582677165354
21
-4.8406360236220474
0
LINE
8
BLACK
6
CONTINUOUS
10
6.0834582677165354
20
-4.8406360236220474
11
6.078473582677165
21
-4.8388918110236219
0
LINE
8
BLACK
6
CONTINUOUS
10
6.078473582677165
20
-4.8388918110236219
11
6.0742244881889764
21
-4.8357558267716536
0
LINE
8
BLACK
6
CONTINUOUS
10
6.0742244881889764
20
-4.8357558267716536
11
6.0710885039370082
21
-4.8315067322834642
0
LINE
8
BLACK
6
CONTINUOUS
10
6.0710885039370082
20
-4.8315067322834642
11
6.0693442913385827
21
-4.8265220472440946
0
LINE
8
BLACK
6
CONTINUOUS
10
6.0693442913385827
20
-4.8265220472440946
11
6.0690354330708658
21
-4.823228346456693
0
LINE
8
BLACK
6
CONTINUOUS
10
6.0690354330708658
20
-4.823228346456693
11
6.0690354330708658
21
-4.7366141732283467
0
LINE
8
BLACK
6
CONTINUOUS
10
6.0690354330708658
20
-4.7366141732283467
11
6.0693442913385827
21
-4.733320472440945
0
LINE
8
BLACK
6
CONTINUOUS
10
6.0693442913385827
20
-4.733320472440945
11
6.0710885039370082
21
-4.7283357874015746
0
LINE
8
BLACK
6
CONTINUOUS
10
6.0710885039370082
20
-4.7283357874015746
11
6.0742244881889764
21
-4.724086692913386
0
LINE
8
BLACK
6
CONTINUOUS
10
6.0742244881889764
20
-4.724086692913386
11
6.078473582677165
21
-4.7209507086614169
0
LINE
8
BLACK
6
CONTINUOUS
10
6.078473582677165
20
-4.7209507086614169
11
6.0834582677165354
21
-4.7192064960629923
0
LINE
8
BLACK
6
CONTINUOUS
10
6.0834582677165354
20
-4.7192064960629923
11
6.0867519685039371
21
-4.7188976377952754
0
LINE
8
BLACK
6
CONTINUOUS
10
6.0867519685039371
20
-4.7188976377952754
11
6.1064370078740158
21
-4.7188976377952754
0
LINE
8
BLACK
6
CONTINUOUS
10
6.1064370078740158
20
-4.7188976377952754
11
6.1097307086614174
21
-4.7192064960629923
0
LINE
8
BLACK
6
CONTINUOUS
10
6.4030377952755906
20
-4.7192064960629923
11
6.4080224803149601
21
-4.7209507086614169
0
LINE
8
BLACK
6
CONTINUOUS
10
6.4080224803149601
20
-4.7209507086614169
11
6.4122715748031496
21
-4.724086692913386
0
LINE
8
BLACK
6
CONTINUOUS
10
6.4122715748031496
20
-4.724086692913386
11
6.4154075590551178
21
-4.7283357874015746
0
LINE
8
BLACK
6
CONTINUOUS
10
6.4154075590551178
20
-4.7283357874015746
11
6.4171517716535433
21
-4.733320472440945
0
LINE
8
BLACK
6
CONTINUOUS
10
6.4171517716535433
20
-4.733320472440945
11
6.4174606299212593
21
-4.7366141732283467
0
LINE
8
BLACK
6
CONTINUOUS
10
6.4174606299212593
20
-4.7366141732283467
11
6.4174606299212593
21
-4.823228346456693
0
LINE
8
BLACK
6
CONTINUOUS
10
6.4174606299212593
20
-4.823228346456693
11
6.4171517716535433
21
-4.8265220472440946
0
LINE
8
BLACK
6
CONTINUOUS
10
6.4171517716535433
20
-4.8265220472440946
11
6.4154075590551178
21
-4.8315067322834642
0
LINE
8
BLACK
6
CONTINUOUS
10
6.4154075590551178
20
-4.8315067322834642
11
6.4122715748031496
21
-4.8357558267716536
0
LINE
8
BLACK
6
CONTINUOUS
10
6.4122715748031496
20
-4.8357558267716536
11
6.4080224803149601
21
-4.8388918110236219
0
LINE
8
BLACK
6
CONTINUOUS
10
6.4080224803149601
20
-4.8388918110236219
11
6.4030377952755906
21
-4.8406360236220474
0
LINE
8
BLACK
6
CONTINUOUS
10
6.4030377952755906
20
-4.8406360236220474
11
6.3997440944881889
21
-4.8409448818897634
0
LINE
8
BLACK
6
CONTINUOUS
10
6.3997440944881889
20
-4.8409448818897634
11
6.3800590551181102
21
-4.8409448818897634
0
LINE
8
BLACK
6
CONTINUOUS
10
6.3800590551181102
20
-4.8409448818897634
11
6.3767653543307086
21
-4.8406360236220474
0
LINE
8
BLACK
6
CONTINUOUS
10
6.3767653543307086
20
-4.8406360236220474
11
6.3717806692913381
21
-4.8388918110236219
0
LINE
8
BLACK
6
CONTINUOUS
10
6.3717806692913381
20
-4.8388918110236219
11
6.3675315748031496
21
-4.8357558267716536
0
LINE
8
BLACK
6
CONTINUOUS
10
6.3675315748031496
20
-4.8357558267716536
11
6.3643955905511813
21
-4.8315067322834642
0
LINE
8
BLACK
6
CONTINUOUS
10
6.3643955905511813
20
-4.8315067322834642
11
6.3626513779527558
21
-4.8265220472440946
0
LINE
8
BLACK
6
CONTINUOUS
10
6.3626513779527558
20
-4.8265220472440946
11
6.3623425196850389
21
-4.823228346456693
0
LINE
8
BLACK
6
CONTINUOUS
10
6.3623425196850389
20
-4.823228346456693
11
6.3623425196850389
21
-4.7366141732283467
0
LINE
8
BLACK
6
CONTINUOUS
10
6.3623425196850389
20
-4.7366141732283467
11
6.3626513779527558
21
-4.733320472440945
0
LINE
8
BLACK
6
CONTINUOUS
10
6.3626513779527558
20
-4.733320472440945
11
6.3643955905511813
21
-4.7283357874015746
0
LINE
8
BLACK
6
CONTINUOUS
10
6.3643955905511813
20
-4.7283357874015746
11
6.3675315748031496
21
-4.724086692913386
0
LINE
8
BLACK
6
CONTINUOUS
10
6.3675315748031496
20
-4.724086692913386
11
6.3717806692913381
21
-4.7209507086614169
0
LINE
8
BLACK
6
CONTINUOUS
10
6.3717806692913381
20
-4.7209507086614169
11
6.3767653543307086
21
-4.7192064960629923
0
LINE
8
BLACK
6
CONTINUOUS
10
6.3767653543307086
20
-4.7192064960629923
11
6.3800590551181102
21
-4.7188976377952754
0
LINE
8
BLACK
6
CONTINUOUS
10
6.3800590551181102
20
-4.7188976377952754
11
6.3997440944881889
21
-4.7188976377952754
0
LINE
8
BLACK
6
CONTINUOUS
10
6.3997440944881889
20
-4.7188976377952754
11
6.4030377952755906
21
-4.7192064960629923
0
LINE
8
BLACK
6
CONTINUOUS
10
5.2637464566929131
20
-4.7173561023622046
11
5.2687311417322835
21
-4.7191003149606301
0
LINE
8
BLACK
6
CONTINUOUS
10
5.2687311417322835
20
-4.7191003149606301
11
5.2729802362204721
21
-4.7222362992125984
0
LINE
8
BLACK
6
CONTINUOUS
10
5.2729802362204721
20
-4.7222362992125984
11
5.2761162204724412
21
-4.7264853937007869
0
LINE
8
BLACK
6
CONTINUOUS
10
5.2761162204724412
20
-4.7264853937007869
11
5.2778604330708658
21
-4.7314700787401573
0
LINE
8
BLACK
6
CONTINUOUS
10
5.2778604330708658
20
-4.7314700787401573
11
5.2781692913385827
21
-4.734763779527559
0
LINE
8
BLACK
6
CONTINUOUS
10
5.2781692913385827
20
-4.734763779527559
11
5.2781692913385827
21
-4.8213779527559053
0
LINE
8
BLACK
6
CONTINUOUS
10
5.2781692913385827
20
-4.8213779527559053
11
5.2778604330708658
21
-4.824671653543307
0
LINE
8
BLACK
6
CONTINUOUS
10
5.2778604330708658
20
-4.824671653543307
11
5.2761162204724412
21
-4.8296563385826774
0
LINE
8
BLACK
6
CONTINUOUS
10
5.2761162204724412
20
-4.8296563385826774
11
5.2729802362204721
21
-4.833905433070866
0
LINE
8
BLACK
6
CONTINUOUS
10
5.2729802362204721
20
-4.833905433070866
11
5.2687311417322835
21
-4.8370414173228342
0
LINE
8
BLACK
6
CONTINUOUS
10
5.2687311417322835
20
-4.8370414173228342
11
5.2637464566929131
21
-4.8387856299212597
0
LINE
8
BLACK
6
CONTINUOUS
10
5.2637464566929131
20
-4.8387856299212597
11
5.2604527559055114
21
-4.8390944881889766
0
LINE
8
BLACK
6
CONTINUOUS
10
5.2604527559055114
20
-4.8390944881889766
11
5.2407677165354327
21
-4.8390944881889766
0
LINE
8
BLACK
6
CONTINUOUS
10
5.2407677165354327
20
-4.8390944881889766
11
5.2374740157480311
21
-4.8387856299212597
0
LINE
8
BLACK
6
CONTINUOUS
10
5.2374740157480311
20
-4.8387856299212597
11
5.2324893307086615
21
-4.8370414173228342
0
LINE
8
BLACK
6
CONTINUOUS
10
5.2324893307086615
20
-4.8370414173228342
11
5.2282402362204721
21
-4.833905433070866
0
LINE
8
BLACK
6
CONTINUOUS
10
5.2282402362204721
20
-4.833905433070866
11
5.2251042519685038
21
-4.8296563385826774
0
LINE
8
BLACK
6
CONTINUOUS
10
5.2251042519685038
20
-4.8296563385826774
11
5.2233600393700783
21
-4.824671653543307
0
LINE
8
BLACK
6
CONTINUOUS
10
5.2233600393700783
20
-4.824671653543307
11
5.2230511811023623
21
-4.8213779527559053
0
LINE
8
BLACK
6
CONTINUOUS
10
5.2230511811023623
20
-4.8213779527559053
11
5.2230511811023623
21
-4.734763779527559
0
LINE
8
BLACK
6
CONTINUOUS
10
5.2230511811023623
20
-4.734763779527559
11
5.2233600393700783
21
-4.7314700787401573
0
LINE
8
BLACK
6
CONTINUOUS
10
5.2233600393700783
20
-4.7314700787401573
11
5.2251042519685038
21
-4.7264853937007869
0
LINE
8
BLACK
6
CONTINUOUS
10
5.2251042519685038
20
-4.7264853937007869
11
5.2282402362204721
21
-4.7222362992125984
0
LINE
8
BLACK
6
CONTINUOUS
10
5.2282402362204721
20
-4.7222362992125984
11
5.2324893307086615
21
-4.7191003149606301
0
LINE
8
BLACK
6
CONTINUOUS
10
5.2324893307086615
20
-4.7191003149606301
11
5.2374740157480311
21
-4.7173561023622046
0
LINE
8
BLACK
6
CONTINUOUS
10
5.2374740157480311
20
-4.7173561023622046
11
5.2407677165354327
21
-4.7170472440944877
0
LINE
8
BLACK
6
CONTINUOUS
10
5.2407677165354327
20
-4.7170472440944877
11
5.2604527559055114
21
-4.7170472440944877
0
LINE
8
BLACK
6
CONTINUOUS
10
5.2604527559055114
20
-4.7170472440944877
11
5.2637464566929131
21
-4.7173561023622046
0
LINE
8
BLACK
6
CONTINUOUS
10
5.8523291338582677
20
-4.7173561023622046
11
5.8573138188976372
21
-4.7191003149606301
0
LINE
8
BLACK
6
CONTINUOUS
10
5.8573138188976372
20
-4.7191003149606301
11
5.8615629133858267
21
-4.7222362992125984
0
LINE
8
BLACK
6
CONTINUOUS
10
5.8615629133858267
20
-4.7222362992125984
11
5.8646988976377949
21
-4.7264853937007869
0
LINE
8
BLACK
6
CONTINUOUS
10
5.8646988976377949
20
-4.7264853937007869
11
5.8664431102362204
21
-4.7314700787401573
0
LINE
8
BLACK
6
CONTINUOUS
10
5.8664431102362204
20
-4.7314700787401573
11
5.8667519685039364
21
-4.734763779527559
0
LINE
8
BLACK
6
CONTINUOUS
10
5.8667519685039364
20
-4.734763779527559
11
5.8667519685039364
21
-4.8213779527559053
0
LINE
8
BLACK
6
CONTINUOUS
10
5.8667519685039364
20
-4.8213779527559053
11
5.8664431102362204
21
-4.824671653543307
0
LINE
8
BLACK
6
CONTINUOUS
10
5.8664431102362204
20
-4.824671653543307
11
5.8646988976377949
21
-4.8296563385826774
0
LINE
8
BLACK
6
CONTINUOUS
10
5.8646988976377949
20
-4.8296563385826774
11
5.8615629133858267
21
-4.833905433070866
0
LINE
8
BLACK
6
CONTINUOUS
10
5.8615629133858267
20
-4.833905433070866
11
5.8573138188976372
21
-4.8370414173228342
0
LINE
8
BLACK
6
CONTINUOUS
10
5.8573138188976372
20
-4.8370414173228342
11
5.8523291338582677
21
-4.8387856299212597
0
LINE
8
BLACK
6
CONTINUOUS
10
5.8523291338582677
20
-4.8387856299212597
11
5.849035433070866
21
-4.8390944881889766
0
LINE
8
BLACK
6
CONTINUOUS
10
5.849035433070866
20
-4.8390944881889766
11
5.8293503937007873
21
-4.8390944881889766
0
LINE
8
BLACK
6
CONTINUOUS
10
5.8293503937007873
20
-4.8390944881889766
11
5.8260566929133857
21
-4.8387856299212597
0
LINE
8
BLACK
6
CONTINUOUS
10
5.8260566929133857
20
-4.8387856299212597
11
5.8210720078740152
21
-4.8370414173228342
0
LINE
8
BLACK
6
CONTINUOUS
10
5.8210720078740152
20
-4.8370414173228342
11
5.8168229133858267
21
-4.833905433070866
0
LINE
8
BLACK
6
CONTINUOUS
10
5.8168229133858267
20
-4.833905433070866
11
5.8136869291338584
21
-4.8296563385826774
0
LINE
8
BLACK
6
CONTINUOUS
10
5.8136869291338584
20
-4.8296563385826774
11
5.8119427165354329
21
-4.824671653543307
0
LINE
8
BLACK
6
CONTINUOUS
10
5.8119427165354329
20
-4.824671653543307
11
5.8116338582677161
21
-4.8213779527559053
0
LINE
8
BLACK
6
CONTINUOUS
10
5.8116338582677161
20
-4.8213779527559053
11
5.8116338582677161
21
-4.734763779527559
0
LINE
8
BLACK
6
CONTINUOUS
10
5.8116338582677161
20
-4.734763779527559
11
5.8119427165354329
21
-4.7314700787401573
0
LINE
8
BLACK
6
CONTINUOUS
10
5.8119427165354329
20
-4.7314700787401573
11
5.8136869291338584
21
-4.7264853937007869
0
LINE
8
BLACK
6
CONTINUOUS
10
5.8136869291338584
20
-4.7264853937007869
11
5.8168229133858267
21
-4.7222362992125984
0
LINE
8
BLACK
6
CONTINUOUS
10
5.8168229133858267
20
-4.7222362992125984
11
5.8210720078740152
21
-4.7191003149606301
0
LINE
8
BLACK
6
CONTINUOUS
10
5.8210720078740152
20
-4.7191003149606301
11
5.8260566929133857
21
-4.7173561023622046
0
LINE
8
BLACK
6
CONTINUOUS
10
5.8260566929133857
20
-4.7173561023622046
11
5.8293503937007873
21
-4.7170472440944877
0
LINE
8
BLACK
6
CONTINUOUS
10
5.8293503937007873
20
-4.7170472440944877
11
5.849035433070866
21
-4.7170472440944877
0
LINE
8
BLACK
6
CONTINUOUS
10
5.849035433070866
20
-4.7170472440944877
11
5.8523291338582677
21
-4.7173561023622046
0
LINE
8
BLACK
6
CONTINUOUS
10
6.0083479133858271
20
-4.7184340157480316
11
6.0109024015748034
21
-4.7201409055118111
0
LINE
8
BLACK
6
CONTINUOUS
10
6.0109024015748034
20
-4.7201409055118111
11
6.0126092913385829
21
-4.7226953937007874
0
LINE
8
BLACK
6
CONTINUOUS
10
6.0126092913385829
20
-4.7226953937007874
11
6.0132086614173224
21
-4.7257086614173227
0
LINE
8
BLACK
6
CONTINUOUS
10
6.0132086614173224
20
-4.7257086614173227
11
6.0132086614173224
21
-4.8241338582677162
0
LINE
8
BLACK
6
CONTINUOUS
10
6.0132086614173224
20
-4.8241338582677162
11
6.0126092913385829
21
-4.8271471259842516
0
LINE
8
BLACK
6
CONTINUOUS
10
6.0126092913385829
20
-4.8271471259842516
11
6.0109024015748034
21
-4.8297016141732279
0
LINE
8
BLACK
6
CONTINUOUS
10
6.0109024015748034
20
-4.8297016141732279
11
6.0083479133858271
21
-4.8314085039370074
0
LINE
8
BLACK
6
CONTINUOUS
10
6.0083479133858271
20
-4.8314085039370074
11
6.0053346456692909
21
-4.8320078740157477
0
LINE
8
BLACK
6
CONTINUOUS
10
6.0053346456692909
20
-4.8320078740157477
11
5.9344685039370075
21
-4.8320078740157477
0
LINE
8
BLACK
6
CONTINUOUS
10
5.9344685039370075
20
-4.8320078740157477
11
5.9314552362204722
21
-4.8314085039370074
0
LINE
8
BLACK
6
CONTINUOUS
10
5.9314552362204722
20
-4.8314085039370074
11
5.9289007480314959
21
-4.8297016141732279
0
LINE
8
BLACK
6
CONTINUOUS
10
5.9289007480314959
20
-4.8297016141732279
11
5.9271938582677164
21
-4.8271471259842516
0
LINE
8
BLACK
6
CONTINUOUS
10
5.9271938582677164
20
-4.8271471259842516
11
5.9265944881889761
21
-4.8241338582677162
0
LINE
8
BLACK
6
CONTINUOUS
10
5.9265944881889761
20
-4.8241338582677162
11
5.9265944881889761
21
-4.7257086614173227
0
LINE
8
BLACK
6
CONTINUOUS
10
5.9265944881889761
20
-4.7257086614173227
11
5.9271938582677164
21
-4.7226953937007874
0
LINE
8
BLACK
6
CONTINUOUS
10
5.9271938582677164
20
-4.7226953937007874
11
5.9289007480314959
21
-4.7201409055118111
0
LINE
8
BLACK
6
CONTINUOUS
10
5.9289007480314959
20
-4.7201409055118111
11
5.9314552362204722
21
-4.7184340157480316
0
LINE
8
BLACK
6
CONTINUOUS
10
5.9314552362204722
20
-4.7184340157480316
11
5.9344685039370075
21
-4.7178346456692912
0
LINE
8
BLACK
6
CONTINUOUS
10
5.9344685039370075
20
-4.7178346456692912
11
6.0053346456692909
21
-4.7178346456692912
0
LINE
8
BLACK
6
CONTINUOUS
10
6.0053346456692909
20
-4.7178346456692912
11
6.0083479133858271
21
-4.7184340157480316
0
LINE
8
BLACK
6
CONTINUOUS
10
5.0478157480314962
20
-4.5289060236220475
11
5.0615895275590548
21
-4.5320498031496061
0
LINE
8
BLACK
6
CONTINUOUS
10
5.0615895275590548
20
-4.5320498031496061
11
5.0749246850393703
21
-4.5367159448818892
0
LINE
8
BLACK
6
CONTINUOUS
10
5.0749246850393703
20
-4.5367159448818892
11
5.0876535433070869
21
-4.5428458661417324
0
LINE
8
BLACK
6
CONTINUOUS
10
5.0876535433070869
20
-4.5428458661417324
11
5.0996160629921254
21
-4.5503624015748034
0
LINE
8
BLACK
6
CONTINUOUS
10
5.0996160629921254
20
-4.5503624015748034
11
5.1106617716535432
21
-4.5591710629921263
0
LINE
8
BLACK
6
CONTINUOUS
10
5.1106617716535432
20
-4.5591710629921263
11
5.1206517716535433
21
-4.5691610629921255
0
LINE
8
BLACK
6
CONTINUOUS
10
5.1206517716535433
20
-4.5691610629921255
11
5.1294604330708662
21
-4.5802067716535433
0
LINE
8
BLACK
6
CONTINUOUS
10
5.1294604330708662
20
-4.5802067716535433
11
5.1369769685039373
21
-4.5921692913385828
0
LINE
8
BLACK
6
CONTINUOUS
10
5.1369769685039373
20
-4.5921692913385828
11
5.1431068897637795
21
-4.6048981496062993
0
LINE
8
BLACK
6
CONTINUOUS
10
5.1431068897637795
20
-4.6048981496062993
11
5.1477730314960626
21
-4.6182333070866139
0
LINE
8
BLACK
6
CONTINUOUS
10
5.1477730314960626
20
-4.6182333070866139
11
5.1509168110236221
21
-4.6320070866141734
0
LINE
8
BLACK
6
CONTINUOUS
10
5.1509168110236221
20
-4.6320070866141734
11
5.1524986614173232
21
-4.6460462598425192
0
LINE
8
BLACK
6
CONTINUOUS
10
5.1524986614173232
20
-4.6460462598425192
11
5.1524986614173232
21
-4.6601742125984247
0
LINE
8
BLACK
6
CONTINUOUS
10
5.1524986614173232
20
-4.6601742125984247
11
5.1509168110236221
21
-4.6742133858267714
0
LINE
8
BLACK
6
CONTINUOUS
10
5.1509168110236221
20
-4.6742133858267714
11
5.1477730314960626
21
-4.6879871653543308
0
LINE
8
BLACK
6
CONTINUOUS
10
5.1477730314960626
20
-4.6879871653543308
11
5.1431068897637795
21
-4.7013223228346455
0
LINE
8
BLACK
6
CONTINUOUS
10
5.1431068897637795
20
-4.7013223228346455
11
5.1369769685039373
21
-4.714051181102362
0
LINE
8
BLACK
6
CONTINUOUS
10
5.1369769685039373
20
-4.714051181102362
11
5.1294604330708662
21
-4.7260137007874015
0
LINE
8
BLACK
6
CONTINUOUS
10
5.1294604330708662
20
-4.7260137007874015
11
5.1206517716535433
21
-4.7370594094488192
0
LINE
8
BLACK
6
CONTINUOUS
10
5.1206517716535433
20
-4.7370594094488192
11
5.1106617716535432
21
-4.7470494094488185
0
LINE
8
BLACK
6
CONTINUOUS
10
5.1106617716535432
20
-4.7470494094488185
11
5.0996160629921254
21
-4.7558580708661413
0
LINE
8
BLACK
6
CONTINUOUS
10
5.0996160629921254
20
-4.7558580708661413
11
5.0876535433070869
21
-4.7633746062992124
0
LINE
8
BLACK
6
CONTINUOUS
10
5.0876535433070869
20
-4.7633746062992124
11
5.0749246850393703
21
-4.7695045275590546
0
LINE
8
BLACK
6
CONTINUOUS
10
5.0749246850393703
20
-4.7695045275590546
11
5.0615895275590548
21
-4.7741706692913386
0
LINE
8
BLACK
6
CONTINUOUS
10
5.0615895275590548
20
-4.7741706692913386
11
5.0478157480314962
21
-4.7773144488188972
0
LINE
8
BLACK
6
CONTINUOUS
10
5.0478157480314962
20
-4.7773144488188972
11
5.0337765748031496
21
-4.7788962992125983
0
LINE
8
BLACK
6
CONTINUOUS
10
5.0337765748031496
20
-4.7788962992125983
11
5.019648622047244
21
-4.7788962992125983
0
LINE
8
BLACK
6
CONTINUOUS
10
5.019648622047244
20
-4.7788962992125983
11
5.0056094488188974
21
-4.7773144488188972
0
LINE
8
BLACK
6
CONTINUOUS
10
5.0056094488188974
20
-4.7773144488188972
11
4.9918356692913388
21
-4.7741706692913386
0
LINE
8
BLACK
6
CONTINUOUS
10
4.9918356692913388
20
-4.7741706692913386
11
4.9785005118110233
21
-4.7695045275590546
0
LINE
8
BLACK
6
CONTINUOUS
10
4.9785005118110233
20
-4.7695045275590546
11
4.9657716535433067
21
-4.7633746062992124
0
LINE
8
BLACK
6
CONTINUOUS
10
4.9657716535433067
20
-4.7633746062992124
11
4.9538091338582673
21
-4.7558580708661413
0
LINE
8
BLACK
6
CONTINUOUS
10
4.9538091338582673
20
-4.7558580708661413
11
4.9427634251968504
21
-4.7470494094488185
0
LINE
8
BLACK
6
CONTINUOUS
10
4.9427634251968504
20
-4.7470494094488185
11
4.9327734251968502
21
-4.7370594094488192
0
LINE
8
BLACK
6
CONTINUOUS
10
4.9327734251968502
20
-4.7370594094488192
11
4.9239647637795274
21
-4.7260137007874015
0
LINE
8
BLACK
6
CONTINUOUS
10
4.9239647637795274
20
-4.7260137007874015
11
4.9164482283464563
21
-4.714051181102362
0
LINE
8
BLACK
6
CONTINUOUS
10
4.9164482283464563
20
-4.714051181102362
11
4.9103183070866141
21
-4.7013223228346455
0
LINE
8
BLACK
6
CONTINUOUS
10
4.9103183070866141
20
-4.7013223228346455
11
4.905652165354331
21
-4.6879871653543308
0
LINE
8
BLACK
6
CONTINUOUS
10
4.905652165354331
20
-4.6879871653543308
11
4.9025083858267715
21
-4.6742133858267714
0
LINE
8
BLACK
6
CONTINUOUS
10
4.9025083858267715
20
-4.6742133858267714
11
4.9009265354330704
21
-4.6601742125984247
0
LINE
8
BLACK
6
CONTINUOUS
10
4.9009265354330704
20
-4.6601742125984247
11
4.9009265354330704
21
-4.6460462598425192
0
LINE
8
BLACK
6
CONTINUOUS
10
4.9009265354330704
20
-4.6460462598425192
11
4.9025083858267715
21
-4.6320070866141734
0
LINE
8
BLACK
6
CONTINUOUS
10
4.9025083858267715
20
-4.6320070866141734
11
4.905652165354331
21
-4.6182333070866139
0
LINE
8
BLACK
6
CONTINUOUS
10
4.905652165354331
20
-4.6182333070866139
11
4.9103183070866141
21
-4.6048981496062993
0
LINE
8
BLACK
6
CONTINUOUS
10
4.9103183070866141
20
-4.6048981496062993
11
4.9164482283464563
21
-4.5921692913385828
0
LINE
8
BLACK
6
CONTINUOUS
10
4.9164482283464563
20
-4.5921692913385828
11
4.9239647637795274
21
-4.5802067716535433
0
LINE
8
BLACK
6
CONTINUOUS
10
4.9239647637795274
20
-4.5802067716535433
11
4.9327734251968502
21
-4.5691610629921255
0
LINE
8
BLACK
6
CONTINUOUS
10
4.9327734251968502
20
-4.5691610629921255
11
4.9427634251968504
21
-4.5591710629921263
0
LINE
8
BLACK
6
CONTINUOUS
10
4.9427634251968504
20
-4.5591710629921263
11
4.9538091338582673
21
-4.5503624015748034
0
LINE
8
BLACK
6
CONTINUOUS
10
4.9538091338582673
20
-4.5503624015748034
11
4.9657716535433067
21
-4.5428458661417324
0
LINE
8
BLACK
6
CONTINUOUS
10
4.9657716535433067
20
-4.5428458661417324
11
4.9785005118110233
21
-4.5367159448818892
0
LINE
8
BLACK
6
CONTINUOUS
10
4.9785005118110233
20
-4.5367159448818892
11
4.9918356692913388
21
-4.5320498031496061
0
LINE
8
BLACK
6
CONTINUOUS
10
4.9918356692913388
20
-4.5320498031496061
11
5.0056094488188974
21
-4.5289060236220475
0
LINE
8
BLACK
6
CONTINUOUS
10
5.0056094488188974
20
-4.5289060236220475
11
5.019648622047244
21
-4.5273241732283465
0
LINE
8
BLACK
6
CONTINUOUS
10
5.019648622047244
20
-4.5273241732283465
11
5.0337765748031496
21
-4.5273241732283465
0
LINE
8
BLACK
6
CONTINUOUS
10
5.0337765748031496
20
-4.5273241732283465
11
5.0478157480314962
21
-4.5289060236220475
0
LINE
8
BLACK
6
CONTINUOUS
10
6.6241937007874014
20
-4.5289060236220475
11
6.6379674803149609
21
-4.5320498031496061
0
LINE
8
BLACK
6
CONTINUOUS
10
6.6379674803149609
20
-4.5320498031496061
11
6.6513026377952755
21
-4.5367159448818892
0
LINE
8
BLACK
6
CONTINUOUS
10
6.6513026377952755
20
-4.5367159448818892
11
6.6640314960629921
21
-4.5428458661417324
0
LINE
8
BLACK
6
CONTINUOUS
10
6.6640314960629921
20
-4.5428458661417324
11
6.6759940157480315
21
-4.5503624015748034
0
LINE
8
BLACK
6
CONTINUOUS
10
6.6759940157480315
20
-4.5503624015748034
11
6.6870397244094484
21
-4.5591710629921263
0
LINE
8
BLACK
6
CONTINUOUS
10
6.6870397244094484
20
-4.5591710629921263
11
6.6970297244094485
21
-4.5691610629921255
0
LINE
8
BLACK
6
CONTINUOUS
10
6.6970297244094485
20
-4.5691610629921255
11
6.7058383858267714
21
-4.5802067716535433
0
LINE
8
BLACK
6
CONTINUOUS
10
6.7058383858267714
20
-4.5802067716535433
11
6.7133549212598425
21
-4.5921692913385828
0
LINE
8
BLACK
6
CONTINUOUS
10
6.7133549212598425
20
-4.5921692913385828
11
6.7194848425196847
21
-4.6048981496062993
0
LINE
8
BLACK
6
CONTINUOUS
10
6.7194848425196847
20
-4.6048981496062993
11
6.7241509842519687
21
-4.6182333070866139
0
LINE
8
BLACK
6
CONTINUOUS
10
6.7241509842519687
20
-4.6182333070866139
11
6.7272947637795273
21
-4.6320070866141734
0
LINE
8
BLACK
6
CONTINUOUS
10
6.7272947637795273
20
-4.6320070866141734
11
6.7288766141732284
21
-4.6460462598425192
0
LINE
8
BLACK
6
CONTINUOUS
10
6.7288766141732284
20
-4.6460462598425192
11
6.7288766141732284
21
-4.6601742125984247
0
LINE
8
BLACK
6
CONTINUOUS
10
6.7288766141732284
20
-4.6601742125984247
11
6.7272947637795273
21
-4.6742133858267714
0
LINE
8
BLACK
6
CONTINUOUS
10
6.7272947637795273
20
-4.6742133858267714
11
6.7241509842519687
21
-4.6879871653543308
0
LINE
8
BLACK
6
CONTINUOUS
10
6.7241509842519687
20
-4.6879871653543308
11
6.7194848425196847
21
-4.7013223228346455
0
LINE
8
BLACK
6
CONTINUOUS
10
6.7194848425196847
20
-4.7013223228346455
11
6.7133549212598425
21
-4.714051181102362
0
LINE
8
BLACK
6
CONTINUOUS
10
6.7133549212598425
20
-4.714051181102362
11
6.7058383858267714
21
-4.7260137007874015
0
LINE
8
BLACK
6
CONTINUOUS
10
6.7058383858267714
20
-4.7260137007874015
11
6.6970297244094485
21
-4.7370594094488192
0
LINE
8
BLACK
6
CONTINUOUS
10
6.6970297244094485
20
-4.7370594094488192
11
6.6870397244094484
21
-4.7470494094488185
0
LINE
8
BLACK
6
CONTINUOUS
10
6.6870397244094484
20
-4.7470494094488185
11
6.6759940157480315
21
-4.7558580708661413
0
LINE
8
BLACK
6
CONTINUOUS
10
6.6759940157480315
20
-4.7558580708661413
11
6.6640314960629921
21
-4.7633746062992124
0
LINE
8
BLACK
6
CONTINUOUS
10
6.6640314960629921
20
-4.7633746062992124
11
6.6513026377952755
21
-4.7695045275590546
0
LINE
8
BLACK
6
CONTINUOUS
10
6.6513026377952755
20
-4.7695045275590546
11
6.6379674803149609
21
-4.7741706692913386
0
LINE
8
BLACK
6
CONTINUOUS
10
6.6379674803149609
20
-4.7741706692913386
11
6.6241937007874014
21
-4.7773144488188972
0
LINE
8
BLACK
6
CONTINUOUS
10
6.6241937007874014
20
-4.7773144488188972
11
6.6101545275590547
21
-4.7788962992125983
0
LINE
8
BLACK
6
CONTINUOUS
10
6.6101545275590547
20
-4.7788962992125983
11
6.5960265748031492
21
-4.7788962992125983
0
LINE
8
BLACK
6
CONTINUOUS
10
6.5960265748031492
20
-4.7788962992125983
11
6.5819874015748034
21
-4.7773144488188972
0
LINE
8
BLACK
6
CONTINUOUS
10
6.5819874015748034
20
-4.7773144488188972
11
6.568213622047244
21
-4.7741706692913386
0
LINE
8
BLACK
6
CONTINUOUS
10
6.568213622047244
20
-4.7741706692913386
11
6.5548784645669294
21
-4.7695045275590546
0
LINE
8
BLACK
6
CONTINUOUS
10
6.5548784645669294
20
-4.7695045275590546
11
6.5421496062992128
21
-4.7633746062992124
0
LINE
8
BLACK
6
CONTINUOUS
10
6.5421496062992128
20
-4.7633746062992124
11
6.5301870866141734
21
-4.7558580708661413
0
LINE
8
BLACK
6
CONTINUOUS
10
6.5301870866141734
20
-4.7558580708661413
11
6.5191413779527556
21
-4.7470494094488185
0
LINE
8
BLACK
6
CONTINUOUS
10
6.5191413779527556
20
-4.7470494094488185
11
6.5091513779527554
21
-4.7370594094488192
0
LINE
8
BLACK
6
CONTINUOUS
10
6.5091513779527554
20
-4.7370594094488192
11
6.5003427165354326
21
-4.7260137007874015
0
LINE
8
BLACK
6
CONTINUOUS
10
6.5003427165354326
20
-4.7260137007874015
11
6.4928261811023624
21
-4.714051181102362
0
LINE
8
BLACK
6
CONTINUOUS
10
6.4928261811023624
20
-4.714051181102362
11
6.4866962598425193
21
-4.7013223228346455
0
LINE
8
BLACK
6
CONTINUOUS
10
6.4866962598425193
20
-4.7013223228346455
11
6.4820301181102362
21
-4.6879871653543308
0
LINE
8
BLACK
6
CONTINUOUS
10
6.4820301181102362
20
-4.6879871653543308
11
6.4788863385826767
21
-4.6742133858267714
0
LINE
8
BLACK
6
CONTINUOUS
10
6.4788863385826767
20
-4.6742133858267714
11
6.4773044881889765
21
-4.6601742125984247
0
LINE
8
BLACK
6
CONTINUOUS
10
6.4773044881889765
20
-4.6601742125984247
11
6.4773044881889765
21
-4.6460462598425192
0
LINE
8
BLACK
6
CONTINUOUS
10
6.4773044881889765
20
-4.6460462598425192
11
6.4788863385826767
21
-4.6320070866141734
0
LINE
8
BLACK
6
CONTINUOUS
10
6.4788863385826767
20
-4.6320070866141734
11
6.4820301181102362
21
-4.6182333070866139
0
LINE
8
BLACK
6
CONTINUOUS
10
6.4820301181102362
20
-4.6182333070866139
11
6.4866962598425193
21
-4.6048981496062993
0
LINE
8
BLACK
6
CONTINUOUS
10
6.4866962598425193
20
-4.6048981496062993
11
6.4928261811023624
21
-4.5921692913385828
0
LINE
8
BLACK
6
CONTINUOUS
10
6.4928261811023624
20
-4.5921692913385828
11
6.5003427165354326
21
-4.5802067716535433
0
LINE
8
BLACK
6
CONTINUOUS
10
6.5003427165354326
20
-4.5802067716535433
11
6.5091513779527554
21
-4.5691610629921255
0
LINE
8
BLACK
6
CONTINUOUS
10
6.5091513779527554
20
-4.5691610629921255
11
6.5191413779527556
21
-4.5591710629921263
0
LINE
8
BLACK
6
CONTINUOUS
10
6.5191413779527556
20
-4.5591710629921263
11
6.5301870866141734
21
-4.5503624015748034
0
LINE
8
BLACK
6
CONTINUOUS
10
6.5301870866141734
20
-4.5503624015748034
11
6.5421496062992128
21
-4.5428458661417324
0
LINE
8
BLACK
6
CONTINUOUS
10
6.5421496062992128
20
-4.5428458661417324
11
6.5548784645669294
21
-4.5367159448818892
0
LINE
8
BLACK
6
CONTINUOUS
10
6.5548784645669294
20
-4.5367159448818892
11
6.568213622047244
21
-4.5320498031496061
0
LINE
8
BLACK
6
CONTINUOUS
10
6.568213622047244
20
-4.5320498031496061
11
6.5819874015748034
21
-4.5289060236220475
0
LINE
8
BLACK
6
CONTINUOUS
10
6.5819874015748034
20
-4.5289060236220475
11
6.5960265748031492
21
-4.5273241732283465
0
LINE
8
BLACK
6
CONTINUOUS
10
6.5960265748031492
20
-4.5273241732283465
11
6.6101545275590547
21
-4.5273241732283465
0
LINE
8
BLACK
6
CONTINUOUS
10
6.6101545275590547
20
-4.5273241732283465
11
6.6241937007874014
21
-4.5289060236220475
0
LINE
8
BLACK
6
CONTINUOUS
10
6.179266456692913
20
-4.6131712598425194
11
6.1833416141732283
21
-4.6151635039370076
0
LINE
8
BLACK
6
CONTINUOUS
10
6.1833416141732283
20
-4.6151635039370076
11
6.1865490944881891
21
-4.6183709842519685
0
LINE
8
BLACK
6
CONTINUOUS
10
6.1865490944881891
20
-4.6183709842519685
11
6.1885413385826773
21
-4.6224461417322837
0
LINE
8
BLACK
6
CONTINUOUS
10
6.1885413385826773
20
-4.6224461417322837
11
6.1891141732283463
21
-4.626377952755905
0
LINE
8
BLACK
6
CONTINUOUS
10
6.1891141732283463
20
-4.626377952755905
11
6.1891141732283463
21
-4.6814960629921263
0
LINE
8
BLACK
6
CONTINUOUS
10
6.1891141732283463
20
-4.6814960629921263
11
6.1885413385826773
21
-4.6854278740157476
0
LINE
8
BLACK
6
CONTINUOUS
10
6.1885413385826773
20
-4.6854278740157476
11
6.1865490944881891
21
-4.6895030314960628
0
LINE
8
BLACK
6
CONTINUOUS
10
6.1865490944881891
20
-4.6895030314960628
11
6.1833416141732283
21
-4.6927105118110237
0
LINE
8
BLACK
6
CONTINUOUS
10
6.1833416141732283
20
-4.6927105118110237
11
6.179266456692913
21
-4.6947027559055119
0
LINE
8
BLACK
6
CONTINUOUS
10
6.179266456692913
20
-4.6947027559055119
11
6.1753346456692908
21
-4.6952755905511809
0
LINE
8
BLACK
6
CONTINUOUS
10
6.1753346456692908
20
-4.6952755905511809
11
6.1635236220472436
21
-4.6952755905511809
0
LINE
8
BLACK
6
CONTINUOUS
10
6.1635236220472436
20
-4.6952755905511809
11
6.1595918110236223
21
-4.6947027559055119
0
LINE
8
BLACK
6
CONTINUOUS
10
6.1595918110236223
20
-4.6947027559055119
11
6.155516653543307
21
-4.6927105118110237
0
LINE
8
BLACK
6
CONTINUOUS
10
6.155516653543307
20
-4.6927105118110237
11
6.1523091732283461
21
-4.6895030314960628
0
LINE
8
BLACK
6
CONTINUOUS
10
6.1523091732283461
20
-4.6895030314960628
11
6.150316929133858
21
-4.6854278740157476
0
LINE
8
BLACK
6
CONTINUOUS
10
6.150316929133858
20
-4.6854278740157476
11
6.1497440944881889
21
-4.6814960629921263
0
LINE
8
BLACK
6
CONTINUOUS
10
6.1497440944881889
20
-4.6814960629921263
11
6.1497440944881889
21
-4.626377952755905
0
LINE
8
BLACK
6
CONTINUOUS
10
6.1497440944881889
20
-4.626377952755905
11
6.150316929133858
21
-4.6224461417322837
0
LINE
8
BLACK
6
CONTINUOUS
10
6.150316929133858
20
-4.6224461417322837
11
6.1523091732283461
21
-4.6183709842519685
0
LINE
8
BLACK
6
CONTINUOUS
10
6.1523091732283461
20
-4.6183709842519685
11
6.155516653543307
21
-4.6151635039370076
0
LINE
8
BLACK
6
CONTINUOUS
10
6.155516653543307
20
-4.6151635039370076
11
6.1595918110236223
21
-4.6131712598425194
0
LINE
8
BLACK
6
CONTINUOUS
10
6.1595918110236223
20
-4.6131712598425194
11
6.1635236220472436
21
-4.6125984251968504
0
LINE
8
BLACK
6
CONTINUOUS
10
6.1635236220472436
20
-4.6125984251968504
11
6.1753346456692908
21
-4.6125984251968504
0
LINE
8
BLACK
6
CONTINUOUS
10
6.1753346456692908
20
-4.6125984251968504
11
6.179266456692913
21
-4.6131712598425194
0
LINE
8
BLACK
6
CONTINUOUS
10
6.2284790551181102
20
-4.6131712598425194
11
6.2325542125984255
21
-4.6151635039370076
0
LINE
8
BLACK
6
CONTINUOUS
10
6.2325542125984255
20
-4.6151635039370076
11
6.2357616929133854
21
-4.6183709842519685
0
LINE
8
BLACK
6
CONTINUOUS
10
6.2357616929133854
20
-4.6183709842519685
11
6.2377539370078736
21
-4.6224461417322837
0
LINE
8
BLACK
6
CONTINUOUS
10
6.2377539370078736
20
-4.6224461417322837
11
6.2383267716535435
21
-4.626377952755905
0
LINE
8
BLACK
6
CONTINUOUS
10
6.2383267716535435
20
-4.626377952755905
11
6.2383267716535435
21
-4.6814960629921263
0
LINE
8
BLACK
6
CONTINUOUS
10
6.2383267716535435
20
-4.6814960629921263
11
6.2377539370078736
21
-4.6854278740157476
0
LINE
8
BLACK
6
CONTINUOUS
10
6.2377539370078736
20
-4.6854278740157476
11
6.2357616929133854
21
-4.6895030314960628
0
LINE
8
BLACK
6
CONTINUOUS
10
6.2357616929133854
20
-4.6895030314960628
11
6.2325542125984255
21
-4.6927105118110237
0
LINE
8
BLACK
6
CONTINUOUS
10
6.2325542125984255
20
-4.6927105118110237
11
6.2284790551181102
21
-4.6947027559055119
0
LINE
8
BLACK
6
CONTINUOUS
10
6.2284790551181102
20
-4.6947027559055119
11
6.224547244094488
21
-4.6952755905511809
0
LINE
8
BLACK
6
CONTINUOUS
10
6.224547244094488
20
-4.6952755905511809
11
6.2127362204724408
21
-4.6952755905511809
0
LINE
8
BLACK
6
CONTINUOUS
10
6.2127362204724408
20
-4.6952755905511809
11
6.2088044094488186
21
-4.6947027559055119
0
LINE
8
BLACK
6
CONTINUOUS
10
6.2088044094488186
20
-4.6947027559055119
11
6.2047292519685042
21
-4.6927105118110237
0
LINE
8
BLACK
6
CONTINUOUS
10
6.2047292519685042
20
-4.6927105118110237
11
6.2015217716535433
21
-4.6895030314960628
0
LINE
8
BLACK
6
CONTINUOUS
10
6.2015217716535433
20
-4.6895030314960628
11
6.1995295275590552
21
-4.6854278740157476
0
LINE
8
BLACK
6
CONTINUOUS
10
6.1995295275590552
20
-4.6854278740157476
11
6.1989566929133852
21
-4.6814960629921263
0
LINE
8
BLACK
6
CONTINUOUS
10
6.1989566929133852
20
-4.6814960629921263
11
6.1989566929133852
21
-4.626377952755905
0
LINE
8
BLACK
6
CONTINUOUS
10
6.1989566929133852
20
-4.626377952755905
11
6.1995295275590552
21
-4.6224461417322837
0
LINE
8
BLACK
6
CONTINUOUS
10
6.1995295275590552
20
-4.6224461417322837
11
6.2015217716535433
21
-4.6183709842519685
0
LINE
8
BLACK
6
CONTINUOUS
10
6.2015217716535433
20
-4.6183709842519685
11
6.2047292519685042
21
-4.6151635039370076
0
LINE
8
BLACK
6
CONTINUOUS
10
6.2047292519685042
20
-4.6151635039370076
11
6.2088044094488186
21
-4.6131712598425194
0
LINE
8
BLACK
6
CONTINUOUS
10
6.2088044094488186
20
-4.6131712598425194
11
6.2127362204724408
21
-4.6125984251968504
0
LINE
8
BLACK
6
CONTINUOUS
10
6.2127362204724408
20
-4.6125984251968504
11
6.224547244094488
21
-4.6125984251968504
0
LINE
8
BLACK
6
CONTINUOUS
10
6.224547244094488
20
-4.6125984251968504
11
6.2284790551181102
21
-4.6131712598425194
0
LINE
8
BLACK
6
CONTINUOUS
10
6.2776916535433074
20
-4.6131712598425194
11
6.2817668110236218
21
-4.6151635039370076
0
LINE
8
BLACK
6
CONTINUOUS
10
6.2817668110236218
20
-4.6151635039370076
11
6.2849742913385827
21
-4.6183709842519685
0
LINE
8
BLACK
6
CONTINUOUS
10
6.2849742913385827
20
-4.6183709842519685
11
6.2869665354330708
21
-4.6224461417322837
0
LINE
8
BLACK
6
CONTINUOUS
10
6.2869665354330708
20
-4.6224461417322837
11
6.2875393700787399
21
-4.626377952755905
0
LINE
8
BLACK
6
CONTINUOUS
10
6.2875393700787399
20
-4.626377952755905
11
6.2875393700787399
21
-4.6814960629921263
0
LINE
8
BLACK
6
CONTINUOUS
10
6.2875393700787399
20
-4.6814960629921263
11
6.2869665354330708
21
-4.6854278740157476
0
LINE
8
BLACK
6
CONTINUOUS
10
6.2869665354330708
20
-4.6854278740157476
11
6.2849742913385827
21
-4.6895030314960628
0
LINE
8
BLACK
6
CONTINUOUS
10
6.2849742913385827
20
-4.6895030314960628
11
6.2817668110236218
21
-4.6927105118110237
0
LINE
8
BLACK
6
CONTINUOUS
10
6.2817668110236218
20
-4.6927105118110237
11
6.2776916535433074
21
-4.6947027559055119
0
LINE
8
BLACK
6
CONTINUOUS
10
6.2776916535433074
20
-4.6947027559055119
11
6.2737598425196852
21
-4.6952755905511809
0
LINE
8
BLACK
6
CONTINUOUS
10
6.2737598425196852
20
-4.6952755905511809
11
6.261948818897638
21
-4.6952755905511809
0
LINE
8
BLACK
6
CONTINUOUS
10
6.261948818897638
20
-4.6952755905511809
11
6.2580170078740158
21
-4.6947027559055119
0
LINE
8
BLACK
6
CONTINUOUS
10
6.2580170078740158
20
-4.6947027559055119
11
6.2539418503937005
21
-4.6927105118110237
0
LINE
8
BLACK
6
CONTINUOUS
10
6.2539418503937005
20
-4.6927105118110237
11
6.2507343700787397
21
-4.6895030314960628
0
LINE
8
BLACK
6
CONTINUOUS
10
6.2507343700787397
20
-4.6895030314960628
11
6.2487421259842515
21
-4.6854278740157476
0
LINE
8
BLACK
6
CONTINUOUS
10
6.2487421259842515
20
-4.6854278740157476
11
6.2481692913385825
21
-4.6814960629921263
0
LINE
8
BLACK
6
CONTINUOUS
10
6.2481692913385825
20
-4.6814960629921263
11
6.2481692913385825
21
-4.626377952755905
0
LINE
8
BLACK
6
CONTINUOUS
10
6.2481692913385825
20
-4.626377952755905
11
6.2487421259842515
21
-4.6224461417322837
0
LINE
8
BLACK
6
CONTINUOUS
10
6.2487421259842515
20
-4.6224461417322837
11
6.2507343700787397
21
-4.6183709842519685
0
LINE
8
BLACK
6
CONTINUOUS
10
6.2507343700787397
20
-4.6183709842519685
11
6.2539418503937005
21
-4.6151635039370076
0
LINE
8
BLACK
6
CONTINUOUS
10
6.2539418503937005
20
-4.6151635039370076
11
6.2580170078740158
21
-4.6131712598425194
0
LINE
8
BLACK
6
CONTINUOUS
10
6.2580170078740158
20
-4.6131712598425194
11
6.261948818897638
21
-4.6125984251968504
0
LINE
8
BLACK
6
CONTINUOUS
10
6.261948818897638
20
-4.6125984251968504
11
6.2737598425196852
21
-4.6125984251968504
0
LINE
8
BLACK
6
CONTINUOUS
10
6.2737598425196852
20
-4.6125984251968504
11
6.2776916535433074
21
-4.6131712598425194
0
LINE
8
BLACK
6
CONTINUOUS
10
6.3269042519685037
20
-4.6131712598425194
11
6.330979409448819
21
-4.6151635039370076
0
LINE
8
BLACK
6
CONTINUOUS
10
6.330979409448819
20
-4.6151635039370076
11
6.334186889763779
21
-4.6183709842519685
0
LINE
8
BLACK
6
CONTINUOUS
10
6.334186889763779
20
-4.6183709842519685
11
6.3361791338582671
21
-4.6224461417322837
0
LINE
8
BLACK
6
CONTINUOUS
10
6.3361791338582671
20
-4.6224461417322837
11
6.3367519685039371
21
-4.626377952755905
0
LINE
8
BLACK
6
CONTINUOUS
10
6.3367519685039371
20
-4.626377952755905
11
6.3367519685039371
21
-4.6814960629921263
0
LINE
8
BLACK
6
CONTINUOUS
10
6.3367519685039371
20
-4.6814960629921263
11
6.3361791338582671
21
-4.6854278740157476
0
LINE
8
BLACK
6
CONTINUOUS
10
6.3361791338582671
20
-4.6854278740157476
11
6.334186889763779
21
-4.6895030314960628
0
LINE
8
BLACK
6
CONTINUOUS
10
6.334186889763779
20
-4.6895030314960628
11
6.330979409448819
21
-4.6927105118110237
0
LINE
8
BLACK
6
CONTINUOUS
10
6.330979409448819
20
-4.6927105118110237
11
6.3269042519685037
21
-4.6947027559055119
0
LINE
8
BLACK
6
CONTINUOUS
10
6.3269042519685037
20
-4.6947027559055119
11
6.3229724409448815
21
-4.6952755905511809
0
LINE
8
BLACK
6
CONTINUOUS
10
6.3229724409448815
20
-4.6952755905511809
11
6.3111614173228343
21
-4.6952755905511809
0
LINE
8
BLACK
6
CONTINUOUS
10
6.3111614173228343
20
-4.6952755905511809
11
6.3072296062992121
21
-4.6947027559055119
0
LINE
8
BLACK
6
CONTINUOUS
10
6.3072296062992121
20
-4.6947027559055119
11
6.3031544488188977
21
-4.6927105118110237
0
LINE
8
BLACK
6
CONTINUOUS
10
6.3031544488188977
20
-4.6927105118110237
11
6.2999469685039369
21
-4.6895030314960628
0
LINE
8
BLACK
6
CONTINUOUS
10
6.2999469685039369
20
-4.6895030314960628
11
6.2979547244094487
21
-4.6854278740157476
0
LINE
8
BLACK
6
CONTINUOUS
10
6.2979547244094487
20
-4.6854278740157476
11
6.2973818897637797
21
-4.6814960629921263
0
LINE
8
BLACK
6
CONTINUOUS
10
6.2973818897637797
20
-4.6814960629921263
11
6.2973818897637797
21
-4.626377952755905
0
LINE
8
BLACK
6
CONTINUOUS
10
6.2973818897637797
20
-4.626377952755905
11
6.2979547244094487
21
-4.6224461417322837
0
LINE
8
BLACK
6
CONTINUOUS
10
6.2979547244094487
20
-4.6224461417322837
11
6.2999469685039369
21
-4.6183709842519685
0
LINE
8
BLACK
6
CONTINUOUS
10
6.2999469685039369
20
-4.6183709842519685
11
6.3031544488188977
21
-4.6151635039370076
0
LINE
8
BLACK
6
CONTINUOUS
10
6.3031544488188977
20
-4.6151635039370076
11
6.3072296062992121
21
-4.6131712598425194
0
LINE
8
BLACK
6
CONTINUOUS
10
6.3072296062992121
20
-4.6131712598425194
11
6.3111614173228343
21
-4.6125984251968504
0
LINE
8
BLACK
6
CONTINUOUS
10
6.3111614173228343
20
-4.6125984251968504
11
6.3229724409448815
21
-4.6125984251968504
0
LINE
8
BLACK
6
CONTINUOUS
10
6.3229724409448815
20
-4.6125984251968504
11
6.3269042519685037
21
-4.6131712598425194
0
LINE
8
BLACK
6
CONTINUOUS
10
5.3332822047244095
20
-4.6113208661417318
11
5.3373573622047239
21
-4.6133131102362199
0
LINE
8
BLACK
6
CONTINUOUS
10
5.3373573622047239
20
-4.6133131102362199
11
5.3405648425196848
21
-4.6165205905511808
0
LINE
8
BLACK
6
CONTINUOUS
10
5.3405648425196848
20
-4.6165205905511808
11
5.3425570866141729
21
-4.6205957480314961
0
LINE
8
BLACK
6
CONTINUOUS
10
5.3425570866141729
20
-4.6205957480314961
11
5.343129921259842
21
-4.6245275590551183
0
LINE
8
BLACK
6
CONTINUOUS
10
5.343129921259842
20
-4.6245275590551183
11
5.343129921259842
21
-4.6796456692913386
0
LINE
8
BLACK
6
CONTINUOUS
10
5.343129921259842
20
-4.6796456692913386
11
5.3425570866141729
21
-4.6835774803149608
0
LINE
8
BLACK
6
CONTINUOUS
10
5.3425570866141729
20
-4.6835774803149608
11
5.3405648425196848
21
-4.6876526377952752
0
LINE
8
BLACK
6
CONTINUOUS
10
5.3405648425196848
20
-4.6876526377952752
11
5.3373573622047239
21
-4.6908601181102361
0
LINE
8
BLACK
6
CONTINUOUS
10
5.3373573622047239
20
-4.6908601181102361
11
5.3332822047244095
21
-4.6928523622047242
0
LINE
8
BLACK
6
CONTINUOUS
10
5.3332822047244095
20
-4.6928523622047242
11
5.3293503937007873
21
-4.6934251968503933
0
LINE
8
BLACK
6
CONTINUOUS
10
5.3293503937007873
20
-4.6934251968503933
11
5.3175393700787401
21
-4.6934251968503933
0
LINE
8
BLACK
6
CONTINUOUS
10
5.3175393700787401
20
-4.6934251968503933
11
5.3136075590551179
21
-4.6928523622047242
0
LINE
8
BLACK
6
CONTINUOUS
10
5.3136075590551179
20
-4.6928523622047242
11
5.3095324015748027
21
-4.6908601181102361
0
LINE
8
BLACK
6
CONTINUOUS
10
5.3095324015748027
20
-4.6908601181102361
11
5.3063249212598427
21
-4.6876526377952752
0
LINE
8
BLACK
6
CONTINUOUS
10
5.3063249212598427
20
-4.6876526377952752
11
5.3043326771653545
21
-4.6835774803149608
0
LINE
8
BLACK
6
CONTINUOUS
10
5.3043326771653545
20
-4.6835774803149608
11
5.3037598425196846
21
-4.6796456692913386
0
LINE
8
BLACK
6
CONTINUOUS
10
5.3037598425196846
20
-4.6796456692913386
11
5.3037598425196846
21
-4.6245275590551183
0
LINE
8
BLACK
6
CONTINUOUS
10
5.3037598425196846
20
-4.6245275590551183
11
5.3043326771653545
21
-4.6205957480314961
0
LINE
8
BLACK
6
CONTINUOUS
10
5.3043326771653545
20
-4.6205957480314961
11
5.3063249212598427
21
-4.6165205905511808
0
LINE
8
BLACK
6
CONTINUOUS
10
5.3063249212598427
20
-4.6165205905511808
11
5.3095324015748027
21
-4.6133131102362199
0
LINE
8
BLACK
6
CONTINUOUS
10
5.3095324015748027
20
-4.6133131102362199
11
5.3136075590551179
21
-4.6113208661417318
0
LINE
8
BLACK
6
CONTINUOUS
10
5.3136075590551179
20
-4.6113208661417318
11
5.3175393700787401
21
-4.6107480314960627
0
LINE
8
BLACK
6
CONTINUOUS
10
5.3175393700787401
20
-4.6107480314960627
11
5.3293503937007873
21
-4.6107480314960627
0
LINE
8
BLACK
6
CONTINUOUS
10
5.3293503937007873
20
-4.6107480314960627
11
5.3332822047244095
21
-4.6113208661417318
0
LINE
8
BLACK
6
CONTINUOUS
10
5.3824948031496058
20
-4.6113208661417318
11
5.3865699606299211
21
-4.6133131102362199
0
LINE
8
BLACK
6
CONTINUOUS
10
5.3865699606299211
20
-4.6133131102362199
11
5.389777440944882
21
-4.6165205905511808
0
LINE
8
BLACK
6
CONTINUOUS
10
5.389777440944882
20
-4.6165205905511808
11
5.3917696850393702
21
-4.6205957480314961
0
LINE
8
BLACK
6
CONTINUOUS
10
5.3917696850393702
20
-4.6205957480314961
11
5.3923425196850392
21
-4.6245275590551183
0
LINE
8
BLACK
6
CONTINUOUS
10
5.3923425196850392
20
-4.6245275590551183
11
5.3923425196850392
21
-4.6796456692913386
0
LINE
8
BLACK
6
CONTINUOUS
10
5.3923425196850392
20
-4.6796456692913386
11
5.3917696850393702
21
-4.6835774803149608
0
LINE
8
BLACK
6
CONTINUOUS
10
5.3917696850393702
20
-4.6835774803149608
11
5.389777440944882
21
-4.6876526377952752
0
LINE
8
BLACK
6
CONTINUOUS
10
5.389777440944882
20
-4.6876526377952752
11
5.3865699606299211
21
-4.6908601181102361
0
LINE
8
BLACK
6
CONTINUOUS
10
5.3865699606299211
20
-4.6908601181102361
11
5.3824948031496058
21
-4.6928523622047242
0
LINE
8
BLACK
6
CONTINUOUS
10
5.3824948031496058
20
-4.6928523622047242
11
5.3785629921259845
21
-4.6934251968503933
0
LINE
8
BLACK
6
CONTINUOUS
10
5.3785629921259845
20
-4.6934251968503933
11
5.3667519685039373
21
-4.6934251968503933
0
LINE
8
BLACK
6
CONTINUOUS
10
5.3667519685039373
20
-4.6934251968503933
11
5.3628201574803152
21
-4.6928523622047242
0
LINE
8
BLACK
6
CONTINUOUS
10
5.3628201574803152
20
-4.6928523622047242
11
5.3587449999999999
21
-4.6908601181102361
0
LINE
8
BLACK
6
CONTINUOUS
10
5.3587449999999999
20
-4.6908601181102361
11
5.355537519685039
21
-4.6876526377952752
0
LINE
8
BLACK
6
CONTINUOUS
10
5.355537519685039
20
-4.6876526377952752
11
5.3535452755905508
21
-4.6835774803149608
0
LINE
8
BLACK
6
CONTINUOUS
10
5.3535452755905508
20
-4.6835774803149608
11
5.3529724409448818
21
-4.6796456692913386
0
LINE
8
BLACK
6
CONTINUOUS
10
5.3529724409448818
20
-4.6796456692913386
11
5.3529724409448818
21
-4.6245275590551183
0
LINE
8
BLACK
6
CONTINUOUS
10
5.3529724409448818
20
-4.6245275590551183
11
5.3535452755905508
21
-4.6205957480314961
0
LINE
8
BLACK
6
CONTINUOUS
10
5.3535452755905508
20
-4.6205957480314961
11
5.355537519685039
21
-4.6165205905511808
0
LINE
8
BLACK
6
CONTINUOUS
10
5.355537519685039
20
-4.6165205905511808
11
5.3587449999999999
21
-4.6133131102362199
0
LINE
8
BLACK
6
CONTINUOUS
10
5.3587449999999999
20
-4.6133131102362199
11
5.3628201574803152
21
-4.6113208661417318
0
LINE
8
BLACK
6
CONTINUOUS
10
5.3628201574803152
20
-4.6113208661417318
11
5.3667519685039373
21
-4.6107480314960627
0
LINE
8
BLACK
6
CONTINUOUS
10
5.3667519685039373
20
-4.6107480314960627
11
5.3785629921259845
21
-4.6107480314960627
0
LINE
8
BLACK
6
CONTINUOUS
10
5.3785629921259845
20
-4.6107480314960627
11
5.3824948031496058
21
-4.6113208661417318
0
LINE
8
BLACK
6
CONTINUOUS
10
5.431707401574803
20
-4.6113208661417318
11
5.4357825590551183
21
-4.6133131102362199
0
LINE
8
BLACK
6
CONTINUOUS
10
5.4357825590551183
20
-4.6133131102362199
11
5.4389900393700783
21
-4.6165205905511808
0
LINE
8
BLACK
6
CONTINUOUS
10
5.4389900393700783
20
-4.6165205905511808
11
5.4409822834645665
21
-4.6205957480314961
0
LINE
8
BLACK
6
CONTINUOUS
10
5.4409822834645665
20
-4.6205957480314961
11
5.4415551181102364
21
-4.6245275590551183
0
LINE
8
BLACK
6
CONTINUOUS
10
5.4415551181102364
20
-4.6245275590551183
11
5.4415551181102364
21
-4.6796456692913386
0
LINE
8
BLACK
6
CONTINUOUS
10
5.4415551181102364
20
-4.6796456692913386
11
5.4409822834645665
21
-4.6835774803149608
0
LINE
8
BLACK
6
CONTINUOUS
10
5.4409822834645665
20
-4.6835774803149608
11
5.4389900393700783
21
-4.6876526377952752
0
LINE
8
BLACK
6
CONTINUOUS
10
5.4389900393700783
20
-4.6876526377952752
11
5.4357825590551183
21
-4.6908601181102361
0
LINE
8
BLACK
6
CONTINUOUS
10
5.4357825590551183
20
-4.6908601181102361
11
5.431707401574803
21
-4.6928523622047242
0
LINE
8
BLACK
6
CONTINUOUS
10
5.431707401574803
20
-4.6928523622047242
11
5.4277755905511809
21
-4.6934251968503933
0
LINE
8
BLACK
6
CONTINUOUS
10
5.4277755905511809
20
-4.6934251968503933
11
5.4159645669291336
21
-4.6934251968503933
0
LINE
8
BLACK
6
CONTINUOUS
10
5.4159645669291336
20
-4.6934251968503933
11
5.4120327559055115
21
-4.6928523622047242
0
LINE
8
BLACK
6
CONTINUOUS
10
5.4120327559055115
20
-4.6928523622047242
11
5.4079575984251971
21
-4.6908601181102361
0
LINE
8
BLACK
6
CONTINUOUS
10
5.4079575984251971
20
-4.6908601181102361
11
5.4047501181102362
21
-4.6876526377952752
0
LINE
8
BLACK
6
CONTINUOUS
10
5.4047501181102362
20
-4.6876526377952752
11
5.402757874015748
21
-4.6835774803149608
0
LINE
8
BLACK
6
CONTINUOUS
10
5.402757874015748
20
-4.6835774803149608
11
5.402185039370079
21
-4.6796456692913386
0
LINE
8
BLACK
6
CONTINUOUS
10
5.402185039370079
20
-4.6796456692913386
11
5.402185039370079
21
-4.6245275590551183
0
LINE
8
BLACK
6
CONTINUOUS
10
5.402185039370079
20
-4.6245275590551183
11
5.402757874015748
21
-4.6205957480314961
0
LINE
8
BLACK
6
CONTINUOUS
10
5.402757874015748
20
-4.6205957480314961
11
5.4047501181102362
21
-4.6165205905511808
0
LINE
8
BLACK
6
CONTINUOUS
10
5.4047501181102362
20
-4.6165205905511808
11
5.4079575984251971
21
-4.6133131102362199
0
LINE
8
BLACK
6
CONTINUOUS
10
5.4079575984251971
20
-4.6133131102362199
11
5.4120327559055115
21
-4.6113208661417318
0
LINE
8
BLACK
6
CONTINUOUS
10
5.4120327559055115
20
-4.6113208661417318
11
5.4159645669291336
21
-4.6107480314960627
0
LINE
8
BLACK
6
CONTINUOUS
10
5.4159645669291336
20
-4.6107480314960627
11
5.4277755905511809
21
-4.6107480314960627
0
LINE
8
BLACK
6
CONTINUOUS
10
5.4277755905511809
20
-4.6107480314960627
11
5.431707401574803
21
-4.6113208661417318
0
LINE
8
BLACK
6
CONTINUOUS
10
5.4809200000000002
20
-4.6113208661417318
11
5.4849951574803146
21
-4.6133131102362199
0
LINE
8
BLACK
6
CONTINUOUS
10
5.4849951574803146
20
-4.6133131102362199
11
5.4882026377952755
21
-4.6165205905511808
0
LINE
8
BLACK
6
CONTINUOUS
10
5.4882026377952755
20
-4.6165205905511808
11
5.4901948818897637
21
-4.6205957480314961
0
LINE
8
BLACK
6
CONTINUOUS
10
5.4901948818897637
20
-4.6205957480314961
11
5.4907677165354327
21
-4.6245275590551183
0
LINE
8
BLACK
6
CONTINUOUS
10
5.4907677165354327
20
-4.6245275590551183
11
5.4907677165354327
21
-4.6796456692913386
0
LINE
8
BLACK
6
CONTINUOUS
10
5.4907677165354327
20
-4.6796456692913386
11
5.4901948818897637
21
-4.6835774803149608
0
LINE
8
BLACK
6
CONTINUOUS
10
5.4901948818897637
20
-4.6835774803149608
11
5.4882026377952755
21
-4.6876526377952752
0
LINE
8
BLACK
6
CONTINUOUS
10
5.4882026377952755
20
-4.6876526377952752
11
5.4849951574803146
21
-4.6908601181102361
0
LINE
8
BLACK
6
CONTINUOUS
10
5.4849951574803146
20
-4.6908601181102361
11
5.4809200000000002
21
-4.6928523622047242
0
LINE
8
BLACK
6
CONTINUOUS
10
5.4809200000000002
20
-4.6928523622047242
11
5.4769881889763781
21
-4.6934251968503933
0
LINE
8
BLACK
6
CONTINUOUS
10
5.4769881889763781
20
-4.6934251968503933
11
5.4651771653543308
21
-4.6934251968503933
0
LINE
8
BLACK
6
CONTINUOUS
10
5.4651771653543308
20
-4.6934251968503933
11
5.4612453543307087
21
-4.6928523622047242
0
LINE
8
BLACK
6
CONTINUOUS
10
5.4612453543307087
20
-4.6928523622047242
11
5.4571701968503934
21
-4.6908601181102361
0
LINE
8
BLACK
6
CONTINUOUS
10
5.4571701968503934
20
-4.6908601181102361
11
5.4539627165354325
21
-4.6876526377952752
0
LINE
8
BLACK
6
CONTINUOUS
10
5.4539627165354325
20
-4.6876526377952752
11
5.4519704724409443
21
-4.6835774803149608
0
LINE
8
BLACK
6
CONTINUOUS
10
5.4519704724409443
20
-4.6835774803149608
11
5.4513976377952753
21
-4.6796456692913386
0
LINE
8
BLACK
6
CONTINUOUS
10
5.4513976377952753
20
-4.6796456692913386
11
5.4513976377952753
21
-4.6245275590551183
0
LINE
8
BLACK
6
CONTINUOUS
10
5.4513976377952753
20
-4.6245275590551183
11
5.4519704724409443
21
-4.6205957480314961
0
LINE
8
BLACK
6
CONTINUOUS
10
5.4519704724409443
20
-4.6205957480314961
11
5.4539627165354325
21
-4.6165205905511808
0
LINE
8
BLACK
6
CONTINUOUS
10
5.4539627165354325
20
-4.6165205905511808
11
5.4571701968503934
21
-4.6133131102362199
0
LINE
8
BLACK
6
CONTINUOUS
10
5.4571701968503934
20
-4.6133131102362199
11
5.4612453543307087
21
-4.6113208661417318
0
LINE
8
BLACK
6
CONTINUOUS
10
5.4612453543307087
20
-4.6113208661417318
11
5.4651771653543308
21
-4.6107480314960627
0
LINE
8
BLACK
6
CONTINUOUS
10
5.4651771653543308
20
-4.6107480314960627
11
5.4769881889763781
21
-4.6107480314960627
0
LINE
8
BLACK
6
CONTINUOUS
10
5.4769881889763781
20
-4.6107480314960627
11
5.4809200000000002
21
-4.6113208661417318
0
LINE
8
BLACK
6
CONTINUOUS
10
5.5301325984251966
20
-4.6113208661417318
11
5.5342077559055118
21
-4.6133131102362199
0
LINE
8
BLACK
6
CONTINUOUS
10
5.5342077559055118
20
-4.6133131102362199
11
5.5374152362204727
21
-4.6165205905511808
0
LINE
8
BLACK
6
CONTINUOUS
10
5.5374152362204727
20
-4.6165205905511808
11
5.5394074803149609
21
-4.6205957480314961
0
LINE
8
BLACK
6
CONTINUOUS
10
5.5394074803149609
20
-4.6205957480314961
11
5.5399803149606299
21
-4.6245275590551183
0
LINE
8
BLACK
6
CONTINUOUS
10
5.5399803149606299
20
-4.6245275590551183
11
5.5399803149606299
21
-4.6796456692913386
0
LINE
8
BLACK
6
CONTINUOUS
10
5.5399803149606299
20
-4.6796456692913386
11
5.5394074803149609
21
-4.6835774803149608
0
LINE
8
BLACK
6
CONTINUOUS
10
5.5394074803149609
20
-4.6835774803149608
11
5.5374152362204727
21
-4.6876526377952752
0
LINE
8
BLACK
6
CONTINUOUS
10
5.5374152362204727
20
-4.6876526377952752
11
5.5342077559055118
21
-4.6908601181102361
0
LINE
8
BLACK
6
CONTINUOUS
10
5.5342077559055118
20
-4.6908601181102361
11
5.5301325984251966
21
-4.6928523622047242
0
LINE
8
BLACK
6
CONTINUOUS
10
5.5301325984251966
20
-4.6928523622047242
11
5.5262007874015744
21
-4.6934251968503933
0
LINE
8
BLACK
6
CONTINUOUS
10
5.5262007874015744
20
-4.6934251968503933
11
5.5143897637795272
21
-4.6934251968503933
0
LINE
8
BLACK
6
CONTINUOUS
10
5.5143897637795272
20
-4.6934251968503933
11
5.510457952755905
21
-4.6928523622047242
0
LINE
8
BLACK
6
CONTINUOUS
10
5.510457952755905
20
-4.6928523622047242
11
5.5063827952755906
21
-4.6908601181102361
0
LINE
8
BLACK
6
CONTINUOUS
10
5.5063827952755906
20
-4.6908601181102361
11
5.5031753149606297
21
-4.6876526377952752
0
LINE
8
BLACK
6
CONTINUOUS
10
5.5031753149606297
20
-4.6876526377952752
11
5.5011830708661416
21
-4.6835774803149608
0
LINE
8
BLACK
6
CONTINUOUS
10
5.5011830708661416
20
-4.6835774803149608
11
5.5006102362204725
21
-4.6796456692913386
0
LINE
8
BLACK
6
CONTINUOUS
10
5.5006102362204725
20
-4.6796456692913386
11
5.5006102362204725
21
-4.6245275590551183
0
LINE
8
BLACK
6
CONTINUOUS
10
5.5006102362204725
20
-4.6245275590551183
11
5.5011830708661416
21
-4.6205957480314961
0
LINE
8
BLACK
6
CONTINUOUS
10
5.5011830708661416
20
-4.6205957480314961
11
5.5031753149606297
21
-4.6165205905511808
0
LINE
8
BLACK
6
CONTINUOUS
10
5.5031753149606297
20
-4.6165205905511808
11
5.5063827952755906
21
-4.6133131102362199
0
LINE
8
BLACK
6
CONTINUOUS
10
5.5063827952755906
20
-4.6133131102362199
11
5.510457952755905
21
-4.6113208661417318
0
LINE
8
BLACK
6
CONTINUOUS
10
5.510457952755905
20
-4.6113208661417318
11
5.5143897637795272
21
-4.6107480314960627
0
LINE
8
BLACK
6
CONTINUOUS
10
5.5143897637795272
20
-4.6107480314960627
11
5.5262007874015744
21
-4.6107480314960627
0
LINE
8
BLACK
6
CONTINUOUS
10
5.5262007874015744
20
-4.6107480314960627
11
5.5301325984251966
21
-4.6113208661417318
0
LINE
8
BLACK
6
CONTINUOUS
10
5.5793451968503938
20
-4.6113208661417318
11
5.5834203543307082
21
-4.6133131102362199
0
LINE
8
BLACK
6
CONTINUOUS
10
5.5834203543307082
20
-4.6133131102362199
11
5.586627834645669
21
-4.6165205905511808
0
LINE
8
BLACK
6
CONTINUOUS
10
5.586627834645669
20
-4.6165205905511808
11
5.5886200787401572
21
-4.6205957480314961
0
LINE
8
BLACK
6
CONTINUOUS
10
5.5886200787401572
20
-4.6205957480314961
11
5.5891929133858262
21
-4.6245275590551183
0
LINE
8
BLACK
6
CONTINUOUS
10
5.5891929133858262
20
-4.6245275590551183
11
5.5891929133858262
21
-4.6796456692913386
0
LINE
8
BLACK
6
CONTINUOUS
10
5.5891929133858262
20
-4.6796456692913386
11
5.5886200787401572
21
-4.6835774803149608
0
LINE
8
BLACK
6
CONTINUOUS
10
5.5886200787401572
20
-4.6835774803149608
11
5.586627834645669
21
-4.6876526377952752
0
LINE
8
BLACK
6
CONTINUOUS
10
5.586627834645669
20
-4.6876526377952752
11
5.5834203543307082
21
-4.6908601181102361
0
LINE
8
BLACK
6
CONTINUOUS
10
5.5834203543307082
20
-4.6908601181102361
11
5.5793451968503938
21
-4.6928523622047242
0
LINE
8
BLACK
6
CONTINUOUS
10
5.5793451968503938
20
-4.6928523622047242
11
5.5754133858267716
21
-4.6934251968503933
0
LINE
8
BLACK
6
CONTINUOUS
10
5.5754133858267716
20
-4.6934251968503933
11
5.5636023622047244
21
-4.6934251968503933
0
LINE
8
BLACK
6
CONTINUOUS
10
5.5636023622047244
20
-4.6934251968503933
11
5.5596705511811022
21
-4.6928523622047242
0
LINE
8
BLACK
6
CONTINUOUS
10
5.5596705511811022
20
-4.6928523622047242
11
5.5555953937007869
21
-4.6908601181102361
0
LINE
8
BLACK
6
CONTINUOUS
10
5.5555953937007869
20
-4.6908601181102361
11
5.5523879133858269
21
-4.6876526377952752
0
LINE
8
BLACK
6
CONTINUOUS
10
5.5523879133858269
20
-4.6876526377952752
11
5.5503956692913388
21
-4.6835774803149608
0
LINE
8
BLACK
6
CONTINUOUS
10
5.5503956692913388
20
-4.6835774803149608
11
5.5498228346456688
21
-4.6796456692913386
0
LINE
8
BLACK
6
CONTINUOUS
10
5.5498228346456688
20
-4.6796456692913386
11
5.5498228346456688
21
-4.6245275590551183
0
LINE
8
BLACK
6
CONTINUOUS
10
5.5498228346456688
20
-4.6245275590551183
11
5.5503956692913388
21
-4.6205957480314961
0
LINE
8
BLACK
6
CONTINUOUS
10
5.5503956692913388
20
-4.6205957480314961
11
5.5523879133858269
21
-4.6165205905511808
0
LINE
8
BLACK
6
CONTINUOUS
10
5.5523879133858269
20
-4.6165205905511808
11
5.5555953937007869
21
-4.6133131102362199
0
LINE
8
BLACK
6
CONTINUOUS
10
5.5555953937007869
20
-4.6133131102362199
11
5.5596705511811022
21
-4.6113208661417318
0
LINE
8
BLACK
6
CONTINUOUS
10
5.5596705511811022
20
-4.6113208661417318
11
5.5636023622047244
21
-4.6107480314960627
0
LINE
8
BLACK
6
CONTINUOUS
10
5.5636023622047244
20
-4.6107480314960627
11
5.5754133858267716
21
-4.6107480314960627
0
LINE
8
BLACK
6
CONTINUOUS
10
5.5754133858267716
20
-4.6107480314960627
11
5.5793451968503938
21
-4.6113208661417318
0
LINE
8
BLACK
6
CONTINUOUS
10
5.6285577952755901
20
-4.6113208661417318
11
5.6326329527559054
21
-4.6133131102362199
0
LINE
8
BLACK
6
CONTINUOUS
10
5.6326329527559054
20
-4.6133131102362199
11
5.6358404330708662
21
-4.6165205905511808
0
LINE
8
BLACK
6
CONTINUOUS
10
5.6358404330708662
20
-4.6165205905511808
11
5.6378326771653544
21
-4.6205957480314961
0
LINE
8
BLACK
6
CONTINUOUS
10
5.6378326771653544
20
-4.6205957480314961
11
5.6384055118110235
21
-4.6245275590551183
0
LINE
8
BLACK
6
CONTINUOUS
10
5.6384055118110235
20
-4.6245275590551183
11
5.6384055118110235
21
-4.6796456692913386
0
LINE
8
BLACK
6
CONTINUOUS
10
5.6384055118110235
20
-4.6796456692913386
11
5.6378326771653544
21
-4.6835774803149608
0
LINE
8
BLACK
6
CONTINUOUS
10
5.6378326771653544
20
-4.6835774803149608
11
5.6358404330708662
21
-4.6876526377952752
0
LINE
8
BLACK
6
CONTINUOUS
10
5.6358404330708662
20
-4.6876526377952752
11
5.6326329527559054
21
-4.6908601181102361
0
LINE
8
BLACK
6
CONTINUOUS
10
5.6326329527559054
20
-4.6908601181102361
11
5.6285577952755901
21
-4.6928523622047242
0
LINE
8
BLACK
6
CONTINUOUS
10
5.6285577952755901
20
-4.6928523622047242
11
5.6246259842519688
21
-4.6934251968503933
0
LINE
8
BLACK
6
CONTINUOUS
10
5.6246259842519688
20
-4.6934251968503933
11
5.6128149606299207
21
-4.6934251968503933
0
LINE
8
BLACK
6
CONTINUOUS
10
5.6128149606299207
20
-4.6934251968503933
11
5.6088831496062994
21
-4.6928523622047242
0
LINE
8
BLACK
6
CONTINUOUS
10
5.6088831496062994
20
-4.6928523622047242
11
5.6048079921259841
21
-4.6908601181102361
0
LINE
8
BLACK
6
CONTINUOUS
10
5.6048079921259841
20
-4.6908601181102361
11
5.6016005118110233
21
-4.6876526377952752
0
LINE
8
BLACK
6
CONTINUOUS
10
5.6016005118110233
20
-4.6876526377952752
11
5.5996082677165351
21
-4.6835774803149608
0
LINE
8
BLACK
6
CONTINUOUS
10
5.5996082677165351
20
-4.6835774803149608
11
5.599035433070866
21
-4.6796456692913386
0
LINE
8
BLACK
6
CONTINUOUS
10
5.599035433070866
20
-4.6796456692913386
11
5.599035433070866
21
-4.6245275590551183
0
LINE
8
BLACK
6
CONTINUOUS
10
5.599035433070866
20
-4.6245275590551183
11
5.5996082677165351
21
-4.6205957480314961
0
LINE
8
BLACK
6
CONTINUOUS
10
5.5996082677165351
20
-4.6205957480314961
11
5.6016005118110233
21
-4.6165205905511808
0
LINE
8
BLACK
6
CONTINUOUS
10
5.6016005118110233
20
-4.6165205905511808
11
5.6048079921259841
21
-4.6133131102362199
0
LINE
8
BLACK
6
CONTINUOUS
10
5.6048079921259841
20
-4.6133131102362199
11
5.6088831496062994
21
-4.6113208661417318
0
LINE
8
BLACK
6
CONTINUOUS
10
5.6088831496062994
20
-4.6113208661417318
11
5.6128149606299207
21
-4.6107480314960627
0
LINE
8
BLACK
6
CONTINUOUS
10
5.6128149606299207
20
-4.6107480314960627
11
5.6246259842519688
21
-4.6107480314960627
0
LINE
8
BLACK
6
CONTINUOUS
10
5.6246259842519688
20
-4.6107480314960627
11
5.6285577952755901
21
-4.6113208661417318
0
LINE
8
BLACK
6
CONTINUOUS
10
5.6777703937007873
20
-4.6113208661417318
11
5.6818455511811026
21
-4.6133131102362199
0
LINE
8
BLACK
6
CONTINUOUS
10
5.6818455511811026
20
-4.6133131102362199
11
5.6850530314960626
21
-4.6165205905511808
0
LINE
8
BLACK
6
CONTINUOUS
10
5.6850530314960626
20
-4.6165205905511808
11
5.6870452755905507
21
-4.6205957480314961
0
LINE
8
BLACK
6
CONTINUOUS
10
5.6870452755905507
20
-4.6205957480314961
11
5.6876181102362207
21
-4.6245275590551183
0
LINE
8
BLACK
6
CONTINUOUS
10
5.6876181102362207
20
-4.6245275590551183
11
5.6876181102362207
21
-4.6796456692913386
0
LINE
8
BLACK
6
CONTINUOUS
10
5.6876181102362207
20
-4.6796456692913386
11
5.6870452755905507
21
-4.6835774803149608
0
LINE
8
BLACK
6
CONTINUOUS
10
5.6870452755905507
20
-4.6835774803149608
11
5.6850530314960626
21
-4.6876526377952752
0
LINE
8
BLACK
6
CONTINUOUS
10
5.6850530314960626
20
-4.6876526377952752
11
5.6818455511811026
21
-4.6908601181102361
0
LINE
8
BLACK
6
CONTINUOUS
10
5.6818455511811026
20
-4.6908601181102361
11
5.6777703937007873
21
-4.6928523622047242
0
LINE
8
BLACK
6
CONTINUOUS
10
5.6777703937007873
20
-4.6928523622047242
11
5.6738385826771651
21
-4.6934251968503933
0
LINE
8
BLACK
6
CONTINUOUS
10
5.6738385826771651
20
-4.6934251968503933
11
5.6620275590551179
21
-4.6934251968503933
0
LINE
8
BLACK
6
CONTINUOUS
10
5.6620275590551179
20
-4.6934251968503933
11
5.6580957480314957
21
-4.6928523622047242
0
LINE
8
BLACK
6
CONTINUOUS
10
5.6580957480314957
20
-4.6928523622047242
11
5.6540205905511813
21
-4.6908601181102361
0
LINE
8
BLACK
6
CONTINUOUS
10
5.6540205905511813
20
-4.6908601181102361
11
5.6508131102362205
21
-4.6876526377952752
0
LINE
8
BLACK
6
CONTINUOUS
10
5.6508131102362205
20
-4.6876526377952752
11
5.6488208661417323
21
-4.6835774803149608
0
LINE
8
BLACK
6
CONTINUOUS
10
5.6488208661417323
20
-4.6835774803149608
11
5.6482480314960632
21
-4.6796456692913386
0
LINE
8
BLACK
6
CONTINUOUS
10
5.6482480314960632
20
-4.6796456692913386
11
5.6482480314960632
21
-4.6245275590551183
0
LINE
8
BLACK
6
CONTINUOUS
10
5.6482480314960632
20
-4.6245275590551183
11
5.6488208661417323
21
-4.6205957480314961
0
LINE
8
BLACK
6
CONTINUOUS
10
5.6488208661417323
20
-4.6205957480314961
11
5.6508131102362205
21
-4.6165205905511808
0
LINE
8
BLACK
6
CONTINUOUS
10
5.6508131102362205
20
-4.6165205905511808
11
5.6540205905511813
21
-4.6133131102362199
0
LINE
8
BLACK
6
CONTINUOUS
10
5.6540205905511813
20
-4.6133131102362199
11
5.6580957480314957
21
-4.6113208661417318
0
LINE
8
BLACK
6
CONTINUOUS
10
5.6580957480314957
20
-4.6113208661417318
11
5.6620275590551179
21
-4.6107480314960627
0
LINE
8
BLACK
6
CONTINUOUS
10
5.6620275590551179
20
-4.6107480314960627
11
5.6738385826771651
21
-4.6107480314960627
0
LINE
8
BLACK
6
CONTINUOUS
10
5.6738385826771651
20
-4.6107480314960627
11
5.6777703937007873
21
-4.6113208661417318
0
LINE
8
BLACK
6
CONTINUOUS
10
5.7269829921259845
20
-4.6113208661417318
11
5.7310581496062989
21
-4.6133131102362199
0
LINE
8
BLACK
6
CONTINUOUS
10
5.7310581496062989
20
-4.6133131102362199
11
5.7342656299212598
21
-4.6165205905511808
0
LINE
8
BLACK
6
CONTINUOUS
10
5.7342656299212598
20
-4.6165205905511808
11
5.7362578740157479
21
-4.6205957480314961
0
LINE
8
BLACK
6
CONTINUOUS
10
5.7362578740157479
20
-4.6205957480314961
11
5.736830708661417
21
-4.6245275590551183
0
LINE
8
BLACK
6
CONTINUOUS
10
5.736830708661417
20
-4.6245275590551183
11
5.736830708661417
21
-4.6796456692913386
0
LINE
8
BLACK
6
CONTINUOUS
10
5.736830708661417
20
-4.6796456692913386
11
5.7362578740157479
21
-4.6835774803149608
0
LINE
8
BLACK
6
CONTINUOUS
10
5.7362578740157479
20
-4.6835774803149608
11
5.7342656299212598
21
-4.6876526377952752
0
LINE
8
BLACK
6
CONTINUOUS
10
5.7342656299212598
20
-4.6876526377952752
11
5.7310581496062989
21
-4.6908601181102361
0
LINE
8
BLACK
6
CONTINUOUS
10
5.7310581496062989
20
-4.6908601181102361
11
5.7269829921259845
21
-4.6928523622047242
0
LINE
8
BLACK
6
CONTINUOUS
10
5.7269829921259845
20
-4.6928523622047242
11
5.7230511811023623
21
-4.6934251968503933
0
LINE
8
BLACK
6
CONTINUOUS
10
5.7230511811023623
20
-4.6934251968503933
11
5.7112401574803151
21
-4.6934251968503933
0
LINE
8
BLACK
6
CONTINUOUS
10
5.7112401574803151
20
-4.6934251968503933
11
5.7073083464566929
21
-4.6928523622047242
0
LINE
8
BLACK
6
CONTINUOUS
10
5.7073083464566929
20
-4.6928523622047242
11
5.7032331889763777
21
-4.6908601181102361
0
LINE
8
BLACK
6
CONTINUOUS
10
5.7032331889763777
20
-4.6908601181102361
11
5.7000257086614168
21
-4.6876526377952752
0
LINE
8
BLACK
6
CONTINUOUS
10
5.7000257086614168
20
-4.6876526377952752
11
5.6980334645669286
21
-4.6835774803149608
0
LINE
8
BLACK
6
CONTINUOUS
10
5.6980334645669286
20
-4.6835774803149608
11
5.6974606299212596
21
-4.6796456692913386
0
LINE
8
BLACK
6
CONTINUOUS
10
5.6974606299212596
20
-4.6796456692913386
11
5.6974606299212596
21
-4.6245275590551183
0
LINE
8
BLACK
6
CONTINUOUS
10
5.6974606299212596
20
-4.6245275590551183
11
5.6980334645669286
21
-4.6205957480314961
0
LINE
8
BLACK
6
CONTINUOUS
10
5.6980334645669286
20
-4.6205957480314961
11
5.7000257086614168
21
-4.6165205905511808
0
LINE
8
BLACK
6
CONTINUOUS
10
5.7000257086614168
20
-4.6165205905511808
11
5.7032331889763777
21
-4.6133131102362199
0
LINE
8
BLACK
6
CONTINUOUS
10
5.7032331889763777
20
-4.6133131102362199
11
5.7073083464566929
21
-4.6113208661417318
0
LINE
8
BLACK
6
CONTINUOUS
10
5.7073083464566929
20
-4.6113208661417318
11
5.7112401574803151
21
-4.6107480314960627
0
LINE
8
BLACK
6
CONTINUOUS
10
5.7112401574803151
20
-4.6107480314960627
11
5.7230511811023623
21
-4.6107480314960627
0
LINE
8
BLACK
6
CONTINUOUS
10
5.7230511811023623
20
-4.6107480314960627
11
5.7269829921259845
21
-4.6113208661417318
0
LINE
8
BLACK
6
CONTINUOUS
10
5.7761955905511808
20
-4.6113208661417318
11
5.7802707480314961
21
-4.6133131102362199
0
LINE
8
BLACK
6
CONTINUOUS
10
5.7802707480314961
20
-4.6133131102362199
11
5.783478228346457
21
-4.6165205905511808
0
LINE
8
BLACK
6
CONTINUOUS
10
5.783478228346457
20
-4.6165205905511808
11
5.7854704724409451
21
-4.6205957480314961
0
LINE
8
BLACK
6
CONTINUOUS
10
5.7854704724409451
20
-4.6205957480314961
11
5.7860433070866142
21
-4.6245275590551183
0
LINE
8
BLACK
6
CONTINUOUS
10
5.7860433070866142
20
-4.6245275590551183
11
5.7860433070866142
21
-4.6796456692913386
0
LINE
8
BLACK
6
CONTINUOUS
10
5.7860433070866142
20
-4.6796456692913386
11
5.7854704724409451
21
-4.6835774803149608
0
LINE
8
BLACK
6
CONTINUOUS
10
5.7854704724409451
20
-4.6835774803149608
11
5.783478228346457
21
-4.6876526377952752
0
LINE
8
BLACK
6
CONTINUOUS
10
5.783478228346457
20
-4.6876526377952752
11
5.7802707480314961
21
-4.6908601181102361
0
LINE
8
BLACK
6
CONTINUOUS
10
5.7802707480314961
20
-4.6908601181102361
11
5.7761955905511808
21
-4.6928523622047242
0
LINE
8
BLACK
6
CONTINUOUS
10
5.7761955905511808
20
-4.6928523622047242
11
5.7722637795275586
21
-4.6934251968503933
0
LINE
8
BLACK
6
CONTINUOUS
10
5.7722637795275586
20
-4.6934251968503933
11
5.7604527559055114
21
-4.6934251968503933
0
LINE
8
BLACK
6
CONTINUOUS
10
5.7604527559055114
20
-4.6934251968503933
11
5.7565209448818893
21
-4.6928523622047242
0
LINE
8
BLACK
6
CONTINUOUS
10
5.7565209448818893
20
-4.6928523622047242
11
5.7524457874015749
21
-4.6908601181102361
0
LINE
8
BLACK
6
CONTINUOUS
10
5.7524457874015749
20
-4.6908601181102361
11
5.749238307086614
21
-4.6876526377952752
0
LINE
8
BLACK
6
CONTINUOUS
10
5.749238307086614
20
-4.6876526377952752
11
5.7472460629921258
21
-4.6835774803149608
0
LINE
8
BLACK
6
CONTINUOUS
10
5.7472460629921258
20
-4.6835774803149608
11
5.7466732283464568
21
-4.6796456692913386
0
LINE
8
BLACK
6
CONTINUOUS
10
5.7466732283464568
20
-4.6796456692913386
11
5.7466732283464568
21
-4.6245275590551183
0
LINE
8
BLACK
6
CONTINUOUS
10
5.7466732283464568
20
-4.6245275590551183
11
5.7472460629921258
21
-4.6205957480314961
0
LINE
8
BLACK
6
CONTINUOUS
10
5.7472460629921258
20
-4.6205957480314961
11
5.749238307086614
21
-4.6165205905511808
0
LINE
8
BLACK
6
CONTINUOUS
10
5.749238307086614
20
-4.6165205905511808
11
5.7524457874015749
21
-4.6133131102362199
0
LINE
8
BLACK
6
CONTINUOUS
10
5.7524457874015749
20
-4.6133131102362199
11
5.7565209448818893
21
-4.6113208661417318
0
LINE
8
BLACK
6
CONTINUOUS
10
5.7565209448818893
20
-4.6113208661417318
11
5.7604527559055114
21
-4.6107480314960627
0
LINE
8
BLACK
6
CONTINUOUS
10
5.7604527559055114
20
-4.6107480314960627
11
5.7722637795275586
21
-4.6107480314960627
0
LINE
8
BLACK
6
CONTINUOUS
10
5.7722637795275586
20
-4.6107480314960627
11
5.7761955905511808
21
-4.6113208661417318
0
LINE
8
BLACK
6
CONTINUOUS
10
6.0083479133858271
20
-4.560953700787401
11
6.0109024015748034
21
-4.5626605905511806
0
LINE
8
BLACK
6
CONTINUOUS
10
6.0109024015748034
20
-4.5626605905511806
11
6.0126092913385829
21
-4.5652150787401578
0
LINE
8
BLACK
6
CONTINUOUS
10
6.0126092913385829
20
-4.5652150787401578
11
6.0132086614173224
21
-4.5682283464566931
0
LINE
8
BLACK
6
CONTINUOUS
10
6.0132086614173224
20
-4.5682283464566931
11
6.0132086614173224
21
-4.6666535433070866
0
LINE
8
BLACK
6
CONTINUOUS
10
6.0132086614173224
20
-4.6666535433070866
11
6.0126092913385829
21
-4.6696668110236219
0
LINE
8
BLACK
6
CONTINUOUS
10
6.0126092913385829
20
-4.6696668110236219
11
6.0109024015748034
21
-4.6722212992125982
0
LINE
8
BLACK
6
CONTINUOUS
10
6.0109024015748034
20
-4.6722212992125982
11
6.0083479133858271
21
-4.6739281889763777
0
LINE
8
BLACK
6
CONTINUOUS
10
6.0083479133858271
20
-4.6739281889763777
11
6.0053346456692909
21
-4.6745275590551181
0
LINE
8
BLACK
6
CONTINUOUS
10
6.0053346456692909
20
-4.6745275590551181
11
5.9344685039370075
21
-4.6745275590551181
0
LINE
8
BLACK
6
CONTINUOUS
10
5.9344685039370075
20
-4.6745275590551181
11
5.9314552362204722
21
-4.6739281889763777
0
LINE
8
BLACK
6
CONTINUOUS
10
5.9314552362204722
20
-4.6739281889763777
11
5.9289007480314959
21
-4.6722212992125982
0
LINE
8
BLACK
6
CONTINUOUS
10
5.9289007480314959
20
-4.6722212992125982
11
5.9271938582677164
21
-4.6696668110236219
0
LINE
8
BLACK
6
CONTINUOUS
10
5.9271938582677164
20
-4.6696668110236219
11
5.9265944881889761
21
-4.6666535433070866
0
LINE
8
BLACK
6
CONTINUOUS
10
5.9265944881889761
20
-4.6666535433070866
11
5.9265944881889761
21
-4.5682283464566931
0
LINE
8
BLACK
6
CONTINUOUS
10
5.9265944881889761
20
-4.5682283464566931
11
5.9271938582677164
21
-4.5652150787401578
0
LINE
8
BLACK
6
CONTINUOUS
10
5.9271938582677164
20
-4.5652150787401578
11
5.9289007480314959
21
-4.5626605905511806
0
LINE
8
BLACK
6
CONTINUOUS
10
5.9289007480314959
20
-4.5626605905511806
11
5.9314552362204722
21
-4.560953700787401
0
LINE
8
BLACK
6
CONTINUOUS
10
5.9314552362204722
20
-4.560953700787401
11
5.9344685039370075
21
-4.5603543307086616
0
LINE
8
BLACK
6
CONTINUOUS
10
5.9344685039370075
20
-4.5603543307086616
11
6.0053346456692909
21
-4.5603543307086616
0
LINE
8
BLACK
6
CONTINUOUS
10
6.0053346456692909
20
-4.5603543307086616
11
6.0083479133858271
21
-4.560953700787401
0
LINE
8
BLACK
6
CONTINUOUS
10
5.7625439370078739
20
-4.4114403543307086
11
5.7650984251968502
21
-4.4131472440944881
0
LINE
8
BLACK
6
CONTINUOUS
10
5.7650984251968502
20
-4.4131472440944881
11
5.7668053149606298
21
-4.4157017322834644
0
LINE
8
BLACK
6
CONTINUOUS
10
5.7668053149606298
20
-4.4157017322834644
11
5.7674046850393701
21
-4.4187149999999997
0
LINE
8
BLACK
6
CONTINUOUS
10
5.7674046850393701
20
-4.4187149999999997
11
5.7674046850393701
21
-4.4856441338582673
0
LINE
8
BLACK
6
CONTINUOUS
10
5.7674046850393701
20
-4.4856441338582673
11
5.7668053149606298
21
-4.4886574015748026
0
LINE
8
BLACK
6
CONTINUOUS
10
5.7668053149606298
20
-4.4886574015748026
11
5.7650984251968502
21
-4.4912118897637798
0
LINE
8
BLACK
6
CONTINUOUS
10
5.7650984251968502
20
-4.4912118897637798
11
5.7625439370078739
21
-4.4929187795275594
0
LINE
8
BLACK
6
CONTINUOUS
10
5.7625439370078739
20
-4.4929187795275594
11
5.7595306692913386
21
-4.4935181496062988
0
LINE
8
BLACK
6
CONTINUOUS
10
5.7595306692913386
20
-4.4935181496062988
11
5.6650424803149608
21
-4.4935181496062988
0
LINE
8
BLACK
6
CONTINUOUS
10
5.6650424803149608
20
-4.4935181496062988
11
5.6620292125984255
21
-4.4929187795275594
0
LINE
8
BLACK
6
CONTINUOUS
10
5.6620292125984255
20
-4.4929187795275594
11
5.6594747244094483
21
-4.4912118897637798
0
LINE
8
BLACK
6
CONTINUOUS
10
5.6594747244094483
20
-4.4912118897637798
11
5.6577678346456688
21
-4.4886574015748026
0
LINE
8
BLACK
6
CONTINUOUS
10
5.6577678346456688
20
-4.4886574015748026
11
5.6571684645669293
21
-4.4856441338582673
0
LINE
8
BLACK
6
CONTINUOUS
10
5.6571684645669293
20
-4.4856441338582673
11
5.6571684645669293
21
-4.4187149999999997
0
LINE
8
BLACK
6
CONTINUOUS
10
5.6571684645669293
20
-4.4187149999999997
11
5.6577678346456688
21
-4.4157017322834644
0
LINE
8
BLACK
6
CONTINUOUS
10
5.6577678346456688
20
-4.4157017322834644
11
5.6594747244094483
21
-4.4131472440944881
0
LINE
8
BLACK
6
CONTINUOUS
10
5.6594747244094483
20
-4.4131472440944881
11
5.6620292125984255
21
-4.4114403543307086
0
LINE
8
BLACK
6
CONTINUOUS
10
5.6620292125984255
20
-4.4114403543307086
11
5.6650424803149608
21
-4.4108409842519682
0
LINE
8
BLACK
6
CONTINUOUS
10
5.6650424803149608
20
-4.4108409842519682
11
5.7595306692913386
21
-4.4108409842519682
0
LINE
8
BLACK
6
CONTINUOUS
10
5.7595306692913386
20
-4.4108409842519682
11
5.7625439370078739
21
-4.4114403543307086
0
LINE
8
BLACK
6
CONTINUOUS
10
5.959394330708661
20
-4.4114403543307086
11
5.9619488188976373
21
-4.4131472440944881
0
LINE
8
BLACK
6
CONTINUOUS
10
5.9619488188976373
20
-4.4131472440944881
11
5.9636557086614168
21
-4.4157017322834644
0
LINE
8
BLACK
6
CONTINUOUS
10
5.9636557086614168
20
-4.4157017322834644
11
5.9642550787401571
21
-4.4187149999999997
0
LINE
8
BLACK
6
CONTINUOUS
10
5.9642550787401571
20
-4.4187149999999997
11
5.9642550787401571
21
-4.4856441338582673
0
LINE
8
BLACK
6
CONTINUOUS
10
5.9642550787401571
20
-4.4856441338582673
11
5.9636557086614168
21
-4.4886574015748026
0
LINE
8
BLACK
6
CONTINUOUS
10
5.9636557086614168
20
-4.4886574015748026
11
5.9619488188976373
21
-4.4912118897637798
0
LINE
8
BLACK
6
CONTINUOUS
10
5.9619488188976373
20
-4.4912118897637798
11
5.959394330708661
21
-4.4929187795275594
0
LINE
8
BLACK
6
CONTINUOUS
10
5.959394330708661
20
-4.4929187795275594
11
5.9563810629921257
21
-4.4935181496062988
0
LINE
8
BLACK
6
CONTINUOUS
10
5.9563810629921257
20
-4.4935181496062988
11
5.8618928740157479
21
-4.4935181496062988
0
LINE
8
BLACK
6
CONTINUOUS
10
5.8618928740157479
20
-4.4935181496062988
11
5.8588796062992126
21
-4.4929187795275594
0
LINE
8
BLACK
6
CONTINUOUS
10
5.8588796062992126
20
-4.4929187795275594
11
5.8563251181102363
21
-4.4912118897637798
0
LINE
8
BLACK
6
CONTINUOUS
10
5.8563251181102363
20
-4.4912118897637798
11
5.8546182283464567
21
-4.4886574015748026
0
LINE
8
BLACK
6
CONTINUOUS
10
5.8546182283464567
20
-4.4886574015748026
11
5.8540188582677164
21
-4.4856441338582673
0
LINE
8
BLACK
6
CONTINUOUS
10
5.8540188582677164
20
-4.4856441338582673
11
5.8540188582677164
21
-4.4187149999999997
0
LINE
8
BLACK
6
CONTINUOUS
10
5.8540188582677164
20
-4.4187149999999997
11
5.8546182283464567
21
-4.4157017322834644
0
LINE
8
BLACK
6
CONTINUOUS
10
5.8546182283464567
20
-4.4157017322834644
11
5.8563251181102363
21
-4.4131472440944881
0
LINE
8
BLACK
6
CONTINUOUS
10
5.8563251181102363
20
-4.4131472440944881
11
5.8588796062992126
21
-4.4114403543307086
0
LINE
8
BLACK
6
CONTINUOUS
10
5.8588796062992126
20
-4.4114403543307086
11
5.8618928740157479
21
-4.4108409842519682
0
LINE
8
BLACK
6
CONTINUOUS
10
5.8618928740157479
20
-4.4108409842519682
11
5.9563810629921257
21
-4.4108409842519682
0
LINE
8
BLACK
6
CONTINUOUS
10
5.9563810629921257
20
-4.4108409842519682
11
5.959394330708661
21
-4.4114403543307086
0
LINE
8
BLACK
6
CONTINUOUS
10
6.6071274409448817
20
-4.3539458267716533
11
6.609681929133858
21
-4.3556527165354328
0
LINE
8
BLACK
6
CONTINUOUS
10
6.609681929133858
20
-4.3556527165354328
11
6.6113888188976375
21
-4.3582072047244091
0
LINE
8
BLACK
6
CONTINUOUS
10
6.6113888188976375
20
-4.3582072047244091
11
6.6119881889763779
21
-4.3612204724409445
0
LINE
8
BLACK
6
CONTINUOUS
10
6.6119881889763779
20
-4.3612204724409445
11
6.6119881889763779
21
-4.481299212598425
0
LINE
8
BLACK
6
CONTINUOUS
10
6.6119881889763779
20
-4.481299212598425
11
6.6113888188976375
21
-4.4843124803149603
0
LINE
8
BLACK
6
CONTINUOUS
10
6.6113888188976375
20
-4.4843124803149603
11
6.609681929133858
21
-4.4868669685039366
0
LINE
8
BLACK
6
CONTINUOUS
10
6.609681929133858
20
-4.4868669685039366
11
6.6071274409448817
21
-4.4885738582677162
0
LINE
8
BLACK
6
CONTINUOUS
10
6.6071274409448817
20
-4.4885738582677162
11
6.6041141732283464
21
-4.4891732283464565
0
LINE
8
BLACK
6
CONTINUOUS
10
6.6041141732283464
20
-4.4891732283464565
11
6.5056889763779528
21
-4.4891732283464565
0
LINE
8
BLACK
6
CONTINUOUS
10
6.5056889763779528
20
-4.4891732283464565
11
6.5026757086614175
21
-4.4885738582677162
0
LINE
8
BLACK
6
CONTINUOUS
10
6.5026757086614175
20
-4.4885738582677162
11
6.5001212204724412
21
-4.4868669685039366
0
LINE
8
BLACK
6
CONTINUOUS
10
6.5001212204724412
20
-4.4868669685039366
11
6.4984143307086617
21
-4.4843124803149603
0
LINE
8
BLACK
6
CONTINUOUS
10
6.4984143307086617
20
-4.4843124803149603
11
6.4978149606299214
21
-4.481299212598425
0
LINE
8
BLACK
6
CONTINUOUS
10
6.4978149606299214
20
-4.481299212598425
11
6.4978149606299214
21
-4.3612204724409445
0
LINE
8
BLACK
6
CONTINUOUS
10
6.4978149606299214
20
-4.3612204724409445
11
6.4984143307086617
21
-4.3582072047244091
0
LINE
8
BLACK
6
CONTINUOUS
10
6.4984143307086617
20
-4.3582072047244091
11
6.5001212204724412
21
-4.3556527165354328
0
LINE
8
BLACK
6
CONTINUOUS
10
6.5001212204724412
20
-4.3556527165354328
11
6.5026757086614175
21
-4.3539458267716533
0
LINE
8
BLACK
6
CONTINUOUS
10
6.5026757086614175
20
-4.3539458267716533
11
6.5056889763779528
21
-4.353346456692913
0
LINE
8
BLACK
6
CONTINUOUS
10
6.5056889763779528
20
-4.353346456692913
11
6.6041141732283464
21
-4.353346456692913
0
LINE
8
BLACK
6
CONTINUOUS
10
6.6041141732283464
20
-4.353346456692913
11
6.6071274409448817
21
-4.3539458267716533
0
LINE
8
BLACK
6
CONTINUOUS
10
5.1611065748031493
20
-4.2069321653543303
11
5.1654966141732279
21
-4.2091690157480315
0
LINE
8
BLACK
6
CONTINUOUS
10
5.1654966141732279
20
-4.2091690157480315
11
5.1689805905511808
21
-4.2126529921259843
0
LINE
8
BLACK
6
CONTINUOUS
10
5.1689805905511808
20
-4.2126529921259843
11
5.1712174409448819
21
-4.217043031496063
0
LINE
8
BLACK
6
CONTINUOUS
10
5.1712174409448819
20
-4.217043031496063
11
5.1719881889763775
21
-4.2219094488188977
0
LINE
8
BLACK
6
CONTINUOUS
10
5.1719881889763775
20
-4.2219094488188977
11
5.1719881889763775
21
-4.2376574803149607
0
LINE
8
BLACK
6
CONTINUOUS
10
5.1719881889763775
20
-4.2376574803149607
11
5.1712174409448819
21
-4.2425238976377955
0
LINE
8
BLACK
6
CONTINUOUS
10
5.1712174409448819
20
-4.2425238976377955
11
5.1689805905511808
21
-4.2469139370078741
0
LINE
8
BLACK
6
CONTINUOUS
10
5.1689805905511808
20
-4.2469139370078741
11
5.1654966141732279
21
-4.250397913385827
0
LINE
8
BLACK
6
CONTINUOUS
10
5.1654966141732279
20
-4.250397913385827
11
5.1634572834645667
21
-4.2514370078740154
0
LINE
8
BLACK
6
CONTINUOUS
10
5.1634572834645667
20
-4.2514370078740154
11
5.1654966141732279
21
-4.2524761023622046
0
LINE
8
BLACK
6
CONTINUOUS
10
5.1654966141732279
20
-4.2524761023622046
11
5.1689805905511808
21
-4.2559600787401575
0
LINE
8
BLACK
6
CONTINUOUS
10
5.1689805905511808
20
-4.2559600787401575
11
5.1712174409448819
21
-4.2603501181102361
0
LINE
8
BLACK
6
CONTINUOUS
10
5.1712174409448819
20
-4.2603501181102361
11
5.1719881889763775
21
-4.2652165354330709
0
LINE
8
BLACK
6
CONTINUOUS
10
5.1719881889763775
20
-4.2652165354330709
11
5.1719881889763775
21
-4.2809645669291339
0
LINE
8
BLACK
6
CONTINUOUS
10
5.1719881889763775
20
-4.2809645669291339
11
5.1712174409448819
21
-4.2858309842519686
0
LINE
8
BLACK
6
CONTINUOUS
10
5.1712174409448819
20
-4.2858309842519686
11
5.1689805905511808
21
-4.2902210236220473
0
LINE
8
BLACK
6
CONTINUOUS
10
5.1689805905511808
20
-4.2902210236220473
11
5.1654966141732279
21
-4.2937050000000001
0
LINE
8
BLACK
6
CONTINUOUS
10
5.1654966141732279
20
-4.2937050000000001
11
5.1634572834645667
21
-4.2947440944881885
0
LINE
8
BLACK
6
CONTINUOUS
10
5.1634572834645667
20
-4.2947440944881885
11
5.1654966141732279
21
-4.2957831889763778
0
LINE
8
BLACK
6
CONTINUOUS
10
5.1654966141732279
20
-4.2957831889763778
11
5.1689805905511808
21
-4.2992671653543306
0
LINE
8
BLACK
6
CONTINUOUS
10
5.1689805905511808
20
-4.2992671653543306
11
5.1712174409448819
21
-4.3036572047244093
0
LINE
8
BLACK
6
CONTINUOUS
10
5.1712174409448819
20
-4.3036572047244093
11
5.1719881889763775
21
-4.308523622047244
0
LINE
8
BLACK
6
CONTINUOUS
10
5.1719881889763775
20
-4.308523622047244
11
5.1719881889763775
21
-4.324271653543307
0
LINE
8
BLACK
6
CONTINUOUS
10
5.1719881889763775
20
-4.324271653543307
11
5.1712174409448819
21
-4.3291380708661418
0
LINE
8
BLACK
6
CONTINUOUS
10
5.1712174409448819
20
-4.3291380708661418
11
5.1689805905511808
21
-4.3335281102362204
0
LINE
8
BLACK
6
CONTINUOUS
10
5.1689805905511808
20
-4.3335281102362204
11
5.1654966141732279
21
-4.3370120866141733
0
LINE
8
BLACK
6
CONTINUOUS
10
5.1654966141732279
20
-4.3370120866141733
11
5.1634572834645667
21
-4.3380511811023625
0
LINE
8
BLACK
6
CONTINUOUS
10
5.1634572834645667
20
-4.3380511811023625
11
5.1654966141732279
21
-4.3390902755905509
0
LINE
8
BLACK
6
CONTINUOUS
10
5.1654966141732279
20
-4.3390902755905509
11
5.1689805905511808
21
-4.3425742519685038
0
LINE
8
BLACK
6
CONTINUOUS
10
5.1689805905511808
20
-4.3425742519685038
11
5.1712174409448819
21
-4.3469642913385824
0
LINE
8
BLACK
6
CONTINUOUS
10
5.1712174409448819
20
-4.3469642913385824
11
5.1719881889763775
21
-4.3518307086614172
0
LINE
8
BLACK
6
CONTINUOUS
10
5.1719881889763775
20
-4.3518307086614172
11
5.1719881889763775
21
-4.3675787401574802
0
LINE
8
BLACK
6
CONTINUOUS
10
5.1719881889763775
20
-4.3675787401574802
11
5.1712174409448819
21
-4.3724451574803149
0
LINE
8
BLACK
6
CONTINUOUS
10
5.1712174409448819
20
-4.3724451574803149
11
5.1689805905511808
21
-4.3768351968503936
0
LINE
8
BLACK
6
CONTINUOUS
10
5.1689805905511808
20
-4.3768351968503936
11
5.1654966141732279
21
-4.3803191732283464
0
LINE
8
BLACK
6
CONTINUOUS
10
5.1654966141732279
20
-4.3803191732283464
11
5.1634572834645667
21
-4.3813582677165357
0
LINE
8
BLACK
6
CONTINUOUS
10
5.1634572834645667
20
-4.3813582677165357
11
5.1654966141732279
21
-4.3823973622047241
0
LINE
8
BLACK
6
CONTINUOUS
10
5.1654966141732279
20
-4.3823973622047241
11
5.1689805905511808
21
-4.3858813385826769
0
LINE
8
BLACK
6
CONTINUOUS
10
5.1689805905511808
20
-4.3858813385826769
11
5.1712174409448819
21
-4.3902713779527556
0
LINE
8
BLACK
6
CONTINUOUS
10
5.1712174409448819
20
-4.3902713779527556
11
5.1719881889763775
21
-4.3951377952755903
0
LINE
8
BLACK
6
CONTINUOUS
10
5.1719881889763775
20
-4.3951377952755903
11
5.1719881889763775
21
-4.4108858267716533
0
LINE
8
BLACK
6
CONTINUOUS
10
5.1719881889763775
20
-4.4108858267716533
11
5.1712174409448819
21
-4.4157522440944881
0
LINE
8
BLACK
6
CONTINUOUS
10
5.1712174409448819
20
-4.4157522440944881
11
5.1689805905511808
21
-4.4201422834645667
0
LINE
8
BLACK
6
CONTINUOUS
10
5.1689805905511808
20
-4.4201422834645667
11
5.1654966141732279
21
-4.4236262598425196
0
LINE
8
BLACK
6
CONTINUOUS
10
5.1654966141732279
20
-4.4236262598425196
11
5.1611065748031493
21
-4.4258631102362207
0
LINE
8
BLACK
6
CONTINUOUS
10
5.1611065748031493
20
-4.4258631102362207
11
5.1562401574803145
21
-4.4266338582677163
0
LINE
8
BLACK
6
CONTINUOUS
10
5.1562401574803145
20
-4.4266338582677163
11
5.1011220472440941
21
-4.4266338582677163
0
LINE
8
BLACK
6
CONTINUOUS
10
5.1011220472440941
20
-4.4266338582677163
11
5.0962556299212594
21
-4.4258631102362207
0
LINE
8
BLACK
6
CONTINUOUS
10
5.0962556299212594
20
-4.4258631102362207
11
5.0918655905511807
21
-4.4236262598425196
0
LINE
8
BLACK
6
CONTINUOUS
10
5.0918655905511807
20
-4.4236262598425196
11
5.0883816141732279
21
-4.4201422834645667
0
LINE
8
BLACK
6
CONTINUOUS
10
5.0883816141732279
20
-4.4201422834645667
11
5.0861447637795276
21
-4.4157522440944881
0
LINE
8
BLACK
6
CONTINUOUS
10
5.0861447637795276
20
-4.4157522440944881
11
5.0853740157480312
21
-4.4108858267716533
0
LINE
8
BLACK
6
CONTINUOUS
10
5.0853740157480312
20
-4.4108858267716533
11
5.0853740157480312
21
-4.3951377952755903
0
LINE
8
BLACK
6
CONTINUOUS
10
5.0853740157480312
20
-4.3951377952755903
11
5.0861447637795276
21
-4.3902713779527556
0
LINE
8
BLACK
6
CONTINUOUS
10
5.0861447637795276
20
-4.3902713779527556
11
5.0883816141732279
21
-4.3858813385826769
0
LINE
8
BLACK
6
CONTINUOUS
10
5.0883816141732279
20
-4.3858813385826769
11
5.0918655905511807
21
-4.3823973622047241
0
LINE
8
BLACK
6
CONTINUOUS
10
5.0918655905511807
20
-4.3823973622047241
11
5.0939048818897641
21
-4.3813582677165357
0
LINE
8
BLACK
6
CONTINUOUS
10
5.0939048818897641
20
-4.3813582677165357
11
5.0918655905511807
21
-4.3803191732283464
0
LINE
8
BLACK
6
CONTINUOUS
10
5.0918655905511807
20
-4.3803191732283464
11
5.0883816141732279
21
-4.3768351968503936
0
LINE
8
BLACK
6
CONTINUOUS
10
5.0883816141732279
20
-4.3768351968503936
11
5.0861447637795276
21
-4.3724451574803149
0
LINE
8
BLACK
6
CONTINUOUS
10
5.0861447637795276
20
-4.3724451574803149
11
5.0853740157480312
21
-4.3675787401574802
0
LINE
8
BLACK
6
CONTINUOUS
10
5.0853740157480312
20
-4.3675787401574802
11
5.0853740157480312
21
-4.3518307086614172
0
LINE
8
BLACK
6
CONTINUOUS
10
5.0853740157480312
20
-4.3518307086614172
11
5.0861447637795276
21
-4.3469642913385824
0
LINE
8
BLACK
6
CONTINUOUS
10
5.0861447637795276
20
-4.3469642913385824
11
5.0883816141732279
21
-4.3425742519685038
0
LINE
8
BLACK
6
CONTINUOUS
10
5.0883816141732279
20
-4.3425742519685038
11
5.0918655905511807
21
-4.3390902755905509
0
LINE
8
BLACK
6
CONTINUOUS
10
5.0918655905511807
20
-4.3390902755905509
11
5.0939048818897641
21
-4.3380511811023625
0
LINE
8
BLACK
6
CONTINUOUS
10
5.0939048818897641
20
-4.3380511811023625
11
5.0918655905511807
21
-4.3370120866141733
0
LINE
8
BLACK
6
CONTINUOUS
10
5.0918655905511807
20
-4.3370120866141733
11
5.0883816141732279
21
-4.3335281102362204
0
LINE
8
BLACK
6
CONTINUOUS
10
5.0883816141732279
20
-4.3335281102362204
11
5.0861447637795276
21
-4.3291380708661418
0
LINE
8
BLACK
6
CONTINUOUS
10
5.0861447637795276
20
-4.3291380708661418
11
5.0853740157480312
21
-4.324271653543307
0
LINE
8
BLACK
6
CONTINUOUS
10
5.0853740157480312
20
-4.324271653543307
11
5.0853740157480312
21
-4.308523622047244
0
LINE
8
BLACK
6
CONTINUOUS
10
5.0853740157480312
20
-4.308523622047244
11
5.0861447637795276
21
-4.3036572047244093
0
LINE
8
BLACK
6
CONTINUOUS
10
5.0861447637795276
20
-4.3036572047244093
11
5.0883816141732279
21
-4.2992671653543306
0
LINE
8
BLACK
6
CONTINUOUS
10
5.0883816141732279
20
-4.2992671653543306
11
5.0918655905511807
21
-4.2957831889763778
0
LINE
8
BLACK
6
CONTINUOUS
10
5.0918655905511807
20
-4.2957831889763778
11
5.0939048818897641
21
-4.2947440944881885
0
LINE
8
BLACK
6
CONTINUOUS
10
5.0939048818897641
20
-4.2947440944881885
11
5.0918655905511807
21
-4.2937050000000001
0
LINE
8
BLACK
6
CONTINUOUS
10
5.0918655905511807
20
-4.2937050000000001
11
5.0883816141732279
21
-4.2902210236220473
0
LINE
8
BLACK
6
CONTINUOUS
10
5.0883816141732279
20
-4.2902210236220473
11
5.0861447637795276
21
-4.2858309842519686
0
LINE
8
BLACK
6
CONTINUOUS
10
5.0861447637795276
20
-4.2858309842519686
11
5.0853740157480312
21
-4.2809645669291339
0
LINE
8
BLACK
6
CONTINUOUS
10
5.0853740157480312
20
-4.2809645669291339
11
5.0853740157480312
21
-4.2652165354330709
0
LINE
8
BLACK
6
CONTINUOUS
10
5.0853740157480312
20
-4.2652165354330709
11
5.0861447637795276
21
-4.2603501181102361
0
LINE
8
BLACK
6
CONTINUOUS
10
5.0861447637795276
20
-4.2603501181102361
11
5.0883816141732279
21
-4.2559600787401575
0
LINE
8
BLACK
6
CONTINUOUS
10
5.0883816141732279
20
-4.2559600787401575
11
5.0918655905511807
21
-4.2524761023622046
0
LINE
8
BLACK
6
CONTINUOUS
10
5.0918655905511807
20
-4.2524761023622046
11
5.0939048818897641
21
-4.2514370078740154
0
LINE
8
BLACK
6
CONTINUOUS
10
5.0939048818897641
20
-4.2514370078740154
11
5.0918655905511807
21
-4.250397913385827
0
LINE
8
BLACK
6
CONTINUOUS
10
5.0918655905511807
20
-4.250397913385827
11
5.0883816141732279
21
-4.2469139370078741
0
LINE
8
BLACK
6
CONTINUOUS
10
5.0883816141732279
20
-4.2469139370078741
11
5.0861447637795276
21
-4.2425238976377955
0
LINE
8
BLACK
6
CONTINUOUS
10
5.0861447637795276
20
-4.2425238976377955
11
5.0853740157480312
21
-4.2376574803149607
0
LINE
8
BLACK
6
CONTINUOUS
10
5.0853740157480312
20
-4.2376574803149607
11
5.0853740157480312
21
-4.2219094488188977
0
LINE
8
BLACK
6
CONTINUOUS
10
5.0853740157480312
20
-4.2219094488188977
11
5.0861447637795276
21
-4.217043031496063
0
LINE
8
BLACK
6
CONTINUOUS
10
5.0861447637795276
20
-4.217043031496063
11
5.0883816141732279
21
-4.2126529921259843
0
LINE
8
BLACK
6
CONTINUOUS
10
5.0883816141732279
20
-4.2126529921259843
11
5.0918655905511807
21
-4.2091690157480315
0
LINE
8
BLACK
6
CONTINUOUS
10
5.0918655905511807
20
-4.2091690157480315
11
5.0962556299212594
21
-4.2069321653543303
0
LINE
8
BLACK
6
CONTINUOUS
10
5.0962556299212594
20
-4.2069321653543303
11
5.1011220472440941
21
-4.2061614173228348
0
LINE
8
BLACK
6
CONTINUOUS
10
5.1011220472440941
20
-4.2061614173228348
11
5.1562401574803145
21
-4.2061614173228348
0
LINE
8
BLACK
6
CONTINUOUS
10
5.1562401574803145
20
-4.2061614173228348
11
5.1611065748031493
21
-4.2069321653543303
0
LINE
8
BLACK
6
CONTINUOUS
10
5.6335475196850391
20
-4.2069321653543303
11
5.6379375590551177
21
-4.2091690157480315
0
LINE
8
BLACK
6
CONTINUOUS
10
5.6379375590551177
20
-4.2091690157480315
11
5.6414215354330706
21
-4.2126529921259843
0
LINE
8
BLACK
6
CONTINUOUS
10
5.6414215354330706
20
-4.2126529921259843
11
5.6436583858267717
21
-4.217043031496063
0
LINE
8
BLACK
6
CONTINUOUS
10
5.6436583858267717
20
-4.217043031496063
11
5.6444291338582673
21
-4.2219094488188977
0
LINE
8
BLACK
6
CONTINUOUS
10
5.6444291338582673
20
-4.2219094488188977
11
5.6444291338582673
21
-4.2376574803149607
0
LINE
8
BLACK
6
CONTINUOUS
10
5.6444291338582673
20
-4.2376574803149607
11
5.6436583858267717
21
-4.2425238976377955
0
LINE
8
BLACK
6
CONTINUOUS
10
5.6436583858267717
20
-4.2425238976377955
11
5.6414215354330706
21
-4.2469139370078741
0
LINE
8
BLACK
6
CONTINUOUS
10
5.6414215354330706
20
-4.2469139370078741
11
5.6379375590551177
21
-4.250397913385827
0
LINE
8
BLACK
6
CONTINUOUS
10
5.6379375590551177
20
-4.250397913385827
11
5.6358982283464565
21
-4.2514370078740154
0
LINE
8
BLACK
6
CONTINUOUS
10
5.6358982283464565
20
-4.2514370078740154
11
5.6379375590551177
21
-4.2524761023622046
0
LINE
8
BLACK
6
CONTINUOUS
10
5.6379375590551177
20
-4.2524761023622046
11
5.6414215354330706
21
-4.2559600787401575
0
LINE
8
BLACK
6
CONTINUOUS
10
5.6414215354330706
20
-4.2559600787401575
11
5.6436583858267717
21
-4.2603501181102361
0
LINE
8
BLACK
6
CONTINUOUS
10
5.6436583858267717
20
-4.2603501181102361
11
5.6444291338582673
21
-4.2652165354330709
0
LINE
8
BLACK
6
CONTINUOUS
10
5.6444291338582673
20
-4.2652165354330709
11
5.6444291338582673
21
-4.2809645669291339
0
LINE
8
BLACK
6
CONTINUOUS
10
5.6444291338582673
20
-4.2809645669291339
11
5.6436583858267717
21
-4.2858309842519686
0
LINE
8
BLACK
6
CONTINUOUS
10
5.6436583858267717
20
-4.2858309842519686
11
5.6414215354330706
21
-4.2902210236220473
0
LINE
8
BLACK
6
CONTINUOUS
10
5.6414215354330706
20
-4.2902210236220473
11
5.6379375590551177
21
-4.2937050000000001
0
LINE
8
BLACK
6
CONTINUOUS
10
5.6379375590551177
20
-4.2937050000000001
11
5.6358982283464565
21
-4.2947440944881885
0
LINE
8
BLACK
6
CONTINUOUS
10
5.6358982283464565
20
-4.2947440944881885
11
5.6379375590551177
21
-4.2957831889763778
0
LINE
8
BLACK
6
CONTINUOUS
10
5.6379375590551177
20
-4.2957831889763778
11
5.6414215354330706
21
-4.2992671653543306
0
LINE
8
BLACK
6
CONTINUOUS
10
5.6414215354330706
20
-4.2992671653543306
11
5.6436583858267717
21
-4.3036572047244093
0
LINE
8
BLACK
6
CONTINUOUS
10
5.6436583858267717
20
-4.3036572047244093
11
5.6444291338582673
21
-4.308523622047244
0
LINE
8
BLACK
6
CONTINUOUS
10
5.6444291338582673
20
-4.308523622047244
11
5.6444291338582673
21
-4.324271653543307
0
LINE
8
BLACK
6
CONTINUOUS
10
5.6444291338582673
20
-4.324271653543307
11
5.6436583858267717
21
-4.3291380708661418
0
LINE
8
BLACK
6
CONTINUOUS
10
5.6436583858267717
20
-4.3291380708661418
11
5.6414215354330706
21
-4.3335281102362204
0
LINE
8
BLACK
6
CONTINUOUS
10
5.6414215354330706
20
-4.3335281102362204
11
5.6379375590551177
21
-4.3370120866141733
0
LINE
8
BLACK
6
CONTINUOUS
10
5.6379375590551177
20
-4.3370120866141733
11
5.6358982283464565
21
-4.3380511811023625
0
LINE
8
BLACK
6
CONTINUOUS
10
5.6358982283464565
20
-4.3380511811023625
11
5.6379375590551177
21
-4.3390902755905509
0
LINE
8
BLACK
6
CONTINUOUS
10
5.6379375590551177
20
-4.3390902755905509
11
5.6414215354330706
21
-4.3425742519685038
0
LINE
8
BLACK
6
CONTINUOUS
10
5.6414215354330706
20
-4.3425742519685038
11
5.6436583858267717
21
-4.3469642913385824
0
LINE
8
BLACK
6
CONTINUOUS
10
5.6436583858267717
20
-4.3469642913385824
11
5.6444291338582673
21
-4.3518307086614172
0
LINE
8
BLACK
6
CONTINUOUS
10
5.6444291338582673
20
-4.3518307086614172
11
5.6444291338582673
21
-4.3675787401574802
0
LINE
8
BLACK
6
CONTINUOUS
10
5.6444291338582673
20
-4.3675787401574802
11
5.6436583858267717
21
-4.3724451574803149
0
LINE
8
BLACK
6
CONTINUOUS
10
5.6436583858267717
20
-4.3724451574803149
11
5.6414215354330706
21
-4.3768351968503936
0
LINE
8
BLACK
6
CONTINUOUS
10
5.6414215354330706
20
-4.3768351968503936
11
5.6379375590551177
21
-4.3803191732283464
0
LINE
8
BLACK
6
CONTINUOUS
10
5.6379375590551177
20
-4.3803191732283464
11
5.6358982283464565
21
-4.3813582677165357
0
LINE
8
BLACK
6
CONTINUOUS
10
5.6358982283464565
20
-4.3813582677165357
11
5.6379375590551177
21
-4.3823973622047241
0
LINE
8
BLACK
6
CONTINUOUS
10
5.6379375590551177
20
-4.3823973622047241
11
5.6414215354330706
21
-4.3858813385826769
0
LINE
8
BLACK
6
CONTINUOUS
10
5.6414215354330706
20
-4.3858813385826769
11
5.6436583858267717
21
-4.3902713779527556
0
LINE
8
BLACK
6
CONTINUOUS
10
5.6436583858267717
20
-4.3902713779527556
11
5.6444291338582673
21
-4.3951377952755903
0
LINE
8
BLACK
6
CONTINUOUS
10
5.6444291338582673
20
-4.3951377952755903
11
5.6444291338582673
21
-4.4108858267716533
0
LINE
8
BLACK
6
CONTINUOUS
10
5.6444291338582673
20
-4.4108858267716533
11
5.6436583858267717
21
-4.4157522440944881
0
LINE
8
BLACK
6
CONTINUOUS
10
5.6436583858267717
20
-4.4157522440944881
11
5.6414215354330706
21
-4.4201422834645667
0
LINE
8
BLACK
6
CONTINUOUS
10
5.6414215354330706
20
-4.4201422834645667
11
5.6379375590551177
21
-4.4236262598425196
0
LINE
8
BLACK
6
CONTINUOUS
10
5.6379375590551177
20
-4.4236262598425196
11
5.6335475196850391
21
-4.4258631102362207
0
LINE
8
BLACK
6
CONTINUOUS
10
5.6335475196850391
20
-4.4258631102362207
11
5.6286811023622043
21
-4.4266338582677163
0
LINE
8
BLACK
6
CONTINUOUS
10
5.6286811023622043
20
-4.4266338582677163
11
5.5735629921259839
21
-4.4266338582677163
0
LINE
8
BLACK
6
CONTINUOUS
10
5.5735629921259839
20
-4.4266338582677163
11
5.5686965748031492
21
-4.4258631102362207
0
LINE
8
BLACK
6
CONTINUOUS
10
5.5686965748031492
20
-4.4258631102362207
11
5.5643065354330705
21
-4.4236262598425196
0
LINE
8
BLACK
6
CONTINUOUS
10
5.5643065354330705
20
-4.4236262598425196
11
5.5608225590551177
21
-4.4201422834645667
0
LINE
8
BLACK
6
CONTINUOUS
10
5.5608225590551177
20
-4.4201422834645667
11
5.5585857086614174
21
-4.4157522440944881
0
LINE
8
BLACK
6
CONTINUOUS
10
5.5585857086614174
20
-4.4157522440944881
11
5.557814960629921
21
-4.4108858267716533
0
LINE
8
BLACK
6
CONTINUOUS
10
5.557814960629921
20
-4.4108858267716533
11
5.557814960629921
21
-4.3951377952755903
0
LINE
8
BLACK
6
CONTINUOUS
10
5.557814960629921
20
-4.3951377952755903
11
5.5585857086614174
21
-4.3902713779527556
0
LINE
8
BLACK
6
CONTINUOUS
10
5.5585857086614174
20
-4.3902713779527556
11
5.5608225590551177
21
-4.3858813385826769
0
LINE
8
BLACK
6
CONTINUOUS
10
5.5608225590551177
20
-4.3858813385826769
11
5.5643065354330705
21
-4.3823973622047241
0
LINE
8
BLACK
6
CONTINUOUS
10
5.5643065354330705
20
-4.3823973622047241
11
5.566345826771653
21
-4.3813582677165357
0
LINE
8
BLACK
6
CONTINUOUS
10
5.566345826771653
20
-4.3813582677165357
11
5.5643065354330705
21
-4.3803191732283464
0
LINE
8
BLACK
6
CONTINUOUS
10
5.5643065354330705
20
-4.3803191732283464
11
5.5608225590551177
21
-4.3768351968503936
0
LINE
8
BLACK
6
CONTINUOUS
10
5.5608225590551177
20
-4.3768351968503936
11
5.5585857086614174
21
-4.3724451574803149
0
LINE
8
BLACK
6
CONTINUOUS
10
5.5585857086614174
20
-4.3724451574803149
11
5.557814960629921
21
-4.3675787401574802
0
LINE
8
BLACK
6
CONTINUOUS
10
5.557814960629921
20
-4.3675787401574802
11
5.557814960629921
21
-4.3518307086614172
0
LINE
8
BLACK
6
CONTINUOUS
10
5.557814960629921
20
-4.3518307086614172
11
5.5585857086614174
21
-4.3469642913385824
0
LINE
8
BLACK
6
CONTINUOUS
10
5.5585857086614174
20
-4.3469642913385824
11
5.5608225590551177
21
-4.3425742519685038
0
LINE
8
BLACK
6
CONTINUOUS
10
5.5608225590551177
20
-4.3425742519685038
11
5.5643065354330705
21
-4.3390902755905509
0
LINE
8
BLACK
6
CONTINUOUS
10
5.5643065354330705
20
-4.3390902755905509
11
5.566345826771653
21
-4.3380511811023625
0
LINE
8
BLACK
6
CONTINUOUS
10
5.566345826771653
20
-4.3380511811023625
11
5.5643065354330705
21
-4.3370120866141733
0
LINE
8
BLACK
6
CONTINUOUS
10
5.5643065354330705
20
-4.3370120866141733
11
5.5608225590551177
21
-4.3335281102362204
0
LINE
8
BLACK
6
CONTINUOUS
10
5.5608225590551177
20
-4.3335281102362204
11
5.5585857086614174
21
-4.3291380708661418
0
LINE
8
BLACK
6
CONTINUOUS
10
5.5585857086614174
20
-4.3291380708661418
11
5.557814960629921
21
-4.324271653543307
0
LINE
8
BLACK
6
CONTINUOUS
10
5.557814960629921
20
-4.324271653543307
11
5.557814960629921
21
-4.308523622047244
0
LINE
8
BLACK
6
CONTINUOUS
10
5.557814960629921
20
-4.308523622047244
11
5.5585857086614174
21
-4.3036572047244093
0
LINE
8
BLACK
6
CONTINUOUS
10
5.5585857086614174
20
-4.3036572047244093
11
5.5608225590551177
21
-4.2992671653543306
0
LINE
8
BLACK
6
CONTINUOUS
10
5.5608225590551177
20
-4.2992671653543306
11
5.5643065354330705
21
-4.2957831889763778
0
LINE
8
BLACK
6
CONTINUOUS
10
5.5643065354330705
20
-4.2957831889763778
11
5.566345826771653
21
-4.2947440944881885
0
LINE
8
BLACK
6
CONTINUOUS
10
5.566345826771653
20
-4.2947440944881885
11
5.5643065354330705
21
-4.2937050000000001
0
LINE
8
BLACK
6
CONTINUOUS
10
5.5643065354330705
20
-4.2937050000000001
11
5.5608225590551177
21
-4.2902210236220473
0
LINE
8
BLACK
6
CONTINUOUS
10
5.5608225590551177
20
-4.2902210236220473
11
5.5585857086614174
21
-4.2858309842519686
0
LINE
8
BLACK
6
CONTINUOUS
10
5.5585857086614174
20
-4.2858309842519686
11
5.557814960629921
21
-4.2809645669291339
0
LINE
8
BLACK
6
CONTINUOUS
10
5.557814960629921
20
-4.2809645669291339
11
5.557814960629921
21
-4.2652165354330709
0
LINE
8
BLACK
6
CONTINUOUS
10
5.557814960629921
20
-4.2652165354330709
11
5.5585857086614174
21
-4.2603501181102361
0
LINE
8
BLACK
6
CONTINUOUS
10
5.5585857086614174
20
-4.2603501181102361
11
5.5608225590551177
21
-4.2559600787401575
0
LINE
8
BLACK
6
CONTINUOUS
10
5.5608225590551177
20
-4.2559600787401575
11
5.5643065354330705
21
-4.2524761023622046
0
LINE
8
BLACK
6
CONTINUOUS
10
5.5643065354330705
20
-4.2524761023622046
11
5.566345826771653
21
-4.2514370078740154
0
LINE
8
BLACK
6
CONTINUOUS
10
5.566345826771653
20
-4.2514370078740154
11
5.5643065354330705
21
-4.250397913385827
0
LINE
8
BLACK
6
CONTINUOUS
10
5.5643065354330705
20
-4.250397913385827
11
5.5608225590551177
21
-4.2469139370078741
0
LINE
8
BLACK
6
CONTINUOUS
10
5.5608225590551177
20
-4.2469139370078741
11
5.5585857086614174
21
-4.2425238976377955
0
LINE
8
BLACK
6
CONTINUOUS
10
5.5585857086614174
20
-4.2425238976377955
11
5.557814960629921
21
-4.2376574803149607
0
LINE
8
BLACK
6
CONTINUOUS
10
5.557814960629921
20
-4.2376574803149607
11
5.557814960629921
21
-4.2219094488188977
0
LINE
8
BLACK
6
CONTINUOUS
10
5.557814960629921
20
-4.2219094488188977
11
5.5585857086614174
21
-4.217043031496063
0
LINE
8
BLACK
6
CONTINUOUS
10
5.5585857086614174
20
-4.217043031496063
11
5.5608225590551177
21
-4.2126529921259843
0
LINE
8
BLACK
6
CONTINUOUS
10
5.5608225590551177
20
-4.2126529921259843
11
5.5643065354330705
21
-4.2091690157480315
0
LINE
8
BLACK
6
CONTINUOUS
10
5.5643065354330705
20
-4.2091690157480315
11
5.5686965748031492
21
-4.2069321653543303
0
LINE
8
BLACK
6
CONTINUOUS
10
5.5686965748031492
20
-4.2069321653543303
11
5.5735629921259839
21
-4.2061614173228348
0
LINE
8
BLACK
6
CONTINUOUS
10
5.5735629921259839
20
-4.2061614173228348
11
5.6286811023622043
21
-4.2061614173228348
0
LINE
8
BLACK
6
CONTINUOUS
10
5.6286811023622043
20
-4.2061614173228348
11
5.6335475196850391
21
-4.2069321653543303
0
LINE
8
BLACK
6
CONTINUOUS
10
6.305414842519685
20
-4.3756466141732284
11
6.3079693307086613
21
-4.377353503937008
0
LINE
8
BLACK
6
CONTINUOUS
10
6.3079693307086613
20
-4.377353503937008
11
6.3096762204724408
21
-4.3799079921259843
0
LINE
8
BLACK
6
CONTINUOUS
10
6.3096762204724408
20
-4.3799079921259843
11
6.3102755905511811
21
-4.3829212598425196
0
LINE
8
BLACK
6
CONTINUOUS
10
6.3102755905511811
20
-4.3829212598425196
11
6.3102755905511811
21
-4.4179212598425197
0
LINE
8
BLACK
6
CONTINUOUS
10
6.3102755905511811
20
-4.4179212598425197
11
6.3096762204724408
21
-4.420934527559055
0
LINE
8
BLACK
6
CONTINUOUS
10
6.3096762204724408
20
-4.420934527559055
11
6.3079693307086613
21
-4.4234890157480313
0
LINE
8
BLACK
6
CONTINUOUS
10
6.3079693307086613
20
-4.4234890157480313
11
6.305414842519685
21
-4.4251959055118109
0
LINE
8
BLACK
6
CONTINUOUS
10
6.305414842519685
20
-4.4251959055118109
11
6.3024015748031497
21
-4.4257952755905512
0
LINE
8
BLACK
6
CONTINUOUS
10
6.3024015748031497
20
-4.4257952755905512
11
6.2474015748031491
21
-4.4257952755905512
0
LINE
8
BLACK
6
CONTINUOUS
10
6.2474015748031491
20
-4.4257952755905512
11
6.2443883070866137
21
-4.4251959055118109
0
LINE
8
BLACK
6
CONTINUOUS
10
6.2443883070866137
20
-4.4251959055118109
11
6.2418338188976374
21
-4.4234890157480313
0
LINE
8
BLACK
6
CONTINUOUS
10
6.2418338188976374
20
-4.4234890157480313
11
6.2401269291338579
21
-4.420934527559055
0
LINE
8
BLACK
6
CONTINUOUS
10
6.2401269291338579
20
-4.420934527559055
11
6.2395275590551176
21
-4.4179212598425197
0
LINE
8
BLACK
6
CONTINUOUS
10
6.2395275590551176
20
-4.4179212598425197
11
6.2395275590551176
21
-4.3829212598425196
0
LINE
8
BLACK
6
CONTINUOUS
10
6.2395275590551176
20
-4.3829212598425196
11
6.2401269291338579
21
-4.3799079921259843
0
LINE
8
BLACK
6
CONTINUOUS
10
6.2401269291338579
20
-4.3799079921259843
11
6.2418338188976374
21
-4.377353503937008
0
LINE
8
BLACK
6
CONTINUOUS
10
6.2418338188976374
20
-4.377353503937008
11
6.2443883070866137
21
-4.3756466141732284
0
LINE
8
BLACK
6
CONTINUOUS
10
6.2443883070866137
20
-4.3756466141732284
11
6.2474015748031491
21
-4.3750472440944881
0
LINE
8
BLACK
6
CONTINUOUS
10
6.2474015748031491
20
-4.3750472440944881
11
6.3024015748031497
21
-4.3750472440944881
0
LINE
8
BLACK
6
CONTINUOUS
10
6.3024015748031497
20
-4.3750472440944881
11
6.305414842519685
21
-4.3756466141732284
0
LINE
8
BLACK
6
CONTINUOUS
10
6.0158942125984254
20
-4.32396937007874
11
6.0184487007874017
21
-4.3256762598425196
0
LINE
8
BLACK
6
CONTINUOUS
10
6.0184487007874017
20
-4.3256762598425196
11
6.0201555905511812
21
-4.3282307480314959
0
LINE
8
BLACK
6
CONTINUOUS
10
6.0201555905511812
20
-4.3282307480314959
11
6.0207549606299215
21
-4.3312440157480312
0
LINE
8
BLACK
6
CONTINUOUS
10
6.0207549606299215
20
-4.3312440157480312
11
6.0207549606299215
21
-4.3862440157480318
0
LINE
8
BLACK
6
CONTINUOUS
10
6.0207549606299215
20
-4.3862440157480318
11
6.0201555905511812
21
-4.3892572834645671
0
LINE
8
BLACK
6
CONTINUOUS
10
6.0201555905511812
20
-4.3892572834645671
11
6.0184487007874017
21
-4.3918117716535434
0
LINE
8
BLACK
6
CONTINUOUS
10
6.0184487007874017
20
-4.3918117716535434
11
6.0158942125984254
21
-4.3935186614173229
0
LINE
8
BLACK
6
CONTINUOUS
10
6.0158942125984254
20
-4.3935186614173229
11
6.0128809448818901
21
-4.3941180314960633
0
LINE
8
BLACK
6
CONTINUOUS
10
6.0128809448818901
20
-4.3941180314960633
11
5.9778809448818899
21
-4.3941180314960633
0
LINE
8
BLACK
6
CONTINUOUS
10
5.9778809448818899
20
-4.3941180314960633
11
5.9748676771653546
21
-4.3935186614173229
0
LINE
8
BLACK
6
CONTINUOUS
10
5.9748676771653546
20
-4.3935186614173229
11
5.9723131889763774
21
-4.3918117716535434
0
LINE
8
BLACK
6
CONTINUOUS
10
5.9723131889763774
20
-4.3918117716535434
11
5.9706062992125979
21
-4.3892572834645671
0
LINE
8
BLACK
6
CONTINUOUS
10
5.9706062992125979
20
-4.3892572834645671
11
5.9700069291338584
21
-4.3862440157480318
0
LINE
8
BLACK
6
CONTINUOUS
10
5.9700069291338584
20
-4.3862440157480318
11
5.9700069291338584
21
-4.3312440157480312
0
LINE
8
BLACK
6
CONTINUOUS
10
5.9700069291338584
20
-4.3312440157480312
11
5.9706062992125979
21
-4.3282307480314959
0
LINE
8
BLACK
6
CONTINUOUS
10
5.9706062992125979
20
-4.3282307480314959
11
5.9723131889763774
21
-4.3256762598425196
0
LINE
8
BLACK
6
CONTINUOUS
10
5.9723131889763774
20
-4.3256762598425196
11
5.9748676771653546
21
-4.32396937007874
0
LINE
8
BLACK
6
CONTINUOUS
10
5.9748676771653546
20
-4.32396937007874
11
5.9778809448818899
21
-4.3233699999999997
0
LINE
8
BLACK
6
CONTINUOUS
10
5.9778809448818899
20
-4.3233699999999997
11
6.0128809448818901
21
-4.3233699999999997
0
LINE
8
BLACK
6
CONTINUOUS
10
6.0128809448818901
20
-4.3233699999999997
11
6.0158942125984254
21
-4.32396937007874
0
LINE
8
BLACK
6
CONTINUOUS
10
6.0908942125984247
20
-4.32396937007874
11
6.0934487007874019
21
-4.3256762598425196
0
LINE
8
BLACK
6
CONTINUOUS
10
6.0934487007874019
20
-4.3256762598425196
11
6.0951555905511814
21
-4.3282307480314959
0
LINE
8
BLACK
6
CONTINUOUS
10
6.0951555905511814
20
-4.3282307480314959
11
6.0957549606299208
21
-4.3312440157480312
0
LINE
8
BLACK
6
CONTINUOUS
10
6.0957549606299208
20
-4.3312440157480312
11
6.0957549606299208
21
-4.3862440157480318
0
LINE
8
BLACK
6
CONTINUOUS
10
6.0957549606299208
20
-4.3862440157480318
11
6.0951555905511814
21
-4.3892572834645671
0
LINE
8
BLACK
6
CONTINUOUS
10
6.0951555905511814
20
-4.3892572834645671
11
6.0934487007874019
21
-4.3918117716535434
0
LINE
8
BLACK
6
CONTINUOUS
10
6.0934487007874019
20
-4.3918117716535434
11
6.0908942125984247
21
-4.3935186614173229
0
LINE
8
BLACK
6
CONTINUOUS
10
6.0908942125984247
20
-4.3935186614173229
11
6.0878809448818894
21
-4.3941180314960633
0
LINE
8
BLACK
6
CONTINUOUS
10
6.0878809448818894
20
-4.3941180314960633
11
6.0528809448818892
21
-4.3941180314960633
0
LINE
8
BLACK
6
CONTINUOUS
10
6.0528809448818892
20
-4.3941180314960633
11
6.0498676771653539
21
-4.3935186614173229
0
LINE
8
BLACK
6
CONTINUOUS
10
6.0498676771653539
20
-4.3935186614173229
11
6.0473131889763776
21
-4.3918117716535434
0
LINE
8
BLACK
6
CONTINUOUS
10
6.0473131889763776
20
-4.3918117716535434
11
6.0456062992125981
21
-4.3892572834645671
0
LINE
8
BLACK
6
CONTINUOUS
10
6.0456062992125981
20
-4.3892572834645671
11
6.0450069291338577
21
-4.3862440157480318
0
LINE
8
BLACK
6
CONTINUOUS
10
6.0450069291338577
20
-4.3862440157480318
11
6.0450069291338577
21
-4.3312440157480312
0
LINE
8
BLACK
6
CONTINUOUS
10
6.0450069291338577
20
-4.3312440157480312
11
6.0456062992125981
21
-4.3282307480314959
0
LINE
8
BLACK
6
CONTINUOUS
10
6.0456062992125981
20
-4.3282307480314959
11
6.0473131889763776
21
-4.3256762598425196
0
LINE
8
BLACK
6
CONTINUOUS
10
6.0473131889763776
20
-4.3256762598425196
11
6.0498676771653539
21
-4.32396937007874
0
LINE
8
BLACK
6
CONTINUOUS
10
6.0498676771653539
20
-4.32396937007874
11
6.0528809448818892
21
-4.3233699999999997
0
LINE
8
BLACK
6
CONTINUOUS
10
6.0528809448818892
20
-4.3233699999999997
11
6.0878809448818894
21
-4.3233699999999997
0
LINE
8
BLACK
6
CONTINUOUS
10
6.0878809448818894
20
-4.3233699999999997
11
6.0908942125984247
21
-4.32396937007874
0
LINE
8
BLACK
6
CONTINUOUS
10
6.1498394094488189
20
-4.3236819291338584
11
6.1523938976377952
21
-4.3253888188976379
0
LINE
8
BLACK
6
CONTINUOUS
10
6.1523938976377952
20
-4.3253888188976379
11
6.1541007874015747
21
-4.3279433070866142
0
LINE
8
BLACK
6
CONTINUOUS
10
6.1541007874015747
20
-4.3279433070866142
11
6.1547001574803151
21
-4.3309565748031496
0
LINE
8
BLACK
6
CONTINUOUS
10
6.1547001574803151
20
-4.3309565748031496
11
6.1547001574803151
21
-4.3859565748031493
0
LINE
8
BLACK
6
CONTINUOUS
10
6.1547001574803151
20
-4.3859565748031493
11
6.1541007874015747
21
-4.3889698425196846
0
LINE
8
BLACK
6
CONTINUOUS
10
6.1541007874015747
20
-4.3889698425196846
11
6.1523938976377952
21
-4.3915243307086609
0
LINE
8
BLACK
6
CONTINUOUS
10
6.1523938976377952
20
-4.3915243307086609
11
6.1498394094488189
21
-4.3932312204724404
0
LINE
8
BLACK
6
CONTINUOUS
10
6.1498394094488189
20
-4.3932312204724404
11
6.1468261417322836
21
-4.3938305905511807
0
LINE
8
BLACK
6
CONTINUOUS
10
6.1468261417322836
20
-4.3938305905511807
11
6.1118261417322834
21
-4.3938305905511807
0
LINE
8
BLACK
6
CONTINUOUS
10
6.1118261417322834
20
-4.3938305905511807
11
6.1088128740157481
21
-4.3932312204724404
0
LINE
8
BLACK
6
CONTINUOUS
10
6.1088128740157481
20
-4.3932312204724404
11
6.1062583858267718
21
-4.3915243307086609
0
LINE
8
BLACK
6
CONTINUOUS
10
6.1062583858267718
20
-4.3915243307086609
11
6.1045514960629923
21
-4.3889698425196846
0
LINE
8
BLACK
6
CONTINUOUS
10
6.1045514960629923
20
-4.3889698425196846
11
6.103952125984252
21
-4.3859565748031493
0
LINE
8
BLACK
6
CONTINUOUS
10
6.103952125984252
20
-4.3859565748031493
11
6.103952125984252
21
-4.3309565748031496
0
LINE
8
BLACK
6
CONTINUOUS
10
6.103952125984252
20
-4.3309565748031496
11
6.1045514960629923
21
-4.3279433070866142
0
LINE
8
BLACK
6
CONTINUOUS
10
6.1045514960629923
20
-4.3279433070866142
11
6.1062583858267718
21
-4.3253888188976379
0
LINE
8
BLACK
6
CONTINUOUS
10
6.1062583858267718
20
-4.3253888188976379
11
6.1088128740157481
21
-4.3236819291338584
0
LINE
8
BLACK
6
CONTINUOUS
10
6.1088128740157481
20
-4.3236819291338584
11
6.1118261417322834
21
-4.3230825590551181
0
LINE
8
BLACK
6
CONTINUOUS
10
6.1118261417322834
20
-4.3230825590551181
11
6.1468261417322836
21
-4.3230825590551181
0
LINE
8
BLACK
6
CONTINUOUS
10
6.1468261417322836
20
-4.3230825590551181
11
6.1498394094488189
21
-4.3236819291338584
0
LINE
8
BLACK
6
CONTINUOUS
10
6.2248394094488191
20
-4.3236819291338584
11
6.2273938976377954
21
-4.3253888188976379
0
LINE
8
BLACK
6
CONTINUOUS
10
6.2273938976377954
20
-4.3253888188976379
11
6.2291007874015749
21
-4.3279433070866142
0
LINE
8
BLACK
6
CONTINUOUS
10
6.2291007874015749
20
-4.3279433070866142
11
6.2297001574803152
21
-4.3309565748031496
0
LINE
8
BLACK
6
CONTINUOUS
10
6.2297001574803152
20
-4.3309565748031496
11
6.2297001574803152
21
-4.3859565748031493
0
LINE
8
BLACK
6
CONTINUOUS
10
6.2297001574803152
20
-4.3859565748031493
11
6.2291007874015749
21
-4.3889698425196846
0
LINE
8
BLACK
6
CONTINUOUS
10
6.2291007874015749
20
-4.3889698425196846
11
6.2273938976377954
21
-4.3915243307086609
0
LINE
8
BLACK
6
CONTINUOUS
10
6.2273938976377954
20
-4.3915243307086609
11
6.2248394094488191
21
-4.3932312204724404
0
LINE
8
BLACK
6
CONTINUOUS
10
6.2248394094488191
20
-4.3932312204724404
11
6.2218261417322838
21
-4.3938305905511807
0
LINE
8
BLACK
6
CONTINUOUS
10
6.2218261417322838
20
-4.3938305905511807
11
6.1868261417322836
21
-4.3938305905511807
0
LINE
8
BLACK
6
CONTINUOUS
10
6.1868261417322836
20
-4.3938305905511807
11
6.1838128740157483
21
-4.3932312204724404
0
LINE
8
BLACK
6
CONTINUOUS
10
6.1838128740157483
20
-4.3932312204724404
11
6.1812583858267711
21
-4.3915243307086609
0
LINE
8
BLACK
6
CONTINUOUS
10
6.1812583858267711
20
-4.3915243307086609
11
6.1795514960629916
21
-4.3889698425196846
0
LINE
8
BLACK
6
CONTINUOUS
10
6.1795514960629916
20
-4.3889698425196846
11
6.1789521259842521
21
-4.3859565748031493
0
LINE
8
BLACK
6
CONTINUOUS
10
6.1789521259842521
20
-4.3859565748031493
11
6.1789521259842521
21
-4.3309565748031496
0
LINE
8
BLACK
6
CONTINUOUS
10
6.1789521259842521
20
-4.3309565748031496
11
6.1795514960629916
21
-4.3279433070866142
0
LINE
8
BLACK
6
CONTINUOUS
10
6.1795514960629916
20
-4.3279433070866142
11
6.1812583858267711
21
-4.3253888188976379
0
LINE
8
BLACK
6
CONTINUOUS
10
6.1812583858267711
20
-4.3253888188976379
11
6.1838128740157483
21
-4.3236819291338584
0
LINE
8
BLACK
6
CONTINUOUS
10
6.1838128740157483
20
-4.3236819291338584
11
6.1868261417322836
21
-4.3230825590551181
0
LINE
8
BLACK
6
CONTINUOUS
10
6.1868261417322836
20
-4.3230825590551181
11
6.2218261417322838
21
-4.3230825590551181
0
LINE
8
BLACK
6
CONTINUOUS
10
6.2218261417322838
20
-4.3230825590551181
11
6.2248394094488191
21
-4.3236819291338584
0
LINE
8
BLACK
6
CONTINUOUS
10
5.7389218897637795
20
-4.3346687007874012
11
5.7414763779527558
21
-4.3363755905511807
0
LINE
8
BLACK
6
CONTINUOUS
10
5.7414763779527558
20
-4.3363755905511807
11
5.7431832677165353
21
-4.338930078740157
0
LINE
8
BLACK
6
CONTINUOUS
10
5.7431832677165353
20
-4.338930078740157
11
5.7437826377952756
21
-4.3419433464566932
0
LINE
8
BLACK
6
CONTINUOUS
10
5.7437826377952756
20
-4.3419433464566932
11
5.7437826377952756
21
-4.3813134251968506
0
LINE
8
BLACK
6
CONTINUOUS
10
5.7437826377952756
20
-4.3813134251968506
11
5.7431832677165353
21
-4.3843266929133859
0
LINE
8
BLACK
6
CONTINUOUS
10
5.7431832677165353
20
-4.3843266929133859
11
5.7414763779527558
21
-4.3868811811023622
0
LINE
8
BLACK
6
CONTINUOUS
10
5.7414763779527558
20
-4.3868811811023622
11
5.7389218897637795
21
-4.3885880708661418
0
LINE
8
BLACK
6
CONTINUOUS
10
5.7389218897637795
20
-4.3885880708661418
11
5.7359086220472442
21
-4.3891874409448821
0
LINE
8
BLACK
6
CONTINUOUS
10
5.7359086220472442
20
-4.3891874409448821
11
5.6650424803149608
21
-4.3891874409448821
0
LINE
8
BLACK
6
CONTINUOUS
10
5.6650424803149608
20
-4.3891874409448821
11
5.6620292125984255
21
-4.3885880708661418
0
LINE
8
BLACK
6
CONTINUOUS
10
5.6620292125984255
20
-4.3885880708661418
11
5.6594747244094483
21
-4.3868811811023622
0
LINE
8
BLACK
6
CONTINUOUS
10
5.6594747244094483
20
-4.3868811811023622
11
5.6577678346456688
21
-4.3843266929133859
0
LINE
8
BLACK
6
CONTINUOUS
10
5.6577678346456688
20
-4.3843266929133859
11
5.6571684645669293
21
-4.3813134251968506
0
LINE
8
BLACK
6
CONTINUOUS
10
5.6571684645669293
20
-4.3813134251968506
11
5.6571684645669293
21
-4.3419433464566932
0
LINE
8
BLACK
6
CONTINUOUS
10
5.6571684645669293
20
-4.3419433464566932
11
5.6577678346456688
21
-4.338930078740157
0
LINE
8
BLACK
6
CONTINUOUS
10
5.6577678346456688
20
-4.338930078740157
11
5.6594747244094483
21
-4.3363755905511807
0
LINE
8
BLACK
6
CONTINUOUS
10
5.6594747244094483
20
-4.3363755905511807
11
5.6620292125984255
21
-4.3346687007874012
0
LINE
8
BLACK
6
CONTINUOUS
10
5.6620292125984255
20
-4.3346687007874012
11
5.6650424803149608
21
-4.3340693307086617
0
LINE
8
BLACK
6
CONTINUOUS
10
5.6650424803149608
20
-4.3340693307086617
11
5.7359086220472442
21
-4.3340693307086617
0
LINE
8
BLACK
6
CONTINUOUS
10
5.7359086220472442
20
-4.3340693307086617
11
5.7389218897637795
21
-4.3346687007874012
0
LINE
8
BLACK
6
CONTINUOUS
10
5.959394330708661
20
-4.3346687007874012
11
5.9619488188976373
21
-4.3363755905511807
0
LINE
8
BLACK
6
CONTINUOUS
10
5.9619488188976373
20
-4.3363755905511807
11
5.9636557086614168
21
-4.338930078740157
0
LINE
8
BLACK
6
CONTINUOUS
10
5.9636557086614168
20
-4.338930078740157
11
5.9642550787401571
21
-4.3419433464566932
0
LINE
8
BLACK
6
CONTINUOUS
10
5.9642550787401571
20
-4.3419433464566932
11
5.9642550787401571
21
-4.3813134251968506
0
LINE
8
BLACK
6
CONTINUOUS
10
5.9642550787401571
20
-4.3813134251968506
11
5.9636557086614168
21
-4.3843266929133859
0
LINE
8
BLACK
6
CONTINUOUS
10
5.9636557086614168
20
-4.3843266929133859
11
5.9619488188976373
21
-4.3868811811023622
0
LINE
8
BLACK
6
CONTINUOUS
10
5.9619488188976373
20
-4.3868811811023622
11
5.959394330708661
21
-4.3885880708661418
0
LINE
8
BLACK
6
CONTINUOUS
10
5.959394330708661
20
-4.3885880708661418
11
5.9563810629921257
21
-4.3891874409448821
0
LINE
8
BLACK
6
CONTINUOUS
10
5.9563810629921257
20
-4.3891874409448821
11
5.8855149212598423
21
-4.3891874409448821
0
LINE
8
BLACK
6
CONTINUOUS
10
5.8855149212598423
20
-4.3891874409448821
11
5.882501653543307
21
-4.3885880708661418
0
LINE
8
BLACK
6
CONTINUOUS
10
5.882501653543307
20
-4.3885880708661418
11
5.8799471653543307
21
-4.3868811811023622
0
LINE
8
BLACK
6
CONTINUOUS
10
5.8799471653543307
20
-4.3868811811023622
11
5.8782402755905512
21
-4.3843266929133859
0
LINE
8
BLACK
6
CONTINUOUS
10
5.8782402755905512
20
-4.3843266929133859
11
5.8776409055118108
21
-4.3813134251968506
0
LINE
8
BLACK
6
CONTINUOUS
10
5.8776409055118108
20
-4.3813134251968506
11
5.8776409055118108
21
-4.3419433464566932
0
LINE
8
BLACK
6
CONTINUOUS
10
5.8776409055118108
20
-4.3419433464566932
11
5.8782402755905512
21
-4.338930078740157
0
LINE
8
BLACK
6
CONTINUOUS
10
5.8782402755905512
20
-4.338930078740157
11
5.8799471653543307
21
-4.3363755905511807
0
LINE
8
BLACK
6
CONTINUOUS
10
5.8799471653543307
20
-4.3363755905511807
11
5.882501653543307
21
-4.3346687007874012
0
LINE
8
BLACK
6
CONTINUOUS
10
5.882501653543307
20
-4.3346687007874012
11
5.8855149212598423
21
-4.3340693307086617
0
LINE
8
BLACK
6
CONTINUOUS
10
5.8855149212598423
20
-4.3340693307086617
11
5.9563810629921257
21
-4.3340693307086617
0
LINE
8
BLACK
6
CONTINUOUS
10
5.9563810629921257
20
-4.3340693307086617
11
5.959394330708661
21
-4.3346687007874012
0
LINE
8
BLACK
6
CONTINUOUS
10
4.9504148425196846
20
-4.3101466141732283
11
4.9529693307086617
21
-4.3118535039370078
0
LINE
8
BLACK
6
CONTINUOUS
10
4.9529693307086617
20
-4.3118535039370078
11
4.9546762204724413
21
-4.3144079921259841
0
LINE
8
BLACK
6
CONTINUOUS
10
4.9546762204724413
20
-4.3144079921259841
11
4.9552755905511807
21
-4.3174212598425195
0
LINE
8
BLACK
6
CONTINUOUS
10
4.9552755905511807
20
-4.3174212598425195
11
4.9552755905511807
21
-4.3724212598425192
0
LINE
8
BLACK
6
CONTINUOUS
10
4.9552755905511807
20
-4.3724212598425192
11
4.9546762204724413
21
-4.3754345275590554
0
LINE
8
BLACK
6
CONTINUOUS
10
4.9546762204724413
20
-4.3754345275590554
11
4.9529693307086617
21
-4.3779890157480317
0
LINE
8
BLACK
6
CONTINUOUS
10
4.9529693307086617
20
-4.3779890157480317
11
4.9504148425196846
21
-4.3796959055118112
0
LINE
8
BLACK
6
CONTINUOUS
10
4.9504148425196846
20
-4.3796959055118112
11
4.9474015748031492
21
-4.3802952755905507
0
LINE
8
BLACK
6
CONTINUOUS
10
4.9474015748031492
20
-4.3802952755905507
11
4.9124015748031491
21
-4.3802952755905507
0
LINE
8
BLACK
6
CONTINUOUS
10
4.9124015748031491
20
-4.3802952755905507
11
4.9093883070866138
21
-4.3796959055118112
0
LINE
8
BLACK
6
CONTINUOUS
10
4.9093883070866138
20
-4.3796959055118112
11
4.9068338188976375
21
-4.3779890157480317
0
LINE
8
BLACK
6
CONTINUOUS
10
4.9068338188976375
20
-4.3779890157480317
11
4.9051269291338579
21
-4.3754345275590554
0
LINE
8
BLACK
6
CONTINUOUS
10
4.9051269291338579
20
-4.3754345275590554
11
4.9045275590551176
21
-4.3724212598425192
0
LINE
8
BLACK
6
CONTINUOUS
10
4.9045275590551176
20
-4.3724212598425192
11
4.9045275590551176
21
-4.3174212598425195
0
LINE
8
BLACK
6
CONTINUOUS
10
4.9045275590551176
20
-4.3174212598425195
11
4.9051269291338579
21
-4.3144079921259841
0
LINE
8
BLACK
6
CONTINUOUS
10
4.9051269291338579
20
-4.3144079921259841
11
4.9068338188976375
21
-4.3118535039370078
0
LINE
8
BLACK
6
CONTINUOUS
10
4.9068338188976375
20
-4.3118535039370078
11
4.9093883070866138
21
-4.3101466141732283
0
LINE
8
BLACK
6
CONTINUOUS
10
4.9093883070866138
20
-4.3101466141732283
11
4.9124015748031491
21
-4.309547244094488
0
LINE
8
BLACK
6
CONTINUOUS
10
4.9124015748031491
20
-4.309547244094488
11
4.9474015748031492
21
-4.309547244094488
0
LINE
8
BLACK
6
CONTINUOUS
10
4.9474015748031492
20
-4.309547244094488
11
4.9504148425196846
21
-4.3101466141732283
0
LINE
8
BLACK
6
CONTINUOUS
10
5.0254148425196847
20
-4.3101466141732283
11
5.027969330708661
21
-4.3118535039370078
0
LINE
8
BLACK
6
CONTINUOUS
10
5.027969330708661
20
-4.3118535039370078
11
5.0296762204724406
21
-4.3144079921259841
0
LINE
8
BLACK
6
CONTINUOUS
10
5.0296762204724406
20
-4.3144079921259841
11
5.0302755905511809
21
-4.3174212598425195
0
LINE
8
BLACK
6
CONTINUOUS
10
5.0302755905511809
20
-4.3174212598425195
11
5.0302755905511809
21
-4.3724212598425192
0
LINE
8
BLACK
6
CONTINUOUS
10
5.0302755905511809
20
-4.3724212598425192
11
5.0296762204724406
21
-4.3754345275590554
0
LINE
8
BLACK
6
CONTINUOUS
10
5.0296762204724406
20
-4.3754345275590554
11
5.027969330708661
21
-4.3779890157480317
0
LINE
8
BLACK
6
CONTINUOUS
10
5.027969330708661
20
-4.3779890157480317
11
5.0254148425196847
21
-4.3796959055118112
0
LINE
8
BLACK
6
CONTINUOUS
10
5.0254148425196847
20
-4.3796959055118112
11
5.0224015748031494
21
-4.3802952755905507
0
LINE
8
BLACK
6
CONTINUOUS
10
5.0224015748031494
20
-4.3802952755905507
11
4.9874015748031493
21
-4.3802952755905507
0
LINE
8
BLACK
6
CONTINUOUS
10
4.9874015748031493
20
-4.3802952755905507
11
4.984388307086614
21
-4.3796959055118112
0
LINE
8
BLACK
6
CONTINUOUS
10
4.984388307086614
20
-4.3796959055118112
11
4.9818338188976377
21
-4.3779890157480317
0
LINE
8
BLACK
6
CONTINUOUS
10
4.9818338188976377
20
-4.3779890157480317
11
4.9801269291338581
21
-4.3754345275590554
0
LINE
8
BLACK
6
CONTINUOUS
10
4.9801269291338581
20
-4.3754345275590554
11
4.9795275590551178
21
-4.3724212598425192
0
LINE
8
BLACK
6
CONTINUOUS
10
4.9795275590551178
20
-4.3724212598425192
11
4.9795275590551178
21
-4.3174212598425195
0
LINE
8
BLACK
6
CONTINUOUS
10
4.9795275590551178
20
-4.3174212598425195
11
4.9801269291338581
21
-4.3144079921259841
0
LINE
8
BLACK
6
CONTINUOUS
10
4.9801269291338581
20
-4.3144079921259841
11
4.9818338188976377
21
-4.3118535039370078
0
LINE
8
BLACK
6
CONTINUOUS
10
4.9818338188976377
20
-4.3118535039370078
11
4.984388307086614
21
-4.3101466141732283
0
LINE
8
BLACK
6
CONTINUOUS
10
4.984388307086614
20
-4.3101466141732283
11
4.9874015748031493
21
-4.309547244094488
0
LINE
8
BLACK
6
CONTINUOUS
10
4.9874015748031493
20
-4.309547244094488
11
5.0224015748031494
21
-4.309547244094488
0
LINE
8
BLACK
6
CONTINUOUS
10
5.0224015748031494
20
-4.309547244094488
11
5.0254148425196847
21
-4.3101466141732283
0
LINE
8
BLACK
6
CONTINUOUS
10
6.305414842519685
20
-4.3006466141732282
11
6.3079693307086613
21
-4.3023535039370078
0
LINE
8
BLACK
6
CONTINUOUS
10
6.3079693307086613
20
-4.3023535039370078
11
6.3096762204724408
21
-4.3049079921259841
0
LINE
8
BLACK
6
CONTINUOUS
10
6.3096762204724408
20
-4.3049079921259841
11
6.3102755905511811
21
-4.3079212598425194
0
LINE
8
BLACK
6
CONTINUOUS
10
6.3102755905511811
20
-4.3079212598425194
11
6.3102755905511811
21
-4.3429212598425195
0
LINE
8
BLACK
6
CONTINUOUS
10
6.3102755905511811
20
-4.3429212598425195
11
6.3096762204724408
21
-4.3459345275590548
0
LINE
8
BLACK
6
CONTINUOUS
10
6.3096762204724408
20
-4.3459345275590548
11
6.3079693307086613
21
-4.3484890157480312
0
LINE
8
BLACK
6
CONTINUOUS
10
6.3079693307086613
20
-4.3484890157480312
11
6.305414842519685
21
-4.3501959055118107
0
LINE
8
BLACK
6
CONTINUOUS
10
6.305414842519685
20
-4.3501959055118107
11
6.3024015748031497
21
-4.350795275590551
0
LINE
8
BLACK
6
CONTINUOUS
10
6.3024015748031497
20
-4.350795275590551
11
6.2474015748031491
21
-4.350795275590551
0
LINE
8
BLACK
6
CONTINUOUS
10
6.2474015748031491
20
-4.350795275590551
11
6.2443883070866137
21
-4.3501959055118107
0
LINE
8
BLACK
6
CONTINUOUS
10
6.2443883070866137
20
-4.3501959055118107
11
6.2418338188976374
21
-4.3484890157480312
0
LINE
8
BLACK
6
CONTINUOUS
10
6.2418338188976374
20
-4.3484890157480312
11
6.2401269291338579
21
-4.3459345275590548
0
LINE
8
BLACK
6
CONTINUOUS
10
6.2401269291338579
20
-4.3459345275590548
11
6.2395275590551176
21
-4.3429212598425195
0
LINE
8
BLACK
6
CONTINUOUS
10
6.2395275590551176
20
-4.3429212598425195
11
6.2395275590551176
21
-4.3079212598425194
0
LINE
8
BLACK
6
CONTINUOUS
10
6.2395275590551176
20
-4.3079212598425194
11
6.2401269291338579
21
-4.3049079921259841
0
LINE
8
BLACK
6
CONTINUOUS
10
6.2401269291338579
20
-4.3049079921259841
11
6.2418338188976374
21
-4.3023535039370078
0
LINE
8
BLACK
6
CONTINUOUS
10
6.2418338188976374
20
-4.3023535039370078
11
6.2443883070866137
21
-4.3006466141732282
0
LINE
8
BLACK
6
CONTINUOUS
10
6.2443883070866137
20
-4.3006466141732282
11
6.2474015748031491
21
-4.3000472440944879
0
LINE
8
BLACK
6
CONTINUOUS
10
6.2474015748031491
20
-4.3000472440944879
11
6.3024015748031497
21
-4.3000472440944879
0
LINE
8
BLACK
6
CONTINUOUS
10
6.3024015748031497
20
-4.3000472440944879
11
6.305414842519685
21
-4.3006466141732282
0
LINE
8
BLACK
6
CONTINUOUS
10
6.1493933858267713
20
-4.2616212992125986
11
6.1513013779527554
21
-4.262896181102362
0
LINE
8
BLACK
6
CONTINUOUS
10
6.1513013779527554
20
-4.262896181102362
11
6.1532093700787396
21
-4.2616212992125986
0
LINE
8
BLACK
6
CONTINUOUS
10
6.1532093700787396
20
-4.2616212992125986
11
6.1562226377952758
21
-4.2610219291338582
0
LINE
8
BLACK
6
CONTINUOUS
10
6.1562226377952758
20
-4.2610219291338582
11
6.1719706692913388
21
-4.2610219291338582
0
LINE
8
BLACK
6
CONTINUOUS
10
6.1719706692913388
20
-4.2610219291338582
11
6.1749839370078741
21
-4.2616212992125986
0
LINE
8
BLACK
6
CONTINUOUS
10
6.1749839370078741
20
-4.2616212992125986
11
6.1768919291338582
21
-4.262896181102362
0
LINE
8
BLACK
6
CONTINUOUS
10
6.1768919291338582
20
-4.262896181102362
11
6.1787999212598423
21
-4.2616212992125986
0
LINE
8
BLACK
6
CONTINUOUS
10
6.1787999212598423
20
-4.2616212992125986
11
6.1818131889763777
21
-4.2610219291338582
0
LINE
8
BLACK
6
CONTINUOUS
10
6.1818131889763777
20
-4.2610219291338582
11
6.1975612204724406
21
-4.2610219291338582
0
LINE
8
BLACK
6
CONTINUOUS
10
6.1975612204724406
20
-4.2610219291338582
11
6.2005744881889759
21
-4.2616212992125986
0
LINE
8
BLACK
6
CONTINUOUS
10
6.2005744881889759
20
-4.2616212992125986
11
6.2031289763779522
21
-4.2633281889763781
0
LINE
8
BLACK
6
CONTINUOUS
10
6.2031289763779522
20
-4.2633281889763781
11
6.2048358661417318
21
-4.2658826771653544
0
LINE
8
BLACK
6
CONTINUOUS
10
6.2048358661417318
20
-4.2658826771653544
11
6.2054352362204721
21
-4.2688959448818897
0
LINE
8
BLACK
6
CONTINUOUS
10
6.2054352362204721
20
-4.2688959448818897
11
6.2054352362204721
21
-4.2944864960629916
0
LINE
8
BLACK
6
CONTINUOUS
10
6.2054352362204721
20
-4.2944864960629916
11
6.2048358661417318
21
-4.2974997637795278
0
LINE
8
BLACK
6
CONTINUOUS
10
6.2048358661417318
20
-4.2974997637795278
11
6.2031289763779522
21
-4.3000542519685041
0
LINE
8
BLACK
6
CONTINUOUS
10
6.2031289763779522
20
-4.3000542519685041
11
6.2005744881889759
21
-4.3017611417322836
0
LINE
8
BLACK
6
CONTINUOUS
10
6.2005744881889759
20
-4.3017611417322836
11
6.1975612204724406
21
-4.3023605118110231
0
LINE
8
BLACK
6
CONTINUOUS
10
6.1975612204724406
20
-4.3023605118110231
11
6.1818131889763777
21
-4.3023605118110231
0
LINE
8
BLACK
6
CONTINUOUS
10
6.1818131889763777
20
-4.3023605118110231
11
6.1787999212598423
21
-4.3017611417322836
0
LINE
8
BLACK
6
CONTINUOUS
10
6.1787999212598423
20
-4.3017611417322836
11
6.1768919291338582
21
-4.3004862204724406
0
LINE
8
BLACK
6
CONTINUOUS
10
6.1768919291338582
20
-4.3004862204724406
11
6.1749839370078741
21
-4.3017611417322836
0
LINE
8
BLACK
6
CONTINUOUS
10
6.1749839370078741
20
-4.3017611417322836
11
6.1719706692913388
21
-4.3023605118110231
0
LINE
8
BLACK
6
CONTINUOUS
10
6.1719706692913388
20
-4.3023605118110231
11
6.1562226377952758
21
-4.3023605118110231
0
LINE
8
BLACK
6
CONTINUOUS
10
6.1562226377952758
20
-4.3023605118110231
11
6.1532093700787396
21
-4.3017611417322836
0
LINE
8
BLACK
6
CONTINUOUS
10
6.1532093700787396
20
-4.3017611417322836
11
6.1513013779527554
21
-4.3004862204724406
0
LINE
8
BLACK
6
CONTINUOUS
10
6.1513013779527554
20
-4.3004862204724406
11
6.1493933858267713
21
-4.3017611417322836
0
LINE
8
BLACK
6
CONTINUOUS
10
6.1493933858267713
20
-4.3017611417322836
11
6.146380118110236
21
-4.3023605118110231
0
LINE
8
BLACK
6
CONTINUOUS
10
6.146380118110236
20
-4.3023605118110231
11
6.130632086614173
21
-4.3023605118110231
0
LINE
8
BLACK
6
CONTINUOUS
10
6.130632086614173
20
-4.3023605118110231
11
6.1276188188976377
21
-4.3017611417322836
0
LINE
8
BLACK
6
CONTINUOUS
10
6.1276188188976377
20
-4.3017611417322836
11
6.1250643307086614
21
-4.3000542519685041
0
LINE
8
BLACK
6
CONTINUOUS
10
6.1250643307086614
20
-4.3000542519685041
11
6.1233574409448819
21
-4.2974997637795278
0
LINE
8
BLACK
6
CONTINUOUS
10
6.1233574409448819
20
-4.2974997637795278
11
6.1227580708661415
21
-4.2944864960629916
0
LINE
8
BLACK
6
CONTINUOUS
10
6.1227580708661415
20
-4.2944864960629916
11
6.1227580708661415
21
-4.2688959448818897
0
LINE
8
BLACK
6
CONTINUOUS
10
6.1227580708661415
20
-4.2688959448818897
11
6.1233574409448819
21
-4.2658826771653544
0
LINE
8
BLACK
6
CONTINUOUS
10
6.1233574409448819
20
-4.2658826771653544
11
6.1250643307086614
21
-4.2633281889763781
0
LINE
8
BLACK
6
CONTINUOUS
10
6.1250643307086614
20
-4.2633281889763781
11
6.1276188188976377
21
-4.2616212992125986
0
LINE
8
BLACK
6
CONTINUOUS
10
6.1276188188976377
20
-4.2616212992125986
11
6.130632086614173
21
-4.2610219291338582
0
LINE
8
BLACK
6
CONTINUOUS
10
6.130632086614173
20
-4.2610219291338582
11
6.146380118110236
21
-4.2610219291338582
0
LINE
8
BLACK
6
CONTINUOUS
10
6.146380118110236
20
-4.2610219291338582
11
6.1493933858267713
21
-4.2616212992125986
0
LINE
8
BLACK
6
CONTINUOUS
10
4.9504148425196846
20
-4.2301466141732282
11
4.9529693307086617
21
-4.2318535039370078
0
LINE
8
BLACK
6
CONTINUOUS
10
4.9529693307086617
20
-4.2318535039370078
11
4.9546762204724413
21
-4.2344079921259841
0
LINE
8
BLACK
6
CONTINUOUS
10
4.9546762204724413
20
-4.2344079921259841
11
4.9552755905511807
21
-4.2374212598425194
0
LINE
8
BLACK
6
CONTINUOUS
10
4.9552755905511807
20
-4.2374212598425194
11
4.9552755905511807
21
-4.29242125984252
0
LINE
8
BLACK
6
CONTINUOUS
10
4.9552755905511807
20
-4.29242125984252
11
4.9546762204724413
21
-4.2954345275590553
0
LINE
8
BLACK
6
CONTINUOUS
10
4.9546762204724413
20
-4.2954345275590553
11
4.9529693307086617
21
-4.2979890157480316
0
LINE
8
BLACK
6
CONTINUOUS
10
4.9529693307086617
20
-4.2979890157480316
11
4.9504148425196846
21
-4.2996959055118111
0
LINE
8
BLACK
6
CONTINUOUS
10
4.9504148425196846
20
-4.2996959055118111
11
4.9474015748031492
21
-4.3002952755905515
0
LINE
8
BLACK
6
CONTINUOUS
10
4.9474015748031492
20
-4.3002952755905515
11
4.9124015748031491
21
-4.3002952755905515
0
LINE
8
BLACK
6
CONTINUOUS
10
4.9124015748031491
20
-4.3002952755905515
11
4.9093883070866138
21
-4.2996959055118111
0
LINE
8
BLACK
6
CONTINUOUS
10
4.9093883070866138
20
-4.2996959055118111
11
4.9068338188976375
21
-4.2979890157480316
0
LINE
8
BLACK
6
CONTINUOUS
10
4.9068338188976375
20
-4.2979890157480316
11
4.9051269291338579
21
-4.2954345275590553
0
LINE
8
BLACK
6
CONTINUOUS
10
4.9051269291338579
20
-4.2954345275590553
11
4.9045275590551176
21
-4.29242125984252
0
LINE
8
BLACK
6
CONTINUOUS
10
4.9045275590551176
20
-4.29242125984252
11
4.9045275590551176
21
-4.2374212598425194
0
LINE
8
BLACK
6
CONTINUOUS
10
4.9045275590551176
20
-4.2374212598425194
11
4.9051269291338579
21
-4.2344079921259841
0
LINE
8
BLACK
6
CONTINUOUS
10
4.9051269291338579
20
-4.2344079921259841
11
4.9068338188976375
21
-4.2318535039370078
0
LINE
8
BLACK
6
CONTINUOUS
10
4.9068338188976375
20
-4.2318535039370078
11
4.9093883070866138
21
-4.2301466141732282
0
LINE
8
BLACK
6
CONTINUOUS
10
4.9093883070866138
20
-4.2301466141732282
11
4.9124015748031491
21
-4.2295472440944879
0
LINE
8
BLACK
6
CONTINUOUS
10
4.9124015748031491
20
-4.2295472440944879
11
4.9474015748031492
21
-4.2295472440944879
0
LINE
8
BLACK
6
CONTINUOUS
10
4.9474015748031492
20
-4.2295472440944879
11
4.9504148425196846
21
-4.2301466141732282
0
LINE
8
BLACK
6
CONTINUOUS
10
5.0254148425196847
20
-4.2301466141732282
11
5.027969330708661
21
-4.2318535039370078
0
LINE
8
BLACK
6
CONTINUOUS
10
5.027969330708661
20
-4.2318535039370078
11
5.0296762204724406
21
-4.2344079921259841
0
LINE
8
BLACK
6
CONTINUOUS
10
5.0296762204724406
20
-4.2344079921259841
11
5.0302755905511809
21
-4.2374212598425194
0
LINE
8
BLACK
6
CONTINUOUS
10
5.0302755905511809
20
-4.2374212598425194
11
5.0302755905511809
21
-4.29242125984252
0
LINE
8
BLACK
6
CONTINUOUS
10
5.0302755905511809
20
-4.29242125984252
11
5.0296762204724406
21
-4.2954345275590553
0
LINE
8
BLACK
6
CONTINUOUS
10
5.0296762204724406
20
-4.2954345275590553
11
5.027969330708661
21
-4.2979890157480316
0
LINE
8
BLACK
6
CONTINUOUS
10
5.027969330708661
20
-4.2979890157480316
11
5.0254148425196847
21
-4.2996959055118111
0
LINE
8
BLACK
6
CONTINUOUS
10
5.0254148425196847
20
-4.2996959055118111
11
5.0224015748031494
21
-4.3002952755905515
0
LINE
8
BLACK
6
CONTINUOUS
10
5.0224015748031494
20
-4.3002952755905515
11
4.9874015748031493
21
-4.3002952755905515
0
LINE
8
BLACK
6
CONTINUOUS
10
4.9874015748031493
20
-4.3002952755905515
11
4.984388307086614
21
-4.2996959055118111
0
LINE
8
BLACK
6
CONTINUOUS
10
4.984388307086614
20
-4.2996959055118111
11
4.9818338188976377
21
-4.2979890157480316
0
LINE
8
BLACK
6
CONTINUOUS
10
4.9818338188976377
20
-4.2979890157480316
11
4.9801269291338581
21
-4.2954345275590553
0
LINE
8
BLACK
6
CONTINUOUS
10
4.9801269291338581
20
-4.2954345275590553
11
4.9795275590551178
21
-4.29242125984252
0
LINE
8
BLACK
6
CONTINUOUS
10
4.9795275590551178
20
-4.29242125984252
11
4.9795275590551178
21
-4.2374212598425194
0
LINE
8
BLACK
6
CONTINUOUS
10
4.9795275590551178
20
-4.2374212598425194
11
4.9801269291338581
21
-4.2344079921259841
0
LINE
8
BLACK
6
CONTINUOUS
10
4.9801269291338581
20
-4.2344079921259841
11
4.9818338188976377
21
-4.2318535039370078
0
LINE
8
BLACK
6
CONTINUOUS
10
4.9818338188976377
20
-4.2318535039370078
11
4.984388307086614
21
-4.2301466141732282
0
LINE
8
BLACK
6
CONTINUOUS
10
4.984388307086614
20
-4.2301466141732282
11
4.9874015748031493
21
-4.2295472440944879
0
LINE
8
BLACK
6
CONTINUOUS
10
4.9874015748031493
20
-4.2295472440944879
11
5.0224015748031494
21
-4.2295472440944879
0
LINE
8
BLACK
6
CONTINUOUS
10
5.0224015748031494
20
-4.2295472440944879
11
5.0254148425196847
21
-4.2301466141732282
0
LINE
8
BLACK
6
CONTINUOUS
10
6.2718128740157475
20
-4.222051811023622
11
6.2743673622047247
21
-4.2237587007874016
0
LINE
8
BLACK
6
CONTINUOUS
10
6.2743673622047247
20
-4.2237587007874016
11
6.2760742519685042
21
-4.2263131889763779
0
LINE
8
BLACK
6
CONTINUOUS
10
6.2760742519685042
20
-4.2263131889763779
11
6.2766736220472437
21
-4.2293264566929132
0
LINE
8
BLACK
6
CONTINUOUS
10
6.2766736220472437
20
-4.2293264566929132
11
6.2766736220472437
21
-4.2843264566929129
0
LINE
8
BLACK
6
CONTINUOUS
10
6.2766736220472437
20
-4.2843264566929129
11
6.2760742519685042
21
-4.2873397244094491
0
LINE
8
BLACK
6
CONTINUOUS
10
6.2760742519685042
20
-4.2873397244094491
11
6.2743673622047247
21
-4.2898942125984254
0
LINE
8
BLACK
6
CONTINUOUS
10
6.2743673622047247
20
-4.2898942125984254
11
6.2718128740157475
21
-4.2916011023622049
0
LINE
8
BLACK
6
CONTINUOUS
10
6.2718128740157475
20
-4.2916011023622049
11
6.2687996062992122
21
-4.2922004724409444
0
LINE
8
BLACK
6
CONTINUOUS
10
6.2687996062992122
20
-4.2922004724409444
11
6.233799606299212
21
-4.2922004724409444
0
LINE
8
BLACK
6
CONTINUOUS
10
6.233799606299212
20
-4.2922004724409444
11
6.2307863385826767
21
-4.2916011023622049
0
LINE
8
BLACK
6
CONTINUOUS
10
6.2307863385826767
20
-4.2916011023622049
11
6.2282318503937004
21
-4.2898942125984254
0
LINE
8
BLACK
6
CONTINUOUS
10
6.2282318503937004
20
-4.2898942125984254
11
6.2265249606299209
21
-4.2873397244094491
0
LINE
8
BLACK
6
CONTINUOUS
10
6.2265249606299209
20
-4.2873397244094491
11
6.2259255905511806
21
-4.2843264566929129
0
LINE
8
BLACK
6
CONTINUOUS
10
6.2259255905511806
20
-4.2843264566929129
11
6.2259255905511806
21
-4.2293264566929132
0
LINE
8
BLACK
6
CONTINUOUS
10
6.2259255905511806
20
-4.2293264566929132
11
6.2265249606299209
21
-4.2263131889763779
0
LINE
8
BLACK
6
CONTINUOUS
10
6.2265249606299209
20
-4.2263131889763779
11
6.2282318503937004
21
-4.2237587007874016
0
LINE
8
BLACK
6
CONTINUOUS
10
6.2282318503937004
20
-4.2237587007874016
11
6.2307863385826767
21
-4.222051811023622
0
LINE
8
BLACK
6
CONTINUOUS
10
6.2307863385826767
20
-4.222051811023622
11
6.233799606299212
21
-4.2214524409448817
0
LINE
8
BLACK
6
CONTINUOUS
10
6.233799606299212
20
-4.2214524409448817
11
6.2687996062992122
21
-4.2214524409448817
0
LINE
8
BLACK
6
CONTINUOUS
10
6.2687996062992122
20
-4.2214524409448817
11
6.2718128740157475
21
-4.222051811023622
0
LINE
8
BLACK
6
CONTINUOUS
10
6.3468128740157477
20
-4.222051811023622
11
6.349367362204724
21
-4.2237587007874016
0
LINE
8
BLACK
6
CONTINUOUS
10
6.349367362204724
20
-4.2237587007874016
11
6.3510742519685035
21
-4.2263131889763779
0
LINE
8
BLACK
6
CONTINUOUS
10
6.3510742519685035
20
-4.2263131889763779
11
6.3516736220472438
21
-4.2293264566929132
0
LINE
8
BLACK
6
CONTINUOUS
10
6.3516736220472438
20
-4.2293264566929132
11
6.3516736220472438
21
-4.2843264566929129
0
LINE
8
BLACK
6
CONTINUOUS
10
6.3516736220472438
20
-4.2843264566929129
11
6.3510742519685035
21
-4.2873397244094491
0
LINE
8
BLACK
6
CONTINUOUS
10
6.3510742519685035
20
-4.2873397244094491
11
6.349367362204724
21
-4.2898942125984254
0
LINE
8
BLACK
6
CONTINUOUS
10
6.349367362204724
20
-4.2898942125984254
11
6.3468128740157477
21
-4.2916011023622049
0
LINE
8
BLACK
6
CONTINUOUS
10
6.3468128740157477
20
-4.2916011023622049
11
6.3437996062992124
21
-4.2922004724409444
0
LINE
8
BLACK
6
CONTINUOUS
10
6.3437996062992124
20
-4.2922004724409444
11
6.3087996062992122
21
-4.2922004724409444
0
LINE
8
BLACK
6
CONTINUOUS
10
6.3087996062992122
20
-4.2922004724409444
11
6.3057863385826769
21
-4.2916011023622049
0
LINE
8
BLACK
6
CONTINUOUS
10
6.3057863385826769
20
-4.2916011023622049
11
6.3032318503937006
21
-4.2898942125984254
0
LINE
8
BLACK
6
CONTINUOUS
10
6.3032318503937006
20
-4.2898942125984254
11
6.3015249606299211
21
-4.2873397244094491
0
LINE
8
BLACK
6
CONTINUOUS
10
6.3015249606299211
20
-4.2873397244094491
11
6.3009255905511807
21
-4.2843264566929129
0
LINE
8
BLACK
6
CONTINUOUS
10
6.3009255905511807
20
-4.2843264566929129
11
6.3009255905511807
21
-4.2293264566929132
0
LINE
8
BLACK
6
CONTINUOUS
10
6.3009255905511807
20
-4.2293264566929132
11
6.3015249606299211
21
-4.2263131889763779
0
LINE
8
BLACK
6
CONTINUOUS
10
6.3015249606299211
20
-4.2263131889763779
11
6.3032318503937006
21
-4.2237587007874016
0
LINE
8
BLACK
6
CONTINUOUS
10
6.3032318503937006
20
-4.2237587007874016
11
6.3057863385826769
21
-4.222051811023622
0
LINE
8
BLACK
6
CONTINUOUS
10
6.3057863385826769
20
-4.222051811023622
11
6.3087996062992122
21
-4.2214524409448817
0
LINE
8
BLACK
6
CONTINUOUS
10
6.3087996062992122
20
-4.2214524409448817
11
6.3437996062992124
21
-4.2214524409448817
0
LINE
8
BLACK
6
CONTINUOUS
10
6.3437996062992124
20
-4.2214524409448817
11
6.3468128740157477
21
-4.222051811023622
0
LINE
8
BLACK
6
CONTINUOUS
10
5.9772380314960625
20
-4.2006742519685041
11
5.9797925196850397
21
-4.2023811417322836
0
LINE
8
BLACK
6
CONTINUOUS
10
5.9797925196850397
20
-4.2023811417322836
11
5.9814994094488192
21
-4.2049356299212599
0
LINE
8
BLACK
6
CONTINUOUS
10
5.9814994094488192
20
-4.2049356299212599
11
5.9820987795275586
21
-4.2079488976377952
0
LINE
8
BLACK
6
CONTINUOUS
10
5.9820987795275586
20
-4.2079488976377952
11
5.9820987795275586
21
-4.2629488976377949
0
LINE
8
BLACK
6
CONTINUOUS
10
5.9820987795275586
20
-4.2629488976377949
11
5.9814994094488192
21
-4.2659621653543303
0
LINE
8
BLACK
6
CONTINUOUS
10
5.9814994094488192
20
-4.2659621653543303
11
5.9797925196850397
21
-4.2685166535433066
0
LINE
8
BLACK
6
CONTINUOUS
10
5.9797925196850397
20
-4.2685166535433066
11
5.9772380314960625
21
-4.2702235433070861
0
LINE
8
BLACK
6
CONTINUOUS
10
5.9772380314960625
20
-4.2702235433070861
11
5.9742247637795272
21
-4.2708229133858264
0
LINE
8
BLACK
6
CONTINUOUS
10
5.9742247637795272
20
-4.2708229133858264
11
5.939224763779527
21
-4.2708229133858264
0
LINE
8
BLACK
6
CONTINUOUS
10
5.939224763779527
20
-4.2708229133858264
11
5.9362114960629917
21
-4.2702235433070861
0
LINE
8
BLACK
6
CONTINUOUS
10
5.9362114960629917
20
-4.2702235433070861
11
5.9336570078740154
21
-4.2685166535433066
0
LINE
8
BLACK
6
CONTINUOUS
10
5.9336570078740154
20
-4.2685166535433066
11
5.9319501181102359
21
-4.2659621653543303
0
LINE
8
BLACK
6
CONTINUOUS
10
5.9319501181102359
20
-4.2659621653543303
11
5.9313507480314955
21
-4.2629488976377949
0
LINE
8
BLACK
6
CONTINUOUS
10
5.9313507480314955
20
-4.2629488976377949
11
5.9313507480314955
21
-4.2079488976377952
0
LINE
8
BLACK
6
CONTINUOUS
10
5.9313507480314955
20
-4.2079488976377952
11
5.9319501181102359
21
-4.2049356299212599
0
LINE
8
BLACK
6
CONTINUOUS
10
5.9319501181102359
20
-4.2049356299212599
11
5.9336570078740154
21
-4.2023811417322836
0
LINE
8
BLACK
6
CONTINUOUS
10
5.9336570078740154
20
-4.2023811417322836
11
5.9362114960629917
21
-4.2006742519685041
0
LINE
8
BLACK
6
CONTINUOUS
10
5.9362114960629917
20
-4.2006742519685041
11
5.939224763779527
21
-4.2000748818897637
0
LINE
8
BLACK
6
CONTINUOUS
10
5.939224763779527
20
-4.2000748818897637
11
5.9742247637795272
21
-4.2000748818897637
0
LINE
8
BLACK
6
CONTINUOUS
10
5.9742247637795272
20
-4.2000748818897637
11
5.9772380314960625
21
-4.2006742519685041
0
LINE
8
BLACK
6
CONTINUOUS
10
6.0522380314960627
20
-4.2006742519685041
11
6.054792519685039
21
-4.2023811417322836
0
LINE
8
BLACK
6
CONTINUOUS
10
6.054792519685039
20
-4.2023811417322836
11
6.0564994094488185
21
-4.2049356299212599
0
LINE
8
BLACK
6
CONTINUOUS
10
6.0564994094488185
20
-4.2049356299212599
11
6.0570987795275588
21
-4.2079488976377952
0
LINE
8
BLACK
6
CONTINUOUS
10
6.0570987795275588
20
-4.2079488976377952
11
6.0570987795275588
21
-4.2629488976377949
0
LINE
8
BLACK
6
CONTINUOUS
10
6.0570987795275588
20
-4.2629488976377949
11
6.0564994094488185
21
-4.2659621653543303
0
LINE
8
BLACK
6
CONTINUOUS
10
6.0564994094488185
20
-4.2659621653543303
11
6.054792519685039
21
-4.2685166535433066
0
LINE
8
BLACK
6
CONTINUOUS
10
6.054792519685039
20
-4.2685166535433066
11
6.0522380314960627
21
-4.2702235433070861
0
LINE
8
BLACK
6
CONTINUOUS
10
6.0522380314960627
20
-4.2702235433070861
11
6.0492247637795273
21
-4.2708229133858264
0
LINE
8
BLACK
6
CONTINUOUS
10
6.0492247637795273
20
-4.2708229133858264
11
6.0142247637795272
21
-4.2708229133858264
0
LINE
8
BLACK
6
CONTINUOUS
10
6.0142247637795272
20
-4.2708229133858264
11
6.0112114960629919
21
-4.2702235433070861
0
LINE
8
BLACK
6
CONTINUOUS
10
6.0112114960629919
20
-4.2702235433070861
11
6.0086570078740156
21
-4.2685166535433066
0
LINE
8
BLACK
6
CONTINUOUS
10
6.0086570078740156
20
-4.2685166535433066
11
6.006950118110236
21
-4.2659621653543303
0
LINE
8
BLACK
6
CONTINUOUS
10
6.006950118110236
20
-4.2659621653543303
11
6.0063507480314957
21
-4.2629488976377949
0
LINE
8
BLACK
6
CONTINUOUS
10
6.0063507480314957
20
-4.2629488976377949
11
6.0063507480314957
21
-4.2079488976377952
0
LINE
8
BLACK
6
CONTINUOUS
10
6.0063507480314957
20
-4.2079488976377952
11
6.006950118110236
21
-4.2049356299212599
0
LINE
8
BLACK
6
CONTINUOUS
10
6.006950118110236
20
-4.2049356299212599
11
6.0086570078740156
21
-4.2023811417322836
0
LINE
8
BLACK
6
CONTINUOUS
10
6.0086570078740156
20
-4.2023811417322836
11
6.0112114960629919
21
-4.2006742519685041
0
LINE
8
BLACK
6
CONTINUOUS
10
6.0112114960629919
20
-4.2006742519685041
11
6.0142247637795272
21
-4.2000748818897637
0
LINE
8
BLACK
6
CONTINUOUS
10
6.0142247637795272
20
-4.2000748818897637
11
6.0492247637795273
21
-4.2000748818897637
0
LINE
8
BLACK
6
CONTINUOUS
10
6.0492247637795273
20
-4.2000748818897637
11
6.0522380314960627
21
-4.2006742519685041
0
LINE
8
BLACK
6
CONTINUOUS
10
5.9095956692913383
20
-4.2105045669291341
11
5.9121501574803146
21
-4.2122114566929136
0
LINE
8
BLACK
6
CONTINUOUS
10
5.9121501574803146
20
-4.2122114566929136
11
5.9138570472440941
21
-4.2147659448818899
0
LINE
8
BLACK
6
CONTINUOUS
10
5.9138570472440941
20
-4.2147659448818899
11
5.9144564173228344
21
-4.2177792125984253
0
LINE
8
BLACK
6
CONTINUOUS
10
5.9144564173228344
20
-4.2177792125984253
11
5.9144564173228344
21
-4.2527792125984254
0
LINE
8
BLACK
6
CONTINUOUS
10
5.9144564173228344
20
-4.2527792125984254
11
5.9138570472440941
21
-4.2557924803149607
0
LINE
8
BLACK
6
CONTINUOUS
10
5.9138570472440941
20
-4.2557924803149607
11
5.9121501574803146
21
-4.258346968503937
0
LINE
8
BLACK
6
CONTINUOUS
10
5.9121501574803146
20
-4.258346968503937
11
5.9095956692913383
21
-4.2600538582677165
0
LINE
8
BLACK
6
CONTINUOUS
10
5.9095956692913383
20
-4.2600538582677165
11
5.906582401574803
21
-4.2606532283464569
0
LINE
8
BLACK
6
CONTINUOUS
10
5.906582401574803
20
-4.2606532283464569
11
5.8515824015748032
21
-4.2606532283464569
0
LINE
8
BLACK
6
CONTINUOUS
10
5.8515824015748032
20
-4.2606532283464569
11
5.8485691338582679
21
-4.2600538582677165
0
LINE
8
BLACK
6
CONTINUOUS
10
5.8485691338582679
20
-4.2600538582677165
11
5.8460146456692916
21
-4.258346968503937
0
LINE
8
BLACK
6
CONTINUOUS
10
5.8460146456692916
20
-4.258346968503937
11
5.8443077559055121
21
-4.2557924803149607
0
LINE
8
BLACK
6
CONTINUOUS
10
5.8443077559055121
20
-4.2557924803149607
11
5.8437083858267718
21
-4.2527792125984254
0
LINE
8
BLACK
6
CONTINUOUS
10
5.8437083858267718
20
-4.2527792125984254
11
5.8437083858267718
21
-4.2177792125984253
0
LINE
8
BLACK
6
CONTINUOUS
10
5.8437083858267718
20
-4.2177792125984253
11
5.8443077559055121
21
-4.2147659448818899
0
LINE
8
BLACK
6
CONTINUOUS
10
5.8443077559055121
20
-4.2147659448818899
11
5.8460146456692916
21
-4.2122114566929136
0
LINE
8
BLACK
6
CONTINUOUS
10
5.8460146456692916
20
-4.2122114566929136
11
5.8485691338582679
21
-4.2105045669291341
0
LINE
8
BLACK
6
CONTINUOUS
10
5.8485691338582679
20
-4.2105045669291341
11
5.8515824015748032
21
-4.2099051968503938
0
LINE
8
BLACK
6
CONTINUOUS
10
5.8515824015748032
20
-4.2099051968503938
11
5.906582401574803
21
-4.2099051968503938
0
LINE
8
BLACK
6
CONTINUOUS
10
5.906582401574803
20
-4.2099051968503938
11
5.9095956692913383
21
-4.2105045669291341
0
LINE
8
BLACK
6
CONTINUOUS
10
5.7704148425196848
20
-4.1815836220472438
11
5.7729693307086611
21
-4.1832905118110233
0
LINE
8
BLACK
6
CONTINUOUS
10
5.7729693307086611
20
-4.1832905118110233
11
5.7746762204724407
21
-4.1858449999999996
0
LINE
8
BLACK
6
CONTINUOUS
10
5.7746762204724407
20
-4.1858449999999996
11
5.775275590551181
21
-4.1888582677165349
0
LINE
8
BLACK
6
CONTINUOUS
10
5.775275590551181
20
-4.1888582677165349
11
5.775275590551181
21
-4.2238582677165351
0
LINE
8
BLACK
6
CONTINUOUS
10
5.775275590551181
20
-4.2238582677165351
11
5.7746762204724407
21
-4.2268715354330704
0
LINE
8
BLACK
6
CONTINUOUS
10
5.7746762204724407
20
-4.2268715354330704
11
5.7729693307086611
21
-4.2294260236220476
0
LINE
8
BLACK
6
CONTINUOUS
10
5.7729693307086611
20
-4.2294260236220476
11
5.7704148425196848
21
-4.2311329133858271
0
LINE
8
BLACK
6
CONTINUOUS
10
5.7704148425196848
20
-4.2311329133858271
11
5.7674015748031495
21
-4.2317322834645665
0
LINE
8
BLACK
6
CONTINUOUS
10
5.7674015748031495
20
-4.2317322834645665
11
5.7124015748031498
21
-4.2317322834645665
0
LINE
8
BLACK
6
CONTINUOUS
10
5.7124015748031498
20
-4.2317322834645665
11
5.7093883070866136
21
-4.2311329133858271
0
LINE
8
BLACK
6
CONTINUOUS
10
5.7093883070866136
20
-4.2311329133858271
11
5.7068338188976373
21
-4.2294260236220476
0
LINE
8
BLACK
6
CONTINUOUS
10
5.7068338188976373
20
-4.2294260236220476
11
5.7051269291338578
21
-4.2268715354330704
0
LINE
8
BLACK
6
CONTINUOUS
10
5.7051269291338578
20
-4.2268715354330704
11
5.7045275590551183
21
-4.2238582677165351
0
LINE
8
BLACK
6
CONTINUOUS
10
5.7045275590551183
20
-4.2238582677165351
11
5.7045275590551183
21
-4.1888582677165349
0
LINE
8
BLACK
6
CONTINUOUS
10
5.7045275590551183
20
-4.1888582677165349
11
5.7051269291338578
21
-4.1858449999999996
0
LINE
8
BLACK
6
CONTINUOUS
10
5.7051269291338578
20
-4.1858449999999996
11
5.7068338188976373
21
-4.1832905118110233
0
LINE
8
BLACK
6
CONTINUOUS
10
5.7068338188976373
20
-4.1832905118110233
11
5.7093883070866136
21
-4.1815836220472438
0
LINE
8
BLACK
6
CONTINUOUS
10
5.7093883070866136
20
-4.1815836220472438
11
5.7124015748031498
21
-4.1809842519685034
0
LINE
8
BLACK
6
CONTINUOUS
10
5.7124015748031498
20
-4.1809842519685034
11
5.7674015748031495
21
-4.1809842519685034
0
LINE
8
BLACK
6
CONTINUOUS
10
5.7674015748031495
20
-4.1809842519685034
11
5.7704148425196848
21
-4.1815836220472438
0
LINE
8
BLACK
6
CONTINUOUS
10
6.1493933858267713
20
-4.1868181496062995
11
6.1513013779527554
21
-4.1880930314960629
0
LINE
8
BLACK
6
CONTINUOUS
10
6.1513013779527554
20
-4.1880930314960629
11
6.1532093700787396
21
-4.1868181496062995
0
LINE
8
BLACK
6
CONTINUOUS
10
6.1532093700787396
20
-4.1868181496062995
11
6.1562226377952758
21
-4.1862187795275592
0
LINE
8
BLACK
6
CONTINUOUS
10
6.1562226377952758
20
-4.1862187795275592
11
6.1719706692913388
21
-4.1862187795275592
0
LINE
8
BLACK
6
CONTINUOUS
10
6.1719706692913388
20
-4.1862187795275592
11
6.1749839370078741
21
-4.1868181496062995
0
LINE
8
BLACK
6
CONTINUOUS
10
6.1749839370078741
20
-4.1868181496062995
11
6.1768919291338582
21
-4.1880930314960629
0
LINE
8
BLACK
6
CONTINUOUS
10
6.1768919291338582
20
-4.1880930314960629
11
6.1787999212598423
21
-4.1868181496062995
0
LINE
8
BLACK
6
CONTINUOUS
10
6.1787999212598423
20
-4.1868181496062995
11
6.1818131889763777
21
-4.1862187795275592
0
LINE
8
BLACK
6
CONTINUOUS
10
6.1818131889763777
20
-4.1862187795275592
11
6.1975612204724406
21
-4.1862187795275592
0
LINE
8
BLACK
6
CONTINUOUS
10
6.1975612204724406
20
-4.1862187795275592
11
6.2005744881889759
21
-4.1868181496062995
0
LINE
8
BLACK
6
CONTINUOUS
10
6.2005744881889759
20
-4.1868181496062995
11
6.2031289763779522
21
-4.188525039370079
0
LINE
8
BLACK
6
CONTINUOUS
10
6.2031289763779522
20
-4.188525039370079
11
6.2048358661417318
21
-4.1910795275590553
0
LINE
8
BLACK
6
CONTINUOUS
10
6.2048358661417318
20
-4.1910795275590553
11
6.2054352362204721
21
-4.1940927952755906
0
LINE
8
BLACK
6
CONTINUOUS
10
6.2054352362204721
20
-4.1940927952755906
11
6.2054352362204721
21
-4.2196833464566925
0
LINE
8
BLACK
6
CONTINUOUS
10
6.2054352362204721
20
-4.2196833464566925
11
6.2048358661417318
21
-4.2226966141732278
0
LINE
8
BLACK
6
CONTINUOUS
10
6.2048358661417318
20
-4.2226966141732278
11
6.2031289763779522
21
-4.225251102362205
0
LINE
8
BLACK
6
CONTINUOUS
10
6.2031289763779522
20
-4.225251102362205
11
6.2005744881889759
21
-4.2269579921259846
0
LINE
8
BLACK
6
CONTINUOUS
10
6.2005744881889759
20
-4.2269579921259846
11
6.1975612204724406
21
-4.227557362204724
0
LINE
8
BLACK
6
CONTINUOUS
10
6.1975612204724406
20
-4.227557362204724
11
6.1818131889763777
21
-4.227557362204724
0
LINE
8
BLACK
6
CONTINUOUS
10
6.1818131889763777
20
-4.227557362204724
11
6.1787999212598423
21
-4.2269579921259846
0
LINE
8
BLACK
6
CONTINUOUS
10
6.1787999212598423
20
-4.2269579921259846
11
6.1768919291338582
21
-4.2256830708661415
0
LINE
8
BLACK
6
CONTINUOUS
10
6.1768919291338582
20
-4.2256830708661415
11
6.1749839370078741
21
-4.2269579921259846
0
LINE
8
BLACK
6
CONTINUOUS
10
6.1749839370078741
20
-4.2269579921259846
11
6.1719706692913388
21
-4.227557362204724
0
LINE
8
BLACK
6
CONTINUOUS
10
6.1719706692913388
20
-4.227557362204724
11
6.1562226377952758
21
-4.227557362204724
0
LINE
8
BLACK
6
CONTINUOUS
10
6.1562226377952758
20
-4.227557362204724
11
6.1532093700787396
21
-4.2269579921259846
0
LINE
8
BLACK
6
CONTINUOUS
10
6.1532093700787396
20
-4.2269579921259846
11
6.1513013779527554
21
-4.2256830708661415
0
LINE
8
BLACK
6
CONTINUOUS
10
6.1513013779527554
20
-4.2256830708661415
11
6.1493933858267713
21
-4.2269579921259846
0
LINE
8
BLACK
6
CONTINUOUS
10
6.1493933858267713
20
-4.2269579921259846
11
6.146380118110236
21
-4.227557362204724
0
LINE
8
BLACK
6
CONTINUOUS
10
6.146380118110236
20
-4.227557362204724
11
6.130632086614173
21
-4.227557362204724
0
LINE
8
BLACK
6
CONTINUOUS
10
6.130632086614173
20
-4.227557362204724
11
6.1276188188976377
21
-4.2269579921259846
0
LINE
8
BLACK
6
CONTINUOUS
10
6.1276188188976377
20
-4.2269579921259846
11
6.1250643307086614
21
-4.225251102362205
0
LINE
8
BLACK
6
CONTINUOUS
10
6.1250643307086614
20
-4.225251102362205
11
6.1233574409448819
21
-4.2226966141732278
0
LINE
8
BLACK
6
CONTINUOUS
10
6.1233574409448819
20
-4.2226966141732278
11
6.1227580708661415
21
-4.2196833464566925
0
LINE
8
BLACK
6
CONTINUOUS
10
6.1227580708661415
20
-4.2196833464566925
11
6.1227580708661415
21
-4.1940927952755906
0
LINE
8
BLACK
6
CONTINUOUS
10
6.1227580708661415
20
-4.1940927952755906
11
6.1233574409448819
21
-4.1910795275590553
0
LINE
8
BLACK
6
CONTINUOUS
10
6.1233574409448819
20
-4.1910795275590553
11
6.1250643307086614
21
-4.188525039370079
0
LINE
8
BLACK
6
CONTINUOUS
10
6.1250643307086614
20
-4.188525039370079
11
6.1276188188976377
21
-4.1868181496062995
0
LINE
8
BLACK
6
CONTINUOUS
10
6.1276188188976377
20
-4.1868181496062995
11
6.130632086614173
21
-4.1862187795275592
0
LINE
8
BLACK
6
CONTINUOUS
10
6.130632086614173
20
-4.1862187795275592
11
6.146380118110236
21
-4.1862187795275592
0
LINE
8
BLACK
6
CONTINUOUS
10
6.146380118110236
20
-4.1862187795275592
11
6.1493933858267713
21
-4.1868181496062995
0
LINE
8
BLACK
6
CONTINUOUS
10
4.9504148425196846
20
-4.1501466141732282
11
4.9529693307086617
21
-4.1518535039370077
0
LINE
8
BLACK
6
CONTINUOUS
10
4.9529693307086617
20
-4.1518535039370077
11
4.9546762204724413
21
-4.154407992125984
0
LINE
8
BLACK
6
CONTINUOUS
10
4.9546762204724413
20
-4.154407992125984
11
4.9552755905511807
21
-4.1574212598425193
0
LINE
8
BLACK
6
CONTINUOUS
10
4.9552755905511807
20
-4.1574212598425193
11
4.9552755905511807
21
-4.2124212598425199
0
LINE
8
BLACK
6
CONTINUOUS
10
4.9552755905511807
20
-4.2124212598425199
11
4.9546762204724413
21
-4.2154345275590552
0
LINE
8
BLACK
6
CONTINUOUS
10
4.9546762204724413
20
-4.2154345275590552
11
4.9529693307086617
21
-4.2179890157480315
0
LINE
8
BLACK
6
CONTINUOUS
10
4.9529693307086617
20
-4.2179890157480315
11
4.9504148425196846
21
-4.2196959055118111
0
LINE
8
BLACK
6
CONTINUOUS
10
4.9504148425196846
20
-4.2196959055118111
11
4.9474015748031492
21
-4.2202952755905514
0
LINE
8
BLACK
6
CONTINUOUS
10
4.9474015748031492
20
-4.2202952755905514
11
4.9124015748031491
21
-4.2202952755905514
0
LINE
8
BLACK
6
CONTINUOUS
10
4.9124015748031491
20
-4.2202952755905514
11
4.9093883070866138
21
-4.2196959055118111
0
LINE
8
BLACK
6
CONTINUOUS
10
4.9093883070866138
20
-4.2196959055118111
11
4.9068338188976375
21
-4.2179890157480315
0
LINE
8
BLACK
6
CONTINUOUS
10
4.9068338188976375
20
-4.2179890157480315
11
4.9051269291338579
21
-4.2154345275590552
0
LINE
8
BLACK
6
CONTINUOUS
10
4.9051269291338579
20
-4.2154345275590552
11
4.9045275590551176
21
-4.2124212598425199
0
LINE
8
BLACK
6
CONTINUOUS
10
4.9045275590551176
20
-4.2124212598425199
11
4.9045275590551176
21
-4.1574212598425193
0
LINE
8
BLACK
6
CONTINUOUS
10
4.9045275590551176
20
-4.1574212598425193
11
4.9051269291338579
21
-4.154407992125984
0
LINE
8
BLACK
6
CONTINUOUS
10
4.9051269291338579
20
-4.154407992125984
11
4.9068338188976375
21
-4.1518535039370077
0
LINE
8
BLACK
6
CONTINUOUS
10
4.9068338188976375
20
-4.1518535039370077
11
4.9093883070866138
21
-4.1501466141732282
0
LINE
8
BLACK
6
CONTINUOUS
10
4.9093883070866138
20
-4.1501466141732282
11
4.9124015748031491
21
-4.1495472440944878
0
LINE
8
BLACK
6
CONTINUOUS
10
4.9124015748031491
20
-4.1495472440944878
11
4.9474015748031492
21
-4.1495472440944878
0
LINE
8
BLACK
6
CONTINUOUS
10
4.9474015748031492
20
-4.1495472440944878
11
4.9504148425196846
21
-4.1501466141732282
0
LINE
8
BLACK
6
CONTINUOUS
10
5.0254148425196847
20
-4.1501466141732282
11
5.027969330708661
21
-4.1518535039370077
0
LINE
8
BLACK
6
CONTINUOUS
10
5.027969330708661
20
-4.1518535039370077
11
5.0296762204724406
21
-4.154407992125984
0
LINE
8
BLACK
6
CONTINUOUS
10
5.0296762204724406
20
-4.154407992125984
11
5.0302755905511809
21
-4.1574212598425193
0
LINE
8
BLACK
6
CONTINUOUS
10
5.0302755905511809
20
-4.1574212598425193
11
5.0302755905511809
21
-4.2124212598425199
0
LINE
8
BLACK
6
CONTINUOUS
10
5.0302755905511809
20
-4.2124212598425199
11
5.0296762204724406
21
-4.2154345275590552
0
LINE
8
BLACK
6
CONTINUOUS
10
5.0296762204724406
20
-4.2154345275590552
11
5.027969330708661
21
-4.2179890157480315
0
LINE
8
BLACK
6
CONTINUOUS
10
5.027969330708661
20
-4.2179890157480315
11
5.0254148425196847
21
-4.2196959055118111
0
LINE
8
BLACK
6
CONTINUOUS
10
5.0254148425196847
20
-4.2196959055118111
11
5.0224015748031494
21
-4.2202952755905514
0
LINE
8
BLACK
6
CONTINUOUS
10
5.0224015748031494
20
-4.2202952755905514
11
4.9874015748031493
21
-4.2202952755905514
0
LINE
8
BLACK
6
CONTINUOUS
10
4.9874015748031493
20
-4.2202952755905514
11
4.984388307086614
21
-4.2196959055118111
0
LINE
8
BLACK
6
CONTINUOUS
10
4.984388307086614
20
-4.2196959055118111
11
4.9818338188976377
21
-4.2179890157480315
0
LINE
8
BLACK
6
CONTINUOUS
10
4.9818338188976377
20
-4.2179890157480315
11
4.9801269291338581
21
-4.2154345275590552
0
LINE
8
BLACK
6
CONTINUOUS
10
4.9801269291338581
20
-4.2154345275590552
11
4.9795275590551178
21
-4.2124212598425199
0
LINE
8
BLACK
6
CONTINUOUS
10
4.9795275590551178
20
-4.2124212598425199
11
4.9795275590551178
21
-4.1574212598425193
0
LINE
8
BLACK
6
CONTINUOUS
10
4.9795275590551178
20
-4.1574212598425193
11
4.9801269291338581
21
-4.154407992125984
0
LINE
8
BLACK
6
CONTINUOUS
10
4.9801269291338581
20
-4.154407992125984
11
4.9818338188976377
21
-4.1518535039370077
0
LINE
8
BLACK
6
CONTINUOUS
10
4.9818338188976377
20
-4.1518535039370077
11
4.984388307086614
21
-4.1501466141732282
0
LINE
8
BLACK
6
CONTINUOUS
10
4.984388307086614
20
-4.1501466141732282
11
4.9874015748031493
21
-4.1495472440944878
0
LINE
8
BLACK
6
CONTINUOUS
10
4.9874015748031493
20
-4.1495472440944878
11
5.0224015748031494
21
-4.1495472440944878
0
LINE
8
BLACK
6
CONTINUOUS
10
5.0224015748031494
20
-4.1495472440944878
11
5.0254148425196847
21
-4.1501466141732282
0
LINE
8
BLACK
6
CONTINUOUS
10
6.0211390157480311
20
-4.1171386614173224
11
6.0236935039370074
21
-4.118845551181102
0
LINE
8
BLACK
6
CONTINUOUS
10
6.0236935039370074
20
-4.118845551181102
11
6.0254003937007869
21
-4.1214000393700783
0
LINE
8
BLACK
6
CONTINUOUS
10
6.0254003937007869
20
-4.1214000393700783
11
6.0259997637795273
21
-4.1244133070866145
0
LINE
8
BLACK
6
CONTINUOUS
10
6.0259997637795273
20
-4.1244133070866145
11
6.0259997637795273
21
-4.1794133070866142
0
LINE
8
BLACK
6
CONTINUOUS
10
6.0259997637795273
20
-4.1794133070866142
11
6.0254003937007869
21
-4.1824265748031495
0
LINE
8
BLACK
6
CONTINUOUS
10
6.0254003937007869
20
-4.1824265748031495
11
6.0236935039370074
21
-4.1849810629921258
0
LINE
8
BLACK
6
CONTINUOUS
10
6.0236935039370074
20
-4.1849810629921258
11
6.0211390157480311
21
-4.1866879527559053
0
LINE
8
BLACK
6
CONTINUOUS
10
6.0211390157480311
20
-4.1866879527559053
11
6.0181257480314958
21
-4.1872873228346457
0
LINE
8
BLACK
6
CONTINUOUS
10
6.0181257480314958
20
-4.1872873228346457
11
5.9831257480314957
21
-4.1872873228346457
0
LINE
8
BLACK
6
CONTINUOUS
10
5.9831257480314957
20
-4.1872873228346457
11
5.9801124803149603
21
-4.1866879527559053
0
LINE
8
BLACK
6
CONTINUOUS
10
5.9801124803149603
20
-4.1866879527559053
11
5.977557992125984
21
-4.1849810629921258
0
LINE
8
BLACK
6
CONTINUOUS
10
5.977557992125984
20
-4.1849810629921258
11
5.9758511023622045
21
-4.1824265748031495
0
LINE
8
BLACK
6
CONTINUOUS
10
5.9758511023622045
20
-4.1824265748031495
11
5.9752517322834642
21
-4.1794133070866142
0
LINE
8
BLACK
6
CONTINUOUS
10
5.9752517322834642
20
-4.1794133070866142
11
5.9752517322834642
21
-4.1244133070866145
0
LINE
8
BLACK
6
CONTINUOUS
10
5.9752517322834642
20
-4.1244133070866145
11
5.9758511023622045
21
-4.1214000393700783
0
LINE
8
BLACK
6
CONTINUOUS
10
5.9758511023622045
20
-4.1214000393700783
11
5.977557992125984
21
-4.118845551181102
0
LINE
8
BLACK
6
CONTINUOUS
10
5.977557992125984
20
-4.118845551181102
11
5.9801124803149603
21
-4.1171386614173224
0
LINE
8
BLACK
6
CONTINUOUS
10
5.9801124803149603
20
-4.1171386614173224
11
5.9831257480314957
21
-4.116539291338583
0
LINE
8
BLACK
6
CONTINUOUS
10
5.9831257480314957
20
-4.116539291338583
11
6.0181257480314958
21
-4.116539291338583
0
LINE
8
BLACK
6
CONTINUOUS
10
6.0181257480314958
20
-4.116539291338583
11
6.0211390157480311
21
-4.1171386614173224
0
LINE
8
BLACK
6
CONTINUOUS
10
6.0961390157480313
20
-4.1171386614173224
11
6.0986935039370076
21
-4.118845551181102
0
LINE
8
BLACK
6
CONTINUOUS
10
6.0986935039370076
20
-4.118845551181102
11
6.1004003937007871
21
-4.1214000393700783
0
LINE
8
BLACK
6
CONTINUOUS
10
6.1004003937007871
20
-4.1214000393700783
11
6.1009997637795275
21
-4.1244133070866145
0
LINE
8
BLACK
6
CONTINUOUS
10
6.1009997637795275
20
-4.1244133070866145
11
6.1009997637795275
21
-4.1794133070866142
0
LINE
8
BLACK
6
CONTINUOUS
10
6.1009997637795275
20
-4.1794133070866142
11
6.1004003937007871
21
-4.1824265748031495
0
LINE
8
BLACK
6
CONTINUOUS
10
6.1004003937007871
20
-4.1824265748031495
11
6.0986935039370076
21
-4.1849810629921258
0
LINE
8
BLACK
6
CONTINUOUS
10
6.0986935039370076
20
-4.1849810629921258
11
6.0961390157480313
21
-4.1866879527559053
0
LINE
8
BLACK
6
CONTINUOUS
10
6.0961390157480313
20
-4.1866879527559053
11
6.093125748031496
21
-4.1872873228346457
0
LINE
8
BLACK
6
CONTINUOUS
10
6.093125748031496
20
-4.1872873228346457
11
6.0581257480314958
21
-4.1872873228346457
0
LINE
8
BLACK
6
CONTINUOUS
10
6.0581257480314958
20
-4.1872873228346457
11
6.0551124803149605
21
-4.1866879527559053
0
LINE
8
BLACK
6
CONTINUOUS
10
6.0551124803149605
20
-4.1866879527559053
11
6.0525579921259842
21
-4.1849810629921258
0
LINE
8
BLACK
6
CONTINUOUS
10
6.0525579921259842
20
-4.1849810629921258
11
6.0508511023622047
21
-4.1824265748031495
0
LINE
8
BLACK
6
CONTINUOUS
10
6.0508511023622047
20
-4.1824265748031495
11
6.0502517322834644
21
-4.1794133070866142
0
LINE
8
BLACK
6
CONTINUOUS
10
6.0502517322834644
20
-4.1794133070866142
11
6.0502517322834644
21
-4.1244133070866145
0
LINE
8
BLACK
6
CONTINUOUS
10
6.0502517322834644
20
-4.1244133070866145
11
6.0508511023622047
21
-4.1214000393700783
0
LINE
8
BLACK
6
CONTINUOUS
10
6.0508511023622047
20
-4.1214000393700783
11
6.0525579921259842
21
-4.118845551181102
0
LINE
8
BLACK
6
CONTINUOUS
10
6.0525579921259842
20
-4.118845551181102
11
6.0551124803149605
21
-4.1171386614173224
0
LINE
8
BLACK
6
CONTINUOUS
10
6.0551124803149605
20
-4.1171386614173224
11
6.0581257480314958
21
-4.116539291338583
0
LINE
8
BLACK
6
CONTINUOUS
10
6.0581257480314958
20
-4.116539291338583
11
6.093125748031496
21
-4.116539291338583
0
LINE
8
BLACK
6
CONTINUOUS
10
6.093125748031496
20
-4.116539291338583
11
6.0961390157480313
21
-4.1171386614173224
0
LINE
8
BLACK
6
CONTINUOUS
10
5.9095956692913383
20
-4.1355045669291339
11
5.9121501574803146
21
-4.1372114566929135
0
LINE
8
BLACK
6
CONTINUOUS
10
5.9121501574803146
20
-4.1372114566929135
11
5.9138570472440941
21
-4.1397659448818898
0
LINE
8
BLACK
6
CONTINUOUS
10
5.9138570472440941
20
-4.1397659448818898
11
5.9144564173228344
21
-4.1427792125984251
0
LINE
8
BLACK
6
CONTINUOUS
10
5.9144564173228344
20
-4.1427792125984251
11
5.9144564173228344
21
-4.1777792125984252
0
LINE
8
BLACK
6
CONTINUOUS
10
5.9144564173228344
20
-4.1777792125984252
11
5.9138570472440941
21
-4.1807924803149605
0
LINE
8
BLACK
6
CONTINUOUS
10
5.9138570472440941
20
-4.1807924803149605
11
5.9121501574803146
21
-4.1833469685039368
0
LINE
8
BLACK
6
CONTINUOUS
10
5.9121501574803146
20
-4.1833469685039368
11
5.9095956692913383
21
-4.1850538582677164
0
LINE
8
BLACK
6
CONTINUOUS
10
5.9095956692913383
20
-4.1850538582677164
11
5.906582401574803
21
-4.1856532283464567
0
LINE
8
BLACK
6
CONTINUOUS
10
5.906582401574803
20
-4.1856532283464567
11
5.8515824015748032
21
-4.1856532283464567
0
LINE
8
BLACK
6
CONTINUOUS
10
5.8515824015748032
20
-4.1856532283464567
11
5.8485691338582679
21
-4.1850538582677164
0
LINE
8
BLACK
6
CONTINUOUS
10
5.8485691338582679
20
-4.1850538582677164
11
5.8460146456692916
21
-4.1833469685039368
0
LINE
8
BLACK
6
CONTINUOUS
10
5.8460146456692916
20
-4.1833469685039368
11
5.8443077559055121
21
-4.1807924803149605
0
LINE
8
BLACK
6
CONTINUOUS
10
5.8443077559055121
20
-4.1807924803149605
11
5.8437083858267718
21
-4.1777792125984252
0
LINE
8
BLACK
6
CONTINUOUS
10
5.8437083858267718
20
-4.1777792125984252
11
5.8437083858267718
21
-4.1427792125984251
0
LINE
8
BLACK
6
CONTINUOUS
10
5.8437083858267718
20
-4.1427792125984251
11
5.8443077559055121
21
-4.1397659448818898
0
LINE
8
BLACK
6
CONTINUOUS
10
5.8443077559055121
20
-4.1397659448818898
11
5.8460146456692916
21
-4.1372114566929135
0
LINE
8
BLACK
6
CONTINUOUS
10
5.8460146456692916
20
-4.1372114566929135
11
5.8485691338582679
21
-4.1355045669291339
0
LINE
8
BLACK
6
CONTINUOUS
10
5.8485691338582679
20
-4.1355045669291339
11
5.8515824015748032
21
-4.1349051968503936
0
LINE
8
BLACK
6
CONTINUOUS
10
5.8515824015748032
20
-4.1349051968503936
11
5.906582401574803
21
-4.1349051968503936
0
LINE
8
BLACK
6
CONTINUOUS
10
5.906582401574803
20
-4.1349051968503936
11
5.9095956692913383
21
-4.1355045669291339
0
LINE
8
BLACK
6
CONTINUOUS
10
6.2209718503937008
20
-4.1109129921259839
11
6.2235263385826771
21
-4.1126198818897635
0
LINE
8
BLACK
6
CONTINUOUS
10
6.2235263385826771
20
-4.1126198818897635
11
6.2252332283464566
21
-4.1151743700787398
0
LINE
8
BLACK
6
CONTINUOUS
10
6.2252332283464566
20
-4.1151743700787398
11
6.225832598425197
21
-4.1181876377952751
0
LINE
8
BLACK
6
CONTINUOUS
10
6.225832598425197
20
-4.1181876377952751
11
6.225832598425197
21
-4.1531876377952752
0
LINE
8
BLACK
6
CONTINUOUS
10
6.225832598425197
20
-4.1531876377952752
11
6.2252332283464566
21
-4.1562009055118105
0
LINE
8
BLACK
6
CONTINUOUS
10
6.2252332283464566
20
-4.1562009055118105
11
6.2235263385826771
21
-4.1587553937007877
0
LINE
8
BLACK
6
CONTINUOUS
10
6.2235263385826771
20
-4.1587553937007877
11
6.2209718503937008
21
-4.1604622834645673
0
LINE
8
BLACK
6
CONTINUOUS
10
6.2209718503937008
20
-4.1604622834645673
11
6.2179585826771655
21
-4.1610616535433067
0
LINE
8
BLACK
6
CONTINUOUS
10
6.2179585826771655
20
-4.1610616535433067
11
6.1629585826771649
21
-4.1610616535433067
0
LINE
8
BLACK
6
CONTINUOUS
10
6.1629585826771649
20
-4.1610616535433067
11
6.1599453149606296
21
-4.1604622834645673
0
LINE
8
BLACK
6
CONTINUOUS
10
6.1599453149606296
20
-4.1604622834645673
11
6.1573908267716533
21
-4.1587553937007877
0
LINE
8
BLACK
6
CONTINUOUS
10
6.1573908267716533
20
-4.1587553937007877
11
6.1556839370078738
21
-4.1562009055118105
0
LINE
8
BLACK
6
CONTINUOUS
10
6.1556839370078738
20
-4.1562009055118105
11
6.1550845669291334
21
-4.1531876377952752
0
LINE
8
BLACK
6
CONTINUOUS
10
6.1550845669291334
20
-4.1531876377952752
11
6.1550845669291334
21
-4.1181876377952751
0
LINE
8
BLACK
6
CONTINUOUS
10
6.1550845669291334
20
-4.1181876377952751
11
6.1556839370078738
21
-4.1151743700787398
0
LINE
8
BLACK
6
CONTINUOUS
10
6.1556839370078738
20
-4.1151743700787398
11
6.1573908267716533
21
-4.1126198818897635
0
LINE
8
BLACK
6
CONTINUOUS
10
6.1573908267716533
20
-4.1126198818897635
11
6.1599453149606296
21
-4.1109129921259839
0
LINE
8
BLACK
6
CONTINUOUS
10
6.1599453149606296
20
-4.1109129921259839
11
6.1629585826771649
21
-4.1103136220472436
0
LINE
8
BLACK
6
CONTINUOUS
10
6.1629585826771649
20
-4.1103136220472436
11
6.2179585826771655
21
-4.1103136220472436
0
LINE
8
BLACK
6
CONTINUOUS
10
6.2179585826771655
20
-4.1103136220472436
11
6.2209718503937008
21
-4.1109129921259839
0
LINE
8
BLACK
6
CONTINUOUS
10
5.7704148425196848
20
-4.1065836220472436
11
5.7729693307086611
21
-4.1082905118110231
0
LINE
8
BLACK
6
CONTINUOUS
10
5.7729693307086611
20
-4.1082905118110231
11
5.7746762204724407
21
-4.1108450000000003
0
LINE
8
BLACK
6
CONTINUOUS
10
5.7746762204724407
20
-4.1108450000000003
11
5.775275590551181
21
-4.1138582677165356
0
LINE
8
BLACK
6
CONTINUOUS
10
5.775275590551181
20
-4.1138582677165356
11
5.775275590551181
21
-4.1488582677165358
0
LINE
8
BLACK
6
CONTINUOUS
10
5.775275590551181
20
-4.1488582677165358
11
5.7746762204724407
21
-4.1518715354330711
0
LINE
8
BLACK
6
CONTINUOUS
10
5.7746762204724407
20
-4.1518715354330711
11
5.7729693307086611
21
-4.1544260236220474
0
LINE
8
BLACK
6
CONTINUOUS
10
5.7729693307086611
20
-4.1544260236220474
11
5.7704148425196848
21
-4.1561329133858269
0
LINE
8
BLACK
6
CONTINUOUS
10
5.7704148425196848
20
-4.1561329133858269
11
5.7674015748031495
21
-4.1567322834645672
0
LINE
8
BLACK
6
CONTINUOUS
10
5.7674015748031495
20
-4.1567322834645672
11
5.7124015748031498
21
-4.1567322834645672
0
LINE
8
BLACK
6
CONTINUOUS
10
5.7124015748031498
20
-4.1567322834645672
11
5.7093883070866136
21
-4.1561329133858269
0
LINE
8
BLACK
6
CONTINUOUS
10
5.7093883070866136
20
-4.1561329133858269
11
5.7068338188976373
21
-4.1544260236220474
0
LINE
8
BLACK
6
CONTINUOUS
10
5.7068338188976373
20
-4.1544260236220474
11
5.7051269291338578
21
-4.1518715354330711
0
LINE
8
BLACK
6
CONTINUOUS
10
5.7051269291338578
20
-4.1518715354330711
11
5.7045275590551183
21
-4.1488582677165358
0
LINE
8
BLACK
6
CONTINUOUS
10
5.7045275590551183
20
-4.1488582677165358
11
5.7045275590551183
21
-4.1138582677165356
0
LINE
8
BLACK
6
CONTINUOUS
10
5.7045275590551183
20
-4.1138582677165356
11
5.7051269291338578
21
-4.1108450000000003
0
LINE
8
BLACK
6
CONTINUOUS
10
5.7051269291338578
20
-4.1108450000000003
11
5.7068338188976373
21
-4.1082905118110231
0
LINE
8
BLACK
6
CONTINUOUS
10
5.7068338188976373
20
-4.1082905118110231
11
5.7093883070866136
21
-4.1065836220472436
0
LINE
8
BLACK
6
CONTINUOUS
10
5.7093883070866136
20
-4.1065836220472436
11
5.7124015748031498
21
-4.1059842519685041
0
LINE
8
BLACK
6
CONTINUOUS
10
5.7124015748031498
20
-4.1059842519685041
11
5.7674015748031495
21
-4.1059842519685041
0
LINE
8
BLACK
6
CONTINUOUS
10
5.7674015748031495
20
-4.1059842519685041
11
5.7704148425196848
21
-4.1065836220472436
0
LINE
8
BLACK
6
CONTINUOUS
10
6.6071274409448817
20
-4.0212686614173228
11
6.609681929133858
21
-4.0229755511811023
0
LINE
8
BLACK
6
CONTINUOUS
10
6.609681929133858
20
-4.0229755511811023
11
6.6113888188976375
21
-4.0255300393700786
0
LINE
8
BLACK
6
CONTINUOUS
10
6.6113888188976375
20
-4.0255300393700786
11
6.6119881889763779
21
-4.0285433070866139
0
LINE
8
BLACK
6
CONTINUOUS
10
6.6119881889763779
20
-4.0285433070866139
11
6.6119881889763779
21
-4.1486220472440944
0
LINE
8
BLACK
6
CONTINUOUS
10
6.6119881889763779
20
-4.1486220472440944
11
6.6113888188976375
21
-4.1516353149606298
0
LINE
8
BLACK
6
CONTINUOUS
10
6.6113888188976375
20
-4.1516353149606298
11
6.609681929133858
21
-4.1541898031496061
0
LINE
8
BLACK
6
CONTINUOUS
10
6.609681929133858
20
-4.1541898031496061
11
6.6071274409448817
21
-4.1558966929133856
0
LINE
8
BLACK
6
CONTINUOUS
10
6.6071274409448817
20
-4.1558966929133856
11
6.6041141732283464
21
-4.1564960629921259
0
LINE
8
BLACK
6
CONTINUOUS
10
6.6041141732283464
20
-4.1564960629921259
11
6.5056889763779528
21
-4.1564960629921259
0
LINE
8
BLACK
6
CONTINUOUS
10
6.5056889763779528
20
-4.1564960629921259
11
6.5026757086614175
21
-4.1558966929133856
0
LINE
8
BLACK
6
CONTINUOUS
10
6.5026757086614175
20
-4.1558966929133856
11
6.5001212204724412
21
-4.1541898031496061
0
LINE
8
BLACK
6
CONTINUOUS
10
6.5001212204724412
20
-4.1541898031496061
11
6.4984143307086617
21
-4.1516353149606298
0
LINE
8
BLACK
6
CONTINUOUS
10
6.4984143307086617
20
-4.1516353149606298
11
6.4978149606299214
21
-4.1486220472440944
0
LINE
8
BLACK
6
CONTINUOUS
10
6.4978149606299214
20
-4.1486220472440944
11
6.4978149606299214
21
-4.0285433070866139
0
LINE
8
BLACK
6
CONTINUOUS
10
6.4978149606299214
20
-4.0285433070866139
11
6.4984143307086617
21
-4.0255300393700786
0
LINE
8
BLACK
6
CONTINUOUS
10
6.4984143307086617
20
-4.0255300393700786
11
6.5001212204724412
21
-4.0229755511811023
0
LINE
8
BLACK
6
CONTINUOUS
10
6.5001212204724412
20
-4.0229755511811023
11
6.5026757086614175
21
-4.0212686614173228
0
LINE
8
BLACK
6
CONTINUOUS
10
6.5026757086614175
20
-4.0212686614173228
11
6.5056889763779528
21
-4.0206692913385824
0
LINE
8
BLACK
6
CONTINUOUS
10
6.5056889763779528
20
-4.0206692913385824
11
6.6041141732283464
21
-4.0206692913385824
0
LINE
8
BLACK
6
CONTINUOUS
10
6.6041141732283464
20
-4.0206692913385824
11
6.6071274409448817
21
-4.0212686614173228
0
LINE
8
BLACK
6
CONTINUOUS
10
4.9504148425196846
20
-4.0701466141732281
11
4.9529693307086617
21
-4.0718535039370076
0
LINE
8
BLACK
6
CONTINUOUS
10
4.9529693307086617
20
-4.0718535039370076
11
4.9546762204724413
21
-4.0744079921259839
0
LINE
8
BLACK
6
CONTINUOUS
10
4.9546762204724413
20
-4.0744079921259839
11
4.9552755905511807
21
-4.0774212598425192
0
LINE
8
BLACK
6
CONTINUOUS
10
4.9552755905511807
20
-4.0774212598425192
11
4.9552755905511807
21
-4.1324212598425198
0
LINE
8
BLACK
6
CONTINUOUS
10
4.9552755905511807
20
-4.1324212598425198
11
4.9546762204724413
21
-4.1354345275590552
0
LINE
8
BLACK
6
CONTINUOUS
10
4.9546762204724413
20
-4.1354345275590552
11
4.9529693307086617
21
-4.1379890157480315
0
LINE
8
BLACK
6
CONTINUOUS
10
4.9529693307086617
20
-4.1379890157480315
11
4.9504148425196846
21
-4.139695905511811
0
LINE
8
BLACK
6
CONTINUOUS
10
4.9504148425196846
20
-4.139695905511811
11
4.9474015748031492
21
-4.1402952755905513
0
LINE
8
BLACK
6
CONTINUOUS
10
4.9474015748031492
20
-4.1402952755905513
11
4.9124015748031491
21
-4.1402952755905513
0
LINE
8
BLACK
6
CONTINUOUS
10
4.9124015748031491
20
-4.1402952755905513
11
4.9093883070866138
21
-4.139695905511811
0
LINE
8
BLACK
6
CONTINUOUS
10
4.9093883070866138
20
-4.139695905511811
11
4.9068338188976375
21
-4.1379890157480315
0
LINE
8
BLACK
6
CONTINUOUS
10
4.9068338188976375
20
-4.1379890157480315
11
4.9051269291338579
21
-4.1354345275590552
0
LINE
8
BLACK
6
CONTINUOUS
10
4.9051269291338579
20
-4.1354345275590552
11
4.9045275590551176
21
-4.1324212598425198
0
LINE
8
BLACK
6
CONTINUOUS
10
4.9045275590551176
20
-4.1324212598425198
11
4.9045275590551176
21
-4.0774212598425192
0
LINE
8
BLACK
6
CONTINUOUS
10
4.9045275590551176
20
-4.0774212598425192
11
4.9051269291338579
21
-4.0744079921259839
0
LINE
8
BLACK
6
CONTINUOUS
10
4.9051269291338579
20
-4.0744079921259839
11
4.9068338188976375
21
-4.0718535039370076
0
LINE
8
BLACK
6
CONTINUOUS
10
4.9068338188976375
20
-4.0718535039370076
11
4.9093883070866138
21
-4.0701466141732281
0
LINE
8
BLACK
6
CONTINUOUS
10
4.9093883070866138
20
-4.0701466141732281
11
4.9124015748031491
21
-4.0695472440944878
0
LINE
8
BLACK
6
CONTINUOUS
10
4.9124015748031491
20
-4.0695472440944878
11
4.9474015748031492
21
-4.0695472440944878
0
LINE
8
BLACK
6
CONTINUOUS
10
4.9474015748031492
20
-4.0695472440944878
11
4.9504148425196846
21
-4.0701466141732281
0
LINE
8
BLACK
6
CONTINUOUS
10
5.0254148425196847
20
-4.0701466141732281
11
5.027969330708661
21
-4.0718535039370076
0
LINE
8
BLACK
6
CONTINUOUS
10
5.027969330708661
20
-4.0718535039370076
11
5.0296762204724406
21
-4.0744079921259839
0
LINE
8
BLACK
6
CONTINUOUS
10
5.0296762204724406
20
-4.0744079921259839
11
5.0302755905511809
21
-4.0774212598425192
0
LINE
8
BLACK
6
CONTINUOUS
10
5.0302755905511809
20
-4.0774212598425192
11
5.0302755905511809
21
-4.1324212598425198
0
LINE
8
BLACK
6
CONTINUOUS
10
5.0302755905511809
20
-4.1324212598425198
11
5.0296762204724406
21
-4.1354345275590552
0
LINE
8
BLACK
6
CONTINUOUS
10
5.0296762204724406
20
-4.1354345275590552
11
5.027969330708661
21
-4.1379890157480315
0
LINE
8
BLACK
6
CONTINUOUS
10
5.027969330708661
20
-4.1379890157480315
11
5.0254148425196847
21
-4.139695905511811
0
LINE
8
BLACK
6
CONTINUOUS
10
5.0254148425196847
20
-4.139695905511811
11
5.0224015748031494
21
-4.1402952755905513
0
LINE
8
BLACK
6
CONTINUOUS
10
5.0224015748031494
20
-4.1402952755905513
11
4.9874015748031493
21
-4.1402952755905513
0
LINE
8
BLACK
6
CONTINUOUS
10
4.9874015748031493
20
-4.1402952755905513
11
4.984388307086614
21
-4.139695905511811
0
LINE
8
BLACK
6
CONTINUOUS
10
4.984388307086614
20
-4.139695905511811
11
4.9818338188976377
21
-4.1379890157480315
0
LINE
8
BLACK
6
CONTINUOUS
10
4.9818338188976377
20
-4.1379890157480315
11
4.9801269291338581
21
-4.1354345275590552
0
LINE
8
BLACK
6
CONTINUOUS
10
4.9801269291338581
20
-4.1354345275590552
11
4.9795275590551178
21
-4.1324212598425198
0
LINE
8
BLACK
6
CONTINUOUS
10
4.9795275590551178
20
-4.1324212598425198
11
4.9795275590551178
21
-4.0774212598425192
0
LINE
8
BLACK
6
CONTINUOUS
10
4.9795275590551178
20
-4.0774212598425192
11
4.9801269291338581
21
-4.0744079921259839
0
LINE
8
BLACK
6
CONTINUOUS
10
4.9801269291338581
20
-4.0744079921259839
11
4.9818338188976377
21
-4.0718535039370076
0
LINE
8
BLACK
6
CONTINUOUS
10
4.9818338188976377
20
-4.0718535039370076
11
4.984388307086614
21
-4.0701466141732281
0
LINE
8
BLACK
6
CONTINUOUS
10
4.984388307086614
20
-4.0701466141732281
11
4.9874015748031493
21
-4.0695472440944878
0
LINE
8
BLACK
6
CONTINUOUS
10
4.9874015748031493
20
-4.0695472440944878
11
5.0224015748031494
21
-4.0695472440944878
0
LINE
8
BLACK
6
CONTINUOUS
10
5.0224015748031494
20
-4.0695472440944878
11
5.0254148425196847
21
-4.0701466141732281
0
LINE
8
BLACK
6
CONTINUOUS
10
5.1611065748031493
20
-3.8289794094488188
11
5.1654966141732279
21
-3.8312162598425195
0
LINE
8
BLACK
6
CONTINUOUS
10
5.1654966141732279
20
-3.8312162598425195
11
5.1689805905511808
21
-3.8347002362204723
0
LINE
8
BLACK
6
CONTINUOUS
10
5.1689805905511808
20
-3.8347002362204723
11
5.1712174409448819
21
-3.8390902755905509
0
LINE
8
BLACK
6
CONTINUOUS
10
5.1712174409448819
20
-3.8390902755905509
11
5.1719881889763775
21
-3.8439566929133857
0
LINE
8
BLACK
6
CONTINUOUS
10
5.1719881889763775
20
-3.8439566929133857
11
5.1719881889763775
21
-3.8597047244094487
0
LINE
8
BLACK
6
CONTINUOUS
10
5.1719881889763775
20
-3.8597047244094487
11
5.1712174409448819
21
-3.8645711417322834
0
LINE
8
BLACK
6
CONTINUOUS
10
5.1712174409448819
20
-3.8645711417322834
11
5.1689805905511808
21
-3.8689611811023621
0
LINE
8
BLACK
6
CONTINUOUS
10
5.1689805905511808
20
-3.8689611811023621
11
5.1654966141732279
21
-3.8724451574803149
0
LINE
8
BLACK
6
CONTINUOUS
10
5.1654966141732279
20
-3.8724451574803149
11
5.1634572834645667
21
-3.8734842519685038
0
LINE
8
BLACK
6
CONTINUOUS
10
5.1634572834645667
20
-3.8734842519685038
11
5.1654966141732279
21
-3.8745233464566926
0
LINE
8
BLACK
6
CONTINUOUS
10
5.1654966141732279
20
-3.8745233464566926
11
5.1689805905511808
21
-3.8780073228346454
0
LINE
8
BLACK
6
CONTINUOUS
10
5.1689805905511808
20
-3.8780073228346454
11
5.1712174409448819
21
-3.8823973622047245
0
LINE
8
BLACK
6
CONTINUOUS
10
5.1712174409448819
20
-3.8823973622047245
11
5.1719881889763775
21
-3.8872637795275589
0
LINE
8
BLACK
6
CONTINUOUS
10
5.1719881889763775
20
-3.8872637795275589
11
5.1719881889763775
21
-3.9030118110236218
0
LINE
8
BLACK
6
CONTINUOUS
10
5.1719881889763775
20
-3.9030118110236218
11
5.1712174409448819
21
-3.9078782283464566
0
LINE
8
BLACK
6
CONTINUOUS
10
5.1712174409448819
20
-3.9078782283464566
11
5.1689805905511808
21
-3.9122682677165352
0
LINE
8
BLACK
6
CONTINUOUS
10
5.1689805905511808
20
-3.9122682677165352
11
5.1654966141732279
21
-3.9157522440944881
0
LINE
8
BLACK
6
CONTINUOUS
10
5.1654966141732279
20
-3.9157522440944881
11
5.1634572834645667
21
-3.9167913385826769
0
LINE
8
BLACK
6
CONTINUOUS
10
5.1634572834645667
20
-3.9167913385826769
11
5.1654966141732279
21
-3.9178304330708662
0
LINE
8
BLACK
6
CONTINUOUS
10
5.1654966141732279
20
-3.9178304330708662
11
5.1689805905511808
21
-3.9213144094488186
0
LINE
8
BLACK
6
CONTINUOUS
10
5.1689805905511808
20
-3.9213144094488186
11
5.1712174409448819
21
-3.9257044488188977
0
LINE
8
BLACK
6
CONTINUOUS
10
5.1712174409448819
20
-3.9257044488188977
11
5.1719881889763775
21
-3.930570866141732
0
LINE
8
BLACK
6
CONTINUOUS
10
5.1719881889763775
20
-3.930570866141732
11
5.1719881889763775
21
-3.946318897637795
0
LINE
8
BLACK
6
CONTINUOUS
10
5.1719881889763775
20
-3.946318897637795
11
5.1712174409448819
21
-3.9511853149606297
0
LINE
8
BLACK
6
CONTINUOUS
10
5.1712174409448819
20
-3.9511853149606297
11
5.1689805905511808
21
-3.9555753543307084
0
LINE
8
BLACK
6
CONTINUOUS
10
5.1689805905511808
20
-3.9555753543307084
11
5.1654966141732279
21
-3.9590593307086612
0
LINE
8
BLACK
6
CONTINUOUS
10
5.1654966141732279
20
-3.9590593307086612
11
5.1634572834645667
21
-3.9600984251968505
0
LINE
8
BLACK
6
CONTINUOUS
10
5.1634572834645667
20
-3.9600984251968505
11
5.1654966141732279
21
-3.9611375196850394
0
LINE
8
BLACK
6
CONTINUOUS
10
5.1654966141732279
20
-3.9611375196850394
11
5.1689805905511808
21
-3.9646214960629922
0
LINE
8
BLACK
6
CONTINUOUS
10
5.1689805905511808
20
-3.9646214960629922
11
5.1712174409448819
21
-3.9690115354330708
0
LINE
8
BLACK
6
CONTINUOUS
10
5.1712174409448819
20
-3.9690115354330708
11
5.1719881889763775
21
-3.9738779527559056
0
LINE
8
BLACK
6
CONTINUOUS
10
5.1719881889763775
20
-3.9738779527559056
11
5.1719881889763775
21
-3.9896259842519686
0
LINE
8
BLACK
6
CONTINUOUS
10
5.1719881889763775
20
-3.9896259842519686
11
5.1712174409448819
21
-3.9944924015748029
0
LINE
8
BLACK
6
CONTINUOUS
10
5.1712174409448819
20
-3.9944924015748029
11
5.1689805905511808
21
-3.998882440944882
0
LINE
8
BLACK
6
CONTINUOUS
10
5.1689805905511808
20
-3.998882440944882
11
5.1654966141732279
21
-4.0023664173228344
0
LINE
8
BLACK
6
CONTINUOUS
10
5.1654966141732279
20
-4.0023664173228344
11
5.1634572834645667
21
-4.0034055118110237
0
LINE
8
BLACK
6
CONTINUOUS
10
5.1634572834645667
20
-4.0034055118110237
11
5.1654966141732279
21
-4.0044446062992129
0
LINE
8
BLACK
6
CONTINUOUS
10
5.1654966141732279
20
-4.0044446062992129
11
5.1689805905511808
21
-4.0079285826771649
0
LINE
8
BLACK
6
CONTINUOUS
10
5.1689805905511808
20
-4.0079285826771649
11
5.1712174409448819
21
-4.0123186220472444
0
LINE
8
BLACK
6
CONTINUOUS
10
5.1712174409448819
20
-4.0123186220472444
11
5.1719881889763775
21
-4.0171850393700783
0
LINE
8
BLACK
6
CONTINUOUS
10
5.1719881889763775
20
-4.0171850393700783
11
5.1719881889763775
21
-4.0329330708661413
0
LINE
8
BLACK
6
CONTINUOUS
10
5.1719881889763775
20
-4.0329330708661413
11
5.1712174409448819
21
-4.037799488188976
0
LINE
8
BLACK
6
CONTINUOUS
10
5.1712174409448819
20
-4.037799488188976
11
5.1689805905511808
21
-4.0421895275590547
0
LINE
8
BLACK
6
CONTINUOUS
10
5.1689805905511808
20
-4.0421895275590547
11
5.1654966141732279
21
-4.0456735039370075
0
LINE
8
BLACK
6
CONTINUOUS
10
5.1654966141732279
20
-4.0456735039370075
11
5.1634572834645667
21
-4.0467125984251968
0
LINE
8
BLACK
6
CONTINUOUS
10
5.1634572834645667
20
-4.0467125984251968
11
5.1654966141732279
21
-4.0477516929133861
0
LINE
8
BLACK
6
CONTINUOUS
10
5.1654966141732279
20
-4.0477516929133861
11
5.1689805905511808
21
-4.051235669291338
0
LINE
8
BLACK
6
CONTINUOUS
10
5.1689805905511808
20
-4.051235669291338
11
5.1712174409448819
21
-4.0556257086614176
0
LINE
8
BLACK
6
CONTINUOUS
10
5.1712174409448819
20
-4.0556257086614176
11
5.1719881889763775
21
-4.0604921259842515
0
LINE
8
BLACK
6
CONTINUOUS
10
5.1719881889763775
20
-4.0604921259842515
11
5.1719881889763775
21
-4.0762401574803144
0
LINE
8
BLACK
6
CONTINUOUS
10
5.1719881889763775
20
-4.0762401574803144
11
5.1712174409448819
21
-4.0811065748031492
0
LINE
8
BLACK
6
CONTINUOUS
10
5.1712174409448819
20
-4.0811065748031492
11
5.1689805905511808
21
-4.0854966141732278
0
LINE
8
BLACK
6
CONTINUOUS
10
5.1689805905511808
20
-4.0854966141732278
11
5.1654966141732279
21
-4.0889805905511807
0
LINE
8
BLACK
6
CONTINUOUS
10
5.1654966141732279
20
-4.0889805905511807
11
5.1634572834645667
21
-4.09001968503937
0
LINE
8
BLACK
6
CONTINUOUS
10
5.1634572834645667
20
-4.09001968503937
11
5.1654966141732279
21
-4.0910587795275593
0
LINE
8
BLACK
6
CONTINUOUS
10
5.1654966141732279
20
-4.0910587795275593
11
5.1689805905511808
21
-4.0945427559055121
0
LINE
8
BLACK
6
CONTINUOUS
10
5.1689805905511808
20
-4.0945427559055121
11
5.1712174409448819
21
-4.0989327952755907
0
LINE
8
BLACK
6
CONTINUOUS
10
5.1712174409448819
20
-4.0989327952755907
11
5.1719881889763775
21
-4.1037992125984255
0
LINE
8
BLACK
6
CONTINUOUS
10
5.1719881889763775
20
-4.1037992125984255
11
5.1719881889763775
21
-4.1195472440944885
0
LINE
8
BLACK
6
CONTINUOUS
10
5.1719881889763775
20
-4.1195472440944885
11
5.1712174409448819
21
-4.1244136614173224
0
LINE
8
BLACK
6
CONTINUOUS
10
5.1712174409448819
20
-4.1244136614173224
11
5.1689805905511808
21
-4.1288037007874019
0
LINE
8
BLACK
6
CONTINUOUS
10
5.1689805905511808
20
-4.1288037007874019
11
5.1654966141732279
21
-4.1322876771653538
0
LINE
8
BLACK
6
CONTINUOUS
10
5.1654966141732279
20
-4.1322876771653538
11
5.1611065748031493
21
-4.134524527559055
0
LINE
8
BLACK
6
CONTINUOUS
10
5.1611065748031493
20
-4.134524527559055
11
5.1562401574803145
21
-4.1352952755905514
0
LINE
8
BLACK
6
CONTINUOUS
10
5.1562401574803145
20
-4.1352952755905514
11
5.1011220472440941
21
-4.1352952755905514
0
LINE
8
BLACK
6
CONTINUOUS
10
5.1011220472440941
20
-4.1352952755905514
11
5.0962556299212594
21
-4.134524527559055
0
LINE
8
BLACK
6
CONTINUOUS
10
5.0962556299212594
20
-4.134524527559055
11
5.0918655905511807
21
-4.1322876771653538
0
LINE
8
BLACK
6
CONTINUOUS
10
5.0918655905511807
20
-4.1322876771653538
11
5.0883816141732279
21
-4.1288037007874019
0
LINE
8
BLACK
6
CONTINUOUS
10
5.0883816141732279
20
-4.1288037007874019
11
5.0861447637795276
21
-4.1244136614173224
0
LINE
8
BLACK
6
CONTINUOUS
10
5.0861447637795276
20
-4.1244136614173224
11
5.0853740157480312
21
-4.1195472440944885
0
LINE
8
BLACK
6
CONTINUOUS
10
5.0853740157480312
20
-4.1195472440944885
11
5.0853740157480312
21
-4.1037992125984255
0
LINE
8
BLACK
6
CONTINUOUS
10
5.0853740157480312
20
-4.1037992125984255
11
5.0861447637795276
21
-4.0989327952755907
0
LINE
8
BLACK
6
CONTINUOUS
10
5.0861447637795276
20
-4.0989327952755907
11
5.0883816141732279
21
-4.0945427559055121
0
LINE
8
BLACK
6
CONTINUOUS
10
5.0883816141732279
20
-4.0945427559055121
11
5.0918655905511807
21
-4.0910587795275593
0
LINE
8
BLACK
6
CONTINUOUS
10
5.0918655905511807
20
-4.0910587795275593
11
5.0939048818897641
21
-4.09001968503937
0
LINE
8
BLACK
6
CONTINUOUS
10
5.0939048818897641
20
-4.09001968503937
11
5.0918655905511807
21
-4.0889805905511807
0
LINE
8
BLACK
6
CONTINUOUS
10
5.0918655905511807
20
-4.0889805905511807
11
5.0883816141732279
21
-4.0854966141732278
0
LINE
8
BLACK
6
CONTINUOUS
10
5.0883816141732279
20
-4.0854966141732278
11
5.0861447637795276
21
-4.0811065748031492
0
LINE
8
BLACK
6
CONTINUOUS
10
5.0861447637795276
20
-4.0811065748031492
11
5.0853740157480312
21
-4.0762401574803144
0
LINE
8
BLACK
6
CONTINUOUS
10
5.0853740157480312
20
-4.0762401574803144
11
5.0853740157480312
21
-4.0604921259842515
0
LINE
8
BLACK
6
CONTINUOUS
10
5.0853740157480312
20
-4.0604921259842515
11
5.0861447637795276
21
-4.0556257086614176
0
LINE
8
BLACK
6
CONTINUOUS
10
5.0861447637795276
20
-4.0556257086614176
11
5.0883816141732279
21
-4.051235669291338
0
LINE
8
BLACK
6
CONTINUOUS
10
5.0883816141732279
20
-4.051235669291338
11
5.0918655905511807
21
-4.0477516929133861
0
LINE
8
BLACK
6
CONTINUOUS
10
5.0918655905511807
20
-4.0477516929133861
11
5.0939048818897641
21
-4.0467125984251968
0
LINE
8
BLACK
6
CONTINUOUS
10
5.0939048818897641
20
-4.0467125984251968
11
5.0918655905511807
21
-4.0456735039370075
0
LINE
8
BLACK
6
CONTINUOUS
10
5.0918655905511807
20
-4.0456735039370075
11
5.0883816141732279
21
-4.0421895275590547
0
LINE
8
BLACK
6
CONTINUOUS
10
5.0883816141732279
20
-4.0421895275590547
11
5.0861447637795276
21
-4.037799488188976
0
LINE
8
BLACK
6
CONTINUOUS
10
5.0861447637795276
20
-4.037799488188976
11
5.0853740157480312
21
-4.0329330708661413
0
LINE
8
BLACK
6
CONTINUOUS
10
5.0853740157480312
20
-4.0329330708661413
11
5.0853740157480312
21
-4.0171850393700783
0
LINE
8
BLACK
6
CONTINUOUS
10
5.0853740157480312
20
-4.0171850393700783
11
5.0861447637795276
21
-4.0123186220472444
0
LINE
8
BLACK
6
CONTINUOUS
10
5.0861447637795276
20
-4.0123186220472444
11
5.0883816141732279
21
-4.0079285826771649
0
LINE
8
BLACK
6
CONTINUOUS
10
5.0883816141732279
20
-4.0079285826771649
11
5.0918655905511807
21
-4.0044446062992129
0
LINE
8
BLACK
6
CONTINUOUS
10
5.0918655905511807
20
-4.0044446062992129
11
5.0939048818897641
21
-4.0034055118110237
0
LINE
8
BLACK
6
CONTINUOUS
10
5.0939048818897641
20
-4.0034055118110237
11
5.0918655905511807
21
-4.0023664173228344
0
LINE
8
BLACK
6
CONTINUOUS
10
5.0918655905511807
20
-4.0023664173228344
11
5.0883816141732279
21
-3.998882440944882
0
LINE
8
BLACK
6
CONTINUOUS
10
5.0883816141732279
20
-3.998882440944882
11
5.0861447637795276
21
-3.9944924015748029
0
LINE
8
BLACK
6
CONTINUOUS
10
5.0861447637795276
20
-3.9944924015748029
11
5.0853740157480312
21
-3.9896259842519686
0
LINE
8
BLACK
6
CONTINUOUS
10
5.0853740157480312
20
-3.9896259842519686
11
5.0853740157480312
21
-3.9738779527559056
0
LINE
8
BLACK
6
CONTINUOUS
10
5.0853740157480312
20
-3.9738779527559056
11
5.0861447637795276
21
-3.9690115354330708
0
LINE
8
BLACK
6
CONTINUOUS
10
5.0861447637795276
20
-3.9690115354330708
11
5.0883816141732279
21
-3.9646214960629922
0
LINE
8
BLACK
6
CONTINUOUS
10
5.0883816141732279
20
-3.9646214960629922
11
5.0918655905511807
21
-3.9611375196850394
0
LINE
8
BLACK
6
CONTINUOUS
10
5.0918655905511807
20
-3.9611375196850394
11
5.0939048818897641
21
-3.9600984251968505
0
LINE
8
BLACK
6
CONTINUOUS
10
5.0939048818897641
20
-3.9600984251968505
11
5.0918655905511807
21
-3.9590593307086612
0
LINE
8
BLACK
6
CONTINUOUS
10
5.0918655905511807
20
-3.9590593307086612
11
5.0883816141732279
21
-3.9555753543307084
0
LINE
8
BLACK
6
CONTINUOUS
10
5.0883816141732279
20
-3.9555753543307084
11
5.0861447637795276
21
-3.9511853149606297
0
LINE
8
BLACK
6
CONTINUOUS
10
5.0861447637795276
20
-3.9511853149606297
11
5.0853740157480312
21
-3.946318897637795
0
LINE
8
BLACK
6
CONTINUOUS
10
5.0853740157480312
20
-3.946318897637795
11
5.0853740157480312
21
-3.930570866141732
0
LINE
8
BLACK
6
CONTINUOUS
10
5.0853740157480312
20
-3.930570866141732
11
5.0861447637795276
21
-3.9257044488188977
0
LINE
8
BLACK
6
CONTINUOUS
10
5.0861447637795276
20
-3.9257044488188977
11
5.0883816141732279
21
-3.9213144094488186
0
LINE
8
BLACK
6
CONTINUOUS
10
5.0883816141732279
20
-3.9213144094488186
11
5.0918655905511807
21
-3.9178304330708662
0
LINE
8
BLACK
6
CONTINUOUS
10
5.0918655905511807
20
-3.9178304330708662
11
5.0939048818897641
21
-3.9167913385826769
0
LINE
8
BLACK
6
CONTINUOUS
10
5.0939048818897641
20
-3.9167913385826769
11
5.0918655905511807
21
-3.9157522440944881
0
LINE
8
BLACK
6
CONTINUOUS
10
5.0918655905511807
20
-3.9157522440944881
11
5.0883816141732279
21
-3.9122682677165352
0
LINE
8
BLACK
6
CONTINUOUS
10
5.0883816141732279
20
-3.9122682677165352
11
5.0861447637795276
21
-3.9078782283464566
0
LINE
8
BLACK
6
CONTINUOUS
10
5.0861447637795276
20
-3.9078782283464566
11
5.0853740157480312
21
-3.9030118110236218
0
LINE
8
BLACK
6
CONTINUOUS
10
5.0853740157480312
20
-3.9030118110236218
11
5.0853740157480312
21
-3.8872637795275589
0
LINE
8
BLACK
6
CONTINUOUS
10
5.0853740157480312
20
-3.8872637795275589
11
5.0861447637795276
21
-3.8823973622047245
0
LINE
8
BLACK
6
CONTINUOUS
10
5.0861447637795276
20
-3.8823973622047245
11
5.0883816141732279
21
-3.8780073228346454
0
LINE
8
BLACK
6
CONTINUOUS
10
5.0883816141732279
20
-3.8780073228346454
11
5.0918655905511807
21
-3.8745233464566926
0
LINE
8
BLACK
6
CONTINUOUS
10
5.0918655905511807
20
-3.8745233464566926
11
5.0939048818897641
21
-3.8734842519685038
0
LINE
8
BLACK
6
CONTINUOUS
10
5.0939048818897641
20
-3.8734842519685038
11
5.0918655905511807
21
-3.8724451574803149
0
LINE
8
BLACK
6
CONTINUOUS
10
5.0918655905511807
20
-3.8724451574803149
11
5.0883816141732279
21
-3.8689611811023621
0
LINE
8
BLACK
6
CONTINUOUS
10
5.0883816141732279
20
-3.8689611811023621
11
5.0861447637795276
21
-3.8645711417322834
0
LINE
8
BLACK
6
CONTINUOUS
10
5.0861447637795276
20
-3.8645711417322834
11
5.0853740157480312
21
-3.8597047244094487
0
LINE
8
BLACK
6
CONTINUOUS
10
5.0853740157480312
20
-3.8597047244094487
11
5.0853740157480312
21
-3.8439566929133857
0
LINE
8
BLACK
6
CONTINUOUS
10
5.0853740157480312
20
-3.8439566929133857
11
5.0861447637795276
21
-3.8390902755905509
0
LINE
8
BLACK
6
CONTINUOUS
10
5.0861447637795276
20
-3.8390902755905509
11
5.0883816141732279
21
-3.8347002362204723
0
LINE
8
BLACK
6
CONTINUOUS
10
5.0883816141732279
20
-3.8347002362204723
11
5.0918655905511807
21
-3.8312162598425195
0
LINE
8
BLACK
6
CONTINUOUS
10
5.0918655905511807
20
-3.8312162598425195
11
5.0962556299212594
21
-3.8289794094488188
0
LINE
8
BLACK
6
CONTINUOUS
10
5.0962556299212594
20
-3.8289794094488188
11
5.1011220472440941
21
-3.8282086614173227
0
LINE
8
BLACK
6
CONTINUOUS
10
5.1011220472440941
20
-3.8282086614173227
11
5.1562401574803145
21
-3.8282086614173227
0
LINE
8
BLACK
6
CONTINUOUS
10
5.1562401574803145
20
-3.8282086614173227
11
5.1611065748031493
21
-3.8289794094488188
0
LINE
8
BLACK
6
CONTINUOUS
10
5.6335475196850391
20
-3.8289794094488188
11
5.6379375590551177
21
-3.8312162598425195
0
LINE
8
BLACK
6
CONTINUOUS
10
5.6379375590551177
20
-3.8312162598425195
11
5.6414215354330706
21
-3.8347002362204723
0
LINE
8
BLACK
6
CONTINUOUS
10
5.6414215354330706
20
-3.8347002362204723
11
5.6436583858267717
21
-3.8390902755905509
0
LINE
8
BLACK
6
CONTINUOUS
10
5.6436583858267717
20
-3.8390902755905509
11
5.6444291338582673
21
-3.8439566929133857
0
LINE
8
BLACK
6
CONTINUOUS
10
5.6444291338582673
20
-3.8439566929133857
11
5.6444291338582673
21
-3.8597047244094487
0
LINE
8
BLACK
6
CONTINUOUS
10
5.6444291338582673
20
-3.8597047244094487
11
5.6436583858267717
21
-3.8645711417322834
0
LINE
8
BLACK
6
CONTINUOUS
10
5.6436583858267717
20
-3.8645711417322834
11
5.6414215354330706
21
-3.8689611811023621
0
LINE
8
BLACK
6
CONTINUOUS
10
5.6414215354330706
20
-3.8689611811023621
11
5.6379375590551177
21
-3.8724451574803149
0
LINE
8
BLACK
6
CONTINUOUS
10
5.6379375590551177
20
-3.8724451574803149
11
5.6358982283464565
21
-3.8734842519685038
0
LINE
8
BLACK
6
CONTINUOUS
10
5.6358982283464565
20
-3.8734842519685038
11
5.6379375590551177
21
-3.8745233464566926
0
LINE
8
BLACK
6
CONTINUOUS
10
5.6379375590551177
20
-3.8745233464566926
11
5.6414215354330706
21
-3.8780073228346454
0
LINE
8
BLACK
6
CONTINUOUS
10
5.6414215354330706
20
-3.8780073228346454
11
5.6436583858267717
21
-3.8823973622047245
0
LINE
8
BLACK
6
CONTINUOUS
10
5.6436583858267717
20
-3.8823973622047245
11
5.6444291338582673
21
-3.8872637795275589
0
LINE
8
BLACK
6
CONTINUOUS
10
5.6444291338582673
20
-3.8872637795275589
11
5.6444291338582673
21
-3.9030118110236218
0
LINE
8
BLACK
6
CONTINUOUS
10
5.6444291338582673
20
-3.9030118110236218
11
5.6436583858267717
21
-3.9078782283464566
0
LINE
8
BLACK
6
CONTINUOUS
10
5.6436583858267717
20
-3.9078782283464566
11
5.6414215354330706
21
-3.9122682677165352
0
LINE
8
BLACK
6
CONTINUOUS
10
5.6414215354330706
20
-3.9122682677165352
11
5.6379375590551177
21
-3.9157522440944881
0
LINE
8
BLACK
6
CONTINUOUS
10
5.6379375590551177
20
-3.9157522440944881
11
5.6358982283464565
21
-3.9167913385826769
0
LINE
8
BLACK
6
CONTINUOUS
10
5.6358982283464565
20
-3.9167913385826769
11
5.6379375590551177
21
-3.9178304330708662
0
LINE
8
BLACK
6
CONTINUOUS
10
5.6379375590551177
20
-3.9178304330708662
11
5.6414215354330706
21
-3.9213144094488186
0
LINE
8
BLACK
6
CONTINUOUS
10
5.6414215354330706
20
-3.9213144094488186
11
5.6436583858267717
21
-3.9257044488188977
0
LINE
8
BLACK
6
CONTINUOUS
10
5.6436583858267717
20
-3.9257044488188977
11
5.6444291338582673
21
-3.930570866141732
0
LINE
8
BLACK
6
CONTINUOUS
10
5.6444291338582673
20
-3.930570866141732
11
5.6444291338582673
21
-3.946318897637795
0
LINE
8
BLACK
6
CONTINUOUS
10
5.6444291338582673
20
-3.946318897637795
11
5.6436583858267717
21
-3.9511853149606297
0
LINE
8
BLACK
6
CONTINUOUS
10
5.6436583858267717
20
-3.9511853149606297
11
5.6414215354330706
21
-3.9555753543307084
0
LINE
8
BLACK
6
CONTINUOUS
10
5.6414215354330706
20
-3.9555753543307084
11
5.6379375590551177
21
-3.9590593307086612
0
LINE
8
BLACK
6
CONTINUOUS
10
5.6379375590551177
20
-3.9590593307086612
11
5.6358982283464565
21
-3.9600984251968505
0
LINE
8
BLACK
6
CONTINUOUS
10
5.6358982283464565
20
-3.9600984251968505
11
5.6379375590551177
21
-3.9611375196850394
0
LINE
8
BLACK
6
CONTINUOUS
10
5.6379375590551177
20
-3.9611375196850394
11
5.6414215354330706
21
-3.9646214960629922
0
LINE
8
BLACK
6
CONTINUOUS
10
5.6414215354330706
20
-3.9646214960629922
11
5.6436583858267717
21
-3.9690115354330708
0
LINE
8
BLACK
6
CONTINUOUS
10
5.6436583858267717
20
-3.9690115354330708
11
5.6444291338582673
21
-3.9738779527559056
0
LINE
8
BLACK
6
CONTINUOUS
10
5.6444291338582673
20
-3.9738779527559056
11
5.6444291338582673
21
-3.9896259842519686
0
LINE
8
BLACK
6
CONTINUOUS
10
5.6444291338582673
20
-3.9896259842519686
11
5.6436583858267717
21
-3.9944924015748029
0
LINE
8
BLACK
6
CONTINUOUS
10
5.6436583858267717
20
-3.9944924015748029
11
5.6414215354330706
21
-3.998882440944882
0
LINE
8
BLACK
6
CONTINUOUS
10
5.6414215354330706
20
-3.998882440944882
11
5.6379375590551177
21
-4.0023664173228344
0
LINE
8
BLACK
6
CONTINUOUS
10
5.6379375590551177
20
-4.0023664173228344
11
5.6358982283464565
21
-4.0034055118110237
0
LINE
8
BLACK
6
CONTINUOUS
10
5.6358982283464565
20
-4.0034055118110237
11
5.6379375590551177
21
-4.0044446062992129
0
LINE
8
BLACK
6
CONTINUOUS
10
5.6379375590551177
20
-4.0044446062992129
11
5.6414215354330706
21
-4.0079285826771649
0
LINE
8
BLACK
6
CONTINUOUS
10
5.6414215354330706
20
-4.0079285826771649
11
5.6436583858267717
21
-4.0123186220472444
0
LINE
8
BLACK
6
CONTINUOUS
10
5.6436583858267717
20
-4.0123186220472444
11
5.6444291338582673
21
-4.0171850393700783
0
LINE
8
BLACK
6
CONTINUOUS
10
5.6444291338582673
20
-4.0171850393700783
11
5.6444291338582673
21
-4.0329330708661413
0
LINE
8
BLACK
6
CONTINUOUS
10
5.6444291338582673
20
-4.0329330708661413
11
5.6436583858267717
21
-4.037799488188976
0
LINE
8
BLACK
6
CONTINUOUS
10
5.6436583858267717
20
-4.037799488188976
11
5.6414215354330706
21
-4.0421895275590547
0
LINE
8
BLACK
6
CONTINUOUS
10
5.6414215354330706
20
-4.0421895275590547
11
5.6379375590551177
21
-4.0456735039370075
0
LINE
8
BLACK
6
CONTINUOUS
10
5.6379375590551177
20
-4.0456735039370075
11
5.6358982283464565
21
-4.0467125984251968
0
LINE
8
BLACK
6
CONTINUOUS
10
5.6358982283464565
20
-4.0467125984251968
11
5.6379375590551177
21
-4.0477516929133861
0
LINE
8
BLACK
6
CONTINUOUS
10
5.6379375590551177
20
-4.0477516929133861
11
5.6414215354330706
21
-4.051235669291338
0
LINE
8
BLACK
6
CONTINUOUS
10
5.6414215354330706
20
-4.051235669291338
11
5.6436583858267717
21
-4.0556257086614176
0
LINE
8
BLACK
6
CONTINUOUS
10
5.6436583858267717
20
-4.0556257086614176
11
5.6444291338582673
21
-4.0604921259842515
0
LINE
8
BLACK
6
CONTINUOUS
10
5.6444291338582673
20
-4.0604921259842515
11
5.6444291338582673
21
-4.0762401574803144
0
LINE
8
BLACK
6
CONTINUOUS
10
5.6444291338582673
20
-4.0762401574803144
11
5.6436583858267717
21
-4.0811065748031492
0
LINE
8
BLACK
6
CONTINUOUS
10
5.6436583858267717
20
-4.0811065748031492
11
5.6414215354330706
21
-4.0854966141732278
0
LINE
8
BLACK
6
CONTINUOUS
10
5.6414215354330706
20
-4.0854966141732278
11
5.6379375590551177
21
-4.0889805905511807
0
LINE
8
BLACK
6
CONTINUOUS
10
5.6379375590551177
20
-4.0889805905511807
11
5.6358982283464565
21
-4.09001968503937
0
LINE
8
BLACK
6
CONTINUOUS
10
5.6358982283464565
20
-4.09001968503937
11
5.6379375590551177
21
-4.0910587795275593
0
LINE
8
BLACK
6
CONTINUOUS
10
5.6379375590551177
20
-4.0910587795275593
11
5.6414215354330706
21
-4.0945427559055121
0
LINE
8
BLACK
6
CONTINUOUS
10
5.6414215354330706
20
-4.0945427559055121
11
5.6436583858267717
21
-4.0989327952755907
0
LINE
8
BLACK
6
CONTINUOUS
10
5.6436583858267717
20
-4.0989327952755907
11
5.6444291338582673
21
-4.1037992125984255
0
LINE
8
BLACK
6
CONTINUOUS
10
5.6444291338582673
20
-4.1037992125984255
11
5.6444291338582673
21
-4.1195472440944885
0
LINE
8
BLACK
6
CONTINUOUS
10
5.6444291338582673
20
-4.1195472440944885
11
5.6436583858267717
21
-4.1244136614173224
0
LINE
8
BLACK
6
CONTINUOUS
10
5.6436583858267717
20
-4.1244136614173224
11
5.6414215354330706
21
-4.1288037007874019
0
LINE
8
BLACK
6
CONTINUOUS
10
5.6414215354330706
20
-4.1288037007874019
11
5.6379375590551177
21
-4.1322876771653538
0
LINE
8
BLACK
6
CONTINUOUS
10
5.6379375590551177
20
-4.1322876771653538
11
5.6335475196850391
21
-4.134524527559055
0
LINE
8
BLACK
6
CONTINUOUS
10
5.6335475196850391
20
-4.134524527559055
11
5.6286811023622043
21
-4.1352952755905514
0
LINE
8
BLACK
6
CONTINUOUS
10
5.6286811023622043
20
-4.1352952755905514
11
5.5735629921259839
21
-4.1352952755905514
0
LINE
8
BLACK
6
CONTINUOUS
10
5.5735629921259839
20
-4.1352952755905514
11
5.5686965748031492
21
-4.134524527559055
0
LINE
8
BLACK
6
CONTINUOUS
10
5.5686965748031492
20
-4.134524527559055
11
5.5643065354330705
21
-4.1322876771653538
0
LINE
8
BLACK
6
CONTINUOUS
10
5.5643065354330705
20
-4.1322876771653538
11
5.5608225590551177
21
-4.1288037007874019
0
LINE
8
BLACK
6
CONTINUOUS
10
5.5608225590551177
20
-4.1288037007874019
11
5.5585857086614174
21
-4.1244136614173224
0
LINE
8
BLACK
6
CONTINUOUS
10
5.5585857086614174
20
-4.1244136614173224
11
5.557814960629921
21
-4.1195472440944885
0
LINE
8
BLACK
6
CONTINUOUS
10
5.557814960629921
20
-4.1195472440944885
11
5.557814960629921
21
-4.1037992125984255
0
LINE
8
BLACK
6
CONTINUOUS
10
5.557814960629921
20
-4.1037992125984255
11
5.5585857086614174
21
-4.0989327952755907
0
LINE
8
BLACK
6
CONTINUOUS
10
5.5585857086614174
20
-4.0989327952755907
11
5.5608225590551177
21
-4.0945427559055121
0
LINE
8
BLACK
6
CONTINUOUS
10
5.5608225590551177
20
-4.0945427559055121
11
5.5643065354330705
21
-4.0910587795275593
0
LINE
8
BLACK
6
CONTINUOUS
10
5.5643065354330705
20
-4.0910587795275593
11
5.566345826771653
21
-4.09001968503937
0
LINE
8
BLACK
6
CONTINUOUS
10
5.566345826771653
20
-4.09001968503937
11
5.5643065354330705
21
-4.0889805905511807
0
LINE
8
BLACK
6
CONTINUOUS
10
5.5643065354330705
20
-4.0889805905511807
11
5.5608225590551177
21
-4.0854966141732278
0
LINE
8
BLACK
6
CONTINUOUS
10
5.5608225590551177
20
-4.0854966141732278
11
5.5585857086614174
21
-4.0811065748031492
0
LINE
8
BLACK
6
CONTINUOUS
10
5.5585857086614174
20
-4.0811065748031492
11
5.557814960629921
21
-4.0762401574803144
0
LINE
8
BLACK
6
CONTINUOUS
10
5.557814960629921
20
-4.0762401574803144
11
5.557814960629921
21
-4.0604921259842515
0
LINE
8
BLACK
6
CONTINUOUS
10
5.557814960629921
20
-4.0604921259842515
11
5.5585857086614174
21
-4.0556257086614176
0
LINE
8
BLACK
6
CONTINUOUS
10
5.5585857086614174
20
-4.0556257086614176
11
5.5608225590551177
21
-4.051235669291338
0
LINE
8
BLACK
6
CONTINUOUS
10
5.5608225590551177
20
-4.051235669291338
11
5.5643065354330705
21
-4.0477516929133861
0
LINE
8
BLACK
6
CONTINUOUS
10
5.5643065354330705
20
-4.0477516929133861
11
5.566345826771653
21
-4.0467125984251968
0
LINE
8
BLACK
6
CONTINUOUS
10
5.566345826771653
20
-4.0467125984251968
11
5.5643065354330705
21
-4.0456735039370075
0
LINE
8
BLACK
6
CONTINUOUS
10
5.5643065354330705
20
-4.0456735039370075
11
5.5608225590551177
21
-4.0421895275590547
0
LINE
8
BLACK
6
CONTINUOUS
10
5.5608225590551177
20
-4.0421895275590547
11
5.5585857086614174
21
-4.037799488188976
0
LINE
8
BLACK
6
CONTINUOUS
10
5.5585857086614174
20
-4.037799488188976
11
5.557814960629921
21
-4.0329330708661413
0
LINE
8
BLACK
6
CONTINUOUS
10
5.557814960629921
20
-4.0329330708661413
11
5.557814960629921
21
-4.0171850393700783
0
LINE
8
BLACK
6
CONTINUOUS
10
5.557814960629921
20
-4.0171850393700783
11
5.5585857086614174
21
-4.0123186220472444
0
LINE
8
BLACK
6
CONTINUOUS
10
5.5585857086614174
20
-4.0123186220472444
11
5.5608225590551177
21
-4.0079285826771649
0
LINE
8
BLACK
6
CONTINUOUS
10
5.5608225590551177
20
-4.0079285826771649
11
5.5643065354330705
21
-4.0044446062992129
0
LINE
8
BLACK
6
CONTINUOUS
10
5.5643065354330705
20
-4.0044446062992129
11
5.566345826771653
21
-4.0034055118110237
0
LINE
8
BLACK
6
CONTINUOUS
10
5.566345826771653
20
-4.0034055118110237
11
5.5643065354330705
21
-4.0023664173228344
0
LINE
8
BLACK
6
CONTINUOUS
10
5.5643065354330705
20
-4.0023664173228344
11
5.5608225590551177
21
-3.998882440944882
0
LINE
8
BLACK
6
CONTINUOUS
10
5.5608225590551177
20
-3.998882440944882
11
5.5585857086614174
21
-3.9944924015748029
0
LINE
8
BLACK
6
CONTINUOUS
10
5.5585857086614174
20
-3.9944924015748029
11
5.557814960629921
21
-3.9896259842519686
0
LINE
8
BLACK
6
CONTINUOUS
10
5.557814960629921
20
-3.9896259842519686
11
5.557814960629921
21
-3.9738779527559056
0
LINE
8
BLACK
6
CONTINUOUS
10
5.557814960629921
20
-3.9738779527559056
11
5.5585857086614174
21
-3.9690115354330708
0
LINE
8
BLACK
6
CONTINUOUS
10
5.5585857086614174
20
-3.9690115354330708
11
5.5608225590551177
21
-3.9646214960629922
0
LINE
8
BLACK
6
CONTINUOUS
10
5.5608225590551177
20
-3.9646214960629922
11
5.5643065354330705
21
-3.9611375196850394
0
LINE
8
BLACK
6
CONTINUOUS
10
5.5643065354330705
20
-3.9611375196850394
11
5.566345826771653
21
-3.9600984251968505
0
LINE
8
BLACK
6
CONTINUOUS
10
5.566345826771653
20
-3.9600984251968505
11
5.5643065354330705
21
-3.9590593307086612
0
LINE
8
BLACK
6
CONTINUOUS
10
5.5643065354330705
20
-3.9590593307086612
11
5.5608225590551177
21
-3.9555753543307084
0
LINE
8
BLACK
6
CONTINUOUS
10
5.5608225590551177
20
-3.9555753543307084
11
5.5585857086614174
21
-3.9511853149606297
0
LINE
8
BLACK
6
CONTINUOUS
10
5.5585857086614174
20
-3.9511853149606297
11
5.557814960629921
21
-3.946318897637795
0
LINE
8
BLACK
6
CONTINUOUS
10
5.557814960629921
20
-3.946318897637795
11
5.557814960629921
21
-3.930570866141732
0
LINE
8
BLACK
6
CONTINUOUS
10
5.557814960629921
20
-3.930570866141732
11
5.5585857086614174
21
-3.9257044488188977
0
LINE
8
BLACK
6
CONTINUOUS
10
5.5585857086614174
20
-3.9257044488188977
11
5.5608225590551177
21
-3.9213144094488186
0
LINE
8
BLACK
6
CONTINUOUS
10
5.5608225590551177
20
-3.9213144094488186
11
5.5643065354330705
21
-3.9178304330708662
0
LINE
8
BLACK
6
CONTINUOUS
10
5.5643065354330705
20
-3.9178304330708662
11
5.566345826771653
21
-3.9167913385826769
0
LINE
8
BLACK
6
CONTINUOUS
10
5.566345826771653
20
-3.9167913385826769
11
5.5643065354330705
21
-3.9157522440944881
0
LINE
8
BLACK
6
CONTINUOUS
10
5.5643065354330705
20
-3.9157522440944881
11
5.5608225590551177
21
-3.9122682677165352
0
LINE
8
BLACK
6
CONTINUOUS
10
5.5608225590551177
20
-3.9122682677165352
11
5.5585857086614174
21
-3.9078782283464566
0
LINE
8
BLACK
6
CONTINUOUS
10
5.5585857086614174
20
-3.9078782283464566
11
5.557814960629921
21
-3.9030118110236218
0
LINE
8
BLACK
6
CONTINUOUS
10
5.557814960629921
20
-3.9030118110236218
11
5.557814960629921
21
-3.8872637795275589
0
LINE
8
BLACK
6
CONTINUOUS
10
5.557814960629921
20
-3.8872637795275589
11
5.5585857086614174
21
-3.8823973622047245
0
LINE
8
BLACK
6
CONTINUOUS
10
5.5585857086614174
20
-3.8823973622047245
11
5.5608225590551177
21
-3.8780073228346454
0
LINE
8
BLACK
6
CONTINUOUS
10
5.5608225590551177
20
-3.8780073228346454
11
5.5643065354330705
21
-3.8745233464566926
0
LINE
8
BLACK
6
CONTINUOUS
10
5.5643065354330705
20
-3.8745233464566926
11
5.566345826771653
21
-3.8734842519685038
0
LINE
8
BLACK
6
CONTINUOUS
10
5.566345826771653
20
-3.8734842519685038
11
5.5643065354330705
21
-3.8724451574803149
0
LINE
8
BLACK
6
CONTINUOUS
10
5.5643065354330705
20
-3.8724451574803149
11
5.5608225590551177
21
-3.8689611811023621
0
LINE
8
BLACK
6
CONTINUOUS
10
5.5608225590551177
20
-3.8689611811023621
11
5.5585857086614174
21
-3.8645711417322834
0
LINE
8
BLACK
6
CONTINUOUS
10
5.5585857086614174
20
-3.8645711417322834
11
5.557814960629921
21
-3.8597047244094487
0
LINE
8
BLACK
6
CONTINUOUS
10
5.557814960629921
20
-3.8597047244094487
11
5.557814960629921
21
-3.8439566929133857
0
LINE
8
BLACK
6
CONTINUOUS
10
5.557814960629921
20
-3.8439566929133857
11
5.5585857086614174
21
-3.8390902755905509
0
LINE
8
BLACK
6
CONTINUOUS
10
5.5585857086614174
20
-3.8390902755905509
11
5.5608225590551177
21
-3.8347002362204723
0
LINE
8
BLACK
6
CONTINUOUS
10
5.5608225590551177
20
-3.8347002362204723
11
5.5643065354330705
21
-3.8312162598425195
0
LINE
8
BLACK
6
CONTINUOUS
10
5.5643065354330705
20
-3.8312162598425195
11
5.5686965748031492
21
-3.8289794094488188
0
LINE
8
BLACK
6
CONTINUOUS
10
5.5686965748031492
20
-3.8289794094488188
11
5.5735629921259839
21
-3.8282086614173227
0
LINE
8
BLACK
6
CONTINUOUS
10
5.5735629921259839
20
-3.8282086614173227
11
5.6286811023622043
21
-3.8282086614173227
0
LINE
8
BLACK
6
CONTINUOUS
10
5.6286811023622043
20
-3.8282086614173227
11
5.6335475196850391
21
-3.8289794094488188
0
LINE
8
BLACK
6
CONTINUOUS
10
6.0204126771653543
20
-4.0316357480314959
11
6.0229671653543306
21
-4.0333426377952755
0
LINE
8
BLACK
6
CONTINUOUS
10
6.0229671653543306
20
-4.0333426377952755
11
6.0246740551181102
21
-4.0358971259842518
0
LINE
8
BLACK
6
CONTINUOUS
10
6.0246740551181102
20
-4.0358971259842518
11
6.0252734251968505
21
-4.0389103937007871
0
LINE
8
BLACK
6
CONTINUOUS
10
6.0252734251968505
20
-4.0389103937007871
11
6.0252734251968505
21
-4.0939103937007877
0
LINE
8
BLACK
6
CONTINUOUS
10
6.0252734251968505
20
-4.0939103937007877
11
6.0246740551181102
21
-4.096923661417323
0
LINE
8
BLACK
6
CONTINUOUS
10
6.0246740551181102
20
-4.096923661417323
11
6.0229671653543306
21
-4.0994781496062993
0
LINE
8
BLACK
6
CONTINUOUS
10
6.0229671653543306
20
-4.0994781496062993
11
6.0204126771653543
21
-4.1011850393700788
0
LINE
8
BLACK
6
CONTINUOUS
10
6.0204126771653543
20
-4.1011850393700788
11
6.017399409448819
21
-4.1017844094488192
0
LINE
8
BLACK
6
CONTINUOUS
10
6.017399409448819
20
-4.1017844094488192
11
5.9823994094488189
21
-4.1017844094488192
0
LINE
8
BLACK
6
CONTINUOUS
10
5.9823994094488189
20
-4.1017844094488192
11
5.9793861417322836
21
-4.1011850393700788
0
LINE
8
BLACK
6
CONTINUOUS
10
5.9793861417322836
20
-4.1011850393700788
11
5.9768316535433073
21
-4.0994781496062993
0
LINE
8
BLACK
6
CONTINUOUS
10
5.9768316535433073
20
-4.0994781496062993
11
5.9751247637795277
21
-4.096923661417323
0
LINE
8
BLACK
6
CONTINUOUS
10
5.9751247637795277
20
-4.096923661417323
11
5.9745253937007874
21
-4.0939103937007877
0
LINE
8
BLACK
6
CONTINUOUS
10
5.9745253937007874
20
-4.0939103937007877
11
5.9745253937007874
21
-4.0389103937007871
0
LINE
8
BLACK
6
CONTINUOUS
10
5.9745253937007874
20
-4.0389103937007871
11
5.9751247637795277
21
-4.0358971259842518
0
LINE
8
BLACK
6
CONTINUOUS
10
5.9751247637795277
20
-4.0358971259842518
11
5.9768316535433073
21
-4.0333426377952755
0
LINE
8
BLACK
6
CONTINUOUS
10
5.9768316535433073
20
-4.0333426377952755
11
5.9793861417322836
21
-4.0316357480314959
0
LINE
8
BLACK
6
CONTINUOUS
10
5.9793861417322836
20
-4.0316357480314959
11
5.9823994094488189
21
-4.0310363779527556
0
LINE
8
BLACK
6
CONTINUOUS
10
5.9823994094488189
20
-4.0310363779527556
11
6.017399409448819
21
-4.0310363779527556
0
LINE
8
BLACK
6
CONTINUOUS
10
6.017399409448819
20
-4.0310363779527556
11
6.0204126771653543
21
-4.0316357480314959
0
LINE
8
BLACK
6
CONTINUOUS
10
6.0954126771653545
20
-4.0316357480314959
11
6.0979671653543308
21
-4.0333426377952755
0
LINE
8
BLACK
6
CONTINUOUS
10
6.0979671653543308
20
-4.0333426377952755
11
6.0996740551181103
21
-4.0358971259842518
0
LINE
8
BLACK
6
CONTINUOUS
10
6.0996740551181103
20
-4.0358971259842518
11
6.1002734251968507
21
-4.0389103937007871
0
LINE
8
BLACK
6
CONTINUOUS
10
6.1002734251968507
20
-4.0389103937007871
11
6.1002734251968507
21
-4.0939103937007877
0
LINE
8
BLACK
6
CONTINUOUS
10
6.1002734251968507
20
-4.0939103937007877
11
6.0996740551181103
21
-4.096923661417323
0
LINE
8
BLACK
6
CONTINUOUS
10
6.0996740551181103
20
-4.096923661417323
11
6.0979671653543308
21
-4.0994781496062993
0
LINE
8
BLACK
6
CONTINUOUS
10
6.0979671653543308
20
-4.0994781496062993
11
6.0954126771653545
21
-4.1011850393700788
0
LINE
8
BLACK
6
CONTINUOUS
10
6.0954126771653545
20
-4.1011850393700788
11
6.0923994094488192
21
-4.1017844094488192
0
LINE
8
BLACK
6
CONTINUOUS
10
6.0923994094488192
20
-4.1017844094488192
11
6.057399409448819
21
-4.1017844094488192
0
LINE
8
BLACK
6
CONTINUOUS
10
6.057399409448819
20
-4.1017844094488192
11
6.0543861417322837
21
-4.1011850393700788
0
LINE
8
BLACK
6
CONTINUOUS
10
6.0543861417322837
20
-4.1011850393700788
11
6.0518316535433065
21
-4.0994781496062993
0
LINE
8
BLACK
6
CONTINUOUS
10
6.0518316535433065
20
-4.0994781496062993
11
6.050124763779527
21
-4.096923661417323
0
LINE
8
BLACK
6
CONTINUOUS
10
6.050124763779527
20
-4.096923661417323
11
6.0495253937007876
21
-4.0939103937007877
0
LINE
8
BLACK
6
CONTINUOUS
10
6.0495253937007876
20
-4.0939103937007877
11
6.0495253937007876
21
-4.0389103937007871
0
LINE
8
BLACK
6
CONTINUOUS
10
6.0495253937007876
20
-4.0389103937007871
11
6.050124763779527
21
-4.0358971259842518
0
LINE
8
BLACK
6
CONTINUOUS
10
6.050124763779527
20
-4.0358971259842518
11
6.0518316535433065
21
-4.0333426377952755
0
LINE
8
BLACK
6
CONTINUOUS
10
6.0518316535433065
20
-4.0333426377952755
11
6.0543861417322837
21
-4.0316357480314959
0
LINE
8
BLACK
6
CONTINUOUS
10
6.0543861417322837
20
-4.0316357480314959
11
6.057399409448819
21
-4.0310363779527556
0
LINE
8
BLACK
6
CONTINUOUS
10
6.057399409448819
20
-4.0310363779527556
11
6.0923994094488192
21
-4.0310363779527556
0
LINE
8
BLACK
6
CONTINUOUS
10
6.0923994094488192
20
-4.0310363779527556
11
6.0954126771653545
21
-4.0316357480314959
0
LINE
8
BLACK
6
CONTINUOUS
10
6.2209718503937008
20
-4.0359129921259838
11
6.2235263385826771
21
-4.0376198818897633
0
LINE
8
BLACK
6
CONTINUOUS
10
6.2235263385826771
20
-4.0376198818897633
11
6.2252332283464566
21
-4.0401743700787405
0
LINE
8
BLACK
6
CONTINUOUS
10
6.2252332283464566
20
-4.0401743700787405
11
6.225832598425197
21
-4.0431876377952758
0
LINE
8
BLACK
6
CONTINUOUS
10
6.225832598425197
20
-4.0431876377952758
11
6.225832598425197
21
-4.0781876377952759
0
LINE
8
BLACK
6
CONTINUOUS
10
6.225832598425197
20
-4.0781876377952759
11
6.2252332283464566
21
-4.0812009055118112
0
LINE
8
BLACK
6
CONTINUOUS
10
6.2252332283464566
20
-4.0812009055118112
11
6.2235263385826771
21
-4.0837553937007876
0
LINE
8
BLACK
6
CONTINUOUS
10
6.2235263385826771
20
-4.0837553937007876
11
6.2209718503937008
21
-4.0854622834645671
0
LINE
8
BLACK
6
CONTINUOUS
10
6.2209718503937008
20
-4.0854622834645671
11
6.2179585826771655
21
-4.0860616535433074
0
LINE
8
BLACK
6
CONTINUOUS
10
6.2179585826771655
20
-4.0860616535433074
11
6.1629585826771649
21
-4.0860616535433074
0
LINE
8
BLACK
6
CONTINUOUS
10
6.1629585826771649
20
-4.0860616535433074
11
6.1599453149606296
21
-4.0854622834645671
0
LINE
8
BLACK
6
CONTINUOUS
10
6.1599453149606296
20
-4.0854622834645671
11
6.1573908267716533
21
-4.0837553937007876
0
LINE
8
BLACK
6
CONTINUOUS
10
6.1573908267716533
20
-4.0837553937007876
11
6.1556839370078738
21
-4.0812009055118112
0
LINE
8
BLACK
6
CONTINUOUS
10
6.1556839370078738
20
-4.0812009055118112
11
6.1550845669291334
21
-4.0781876377952759
0
LINE
8
BLACK
6
CONTINUOUS
10
6.1550845669291334
20
-4.0781876377952759
11
6.1550845669291334
21
-4.0431876377952758
0
LINE
8
BLACK
6
CONTINUOUS
10
6.1550845669291334
20
-4.0431876377952758
11
6.1556839370078738
21
-4.0401743700787405
0
LINE
8
BLACK
6
CONTINUOUS
10
6.1556839370078738
20
-4.0401743700787405
11
6.1573908267716533
21
-4.0376198818897633
0
LINE
8
BLACK
6
CONTINUOUS
10
6.1573908267716533
20
-4.0376198818897633
11
6.1599453149606296
21
-4.0359129921259838
0
LINE
8
BLACK
6
CONTINUOUS
10
6.1599453149606296
20
-4.0359129921259838
11
6.1629585826771649
21
-4.0353136220472443
0
LINE
8
BLACK
6
CONTINUOUS
10
6.1629585826771649
20
-4.0353136220472443
11
6.2179585826771655
21
-4.0353136220472443
0
LINE
8
BLACK
6
CONTINUOUS
10
6.2179585826771655
20
-4.0353136220472443
11
6.2209718503937008
21
-4.0359129921259838
0
LINE
8
BLACK
6
CONTINUOUS
10
6.3962612992125987
20
-4.0243001574803152
11
6.398815787401575
21
-4.0260070472440947
0
LINE
8
BLACK
6
CONTINUOUS
10
6.398815787401575
20
-4.0260070472440947
11
6.4005226771653545
21
-4.0285615354330711
0
LINE
8
BLACK
6
CONTINUOUS
10
6.4005226771653545
20
-4.0285615354330711
11
6.4011220472440939
21
-4.0315748031496064
0
LINE
8
BLACK
6
CONTINUOUS
10
6.4011220472440939
20
-4.0315748031496064
11
6.4011220472440939
21
-4.0630708661417323
0
LINE
8
BLACK
6
CONTINUOUS
10
6.4011220472440939
20
-4.0630708661417323
11
6.4005226771653545
21
-4.0660841338582676
0
LINE
8
BLACK
6
CONTINUOUS
10
6.4005226771653545
20
-4.0660841338582676
11
6.398815787401575
21
-4.0686386220472439
0
LINE
8
BLACK
6
CONTINUOUS
10
6.398815787401575
20
-4.0686386220472439
11
6.3962612992125987
21
-4.0703455118110234
0
LINE
8
BLACK
6
CONTINUOUS
10
6.3962612992125987
20
-4.0703455118110234
11
6.3932480314960625
21
-4.0709448818897638
0
LINE
8
BLACK
6
CONTINUOUS
10
6.3932480314960625
20
-4.0709448818897638
11
6.3578149606299208
21
-4.0709448818897638
0
LINE
8
BLACK
6
CONTINUOUS
10
6.3578149606299208
20
-4.0709448818897638
11
6.3548016929133855
21
-4.0703455118110234
0
LINE
8
BLACK
6
CONTINUOUS
10
6.3548016929133855
20
-4.0703455118110234
11
6.3522472047244092
21
-4.0686386220472439
0
LINE
8
BLACK
6
CONTINUOUS
10
6.3522472047244092
20
-4.0686386220472439
11
6.3505403149606297
21
-4.0660841338582676
0
LINE
8
BLACK
6
CONTINUOUS
10
6.3505403149606297
20
-4.0660841338582676
11
6.3499409448818893
21
-4.0630708661417323
0
LINE
8
BLACK
6
CONTINUOUS
10
6.3499409448818893
20
-4.0630708661417323
11
6.3499409448818893
21
-4.0315748031496064
0
LINE
8
BLACK
6
CONTINUOUS
10
6.3499409448818893
20
-4.0315748031496064
11
6.3505403149606297
21
-4.0285615354330711
0
LINE
8
BLACK
6
CONTINUOUS
10
6.3505403149606297
20
-4.0285615354330711
11
6.3522472047244092
21
-4.0260070472440947
0
LINE
8
BLACK
6
CONTINUOUS
10
6.3522472047244092
20
-4.0260070472440947
11
6.3548016929133855
21
-4.0243001574803152
0
LINE
8
BLACK
6
CONTINUOUS
10
6.3548016929133855
20
-4.0243001574803152
11
6.3578149606299208
21
-4.0237007874015749
0
LINE
8
BLACK
6
CONTINUOUS
10
6.3578149606299208
20
-4.0237007874015749
11
6.3932480314960625
21
-4.0237007874015749
0
LINE
8
BLACK
6
CONTINUOUS
10
6.3932480314960625
20
-4.0237007874015749
11
6.3962612992125987
21
-4.0243001574803152
0
LINE
8
BLACK
6
CONTINUOUS
10
4.9504148425196846
20
-3.9901466141732285
11
4.9529693307086617
21
-3.991853503937008
0
LINE
8
BLACK
6
CONTINUOUS
10
4.9529693307086617
20
-3.991853503937008
11
4.9546762204724413
21
-3.9944079921259843
0
LINE
8
BLACK
6
CONTINUOUS
10
4.9546762204724413
20
-3.9944079921259843
11
4.9552755905511807
21
-3.9974212598425196
0
LINE
8
BLACK
6
CONTINUOUS
10
4.9552755905511807
20
-3.9974212598425196
11
4.9552755905511807
21
-4.0524212598425198
0
LINE
8
BLACK
6
CONTINUOUS
10
4.9552755905511807
20
-4.0524212598425198
11
4.9546762204724413
21
-4.0554345275590551
0
LINE
8
BLACK
6
CONTINUOUS
10
4.9546762204724413
20
-4.0554345275590551
11
4.9529693307086617
21
-4.0579890157480314
0
LINE
8
BLACK
6
CONTINUOUS
10
4.9529693307086617
20
-4.0579890157480314
11
4.9504148425196846
21
-4.0596959055118109
0
LINE
8
BLACK
6
CONTINUOUS
10
4.9504148425196846
20
-4.0596959055118109
11
4.9474015748031492
21
-4.0602952755905513
0
LINE
8
BLACK
6
CONTINUOUS
10
4.9474015748031492
20
-4.0602952755905513
11
4.9124015748031491
21
-4.0602952755905513
0
LINE
8
BLACK
6
CONTINUOUS
10
4.9124015748031491
20
-4.0602952755905513
11
4.9093883070866138
21
-4.0596959055118109
0
LINE
8
BLACK
6
CONTINUOUS
10
4.9093883070866138
20
-4.0596959055118109
11
4.9068338188976375
21
-4.0579890157480314
0
LINE
8
BLACK
6
CONTINUOUS
10
4.9068338188976375
20
-4.0579890157480314
11
4.9051269291338579
21
-4.0554345275590551
0
LINE
8
BLACK
6
CONTINUOUS
10
4.9051269291338579
20
-4.0554345275590551
11
4.9045275590551176
21
-4.0524212598425198
0
LINE
8
BLACK
6
CONTINUOUS
10
4.9045275590551176
20
-4.0524212598425198
11
4.9045275590551176
21
-3.9974212598425196
0
LINE
8
BLACK
6
CONTINUOUS
10
4.9045275590551176
20
-3.9974212598425196
11
4.9051269291338579
21
-3.9944079921259843
0
LINE
8
BLACK
6
CONTINUOUS
10
4.9051269291338579
20
-3.9944079921259843
11
4.9068338188976375
21
-3.991853503937008
0
LINE
8
BLACK
6
CONTINUOUS
10
4.9068338188976375
20
-3.991853503937008
11
4.9093883070866138
21
-3.9901466141732285
0
LINE
8
BLACK
6
CONTINUOUS
10
4.9093883070866138
20
-3.9901466141732285
11
4.9124015748031491
21
-3.9895472440944881
0
LINE
8
BLACK
6
CONTINUOUS
10
4.9124015748031491
20
-3.9895472440944881
11
4.9474015748031492
21
-3.9895472440944881
0
LINE
8
BLACK
6
CONTINUOUS
10
4.9474015748031492
20
-3.9895472440944881
11
4.9504148425196846
21
-3.9901466141732285
0
LINE
8
BLACK
6
CONTINUOUS
10
5.0254148425196847
20
-3.9901466141732285
11
5.027969330708661
21
-3.991853503937008
0
LINE
8
BLACK
6
CONTINUOUS
10
5.027969330708661
20
-3.991853503937008
11
5.0296762204724406
21
-3.9944079921259843
0
LINE
8
BLACK
6
CONTINUOUS
10
5.0296762204724406
20
-3.9944079921259843
11
5.0302755905511809
21
-3.9974212598425196
0
LINE
8
BLACK
6
CONTINUOUS
10
5.0302755905511809
20
-3.9974212598425196
11
5.0302755905511809
21
-4.0524212598425198
0
LINE
8
BLACK
6
CONTINUOUS
10
5.0302755905511809
20
-4.0524212598425198
11
5.0296762204724406
21
-4.0554345275590551
0
LINE
8
BLACK
6
CONTINUOUS
10
5.0296762204724406
20
-4.0554345275590551
11
5.027969330708661
21
-4.0579890157480314
0
LINE
8
BLACK
6
CONTINUOUS
10
5.027969330708661
20
-4.0579890157480314
11
5.0254148425196847
21
-4.0596959055118109
0
LINE
8
BLACK
6
CONTINUOUS
10
5.0254148425196847
20
-4.0596959055118109
11
5.0224015748031494
21
-4.0602952755905513
0
LINE
8
BLACK
6
CONTINUOUS
10
5.0224015748031494
20
-4.0602952755905513
11
4.9874015748031493
21
-4.0602952755905513
0
LINE
8
BLACK
6
CONTINUOUS
10
4.9874015748031493
20
-4.0602952755905513
11
4.984388307086614
21
-4.0596959055118109
0
LINE
8
BLACK
6
CONTINUOUS
10
4.984388307086614
20
-4.0596959055118109
11
4.9818338188976377
21
-4.0579890157480314
0
LINE
8
BLACK
6
CONTINUOUS
10
4.9818338188976377
20
-4.0579890157480314
11
4.9801269291338581
21
-4.0554345275590551
0
LINE
8
BLACK
6
CONTINUOUS
10
4.9801269291338581
20
-4.0554345275590551
11
4.9795275590551178
21
-4.0524212598425198
0
LINE
8
BLACK
6
CONTINUOUS
10
4.9795275590551178
20
-4.0524212598425198
11
4.9795275590551178
21
-3.9974212598425196
0
LINE
8
BLACK
6
CONTINUOUS
10
4.9795275590551178
20
-3.9974212598425196
11
4.9801269291338581
21
-3.9944079921259843
0
LINE
8
BLACK
6
CONTINUOUS
10
4.9801269291338581
20
-3.9944079921259843
11
4.9818338188976377
21
-3.991853503937008
0
LINE
8
BLACK
6
CONTINUOUS
10
4.9818338188976377
20
-3.991853503937008
11
4.984388307086614
21
-3.9901466141732285
0
LINE
8
BLACK
6
CONTINUOUS
10
4.984388307086614
20
-3.9901466141732285
11
4.9874015748031493
21
-3.9895472440944881
0
LINE
8
BLACK
6
CONTINUOUS
10
4.9874015748031493
20
-3.9895472440944881
11
5.0224015748031494
21
-3.9895472440944881
0
LINE
8
BLACK
6
CONTINUOUS
10
5.0224015748031494
20
-3.9895472440944881
11
5.0254148425196847
21
-3.9901466141732285
0
LINE
8
BLACK
6
CONTINUOUS
10
6.1302112598425191
20
-3.9694573228346455
11
6.1327657874015751
21
-3.971164212598425
0
LINE
8
BLACK
6
CONTINUOUS
10
6.1327657874015751
20
-3.971164212598425
11
6.1716566535433071
21
-4.010055078740157
0
LINE
8
BLACK
6
CONTINUOUS
10
6.1716566535433071
20
-4.010055078740157
11
6.1733635433070866
21
-4.0126096062992129
0
LINE
8
BLACK
6
CONTINUOUS
10
6.1733635433070866
20
-4.0126096062992129
11
6.1739629133858269
21
-4.0156228346456695
0
LINE
8
BLACK
6
CONTINUOUS
10
6.1739629133858269
20
-4.0156228346456695
11
6.1733635433070866
21
-4.0186361023622048
0
LINE
8
BLACK
6
CONTINUOUS
10
6.1733635433070866
20
-4.0186361023622048
11
6.1716566535433071
21
-4.0211905905511811
0
LINE
8
BLACK
6
CONTINUOUS
10
6.1716566535433071
20
-4.0211905905511811
11
6.1469079133858262
21
-4.0459393307086611
0
LINE
8
BLACK
6
CONTINUOUS
10
6.1469079133858262
20
-4.0459393307086611
11
6.1443534251968499
21
-4.0476462204724406
0
LINE
8
BLACK
6
CONTINUOUS
10
6.1443534251968499
20
-4.0476462204724406
11
6.1413401574803146
21
-4.0482455905511809
0
LINE
8
BLACK
6
CONTINUOUS
10
6.1413401574803146
20
-4.0482455905511809
11
6.138326929133858
21
-4.0476462204724406
0
LINE
8
BLACK
6
CONTINUOUS
10
6.138326929133858
20
-4.0476462204724406
11
6.135772401574803
21
-4.0459393307086611
0
LINE
8
BLACK
6
CONTINUOUS
10
6.135772401574803
20
-4.0459393307086611
11
6.096881535433071
21
-4.0070484645669291
0
LINE
8
BLACK
6
CONTINUOUS
10
6.096881535433071
20
-4.0070484645669291
11
6.0951746456692915
21
-4.004493937007874
0
LINE
8
BLACK
6
CONTINUOUS
10
6.0951746456692915
20
-4.004493937007874
11
6.0945752755905511
21
-4.0014807086614175
0
LINE
8
BLACK
6
CONTINUOUS
10
6.0945752755905511
20
-4.0014807086614175
11
6.0951746456692915
21
-3.9984674409448817
0
LINE
8
BLACK
6
CONTINUOUS
10
6.0951746456692915
20
-3.9984674409448817
11
6.096881535433071
21
-3.9959129527559054
0
LINE
8
BLACK
6
CONTINUOUS
10
6.096881535433071
20
-3.9959129527559054
11
6.121630275590551
21
-3.971164212598425
0
LINE
8
BLACK
6
CONTINUOUS
10
6.121630275590551
20
-3.971164212598425
11
6.1241847637795273
21
-3.9694573228346455
0
LINE
8
BLACK
6
CONTINUOUS
10
6.1241847637795273
20
-3.9694573228346455
11
6.1271980314960626
21
-3.9688579527559056
0
LINE
8
BLACK
6
CONTINUOUS
10
6.1271980314960626
20
-3.9688579527559056
11
6.1302112598425191
21
-3.9694573228346455
0
LINE
8
BLACK
6
CONTINUOUS
10
6.4750014566929135
20
-3.9868985826771652
11
6.4775559448818898
21
-3.9886054724409448
0
LINE
8
BLACK
6
CONTINUOUS
10
6.4775559448818898
20
-3.9886054724409448
11
6.4792628346456693
21
-3.9911599606299211
0
LINE
8
BLACK
6
CONTINUOUS
10
6.4792628346456693
20
-3.9911599606299211
11
6.4798622047244097
21
-3.9941732283464564
0
LINE
8
BLACK
6
CONTINUOUS
10
6.4798622047244097
20
-3.9941732283464564
11
6.4798622047244097
21
-4.0256692913385823
0
LINE
8
BLACK
6
CONTINUOUS
10
6.4798622047244097
20
-4.0256692913385823
11
6.4792628346456693
21
-4.0286825590551176
0
LINE
8
BLACK
6
CONTINUOUS
10
6.4792628346456693
20
-4.0286825590551176
11
6.4775559448818898
21
-4.0312370472440948
0
LINE
8
BLACK
6
CONTINUOUS
10
6.4775559448818898
20
-4.0312370472440948
11
6.4750014566929135
21
-4.0329439370078743
0
LINE
8
BLACK
6
CONTINUOUS
10
6.4750014566929135
20
-4.0329439370078743
11
6.4719881889763782
21
-4.0335433070866138
0
LINE
8
BLACK
6
CONTINUOUS
10
6.4719881889763782
20
-4.0335433070866138
11
6.4365551181102365
21
-4.0335433070866138
0
LINE
8
BLACK
6
CONTINUOUS
10
6.4365551181102365
20
-4.0335433070866138
11
6.4335418503937003
21
-4.0329439370078743
0
LINE
8
BLACK
6
CONTINUOUS
10
6.4335418503937003
20
-4.0329439370078743
11
6.430987362204724
21
-4.0312370472440948
0
LINE
8
BLACK
6
CONTINUOUS
10
6.430987362204724
20
-4.0312370472440948
11
6.4292804724409445
21
-4.0286825590551176
0
LINE
8
BLACK
6
CONTINUOUS
10
6.4292804724409445
20
-4.0286825590551176
11
6.4286811023622041
21
-4.0256692913385823
0
LINE
8
BLACK
6
CONTINUOUS
10
6.4286811023622041
20
-4.0256692913385823
11
6.4286811023622041
21
-3.9941732283464564
0
LINE
8
BLACK
6
CONTINUOUS
10
6.4286811023622041
20
-3.9941732283464564
11
6.4292804724409445
21
-3.9911599606299211
0
LINE
8
BLACK
6
CONTINUOUS
10
6.4292804724409445
20
-3.9911599606299211
11
6.430987362204724
21
-3.9886054724409448
0
LINE
8
BLACK
6
CONTINUOUS
10
6.430987362204724
20
-3.9886054724409448
11
6.4335418503937003
21
-3.9868985826771652
0
LINE
8
BLACK
6
CONTINUOUS
10
6.4335418503937003
20
-3.9868985826771652
11
6.4365551181102365
21
-3.9862992125984249
0
LINE
8
BLACK
6
CONTINUOUS
10
6.4365551181102365
20
-3.9862992125984249
11
6.4719881889763782
21
-3.9862992125984249
0
LINE
8
BLACK
6
CONTINUOUS
10
6.4719881889763782
20
-3.9862992125984249
11
6.4750014566929135
21
-3.9868985826771652
0
LINE
8
BLACK
6
CONTINUOUS
10
5.7704148425196848
20
-3.9651466141732281
11
5.7729693307086611
21
-3.9668535039370076
0
LINE
8
BLACK
6
CONTINUOUS
10
5.7729693307086611
20
-3.9668535039370076
11
5.7746762204724407
21
-3.9694079921259839
0
LINE
8
BLACK
6
CONTINUOUS
10
5.7746762204724407
20
-3.9694079921259839
11
5.775275590551181
21
-3.9724212598425197
0
LINE
8
BLACK
6
CONTINUOUS
10
5.775275590551181
20
-3.9724212598425197
11
5.775275590551181
21
-4.0074212598425198
0
LINE
8
BLACK
6
CONTINUOUS
10
5.775275590551181
20
-4.0074212598425198
11
5.7746762204724407
21
-4.0104345275590552
0
LINE
8
BLACK
6
CONTINUOUS
10
5.7746762204724407
20
-4.0104345275590552
11
5.7729693307086611
21
-4.0129890157480315
0
LINE
8
BLACK
6
CONTINUOUS
10
5.7729693307086611
20
-4.0129890157480315
11
5.7704148425196848
21
-4.014695905511811
0
LINE
8
BLACK
6
CONTINUOUS
10
5.7704148425196848
20
-4.014695905511811
11
5.7674015748031495
21
-4.0152952755905513
0
LINE
8
BLACK
6
CONTINUOUS
10
5.7674015748031495
20
-4.0152952755905513
11
5.7124015748031498
21
-4.0152952755905513
0
LINE
8
BLACK
6
CONTINUOUS
10
5.7124015748031498
20
-4.0152952755905513
11
5.7093883070866136
21
-4.014695905511811
0
LINE
8
BLACK
6
CONTINUOUS
10
5.7093883070866136
20
-4.014695905511811
11
5.7068338188976373
21
-4.0129890157480315
0
LINE
8
BLACK
6
CONTINUOUS
10
5.7068338188976373
20
-4.0129890157480315
11
5.7051269291338578
21
-4.0104345275590552
0
LINE
8
BLACK
6
CONTINUOUS
10
5.7051269291338578
20
-4.0104345275590552
11
5.7045275590551183
21
-4.0074212598425198
0
LINE
8
BLACK
6
CONTINUOUS
10
5.7045275590551183
20
-4.0074212598425198
11
5.7045275590551183
21
-3.9724212598425197
0
LINE
8
BLACK
6
CONTINUOUS
10
5.7045275590551183
20
-3.9724212598425197
11
5.7051269291338578
21
-3.9694079921259839
0
LINE
8
BLACK
6
CONTINUOUS
10
5.7051269291338578
20
-3.9694079921259839
11
5.7068338188976373
21
-3.9668535039370076
0
LINE
8
BLACK
6
CONTINUOUS
10
5.7068338188976373
20
-3.9668535039370076
11
5.7093883070866136
21
-3.9651466141732281
0
LINE
8
BLACK
6
CONTINUOUS
10
5.7093883070866136
20
-3.9651466141732281
11
5.7124015748031498
21
-3.9645472440944882
0
LINE
8
BLACK
6
CONTINUOUS
10
5.7124015748031498
20
-3.9645472440944882
11
5.7674015748031495
21
-3.9645472440944882
0
LINE
8
BLACK
6
CONTINUOUS
10
5.7674015748031495
20
-3.9645472440944882
11
5.7704148425196848
21
-3.9651466141732281
0
LINE
8
BLACK
6
CONTINUOUS
10
5.8554148425196848
20
-3.9651466141732281
11
5.8579693307086611
21
-3.9668535039370076
0
LINE
8
BLACK
6
CONTINUOUS
10
5.8579693307086611
20
-3.9668535039370076
11
5.8596762204724406
21
-3.9694079921259839
0
LINE
8
BLACK
6
CONTINUOUS
10
5.8596762204724406
20
-3.9694079921259839
11
5.860275590551181
21
-3.9724212598425197
0
LINE
8
BLACK
6
CONTINUOUS
10
5.860275590551181
20
-3.9724212598425197
11
5.860275590551181
21
-4.0074212598425198
0
LINE
8
BLACK
6
CONTINUOUS
10
5.860275590551181
20
-4.0074212598425198
11
5.8596762204724406
21
-4.0104345275590552
0
LINE
8
BLACK
6
CONTINUOUS
10
5.8596762204724406
20
-4.0104345275590552
11
5.8579693307086611
21
-4.0129890157480315
0
LINE
8
BLACK
6
CONTINUOUS
10
5.8579693307086611
20
-4.0129890157480315
11
5.8554148425196848
21
-4.014695905511811
0
LINE
8
BLACK
6
CONTINUOUS
10
5.8554148425196848
20
-4.014695905511811
11
5.8524015748031495
21
-4.0152952755905513
0
LINE
8
BLACK
6
CONTINUOUS
10
5.8524015748031495
20
-4.0152952755905513
11
5.7974015748031498
21
-4.0152952755905513
0
LINE
8
BLACK
6
CONTINUOUS
10
5.7974015748031498
20
-4.0152952755905513
11
5.7943883070866145
21
-4.014695905511811
0
LINE
8
BLACK
6
CONTINUOUS
10
5.7943883070866145
20
-4.014695905511811
11
5.7918338188976373
21
-4.0129890157480315
0
LINE
8
BLACK
6
CONTINUOUS
10
5.7918338188976373
20
-4.0129890157480315
11
5.7901269291338577
21
-4.0104345275590552
0
LINE
8
BLACK
6
CONTINUOUS
10
5.7901269291338577
20
-4.0104345275590552
11
5.7895275590551183
21
-4.0074212598425198
0
LINE
8
BLACK
6
CONTINUOUS
10
5.7895275590551183
20
-4.0074212598425198
11
5.7895275590551183
21
-3.9724212598425197
0
LINE
8
BLACK
6
CONTINUOUS
10
5.7895275590551183
20
-3.9724212598425197
11
5.7901269291338577
21
-3.9694079921259839
0
LINE
8
BLACK
6
CONTINUOUS
10
5.7901269291338577
20
-3.9694079921259839
11
5.7918338188976373
21
-3.9668535039370076
0
LINE
8
BLACK
6
CONTINUOUS
10
5.7918338188976373
20
-3.9668535039370076
11
5.7943883070866145
21
-3.9651466141732281
0
LINE
8
BLACK
6
CONTINUOUS
10
5.7943883070866145
20
-3.9651466141732281
11
5.7974015748031498
21
-3.9645472440944882
0
LINE
8
BLACK
6
CONTINUOUS
10
5.7974015748031498
20
-3.9645472440944882
11
5.8524015748031495
21
-3.9645472440944882
0
LINE
8
BLACK
6
CONTINUOUS
10
5.8524015748031495
20
-3.9645472440944882
11
5.8554148425196848
21
-3.9651466141732281
0
LINE
8
BLACK
6
CONTINUOUS
10
6.0970717716535434
20
-3.9289393700787403
11
6.0996262598425197
21
-3.9306462598425198
0
LINE
8
BLACK
6
CONTINUOUS
10
6.0996262598425197
20
-3.9306462598425198
11
6.1243749999999997
21
-3.9553949999999998
0
LINE
8
BLACK
6
CONTINUOUS
10
6.1243749999999997
20
-3.9553949999999998
11
6.1260818897637792
21
-3.9579494881889761
0
LINE
8
BLACK
6
CONTINUOUS
10
6.1260818897637792
20
-3.9579494881889761
11
6.1266812598425195
21
-3.9609627559055118
0
LINE
8
BLACK
6
CONTINUOUS
10
6.1266812598425195
20
-3.9609627559055118
11
6.1260818897637792
21
-3.9639759842519684
0
LINE
8
BLACK
6
CONTINUOUS
10
6.1260818897637792
20
-3.9639759842519684
11
6.1243749999999997
21
-3.9665305118110235
0
LINE
8
BLACK
6
CONTINUOUS
10
6.1243749999999997
20
-3.9665305118110235
11
6.0854841338582677
21
-4.0054213779527554
0
LINE
8
BLACK
6
CONTINUOUS
10
6.0854841338582677
20
-4.0054213779527554
11
6.0829296062992126
21
-4.007128267716535
0
LINE
8
BLACK
6
CONTINUOUS
10
6.0829296062992126
20
-4.007128267716535
11
6.0799163779527561
21
-4.0077276377952753
0
LINE
8
BLACK
6
CONTINUOUS
10
6.0799163779527561
20
-4.0077276377952753
11
6.0769031102362208
21
-4.007128267716535
0
LINE
8
BLACK
6
CONTINUOUS
10
6.0769031102362208
20
-4.007128267716535
11
6.0743486220472436
21
-4.0054213779527554
0
LINE
8
BLACK
6
CONTINUOUS
10
6.0743486220472436
20
-4.0054213779527554
11
6.0495998818897636
21
-3.9806726377952755
0
LINE
8
BLACK
6
CONTINUOUS
10
6.0495998818897636
20
-3.9806726377952755
11
6.0478929921259841
21
-3.9781181496062992
0
LINE
8
BLACK
6
CONTINUOUS
10
6.0478929921259841
20
-3.9781181496062992
11
6.0472936220472437
21
-3.9751048818897639
0
LINE
8
BLACK
6
CONTINUOUS
10
6.0472936220472437
20
-3.9751048818897639
11
6.0478929921259841
21
-3.9720916535433068
0
LINE
8
BLACK
6
CONTINUOUS
10
6.0478929921259841
20
-3.9720916535433068
11
6.0495998818897636
21
-3.9695371259842518
0
LINE
8
BLACK
6
CONTINUOUS
10
6.0495998818897636
20
-3.9695371259842518
11
6.0884907480314956
21
-3.9306462598425198
0
LINE
8
BLACK
6
CONTINUOUS
10
6.0884907480314956
20
-3.9306462598425198
11
6.0910452755905506
21
-3.9289393700787403
0
LINE
8
BLACK
6
CONTINUOUS
10
6.0910452755905506
20
-3.9289393700787403
11
6.0940585039370081
21
-3.9283399999999999
0
LINE
8
BLACK
6
CONTINUOUS
10
6.0940585039370081
20
-3.9283399999999999
11
6.0970717716535434
21
-3.9289393700787403
0
LINE
8
BLACK
6
CONTINUOUS
10
6.3304148425196853
20
-3.9501466141732284
11
6.3329693307086616
21
-3.951853503937008
0
LINE
8
BLACK
6
CONTINUOUS
10
6.3329693307086616
20
-3.951853503937008
11
6.3346762204724412
21
-3.9544079921259843
0
LINE
8
BLACK
6
CONTINUOUS
10
6.3346762204724412
20
-3.9544079921259843
11
6.3352755905511806
21
-3.9574212598425196
0
LINE
8
BLACK
6
CONTINUOUS
10
6.3352755905511806
20
-3.9574212598425196
11
6.3352755905511806
21
-3.9924212598425197
0
LINE
8
BLACK
6
CONTINUOUS
10
6.3352755905511806
20
-3.9924212598425197
11
6.3346762204724412
21
-3.995434527559055
0
LINE
8
BLACK
6
CONTINUOUS
10
6.3346762204724412
20
-3.995434527559055
11
6.3329693307086616
21
-3.9979890157480313
0
LINE
8
BLACK
6
CONTINUOUS
10
6.3329693307086616
20
-3.9979890157480313
11
6.3304148425196853
21
-3.9996959055118109
0
LINE
8
BLACK
6
CONTINUOUS
10
6.3304148425196853
20
-3.9996959055118109
11
6.3274015748031491
21
-4.0002952755905508
0
LINE
8
BLACK
6
CONTINUOUS
10
6.3274015748031491
20
-4.0002952755905508
11
6.2724015748031494
21
-4.0002952755905508
0
LINE
8
BLACK
6
CONTINUOUS
10
6.2724015748031494
20
-4.0002952755905508
11
6.2693883070866141
21
-3.9996959055118109
0
LINE
8
BLACK
6
CONTINUOUS
10
6.2693883070866141
20
-3.9996959055118109
11
6.2668338188976378
21
-3.9979890157480313
0
LINE
8
BLACK
6
CONTINUOUS
10
6.2668338188976378
20
-3.9979890157480313
11
6.2651269291338583
21
-3.995434527559055
0
LINE
8
BLACK
6
CONTINUOUS
10
6.2651269291338583
20
-3.995434527559055
11
6.2645275590551179
21
-3.9924212598425197
0
LINE
8
BLACK
6
CONTINUOUS
10
6.2645275590551179
20
-3.9924212598425197
11
6.2645275590551179
21
-3.9574212598425196
0
LINE
8
BLACK
6
CONTINUOUS
10
6.2645275590551179
20
-3.9574212598425196
11
6.2651269291338583
21
-3.9544079921259843
0
LINE
8
BLACK
6
CONTINUOUS
10
6.2651269291338583
20
-3.9544079921259843
11
6.2668338188976378
21
-3.951853503937008
0
LINE
8
BLACK
6
CONTINUOUS
10
6.2668338188976378
20
-3.951853503937008
11
6.2693883070866141
21
-3.9501466141732284
0
LINE
8
BLACK
6
CONTINUOUS
10
6.2693883070866141
20
-3.9501466141732284
11
6.2724015748031494
21
-3.9495472440944881
0
LINE
8
BLACK
6
CONTINUOUS
10
6.2724015748031494
20
-3.9495472440944881
11
6.3274015748031491
21
-3.9495472440944881
0
LINE
8
BLACK
6
CONTINUOUS
10
6.3274015748031491
20
-3.9495472440944881
11
6.3304148425196853
21
-3.9501466141732284
0
LINE
8
BLACK
6
CONTINUOUS
10
6.3962612992125987
20
-3.9494970078740157
11
6.398815787401575
21
-3.9512038976377952
0
LINE
8
BLACK
6
CONTINUOUS
10
6.398815787401575
20
-3.9512038976377952
11
6.4005226771653545
21
-3.9537583858267715
0
LINE
8
BLACK
6
CONTINUOUS
10
6.4005226771653545
20
-3.9537583858267715
11
6.4011220472440939
21
-3.9567716535433068
0
LINE
8
BLACK
6
CONTINUOUS
10
6.4011220472440939
20
-3.9567716535433068
11
6.4011220472440939
21
-3.9882677165354328
0
LINE
8
BLACK
6
CONTINUOUS
10
6.4011220472440939
20
-3.9882677165354328
11
6.4005226771653545
21
-3.9912809842519685
0
LINE
8
BLACK
6
CONTINUOUS
10
6.4005226771653545
20
-3.9912809842519685
11
6.398815787401575
21
-3.9938354724409448
0
LINE
8
BLACK
6
CONTINUOUS
10
6.398815787401575
20
-3.9938354724409448
11
6.3962612992125987
21
-3.9955423622047244
0
LINE
8
BLACK
6
CONTINUOUS
10
6.3962612992125987
20
-3.9955423622047244
11
6.3932480314960625
21
-3.9961417322834643
0
LINE
8
BLACK
6
CONTINUOUS
10
6.3932480314960625
20
-3.9961417322834643
11
6.3578149606299208
21
-3.9961417322834643
0
LINE
8
BLACK
6
CONTINUOUS
10
6.3578149606299208
20
-3.9961417322834643
11
6.3548016929133855
21
-3.9955423622047244
0
LINE
8
BLACK
6
CONTINUOUS
10
6.3548016929133855
20
-3.9955423622047244
11
6.3522472047244092
21
-3.9938354724409448
0
LINE
8
BLACK
6
CONTINUOUS
10
6.3522472047244092
20
-3.9938354724409448
11
6.3505403149606297
21
-3.9912809842519685
0
LINE
8
BLACK
6
CONTINUOUS
10
6.3505403149606297
20
-3.9912809842519685
11
6.3499409448818893
21
-3.9882677165354328
0
LINE
8
BLACK
6
CONTINUOUS
10
6.3499409448818893
20
-3.9882677165354328
11
6.3499409448818893
21
-3.9567716535433068
0
LINE
8
BLACK
6
CONTINUOUS
10
6.3499409448818893
20
-3.9567716535433068
11
6.3505403149606297
21
-3.9537583858267715
0
LINE
8
BLACK
6
CONTINUOUS
10
6.3505403149606297
20
-3.9537583858267715
11
6.3522472047244092
21
-3.9512038976377952
0
LINE
8
BLACK
6
CONTINUOUS
10
6.3522472047244092
20
-3.9512038976377952
11
6.3548016929133855
21
-3.9494970078740157
0
LINE
8
BLACK
6
CONTINUOUS
10
6.3548016929133855
20
-3.9494970078740157
11
6.3578149606299208
21
-3.9488976377952754
0
LINE
8
BLACK
6
CONTINUOUS
10
6.3578149606299208
20
-3.9488976377952754
11
6.3932480314960625
21
-3.9488976377952754
0
LINE
8
BLACK
6
CONTINUOUS
10
6.3932480314960625
20
-3.9488976377952754
11
6.3962612992125987
21
-3.9494970078740157
0
LINE
8
BLACK
6
CONTINUOUS
10
6.183244251968504
20
-3.9164243307086615
11
6.1857987795275591
21
-3.918131220472441
0
LINE
8
BLACK
6
CONTINUOUS
10
6.1857987795275591
20
-3.918131220472441
11
6.2246896456692911
21
-3.957022086614173
0
LINE
8
BLACK
6
CONTINUOUS
10
6.2246896456692911
20
-3.957022086614173
11
6.2263965354330706
21
-3.959576614173228
0
LINE
8
BLACK
6
CONTINUOUS
10
6.2263965354330706
20
-3.959576614173228
11
6.2269959055118109
21
-3.962589842519685
0
LINE
8
BLACK
6
CONTINUOUS
10
6.2269959055118109
20
-3.962589842519685
11
6.2263965354330706
21
-3.9656031102362204
0
LINE
8
BLACK
6
CONTINUOUS
10
6.2263965354330706
20
-3.9656031102362204
11
6.2246896456692911
21
-3.9681575984251967
0
LINE
8
BLACK
6
CONTINUOUS
10
6.2246896456692911
20
-3.9681575984251967
11
6.1999409055118111
21
-3.9929063385826771
0
LINE
8
BLACK
6
CONTINUOUS
10
6.1999409055118111
20
-3.9929063385826771
11
6.1973864173228348
21
-3.9946132283464566
0
LINE
8
BLACK
6
CONTINUOUS
10
6.1973864173228348
20
-3.9946132283464566
11
6.1943731496062995
21
-3.9952125984251969
0
LINE
8
BLACK
6
CONTINUOUS
10
6.1943731496062995
20
-3.9952125984251969
11
6.191359921259842
21
-3.9946132283464566
0
LINE
8
BLACK
6
CONTINUOUS
10
6.191359921259842
20
-3.9946132283464566
11
6.188805393700787
21
-3.9929063385826771
0
LINE
8
BLACK
6
CONTINUOUS
10
6.188805393700787
20
-3.9929063385826771
11
6.149914527559055
21
-3.9540154724409446
0
LINE
8
BLACK
6
CONTINUOUS
10
6.149914527559055
20
-3.9540154724409446
11
6.1482076377952755
21
-3.9514609448818896
0
LINE
8
BLACK
6
CONTINUOUS
10
6.1482076377952755
20
-3.9514609448818896
11
6.1476082677165351
21
-3.948447716535433
0
LINE
8
BLACK
6
CONTINUOUS
10
6.1476082677165351
20
-3.948447716535433
11
6.1482076377952755
21
-3.9454344488188977
0
LINE
8
BLACK
6
CONTINUOUS
10
6.1482076377952755
20
-3.9454344488188977
11
6.149914527559055
21
-3.942879960629921
0
LINE
8
BLACK
6
CONTINUOUS
10
6.149914527559055
20
-3.942879960629921
11
6.174663267716535
21
-3.918131220472441
0
LINE
8
BLACK
6
CONTINUOUS
10
6.174663267716535
20
-3.918131220472441
11
6.1772177559055113
21
-3.9164243307086615
0
LINE
8
BLACK
6
CONTINUOUS
10
6.1772177559055113
20
-3.9164243307086615
11
6.1802310236220475
21
-3.9158249606299211
0
LINE
8
BLACK
6
CONTINUOUS
10
6.1802310236220475
20
-3.9158249606299211
11
6.183244251968504
21
-3.9164243307086615
0
LINE
8
BLACK
6
CONTINUOUS
10
4.9504148425196846
20
-3.9101466141732284
11
4.9529693307086617
21
-3.9118535039370079
0
LINE
8
BLACK
6
CONTINUOUS
10
4.9529693307086617
20
-3.9118535039370079
11
4.9546762204724413
21
-3.9144079921259842
0
LINE
8
BLACK
6
CONTINUOUS
10
4.9546762204724413
20
-3.9144079921259842
11
4.9552755905511807
21
-3.9174212598425195
0
LINE
8
BLACK
6
CONTINUOUS
10
4.9552755905511807
20
-3.9174212598425195
11
4.9552755905511807
21
-3.9724212598425197
0
LINE
8
BLACK
6
CONTINUOUS
10
4.9552755905511807
20
-3.9724212598425197
11
4.9546762204724413
21
-3.975434527559055
0
LINE
8
BLACK
6
CONTINUOUS
10
4.9546762204724413
20
-3.975434527559055
11
4.9529693307086617
21
-3.9779890157480313
0
LINE
8
BLACK
6
CONTINUOUS
10
4.9529693307086617
20
-3.9779890157480313
11
4.9504148425196846
21
-3.9796959055118108
0
LINE
8
BLACK
6
CONTINUOUS
10
4.9504148425196846
20
-3.9796959055118108
11
4.9474015748031492
21
-3.9802952755905512
0
LINE
8
BLACK
6
CONTINUOUS
10
4.9474015748031492
20
-3.9802952755905512
11
4.9124015748031491
21
-3.9802952755905512
0
LINE
8
BLACK
6
CONTINUOUS
10
4.9124015748031491
20
-3.9802952755905512
11
4.9093883070866138
21
-3.9796959055118108
0
LINE
8
BLACK
6
CONTINUOUS
10
4.9093883070866138
20
-3.9796959055118108
11
4.9068338188976375
21
-3.9779890157480313
0
LINE
8
BLACK
6
CONTINUOUS
10
4.9068338188976375
20
-3.9779890157480313
11
4.9051269291338579
21
-3.975434527559055
0
LINE
8
BLACK
6
CONTINUOUS
10
4.9051269291338579
20
-3.975434527559055
11
4.9045275590551176
21
-3.9724212598425197
0
LINE
8
BLACK
6
CONTINUOUS
10
4.9045275590551176
20
-3.9724212598425197
11
4.9045275590551176
21
-3.9174212598425195
0
LINE
8
BLACK
6
CONTINUOUS
10
4.9045275590551176
20
-3.9174212598425195
11
4.9051269291338579
21
-3.9144079921259842
0
LINE
8
BLACK
6
CONTINUOUS
10
4.9051269291338579
20
-3.9144079921259842
11
4.9068338188976375
21
-3.9118535039370079
0
LINE
8
BLACK
6
CONTINUOUS
10
4.9068338188976375
20
-3.9118535039370079
11
4.9093883070866138
21
-3.9101466141732284
0
LINE
8
BLACK
6
CONTINUOUS
10
4.9093883070866138
20
-3.9101466141732284
11
4.9124015748031491
21
-3.9095472440944881
0
LINE
8
BLACK
6
CONTINUOUS
10
4.9124015748031491
20
-3.9095472440944881
11
4.9474015748031492
21
-3.9095472440944881
0
LINE
8
BLACK
6
CONTINUOUS
10
4.9474015748031492
20
-3.9095472440944881
11
4.9504148425196846
21
-3.9101466141732284
0
LINE
8
BLACK
6
CONTINUOUS
10
5.0254148425196847
20
-3.9101466141732284
11
5.027969330708661
21
-3.9118535039370079
0
LINE
8
BLACK
6
CONTINUOUS
10
5.027969330708661
20
-3.9118535039370079
11
5.0296762204724406
21
-3.9144079921259842
0
LINE
8
BLACK
6
CONTINUOUS
10
5.0296762204724406
20
-3.9144079921259842
11
5.0302755905511809
21
-3.9174212598425195
0
LINE
8
BLACK
6
CONTINUOUS
10
5.0302755905511809
20
-3.9174212598425195
11
5.0302755905511809
21
-3.9724212598425197
0
LINE
8
BLACK
6
CONTINUOUS
10
5.0302755905511809
20
-3.9724212598425197
11
5.0296762204724406
21
-3.975434527559055
0
LINE
8
BLACK
6
CONTINUOUS
10
5.0296762204724406
20
-3.975434527559055
11
5.027969330708661
21
-3.9779890157480313
0
LINE
8
BLACK
6
CONTINUOUS
10
5.027969330708661
20
-3.9779890157480313
11
5.0254148425196847
21
-3.9796959055118108
0
LINE
8
BLACK
6
CONTINUOUS
10
5.0254148425196847
20
-3.9796959055118108
11
5.0224015748031494
21
-3.9802952755905512
0
LINE
8
BLACK
6
CONTINUOUS
10
5.0224015748031494
20
-3.9802952755905512
11
4.9874015748031493
21
-3.9802952755905512
0
LINE
8
BLACK
6
CONTINUOUS
10
4.9874015748031493
20
-3.9802952755905512
11
4.984388307086614
21
-3.9796959055118108
0
LINE
8
BLACK
6
CONTINUOUS
10
4.984388307086614
20
-3.9796959055118108
11
4.9818338188976377
21
-3.9779890157480313
0
LINE
8
BLACK
6
CONTINUOUS
10
4.9818338188976377
20
-3.9779890157480313
11
4.9801269291338581
21
-3.975434527559055
0
LINE
8
BLACK
6
CONTINUOUS
10
4.9801269291338581
20
-3.975434527559055
11
4.9795275590551178
21
-3.9724212598425197
0
LINE
8
BLACK
6
CONTINUOUS
10
4.9795275590551178
20
-3.9724212598425197
11
4.9795275590551178
21
-3.9174212598425195
0
LINE
8
BLACK
6
CONTINUOUS
10
4.9795275590551178
20
-3.9174212598425195
11
4.9801269291338581
21
-3.9144079921259842
0
LINE
8
BLACK
6
CONTINUOUS
10
4.9801269291338581
20
-3.9144079921259842
11
4.9818338188976377
21
-3.9118535039370079
0
LINE
8
BLACK
6
CONTINUOUS
10
4.9818338188976377
20
-3.9118535039370079
11
4.984388307086614
21
-3.9101466141732284
0
LINE
8
BLACK
6
CONTINUOUS
10
4.984388307086614
20
-3.9101466141732284
11
4.9874015748031493
21
-3.9095472440944881
0
LINE
8
BLACK
6
CONTINUOUS
10
4.9874015748031493
20
-3.9095472440944881
11
5.0224015748031494
21
-3.9095472440944881
0
LINE
8
BLACK
6
CONTINUOUS
10
5.0224015748031494
20
-3.9095472440944881
11
5.0254148425196847
21
-3.9101466141732284
0
LINE
8
BLACK
6
CONTINUOUS
10
6.6233872834645666
20
-3.8922135433070864
11
6.6259417716535429
21
-3.8939204330708659
0
LINE
8
BLACK
6
CONTINUOUS
10
6.6259417716535429
20
-3.8939204330708659
11
6.6276486614173225
21
-3.8964749212598426
0
LINE
8
BLACK
6
CONTINUOUS
10
6.6276486614173225
20
-3.8964749212598426
11
6.6282480314960628
21
-3.8994881889763779
0
LINE
8
BLACK
6
CONTINUOUS
10
6.6282480314960628
20
-3.8994881889763779
11
6.6282480314960628
21
-3.9703543307086613
0
LINE
8
BLACK
6
CONTINUOUS
10
6.6282480314960628
20
-3.9703543307086613
11
6.6276486614173225
21
-3.9733675984251966
0
LINE
8
BLACK
6
CONTINUOUS
10
6.6276486614173225
20
-3.9733675984251966
11
6.6259417716535429
21
-3.9759220866141733
0
LINE
8
BLACK
6
CONTINUOUS
10
6.6259417716535429
20
-3.9759220866141733
11
6.6233872834645666
21
-3.9776289763779529
0
LINE
8
BLACK
6
CONTINUOUS
10
6.6233872834645666
20
-3.9776289763779529
11
6.6203740157480313
21
-3.9782283464566928
0
LINE
8
BLACK
6
CONTINUOUS
10
6.6203740157480313
20
-3.9782283464566928
11
6.5219488188976378
21
-3.9782283464566928
0
LINE
8
BLACK
6
CONTINUOUS
10
6.5219488188976378
20
-3.9782283464566928
11
6.5189355511811025
21
-3.9776289763779529
0
LINE
8
BLACK
6
CONTINUOUS
10
6.5189355511811025
20
-3.9776289763779529
11
6.5163810629921262
21
-3.9759220866141733
0
LINE
8
BLACK
6
CONTINUOUS
10
6.5163810629921262
20
-3.9759220866141733
11
6.5146741732283466
21
-3.9733675984251966
0
LINE
8
BLACK
6
CONTINUOUS
10
6.5146741732283466
20
-3.9733675984251966
11
6.5140748031496063
21
-3.9703543307086613
0
LINE
8
BLACK
6
CONTINUOUS
10
6.5140748031496063
20
-3.9703543307086613
11
6.5140748031496063
21
-3.8994881889763779
0
LINE
8
BLACK
6
CONTINUOUS
10
6.5140748031496063
20
-3.8994881889763779
11
6.5146741732283466
21
-3.8964749212598426
0
LINE
8
BLACK
6
CONTINUOUS
10
6.5146741732283466
20
-3.8964749212598426
11
6.5163810629921262
21
-3.8939204330708659
0
LINE
8
BLACK
6
CONTINUOUS
10
6.5163810629921262
20
-3.8939204330708659
11
6.5189355511811025
21
-3.8922135433070864
0
LINE
8
BLACK
6
CONTINUOUS
10
6.5189355511811025
20
-3.8922135433070864
11
6.5219488188976378
21
-3.8916141732283465
0
LINE
8
BLACK
6
CONTINUOUS
10
6.5219488188976378
20
-3.8916141732283465
11
6.6203740157480313
21
-3.8916141732283465
0
LINE
8
BLACK
6
CONTINUOUS
10
6.6203740157480313
20
-3.8916141732283465
11
6.6233872834645666
21
-3.8922135433070864
0
LINE
8
BLACK
6
CONTINUOUS
10
6.7808675984251963
20
-3.8922135433070864
11
6.7834220866141735
21
-3.8939204330708659
0
LINE
8
BLACK
6
CONTINUOUS
10
6.7834220866141735
20
-3.8939204330708659
11
6.785128976377953
21
-3.8964749212598426
0
LINE
8
BLACK
6
CONTINUOUS
10
6.785128976377953
20
-3.8964749212598426
11
6.7857283464566924
21
-3.8994881889763779
0
LINE
8
BLACK
6
CONTINUOUS
10
6.7857283464566924
20
-3.8994881889763779
11
6.7857283464566924
21
-3.9703543307086613
0
LINE
8
BLACK
6
CONTINUOUS
10
6.7857283464566924
20
-3.9703543307086613
11
6.785128976377953
21
-3.9733675984251966
0
LINE
8
BLACK
6
CONTINUOUS
10
6.785128976377953
20
-3.9733675984251966
11
6.7834220866141735
21
-3.9759220866141733
0
LINE
8
BLACK
6
CONTINUOUS
10
6.7834220866141735
20
-3.9759220866141733
11
6.7808675984251963
21
-3.9776289763779529
0
LINE
8
BLACK
6
CONTINUOUS
10
6.7808675984251963
20
-3.9776289763779529
11
6.7778543307086609
21
-3.9782283464566928
0
LINE
8
BLACK
6
CONTINUOUS
10
6.7778543307086609
20
-3.9782283464566928
11
6.6794291338582674
21
-3.9782283464566928
0
LINE
8
BLACK
6
CONTINUOUS
10
6.6794291338582674
20
-3.9782283464566928
11
6.6764158661417321
21
-3.9776289763779529
0
LINE
8
BLACK
6
CONTINUOUS
10
6.6764158661417321
20
-3.9776289763779529
11
6.6738613779527558
21
-3.9759220866141733
0
LINE
8
BLACK
6
CONTINUOUS
10
6.6738613779527558
20
-3.9759220866141733
11
6.6721544881889763
21
-3.9733675984251966
0
LINE
8
BLACK
6
CONTINUOUS
10
6.6721544881889763
20
-3.9733675984251966
11
6.6715551181102359
21
-3.9703543307086613
0
LINE
8
BLACK
6
CONTINUOUS
10
6.6715551181102359
20
-3.9703543307086613
11
6.6715551181102359
21
-3.8994881889763779
0
LINE
8
BLACK
6
CONTINUOUS
10
6.6715551181102359
20
-3.8994881889763779
11
6.6721544881889763
21
-3.8964749212598426
0
LINE
8
BLACK
6
CONTINUOUS
10
6.6721544881889763
20
-3.8964749212598426
11
6.6738613779527558
21
-3.8939204330708659
0
LINE
8
BLACK
6
CONTINUOUS
10
6.6738613779527558
20
-3.8939204330708659
11
6.6764158661417321
21
-3.8922135433070864
0
LINE
8
BLACK
6
CONTINUOUS
10
6.6764158661417321
20
-3.8922135433070864
11
6.6794291338582674
21
-3.8916141732283465
0
LINE
8
BLACK
6
CONTINUOUS
10
6.6794291338582674
20
-3.8916141732283465
11
6.7778543307086609
21
-3.8916141732283465
0
LINE
8
BLACK
6
CONTINUOUS
10
6.7778543307086609
20
-3.8916141732283465
11
6.7808675984251963
21
-3.8922135433070864
0
LINE
8
BLACK
6
CONTINUOUS
10
5.9946061417322829
20
-3.8074434645669291
11
6.0031256299212599
21
-3.8102116141732281
0
LINE
8
BLACK
6
CONTINUOUS
10
6.0031256299212599
20
-3.8102116141732281
11
6.011107204724409
21
-3.8142784251968505
0
LINE
8
BLACK
6
CONTINUOUS
10
6.011107204724409
20
-3.8142784251968505
11
6.0183543307086609
21
-3.8195437401574801
0
LINE
8
BLACK
6
CONTINUOUS
10
6.0183543307086609
20
-3.8195437401574801
11
6.0246885433070867
21
-3.8258779527559055
0
LINE
8
BLACK
6
CONTINUOUS
10
6.0246885433070867
20
-3.8258779527559055
11
6.0299538582677163
21
-3.8331250787401574
0
LINE
8
BLACK
6
CONTINUOUS
10
6.0299538582677163
20
-3.8331250787401574
11
6.0340206692913387
21
-3.8411066535433069
0
LINE
8
BLACK
6
CONTINUOUS
10
6.0340206692913387
20
-3.8411066535433069
11
6.0367888188976373
21
-3.8496261417322835
0
LINE
8
BLACK
6
CONTINUOUS
10
6.0367888188976373
20
-3.8496261417322835
11
6.0381901574803152
21
-3.858473779527559
0
LINE
8
BLACK
6
CONTINUOUS
10
6.0381901574803152
20
-3.858473779527559
11
6.0381901574803152
21
-3.8674317322834644
0
LINE
8
BLACK
6
CONTINUOUS
10
6.0381901574803152
20
-3.8674317322834644
11
6.0367888188976373
21
-3.8762793700787399
0
LINE
8
BLACK
6
CONTINUOUS
10
6.0367888188976373
20
-3.8762793700787399
11
6.036604330708661
21
-3.8768471259842521
0
LINE
8
BLACK
6
CONTINUOUS
10
6.036604330708661
20
-3.8768471259842521
11
6.0380122834645666
21
-3.8759063779527558
0
LINE
8
BLACK
6
CONTINUOUS
10
6.0380122834645666
20
-3.8759063779527558
11
6.0410255118110232
21
-3.8753070078740155
0
LINE
8
BLACK
6
CONTINUOUS
10
6.0410255118110232
20
-3.8753070078740155
11
6.0440387795275585
21
-3.8759063779527558
0
LINE
8
BLACK
6
CONTINUOUS
10
6.0440387795275585
20
-3.8759063779527558
11
6.0465932677165357
21
-3.8776132677165354
0
LINE
8
BLACK
6
CONTINUOUS
10
6.0465932677165357
20
-3.8776132677165354
11
6.0713420078740157
21
-3.9023620078740158
0
LINE
8
BLACK
6
CONTINUOUS
10
6.0713420078740157
20
-3.9023620078740158
11
6.0730488976377952
21
-3.9049164960629921
0
LINE
8
BLACK
6
CONTINUOUS
10
6.0730488976377952
20
-3.9049164960629921
11
6.0736482677165355
21
-3.9079297637795274
0
LINE
8
BLACK
6
CONTINUOUS
10
6.0736482677165355
20
-3.9079297637795274
11
6.0730488976377952
21
-3.910942992125984
0
LINE
8
BLACK
6
CONTINUOUS
10
6.0730488976377952
20
-3.910942992125984
11
6.0713420078740157
21
-3.9134975196850394
0
LINE
8
BLACK
6
CONTINUOUS
10
6.0713420078740157
20
-3.9134975196850394
11
6.0324511417322837
21
-3.9523883858267714
0
LINE
8
BLACK
6
CONTINUOUS
10
6.0324511417322837
20
-3.9523883858267714
11
6.0298966141732286
21
-3.954095275590551
0
LINE
8
BLACK
6
CONTINUOUS
10
6.0298966141732286
20
-3.954095275590551
11
6.0268833858267712
21
-3.9546946456692913
0
LINE
8
BLACK
6
CONTINUOUS
10
6.0268833858267712
20
-3.9546946456692913
11
6.0238701181102359
21
-3.954095275590551
0
LINE
8
BLACK
6
CONTINUOUS
10
6.0238701181102359
20
-3.954095275590551
11
6.0213156299212596
21
-3.9523883858267714
0
LINE
8
BLACK
6
CONTINUOUS
10
6.0213156299212596
20
-3.9523883858267714
11
5.9965668897637796
21
-3.9276396456692915
0
LINE
8
BLACK
6
CONTINUOUS
10
5.9965668897637796
20
-3.9276396456692915
11
5.9948600000000001
21
-3.9250851574803147
0
LINE
8
BLACK
6
CONTINUOUS
10
5.9948600000000001
20
-3.9250851574803147
11
5.9942606299212597
21
-3.9220718897637794
0
LINE
8
BLACK
6
CONTINUOUS
10
5.9942606299212597
20
-3.9220718897637794
11
5.9948600000000001
21
-3.9190586614173228
0
LINE
8
BLACK
6
CONTINUOUS
10
5.9948600000000001
20
-3.9190586614173228
11
5.995439566929134
21
-3.9181912204724409
0
LINE
8
BLACK
6
CONTINUOUS
10
5.995439566929134
20
-3.9181912204724409
11
5.9946061417322829
21
-3.9184620472440943
0
LINE
8
BLACK
6
CONTINUOUS
10
5.9946061417322829
20
-3.9184620472440943
11
5.9857585039370074
21
-3.9198633858267717
0
LINE
8
BLACK
6
CONTINUOUS
10
5.9857585039370074
20
-3.9198633858267717
11
5.9768005511811024
21
-3.9198633858267717
0
LINE
8
BLACK
6
CONTINUOUS
10
5.9768005511811024
20
-3.9198633858267717
11
5.9679529133858269
21
-3.9184620472440943
0
LINE
8
BLACK
6
CONTINUOUS
10
5.9679529133858269
20
-3.9184620472440943
11
5.9594334251968499
21
-3.9156938976377953
0
LINE
8
BLACK
6
CONTINUOUS
10
5.9594334251968499
20
-3.9156938976377953
11
5.9514518503937008
21
-3.9116270866141734
0
LINE
8
BLACK
6
CONTINUOUS
10
5.9514518503937008
20
-3.9116270866141734
11
5.9442047244094489
21
-3.9063617716535433
0
LINE
8
BLACK
6
CONTINUOUS
10
5.9442047244094489
20
-3.9063617716535433
11
5.9378705118110231
21
-3.9000275590551179
0
LINE
8
BLACK
6
CONTINUOUS
10
5.9378705118110231
20
-3.9000275590551179
11
5.9326051968503934
21
-3.892780433070866
0
LINE
8
BLACK
6
CONTINUOUS
10
5.9326051968503934
20
-3.892780433070866
11
5.928538385826772
21
-3.8847988582677164
0
LINE
8
BLACK
6
CONTINUOUS
10
5.928538385826772
20
-3.8847988582677164
11
5.9257702362204725
21
-3.8762793700787399
0
LINE
8
BLACK
6
CONTINUOUS
10
5.9257702362204725
20
-3.8762793700787399
11
5.9243688976377955
21
-3.8674317322834644
0
LINE
8
BLACK
6
CONTINUOUS
10
5.9243688976377955
20
-3.8674317322834644
11
5.9243688976377955
21
-3.858473779527559
0
LINE
8
BLACK
6
CONTINUOUS
10
5.9243688976377955
20
-3.858473779527559
11
5.9257702362204725
21
-3.8496261417322835
0
LINE
8
BLACK
6
CONTINUOUS
10
5.9257702362204725
20
-3.8496261417322835
11
5.928538385826772
21
-3.8411066535433069
0
LINE
8
BLACK
6
CONTINUOUS
10
5.928538385826772
20
-3.8411066535433069
11
5.9326051968503934
21
-3.8331250787401574
0
LINE
8
BLACK
6
CONTINUOUS
10
5.9326051968503934
20
-3.8331250787401574
11
5.9378705118110231
21
-3.8258779527559055
0
LINE
8
BLACK
6
CONTINUOUS
10
5.9378705118110231
20
-3.8258779527559055
11
5.9442047244094489
21
-3.8195437401574801
0
LINE
8
BLACK
6
CONTINUOUS
10
5.9442047244094489
20
-3.8195437401574801
11
5.9514518503937008
21
-3.8142784251968505
0
LINE
8
BLACK
6
CONTINUOUS
10
5.9514518503937008
20
-3.8142784251968505
11
5.9594334251968499
21
-3.8102116141732281
0
LINE
8
BLACK
6
CONTINUOUS
10
5.9594334251968499
20
-3.8102116141732281
11
5.9679529133858269
21
-3.8074434645669291
0
LINE
8
BLACK
6
CONTINUOUS
10
5.9679529133858269
20
-3.8074434645669291
11
5.9768005511811024
21
-3.8060421259842521
0
LINE
8
BLACK
6
CONTINUOUS
10
5.9768005511811024
20
-3.8060421259842521
11
5.9857585039370074
21
-3.8060421259842521
0
LINE
8
BLACK
6
CONTINUOUS
10
5.9857585039370074
20
-3.8060421259842521
11
5.9946061417322829
21
-3.8074434645669291
0
LINE
8
BLACK
6
CONTINUOUS
10
5.7704148425196848
20
-3.8901466141732284
11
5.7729693307086611
21
-3.8918535039370079
0
LINE
8
BLACK
6
CONTINUOUS
10
5.7729693307086611
20
-3.8918535039370079
11
5.7746762204724407
21
-3.8944079921259842
0
LINE
8
BLACK
6
CONTINUOUS
10
5.7746762204724407
20
-3.8944079921259842
11
5.775275590551181
21
-3.8974212598425195
0
LINE
8
BLACK
6
CONTINUOUS
10
5.775275590551181
20
-3.8974212598425195
11
5.775275590551181
21
-3.9324212598425197
0
LINE
8
BLACK
6
CONTINUOUS
10
5.775275590551181
20
-3.9324212598425197
11
5.7746762204724407
21
-3.935434527559055
0
LINE
8
BLACK
6
CONTINUOUS
10
5.7746762204724407
20
-3.935434527559055
11
5.7729693307086611
21
-3.9379890157480313
0
LINE
8
BLACK
6
CONTINUOUS
10
5.7729693307086611
20
-3.9379890157480313
11
5.7704148425196848
21
-3.9396959055118108
0
LINE
8
BLACK
6
CONTINUOUS
10
5.7704148425196848
20
-3.9396959055118108
11
5.7674015748031495
21
-3.9402952755905511
0
LINE
8
BLACK
6
CONTINUOUS
10
5.7674015748031495
20
-3.9402952755905511
11
5.7124015748031498
21
-3.9402952755905511
0
LINE
8
BLACK
6
CONTINUOUS
10
5.7124015748031498
20
-3.9402952755905511
11
5.7093883070866136
21
-3.9396959055118108
0
LINE
8
BLACK
6
CONTINUOUS
10
5.7093883070866136
20
-3.9396959055118108
11
5.7068338188976373
21
-3.9379890157480313
0
LINE
8
BLACK
6
CONTINUOUS
10
5.7068338188976373
20
-3.9379890157480313
11
5.7051269291338578
21
-3.935434527559055
0
LINE
8
BLACK
6
CONTINUOUS
10
5.7051269291338578
20
-3.935434527559055
11
5.7045275590551183
21
-3.9324212598425197
0
LINE
8
BLACK
6
CONTINUOUS
10
5.7045275590551183
20
-3.9324212598425197
11
5.7045275590551183
21
-3.8974212598425195
0
LINE
8
BLACK
6
CONTINUOUS
10
5.7045275590551183
20
-3.8974212598425195
11
5.7051269291338578
21
-3.8944079921259842
0
LINE
8
BLACK
6
CONTINUOUS
10
5.7051269291338578
20
-3.8944079921259842
11
5.7068338188976373
21
-3.8918535039370079
0
LINE
8
BLACK
6
CONTINUOUS
10
5.7068338188976373
20
-3.8918535039370079
11
5.7093883070866136
21
-3.8901466141732284
0
LINE
8
BLACK
6
CONTINUOUS
10
5.7093883070866136
20
-3.8901466141732284
11
5.7124015748031498
21
-3.889547244094488
0
LINE
8
BLACK
6
CONTINUOUS
10
5.7124015748031498
20
-3.889547244094488
11
5.7674015748031495
21
-3.889547244094488
0
LINE
8
BLACK
6
CONTINUOUS
10
5.7674015748031495
20
-3.889547244094488
11
5.7704148425196848
21
-3.8901466141732284
0
LINE
8
BLACK
6
CONTINUOUS
10
5.8554148425196848
20
-3.8901466141732284
11
5.8579693307086611
21
-3.8918535039370079
0
LINE
8
BLACK
6
CONTINUOUS
10
5.8579693307086611
20
-3.8918535039370079
11
5.8596762204724406
21
-3.8944079921259842
0
LINE
8
BLACK
6
CONTINUOUS
10
5.8596762204724406
20
-3.8944079921259842
11
5.860275590551181
21
-3.8974212598425195
0
LINE
8
BLACK
6
CONTINUOUS
10
5.860275590551181
20
-3.8974212598425195
11
5.860275590551181
21
-3.9324212598425197
0
LINE
8
BLACK
6
CONTINUOUS
10
5.860275590551181
20
-3.9324212598425197
11
5.8596762204724406
21
-3.935434527559055
0
LINE
8
BLACK
6
CONTINUOUS
10
5.8596762204724406
20
-3.935434527559055
11
5.8579693307086611
21
-3.9379890157480313
0
LINE
8
BLACK
6
CONTINUOUS
10
5.8579693307086611
20
-3.9379890157480313
11
5.8554148425196848
21
-3.9396959055118108
0
LINE
8
BLACK
6
CONTINUOUS
10
5.8554148425196848
20
-3.9396959055118108
11
5.8524015748031495
21
-3.9402952755905511
0
LINE
8
BLACK
6
CONTINUOUS
10
5.8524015748031495
20
-3.9402952755905511
11
5.7974015748031498
21
-3.9402952755905511
0
LINE
8
BLACK
6
CONTINUOUS
10
5.7974015748031498
20
-3.9402952755905511
11
5.7943883070866145
21
-3.9396959055118108
0
LINE
8
BLACK
6
CONTINUOUS
10
5.7943883070866145
20
-3.9396959055118108
11
5.7918338188976373
21
-3.9379890157480313
0
LINE
8
BLACK
6
CONTINUOUS
10
5.7918338188976373
20
-3.9379890157480313
11
5.7901269291338577
21
-3.935434527559055
0
LINE
8
BLACK
6
CONTINUOUS
10
5.7901269291338577
20
-3.935434527559055
11
5.7895275590551183
21
-3.9324212598425197
0
LINE
8
BLACK
6
CONTINUOUS
10
5.7895275590551183
20
-3.9324212598425197
11
5.7895275590551183
21
-3.8974212598425195
0
LINE
8
BLACK
6
CONTINUOUS
10
5.7895275590551183
20
-3.8974212598425195
11
5.7901269291338577
21
-3.8944079921259842
0
LINE
8
BLACK
6
CONTINUOUS
10
5.7901269291338577
20
-3.8944079921259842
11
5.7918338188976373
21
-3.8918535039370079
0
LINE
8
BLACK
6
CONTINUOUS
10
5.7918338188976373
20
-3.8918535039370079
11
5.7943883070866145
21
-3.8901466141732284
0
LINE
8
BLACK
6
CONTINUOUS
10
5.7943883070866145
20
-3.8901466141732284
11
5.7974015748031498
21
-3.889547244094488
0
LINE
8
BLACK
6
CONTINUOUS
10
5.7974015748031498
20
-3.889547244094488
11
5.8524015748031495
21
-3.889547244094488
0
LINE
8
BLACK
6
CONTINUOUS
10
5.8524015748031495
20
-3.889547244094488
11
5.8554148425196848
21
-3.8901466141732284
0
LINE
8
BLACK
6
CONTINUOUS
10
6.3304148425196853
20
-3.8751466141732283
11
6.3329693307086616
21
-3.8768535039370078
0
LINE
8
BLACK
6
CONTINUOUS
10
6.3329693307086616
20
-3.8768535039370078
11
6.3346762204724412
21
-3.8794079921259841
0
LINE
8
BLACK
6
CONTINUOUS
10
6.3346762204724412
20
-3.8794079921259841
11
6.3352755905511806
21
-3.8824212598425194
0
LINE
8
BLACK
6
CONTINUOUS
10
6.3352755905511806
20
-3.8824212598425194
11
6.3352755905511806
21
-3.9174212598425195
0
LINE
8
BLACK
6
CONTINUOUS
10
6.3352755905511806
20
-3.9174212598425195
11
6.3346762204724412
21
-3.9204345275590549
0
LINE
8
BLACK
6
CONTINUOUS
10
6.3346762204724412
20
-3.9204345275590549
11
6.3329693307086616
21
-3.9229890157480316
0
LINE
8
BLACK
6
CONTINUOUS
10
6.3329693307086616
20
-3.9229890157480316
11
6.3304148425196853
21
-3.9246959055118111
0
LINE
8
BLACK
6
CONTINUOUS
10
6.3304148425196853
20
-3.9246959055118111
11
6.3274015748031491
21
-3.925295275590551
0
LINE
8
BLACK
6
CONTINUOUS
10
6.3274015748031491
20
-3.925295275590551
11
6.2724015748031494
21
-3.925295275590551
0
LINE
8
BLACK
6
CONTINUOUS
10
6.2724015748031494
20
-3.925295275590551
11
6.2693883070866141
21
-3.9246959055118111
0
LINE
8
BLACK
6
CONTINUOUS
10
6.2693883070866141
20
-3.9246959055118111
11
6.2668338188976378
21
-3.9229890157480316
0
LINE
8
BLACK
6
CONTINUOUS
10
6.2668338188976378
20
-3.9229890157480316
11
6.2651269291338583
21
-3.9204345275590549
0
LINE
8
BLACK
6
CONTINUOUS
10
6.2651269291338583
20
-3.9204345275590549
11
6.2645275590551179
21
-3.9174212598425195
0
LINE
8
BLACK
6
CONTINUOUS
10
6.2645275590551179
20
-3.9174212598425195
11
6.2645275590551179
21
-3.8824212598425194
0
LINE
8
BLACK
6
CONTINUOUS
10
6.2645275590551179
20
-3.8824212598425194
11
6.2651269291338583
21
-3.8794079921259841
0
LINE
8
BLACK
6
CONTINUOUS
10
6.2651269291338583
20
-3.8794079921259841
11
6.2668338188976378
21
-3.8768535039370078
0
LINE
8
BLACK
6
CONTINUOUS
10
6.2668338188976378
20
-3.8768535039370078
11
6.2693883070866141
21
-3.8751466141732283
0
LINE
8
BLACK
6
CONTINUOUS
10
6.2693883070866141
20
-3.8751466141732283
11
6.2724015748031494
21
-3.8745472440944879
0
LINE
8
BLACK
6
CONTINUOUS
10
6.2724015748031494
20
-3.8745472440944879
11
6.3274015748031491
21
-3.8745472440944879
0
LINE
8
BLACK
6
CONTINUOUS
10
6.3274015748031491
20
-3.8745472440944879
11
6.3304148425196853
21
-3.8751466141732283
0
LINE
8
BLACK
6
CONTINUOUS
10
4.9254148425196851
20
-3.8251466141732284
11
4.9279693307086614
21
-3.826853503937008
0
LINE
8
BLACK
6
CONTINUOUS
10
4.9279693307086614
20
-3.826853503937008
11
4.9296762204724409
21
-3.8294079921259843
0
LINE
8
BLACK
6
CONTINUOUS
10
4.9296762204724409
20
-3.8294079921259843
11
4.9302755905511813
21
-3.8324212598425196
0
LINE
8
BLACK
6
CONTINUOUS
10
4.9302755905511813
20
-3.8324212598425196
11
4.9302755905511813
21
-3.8874212598425197
0
LINE
8
BLACK
6
CONTINUOUS
10
4.9302755905511813
20
-3.8874212598425197
11
4.9296762204724409
21
-3.8904345275590551
0
LINE
8
BLACK
6
CONTINUOUS
10
4.9296762204724409
20
-3.8904345275590551
11
4.9279693307086614
21
-3.8929890157480314
0
LINE
8
BLACK
6
CONTINUOUS
10
4.9279693307086614
20
-3.8929890157480314
11
4.9254148425196851
21
-3.8946959055118109
0
LINE
8
BLACK
6
CONTINUOUS
10
4.9254148425196851
20
-3.8946959055118109
11
4.9224015748031498
21
-3.8952952755905512
0
LINE
8
BLACK
6
CONTINUOUS
10
4.9224015748031498
20
-3.8952952755905512
11
4.8874015748031496
21
-3.8952952755905512
0
LINE
8
BLACK
6
CONTINUOUS
10
4.8874015748031496
20
-3.8952952755905512
11
4.8843883070866143
21
-3.8946959055118109
0
LINE
8
BLACK
6
CONTINUOUS
10
4.8843883070866143
20
-3.8946959055118109
11
4.881833818897638
21
-3.8929890157480314
0
LINE
8
BLACK
6
CONTINUOUS
10
4.881833818897638
20
-3.8929890157480314
11
4.8801269291338585
21
-3.8904345275590551
0
LINE
8
BLACK
6
CONTINUOUS
10
4.8801269291338585
20
-3.8904345275590551
11
4.8795275590551181
21
-3.8874212598425197
0
LINE
8
BLACK
6
CONTINUOUS
10
4.8795275590551181
20
-3.8874212598425197
11
4.8795275590551181
21
-3.8324212598425196
0
LINE
8
BLACK
6
CONTINUOUS
10
4.8795275590551181
20
-3.8324212598425196
11
4.8801269291338585
21
-3.8294079921259843
0
LINE
8
BLACK
6
CONTINUOUS
10
4.8801269291338585
20
-3.8294079921259843
11
4.881833818897638
21
-3.826853503937008
0
LINE
8
BLACK
6
CONTINUOUS
10
4.881833818897638
20
-3.826853503937008
11
4.8843883070866143
21
-3.8251466141732284
0
LINE
8
BLACK
6
CONTINUOUS
10
4.8843883070866143
20
-3.8251466141732284
11
4.8874015748031496
21
-3.8245472440944881
0
LINE
8
BLACK
6
CONTINUOUS
10
4.8874015748031496
20
-3.8245472440944881
11
4.9224015748031498
21
-3.8245472440944881
0
LINE
8
BLACK
6
CONTINUOUS
10
4.9224015748031498
20
-3.8245472440944881
11
4.9254148425196851
21
-3.8251466141732284
0
LINE
8
BLACK
6
CONTINUOUS
10
5.0004148425196853
20
-3.8251466141732284
11
5.0029693307086616
21
-3.826853503937008
0
LINE
8
BLACK
6
CONTINUOUS
10
5.0029693307086616
20
-3.826853503937008
11
5.0046762204724411
21
-3.8294079921259843
0
LINE
8
BLACK
6
CONTINUOUS
10
5.0046762204724411
20
-3.8294079921259843
11
5.0052755905511814
21
-3.8324212598425196
0
LINE
8
BLACK
6
CONTINUOUS
10
5.0052755905511814
20
-3.8324212598425196
11
5.0052755905511814
21
-3.8874212598425197
0
LINE
8
BLACK
6
CONTINUOUS
10
5.0052755905511814
20
-3.8874212598425197
11
5.0046762204724411
21
-3.8904345275590551
0
LINE
8
BLACK
6
CONTINUOUS
10
5.0046762204724411
20
-3.8904345275590551
11
5.0029693307086616
21
-3.8929890157480314
0
LINE
8
BLACK
6
CONTINUOUS
10
5.0029693307086616
20
-3.8929890157480314
11
5.0004148425196853
21
-3.8946959055118109
0
LINE
8
BLACK
6
CONTINUOUS
10
5.0004148425196853
20
-3.8946959055118109
11
4.9974015748031491
21
-3.8952952755905512
0
LINE
8
BLACK
6
CONTINUOUS
10
4.9974015748031491
20
-3.8952952755905512
11
4.9624015748031498
21
-3.8952952755905512
0
LINE
8
BLACK
6
CONTINUOUS
10
4.9624015748031498
20
-3.8952952755905512
11
4.9593883070866145
21
-3.8946959055118109
0
LINE
8
BLACK
6
CONTINUOUS
10
4.9593883070866145
20
-3.8946959055118109
11
4.9568338188976373
21
-3.8929890157480314
0
LINE
8
BLACK
6
CONTINUOUS
10
4.9568338188976373
20
-3.8929890157480314
11
4.9551269291338578
21
-3.8904345275590551
0
LINE
8
BLACK
6
CONTINUOUS
10
4.9551269291338578
20
-3.8904345275590551
11
4.9545275590551183
21
-3.8874212598425197
0
LINE
8
BLACK
6
CONTINUOUS
10
4.9545275590551183
20
-3.8874212598425197
11
4.9545275590551183
21
-3.8324212598425196
0
LINE
8
BLACK
6
CONTINUOUS
10
4.9545275590551183
20
-3.8324212598425196
11
4.9551269291338578
21
-3.8294079921259843
0
LINE
8
BLACK
6
CONTINUOUS
10
4.9551269291338578
20
-3.8294079921259843
11
4.9568338188976373
21
-3.826853503937008
0
LINE
8
BLACK
6
CONTINUOUS
10
4.9568338188976373
20
-3.826853503937008
11
4.9593883070866145
21
-3.8251466141732284
0
LINE
8
BLACK
6
CONTINUOUS
10
4.9593883070866145
20
-3.8251466141732284
11
4.9624015748031498
21
-3.8245472440944881
0
LINE
8
BLACK
6
CONTINUOUS
10
4.9624015748031498
20
-3.8245472440944881
11
4.9974015748031491
21
-3.8245472440944881
0
LINE
8
BLACK
6
CONTINUOUS
10
4.9974015748031491
20
-3.8245472440944881
11
5.0004148425196853
21
-3.8251466141732284
0
LINE
8
BLACK
6
CONTINUOUS
10
6.4104148425196845
20
-3.8151466141732282
11
6.4129693307086617
21
-3.8168535039370077
0
LINE
8
BLACK
6
CONTINUOUS
10
6.4129693307086617
20
-3.8168535039370077
11
6.4146762204724412
21
-3.819407992125984
0
LINE
8
BLACK
6
CONTINUOUS
10
6.4146762204724412
20
-3.819407992125984
11
6.4152755905511807
21
-3.8224212598425198
0
LINE
8
BLACK
6
CONTINUOUS
10
6.4152755905511807
20
-3.8224212598425198
11
6.4152755905511807
21
-3.8774212598425195
0
LINE
8
BLACK
6
CONTINUOUS
10
6.4152755905511807
20
-3.8774212598425195
11
6.4146762204724412
21
-3.8804345275590548
0
LINE
8
BLACK
6
CONTINUOUS
10
6.4146762204724412
20
-3.8804345275590548
11
6.4129693307086617
21
-3.8829890157480316
0
LINE
8
BLACK
6
CONTINUOUS
10
6.4129693307086617
20
-3.8829890157480316
11
6.4104148425196845
21
-3.8846959055118111
0
LINE
8
BLACK
6
CONTINUOUS
10
6.4104148425196845
20
-3.8846959055118111
11
6.4074015748031492
21
-3.885295275590551
0
LINE
8
BLACK
6
CONTINUOUS
10
6.4074015748031492
20
-3.885295275590551
11
6.3724015748031491
21
-3.885295275590551
0
LINE
8
BLACK
6
CONTINUOUS
10
6.3724015748031491
20
-3.885295275590551
11
6.3693883070866137
21
-3.8846959055118111
0
LINE
8
BLACK
6
CONTINUOUS
10
6.3693883070866137
20
-3.8846959055118111
11
6.3668338188976374
21
-3.8829890157480316
0
LINE
8
BLACK
6
CONTINUOUS
10
6.3668338188976374
20
-3.8829890157480316
11
6.3651269291338579
21
-3.8804345275590548
0
LINE
8
BLACK
6
CONTINUOUS
10
6.3651269291338579
20
-3.8804345275590548
11
6.3645275590551176
21
-3.8774212598425195
0
LINE
8
BLACK
6
CONTINUOUS
10
6.3645275590551176
20
-3.8774212598425195
11
6.3645275590551176
21
-3.8224212598425198
0
LINE
8
BLACK
6
CONTINUOUS
10
6.3645275590551176
20
-3.8224212598425198
11
6.3651269291338579
21
-3.819407992125984
0
LINE
8
BLACK
6
CONTINUOUS
10
6.3651269291338579
20
-3.819407992125984
11
6.3668338188976374
21
-3.8168535039370077
0
LINE
8
BLACK
6
CONTINUOUS
10
6.3668338188976374
20
-3.8168535039370077
11
6.3693883070866137
21
-3.8151466141732282
0
LINE
8
BLACK
6
CONTINUOUS
10
6.3693883070866137
20
-3.8151466141732282
11
6.3724015748031491
21
-3.8145472440944883
0
LINE
8
BLACK
6
CONTINUOUS
10
6.3724015748031491
20
-3.8145472440944883
11
6.4074015748031492
21
-3.8145472440944883
0
LINE
8
BLACK
6
CONTINUOUS
10
6.4074015748031492
20
-3.8145472440944883
11
6.4104148425196845
21
-3.8151466141732282
0
LINE
8
BLACK
6
CONTINUOUS
10
6.4854148425196847
20
-3.8151466141732282
11
6.487969330708661
21
-3.8168535039370077
0
LINE
8
BLACK
6
CONTINUOUS
10
6.487969330708661
20
-3.8168535039370077
11
6.4896762204724405
21
-3.819407992125984
0
LINE
8
BLACK
6
CONTINUOUS
10
6.4896762204724405
20
-3.819407992125984
11
6.4902755905511809
21
-3.8224212598425198
0
LINE
8
BLACK
6
CONTINUOUS
10
6.4902755905511809
20
-3.8224212598425198
11
6.4902755905511809
21
-3.8774212598425195
0
LINE
8
BLACK
6
CONTINUOUS
10
6.4902755905511809
20
-3.8774212598425195
11
6.4896762204724405
21
-3.8804345275590548
0
LINE
8
BLACK
6
CONTINUOUS
10
6.4896762204724405
20
-3.8804345275590548
11
6.487969330708661
21
-3.8829890157480316
0
LINE
8
BLACK
6
CONTINUOUS
10
6.487969330708661
20
-3.8829890157480316
11
6.4854148425196847
21
-3.8846959055118111
0
LINE
8
BLACK
6
CONTINUOUS
10
6.4854148425196847
20
-3.8846959055118111
11
6.4824015748031494
21
-3.885295275590551
0
LINE
8
BLACK
6
CONTINUOUS
10
6.4824015748031494
20
-3.885295275590551
11
6.4474015748031492
21
-3.885295275590551
0
LINE
8
BLACK
6
CONTINUOUS
10
6.4474015748031492
20
-3.885295275590551
11
6.4443883070866139
21
-3.8846959055118111
0
LINE
8
BLACK
6
CONTINUOUS
10
6.4443883070866139
20
-3.8846959055118111
11
6.4418338188976376
21
-3.8829890157480316
0
LINE
8
BLACK
6
CONTINUOUS
10
6.4418338188976376
20
-3.8829890157480316
11
6.4401269291338581
21
-3.8804345275590548
0
LINE
8
BLACK
6
CONTINUOUS
10
6.4401269291338581
20
-3.8804345275590548
11
6.4395275590551178
21
-3.8774212598425195
0
LINE
8
BLACK
6
CONTINUOUS
10
6.4395275590551178
20
-3.8774212598425195
11
6.4395275590551178
21
-3.8224212598425198
0
LINE
8
BLACK
6
CONTINUOUS
10
6.4395275590551178
20
-3.8224212598425198
11
6.4401269291338581
21
-3.819407992125984
0
LINE
8
BLACK
6
CONTINUOUS
10
6.4401269291338581
20
-3.819407992125984
11
6.4418338188976376
21
-3.8168535039370077
0
LINE
8
BLACK
6
CONTINUOUS
10
6.4418338188976376
20
-3.8168535039370077
11
6.4443883070866139
21
-3.8151466141732282
0
LINE
8
BLACK
6
CONTINUOUS
10
6.4443883070866139
20
-3.8151466141732282
11
6.4474015748031492
21
-3.8145472440944883
0
LINE
8
BLACK
6
CONTINUOUS
10
6.4474015748031492
20
-3.8145472440944883
11
6.4824015748031494
21
-3.8145472440944883
0
LINE
8
BLACK
6
CONTINUOUS
10
6.4824015748031494
20
-3.8145472440944883
11
6.4854148425196847
21
-3.8151466141732282
0
LINE
8
BLACK
6
CONTINUOUS
10
6.648568937007874
20
-3.7182401968503935
11
6.6565009055118107
21
-3.7208174409448818
0
LINE
8
BLACK
6
CONTINUOUS
10
6.6565009055118107
20
-3.7208174409448818
11
6.6639320078740152
21
-3.7246037795275591
0
LINE
8
BLACK
6
CONTINUOUS
10
6.6639320078740152
20
-3.7246037795275591
11
6.6706793307086611
21
-3.7295059842519684
0
LINE
8
BLACK
6
CONTINUOUS
10
6.6706793307086611
20
-3.7295059842519684
11
6.6765766929133861
21
-3.7354033464566929
0
LINE
8
BLACK
6
CONTINUOUS
10
6.6765766929133861
20
-3.7354033464566929
11
6.6814788976377955
21
-3.7421506692913384
0
LINE
8
BLACK
6
CONTINUOUS
10
6.6814788976377955
20
-3.7421506692913384
11
6.6852652362204719
21
-3.7495817716535433
0
LINE
8
BLACK
6
CONTINUOUS
10
6.6852652362204719
20
-3.7495817716535433
11
6.6878424803149601
21
-3.7575137401574801
0
LINE
8
BLACK
6
CONTINUOUS
10
6.6878424803149601
20
-3.7575137401574801
11
6.6891471653543304
21
-3.7657511811023623
0
LINE
8
BLACK
6
CONTINUOUS
10
6.6891471653543304
20
-3.7657511811023623
11
6.6891471653543304
21
-3.7740913385826769
0
LINE
8
BLACK
6
CONTINUOUS
10
6.6891471653543304
20
-3.7740913385826769
11
6.6878424803149601
21
-3.7823287795275591
0
LINE
8
BLACK
6
CONTINUOUS
10
6.6878424803149601
20
-3.7823287795275591
11
6.6852652362204719
21
-3.7902607480314958
0
LINE
8
BLACK
6
CONTINUOUS
10
6.6852652362204719
20
-3.7902607480314958
11
6.6814788976377955
21
-3.7976918503937007
0
LINE
8
BLACK
6
CONTINUOUS
10
6.6814788976377955
20
-3.7976918503937007
11
6.6765766929133861
21
-3.8044391732283462
0
LINE
8
BLACK
6
CONTINUOUS
10
6.6765766929133861
20
-3.8044391732283462
11
6.6706793307086611
21
-3.8103365354330707
0
LINE
8
BLACK
6
CONTINUOUS
10
6.6706793307086611
20
-3.8103365354330707
11
6.6639320078740152
21
-3.8152387401574801
0
LINE
8
BLACK
6
CONTINUOUS
10
6.6639320078740152
20
-3.8152387401574801
11
6.6565009055118107
21
-3.8190250787401574
0
LINE
8
BLACK
6
CONTINUOUS
10
6.6565009055118107
20
-3.8190250787401574
11
6.648568937007874
21
-3.8216023228346456
0
LINE
8
BLACK
6
CONTINUOUS
10
6.648568937007874
20
-3.8216023228346456
11
6.6403314960629922
21
-3.8229070078740155
0
LINE
8
BLACK
6
CONTINUOUS
10
6.6403314960629922
20
-3.8229070078740155
11
6.6319913385826768
21
-3.8229070078740155
0
LINE
8
BLACK
6
CONTINUOUS
10
6.6319913385826768
20
-3.8229070078740155
11
6.623753897637795
21
-3.8216023228346456
0
LINE
8
BLACK
6
CONTINUOUS
10
6.623753897637795
20
-3.8216023228346456
11
6.6158219291338582
21
-3.8190250787401574
0
LINE
8
BLACK
6
CONTINUOUS
10
6.6158219291338582
20
-3.8190250787401574
11
6.6083908267716538
21
-3.8152387401574801
0
LINE
8
BLACK
6
CONTINUOUS
10
6.6083908267716538
20
-3.8152387401574801
11
6.6016435039370078
21
-3.8103365354330707
0
LINE
8
BLACK
6
CONTINUOUS
10
6.6016435039370078
20
-3.8103365354330707
11
6.5957461417322829
21
-3.8044391732283462
0
LINE
8
BLACK
6
CONTINUOUS
10
6.5957461417322829
20
-3.8044391732283462
11
6.5908439370078735
21
-3.7976918503937007
0
LINE
8
BLACK
6
CONTINUOUS
10
6.5908439370078735
20
-3.7976918503937007
11
6.5870575984251971
21
-3.7902607480314958
0
LINE
8
BLACK
6
CONTINUOUS
10
6.5870575984251971
20
-3.7902607480314958
11
6.5844803543307089
21
-3.7823287795275591
0
LINE
8
BLACK
6
CONTINUOUS
10
6.5844803543307089
20
-3.7823287795275591
11
6.5831756692913386
21
-3.7740913385826769
0
LINE
8
BLACK
6
CONTINUOUS
10
6.5831756692913386
20
-3.7740913385826769
11
6.5831756692913386
21
-3.7657511811023623
0
LINE
8
BLACK
6
CONTINUOUS
10
6.5831756692913386
20
-3.7657511811023623
11
6.5844803543307089
21
-3.7575137401574801
0
LINE
8
BLACK
6
CONTINUOUS
10
6.5844803543307089
20
-3.7575137401574801
11
6.5870575984251971
21
-3.7495817716535433
0
LINE
8
BLACK
6
CONTINUOUS
10
6.5870575984251971
20
-3.7495817716535433
11
6.5908439370078735
21
-3.7421506692913384
0
LINE
8
BLACK
6
CONTINUOUS
10
6.5908439370078735
20
-3.7421506692913384
11
6.5957461417322829
21
-3.7354033464566929
0
LINE
8
BLACK
6
CONTINUOUS
10
6.5957461417322829
20
-3.7354033464566929
11
6.6016435039370078
21
-3.7295059842519684
0
LINE
8
BLACK
6
CONTINUOUS
10
6.6016435039370078
20
-3.7295059842519684
11
6.6083908267716538
21
-3.7246037795275591
0
LINE
8
BLACK
6
CONTINUOUS
10
6.6083908267716538
20
-3.7246037795275591
11
6.6158219291338582
21
-3.7208174409448818
0
LINE
8
BLACK
6
CONTINUOUS
10
6.6158219291338582
20
-3.7208174409448818
11
6.623753897637795
21
-3.7182401968503935
0
LINE
8
BLACK
6
CONTINUOUS
10
6.623753897637795
20
-3.7182401968503935
11
6.6319913385826768
21
-3.7169355118110237
0
LINE
8
BLACK
6
CONTINUOUS
10
6.6319913385826768
20
-3.7169355118110237
11
6.6403314960629922
21
-3.7169355118110237
0
LINE
8
BLACK
6
CONTINUOUS
10
6.6403314960629922
20
-3.7169355118110237
11
6.648568937007874
21
-3.7182401968503935
0
LINE
8
BLACK
6
CONTINUOUS
10
6.5761825590551179
20
-3.7331190551181099
11
6.5787370472440942
21
-3.7348259448818895
0
LINE
8
BLACK
6
CONTINUOUS
10
6.5787370472440942
20
-3.7348259448818895
11
6.5804439370078738
21
-3.7373804330708662
0
LINE
8
BLACK
6
CONTINUOUS
10
6.5804439370078738
20
-3.7373804330708662
11
6.5810433070866141
21
-3.7403937007874015
0
LINE
8
BLACK
6
CONTINUOUS
10
6.5810433070866141
20
-3.7403937007874015
11
6.5810433070866141
21
-3.7994488188976376
0
LINE
8
BLACK
6
CONTINUOUS
10
6.5810433070866141
20
-3.7994488188976376
11
6.5804439370078738
21
-3.802462086614173
0
LINE
8
BLACK
6
CONTINUOUS
10
6.5804439370078738
20
-3.802462086614173
11
6.5787370472440942
21
-3.8050165748031497
0
LINE
8
BLACK
6
CONTINUOUS
10
6.5787370472440942
20
-3.8050165748031497
11
6.5761825590551179
21
-3.8067234645669292
0
LINE
8
BLACK
6
CONTINUOUS
10
6.5761825590551179
20
-3.8067234645669292
11
6.5731692913385826
21
-3.8073228346456691
0
LINE
8
BLACK
6
CONTINUOUS
10
6.5731692913385826
20
-3.8073228346456691
11
6.5357677165354326
21
-3.8073228346456691
0
LINE
8
BLACK
6
CONTINUOUS
10
6.5357677165354326
20
-3.8073228346456691
11
6.5327544488188973
21
-3.8067234645669292
0
LINE
8
BLACK
6
CONTINUOUS
10
6.5327544488188973
20
-3.8067234645669292
11
6.530199960629921
21
-3.8050165748031497
0
LINE
8
BLACK
6
CONTINUOUS
10
6.530199960629921
20
-3.8050165748031497
11
6.5284930708661415
21
-3.802462086614173
0
LINE
8
BLACK
6
CONTINUOUS
10
6.5284930708661415
20
-3.802462086614173
11
6.5278937007874012
21
-3.7994488188976376
0
LINE
8
BLACK
6
CONTINUOUS
10
6.5278937007874012
20
-3.7994488188976376
11
6.5278937007874012
21
-3.7403937007874015
0
LINE
8
BLACK
6
CONTINUOUS
10
6.5278937007874012
20
-3.7403937007874015
11
6.5284930708661415
21
-3.7373804330708662
0
LINE
8
BLACK
6
CONTINUOUS
10
6.5284930708661415
20
-3.7373804330708662
11
6.530199960629921
21
-3.7348259448818895
0
LINE
8
BLACK
6
CONTINUOUS
10
6.530199960629921
20
-3.7348259448818895
11
6.5327544488188973
21
-3.7331190551181099
0
LINE
8
BLACK
6
CONTINUOUS
10
6.5327544488188973
20
-3.7331190551181099
11
6.5357677165354326
21
-3.73251968503937
0
LINE
8
BLACK
6
CONTINUOUS
10
6.5357677165354326
20
-3.73251968503937
11
6.5731692913385826
21
-3.73251968503937
0
LINE
8
BLACK
6
CONTINUOUS
10
6.5731692913385826
20
-3.73251968503937
11
6.5761825590551179
21
-3.7331190551181099
0
LINE
8
BLACK
6
CONTINUOUS
10
6.7395683858267716
20
-3.7331190551181099
11
6.7421228740157479
21
-3.7348259448818895
0
LINE
8
BLACK
6
CONTINUOUS
10
6.7421228740157479
20
-3.7348259448818895
11
6.7438297637795275
21
-3.7373804330708662
0
LINE
8
BLACK
6
CONTINUOUS
10
6.7438297637795275
20
-3.7373804330708662
11
6.7444291338582678
21
-3.7403937007874015
0
LINE
8
BLACK
6
CONTINUOUS
10
6.7444291338582678
20
-3.7403937007874015
11
6.7444291338582678
21
-3.7994488188976376
0
LINE
8
BLACK
6
CONTINUOUS
10
6.7444291338582678
20
-3.7994488188976376
11
6.7438297637795275
21
-3.802462086614173
0
LINE
8
BLACK
6
CONTINUOUS
10
6.7438297637795275
20
-3.802462086614173
11
6.7421228740157479
21
-3.8050165748031497
0
LINE
8
BLACK
6
CONTINUOUS
10
6.7421228740157479
20
-3.8050165748031497
11
6.7395683858267716
21
-3.8067234645669292
0
LINE
8
BLACK
6
CONTINUOUS
10
6.7395683858267716
20
-3.8067234645669292
11
6.7365551181102363
21
-3.8073228346456691
0
LINE
8
BLACK
6
CONTINUOUS
10
6.7365551181102363
20
-3.8073228346456691
11
6.6991535433070863
21
-3.8073228346456691
0
LINE
8
BLACK
6
CONTINUOUS
10
6.6991535433070863
20
-3.8073228346456691
11
6.696140275590551
21
-3.8067234645669292
0
LINE
8
BLACK
6
CONTINUOUS
10
6.696140275590551
20
-3.8067234645669292
11
6.6935857874015747
21
-3.8050165748031497
0
LINE
8
BLACK
6
CONTINUOUS
10
6.6935857874015747
20
-3.8050165748031497
11
6.6918788976377952
21
-3.802462086614173
0
LINE
8
BLACK
6
CONTINUOUS
10
6.6918788976377952
20
-3.802462086614173
11
6.6912795275590549
21
-3.7994488188976376
0
LINE
8
BLACK
6
CONTINUOUS
10
6.6912795275590549
20
-3.7994488188976376
11
6.6912795275590549
21
-3.7403937007874015
0
LINE
8
BLACK
6
CONTINUOUS
10
6.6912795275590549
20
-3.7403937007874015
11
6.6918788976377952
21
-3.7373804330708662
0
LINE
8
BLACK
6
CONTINUOUS
10
6.6918788976377952
20
-3.7373804330708662
11
6.6935857874015747
21
-3.7348259448818895
0
LINE
8
BLACK
6
CONTINUOUS
10
6.6935857874015747
20
-3.7348259448818895
11
6.696140275590551
21
-3.7331190551181099
0
LINE
8
BLACK
6
CONTINUOUS
10
6.696140275590551
20
-3.7331190551181099
11
6.6991535433070863
21
-3.73251968503937
0
LINE
8
BLACK
6
CONTINUOUS
10
6.6991535433070863
20
-3.73251968503937
11
6.7365551181102363
21
-3.73251968503937
0
LINE
8
BLACK
6
CONTINUOUS
10
6.7365551181102363
20
-3.73251968503937
11
6.7395683858267716
21
-3.7331190551181099
0
LINE
8
BLACK
6
CONTINUOUS
10
6.4404148425196848
20
-3.7351466141732281
11
6.4429693307086611
21
-3.7368535039370077
0
LINE
8
BLACK
6
CONTINUOUS
10
6.4429693307086611
20
-3.7368535039370077
11
6.4446762204724406
21
-3.739407992125984
0
LINE
8
BLACK
6
CONTINUOUS
10
6.4446762204724406
20
-3.739407992125984
11
6.4452755905511809
21
-3.7424212598425197
0
LINE
8
BLACK
6
CONTINUOUS
10
6.4452755905511809
20
-3.7424212598425197
11
6.4452755905511809
21
-3.7974212598425194
0
LINE
8
BLACK
6
CONTINUOUS
10
6.4452755905511809
20
-3.7974212598425194
11
6.4446762204724406
21
-3.8004345275590552
0
LINE
8
BLACK
6
CONTINUOUS
10
6.4446762204724406
20
-3.8004345275590552
11
6.4429693307086611
21
-3.8029890157480315
0
LINE
8
BLACK
6
CONTINUOUS
10
6.4429693307086611
20
-3.8029890157480315
11
6.4404148425196848
21
-3.804695905511811
0
LINE
8
BLACK
6
CONTINUOUS
10
6.4404148425196848
20
-3.804695905511811
11
6.4374015748031495
21
-3.8052952755905509
0
LINE
8
BLACK
6
CONTINUOUS
10
6.4374015748031495
20
-3.8052952755905509
11
6.4024015748031493
21
-3.8052952755905509
0
LINE
8
BLACK
6
CONTINUOUS
10
6.4024015748031493
20
-3.8052952755905509
11
6.399388307086614
21
-3.804695905511811
0
LINE
8
BLACK
6
CONTINUOUS
10
6.399388307086614
20
-3.804695905511811
11
6.3968338188976377
21
-3.8029890157480315
0
LINE
8
BLACK
6
CONTINUOUS
10
6.3968338188976377
20
-3.8029890157480315
11
6.3951269291338582
21
-3.8004345275590552
0
LINE
8
BLACK
6
CONTINUOUS
10
6.3951269291338582
20
-3.8004345275590552
11
6.3945275590551178
21
-3.7974212598425194
0
LINE
8
BLACK
6
CONTINUOUS
10
6.3945275590551178
20
-3.7974212598425194
11
6.3945275590551178
21
-3.7424212598425197
0
LINE
8
BLACK
6
CONTINUOUS
10
6.3945275590551178
20
-3.7424212598425197
11
6.3951269291338582
21
-3.739407992125984
0
LINE
8
BLACK
6
CONTINUOUS
10
6.3951269291338582
20
-3.739407992125984
11
6.3968338188976377
21
-3.7368535039370077
0
LINE
8
BLACK
6
CONTINUOUS
10
6.3968338188976377
20
-3.7368535039370077
11
6.399388307086614
21
-3.7351466141732281
0
LINE
8
BLACK
6
CONTINUOUS
10
6.399388307086614
20
-3.7351466141732281
11
6.4024015748031493
21
-3.7345472440944882
0
LINE
8
BLACK
6
CONTINUOUS
10
6.4024015748031493
20
-3.7345472440944882
11
6.4374015748031495
21
-3.7345472440944882
0
LINE
8
BLACK
6
CONTINUOUS
10
6.4374015748031495
20
-3.7345472440944882
11
6.4404148425196848
21
-3.7351466141732281
0
LINE
8
BLACK
6
CONTINUOUS
10
6.5154148425196849
20
-3.7351466141732281
11
6.5179693307086612
21
-3.7368535039370077
0
LINE
8
BLACK
6
CONTINUOUS
10
6.5179693307086612
20
-3.7368535039370077
11
6.5196762204724408
21
-3.739407992125984
0
LINE
8
BLACK
6
CONTINUOUS
10
6.5196762204724408
20
-3.739407992125984
11
6.5202755905511811
21
-3.7424212598425197
0
LINE
8
BLACK
6
CONTINUOUS
10
6.5202755905511811
20
-3.7424212598425197
11
6.5202755905511811
21
-3.7974212598425194
0
LINE
8
BLACK
6
CONTINUOUS
10
6.5202755905511811
20
-3.7974212598425194
11
6.5196762204724408
21
-3.8004345275590552
0
LINE
8
BLACK
6
CONTINUOUS
10
6.5196762204724408
20
-3.8004345275590552
11
6.5179693307086612
21
-3.8029890157480315
0
LINE
8
BLACK
6
CONTINUOUS
10
6.5179693307086612
20
-3.8029890157480315
11
6.5154148425196849
21
-3.804695905511811
0
LINE
8
BLACK
6
CONTINUOUS
10
6.5154148425196849
20
-3.804695905511811
11
6.5124015748031496
21
-3.8052952755905509
0
LINE
8
BLACK
6
CONTINUOUS
10
6.5124015748031496
20
-3.8052952755905509
11
6.4774015748031495
21
-3.8052952755905509
0
LINE
8
BLACK
6
CONTINUOUS
10
6.4774015748031495
20
-3.8052952755905509
11
6.4743883070866142
21
-3.804695905511811
0
LINE
8
BLACK
6
CONTINUOUS
10
6.4743883070866142
20
-3.804695905511811
11
6.4718338188976379
21
-3.8029890157480315
0
LINE
8
BLACK
6
CONTINUOUS
10
6.4718338188976379
20
-3.8029890157480315
11
6.4701269291338583
21
-3.8004345275590552
0
LINE
8
BLACK
6
CONTINUOUS
10
6.4701269291338583
20
-3.8004345275590552
11
6.469527559055118
21
-3.7974212598425194
0
LINE
8
BLACK
6
CONTINUOUS
10
6.469527559055118
20
-3.7974212598425194
11
6.469527559055118
21
-3.7424212598425197
0
LINE
8
BLACK
6
CONTINUOUS
10
6.469527559055118
20
-3.7424212598425197
11
6.4701269291338583
21
-3.739407992125984
0
LINE
8
BLACK
6
CONTINUOUS
10
6.4701269291338583
20
-3.739407992125984
11
6.4718338188976379
21
-3.7368535039370077
0
LINE
8
BLACK
6
CONTINUOUS
10
6.4718338188976379
20
-3.7368535039370077
11
6.4743883070866142
21
-3.7351466141732281
0
LINE
8
BLACK
6
CONTINUOUS
10
6.4743883070866142
20
-3.7351466141732281
11
6.4774015748031495
21
-3.7345472440944882
0
LINE
8
BLACK
6
CONTINUOUS
10
6.4774015748031495
20
-3.7345472440944882
11
6.5124015748031496
21
-3.7345472440944882
0
LINE
8
BLACK
6
CONTINUOUS
10
6.5124015748031496
20
-3.7345472440944882
11
6.5154148425196849
21
-3.7351466141732281
0
LINE
8
BLACK
6
CONTINUOUS
10
4.9810492519685035
20
-3.6882401968503937
11
4.9889812204724411
21
-3.690817440944882
0
LINE
8
BLACK
6
CONTINUOUS
10
4.9889812204724411
20
-3.690817440944882
11
4.9964123228346455
21
-3.6946037795275588
0
LINE
8
BLACK
6
CONTINUOUS
10
4.9964123228346455
20
-3.6946037795275588
11
5.0031596456692915
21
-3.6995059842519686
0
LINE
8
BLACK
6
CONTINUOUS
10
5.0031596456692915
20
-3.6995059842519686
11
5.0090570078740155
21
-3.7054033464566927
0
LINE
8
BLACK
6
CONTINUOUS
10
5.0090570078740155
20
-3.7054033464566927
11
5.0139592125984249
21
-3.7121506692913386
0
LINE
8
BLACK
6
CONTINUOUS
10
5.0139592125984249
20
-3.7121506692913386
11
5.0177455511811022
21
-3.7195817716535431
0
LINE
8
BLACK
6
CONTINUOUS
10
5.0177455511811022
20
-3.7195817716535431
11
5.0203227952755904
21
-3.7275137401574803
0
LINE
8
BLACK
6
CONTINUOUS
10
5.0203227952755904
20
-3.7275137401574803
11
5.0216274803149608
21
-3.735751181102362
0
LINE
8
BLACK
6
CONTINUOUS
10
5.0216274803149608
20
-3.735751181102362
11
5.0216274803149608
21
-3.7440913385826771
0
LINE
8
BLACK
6
CONTINUOUS
10
5.0216274803149608
20
-3.7440913385826771
11
5.0203227952755904
21
-3.7523287795275588
0
LINE
8
BLACK
6
CONTINUOUS
10
5.0203227952755904
20
-3.7523287795275588
11
5.0177455511811022
21
-3.760260748031496
0
LINE
8
BLACK
6
CONTINUOUS
10
5.0177455511811022
20
-3.760260748031496
11
5.0139592125984249
21
-3.7676918503937009
0
LINE
8
BLACK
6
CONTINUOUS
10
5.0139592125984249
20
-3.7676918503937009
11
5.0090570078740155
21
-3.7744391732283464
0
LINE
8
BLACK
6
CONTINUOUS
10
5.0090570078740155
20
-3.7744391732283464
11
5.0031596456692915
21
-3.7803365354330709
0
LINE
8
BLACK
6
CONTINUOUS
10
5.0031596456692915
20
-3.7803365354330709
11
4.9964123228346455
21
-3.7852387401574803
0
LINE
8
BLACK
6
CONTINUOUS
10
4.9964123228346455
20
-3.7852387401574803
11
4.9889812204724411
21
-3.7890250787401576
0
LINE
8
BLACK
6
CONTINUOUS
10
4.9889812204724411
20
-3.7890250787401576
11
4.9810492519685035
21
-3.7916023228346454
0
LINE
8
BLACK
6
CONTINUOUS
10
4.9810492519685035
20
-3.7916023228346454
11
4.9728118110236217
21
-3.7929070078740157
0
LINE
8
BLACK
6
CONTINUOUS
10
4.9728118110236217
20
-3.7929070078740157
11
4.9644716535433071
21
-3.7929070078740157
0
LINE
8
BLACK
6
CONTINUOUS
10
4.9644716535433071
20
-3.7929070078740157
11
4.9562342125984253
21
-3.7916023228346454
0
LINE
8
BLACK
6
CONTINUOUS
10
4.9562342125984253
20
-3.7916023228346454
11
4.9483022440944877
21
-3.7890250787401576
0
LINE
8
BLACK
6
CONTINUOUS
10
4.9483022440944877
20
-3.7890250787401576
11
4.9408711417322833
21
-3.7852387401574803
0
LINE
8
BLACK
6
CONTINUOUS
10
4.9408711417322833
20
-3.7852387401574803
11
4.9341238188976373
21
-3.7803365354330709
0
LINE
8
BLACK
6
CONTINUOUS
10
4.9341238188976373
20
-3.7803365354330709
11
4.9282264566929133
21
-3.7744391732283464
0
LINE
8
BLACK
6
CONTINUOUS
10
4.9282264566929133
20
-3.7744391732283464
11
4.9233242519685039
21
-3.7676918503937009
0
LINE
8
BLACK
6
CONTINUOUS
10
4.9233242519685039
20
-3.7676918503937009
11
4.9195379133858266
21
-3.760260748031496
0
LINE
8
BLACK
6
CONTINUOUS
10
4.9195379133858266
20
-3.760260748031496
11
4.9169606692913383
21
-3.7523287795275588
0
LINE
8
BLACK
6
CONTINUOUS
10
4.9169606692913383
20
-3.7523287795275588
11
4.915655984251968
21
-3.7440913385826771
0
LINE
8
BLACK
6
CONTINUOUS
10
4.915655984251968
20
-3.7440913385826771
11
4.915655984251968
21
-3.735751181102362
0
LINE
8
BLACK
6
CONTINUOUS
10
4.915655984251968
20
-3.735751181102362
11
4.9169606692913383
21
-3.7275137401574803
0
LINE
8
BLACK
6
CONTINUOUS
10
4.9169606692913383
20
-3.7275137401574803
11
4.9195379133858266
21
-3.7195817716535431
0
LINE
8
BLACK
6
CONTINUOUS
10
4.9195379133858266
20
-3.7195817716535431
11
4.9233242519685039
21
-3.7121506692913386
0
LINE
8
BLACK
6
CONTINUOUS
10
4.9233242519685039
20
-3.7121506692913386
11
4.9282264566929133
21
-3.7054033464566927
0
LINE
8
BLACK
6
CONTINUOUS
10
4.9282264566929133
20
-3.7054033464566927
11
4.9341238188976373
21
-3.6995059842519686
0
LINE
8
BLACK
6
CONTINUOUS
10
4.9341238188976373
20
-3.6995059842519686
11
4.9408711417322833
21
-3.6946037795275588
0
LINE
8
BLACK
6
CONTINUOUS
10
4.9408711417322833
20
-3.6946037795275588
11
4.9483022440944877
21
-3.690817440944882
0
LINE
8
BLACK
6
CONTINUOUS
10
4.9483022440944877
20
-3.690817440944882
11
4.9562342125984253
21
-3.6882401968503937
0
LINE
8
BLACK
6
CONTINUOUS
10
4.9562342125984253
20
-3.6882401968503937
11
4.9644716535433071
21
-3.6869355118110234
0
LINE
8
BLACK
6
CONTINUOUS
10
4.9644716535433071
20
-3.6869355118110234
11
4.9728118110236217
21
-3.6869355118110234
0
LINE
8
BLACK
6
CONTINUOUS
10
4.9728118110236217
20
-3.6869355118110234
11
4.9810492519685035
21
-3.6882401968503937
0
LINE
8
BLACK
6
CONTINUOUS
10
4.9086628740157483
20
-3.7031190551181101
11
4.9112173622047246
21
-3.7048259448818897
0
LINE
8
BLACK
6
CONTINUOUS
10
4.9112173622047246
20
-3.7048259448818897
11
4.9129242519685041
21
-3.707380433070866
0
LINE
8
BLACK
6
CONTINUOUS
10
4.9129242519685041
20
-3.707380433070866
11
4.9135236220472436
21
-3.7103937007874013
0
LINE
8
BLACK
6
CONTINUOUS
10
4.9135236220472436
20
-3.7103937007874013
11
4.9135236220472436
21
-3.7694488188976378
0
LINE
8
BLACK
6
CONTINUOUS
10
4.9135236220472436
20
-3.7694488188976378
11
4.9129242519685041
21
-3.7724620866141731
0
LINE
8
BLACK
6
CONTINUOUS
10
4.9129242519685041
20
-3.7724620866141731
11
4.9112173622047246
21
-3.7750165748031494
0
LINE
8
BLACK
6
CONTINUOUS
10
4.9112173622047246
20
-3.7750165748031494
11
4.9086628740157483
21
-3.776723464566929
0
LINE
8
BLACK
6
CONTINUOUS
10
4.9086628740157483
20
-3.776723464566929
11
4.9056496062992121
21
-3.7773228346456693
0
LINE
8
BLACK
6
CONTINUOUS
10
4.9056496062992121
20
-3.7773228346456693
11
4.868248031496063
21
-3.7773228346456693
0
LINE
8
BLACK
6
CONTINUOUS
10
4.868248031496063
20
-3.7773228346456693
11
4.8652347637795277
21
-3.776723464566929
0
LINE
8
BLACK
6
CONTINUOUS
10
4.8652347637795277
20
-3.776723464566929
11
4.8626802755905514
21
-3.7750165748031494
0
LINE
8
BLACK
6
CONTINUOUS
10
4.8626802755905514
20
-3.7750165748031494
11
4.8609733858267719
21
-3.7724620866141731
0
LINE
8
BLACK
6
CONTINUOUS
10
4.8609733858267719
20
-3.7724620866141731
11
4.8603740157480315
21
-3.7694488188976378
0
LINE
8
BLACK
6
CONTINUOUS
10
4.8603740157480315
20
-3.7694488188976378
11
4.8603740157480315
21
-3.7103937007874013
0
LINE
8
BLACK
6
CONTINUOUS
10
4.8603740157480315
20
-3.7103937007874013
11
4.8609733858267719
21
-3.707380433070866
0
LINE
8
BLACK
6
CONTINUOUS
10
4.8609733858267719
20
-3.707380433070866
11
4.8626802755905514
21
-3.7048259448818897
0
LINE
8
BLACK
6
CONTINUOUS
10
4.8626802755905514
20
-3.7048259448818897
11
4.8652347637795277
21
-3.7031190551181101
0
LINE
8
BLACK
6
CONTINUOUS
10
4.8652347637795277
20
-3.7031190551181101
11
4.868248031496063
21
-3.7025196850393698
0
LINE
8
BLACK
6
CONTINUOUS
10
4.868248031496063
20
-3.7025196850393698
11
4.9056496062992121
21
-3.7025196850393698
0
LINE
8
BLACK
6
CONTINUOUS
10
4.9056496062992121
20
-3.7025196850393698
11
4.9086628740157483
21
-3.7031190551181101
0
LINE
8
BLACK
6
CONTINUOUS
10
5.0720487007874011
20
-3.7031190551181101
11
5.0746031889763774
21
-3.7048259448818897
0
LINE
8
BLACK
6
CONTINUOUS
10
5.0746031889763774
20
-3.7048259448818897
11
5.0763100787401569
21
-3.707380433070866
0
LINE
8
BLACK
6
CONTINUOUS
10
5.0763100787401569
20
-3.707380433070866
11
5.0769094488188973
21
-3.7103937007874013
0
LINE
8
BLACK
6
CONTINUOUS
10
5.0769094488188973
20
-3.7103937007874013
11
5.0769094488188973
21
-3.7694488188976378
0
LINE
8
BLACK
6
CONTINUOUS
10
5.0769094488188973
20
-3.7694488188976378
11
5.0763100787401569
21
-3.7724620866141731
0
LINE
8
BLACK
6
CONTINUOUS
10
5.0763100787401569
20
-3.7724620866141731
11
5.0746031889763774
21
-3.7750165748031494
0
LINE
8
BLACK
6
CONTINUOUS
10
5.0746031889763774
20
-3.7750165748031494
11
5.0720487007874011
21
-3.776723464566929
0
LINE
8
BLACK
6
CONTINUOUS
10
5.0720487007874011
20
-3.776723464566929
11
5.0690354330708658
21
-3.7773228346456693
0
LINE
8
BLACK
6
CONTINUOUS
10
5.0690354330708658
20
-3.7773228346456693
11
5.0316338582677167
21
-3.7773228346456693
0
LINE
8
BLACK
6
CONTINUOUS
10
5.0316338582677167
20
-3.7773228346456693
11
5.0286205905511814
21
-3.776723464566929
0
LINE
8
BLACK
6
CONTINUOUS
10
5.0286205905511814
20
-3.776723464566929
11
5.0260661023622042
21
-3.7750165748031494
0
LINE
8
BLACK
6
CONTINUOUS
10
5.0260661023622042
20
-3.7750165748031494
11
5.0243592125984247
21
-3.7724620866141731
0
LINE
8
BLACK
6
CONTINUOUS
10
5.0243592125984247
20
-3.7724620866141731
11
5.0237598425196852
21
-3.7694488188976378
0
LINE
8
BLACK
6
CONTINUOUS
10
5.0237598425196852
20
-3.7694488188976378
11
5.0237598425196852
21
-3.7103937007874013
0
LINE
8
BLACK
6
CONTINUOUS
10
5.0237598425196852
20
-3.7103937007874013
11
5.0243592125984247
21
-3.707380433070866
0
LINE
8
BLACK
6
CONTINUOUS
10
5.0243592125984247
20
-3.707380433070866
11
5.0260661023622042
21
-3.7048259448818897
0
LINE
8
BLACK
6
CONTINUOUS
10
5.0260661023622042
20
-3.7048259448818897
11
5.0286205905511814
21
-3.7031190551181101
0
LINE
8
BLACK
6
CONTINUOUS
10
5.0286205905511814
20
-3.7031190551181101
11
5.0316338582677167
21
-3.7025196850393698
0
LINE
8
BLACK
6
CONTINUOUS
10
5.0316338582677167
20
-3.7025196850393698
11
5.0690354330708658
21
-3.7025196850393698
0
LINE
8
BLACK
6
CONTINUOUS
10
5.0690354330708658
20
-3.7025196850393698
11
5.0720487007874011
21
-3.7031190551181101
0
LINE
8
BLACK
6
CONTINUOUS
10
5.1454148425196848
20
-3.7051466141732283
11
5.1479693307086611
21
-3.7068535039370079
0
LINE
8
BLACK
6
CONTINUOUS
10
5.1479693307086611
20
-3.7068535039370079
11
5.1496762204724407
21
-3.7094079921259842
0
LINE
8
BLACK
6
CONTINUOUS
10
5.1496762204724407
20
-3.7094079921259842
11
5.150275590551181
21
-3.7124212598425195
0
LINE
8
BLACK
6
CONTINUOUS
10
5.150275590551181
20
-3.7124212598425195
11
5.150275590551181
21
-3.7674212598425196
0
LINE
8
BLACK
6
CONTINUOUS
10
5.150275590551181
20
-3.7674212598425196
11
5.1496762204724407
21
-3.7704345275590549
0
LINE
8
BLACK
6
CONTINUOUS
10
5.1496762204724407
20
-3.7704345275590549
11
5.1479693307086611
21
-3.7729890157480312
0
LINE
8
BLACK
6
CONTINUOUS
10
5.1479693307086611
20
-3.7729890157480312
11
5.1454148425196848
21
-3.7746959055118108
0
LINE
8
BLACK
6
CONTINUOUS
10
5.1454148425196848
20
-3.7746959055118108
11
5.1424015748031495
21
-3.7752952755905511
0
LINE
8
BLACK
6
CONTINUOUS
10
5.1424015748031495
20
-3.7752952755905511
11
5.1074015748031494
21
-3.7752952755905511
0
LINE
8
BLACK
6
CONTINUOUS
10
5.1074015748031494
20
-3.7752952755905511
11
5.1043883070866141
21
-3.7746959055118108
0
LINE
8
BLACK
6
CONTINUOUS
10
5.1043883070866141
20
-3.7746959055118108
11
5.1018338188976378
21
-3.7729890157480312
0
LINE
8
BLACK
6
CONTINUOUS
10
5.1018338188976378
20
-3.7729890157480312
11
5.1001269291338582
21
-3.7704345275590549
0
LINE
8
BLACK
6
CONTINUOUS
10
5.1001269291338582
20
-3.7704345275590549
11
5.0995275590551179
21
-3.7674212598425196
0
LINE
8
BLACK
6
CONTINUOUS
10
5.0995275590551179
20
-3.7674212598425196
11
5.0995275590551179
21
-3.7124212598425195
0
LINE
8
BLACK
6
CONTINUOUS
10
5.0995275590551179
20
-3.7124212598425195
11
5.1001269291338582
21
-3.7094079921259842
0
LINE
8
BLACK
6
CONTINUOUS
10
5.1001269291338582
20
-3.7094079921259842
11
5.1018338188976378
21
-3.7068535039370079
0
LINE
8
BLACK
6
CONTINUOUS
10
5.1018338188976378
20
-3.7068535039370079
11
5.1043883070866141
21
-3.7051466141732283
0
LINE
8
BLACK
6
CONTINUOUS
10
5.1043883070866141
20
-3.7051466141732283
11
5.1074015748031494
21
-3.704547244094488
0
LINE
8
BLACK
6
CONTINUOUS
10
5.1074015748031494
20
-3.704547244094488
11
5.1424015748031495
21
-3.704547244094488
0
LINE
8
BLACK
6
CONTINUOUS
10
5.1424015748031495
20
-3.704547244094488
11
5.1454148425196848
21
-3.7051466141732283
0
LINE
8
BLACK
6
CONTINUOUS
10
5.220414842519685
20
-3.7051466141732283
11
5.2229693307086613
21
-3.7068535039370079
0
LINE
8
BLACK
6
CONTINUOUS
10
5.2229693307086613
20
-3.7068535039370079
11
5.2246762204724408
21
-3.7094079921259842
0
LINE
8
BLACK
6
CONTINUOUS
10
5.2246762204724408
20
-3.7094079921259842
11
5.2252755905511812
21
-3.7124212598425195
0
LINE
8
BLACK
6
CONTINUOUS
10
5.2252755905511812
20
-3.7124212598425195
11
5.2252755905511812
21
-3.7674212598425196
0
LINE
8
BLACK
6
CONTINUOUS
10
5.2252755905511812
20
-3.7674212598425196
11
5.2246762204724408
21
-3.7704345275590549
0
LINE
8
BLACK
6
CONTINUOUS
10
5.2246762204724408
20
-3.7704345275590549
11
5.2229693307086613
21
-3.7729890157480312
0
LINE
8
BLACK
6
CONTINUOUS
10
5.2229693307086613
20
-3.7729890157480312
11
5.220414842519685
21
-3.7746959055118108
0
LINE
8
BLACK
6
CONTINUOUS
10
5.220414842519685
20
-3.7746959055118108
11
5.2174015748031497
21
-3.7752952755905511
0
LINE
8
BLACK
6
CONTINUOUS
10
5.2174015748031497
20
-3.7752952755905511
11
5.1824015748031496
21
-3.7752952755905511
0
LINE
8
BLACK
6
CONTINUOUS
10
5.1824015748031496
20
-3.7752952755905511
11
5.1793883070866142
21
-3.7746959055118108
0
LINE
8
BLACK
6
CONTINUOUS
10
5.1793883070866142
20
-3.7746959055118108
11
5.1768338188976379
21
-3.7729890157480312
0
LINE
8
BLACK
6
CONTINUOUS
10
5.1768338188976379
20
-3.7729890157480312
11
5.1751269291338584
21
-3.7704345275590549
0
LINE
8
BLACK
6
CONTINUOUS
10
5.1751269291338584
20
-3.7704345275590549
11
5.1745275590551181
21
-3.7674212598425196
0
LINE
8
BLACK
6
CONTINUOUS
10
5.1745275590551181
20
-3.7674212598425196
11
5.1745275590551181
21
-3.7124212598425195
0
LINE
8
BLACK
6
CONTINUOUS
10
5.1745275590551181
20
-3.7124212598425195
11
5.1751269291338584
21
-3.7094079921259842
0
LINE
8
BLACK
6
CONTINUOUS
10
5.1751269291338584
20
-3.7094079921259842
11
5.1768338188976379
21
-3.7068535039370079
0
LINE
8
BLACK
6
CONTINUOUS
10
5.1768338188976379
20
-3.7068535039370079
11
5.1793883070866142
21
-3.7051466141732283
0
LINE
8
BLACK
6
CONTINUOUS
10
5.1793883070866142
20
-3.7051466141732283
11
5.1824015748031496
21
-3.704547244094488
0
LINE
8
BLACK
6
CONTINUOUS
10
5.1824015748031496
20
-3.704547244094488
11
5.2174015748031497
21
-3.704547244094488
0
LINE
8
BLACK
6
CONTINUOUS
10
5.2174015748031497
20
-3.704547244094488
11
5.220414842519685
21
-3.7051466141732283
0
LINE
8
BLACK
6
CONTINUOUS
10
5.8654148425196846
20
-3.7201466141732284
11
5.8679693307086609
21
-3.721853503937008
0
LINE
8
BLACK
6
CONTINUOUS
10
5.8679693307086609
20
-3.721853503937008
11
5.8696762204724404
21
-3.7244079921259843
0
LINE
8
BLACK
6
CONTINUOUS
10
5.8696762204724404
20
-3.7244079921259843
11
5.8702755905511808
21
-3.7274212598425196
0
LINE
8
BLACK
6
CONTINUOUS
10
5.8702755905511808
20
-3.7274212598425196
11
5.8702755905511808
21
-3.7624212598425197
0
LINE
8
BLACK
6
CONTINUOUS
10
5.8702755905511808
20
-3.7624212598425197
11
5.8696762204724404
21
-3.7654345275590551
0
LINE
8
BLACK
6
CONTINUOUS
10
5.8696762204724404
20
-3.7654345275590551
11
5.8679693307086609
21
-3.7679890157480314
0
LINE
8
BLACK
6
CONTINUOUS
10
5.8679693307086609
20
-3.7679890157480314
11
5.8654148425196846
21
-3.7696959055118109
0
LINE
8
BLACK
6
CONTINUOUS
10
5.8654148425196846
20
-3.7696959055118109
11
5.8624015748031493
21
-3.7702952755905512
0
LINE
8
BLACK
6
CONTINUOUS
10
5.8624015748031493
20
-3.7702952755905512
11
5.8074015748031496
21
-3.7702952755905512
0
LINE
8
BLACK
6
CONTINUOUS
10
5.8074015748031496
20
-3.7702952755905512
11
5.8043883070866142
21
-3.7696959055118109
0
LINE
8
BLACK
6
CONTINUOUS
10
5.8043883070866142
20
-3.7696959055118109
11
5.8018338188976379
21
-3.7679890157480314
0
LINE
8
BLACK
6
CONTINUOUS
10
5.8018338188976379
20
-3.7679890157480314
11
5.8001269291338584
21
-3.7654345275590551
0
LINE
8
BLACK
6
CONTINUOUS
10
5.8001269291338584
20
-3.7654345275590551
11
5.7995275590551181
21
-3.7624212598425197
0
LINE
8
BLACK
6
CONTINUOUS
10
5.7995275590551181
20
-3.7624212598425197
11
5.7995275590551181
21
-3.7274212598425196
0
LINE
8
BLACK
6
CONTINUOUS
10
5.7995275590551181
20
-3.7274212598425196
11
5.8001269291338584
21
-3.7244079921259843
0
LINE
8
BLACK
6
CONTINUOUS
10
5.8001269291338584
20
-3.7244079921259843
11
5.8018338188976379
21
-3.721853503937008
0
LINE
8
BLACK
6
CONTINUOUS
10
5.8018338188976379
20
-3.721853503937008
11
5.8043883070866142
21
-3.7201466141732284
0
LINE
8
BLACK
6
CONTINUOUS
10
5.8043883070866142
20
-3.7201466141732284
11
5.8074015748031496
21
-3.7195472440944881
0
LINE
8
BLACK
6
CONTINUOUS
10
5.8074015748031496
20
-3.7195472440944881
11
5.8624015748031493
21
-3.7195472440944881
0
LINE
8
BLACK
6
CONTINUOUS
10
5.8624015748031493
20
-3.7195472440944881
11
5.8654148425196846
21
-3.7201466141732284
0
LINE
8
BLACK
6
CONTINUOUS
10
5.7754148425196847
20
-3.7151466141732281
11
5.777969330708661
21
-3.7168535039370076
0
LINE
8
BLACK
6
CONTINUOUS
10
5.777969330708661
20
-3.7168535039370076
11
5.7796762204724406
21
-3.7194079921259844
0
LINE
8
BLACK
6
CONTINUOUS
10
5.7796762204724406
20
-3.7194079921259844
11
5.7802755905511809
21
-3.7224212598425197
0
LINE
8
BLACK
6
CONTINUOUS
10
5.7802755905511809
20
-3.7224212598425197
11
5.7802755905511809
21
-3.7574212598425194
0
LINE
8
BLACK
6
CONTINUOUS
10
5.7802755905511809
20
-3.7574212598425194
11
5.7796762204724406
21
-3.7604345275590552
0
LINE
8
BLACK
6
CONTINUOUS
10
5.7796762204724406
20
-3.7604345275590552
11
5.777969330708661
21
-3.7629890157480315
0
LINE
8
BLACK
6
CONTINUOUS
10
5.777969330708661
20
-3.7629890157480315
11
5.7754148425196847
21
-3.764695905511811
0
LINE
8
BLACK
6
CONTINUOUS
10
5.7754148425196847
20
-3.764695905511811
11
5.7724015748031494
21
-3.7652952755905509
0
LINE
8
BLACK
6
CONTINUOUS
10
5.7724015748031494
20
-3.7652952755905509
11
5.7174015748031497
21
-3.7652952755905509
0
LINE
8
BLACK
6
CONTINUOUS
10
5.7174015748031497
20
-3.7652952755905509
11
5.7143883070866144
21
-3.764695905511811
0
LINE
8
BLACK
6
CONTINUOUS
10
5.7143883070866144
20
-3.764695905511811
11
5.7118338188976381
21
-3.7629890157480315
0
LINE
8
BLACK
6
CONTINUOUS
10
5.7118338188976381
20
-3.7629890157480315
11
5.7101269291338586
21
-3.7604345275590552
0
LINE
8
BLACK
6
CONTINUOUS
10
5.7101269291338586
20
-3.7604345275590552
11
5.7095275590551182
21
-3.7574212598425194
0
LINE
8
BLACK
6
CONTINUOUS
10
5.7095275590551182
20
-3.7574212598425194
11
5.7095275590551182
21
-3.7224212598425197
0
LINE
8
BLACK
6
CONTINUOUS
10
5.7095275590551182
20
-3.7224212598425197
11
5.7101269291338586
21
-3.7194079921259844
0
LINE
8
BLACK
6
CONTINUOUS
10
5.7101269291338586
20
-3.7194079921259844
11
5.7118338188976381
21
-3.7168535039370076
0
LINE
8
BLACK
6
CONTINUOUS
10
5.7118338188976381
20
-3.7168535039370076
11
5.7143883070866144
21
-3.7151466141732281
0
LINE
8
BLACK
6
CONTINUOUS
10
5.7143883070866144
20
-3.7151466141732281
11
5.7174015748031497
21
-3.7145472440944882
0
LINE
8
BLACK
6
CONTINUOUS
10
5.7174015748031497
20
-3.7145472440944882
11
5.7724015748031494
21
-3.7145472440944882
0
LINE
8
BLACK
6
CONTINUOUS
10
5.7724015748031494
20
-3.7145472440944882
11
5.7754148425196847
21
-3.7151466141732281
0
LINE
8
BLACK
6
CONTINUOUS
10
5.6004148425196849
20
-3.6301466141732281
11
5.6029693307086612
21
-3.6318535039370077
0
LINE
8
BLACK
6
CONTINUOUS
10
5.6029693307086612
20
-3.6318535039370077
11
5.6046762204724407
21
-3.634407992125984
0
LINE
8
BLACK
6
CONTINUOUS
10
5.6046762204724407
20
-3.634407992125984
11
5.6052755905511811
21
-3.6374212598425197
0
LINE
8
BLACK
6
CONTINUOUS
10
5.6052755905511811
20
-3.6374212598425197
11
5.6052755905511811
21
-3.6924212598425195
0
LINE
8
BLACK
6
CONTINUOUS
10
5.6052755905511811
20
-3.6924212598425195
11
5.6046762204724407
21
-3.6954345275590552
0
LINE
8
BLACK
6
CONTINUOUS
10
5.6046762204724407
20
-3.6954345275590552
11
5.6029693307086612
21
-3.6979890157480315
0
LINE
8
BLACK
6
CONTINUOUS
10
5.6029693307086612
20
-3.6979890157480315
11
5.6004148425196849
21
-3.699695905511811
0
LINE
8
BLACK
6
CONTINUOUS
10
5.6004148425196849
20
-3.699695905511811
11
5.5974015748031496
21
-3.7002952755905509
0
LINE
8
BLACK
6
CONTINUOUS
10
5.5974015748031496
20
-3.7002952755905509
11
5.5624015748031495
21
-3.7002952755905509
0
LINE
8
BLACK
6
CONTINUOUS
10
5.5624015748031495
20
-3.7002952755905509
11
5.5593883070866141
21
-3.699695905511811
0
LINE
8
BLACK
6
CONTINUOUS
10
5.5593883070866141
20
-3.699695905511811
11
5.5568338188976378
21
-3.6979890157480315
0
LINE
8
BLACK
6
CONTINUOUS
10
5.5568338188976378
20
-3.6979890157480315
11
5.5551269291338583
21
-3.6954345275590552
0
LINE
8
BLACK
6
CONTINUOUS
10
5.5551269291338583
20
-3.6954345275590552
11
5.554527559055118
21
-3.6924212598425195
0
LINE
8
BLACK
6
CONTINUOUS
10
5.554527559055118
20
-3.6924212598425195
11
5.554527559055118
21
-3.6374212598425197
0
LINE
8
BLACK
6
CONTINUOUS
10
5.554527559055118
20
-3.6374212598425197
11
5.5551269291338583
21
-3.634407992125984
0
LINE
8
BLACK
6
CONTINUOUS
10
5.5551269291338583
20
-3.634407992125984
11
5.5568338188976378
21
-3.6318535039370077
0
LINE
8
BLACK
6
CONTINUOUS
10
5.5568338188976378
20
-3.6318535039370077
11
5.5593883070866141
21
-3.6301466141732281
0
LINE
8
BLACK
6
CONTINUOUS
10
5.5593883070866141
20
-3.6301466141732281
11
5.5624015748031495
21
-3.6295472440944883
0
LINE
8
BLACK
6
CONTINUOUS
10
5.5624015748031495
20
-3.6295472440944883
11
5.5974015748031496
21
-3.6295472440944883
0
LINE
8
BLACK
6
CONTINUOUS
10
5.5974015748031496
20
-3.6295472440944883
11
5.6004148425196849
21
-3.6301466141732281
0
LINE
8
BLACK
6
CONTINUOUS
10
5.6754148425196851
20
-3.6301466141732281
11
5.6779693307086614
21
-3.6318535039370077
0
LINE
8
BLACK
6
CONTINUOUS
10
5.6779693307086614
20
-3.6318535039370077
11
5.6796762204724409
21
-3.634407992125984
0
LINE
8
BLACK
6
CONTINUOUS
10
5.6796762204724409
20
-3.634407992125984
11
5.6802755905511813
21
-3.6374212598425197
0
LINE
8
BLACK
6
CONTINUOUS
10
5.6802755905511813
20
-3.6374212598425197
11
5.6802755905511813
21
-3.6924212598425195
0
LINE
8
BLACK
6
CONTINUOUS
10
5.6802755905511813
20
-3.6924212598425195
11
5.6796762204724409
21
-3.6954345275590552
0
LINE
8
BLACK
6
CONTINUOUS
10
5.6796762204724409
20
-3.6954345275590552
11
5.6779693307086614
21
-3.6979890157480315
0
LINE
8
BLACK
6
CONTINUOUS
10
5.6779693307086614
20
-3.6979890157480315
11
5.6754148425196851
21
-3.699695905511811
0
LINE
8
BLACK
6
CONTINUOUS
10
5.6754148425196851
20
-3.699695905511811
11
5.6724015748031498
21
-3.7002952755905509
0
LINE
8
BLACK
6
CONTINUOUS
10
5.6724015748031498
20
-3.7002952755905509
11
5.6374015748031496
21
-3.7002952755905509
0
LINE
8
BLACK
6
CONTINUOUS
10
5.6374015748031496
20
-3.7002952755905509
11
5.6343883070866143
21
-3.699695905511811
0
LINE
8
BLACK
6
CONTINUOUS
10
5.6343883070866143
20
-3.699695905511811
11
5.631833818897638
21
-3.6979890157480315
0
LINE
8
BLACK
6
CONTINUOUS
10
5.631833818897638
20
-3.6979890157480315
11
5.6301269291338585
21
-3.6954345275590552
0
LINE
8
BLACK
6
CONTINUOUS
10
5.6301269291338585
20
-3.6954345275590552
11
5.6295275590551181
21
-3.6924212598425195
0
LINE
8
BLACK
6
CONTINUOUS
10
5.6295275590551181
20
-3.6924212598425195
11
5.6295275590551181
21
-3.6374212598425197
0
LINE
8
BLACK
6
CONTINUOUS
10
5.6295275590551181
20
-3.6374212598425197
11
5.6301269291338585
21
-3.634407992125984
0
LINE
8
BLACK
6
CONTINUOUS
10
5.6301269291338585
20
-3.634407992125984
11
5.631833818897638
21
-3.6318535039370077
0
LINE
8
BLACK
6
CONTINUOUS
10
5.631833818897638
20
-3.6318535039370077
11
5.6343883070866143
21
-3.6301466141732281
0
LINE
8
BLACK
6
CONTINUOUS
10
5.6343883070866143
20
-3.6301466141732281
11
5.6374015748031496
21
-3.6295472440944883
0
LINE
8
BLACK
6
CONTINUOUS
10
5.6374015748031496
20
-3.6295472440944883
11
5.6724015748031498
21
-3.6295472440944883
0
LINE
8
BLACK
6
CONTINUOUS
10
5.6724015748031498
20
-3.6295472440944883
11
5.6754148425196851
21
-3.6301466141732281
0
LINE
8
BLACK
6
CONTINUOUS
10
5.8654148425196846
20
-3.6451466141732283
11
5.8679693307086609
21
-3.6468535039370078
0
LINE
8
BLACK
6
CONTINUOUS
10
5.8679693307086609
20
-3.6468535039370078
11
5.8696762204724404
21
-3.6494079921259841
0
LINE
8
BLACK
6
CONTINUOUS
10
5.8696762204724404
20
-3.6494079921259841
11
5.8702755905511808
21
-3.6524212598425194
0
LINE
8
BLACK
6
CONTINUOUS
10
5.8702755905511808
20
-3.6524212598425194
11
5.8702755905511808
21
-3.6874212598425196
0
LINE
8
BLACK
6
CONTINUOUS
10
5.8702755905511808
20
-3.6874212598425196
11
5.8696762204724404
21
-3.6904345275590549
0
LINE
8
BLACK
6
CONTINUOUS
10
5.8696762204724404
20
-3.6904345275590549
11
5.8679693307086609
21
-3.6929890157480316
0
LINE
8
BLACK
6
CONTINUOUS
10
5.8679693307086609
20
-3.6929890157480316
11
5.8654148425196846
21
-3.6946959055118112
0
LINE
8
BLACK
6
CONTINUOUS
10
5.8654148425196846
20
-3.6946959055118112
11
5.8624015748031493
21
-3.695295275590551
0
LINE
8
BLACK
6
CONTINUOUS
10
5.8624015748031493
20
-3.695295275590551
11
5.8074015748031496
21
-3.695295275590551
0
LINE
8
BLACK
6
CONTINUOUS
10
5.8074015748031496
20
-3.695295275590551
11
5.8043883070866142
21
-3.6946959055118112
0
LINE
8
BLACK
6
CONTINUOUS
10
5.8043883070866142
20
-3.6946959055118112
11
5.8018338188976379
21
-3.6929890157480316
0
LINE
8
BLACK
6
CONTINUOUS
10
5.8018338188976379
20
-3.6929890157480316
11
5.8001269291338584
21
-3.6904345275590549
0
LINE
8
BLACK
6
CONTINUOUS
10
5.8001269291338584
20
-3.6904345275590549
11
5.7995275590551181
21
-3.6874212598425196
0
LINE
8
BLACK
6
CONTINUOUS
10
5.7995275590551181
20
-3.6874212598425196
11
5.7995275590551181
21
-3.6524212598425194
0
LINE
8
BLACK
6
CONTINUOUS
10
5.7995275590551181
20
-3.6524212598425194
11
5.8001269291338584
21
-3.6494079921259841
0
LINE
8
BLACK
6
CONTINUOUS
10
5.8001269291338584
20
-3.6494079921259841
11
5.8018338188976379
21
-3.6468535039370078
0
LINE
8
BLACK
6
CONTINUOUS
10
5.8018338188976379
20
-3.6468535039370078
11
5.8043883070866142
21
-3.6451466141732283
0
LINE
8
BLACK
6
CONTINUOUS
10
5.8043883070866142
20
-3.6451466141732283
11
5.8074015748031496
21
-3.6445472440944879
0
LINE
8
BLACK
6
CONTINUOUS
10
5.8074015748031496
20
-3.6445472440944879
11
5.8624015748031493
21
-3.6445472440944879
0
LINE
8
BLACK
6
CONTINUOUS
10
5.8624015748031493
20
-3.6445472440944879
11
5.8654148425196846
21
-3.6451466141732283
0
LINE
8
BLACK
6
CONTINUOUS
10
5.7754148425196847
20
-3.6401466141732284
11
5.777969330708661
21
-3.6418535039370079
0
LINE
8
BLACK
6
CONTINUOUS
10
5.777969330708661
20
-3.6418535039370079
11
5.7796762204724406
21
-3.6444079921259842
0
LINE
8
BLACK
6
CONTINUOUS
10
5.7796762204724406
20
-3.6444079921259842
11
5.7802755905511809
21
-3.6474212598425195
0
LINE
8
BLACK
6
CONTINUOUS
10
5.7802755905511809
20
-3.6474212598425195
11
5.7802755905511809
21
-3.6824212598425197
0
LINE
8
BLACK
6
CONTINUOUS
10
5.7802755905511809
20
-3.6824212598425197
11
5.7796762204724406
21
-3.685434527559055
0
LINE
8
BLACK
6
CONTINUOUS
10
5.7796762204724406
20
-3.685434527559055
11
5.777969330708661
21
-3.6879890157480313
0
LINE
8
BLACK
6
CONTINUOUS
10
5.777969330708661
20
-3.6879890157480313
11
5.7754148425196847
21
-3.6896959055118108
0
LINE
8
BLACK
6
CONTINUOUS
10
5.7754148425196847
20
-3.6896959055118108
11
5.7724015748031494
21
-3.6902952755905511
0
LINE
8
BLACK
6
CONTINUOUS
10
5.7724015748031494
20
-3.6902952755905511
11
5.7174015748031497
21
-3.6902952755905511
0
LINE
8
BLACK
6
CONTINUOUS
10
5.7174015748031497
20
-3.6902952755905511
11
5.7143883070866144
21
-3.6896959055118108
0
LINE
8
BLACK
6
CONTINUOUS
10
5.7143883070866144
20
-3.6896959055118108
11
5.7118338188976381
21
-3.6879890157480313
0
LINE
8
BLACK
6
CONTINUOUS
10
5.7118338188976381
20
-3.6879890157480313
11
5.7101269291338586
21
-3.685434527559055
0
LINE
8
BLACK
6
CONTINUOUS
10
5.7101269291338586
20
-3.685434527559055
11
5.7095275590551182
21
-3.6824212598425197
0
LINE
8
BLACK
6
CONTINUOUS
10
5.7095275590551182
20
-3.6824212598425197
11
5.7095275590551182
21
-3.6474212598425195
0
LINE
8
BLACK
6
CONTINUOUS
10
5.7095275590551182
20
-3.6474212598425195
11
5.7101269291338586
21
-3.6444079921259842
0
LINE
8
BLACK
6
CONTINUOUS
10
5.7101269291338586
20
-3.6444079921259842
11
5.7118338188976381
21
-3.6418535039370079
0
LINE
8
BLACK
6
CONTINUOUS
10
5.7118338188976381
20
-3.6418535039370079
11
5.7143883070866144
21
-3.6401466141732284
0
LINE
8
BLACK
6
CONTINUOUS
10
5.7143883070866144
20
-3.6401466141732284
11
5.7174015748031497
21
-3.639547244094488
0
LINE
8
BLACK
6
CONTINUOUS
10
5.7174015748031497
20
-3.639547244094488
11
5.7724015748031494
21
-3.639547244094488
0
LINE
8
BLACK
6
CONTINUOUS
10
5.7724015748031494
20
-3.639547244094488
11
5.7754148425196847
21
-3.6401466141732284
0
LINE
8
BLACK
6
CONTINUOUS
10
6.648568937007874
20
-3.5832401968503937
11
6.6565009055118107
21
-3.585817440944882
0
LINE
8
BLACK
6
CONTINUOUS
10
6.6565009055118107
20
-3.585817440944882
11
6.6639320078740152
21
-3.5896037795275588
0
LINE
8
BLACK
6
CONTINUOUS
10
6.6639320078740152
20
-3.5896037795275588
11
6.6706793307086611
21
-3.5945059842519682
0
LINE
8
BLACK
6
CONTINUOUS
10
6.6706793307086611
20
-3.5945059842519682
11
6.6765766929133861
21
-3.6004033464566927
0
LINE
8
BLACK
6
CONTINUOUS
10
6.6765766929133861
20
-3.6004033464566927
11
6.6814788976377955
21
-3.6071506692913387
0
LINE
8
BLACK
6
CONTINUOUS
10
6.6814788976377955
20
-3.6071506692913387
11
6.6852652362204719
21
-3.6145817716535431
0
LINE
8
BLACK
6
CONTINUOUS
10
6.6852652362204719
20
-3.6145817716535431
11
6.6878424803149601
21
-3.6225137401574803
0
LINE
8
BLACK
6
CONTINUOUS
10
6.6878424803149601
20
-3.6225137401574803
11
6.6891471653543304
21
-3.6307511811023621
0
LINE
8
BLACK
6
CONTINUOUS
10
6.6891471653543304
20
-3.6307511811023621
11
6.6891471653543304
21
-3.6390913385826771
0
LINE
8
BLACK
6
CONTINUOUS
10
6.6891471653543304
20
-3.6390913385826771
11
6.6878424803149601
21
-3.6473287795275589
0
LINE
8
BLACK
6
CONTINUOUS
10
6.6878424803149601
20
-3.6473287795275589
11
6.6852652362204719
21
-3.655260748031496
0
LINE
8
BLACK
6
CONTINUOUS
10
6.6852652362204719
20
-3.655260748031496
11
6.6814788976377955
21
-3.6626918503937005
0
LINE
8
BLACK
6
CONTINUOUS
10
6.6814788976377955
20
-3.6626918503937005
11
6.6765766929133861
21
-3.6694391732283465
0
LINE
8
BLACK
6
CONTINUOUS
10
6.6765766929133861
20
-3.6694391732283465
11
6.6706793307086611
21
-3.6753365354330709
0
LINE
8
BLACK
6
CONTINUOUS
10
6.6706793307086611
20
-3.6753365354330709
11
6.6639320078740152
21
-3.6802387401574803
0
LINE
8
BLACK
6
CONTINUOUS
10
6.6639320078740152
20
-3.6802387401574803
11
6.6565009055118107
21
-3.6840250787401576
0
LINE
8
BLACK
6
CONTINUOUS
10
6.6565009055118107
20
-3.6840250787401576
11
6.648568937007874
21
-3.6866023228346454
0
LINE
8
BLACK
6
CONTINUOUS
10
6.648568937007874
20
-3.6866023228346454
11
6.6403314960629922
21
-3.6879070078740157
0
LINE
8
BLACK
6
CONTINUOUS
10
6.6403314960629922
20
-3.6879070078740157
11
6.6319913385826768
21
-3.6879070078740157
0
LINE
8
BLACK
6
CONTINUOUS
10
6.6319913385826768
20
-3.6879070078740157
11
6.623753897637795
21
-3.6866023228346454
0
LINE
8
BLACK
6
CONTINUOUS
10
6.623753897637795
20
-3.6866023228346454
11
6.6158219291338582
21
-3.6840250787401576
0
LINE
8
BLACK
6
CONTINUOUS
10
6.6158219291338582
20
-3.6840250787401576
11
6.6083908267716538
21
-3.6802387401574803
0
LINE
8
BLACK
6
CONTINUOUS
10
6.6083908267716538
20
-3.6802387401574803
11
6.6016435039370078
21
-3.6753365354330709
0
LINE
8
BLACK
6
CONTINUOUS
10
6.6016435039370078
20
-3.6753365354330709
11
6.5957461417322829
21
-3.6694391732283465
0
LINE
8
BLACK
6
CONTINUOUS
10
6.5957461417322829
20
-3.6694391732283465
11
6.5908439370078735
21
-3.6626918503937005
0
LINE
8
BLACK
6
CONTINUOUS
10
6.5908439370078735
20
-3.6626918503937005
11
6.5870575984251971
21
-3.655260748031496
0
LINE
8
BLACK
6
CONTINUOUS
10
6.5870575984251971
20
-3.655260748031496
11
6.5844803543307089
21
-3.6473287795275589
0
LINE
8
BLACK
6
CONTINUOUS
10
6.5844803543307089
20
-3.6473287795275589
11
6.5831756692913386
21
-3.6390913385826771
0
LINE
8
BLACK
6
CONTINUOUS
10
6.5831756692913386
20
-3.6390913385826771
11
6.5831756692913386
21
-3.6307511811023621
0
LINE
8
BLACK
6
CONTINUOUS
10
6.5831756692913386
20
-3.6307511811023621
11
6.5844803543307089
21
-3.6225137401574803
0
LINE
8
BLACK
6
CONTINUOUS
10
6.5844803543307089
20
-3.6225137401574803
11
6.5870575984251971
21
-3.6145817716535431
0
LINE
8
BLACK
6
CONTINUOUS
10
6.5870575984251971
20
-3.6145817716535431
11
6.5908439370078735
21
-3.6071506692913387
0
LINE
8
BLACK
6
CONTINUOUS
10
6.5908439370078735
20
-3.6071506692913387
11
6.5957461417322829
21
-3.6004033464566927
0
LINE
8
BLACK
6
CONTINUOUS
10
6.5957461417322829
20
-3.6004033464566927
11
6.6016435039370078
21
-3.5945059842519682
0
LINE
8
BLACK
6
CONTINUOUS
10
6.6016435039370078
20
-3.5945059842519682
11
6.6083908267716538
21
-3.5896037795275588
0
LINE
8
BLACK
6
CONTINUOUS
10
6.6083908267716538
20
-3.5896037795275588
11
6.6158219291338582
21
-3.585817440944882
0
LINE
8
BLACK
6
CONTINUOUS
10
6.6158219291338582
20
-3.585817440944882
11
6.623753897637795
21
-3.5832401968503937
0
LINE
8
BLACK
6
CONTINUOUS
10
6.623753897637795
20
-3.5832401968503937
11
6.6319913385826768
21
-3.5819355118110234
0
LINE
8
BLACK
6
CONTINUOUS
10
6.6319913385826768
20
-3.5819355118110234
11
6.6403314960629922
21
-3.5819355118110234
0
LINE
8
BLACK
6
CONTINUOUS
10
6.6403314960629922
20
-3.5819355118110234
11
6.648568937007874
21
-3.5832401968503937
0
LINE
8
BLACK
6
CONTINUOUS
10
5.2679148818897641
20
-3.6351465748031497
11
5.2704693700787404
21
-3.6368534645669293
0
LINE
8
BLACK
6
CONTINUOUS
10
5.2704693700787404
20
-3.6368534645669293
11
5.2721762598425199
21
-3.6394079527559056
0
LINE
8
BLACK
6
CONTINUOUS
10
5.2721762598425199
20
-3.6394079527559056
11
5.2727756299212594
21
-3.6424212204724409
0
LINE
8
BLACK
6
CONTINUOUS
10
5.2727756299212594
20
-3.6424212204724409
11
5.2727756299212594
21
-3.677421220472441
0
LINE
8
BLACK
6
CONTINUOUS
10
5.2727756299212594
20
-3.677421220472441
11
5.2721762598425199
21
-3.6804344881889763
0
LINE
8
BLACK
6
CONTINUOUS
10
5.2721762598425199
20
-3.6804344881889763
11
5.2704693700787404
21
-3.6829889763779526
0
LINE
8
BLACK
6
CONTINUOUS
10
5.2704693700787404
20
-3.6829889763779526
11
5.2679148818897641
21
-3.6846958661417322
0
LINE
8
BLACK
6
CONTINUOUS
10
5.2679148818897641
20
-3.6846958661417322
11
5.2649016141732279
21
-3.6852952362204725
0
LINE
8
BLACK
6
CONTINUOUS
10
5.2649016141732279
20
-3.6852952362204725
11
5.2099016141732282
21
-3.6852952362204725
0
LINE
8
BLACK
6
CONTINUOUS
10
5.2099016141732282
20
-3.6852952362204725
11
5.2068883464566929
21
-3.6846958661417322
0
LINE
8
BLACK
6
CONTINUOUS
10
5.2068883464566929
20
-3.6846958661417322
11
5.2043338582677166
21
-3.6829889763779526
0
LINE
8
BLACK
6
CONTINUOUS
10
5.2043338582677166
20
-3.6829889763779526
11
5.202626968503937
21
-3.6804344881889763
0
LINE
8
BLACK
6
CONTINUOUS
10
5.202626968503937
20
-3.6804344881889763
11
5.2020275984251967
21
-3.677421220472441
0
LINE
8
BLACK
6
CONTINUOUS
10
5.2020275984251967
20
-3.677421220472441
11
5.2020275984251967
21
-3.6424212204724409
0
LINE
8
BLACK
6
CONTINUOUS
10
5.2020275984251967
20
-3.6424212204724409
11
5.202626968503937
21
-3.6394079527559056
0
LINE
8
BLACK
6
CONTINUOUS
10
5.202626968503937
20
-3.6394079527559056
11
5.2043338582677166
21
-3.6368534645669293
0
LINE
8
BLACK
6
CONTINUOUS
10
5.2043338582677166
20
-3.6368534645669293
11
5.2068883464566929
21
-3.6351465748031497
0
LINE
8
BLACK
6
CONTINUOUS
10
5.2068883464566929
20
-3.6351465748031497
11
5.2099016141732282
21
-3.6345472047244094
0
LINE
8
BLACK
6
CONTINUOUS
10
5.2099016141732282
20
-3.6345472047244094
11
5.2649016141732279
21
-3.6345472047244094
0
LINE
8
BLACK
6
CONTINUOUS
10
5.2649016141732279
20
-3.6345472047244094
11
5.2679148818897641
21
-3.6351465748031497
0
LINE
8
BLACK
6
CONTINUOUS
10
6.5761825590551179
20
-3.5981190551181101
11
6.5787370472440942
21
-3.5998259448818897
0
LINE
8
BLACK
6
CONTINUOUS
10
6.5787370472440942
20
-3.5998259448818897
11
6.5804439370078738
21
-3.602380433070866
0
LINE
8
BLACK
6
CONTINUOUS
10
6.5804439370078738
20
-3.602380433070866
11
6.5810433070866141
21
-3.6053937007874013
0
LINE
8
BLACK
6
CONTINUOUS
10
6.5810433070866141
20
-3.6053937007874013
11
6.5810433070866141
21
-3.6644488188976378
0
LINE
8
BLACK
6
CONTINUOUS
10
6.5810433070866141
20
-3.6644488188976378
11
6.5804439370078738
21
-3.6674620866141732
0
LINE
8
BLACK
6
CONTINUOUS
10
6.5804439370078738
20
-3.6674620866141732
11
6.5787370472440942
21
-3.6700165748031495
0
LINE
8
BLACK
6
CONTINUOUS
10
6.5787370472440942
20
-3.6700165748031495
11
6.5761825590551179
21
-3.671723464566929
0
LINE
8
BLACK
6
CONTINUOUS
10
6.5761825590551179
20
-3.671723464566929
11
6.5731692913385826
21
-3.6723228346456693
0
LINE
8
BLACK
6
CONTINUOUS
10
6.5731692913385826
20
-3.6723228346456693
11
6.5357677165354326
21
-3.6723228346456693
0
LINE
8
BLACK
6
CONTINUOUS
10
6.5357677165354326
20
-3.6723228346456693
11
6.5327544488188973
21
-3.671723464566929
0
LINE
8
BLACK
6
CONTINUOUS
10
6.5327544488188973
20
-3.671723464566929
11
6.530199960629921
21
-3.6700165748031495
0
LINE
8
BLACK
6
CONTINUOUS
10
6.530199960629921
20
-3.6700165748031495
11
6.5284930708661415
21
-3.6674620866141732
0
LINE
8
BLACK
6
CONTINUOUS
10
6.5284930708661415
20
-3.6674620866141732
11
6.5278937007874012
21
-3.6644488188976378
0
LINE
8
BLACK
6
CONTINUOUS
10
6.5278937007874012
20
-3.6644488188976378
11
6.5278937007874012
21
-3.6053937007874013
0
LINE
8
BLACK
6
CONTINUOUS
10
6.5278937007874012
20
-3.6053937007874013
11
6.5284930708661415
21
-3.602380433070866
0
LINE
8
BLACK
6
CONTINUOUS
10
6.5284930708661415
20
-3.602380433070866
11
6.530199960629921
21
-3.5998259448818897
0
LINE
8
BLACK
6
CONTINUOUS
10
6.530199960629921
20
-3.5998259448818897
11
6.5327544488188973
21
-3.5981190551181101
0
LINE
8
BLACK
6
CONTINUOUS
10
6.5327544488188973
20
-3.5981190551181101
11
6.5357677165354326
21
-3.5975196850393698
0
LINE
8
BLACK
6
CONTINUOUS
10
6.5357677165354326
20
-3.5975196850393698
11
6.5731692913385826
21
-3.5975196850393698
0
LINE
8
BLACK
6
CONTINUOUS
10
6.5731692913385826
20
-3.5975196850393698
11
6.5761825590551179
21
-3.5981190551181101
0
LINE
8
BLACK
6
CONTINUOUS
10
6.7395683858267716
20
-3.5981190551181101
11
6.7421228740157479
21
-3.5998259448818897
0
LINE
8
BLACK
6
CONTINUOUS
10
6.7421228740157479
20
-3.5998259448818897
11
6.7438297637795275
21
-3.602380433070866
0
LINE
8
BLACK
6
CONTINUOUS
10
6.7438297637795275
20
-3.602380433070866
11
6.7444291338582678
21
-3.6053937007874013
0
LINE
8
BLACK
6
CONTINUOUS
10
6.7444291338582678
20
-3.6053937007874013
11
6.7444291338582678
21
-3.6644488188976378
0
LINE
8
BLACK
6
CONTINUOUS
10
6.7444291338582678
20
-3.6644488188976378
11
6.7438297637795275
21
-3.6674620866141732
0
LINE
8
BLACK
6
CONTINUOUS
10
6.7438297637795275
20
-3.6674620866141732
11
6.7421228740157479
21
-3.6700165748031495
0
LINE
8
BLACK
6
CONTINUOUS
10
6.7421228740157479
20
-3.6700165748031495
11
6.7395683858267716
21
-3.671723464566929
0
LINE
8
BLACK
6
CONTINUOUS
10
6.7395683858267716
20
-3.671723464566929
11
6.7365551181102363
21
-3.6723228346456693
0
LINE
8
BLACK
6
CONTINUOUS
10
6.7365551181102363
20
-3.6723228346456693
11
6.6991535433070863
21
-3.6723228346456693
0
LINE
8
BLACK
6
CONTINUOUS
10
6.6991535433070863
20
-3.6723228346456693
11
6.696140275590551
21
-3.671723464566929
0
LINE
8
BLACK
6
CONTINUOUS
10
6.696140275590551
20
-3.671723464566929
11
6.6935857874015747
21
-3.6700165748031495
0
LINE
8
BLACK
6
CONTINUOUS
10
6.6935857874015747
20
-3.6700165748031495
11
6.6918788976377952
21
-3.6674620866141732
0
LINE
8
BLACK
6
CONTINUOUS
10
6.6918788976377952
20
-3.6674620866141732
11
6.6912795275590549
21
-3.6644488188976378
0
LINE
8
BLACK
6
CONTINUOUS
10
6.6912795275590549
20
-3.6644488188976378
11
6.6912795275590549
21
-3.6053937007874013
0
LINE
8
BLACK
6
CONTINUOUS
10
6.6912795275590549
20
-3.6053937007874013
11
6.6918788976377952
21
-3.602380433070866
0
LINE
8
BLACK
6
CONTINUOUS
10
6.6918788976377952
20
-3.602380433070866
11
6.6935857874015747
21
-3.5998259448818897
0
LINE
8
BLACK
6
CONTINUOUS
10
6.6935857874015747
20
-3.5998259448818897
11
6.696140275590551
21
-3.5981190551181101
0
LINE
8
BLACK
6
CONTINUOUS
10
6.696140275590551
20
-3.5981190551181101
11
6.6991535433070863
21
-3.5975196850393698
0
LINE
8
BLACK
6
CONTINUOUS
10
6.6991535433070863
20
-3.5975196850393698
11
6.7365551181102363
21
-3.5975196850393698
0
LINE
8
BLACK
6
CONTINUOUS
10
6.7365551181102363
20
-3.5975196850393698
11
6.7395683858267716
21
-3.5981190551181101
0
LINE
8
BLACK
6
CONTINUOUS
10
6.4404148425196848
20
-3.6001466141732283
11
6.4429693307086611
21
-3.6018535039370079
0
LINE
8
BLACK
6
CONTINUOUS
10
6.4429693307086611
20
-3.6018535039370079
11
6.4446762204724406
21
-3.6044079921259842
0
LINE
8
BLACK
6
CONTINUOUS
10
6.4446762204724406
20
-3.6044079921259842
11
6.4452755905511809
21
-3.6074212598425195
0
LINE
8
BLACK
6
CONTINUOUS
10
6.4452755905511809
20
-3.6074212598425195
11
6.4452755905511809
21
-3.6624212598425196
0
LINE
8
BLACK
6
CONTINUOUS
10
6.4452755905511809
20
-3.6624212598425196
11
6.4446762204724406
21
-3.665434527559055
0
LINE
8
BLACK
6
CONTINUOUS
10
6.4446762204724406
20
-3.665434527559055
11
6.4429693307086611
21
-3.6679890157480313
0
LINE
8
BLACK
6
CONTINUOUS
10
6.4429693307086611
20
-3.6679890157480313
11
6.4404148425196848
21
-3.6696959055118108
0
LINE
8
BLACK
6
CONTINUOUS
10
6.4404148425196848
20
-3.6696959055118108
11
6.4374015748031495
21
-3.6702952755905511
0
LINE
8
BLACK
6
CONTINUOUS
10
6.4374015748031495
20
-3.6702952755905511
11
6.4024015748031493
21
-3.6702952755905511
0
LINE
8
BLACK
6
CONTINUOUS
10
6.4024015748031493
20
-3.6702952755905511
11
6.399388307086614
21
-3.6696959055118108
0
LINE
8
BLACK
6
CONTINUOUS
10
6.399388307086614
20
-3.6696959055118108
11
6.3968338188976377
21
-3.6679890157480313
0
LINE
8
BLACK
6
CONTINUOUS
10
6.3968338188976377
20
-3.6679890157480313
11
6.3951269291338582
21
-3.665434527559055
0
LINE
8
BLACK
6
CONTINUOUS
10
6.3951269291338582
20
-3.665434527559055
11
6.3945275590551178
21
-3.6624212598425196
0
LINE
8
BLACK
6
CONTINUOUS
10
6.3945275590551178
20
-3.6624212598425196
11
6.3945275590551178
21
-3.6074212598425195
0
LINE
8
BLACK
6
CONTINUOUS
10
6.3945275590551178
20
-3.6074212598425195
11
6.3951269291338582
21
-3.6044079921259842
0
LINE
8
BLACK
6
CONTINUOUS
10
6.3951269291338582
20
-3.6044079921259842
11
6.3968338188976377
21
-3.6018535039370079
0
LINE
8
BLACK
6
CONTINUOUS
10
6.3968338188976377
20
-3.6018535039370079
11
6.399388307086614
21
-3.6001466141732283
0
LINE
8
BLACK
6
CONTINUOUS
10
6.399388307086614
20
-3.6001466141732283
11
6.4024015748031493
21
-3.599547244094488
0
LINE
8
BLACK
6
CONTINUOUS
10
6.4024015748031493
20
-3.599547244094488
11
6.4374015748031495
21
-3.599547244094488
0
LINE
8
BLACK
6
CONTINUOUS
10
6.4374015748031495
20
-3.599547244094488
11
6.4404148425196848
21
-3.6001466141732283
0
LINE
8
BLACK
6
CONTINUOUS
10
6.5154148425196849
20
-3.6001466141732283
11
6.5179693307086612
21
-3.6018535039370079
0
LINE
8
BLACK
6
CONTINUOUS
10
6.5179693307086612
20
-3.6018535039370079
11
6.5196762204724408
21
-3.6044079921259842
0
LINE
8
BLACK
6
CONTINUOUS
10
6.5196762204724408
20
-3.6044079921259842
11
6.5202755905511811
21
-3.6074212598425195
0
LINE
8
BLACK
6
CONTINUOUS
10
6.5202755905511811
20
-3.6074212598425195
11
6.5202755905511811
21
-3.6624212598425196
0
LINE
8
BLACK
6
CONTINUOUS
10
6.5202755905511811
20
-3.6624212598425196
11
6.5196762204724408
21
-3.665434527559055
0
LINE
8
BLACK
6
CONTINUOUS
10
6.5196762204724408
20
-3.665434527559055
11
6.5179693307086612
21
-3.6679890157480313
0
LINE
8
BLACK
6
CONTINUOUS
10
6.5179693307086612
20
-3.6679890157480313
11
6.5154148425196849
21
-3.6696959055118108
0
LINE
8
BLACK
6
CONTINUOUS
10
6.5154148425196849
20
-3.6696959055118108
11
6.5124015748031496
21
-3.6702952755905511
0
LINE
8
BLACK
6
CONTINUOUS
10
6.5124015748031496
20
-3.6702952755905511
11
6.4774015748031495
21
-3.6702952755905511
0
LINE
8
BLACK
6
CONTINUOUS
10
6.4774015748031495
20
-3.6702952755905511
11
6.4743883070866142
21
-3.6696959055118108
0
LINE
8
BLACK
6
CONTINUOUS
10
6.4743883070866142
20
-3.6696959055118108
11
6.4718338188976379
21
-3.6679890157480313
0
LINE
8
BLACK
6
CONTINUOUS
10
6.4718338188976379
20
-3.6679890157480313
11
6.4701269291338583
21
-3.665434527559055
0
LINE
8
BLACK
6
CONTINUOUS
10
6.4701269291338583
20
-3.665434527559055
11
6.469527559055118
21
-3.6624212598425196
0
LINE
8
BLACK
6
CONTINUOUS
10
6.469527559055118
20
-3.6624212598425196
11
6.469527559055118
21
-3.6074212598425195
0
LINE
8
BLACK
6
CONTINUOUS
10
6.469527559055118
20
-3.6074212598425195
11
6.4701269291338583
21
-3.6044079921259842
0
LINE
8
BLACK
6
CONTINUOUS
10
6.4701269291338583
20
-3.6044079921259842
11
6.4718338188976379
21
-3.6018535039370079
0
LINE
8
BLACK
6
CONTINUOUS
10
6.4718338188976379
20
-3.6018535039370079
11
6.4743883070866142
21
-3.6001466141732283
0
LINE
8
BLACK
6
CONTINUOUS
10
6.4743883070866142
20
-3.6001466141732283
11
6.4774015748031495
21
-3.599547244094488
0
LINE
8
BLACK
6
CONTINUOUS
10
6.4774015748031495
20
-3.599547244094488
11
6.5124015748031496
21
-3.599547244094488
0
LINE
8
BLACK
6
CONTINUOUS
10
6.5124015748031496
20
-3.599547244094488
11
6.5154148425196849
21
-3.6001466141732283
0
LINE
8
BLACK
6
CONTINUOUS
10
5.1029355118110233
20
-3.2664366535433071
11
5.1084234645669291
21
-3.2675282677165352
0
LINE
8
BLACK
6
CONTINUOUS
10
5.1084234645669291
20
-3.2675282677165352
11
5.1135930314960625
21
-3.2696695669291338
0
LINE
8
BLACK
6
CONTINUOUS
10
5.1135930314960625
20
-3.2696695669291338
11
5.118245472440945
21
-3.2727782283464566
0
LINE
8
BLACK
6
CONTINUOUS
10
5.118245472440945
20
-3.2727782283464566
11
5.1222020866141733
21
-3.2767348425196849
0
LINE
8
BLACK
6
CONTINUOUS
10
5.1222020866141733
20
-3.2767348425196849
11
5.1253107480314961
21
-3.281387283464567
0
LINE
8
BLACK
6
CONTINUOUS
10
5.1253107480314961
20
-3.281387283464567
11
5.1274520472440948
21
-3.2865568503937008
0
LINE
8
BLACK
6
CONTINUOUS
10
5.1274520472440948
20
-3.2865568503937008
11
5.1285436614173223
21
-3.2920448031496061
0
LINE
8
BLACK
6
CONTINUOUS
10
5.1285436614173223
20
-3.2920448031496061
11
5.1285436614173223
21
-3.2976402362204724
0
LINE
8
BLACK
6
CONTINUOUS
10
5.1285436614173223
20
-3.2976402362204724
11
5.1274520472440948
21
-3.3031281889763777
0
LINE
8
BLACK
6
CONTINUOUS
10
5.1274520472440948
20
-3.3031281889763777
11
5.1253107480314961
21
-3.3082977559055116
0
LINE
8
BLACK
6
CONTINUOUS
10
5.1253107480314961
20
-3.3082977559055116
11
5.1222020866141733
21
-3.3129501968503936
0
LINE
8
BLACK
6
CONTINUOUS
10
5.1222020866141733
20
-3.3129501968503936
11
5.118245472440945
21
-3.3169068110236219
0
LINE
8
BLACK
6
CONTINUOUS
10
5.118245472440945
20
-3.3169068110236219
11
5.1147357086614171
21
-3.319251968503937
0
LINE
8
BLACK
6
CONTINUOUS
10
5.1147357086614171
20
-3.319251968503937
11
5.1247440944881886
21
-3.319251968503937
0
LINE
8
BLACK
6
CONTINUOUS
10
5.1247440944881886
20
-3.319251968503937
11
5.1277573622047239
21
-3.3198513385826769
0
LINE
8
BLACK
6
CONTINUOUS
10
5.1277573622047239
20
-3.3198513385826769
11
5.1303118503937011
21
-3.3215582283464564
0
LINE
8
BLACK
6
CONTINUOUS
10
5.1303118503937011
20
-3.3215582283464564
11
5.1320187401574806
21
-3.3241127165354332
0
LINE
8
BLACK
6
CONTINUOUS
10
5.1320187401574806
20
-3.3241127165354332
11
5.1326181102362201
21
-3.3271259842519685
0
LINE
8
BLACK
6
CONTINUOUS
10
5.1326181102362201
20
-3.3271259842519685
11
5.1326181102362201
21
-3.3507480314960629
0
LINE
8
BLACK
6
CONTINUOUS
10
5.1326181102362201
20
-3.3507480314960629
11
5.1320187401574806
21
-3.3537612992125982
0
LINE
8
BLACK
6
CONTINUOUS
10
5.1320187401574806
20
-3.3537612992125982
11
5.1314014960629919
21
-3.3546850393700787
0
LINE
8
BLACK
6
CONTINUOUS
10
5.1314014960629919
20
-3.3546850393700787
11
5.1320187401574806
21
-3.3556087795275591
0
LINE
8
BLACK
6
CONTINUOUS
10
5.1320187401574806
20
-3.3556087795275591
11
5.1326181102362201
21
-3.3586220472440944
0
LINE
8
BLACK
6
CONTINUOUS
10
5.1326181102362201
20
-3.3586220472440944
11
5.1326181102362201
21
-3.3822440944881889
0
LINE
8
BLACK
6
CONTINUOUS
10
5.1326181102362201
20
-3.3822440944881889
11
5.1320187401574806
21
-3.3852573622047242
0
LINE
8
BLACK
6
CONTINUOUS
10
5.1320187401574806
20
-3.3852573622047242
11
5.1314014960629919
21
-3.3861811023622046
0
LINE
8
BLACK
6
CONTINUOUS
10
5.1314014960629919
20
-3.3861811023622046
11
5.1320187401574806
21
-3.387104842519685
0
LINE
8
BLACK
6
CONTINUOUS
10
5.1320187401574806
20
-3.387104842519685
11
5.1326181102362201
21
-3.3901181102362203
0
LINE
8
BLACK
6
CONTINUOUS
10
5.1326181102362201
20
-3.3901181102362203
11
5.1326181102362201
21
-3.4019291338582676
0
LINE
8
BLACK
6
CONTINUOUS
10
5.1326181102362201
20
-3.4019291338582676
11
5.1320187401574806
21
-3.4049424015748029
0
LINE
8
BLACK
6
CONTINUOUS
10
5.1320187401574806
20
-3.4049424015748029
11
5.1314014960629919
21
-3.4058661417322833
0
LINE
8
BLACK
6
CONTINUOUS
10
5.1314014960629919
20
-3.4058661417322833
11
5.1320187401574806
21
-3.4067898818897637
0
LINE
8
BLACK
6
CONTINUOUS
10
5.1320187401574806
20
-3.4067898818897637
11
5.1326181102362201
21
-3.409803149606299
0
LINE
8
BLACK
6
CONTINUOUS
10
5.1326181102362201
20
-3.409803149606299
11
5.1326181102362201
21
-3.4216141732283463
0
LINE
8
BLACK
6
CONTINUOUS
10
5.1326181102362201
20
-3.4216141732283463
11
5.1320187401574806
21
-3.424627440944882
0
LINE
8
BLACK
6
CONTINUOUS
10
5.1320187401574806
20
-3.424627440944882
11
5.1314014960629919
21
-3.425551181102362
0
LINE
8
BLACK
6
CONTINUOUS
10
5.1314014960629919
20
-3.425551181102362
11
5.1320187401574806
21
-3.4264749212598424
0
LINE
8
BLACK
6
CONTINUOUS
10
5.1320187401574806
20
-3.4264749212598424
11
5.1326181102362201
21
-3.4294881889763777
0
LINE
8
BLACK
6
CONTINUOUS
10
5.1326181102362201
20
-3.4294881889763777
11
5.1326181102362201
21
-3.441299212598425
0
LINE
8
BLACK
6
CONTINUOUS
10
5.1326181102362201
20
-3.441299212598425
11
5.1320187401574806
21
-3.4443124803149607
0
LINE
8
BLACK
6
CONTINUOUS
10
5.1320187401574806
20
-3.4443124803149607
11
5.1314014960629919
21
-3.4452362204724407
0
LINE
8
BLACK
6
CONTINUOUS
10
5.1314014960629919
20
-3.4452362204724407
11
5.1320187401574806
21
-3.4461599606299211
0
LINE
8
BLACK
6
CONTINUOUS
10
5.1320187401574806
20
-3.4461599606299211
11
5.1326181102362201
21
-3.4491732283464565
0
LINE
8
BLACK
6
CONTINUOUS
10
5.1326181102362201
20
-3.4491732283464565
11
5.1326181102362201
21
-3.4609842519685037
0
LINE
8
BLACK
6
CONTINUOUS
10
5.1326181102362201
20
-3.4609842519685037
11
5.1320187401574806
21
-3.4639975196850394
0
LINE
8
BLACK
6
CONTINUOUS
10
5.1320187401574806
20
-3.4639975196850394
11
5.1314014960629919
21
-3.4649212598425194
0
LINE
8
BLACK
6
CONTINUOUS
10
5.1314014960629919
20
-3.4649212598425194
11
5.1320187401574806
21
-3.4658449999999998
0
LINE
8
BLACK
6
CONTINUOUS
10
5.1320187401574806
20
-3.4658449999999998
11
5.1326181102362201
21
-3.4688582677165352
0
LINE
8
BLACK
6
CONTINUOUS
10
5.1326181102362201
20
-3.4688582677165352
11
5.1326181102362201
21
-3.4806692913385824
0
LINE
8
BLACK
6
CONTINUOUS
10
5.1326181102362201
20
-3.4806692913385824
11
5.1320187401574806
21
-3.4836825590551181
0
LINE
8
BLACK
6
CONTINUOUS
10
5.1320187401574806
20
-3.4836825590551181
11
5.1314014960629919
21
-3.4846062992125981
0
LINE
8
BLACK
6
CONTINUOUS
10
5.1314014960629919
20
-3.4846062992125981
11
5.1320187401574806
21
-3.4855300393700785
0
LINE
8
BLACK
6
CONTINUOUS
10
5.1320187401574806
20
-3.4855300393700785
11
5.1326181102362201
21
-3.4885433070866143
0
LINE
8
BLACK
6
CONTINUOUS
10
5.1326181102362201
20
-3.4885433070866143
11
5.1326181102362201
21
-3.5003543307086615
0
LINE
8
BLACK
6
CONTINUOUS
10
5.1326181102362201
20
-3.5003543307086615
11
5.1320187401574806
21
-3.5033675984251968
0
LINE
8
BLACK
6
CONTINUOUS
10
5.1320187401574806
20
-3.5033675984251968
11
5.1314014960629919
21
-3.5042913385826773
0
LINE
8
BLACK
6
CONTINUOUS
10
5.1314014960629919
20
-3.5042913385826773
11
5.1320187401574806
21
-3.5052150787401573
0
LINE
8
BLACK
6
CONTINUOUS
10
5.1320187401574806
20
-3.5052150787401573
11
5.1326181102362201
21
-3.508228346456693
0
LINE
8
BLACK
6
CONTINUOUS
10
5.1326181102362201
20
-3.508228346456693
11
5.1326181102362201
21
-3.5200393700787402
0
LINE
8
BLACK
6
CONTINUOUS
10
5.1326181102362201
20
-3.5200393700787402
11
5.1320187401574806
21
-3.5230526377952756
0
LINE
8
BLACK
6
CONTINUOUS
10
5.1320187401574806
20
-3.5230526377952756
11
5.1314014960629919
21
-3.523976377952756
0
LINE
8
BLACK
6
CONTINUOUS
10
5.1314014960629919
20
-3.523976377952756
11
5.1320187401574806
21
-3.524900118110236
0
LINE
8
BLACK
6
CONTINUOUS
10
5.1320187401574806
20
-3.524900118110236
11
5.1326181102362201
21
-3.5279133858267717
0
LINE
8
BLACK
6
CONTINUOUS
10
5.1326181102362201
20
-3.5279133858267717
11
5.1326181102362201
21
-3.5397244094488189
0
LINE
8
BLACK
6
CONTINUOUS
10
5.1326181102362201
20
-3.5397244094488189
11
5.1320187401574806
21
-3.5427376771653543
0
LINE
8
BLACK
6
CONTINUOUS
10
5.1320187401574806
20
-3.5427376771653543
11
5.1314014960629919
21
-3.5436614173228347
0
LINE
8
BLACK
6
CONTINUOUS
10
5.1314014960629919
20
-3.5436614173228347
11
5.1320187401574806
21
-3.5445851574803147
0
LINE
8
BLACK
6
CONTINUOUS
10
5.1320187401574806
20
-3.5445851574803147
11
5.1326181102362201
21
-3.5475984251968504
0
LINE
8
BLACK
6
CONTINUOUS
10
5.1326181102362201
20
-3.5475984251968504
11
5.1326181102362201
21
-3.5712204724409449
0
LINE
8
BLACK
6
CONTINUOUS
10
5.1326181102362201
20
-3.5712204724409449
11
5.1320187401574806
21
-3.5742337401574802
0
LINE
8
BLACK
6
CONTINUOUS
10
5.1320187401574806
20
-3.5742337401574802
11
5.1314014960629919
21
-3.5751574803149606
0
LINE
8
BLACK
6
CONTINUOUS
10
5.1314014960629919
20
-3.5751574803149606
11
5.1320187401574806
21
-3.576081220472441
0
LINE
8
BLACK
6
CONTINUOUS
10
5.1320187401574806
20
-3.576081220472441
11
5.1326181102362201
21
-3.5790944881889764
0
LINE
8
BLACK
6
CONTINUOUS
10
5.1326181102362201
20
-3.5790944881889764
11
5.1326181102362201
21
-3.6027165354330708
0
LINE
8
BLACK
6
CONTINUOUS
10
5.1326181102362201
20
-3.6027165354330708
11
5.1320187401574806
21
-3.6057298031496061
0
LINE
8
BLACK
6
CONTINUOUS
10
5.1320187401574806
20
-3.6057298031496061
11
5.1303118503937011
21
-3.6082842913385824
0
LINE
8
BLACK
6
CONTINUOUS
10
5.1303118503937011
20
-3.6082842913385824
11
5.1277573622047239
21
-3.6099911811023619
0
LINE
8
BLACK
6
CONTINUOUS
10
5.1277573622047239
20
-3.6099911811023619
11
5.1247440944881886
21
-3.6105905511811023
0
LINE
8
BLACK
6
CONTINUOUS
10
5.1247440944881886
20
-3.6105905511811023
11
5.1147357086614171
21
-3.6105905511811023
0
LINE
8
BLACK
6
CONTINUOUS
10
5.1147357086614171
20
-3.6105905511811023
11
5.118245472440945
21
-3.6129357086614173
0
LINE
8
BLACK
6
CONTINUOUS
10
5.118245472440945
20
-3.6129357086614173
11
5.1222020866141733
21
-3.6168923228346457
0
LINE
8
BLACK
6
CONTINUOUS
10
5.1222020866141733
20
-3.6168923228346457
11
5.1253107480314961
21
-3.6215447637795273
0
LINE
8
BLACK
6
CONTINUOUS
10
5.1253107480314961
20
-3.6215447637795273
11
5.1274520472440948
21
-3.6267143307086611
0
LINE
8
BLACK
6
CONTINUOUS
10
5.1274520472440948
20
-3.6267143307086611
11
5.1285436614173223
21
-3.6322022834645669
0
LINE
8
BLACK
6
CONTINUOUS
10
5.1285436614173223
20
-3.6322022834645669
11
5.1285436614173223
21
-3.6377977165354332
0
LINE
8
BLACK
6
CONTINUOUS
10
5.1285436614173223
20
-3.6377977165354332
11
5.1274520472440948
21
-3.6432856692913385
0
LINE
8
BLACK
6
CONTINUOUS
10
5.1274520472440948
20
-3.6432856692913385
11
5.1253107480314961
21
-3.6484552362204723
0
LINE
8
BLACK
6
CONTINUOUS
10
5.1253107480314961
20
-3.6484552362204723
11
5.1222020866141733
21
-3.6531076771653543
0
LINE
8
BLACK
6
CONTINUOUS
10
5.1222020866141733
20
-3.6531076771653543
11
5.118245472440945
21
-3.6570642913385827
0
LINE
8
BLACK
6
CONTINUOUS
10
5.118245472440945
20
-3.6570642913385827
11
5.1135930314960625
21
-3.6601729527559055
0
LINE
8
BLACK
6
CONTINUOUS
10
5.1135930314960625
20
-3.6601729527559055
11
5.1084234645669291
21
-3.6623142519685037
0
LINE
8
BLACK
6
CONTINUOUS
10
5.1084234645669291
20
-3.6623142519685037
11
5.1029355118110233
21
-3.6634058661417321
0
LINE
8
BLACK
6
CONTINUOUS
10
5.1029355118110233
20
-3.6634058661417321
11
5.1001377952755904
21
-3.6635433070866141
0
LINE
8
BLACK
6
CONTINUOUS
10
5.1001377952755904
20
-3.6635433070866141
11
5.0587992125984247
21
-3.6635433070866141
0
LINE
8
BLACK
6
CONTINUOUS
10
5.0587992125984247
20
-3.6635433070866141
11
5.0560014960629918
21
-3.6634058661417321
0
LINE
8
BLACK
6
CONTINUOUS
10
5.0560014960629918
20
-3.6634058661417321
11
5.0505135433070869
21
-3.6623142519685037
0
LINE
8
BLACK
6
CONTINUOUS
10
5.0505135433070869
20
-3.6623142519685037
11
5.0453439763779526
21
-3.6601729527559055
0
LINE
8
BLACK
6
CONTINUOUS
10
5.0453439763779526
20
-3.6601729527559055
11
5.040691535433071
21
-3.6570642913385827
0
LINE
8
BLACK
6
CONTINUOUS
10
5.040691535433071
20
-3.6570642913385827
11
5.0367349212598427
21
-3.6531076771653543
0
LINE
8
BLACK
6
CONTINUOUS
10
5.0367349212598427
20
-3.6531076771653543
11
5.0336262598425199
21
-3.6484552362204723
0
LINE
8
BLACK
6
CONTINUOUS
10
5.0336262598425199
20
-3.6484552362204723
11
5.0314849606299212
21
-3.6432856692913385
0
LINE
8
BLACK
6
CONTINUOUS
10
5.0314849606299212
20
-3.6432856692913385
11
5.0303933464566928
21
-3.6377977165354332
0
LINE
8
BLACK
6
CONTINUOUS
10
5.0303933464566928
20
-3.6377977165354332
11
5.0303933464566928
21
-3.6322022834645669
0
LINE
8
BLACK
6
CONTINUOUS
10
5.0303933464566928
20
-3.6322022834645669
11
5.0314849606299212
21
-3.6267143307086611
0
LINE
8
BLACK
6
CONTINUOUS
10
5.0314849606299212
20
-3.6267143307086611
11
5.0336262598425199
21
-3.6215447637795273
0
LINE
8
BLACK
6
CONTINUOUS
10
5.0336262598425199
20
-3.6215447637795273
11
5.0367349212598427
21
-3.6168923228346457
0
LINE
8
BLACK
6
CONTINUOUS
10
5.0367349212598427
20
-3.6168923228346457
11
5.040691535433071
21
-3.6129357086614173
0
LINE
8
BLACK
6
CONTINUOUS
10
5.040691535433071
20
-3.6129357086614173
11
5.0453439763779526
21
-3.6098270472440945
0
LINE
8
BLACK
6
CONTINUOUS
10
5.0453439763779526
20
-3.6098270472440945
11
5.0505135433070869
21
-3.6076857480314959
0
LINE
8
BLACK
6
CONTINUOUS
10
5.0505135433070869
20
-3.6076857480314959
11
5.0560014960629918
21
-3.6065941338582674
0
LINE
8
BLACK
6
CONTINUOUS
10
5.0560014960629918
20
-3.6065941338582674
11
5.0587992125984247
21
-3.6064566929133859
0
LINE
8
BLACK
6
CONTINUOUS
10
5.0587992125984247
20
-3.6064566929133859
11
5.0726795669291338
21
-3.6064566929133859
0
LINE
8
BLACK
6
CONTINUOUS
10
5.0726795669291338
20
-3.6064566929133859
11
5.0721938582677168
21
-3.6057298031496061
0
LINE
8
BLACK
6
CONTINUOUS
10
5.0721938582677168
20
-3.6057298031496061
11
5.0715944881889765
21
-3.6027165354330708
0
LINE
8
BLACK
6
CONTINUOUS
10
5.0715944881889765
20
-3.6027165354330708
11
5.0715944881889765
21
-3.5955443700787399
0
LINE
8
BLACK
6
CONTINUOUS
10
5.0715944881889765
20
-3.5955443700787399
11
5.0676932677165354
21
-3.5977967322834643
0
LINE
8
BLACK
6
CONTINUOUS
10
5.0676932677165354
20
-3.5977967322834643
11
5.0624813385826775
21
-3.5991932677165352
0
LINE
8
BLACK
6
CONTINUOUS
10
5.0624813385826775
20
-3.5991932677165352
11
5.0570855905511811
21
-3.5991932677165352
0
LINE
8
BLACK
6
CONTINUOUS
10
5.0570855905511811
20
-3.5991932677165352
11
5.0518736614173223
21
-3.5977967322834643
0
LINE
8
BLACK
6
CONTINUOUS
10
5.0518736614173223
20
-3.5977967322834643
11
5.0472007874015743
21
-3.5950988582677166
0
LINE
8
BLACK
6
CONTINUOUS
10
5.0472007874015743
20
-3.5950988582677166
11
5.0433853937007873
21
-3.5912834645669292
0
LINE
8
BLACK
6
CONTINUOUS
10
5.0433853937007873
20
-3.5912834645669292
11
5.0406875196850391
21
-3.5866105905511811
0
LINE
8
BLACK
6
CONTINUOUS
10
5.0406875196850391
20
-3.5866105905511811
11
5.0392909842519682
21
-3.5813986614173228
0
LINE
8
BLACK
6
CONTINUOUS
10
5.0392909842519682
20
-3.5813986614173228
11
5.0392909842519682
21
-3.5760029133858269
0
LINE
8
BLACK
6
CONTINUOUS
10
5.0392909842519682
20
-3.5760029133858269
11
5.0406875196850391
21
-3.5707909842519685
0
LINE
8
BLACK
6
CONTINUOUS
10
5.0406875196850391
20
-3.5707909842519685
11
5.0433853937007873
21
-3.5661181102362205
0
LINE
8
BLACK
6
CONTINUOUS
10
5.0433853937007873
20
-3.5661181102362205
11
5.0472007874015743
21
-3.5623027165354331
0
LINE
8
BLACK
6
CONTINUOUS
10
5.0472007874015743
20
-3.5623027165354331
11
5.0518736614173223
21
-3.5596048425196849
0
LINE
8
BLACK
6
CONTINUOUS
10
5.0518736614173223
20
-3.5596048425196849
11
5.0570855905511811
21
-3.558208307086614
0
LINE
8
BLACK
6
CONTINUOUS
10
5.0570855905511811
20
-3.558208307086614
11
5.0624813385826775
21
-3.558208307086614
0
LINE
8
BLACK
6
CONTINUOUS
10
5.0624813385826775
20
-3.558208307086614
11
5.0676932677165354
21
-3.5596048425196849
0
LINE
8
BLACK
6
CONTINUOUS
10
5.0676932677165354
20
-3.5596048425196849
11
5.0715944881889765
21
-3.5618571653543305
0
LINE
8
BLACK
6
CONTINUOUS
10
5.0715944881889765
20
-3.5618571653543305
11
5.0715944881889765
21
-3.5475984251968504
0
LINE
8
BLACK
6
CONTINUOUS
10
5.0715944881889765
20
-3.5475984251968504
11
5.0721938582677168
21
-3.5445851574803147
0
LINE
8
BLACK
6
CONTINUOUS
10
5.0721938582677168
20
-3.5445851574803147
11
5.0728110629921259
21
-3.5436614173228347
0
LINE
8
BLACK
6
CONTINUOUS
10
5.0728110629921259
20
-3.5436614173228347
11
5.0721938582677168
21
-3.5427376771653543
0
LINE
8
BLACK
6
CONTINUOUS
10
5.0721938582677168
20
-3.5427376771653543
11
5.0715944881889765
21
-3.5397244094488189
0
LINE
8
BLACK
6
CONTINUOUS
10
5.0715944881889765
20
-3.5397244094488189
11
5.0715944881889765
21
-3.5279133858267717
0
LINE
8
BLACK
6
CONTINUOUS
10
5.0715944881889765
20
-3.5279133858267717
11
5.0721938582677168
21
-3.524900118110236
0
LINE
8
BLACK
6
CONTINUOUS
10
5.0721938582677168
20
-3.524900118110236
11
5.0728110629921259
21
-3.523976377952756
0
LINE
8
BLACK
6
CONTINUOUS
10
5.0728110629921259
20
-3.523976377952756
11
5.0721938582677168
21
-3.5230526377952756
0
LINE
8
BLACK
6
CONTINUOUS
10
5.0721938582677168
20
-3.5230526377952756
11
5.0715944881889765
21
-3.5200393700787402
0
LINE
8
BLACK
6
CONTINUOUS
10
5.0715944881889765
20
-3.5200393700787402
11
5.0715944881889765
21
-3.508228346456693
0
LINE
8
BLACK
6
CONTINUOUS
10
5.0715944881889765
20
-3.508228346456693
11
5.0721938582677168
21
-3.5052150787401573
0
LINE
8
BLACK
6
CONTINUOUS
10
5.0721938582677168
20
-3.5052150787401573
11
5.0728110629921259
21
-3.5042913385826773
0
LINE
8
BLACK
6
CONTINUOUS
10
5.0728110629921259
20
-3.5042913385826773
11
5.0721938582677168
21
-3.5033675984251968
0
LINE
8
BLACK
6
CONTINUOUS
10
5.0721938582677168
20
-3.5033675984251968
11
5.0715944881889765
21
-3.5003543307086615
0
LINE
8
BLACK
6
CONTINUOUS
10
5.0715944881889765
20
-3.5003543307086615
11
5.0715944881889765
21
-3.4885433070866143
0
LINE
8
BLACK
6
CONTINUOUS
10
5.0715944881889765
20
-3.4885433070866143
11
5.0721938582677168
21
-3.4855300393700785
0
LINE
8
BLACK
6
CONTINUOUS
10
5.0721938582677168
20
-3.4855300393700785
11
5.0728110629921259
21
-3.4846062992125981
0
LINE
8
BLACK
6
CONTINUOUS
10
5.0728110629921259
20
-3.4846062992125981
11
5.0721938582677168
21
-3.4836825590551181
0
LINE
8
BLACK
6
CONTINUOUS
10
5.0721938582677168
20
-3.4836825590551181
11
5.0715944881889765
21
-3.4806692913385824
0
LINE
8
BLACK
6
CONTINUOUS
10
5.0715944881889765
20
-3.4806692913385824
11
5.0715944881889765
21
-3.4688582677165352
0
LINE
8
BLACK
6
CONTINUOUS
10
5.0715944881889765
20
-3.4688582677165352
11
5.0721938582677168
21
-3.4658449999999998
0
LINE
8
BLACK
6
CONTINUOUS
10
5.0721938582677168
20
-3.4658449999999998
11
5.0728110629921259
21
-3.4649212598425194
0
LINE
8
BLACK
6
CONTINUOUS
10
5.0728110629921259
20
-3.4649212598425194
11
5.0721938582677168
21
-3.4639975196850394
0
LINE
8
BLACK
6
CONTINUOUS
10
5.0721938582677168
20
-3.4639975196850394
11
5.0715944881889765
21
-3.4609842519685037
0
LINE
8
BLACK
6
CONTINUOUS
10
5.0715944881889765
20
-3.4609842519685037
11
5.0715944881889765
21
-3.4491732283464565
0
LINE
8
BLACK
6
CONTINUOUS
10
5.0715944881889765
20
-3.4491732283464565
11
5.0721938582677168
21
-3.4461599606299211
0
LINE
8
BLACK
6
CONTINUOUS
10
5.0721938582677168
20
-3.4461599606299211
11
5.0728110629921259
21
-3.4452362204724407
0
LINE
8
BLACK
6
CONTINUOUS
10
5.0728110629921259
20
-3.4452362204724407
11
5.0721938582677168
21
-3.4443124803149607
0
LINE
8
BLACK
6
CONTINUOUS
10
5.0721938582677168
20
-3.4443124803149607
11
5.0715944881889765
21
-3.441299212598425
0
LINE
8
BLACK
6
CONTINUOUS
10
5.0715944881889765
20
-3.441299212598425
11
5.0715944881889765
21
-3.4294881889763777
0
LINE
8
BLACK
6
CONTINUOUS
10
5.0715944881889765
20
-3.4294881889763777
11
5.0721938582677168
21
-3.4264749212598424
0
LINE
8
BLACK
6
CONTINUOUS
10
5.0721938582677168
20
-3.4264749212598424
11
5.0728110629921259
21
-3.425551181102362
0
LINE
8
BLACK
6
CONTINUOUS
10
5.0728110629921259
20
-3.425551181102362
11
5.0721938582677168
21
-3.424627440944882
0
LINE
8
BLACK
6
CONTINUOUS
10
5.0721938582677168
20
-3.424627440944882
11
5.0715944881889765
21
-3.4216141732283463
0
LINE
8
BLACK
6
CONTINUOUS
10
5.0715944881889765
20
-3.4216141732283463
11
5.0715944881889765
21
-3.409803149606299
0
LINE
8
BLACK
6
CONTINUOUS
10
5.0715944881889765
20
-3.409803149606299
11
5.0721938582677168
21
-3.4067898818897637
0
LINE
8
BLACK
6
CONTINUOUS
10
5.0721938582677168
20
-3.4067898818897637
11
5.0728110629921259
21
-3.4058661417322833
0
LINE
8
BLACK
6
CONTINUOUS
10
5.0728110629921259
20
-3.4058661417322833
11
5.0721938582677168
21
-3.4049424015748029
0
LINE
8
BLACK
6
CONTINUOUS
10
5.0721938582677168
20
-3.4049424015748029
11
5.0715944881889765
21
-3.4019291338582676
0
LINE
8
BLACK
6
CONTINUOUS
10
5.0715944881889765
20
-3.4019291338582676
11
5.0715944881889765
21
-3.3901181102362203
0
LINE
8
BLACK
6
CONTINUOUS
10
5.0715944881889765
20
-3.3901181102362203
11
5.0721938582677168
21
-3.387104842519685
0
LINE
8
BLACK
6
CONTINUOUS
10
5.0721938582677168
20
-3.387104842519685
11
5.0728110629921259
21
-3.3861811023622046
0
LINE
8
BLACK
6
CONTINUOUS
10
5.0728110629921259
20
-3.3861811023622046
11
5.0721938582677168
21
-3.3852573622047242
0
LINE
8
BLACK
6
CONTINUOUS
10
5.0721938582677168
20
-3.3852573622047242
11
5.0715944881889765
21
-3.3822440944881889
0
LINE
8
BLACK
6
CONTINUOUS
10
5.0715944881889765
20
-3.3822440944881889
11
5.0715944881889765
21
-3.36798531496063
0
LINE
8
BLACK
6
CONTINUOUS
10
5.0715944881889765
20
-3.36798531496063
11
5.0676932677165354
21
-3.3702376771653544
0
LINE
8
BLACK
6
CONTINUOUS
10
5.0676932677165354
20
-3.3702376771653544
11
5.0624813385826775
21
-3.3716342125984253
0
LINE
8
BLACK
6
CONTINUOUS
10
5.0624813385826775
20
-3.3716342125984253
11
5.0570855905511811
21
-3.3716342125984253
0
LINE
8
BLACK
6
CONTINUOUS
10
5.0570855905511811
20
-3.3716342125984253
11
5.0518736614173223
21
-3.3702376771653544
0
LINE
8
BLACK
6
CONTINUOUS
10
5.0518736614173223
20
-3.3702376771653544
11
5.0472007874015743
21
-3.3675398031496062
0
LINE
8
BLACK
6
CONTINUOUS
10
5.0472007874015743
20
-3.3675398031496062
11
5.0433853937007873
21
-3.3637244094488188
0
LINE
8
BLACK
6
CONTINUOUS
10
5.0433853937007873
20
-3.3637244094488188
11
5.0406875196850391
21
-3.3590515354330708
0
LINE
8
BLACK
6
CONTINUOUS
10
5.0406875196850391
20
-3.3590515354330708
11
5.0392909842519682
21
-3.3538396062992124
0
LINE
8
BLACK
6
CONTINUOUS
10
5.0392909842519682
20
-3.3538396062992124
11
5.0392909842519682
21
-3.3484438582677165
0
LINE
8
BLACK
6
CONTINUOUS
10
5.0392909842519682
20
-3.3484438582677165
11
5.0406875196850391
21
-3.3432319291338581
0
LINE
8
BLACK
6
CONTINUOUS
10
5.0406875196850391
20
-3.3432319291338581
11
5.0433853937007873
21
-3.3385590551181101
0
LINE
8
BLACK
6
CONTINUOUS
10
5.0433853937007873
20
-3.3385590551181101
11
5.0472007874015743
21
-3.3347436614173227
0
LINE
8
BLACK
6
CONTINUOUS
10
5.0472007874015743
20
-3.3347436614173227
11
5.0518736614173223
21
-3.3320457874015745
0
LINE
8
BLACK
6
CONTINUOUS
10
5.0518736614173223
20
-3.3320457874015745
11
5.0570855905511811
21
-3.330649251968504
0
LINE
8
BLACK
6
CONTINUOUS
10
5.0570855905511811
20
-3.330649251968504
11
5.0624813385826775
21
-3.330649251968504
0
LINE
8
BLACK
6
CONTINUOUS
10
5.0624813385826775
20
-3.330649251968504
11
5.0676932677165354
21
-3.3320457874015745
0
LINE
8
BLACK
6
CONTINUOUS
10
5.0676932677165354
20
-3.3320457874015745
11
5.0715944881889765
21
-3.3342981102362206
0
LINE
8
BLACK
6
CONTINUOUS
10
5.0715944881889765
20
-3.3342981102362206
11
5.0715944881889765
21
-3.3271259842519685
0
LINE
8
BLACK
6
CONTINUOUS
10
5.0715944881889765
20
-3.3271259842519685
11
5.0721938582677168
21
-3.3241127165354332
0
LINE
8
BLACK
6
CONTINUOUS
10
5.0721938582677168
20
-3.3241127165354332
11
5.0726795669291338
21
-3.3233858267716534
0
LINE
8
BLACK
6
CONTINUOUS
10
5.0726795669291338
20
-3.3233858267716534
11
5.0587992125984247
21
-3.3233858267716534
0
LINE
8
BLACK
6
CONTINUOUS
10
5.0587992125984247
20
-3.3233858267716534
11
5.0560014960629918
21
-3.3232483858267714
0
LINE
8
BLACK
6
CONTINUOUS
10
5.0560014960629918
20
-3.3232483858267714
11
5.0505135433070869
21
-3.3221567716535434
0
LINE
8
BLACK
6
CONTINUOUS
10
5.0505135433070869
20
-3.3221567716535434
11
5.0453439763779526
21
-3.3200154724409447
0
LINE
8
BLACK
6
CONTINUOUS
10
5.0453439763779526
20
-3.3200154724409447
11
5.040691535433071
21
-3.3169068110236219
0
LINE
8
BLACK
6
CONTINUOUS
10
5.040691535433071
20
-3.3169068110236219
11
5.0367349212598427
21
-3.3129501968503936
0
LINE
8
BLACK
6
CONTINUOUS
10
5.0367349212598427
20
-3.3129501968503936
11
5.0336262598425199
21
-3.3082977559055116
0
LINE
8
BLACK
6
CONTINUOUS
10
5.0336262598425199
20
-3.3082977559055116
11
5.0314849606299212
21
-3.3031281889763777
0
LINE
8
BLACK
6
CONTINUOUS
10
5.0314849606299212
20
-3.3031281889763777
11
5.0303933464566928
21
-3.2976402362204724
0
LINE
8
BLACK
6
CONTINUOUS
10
5.0303933464566928
20
-3.2976402362204724
11
5.0303933464566928
21
-3.2920448031496061
0
LINE
8
BLACK
6
CONTINUOUS
10
5.0303933464566928
20
-3.2920448031496061
11
5.0314849606299212
21
-3.2865568503937008
0
LINE
8
BLACK
6
CONTINUOUS
10
5.0314849606299212
20
-3.2865568503937008
11
5.0336262598425199
21
-3.281387283464567
0
LINE
8
BLACK
6
CONTINUOUS
10
5.0336262598425199
20
-3.281387283464567
11
5.0367349212598427
21
-3.2767348425196849
0
LINE
8
BLACK
6
CONTINUOUS
10
5.0367349212598427
20
-3.2767348425196849
11
5.040691535433071
21
-3.2727782283464566
0
LINE
8
BLACK
6
CONTINUOUS
10
5.040691535433071
20
-3.2727782283464566
11
5.0453439763779526
21
-3.2696695669291338
0
LINE
8
BLACK
6
CONTINUOUS
10
5.0453439763779526
20
-3.2696695669291338
11
5.0505135433070869
21
-3.2675282677165352
0
LINE
8
BLACK
6
CONTINUOUS
10
5.0505135433070869
20
-3.2675282677165352
11
5.0560014960629918
21
-3.2664366535433071
0
LINE
8
BLACK
6
CONTINUOUS
10
5.0560014960629918
20
-3.2664366535433071
11
5.0587992125984247
21
-3.2662992125984252
0
LINE
8
BLACK
6
CONTINUOUS
10
5.0587992125984247
20
-3.2662992125984252
11
5.1001377952755904
21
-3.2662992125984252
0
LINE
8
BLACK
6
CONTINUOUS
10
5.1001377952755904
20
-3.2662992125984252
11
5.1029355118110233
21
-3.2664366535433071
0
LINE
8
BLACK
6
CONTINUOUS
10
4.9372878740157482
20
-3.6075736614173226
11
4.9425865748031494
21
-3.6086276377952755
0
LINE
8
BLACK
6
CONTINUOUS
10
4.9425865748031494
20
-3.6086276377952755
11
4.9475778740157477
21
-3.6106950787401573
0
LINE
8
BLACK
6
CONTINUOUS
10
4.9475778740157477
20
-3.6106950787401573
11
4.9520698818897637
21
-3.6136965748031495
0
LINE
8
BLACK
6
CONTINUOUS
10
4.9520698818897637
20
-3.6136965748031495
11
4.9558900393700789
21
-3.6175167322834643
0
LINE
8
BLACK
6
CONTINUOUS
10
4.9558900393700789
20
-3.6175167322834643
11
4.9588915354330707
21
-3.6220087401574803
0
LINE
8
BLACK
6
CONTINUOUS
10
4.9588915354330707
20
-3.6220087401574803
11
4.9609589763779525
21
-3.6270000393700785
0
LINE
8
BLACK
6
CONTINUOUS
10
4.9609589763779525
20
-3.6270000393700785
11
4.9620129527559058
21
-3.6322987401574802
0
LINE
8
BLACK
6
CONTINUOUS
10
4.9620129527559058
20
-3.6322987401574802
11
4.9620129527559058
21
-3.6377012598425198
0
LINE
8
BLACK
6
CONTINUOUS
10
4.9620129527559058
20
-3.6377012598425198
11
4.9609589763779525
21
-3.642999960629921
0
LINE
8
BLACK
6
CONTINUOUS
10
4.9609589763779525
20
-3.642999960629921
11
4.9588915354330707
21
-3.6479912598425197
0
LINE
8
BLACK
6
CONTINUOUS
10
4.9588915354330707
20
-3.6479912598425197
11
4.9558900393700789
21
-3.6524832677165353
0
LINE
8
BLACK
6
CONTINUOUS
10
4.9558900393700789
20
-3.6524832677165353
11
4.9520698818897637
21
-3.6563034251968505
0
LINE
8
BLACK
6
CONTINUOUS
10
4.9520698818897637
20
-3.6563034251968505
11
4.9475778740157477
21
-3.6593049212598423
0
LINE
8
BLACK
6
CONTINUOUS
10
4.9475778740157477
20
-3.6593049212598423
11
4.9425865748031494
21
-3.6613723622047245
0
LINE
8
BLACK
6
CONTINUOUS
10
4.9425865748031494
20
-3.6613723622047245
11
4.9372878740157482
21
-3.662426338582677
0
LINE
8
BLACK
6
CONTINUOUS
10
4.9372878740157482
20
-3.662426338582677
11
4.9345866141732282
21
-3.66255905511811
0
LINE
8
BLACK
6
CONTINUOUS
10
4.9345866141732282
20
-3.66255905511811
11
4.8952165354330708
21
-3.66255905511811
0
LINE
8
BLACK
6
CONTINUOUS
10
4.8952165354330708
20
-3.66255905511811
11
4.8925152755905508
21
-3.662426338582677
0
LINE
8
BLACK
6
CONTINUOUS
10
4.8925152755905508
20
-3.662426338582677
11
4.8872165748031495
21
-3.6613723622047245
0
LINE
8
BLACK
6
CONTINUOUS
10
4.8872165748031495
20
-3.6613723622047245
11
4.8822252755905513
21
-3.6593049212598423
0
LINE
8
BLACK
6
CONTINUOUS
10
4.8822252755905513
20
-3.6593049212598423
11
4.8777332677165353
21
-3.6563034251968505
0
LINE
8
BLACK
6
CONTINUOUS
10
4.8777332677165353
20
-3.6563034251968505
11
4.8739131102362201
21
-3.6524832677165353
0
LINE
8
BLACK
6
CONTINUOUS
10
4.8739131102362201
20
-3.6524832677165353
11
4.8709116141732283
21
-3.6479912598425197
0
LINE
8
BLACK
6
CONTINUOUS
10
4.8709116141732283
20
-3.6479912598425197
11
4.8688441732283465
21
-3.642999960629921
0
LINE
8
BLACK
6
CONTINUOUS
10
4.8688441732283465
20
-3.642999960629921
11
4.8677901968503932
21
-3.6377012598425198
0
LINE
8
BLACK
6
CONTINUOUS
10
4.8677901968503932
20
-3.6377012598425198
11
4.8677901968503932
21
-3.6322987401574802
0
LINE
8
BLACK
6
CONTINUOUS
10
4.8677901968503932
20
-3.6322987401574802
11
4.8688441732283465
21
-3.6270000393700785
0
LINE
8
BLACK
6
CONTINUOUS
10
4.8688441732283465
20
-3.6270000393700785
11
4.8709116141732283
21
-3.6220087401574803
0
LINE
8
BLACK
6
CONTINUOUS
10
4.8709116141732283
20
-3.6220087401574803
11
4.8739131102362201
21
-3.6175167322834643
0
LINE
8
BLACK
6
CONTINUOUS
10
4.8739131102362201
20
-3.6175167322834643
11
4.8777332677165353
21
-3.6136965748031495
0
LINE
8
BLACK
6
CONTINUOUS
10
4.8777332677165353
20
-3.6136965748031495
11
4.8822252755905513
21
-3.6106950787401573
0
LINE
8
BLACK
6
CONTINUOUS
10
4.8822252755905513
20
-3.6106950787401573
11
4.8872165748031495
21
-3.6086276377952755
0
LINE
8
BLACK
6
CONTINUOUS
10
4.8872165748031495
20
-3.6086276377952755
11
4.8925152755905508
21
-3.6075736614173226
0
LINE
8
BLACK
6
CONTINUOUS
10
4.8925152755905508
20
-3.6075736614173226
11
4.8952165354330708
21
-3.6074409448818896
0
LINE
8
BLACK
6
CONTINUOUS
10
4.8952165354330708
20
-3.6074409448818896
11
4.9345866141732282
21
-3.6074409448818896
0
LINE
8
BLACK
6
CONTINUOUS
10
4.9345866141732282
20
-3.6074409448818896
11
4.9372878740157482
21
-3.6075736614173226
0
LINE
8
BLACK
6
CONTINUOUS
10
5.405473897637795
20
-3.5100481889763779
11
5.4080283858267713
21
-3.5117550787401575
0
LINE
8
BLACK
6
CONTINUOUS
10
5.4080283858267713
20
-3.5117550787401575
11
5.4097352755905508
21
-3.5143095669291338
0
LINE
8
BLACK
6
CONTINUOUS
10
5.4097352755905508
20
-3.5143095669291338
11
5.4103346456692911
21
-3.5173228346456691
0
LINE
8
BLACK
6
CONTINUOUS
10
5.4103346456692911
20
-3.5173228346456691
11
5.4103346456692911
21
-3.5429133858267714
0
LINE
8
BLACK
6
CONTINUOUS
10
5.4103346456692911
20
-3.5429133858267714
11
5.4097352755905508
21
-3.5459266535433072
0
LINE
8
BLACK
6
CONTINUOUS
10
5.4097352755905508
20
-3.5459266535433072
11
5.4080283858267713
21
-3.5484811417322835
0
LINE
8
BLACK
6
CONTINUOUS
10
5.4080283858267713
20
-3.5484811417322835
11
5.4075228740157479
21
-3.548818897637795
0
LINE
8
BLACK
6
CONTINUOUS
10
5.4075228740157479
20
-3.548818897637795
11
5.4080283858267713
21
-3.549156653543307
0
LINE
8
BLACK
6
CONTINUOUS
10
5.4080283858267713
20
-3.549156653543307
11
5.4097352755905508
21
-3.5517111417322833
0
LINE
8
BLACK
6
CONTINUOUS
10
5.4097352755905508
20
-3.5517111417322833
11
5.4103346456692911
21
-3.5547244094488186
0
LINE
8
BLACK
6
CONTINUOUS
10
5.4103346456692911
20
-3.5547244094488186
11
5.4103346456692911
21
-3.5803149606299214
0
LINE
8
BLACK
6
CONTINUOUS
10
5.4103346456692911
20
-3.5803149606299214
11
5.4097352755905508
21
-3.5833282283464567
0
LINE
8
BLACK
6
CONTINUOUS
10
5.4097352755905508
20
-3.5833282283464567
11
5.4080283858267713
21
-3.585882716535433
0
LINE
8
BLACK
6
CONTINUOUS
10
5.4080283858267713
20
-3.585882716535433
11
5.4075228740157479
21
-3.586220472440945
0
LINE
8
BLACK
6
CONTINUOUS
10
5.4075228740157479
20
-3.586220472440945
11
5.4080283858267713
21
-3.5865582283464565
0
LINE
8
BLACK
6
CONTINUOUS
10
5.4080283858267713
20
-3.5865582283464565
11
5.4097352755905508
21
-3.5891127165354328
0
LINE
8
BLACK
6
CONTINUOUS
10
5.4097352755905508
20
-3.5891127165354328
11
5.4103346456692911
21
-3.5921259842519686
0
LINE
8
BLACK
6
CONTINUOUS
10
5.4103346456692911
20
-3.5921259842519686
11
5.4103346456692911
21
-3.6177165354330709
0
LINE
8
BLACK
6
CONTINUOUS
10
5.4103346456692911
20
-3.6177165354330709
11
5.4097352755905508
21
-3.6207298031496062
0
LINE
8
BLACK
6
CONTINUOUS
10
5.4097352755905508
20
-3.6207298031496062
11
5.4080283858267713
21
-3.6232842913385825
0
LINE
8
BLACK
6
CONTINUOUS
10
5.4080283858267713
20
-3.6232842913385825
11
5.405473897637795
21
-3.6249911811023621
0
LINE
8
BLACK
6
CONTINUOUS
10
5.405473897637795
20
-3.6249911811023621
11
5.4024606299212596
21
-3.6255905511811024
0
LINE
8
BLACK
6
CONTINUOUS
10
5.4024606299212596
20
-3.6255905511811024
11
5.3607283464566926
21
-3.6255905511811024
0
LINE
8
BLACK
6
CONTINUOUS
10
5.3607283464566926
20
-3.6255905511811024
11
5.3577150787401573
21
-3.6249911811023621
0
LINE
8
BLACK
6
CONTINUOUS
10
5.3577150787401573
20
-3.6249911811023621
11
5.355160590551181
21
-3.6232842913385825
0
LINE
8
BLACK
6
CONTINUOUS
10
5.355160590551181
20
-3.6232842913385825
11
5.3534537007874015
21
-3.6207298031496062
0
LINE
8
BLACK
6
CONTINUOUS
10
5.3534537007874015
20
-3.6207298031496062
11
5.3528543307086611
21
-3.6177165354330709
0
LINE
8
BLACK
6
CONTINUOUS
10
5.3528543307086611
20
-3.6177165354330709
11
5.3528543307086611
21
-3.5921259842519686
0
LINE
8
BLACK
6
CONTINUOUS
10
5.3528543307086611
20
-3.5921259842519686
11
5.3534537007874015
21
-3.5891127165354328
0
LINE
8
BLACK
6
CONTINUOUS
10
5.3534537007874015
20
-3.5891127165354328
11
5.355160590551181
21
-3.5865582283464565
0
LINE
8
BLACK
6
CONTINUOUS
10
5.355160590551181
20
-3.5865582283464565
11
5.3556660629921256
21
-3.586220472440945
0
LINE
8
BLACK
6
CONTINUOUS
10
5.3556660629921256
20
-3.586220472440945
11
5.355160590551181
21
-3.585882716535433
0
LINE
8
BLACK
6
CONTINUOUS
10
5.355160590551181
20
-3.585882716535433
11
5.3534537007874015
21
-3.5833282283464567
0
LINE
8
BLACK
6
CONTINUOUS
10
5.3534537007874015
20
-3.5833282283464567
11
5.3528543307086611
21
-3.5803149606299214
0
LINE
8
BLACK
6
CONTINUOUS
10
5.3528543307086611
20
-3.5803149606299214
11
5.3528543307086611
21
-3.5547244094488186
0
LINE
8
BLACK
6
CONTINUOUS
10
5.3528543307086611
20
-3.5547244094488186
11
5.3534537007874015
21
-3.5517111417322833
0
LINE
8
BLACK
6
CONTINUOUS
10
5.3534537007874015
20
-3.5517111417322833
11
5.355160590551181
21
-3.549156653543307
0
LINE
8
BLACK
6
CONTINUOUS
10
5.355160590551181
20
-3.549156653543307
11
5.3556660629921256
21
-3.548818897637795
0
LINE
8
BLACK
6
CONTINUOUS
10
5.3556660629921256
20
-3.548818897637795
11
5.355160590551181
21
-3.5484811417322835
0
LINE
8
BLACK
6
CONTINUOUS
10
5.355160590551181
20
-3.5484811417322835
11
5.3534537007874015
21
-3.5459266535433072
0
LINE
8
BLACK
6
CONTINUOUS
10
5.3534537007874015
20
-3.5459266535433072
11
5.3528543307086611
21
-3.5429133858267714
0
LINE
8
BLACK
6
CONTINUOUS
10
5.3528543307086611
20
-3.5429133858267714
11
5.3528543307086611
21
-3.5173228346456691
0
LINE
8
BLACK
6
CONTINUOUS
10
5.3528543307086611
20
-3.5173228346456691
11
5.3534537007874015
21
-3.5143095669291338
0
LINE
8
BLACK
6
CONTINUOUS
10
5.3534537007874015
20
-3.5143095669291338
11
5.355160590551181
21
-3.5117550787401575
0
LINE
8
BLACK
6
CONTINUOUS
10
5.355160590551181
20
-3.5117550787401575
11
5.3577150787401573
21
-3.5100481889763779
0
LINE
8
BLACK
6
CONTINUOUS
10
5.3577150787401573
20
-3.5100481889763779
11
5.3607283464566926
21
-3.5094488188976376
0
LINE
8
BLACK
6
CONTINUOUS
10
5.3607283464566926
20
-3.5094488188976376
11
5.4024606299212596
21
-3.5094488188976376
0
LINE
8
BLACK
6
CONTINUOUS
10
5.4024606299212596
20
-3.5094488188976376
11
5.405473897637795
21
-3.5100481889763779
0
LINE
8
BLACK
6
CONTINUOUS
10
5.4920880708661413
20
-3.5100481889763779
11
5.4946425590551176
21
-3.5117550787401575
0
LINE
8
BLACK
6
CONTINUOUS
10
5.4946425590551176
20
-3.5117550787401575
11
5.4963494488188971
21
-3.5143095669291338
0
LINE
8
BLACK
6
CONTINUOUS
10
5.4963494488188971
20
-3.5143095669291338
11
5.4969488188976374
21
-3.5173228346456691
0
LINE
8
BLACK
6
CONTINUOUS
10
5.4969488188976374
20
-3.5173228346456691
11
5.4969488188976374
21
-3.5429133858267714
0
LINE
8
BLACK
6
CONTINUOUS
10
5.4969488188976374
20
-3.5429133858267714
11
5.4963494488188971
21
-3.5459266535433072
0
LINE
8
BLACK
6
CONTINUOUS
10
5.4963494488188971
20
-3.5459266535433072
11
5.4946425590551176
21
-3.5484811417322835
0
LINE
8
BLACK
6
CONTINUOUS
10
5.4946425590551176
20
-3.5484811417322835
11
5.4941370472440942
21
-3.548818897637795
0
LINE
8
BLACK
6
CONTINUOUS
10
5.4941370472440942
20
-3.548818897637795
11
5.4946425590551176
21
-3.549156653543307
0
LINE
8
BLACK
6
CONTINUOUS
10
5.4946425590551176
20
-3.549156653543307
11
5.4963494488188971
21
-3.5517111417322833
0
LINE
8
BLACK
6
CONTINUOUS
10
5.4963494488188971
20
-3.5517111417322833
11
5.4969488188976374
21
-3.5547244094488186
0
LINE
8
BLACK
6
CONTINUOUS
10
5.4969488188976374
20
-3.5547244094488186
11
5.4969488188976374
21
-3.5803149606299214
0
LINE
8
BLACK
6
CONTINUOUS
10
5.4969488188976374
20
-3.5803149606299214
11
5.4963494488188971
21
-3.5833282283464567
0
LINE
8
BLACK
6
CONTINUOUS
10
5.4963494488188971
20
-3.5833282283464567
11
5.4946425590551176
21
-3.585882716535433
0
LINE
8
BLACK
6
CONTINUOUS
10
5.4946425590551176
20
-3.585882716535433
11
5.4941370472440942
21
-3.586220472440945
0
LINE
8
BLACK
6
CONTINUOUS
10
5.4941370472440942
20
-3.586220472440945
11
5.4946425590551176
21
-3.5865582283464565
0
LINE
8
BLACK
6
CONTINUOUS
10
5.4946425590551176
20
-3.5865582283464565
11
5.4963494488188971
21
-3.5891127165354328
0
LINE
8
BLACK
6
CONTINUOUS
10
5.4963494488188971
20
-3.5891127165354328
11
5.4969488188976374
21
-3.5921259842519686
0
LINE
8
BLACK
6
CONTINUOUS
10
5.4969488188976374
20
-3.5921259842519686
11
5.4969488188976374
21
-3.6177165354330709
0
LINE
8
BLACK
6
CONTINUOUS
10
5.4969488188976374
20
-3.6177165354330709
11
5.4963494488188971
21
-3.6207298031496062
0
LINE
8
BLACK
6
CONTINUOUS
10
5.4963494488188971
20
-3.6207298031496062
11
5.4946425590551176
21
-3.6232842913385825
0
LINE
8
BLACK
6
CONTINUOUS
10
5.4946425590551176
20
-3.6232842913385825
11
5.4920880708661413
21
-3.6249911811023621
0
LINE
8
BLACK
6
CONTINUOUS
10
5.4920880708661413
20
-3.6249911811023621
11
5.4890748031496059
21
-3.6255905511811024
0
LINE
8
BLACK
6
CONTINUOUS
10
5.4890748031496059
20
-3.6255905511811024
11
5.4473425196850389
21
-3.6255905511811024
0
LINE
8
BLACK
6
CONTINUOUS
10
5.4473425196850389
20
-3.6255905511811024
11
5.4443292519685036
21
-3.6249911811023621
0
LINE
8
BLACK
6
CONTINUOUS
10
5.4443292519685036
20
-3.6249911811023621
11
5.4417747637795273
21
-3.6232842913385825
0
LINE
8
BLACK
6
CONTINUOUS
10
5.4417747637795273
20
-3.6232842913385825
11
5.4400678740157478
21
-3.6207298031496062
0
LINE
8
BLACK
6
CONTINUOUS
10
5.4400678740157478
20
-3.6207298031496062
11
5.4394685039370074
21
-3.6177165354330709
0
LINE
8
BLACK
6
CONTINUOUS
10
5.4394685039370074
20
-3.6177165354330709
11
5.4394685039370074
21
-3.5921259842519686
0
LINE
8
BLACK
6
CONTINUOUS
10
5.4394685039370074
20
-3.5921259842519686
11
5.4400678740157478
21
-3.5891127165354328
0
LINE
8
BLACK
6
CONTINUOUS
10
5.4400678740157478
20
-3.5891127165354328
11
5.4417747637795273
21
-3.5865582283464565
0
LINE
8
BLACK
6
CONTINUOUS
10
5.4417747637795273
20
-3.5865582283464565
11
5.4422802362204727
21
-3.586220472440945
0
LINE
8
BLACK
6
CONTINUOUS
10
5.4422802362204727
20
-3.586220472440945
11
5.4417747637795273
21
-3.585882716535433
0
LINE
8
BLACK
6
CONTINUOUS
10
5.4417747637795273
20
-3.585882716535433
11
5.4400678740157478
21
-3.5833282283464567
0
LINE
8
BLACK
6
CONTINUOUS
10
5.4400678740157478
20
-3.5833282283464567
11
5.4394685039370074
21
-3.5803149606299214
0
LINE
8
BLACK
6
CONTINUOUS
10
5.4394685039370074
20
-3.5803149606299214
11
5.4394685039370074
21
-3.5547244094488186
0
LINE
8
BLACK
6
CONTINUOUS
10
5.4394685039370074
20
-3.5547244094488186
11
5.4400678740157478
21
-3.5517111417322833
0
LINE
8
BLACK
6
CONTINUOUS
10
5.4400678740157478
20
-3.5517111417322833
11
5.4417747637795273
21
-3.549156653543307
0
LINE
8
BLACK
6
CONTINUOUS
10
5.4417747637795273
20
-3.549156653543307
11
5.4422802362204727
21
-3.548818897637795
0
LINE
8
BLACK
6
CONTINUOUS
10
5.4422802362204727
20
-3.548818897637795
11
5.4417747637795273
21
-3.5484811417322835
0
LINE
8
BLACK
6
CONTINUOUS
10
5.4417747637795273
20
-3.5484811417322835
11
5.4400678740157478
21
-3.5459266535433072
0
LINE
8
BLACK
6
CONTINUOUS
10
5.4400678740157478
20
-3.5459266535433072
11
5.4394685039370074
21
-3.5429133858267714
0
LINE
8
BLACK
6
CONTINUOUS
10
5.4394685039370074
20
-3.5429133858267714
11
5.4394685039370074
21
-3.5173228346456691
0
LINE
8
BLACK
6
CONTINUOUS
10
5.4394685039370074
20
-3.5173228346456691
11
5.4400678740157478
21
-3.5143095669291338
0
LINE
8
BLACK
6
CONTINUOUS
10
5.4400678740157478
20
-3.5143095669291338
11
5.4417747637795273
21
-3.5117550787401575
0
LINE
8
BLACK
6
CONTINUOUS
10
5.4417747637795273
20
-3.5117550787401575
11
5.4443292519685036
21
-3.5100481889763779
0
LINE
8
BLACK
6
CONTINUOUS
10
5.4443292519685036
20
-3.5100481889763779
11
5.4473425196850389
21
-3.5094488188976376
0
LINE
8
BLACK
6
CONTINUOUS
10
5.4473425196850389
20
-3.5094488188976376
11
5.4890748031496059
21
-3.5094488188976376
0
LINE
8
BLACK
6
CONTINUOUS
10
5.4890748031496059
20
-3.5094488188976376
11
5.4920880708661413
21
-3.5100481889763779
0
LINE
8
BLACK
6
CONTINUOUS
10
5.2679148818897641
20
-3.5601465748031496
11
5.2704693700787404
21
-3.5618534645669291
0
LINE
8
BLACK
6
CONTINUOUS
10
5.2704693700787404
20
-3.5618534645669291
11
5.2721762598425199
21
-3.5644079527559054
0
LINE
8
BLACK
6
CONTINUOUS
10
5.2721762598425199
20
-3.5644079527559054
11
5.2727756299212594
21
-3.5674212204724407
0
LINE
8
BLACK
6
CONTINUOUS
10
5.2727756299212594
20
-3.5674212204724407
11
5.2727756299212594
21
-3.6024212204724408
0
LINE
8
BLACK
6
CONTINUOUS
10
5.2727756299212594
20
-3.6024212204724408
11
5.2721762598425199
21
-3.6054344881889762
0
LINE
8
BLACK
6
CONTINUOUS
10
5.2721762598425199
20
-3.6054344881889762
11
5.2704693700787404
21
-3.6079889763779525
0
LINE
8
BLACK
6
CONTINUOUS
10
5.2704693700787404
20
-3.6079889763779525
11
5.2679148818897641
21
-3.609695866141732
0
LINE
8
BLACK
6
CONTINUOUS
10
5.2679148818897641
20
-3.609695866141732
11
5.2649016141732279
21
-3.6102952362204723
0
LINE
8
BLACK
6
CONTINUOUS
10
5.2649016141732279
20
-3.6102952362204723
11
5.2099016141732282
21
-3.6102952362204723
0
LINE
8
BLACK
6
CONTINUOUS
10
5.2099016141732282
20
-3.6102952362204723
11
5.2068883464566929
21
-3.609695866141732
0
LINE
8
BLACK
6
CONTINUOUS
10
5.2068883464566929
20
-3.609695866141732
11
5.2043338582677166
21
-3.6079889763779525
0
LINE
8
BLACK
6
CONTINUOUS
10
5.2043338582677166
20
-3.6079889763779525
11
5.202626968503937
21
-3.6054344881889762
0
LINE
8
BLACK
6
CONTINUOUS
10
5.202626968503937
20
-3.6054344881889762
11
5.2020275984251967
21
-3.6024212204724408
0
LINE
8
BLACK
6
CONTINUOUS
10
5.2020275984251967
20
-3.6024212204724408
11
5.2020275984251967
21
-3.5674212204724407
0
LINE
8
BLACK
6
CONTINUOUS
10
5.2020275984251967
20
-3.5674212204724407
11
5.202626968503937
21
-3.5644079527559054
0
LINE
8
BLACK
6
CONTINUOUS
10
5.202626968503937
20
-3.5644079527559054
11
5.2043338582677166
21
-3.5618534645669291
0
LINE
8
BLACK
6
CONTINUOUS
10
5.2043338582677166
20
-3.5618534645669291
11
5.2068883464566929
21
-3.5601465748031496
0
LINE
8
BLACK
6
CONTINUOUS
10
5.2068883464566929
20
-3.5601465748031496
11
5.2099016141732282
21
-3.5595472047244092
0
LINE
8
BLACK
6
CONTINUOUS
10
5.2099016141732282
20
-3.5595472047244092
11
5.2649016141732279
21
-3.5595472047244092
0
LINE
8
BLACK
6
CONTINUOUS
10
5.2649016141732279
20
-3.5595472047244092
11
5.2679148818897641
21
-3.5601465748031496
0
LINE
8
BLACK
6
CONTINUOUS
10
5.6504148425196847
20
-3.5351466141732284
11
5.652969330708661
21
-3.5368535039370079
0
LINE
8
BLACK
6
CONTINUOUS
10
5.652969330708661
20
-3.5368535039370079
11
5.6546762204724406
21
-3.5394079921259842
0
LINE
8
BLACK
6
CONTINUOUS
10
5.6546762204724406
20
-3.5394079921259842
11
5.6552755905511809
21
-3.5424212598425195
0
LINE
8
BLACK
6
CONTINUOUS
10
5.6552755905511809
20
-3.5424212598425195
11
5.6552755905511809
21
-3.5974212598425197
0
LINE
8
BLACK
6
CONTINUOUS
10
5.6552755905511809
20
-3.5974212598425197
11
5.6546762204724406
21
-3.600434527559055
0
LINE
8
BLACK
6
CONTINUOUS
10
5.6546762204724406
20
-3.600434527559055
11
5.652969330708661
21
-3.6029890157480313
0
LINE
8
BLACK
6
CONTINUOUS
10
5.652969330708661
20
-3.6029890157480313
11
5.6504148425196847
21
-3.6046959055118108
0
LINE
8
BLACK
6
CONTINUOUS
10
5.6504148425196847
20
-3.6046959055118108
11
5.6474015748031494
21
-3.6052952755905512
0
LINE
8
BLACK
6
CONTINUOUS
10
5.6474015748031494
20
-3.6052952755905512
11
5.6124015748031493
21
-3.6052952755905512
0
LINE
8
BLACK
6
CONTINUOUS
10
5.6124015748031493
20
-3.6052952755905512
11
5.609388307086614
21
-3.6046959055118108
0
LINE
8
BLACK
6
CONTINUOUS
10
5.609388307086614
20
-3.6046959055118108
11
5.6068338188976377
21
-3.6029890157480313
0
LINE
8
BLACK
6
CONTINUOUS
10
5.6068338188976377
20
-3.6029890157480313
11
5.6051269291338581
21
-3.600434527559055
0
LINE
8
BLACK
6
CONTINUOUS
10
5.6051269291338581
20
-3.600434527559055
11
5.6045275590551178
21
-3.5974212598425197
0
LINE
8
BLACK
6
CONTINUOUS
10
5.6045275590551178
20
-3.5974212598425197
11
5.6045275590551178
21
-3.5424212598425195
0
LINE
8
BLACK
6
CONTINUOUS
10
5.6045275590551178
20
-3.5424212598425195
11
5.6051269291338581
21
-3.5394079921259842
0
LINE
8
BLACK
6
CONTINUOUS
10
5.6051269291338581
20
-3.5394079921259842
11
5.6068338188976377
21
-3.5368535039370079
0
LINE
8
BLACK
6
CONTINUOUS
10
5.6068338188976377
20
-3.5368535039370079
11
5.609388307086614
21
-3.5351466141732284
0
LINE
8
BLACK
6
CONTINUOUS
10
5.609388307086614
20
-3.5351466141732284
11
5.6124015748031493
21
-3.5345472440944881
0
LINE
8
BLACK
6
CONTINUOUS
10
5.6124015748031493
20
-3.5345472440944881
11
5.6474015748031494
21
-3.5345472440944881
0
LINE
8
BLACK
6
CONTINUOUS
10
5.6474015748031494
20
-3.5345472440944881
11
5.6504148425196847
21
-3.5351466141732284
0
LINE
8
BLACK
6
CONTINUOUS
10
5.7254148425196849
20
-3.5351466141732284
11
5.7279693307086612
21
-3.5368535039370079
0
LINE
8
BLACK
6
CONTINUOUS
10
5.7279693307086612
20
-3.5368535039370079
11
5.7296762204724407
21
-3.5394079921259842
0
LINE
8
BLACK
6
CONTINUOUS
10
5.7296762204724407
20
-3.5394079921259842
11
5.7302755905511811
21
-3.5424212598425195
0
LINE
8
BLACK
6
CONTINUOUS
10
5.7302755905511811
20
-3.5424212598425195
11
5.7302755905511811
21
-3.5974212598425197
0
LINE
8
BLACK
6
CONTINUOUS
10
5.7302755905511811
20
-3.5974212598425197
11
5.7296762204724407
21
-3.600434527559055
0
LINE
8
BLACK
6
CONTINUOUS
10
5.7296762204724407
20
-3.600434527559055
11
5.7279693307086612
21
-3.6029890157480313
0
LINE
8
BLACK
6
CONTINUOUS
10
5.7279693307086612
20
-3.6029890157480313
11
5.7254148425196849
21
-3.6046959055118108
0
LINE
8
BLACK
6
CONTINUOUS
10
5.7254148425196849
20
-3.6046959055118108
11
5.7224015748031496
21
-3.6052952755905512
0
LINE
8
BLACK
6
CONTINUOUS
10
5.7224015748031496
20
-3.6052952755905512
11
5.6874015748031495
21
-3.6052952755905512
0
LINE
8
BLACK
6
CONTINUOUS
10
5.6874015748031495
20
-3.6052952755905512
11
5.6843883070866141
21
-3.6046959055118108
0
LINE
8
BLACK
6
CONTINUOUS
10
5.6843883070866141
20
-3.6046959055118108
11
5.6818338188976378
21
-3.6029890157480313
0
LINE
8
BLACK
6
CONTINUOUS
10
5.6818338188976378
20
-3.6029890157480313
11
5.6801269291338583
21
-3.600434527559055
0
LINE
8
BLACK
6
CONTINUOUS
10
5.6801269291338583
20
-3.600434527559055
11
5.679527559055118
21
-3.5974212598425197
0
LINE
8
BLACK
6
CONTINUOUS
10
5.679527559055118
20
-3.5974212598425197
11
5.679527559055118
21
-3.5424212598425195
0
LINE
8
BLACK
6
CONTINUOUS
10
5.679527559055118
20
-3.5424212598425195
11
5.6801269291338583
21
-3.5394079921259842
0
LINE
8
BLACK
6
CONTINUOUS
10
5.6801269291338583
20
-3.5394079921259842
11
5.6818338188976378
21
-3.5368535039370079
0
LINE
8
BLACK
6
CONTINUOUS
10
5.6818338188976378
20
-3.5368535039370079
11
5.6843883070866141
21
-3.5351466141732284
0
LINE
8
BLACK
6
CONTINUOUS
10
5.6843883070866141
20
-3.5351466141732284
11
5.6874015748031495
21
-3.5345472440944881
0
LINE
8
BLACK
6
CONTINUOUS
10
5.6874015748031495
20
-3.5345472440944881
11
5.7224015748031496
21
-3.5345472440944881
0
LINE
8
BLACK
6
CONTINUOUS
10
5.7224015748031496
20
-3.5345472440944881
11
5.7254148425196849
21
-3.5351466141732284
0
LINE
8
BLACK
6
CONTINUOUS
10
6.648568937007874
20
-3.4482401968503935
11
6.6565009055118107
21
-3.4508174409448817
0
LINE
8
BLACK
6
CONTINUOUS
10
6.6565009055118107
20
-3.4508174409448817
11
6.6639320078740152
21
-3.454603779527559
0
LINE
8
BLACK
6
CONTINUOUS
10
6.6639320078740152
20
-3.454603779527559
11
6.6706793307086611
21
-3.4595059842519684
0
LINE
8
BLACK
6
CONTINUOUS
10
6.6706793307086611
20
-3.4595059842519684
11
6.6765766929133861
21
-3.4654033464566929
0
LINE
8
BLACK
6
CONTINUOUS
10
6.6765766929133861
20
-3.4654033464566929
11
6.6814788976377955
21
-3.4721506692913384
0
LINE
8
BLACK
6
CONTINUOUS
10
6.6814788976377955
20
-3.4721506692913384
11
6.6852652362204719
21
-3.4795817716535433
0
LINE
8
BLACK
6
CONTINUOUS
10
6.6852652362204719
20
-3.4795817716535433
11
6.6878424803149601
21
-3.4875137401574801
0
LINE
8
BLACK
6
CONTINUOUS
10
6.6878424803149601
20
-3.4875137401574801
11
6.6891471653543304
21
-3.4957511811023623
0
LINE
8
BLACK
6
CONTINUOUS
10
6.6891471653543304
20
-3.4957511811023623
11
6.6891471653543304
21
-3.5040913385826773
0
LINE
8
BLACK
6
CONTINUOUS
10
6.6891471653543304
20
-3.5040913385826773
11
6.6878424803149601
21
-3.5123287795275591
0
LINE
8
BLACK
6
CONTINUOUS
10
6.6878424803149601
20
-3.5123287795275591
11
6.6852652362204719
21
-3.5202607480314958
0
LINE
8
BLACK
6
CONTINUOUS
10
6.6852652362204719
20
-3.5202607480314958
11
6.6814788976377955
21
-3.5276918503937007
0
LINE
8
BLACK
6
CONTINUOUS
10
6.6814788976377955
20
-3.5276918503937007
11
6.6765766929133861
21
-3.5344391732283462
0
LINE
8
BLACK
6
CONTINUOUS
10
6.6765766929133861
20
-3.5344391732283462
11
6.6706793307086611
21
-3.5403365354330707
0
LINE
8
BLACK
6
CONTINUOUS
10
6.6706793307086611
20
-3.5403365354330707
11
6.6639320078740152
21
-3.5452387401574801
0
LINE
8
BLACK
6
CONTINUOUS
10
6.6639320078740152
20
-3.5452387401574801
11
6.6565009055118107
21
-3.5490250787401574
0
LINE
8
BLACK
6
CONTINUOUS
10
6.6565009055118107
20
-3.5490250787401574
11
6.648568937007874
21
-3.5516023228346456
0
LINE
8
BLACK
6
CONTINUOUS
10
6.648568937007874
20
-3.5516023228346456
11
6.6403314960629922
21
-3.5529070078740155
0
LINE
8
BLACK
6
CONTINUOUS
10
6.6403314960629922
20
-3.5529070078740155
11
6.6319913385826768
21
-3.5529070078740155
0
LINE
8
BLACK
6
CONTINUOUS
10
6.6319913385826768
20
-3.5529070078740155
11
6.623753897637795
21
-3.5516023228346456
0
LINE
8
BLACK
6
CONTINUOUS
10
6.623753897637795
20
-3.5516023228346456
11
6.6158219291338582
21
-3.5490250787401574
0
LINE
8
BLACK
6
CONTINUOUS
10
6.6158219291338582
20
-3.5490250787401574
11
6.6083908267716538
21
-3.5452387401574801
0
LINE
8
BLACK
6
CONTINUOUS
10
6.6083908267716538
20
-3.5452387401574801
11
6.6016435039370078
21
-3.5403365354330707
0
LINE
8
BLACK
6
CONTINUOUS
10
6.6016435039370078
20
-3.5403365354330707
11
6.5957461417322829
21
-3.5344391732283462
0
LINE
8
BLACK
6
CONTINUOUS
10
6.5957461417322829
20
-3.5344391732283462
11
6.5908439370078735
21
-3.5276918503937007
0
LINE
8
BLACK
6
CONTINUOUS
10
6.5908439370078735
20
-3.5276918503937007
11
6.5870575984251971
21
-3.5202607480314958
0
LINE
8
BLACK
6
CONTINUOUS
10
6.5870575984251971
20
-3.5202607480314958
11
6.5844803543307089
21
-3.5123287795275591
0
LINE
8
BLACK
6
CONTINUOUS
10
6.5844803543307089
20
-3.5123287795275591
11
6.5831756692913386
21
-3.5040913385826773
0
LINE
8
BLACK
6
CONTINUOUS
10
6.5831756692913386
20
-3.5040913385826773
11
6.5831756692913386
21
-3.4957511811023623
0
LINE
8
BLACK
6
CONTINUOUS
10
6.5831756692913386
20
-3.4957511811023623
11
6.5844803543307089
21
-3.4875137401574801
0
LINE
8
BLACK
6
CONTINUOUS
10
6.5844803543307089
20
-3.4875137401574801
11
6.5870575984251971
21
-3.4795817716535433
0
LINE
8
BLACK
6
CONTINUOUS
10
6.5870575984251971
20
-3.4795817716535433
11
6.5908439370078735
21
-3.4721506692913384
0
LINE
8
BLACK
6
CONTINUOUS
10
6.5908439370078735
20
-3.4721506692913384
11
6.5957461417322829
21
-3.4654033464566929
0
LINE
8
BLACK
6
CONTINUOUS
10
6.5957461417322829
20
-3.4654033464566929
11
6.6016435039370078
21
-3.4595059842519684
0
LINE
8
BLACK
6
CONTINUOUS
10
6.6016435039370078
20
-3.4595059842519684
11
6.6083908267716538
21
-3.454603779527559
0
LINE
8
BLACK
6
CONTINUOUS
10
6.6083908267716538
20
-3.454603779527559
11
6.6158219291338582
21
-3.4508174409448817
0
LINE
8
BLACK
6
CONTINUOUS
10
6.6158219291338582
20
-3.4508174409448817
11
6.623753897637795
21
-3.4482401968503935
0
LINE
8
BLACK
6
CONTINUOUS
10
6.623753897637795
20
-3.4482401968503935
11
6.6319913385826768
21
-3.4469355118110236
0
LINE
8
BLACK
6
CONTINUOUS
10
6.6319913385826768
20
-3.4469355118110236
11
6.6403314960629922
21
-3.4469355118110236
0
LINE
8
BLACK
6
CONTINUOUS
10
6.6403314960629922
20
-3.4469355118110236
11
6.648568937007874
21
-3.4482401968503935
0
LINE
8
BLACK
6
CONTINUOUS
10
6.0249669291338579
20
-3.4381435039370078
11
6.0299516141732283
21
-3.4398877165354329
0
LINE
8
BLACK
6
CONTINUOUS
10
6.0299516141732283
20
-3.4398877165354329
11
6.0342007086614169
21
-3.4430237007874016
0
LINE
8
BLACK
6
CONTINUOUS
10
6.0342007086614169
20
-3.4430237007874016
11
6.037336692913386
21
-3.4472727952755906
0
LINE
8
BLACK
6
CONTINUOUS
10
6.037336692913386
20
-3.4472727952755906
11
6.0390809055118106
21
-3.4522574803149606
0
LINE
8
BLACK
6
CONTINUOUS
10
6.0390809055118106
20
-3.4522574803149606
11
6.0393897637795275
21
-3.4555511811023623
0
LINE
8
BLACK
6
CONTINUOUS
10
6.0393897637795275
20
-3.4555511811023623
11
6.0393897637795275
21
-3.5342913385826771
0
LINE
8
BLACK
6
CONTINUOUS
10
6.0393897637795275
20
-3.5342913385826771
11
6.0390809055118106
21
-3.5375850393700787
0
LINE
8
BLACK
6
CONTINUOUS
10
6.0390809055118106
20
-3.5375850393700787
11
6.037336692913386
21
-3.5425697244094487
0
LINE
8
BLACK
6
CONTINUOUS
10
6.037336692913386
20
-3.5425697244094487
11
6.0342007086614169
21
-3.5468188188976377
0
LINE
8
BLACK
6
CONTINUOUS
10
6.0342007086614169
20
-3.5468188188976377
11
6.0299516141732283
21
-3.5499548031496064
0
LINE
8
BLACK
6
CONTINUOUS
10
6.0299516141732283
20
-3.5499548031496064
11
6.0249669291338579
21
-3.5516990157480315
0
LINE
8
BLACK
6
CONTINUOUS
10
6.0249669291338579
20
-3.5516990157480315
11
6.0216732283464562
21
-3.5520078740157479
0
LINE
8
BLACK
6
CONTINUOUS
10
6.0216732283464562
20
-3.5520078740157479
11
5.8681299212598423
21
-3.5520078740157479
0
LINE
8
BLACK
6
CONTINUOUS
10
5.8681299212598423
20
-3.5520078740157479
11
5.8648362204724407
21
-3.5516990157480315
0
LINE
8
BLACK
6
CONTINUOUS
10
5.8648362204724407
20
-3.5516990157480315
11
5.8598515354330711
21
-3.5499548031496064
0
LINE
8
BLACK
6
CONTINUOUS
10
5.8598515354330711
20
-3.5499548031496064
11
5.8556024409448817
21
-3.5468188188976377
0
LINE
8
BLACK
6
CONTINUOUS
10
5.8556024409448817
20
-3.5468188188976377
11
5.8524664566929134
21
-3.5425697244094487
0
LINE
8
BLACK
6
CONTINUOUS
10
5.8524664566929134
20
-3.5425697244094487
11
5.8507222440944879
21
-3.5375850393700787
0
LINE
8
BLACK
6
CONTINUOUS
10
5.8507222440944879
20
-3.5375850393700787
11
5.850413385826772
21
-3.5342913385826771
0
LINE
8
BLACK
6
CONTINUOUS
10
5.850413385826772
20
-3.5342913385826771
11
5.850413385826772
21
-3.4555511811023623
0
LINE
8
BLACK
6
CONTINUOUS
10
5.850413385826772
20
-3.4555511811023623
11
5.8507222440944879
21
-3.4522574803149606
0
LINE
8
BLACK
6
CONTINUOUS
10
5.8507222440944879
20
-3.4522574803149606
11
5.8524664566929134
21
-3.4472727952755906
0
LINE
8
BLACK
6
CONTINUOUS
10
5.8524664566929134
20
-3.4472727952755906
11
5.8556024409448817
21
-3.4430237007874016
0
LINE
8
BLACK
6
CONTINUOUS
10
5.8556024409448817
20
-3.4430237007874016
11
5.8598515354330711
21
-3.4398877165354329
0
LINE
8
BLACK
6
CONTINUOUS
10
5.8598515354330711
20
-3.4398877165354329
11
5.8648362204724407
21
-3.4381435039370078
0
LINE
8
BLACK
6
CONTINUOUS
10
5.8648362204724407
20
-3.4381435039370078
11
5.8681299212598423
21
-3.4378346456692914
0
LINE
8
BLACK
6
CONTINUOUS
10
5.8681299212598423
20
-3.4378346456692914
11
6.0216732283464562
21
-3.4378346456692914
0
LINE
8
BLACK
6
CONTINUOUS
10
6.0216732283464562
20
-3.4378346456692914
11
6.0249669291338579
21
-3.4381435039370078
0
LINE
8
BLACK
6
CONTINUOUS
10
6.355675590551181
20
-3.4381435039370078
11
6.3606602755905515
21
-3.4398877165354329
0
LINE
8
BLACK
6
CONTINUOUS
10
6.3606602755905515
20
-3.4398877165354329
11
6.36490937007874
21
-3.4430237007874016
0
LINE
8
BLACK
6
CONTINUOUS
10
6.36490937007874
20
-3.4430237007874016
11
6.3680453543307083
21
-3.4472727952755906
0
LINE
8
BLACK
6
CONTINUOUS
10
6.3680453543307083
20
-3.4472727952755906
11
6.3697895669291338
21
-3.4522574803149606
0
LINE
8
BLACK
6
CONTINUOUS
10
6.3697895669291338
20
-3.4522574803149606
11
6.3700984251968507
21
-3.4555511811023623
0
LINE
8
BLACK
6
CONTINUOUS
10
6.3700984251968507
20
-3.4555511811023623
11
6.3700984251968507
21
-3.5342913385826771
0
LINE
8
BLACK
6
CONTINUOUS
10
6.3700984251968507
20
-3.5342913385826771
11
6.3697895669291338
21
-3.5375850393700787
0
LINE
8
BLACK
6
CONTINUOUS
10
6.3697895669291338
20
-3.5375850393700787
11
6.3680453543307083
21
-3.5425697244094487
0
LINE
8
BLACK
6
CONTINUOUS
10
6.3680453543307083
20
-3.5425697244094487
11
6.36490937007874
21
-3.5468188188976377
0
LINE
8
BLACK
6
CONTINUOUS
10
6.36490937007874
20
-3.5468188188976377
11
6.3606602755905515
21
-3.5499548031496064
0
LINE
8
BLACK
6
CONTINUOUS
10
6.3606602755905515
20
-3.5499548031496064
11
6.355675590551181
21
-3.5516990157480315
0
LINE
8
BLACK
6
CONTINUOUS
10
6.355675590551181
20
-3.5516990157480315
11
6.3523818897637794
21
-3.5520078740157479
0
LINE
8
BLACK
6
CONTINUOUS
10
6.3523818897637794
20
-3.5520078740157479
11
6.1988385826771655
21
-3.5520078740157479
0
LINE
8
BLACK
6
CONTINUOUS
10
6.1988385826771655
20
-3.5520078740157479
11
6.1955448818897638
21
-3.5516990157480315
0
LINE
8
BLACK
6
CONTINUOUS
10
6.1955448818897638
20
-3.5516990157480315
11
6.1905601968503934
21
-3.5499548031496064
0
LINE
8
BLACK
6
CONTINUOUS
10
6.1905601968503934
20
-3.5499548031496064
11
6.1863111023622048
21
-3.5468188188976377
0
LINE
8
BLACK
6
CONTINUOUS
10
6.1863111023622048
20
-3.5468188188976377
11
6.1831751181102357
21
-3.5425697244094487
0
LINE
8
BLACK
6
CONTINUOUS
10
6.1831751181102357
20
-3.5425697244094487
11
6.1814309055118111
21
-3.5375850393700787
0
LINE
8
BLACK
6
CONTINUOUS
10
6.1814309055118111
20
-3.5375850393700787
11
6.1811220472440942
21
-3.5342913385826771
0
LINE
8
BLACK
6
CONTINUOUS
10
6.1811220472440942
20
-3.5342913385826771
11
6.1811220472440942
21
-3.4555511811023623
0
LINE
8
BLACK
6
CONTINUOUS
10
6.1811220472440942
20
-3.4555511811023623
11
6.1814309055118111
21
-3.4522574803149606
0
LINE
8
BLACK
6
CONTINUOUS
10
6.1814309055118111
20
-3.4522574803149606
11
6.1831751181102357
21
-3.4472727952755906
0
LINE
8
BLACK
6
CONTINUOUS
10
6.1831751181102357
20
-3.4472727952755906
11
6.1863111023622048
21
-3.4430237007874016
0
LINE
8
BLACK
6
CONTINUOUS
10
6.1863111023622048
20
-3.4430237007874016
11
6.1905601968503934
21
-3.4398877165354329
0
LINE
8
BLACK
6
CONTINUOUS
10
6.1905601968503934
20
-3.4398877165354329
11
6.1955448818897638
21
-3.4381435039370078
0
LINE
8
BLACK
6
CONTINUOUS
10
6.1955448818897638
20
-3.4381435039370078
11
6.1988385826771655
21
-3.4378346456692914
0
LINE
8
BLACK
6
CONTINUOUS
10
6.1988385826771655
20
-3.4378346456692914
11
6.3523818897637794
21
-3.4378346456692914
0
LINE
8
BLACK
6
CONTINUOUS
10
6.3523818897637794
20
-3.4378346456692914
11
6.355675590551181
21
-3.4381435039370078
0
LINE
8
BLACK
6
CONTINUOUS
10
6.5761825590551179
20
-3.4631190551181104
11
6.5787370472440942
21
-3.4648259448818899
0
LINE
8
BLACK
6
CONTINUOUS
10
6.5787370472440942
20
-3.4648259448818899
11
6.5804439370078738
21
-3.4673804330708662
0
LINE
8
BLACK
6
CONTINUOUS
10
6.5804439370078738
20
-3.4673804330708662
11
6.5810433070866141
21
-3.4703937007874015
0
LINE
8
BLACK
6
CONTINUOUS
10
6.5810433070866141
20
-3.4703937007874015
11
6.5810433070866141
21
-3.5294488188976376
0
LINE
8
BLACK
6
CONTINUOUS
10
6.5810433070866141
20
-3.5294488188976376
11
6.5804439370078738
21
-3.5324620866141729
0
LINE
8
BLACK
6
CONTINUOUS
10
6.5804439370078738
20
-3.5324620866141729
11
6.5787370472440942
21
-3.5350165748031497
0
LINE
8
BLACK
6
CONTINUOUS
10
6.5787370472440942
20
-3.5350165748031497
11
6.5761825590551179
21
-3.5367234645669292
0
LINE
8
BLACK
6
CONTINUOUS
10
6.5761825590551179
20
-3.5367234645669292
11
6.5731692913385826
21
-3.5373228346456691
0
LINE
8
BLACK
6
CONTINUOUS
10
6.5731692913385826
20
-3.5373228346456691
11
6.5357677165354326
21
-3.5373228346456691
0
LINE
8
BLACK
6
CONTINUOUS
10
6.5357677165354326
20
-3.5373228346456691
11
6.5327544488188973
21
-3.5367234645669292
0
LINE
8
BLACK
6
CONTINUOUS
10
6.5327544488188973
20
-3.5367234645669292
11
6.530199960629921
21
-3.5350165748031497
0
LINE
8
BLACK
6
CONTINUOUS
10
6.530199960629921
20
-3.5350165748031497
11
6.5284930708661415
21
-3.5324620866141729
0
LINE
8
BLACK
6
CONTINUOUS
10
6.5284930708661415
20
-3.5324620866141729
11
6.5278937007874012
21
-3.5294488188976376
0
LINE
8
BLACK
6
CONTINUOUS
10
6.5278937007874012
20
-3.5294488188976376
11
6.5278937007874012
21
-3.4703937007874015
0
LINE
8
BLACK
6
CONTINUOUS
10
6.5278937007874012
20
-3.4703937007874015
11
6.5284930708661415
21
-3.4673804330708662
0
LINE
8
BLACK
6
CONTINUOUS
10
6.5284930708661415
20
-3.4673804330708662
11
6.530199960629921
21
-3.4648259448818899
0
LINE
8
BLACK
6
CONTINUOUS
10
6.530199960629921
20
-3.4648259448818899
11
6.5327544488188973
21
-3.4631190551181104
0
LINE
8
BLACK
6
CONTINUOUS
10
6.5327544488188973
20
-3.4631190551181104
11
6.5357677165354326
21
-3.46251968503937
0
LINE
8
BLACK
6
CONTINUOUS
10
6.5357677165354326
20
-3.46251968503937
11
6.5731692913385826
21
-3.46251968503937
0
LINE
8
BLACK
6
CONTINUOUS
10
6.5731692913385826
20
-3.46251968503937
11
6.5761825590551179
21
-3.4631190551181104
0
LINE
8
BLACK
6
CONTINUOUS
10
6.7395683858267716
20
-3.4631190551181104
11
6.7421228740157479
21
-3.4648259448818899
0
LINE
8
BLACK
6
CONTINUOUS
10
6.7421228740157479
20
-3.4648259448818899
11
6.7438297637795275
21
-3.4673804330708662
0
LINE
8
BLACK
6
CONTINUOUS
10
6.7438297637795275
20
-3.4673804330708662
11
6.7444291338582678
21
-3.4703937007874015
0
LINE
8
BLACK
6
CONTINUOUS
10
6.7444291338582678
20
-3.4703937007874015
11
6.7444291338582678
21
-3.5294488188976376
0
LINE
8
BLACK
6
CONTINUOUS
10
6.7444291338582678
20
-3.5294488188976376
11
6.7438297637795275
21
-3.5324620866141729
0
LINE
8
BLACK
6
CONTINUOUS
10
6.7438297637795275
20
-3.5324620866141729
11
6.7421228740157479
21
-3.5350165748031497
0
LINE
8
BLACK
6
CONTINUOUS
10
6.7421228740157479
20
-3.5350165748031497
11
6.7395683858267716
21
-3.5367234645669292
0
LINE
8
BLACK
6
CONTINUOUS
10
6.7395683858267716
20
-3.5367234645669292
11
6.7365551181102363
21
-3.5373228346456691
0
LINE
8
BLACK
6
CONTINUOUS
10
6.7365551181102363
20
-3.5373228346456691
11
6.6991535433070863
21
-3.5373228346456691
0
LINE
8
BLACK
6
CONTINUOUS
10
6.6991535433070863
20
-3.5373228346456691
11
6.696140275590551
21
-3.5367234645669292
0
LINE
8
BLACK
6
CONTINUOUS
10
6.696140275590551
20
-3.5367234645669292
11
6.6935857874015747
21
-3.5350165748031497
0
LINE
8
BLACK
6
CONTINUOUS
10
6.6935857874015747
20
-3.5350165748031497
11
6.6918788976377952
21
-3.5324620866141729
0
LINE
8
BLACK
6
CONTINUOUS
10
6.6918788976377952
20
-3.5324620866141729
11
6.6912795275590549
21
-3.5294488188976376
0
LINE
8
BLACK
6
CONTINUOUS
10
6.6912795275590549
20
-3.5294488188976376
11
6.6912795275590549
21
-3.4703937007874015
0
LINE
8
BLACK
6
CONTINUOUS
10
6.6912795275590549
20
-3.4703937007874015
11
6.6918788976377952
21
-3.4673804330708662
0
LINE
8
BLACK
6
CONTINUOUS
10
6.6918788976377952
20
-3.4673804330708662
11
6.6935857874015747
21
-3.4648259448818899
0
LINE
8
BLACK
6
CONTINUOUS
10
6.6935857874015747
20
-3.4648259448818899
11
6.696140275590551
21
-3.4631190551181104
0
LINE
8
BLACK
6
CONTINUOUS
10
6.696140275590551
20
-3.4631190551181104
11
6.6991535433070863
21
-3.46251968503937
0
LINE
8
BLACK
6
CONTINUOUS
10
6.6991535433070863
20
-3.46251968503937
11
6.7365551181102363
21
-3.46251968503937
0
LINE
8
BLACK
6
CONTINUOUS
10
6.7365551181102363
20
-3.46251968503937
11
6.7395683858267716
21
-3.4631190551181104
0
LINE
8
BLACK
6
CONTINUOUS
10
6.4354148425196849
20
-3.4651466141732281
11
6.4379693307086612
21
-3.4668535039370076
0
LINE
8
BLACK
6
CONTINUOUS
10
6.4379693307086612
20
-3.4668535039370076
11
6.4396762204724407
21
-3.4694079921259844
0
LINE
8
BLACK
6
CONTINUOUS
10
6.4396762204724407
20
-3.4694079921259844
11
6.440275590551181
21
-3.4724212598425197
0
LINE
8
BLACK
6
CONTINUOUS
10
6.440275590551181
20
-3.4724212598425197
11
6.440275590551181
21
-3.5274212598425194
0
LINE
8
BLACK
6
CONTINUOUS
10
6.440275590551181
20
-3.5274212598425194
11
6.4396762204724407
21
-3.5304345275590552
0
LINE
8
BLACK
6
CONTINUOUS
10
6.4396762204724407
20
-3.5304345275590552
11
6.4379693307086612
21
-3.5329890157480315
0
LINE
8
BLACK
6
CONTINUOUS
10
6.4379693307086612
20
-3.5329890157480315
11
6.4354148425196849
21
-3.534695905511811
0
LINE
8
BLACK
6
CONTINUOUS
10
6.4354148425196849
20
-3.534695905511811
11
6.4324015748031496
21
-3.5352952755905509
0
LINE
8
BLACK
6
CONTINUOUS
10
6.4324015748031496
20
-3.5352952755905509
11
6.3974015748031494
21
-3.5352952755905509
0
LINE
8
BLACK
6
CONTINUOUS
10
6.3974015748031494
20
-3.5352952755905509
11
6.3943883070866141
21
-3.534695905511811
0
LINE
8
BLACK
6
CONTINUOUS
10
6.3943883070866141
20
-3.534695905511811
11
6.3918338188976378
21
-3.5329890157480315
0
LINE
8
BLACK
6
CONTINUOUS
10
6.3918338188976378
20
-3.5329890157480315
11
6.3901269291338583
21
-3.5304345275590552
0
LINE
8
BLACK
6
CONTINUOUS
10
6.3901269291338583
20
-3.5304345275590552
11
6.3895275590551179
21
-3.5274212598425194
0
LINE
8
BLACK
6
CONTINUOUS
10
6.3895275590551179
20
-3.5274212598425194
11
6.3895275590551179
21
-3.4724212598425197
0
LINE
8
BLACK
6
CONTINUOUS
10
6.3895275590551179
20
-3.4724212598425197
11
6.3901269291338583
21
-3.4694079921259844
0
LINE
8
BLACK
6
CONTINUOUS
10
6.3901269291338583
20
-3.4694079921259844
11
6.3918338188976378
21
-3.4668535039370076
0
LINE
8
BLACK
6
CONTINUOUS
10
6.3918338188976378
20
-3.4668535039370076
11
6.3943883070866141
21
-3.4651466141732281
0
LINE
8
BLACK
6
CONTINUOUS
10
6.3943883070866141
20
-3.4651466141732281
11
6.3974015748031494
21
-3.4645472440944882
0
LINE
8
BLACK
6
CONTINUOUS
10
6.3974015748031494
20
-3.4645472440944882
11
6.4324015748031496
21
-3.4645472440944882
0
LINE
8
BLACK
6
CONTINUOUS
10
6.4324015748031496
20
-3.4645472440944882
11
6.4354148425196849
21
-3.4651466141732281
0
LINE
8
BLACK
6
CONTINUOUS
10
6.5104148425196851
20
-3.4651466141732281
11
6.5129693307086614
21
-3.4668535039370076
0
LINE
8
BLACK
6
CONTINUOUS
10
6.5129693307086614
20
-3.4668535039370076
11
6.5146762204724409
21
-3.4694079921259844
0
LINE
8
BLACK
6
CONTINUOUS
10
6.5146762204724409
20
-3.4694079921259844
11
6.5152755905511812
21
-3.4724212598425197
0
LINE
8
BLACK
6
CONTINUOUS
10
6.5152755905511812
20
-3.4724212598425197
11
6.5152755905511812
21
-3.5274212598425194
0
LINE
8
BLACK
6
CONTINUOUS
10
6.5152755905511812
20
-3.5274212598425194
11
6.5146762204724409
21
-3.5304345275590552
0
LINE
8
BLACK
6
CONTINUOUS
10
6.5146762204724409
20
-3.5304345275590552
11
6.5129693307086614
21
-3.5329890157480315
0
LINE
8
BLACK
6
CONTINUOUS
10
6.5129693307086614
20
-3.5329890157480315
11
6.5104148425196851
21
-3.534695905511811
0
LINE
8
BLACK
6
CONTINUOUS
10
6.5104148425196851
20
-3.534695905511811
11
6.5074015748031497
21
-3.5352952755905509
0
LINE
8
BLACK
6
CONTINUOUS
10
6.5074015748031497
20
-3.5352952755905509
11
6.4724015748031496
21
-3.5352952755905509
0
LINE
8
BLACK
6
CONTINUOUS
10
6.4724015748031496
20
-3.5352952755905509
11
6.4693883070866143
21
-3.534695905511811
0
LINE
8
BLACK
6
CONTINUOUS
10
6.4693883070866143
20
-3.534695905511811
11
6.466833818897638
21
-3.5329890157480315
0
LINE
8
BLACK
6
CONTINUOUS
10
6.466833818897638
20
-3.5329890157480315
11
6.4651269291338584
21
-3.5304345275590552
0
LINE
8
BLACK
6
CONTINUOUS
10
6.4651269291338584
20
-3.5304345275590552
11
6.4645275590551181
21
-3.5274212598425194
0
LINE
8
BLACK
6
CONTINUOUS
10
6.4645275590551181
20
-3.5274212598425194
11
6.4645275590551181
21
-3.4724212598425197
0
LINE
8
BLACK
6
CONTINUOUS
10
6.4645275590551181
20
-3.4724212598425197
11
6.4651269291338584
21
-3.4694079921259844
0
LINE
8
BLACK
6
CONTINUOUS
10
6.4651269291338584
20
-3.4694079921259844
11
6.466833818897638
21
-3.4668535039370076
0
LINE
8
BLACK
6
CONTINUOUS
10
6.466833818897638
20
-3.4668535039370076
11
6.4693883070866143
21
-3.4651466141732281
0
LINE
8
BLACK
6
CONTINUOUS
10
6.4693883070866143
20
-3.4651466141732281
11
6.4724015748031496
21
-3.4645472440944882
0
LINE
8
BLACK
6
CONTINUOUS
10
6.4724015748031496
20
-3.4645472440944882
11
6.5074015748031497
21
-3.4645472440944882
0
LINE
8
BLACK
6
CONTINUOUS
10
6.5074015748031497
20
-3.4645472440944882
11
6.5104148425196851
21
-3.4651466141732281
0
LINE
8
BLACK
6
CONTINUOUS
10
5.663780984251968
20
-3.3848513385826773
11
5.6663354724409452
21
-3.3865582283464568
0
LINE
8
BLACK
6
CONTINUOUS
10
5.6663354724409452
20
-3.3865582283464568
11
5.6680423622047247
21
-3.3891127165354331
0
LINE
8
BLACK
6
CONTINUOUS
10
5.6680423622047247
20
-3.3891127165354331
11
5.6686417322834641
21
-3.3921259842519684
0
LINE
8
BLACK
6
CONTINUOUS
10
5.6686417322834641
20
-3.3921259842519684
11
5.6686417322834641
21
-3.4177165354330707
0
LINE
8
BLACK
6
CONTINUOUS
10
5.6686417322834641
20
-3.4177165354330707
11
5.6680423622047247
21
-3.4207298031496061
0
LINE
8
BLACK
6
CONTINUOUS
10
5.6680423622047247
20
-3.4207298031496061
11
5.6663354724409452
21
-3.4232842913385828
0
LINE
8
BLACK
6
CONTINUOUS
10
5.6663354724409452
20
-3.4232842913385828
11
5.6658299606299209
21
-3.4236220472440944
0
LINE
8
BLACK
6
CONTINUOUS
10
5.6658299606299209
20
-3.4236220472440944
11
5.6663354724409452
21
-3.4239598031496064
0
LINE
8
BLACK
6
CONTINUOUS
10
5.6663354724409452
20
-3.4239598031496064
11
5.6680423622047247
21
-3.4265142913385827
0
LINE
8
BLACK
6
CONTINUOUS
10
5.6680423622047247
20
-3.4265142913385827
11
5.6686417322834641
21
-3.429527559055118
0
LINE
8
BLACK
6
CONTINUOUS
10
5.6686417322834641
20
-3.429527559055118
11
5.6686417322834641
21
-3.4551181102362203
0
LINE
8
BLACK
6
CONTINUOUS
10
5.6686417322834641
20
-3.4551181102362203
11
5.6680423622047247
21
-3.458131377952756
0
LINE
8
BLACK
6
CONTINUOUS
10
5.6680423622047247
20
-3.458131377952756
11
5.6663354724409452
21
-3.4606858661417323
0
LINE
8
BLACK
6
CONTINUOUS
10
5.6663354724409452
20
-3.4606858661417323
11
5.6658299606299209
21
-3.4610236220472439
0
LINE
8
BLACK
6
CONTINUOUS
10
5.6658299606299209
20
-3.4610236220472439
11
5.6663354724409452
21
-3.4613613779527559
0
LINE
8
BLACK
6
CONTINUOUS
10
5.6663354724409452
20
-3.4613613779527559
11
5.6680423622047247
21
-3.4639158661417322
0
LINE
8
BLACK
6
CONTINUOUS
10
5.6680423622047247
20
-3.4639158661417322
11
5.6686417322834641
21
-3.4669291338582675
0
LINE
8
BLACK
6
CONTINUOUS
10
5.6686417322834641
20
-3.4669291338582675
11
5.6686417322834641
21
-3.4925196850393698
0
LINE
8
BLACK
6
CONTINUOUS
10
5.6686417322834641
20
-3.4925196850393698
11
5.6680423622047247
21
-3.4955329527559056
0
LINE
8
BLACK
6
CONTINUOUS
10
5.6680423622047247
20
-3.4955329527559056
11
5.6663354724409452
21
-3.4980874409448819
0
LINE
8
BLACK
6
CONTINUOUS
10
5.6663354724409452
20
-3.4980874409448819
11
5.663780984251968
21
-3.4997943307086614
0
LINE
8
BLACK
6
CONTINUOUS
10
5.663780984251968
20
-3.4997943307086614
11
5.6607677165354326
21
-3.5003937007874013
0
LINE
8
BLACK
6
CONTINUOUS
10
5.6607677165354326
20
-3.5003937007874013
11
5.6190354330708656
21
-3.5003937007874013
0
LINE
8
BLACK
6
CONTINUOUS
10
5.6190354330708656
20
-3.5003937007874013
11
5.6160221653543303
21
-3.4997943307086614
0
LINE
8
BLACK
6
CONTINUOUS
10
5.6160221653543303
20
-3.4997943307086614
11
5.613467677165354
21
-3.4980874409448819
0
LINE
8
BLACK
6
CONTINUOUS
10
5.613467677165354
20
-3.4980874409448819
11
5.6117607874015745
21
-3.4955329527559056
0
LINE
8
BLACK
6
CONTINUOUS
10
5.6117607874015745
20
-3.4955329527559056
11
5.6111614173228341
21
-3.4925196850393698
0
LINE
8
BLACK
6
CONTINUOUS
10
5.6111614173228341
20
-3.4925196850393698
11
5.6111614173228341
21
-3.4669291338582675
0
LINE
8
BLACK
6
CONTINUOUS
10
5.6111614173228341
20
-3.4669291338582675
11
5.6117607874015745
21
-3.4639158661417322
0
LINE
8
BLACK
6
CONTINUOUS
10
5.6117607874015745
20
-3.4639158661417322
11
5.613467677165354
21
-3.4613613779527559
0
LINE
8
BLACK
6
CONTINUOUS
10
5.613467677165354
20
-3.4613613779527559
11
5.6139731496062995
21
-3.4610236220472439
0
LINE
8
BLACK
6
CONTINUOUS
10
5.6139731496062995
20
-3.4610236220472439
11
5.613467677165354
21
-3.4606858661417323
0
LINE
8
BLACK
6
CONTINUOUS
10
5.613467677165354
20
-3.4606858661417323
11
5.6117607874015745
21
-3.458131377952756
0
LINE
8
BLACK
6
CONTINUOUS
10
5.6117607874015745
20
-3.458131377952756
11
5.6111614173228341
21
-3.4551181102362203
0
LINE
8
BLACK
6
CONTINUOUS
10
5.6111614173228341
20
-3.4551181102362203
11
5.6111614173228341
21
-3.429527559055118
0
LINE
8
BLACK
6
CONTINUOUS
10
5.6111614173228341
20
-3.429527559055118
11
5.6117607874015745
21
-3.4265142913385827
0
LINE
8
BLACK
6
CONTINUOUS
10
5.6117607874015745
20
-3.4265142913385827
11
5.613467677165354
21
-3.4239598031496064
0
LINE
8
BLACK
6
CONTINUOUS
10
5.613467677165354
20
-3.4239598031496064
11
5.6139731496062995
21
-3.4236220472440944
0
LINE
8
BLACK
6
CONTINUOUS
10
5.6139731496062995
20
-3.4236220472440944
11
5.613467677165354
21
-3.4232842913385828
0
LINE
8
BLACK
6
CONTINUOUS
10
5.613467677165354
20
-3.4232842913385828
11
5.6117607874015745
21
-3.4207298031496061
0
LINE
8
BLACK
6
CONTINUOUS
10
5.6117607874015745
20
-3.4207298031496061
11
5.6111614173228341
21
-3.4177165354330707
0
LINE
8
BLACK
6
CONTINUOUS
10
5.6111614173228341
20
-3.4177165354330707
11
5.6111614173228341
21
-3.3921259842519684
0
LINE
8
BLACK
6
CONTINUOUS
10
5.6111614173228341
20
-3.3921259842519684
11
5.6117607874015745
21
-3.3891127165354331
0
LINE
8
BLACK
6
CONTINUOUS
10
5.6117607874015745
20
-3.3891127165354331
11
5.613467677165354
21
-3.3865582283464568
0
LINE
8
BLACK
6
CONTINUOUS
10
5.613467677165354
20
-3.3865582283464568
11
5.6160221653543303
21
-3.3848513385826773
0
LINE
8
BLACK
6
CONTINUOUS
10
5.6160221653543303
20
-3.3848513385826773
11
5.6190354330708656
21
-3.3842519685039369
0
LINE
8
BLACK
6
CONTINUOUS
10
5.6190354330708656
20
-3.3842519685039369
11
5.6607677165354326
21
-3.3842519685039369
0
LINE
8
BLACK
6
CONTINUOUS
10
5.6607677165354326
20
-3.3842519685039369
11
5.663780984251968
21
-3.3848513385826773
0
LINE
8
BLACK
6
CONTINUOUS
10
5.7503951574803152
20
-3.4596544881889764
11
5.7529496456692915
21
-3.4613613779527559
0
LINE
8
BLACK
6
CONTINUOUS
10
5.7529496456692915
20
-3.4613613779527559
11
5.754656535433071
21
-3.4639158661417322
0
LINE
8
BLACK
6
CONTINUOUS
10
5.754656535433071
20
-3.4639158661417322
11
5.7552559055118113
21
-3.4669291338582675
0
LINE
8
BLACK
6
CONTINUOUS
10
5.7552559055118113
20
-3.4669291338582675
11
5.7552559055118113
21
-3.4925196850393698
0
LINE
8
BLACK
6
CONTINUOUS
10
5.7552559055118113
20
-3.4925196850393698
11
5.754656535433071
21
-3.4955329527559056
0
LINE
8
BLACK
6
CONTINUOUS
10
5.754656535433071
20
-3.4955329527559056
11
5.7529496456692915
21
-3.4980874409448819
0
LINE
8
BLACK
6
CONTINUOUS
10
5.7529496456692915
20
-3.4980874409448819
11
5.7503951574803152
21
-3.4997943307086614
0
LINE
8
BLACK
6
CONTINUOUS
10
5.7503951574803152
20
-3.4997943307086614
11
5.7473818897637798
21
-3.5003937007874013
0
LINE
8
BLACK
6
CONTINUOUS
10
5.7473818897637798
20
-3.5003937007874013
11
5.7056496062992128
21
-3.5003937007874013
0
LINE
8
BLACK
6
CONTINUOUS
10
5.7056496062992128
20
-3.5003937007874013
11
5.7026363385826766
21
-3.4997943307086614
0
LINE
8
BLACK
6
CONTINUOUS
10
5.7026363385826766
20
-3.4997943307086614
11
5.7000818503937003
21
-3.4980874409448819
0
LINE
8
BLACK
6
CONTINUOUS
10
5.7000818503937003
20
-3.4980874409448819
11
5.6983749606299208
21
-3.4955329527559056
0
LINE
8
BLACK
6
CONTINUOUS
10
5.6983749606299208
20
-3.4955329527559056
11
5.6977755905511813
21
-3.4925196850393698
0
LINE
8
BLACK
6
CONTINUOUS
10
5.6977755905511813
20
-3.4925196850393698
11
5.6977755905511813
21
-3.4669291338582675
0
LINE
8
BLACK
6
CONTINUOUS
10
5.6977755905511813
20
-3.4669291338582675
11
5.6983749606299208
21
-3.4639158661417322
0
LINE
8
BLACK
6
CONTINUOUS
10
5.6983749606299208
20
-3.4639158661417322
11
5.7000818503937003
21
-3.4613613779527559
0
LINE
8
BLACK
6
CONTINUOUS
10
5.7000818503937003
20
-3.4613613779527559
11
5.7026363385826766
21
-3.4596544881889764
0
LINE
8
BLACK
6
CONTINUOUS
10
5.7026363385826766
20
-3.4596544881889764
11
5.7056496062992128
21
-3.459055118110236
0
LINE
8
BLACK
6
CONTINUOUS
10
5.7056496062992128
20
-3.459055118110236
11
5.7473818897637798
21
-3.459055118110236
0
LINE
8
BLACK
6
CONTINUOUS
10
5.7473818897637798
20
-3.459055118110236
11
5.7503951574803152
21
-3.4596544881889764
0
LINE
8
BLACK
6
CONTINUOUS
10
5.5854148425196852
20
-3.4501466141732284
11
5.5879693307086615
21
-3.451853503937008
0
LINE
8
BLACK
6
CONTINUOUS
10
5.5879693307086615
20
-3.451853503937008
11
5.5896762204724411
21
-3.4544079921259843
0
LINE
8
BLACK
6
CONTINUOUS
10
5.5896762204724411
20
-3.4544079921259843
11
5.5902755905511814
21
-3.4574212598425196
0
LINE
8
BLACK
6
CONTINUOUS
10
5.5902755905511814
20
-3.4574212598425196
11
5.5902755905511814
21
-3.4924212598425197
0
LINE
8
BLACK
6
CONTINUOUS
10
5.5902755905511814
20
-3.4924212598425197
11
5.5896762204724411
21
-3.495434527559055
0
LINE
8
BLACK
6
CONTINUOUS
10
5.5896762204724411
20
-3.495434527559055
11
5.5879693307086615
21
-3.4979890157480313
0
LINE
8
BLACK
6
CONTINUOUS
10
5.5879693307086615
20
-3.4979890157480313
11
5.5854148425196852
21
-3.4996959055118109
0
LINE
8
BLACK
6
CONTINUOUS
10
5.5854148425196852
20
-3.4996959055118109
11
5.5824015748031499
21
-3.5002952755905512
0
LINE
8
BLACK
6
CONTINUOUS
10
5.5824015748031499
20
-3.5002952755905512
11
5.5274015748031493
21
-3.5002952755905512
0
LINE
8
BLACK
6
CONTINUOUS
10
5.5274015748031493
20
-3.5002952755905512
11
5.524388307086614
21
-3.4996959055118109
0
LINE
8
BLACK
6
CONTINUOUS
10
5.524388307086614
20
-3.4996959055118109
11
5.5218338188976377
21
-3.4979890157480313
0
LINE
8
BLACK
6
CONTINUOUS
10
5.5218338188976377
20
-3.4979890157480313
11
5.5201269291338582
21
-3.495434527559055
0
LINE
8
BLACK
6
CONTINUOUS
10
5.5201269291338582
20
-3.495434527559055
11
5.5195275590551178
21
-3.4924212598425197
0
LINE
8
BLACK
6
CONTINUOUS
10
5.5195275590551178
20
-3.4924212598425197
11
5.5195275590551178
21
-3.4574212598425196
0
LINE
8
BLACK
6
CONTINUOUS
10
5.5195275590551178
20
-3.4574212598425196
11
5.5201269291338582
21
-3.4544079921259843
0
LINE
8
BLACK
6
CONTINUOUS
10
5.5201269291338582
20
-3.4544079921259843
11
5.5218338188976377
21
-3.451853503937008
0
LINE
8
BLACK
6
CONTINUOUS
10
5.5218338188976377
20
-3.451853503937008
11
5.524388307086614
21
-3.4501466141732284
0
LINE
8
BLACK
6
CONTINUOUS
10
5.524388307086614
20
-3.4501466141732284
11
5.5274015748031493
21
-3.4495472440944881
0
LINE
8
BLACK
6
CONTINUOUS
10
5.5274015748031493
20
-3.4495472440944881
11
5.5824015748031499
21
-3.4495472440944881
0
LINE
8
BLACK
6
CONTINUOUS
10
5.5824015748031499
20
-3.4495472440944881
11
5.5854148425196852
21
-3.4501466141732284
0
LINE
8
BLACK
6
CONTINUOUS
10
5.3727228346456695
20
-3.3501907480314959
11
5.377707519685039
21
-3.3519349606299214
0
LINE
8
BLACK
6
CONTINUOUS
10
5.377707519685039
20
-3.3519349606299214
11
5.3819566141732285
21
-3.3550709448818896
0
LINE
8
BLACK
6
CONTINUOUS
10
5.3819566141732285
20
-3.3550709448818896
11
5.3850925984251967
21
-3.3593200393700786
0
LINE
8
BLACK
6
CONTINUOUS
10
5.3850925984251967
20
-3.3593200393700786
11
5.3868368110236222
21
-3.3643047244094486
0
LINE
8
BLACK
6
CONTINUOUS
10
5.3868368110236222
20
-3.3643047244094486
11
5.3871456692913382
21
-3.3675984251968503
0
LINE
8
BLACK
6
CONTINUOUS
10
5.3871456692913382
20
-3.3675984251968503
11
5.3871456692913382
21
-3.4522440944881887
0
LINE
8
BLACK
6
CONTINUOUS
10
5.3871456692913382
20
-3.4522440944881887
11
5.3868368110236222
21
-3.4555377952755904
0
LINE
8
BLACK
6
CONTINUOUS
10
5.3868368110236222
20
-3.4555377952755904
11
5.3850925984251967
21
-3.4605224803149603
0
LINE
8
BLACK
6
CONTINUOUS
10
5.3850925984251967
20
-3.4605224803149603
11
5.3819566141732285
21
-3.4647715748031493
0
LINE
8
BLACK
6
CONTINUOUS
10
5.3819566141732285
20
-3.4647715748031493
11
5.377707519685039
21
-3.467907559055118
0
LINE
8
BLACK
6
CONTINUOUS
10
5.377707519685039
20
-3.467907559055118
11
5.3727228346456695
21
-3.4696517716535431
0
LINE
8
BLACK
6
CONTINUOUS
10
5.3727228346456695
20
-3.4696517716535431
11
5.3694291338582678
21
-3.46996062992126
0
LINE
8
BLACK
6
CONTINUOUS
10
5.3694291338582678
20
-3.46996062992126
11
5.3399015748031493
21
-3.46996062992126
0
LINE
8
BLACK
6
CONTINUOUS
10
5.3399015748031493
20
-3.46996062992126
11
5.3366078740157477
21
-3.4696517716535431
0
LINE
8
BLACK
6
CONTINUOUS
10
5.3366078740157477
20
-3.4696517716535431
11
5.3316231889763781
21
-3.467907559055118
0
LINE
8
BLACK
6
CONTINUOUS
10
5.3316231889763781
20
-3.467907559055118
11
5.3273740944881887
21
-3.4647715748031493
0
LINE
8
BLACK
6
CONTINUOUS
10
5.3273740944881887
20
-3.4647715748031493
11
5.3242381102362204
21
-3.4605224803149603
0
LINE
8
BLACK
6
CONTINUOUS
10
5.3242381102362204
20
-3.4605224803149603
11
5.3224938976377949
21
-3.4555377952755904
0
LINE
8
BLACK
6
CONTINUOUS
10
5.3224938976377949
20
-3.4555377952755904
11
5.3221850393700789
21
-3.4522440944881887
0
LINE
8
BLACK
6
CONTINUOUS
10
5.3221850393700789
20
-3.4522440944881887
11
5.3221850393700789
21
-3.3675984251968503
0
LINE
8
BLACK
6
CONTINUOUS
10
5.3221850393700789
20
-3.3675984251968503
11
5.3224938976377949
21
-3.3643047244094486
0
LINE
8
BLACK
6
CONTINUOUS
10
5.3224938976377949
20
-3.3643047244094486
11
5.3242381102362204
21
-3.3593200393700786
0
LINE
8
BLACK
6
CONTINUOUS
10
5.3242381102362204
20
-3.3593200393700786
11
5.3273740944881887
21
-3.3550709448818896
0
LINE
8
BLACK
6
CONTINUOUS
10
5.3273740944881887
20
-3.3550709448818896
11
5.3316231889763781
21
-3.3519349606299214
0
LINE
8
BLACK
6
CONTINUOUS
10
5.3316231889763781
20
-3.3519349606299214
11
5.3366078740157477
21
-3.3501907480314959
0
LINE
8
BLACK
6
CONTINUOUS
10
5.3366078740157477
20
-3.3501907480314959
11
5.3399015748031493
21
-3.3498818897637794
0
LINE
8
BLACK
6
CONTINUOUS
10
5.3399015748031493
20
-3.3498818897637794
11
5.3694291338582678
21
-3.3498818897637794
0
LINE
8
BLACK
6
CONTINUOUS
10
5.3694291338582678
20
-3.3498818897637794
11
5.3727228346456695
21
-3.3501907480314959
0
LINE
8
BLACK
6
CONTINUOUS
10
5.4829590551181102
20
-3.3501907480314959
11
5.4879437401574798
21
-3.3519349606299214
0
LINE
8
BLACK
6
CONTINUOUS
10
5.4879437401574798
20
-3.3519349606299214
11
5.4921928346456692
21
-3.3550709448818896
0
LINE
8
BLACK
6
CONTINUOUS
10
5.4921928346456692
20
-3.3550709448818896
11
5.4953288188976375
21
-3.3593200393700786
0
LINE
8
BLACK
6
CONTINUOUS
10
5.4953288188976375
20
-3.3593200393700786
11
5.497073031496063
21
-3.3643047244094486
0
LINE
8
BLACK
6
CONTINUOUS
10
5.497073031496063
20
-3.3643047244094486
11
5.4973818897637798
21
-3.3675984251968503
0
LINE
8
BLACK
6
CONTINUOUS
10
5.4973818897637798
20
-3.3675984251968503
11
5.4973818897637798
21
-3.4522440944881887
0
LINE
8
BLACK
6
CONTINUOUS
10
5.4973818897637798
20
-3.4522440944881887
11
5.497073031496063
21
-3.4555377952755904
0
LINE
8
BLACK
6
CONTINUOUS
10
5.497073031496063
20
-3.4555377952755904
11
5.4953288188976375
21
-3.4605224803149603
0
LINE
8
BLACK
6
CONTINUOUS
10
5.4953288188976375
20
-3.4605224803149603
11
5.4921928346456692
21
-3.4647715748031493
0
LINE
8
BLACK
6
CONTINUOUS
10
5.4921928346456692
20
-3.4647715748031493
11
5.4879437401574798
21
-3.467907559055118
0
LINE
8
BLACK
6
CONTINUOUS
10
5.4879437401574798
20
-3.467907559055118
11
5.4829590551181102
21
-3.4696517716535431
0
LINE
8
BLACK
6
CONTINUOUS
10
5.4829590551181102
20
-3.4696517716535431
11
5.4796653543307086
21
-3.46996062992126
0
LINE
8
BLACK
6
CONTINUOUS
10
5.4796653543307086
20
-3.46996062992126
11
5.4501377952755901
21
-3.46996062992126
0
LINE
8
BLACK
6
CONTINUOUS
10
5.4501377952755901
20
-3.46996062992126
11
5.4468440944881893
21
-3.4696517716535431
0
LINE
8
BLACK
6
CONTINUOUS
10
5.4468440944881893
20
-3.4696517716535431
11
5.4418594094488189
21
-3.467907559055118
0
LINE
8
BLACK
6
CONTINUOUS
10
5.4418594094488189
20
-3.467907559055118
11
5.4376103149606294
21
-3.4647715748031493
0
LINE
8
BLACK
6
CONTINUOUS
10
5.4376103149606294
20
-3.4647715748031493
11
5.4344743307086611
21
-3.4605224803149603
0
LINE
8
BLACK
6
CONTINUOUS
10
5.4344743307086611
20
-3.4605224803149603
11
5.4327301181102365
21
-3.4555377952755904
0
LINE
8
BLACK
6
CONTINUOUS
10
5.4327301181102365
20
-3.4555377952755904
11
5.4324212598425197
21
-3.4522440944881887
0
LINE
8
BLACK
6
CONTINUOUS
10
5.4324212598425197
20
-3.4522440944881887
11
5.4324212598425197
21
-3.3675984251968503
0
LINE
8
BLACK
6
CONTINUOUS
10
5.4324212598425197
20
-3.3675984251968503
11
5.4327301181102365
21
-3.3643047244094486
0
LINE
8
BLACK
6
CONTINUOUS
10
5.4327301181102365
20
-3.3643047244094486
11
5.4344743307086611
21
-3.3593200393700786
0
LINE
8
BLACK
6
CONTINUOUS
10
5.4344743307086611
20
-3.3593200393700786
11
5.4376103149606294
21
-3.3550709448818896
0
LINE
8
BLACK
6
CONTINUOUS
10
5.4376103149606294
20
-3.3550709448818896
11
5.4418594094488189
21
-3.3519349606299214
0
LINE
8
BLACK
6
CONTINUOUS
10
5.4418594094488189
20
-3.3519349606299214
11
5.4468440944881893
21
-3.3501907480314959
0
LINE
8
BLACK
6
CONTINUOUS
10
5.4468440944881893
20
-3.3501907480314959
11
5.4501377952755901
21
-3.3498818897637794
0
LINE
8
BLACK
6
CONTINUOUS
10
5.4501377952755901
20
-3.3498818897637794
11
5.4796653543307086
21
-3.3498818897637794
0
LINE
8
BLACK
6
CONTINUOUS
10
5.4796653543307086
20
-3.3498818897637794
11
5.4829590551181102
21
-3.3501907480314959
0
LINE
8
BLACK
6
CONTINUOUS
10
6.4736628740157478
20
-3.4043001574803147
11
6.4762173622047241
21
-3.4060070472440942
0
LINE
8
BLACK
6
CONTINUOUS
10
6.4762173622047241
20
-3.4060070472440942
11
6.4779242519685036
21
-3.4085615354330709
0
LINE
8
BLACK
6
CONTINUOUS
10
6.4779242519685036
20
-3.4085615354330709
11
6.478523622047244
21
-3.4115748031496063
0
LINE
8
BLACK
6
CONTINUOUS
10
6.478523622047244
20
-3.4115748031496063
11
6.478523622047244
21
-3.4470078740157479
0
LINE
8
BLACK
6
CONTINUOUS
10
6.478523622047244
20
-3.4470078740157479
11
6.4779242519685036
21
-3.4500211417322832
0
LINE
8
BLACK
6
CONTINUOUS
10
6.4779242519685036
20
-3.4500211417322832
11
6.4762173622047241
21
-3.4525756299212595
0
LINE
8
BLACK
6
CONTINUOUS
10
6.4762173622047241
20
-3.4525756299212595
11
6.4736628740157478
21
-3.4542825196850391
0
LINE
8
BLACK
6
CONTINUOUS
10
6.4736628740157478
20
-3.4542825196850391
11
6.4706496062992125
21
-3.4548818897637794
0
LINE
8
BLACK
6
CONTINUOUS
10
6.4706496062992125
20
-3.4548818897637794
11
6.4391535433070866
21
-3.4548818897637794
0
LINE
8
BLACK
6
CONTINUOUS
10
6.4391535433070866
20
-3.4548818897637794
11
6.4361402755905512
21
-3.4542825196850391
0
LINE
8
BLACK
6
CONTINUOUS
10
6.4361402755905512
20
-3.4542825196850391
11
6.4335857874015749
21
-3.4525756299212595
0
LINE
8
BLACK
6
CONTINUOUS
10
6.4335857874015749
20
-3.4525756299212595
11
6.4318788976377954
21
-3.4500211417322832
0
LINE
8
BLACK
6
CONTINUOUS
10
6.4318788976377954
20
-3.4500211417322832
11
6.4312795275590551
21
-3.4470078740157479
0
LINE
8
BLACK
6
CONTINUOUS
10
6.4312795275590551
20
-3.4470078740157479
11
6.4312795275590551
21
-3.4115748031496063
0
LINE
8
BLACK
6
CONTINUOUS
10
6.4312795275590551
20
-3.4115748031496063
11
6.4318788976377954
21
-3.4085615354330709
0
LINE
8
BLACK
6
CONTINUOUS
10
6.4318788976377954
20
-3.4085615354330709
11
6.4335857874015749
21
-3.4060070472440942
0
LINE
8
BLACK
6
CONTINUOUS
10
6.4335857874015749
20
-3.4060070472440942
11
6.4361402755905512
21
-3.4043001574803147
0
LINE
8
BLACK
6
CONTINUOUS
10
6.4361402755905512
20
-3.4043001574803147
11
6.4391535433070866
21
-3.4037007874015748
0
LINE
8
BLACK
6
CONTINUOUS
10
6.4391535433070866
20
-3.4037007874015748
11
6.4706496062992125
21
-3.4037007874015748
0
LINE
8
BLACK
6
CONTINUOUS
10
6.4706496062992125
20
-3.4037007874015748
11
6.4736628740157478
21
-3.4043001574803147
0
LINE
8
BLACK
6
CONTINUOUS
10
5.2854148425196845
20
-3.3801466141732281
11
5.2879693307086617
21
-3.3818535039370077
0
LINE
8
BLACK
6
CONTINUOUS
10
5.2879693307086617
20
-3.3818535039370077
11
5.2896762204724412
21
-3.384407992125984
0
LINE
8
BLACK
6
CONTINUOUS
10
5.2896762204724412
20
-3.384407992125984
11
5.2902755905511807
21
-3.3874212598425197
0
LINE
8
BLACK
6
CONTINUOUS
10
5.2902755905511807
20
-3.3874212598425197
11
5.2902755905511807
21
-3.4224212598425194
0
LINE
8
BLACK
6
CONTINUOUS
10
5.2902755905511807
20
-3.4224212598425194
11
5.2896762204724412
21
-3.4254345275590552
0
LINE
8
BLACK
6
CONTINUOUS
10
5.2896762204724412
20
-3.4254345275590552
11
5.2879693307086617
21
-3.4279890157480315
0
LINE
8
BLACK
6
CONTINUOUS
10
5.2879693307086617
20
-3.4279890157480315
11
5.2854148425196845
21
-3.429695905511811
0
LINE
8
BLACK
6
CONTINUOUS
10
5.2854148425196845
20
-3.429695905511811
11
5.2824015748031492
21
-3.4302952755905509
0
LINE
8
BLACK
6
CONTINUOUS
10
5.2824015748031492
20
-3.4302952755905509
11
5.2274015748031495
21
-3.4302952755905509
0
LINE
8
BLACK
6
CONTINUOUS
10
5.2274015748031495
20
-3.4302952755905509
11
5.2243883070866142
21
-3.429695905511811
0
LINE
8
BLACK
6
CONTINUOUS
10
5.2243883070866142
20
-3.429695905511811
11
5.2218338188976379
21
-3.4279890157480315
0
LINE
8
BLACK
6
CONTINUOUS
10
5.2218338188976379
20
-3.4279890157480315
11
5.2201269291338583
21
-3.4254345275590552
0
LINE
8
BLACK
6
CONTINUOUS
10
5.2201269291338583
20
-3.4254345275590552
11
5.219527559055118
21
-3.4224212598425194
0
LINE
8
BLACK
6
CONTINUOUS
10
5.219527559055118
20
-3.4224212598425194
11
5.219527559055118
21
-3.3874212598425197
0
LINE
8
BLACK
6
CONTINUOUS
10
5.219527559055118
20
-3.3874212598425197
11
5.2201269291338583
21
-3.384407992125984
0
LINE
8
BLACK
6
CONTINUOUS
10
5.2201269291338583
20
-3.384407992125984
11
5.2218338188976379
21
-3.3818535039370077
0
LINE
8
BLACK
6
CONTINUOUS
10
5.2218338188976379
20
-3.3818535039370077
11
5.2243883070866142
21
-3.3801466141732281
0
LINE
8
BLACK
6
CONTINUOUS
10
5.2243883070866142
20
-3.3801466141732281
11
5.2274015748031495
21
-3.3795472440944883
0
LINE
8
BLACK
6
CONTINUOUS
10
5.2274015748031495
20
-3.3795472440944883
11
5.2824015748031492
21
-3.3795472440944883
0
LINE
8
BLACK
6
CONTINUOUS
10
5.2824015748031492
20
-3.3795472440944883
11
5.2854148425196845
21
-3.3801466141732281
0
LINE
8
BLACK
6
CONTINUOUS
10
5.7503951574803152
20
-3.3848513385826773
11
5.7529496456692915
21
-3.3865582283464568
0
LINE
8
BLACK
6
CONTINUOUS
10
5.7529496456692915
20
-3.3865582283464568
11
5.754656535433071
21
-3.3891127165354331
0
LINE
8
BLACK
6
CONTINUOUS
10
5.754656535433071
20
-3.3891127165354331
11
5.7552559055118113
21
-3.3921259842519684
0
LINE
8
BLACK
6
CONTINUOUS
10
5.7552559055118113
20
-3.3921259842519684
11
5.7552559055118113
21
-3.4177165354330707
0
LINE
8
BLACK
6
CONTINUOUS
10
5.7552559055118113
20
-3.4177165354330707
11
5.754656535433071
21
-3.4207298031496061
0
LINE
8
BLACK
6
CONTINUOUS
10
5.754656535433071
20
-3.4207298031496061
11
5.7529496456692915
21
-3.4232842913385828
0
LINE
8
BLACK
6
CONTINUOUS
10
5.7529496456692915
20
-3.4232842913385828
11
5.7503951574803152
21
-3.4249911811023623
0
LINE
8
BLACK
6
CONTINUOUS
10
5.7503951574803152
20
-3.4249911811023623
11
5.7473818897637798
21
-3.4255905511811022
0
LINE
8
BLACK
6
CONTINUOUS
10
5.7473818897637798
20
-3.4255905511811022
11
5.7056496062992128
21
-3.4255905511811022
0
LINE
8
BLACK
6
CONTINUOUS
10
5.7056496062992128
20
-3.4255905511811022
11
5.7026363385826766
21
-3.4249911811023623
0
LINE
8
BLACK
6
CONTINUOUS
10
5.7026363385826766
20
-3.4249911811023623
11
5.7000818503937003
21
-3.4232842913385828
0
LINE
8
BLACK
6
CONTINUOUS
10
5.7000818503937003
20
-3.4232842913385828
11
5.6983749606299208
21
-3.4207298031496061
0
LINE
8
BLACK
6
CONTINUOUS
10
5.6983749606299208
20
-3.4207298031496061
11
5.6977755905511813
21
-3.4177165354330707
0
LINE
8
BLACK
6
CONTINUOUS
10
5.6977755905511813
20
-3.4177165354330707
11
5.6977755905511813
21
-3.3921259842519684
0
LINE
8
BLACK
6
CONTINUOUS
10
5.6977755905511813
20
-3.3921259842519684
11
5.6983749606299208
21
-3.3891127165354331
0
LINE
8
BLACK
6
CONTINUOUS
10
5.6983749606299208
20
-3.3891127165354331
11
5.7000818503937003
21
-3.3865582283464568
0
LINE
8
BLACK
6
CONTINUOUS
10
5.7000818503937003
20
-3.3865582283464568
11
5.7026363385826766
21
-3.3848513385826773
0
LINE
8
BLACK
6
CONTINUOUS
10
5.7026363385826766
20
-3.3848513385826773
11
5.7056496062992128
21
-3.3842519685039369
0
LINE
8
BLACK
6
CONTINUOUS
10
5.7056496062992128
20
-3.3842519685039369
11
5.7473818897637798
21
-3.3842519685039369
0
LINE
8
BLACK
6
CONTINUOUS
10
5.7473818897637798
20
-3.3842519685039369
11
5.7503951574803152
21
-3.3848513385826773
0
LINE
8
BLACK
6
CONTINUOUS
10
5.5854148425196852
20
-3.3751466141732283
11
5.5879693307086615
21
-3.3768535039370078
0
LINE
8
BLACK
6
CONTINUOUS
10
5.5879693307086615
20
-3.3768535039370078
11
5.5896762204724411
21
-3.3794079921259841
0
LINE
8
BLACK
6
CONTINUOUS
10
5.5896762204724411
20
-3.3794079921259841
11
5.5902755905511814
21
-3.3824212598425194
0
LINE
8
BLACK
6
CONTINUOUS
10
5.5902755905511814
20
-3.3824212598425194
11
5.5902755905511814
21
-3.4174212598425195
0
LINE
8
BLACK
6
CONTINUOUS
10
5.5902755905511814
20
-3.4174212598425195
11
5.5896762204724411
21
-3.4204345275590549
0
LINE
8
BLACK
6
CONTINUOUS
10
5.5896762204724411
20
-3.4204345275590549
11
5.5879693307086615
21
-3.4229890157480316
0
LINE
8
BLACK
6
CONTINUOUS
10
5.5879693307086615
20
-3.4229890157480316
11
5.5854148425196852
21
-3.4246959055118111
0
LINE
8
BLACK
6
CONTINUOUS
10
5.5854148425196852
20
-3.4246959055118111
11
5.5824015748031499
21
-3.425295275590551
0
LINE
8
BLACK
6
CONTINUOUS
10
5.5824015748031499
20
-3.425295275590551
11
5.5274015748031493
21
-3.425295275590551
0
LINE
8
BLACK
6
CONTINUOUS
10
5.5274015748031493
20
-3.425295275590551
11
5.524388307086614
21
-3.4246959055118111
0
LINE
8
BLACK
6
CONTINUOUS
10
5.524388307086614
20
-3.4246959055118111
11
5.5218338188976377
21
-3.4229890157480316
0
LINE
8
BLACK
6
CONTINUOUS
10
5.5218338188976377
20
-3.4229890157480316
11
5.5201269291338582
21
-3.4204345275590549
0
LINE
8
BLACK
6
CONTINUOUS
10
5.5201269291338582
20
-3.4204345275590549
11
5.5195275590551178
21
-3.4174212598425195
0
LINE
8
BLACK
6
CONTINUOUS
10
5.5195275590551178
20
-3.4174212598425195
11
5.5195275590551178
21
-3.3824212598425194
0
LINE
8
BLACK
6
CONTINUOUS
10
5.5195275590551178
20
-3.3824212598425194
11
5.5201269291338582
21
-3.3794079921259841
0
LINE
8
BLACK
6
CONTINUOUS
10
5.5201269291338582
20
-3.3794079921259841
11
5.5218338188976377
21
-3.3768535039370078
0
LINE
8
BLACK
6
CONTINUOUS
10
5.5218338188976377
20
-3.3768535039370078
11
5.524388307086614
21
-3.3751466141732283
0
LINE
8
BLACK
6
CONTINUOUS
10
5.524388307086614
20
-3.3751466141732283
11
5.5274015748031493
21
-3.3745472440944879
0
LINE
8
BLACK
6
CONTINUOUS
10
5.5274015748031493
20
-3.3745472440944879
11
5.5824015748031499
21
-3.3745472440944879
0
LINE
8
BLACK
6
CONTINUOUS
10
5.5824015748031499
20
-3.3745472440944879
11
5.5854148425196852
21
-3.3751466141732283
0
LINE
8
BLACK
6
CONTINUOUS
10
5.8663794094488191
20
-3.3520560629921259
11
5.8689338976377954
21
-3.3537629527559054
0
LINE
8
BLACK
6
CONTINUOUS
10
5.8689338976377954
20
-3.3537629527559054
11
5.8706407874015749
21
-3.3563174409448817
0
LINE
8
BLACK
6
CONTINUOUS
10
5.8706407874015749
20
-3.3563174409448817
11
5.8712401574803152
21
-3.359330708661417
0
LINE
8
BLACK
6
CONTINUOUS
10
5.8712401574803152
20
-3.359330708661417
11
5.8712401574803152
21
-3.4105118110236221
0
LINE
8
BLACK
6
CONTINUOUS
10
5.8712401574803152
20
-3.4105118110236221
11
5.8706407874015749
21
-3.4135250787401574
0
LINE
8
BLACK
6
CONTINUOUS
10
5.8706407874015749
20
-3.4135250787401574
11
5.8689338976377954
21
-3.4160795669291337
0
LINE
8
BLACK
6
CONTINUOUS
10
5.8689338976377954
20
-3.4160795669291337
11
5.8663794094488191
21
-3.4177864566929133
0
LINE
8
BLACK
6
CONTINUOUS
10
5.8663794094488191
20
-3.4177864566929133
11
5.8633661417322838
21
-3.4183858267716536
0
LINE
8
BLACK
6
CONTINUOUS
10
5.8633661417322838
20
-3.4183858267716536
11
5.7964370078740153
21
-3.4183858267716536
0
LINE
8
BLACK
6
CONTINUOUS
10
5.7964370078740153
20
-3.4183858267716536
11
5.79342374015748
21
-3.4177864566929133
0
LINE
8
BLACK
6
CONTINUOUS
10
5.79342374015748
20
-3.4177864566929133
11
5.7908692519685037
21
-3.4160795669291337
0
LINE
8
BLACK
6
CONTINUOUS
10
5.7908692519685037
20
-3.4160795669291337
11
5.7891623622047241
21
-3.4135250787401574
0
LINE
8
BLACK
6
CONTINUOUS
10
5.7891623622047241
20
-3.4135250787401574
11
5.7885629921259838
21
-3.4105118110236221
0
LINE
8
BLACK
6
CONTINUOUS
10
5.7885629921259838
20
-3.4105118110236221
11
5.7885629921259838
21
-3.359330708661417
0
LINE
8
BLACK
6
CONTINUOUS
10
5.7885629921259838
20
-3.359330708661417
11
5.7891623622047241
21
-3.3563174409448817
0
LINE
8
BLACK
6
CONTINUOUS
10
5.7891623622047241
20
-3.3563174409448817
11
5.7908692519685037
21
-3.3537629527559054
0
LINE
8
BLACK
6
CONTINUOUS
10
5.7908692519685037
20
-3.3537629527559054
11
5.79342374015748
21
-3.3520560629921259
0
LINE
8
BLACK
6
CONTINUOUS
10
5.79342374015748
20
-3.3520560629921259
11
5.7964370078740153
21
-3.3514566929133855
0
LINE
8
BLACK
6
CONTINUOUS
10
5.7964370078740153
20
-3.3514566929133855
11
5.8633661417322838
21
-3.3514566929133855
0
LINE
8
BLACK
6
CONTINUOUS
10
5.8633661417322838
20
-3.3514566929133855
11
5.8663794094488191
21
-3.3520560629921259
0
LINE
8
BLACK
6
CONTINUOUS
10
6.648568937007874
20
-3.3113898031496061
11
6.6565009055118107
21
-3.3139670472440943
0
LINE
8
BLACK
6
CONTINUOUS
10
6.6565009055118107
20
-3.3139670472440943
11
6.6639320078740152
21
-3.3177533858267716
0
LINE
8
BLACK
6
CONTINUOUS
10
6.6639320078740152
20
-3.3177533858267716
11
6.6706793307086611
21
-3.322655590551181
0
LINE
8
BLACK
6
CONTINUOUS
10
6.6706793307086611
20
-3.322655590551181
11
6.6765766929133861
21
-3.3285529527559055
0
LINE
8
BLACK
6
CONTINUOUS
10
6.6765766929133861
20
-3.3285529527559055
11
6.6814788976377955
21
-3.335300275590551
0
LINE
8
BLACK
6
CONTINUOUS
10
6.6814788976377955
20
-3.335300275590551
11
6.6852652362204719
21
-3.3427313779527559
0
LINE
8
BLACK
6
CONTINUOUS
10
6.6852652362204719
20
-3.3427313779527559
11
6.6878424803149601
21
-3.3506633464566931
0
LINE
8
BLACK
6
CONTINUOUS
10
6.6878424803149601
20
-3.3506633464566931
11
6.6891471653543304
21
-3.3589007874015748
0
LINE
8
BLACK
6
CONTINUOUS
10
6.6891471653543304
20
-3.3589007874015748
11
6.6891471653543304
21
-3.3672409448818899
0
LINE
8
BLACK
6
CONTINUOUS
10
6.6891471653543304
20
-3.3672409448818899
11
6.6878424803149601
21
-3.3754783858267716
0
LINE
8
BLACK
6
CONTINUOUS
10
6.6878424803149601
20
-3.3754783858267716
11
6.6852652362204719
21
-3.3834103543307088
0
LINE
8
BLACK
6
CONTINUOUS
10
6.6852652362204719
20
-3.3834103543307088
11
6.6814788976377955
21
-3.3908414566929133
0
LINE
8
BLACK
6
CONTINUOUS
10
6.6814788976377955
20
-3.3908414566929133
11
6.6765766929133861
21
-3.3975887795275588
0
LINE
8
BLACK
6
CONTINUOUS
10
6.6765766929133861
20
-3.3975887795275588
11
6.6706793307086611
21
-3.4034861417322833
0
LINE
8
BLACK
6
CONTINUOUS
10
6.6706793307086611
20
-3.4034861417322833
11
6.6639320078740152
21
-3.4083883464566926
0
LINE
8
BLACK
6
CONTINUOUS
10
6.6639320078740152
20
-3.4083883464566926
11
6.6565009055118107
21
-3.4121746850393699
0
LINE
8
BLACK
6
CONTINUOUS
10
6.6565009055118107
20
-3.4121746850393699
11
6.648568937007874
21
-3.4147519291338582
0
LINE
8
BLACK
6
CONTINUOUS
10
6.648568937007874
20
-3.4147519291338582
11
6.6403314960629922
21
-3.4160566141732285
0
LINE
8
BLACK
6
CONTINUOUS
10
6.6403314960629922
20
-3.4160566141732285
11
6.6319913385826768
21
-3.4160566141732285
0
LINE
8
BLACK
6
CONTINUOUS
10
6.6319913385826768
20
-3.4160566141732285
11
6.623753897637795
21
-3.4147519291338582
0
LINE
8
BLACK
6
CONTINUOUS
10
6.623753897637795
20
-3.4147519291338582
11
6.6158219291338582
21
-3.4121746850393699
0
LINE
8
BLACK
6
CONTINUOUS
10
6.6158219291338582
20
-3.4121746850393699
11
6.6083908267716538
21
-3.4083883464566926
0
LINE
8
BLACK
6
CONTINUOUS
10
6.6083908267716538
20
-3.4083883464566926
11
6.6016435039370078
21
-3.4034861417322833
0
LINE
8
BLACK
6
CONTINUOUS
10
6.6016435039370078
20
-3.4034861417322833
11
6.5957461417322829
21
-3.3975887795275588
0
LINE
8
BLACK
6
CONTINUOUS
10
6.5957461417322829
20
-3.3975887795275588
11
6.5908439370078735
21
-3.3908414566929133
0
LINE
8
BLACK
6
CONTINUOUS
10
6.5908439370078735
20
-3.3908414566929133
11
6.5870575984251971
21
-3.3834103543307088
0
LINE
8
BLACK
6
CONTINUOUS
10
6.5870575984251971
20
-3.3834103543307088
11
6.5844803543307089
21
-3.3754783858267716
0
LINE
8
BLACK
6
CONTINUOUS
10
6.5844803543307089
20
-3.3754783858267716
11
6.5831756692913386
21
-3.3672409448818899
0
LINE
8
BLACK
6
CONTINUOUS
10
6.5831756692913386
20
-3.3672409448818899
11
6.5831756692913386
21
-3.3589007874015748
0
LINE
8
BLACK
6
CONTINUOUS
10
6.5831756692913386
20
-3.3589007874015748
11
6.5844803543307089
21
-3.3506633464566931
0
LINE
8
BLACK
6
CONTINUOUS
10
6.5844803543307089
20
-3.3506633464566931
11
6.5870575984251971
21
-3.3427313779527559
0
LINE
8
BLACK
6
CONTINUOUS
10
6.5870575984251971
20
-3.3427313779527559
11
6.5908439370078735
21
-3.335300275590551
0
LINE
8
BLACK
6
CONTINUOUS
10
6.5908439370078735
20
-3.335300275590551
11
6.5957461417322829
21
-3.3285529527559055
0
LINE
8
BLACK
6
CONTINUOUS
10
6.5957461417322829
20
-3.3285529527559055
11
6.6016435039370078
21
-3.322655590551181
0
LINE
8
BLACK
6
CONTINUOUS
10
6.6016435039370078
20
-3.322655590551181
11
6.6083908267716538
21
-3.3177533858267716
0
LINE
8
BLACK
6
CONTINUOUS
10
6.6083908267716538
20
-3.3177533858267716
11
6.6158219291338582
21
-3.3139670472440943
0
LINE
8
BLACK
6
CONTINUOUS
10
6.6158219291338582
20
-3.3139670472440943
11
6.623753897637795
21
-3.3113898031496061
0
LINE
8
BLACK
6
CONTINUOUS
10
6.623753897637795
20
-3.3113898031496061
11
6.6319913385826768
21
-3.3100851181102362
0
LINE
8
BLACK
6
CONTINUOUS
10
6.6319913385826768
20
-3.3100851181102362
11
6.6403314960629922
21
-3.3100851181102362
0
LINE
8
BLACK
6
CONTINUOUS
10
6.6403314960629922
20
-3.3100851181102362
11
6.648568937007874
21
-3.3113898031496061
0
LINE
8
BLACK
6
CONTINUOUS
10
6.5761825590551179
20
-3.3262686614173229
11
6.5787370472440942
21
-3.3279755511811024
0
LINE
8
BLACK
6
CONTINUOUS
10
6.5787370472440942
20
-3.3279755511811024
11
6.5804439370078738
21
-3.3305300393700787
0
LINE
8
BLACK
6
CONTINUOUS
10
6.5804439370078738
20
-3.3305300393700787
11
6.5810433070866141
21
-3.3335433070866141
0
LINE
8
BLACK
6
CONTINUOUS
10
6.5810433070866141
20
-3.3335433070866141
11
6.5810433070866141
21
-3.3925984251968502
0
LINE
8
BLACK
6
CONTINUOUS
10
6.5810433070866141
20
-3.3925984251968502
11
6.5804439370078738
21
-3.3956116929133859
0
LINE
8
BLACK
6
CONTINUOUS
10
6.5804439370078738
20
-3.3956116929133859
11
6.5787370472440942
21
-3.3981661811023622
0
LINE
8
BLACK
6
CONTINUOUS
10
6.5787370472440942
20
-3.3981661811023622
11
6.5761825590551179
21
-3.3998730708661418
0
LINE
8
BLACK
6
CONTINUOUS
10
6.5761825590551179
20
-3.3998730708661418
11
6.5731692913385826
21
-3.4004724409448817
0
LINE
8
BLACK
6
CONTINUOUS
10
6.5731692913385826
20
-3.4004724409448817
11
6.5357677165354326
21
-3.4004724409448817
0
LINE
8
BLACK
6
CONTINUOUS
10
6.5357677165354326
20
-3.4004724409448817
11
6.5327544488188973
21
-3.3998730708661418
0
LINE
8
BLACK
6
CONTINUOUS
10
6.5327544488188973
20
-3.3998730708661418
11
6.530199960629921
21
-3.3981661811023622
0
LINE
8
BLACK
6
CONTINUOUS
10
6.530199960629921
20
-3.3981661811023622
11
6.5284930708661415
21
-3.3956116929133859
0
LINE
8
BLACK
6
CONTINUOUS
10
6.5284930708661415
20
-3.3956116929133859
11
6.5278937007874012
21
-3.3925984251968502
0
LINE
8
BLACK
6
CONTINUOUS
10
6.5278937007874012
20
-3.3925984251968502
11
6.5278937007874012
21
-3.3335433070866141
0
LINE
8
BLACK
6
CONTINUOUS
10
6.5278937007874012
20
-3.3335433070866141
11
6.5284930708661415
21
-3.3305300393700787
0
LINE
8
BLACK
6
CONTINUOUS
10
6.5284930708661415
20
-3.3305300393700787
11
6.530199960629921
21
-3.3279755511811024
0
LINE
8
BLACK
6
CONTINUOUS
10
6.530199960629921
20
-3.3279755511811024
11
6.5327544488188973
21
-3.3262686614173229
0
LINE
8
BLACK
6
CONTINUOUS
10
6.5327544488188973
20
-3.3262686614173229
11
6.5357677165354326
21
-3.3256692913385826
0
LINE
8
BLACK
6
CONTINUOUS
10
6.5357677165354326
20
-3.3256692913385826
11
6.5731692913385826
21
-3.3256692913385826
0
LINE
8
BLACK
6
CONTINUOUS
10
6.5731692913385826
20
-3.3256692913385826
11
6.5761825590551179
21
-3.3262686614173229
0
LINE
8
BLACK
6
CONTINUOUS
10
6.7395683858267716
20
-3.3262686614173229
11
6.7421228740157479
21
-3.3279755511811024
0
LINE
8
BLACK
6
CONTINUOUS
10
6.7421228740157479
20
-3.3279755511811024
11
6.7438297637795275
21
-3.3305300393700787
0
LINE
8
BLACK
6
CONTINUOUS
10
6.7438297637795275
20
-3.3305300393700787
11
6.7444291338582678
21
-3.3335433070866141
0
LINE
8
BLACK
6
CONTINUOUS
10
6.7444291338582678
20
-3.3335433070866141
11
6.7444291338582678
21
-3.3925984251968502
0
LINE
8
BLACK
6
CONTINUOUS
10
6.7444291338582678
20
-3.3925984251968502
11
6.7438297637795275
21
-3.3956116929133859
0
LINE
8
BLACK
6
CONTINUOUS
10
6.7438297637795275
20
-3.3956116929133859
11
6.7421228740157479
21
-3.3981661811023622
0
LINE
8
BLACK
6
CONTINUOUS
10
6.7421228740157479
20
-3.3981661811023622
11
6.7395683858267716
21
-3.3998730708661418
0
LINE
8
BLACK
6
CONTINUOUS
10
6.7395683858267716
20
-3.3998730708661418
11
6.7365551181102363
21
-3.4004724409448817
0
LINE
8
BLACK
6
CONTINUOUS
10
6.7365551181102363
20
-3.4004724409448817
11
6.6991535433070863
21
-3.4004724409448817
0
LINE
8
BLACK
6
CONTINUOUS
10
6.6991535433070863
20
-3.4004724409448817
11
6.696140275590551
21
-3.3998730708661418
0
LINE
8
BLACK
6
CONTINUOUS
10
6.696140275590551
20
-3.3998730708661418
11
6.6935857874015747
21
-3.3981661811023622
0
LINE
8
BLACK
6
CONTINUOUS
10
6.6935857874015747
20
-3.3981661811023622
11
6.6918788976377952
21
-3.3956116929133859
0
LINE
8
BLACK
6
CONTINUOUS
10
6.6918788976377952
20
-3.3956116929133859
11
6.6912795275590549
21
-3.3925984251968502
0
LINE
8
BLACK
6
CONTINUOUS
10
6.6912795275590549
20
-3.3925984251968502
11
6.6912795275590549
21
-3.3335433070866141
0
LINE
8
BLACK
6
CONTINUOUS
10
6.6912795275590549
20
-3.3335433070866141
11
6.6918788976377952
21
-3.3305300393700787
0
LINE
8
BLACK
6
CONTINUOUS
10
6.6918788976377952
20
-3.3305300393700787
11
6.6935857874015747
21
-3.3279755511811024
0
LINE
8
BLACK
6
CONTINUOUS
10
6.6935857874015747
20
-3.3279755511811024
11
6.696140275590551
21
-3.3262686614173229
0
LINE
8
BLACK
6
CONTINUOUS
10
6.696140275590551
20
-3.3262686614173229
11
6.6991535433070863
21
-3.3256692913385826
0
LINE
8
BLACK
6
CONTINUOUS
10
6.6991535433070863
20
-3.3256692913385826
11
6.7365551181102363
21
-3.3256692913385826
0
LINE
8
BLACK
6
CONTINUOUS
10
6.7365551181102363
20
-3.3256692913385826
11
6.7395683858267716
21
-3.3262686614173229
0
LINE
8
BLACK
6
CONTINUOUS
10
6.4362612992125987
20
-3.3255599999999998
11
6.438815787401575
21
-3.3272668897637794
0
LINE
8
BLACK
6
CONTINUOUS
10
6.438815787401575
20
-3.3272668897637794
11
6.4405226771653545
21
-3.3298213779527557
0
LINE
8
BLACK
6
CONTINUOUS
10
6.4405226771653545
20
-3.3298213779527557
11
6.441122047244094
21
-3.3328346456692914
0
LINE
8
BLACK
6
CONTINUOUS
10
6.441122047244094
20
-3.3328346456692914
11
6.441122047244094
21
-3.3682677165354331
0
LINE
8
BLACK
6
CONTINUOUS
10
6.441122047244094
20
-3.3682677165354331
11
6.4405226771653545
21
-3.3712809842519684
0
LINE
8
BLACK
6
CONTINUOUS
10
6.4405226771653545
20
-3.3712809842519684
11
6.438815787401575
21
-3.3738354724409447
0
LINE
8
BLACK
6
CONTINUOUS
10
6.438815787401575
20
-3.3738354724409447
11
6.4362612992125987
21
-3.3755423622047243
0
LINE
8
BLACK
6
CONTINUOUS
10
6.4362612992125987
20
-3.3755423622047243
11
6.4332480314960625
21
-3.3761417322834646
0
LINE
8
BLACK
6
CONTINUOUS
10
6.4332480314960625
20
-3.3761417322834646
11
6.4017519685039366
21
-3.3761417322834646
0
LINE
8
BLACK
6
CONTINUOUS
10
6.4017519685039366
20
-3.3761417322834646
11
6.3987387007874013
21
-3.3755423622047243
0
LINE
8
BLACK
6
CONTINUOUS
10
6.3987387007874013
20
-3.3755423622047243
11
6.396184212598425
21
-3.3738354724409447
0
LINE
8
BLACK
6
CONTINUOUS
10
6.396184212598425
20
-3.3738354724409447
11
6.3944773228346454
21
-3.3712809842519684
0
LINE
8
BLACK
6
CONTINUOUS
10
6.3944773228346454
20
-3.3712809842519684
11
6.3938779527559051
21
-3.3682677165354331
0
LINE
8
BLACK
6
CONTINUOUS
10
6.3938779527559051
20
-3.3682677165354331
11
6.3938779527559051
21
-3.3328346456692914
0
LINE
8
BLACK
6
CONTINUOUS
10
6.3938779527559051
20
-3.3328346456692914
11
6.3944773228346454
21
-3.3298213779527557
0
LINE
8
BLACK
6
CONTINUOUS
10
6.3944773228346454
20
-3.3298213779527557
11
6.396184212598425
21
-3.3272668897637794
0
LINE
8
BLACK
6
CONTINUOUS
10
6.396184212598425
20
-3.3272668897637794
11
6.3987387007874013
21
-3.3255599999999998
0
LINE
8
BLACK
6
CONTINUOUS
10
6.3987387007874013
20
-3.3255599999999998
11
6.4017519685039366
21
-3.32496062992126
0
LINE
8
BLACK
6
CONTINUOUS
10
6.4017519685039366
20
-3.32496062992126
11
6.4332480314960625
21
-3.32496062992126
0
LINE
8
BLACK
6
CONTINUOUS
10
6.4332480314960625
20
-3.32496062992126
11
6.4362612992125987
21
-3.3255599999999998
0
LINE
8
BLACK
6
CONTINUOUS
10
6.5110644488188978
20
-3.3255599999999998
11
6.5136189370078741
21
-3.3272668897637794
0
LINE
8
BLACK
6
CONTINUOUS
10
6.5136189370078741
20
-3.3272668897637794
11
6.5153258267716536
21
-3.3298213779527557
0
LINE
8
BLACK
6
CONTINUOUS
10
6.5153258267716536
20
-3.3298213779527557
11
6.515925196850394
21
-3.3328346456692914
0
LINE
8
BLACK
6
CONTINUOUS
10
6.515925196850394
20
-3.3328346456692914
11
6.515925196850394
21
-3.3682677165354331
0
LINE
8
BLACK
6
CONTINUOUS
10
6.515925196850394
20
-3.3682677165354331
11
6.5153258267716536
21
-3.3712809842519684
0
LINE
8
BLACK
6
CONTINUOUS
10
6.5153258267716536
20
-3.3712809842519684
11
6.5136189370078741
21
-3.3738354724409447
0
LINE
8
BLACK
6
CONTINUOUS
10
6.5136189370078741
20
-3.3738354724409447
11
6.5110644488188978
21
-3.3755423622047243
0
LINE
8
BLACK
6
CONTINUOUS
10
6.5110644488188978
20
-3.3755423622047243
11
6.5080511811023625
21
-3.3761417322834646
0
LINE
8
BLACK
6
CONTINUOUS
10
6.5080511811023625
20
-3.3761417322834646
11
6.4765551181102357
21
-3.3761417322834646
0
LINE
8
BLACK
6
CONTINUOUS
10
6.4765551181102357
20
-3.3761417322834646
11
6.4735418503937003
21
-3.3755423622047243
0
LINE
8
BLACK
6
CONTINUOUS
10
6.4735418503937003
20
-3.3755423622047243
11
6.470987362204724
21
-3.3738354724409447
0
LINE
8
BLACK
6
CONTINUOUS
10
6.470987362204724
20
-3.3738354724409447
11
6.4692804724409445
21
-3.3712809842519684
0
LINE
8
BLACK
6
CONTINUOUS
10
6.4692804724409445
20
-3.3712809842519684
11
6.4686811023622042
21
-3.3682677165354331
0
LINE
8
BLACK
6
CONTINUOUS
10
6.4686811023622042
20
-3.3682677165354331
11
6.4686811023622042
21
-3.3328346456692914
0
LINE
8
BLACK
6
CONTINUOUS
10
6.4686811023622042
20
-3.3328346456692914
11
6.4692804724409445
21
-3.3298213779527557
0
LINE
8
BLACK
6
CONTINUOUS
10
6.4692804724409445
20
-3.3298213779527557
11
6.470987362204724
21
-3.3272668897637794
0
LINE
8
BLACK
6
CONTINUOUS
10
6.470987362204724
20
-3.3272668897637794
11
6.4735418503937003
21
-3.3255599999999998
0
LINE
8
BLACK
6
CONTINUOUS
10
6.4735418503937003
20
-3.3255599999999998
11
6.4765551181102357
21
-3.32496062992126
0
LINE
8
BLACK
6
CONTINUOUS
10
6.4765551181102357
20
-3.32496062992126
11
6.5080511811023625
21
-3.32496062992126
0
LINE
8
BLACK
6
CONTINUOUS
10
6.5080511811023625
20
-3.32496062992126
11
6.5110644488188978
21
-3.3255599999999998
0
LINE
8
BLACK
6
CONTINUOUS
10
5.2854148425196845
20
-3.3051466141732284
11
5.2879693307086617
21
-3.3068535039370079
0
LINE
8
BLACK
6
CONTINUOUS
10
5.2879693307086617
20
-3.3068535039370079
11
5.2896762204724412
21
-3.3094079921259842
0
LINE
8
BLACK
6
CONTINUOUS
10
5.2896762204724412
20
-3.3094079921259842
11
5.2902755905511807
21
-3.3124212598425196
0
LINE
8
BLACK
6
CONTINUOUS
10
5.2902755905511807
20
-3.3124212598425196
11
5.2902755905511807
21
-3.3474212598425197
0
LINE
8
BLACK
6
CONTINUOUS
10
5.2902755905511807
20
-3.3474212598425197
11
5.2896762204724412
21
-3.350434527559055
0
LINE
8
BLACK
6
CONTINUOUS
10
5.2896762204724412
20
-3.350434527559055
11
5.2879693307086617
21
-3.3529890157480313
0
LINE
8
BLACK
6
CONTINUOUS
10
5.2879693307086617
20
-3.3529890157480313
11
5.2854148425196845
21
-3.3546959055118108
0
LINE
8
BLACK
6
CONTINUOUS
10
5.2854148425196845
20
-3.3546959055118108
11
5.2824015748031492
21
-3.3552952755905512
0
LINE
8
BLACK
6
CONTINUOUS
10
5.2824015748031492
20
-3.3552952755905512
11
5.2274015748031495
21
-3.3552952755905512
0
LINE
8
BLACK
6
CONTINUOUS
10
5.2274015748031495
20
-3.3552952755905512
11
5.2243883070866142
21
-3.3546959055118108
0
LINE
8
BLACK
6
CONTINUOUS
10
5.2243883070866142
20
-3.3546959055118108
11
5.2218338188976379
21
-3.3529890157480313
0
LINE
8
BLACK
6
CONTINUOUS
10
5.2218338188976379
20
-3.3529890157480313
11
5.2201269291338583
21
-3.350434527559055
0
LINE
8
BLACK
6
CONTINUOUS
10
5.2201269291338583
20
-3.350434527559055
11
5.219527559055118
21
-3.3474212598425197
0
LINE
8
BLACK
6
CONTINUOUS
10
5.219527559055118
20
-3.3474212598425197
11
5.219527559055118
21
-3.3124212598425196
0
LINE
8
BLACK
6
CONTINUOUS
10
5.219527559055118
20
-3.3124212598425196
11
5.2201269291338583
21
-3.3094079921259842
0
LINE
8
BLACK
6
CONTINUOUS
10
5.2201269291338583
20
-3.3094079921259842
11
5.2218338188976379
21
-3.3068535039370079
0
LINE
8
BLACK
6
CONTINUOUS
10
5.2218338188976379
20
-3.3068535039370079
11
5.2243883070866142
21
-3.3051466141732284
0
LINE
8
BLACK
6
CONTINUOUS
10
5.2243883070866142
20
-3.3051466141732284
11
5.2274015748031495
21
-3.3045472440944881
0
LINE
8
BLACK
6
CONTINUOUS
10
5.2274015748031495
20
-3.3045472440944881
11
5.2824015748031492
21
-3.3045472440944881
0
LINE
8
BLACK
6
CONTINUOUS
10
5.2824015748031492
20
-3.3045472440944881
11
5.2854148425196845
21
-3.3051466141732284
0
LINE
8
BLACK
6
CONTINUOUS
10
5.7704148425196848
20
-3.2951466141732282
11
5.7729693307086611
21
-3.2968535039370077
0
LINE
8
BLACK
6
CONTINUOUS
10
5.7729693307086611
20
-3.2968535039370077
11
5.7746762204724407
21
-3.299407992125984
0
LINE
8
BLACK
6
CONTINUOUS
10
5.7746762204724407
20
-3.299407992125984
11
5.775275590551181
21
-3.3024212598425198
0
LINE
8
BLACK
6
CONTINUOUS
10
5.775275590551181
20
-3.3024212598425198
11
5.775275590551181
21
-3.3374212598425195
0
LINE
8
BLACK
6
CONTINUOUS
10
5.775275590551181
20
-3.3374212598425195
11
5.7746762204724407
21
-3.3404345275590552
0
LINE
8
BLACK
6
CONTINUOUS
10
5.7746762204724407
20
-3.3404345275590552
11
5.7729693307086611
21
-3.3429890157480315
0
LINE
8
BLACK
6
CONTINUOUS
10
5.7729693307086611
20
-3.3429890157480315
11
5.7704148425196848
21
-3.3446959055118111
0
LINE
8
BLACK
6
CONTINUOUS
10
5.7704148425196848
20
-3.3446959055118111
11
5.7674015748031495
21
-3.345295275590551
0
LINE
8
BLACK
6
CONTINUOUS
10
5.7674015748031495
20
-3.345295275590551
11
5.7124015748031498
21
-3.345295275590551
0
LINE
8
BLACK
6
CONTINUOUS
10
5.7124015748031498
20
-3.345295275590551
11
5.7093883070866136
21
-3.3446959055118111
0
LINE
8
BLACK
6
CONTINUOUS
10
5.7093883070866136
20
-3.3446959055118111
11
5.7068338188976373
21
-3.3429890157480315
0
LINE
8
BLACK
6
CONTINUOUS
10
5.7068338188976373
20
-3.3429890157480315
11
5.7051269291338578
21
-3.3404345275590552
0
LINE
8
BLACK
6
CONTINUOUS
10
5.7051269291338578
20
-3.3404345275590552
11
5.7045275590551183
21
-3.3374212598425195
0
LINE
8
BLACK
6
CONTINUOUS
10
5.7045275590551183
20
-3.3374212598425195
11
5.7045275590551183
21
-3.3024212598425198
0
LINE
8
BLACK
6
CONTINUOUS
10
5.7045275590551183
20
-3.3024212598425198
11
5.7051269291338578
21
-3.299407992125984
0
LINE
8
BLACK
6
CONTINUOUS
10
5.7051269291338578
20
-3.299407992125984
11
5.7068338188976373
21
-3.2968535039370077
0
LINE
8
BLACK
6
CONTINUOUS
10
5.7068338188976373
20
-3.2968535039370077
11
5.7093883070866136
21
-3.2951466141732282
0
LINE
8
BLACK
6
CONTINUOUS
10
5.7093883070866136
20
-3.2951466141732282
11
5.7124015748031498
21
-3.2945472440944883
0
LINE
8
BLACK
6
CONTINUOUS
10
5.7124015748031498
20
-3.2945472440944883
11
5.7674015748031495
21
-3.2945472440944883
0
LINE
8
BLACK
6
CONTINUOUS
10
5.7674015748031495
20
-3.2945472440944883
11
5.7704148425196848
21
-3.2951466141732282
0
LINE
8
BLACK
6
CONTINUOUS
10
5.2016943700787399
20
-3.3033946456692913
11
5.2042488582677162
21
-3.3051015354330708
0
LINE
8
BLACK
6
CONTINUOUS
10
5.2042488582677162
20
-3.3051015354330708
11
5.2059557480314957
21
-3.3076560236220471
0
LINE
8
BLACK
6
CONTINUOUS
10
5.2059557480314957
20
-3.3076560236220471
11
5.2065551181102361
21
-3.3106692913385825
0
LINE
8
BLACK
6
CONTINUOUS
10
5.2065551181102361
20
-3.3106692913385825
11
5.2065551181102361
21
-3.3342913385826769
0
LINE
8
BLACK
6
CONTINUOUS
10
5.2065551181102361
20
-3.3342913385826769
11
5.2059557480314957
21
-3.3373046062992127
0
LINE
8
BLACK
6
CONTINUOUS
10
5.2059557480314957
20
-3.3373046062992127
11
5.2042488582677162
21
-3.339859094488189
0
LINE
8
BLACK
6
CONTINUOUS
10
5.2042488582677162
20
-3.339859094488189
11
5.2016943700787399
21
-3.3415659842519685
0
LINE
8
BLACK
6
CONTINUOUS
10
5.2016943700787399
20
-3.3415659842519685
11
5.1986811023622046
21
-3.3421653543307084
0
LINE
8
BLACK
6
CONTINUOUS
10
5.1986811023622046
20
-3.3421653543307084
11
5.1711220472440944
21
-3.3421653543307084
0
LINE
8
BLACK
6
CONTINUOUS
10
5.1711220472440944
20
-3.3421653543307084
11
5.1681087795275591
21
-3.3415659842519685
0
LINE
8
BLACK
6
CONTINUOUS
10
5.1681087795275591
20
-3.3415659842519685
11
5.1655542913385828
21
-3.339859094488189
0
LINE
8
BLACK
6
CONTINUOUS
10
5.1655542913385828
20
-3.339859094488189
11
5.1638474015748033
21
-3.3373046062992127
0
LINE
8
BLACK
6
CONTINUOUS
10
5.1638474015748033
20
-3.3373046062992127
11
5.1632480314960629
21
-3.3342913385826769
0
LINE
8
BLACK
6
CONTINUOUS
10
5.1632480314960629
20
-3.3342913385826769
11
5.1632480314960629
21
-3.3106692913385825
0
LINE
8
BLACK
6
CONTINUOUS
10
5.1632480314960629
20
-3.3106692913385825
11
5.1638474015748033
21
-3.3076560236220471
0
LINE
8
BLACK
6
CONTINUOUS
10
5.1638474015748033
20
-3.3076560236220471
11
5.1655542913385828
21
-3.3051015354330708
0
LINE
8
BLACK
6
CONTINUOUS
10
5.1655542913385828
20
-3.3051015354330708
11
5.1681087795275591
21
-3.3033946456692913
0
LINE
8
BLACK
6
CONTINUOUS
10
5.1681087795275591
20
-3.3033946456692913
11
5.1711220472440944
21
-3.302795275590551
0
LINE
8
BLACK
6
CONTINUOUS
10
5.1711220472440944
20
-3.302795275590551
11
5.1986811023622046
21
-3.302795275590551
0
LINE
8
BLACK
6
CONTINUOUS
10
5.1986811023622046
20
-3.302795275590551
11
5.2016943700787399
21
-3.3033946456692913
0
LINE
8
BLACK
6
CONTINUOUS
10
5.5054148425196852
20
-3.2801466141732281
11
5.5079693307086615
21
-3.2818535039370076
0
LINE
8
BLACK
6
CONTINUOUS
10
5.5079693307086615
20
-3.2818535039370076
11
5.509676220472441
21
-3.2844079921259843
0
LINE
8
BLACK
6
CONTINUOUS
10
5.509676220472441
20
-3.2844079921259843
11
5.5102755905511813
21
-3.2874212598425196
0
LINE
8
BLACK
6
CONTINUOUS
10
5.5102755905511813
20
-3.2874212598425196
11
5.5102755905511813
21
-3.3224212598425198
0
LINE
8
BLACK
6
CONTINUOUS
10
5.5102755905511813
20
-3.3224212598425198
11
5.509676220472441
21
-3.3254345275590551
0
LINE
8
BLACK
6
CONTINUOUS
10
5.509676220472441
20
-3.3254345275590551
11
5.5079693307086615
21
-3.3279890157480314
0
LINE
8
BLACK
6
CONTINUOUS
10
5.5079693307086615
20
-3.3279890157480314
11
5.5054148425196852
21
-3.3296959055118109
0
LINE
8
BLACK
6
CONTINUOUS
10
5.5054148425196852
20
-3.3296959055118109
11
5.5024015748031498
21
-3.3302952755905513
0
LINE
8
BLACK
6
CONTINUOUS
10
5.5024015748031498
20
-3.3302952755905513
11
5.4474015748031492
21
-3.3302952755905513
0
LINE
8
BLACK
6
CONTINUOUS
10
5.4474015748031492
20
-3.3302952755905513
11
5.4443883070866139
21
-3.3296959055118109
0
LINE
8
BLACK
6
CONTINUOUS
10
5.4443883070866139
20
-3.3296959055118109
11
5.4418338188976376
21
-3.3279890157480314
0
LINE
8
BLACK
6
CONTINUOUS
10
5.4418338188976376
20
-3.3279890157480314
11
5.4401269291338581
21
-3.3254345275590551
0
LINE
8
BLACK
6
CONTINUOUS
10
5.4401269291338581
20
-3.3254345275590551
11
5.4395275590551178
21
-3.3224212598425198
0
LINE
8
BLACK
6
CONTINUOUS
10
5.4395275590551178
20
-3.3224212598425198
11
5.4395275590551178
21
-3.2874212598425196
0
LINE
8
BLACK
6
CONTINUOUS
10
5.4395275590551178
20
-3.2874212598425196
11
5.4401269291338581
21
-3.2844079921259843
0
LINE
8
BLACK
6
CONTINUOUS
10
5.4401269291338581
20
-3.2844079921259843
11
5.4418338188976376
21
-3.2818535039370076
0
LINE
8
BLACK
6
CONTINUOUS
10
5.4418338188976376
20
-3.2818535039370076
11
5.4443883070866139
21
-3.2801466141732281
0
LINE
8
BLACK
6
CONTINUOUS
10
5.4443883070866139
20
-3.2801466141732281
11
5.4474015748031492
21
-3.2795472440944882
0
LINE
8
BLACK
6
CONTINUOUS
10
5.4474015748031492
20
-3.2795472440944882
11
5.5024015748031498
21
-3.2795472440944882
0
LINE
8
BLACK
6
CONTINUOUS
10
5.5024015748031498
20
-3.2795472440944882
11
5.5054148425196852
21
-3.2801466141732281
0
LINE
8
BLACK
6
CONTINUOUS
10
4.9372878740157482
20
-3.2674161811023623
11
4.9425865748031494
21
-3.2684701574803148
0
LINE
8
BLACK
6
CONTINUOUS
10
4.9425865748031494
20
-3.2684701574803148
11
4.9475778740157477
21
-3.270537598425197
0
LINE
8
BLACK
6
CONTINUOUS
10
4.9475778740157477
20
-3.270537598425197
11
4.9520698818897637
21
-3.2735390944881888
0
LINE
8
BLACK
6
CONTINUOUS
10
4.9520698818897637
20
-3.2735390944881888
11
4.9558900393700789
21
-3.277359251968504
0
LINE
8
BLACK
6
CONTINUOUS
10
4.9558900393700789
20
-3.277359251968504
11
4.9588915354330707
21
-3.2818512598425196
0
LINE
8
BLACK
6
CONTINUOUS
10
4.9588915354330707
20
-3.2818512598425196
11
4.9609589763779525
21
-3.2868425590551182
0
LINE
8
BLACK
6
CONTINUOUS
10
4.9609589763779525
20
-3.2868425590551182
11
4.9620129527559058
21
-3.2921412598425195
0
LINE
8
BLACK
6
CONTINUOUS
10
4.9620129527559058
20
-3.2921412598425195
11
4.9620129527559058
21
-3.2975437795275591
0
LINE
8
BLACK
6
CONTINUOUS
10
4.9620129527559058
20
-3.2975437795275591
11
4.9609589763779525
21
-3.3028424803149607
0
LINE
8
BLACK
6
CONTINUOUS
10
4.9609589763779525
20
-3.3028424803149607
11
4.9588915354330707
21
-3.307833779527559
0
LINE
8
BLACK
6
CONTINUOUS
10
4.9588915354330707
20
-3.307833779527559
11
4.9558900393700789
21
-3.3123257874015746
0
LINE
8
BLACK
6
CONTINUOUS
10
4.9558900393700789
20
-3.3123257874015746
11
4.9520698818897637
21
-3.3161459448818897
0
LINE
8
BLACK
6
CONTINUOUS
10
4.9520698818897637
20
-3.3161459448818897
11
4.9475778740157477
21
-3.319147440944882
0
LINE
8
BLACK
6
CONTINUOUS
10
4.9475778740157477
20
-3.319147440944882
11
4.9425865748031494
21
-3.3212148818897638
0
LINE
8
BLACK
6
CONTINUOUS
10
4.9425865748031494
20
-3.3212148818897638
11
4.9372878740157482
21
-3.3222688582677167
0
LINE
8
BLACK
6
CONTINUOUS
10
4.9372878740157482
20
-3.3222688582677167
11
4.9345866141732282
21
-3.3224015748031497
0
LINE
8
BLACK
6
CONTINUOUS
10
4.9345866141732282
20
-3.3224015748031497
11
4.8952165354330708
21
-3.3224015748031497
0
LINE
8
BLACK
6
CONTINUOUS
10
4.8952165354330708
20
-3.3224015748031497
11
4.8925152755905508
21
-3.3222688582677167
0
LINE
8
BLACK
6
CONTINUOUS
10
4.8925152755905508
20
-3.3222688582677167
11
4.8872165748031495
21
-3.3212148818897638
0
LINE
8
BLACK
6
CONTINUOUS
10
4.8872165748031495
20
-3.3212148818897638
11
4.8822252755905513
21
-3.319147440944882
0
LINE
8
BLACK
6
CONTINUOUS
10
4.8822252755905513
20
-3.319147440944882
11
4.8777332677165353
21
-3.3161459448818897
0
LINE
8
BLACK
6
CONTINUOUS
10
4.8777332677165353
20
-3.3161459448818897
11
4.8739131102362201
21
-3.3123257874015746
0
LINE
8
BLACK
6
CONTINUOUS
10
4.8739131102362201
20
-3.3123257874015746
11
4.8709116141732283
21
-3.307833779527559
0
LINE
8
BLACK
6
CONTINUOUS
10
4.8709116141732283
20
-3.307833779527559
11
4.8688441732283465
21
-3.3028424803149607
0
LINE
8
BLACK
6
CONTINUOUS
10
4.8688441732283465
20
-3.3028424803149607
11
4.8677901968503932
21
-3.2975437795275591
0
LINE
8
BLACK
6
CONTINUOUS
10
4.8677901968503932
20
-3.2975437795275591
11
4.8677901968503932
21
-3.2921412598425195
0
LINE
8
BLACK
6
CONTINUOUS
10
4.8677901968503932
20
-3.2921412598425195
11
4.8688441732283465
21
-3.2868425590551182
0
LINE
8
BLACK
6
CONTINUOUS
10
4.8688441732283465
20
-3.2868425590551182
11
4.8709116141732283
21
-3.2818512598425196
0
LINE
8
BLACK
6
CONTINUOUS
10
4.8709116141732283
20
-3.2818512598425196
11
4.8739131102362201
21
-3.277359251968504
0
LINE
8
BLACK
6
CONTINUOUS
10
4.8739131102362201
20
-3.277359251968504
11
4.8777332677165353
21
-3.2735390944881888
0
LINE
8
BLACK
6
CONTINUOUS
10
4.8777332677165353
20
-3.2735390944881888
11
4.8822252755905513
21
-3.270537598425197
0
LINE
8
BLACK
6
CONTINUOUS
10
4.8822252755905513
20
-3.270537598425197
11
4.8872165748031495
21
-3.2684701574803148
0
LINE
8
BLACK
6
CONTINUOUS
10
4.8872165748031495
20
-3.2684701574803148
11
4.8925152755905508
21
-3.2674161811023623
0
LINE
8
BLACK
6
CONTINUOUS
10
4.8925152755905508
20
-3.2674161811023623
11
4.8952165354330708
21
-3.2672834645669289
0
LINE
8
BLACK
6
CONTINUOUS
10
4.8952165354330708
20
-3.2672834645669289
11
4.9345866141732282
21
-3.2672834645669289
0
LINE
8
BLACK
6
CONTINUOUS
10
4.9345866141732282
20
-3.2672834645669289
11
4.9372878740157482
21
-3.2674161811023623
0
LINE
8
BLACK
6
CONTINUOUS
10
5.5854148425196852
20
-3.2651466141732284
11
5.5879693307086615
21
-3.2668535039370079
0
LINE
8
BLACK
6
CONTINUOUS
10
5.5879693307086615
20
-3.2668535039370079
11
5.5896762204724411
21
-3.2694079921259842
0
LINE
8
BLACK
6
CONTINUOUS
10
5.5896762204724411
20
-3.2694079921259842
11
5.5902755905511814
21
-3.2724212598425195
0
LINE
8
BLACK
6
CONTINUOUS
10
5.5902755905511814
20
-3.2724212598425195
11
5.5902755905511814
21
-3.3074212598425197
0
LINE
8
BLACK
6
CONTINUOUS
10
5.5902755905511814
20
-3.3074212598425197
11
5.5896762204724411
21
-3.310434527559055
0
LINE
8
BLACK
6
CONTINUOUS
10
5.5896762204724411
20
-3.310434527559055
11
5.5879693307086615
21
-3.3129890157480313
0
LINE
8
BLACK
6
CONTINUOUS
10
5.5879693307086615
20
-3.3129890157480313
11
5.5854148425196852
21
-3.3146959055118108
0
LINE
8
BLACK
6
CONTINUOUS
10
5.5854148425196852
20
-3.3146959055118108
11
5.5824015748031499
21
-3.3152952755905511
0
LINE
8
BLACK
6
CONTINUOUS
10
5.5824015748031499
20
-3.3152952755905511
11
5.5274015748031493
21
-3.3152952755905511
0
LINE
8
BLACK
6
CONTINUOUS
10
5.5274015748031493
20
-3.3152952755905511
11
5.524388307086614
21
-3.3146959055118108
0
LINE
8
BLACK
6
CONTINUOUS
10
5.524388307086614
20
-3.3146959055118108
11
5.5218338188976377
21
-3.3129890157480313
0
LINE
8
BLACK
6
CONTINUOUS
10
5.5218338188976377
20
-3.3129890157480313
11
5.5201269291338582
21
-3.310434527559055
0
LINE
8
BLACK
6
CONTINUOUS
10
5.5201269291338582
20
-3.310434527559055
11
5.5195275590551178
21
-3.3074212598425197
0
LINE
8
BLACK
6
CONTINUOUS
10
5.5195275590551178
20
-3.3074212598425197
11
5.5195275590551178
21
-3.2724212598425195
0
LINE
8
BLACK
6
CONTINUOUS
10
5.5195275590551178
20
-3.2724212598425195
11
5.5201269291338582
21
-3.2694079921259842
0
LINE
8
BLACK
6
CONTINUOUS
10
5.5201269291338582
20
-3.2694079921259842
11
5.5218338188976377
21
-3.2668535039370079
0
LINE
8
BLACK
6
CONTINUOUS
10
5.5218338188976377
20
-3.2668535039370079
11
5.524388307086614
21
-3.2651466141732284
0
LINE
8
BLACK
6
CONTINUOUS
10
5.524388307086614
20
-3.2651466141732284
11
5.5274015748031493
21
-3.264547244094488
0
LINE
8
BLACK
6
CONTINUOUS
10
5.5274015748031493
20
-3.264547244094488
11
5.5824015748031499
21
-3.264547244094488
0
LINE
8
BLACK
6
CONTINUOUS
10
5.5824015748031499
20
-3.264547244094488
11
5.5854148425196852
21
-3.2651466141732284
0
LINE
8
BLACK
6
CONTINUOUS
10
6.386261299212598
20
-3.264300157480315
11
6.3888157874015743
21
-3.2660070472440945
0
LINE
8
BLACK
6
CONTINUOUS
10
6.3888157874015743
20
-3.2660070472440945
11
6.3905226771653538
21
-3.2685615354330708
0
LINE
8
BLACK
6
CONTINUOUS
10
6.3905226771653538
20
-3.2685615354330708
11
6.3911220472440942
21
-3.2715748031496061
0
LINE
8
BLACK
6
CONTINUOUS
10
6.3911220472440942
20
-3.2715748031496061
11
6.3911220472440942
21
-3.3070078740157478
0
LINE
8
BLACK
6
CONTINUOUS
10
6.3911220472440942
20
-3.3070078740157478
11
6.3905226771653538
21
-3.3100211417322836
0
LINE
8
BLACK
6
CONTINUOUS
10
6.3905226771653538
20
-3.3100211417322836
11
6.3888157874015743
21
-3.3125756299212599
0
LINE
8
BLACK
6
CONTINUOUS
10
6.3888157874015743
20
-3.3125756299212599
11
6.386261299212598
21
-3.3142825196850394
0
LINE
8
BLACK
6
CONTINUOUS
10
6.386261299212598
20
-3.3142825196850394
11
6.3832480314960627
21
-3.3148818897637793
0
LINE
8
BLACK
6
CONTINUOUS
10
6.3832480314960627
20
-3.3148818897637793
11
6.3517519685039368
21
-3.3148818897637793
0
LINE
8
BLACK
6
CONTINUOUS
10
6.3517519685039368
20
-3.3148818897637793
11
6.3487387007874014
21
-3.3142825196850394
0
LINE
8
BLACK
6
CONTINUOUS
10
6.3487387007874014
20
-3.3142825196850394
11
6.3461842125984251
21
-3.3125756299212599
0
LINE
8
BLACK
6
CONTINUOUS
10
6.3461842125984251
20
-3.3125756299212599
11
6.3444773228346456
21
-3.3100211417322836
0
LINE
8
BLACK
6
CONTINUOUS
10
6.3444773228346456
20
-3.3100211417322836
11
6.3438779527559053
21
-3.3070078740157478
0
LINE
8
BLACK
6
CONTINUOUS
10
6.3438779527559053
20
-3.3070078740157478
11
6.3438779527559053
21
-3.2715748031496061
0
LINE
8
BLACK
6
CONTINUOUS
10
6.3438779527559053
20
-3.2715748031496061
11
6.3444773228346456
21
-3.2685615354330708
0
LINE
8
BLACK
6
CONTINUOUS
10
6.3444773228346456
20
-3.2685615354330708
11
6.3461842125984251
21
-3.2660070472440945
0
LINE
8
BLACK
6
CONTINUOUS
10
6.3461842125984251
20
-3.2660070472440945
11
6.3487387007874014
21
-3.264300157480315
0
LINE
8
BLACK
6
CONTINUOUS
10
6.3487387007874014
20
-3.264300157480315
11
6.3517519685039368
21
-3.2637007874015747
0
LINE
8
BLACK
6
CONTINUOUS
10
6.3517519685039368
20
-3.2637007874015747
11
6.3832480314960627
21
-3.2637007874015747
0
LINE
8
BLACK
6
CONTINUOUS
10
6.3832480314960627
20
-3.2637007874015747
11
6.386261299212598
21
-3.264300157480315
0
LINE
8
BLACK
6
CONTINUOUS
10
6.4610644488188971
20
-3.264300157480315
11
6.4636189370078743
21
-3.2660070472440945
0
LINE
8
BLACK
6
CONTINUOUS
10
6.4636189370078743
20
-3.2660070472440945
11
6.4653258267716538
21
-3.2685615354330708
0
LINE
8
BLACK
6
CONTINUOUS
10
6.4653258267716538
20
-3.2685615354330708
11
6.4659251968503932
21
-3.2715748031496061
0
LINE
8
BLACK
6
CONTINUOUS
10
6.4659251968503932
20
-3.2715748031496061
11
6.4659251968503932
21
-3.3070078740157478
0
LINE
8
BLACK
6
CONTINUOUS
10
6.4659251968503932
20
-3.3070078740157478
11
6.4653258267716538
21
-3.3100211417322836
0
LINE
8
BLACK
6
CONTINUOUS
10
6.4653258267716538
20
-3.3100211417322836
11
6.4636189370078743
21
-3.3125756299212599
0
LINE
8
BLACK
6
CONTINUOUS
10
6.4636189370078743
20
-3.3125756299212599
11
6.4610644488188971
21
-3.3142825196850394
0
LINE
8
BLACK
6
CONTINUOUS
10
6.4610644488188971
20
-3.3142825196850394
11
6.4580511811023618
21
-3.3148818897637793
0
LINE
8
BLACK
6
CONTINUOUS
10
6.4580511811023618
20
-3.3148818897637793
11
6.4265551181102358
21
-3.3148818897637793
0
LINE
8
BLACK
6
CONTINUOUS
10
6.4265551181102358
20
-3.3148818897637793
11
6.4235418503937005
21
-3.3142825196850394
0
LINE
8
BLACK
6
CONTINUOUS
10
6.4235418503937005
20
-3.3142825196850394
11
6.4209873622047242
21
-3.3125756299212599
0
LINE
8
BLACK
6
CONTINUOUS
10
6.4209873622047242
20
-3.3125756299212599
11
6.4192804724409447
21
-3.3100211417322836
0
LINE
8
BLACK
6
CONTINUOUS
10
6.4192804724409447
20
-3.3100211417322836
11
6.4186811023622043
21
-3.3070078740157478
0
LINE
8
BLACK
6
CONTINUOUS
10
6.4186811023622043
20
-3.3070078740157478
11
6.4186811023622043
21
-3.2715748031496061
0
LINE
8
BLACK
6
CONTINUOUS
10
6.4186811023622043
20
-3.2715748031496061
11
6.4192804724409447
21
-3.2685615354330708
0
LINE
8
BLACK
6
CONTINUOUS
10
6.4192804724409447
20
-3.2685615354330708
11
6.4209873622047242
21
-3.2660070472440945
0
LINE
8
BLACK
6
CONTINUOUS
10
6.4209873622047242
20
-3.2660070472440945
11
6.4235418503937005
21
-3.264300157480315
0
LINE
8
BLACK
6
CONTINUOUS
10
6.4235418503937005
20
-3.264300157480315
11
6.4265551181102358
21
-3.2637007874015747
0
LINE
8
BLACK
6
CONTINUOUS
10
6.4265551181102358
20
-3.2637007874015747
11
6.4580511811023618
21
-3.2637007874015747
0
LINE
8
BLACK
6
CONTINUOUS
10
6.4580511811023618
20
-3.2637007874015747
11
6.4610644488188971
21
-3.264300157480315
0
LINE
8
BLACK
6
CONTINUOUS
10
5.6754148425196851
20
-3.2401466141732285
11
5.6779693307086614
21
-3.241853503937008
0
LINE
8
BLACK
6
CONTINUOUS
10
5.6779693307086614
20
-3.241853503937008
11
5.6796762204724409
21
-3.2444079921259843
0
LINE
8
BLACK
6
CONTINUOUS
10
5.6796762204724409
20
-3.2444079921259843
11
5.6802755905511813
21
-3.2474212598425196
0
LINE
8
BLACK
6
CONTINUOUS
10
5.6802755905511813
20
-3.2474212598425196
11
5.6802755905511813
21
-3.2824212598425198
0
LINE
8
BLACK
6
CONTINUOUS
10
5.6802755905511813
20
-3.2824212598425198
11
5.6796762204724409
21
-3.2854345275590551
0
LINE
8
BLACK
6
CONTINUOUS
10
5.6796762204724409
20
-3.2854345275590551
11
5.6779693307086614
21
-3.2879890157480314
0
LINE
8
BLACK
6
CONTINUOUS
10
5.6779693307086614
20
-3.2879890157480314
11
5.6754148425196851
21
-3.2896959055118109
0
LINE
8
BLACK
6
CONTINUOUS
10
5.6754148425196851
20
-3.2896959055118109
11
5.6724015748031498
21
-3.2902952755905512
0
LINE
8
BLACK
6
CONTINUOUS
10
5.6724015748031498
20
-3.2902952755905512
11
5.6174015748031492
21
-3.2902952755905512
0
LINE
8
BLACK
6
CONTINUOUS
10
5.6174015748031492
20
-3.2902952755905512
11
5.6143883070866138
21
-3.2896959055118109
0
LINE
8
BLACK
6
CONTINUOUS
10
5.6143883070866138
20
-3.2896959055118109
11
5.6118338188976375
21
-3.2879890157480314
0
LINE
8
BLACK
6
CONTINUOUS
10
5.6118338188976375
20
-3.2879890157480314
11
5.610126929133858
21
-3.2854345275590551
0
LINE
8
BLACK
6
CONTINUOUS
10
5.610126929133858
20
-3.2854345275590551
11
5.6095275590551177
21
-3.2824212598425198
0
LINE
8
BLACK
6
CONTINUOUS
10
5.6095275590551177
20
-3.2824212598425198
11
5.6095275590551177
21
-3.2474212598425196
0
LINE
8
BLACK
6
CONTINUOUS
10
5.6095275590551177
20
-3.2474212598425196
11
5.610126929133858
21
-3.2444079921259843
0
LINE
8
BLACK
6
CONTINUOUS
10
5.610126929133858
20
-3.2444079921259843
11
5.6118338188976375
21
-3.241853503937008
0
LINE
8
BLACK
6
CONTINUOUS
10
5.6118338188976375
20
-3.241853503937008
11
5.6143883070866138
21
-3.2401466141732285
0
LINE
8
BLACK
6
CONTINUOUS
10
5.6143883070866138
20
-3.2401466141732285
11
5.6174015748031492
21
-3.2395472440944881
0
LINE
8
BLACK
6
CONTINUOUS
10
5.6174015748031492
20
-3.2395472440944881
11
5.6724015748031498
21
-3.2395472440944881
0
LINE
8
BLACK
6
CONTINUOUS
10
5.6724015748031498
20
-3.2395472440944881
11
5.6754148425196851
21
-3.2401466141732285
0
LINE
8
BLACK
6
CONTINUOUS
10
5.2016943700787399
20
-3.2482765354330709
11
5.2042488582677162
21
-3.2499834251968505
0
LINE
8
BLACK
6
CONTINUOUS
10
5.2042488582677162
20
-3.2499834251968505
11
5.2059557480314957
21
-3.2525379133858268
0
LINE
8
BLACK
6
CONTINUOUS
10
5.2059557480314957
20
-3.2525379133858268
11
5.2065551181102361
21
-3.2555511811023621
0
LINE
8
BLACK
6
CONTINUOUS
10
5.2065551181102361
20
-3.2555511811023621
11
5.2065551181102361
21
-3.2791732283464565
0
LINE
8
BLACK
6
CONTINUOUS
10
5.2065551181102361
20
-3.2791732283464565
11
5.2059557480314957
21
-3.2821864960629918
0
LINE
8
BLACK
6
CONTINUOUS
10
5.2059557480314957
20
-3.2821864960629918
11
5.2042488582677162
21
-3.2847409842519686
0
LINE
8
BLACK
6
CONTINUOUS
10
5.2042488582677162
20
-3.2847409842519686
11
5.2016943700787399
21
-3.2864478740157481
0
LINE
8
BLACK
6
CONTINUOUS
10
5.2016943700787399
20
-3.2864478740157481
11
5.1986811023622046
21
-3.287047244094488
0
LINE
8
BLACK
6
CONTINUOUS
10
5.1986811023622046
20
-3.287047244094488
11
5.1711220472440944
21
-3.287047244094488
0
LINE
8
BLACK
6
CONTINUOUS
10
5.1711220472440944
20
-3.287047244094488
11
5.1681087795275591
21
-3.2864478740157481
0
LINE
8
BLACK
6
CONTINUOUS
10
5.1681087795275591
20
-3.2864478740157481
11
5.1655542913385828
21
-3.2847409842519686
0
LINE
8
BLACK
6
CONTINUOUS
10
5.1655542913385828
20
-3.2847409842519686
11
5.1638474015748033
21
-3.2821864960629918
0
LINE
8
BLACK
6
CONTINUOUS
10
5.1638474015748033
20
-3.2821864960629918
11
5.1632480314960629
21
-3.2791732283464565
0
LINE
8
BLACK
6
CONTINUOUS
10
5.1632480314960629
20
-3.2791732283464565
11
5.1632480314960629
21
-3.2555511811023621
0
LINE
8
BLACK
6
CONTINUOUS
10
5.1632480314960629
20
-3.2555511811023621
11
5.1638474015748033
21
-3.2525379133858268
0
LINE
8
BLACK
6
CONTINUOUS
10
5.1638474015748033
20
-3.2525379133858268
11
5.1655542913385828
21
-3.2499834251968505
0
LINE
8
BLACK
6
CONTINUOUS
10
5.1655542913385828
20
-3.2499834251968505
11
5.1681087795275591
21
-3.2482765354330709
0
LINE
8
BLACK
6
CONTINUOUS
10
5.1681087795275591
20
-3.2482765354330709
11
5.1711220472440944
21
-3.2476771653543306
0
LINE
8
BLACK
6
CONTINUOUS
10
5.1711220472440944
20
-3.2476771653543306
11
5.1986811023622046
21
-3.2476771653543306
0
LINE
8
BLACK
6
CONTINUOUS
10
5.1986811023622046
20
-3.2476771653543306
11
5.2016943700787399
21
-3.2482765354330709
0
LINE
8
BLACK
6
CONTINUOUS
10
5.8663794094488191
20
-3.2142607874015749
11
5.8689338976377954
21
-3.2159676771653545
0
LINE
8
BLACK
6
CONTINUOUS
10
5.8689338976377954
20
-3.2159676771653545
11
5.8706407874015749
21
-3.2185221653543308
0
LINE
8
BLACK
6
CONTINUOUS
10
5.8706407874015749
20
-3.2185221653543308
11
5.8712401574803152
21
-3.2215354330708661
0
LINE
8
BLACK
6
CONTINUOUS
10
5.8712401574803152
20
-3.2215354330708661
11
5.8712401574803152
21
-3.2727165354330707
0
LINE
8
BLACK
6
CONTINUOUS
10
5.8712401574803152
20
-3.2727165354330707
11
5.8706407874015749
21
-3.275729803149606
0
LINE
8
BLACK
6
CONTINUOUS
10
5.8706407874015749
20
-3.275729803149606
11
5.8689338976377954
21
-3.2782842913385828
0
LINE
8
BLACK
6
CONTINUOUS
10
5.8689338976377954
20
-3.2782842913385828
11
5.8663794094488191
21
-3.2799911811023623
0
LINE
8
BLACK
6
CONTINUOUS
10
5.8663794094488191
20
-3.2799911811023623
11
5.8633661417322838
21
-3.2805905511811022
0
LINE
8
BLACK
6
CONTINUOUS
10
5.8633661417322838
20
-3.2805905511811022
11
5.7964370078740153
21
-3.2805905511811022
0
LINE
8
BLACK
6
CONTINUOUS
10
5.7964370078740153
20
-3.2805905511811022
11
5.79342374015748
21
-3.2799911811023623
0
LINE
8
BLACK
6
CONTINUOUS
10
5.79342374015748
20
-3.2799911811023623
11
5.7908692519685037
21
-3.2782842913385828
0
LINE
8
BLACK
6
CONTINUOUS
10
5.7908692519685037
20
-3.2782842913385828
11
5.7891623622047241
21
-3.275729803149606
0
LINE
8
BLACK
6
CONTINUOUS
10
5.7891623622047241
20
-3.275729803149606
11
5.7885629921259838
21
-3.2727165354330707
0
LINE
8
BLACK
6
CONTINUOUS
10
5.7885629921259838
20
-3.2727165354330707
11
5.7885629921259838
21
-3.2215354330708661
0
LINE
8
BLACK
6
CONTINUOUS
10
5.7885629921259838
20
-3.2215354330708661
11
5.7891623622047241
21
-3.2185221653543308
0
LINE
8
BLACK
6
CONTINUOUS
10
5.7891623622047241
20
-3.2185221653543308
11
5.7908692519685037
21
-3.2159676771653545
0
LINE
8
BLACK
6
CONTINUOUS
10
5.7908692519685037
20
-3.2159676771653545
11
5.79342374015748
21
-3.2142607874015749
0
LINE
8
BLACK
6
CONTINUOUS
10
5.79342374015748
20
-3.2142607874015749
11
5.7964370078740153
21
-3.2136614173228346
0
LINE
8
BLACK
6
CONTINUOUS
10
5.7964370078740153
20
-3.2136614173228346
11
5.8633661417322838
21
-3.2136614173228346
0
LINE
8
BLACK
6
CONTINUOUS
10
5.8633661417322838
20
-3.2136614173228346
11
5.8663794094488191
21
-3.2142607874015749
0
LINE
8
BLACK
6
CONTINUOUS
10
6.3104148425196849
20
-3.2226466141732284
11
6.3129693307086612
21
-3.2243535039370079
0
LINE
8
BLACK
6
CONTINUOUS
10
6.3129693307086612
20
-3.2243535039370079
11
6.3146762204724407
21
-3.2269079921259842
0
LINE
8
BLACK
6
CONTINUOUS
10
6.3146762204724407
20
-3.2269079921259842
11
6.315275590551181
21
-3.2299212598425195
0
LINE
8
BLACK
6
CONTINUOUS
10
6.315275590551181
20
-3.2299212598425195
11
6.315275590551181
21
-3.2649212598425197
0
LINE
8
BLACK
6
CONTINUOUS
10
6.315275590551181
20
-3.2649212598425197
11
6.3146762204724407
21
-3.267934527559055
0
LINE
8
BLACK
6
CONTINUOUS
10
6.3146762204724407
20
-3.267934527559055
11
6.3129693307086612
21
-3.2704890157480313
0
LINE
8
BLACK
6
CONTINUOUS
10
6.3129693307086612
20
-3.2704890157480313
11
6.3104148425196849
21
-3.2721959055118108
0
LINE
8
BLACK
6
CONTINUOUS
10
6.3104148425196849
20
-3.2721959055118108
11
6.3074015748031496
21
-3.2727952755905512
0
LINE
8
BLACK
6
CONTINUOUS
10
6.3074015748031496
20
-3.2727952755905512
11
6.2524015748031498
21
-3.2727952755905512
0
LINE
8
BLACK
6
CONTINUOUS
10
6.2524015748031498
20
-3.2727952755905512
11
6.2493883070866136
21
-3.2721959055118108
0
LINE
8
BLACK
6
CONTINUOUS
10
6.2493883070866136
20
-3.2721959055118108
11
6.2468338188976373
21
-3.2704890157480313
0
LINE
8
BLACK
6
CONTINUOUS
10
6.2468338188976373
20
-3.2704890157480313
11
6.2451269291338578
21
-3.267934527559055
0
LINE
8
BLACK
6
CONTINUOUS
10
6.2451269291338578
20
-3.267934527559055
11
6.2445275590551184
21
-3.2649212598425197
0
LINE
8
BLACK
6
CONTINUOUS
10
6.2445275590551184
20
-3.2649212598425197
11
6.2445275590551184
21
-3.2299212598425195
0
LINE
8
BLACK
6
CONTINUOUS
10
6.2445275590551184
20
-3.2299212598425195
11
6.2451269291338578
21
-3.2269079921259842
0
LINE
8
BLACK
6
CONTINUOUS
10
6.2451269291338578
20
-3.2269079921259842
11
6.2468338188976373
21
-3.2243535039370079
0
LINE
8
BLACK
6
CONTINUOUS
10
6.2468338188976373
20
-3.2243535039370079
11
6.2493883070866136
21
-3.2226466141732284
0
LINE
8
BLACK
6
CONTINUOUS
10
6.2493883070866136
20
-3.2226466141732284
11
6.2524015748031498
21
-3.2220472440944881
0
LINE
8
BLACK
6
CONTINUOUS
10
6.2524015748031498
20
-3.2220472440944881
11
6.3074015748031496
21
-3.2220472440944881
0
LINE
8
BLACK
6
CONTINUOUS
10
6.3074015748031496
20
-3.2220472440944881
11
6.3104148425196849
21
-3.2226466141732284
0
LINE
8
BLACK
6
CONTINUOUS
10
5.7704148425196848
20
-3.2201466141732284
11
5.7729693307086611
21
-3.221853503937008
0
LINE
8
BLACK
6
CONTINUOUS
10
5.7729693307086611
20
-3.221853503937008
11
5.7746762204724407
21
-3.2244079921259843
0
LINE
8
BLACK
6
CONTINUOUS
10
5.7746762204724407
20
-3.2244079921259843
11
5.775275590551181
21
-3.2274212598425196
0
LINE
8
BLACK
6
CONTINUOUS
10
5.775275590551181
20
-3.2274212598425196
11
5.775275590551181
21
-3.2624212598425197
0
LINE
8
BLACK
6
CONTINUOUS
10
5.775275590551181
20
-3.2624212598425197
11
5.7746762204724407
21
-3.2654345275590551
0
LINE
8
BLACK
6
CONTINUOUS
10
5.7746762204724407
20
-3.2654345275590551
11
5.7729693307086611
21
-3.2679890157480314
0
LINE
8
BLACK
6
CONTINUOUS
10
5.7729693307086611
20
-3.2679890157480314
11
5.7704148425196848
21
-3.2696959055118109
0
LINE
8
BLACK
6
CONTINUOUS
10
5.7704148425196848
20
-3.2696959055118109
11
5.7674015748031495
21
-3.2702952755905512
0
LINE
8
BLACK
6
CONTINUOUS
10
5.7674015748031495
20
-3.2702952755905512
11
5.7124015748031498
21
-3.2702952755905512
0
LINE
8
BLACK
6
CONTINUOUS
10
5.7124015748031498
20
-3.2702952755905512
11
5.7093883070866136
21
-3.2696959055118109
0
LINE
8
BLACK
6
CONTINUOUS
10
5.7093883070866136
20
-3.2696959055118109
11
5.7068338188976373
21
-3.2679890157480314
0
LINE
8
BLACK
6
CONTINUOUS
10
5.7068338188976373
20
-3.2679890157480314
11
5.7051269291338578
21
-3.2654345275590551
0
LINE
8
BLACK
6
CONTINUOUS
10
5.7051269291338578
20
-3.2654345275590551
11
5.7045275590551183
21
-3.2624212598425197
0
LINE
8
BLACK
6
CONTINUOUS
10
5.7045275590551183
20
-3.2624212598425197
11
5.7045275590551183
21
-3.2274212598425196
0
LINE
8
BLACK
6
CONTINUOUS
10
5.7045275590551183
20
-3.2274212598425196
11
5.7051269291338578
21
-3.2244079921259843
0
LINE
8
BLACK
6
CONTINUOUS
10
5.7051269291338578
20
-3.2244079921259843
11
5.7068338188976373
21
-3.221853503937008
0
LINE
8
BLACK
6
CONTINUOUS
10
5.7068338188976373
20
-3.221853503937008
11
5.7093883070866136
21
-3.2201466141732284
0
LINE
8
BLACK
6
CONTINUOUS
10
5.7093883070866136
20
-3.2201466141732284
11
5.7124015748031498
21
-3.2195472440944881
0
LINE
8
BLACK
6
CONTINUOUS
10
5.7124015748031498
20
-3.2195472440944881
11
5.7674015748031495
21
-3.2195472440944881
0
LINE
8
BLACK
6
CONTINUOUS
10
5.7674015748031495
20
-3.2195472440944881
11
5.7704148425196848
21
-3.2201466141732284
0
LINE
8
BLACK
6
CONTINUOUS
10
5.9654148425196851
20
-3.2201466141732284
11
5.9679693307086614
21
-3.221853503937008
0
LINE
8
BLACK
6
CONTINUOUS
10
5.9679693307086614
20
-3.221853503937008
11
5.969676220472441
21
-3.2244079921259843
0
LINE
8
BLACK
6
CONTINUOUS
10
5.969676220472441
20
-3.2244079921259843
11
5.9702755905511813
21
-3.2274212598425196
0
LINE
8
BLACK
6
CONTINUOUS
10
5.9702755905511813
20
-3.2274212598425196
11
5.9702755905511813
21
-3.2624212598425197
0
LINE
8
BLACK
6
CONTINUOUS
10
5.9702755905511813
20
-3.2624212598425197
11
5.969676220472441
21
-3.2654345275590551
0
LINE
8
BLACK
6
CONTINUOUS
10
5.969676220472441
20
-3.2654345275590551
11
5.9679693307086614
21
-3.2679890157480314
0
LINE
8
BLACK
6
CONTINUOUS
10
5.9679693307086614
20
-3.2679890157480314
11
5.9654148425196851
21
-3.2696959055118109
0
LINE
8
BLACK
6
CONTINUOUS
10
5.9654148425196851
20
-3.2696959055118109
11
5.9624015748031498
21
-3.2702952755905512
0
LINE
8
BLACK
6
CONTINUOUS
10
5.9624015748031498
20
-3.2702952755905512
11
5.9074015748031492
21
-3.2702952755905512
0
LINE
8
BLACK
6
CONTINUOUS
10
5.9074015748031492
20
-3.2702952755905512
11
5.9043883070866139
21
-3.2696959055118109
0
LINE
8
BLACK
6
CONTINUOUS
10
5.9043883070866139
20
-3.2696959055118109
11
5.9018338188976376
21
-3.2679890157480314
0
LINE
8
BLACK
6
CONTINUOUS
10
5.9018338188976376
20
-3.2679890157480314
11
5.9001269291338581
21
-3.2654345275590551
0
LINE
8
BLACK
6
CONTINUOUS
10
5.9001269291338581
20
-3.2654345275590551
11
5.8995275590551177
21
-3.2624212598425197
0
LINE
8
BLACK
6
CONTINUOUS
10
5.8995275590551177
20
-3.2624212598425197
11
5.8995275590551177
21
-3.2274212598425196
0
LINE
8
BLACK
6
CONTINUOUS
10
5.8995275590551177
20
-3.2274212598425196
11
5.9001269291338581
21
-3.2244079921259843
0
LINE
8
BLACK
6
CONTINUOUS
10
5.9001269291338581
20
-3.2244079921259843
11
5.9018338188976376
21
-3.221853503937008
0
LINE
8
BLACK
6
CONTINUOUS
10
5.9018338188976376
20
-3.221853503937008
11
5.9043883070866139
21
-3.2201466141732284
0
LINE
8
BLACK
6
CONTINUOUS
10
5.9043883070866139
20
-3.2201466141732284
11
5.9074015748031492
21
-3.2195472440944881
0
LINE
8
BLACK
6
CONTINUOUS
10
5.9074015748031492
20
-3.2195472440944881
11
5.9624015748031498
21
-3.2195472440944881
0
LINE
8
BLACK
6
CONTINUOUS
10
5.9624015748031498
20
-3.2195472440944881
11
5.9654148425196851
21
-3.2201466141732284
0
LINE
8
BLACK
6
CONTINUOUS
10
5.305414842519685
20
-3.2176466141732281
11
5.3079693307086613
21
-3.2193535039370076
0
LINE
8
BLACK
6
CONTINUOUS
10
5.3079693307086613
20
-3.2193535039370076
11
5.3096762204724408
21
-3.2219079921259843
0
LINE
8
BLACK
6
CONTINUOUS
10
5.3096762204724408
20
-3.2219079921259843
11
5.3102755905511811
21
-3.2249212598425196
0
LINE
8
BLACK
6
CONTINUOUS
10
5.3102755905511811
20
-3.2249212598425196
11
5.3102755905511811
21
-3.2599212598425198
0
LINE
8
BLACK
6
CONTINUOUS
10
5.3102755905511811
20
-3.2599212598425198
11
5.3096762204724408
21
-3.2629345275590551
0
LINE
8
BLACK
6
CONTINUOUS
10
5.3096762204724408
20
-3.2629345275590551
11
5.3079693307086613
21
-3.2654890157480314
0
LINE
8
BLACK
6
CONTINUOUS
10
5.3079693307086613
20
-3.2654890157480314
11
5.305414842519685
21
-3.2671959055118109
0
LINE
8
BLACK
6
CONTINUOUS
10
5.305414842519685
20
-3.2671959055118109
11
5.3024015748031497
21
-3.2677952755905513
0
LINE
8
BLACK
6
CONTINUOUS
10
5.3024015748031497
20
-3.2677952755905513
11
5.2474015748031491
21
-3.2677952755905513
0
LINE
8
BLACK
6
CONTINUOUS
10
5.2474015748031491
20
-3.2677952755905513
11
5.2443883070866137
21
-3.2671959055118109
0
LINE
8
BLACK
6
CONTINUOUS
10
5.2443883070866137
20
-3.2671959055118109
11
5.2418338188976374
21
-3.2654890157480314
0
LINE
8
BLACK
6
CONTINUOUS
10
5.2418338188976374
20
-3.2654890157480314
11
5.2401269291338579
21
-3.2629345275590551
0
LINE
8
BLACK
6
CONTINUOUS
10
5.2401269291338579
20
-3.2629345275590551
11
5.2395275590551176
21
-3.2599212598425198
0
LINE
8
BLACK
6
CONTINUOUS
10
5.2395275590551176
20
-3.2599212598425198
11
5.2395275590551176
21
-3.2249212598425196
0
LINE
8
BLACK
6
CONTINUOUS
10
5.2395275590551176
20
-3.2249212598425196
11
5.2401269291338579
21
-3.2219079921259843
0
LINE
8
BLACK
6
CONTINUOUS
10
5.2401269291338579
20
-3.2219079921259843
11
5.2418338188976374
21
-3.2193535039370076
0
LINE
8
BLACK
6
CONTINUOUS
10
5.2418338188976374
20
-3.2193535039370076
11
5.2443883070866137
21
-3.2176466141732281
0
LINE
8
BLACK
6
CONTINUOUS
10
5.2443883070866137
20
-3.2176466141732281
11
5.2474015748031491
21
-3.2170472440944882
0
LINE
8
BLACK
6
CONTINUOUS
10
5.2474015748031491
20
-3.2170472440944882
11
5.3024015748031497
21
-3.2170472440944882
0
LINE
8
BLACK
6
CONTINUOUS
10
5.3024015748031497
20
-3.2170472440944882
11
5.305414842519685
21
-3.2176466141732281
0
LINE
8
BLACK
6
CONTINUOUS
10
6.1004148425196849
20
-3.1901466141732282
11
6.1029693307086612
21
-3.1918535039370077
0
LINE
8
BLACK
6
CONTINUOUS
10
6.1029693307086612
20
-3.1918535039370077
11
6.1046762204724407
21
-3.194407992125984
0
LINE
8
BLACK
6
CONTINUOUS
10
6.1046762204724407
20
-3.194407992125984
11
6.1052755905511811
21
-3.1974212598425198
0
LINE
8
BLACK
6
CONTINUOUS
10
6.1052755905511811
20
-3.1974212598425198
11
6.1052755905511811
21
-3.2524212598425195
0
LINE
8
BLACK
6
CONTINUOUS
10
6.1052755905511811
20
-3.2524212598425195
11
6.1046762204724407
21
-3.2554345275590548
0
LINE
8
BLACK
6
CONTINUOUS
10
6.1046762204724407
20
-3.2554345275590548
11
6.1029693307086612
21
-3.2579890157480316
0
LINE
8
BLACK
6
CONTINUOUS
10
6.1029693307086612
20
-3.2579890157480316
11
6.1004148425196849
21
-3.2596959055118111
0
LINE
8
BLACK
6
CONTINUOUS
10
6.1004148425196849
20
-3.2596959055118111
11
6.0974015748031496
21
-3.260295275590551
0
LINE
8
BLACK
6
CONTINUOUS
10
6.0974015748031496
20
-3.260295275590551
11
6.0624015748031495
21
-3.260295275590551
0
LINE
8
BLACK
6
CONTINUOUS
10
6.0624015748031495
20
-3.260295275590551
11
6.0593883070866141
21
-3.2596959055118111
0
LINE
8
BLACK
6
CONTINUOUS
10
6.0593883070866141
20
-3.2596959055118111
11
6.0568338188976378
21
-3.2579890157480316
0
LINE
8
BLACK
6
CONTINUOUS
10
6.0568338188976378
20
-3.2579890157480316
11
6.0551269291338583
21
-3.2554345275590548
0
LINE
8
BLACK
6
CONTINUOUS
10
6.0551269291338583
20
-3.2554345275590548
11
6.054527559055118
21
-3.2524212598425195
0
LINE
8
BLACK
6
CONTINUOUS
10
6.054527559055118
20
-3.2524212598425195
11
6.054527559055118
21
-3.1974212598425198
0
LINE
8
BLACK
6
CONTINUOUS
10
6.054527559055118
20
-3.1974212598425198
11
6.0551269291338583
21
-3.194407992125984
0
LINE
8
BLACK
6
CONTINUOUS
10
6.0551269291338583
20
-3.194407992125984
11
6.0568338188976378
21
-3.1918535039370077
0
LINE
8
BLACK
6
CONTINUOUS
10
6.0568338188976378
20
-3.1918535039370077
11
6.0593883070866141
21
-3.1901466141732282
0
LINE
8
BLACK
6
CONTINUOUS
10
6.0593883070866141
20
-3.1901466141732282
11
6.0624015748031495
21
-3.1895472440944883
0
LINE
8
BLACK
6
CONTINUOUS
10
6.0624015748031495
20
-3.1895472440944883
11
6.0974015748031496
21
-3.1895472440944883
0
LINE
8
BLACK
6
CONTINUOUS
10
6.0974015748031496
20
-3.1895472440944883
11
6.1004148425196849
21
-3.1901466141732282
0
LINE
8
BLACK
6
CONTINUOUS
10
6.1754148425196851
20
-3.1901466141732282
11
6.1779693307086614
21
-3.1918535039370077
0
LINE
8
BLACK
6
CONTINUOUS
10
6.1779693307086614
20
-3.1918535039370077
11
6.1796762204724409
21
-3.194407992125984
0
LINE
8
BLACK
6
CONTINUOUS
10
6.1796762204724409
20
-3.194407992125984
11
6.1802755905511813
21
-3.1974212598425198
0
LINE
8
BLACK
6
CONTINUOUS
10
6.1802755905511813
20
-3.1974212598425198
11
6.1802755905511813
21
-3.2524212598425195
0
LINE
8
BLACK
6
CONTINUOUS
10
6.1802755905511813
20
-3.2524212598425195
11
6.1796762204724409
21
-3.2554345275590548
0
LINE
8
BLACK
6
CONTINUOUS
10
6.1796762204724409
20
-3.2554345275590548
11
6.1779693307086614
21
-3.2579890157480316
0
LINE
8
BLACK
6
CONTINUOUS
10
6.1779693307086614
20
-3.2579890157480316
11
6.1754148425196851
21
-3.2596959055118111
0
LINE
8
BLACK
6
CONTINUOUS
10
6.1754148425196851
20
-3.2596959055118111
11
6.1724015748031498
21
-3.260295275590551
0
LINE
8
BLACK
6
CONTINUOUS
10
6.1724015748031498
20
-3.260295275590551
11
6.1374015748031496
21
-3.260295275590551
0
LINE
8
BLACK
6
CONTINUOUS
10
6.1374015748031496
20
-3.260295275590551
11
6.1343883070866143
21
-3.2596959055118111
0
LINE
8
BLACK
6
CONTINUOUS
10
6.1343883070866143
20
-3.2596959055118111
11
6.131833818897638
21
-3.2579890157480316
0
LINE
8
BLACK
6
CONTINUOUS
10
6.131833818897638
20
-3.2579890157480316
11
6.1301269291338585
21
-3.2554345275590548
0
LINE
8
BLACK
6
CONTINUOUS
10
6.1301269291338585
20
-3.2554345275590548
11
6.1295275590551181
21
-3.2524212598425195
0
LINE
8
BLACK
6
CONTINUOUS
10
6.1295275590551181
20
-3.2524212598425195
11
6.1295275590551181
21
-3.1974212598425198
0
LINE
8
BLACK
6
CONTINUOUS
10
6.1295275590551181
20
-3.1974212598425198
11
6.1301269291338585
21
-3.194407992125984
0
LINE
8
BLACK
6
CONTINUOUS
10
6.1301269291338585
20
-3.194407992125984
11
6.131833818897638
21
-3.1918535039370077
0
LINE
8
BLACK
6
CONTINUOUS
10
6.131833818897638
20
-3.1918535039370077
11
6.1343883070866143
21
-3.1901466141732282
0
LINE
8
BLACK
6
CONTINUOUS
10
6.1343883070866143
20
-3.1901466141732282
11
6.1374015748031496
21
-3.1895472440944883
0
LINE
8
BLACK
6
CONTINUOUS
10
6.1374015748031496
20
-3.1895472440944883
11
6.1724015748031498
21
-3.1895472440944883
0
LINE
8
BLACK
6
CONTINUOUS
10
6.1724015748031498
20
-3.1895472440944883
11
6.1754148425196851
21
-3.1901466141732282
0
LINE
8
BLACK
6
CONTINUOUS
10
5.5054148425196852
20
-3.2051466141732283
11
5.5079693307086615
21
-3.2068535039370079
0
LINE
8
BLACK
6
CONTINUOUS
10
5.5079693307086615
20
-3.2068535039370079
11
5.509676220472441
21
-3.2094079921259842
0
LINE
8
BLACK
6
CONTINUOUS
10
5.509676220472441
20
-3.2094079921259842
11
5.5102755905511813
21
-3.2124212598425195
0
LINE
8
BLACK
6
CONTINUOUS
10
5.5102755905511813
20
-3.2124212598425195
11
5.5102755905511813
21
-3.2474212598425196
0
LINE
8
BLACK
6
CONTINUOUS
10
5.5102755905511813
20
-3.2474212598425196
11
5.509676220472441
21
-3.2504345275590549
0
LINE
8
BLACK
6
CONTINUOUS
10
5.509676220472441
20
-3.2504345275590549
11
5.5079693307086615
21
-3.2529890157480312
0
LINE
8
BLACK
6
CONTINUOUS
10
5.5079693307086615
20
-3.2529890157480312
11
5.5054148425196852
21
-3.2546959055118108
0
LINE
8
BLACK
6
CONTINUOUS
10
5.5054148425196852
20
-3.2546959055118108
11
5.5024015748031498
21
-3.2552952755905511
0
LINE
8
BLACK
6
CONTINUOUS
10
5.5024015748031498
20
-3.2552952755905511
11
5.4474015748031492
21
-3.2552952755905511
0
LINE
8
BLACK
6
CONTINUOUS
10
5.4474015748031492
20
-3.2552952755905511
11
5.4443883070866139
21
-3.2546959055118108
0
LINE
8
BLACK
6
CONTINUOUS
10
5.4443883070866139
20
-3.2546959055118108
11
5.4418338188976376
21
-3.2529890157480312
0
LINE
8
BLACK
6
CONTINUOUS
10
5.4418338188976376
20
-3.2529890157480312
11
5.4401269291338581
21
-3.2504345275590549
0
LINE
8
BLACK
6
CONTINUOUS
10
5.4401269291338581
20
-3.2504345275590549
11
5.4395275590551178
21
-3.2474212598425196
0
LINE
8
BLACK
6
CONTINUOUS
10
5.4395275590551178
20
-3.2474212598425196
11
5.4395275590551178
21
-3.2124212598425195
0
LINE
8
BLACK
6
CONTINUOUS
10
5.4395275590551178
20
-3.2124212598425195
11
5.4401269291338581
21
-3.2094079921259842
0
LINE
8
BLACK
6
CONTINUOUS
10
5.4401269291338581
20
-3.2094079921259842
11
5.4418338188976376
21
-3.2068535039370079
0
LINE
8
BLACK
6
CONTINUOUS
10
5.4418338188976376
20
-3.2068535039370079
11
5.4443883070866139
21
-3.2051466141732283
0
LINE
8
BLACK
6
CONTINUOUS
10
5.4443883070866139
20
-3.2051466141732283
11
5.4474015748031492
21
-3.204547244094488
0
LINE
8
BLACK
6
CONTINUOUS
10
5.4474015748031492
20
-3.204547244094488
11
5.5024015748031498
21
-3.204547244094488
0
LINE
8
BLACK
6
CONTINUOUS
10
5.5024015748031498
20
-3.204547244094488
11
5.5054148425196852
21
-3.2051466141732283
0
LINE
8
BLACK
6
CONTINUOUS
10
5.5854148425196852
20
-3.1901466141732282
11
5.5879693307086615
21
-3.1918535039370077
0
LINE
8
BLACK
6
CONTINUOUS
10
5.5879693307086615
20
-3.1918535039370077
11
5.5896762204724411
21
-3.194407992125984
0
LINE
8
BLACK
6
CONTINUOUS
10
5.5896762204724411
20
-3.194407992125984
11
5.5902755905511814
21
-3.1974212598425198
0
LINE
8
BLACK
6
CONTINUOUS
10
5.5902755905511814
20
-3.1974212598425198
11
5.5902755905511814
21
-3.2324212598425195
0
LINE
8
BLACK
6
CONTINUOUS
10
5.5902755905511814
20
-3.2324212598425195
11
5.5896762204724411
21
-3.2354345275590553
0
LINE
8
BLACK
6
CONTINUOUS
10
5.5896762204724411
20
-3.2354345275590553
11
5.5879693307086615
21
-3.2379890157480316
0
LINE
8
BLACK
6
CONTINUOUS
10
5.5879693307086615
20
-3.2379890157480316
11
5.5854148425196852
21
-3.2396959055118111
0
LINE
8
BLACK
6
CONTINUOUS
10
5.5854148425196852
20
-3.2396959055118111
11
5.5824015748031499
21
-3.240295275590551
0
LINE
8
BLACK
6
CONTINUOUS
10
5.5824015748031499
20
-3.240295275590551
11
5.5274015748031493
21
-3.240295275590551
0
LINE
8
BLACK
6
CONTINUOUS
10
5.5274015748031493
20
-3.240295275590551
11
5.524388307086614
21
-3.2396959055118111
0
LINE
8
BLACK
6
CONTINUOUS
10
5.524388307086614
20
-3.2396959055118111
11
5.5218338188976377
21
-3.2379890157480316
0
LINE
8
BLACK
6
CONTINUOUS
10
5.5218338188976377
20
-3.2379890157480316
11
5.5201269291338582
21
-3.2354345275590553
0
LINE
8
BLACK
6
CONTINUOUS
10
5.5201269291338582
20
-3.2354345275590553
11
5.5195275590551178
21
-3.2324212598425195
0
LINE
8
BLACK
6
CONTINUOUS
10
5.5195275590551178
20
-3.2324212598425195
11
5.5195275590551178
21
-3.1974212598425198
0
LINE
8
BLACK
6
CONTINUOUS
10
5.5195275590551178
20
-3.1974212598425198
11
5.5201269291338582
21
-3.194407992125984
0
LINE
8
BLACK
6
CONTINUOUS
10
5.5201269291338582
20
-3.194407992125984
11
5.5218338188976377
21
-3.1918535039370077
0
LINE
8
BLACK
6
CONTINUOUS
10
5.5218338188976377
20
-3.1918535039370077
11
5.524388307086614
21
-3.1901466141732282
0
LINE
8
BLACK
6
CONTINUOUS
10
5.524388307086614
20
-3.1901466141732282
11
5.5274015748031493
21
-3.1895472440944883
0
LINE
8
BLACK
6
CONTINUOUS
10
5.5274015748031493
20
-3.1895472440944883
11
5.5824015748031499
21
-3.1895472440944883
0
LINE
8
BLACK
6
CONTINUOUS
10
5.5824015748031499
20
-3.1895472440944883
11
5.5854148425196852
21
-3.1901466141732282
0
LINE
8
BLACK
6
CONTINUOUS
10
6.423662874015748
20
-3.1855599999999997
11
6.4262173622047243
21
-3.1872668897637793
0
LINE
8
BLACK
6
CONTINUOUS
10
6.4262173622047243
20
-3.1872668897637793
11
6.4279242519685038
21
-3.189821377952756
0
LINE
8
BLACK
6
CONTINUOUS
10
6.4279242519685038
20
-3.189821377952756
11
6.4285236220472441
21
-3.1928346456692913
0
LINE
8
BLACK
6
CONTINUOUS
10
6.4285236220472441
20
-3.1928346456692913
11
6.4285236220472441
21
-3.228267716535433
0
LINE
8
BLACK
6
CONTINUOUS
10
6.4285236220472441
20
-3.228267716535433
11
6.4279242519685038
21
-3.2312809842519683
0
LINE
8
BLACK
6
CONTINUOUS
10
6.4279242519685038
20
-3.2312809842519683
11
6.4262173622047243
21
-3.2338354724409446
0
LINE
8
BLACK
6
CONTINUOUS
10
6.4262173622047243
20
-3.2338354724409446
11
6.423662874015748
21
-3.2355423622047241
0
LINE
8
BLACK
6
CONTINUOUS
10
6.423662874015748
20
-3.2355423622047241
11
6.4206496062992127
21
-3.2361417322834645
0
LINE
8
BLACK
6
CONTINUOUS
10
6.4206496062992127
20
-3.2361417322834645
11
6.3891535433070867
21
-3.2361417322834645
0
LINE
8
BLACK
6
CONTINUOUS
10
6.3891535433070867
20
-3.2361417322834645
11
6.3861402755905514
21
-3.2355423622047241
0
LINE
8
BLACK
6
CONTINUOUS
10
6.3861402755905514
20
-3.2355423622047241
11
6.3835857874015742
21
-3.2338354724409446
0
LINE
8
BLACK
6
CONTINUOUS
10
6.3835857874015742
20
-3.2338354724409446
11
6.3818788976377947
21
-3.2312809842519683
0
LINE
8
BLACK
6
CONTINUOUS
10
6.3818788976377947
20
-3.2312809842519683
11
6.3812795275590553
21
-3.228267716535433
0
LINE
8
BLACK
6
CONTINUOUS
10
6.3812795275590553
20
-3.228267716535433
11
6.3812795275590553
21
-3.1928346456692913
0
LINE
8
BLACK
6
CONTINUOUS
10
6.3812795275590553
20
-3.1928346456692913
11
6.3818788976377947
21
-3.189821377952756
0
LINE
8
BLACK
6
CONTINUOUS
10
6.3818788976377947
20
-3.189821377952756
11
6.3835857874015742
21
-3.1872668897637793
0
LINE
8
BLACK
6
CONTINUOUS
10
6.3835857874015742
20
-3.1872668897637793
11
6.3861402755905514
21
-3.1855599999999997
0
LINE
8
BLACK
6
CONTINUOUS
10
6.3861402755905514
20
-3.1855599999999997
11
6.3891535433070867
21
-3.1849606299212598
0
LINE
8
BLACK
6
CONTINUOUS
10
6.3891535433070867
20
-3.1849606299212598
11
6.4206496062992127
21
-3.1849606299212598
0
LINE
8
BLACK
6
CONTINUOUS
10
6.4206496062992127
20
-3.1849606299212598
11
6.423662874015748
21
-3.1855599999999997
0
LINE
8
BLACK
6
CONTINUOUS
10
5.2116943700787397
20
-3.1883946456692911
11
5.214248858267716
21
-3.1901015354330706
0
LINE
8
BLACK
6
CONTINUOUS
10
5.214248858267716
20
-3.1901015354330706
11
5.2159557480314955
21
-3.1926560236220474
0
LINE
8
BLACK
6
CONTINUOUS
10
5.2159557480314955
20
-3.1926560236220474
11
5.2165551181102359
21
-3.1956692913385827
0
LINE
8
BLACK
6
CONTINUOUS
10
5.2165551181102359
20
-3.1956692913385827
11
5.2165551181102359
21
-3.2192913385826771
0
LINE
8
BLACK
6
CONTINUOUS
10
5.2165551181102359
20
-3.2192913385826771
11
5.2159557480314955
21
-3.2223046062992124
0
LINE
8
BLACK
6
CONTINUOUS
10
5.2159557480314955
20
-3.2223046062992124
11
5.214248858267716
21
-3.2248590944881887
0
LINE
8
BLACK
6
CONTINUOUS
10
5.214248858267716
20
-3.2248590944881887
11
5.2116943700787397
21
-3.2265659842519683
0
LINE
8
BLACK
6
CONTINUOUS
10
5.2116943700787397
20
-3.2265659842519683
11
5.2086811023622044
21
-3.2271653543307086
0
LINE
8
BLACK
6
CONTINUOUS
10
5.2086811023622044
20
-3.2271653543307086
11
5.1811220472440942
21
-3.2271653543307086
0
LINE
8
BLACK
6
CONTINUOUS
10
5.1811220472440942
20
-3.2271653543307086
11
5.1781087795275589
21
-3.2265659842519683
0
LINE
8
BLACK
6
CONTINUOUS
10
5.1781087795275589
20
-3.2265659842519683
11
5.1755542913385826
21
-3.2248590944881887
0
LINE
8
BLACK
6
CONTINUOUS
10
5.1755542913385826
20
-3.2248590944881887
11
5.1738474015748031
21
-3.2223046062992124
0
LINE
8
BLACK
6
CONTINUOUS
10
5.1738474015748031
20
-3.2223046062992124
11
5.1732480314960627
21
-3.2192913385826771
0
LINE
8
BLACK
6
CONTINUOUS
10
5.1732480314960627
20
-3.2192913385826771
11
5.1732480314960627
21
-3.1956692913385827
0
LINE
8
BLACK
6
CONTINUOUS
10
5.1732480314960627
20
-3.1956692913385827
11
5.1738474015748031
21
-3.1926560236220474
0
LINE
8
BLACK
6
CONTINUOUS
10
5.1738474015748031
20
-3.1926560236220474
11
5.1755542913385826
21
-3.1901015354330706
0
LINE
8
BLACK
6
CONTINUOUS
10
5.1755542913385826
20
-3.1901015354330706
11
5.1781087795275589
21
-3.1883946456692911
0
LINE
8
BLACK
6
CONTINUOUS
10
5.1781087795275589
20
-3.1883946456692911
11
5.1811220472440942
21
-3.1877952755905512
0
LINE
8
BLACK
6
CONTINUOUS
10
5.1811220472440942
20
-3.1877952755905512
11
5.2086811023622044
21
-3.1877952755905512
0
LINE
8
BLACK
6
CONTINUOUS
10
5.2086811023622044
20
-3.1877952755905512
11
5.2116943700787397
21
-3.1883946456692911
0
LINE
8
BLACK
6
CONTINUOUS
10
5.6754148425196851
20
-3.1651466141732283
11
5.6779693307086614
21
-3.1668535039370078
0
LINE
8
BLACK
6
CONTINUOUS
10
5.6779693307086614
20
-3.1668535039370078
11
5.6796762204724409
21
-3.1694079921259841
0
LINE
8
BLACK
6
CONTINUOUS
10
5.6796762204724409
20
-3.1694079921259841
11
5.6802755905511813
21
-3.1724212598425194
0
LINE
8
BLACK
6
CONTINUOUS
10
5.6802755905511813
20
-3.1724212598425194
11
5.6802755905511813
21
-3.2074212598425196
0
LINE
8
BLACK
6
CONTINUOUS
10
5.6802755905511813
20
-3.2074212598425196
11
5.6796762204724409
21
-3.2104345275590549
0
LINE
8
BLACK
6
CONTINUOUS
10
5.6796762204724409
20
-3.2104345275590549
11
5.6779693307086614
21
-3.2129890157480316
0
LINE
8
BLACK
6
CONTINUOUS
10
5.6779693307086614
20
-3.2129890157480316
11
5.6754148425196851
21
-3.2146959055118112
0
LINE
8
BLACK
6
CONTINUOUS
10
5.6754148425196851
20
-3.2146959055118112
11
5.6724015748031498
21
-3.2152952755905511
0
LINE
8
BLACK
6
CONTINUOUS
10
5.6724015748031498
20
-3.2152952755905511
11
5.6174015748031492
21
-3.2152952755905511
0
LINE
8
BLACK
6
CONTINUOUS
10
5.6174015748031492
20
-3.2152952755905511
11
5.6143883070866138
21
-3.2146959055118112
0
LINE
8
BLACK
6
CONTINUOUS
10
5.6143883070866138
20
-3.2146959055118112
11
5.6118338188976375
21
-3.2129890157480316
0
LINE
8
BLACK
6
CONTINUOUS
10
5.6118338188976375
20
-3.2129890157480316
11
5.610126929133858
21
-3.2104345275590549
0
LINE
8
BLACK
6
CONTINUOUS
10
5.610126929133858
20
-3.2104345275590549
11
5.6095275590551177
21
-3.2074212598425196
0
LINE
8
BLACK
6
CONTINUOUS
10
5.6095275590551177
20
-3.2074212598425196
11
5.6095275590551177
21
-3.1724212598425194
0
LINE
8
BLACK
6
CONTINUOUS
10
5.6095275590551177
20
-3.1724212598425194
11
5.610126929133858
21
-3.1694079921259841
0
LINE
8
BLACK
6
CONTINUOUS
10
5.610126929133858
20
-3.1694079921259841
11
5.6118338188976375
21
-3.1668535039370078
0
LINE
8
BLACK
6
CONTINUOUS
10
5.6118338188976375
20
-3.1668535039370078
11
5.6143883070866138
21
-3.1651466141732283
0
LINE
8
BLACK
6
CONTINUOUS
10
5.6143883070866138
20
-3.1651466141732283
11
5.6174015748031492
21
-3.164547244094488
0
LINE
8
BLACK
6
CONTINUOUS
10
5.6174015748031492
20
-3.164547244094488
11
5.6724015748031498
21
-3.164547244094488
0
LINE
8
BLACK
6
CONTINUOUS
10
5.6724015748031498
20
-3.164547244094488
11
5.6754148425196851
21
-3.1651466141732283
0
LINE
8
BLACK
6
CONTINUOUS
10
5.0478157480314962
20
-2.9525280708661419
11
5.0615895275590548
21
-2.9556718503937005
0
LINE
8
BLACK
6
CONTINUOUS
10
5.0615895275590548
20
-2.9556718503937005
11
5.0749246850393703
21
-2.960337992125984
0
LINE
8
BLACK
6
CONTINUOUS
10
5.0749246850393703
20
-2.960337992125984
11
5.0876535433070869
21
-2.9664679133858267
0
LINE
8
BLACK
6
CONTINUOUS
10
5.0876535433070869
20
-2.9664679133858267
11
5.0996160629921254
21
-2.9739844488188978
0
LINE
8
BLACK
6
CONTINUOUS
10
5.0996160629921254
20
-2.9739844488188978
11
5.1106617716535432
21
-2.9827931102362206
0
LINE
8
BLACK
6
CONTINUOUS
10
5.1106617716535432
20
-2.9827931102362206
11
5.1206517716535433
21
-2.9927831102362203
0
LINE
8
BLACK
6
CONTINUOUS
10
5.1206517716535433
20
-2.9927831102362203
11
5.1294604330708662
21
-3.0038288188976376
0
LINE
8
BLACK
6
CONTINUOUS
10
5.1294604330708662
20
-3.0038288188976376
11
5.1369769685039373
21
-3.0157913385826771
0
LINE
8
BLACK
6
CONTINUOUS
10
5.1369769685039373
20
-3.0157913385826771
11
5.1431068897637795
21
-3.0285201968503936
0
LINE
8
BLACK
6
CONTINUOUS
10
5.1431068897637795
20
-3.0285201968503936
11
5.1477730314960626
21
-3.0418553543307087
0
LINE
8
BLACK
6
CONTINUOUS
10
5.1477730314960626
20
-3.0418553543307087
11
5.1509168110236221
21
-3.0556291338582677
0
LINE
8
BLACK
6
CONTINUOUS
10
5.1509168110236221
20
-3.0556291338582677
11
5.1524986614173232
21
-3.069668307086614
0
LINE
8
BLACK
6
CONTINUOUS
10
5.1524986614173232
20
-3.069668307086614
11
5.1524986614173232
21
-3.0837962598425195
0
LINE
8
BLACK
6
CONTINUOUS
10
5.1524986614173232
20
-3.0837962598425195
11
5.1509168110236221
21
-3.0978354330708662
0
LINE
8
BLACK
6
CONTINUOUS
10
5.1509168110236221
20
-3.0978354330708662
11
5.1477730314960626
21
-3.1116092125984252
0
LINE
8
BLACK
6
CONTINUOUS
10
5.1477730314960626
20
-3.1116092125984252
11
5.1431068897637795
21
-3.1249443700787403
0
LINE
8
BLACK
6
CONTINUOUS
10
5.1431068897637795
20
-3.1249443700787403
11
5.1369769685039373
21
-3.1376732283464568
0
LINE
8
BLACK
6
CONTINUOUS
10
5.1369769685039373
20
-3.1376732283464568
11
5.1294604330708662
21
-3.1496357480314958
0
LINE
8
BLACK
6
CONTINUOUS
10
5.1294604330708662
20
-3.1496357480314958
11
5.1206517716535433
21
-3.1606814566929131
0
LINE
8
BLACK
6
CONTINUOUS
10
5.1206517716535433
20
-3.1606814566929131
11
5.1106617716535432
21
-3.1706714566929133
0
LINE
8
BLACK
6
CONTINUOUS
10
5.1106617716535432
20
-3.1706714566929133
11
5.0996160629921254
21
-3.1794801181102361
0
LINE
8
BLACK
6
CONTINUOUS
10
5.0996160629921254
20
-3.1794801181102361
11
5.0876535433070869
21
-3.1869966535433072
0
LINE
8
BLACK
6
CONTINUOUS
10
5.0876535433070869
20
-3.1869966535433072
11
5.0749246850393703
21
-3.1931265748031494
0
LINE
8
BLACK
6
CONTINUOUS
10
5.0749246850393703
20
-3.1931265748031494
11
5.0615895275590548
21
-3.197792716535433
0
LINE
8
BLACK
6
CONTINUOUS
10
5.0615895275590548
20
-3.197792716535433
11
5.0478157480314962
21
-3.200936496062992
0
LINE
8
BLACK
6
CONTINUOUS
10
5.0478157480314962
20
-3.200936496062992
11
5.0337765748031496
21
-3.2025183464566926
0
LINE
8
BLACK
6
CONTINUOUS
10
5.0337765748031496
20
-3.2025183464566926
11
5.019648622047244
21
-3.2025183464566926
0
LINE
8
BLACK
6
CONTINUOUS
10
5.019648622047244
20
-3.2025183464566926
11
5.0056094488188974
21
-3.200936496062992
0
LINE
8
BLACK
6
CONTINUOUS
10
5.0056094488188974
20
-3.200936496062992
11
4.9918356692913388
21
-3.197792716535433
0
LINE
8
BLACK
6
CONTINUOUS
10
4.9918356692913388
20
-3.197792716535433
11
4.9785005118110233
21
-3.1931265748031494
0
LINE
8
BLACK
6
CONTINUOUS
10
4.9785005118110233
20
-3.1931265748031494
11
4.9657716535433067
21
-3.1869966535433072
0
LINE
8
BLACK
6
CONTINUOUS
10
4.9657716535433067
20
-3.1869966535433072
11
4.9538091338582673
21
-3.1794801181102361
0
LINE
8
BLACK
6
CONTINUOUS
10
4.9538091338582673
20
-3.1794801181102361
11
4.9427634251968504
21
-3.1706714566929133
0
LINE
8
BLACK
6
CONTINUOUS
10
4.9427634251968504
20
-3.1706714566929133
11
4.9327734251968502
21
-3.1606814566929131
0
LINE
8
BLACK
6
CONTINUOUS
10
4.9327734251968502
20
-3.1606814566929131
11
4.9239647637795274
21
-3.1496357480314958
0
LINE
8
BLACK
6
CONTINUOUS
10
4.9239647637795274
20
-3.1496357480314958
11
4.9164482283464563
21
-3.1376732283464568
0
LINE
8
BLACK
6
CONTINUOUS
10
4.9164482283464563
20
-3.1376732283464568
11
4.9103183070866141
21
-3.1249443700787403
0
LINE
8
BLACK
6
CONTINUOUS
10
4.9103183070866141
20
-3.1249443700787403
11
4.905652165354331
21
-3.1116092125984252
0
LINE
8
BLACK
6
CONTINUOUS
10
4.905652165354331
20
-3.1116092125984252
11
4.9025083858267715
21
-3.0978354330708662
0
LINE
8
BLACK
6
CONTINUOUS
10
4.9025083858267715
20
-3.0978354330708662
11
4.9009265354330704
21
-3.0837962598425195
0
LINE
8
BLACK
6
CONTINUOUS
10
4.9009265354330704
20
-3.0837962598425195
11
4.9009265354330704
21
-3.069668307086614
0
LINE
8
BLACK
6
CONTINUOUS
10
4.9009265354330704
20
-3.069668307086614
11
4.9025083858267715
21
-3.0556291338582677
0
LINE
8
BLACK
6
CONTINUOUS
10
4.9025083858267715
20
-3.0556291338582677
11
4.905652165354331
21
-3.0418553543307087
0
LINE
8
BLACK
6
CONTINUOUS
10
4.905652165354331
20
-3.0418553543307087
11
4.9103183070866141
21
-3.0285201968503936
0
LINE
8
BLACK
6
CONTINUOUS
10
4.9103183070866141
20
-3.0285201968503936
11
4.9164482283464563
21
-3.0157913385826771
0
LINE
8
BLACK
6
CONTINUOUS
10
4.9164482283464563
20
-3.0157913385826771
11
4.9239647637795274
21
-3.0038288188976376
0
LINE
8
BLACK
6
CONTINUOUS
10
4.9239647637795274
20
-3.0038288188976376
11
4.9327734251968502
21
-2.9927831102362203
0
LINE
8
BLACK
6
CONTINUOUS
10
4.9327734251968502
20
-2.9927831102362203
11
4.9427634251968504
21
-2.9827931102362206
0
LINE
8
BLACK
6
CONTINUOUS
10
4.9427634251968504
20
-2.9827931102362206
11
4.9538091338582673
21
-2.9739844488188978
0
LINE
8
BLACK
6
CONTINUOUS
10
4.9538091338582673
20
-2.9739844488188978
11
4.9657716535433067
21
-2.9664679133858267
0
LINE
8
BLACK
6
CONTINUOUS
10
4.9657716535433067
20
-2.9664679133858267
11
4.9785005118110233
21
-2.960337992125984
0
LINE
8
BLACK
6
CONTINUOUS
10
4.9785005118110233
20
-2.960337992125984
11
4.9918356692913388
21
-2.9556718503937005
0
LINE
8
BLACK
6
CONTINUOUS
10
4.9918356692913388
20
-2.9556718503937005
11
5.0056094488188974
21
-2.9525280708661419
0
LINE
8
BLACK
6
CONTINUOUS
10
5.0056094488188974
20
-2.9525280708661419
11
5.019648622047244
21
-2.9509462204724408
0
LINE
8
BLACK
6
CONTINUOUS
10
5.019648622047244
20
-2.9509462204724408
11
5.0337765748031496
21
-2.9509462204724408
0
LINE
8
BLACK
6
CONTINUOUS
10
5.0337765748031496
20
-2.9509462204724408
11
5.0478157480314962
21
-2.9525280708661419
0
LINE
8
BLACK
6
CONTINUOUS
10
6.6241937007874014
20
-2.9525280708661419
11
6.6379674803149609
21
-2.9556718503937005
0
LINE
8
BLACK
6
CONTINUOUS
10
6.6379674803149609
20
-2.9556718503937005
11
6.6513026377952755
21
-2.960337992125984
0
LINE
8
BLACK
6
CONTINUOUS
10
6.6513026377952755
20
-2.960337992125984
11
6.6640314960629921
21
-2.9664679133858267
0
LINE
8
BLACK
6
CONTINUOUS
10
6.6640314960629921
20
-2.9664679133858267
11
6.6759940157480315
21
-2.9739844488188978
0
LINE
8
BLACK
6
CONTINUOUS
10
6.6759940157480315
20
-2.9739844488188978
11
6.6870397244094484
21
-2.9827931102362206
0
LINE
8
BLACK
6
CONTINUOUS
10
6.6870397244094484
20
-2.9827931102362206
11
6.6970297244094485
21
-2.9927831102362203
0
LINE
8
BLACK
6
CONTINUOUS
10
6.6970297244094485
20
-2.9927831102362203
11
6.7058383858267714
21
-3.0038288188976376
0
LINE
8
BLACK
6
CONTINUOUS
10
6.7058383858267714
20
-3.0038288188976376
11
6.7133549212598425
21
-3.0157913385826771
0
LINE
8
BLACK
6
CONTINUOUS
10
6.7133549212598425
20
-3.0157913385826771
11
6.7194848425196847
21
-3.0285201968503936
0
LINE
8
BLACK
6
CONTINUOUS
10
6.7194848425196847
20
-3.0285201968503936
11
6.7241509842519687
21
-3.0418553543307087
0
LINE
8
BLACK
6
CONTINUOUS
10
6.7241509842519687
20
-3.0418553543307087
11
6.7272947637795273
21
-3.0556291338582677
0
LINE
8
BLACK
6
CONTINUOUS
10
6.7272947637795273
20
-3.0556291338582677
11
6.7288766141732284
21
-3.069668307086614
0
LINE
8
BLACK
6
CONTINUOUS
10
6.7288766141732284
20
-3.069668307086614
11
6.7288766141732284
21
-3.0837962598425195
0
LINE
8
BLACK
6
CONTINUOUS
10
6.7288766141732284
20
-3.0837962598425195
11
6.7272947637795273
21
-3.0978354330708662
0
LINE
8
BLACK
6
CONTINUOUS
10
6.7272947637795273
20
-3.0978354330708662
11
6.7241509842519687
21
-3.1116092125984252
0
LINE
8
BLACK
6
CONTINUOUS
10
6.7241509842519687
20
-3.1116092125984252
11
6.7194848425196847
21
-3.1249443700787403
0
LINE
8
BLACK
6
CONTINUOUS
10
6.7194848425196847
20
-3.1249443700787403
11
6.7133549212598425
21
-3.1376732283464568
0
LINE
8
BLACK
6
CONTINUOUS
10
6.7133549212598425
20
-3.1376732283464568
11
6.7058383858267714
21
-3.1496357480314958
0
LINE
8
BLACK
6
CONTINUOUS
10
6.7058383858267714
20
-3.1496357480314958
11
6.6970297244094485
21
-3.1606814566929131
0
LINE
8
BLACK
6
CONTINUOUS
10
6.6970297244094485
20
-3.1606814566929131
11
6.6870397244094484
21
-3.1706714566929133
0
LINE
8
BLACK
6
CONTINUOUS
10
6.6870397244094484
20
-3.1706714566929133
11
6.6759940157480315
21
-3.1794801181102361
0
LINE
8
BLACK
6
CONTINUOUS
10
6.6759940157480315
20
-3.1794801181102361
11
6.6640314960629921
21
-3.1869966535433072
0
LINE
8
BLACK
6
CONTINUOUS
10
6.6640314960629921
20
-3.1869966535433072
11
6.6513026377952755
21
-3.1931265748031494
0
LINE
8
BLACK
6
CONTINUOUS
10
6.6513026377952755
20
-3.1931265748031494
11
6.6379674803149609
21
-3.197792716535433
0
LINE
8
BLACK
6
CONTINUOUS
10
6.6379674803149609
20
-3.197792716535433
11
6.6241937007874014
21
-3.200936496062992
0
LINE
8
BLACK
6
CONTINUOUS
10
6.6241937007874014
20
-3.200936496062992
11
6.6101545275590547
21
-3.2025183464566926
0
LINE
8
BLACK
6
CONTINUOUS
10
6.6101545275590547
20
-3.2025183464566926
11
6.5960265748031492
21
-3.2025183464566926
0
LINE
8
BLACK
6
CONTINUOUS
10
6.5960265748031492
20
-3.2025183464566926
11
6.5819874015748034
21
-3.200936496062992
0
LINE
8
BLACK
6
CONTINUOUS
10
6.5819874015748034
20
-3.200936496062992
11
6.568213622047244
21
-3.197792716535433
0
LINE
8
BLACK
6
CONTINUOUS
10
6.568213622047244
20
-3.197792716535433
11
6.5548784645669294
21
-3.1931265748031494
0
LINE
8
BLACK
6
CONTINUOUS
10
6.5548784645669294
20
-3.1931265748031494
11
6.5421496062992128
21
-3.1869966535433072
0
LINE
8
BLACK
6
CONTINUOUS
10
6.5421496062992128
20
-3.1869966535433072
11
6.5301870866141734
21
-3.1794801181102361
0
LINE
8
BLACK
6
CONTINUOUS
10
6.5301870866141734
20
-3.1794801181102361
11
6.5191413779527556
21
-3.1706714566929133
0
LINE
8
BLACK
6
CONTINUOUS
10
6.5191413779527556
20
-3.1706714566929133
11
6.5091513779527554
21
-3.1606814566929131
0
LINE
8
BLACK
6
CONTINUOUS
10
6.5091513779527554
20
-3.1606814566929131
11
6.5003427165354326
21
-3.1496357480314958
0
LINE
8
BLACK
6
CONTINUOUS
10
6.5003427165354326
20
-3.1496357480314958
11
6.4928261811023624
21
-3.1376732283464568
0
LINE
8
BLACK
6
CONTINUOUS
10
6.4928261811023624
20
-3.1376732283464568
11
6.4866962598425193
21
-3.1249443700787403
0
LINE
8
BLACK
6
CONTINUOUS
10
6.4866962598425193
20
-3.1249443700787403
11
6.4820301181102362
21
-3.1116092125984252
0
LINE
8
BLACK
6
CONTINUOUS
10
6.4820301181102362
20
-3.1116092125984252
11
6.4788863385826767
21
-3.0978354330708662
0
LINE
8
BLACK
6
CONTINUOUS
10
6.4788863385826767
20
-3.0978354330708662
11
6.4773044881889765
21
-3.0837962598425195
0
LINE
8
BLACK
6
CONTINUOUS
10
6.4773044881889765
20
-3.0837962598425195
11
6.4773044881889765
21
-3.069668307086614
0
LINE
8
BLACK
6
CONTINUOUS
10
6.4773044881889765
20
-3.069668307086614
11
6.4788863385826767
21
-3.0556291338582677
0
LINE
8
BLACK
6
CONTINUOUS
10
6.4788863385826767
20
-3.0556291338582677
11
6.4820301181102362
21
-3.0418553543307087
0
LINE
8
BLACK
6
CONTINUOUS
10
6.4820301181102362
20
-3.0418553543307087
11
6.4866962598425193
21
-3.0285201968503936
0
LINE
8
BLACK
6
CONTINUOUS
10
6.4866962598425193
20
-3.0285201968503936
11
6.4928261811023624
21
-3.0157913385826771
0
LINE
8
BLACK
6
CONTINUOUS
10
6.4928261811023624
20
-3.0157913385826771
11
6.5003427165354326
21
-3.0038288188976376
0
LINE
8
BLACK
6
CONTINUOUS
10
6.5003427165354326
20
-3.0038288188976376
11
6.5091513779527554
21
-2.9927831102362203
0
LINE
8
BLACK
6
CONTINUOUS
10
6.5091513779527554
20
-2.9927831102362203
11
6.5191413779527556
21
-2.9827931102362206
0
LINE
8
BLACK
6
CONTINUOUS
10
6.5191413779527556
20
-2.9827931102362206
11
6.5301870866141734
21
-2.9739844488188978
0
LINE
8
BLACK
6
CONTINUOUS
10
6.5301870866141734
20
-2.9739844488188978
11
6.5421496062992128
21
-2.9664679133858267
0
LINE
8
BLACK
6
CONTINUOUS
10
6.5421496062992128
20
-2.9664679133858267
11
6.5548784645669294
21
-2.960337992125984
0
LINE
8
BLACK
6
CONTINUOUS
10
6.5548784645669294
20
-2.960337992125984
11
6.568213622047244
21
-2.9556718503937005
0
LINE
8
BLACK
6
CONTINUOUS
10
6.568213622047244
20
-2.9556718503937005
11
6.5819874015748034
21
-2.9525280708661419
0
LINE
8
BLACK
6
CONTINUOUS
10
6.5819874015748034
20
-2.9525280708661419
11
6.5960265748031492
21
-2.9509462204724408
0
LINE
8
BLACK
6
CONTINUOUS
10
6.5960265748031492
20
-2.9509462204724408
11
6.6101545275590547
21
-2.9509462204724408
0
LINE
8
BLACK
6
CONTINUOUS
10
6.6101545275590547
20
-2.9509462204724408
11
6.6241937007874014
21
-2.9525280708661419
0
LINE
8
BLACK
6
CONTINUOUS
10
6.3104148425196849
20
-3.1476466141732282
11
6.3129693307086612
21
-3.1493535039370077
0
LINE
8
BLACK
6
CONTINUOUS
10
6.3129693307086612
20
-3.1493535039370077
11
6.3146762204724407
21
-3.151907992125984
0
LINE
8
BLACK
6
CONTINUOUS
10
6.3146762204724407
20
-3.151907992125984
11
6.315275590551181
21
-3.1549212598425198
0
LINE
8
BLACK
6
CONTINUOUS
10
6.315275590551181
20
-3.1549212598425198
11
6.315275590551181
21
-3.1899212598425195
0
LINE
8
BLACK
6
CONTINUOUS
10
6.315275590551181
20
-3.1899212598425195
11
6.3146762204724407
21
-3.1929345275590548
0
LINE
8
BLACK
6
CONTINUOUS
10
6.3146762204724407
20
-3.1929345275590548
11
6.3129693307086612
21
-3.1954890157480316
0
LINE
8
BLACK
6
CONTINUOUS
10
6.3129693307086612
20
-3.1954890157480316
11
6.3104148425196849
21
-3.1971959055118111
0
LINE
8
BLACK
6
CONTINUOUS
10
6.3104148425196849
20
-3.1971959055118111
11
6.3074015748031496
21
-3.197795275590551
0
LINE
8
BLACK
6
CONTINUOUS
10
6.3074015748031496
20
-3.197795275590551
11
6.2524015748031498
21
-3.197795275590551
0
LINE
8
BLACK
6
CONTINUOUS
10
6.2524015748031498
20
-3.197795275590551
11
6.2493883070866136
21
-3.1971959055118111
0
LINE
8
BLACK
6
CONTINUOUS
10
6.2493883070866136
20
-3.1971959055118111
11
6.2468338188976373
21
-3.1954890157480316
0
LINE
8
BLACK
6
CONTINUOUS
10
6.2468338188976373
20
-3.1954890157480316
11
6.2451269291338578
21
-3.1929345275590548
0
LINE
8
BLACK
6
CONTINUOUS
10
6.2451269291338578
20
-3.1929345275590548
11
6.2445275590551184
21
-3.1899212598425195
0
LINE
8
BLACK
6
CONTINUOUS
10
6.2445275590551184
20
-3.1899212598425195
11
6.2445275590551184
21
-3.1549212598425198
0
LINE
8
BLACK
6
CONTINUOUS
10
6.2445275590551184
20
-3.1549212598425198
11
6.2451269291338578
21
-3.151907992125984
0
LINE
8
BLACK
6
CONTINUOUS
10
6.2451269291338578
20
-3.151907992125984
11
6.2468338188976373
21
-3.1493535039370077
0
LINE
8
BLACK
6
CONTINUOUS
10
6.2468338188976373
20
-3.1493535039370077
11
6.2493883070866136
21
-3.1476466141732282
0
LINE
8
BLACK
6
CONTINUOUS
10
6.2493883070866136
20
-3.1476466141732282
11
6.2524015748031498
21
-3.1470472440944883
0
LINE
8
BLACK
6
CONTINUOUS
10
6.2524015748031498
20
-3.1470472440944883
11
6.3074015748031496
21
-3.1470472440944883
0
LINE
8
BLACK
6
CONTINUOUS
10
6.3074015748031496
20
-3.1470472440944883
11
6.3104148425196849
21
-3.1476466141732282
0
LINE
8
BLACK
6
CONTINUOUS
10
5.9654148425196851
20
-3.1451466141732283
11
5.9679693307086614
21
-3.1468535039370078
0
LINE
8
BLACK
6
CONTINUOUS
10
5.9679693307086614
20
-3.1468535039370078
11
5.969676220472441
21
-3.1494079921259841
0
LINE
8
BLACK
6
CONTINUOUS
10
5.969676220472441
20
-3.1494079921259841
11
5.9702755905511813
21
-3.1524212598425194
0
LINE
8
BLACK
6
CONTINUOUS
10
5.9702755905511813
20
-3.1524212598425194
11
5.9702755905511813
21
-3.1874212598425196
0
LINE
8
BLACK
6
CONTINUOUS
10
5.9702755905511813
20
-3.1874212598425196
11
5.969676220472441
21
-3.1904345275590549
0
LINE
8
BLACK
6
CONTINUOUS
10
5.969676220472441
20
-3.1904345275590549
11
5.9679693307086614
21
-3.1929890157480316
0
LINE
8
BLACK
6
CONTINUOUS
10
5.9679693307086614
20
-3.1929890157480316
11
5.9654148425196851
21
-3.1946959055118112
0
LINE
8
BLACK
6
CONTINUOUS
10
5.9654148425196851
20
-3.1946959055118112
11
5.9624015748031498
21
-3.195295275590551
0
LINE
8
BLACK
6
CONTINUOUS
10
5.9624015748031498
20
-3.195295275590551
11
5.9074015748031492
21
-3.195295275590551
0
LINE
8
BLACK
6
CONTINUOUS
10
5.9074015748031492
20
-3.195295275590551
11
5.9043883070866139
21
-3.1946959055118112
0
LINE
8
BLACK
6
CONTINUOUS
10
5.9043883070866139
20
-3.1946959055118112
11
5.9018338188976376
21
-3.1929890157480316
0
LINE
8
BLACK
6
CONTINUOUS
10
5.9018338188976376
20
-3.1929890157480316
11
5.9001269291338581
21
-3.1904345275590549
0
LINE
8
BLACK
6
CONTINUOUS
10
5.9001269291338581
20
-3.1904345275590549
11
5.8995275590551177
21
-3.1874212598425196
0
LINE
8
BLACK
6
CONTINUOUS
10
5.8995275590551177
20
-3.1874212598425196
11
5.8995275590551177
21
-3.1524212598425194
0
LINE
8
BLACK
6
CONTINUOUS
10
5.8995275590551177
20
-3.1524212598425194
11
5.9001269291338581
21
-3.1494079921259841
0
LINE
8
BLACK
6
CONTINUOUS
10
5.9001269291338581
20
-3.1494079921259841
11
5.9018338188976376
21
-3.1468535039370078
0
LINE
8
BLACK
6
CONTINUOUS
10
5.9018338188976376
20
-3.1468535039370078
11
5.9043883070866139
21
-3.1451466141732283
0
LINE
8
BLACK
6
CONTINUOUS
10
5.9043883070866139
20
-3.1451466141732283
11
5.9074015748031492
21
-3.1445472440944879
0
LINE
8
BLACK
6
CONTINUOUS
10
5.9074015748031492
20
-3.1445472440944879
11
5.9624015748031498
21
-3.1445472440944879
0
LINE
8
BLACK
6
CONTINUOUS
10
5.9624015748031498
20
-3.1445472440944879
11
5.9654148425196851
21
-3.1451466141732283
0
LINE
8
BLACK
6
CONTINUOUS
10
5.305414842519685
20
-3.1426466141732283
11
5.3079693307086613
21
-3.1443535039370079
0
LINE
8
BLACK
6
CONTINUOUS
10
5.3079693307086613
20
-3.1443535039370079
11
5.3096762204724408
21
-3.1469079921259842
0
LINE
8
BLACK
6
CONTINUOUS
10
5.3096762204724408
20
-3.1469079921259842
11
5.3102755905511811
21
-3.1499212598425195
0
LINE
8
BLACK
6
CONTINUOUS
10
5.3102755905511811
20
-3.1499212598425195
11
5.3102755905511811
21
-3.1849212598425196
0
LINE
8
BLACK
6
CONTINUOUS
10
5.3102755905511811
20
-3.1849212598425196
11
5.3096762204724408
21
-3.1879345275590549
0
LINE
8
BLACK
6
CONTINUOUS
10
5.3096762204724408
20
-3.1879345275590549
11
5.3079693307086613
21
-3.1904890157480312
0
LINE
8
BLACK
6
CONTINUOUS
10
5.3079693307086613
20
-3.1904890157480312
11
5.305414842519685
21
-3.1921959055118108
0
LINE
8
BLACK
6
CONTINUOUS
10
5.305414842519685
20
-3.1921959055118108
11
5.3024015748031497
21
-3.1927952755905511
0
LINE
8
BLACK
6
CONTINUOUS
10
5.3024015748031497
20
-3.1927952755905511
11
5.2474015748031491
21
-3.1927952755905511
0
LINE
8
BLACK
6
CONTINUOUS
10
5.2474015748031491
20
-3.1927952755905511
11
5.2443883070866137
21
-3.1921959055118108
0
LINE
8
BLACK
6
CONTINUOUS
10
5.2443883070866137
20
-3.1921959055118108
11
5.2418338188976374
21
-3.1904890157480312
0
LINE
8
BLACK
6
CONTINUOUS
10
5.2418338188976374
20
-3.1904890157480312
11
5.2401269291338579
21
-3.1879345275590549
0
LINE
8
BLACK
6
CONTINUOUS
10
5.2401269291338579
20
-3.1879345275590549
11
5.2395275590551176
21
-3.1849212598425196
0
LINE
8
BLACK
6
CONTINUOUS
10
5.2395275590551176
20
-3.1849212598425196
11
5.2395275590551176
21
-3.1499212598425195
0
LINE
8
BLACK
6
CONTINUOUS
10
5.2395275590551176
20
-3.1499212598425195
11
5.2401269291338579
21
-3.1469079921259842
0
LINE
8
BLACK
6
CONTINUOUS
10
5.2401269291338579
20
-3.1469079921259842
11
5.2418338188976374
21
-3.1443535039370079
0
LINE
8
BLACK
6
CONTINUOUS
10
5.2418338188976374
20
-3.1443535039370079
11
5.2443883070866137
21
-3.1426466141732283
0
LINE
8
BLACK
6
CONTINUOUS
10
5.2443883070866137
20
-3.1426466141732283
11
5.2474015748031491
21
-3.142047244094488
0
LINE
8
BLACK
6
CONTINUOUS
10
5.2474015748031491
20
-3.142047244094488
11
5.3024015748031497
21
-3.142047244094488
0
LINE
8
BLACK
6
CONTINUOUS
10
5.3024015748031497
20
-3.142047244094488
11
5.305414842519685
21
-3.1426466141732283
0
LINE
8
BLACK
6
CONTINUOUS
10
5.2116943700787397
20
-3.1332765354330707
11
5.214248858267716
21
-3.1349834251968502
0
LINE
8
BLACK
6
CONTINUOUS
10
5.214248858267716
20
-3.1349834251968502
11
5.2159557480314955
21
-3.1375379133858265
0
LINE
8
BLACK
6
CONTINUOUS
10
5.2159557480314955
20
-3.1375379133858265
11
5.2165551181102359
21
-3.1405511811023623
0
LINE
8
BLACK
6
CONTINUOUS
10
5.2165551181102359
20
-3.1405511811023623
11
5.2165551181102359
21
-3.1641732283464568
0
LINE
8
BLACK
6
CONTINUOUS
10
5.2165551181102359
20
-3.1641732283464568
11
5.2159557480314955
21
-3.1671864960629921
0
LINE
8
BLACK
6
CONTINUOUS
10
5.2159557480314955
20
-3.1671864960629921
11
5.214248858267716
21
-3.1697409842519684
0
LINE
8
BLACK
6
CONTINUOUS
10
5.214248858267716
20
-3.1697409842519684
11
5.2116943700787397
21
-3.1714478740157479
0
LINE
8
BLACK
6
CONTINUOUS
10
5.2116943700787397
20
-3.1714478740157479
11
5.2086811023622044
21
-3.1720472440944882
0
LINE
8
BLACK
6
CONTINUOUS
10
5.2086811023622044
20
-3.1720472440944882
11
5.1811220472440942
21
-3.1720472440944882
0
LINE
8
BLACK
6
CONTINUOUS
10
5.1811220472440942
20
-3.1720472440944882
11
5.1781087795275589
21
-3.1714478740157479
0
LINE
8
BLACK
6
CONTINUOUS
10
5.1781087795275589
20
-3.1714478740157479
11
5.1755542913385826
21
-3.1697409842519684
0
LINE
8
BLACK
6
CONTINUOUS
10
5.1755542913385826
20
-3.1697409842519684
11
5.1738474015748031
21
-3.1671864960629921
0
LINE
8
BLACK
6
CONTINUOUS
10
5.1738474015748031
20
-3.1671864960629921
11
5.1732480314960627
21
-3.1641732283464568
0
LINE
8
BLACK
6
CONTINUOUS
10
5.1732480314960627
20
-3.1641732283464568
11
5.1732480314960627
21
-3.1405511811023623
0
LINE
8
BLACK
6
CONTINUOUS
10
5.1732480314960627
20
-3.1405511811023623
11
5.1738474015748031
21
-3.1375379133858265
0
LINE
8
BLACK
6
CONTINUOUS
10
5.1738474015748031
20
-3.1375379133858265
11
5.1755542913385826
21
-3.1349834251968502
0
LINE
8
BLACK
6
CONTINUOUS
10
5.1755542913385826
20
-3.1349834251968502
11
5.1781087795275589
21
-3.1332765354330707
0
LINE
8
BLACK
6
CONTINUOUS
10
5.1781087795275589
20
-3.1332765354330707
11
5.1811220472440942
21
-3.1326771653543308
0
LINE
8
BLACK
6
CONTINUOUS
10
5.1811220472440942
20
-3.1326771653543308
11
5.2086811023622044
21
-3.1326771653543308
0
LINE
8
BLACK
6
CONTINUOUS
10
5.2086811023622044
20
-3.1326771653543308
11
5.2116943700787397
21
-3.1332765354330707
0
LINE
8
BLACK
6
CONTINUOUS
10
6.430414842519685
20
-3.1151466141732285
11
6.4329693307086613
21
-3.116853503937008
0
LINE
8
BLACK
6
CONTINUOUS
10
6.4329693307086613
20
-3.116853503937008
11
6.4346762204724408
21
-3.1194079921259843
0
LINE
8
BLACK
6
CONTINUOUS
10
6.4346762204724408
20
-3.1194079921259843
11
6.4352755905511811
21
-3.1224212598425196
0
LINE
8
BLACK
6
CONTINUOUS
10
6.4352755905511811
20
-3.1224212598425196
11
6.4352755905511811
21
-3.1574212598425198
0
LINE
8
BLACK
6
CONTINUOUS
10
6.4352755905511811
20
-3.1574212598425198
11
6.4346762204724408
21
-3.1604345275590551
0
LINE
8
BLACK
6
CONTINUOUS
10
6.4346762204724408
20
-3.1604345275590551
11
6.4329693307086613
21
-3.1629890157480314
0
LINE
8
BLACK
6
CONTINUOUS
10
6.4329693307086613
20
-3.1629890157480314
11
6.430414842519685
21
-3.1646959055118109
0
LINE
8
BLACK
6
CONTINUOUS
10
6.430414842519685
20
-3.1646959055118109
11
6.4274015748031497
21
-3.1652952755905512
0
LINE
8
BLACK
6
CONTINUOUS
10
6.4274015748031497
20
-3.1652952755905512
11
6.3724015748031491
21
-3.1652952755905512
0
LINE
8
BLACK
6
CONTINUOUS
10
6.3724015748031491
20
-3.1652952755905512
11
6.3693883070866137
21
-3.1646959055118109
0
LINE
8
BLACK
6
CONTINUOUS
10
6.3693883070866137
20
-3.1646959055118109
11
6.3668338188976374
21
-3.1629890157480314
0
LINE
8
BLACK
6
CONTINUOUS
10
6.3668338188976374
20
-3.1629890157480314
11
6.3651269291338579
21
-3.1604345275590551
0
LINE
8
BLACK
6
CONTINUOUS
10
6.3651269291338579
20
-3.1604345275590551
11
6.3645275590551176
21
-3.1574212598425198
0
LINE
8
BLACK
6
CONTINUOUS
10
6.3645275590551176
20
-3.1574212598425198
11
6.3645275590551176
21
-3.1224212598425196
0
LINE
8
BLACK
6
CONTINUOUS
10
6.3645275590551176
20
-3.1224212598425196
11
6.3651269291338579
21
-3.1194079921259843
0
LINE
8
BLACK
6
CONTINUOUS
10
6.3651269291338579
20
-3.1194079921259843
11
6.3668338188976374
21
-3.116853503937008
0
LINE
8
BLACK
6
CONTINUOUS
10
6.3668338188976374
20
-3.116853503937008
11
6.3693883070866137
21
-3.1151466141732285
0
LINE
8
BLACK
6
CONTINUOUS
10
6.3693883070866137
20
-3.1151466141732285
11
6.3724015748031491
21
-3.1145472440944881
0
LINE
8
BLACK
6
CONTINUOUS
10
6.3724015748031491
20
-3.1145472440944881
11
6.4274015748031497
21
-3.1145472440944881
0
LINE
8
BLACK
6
CONTINUOUS
10
6.4274015748031497
20
-3.1145472440944881
11
6.430414842519685
21
-3.1151466141732285
0
LINE
8
BLACK
6
CONTINUOUS
10
5.3524948031496065
20
-3.0369901574803149
11
5.3565699606299209
21
-3.038982401574803
0
LINE
8
BLACK
6
CONTINUOUS
10
5.3565699606299209
20
-3.038982401574803
11
5.3597774409448817
21
-3.0421898818897639
0
LINE
8
BLACK
6
CONTINUOUS
10
5.3597774409448817
20
-3.0421898818897639
11
5.3617696850393699
21
-3.0462650393700788
0
LINE
8
BLACK
6
CONTINUOUS
10
5.3617696850393699
20
-3.0462650393700788
11
5.3623425196850389
21
-3.0501968503937009
0
LINE
8
BLACK
6
CONTINUOUS
10
5.3623425196850389
20
-3.0501968503937009
11
5.3623425196850389
21
-3.1053149606299213
0
LINE
8
BLACK
6
CONTINUOUS
10
5.3623425196850389
20
-3.1053149606299213
11
5.3617696850393699
21
-3.109246771653543
0
LINE
8
BLACK
6
CONTINUOUS
10
5.3617696850393699
20
-3.109246771653543
11
5.3597774409448817
21
-3.1133219291338583
0
LINE
8
BLACK
6
CONTINUOUS
10
5.3597774409448817
20
-3.1133219291338583
11
5.3565699606299209
21
-3.1165294094488187
0
LINE
8
BLACK
6
CONTINUOUS
10
5.3565699606299209
20
-3.1165294094488187
11
5.3524948031496065
21
-3.1185216535433069
0
LINE
8
BLACK
6
CONTINUOUS
10
5.3524948031496065
20
-3.1185216535433069
11
5.3485629921259843
21
-3.1190944881889764
0
LINE
8
BLACK
6
CONTINUOUS
10
5.3485629921259843
20
-3.1190944881889764
11
5.3367519685039371
21
-3.1190944881889764
0
LINE
8
BLACK
6
CONTINUOUS
10
5.3367519685039371
20
-3.1190944881889764
11
5.3328201574803149
21
-3.1185216535433069
0
LINE
8
BLACK
6
CONTINUOUS
10
5.3328201574803149
20
-3.1185216535433069
11
5.3287449999999996
21
-3.1165294094488187
0
LINE
8
BLACK
6
CONTINUOUS
10
5.3287449999999996
20
-3.1165294094488187
11
5.3255375196850396
21
-3.1133219291338583
0
LINE
8
BLACK
6
CONTINUOUS
10
5.3255375196850396
20
-3.1133219291338583
11
5.3235452755905515
21
-3.109246771653543
0
LINE
8
BLACK
6
CONTINUOUS
10
5.3235452755905515
20
-3.109246771653543
11
5.3229724409448815
21
-3.1053149606299213
0
LINE
8
BLACK
6
CONTINUOUS
10
5.3229724409448815
20
-3.1053149606299213
11
5.3229724409448815
21
-3.0501968503937009
0
LINE
8
BLACK
6
CONTINUOUS
10
5.3229724409448815
20
-3.0501968503937009
11
5.3235452755905515
21
-3.0462650393700788
0
LINE
8
BLACK
6
CONTINUOUS
10
5.3235452755905515
20
-3.0462650393700788
11
5.3255375196850396
21
-3.0421898818897639
0
LINE
8
BLACK
6
CONTINUOUS
10
5.3255375196850396
20
-3.0421898818897639
11
5.3287449999999996
21
-3.038982401574803
0
LINE
8
BLACK
6
CONTINUOUS
10
5.3287449999999996
20
-3.038982401574803
11
5.3328201574803149
21
-3.0369901574803149
0
LINE
8
BLACK
6
CONTINUOUS
10
5.3328201574803149
20
-3.0369901574803149
11
5.3367519685039371
21
-3.0364173228346454
0
LINE
8
BLACK
6
CONTINUOUS
10
5.3367519685039371
20
-3.0364173228346454
11
5.3485629921259843
21
-3.0364173228346454
0
LINE
8
BLACK
6
CONTINUOUS
10
5.3485629921259843
20
-3.0364173228346454
11
5.3524948031496065
21
-3.0369901574803149
0
LINE
8
BLACK
6
CONTINUOUS
10
5.4017074015748028
20
-3.0369901574803149
11
5.4057825590551181
21
-3.038982401574803
0
LINE
8
BLACK
6
CONTINUOUS
10
5.4057825590551181
20
-3.038982401574803
11
5.4089900393700789
21
-3.0421898818897639
0
LINE
8
BLACK
6
CONTINUOUS
10
5.4089900393700789
20
-3.0421898818897639
11
5.4109822834645671
21
-3.0462650393700788
0
LINE
8
BLACK
6
CONTINUOUS
10
5.4109822834645671
20
-3.0462650393700788
11
5.4115551181102362
21
-3.0501968503937009
0
LINE
8
BLACK
6
CONTINUOUS
10
5.4115551181102362
20
-3.0501968503937009
11
5.4115551181102362
21
-3.1053149606299213
0
LINE
8
BLACK
6
CONTINUOUS
10
5.4115551181102362
20
-3.1053149606299213
11
5.4109822834645671
21
-3.109246771653543
0
LINE
8
BLACK
6
CONTINUOUS
10
5.4109822834645671
20
-3.109246771653543
11
5.4089900393700789
21
-3.1133219291338583
0
LINE
8
BLACK
6
CONTINUOUS
10
5.4089900393700789
20
-3.1133219291338583
11
5.4057825590551181
21
-3.1165294094488187
0
LINE
8
BLACK
6
CONTINUOUS
10
5.4057825590551181
20
-3.1165294094488187
11
5.4017074015748028
21
-3.1185216535433069
0
LINE
8
BLACK
6
CONTINUOUS
10
5.4017074015748028
20
-3.1185216535433069
11
5.3977755905511806
21
-3.1190944881889764
0
LINE
8
BLACK
6
CONTINUOUS
10
5.3977755905511806
20
-3.1190944881889764
11
5.3859645669291334
21
-3.1190944881889764
0
LINE
8
BLACK
6
CONTINUOUS
10
5.3859645669291334
20
-3.1190944881889764
11
5.3820327559055121
21
-3.1185216535433069
0
LINE
8
BLACK
6
CONTINUOUS
10
5.3820327559055121
20
-3.1185216535433069
11
5.3779575984251968
21
-3.1165294094488187
0
LINE
8
BLACK
6
CONTINUOUS
10
5.3779575984251968
20
-3.1165294094488187
11
5.374750118110236
21
-3.1133219291338583
0
LINE
8
BLACK
6
CONTINUOUS
10
5.374750118110236
20
-3.1133219291338583
11
5.3727578740157478
21
-3.109246771653543
0
LINE
8
BLACK
6
CONTINUOUS
10
5.3727578740157478
20
-3.109246771653543
11
5.3721850393700787
21
-3.1053149606299213
0
LINE
8
BLACK
6
CONTINUOUS
10
5.3721850393700787
20
-3.1053149606299213
11
5.3721850393700787
21
-3.0501968503937009
0
LINE
8
BLACK
6
CONTINUOUS
10
5.3721850393700787
20
-3.0501968503937009
11
5.3727578740157478
21
-3.0462650393700788
0
LINE
8
BLACK
6
CONTINUOUS
10
5.3727578740157478
20
-3.0462650393700788
11
5.374750118110236
21
-3.0421898818897639
0
LINE
8
BLACK
6
CONTINUOUS
10
5.374750118110236
20
-3.0421898818897639
11
5.3779575984251968
21
-3.038982401574803
0
LINE
8
BLACK
6
CONTINUOUS
10
5.3779575984251968
20
-3.038982401574803
11
5.3820327559055121
21
-3.0369901574803149
0
LINE
8
BLACK
6
CONTINUOUS
10
5.3820327559055121
20
-3.0369901574803149
11
5.3859645669291334
21
-3.0364173228346454
0
LINE
8
BLACK
6
CONTINUOUS
10
5.3859645669291334
20
-3.0364173228346454
11
5.3977755905511806
21
-3.0364173228346454
0
LINE
8
BLACK
6
CONTINUOUS
10
5.3977755905511806
20
-3.0364173228346454
11
5.4017074015748028
21
-3.0369901574803149
0
LINE
8
BLACK
6
CONTINUOUS
10
5.45092
20
-3.0369901574803149
11
5.4549951574803153
21
-3.038982401574803
0
LINE
8
BLACK
6
CONTINUOUS
10
5.4549951574803153
20
-3.038982401574803
11
5.4582026377952753
21
-3.0421898818897639
0
LINE
8
BLACK
6
CONTINUOUS
10
5.4582026377952753
20
-3.0421898818897639
11
5.4601948818897634
21
-3.0462650393700788
0
LINE
8
BLACK
6
CONTINUOUS
10
5.4601948818897634
20
-3.0462650393700788
11
5.4607677165354334
21
-3.0501968503937009
0
LINE
8
BLACK
6
CONTINUOUS
10
5.4607677165354334
20
-3.0501968503937009
11
5.4607677165354334
21
-3.1053149606299213
0
LINE
8
BLACK
6
CONTINUOUS
10
5.4607677165354334
20
-3.1053149606299213
11
5.4601948818897634
21
-3.109246771653543
0
LINE
8
BLACK
6
CONTINUOUS
10
5.4601948818897634
20
-3.109246771653543
11
5.4582026377952753
21
-3.1133219291338583
0
LINE
8
BLACK
6
CONTINUOUS
10
5.4582026377952753
20
-3.1133219291338583
11
5.4549951574803153
21
-3.1165294094488187
0
LINE
8
BLACK
6
CONTINUOUS
10
5.4549951574803153
20
-3.1165294094488187
11
5.45092
21
-3.1185216535433069
0
LINE
8
BLACK
6
CONTINUOUS
10
5.45092
20
-3.1185216535433069
11
5.4469881889763778
21
-3.1190944881889764
0
LINE
8
BLACK
6
CONTINUOUS
10
5.4469881889763778
20
-3.1190944881889764
11
5.4351771653543306
21
-3.1190944881889764
0
LINE
8
BLACK
6
CONTINUOUS
10
5.4351771653543306
20
-3.1190944881889764
11
5.4312453543307084
21
-3.1185216535433069
0
LINE
8
BLACK
6
CONTINUOUS
10
5.4312453543307084
20
-3.1185216535433069
11
5.4271701968503931
21
-3.1165294094488187
0
LINE
8
BLACK
6
CONTINUOUS
10
5.4271701968503931
20
-3.1165294094488187
11
5.4239627165354332
21
-3.1133219291338583
0
LINE
8
BLACK
6
CONTINUOUS
10
5.4239627165354332
20
-3.1133219291338583
11
5.421970472440945
21
-3.109246771653543
0
LINE
8
BLACK
6
CONTINUOUS
10
5.421970472440945
20
-3.109246771653543
11
5.4213976377952751
21
-3.1053149606299213
0
LINE
8
BLACK
6
CONTINUOUS
10
5.4213976377952751
20
-3.1053149606299213
11
5.4213976377952751
21
-3.0501968503937009
0
LINE
8
BLACK
6
CONTINUOUS
10
5.4213976377952751
20
-3.0501968503937009
11
5.421970472440945
21
-3.0462650393700788
0
LINE
8
BLACK
6
CONTINUOUS
10
5.421970472440945
20
-3.0462650393700788
11
5.4239627165354332
21
-3.0421898818897639
0
LINE
8
BLACK
6
CONTINUOUS
10
5.4239627165354332
20
-3.0421898818897639
11
5.4271701968503931
21
-3.038982401574803
0
LINE
8
BLACK
6
CONTINUOUS
10
5.4271701968503931
20
-3.038982401574803
11
5.4312453543307084
21
-3.0369901574803149
0
LINE
8
BLACK
6
CONTINUOUS
10
5.4312453543307084
20
-3.0369901574803149
11
5.4351771653543306
21
-3.0364173228346454
0
LINE
8
BLACK
6
CONTINUOUS
10
5.4351771653543306
20
-3.0364173228346454
11
5.4469881889763778
21
-3.0364173228346454
0
LINE
8
BLACK
6
CONTINUOUS
10
5.4469881889763778
20
-3.0364173228346454
11
5.45092
21
-3.0369901574803149
0
LINE
8
BLACK
6
CONTINUOUS
10
5.5001325984251963
20
-3.0369901574803149
11
5.5042077559055116
21
-3.038982401574803
0
LINE
8
BLACK
6
CONTINUOUS
10
5.5042077559055116
20
-3.038982401574803
11
5.5074152362204725
21
-3.0421898818897639
0
LINE
8
BLACK
6
CONTINUOUS
10
5.5074152362204725
20
-3.0421898818897639
11
5.5094074803149606
21
-3.0462650393700788
0
LINE
8
BLACK
6
CONTINUOUS
10
5.5094074803149606
20
-3.0462650393700788
11
5.5099803149606297
21
-3.0501968503937009
0
LINE
8
BLACK
6
CONTINUOUS
10
5.5099803149606297
20
-3.0501968503937009
11
5.5099803149606297
21
-3.1053149606299213
0
LINE
8
BLACK
6
CONTINUOUS
10
5.5099803149606297
20
-3.1053149606299213
11
5.5094074803149606
21
-3.109246771653543
0
LINE
8
BLACK
6
CONTINUOUS
10
5.5094074803149606
20
-3.109246771653543
11
5.5074152362204725
21
-3.1133219291338583
0
LINE
8
BLACK
6
CONTINUOUS
10
5.5074152362204725
20
-3.1133219291338583
11
5.5042077559055116
21
-3.1165294094488187
0
LINE
8
BLACK
6
CONTINUOUS
10
5.5042077559055116
20
-3.1165294094488187
11
5.5001325984251963
21
-3.1185216535433069
0
LINE
8
BLACK
6
CONTINUOUS
10
5.5001325984251963
20
-3.1185216535433069
11
5.496200787401575
21
-3.1190944881889764
0
LINE
8
BLACK
6
CONTINUOUS
10
5.496200787401575
20
-3.1190944881889764
11
5.4843897637795278
21
-3.1190944881889764
0
LINE
8
BLACK
6
CONTINUOUS
10
5.4843897637795278
20
-3.1190944881889764
11
5.4804579527559056
21
-3.1185216535433069
0
LINE
8
BLACK
6
CONTINUOUS
10
5.4804579527559056
20
-3.1185216535433069
11
5.4763827952755904
21
-3.1165294094488187
0
LINE
8
BLACK
6
CONTINUOUS
10
5.4763827952755904
20
-3.1165294094488187
11
5.4731753149606295
21
-3.1133219291338583
0
LINE
8
BLACK
6
CONTINUOUS
10
5.4731753149606295
20
-3.1133219291338583
11
5.4711830708661413
21
-3.109246771653543
0
LINE
8
BLACK
6
CONTINUOUS
10
5.4711830708661413
20
-3.109246771653543
11
5.4706102362204723
21
-3.1053149606299213
0
LINE
8
BLACK
6
CONTINUOUS
10
5.4706102362204723
20
-3.1053149606299213
11
5.4706102362204723
21
-3.0501968503937009
0
LINE
8
BLACK
6
CONTINUOUS
10
5.4706102362204723
20
-3.0501968503937009
11
5.4711830708661413
21
-3.0462650393700788
0
LINE
8
BLACK
6
CONTINUOUS
10
5.4711830708661413
20
-3.0462650393700788
11
5.4731753149606295
21
-3.0421898818897639
0
LINE
8
BLACK
6
CONTINUOUS
10
5.4731753149606295
20
-3.0421898818897639
11
5.4763827952755904
21
-3.038982401574803
0
LINE
8
BLACK
6
CONTINUOUS
10
5.4763827952755904
20
-3.038982401574803
11
5.4804579527559056
21
-3.0369901574803149
0
LINE
8
BLACK
6
CONTINUOUS
10
5.4804579527559056
20
-3.0369901574803149
11
5.4843897637795278
21
-3.0364173228346454
0
LINE
8
BLACK
6
CONTINUOUS
10
5.4843897637795278
20
-3.0364173228346454
11
5.496200787401575
21
-3.0364173228346454
0
LINE
8
BLACK
6
CONTINUOUS
10
5.496200787401575
20
-3.0364173228346454
11
5.5001325984251963
21
-3.0369901574803149
0
LINE
8
BLACK
6
CONTINUOUS
10
5.5493451968503935
20
-3.0369901574803149
11
5.5534203543307088
21
-3.038982401574803
0
LINE
8
BLACK
6
CONTINUOUS
10
5.5534203543307088
20
-3.038982401574803
11
5.5566278346456688
21
-3.0421898818897639
0
LINE
8
BLACK
6
CONTINUOUS
10
5.5566278346456688
20
-3.0421898818897639
11
5.558620078740157
21
-3.0462650393700788
0
LINE
8
BLACK
6
CONTINUOUS
10
5.558620078740157
20
-3.0462650393700788
11
5.5591929133858269
21
-3.0501968503937009
0
LINE
8
BLACK
6
CONTINUOUS
10
5.5591929133858269
20
-3.0501968503937009
11
5.5591929133858269
21
-3.1053149606299213
0
LINE
8
BLACK
6
CONTINUOUS
10
5.5591929133858269
20
-3.1053149606299213
11
5.558620078740157
21
-3.109246771653543
0
LINE
8
BLACK
6
CONTINUOUS
10
5.558620078740157
20
-3.109246771653543
11
5.5566278346456688
21
-3.1133219291338583
0
LINE
8
BLACK
6
CONTINUOUS
10
5.5566278346456688
20
-3.1133219291338583
11
5.5534203543307088
21
-3.1165294094488187
0
LINE
8
BLACK
6
CONTINUOUS
10
5.5534203543307088
20
-3.1165294094488187
11
5.5493451968503935
21
-3.1185216535433069
0
LINE
8
BLACK
6
CONTINUOUS
10
5.5493451968503935
20
-3.1185216535433069
11
5.5454133858267713
21
-3.1190944881889764
0
LINE
8
BLACK
6
CONTINUOUS
10
5.5454133858267713
20
-3.1190944881889764
11
5.5336023622047241
21
-3.1190944881889764
0
LINE
8
BLACK
6
CONTINUOUS
10
5.5336023622047241
20
-3.1190944881889764
11
5.529670551181102
21
-3.1185216535433069
0
LINE
8
BLACK
6
CONTINUOUS
10
5.529670551181102
20
-3.1185216535433069
11
5.5255953937007876
21
-3.1165294094488187
0
LINE
8
BLACK
6
CONTINUOUS
10
5.5255953937007876
20
-3.1165294094488187
11
5.5223879133858267
21
-3.1133219291338583
0
LINE
8
BLACK
6
CONTINUOUS
10
5.5223879133858267
20
-3.1133219291338583
11
5.5203956692913385
21
-3.109246771653543
0
LINE
8
BLACK
6
CONTINUOUS
10
5.5203956692913385
20
-3.109246771653543
11
5.5198228346456695
21
-3.1053149606299213
0
LINE
8
BLACK
6
CONTINUOUS
10
5.5198228346456695
20
-3.1053149606299213
11
5.5198228346456695
21
-3.0501968503937009
0
LINE
8
BLACK
6
CONTINUOUS
10
5.5198228346456695
20
-3.0501968503937009
11
5.5203956692913385
21
-3.0462650393700788
0
LINE
8
BLACK
6
CONTINUOUS
10
5.5203956692913385
20
-3.0462650393700788
11
5.5223879133858267
21
-3.0421898818897639
0
LINE
8
BLACK
6
CONTINUOUS
10
5.5223879133858267
20
-3.0421898818897639
11
5.5255953937007876
21
-3.038982401574803
0
LINE
8
BLACK
6
CONTINUOUS
10
5.5255953937007876
20
-3.038982401574803
11
5.529670551181102
21
-3.0369901574803149
0
LINE
8
BLACK
6
CONTINUOUS
10
5.529670551181102
20
-3.0369901574803149
11
5.5336023622047241
21
-3.0364173228346454
0
LINE
8
BLACK
6
CONTINUOUS
10
5.5336023622047241
20
-3.0364173228346454
11
5.5454133858267713
21
-3.0364173228346454
0
LINE
8
BLACK
6
CONTINUOUS
10
5.5454133858267713
20
-3.0364173228346454
11
5.5493451968503935
21
-3.0369901574803149
0
LINE
8
BLACK
6
CONTINUOUS
10
5.5985577952755907
20
-3.0369901574803149
11
5.6026329527559051
21
-3.038982401574803
0
LINE
8
BLACK
6
CONTINUOUS
10
5.6026329527559051
20
-3.038982401574803
11
5.605840433070866
21
-3.0421898818897639
0
LINE
8
BLACK
6
CONTINUOUS
10
5.605840433070866
20
-3.0421898818897639
11
5.6078326771653542
21
-3.0462650393700788
0
LINE
8
BLACK
6
CONTINUOUS
10
5.6078326771653542
20
-3.0462650393700788
11
5.6084055118110232
21
-3.0501968503937009
0
LINE
8
BLACK
6
CONTINUOUS
10
5.6084055118110232
20
-3.0501968503937009
11
5.6084055118110232
21
-3.1053149606299213
0
LINE
8
BLACK
6
CONTINUOUS
10
5.6084055118110232
20
-3.1053149606299213
11
5.6078326771653542
21
-3.109246771653543
0
LINE
8
BLACK
6
CONTINUOUS
10
5.6078326771653542
20
-3.109246771653543
11
5.605840433070866
21
-3.1133219291338583
0
LINE
8
BLACK
6
CONTINUOUS
10
5.605840433070866
20
-3.1133219291338583
11
5.6026329527559051
21
-3.1165294094488187
0
LINE
8
BLACK
6
CONTINUOUS
10
5.6026329527559051
20
-3.1165294094488187
11
5.5985577952755907
21
-3.1185216535433069
0
LINE
8
BLACK
6
CONTINUOUS
10
5.5985577952755907
20
-3.1185216535433069
11
5.5946259842519686
21
-3.1190944881889764
0
LINE
8
BLACK
6
CONTINUOUS
10
5.5946259842519686
20
-3.1190944881889764
11
5.5828149606299213
21
-3.1190944881889764
0
LINE
8
BLACK
6
CONTINUOUS
10
5.5828149606299213
20
-3.1190944881889764
11
5.5788831496062992
21
-3.1185216535433069
0
LINE
8
BLACK
6
CONTINUOUS
10
5.5788831496062992
20
-3.1185216535433069
11
5.5748079921259839
21
-3.1165294094488187
0
LINE
8
BLACK
6
CONTINUOUS
10
5.5748079921259839
20
-3.1165294094488187
11
5.5716005118110239
21
-3.1133219291338583
0
LINE
8
BLACK
6
CONTINUOUS
10
5.5716005118110239
20
-3.1133219291338583
11
5.5696082677165357
21
-3.109246771653543
0
LINE
8
BLACK
6
CONTINUOUS
10
5.5696082677165357
20
-3.109246771653543
11
5.5690354330708658
21
-3.1053149606299213
0
LINE
8
BLACK
6
CONTINUOUS
10
5.5690354330708658
20
-3.1053149606299213
11
5.5690354330708658
21
-3.0501968503937009
0
LINE
8
BLACK
6
CONTINUOUS
10
5.5690354330708658
20
-3.0501968503937009
11
5.5696082677165357
21
-3.0462650393700788
0
LINE
8
BLACK
6
CONTINUOUS
10
5.5696082677165357
20
-3.0462650393700788
11
5.5716005118110239
21
-3.0421898818897639
0
LINE
8
BLACK
6
CONTINUOUS
10
5.5716005118110239
20
-3.0421898818897639
11
5.5748079921259839
21
-3.038982401574803
0
LINE
8
BLACK
6
CONTINUOUS
10
5.5748079921259839
20
-3.038982401574803
11
5.5788831496062992
21
-3.0369901574803149
0
LINE
8
BLACK
6
CONTINUOUS
10
5.5788831496062992
20
-3.0369901574803149
11
5.5828149606299213
21
-3.0364173228346454
0
LINE
8
BLACK
6
CONTINUOUS
10
5.5828149606299213
20
-3.0364173228346454
11
5.5946259842519686
21
-3.0364173228346454
0
LINE
8
BLACK
6
CONTINUOUS
10
5.5946259842519686
20
-3.0364173228346454
11
5.5985577952755907
21
-3.0369901574803149
0
LINE
8
BLACK
6
CONTINUOUS
10
5.647770393700787
20
-3.0369901574803149
11
5.6518455511811023
21
-3.038982401574803
0
LINE
8
BLACK
6
CONTINUOUS
10
5.6518455511811023
20
-3.038982401574803
11
5.6550530314960632
21
-3.0421898818897639
0
LINE
8
BLACK
6
CONTINUOUS
10
5.6550530314960632
20
-3.0421898818897639
11
5.6570452755905514
21
-3.0462650393700788
0
LINE
8
BLACK
6
CONTINUOUS
10
5.6570452755905514
20
-3.0462650393700788
11
5.6576181102362204
21
-3.0501968503937009
0
LINE
8
BLACK
6
CONTINUOUS
10
5.6576181102362204
20
-3.0501968503937009
11
5.6576181102362204
21
-3.1053149606299213
0
LINE
8
BLACK
6
CONTINUOUS
10
5.6576181102362204
20
-3.1053149606299213
11
5.6570452755905514
21
-3.109246771653543
0
LINE
8
BLACK
6
CONTINUOUS
10
5.6570452755905514
20
-3.109246771653543
11
5.6550530314960632
21
-3.1133219291338583
0
LINE
8
BLACK
6
CONTINUOUS
10
5.6550530314960632
20
-3.1133219291338583
11
5.6518455511811023
21
-3.1165294094488187
0
LINE
8
BLACK
6
CONTINUOUS
10
5.6518455511811023
20
-3.1165294094488187
11
5.647770393700787
21
-3.1185216535433069
0
LINE
8
BLACK
6
CONTINUOUS
10
5.647770393700787
20
-3.1185216535433069
11
5.6438385826771649
21
-3.1190944881889764
0
LINE
8
BLACK
6
CONTINUOUS
10
5.6438385826771649
20
-3.1190944881889764
11
5.6320275590551176
21
-3.1190944881889764
0
LINE
8
BLACK
6
CONTINUOUS
10
5.6320275590551176
20
-3.1190944881889764
11
5.6280957480314964
21
-3.1185216535433069
0
LINE
8
BLACK
6
CONTINUOUS
10
5.6280957480314964
20
-3.1185216535433069
11
5.6240205905511811
21
-3.1165294094488187
0
LINE
8
BLACK
6
CONTINUOUS
10
5.6240205905511811
20
-3.1165294094488187
11
5.6208131102362202
21
-3.1133219291338583
0
LINE
8
BLACK
6
CONTINUOUS
10
5.6208131102362202
20
-3.1133219291338583
11
5.618820866141732
21
-3.109246771653543
0
LINE
8
BLACK
6
CONTINUOUS
10
5.618820866141732
20
-3.109246771653543
11
5.618248031496063
21
-3.1053149606299213
0
LINE
8
BLACK
6
CONTINUOUS
10
5.618248031496063
20
-3.1053149606299213
11
5.618248031496063
21
-3.0501968503937009
0
LINE
8
BLACK
6
CONTINUOUS
10
5.618248031496063
20
-3.0501968503937009
11
5.618820866141732
21
-3.0462650393700788
0
LINE
8
BLACK
6
CONTINUOUS
10
5.618820866141732
20
-3.0462650393700788
11
5.6208131102362202
21
-3.0421898818897639
0
LINE
8
BLACK
6
CONTINUOUS
10
5.6208131102362202
20
-3.0421898818897639
11
5.6240205905511811
21
-3.038982401574803
0
LINE
8
BLACK
6
CONTINUOUS
10
5.6240205905511811
20
-3.038982401574803
11
5.6280957480314964
21
-3.0369901574803149
0
LINE
8
BLACK
6
CONTINUOUS
10
5.6280957480314964
20
-3.0369901574803149
11
5.6320275590551176
21
-3.0364173228346454
0
LINE
8
BLACK
6
CONTINUOUS
10
5.6320275590551176
20
-3.0364173228346454
11
5.6438385826771649
21
-3.0364173228346454
0
LINE
8
BLACK
6
CONTINUOUS
10
5.6438385826771649
20
-3.0364173228346454
11
5.647770393700787
21
-3.0369901574803149
0
LINE
8
BLACK
6
CONTINUOUS
10
5.6969829921259842
20
-3.0369901574803149
11
5.7010581496062986
21
-3.038982401574803
0
LINE
8
BLACK
6
CONTINUOUS
10
5.7010581496062986
20
-3.038982401574803
11
5.7042656299212595
21
-3.0421898818897639
0
LINE
8
BLACK
6
CONTINUOUS
10
5.7042656299212595
20
-3.0421898818897639
11
5.7062578740157477
21
-3.0462650393700788
0
LINE
8
BLACK
6
CONTINUOUS
10
5.7062578740157477
20
-3.0462650393700788
11
5.7068307086614176
21
-3.0501968503937009
0
LINE
8
BLACK
6
CONTINUOUS
10
5.7068307086614176
20
-3.0501968503937009
11
5.7068307086614176
21
-3.1053149606299213
0
LINE
8
BLACK
6
CONTINUOUS
10
5.7068307086614176
20
-3.1053149606299213
11
5.7062578740157477
21
-3.109246771653543
0
LINE
8
BLACK
6
CONTINUOUS
10
5.7062578740157477
20
-3.109246771653543
11
5.7042656299212595
21
-3.1133219291338583
0
LINE
8
BLACK
6
CONTINUOUS
10
5.7042656299212595
20
-3.1133219291338583
11
5.7010581496062986
21
-3.1165294094488187
0
LINE
8
BLACK
6
CONTINUOUS
10
5.7010581496062986
20
-3.1165294094488187
11
5.6969829921259842
21
-3.1185216535433069
0
LINE
8
BLACK
6
CONTINUOUS
10
5.6969829921259842
20
-3.1185216535433069
11
5.6930511811023621
21
-3.1190944881889764
0
LINE
8
BLACK
6
CONTINUOUS
10
5.6930511811023621
20
-3.1190944881889764
11
5.6812401574803149
21
-3.1190944881889764
0
LINE
8
BLACK
6
CONTINUOUS
10
5.6812401574803149
20
-3.1190944881889764
11
5.6773083464566927
21
-3.1185216535433069
0
LINE
8
BLACK
6
CONTINUOUS
10
5.6773083464566927
20
-3.1185216535433069
11
5.6732331889763774
21
-3.1165294094488187
0
LINE
8
BLACK
6
CONTINUOUS
10
5.6732331889763774
20
-3.1165294094488187
11
5.6700257086614174
21
-3.1133219291338583
0
LINE
8
BLACK
6
CONTINUOUS
10
5.6700257086614174
20
-3.1133219291338583
11
5.6680334645669292
21
-3.109246771653543
0
LINE
8
BLACK
6
CONTINUOUS
10
5.6680334645669292
20
-3.109246771653543
11
5.6674606299212593
21
-3.1053149606299213
0
LINE
8
BLACK
6
CONTINUOUS
10
5.6674606299212593
20
-3.1053149606299213
11
5.6674606299212593
21
-3.0501968503937009
0
LINE
8
BLACK
6
CONTINUOUS
10
5.6674606299212593
20
-3.0501968503937009
11
5.6680334645669292
21
-3.0462650393700788
0
LINE
8
BLACK
6
CONTINUOUS
10
5.6680334645669292
20
-3.0462650393700788
11
5.6700257086614174
21
-3.0421898818897639
0
LINE
8
BLACK
6
CONTINUOUS
10
5.6700257086614174
20
-3.0421898818897639
11
5.6732331889763774
21
-3.038982401574803
0
LINE
8
BLACK
6
CONTINUOUS
10
5.6732331889763774
20
-3.038982401574803
11
5.6773083464566927
21
-3.0369901574803149
0
LINE
8
BLACK
6
CONTINUOUS
10
5.6773083464566927
20
-3.0369901574803149
11
5.6812401574803149
21
-3.0364173228346454
0
LINE
8
BLACK
6
CONTINUOUS
10
5.6812401574803149
20
-3.0364173228346454
11
5.6930511811023621
21
-3.0364173228346454
0
LINE
8
BLACK
6
CONTINUOUS
10
5.6930511811023621
20
-3.0364173228346454
11
5.6969829921259842
21
-3.0369901574803149
0
LINE
8
BLACK
6
CONTINUOUS
10
6.0267074015748028
20
-3.0369901574803149
11
6.0307825590551181
21
-3.038982401574803
0
LINE
8
BLACK
6
CONTINUOUS
10
6.0307825590551181
20
-3.038982401574803
11
6.0339900393700789
21
-3.0421898818897639
0
LINE
8
BLACK
6
CONTINUOUS
10
6.0339900393700789
20
-3.0421898818897639
11
6.0359822834645671
21
-3.0462650393700788
0
LINE
8
BLACK
6
CONTINUOUS
10
6.0359822834645671
20
-3.0462650393700788
11
6.0365551181102362
21
-3.0501968503937009
0
LINE
8
BLACK
6
CONTINUOUS
10
6.0365551181102362
20
-3.0501968503937009
11
6.0365551181102362
21
-3.1053149606299213
0
LINE
8
BLACK
6
CONTINUOUS
10
6.0365551181102362
20
-3.1053149606299213
11
6.0359822834645671
21
-3.109246771653543
0
LINE
8
BLACK
6
CONTINUOUS
10
6.0359822834645671
20
-3.109246771653543
11
6.0339900393700789
21
-3.1133219291338583
0
LINE
8
BLACK
6
CONTINUOUS
10
6.0339900393700789
20
-3.1133219291338583
11
6.0307825590551181
21
-3.1165294094488187
0
LINE
8
BLACK
6
CONTINUOUS
10
6.0307825590551181
20
-3.1165294094488187
11
6.0267074015748028
21
-3.1185216535433069
0
LINE
8
BLACK
6
CONTINUOUS
10
6.0267074015748028
20
-3.1185216535433069
11
6.0227755905511806
21
-3.1190944881889764
0
LINE
8
BLACK
6
CONTINUOUS
10
6.0227755905511806
20
-3.1190944881889764
11
6.0109645669291334
21
-3.1190944881889764
0
LINE
8
BLACK
6
CONTINUOUS
10
6.0109645669291334
20
-3.1190944881889764
11
6.0070327559055121
21
-3.1185216535433069
0
LINE
8
BLACK
6
CONTINUOUS
10
6.0070327559055121
20
-3.1185216535433069
11
6.0029575984251968
21
-3.1165294094488187
0
LINE
8
BLACK
6
CONTINUOUS
10
6.0029575984251968
20
-3.1165294094488187
11
5.999750118110236
21
-3.1133219291338583
0
LINE
8
BLACK
6
CONTINUOUS
10
5.999750118110236
20
-3.1133219291338583
11
5.9977578740157478
21
-3.109246771653543
0
LINE
8
BLACK
6
CONTINUOUS
10
5.9977578740157478
20
-3.109246771653543
11
5.9971850393700787
21
-3.1053149606299213
0
LINE
8
BLACK
6
CONTINUOUS
10
5.9971850393700787
20
-3.1053149606299213
11
5.9971850393700787
21
-3.0501968503937009
0
LINE
8
BLACK
6
CONTINUOUS
10
5.9971850393700787
20
-3.0501968503937009
11
5.9977578740157478
21
-3.0462650393700788
0
LINE
8
BLACK
6
CONTINUOUS
10
5.9977578740157478
20
-3.0462650393700788
11
5.999750118110236
21
-3.0421898818897639
0
LINE
8
BLACK
6
CONTINUOUS
10
5.999750118110236
20
-3.0421898818897639
11
6.0029575984251968
21
-3.038982401574803
0
LINE
8
BLACK
6
CONTINUOUS
10
6.0029575984251968
20
-3.038982401574803
11
6.0070327559055121
21
-3.0369901574803149
0
LINE
8
BLACK
6
CONTINUOUS
10
6.0070327559055121
20
-3.0369901574803149
11
6.0109645669291334
21
-3.0364173228346454
0
LINE
8
BLACK
6
CONTINUOUS
10
6.0109645669291334
20
-3.0364173228346454
11
6.0227755905511806
21
-3.0364173228346454
0
LINE
8
BLACK
6
CONTINUOUS
10
6.0227755905511806
20
-3.0364173228346454
11
6.0267074015748028
21
-3.0369901574803149
0
LINE
8
BLACK
6
CONTINUOUS
10
6.07592
20
-3.0369901574803149
11
6.0799951574803144
21
-3.038982401574803
0
LINE
8
BLACK
6
CONTINUOUS
10
6.0799951574803144
20
-3.038982401574803
11
6.0832026377952753
21
-3.0421898818897639
0
LINE
8
BLACK
6
CONTINUOUS
10
6.0832026377952753
20
-3.0421898818897639
11
6.0851948818897634
21
-3.0462650393700788
0
LINE
8
BLACK
6
CONTINUOUS
10
6.0851948818897634
20
-3.0462650393700788
11
6.0857677165354334
21
-3.0501968503937009
0
LINE
8
BLACK
6
CONTINUOUS
10
6.0857677165354334
20
-3.0501968503937009
11
6.0857677165354334
21
-3.1053149606299213
0
LINE
8
BLACK
6
CONTINUOUS
10
6.0857677165354334
20
-3.1053149606299213
11
6.0851948818897634
21
-3.109246771653543
0
LINE
8
BLACK
6
CONTINUOUS
10
6.0851948818897634
20
-3.109246771653543
11
6.0832026377952753
21
-3.1133219291338583
0
LINE
8
BLACK
6
CONTINUOUS
10
6.0832026377952753
20
-3.1133219291338583
11
6.0799951574803144
21
-3.1165294094488187
0
LINE
8
BLACK
6
CONTINUOUS
10
6.0799951574803144
20
-3.1165294094488187
11
6.07592
21
-3.1185216535433069
0
LINE
8
BLACK
6
CONTINUOUS
10
6.07592
20
-3.1185216535433069
11
6.0719881889763778
21
-3.1190944881889764
0
LINE
8
BLACK
6
CONTINUOUS
10
6.0719881889763778
20
-3.1190944881889764
11
6.0601771653543306
21
-3.1190944881889764
0
LINE
8
BLACK
6
CONTINUOUS
10
6.0601771653543306
20
-3.1190944881889764
11
6.0562453543307084
21
-3.1185216535433069
0
LINE
8
BLACK
6
CONTINUOUS
10
6.0562453543307084
20
-3.1185216535433069
11
6.0521701968503931
21
-3.1165294094488187
0
LINE
8
BLACK
6
CONTINUOUS
10
6.0521701968503931
20
-3.1165294094488187
11
6.0489627165354332
21
-3.1133219291338583
0
LINE
8
BLACK
6
CONTINUOUS
10
6.0489627165354332
20
-3.1133219291338583
11
6.046970472440945
21
-3.109246771653543
0
LINE
8
BLACK
6
CONTINUOUS
10
6.046970472440945
20
-3.109246771653543
11
6.0463976377952751
21
-3.1053149606299213
0
LINE
8
BLACK
6
CONTINUOUS
10
6.0463976377952751
20
-3.1053149606299213
11
6.0463976377952751
21
-3.0501968503937009
0
LINE
8
BLACK
6
CONTINUOUS
10
6.0463976377952751
20
-3.0501968503937009
11
6.046970472440945
21
-3.0462650393700788
0
LINE
8
BLACK
6
CONTINUOUS
10
6.046970472440945
20
-3.0462650393700788
11
6.0489627165354332
21
-3.0421898818897639
0
LINE
8
BLACK
6
CONTINUOUS
10
6.0489627165354332
20
-3.0421898818897639
11
6.0521701968503931
21
-3.038982401574803
0
LINE
8
BLACK
6
CONTINUOUS
10
6.0521701968503931
20
-3.038982401574803
11
6.0562453543307084
21
-3.0369901574803149
0
LINE
8
BLACK
6
CONTINUOUS
10
6.0562453543307084
20
-3.0369901574803149
11
6.0601771653543306
21
-3.0364173228346454
0
LINE
8
BLACK
6
CONTINUOUS
10
6.0601771653543306
20
-3.0364173228346454
11
6.0719881889763778
21
-3.0364173228346454
0
LINE
8
BLACK
6
CONTINUOUS
10
6.0719881889763778
20
-3.0364173228346454
11
6.07592
21
-3.0369901574803149
0
LINE
8
BLACK
6
CONTINUOUS
10
6.1251325984251963
20
-3.0369901574803149
11
6.1292077559055116
21
-3.038982401574803
0
LINE
8
BLACK
6
CONTINUOUS
10
6.1292077559055116
20
-3.038982401574803
11
6.1324152362204725
21
-3.0421898818897639
0
LINE
8
BLACK
6
CONTINUOUS
10
6.1324152362204725
20
-3.0421898818897639
11
6.1344074803149606
21
-3.0462650393700788
0
LINE
8
BLACK
6
CONTINUOUS
10
6.1344074803149606
20
-3.0462650393700788
11
6.1349803149606297
21
-3.0501968503937009
0
LINE
8
BLACK
6
CONTINUOUS
10
6.1349803149606297
20
-3.0501968503937009
11
6.1349803149606297
21
-3.1053149606299213
0
LINE
8
BLACK
6
CONTINUOUS
10
6.1349803149606297
20
-3.1053149606299213
11
6.1344074803149606
21
-3.109246771653543
0
LINE
8
BLACK
6
CONTINUOUS
10
6.1344074803149606
20
-3.109246771653543
11
6.1324152362204725
21
-3.1133219291338583
0
LINE
8
BLACK
6
CONTINUOUS
10
6.1324152362204725
20
-3.1133219291338583
11
6.1292077559055116
21
-3.1165294094488187
0
LINE
8
BLACK
6
CONTINUOUS
10
6.1292077559055116
20
-3.1165294094488187
11
6.1251325984251963
21
-3.1185216535433069
0
LINE
8
BLACK
6
CONTINUOUS
10
6.1251325984251963
20
-3.1185216535433069
11
6.121200787401575
21
-3.1190944881889764
0
LINE
8
BLACK
6
CONTINUOUS
10
6.121200787401575
20
-3.1190944881889764
11
6.1093897637795278
21
-3.1190944881889764
0
LINE
8
BLACK
6
CONTINUOUS
10
6.1093897637795278
20
-3.1190944881889764
11
6.1054579527559056
21
-3.1185216535433069
0
LINE
8
BLACK
6
CONTINUOUS
10
6.1054579527559056
20
-3.1185216535433069
11
6.1013827952755904
21
-3.1165294094488187
0
LINE
8
BLACK
6
CONTINUOUS
10
6.1013827952755904
20
-3.1165294094488187
11
6.0981753149606295
21
-3.1133219291338583
0
LINE
8
BLACK
6
CONTINUOUS
10
6.0981753149606295
20
-3.1133219291338583
11
6.0961830708661413
21
-3.109246771653543
0
LINE
8
BLACK
6
CONTINUOUS
10
6.0961830708661413
20
-3.109246771653543
11
6.0956102362204723
21
-3.1053149606299213
0
LINE
8
BLACK
6
CONTINUOUS
10
6.0956102362204723
20
-3.1053149606299213
11
6.0956102362204723
21
-3.0501968503937009
0
LINE
8
BLACK
6
CONTINUOUS
10
6.0956102362204723
20
-3.0501968503937009
11
6.0961830708661413
21
-3.0462650393700788
0
LINE
8
BLACK
6
CONTINUOUS
10
6.0961830708661413
20
-3.0462650393700788
11
6.0981753149606295
21
-3.0421898818897639
0
LINE
8
BLACK
6
CONTINUOUS
10
6.0981753149606295
20
-3.0421898818897639
11
6.1013827952755904
21
-3.038982401574803
0
LINE
8
BLACK
6
CONTINUOUS
10
6.1013827952755904
20
-3.038982401574803
11
6.1054579527559056
21
-3.0369901574803149
0
LINE
8
BLACK
6
CONTINUOUS
10
6.1054579527559056
20
-3.0369901574803149
11
6.1093897637795278
21
-3.0364173228346454
0
LINE
8
BLACK
6
CONTINUOUS
10
6.1093897637795278
20
-3.0364173228346454
11
6.121200787401575
21
-3.0364173228346454
0
LINE
8
BLACK
6
CONTINUOUS
10
6.121200787401575
20
-3.0364173228346454
11
6.1251325984251963
21
-3.0369901574803149
0
LINE
8
BLACK
6
CONTINUOUS
10
6.1743451968503935
20
-3.0369901574803149
11
6.1784203543307088
21
-3.038982401574803
0
LINE
8
BLACK
6
CONTINUOUS
10
6.1784203543307088
20
-3.038982401574803
11
6.1816278346456688
21
-3.0421898818897639
0
LINE
8
BLACK
6
CONTINUOUS
10
6.1816278346456688
20
-3.0421898818897639
11
6.183620078740157
21
-3.0462650393700788
0
LINE
8
BLACK
6
CONTINUOUS
10
6.183620078740157
20
-3.0462650393700788
11
6.1841929133858269
21
-3.0501968503937009
0
LINE
8
BLACK
6
CONTINUOUS
10
6.1841929133858269
20
-3.0501968503937009
11
6.1841929133858269
21
-3.1053149606299213
0
LINE
8
BLACK
6
CONTINUOUS
10
6.1841929133858269
20
-3.1053149606299213
11
6.183620078740157
21
-3.109246771653543
0
LINE
8
BLACK
6
CONTINUOUS
10
6.183620078740157
20
-3.109246771653543
11
6.1816278346456688
21
-3.1133219291338583
0
LINE
8
BLACK
6
CONTINUOUS
10
6.1816278346456688
20
-3.1133219291338583
11
6.1784203543307088
21
-3.1165294094488187
0
LINE
8
BLACK
6
CONTINUOUS
10
6.1784203543307088
20
-3.1165294094488187
11
6.1743451968503935
21
-3.1185216535433069
0
LINE
8
BLACK
6
CONTINUOUS
10
6.1743451968503935
20
-3.1185216535433069
11
6.1704133858267713
21
-3.1190944881889764
0
LINE
8
BLACK
6
CONTINUOUS
10
6.1704133858267713
20
-3.1190944881889764
11
6.1586023622047241
21
-3.1190944881889764
0
LINE
8
BLACK
6
CONTINUOUS
10
6.1586023622047241
20
-3.1190944881889764
11
6.154670551181102
21
-3.1185216535433069
0
LINE
8
BLACK
6
CONTINUOUS
10
6.154670551181102
20
-3.1185216535433069
11
6.1505953937007876
21
-3.1165294094488187
0
LINE
8
BLACK
6
CONTINUOUS
10
6.1505953937007876
20
-3.1165294094488187
11
6.1473879133858267
21
-3.1133219291338583
0
LINE
8
BLACK
6
CONTINUOUS
10
6.1473879133858267
20
-3.1133219291338583
11
6.1453956692913385
21
-3.109246771653543
0
LINE
8
BLACK
6
CONTINUOUS
10
6.1453956692913385
20
-3.109246771653543
11
6.1448228346456695
21
-3.1053149606299213
0
LINE
8
BLACK
6
CONTINUOUS
10
6.1448228346456695
20
-3.1053149606299213
11
6.1448228346456695
21
-3.0501968503937009
0
LINE
8
BLACK
6
CONTINUOUS
10
6.1448228346456695
20
-3.0501968503937009
11
6.1453956692913385
21
-3.0462650393700788
0
LINE
8
BLACK
6
CONTINUOUS
10
6.1453956692913385
20
-3.0462650393700788
11
6.1473879133858267
21
-3.0421898818897639
0
LINE
8
BLACK
6
CONTINUOUS
10
6.1473879133858267
20
-3.0421898818897639
11
6.1505953937007876
21
-3.038982401574803
0
LINE
8
BLACK
6
CONTINUOUS
10
6.1505953937007876
20
-3.038982401574803
11
6.154670551181102
21
-3.0369901574803149
0
LINE
8
BLACK
6
CONTINUOUS
10
6.154670551181102
20
-3.0369901574803149
11
6.1586023622047241
21
-3.0364173228346454
0
LINE
8
BLACK
6
CONTINUOUS
10
6.1586023622047241
20
-3.0364173228346454
11
6.1704133858267713
21
-3.0364173228346454
0
LINE
8
BLACK
6
CONTINUOUS
10
6.1704133858267713
20
-3.0364173228346454
11
6.1743451968503935
21
-3.0369901574803149
0
LINE
8
BLACK
6
CONTINUOUS
10
6.2235577952755907
20
-3.0369901574803149
11
6.2276329527559051
21
-3.038982401574803
0
LINE
8
BLACK
6
CONTINUOUS
10
6.2276329527559051
20
-3.038982401574803
11
6.230840433070866
21
-3.0421898818897639
0
LINE
8
BLACK
6
CONTINUOUS
10
6.230840433070866
20
-3.0421898818897639
11
6.2328326771653542
21
-3.0462650393700788
0
LINE
8
BLACK
6
CONTINUOUS
10
6.2328326771653542
20
-3.0462650393700788
11
6.2334055118110232
21
-3.0501968503937009
0
LINE
8
BLACK
6
CONTINUOUS
10
6.2334055118110232
20
-3.0501968503937009
11
6.2334055118110232
21
-3.1053149606299213
0
LINE
8
BLACK
6
CONTINUOUS
10
6.2334055118110232
20
-3.1053149606299213
11
6.2328326771653542
21
-3.109246771653543
0
LINE
8
BLACK
6
CONTINUOUS
10
6.2328326771653542
20
-3.109246771653543
11
6.230840433070866
21
-3.1133219291338583
0
LINE
8
BLACK
6
CONTINUOUS
10
6.230840433070866
20
-3.1133219291338583
11
6.2276329527559051
21
-3.1165294094488187
0
LINE
8
BLACK
6
CONTINUOUS
10
6.2276329527559051
20
-3.1165294094488187
11
6.2235577952755907
21
-3.1185216535433069
0
LINE
8
BLACK
6
CONTINUOUS
10
6.2235577952755907
20
-3.1185216535433069
11
6.2196259842519686
21
-3.1190944881889764
0
LINE
8
BLACK
6
CONTINUOUS
10
6.2196259842519686
20
-3.1190944881889764
11
6.2078149606299213
21
-3.1190944881889764
0
LINE
8
BLACK
6
CONTINUOUS
10
6.2078149606299213
20
-3.1190944881889764
11
6.2038831496062992
21
-3.1185216535433069
0
LINE
8
BLACK
6
CONTINUOUS
10
6.2038831496062992
20
-3.1185216535433069
11
6.1998079921259839
21
-3.1165294094488187
0
LINE
8
BLACK
6
CONTINUOUS
10
6.1998079921259839
20
-3.1165294094488187
11
6.1966005118110239
21
-3.1133219291338583
0
LINE
8
BLACK
6
CONTINUOUS
10
6.1966005118110239
20
-3.1133219291338583
11
6.1946082677165357
21
-3.109246771653543
0
LINE
8
BLACK
6
CONTINUOUS
10
6.1946082677165357
20
-3.109246771653543
11
6.1940354330708658
21
-3.1053149606299213
0
LINE
8
BLACK
6
CONTINUOUS
10
6.1940354330708658
20
-3.1053149606299213
11
6.1940354330708658
21
-3.0501968503937009
0
LINE
8
BLACK
6
CONTINUOUS
10
6.1940354330708658
20
-3.0501968503937009
11
6.1946082677165357
21
-3.0462650393700788
0
LINE
8
BLACK
6
CONTINUOUS
10
6.1946082677165357
20
-3.0462650393700788
11
6.1966005118110239
21
-3.0421898818897639
0
LINE
8
BLACK
6
CONTINUOUS
10
6.1966005118110239
20
-3.0421898818897639
11
6.1998079921259839
21
-3.038982401574803
0
LINE
8
BLACK
6
CONTINUOUS
10
6.1998079921259839
20
-3.038982401574803
11
6.2038831496062992
21
-3.0369901574803149
0
LINE
8
BLACK
6
CONTINUOUS
10
6.2038831496062992
20
-3.0369901574803149
11
6.2078149606299213
21
-3.0364173228346454
0
LINE
8
BLACK
6
CONTINUOUS
10
6.2078149606299213
20
-3.0364173228346454
11
6.2196259842519686
21
-3.0364173228346454
0
LINE
8
BLACK
6
CONTINUOUS
10
6.2196259842519686
20
-3.0364173228346454
11
6.2235577952755907
21
-3.0369901574803149
0
LINE
8
BLACK
6
CONTINUOUS
10
6.272770393700787
20
-3.0369901574803149
11
6.2768455511811023
21
-3.038982401574803
0
LINE
8
BLACK
6
CONTINUOUS
10
6.2768455511811023
20
-3.038982401574803
11
6.2800530314960632
21
-3.0421898818897639
0
LINE
8
BLACK
6
CONTINUOUS
10
6.2800530314960632
20
-3.0421898818897639
11
6.2820452755905514
21
-3.0462650393700788
0
LINE
8
BLACK
6
CONTINUOUS
10
6.2820452755905514
20
-3.0462650393700788
11
6.2826181102362204
21
-3.0501968503937009
0
LINE
8
BLACK
6
CONTINUOUS
10
6.2826181102362204
20
-3.0501968503937009
11
6.2826181102362204
21
-3.1053149606299213
0
LINE
8
BLACK
6
CONTINUOUS
10
6.2826181102362204
20
-3.1053149606299213
11
6.2820452755905514
21
-3.109246771653543
0
LINE
8
BLACK
6
CONTINUOUS
10
6.2820452755905514
20
-3.109246771653543
11
6.2800530314960632
21
-3.1133219291338583
0
LINE
8
BLACK
6
CONTINUOUS
10
6.2800530314960632
20
-3.1133219291338583
11
6.2768455511811023
21
-3.1165294094488187
0
LINE
8
BLACK
6
CONTINUOUS
10
6.2768455511811023
20
-3.1165294094488187
11
6.272770393700787
21
-3.1185216535433069
0
LINE
8
BLACK
6
CONTINUOUS
10
6.272770393700787
20
-3.1185216535433069
11
6.2688385826771649
21
-3.1190944881889764
0
LINE
8
BLACK
6
CONTINUOUS
10
6.2688385826771649
20
-3.1190944881889764
11
6.2570275590551176
21
-3.1190944881889764
0
LINE
8
BLACK
6
CONTINUOUS
10
6.2570275590551176
20
-3.1190944881889764
11
6.2530957480314955
21
-3.1185216535433069
0
LINE
8
BLACK
6
CONTINUOUS
10
6.2530957480314955
20
-3.1185216535433069
11
6.2490205905511811
21
-3.1165294094488187
0
LINE
8
BLACK
6
CONTINUOUS
10
6.2490205905511811
20
-3.1165294094488187
11
6.2458131102362202
21
-3.1133219291338583
0
LINE
8
BLACK
6
CONTINUOUS
10
6.2458131102362202
20
-3.1133219291338583
11
6.243820866141732
21
-3.109246771653543
0
LINE
8
BLACK
6
CONTINUOUS
10
6.243820866141732
20
-3.109246771653543
11
6.243248031496063
21
-3.1053149606299213
0
LINE
8
BLACK
6
CONTINUOUS
10
6.243248031496063
20
-3.1053149606299213
11
6.243248031496063
21
-3.0501968503937009
0
LINE
8
BLACK
6
CONTINUOUS
10
6.243248031496063
20
-3.0501968503937009
11
6.243820866141732
21
-3.0462650393700788
0
LINE
8
BLACK
6
CONTINUOUS
10
6.243820866141732
20
-3.0462650393700788
11
6.2458131102362202
21
-3.0421898818897639
0
LINE
8
BLACK
6
CONTINUOUS
10
6.2458131102362202
20
-3.0421898818897639
11
6.2490205905511811
21
-3.038982401574803
0
LINE
8
BLACK
6
CONTINUOUS
10
6.2490205905511811
20
-3.038982401574803
11
6.2530957480314955
21
-3.0369901574803149
0
LINE
8
BLACK
6
CONTINUOUS
10
6.2530957480314955
20
-3.0369901574803149
11
6.2570275590551176
21
-3.0364173228346454
0
LINE
8
BLACK
6
CONTINUOUS
10
6.2570275590551176
20
-3.0364173228346454
11
6.2688385826771649
21
-3.0364173228346454
0
LINE
8
BLACK
6
CONTINUOUS
10
6.2688385826771649
20
-3.0364173228346454
11
6.272770393700787
21
-3.0369901574803149
0
LINE
8
BLACK
6
CONTINUOUS
10
6.430414842519685
20
-3.0401466141732283
11
6.4329693307086613
21
-3.0418535039370078
0
LINE
8
BLACK
6
CONTINUOUS
10
6.4329693307086613
20
-3.0418535039370078
11
6.4346762204724408
21
-3.0444079921259841
0
LINE
8
BLACK
6
CONTINUOUS
10
6.4346762204724408
20
-3.0444079921259841
11
6.4352755905511811
21
-3.0474212598425194
0
LINE
8
BLACK
6
CONTINUOUS
10
6.4352755905511811
20
-3.0474212598425194
11
6.4352755905511811
21
-3.0824212598425196
0
LINE
8
BLACK
6
CONTINUOUS
10
6.4352755905511811
20
-3.0824212598425196
11
6.4346762204724408
21
-3.0854345275590549
0
LINE
8
BLACK
6
CONTINUOUS
10
6.4346762204724408
20
-3.0854345275590549
11
6.4329693307086613
21
-3.0879890157480316
0
LINE
8
BLACK
6
CONTINUOUS
10
6.4329693307086613
20
-3.0879890157480316
11
6.430414842519685
21
-3.0896959055118112
0
LINE
8
BLACK
6
CONTINUOUS
10
6.430414842519685
20
-3.0896959055118112
11
6.4274015748031497
21
-3.0902952755905511
0
LINE
8
BLACK
6
CONTINUOUS
10
6.4274015748031497
20
-3.0902952755905511
11
6.3724015748031491
21
-3.0902952755905511
0
LINE
8
BLACK
6
CONTINUOUS
10
6.3724015748031491
20
-3.0902952755905511
11
6.3693883070866137
21
-3.0896959055118112
0
LINE
8
BLACK
6
CONTINUOUS
10
6.3693883070866137
20
-3.0896959055118112
11
6.3668338188976374
21
-3.0879890157480316
0
LINE
8
BLACK
6
CONTINUOUS
10
6.3668338188976374
20
-3.0879890157480316
11
6.3651269291338579
21
-3.0854345275590549
0
LINE
8
BLACK
6
CONTINUOUS
10
6.3651269291338579
20
-3.0854345275590549
11
6.3645275590551176
21
-3.0824212598425196
0
LINE
8
BLACK
6
CONTINUOUS
10
6.3645275590551176
20
-3.0824212598425196
11
6.3645275590551176
21
-3.0474212598425194
0
LINE
8
BLACK
6
CONTINUOUS
10
6.3645275590551176
20
-3.0474212598425194
11
6.3651269291338579
21
-3.0444079921259841
0
LINE
8
BLACK
6
CONTINUOUS
10
6.3651269291338579
20
-3.0444079921259841
11
6.3668338188976374
21
-3.0418535039370078
0
LINE
8
BLACK
6
CONTINUOUS
10
6.3668338188976374
20
-3.0418535039370078
11
6.3693883070866137
21
-3.0401466141732283
0
LINE
8
BLACK
6
CONTINUOUS
10
6.3693883070866137
20
-3.0401466141732283
11
6.3724015748031491
21
-3.039547244094488
0
LINE
8
BLACK
6
CONTINUOUS
10
6.3724015748031491
20
-3.039547244094488
11
6.4274015748031497
21
-3.039547244094488
0
LINE
8
BLACK
6
CONTINUOUS
10
6.4274015748031497
20
-3.039547244094488
11
6.430414842519685
21
-3.0401466141732283
0
LINE
8
BLACK
6
CONTINUOUS
10
5.28295905511811
20
-2.8910568897637794
11
5.2879437401574805
21
-2.8928011023622044
0
LINE
8
BLACK
6
CONTINUOUS
10
5.2879437401574805
20
-2.8928011023622044
11
5.292192834645669
21
-2.8959370866141732
0
LINE
8
BLACK
6
CONTINUOUS
10
5.292192834645669
20
-2.8959370866141732
11
5.2953288188976373
21
-2.9001861811023621
0
LINE
8
BLACK
6
CONTINUOUS
10
5.2953288188976373
20
-2.9001861811023621
11
5.2970730314960628
21
-2.9051708661417321
0
LINE
8
BLACK
6
CONTINUOUS
10
5.2970730314960628
20
-2.9051708661417321
11
5.2973818897637797
21
-2.9084645669291338
0
LINE
8
BLACK
6
CONTINUOUS
10
5.2973818897637797
20
-2.9084645669291338
11
5.2973818897637797
21
-2.9950787401574801
0
LINE
8
BLACK
6
CONTINUOUS
10
5.2973818897637797
20
-2.9950787401574801
11
5.2970730314960628
21
-2.9983724409448818
0
LINE
8
BLACK
6
CONTINUOUS
10
5.2970730314960628
20
-2.9983724409448818
11
5.2953288188976373
21
-3.0033571259842518
0
LINE
8
BLACK
6
CONTINUOUS
10
5.2953288188976373
20
-3.0033571259842518
11
5.292192834645669
21
-3.0076062204724408
0
LINE
8
BLACK
6
CONTINUOUS
10
5.292192834645669
20
-3.0076062204724408
11
5.2879437401574805
21
-3.0107422047244095
0
LINE
8
BLACK
6
CONTINUOUS
10
5.2879437401574805
20
-3.0107422047244095
11
5.28295905511811
21
-3.0124864173228345
0
LINE
8
BLACK
6
CONTINUOUS
10
5.28295905511811
20
-3.0124864173228345
11
5.2796653543307084
21
-3.0127952755905509
0
LINE
8
BLACK
6
CONTINUOUS
10
5.2796653543307084
20
-3.0127952755905509
11
5.2599803149606297
21
-3.0127952755905509
0
LINE
8
BLACK
6
CONTINUOUS
10
5.2599803149606297
20
-3.0127952755905509
11
5.256686614173228
21
-3.0124864173228345
0
LINE
8
BLACK
6
CONTINUOUS
10
5.256686614173228
20
-3.0124864173228345
11
5.2517019291338585
21
-3.0107422047244095
0
LINE
8
BLACK
6
CONTINUOUS
10
5.2517019291338585
20
-3.0107422047244095
11
5.247452834645669
21
-3.0076062204724408
0
LINE
8
BLACK
6
CONTINUOUS
10
5.247452834645669
20
-3.0076062204724408
11
5.2443168503937008
21
-3.0033571259842518
0
LINE
8
BLACK
6
CONTINUOUS
10
5.2443168503937008
20
-3.0033571259842518
11
5.2425726377952753
21
-2.9983724409448818
0
LINE
8
BLACK
6
CONTINUOUS
10
5.2425726377952753
20
-2.9983724409448818
11
5.2422637795275593
21
-2.9950787401574801
0
LINE
8
BLACK
6
CONTINUOUS
10
5.2422637795275593
20
-2.9950787401574801
11
5.2422637795275593
21
-2.9084645669291338
0
LINE
8
BLACK
6
CONTINUOUS
10
5.2422637795275593
20
-2.9084645669291338
11
5.2425726377952753
21
-2.9051708661417321
0
LINE
8
BLACK
6
CONTINUOUS
10
5.2425726377952753
20
-2.9051708661417321
11
5.2443168503937008
21
-2.9001861811023621
0
LINE
8
BLACK
6
CONTINUOUS
10
5.2443168503937008
20
-2.9001861811023621
11
5.247452834645669
21
-2.8959370866141732
0
LINE
8
BLACK
6
CONTINUOUS
10
5.247452834645669
20
-2.8959370866141732
11
5.2517019291338585
21
-2.8928011023622044
0
LINE
8
BLACK
6
CONTINUOUS
10
5.2517019291338585
20
-2.8928011023622044
11
5.256686614173228
21
-2.8910568897637794
0
LINE
8
BLACK
6
CONTINUOUS
10
5.256686614173228
20
-2.8910568897637794
11
5.2599803149606297
21
-2.890748031496063
0
LINE
8
BLACK
6
CONTINUOUS
10
5.2599803149606297
20
-2.890748031496063
11
5.2796653543307084
21
-2.890748031496063
0
LINE
8
BLACK
6
CONTINUOUS
10
5.2796653543307084
20
-2.890748031496063
11
5.28295905511811
21
-2.8910568897637794
0
LINE
8
BLACK
6
CONTINUOUS
10
5.7731165354330711
20
-2.8910568897637794
11
5.7781012204724407
21
-2.8928011023622044
0
LINE
8
BLACK
6
CONTINUOUS
10
5.7781012204724407
20
-2.8928011023622044
11
5.7823503149606301
21
-2.8959370866141732
0
LINE
8
BLACK
6
CONTINUOUS
10
5.7823503149606301
20
-2.8959370866141732
11
5.7854862992125984
21
-2.9001861811023621
0
LINE
8
BLACK
6
CONTINUOUS
10
5.7854862992125984
20
-2.9001861811023621
11
5.7872305118110239
21
-2.9051708661417321
0
LINE
8
BLACK
6
CONTINUOUS
10
5.7872305118110239
20
-2.9051708661417321
11
5.7875393700787399
21
-2.9084645669291338
0
LINE
8
BLACK
6
CONTINUOUS
10
5.7875393700787399
20
-2.9084645669291338
11
5.7875393700787399
21
-2.9950787401574801
0
LINE
8
BLACK
6
CONTINUOUS
10
5.7875393700787399
20
-2.9950787401574801
11
5.7872305118110239
21
-2.9983724409448818
0
LINE
8
BLACK
6
CONTINUOUS
10
5.7872305118110239
20
-2.9983724409448818
11
5.7854862992125984
21
-3.0033571259842518
0
LINE
8
BLACK
6
CONTINUOUS
10
5.7854862992125984
20
-3.0033571259842518
11
5.7823503149606301
21
-3.0076062204724408
0
LINE
8
BLACK
6
CONTINUOUS
10
5.7823503149606301
20
-3.0076062204724408
11
5.7781012204724407
21
-3.0107422047244095
0
LINE
8
BLACK
6
CONTINUOUS
10
5.7781012204724407
20
-3.0107422047244095
11
5.7731165354330711
21
-3.0124864173228345
0
LINE
8
BLACK
6
CONTINUOUS
10
5.7731165354330711
20
-3.0124864173228345
11
5.7698228346456695
21
-3.0127952755905509
0
LINE
8
BLACK
6
CONTINUOUS
10
5.7698228346456695
20
-3.0127952755905509
11
5.7501377952755908
21
-3.0127952755905509
0
LINE
8
BLACK
6
CONTINUOUS
10
5.7501377952755908
20
-3.0127952755905509
11
5.7468440944881891
21
-3.0124864173228345
0
LINE
8
BLACK
6
CONTINUOUS
10
5.7468440944881891
20
-3.0124864173228345
11
5.7418594094488187
21
-3.0107422047244095
0
LINE
8
BLACK
6
CONTINUOUS
10
5.7418594094488187
20
-3.0107422047244095
11
5.7376103149606301
21
-3.0076062204724408
0
LINE
8
BLACK
6
CONTINUOUS
10
5.7376103149606301
20
-3.0076062204724408
11
5.734474330708661
21
-3.0033571259842518
0
LINE
8
BLACK
6
CONTINUOUS
10
5.734474330708661
20
-3.0033571259842518
11
5.7327301181102364
21
-2.9983724409448818
0
LINE
8
BLACK
6
CONTINUOUS
10
5.7327301181102364
20
-2.9983724409448818
11
5.7324212598425195
21
-2.9950787401574801
0
LINE
8
BLACK
6
CONTINUOUS
10
5.7324212598425195
20
-2.9950787401574801
11
5.7324212598425195
21
-2.9084645669291338
0
LINE
8
BLACK
6
CONTINUOUS
10
5.7324212598425195
20
-2.9084645669291338
11
5.7327301181102364
21
-2.9051708661417321
0
LINE
8
BLACK
6
CONTINUOUS
10
5.7327301181102364
20
-2.9051708661417321
11
5.734474330708661
21
-2.9001861811023621
0
LINE
8
BLACK
6
CONTINUOUS
10
5.734474330708661
20
-2.9001861811023621
11
5.7376103149606301
21
-2.8959370866141732
0
LINE
8
BLACK
6
CONTINUOUS
10
5.7376103149606301
20
-2.8959370866141732
11
5.7418594094488187
21
-2.8928011023622044
0
LINE
8
BLACK
6
CONTINUOUS
10
5.7418594094488187
20
-2.8928011023622044
11
5.7468440944881891
21
-2.8910568897637794
0
LINE
8
BLACK
6
CONTINUOUS
10
5.7468440944881891
20
-2.8910568897637794
11
5.7501377952755908
21
-2.890748031496063
0
LINE
8
BLACK
6
CONTINUOUS
10
5.7501377952755908
20
-2.890748031496063
11
5.7698228346456695
21
-2.890748031496063
0
LINE
8
BLACK
6
CONTINUOUS
10
5.7698228346456695
20
-2.890748031496063
11
5.7731165354330711
21
-2.8910568897637794
0
LINE
8
BLACK
6
CONTINUOUS
10
5.9571716535433072
20
-2.8910568897637794
11
5.9621563385826768
21
-2.8928011023622044
0
LINE
8
BLACK
6
CONTINUOUS
10
5.9621563385826768
20
-2.8928011023622044
11
5.9664054330708662
21
-2.8959370866141732
0
LINE
8
BLACK
6
CONTINUOUS
10
5.9664054330708662
20
-2.8959370866141732
11
5.9695414173228345
21
-2.9001861811023621
0
LINE
8
BLACK
6
CONTINUOUS
10
5.9695414173228345
20
-2.9001861811023621
11
5.97128562992126
21
-2.9051708661417321
0
LINE
8
BLACK
6
CONTINUOUS
10
5.97128562992126
20
-2.9051708661417321
11
5.971594488188976
21
-2.9084645669291338
0
LINE
8
BLACK
6
CONTINUOUS
10
5.971594488188976
20
-2.9084645669291338
11
5.971594488188976
21
-2.9950787401574801
0
LINE
8
BLACK
6
CONTINUOUS
10
5.971594488188976
20
-2.9950787401574801
11
5.97128562992126
21
-2.9983724409448818
0
LINE
8
BLACK
6
CONTINUOUS
10
5.97128562992126
20
-2.9983724409448818
11
5.9695414173228345
21
-3.0033571259842518
0
LINE
8
BLACK
6
CONTINUOUS
10
5.9695414173228345
20
-3.0033571259842518
11
5.9664054330708662
21
-3.0076062204724408
0
LINE
8
BLACK
6
CONTINUOUS
10
5.9664054330708662
20
-3.0076062204724408
11
5.9621563385826768
21
-3.0107422047244095
0
LINE
8
BLACK
6
CONTINUOUS
10
5.9621563385826768
20
-3.0107422047244095
11
5.9571716535433072
21
-3.0124864173228345
0
LINE
8
BLACK
6
CONTINUOUS
10
5.9571716535433072
20
-3.0124864173228345
11
5.9538779527559056
21
-3.0127952755905509
0
LINE
8
BLACK
6
CONTINUOUS
10
5.9538779527559056
20
-3.0127952755905509
11
5.9341929133858269
21
-3.0127952755905509
0
LINE
8
BLACK
6
CONTINUOUS
10
5.9341929133858269
20
-3.0127952755905509
11
5.9308992125984252
21
-3.0124864173228345
0
LINE
8
BLACK
6
CONTINUOUS
10
5.9308992125984252
20
-3.0124864173228345
11
5.9259145275590548
21
-3.0107422047244095
0
LINE
8
BLACK
6
CONTINUOUS
10
5.9259145275590548
20
-3.0107422047244095
11
5.9216654330708662
21
-3.0076062204724408
0
LINE
8
BLACK
6
CONTINUOUS
10
5.9216654330708662
20
-3.0076062204724408
11
5.9185294488188971
21
-3.0033571259842518
0
LINE
8
BLACK
6
CONTINUOUS
10
5.9185294488188971
20
-3.0033571259842518
11
5.9167852362204725
21
-2.9983724409448818
0
LINE
8
BLACK
6
CONTINUOUS
10
5.9167852362204725
20
-2.9983724409448818
11
5.9164763779527556
21
-2.9950787401574801
0
LINE
8
BLACK
6
CONTINUOUS
10
5.9164763779527556
20
-2.9950787401574801
11
5.9164763779527556
21
-2.9084645669291338
0
LINE
8
BLACK
6
CONTINUOUS
10
5.9164763779527556
20
-2.9084645669291338
11
5.9167852362204725
21
-2.9051708661417321
0
LINE
8
BLACK
6
CONTINUOUS
10
5.9167852362204725
20
-2.9051708661417321
11
5.9185294488188971
21
-2.9001861811023621
0
LINE
8
BLACK
6
CONTINUOUS
10
5.9185294488188971
20
-2.9001861811023621
11
5.9216654330708662
21
-2.8959370866141732
0
LINE
8
BLACK
6
CONTINUOUS
10
5.9216654330708662
20
-2.8959370866141732
11
5.9259145275590548
21
-2.8928011023622044
0
LINE
8
BLACK
6
CONTINUOUS
10
5.9259145275590548
20
-2.8928011023622044
11
5.9308992125984252
21
-2.8910568897637794
0
LINE
8
BLACK
6
CONTINUOUS
10
5.9308992125984252
20
-2.8910568897637794
11
5.9341929133858269
21
-2.890748031496063
0
LINE
8
BLACK
6
CONTINUOUS
10
5.9341929133858269
20
-2.890748031496063
11
5.9538779527559056
21
-2.890748031496063
0
LINE
8
BLACK
6
CONTINUOUS
10
5.9538779527559056
20
-2.890748031496063
11
5.9571716535433072
21
-2.8910568897637794
0
LINE
8
BLACK
6
CONTINUOUS
10
6.3489039370078739
20
-2.8910568897637794
11
6.3538886220472444
21
-2.8928011023622044
0
LINE
8
BLACK
6
CONTINUOUS
10
6.3538886220472444
20
-2.8928011023622044
11
6.3581377165354329
21
-2.8959370866141732
0
LINE
8
BLACK
6
CONTINUOUS
10
6.3581377165354329
20
-2.8959370866141732
11
6.3612737007874012
21
-2.9001861811023621
0
LINE
8
BLACK
6
CONTINUOUS
10
6.3612737007874012
20
-2.9001861811023621
11
6.3630179133858267
21
-2.9051708661417321
0
LINE
8
BLACK
6
CONTINUOUS
10
6.3630179133858267
20
-2.9051708661417321
11
6.3633267716535435
21
-2.9084645669291338
0
LINE
8
BLACK
6
CONTINUOUS
10
6.3633267716535435
20
-2.9084645669291338
11
6.3633267716535435
21
-2.9950787401574801
0
LINE
8
BLACK
6
CONTINUOUS
10
6.3633267716535435
20
-2.9950787401574801
11
6.3630179133858267
21
-2.9983724409448818
0
LINE
8
BLACK
6
CONTINUOUS
10
6.3630179133858267
20
-2.9983724409448818
11
6.3612737007874012
21
-3.0033571259842518
0
LINE
8
BLACK
6
CONTINUOUS
10
6.3612737007874012
20
-3.0033571259842518
11
6.3581377165354329
21
-3.0076062204724408
0
LINE
8
BLACK
6
CONTINUOUS
10
6.3581377165354329
20
-3.0076062204724408
11
6.3538886220472444
21
-3.0107422047244095
0
LINE
8
BLACK
6
CONTINUOUS
10
6.3538886220472444
20
-3.0107422047244095
11
6.3489039370078739
21
-3.0124864173228345
0
LINE
8
BLACK
6
CONTINUOUS
10
6.3489039370078739
20
-3.0124864173228345
11
6.3456102362204723
21
-3.0127952755905509
0
LINE
8
BLACK
6
CONTINUOUS
10
6.3456102362204723
20
-3.0127952755905509
11
6.3259251968503936
21
-3.0127952755905509
0
LINE
8
BLACK
6
CONTINUOUS
10
6.3259251968503936
20
-3.0127952755905509
11
6.3226314960629919
21
-3.0124864173228345
0
LINE
8
BLACK
6
CONTINUOUS
10
6.3226314960629919
20
-3.0124864173228345
11
6.3176468110236215
21
-3.0107422047244095
0
LINE
8
BLACK
6
CONTINUOUS
10
6.3176468110236215
20
-3.0107422047244095
11
6.3133977165354329
21
-3.0076062204724408
0
LINE
8
BLACK
6
CONTINUOUS
10
6.3133977165354329
20
-3.0076062204724408
11
6.3102617322834647
21
-3.0033571259842518
0
LINE
8
BLACK
6
CONTINUOUS
10
6.3102617322834647
20
-3.0033571259842518
11
6.3085175196850392
21
-2.9983724409448818
0
LINE
8
BLACK
6
CONTINUOUS
10
6.3085175196850392
20
-2.9983724409448818
11
6.3082086614173223
21
-2.9950787401574801
0
LINE
8
BLACK
6
CONTINUOUS
10
6.3082086614173223
20
-2.9950787401574801
11
6.3082086614173223
21
-2.9084645669291338
0
LINE
8
BLACK
6
CONTINUOUS
10
6.3082086614173223
20
-2.9084645669291338
11
6.3085175196850392
21
-2.9051708661417321
0
LINE
8
BLACK
6
CONTINUOUS
10
6.3085175196850392
20
-2.9051708661417321
11
6.3102617322834647
21
-2.9001861811023621
0
LINE
8
BLACK
6
CONTINUOUS
10
6.3102617322834647
20
-2.9001861811023621
11
6.3133977165354329
21
-2.8959370866141732
0
LINE
8
BLACK
6
CONTINUOUS
10
6.3133977165354329
20
-2.8959370866141732
11
6.3176468110236215
21
-2.8928011023622044
0
LINE
8
BLACK
6
CONTINUOUS
10
6.3176468110236215
20
-2.8928011023622044
11
6.3226314960629919
21
-2.8910568897637794
0
LINE
8
BLACK
6
CONTINUOUS
10
6.3226314960629919
20
-2.8910568897637794
11
6.3259251968503936
21
-2.890748031496063
0
LINE
8
BLACK
6
CONTINUOUS
10
6.3259251968503936
20
-2.890748031496063
11
6.3456102362204723
21
-2.890748031496063
0
LINE
8
BLACK
6
CONTINUOUS
10
6.3456102362204723
20
-2.890748031496063
11
6.3489039370078739
21
-2.8910568897637794
0
CIRCLE
8
BLACK
10
6.6030905511811024
20
-4.6531102362204724
40
0.0068897637795276
0
CIRCLE
8
BLACK
10
5.0267125984251964
20
-4.6531102362204724
40
0.0068897637795276
0
CIRCLE
8
BLACK
10
6.6030905511811024
20
-3.0767322834645667
40
0.0068897637795276
0
CIRCLE
8
BLACK
10
5.9812795275590549
20
-3.8629527559055119
40
0.0068897637795276
0
CIRCLE
8
BLACK
10
5.0267125984251964
20
-3.0767322834645667
40
0.0068897637795276
0
CIRCLE
8
BLACK
10
5.0597834645669293
20
-3.5787007874015746
40
0.0068897637795276
0
CIRCLE
8
BLACK
10
5.0597834645669293
20
-3.3511417322834647
40
0.0068897637795276
0
LINE
8
BLACK
6
CONTINUOUS
10
4.9321912598425195
20
-3.6232900393700787
11
4.9351694881889765
21
-3.6240880314960631
0
LINE
8
BLACK
6
CONTINUOUS
10
4.9351694881889765
20
-3.6240880314960631
11
4.9378396850393695
21
-3.6256296850393701
0
LINE
8
BLACK
6
CONTINUOUS
10
4.9378396850393695
20
-3.6256296850393701
11
4.9400199212598421
21
-3.6278099212598423
0
LINE
8
BLACK
6
CONTINUOUS
10
4.9400199212598421
20
-3.6278099212598423
11
4.9415615748031492
21
-3.6304801181102362
0
LINE
8
BLACK
6
CONTINUOUS
10
4.9415615748031492
20
-3.6304801181102362
11
4.9423595669291336
21
-3.6334583464566927
0
LINE
8
BLACK
6
CONTINUOUS
10
4.9423595669291336
20
-3.6334583464566927
11
4.9423595669291336
21
-3.6365416535433068
0
LINE
8
BLACK
6
CONTINUOUS
10
4.9423595669291336
20
-3.6365416535433068
11
4.9415615748031492
21
-3.6395198818897638
0
LINE
8
BLACK
6
CONTINUOUS
10
4.9415615748031492
20
-3.6395198818897638
11
4.9400199212598421
21
-3.6421900787401573
0
LINE
8
BLACK
6
CONTINUOUS
10
4.9400199212598421
20
-3.6421900787401573
11
4.9378396850393695
21
-3.6443703149606299
0
LINE
8
BLACK
6
CONTINUOUS
10
4.9378396850393695
20
-3.6443703149606299
11
4.9351694881889765
21
-3.645911968503937
0
LINE
8
BLACK
6
CONTINUOUS
10
4.9351694881889765
20
-3.645911968503937
11
4.9321912598425195
21
-3.6467099606299214
0
LINE
8
BLACK
6
CONTINUOUS
10
4.9321912598425195
20
-3.6467099606299214
11
4.9306496062992125
21
-3.646811023622047
0
LINE
8
BLACK
6
CONTINUOUS
10
4.9306496062992125
20
-3.646811023622047
11
4.8991535433070865
21
-3.646811023622047
0
LINE
8
BLACK
6
CONTINUOUS
10
4.8991535433070865
20
-3.646811023622047
11
4.8976118897637795
21
-3.6467099606299214
0
LINE
8
BLACK
6
CONTINUOUS
10
4.8976118897637795
20
-3.6467099606299214
11
4.8946336614173225
21
-3.645911968503937
0
LINE
8
BLACK
6
CONTINUOUS
10
4.8946336614173225
20
-3.645911968503937
11
4.8919634645669294
21
-3.6443703149606299
0
LINE
8
BLACK
6
CONTINUOUS
10
4.8919634645669294
20
-3.6443703149606299
11
4.8897832283464568
21
-3.6421900787401573
0
LINE
8
BLACK
6
CONTINUOUS
10
4.8897832283464568
20
-3.6421900787401573
11
4.8882415748031498
21
-3.6395198818897638
0
LINE
8
BLACK
6
CONTINUOUS
10
4.8882415748031498
20
-3.6395198818897638
11
4.8874435826771654
21
-3.6365416535433068
0
LINE
8
BLACK
6
CONTINUOUS
10
4.8874435826771654
20
-3.6365416535433068
11
4.8874435826771654
21
-3.6334583464566927
0
LINE
8
BLACK
6
CONTINUOUS
10
4.8874435826771654
20
-3.6334583464566927
11
4.8882415748031498
21
-3.6304801181102362
0
LINE
8
BLACK
6
CONTINUOUS
10
4.8882415748031498
20
-3.6304801181102362
11
4.8897832283464568
21
-3.6278099212598423
0
LINE
8
BLACK
6
CONTINUOUS
10
4.8897832283464568
20
-3.6278099212598423
11
4.8919634645669294
21
-3.6256296850393701
0
LINE
8
BLACK
6
CONTINUOUS
10
4.8919634645669294
20
-3.6256296850393701
11
4.8946336614173225
21
-3.6240880314960631
0
LINE
8
BLACK
6
CONTINUOUS
10
4.8946336614173225
20
-3.6240880314960631
11
4.8976118897637795
21
-3.6232900393700787
0
LINE
8
BLACK
6
CONTINUOUS
10
4.8976118897637795
20
-3.6232900393700787
11
4.8991535433070865
21
-3.6231889763779526
0
LINE
8
BLACK
6
CONTINUOUS
10
4.8991535433070865
20
-3.6231889763779526
11
4.9306496062992125
21
-3.6231889763779526
0
LINE
8
BLACK
6
CONTINUOUS
10
4.9306496062992125
20
-3.6231889763779526
11
4.9321912598425195
21
-3.6232900393700787
0
LINE
8
BLACK
6
CONTINUOUS
10
4.9321912598425195
20
-3.2831325590551179
11
4.9351694881889765
21
-3.2839305511811023
0
LINE
8
BLACK
6
CONTINUOUS
10
4.9351694881889765
20
-3.2839305511811023
11
4.9378396850393695
21
-3.2854722047244094
0
LINE
8
BLACK
6
CONTINUOUS
10
4.9378396850393695
20
-3.2854722047244094
11
4.9400199212598421
21
-3.287652440944882
0
LINE
8
BLACK
6
CONTINUOUS
10
4.9400199212598421
20
-3.287652440944882
11
4.9415615748031492
21
-3.2903226377952755
0
LINE
8
BLACK
6
CONTINUOUS
10
4.9415615748031492
20
-3.2903226377952755
11
4.9423595669291336
21
-3.293300866141732
0
LINE
8
BLACK
6
CONTINUOUS
10
4.9423595669291336
20
-3.293300866141732
11
4.9423595669291336
21
-3.2963841732283465
0
LINE
8
BLACK
6
CONTINUOUS
10
4.9423595669291336
20
-3.2963841732283465
11
4.9415615748031492
21
-3.2993624015748031
0
LINE
8
BLACK
6
CONTINUOUS
10
4.9415615748031492
20
-3.2993624015748031
11
4.9400199212598421
21
-3.3020325984251966
0
LINE
8
BLACK
6
CONTINUOUS
10
4.9400199212598421
20
-3.3020325984251966
11
4.9378396850393695
21
-3.3042128346456692
0
LINE
8
BLACK
6
CONTINUOUS
10
4.9378396850393695
20
-3.3042128346456692
11
4.9351694881889765
21
-3.3057544881889762
0
LINE
8
BLACK
6
CONTINUOUS
10
4.9351694881889765
20
-3.3057544881889762
11
4.9321912598425195
21
-3.3065524803149606
0
LINE
8
BLACK
6
CONTINUOUS
10
4.9321912598425195
20
-3.3065524803149606
11
4.9306496062992125
21
-3.3066535433070867
0
LINE
8
BLACK
6
CONTINUOUS
10
4.9306496062992125
20
-3.3066535433070867
11
4.8991535433070865
21
-3.3066535433070867
0
LINE
8
BLACK
6
CONTINUOUS
10
4.8991535433070865
20
-3.3066535433070867
11
4.8976118897637795
21
-3.3065524803149606
0
LINE
8
BLACK
6
CONTINUOUS
10
4.8976118897637795
20
-3.3065524803149606
11
4.8946336614173225
21
-3.3057544881889762
0
LINE
8
BLACK
6
CONTINUOUS
10
4.8946336614173225
20
-3.3057544881889762
11
4.8919634645669294
21
-3.3042128346456692
0
LINE
8
BLACK
6
CONTINUOUS
10
4.8919634645669294
20
-3.3042128346456692
11
4.8897832283464568
21
-3.3020325984251966
0
LINE
8
BLACK
6
CONTINUOUS
10
4.8897832283464568
20
-3.3020325984251966
11
4.8882415748031498
21
-3.2993624015748031
0
LINE
8
BLACK
6
CONTINUOUS
10
4.8882415748031498
20
-3.2993624015748031
11
4.8874435826771654
21
-3.2963841732283465
0
LINE
8
BLACK
6
CONTINUOUS
10
4.8874435826771654
20
-3.2963841732283465
11
4.8874435826771654
21
-3.293300866141732
0
LINE
8
BLACK
6
CONTINUOUS
10
4.8874435826771654
20
-3.293300866141732
11
4.8882415748031498
21
-3.2903226377952755
0
LINE
8
BLACK
6
CONTINUOUS
10
4.8882415748031498
20
-3.2903226377952755
11
4.8897832283464568
21
-3.287652440944882
0
LINE
8
BLACK
6
CONTINUOUS
10
4.8897832283464568
20
-3.287652440944882
11
4.8919634645669294
21
-3.2854722047244094
0
LINE
8
BLACK
6
CONTINUOUS
10
4.8919634645669294
20
-3.2854722047244094
11
4.8946336614173225
21
-3.2839305511811023
0
LINE
8
BLACK
6
CONTINUOUS
10
4.8946336614173225
20
-3.2839305511811023
11
4.8976118897637795
21
-3.2831325590551179
0
LINE
8
BLACK
6
CONTINUOUS
10
4.8976118897637795
20
-3.2831325590551179
11
4.8991535433070865
21
-3.2830314960629923
0
LINE
8
BLACK
6
CONTINUOUS
10
4.8991535433070865
20
-3.2830314960629923
11
4.9306496062992125
21
-3.2830314960629923
0
LINE
8
BLACK
6
CONTINUOUS
10
4.9306496062992125
20
-3.2830314960629923
11
4.9321912598425195
21
-3.2831325590551179
0
LINE
8
BLACK
6
CONTINUOUS
10
5.1026637007874012
20
-3.6232900393700787
11
5.1056419291338582
21
-3.6240880314960631
0
LINE
8
BLACK
6
CONTINUOUS
10
5.1056419291338582
20
-3.6240880314960631
11
5.1083121259842521
21
-3.6256296850393701
0
LINE
8
BLACK
6
CONTINUOUS
10
5.1083121259842521
20
-3.6256296850393701
11
5.1104923622047247
21
-3.6278099212598423
0
LINE
8
BLACK
6
CONTINUOUS
10
5.1104923622047247
20
-3.6278099212598423
11
5.1120340157480317
21
-3.6304801181102362
0
LINE
8
BLACK
6
CONTINUOUS
10
5.1120340157480317
20
-3.6304801181102362
11
5.1128320078740153
21
-3.6334583464566927
0
LINE
8
BLACK
6
CONTINUOUS
10
5.1128320078740153
20
-3.6334583464566927
11
5.1128320078740153
21
-3.6365416535433068
0
LINE
8
BLACK
6
CONTINUOUS
10
5.1128320078740153
20
-3.6365416535433068
11
5.1120340157480317
21
-3.6395198818897638
0
LINE
8
BLACK
6
CONTINUOUS
10
5.1120340157480317
20
-3.6395198818897638
11
5.1104923622047247
21
-3.6421900787401573
0
LINE
8
BLACK
6
CONTINUOUS
10
5.1104923622047247
20
-3.6421900787401573
11
5.1083121259842521
21
-3.6443703149606299
0
LINE
8
BLACK
6
CONTINUOUS
10
5.1083121259842521
20
-3.6443703149606299
11
5.1056419291338582
21
-3.645911968503937
0
LINE
8
BLACK
6
CONTINUOUS
10
5.1056419291338582
20
-3.645911968503937
11
5.1026637007874012
21
-3.6467099606299214
0
LINE
8
BLACK
6
CONTINUOUS
10
5.1026637007874012
20
-3.6467099606299214
11
5.1011220472440941
21
-3.646811023622047
0
LINE
8
BLACK
6
CONTINUOUS
10
5.1011220472440941
20
-3.646811023622047
11
5.057814960629921
21
-3.646811023622047
0
LINE
8
BLACK
6
CONTINUOUS
10
5.057814960629921
20
-3.646811023622047
11
5.0562733070866139
21
-3.6467099606299214
0
LINE
8
BLACK
6
CONTINUOUS
10
5.0562733070866139
20
-3.6467099606299214
11
5.0532950787401569
21
-3.645911968503937
0
LINE
8
BLACK
6
CONTINUOUS
10
5.0532950787401569
20
-3.645911968503937
11
5.0506248818897639
21
-3.6443703149606299
0
LINE
8
BLACK
6
CONTINUOUS
10
5.0506248818897639
20
-3.6443703149606299
11
5.0484446456692913
21
-3.6421900787401573
0
LINE
8
BLACK
6
CONTINUOUS
10
5.0484446456692913
20
-3.6421900787401573
11
5.0469029921259843
21
-3.6395198818897638
0
LINE
8
BLACK
6
CONTINUOUS
10
5.0469029921259843
20
-3.6395198818897638
11
5.0461049999999998
21
-3.6365416535433068
0
LINE
8
BLACK
6
CONTINUOUS
10
5.0461049999999998
20
-3.6365416535433068
11
5.0461049999999998
21
-3.6334583464566927
0
LINE
8
BLACK
6
CONTINUOUS
10
5.0461049999999998
20
-3.6334583464566927
11
5.0469029921259843
21
-3.6304801181102362
0
LINE
8
BLACK
6
CONTINUOUS
10
5.0469029921259843
20
-3.6304801181102362
11
5.0484446456692913
21
-3.6278099212598423
0
LINE
8
BLACK
6
CONTINUOUS
10
5.0484446456692913
20
-3.6278099212598423
11
5.0506248818897639
21
-3.6256296850393701
0
LINE
8
BLACK
6
CONTINUOUS
10
5.0506248818897639
20
-3.6256296850393701
11
5.0532950787401569
21
-3.6240880314960631
0
LINE
8
BLACK
6
CONTINUOUS
10
5.0532950787401569
20
-3.6240880314960631
11
5.0562733070866139
21
-3.6232900393700787
0
LINE
8
BLACK
6
CONTINUOUS
10
5.0562733070866139
20
-3.6232900393700787
11
5.057814960629921
21
-3.6231889763779526
0
LINE
8
BLACK
6
CONTINUOUS
10
5.057814960629921
20
-3.6231889763779526
11
5.1011220472440941
21
-3.6231889763779526
0
LINE
8
BLACK
6
CONTINUOUS
10
5.1011220472440941
20
-3.6231889763779526
11
5.1026637007874012
21
-3.6232900393700787
0
LINE
8
BLACK
6
CONTINUOUS
10
5.1026637007874012
20
-3.2831325590551179
11
5.1056419291338582
21
-3.2839305511811023
0
LINE
8
BLACK
6
CONTINUOUS
10
5.1056419291338582
20
-3.2839305511811023
11
5.1083121259842521
21
-3.2854722047244094
0
LINE
8
BLACK
6
CONTINUOUS
10
5.1083121259842521
20
-3.2854722047244094
11
5.1104923622047247
21
-3.287652440944882
0
LINE
8
BLACK
6
CONTINUOUS
10
5.1104923622047247
20
-3.287652440944882
11
5.1120340157480317
21
-3.2903226377952755
0
LINE
8
BLACK
6
CONTINUOUS
10
5.1120340157480317
20
-3.2903226377952755
11
5.1128320078740153
21
-3.293300866141732
0
LINE
8
BLACK
6
CONTINUOUS
10
5.1128320078740153
20
-3.293300866141732
11
5.1128320078740153
21
-3.2963841732283465
0
LINE
8
BLACK
6
CONTINUOUS
10
5.1128320078740153
20
-3.2963841732283465
11
5.1120340157480317
21
-3.2993624015748031
0
LINE
8
BLACK
6
CONTINUOUS
10
5.1120340157480317
20
-3.2993624015748031
11
5.1104923622047247
21
-3.3020325984251966
0
LINE
8
BLACK
6
CONTINUOUS
10
5.1104923622047247
20
-3.3020325984251966
11
5.1083121259842521
21
-3.3042128346456692
0
LINE
8
BLACK
6
CONTINUOUS
10
5.1083121259842521
20
-3.3042128346456692
11
5.1056419291338582
21
-3.3057544881889762
0
LINE
8
BLACK
6
CONTINUOUS
10
5.1056419291338582
20
-3.3057544881889762
11
5.1026637007874012
21
-3.3065524803149606
0
LINE
8
BLACK
6
CONTINUOUS
10
5.1026637007874012
20
-3.3065524803149606
11
5.1011220472440941
21
-3.3066535433070867
0
LINE
8
BLACK
6
CONTINUOUS
10
5.1011220472440941
20
-3.3066535433070867
11
5.057814960629921
21
-3.3066535433070867
0
LINE
8
BLACK
6
CONTINUOUS
10
5.057814960629921
20
-3.3066535433070867
11
5.0562733070866139
21
-3.3065524803149606
0
LINE
8
BLACK
6
CONTINUOUS
10
5.0562733070866139
20
-3.3065524803149606
11
5.0532950787401569
21
-3.3057544881889762
0
LINE
8
BLACK
6
CONTINUOUS
10
5.0532950787401569
20
-3.3057544881889762
11
5.0506248818897639
21
-3.3042128346456692
0
LINE
8
BLACK
6
CONTINUOUS
10
5.0506248818897639
20
-3.3042128346456692
11
5.0484446456692913
21
-3.3020325984251966
0
LINE
8
BLACK
6
CONTINUOUS
10
5.0484446456692913
20
-3.3020325984251966
11
5.0469029921259843
21
-3.2993624015748031
0
LINE
8
BLACK
6
CONTINUOUS
10
5.0469029921259843
20
-3.2993624015748031
11
5.0461049999999998
21
-3.2963841732283465
0
LINE
8
BLACK
6
CONTINUOUS
10
5.0461049999999998
20
-3.2963841732283465
11
5.0461049999999998
21
-3.293300866141732
0
LINE
8
BLACK
6
CONTINUOUS
10
5.0461049999999998
20
-3.293300866141732
11
5.0469029921259843
21
-3.2903226377952755
0
LINE
8
BLACK
6
CONTINUOUS
10
5.0469029921259843
20
-3.2903226377952755
11
5.0484446456692913
21
-3.287652440944882
0
LINE
8
BLACK
6
CONTINUOUS
10
5.0484446456692913
20
-3.287652440944882
11
5.0506248818897639
21
-3.2854722047244094
0
LINE
8
BLACK
6
CONTINUOUS
10
5.0506248818897639
20
-3.2854722047244094
11
5.0532950787401569
21
-3.2839305511811023
0
LINE
8
BLACK
6
CONTINUOUS
10
5.0532950787401569
20
-3.2839305511811023
11
5.0562733070866139
21
-3.2831325590551179
0
LINE
8
BLACK
6
CONTINUOUS
10
5.0562733070866139
20
-3.2831325590551179
11
5.057814960629921
21
-3.2830314960629923
0
LINE
8
BLACK
6
CONTINUOUS
10
5.057814960629921
20
-3.2830314960629923
11
5.1011220472440941
21
-3.2830314960629923
0
LINE
8
BLACK
6
CONTINUOUS
10
5.1011220472440941
20
-3.2830314960629923
11
5.1026637007874012
21
-3.2831325590551179
0
CIRCLE
8
BLACK
10
6.6361614173228345
20
-3.7699212598425196
40
0.0068897637795276
0
CIRCLE
8
BLACK
10
6.6361614173228345
20
-3.6349212598425198
40
0.0068897637795276
0
CIRCLE
8
BLACK
10
6.6361614173228345
20
-3.4999212598425196
40
0.0068897637795276
0
CIRCLE
8
BLACK
10
6.6361614173228345
20
-3.3630708661417321
40
0.0068897637795276
0
CIRCLE
8
BLACK
10
4.9686417322834648
20
-3.7399212598425198
40
0.0068897637795276
0
CIRCLE
8
WHITE
10
6.6030905511811024
20
-4.6531102362204724
40
0.0068897637795276
0
CIRCLE
8
WHITE
10
5.0267125984251964
20
-4.6531102362204724
40
0.0068897637795276
0
CIRCLE
8
WHITE
10
6.6030905511811024
20
-3.0767322834645667
40
0.0068897637795276
0
CIRCLE
8
WHITE
10
5.9812795275590549
20
-3.8629527559055119
40
0.0068897637795276
0
CIRCLE
8
WHITE
10
5.0267125984251964
20
-3.0767322834645667
40
0.0068897637795276
0
CIRCLE
8
WHITE
10
5.0597834645669293
20
-3.5787007874015746
40
0.0068897637795276
0
CIRCLE
8
WHITE
10
5.0597834645669293
20
-3.3511417322834647
40
0.0068897637795276
0
LINE
8
WHITE
6
CONTINUOUS
10
4.8991535433070865
20
-3.646811023622047
11
4.9306496062992125
21
-3.646811023622047
0
ARC
8
WHITE
10
4.9306496062992125
20
-3.6349999999999998
40
0.0118110236220472
50
-90.00000000
51
90.00000000
0
LINE
8
WHITE
6
CONTINUOUS
10
4.9306496062992125
20
-3.6231889763779526
11
4.8991535433070865
21
-3.6231889763779526
0
ARC
8
WHITE
10
4.8991535433070865
20
-3.6349999999999998
40
0.0118110236220472
50
90.00000000
51
270.00000000
0
LINE
8
WHITE
6
CONTINUOUS
10
4.8991535433070865
20
-3.3066535433070867
11
4.9306496062992125
21
-3.3066535433070867
0
ARC
8
WHITE
10
4.9306496062992125
20
-3.2948425196850395
40
0.0118110236220472
50
-90.00000000
51
90.00000000
0
LINE
8
WHITE
6
CONTINUOUS
10
4.9306496062992125
20
-3.2830314960629923
11
4.8991535433070865
21
-3.2830314960629923
0
ARC
8
WHITE
10
4.8991535433070865
20
-3.2948425196850395
40
0.0118110236220472
50
90.00000000
51
270.00000000
0
LINE
8
WHITE
6
CONTINUOUS
10
5.057814960629921
20
-3.646811023622047
11
5.1011220472440941
21
-3.646811023622047
0
ARC
8
WHITE
10
5.1011220472440941
20
-3.6349999999999998
40
0.0118110236220472
50
-90.00000000
51
90.00000000
0
LINE
8
WHITE
6
CONTINUOUS
10
5.1011220472440941
20
-3.6231889763779526
11
5.057814960629921
21
-3.6231889763779526
0
ARC
8
WHITE
10
5.057814960629921
20
-3.6349999999999998
40
0.0118110236220472
50
90.00000000
51
270.00000000
0
LINE
8
WHITE
6
CONTINUOUS
10
5.057814960629921
20
-3.3066535433070867
11
5.1011220472440941
21
-3.3066535433070867
0
ARC
8
WHITE
10
5.1011220472440941
20
-3.2948425196850395
40
0.0118110236220472
50
-90.00000000
51
90.00000000
0
LINE
8
WHITE
6
CONTINUOUS
10
5.1011220472440941
20
-3.2830314960629923
11
5.057814960629921
21
-3.2830314960629923
0
ARC
8
WHITE
10
5.057814960629921
20
-3.2948425196850395
40
0.0118110236220472
50
90.00000000
51
270.00000000
0
CIRCLE
8
WHITE
10
6.6361614173228345
20
-3.7699212598425196
40
0.0068897637795276
0
CIRCLE
8
WHITE
10
6.6361614173228345
20
-3.6349212598425198
40
0.0068897637795276
0
CIRCLE
8
WHITE
10
6.6361614173228345
20
-3.4999212598425196
40
0.0068897637795276
0
CIRCLE
8
WHITE
10
6.6361614173228345
20
-3.3630708661417321
40
0.0068897637795276
0
CIRCLE
8
WHITE
10
4.9686417322834648
20
-3.7399212598425198
40
0.0068897637795276
  0
ENDSEC
  0
EOF
