  0
SECTION
  2
HEADER
  9
$ANGBASE
  50
0.0
  9
$ANGDIR
  70
1
  9
$MEASUREMENT
  70
0
  0
ENDSEC
  0
SECTION
  2
TABLES
  0
TABLE
  2
LTYPE
  70
4
  0
LTYPE
  5
40F
  2
CONTINUOUS
  70
0
  3
Solid line
  72
65
  73
0
  40
0.0
  0
LTYPE
  5
410
  2
DASHDOT
 70
0
  3
Dash Dot ____ _ ____ _
 72
65
 73
4
 40
2.0
 49
1.25
 49
-0.25
 49
0.25
 49
-0.25
  0
LTYPE
  5
411
  2
DASHED
 70
0
  3
Dashed __ __ __ __ __
 72
65
 73
2
 40
0.75
 49
0.5
 49
-0.25
  0
LTYPE
  5
43B
  2
DOTTED
 70
0
  3
Dotted .  .  .  .
 72
65
 73
2
 40
0.2
 49
0.0
 49
-0.2
  0
ENDTAB
  0
TABLE
  2
STYLE
  70
4
  0
STYLE
  2
KICAD
  70
0
  40
0
  41
1
  42
1
  50
0
  71
0
  3
isocp.shx
  0
STYLE
  2
KICADB
  70
0
  40
0
  41
1
  42
1
  50
0
  71
0
  3
isocp.shx
  0
STYLE
  2
KICADI
  70
0
  40
0
  41
1
  42
1
  50
15
  71
0
  3
isocp.shx
  0
STYLE
  2
KICADBI
  70
0
  40
0
  41
1
  42
1
  50
15
  71
0
  3
isocp.shx
  0
ENDTAB
  0
TABLE
  2
LAYER
  70
1
  0
LAYER
  2
BLACK
  70
0
  62
7
  6
CONTINUOUS
  0
ENDTAB
  0
ENDSEC
  0
SECTION
  2
ENTITIES
0
LINE
8
BLACK
6
CONTINUOUS
10
5.49977
20
-4.28994
11
5.50416
21
-4.29218
0
LINE
8
BLACK
6
CONTINUOUS
10
5.50416
20
-4.29218
11
5.50764
21
-4.29566
0
LINE
8
BLACK
6
CONTINUOUS
10
5.50764
20
-4.29566
11
5.50988
21
-4.30005
0
LINE
8
BLACK
6
CONTINUOUS
10
5.50988
20
-4.30005
11
5.51065
21
-4.30492
0
LINE
8
BLACK
6
CONTINUOUS
10
5.51065
20
-4.30492
11
5.50988
21
-4.30979
0
LINE
8
BLACK
6
CONTINUOUS
10
5.50988
20
-4.30979
11
5.50764
21
-4.31418
0
LINE
8
BLACK
6
CONTINUOUS
10
5.50764
20
-4.31418
11
5.50416
21
-4.31766
0
LINE
8
BLACK
6
CONTINUOUS
10
5.50416
20
-4.31766
11
5.49977
21
-4.3199
0
LINE
8
BLACK
6
CONTINUOUS
10
5.49977
20
-4.3199
11
5.4949
21
-4.32067
0
LINE
8
BLACK
6
CONTINUOUS
10
5.4949
20
-4.32067
11
5.49004
21
-4.3199
0
LINE
8
BLACK
6
CONTINUOUS
10
5.49004
20
-4.3199
11
5.48565
21
-4.31766
0
LINE
8
BLACK
6
CONTINUOUS
10
5.48565
20
-4.31766
11
5.48275
21
-4.31476
0
LINE
8
BLACK
6
CONTINUOUS
10
5.48275
20
-4.31476
11
5.1449
21
-4.31476
0
LINE
8
BLACK
6
CONTINUOUS
10
5.1449
20
-4.31476
11
5.10898
21
-4.31476
0
LINE
8
BLACK
6
CONTINUOUS
10
5.10898
20
-4.31476
11
5.0704
21
-4.35334
0
LINE
8
BLACK
6
CONTINUOUS
10
5.0704
20
-4.35334
11
5.07065
21
-4.35492
0
LINE
8
BLACK
6
CONTINUOUS
10
5.07065
20
-4.35492
11
5.06988
21
-4.35979
0
LINE
8
BLACK
6
CONTINUOUS
10
5.06988
20
-4.35979
11
5.06764
21
-4.36418
0
LINE
8
BLACK
6
CONTINUOUS
10
5.06764
20
-4.36418
11
5.06416
21
-4.36766
0
LINE
8
BLACK
6
CONTINUOUS
10
5.06416
20
-4.36766
11
5.05977
21
-4.3699
0
LINE
8
BLACK
6
CONTINUOUS
10
5.05977
20
-4.3699
11
5.0549
21
-4.37067
0
LINE
8
BLACK
6
CONTINUOUS
10
5.0549
20
-4.37067
11
5.05004
21
-4.3699
0
LINE
8
BLACK
6
CONTINUOUS
10
5.05004
20
-4.3699
11
5.04565
21
-4.36766
0
LINE
8
BLACK
6
CONTINUOUS
10
5.04565
20
-4.36766
11
5.04216
21
-4.36418
0
LINE
8
BLACK
6
CONTINUOUS
10
5.04216
20
-4.36418
11
5.03992
21
-4.35979
0
LINE
8
BLACK
6
CONTINUOUS
10
5.03992
20
-4.35979
11
5.03915
21
-4.35492
0
LINE
8
BLACK
6
CONTINUOUS
10
5.03915
20
-4.35492
11
5.03992
21
-4.35005
0
LINE
8
BLACK
6
CONTINUOUS
10
5.03992
20
-4.35005
11
5.04216
21
-4.34566
0
LINE
8
BLACK
6
CONTINUOUS
10
5.04216
20
-4.34566
11
5.04565
21
-4.34218
0
LINE
8
BLACK
6
CONTINUOUS
10
5.04565
20
-4.34218
11
5.05004
21
-4.33994
0
LINE
8
BLACK
6
CONTINUOUS
10
5.05004
20
-4.33994
11
5.0549
21
-4.33917
0
LINE
8
BLACK
6
CONTINUOUS
10
5.0549
20
-4.33917
11
5.05648
21
-4.33942
0
LINE
8
BLACK
6
CONTINUOUS
10
5.05648
20
-4.33942
11
5.09794
21
-4.29796
0
LINE
8
BLACK
6
CONTINUOUS
10
5.09794
20
-4.29796
11
5.10114
21
-4.29583
0
LINE
8
BLACK
6
CONTINUOUS
10
5.10114
20
-4.29583
11
5.1049
21
-4.29508
0
LINE
8
BLACK
6
CONTINUOUS
10
5.1049
20
-4.29508
11
5.1449
21
-4.29508
0
LINE
8
BLACK
6
CONTINUOUS
10
5.1449
20
-4.29508
11
5.48275
21
-4.29508
0
LINE
8
BLACK
6
CONTINUOUS
10
5.48275
20
-4.29508
11
5.48565
21
-4.29218
0
LINE
8
BLACK
6
CONTINUOUS
10
5.48565
20
-4.29218
11
5.49004
21
-4.28994
0
LINE
8
BLACK
6
CONTINUOUS
10
5.49004
20
-4.28994
11
5.4949
21
-4.28917
0
LINE
8
BLACK
6
CONTINUOUS
10
5.4949
20
-4.28917
11
5.49977
21
-4.28994
0
LINE
8
BLACK
6
CONTINUOUS
10
5.4663
20
-4.25102
11
5.47069
21
-4.25325
0
LINE
8
BLACK
6
CONTINUOUS
10
5.47069
20
-4.25325
11
5.47418
21
-4.25674
0
LINE
8
BLACK
6
CONTINUOUS
10
5.47418
20
-4.25674
11
5.47641
21
-4.26113
0
LINE
8
BLACK
6
CONTINUOUS
10
5.47641
20
-4.26113
11
5.47718
21
-4.26599
0
LINE
8
BLACK
6
CONTINUOUS
10
5.47718
20
-4.26599
11
5.47641
21
-4.27086
0
LINE
8
BLACK
6
CONTINUOUS
10
5.47641
20
-4.27086
11
5.47418
21
-4.27525
0
LINE
8
BLACK
6
CONTINUOUS
10
5.47418
20
-4.27525
11
5.47069
21
-4.27873
0
LINE
8
BLACK
6
CONTINUOUS
10
5.47069
20
-4.27873
11
5.4663
21
-4.28097
0
LINE
8
BLACK
6
CONTINUOUS
10
5.4663
20
-4.28097
11
5.46144
21
-4.28174
0
LINE
8
BLACK
6
CONTINUOUS
10
5.46144
20
-4.28174
11
5.45657
21
-4.28097
0
LINE
8
BLACK
6
CONTINUOUS
10
5.45657
20
-4.28097
11
5.45218
21
-4.27873
0
LINE
8
BLACK
6
CONTINUOUS
10
5.45218
20
-4.27873
11
5.44928
21
-4.27584
0
LINE
8
BLACK
6
CONTINUOUS
10
5.44928
20
-4.27584
11
5.08791
21
-4.27584
0
LINE
8
BLACK
6
CONTINUOUS
10
5.08791
20
-4.27584
11
5.0654
21
-4.29834
0
LINE
8
BLACK
6
CONTINUOUS
10
5.0654
20
-4.29834
11
5.06565
21
-4.29992
0
LINE
8
BLACK
6
CONTINUOUS
10
5.06565
20
-4.29992
11
5.06488
21
-4.30479
0
LINE
8
BLACK
6
CONTINUOUS
10
5.06488
20
-4.30479
11
5.06264
21
-4.30918
0
LINE
8
BLACK
6
CONTINUOUS
10
5.06264
20
-4.30918
11
5.05916
21
-4.31266
0
LINE
8
BLACK
6
CONTINUOUS
10
5.05916
20
-4.31266
11
5.05477
21
-4.3149
0
LINE
8
BLACK
6
CONTINUOUS
10
5.05477
20
-4.3149
11
5.0499
21
-4.31567
0
LINE
8
BLACK
6
CONTINUOUS
10
5.0499
20
-4.31567
11
5.04504
21
-4.3149
0
LINE
8
BLACK
6
CONTINUOUS
10
5.04504
20
-4.3149
11
5.04065
21
-4.31266
0
LINE
8
BLACK
6
CONTINUOUS
10
5.04065
20
-4.31266
11
5.03716
21
-4.30918
0
LINE
8
BLACK
6
CONTINUOUS
10
5.03716
20
-4.30918
11
5.03492
21
-4.30479
0
LINE
8
BLACK
6
CONTINUOUS
10
5.03492
20
-4.30479
11
5.03415
21
-4.29992
0
LINE
8
BLACK
6
CONTINUOUS
10
5.03415
20
-4.29992
11
5.03492
21
-4.29505
0
LINE
8
BLACK
6
CONTINUOUS
10
5.03492
20
-4.29505
11
5.03716
21
-4.29066
0
LINE
8
BLACK
6
CONTINUOUS
10
5.03716
20
-4.29066
11
5.04065
21
-4.28718
0
LINE
8
BLACK
6
CONTINUOUS
10
5.04065
20
-4.28718
11
5.04504
21
-4.28494
0
LINE
8
BLACK
6
CONTINUOUS
10
5.04504
20
-4.28494
11
5.0499
21
-4.28417
0
LINE
8
BLACK
6
CONTINUOUS
10
5.0499
20
-4.28417
11
5.05148
21
-4.28442
0
LINE
8
BLACK
6
CONTINUOUS
10
5.05148
20
-4.28442
11
5.07687
21
-4.25903
0
LINE
8
BLACK
6
CONTINUOUS
10
5.07687
20
-4.25903
11
5.08006
21
-4.2569
0
LINE
8
BLACK
6
CONTINUOUS
10
5.08006
20
-4.2569
11
5.08383
21
-4.25615
0
LINE
8
BLACK
6
CONTINUOUS
10
5.08383
20
-4.25615
11
5.44928
21
-4.25615
0
LINE
8
BLACK
6
CONTINUOUS
10
5.44928
20
-4.25615
11
5.45218
21
-4.25325
0
LINE
8
BLACK
6
CONTINUOUS
10
5.45218
20
-4.25325
11
5.45657
21
-4.25102
0
LINE
8
BLACK
6
CONTINUOUS
10
5.45657
20
-4.25102
11
5.46144
21
-4.25024
0
LINE
8
BLACK
6
CONTINUOUS
10
5.46144
20
-4.25024
11
5.4663
21
-4.25102
0
LINE
8
BLACK
6
CONTINUOUS
10
5.46477
20
-3.70494
11
5.46916
21
-3.70718
0
LINE
8
BLACK
6
CONTINUOUS
10
5.46916
20
-3.70718
11
5.47264
21
-3.71066
0
LINE
8
BLACK
6
CONTINUOUS
10
5.47264
20
-3.71066
11
5.47488
21
-3.71505
0
LINE
8
BLACK
6
CONTINUOUS
10
5.47488
20
-3.71505
11
5.47565
21
-3.71992
0
LINE
8
BLACK
6
CONTINUOUS
10
5.47565
20
-3.71992
11
5.47488
21
-3.72479
0
LINE
8
BLACK
6
CONTINUOUS
10
5.47488
20
-3.72479
11
5.47264
21
-3.72918
0
LINE
8
BLACK
6
CONTINUOUS
10
5.47264
20
-3.72918
11
5.46974
21
-3.73208
0
LINE
8
BLACK
6
CONTINUOUS
10
5.46974
20
-3.73208
11
5.46974
21
-3.76992
0
LINE
8
BLACK
6
CONTINUOUS
10
5.46974
20
-3.76992
11
5.46899
21
-3.77369
0
LINE
8
BLACK
6
CONTINUOUS
10
5.46899
20
-3.77369
11
5.46686
21
-3.77688
0
LINE
8
BLACK
6
CONTINUOUS
10
5.46686
20
-3.77688
11
4.9004
21
-4.34334
0
LINE
8
BLACK
6
CONTINUOUS
10
4.9004
20
-4.34334
11
4.90065
21
-4.34492
0
LINE
8
BLACK
6
CONTINUOUS
10
4.90065
20
-4.34492
11
4.89988
21
-4.34979
0
LINE
8
BLACK
6
CONTINUOUS
10
4.89988
20
-4.34979
11
4.89764
21
-4.35418
0
LINE
8
BLACK
6
CONTINUOUS
10
4.89764
20
-4.35418
11
4.89416
21
-4.35766
0
LINE
8
BLACK
6
CONTINUOUS
10
4.89416
20
-4.35766
11
4.88977
21
-4.3599
0
LINE
8
BLACK
6
CONTINUOUS
10
4.88977
20
-4.3599
11
4.8849
21
-4.36067
0
LINE
8
BLACK
6
CONTINUOUS
10
4.8849
20
-4.36067
11
4.88004
21
-4.3599
0
LINE
8
BLACK
6
CONTINUOUS
10
4.88004
20
-4.3599
11
4.87565
21
-4.35766
0
LINE
8
BLACK
6
CONTINUOUS
10
4.87565
20
-4.35766
11
4.87216
21
-4.35418
0
LINE
8
BLACK
6
CONTINUOUS
10
4.87216
20
-4.35418
11
4.86992
21
-4.34979
0
LINE
8
BLACK
6
CONTINUOUS
10
4.86992
20
-4.34979
11
4.86915
21
-4.34492
0
LINE
8
BLACK
6
CONTINUOUS
10
4.86915
20
-4.34492
11
4.86992
21
-4.34005
0
LINE
8
BLACK
6
CONTINUOUS
10
4.86992
20
-4.34005
11
4.87216
21
-4.33566
0
LINE
8
BLACK
6
CONTINUOUS
10
4.87216
20
-4.33566
11
4.87565
21
-4.33218
0
LINE
8
BLACK
6
CONTINUOUS
10
4.87565
20
-4.33218
11
4.88004
21
-4.32994
0
LINE
8
BLACK
6
CONTINUOUS
10
4.88004
20
-4.32994
11
4.8849
21
-4.32917
0
LINE
8
BLACK
6
CONTINUOUS
10
4.8849
20
-4.32917
11
4.88648
21
-4.32942
0
LINE
8
BLACK
6
CONTINUOUS
10
4.88648
20
-4.32942
11
5.45006
21
-3.76584
0
LINE
8
BLACK
6
CONTINUOUS
10
5.45006
20
-3.76584
11
5.45006
21
-3.73208
0
LINE
8
BLACK
6
CONTINUOUS
10
5.45006
20
-3.73208
11
5.44716
21
-3.72918
0
LINE
8
BLACK
6
CONTINUOUS
10
5.44716
20
-3.72918
11
5.44492
21
-3.72479
0
LINE
8
BLACK
6
CONTINUOUS
10
5.44492
20
-3.72479
11
5.44415
21
-3.71992
0
LINE
8
BLACK
6
CONTINUOUS
10
5.44415
20
-3.71992
11
5.44492
21
-3.71505
0
LINE
8
BLACK
6
CONTINUOUS
10
5.44492
20
-3.71505
11
5.44716
21
-3.71066
0
LINE
8
BLACK
6
CONTINUOUS
10
5.44716
20
-3.71066
11
5.45065
21
-3.70718
0
LINE
8
BLACK
6
CONTINUOUS
10
5.45065
20
-3.70718
11
5.45504
21
-3.70494
0
LINE
8
BLACK
6
CONTINUOUS
10
5.45504
20
-3.70494
11
5.4599
21
-3.70417
0
LINE
8
BLACK
6
CONTINUOUS
10
5.4599
20
-3.70417
11
5.46477
21
-3.70494
0
LINE
8
BLACK
6
CONTINUOUS
10
5.47977
20
-3.24443
11
5.48416
21
-3.24667
0
LINE
8
BLACK
6
CONTINUOUS
10
5.48416
20
-3.24667
11
5.48764
21
-3.25015
0
LINE
8
BLACK
6
CONTINUOUS
10
5.48764
20
-3.25015
11
5.48988
21
-3.25454
0
LINE
8
BLACK
6
CONTINUOUS
10
5.48988
20
-3.25454
11
5.49065
21
-3.25941
0
LINE
8
BLACK
6
CONTINUOUS
10
5.49065
20
-3.25941
11
5.48988
21
-3.26428
0
LINE
8
BLACK
6
CONTINUOUS
10
5.48988
20
-3.26428
11
5.48764
21
-3.26867
0
LINE
8
BLACK
6
CONTINUOUS
10
5.48764
20
-3.26867
11
5.48416
21
-3.27215
0
LINE
8
BLACK
6
CONTINUOUS
10
5.48416
20
-3.27215
11
5.47977
21
-3.27439
0
LINE
8
BLACK
6
CONTINUOUS
10
5.47977
20
-3.27439
11
5.4749
21
-3.27516
0
LINE
8
BLACK
6
CONTINUOUS
10
5.4749
20
-3.27516
11
5.47332
21
-3.27491
0
LINE
8
BLACK
6
CONTINUOUS
10
5.47332
20
-3.27491
11
5.43474
21
-3.31349
0
LINE
8
BLACK
6
CONTINUOUS
10
5.43474
20
-3.31349
11
5.43474
21
-3.31492
0
LINE
8
BLACK
6
CONTINUOUS
10
5.43474
20
-3.31492
11
5.43474
21
-3.71992
0
LINE
8
BLACK
6
CONTINUOUS
10
5.43474
20
-3.71992
11
5.43399
21
-3.72369
0
LINE
8
BLACK
6
CONTINUOUS
10
5.43399
20
-3.72369
11
5.43186
21
-3.72688
0
LINE
8
BLACK
6
CONTINUOUS
10
5.43186
20
-3.72688
11
5.43186
21
-3.72688
0
LINE
8
BLACK
6
CONTINUOUS
10
5.43186
20
-3.72688
11
4.8954
21
-4.26334
0
LINE
8
BLACK
6
CONTINUOUS
10
4.8954
20
-4.26334
11
4.89565
21
-4.26492
0
LINE
8
BLACK
6
CONTINUOUS
10
4.89565
20
-4.26492
11
4.89488
21
-4.26979
0
LINE
8
BLACK
6
CONTINUOUS
10
4.89488
20
-4.26979
11
4.89264
21
-4.27418
0
LINE
8
BLACK
6
CONTINUOUS
10
4.89264
20
-4.27418
11
4.88916
21
-4.27766
0
LINE
8
BLACK
6
CONTINUOUS
10
4.88916
20
-4.27766
11
4.88477
21
-4.2799
0
LINE
8
BLACK
6
CONTINUOUS
10
4.88477
20
-4.2799
11
4.8799
21
-4.28067
0
LINE
8
BLACK
6
CONTINUOUS
10
4.8799
20
-4.28067
11
4.87504
21
-4.2799
0
LINE
8
BLACK
6
CONTINUOUS
10
4.87504
20
-4.2799
11
4.87065
21
-4.27766
0
LINE
8
BLACK
6
CONTINUOUS
10
4.87065
20
-4.27766
11
4.86716
21
-4.27418
0
LINE
8
BLACK
6
CONTINUOUS
10
4.86716
20
-4.27418
11
4.86492
21
-4.26979
0
LINE
8
BLACK
6
CONTINUOUS
10
4.86492
20
-4.26979
11
4.86415
21
-4.26492
0
LINE
8
BLACK
6
CONTINUOUS
10
4.86415
20
-4.26492
11
4.86492
21
-4.26005
0
LINE
8
BLACK
6
CONTINUOUS
10
4.86492
20
-4.26005
11
4.86716
21
-4.25566
0
LINE
8
BLACK
6
CONTINUOUS
10
4.86716
20
-4.25566
11
4.87065
21
-4.25218
0
LINE
8
BLACK
6
CONTINUOUS
10
4.87065
20
-4.25218
11
4.87504
21
-4.24994
0
LINE
8
BLACK
6
CONTINUOUS
10
4.87504
20
-4.24994
11
4.8799
21
-4.24917
0
LINE
8
BLACK
6
CONTINUOUS
10
4.8799
20
-4.24917
11
4.88148
21
-4.24942
0
LINE
8
BLACK
6
CONTINUOUS
10
4.88148
20
-4.24942
11
5.41506
21
-3.71584
0
LINE
8
BLACK
6
CONTINUOUS
10
5.41506
20
-3.71584
11
5.41506
21
-3.31492
0
LINE
8
BLACK
6
CONTINUOUS
10
5.41506
20
-3.31492
11
5.41506
21
-3.30941
0
LINE
8
BLACK
6
CONTINUOUS
10
5.41506
20
-3.30941
11
5.41581
21
-3.30564
0
LINE
8
BLACK
6
CONTINUOUS
10
5.41581
20
-3.30564
11
5.41794
21
-3.30245
0
LINE
8
BLACK
6
CONTINUOUS
10
5.41794
20
-3.30245
11
5.4594
21
-3.26099
0
LINE
8
BLACK
6
CONTINUOUS
10
5.4594
20
-3.26099
11
5.45915
21
-3.25941
0
LINE
8
BLACK
6
CONTINUOUS
10
5.45915
20
-3.25941
11
5.45992
21
-3.25454
0
LINE
8
BLACK
6
CONTINUOUS
10
5.45992
20
-3.25454
11
5.46216
21
-3.25015
0
LINE
8
BLACK
6
CONTINUOUS
10
5.46216
20
-3.25015
11
5.46565
21
-3.24667
0
LINE
8
BLACK
6
CONTINUOUS
10
5.46565
20
-3.24667
11
5.47004
21
-3.24443
0
LINE
8
BLACK
6
CONTINUOUS
10
5.47004
20
-3.24443
11
5.4749
21
-3.24366
0
LINE
8
BLACK
6
CONTINUOUS
10
5.4749
20
-3.24366
11
5.47977
21
-3.24443
0
LINE
8
BLACK
6
CONTINUOUS
10
5.53593
20
-3.2161
11
5.53969
21
-3.21685
0
LINE
8
BLACK
6
CONTINUOUS
10
5.53969
20
-3.21685
11
5.54289
21
-3.21899
0
LINE
8
BLACK
6
CONTINUOUS
10
5.54289
20
-3.21899
11
5.55332
21
-3.22942
0
LINE
8
BLACK
6
CONTINUOUS
10
5.55332
20
-3.22942
11
5.5549
21
-3.22917
0
LINE
8
BLACK
6
CONTINUOUS
10
5.5549
20
-3.22917
11
5.55977
21
-3.22994
0
LINE
8
BLACK
6
CONTINUOUS
10
5.55977
20
-3.22994
11
5.56416
21
-3.23218
0
LINE
8
BLACK
6
CONTINUOUS
10
5.56416
20
-3.23218
11
5.56764
21
-3.23566
0
LINE
8
BLACK
6
CONTINUOUS
10
5.56764
20
-3.23566
11
5.56988
21
-3.24005
0
LINE
8
BLACK
6
CONTINUOUS
10
5.56988
20
-3.24005
11
5.57065
21
-3.24492
0
LINE
8
BLACK
6
CONTINUOUS
10
5.57065
20
-3.24492
11
5.56988
21
-3.24979
0
LINE
8
BLACK
6
CONTINUOUS
10
5.56988
20
-3.24979
11
5.56764
21
-3.25418
0
LINE
8
BLACK
6
CONTINUOUS
10
5.56764
20
-3.25418
11
5.56416
21
-3.25766
0
LINE
8
BLACK
6
CONTINUOUS
10
5.56416
20
-3.25766
11
5.55977
21
-3.2599
0
LINE
8
BLACK
6
CONTINUOUS
10
5.55977
20
-3.2599
11
5.5549
21
-3.26067
0
LINE
8
BLACK
6
CONTINUOUS
10
5.5549
20
-3.26067
11
5.55004
21
-3.2599
0
LINE
8
BLACK
6
CONTINUOUS
10
5.55004
20
-3.2599
11
5.54565
21
-3.25766
0
LINE
8
BLACK
6
CONTINUOUS
10
5.54565
20
-3.25766
11
5.54216
21
-3.25418
0
LINE
8
BLACK
6
CONTINUOUS
10
5.54216
20
-3.25418
11
5.53992
21
-3.24979
0
LINE
8
BLACK
6
CONTINUOUS
10
5.53992
20
-3.24979
11
5.53915
21
-3.24492
0
LINE
8
BLACK
6
CONTINUOUS
10
5.53915
20
-3.24492
11
5.5394
21
-3.24334
0
LINE
8
BLACK
6
CONTINUOUS
10
5.5394
20
-3.24334
11
5.53185
21
-3.23579
0
LINE
8
BLACK
6
CONTINUOUS
10
5.53185
20
-3.23579
11
5.45678
21
-3.23579
0
LINE
8
BLACK
6
CONTINUOUS
10
5.45678
20
-3.23579
11
5.40128
21
-3.29129
0
LINE
8
BLACK
6
CONTINUOUS
10
5.40128
20
-3.29129
11
5.40128
21
-3.70839
0
LINE
8
BLACK
6
CONTINUOUS
10
5.40128
20
-3.70839
11
5.40128
21
-3.70839
0
LINE
8
BLACK
6
CONTINUOUS
10
5.40128
20
-3.70839
11
5.40083
21
-3.71066
0
LINE
8
BLACK
6
CONTINUOUS
10
5.40083
20
-3.71066
11
5.40053
21
-3.71215
0
LINE
8
BLACK
6
CONTINUOUS
10
5.40053
20
-3.71215
11
5.3984
21
-3.71535
0
LINE
8
BLACK
6
CONTINUOUS
10
5.3984
20
-3.71535
11
5.3984
21
-3.71535
0
LINE
8
BLACK
6
CONTINUOUS
10
5.3984
20
-3.71535
11
4.92186
21
-4.19188
0
LINE
8
BLACK
6
CONTINUOUS
10
4.92186
20
-4.19188
11
4.91867
21
-4.19401
0
LINE
8
BLACK
6
CONTINUOUS
10
4.91867
20
-4.19401
11
4.9149
21
-4.19476
0
LINE
8
BLACK
6
CONTINUOUS
10
4.9149
20
-4.19476
11
4.89706
21
-4.19476
0
LINE
8
BLACK
6
CONTINUOUS
10
4.89706
20
-4.19476
11
4.89416
21
-4.19766
0
LINE
8
BLACK
6
CONTINUOUS
10
4.89416
20
-4.19766
11
4.88977
21
-4.1999
0
LINE
8
BLACK
6
CONTINUOUS
10
4.88977
20
-4.1999
11
4.8849
21
-4.20067
0
LINE
8
BLACK
6
CONTINUOUS
10
4.8849
20
-4.20067
11
4.88004
21
-4.1999
0
LINE
8
BLACK
6
CONTINUOUS
10
4.88004
20
-4.1999
11
4.87565
21
-4.19766
0
LINE
8
BLACK
6
CONTINUOUS
10
4.87565
20
-4.19766
11
4.87216
21
-4.19418
0
LINE
8
BLACK
6
CONTINUOUS
10
4.87216
20
-4.19418
11
4.86992
21
-4.18979
0
LINE
8
BLACK
6
CONTINUOUS
10
4.86992
20
-4.18979
11
4.86915
21
-4.18492
0
LINE
8
BLACK
6
CONTINUOUS
10
4.86915
20
-4.18492
11
4.86992
21
-4.18005
0
LINE
8
BLACK
6
CONTINUOUS
10
4.86992
20
-4.18005
11
4.87216
21
-4.17566
0
LINE
8
BLACK
6
CONTINUOUS
10
4.87216
20
-4.17566
11
4.87565
21
-4.17218
0
LINE
8
BLACK
6
CONTINUOUS
10
4.87565
20
-4.17218
11
4.88004
21
-4.16994
0
LINE
8
BLACK
6
CONTINUOUS
10
4.88004
20
-4.16994
11
4.8849
21
-4.16917
0
LINE
8
BLACK
6
CONTINUOUS
10
4.8849
20
-4.16917
11
4.88977
21
-4.16994
0
LINE
8
BLACK
6
CONTINUOUS
10
4.88977
20
-4.16994
11
4.89416
21
-4.17218
0
LINE
8
BLACK
6
CONTINUOUS
10
4.89416
20
-4.17218
11
4.89706
21
-4.17508
0
LINE
8
BLACK
6
CONTINUOUS
10
4.89706
20
-4.17508
11
4.91082
21
-4.17508
0
LINE
8
BLACK
6
CONTINUOUS
10
4.91082
20
-4.17508
11
5.38159
21
-3.70431
0
LINE
8
BLACK
6
CONTINUOUS
10
5.38159
20
-3.70431
11
5.38159
21
-3.28721
0
LINE
8
BLACK
6
CONTINUOUS
10
5.38159
20
-3.28721
11
5.38234
21
-3.28344
0
LINE
8
BLACK
6
CONTINUOUS
10
5.38234
20
-3.28344
11
5.38448
21
-3.28025
0
LINE
8
BLACK
6
CONTINUOUS
10
5.38448
20
-3.28025
11
5.44574
21
-3.21899
0
LINE
8
BLACK
6
CONTINUOUS
10
5.44574
20
-3.21899
11
5.44893
21
-3.21685
0
LINE
8
BLACK
6
CONTINUOUS
10
5.44893
20
-3.21685
11
5.4527
21
-3.2161
0
LINE
8
BLACK
6
CONTINUOUS
10
5.4527
20
-3.2161
11
5.53593
21
-3.2161
0
LINE
8
BLACK
6
CONTINUOUS
10
5.43293
20
-3.18854
11
5.60837
21
-3.18854
0
LINE
8
BLACK
6
CONTINUOUS
10
5.60837
20
-3.18854
11
5.61213
21
-3.18929
0
LINE
8
BLACK
6
CONTINUOUS
10
5.61213
20
-3.18929
11
5.61533
21
-3.19143
0
LINE
8
BLACK
6
CONTINUOUS
10
5.61533
20
-3.19143
11
5.64332
21
-3.21942
0
LINE
8
BLACK
6
CONTINUOUS
10
5.64332
20
-3.21942
11
5.6449
21
-3.21917
0
LINE
8
BLACK
6
CONTINUOUS
10
5.6449
20
-3.21917
11
5.64977
21
-3.21994
0
LINE
8
BLACK
6
CONTINUOUS
10
5.64977
20
-3.21994
11
5.65416
21
-3.22218
0
LINE
8
BLACK
6
CONTINUOUS
10
5.65416
20
-3.22218
11
5.65764
21
-3.22566
0
LINE
8
BLACK
6
CONTINUOUS
10
5.65764
20
-3.22566
11
5.65988
21
-3.23005
0
LINE
8
BLACK
6
CONTINUOUS
10
5.65988
20
-3.23005
11
5.66065
21
-3.23492
0
LINE
8
BLACK
6
CONTINUOUS
10
5.66065
20
-3.23492
11
5.65988
21
-3.23979
0
LINE
8
BLACK
6
CONTINUOUS
10
5.65988
20
-3.23979
11
5.65764
21
-3.24418
0
LINE
8
BLACK
6
CONTINUOUS
10
5.65764
20
-3.24418
11
5.65416
21
-3.24766
0
LINE
8
BLACK
6
CONTINUOUS
10
5.65416
20
-3.24766
11
5.64977
21
-3.2499
0
LINE
8
BLACK
6
CONTINUOUS
10
5.64977
20
-3.2499
11
5.6449
21
-3.25067
0
LINE
8
BLACK
6
CONTINUOUS
10
5.6449
20
-3.25067
11
5.64004
21
-3.2499
0
LINE
8
BLACK
6
CONTINUOUS
10
5.64004
20
-3.2499
11
5.63565
21
-3.24766
0
LINE
8
BLACK
6
CONTINUOUS
10
5.63565
20
-3.24766
11
5.63216
21
-3.24418
0
LINE
8
BLACK
6
CONTINUOUS
10
5.63216
20
-3.24418
11
5.62992
21
-3.23979
0
LINE
8
BLACK
6
CONTINUOUS
10
5.62992
20
-3.23979
11
5.62915
21
-3.23492
0
LINE
8
BLACK
6
CONTINUOUS
10
5.62915
20
-3.23492
11
5.6294
21
-3.23334
0
LINE
8
BLACK
6
CONTINUOUS
10
5.6294
20
-3.23334
11
5.60429
21
-3.20823
0
LINE
8
BLACK
6
CONTINUOUS
10
5.60429
20
-3.20823
11
5.43701
21
-3.20823
0
LINE
8
BLACK
6
CONTINUOUS
10
5.43701
20
-3.20823
11
5.37077
21
-3.27447
0
LINE
8
BLACK
6
CONTINUOUS
10
5.37077
20
-3.27447
11
5.37077
21
-3.6989
0
LINE
8
BLACK
6
CONTINUOUS
10
5.37077
20
-3.6989
11
5.37077
21
-3.6989
0
LINE
8
BLACK
6
CONTINUOUS
10
5.37077
20
-3.6989
11
5.37002
21
-3.70266
0
LINE
8
BLACK
6
CONTINUOUS
10
5.37002
20
-3.70266
11
5.36788
21
-3.70586
0
LINE
8
BLACK
6
CONTINUOUS
10
5.36788
20
-3.70586
11
4.96186
21
-4.11188
0
LINE
8
BLACK
6
CONTINUOUS
10
4.96186
20
-4.11188
11
4.95867
21
-4.11401
0
LINE
8
BLACK
6
CONTINUOUS
10
4.95867
20
-4.11401
11
4.9549
21
-4.11476
0
LINE
8
BLACK
6
CONTINUOUS
10
4.9549
20
-4.11476
11
4.89506
21
-4.11476
0
LINE
8
BLACK
6
CONTINUOUS
10
4.89506
20
-4.11476
11
4.89216
21
-4.11766
0
LINE
8
BLACK
6
CONTINUOUS
10
4.89216
20
-4.11766
11
4.88777
21
-4.1199
0
LINE
8
BLACK
6
CONTINUOUS
10
4.88777
20
-4.1199
11
4.8829
21
-4.12067
0
LINE
8
BLACK
6
CONTINUOUS
10
4.8829
20
-4.12067
11
4.87804
21
-4.1199
0
LINE
8
BLACK
6
CONTINUOUS
10
4.87804
20
-4.1199
11
4.87365
21
-4.11766
0
LINE
8
BLACK
6
CONTINUOUS
10
4.87365
20
-4.11766
11
4.87016
21
-4.11418
0
LINE
8
BLACK
6
CONTINUOUS
10
4.87016
20
-4.11418
11
4.86792
21
-4.10979
0
LINE
8
BLACK
6
CONTINUOUS
10
4.86792
20
-4.10979
11
4.86715
21
-4.10492
0
LINE
8
BLACK
6
CONTINUOUS
10
4.86715
20
-4.10492
11
4.86792
21
-4.10005
0
LINE
8
BLACK
6
CONTINUOUS
10
4.86792
20
-4.10005
11
4.87016
21
-4.09566
0
LINE
8
BLACK
6
CONTINUOUS
10
4.87016
20
-4.09566
11
4.87365
21
-4.09218
0
LINE
8
BLACK
6
CONTINUOUS
10
4.87365
20
-4.09218
11
4.87804
21
-4.08994
0
LINE
8
BLACK
6
CONTINUOUS
10
4.87804
20
-4.08994
11
4.8829
21
-4.08917
0
LINE
8
BLACK
6
CONTINUOUS
10
4.8829
20
-4.08917
11
4.88777
21
-4.08994
0
LINE
8
BLACK
6
CONTINUOUS
10
4.88777
20
-4.08994
11
4.89216
21
-4.09218
0
LINE
8
BLACK
6
CONTINUOUS
10
4.89216
20
-4.09218
11
4.89506
21
-4.09508
0
LINE
8
BLACK
6
CONTINUOUS
10
4.89506
20
-4.09508
11
4.95082
21
-4.09508
0
LINE
8
BLACK
6
CONTINUOUS
10
4.95082
20
-4.09508
11
5.35108
21
-3.69482
0
LINE
8
BLACK
6
CONTINUOUS
10
5.35108
20
-3.69482
11
5.35108
21
-3.2704
0
LINE
8
BLACK
6
CONTINUOUS
10
5.35108
20
-3.2704
11
5.35183
21
-3.26663
0
LINE
8
BLACK
6
CONTINUOUS
10
5.35183
20
-3.26663
11
5.35397
21
-3.26344
0
LINE
8
BLACK
6
CONTINUOUS
10
5.35397
20
-3.26344
11
5.42597
21
-3.19143
0
LINE
8
BLACK
6
CONTINUOUS
10
5.42597
20
-3.19143
11
5.42597
21
-3.19143
0
LINE
8
BLACK
6
CONTINUOUS
10
5.42597
20
-3.19143
11
5.42917
21
-3.18929
0
LINE
8
BLACK
6
CONTINUOUS
10
5.42917
20
-3.18929
11
5.43293
21
-3.18854
0
LINE
8
BLACK
6
CONTINUOUS
10
5.43293
20
-3.18854
11
5.43293
21
-3.18854
0
LINE
8
BLACK
6
CONTINUOUS
10
5.27477
20
-3.70494
11
5.27916
21
-3.70718
0
LINE
8
BLACK
6
CONTINUOUS
10
5.27916
20
-3.70718
11
5.28264
21
-3.71066
0
LINE
8
BLACK
6
CONTINUOUS
10
5.28264
20
-3.71066
11
5.28488
21
-3.71505
0
LINE
8
BLACK
6
CONTINUOUS
10
5.28488
20
-3.71505
11
5.28565
21
-3.71992
0
LINE
8
BLACK
6
CONTINUOUS
10
5.28565
20
-3.71992
11
5.28488
21
-3.72479
0
LINE
8
BLACK
6
CONTINUOUS
10
5.28488
20
-3.72479
11
5.28264
21
-3.72918
0
LINE
8
BLACK
6
CONTINUOUS
10
5.28264
20
-3.72918
11
5.27916
21
-3.73266
0
LINE
8
BLACK
6
CONTINUOUS
10
5.27916
20
-3.73266
11
5.27477
21
-3.7349
0
LINE
8
BLACK
6
CONTINUOUS
10
5.27477
20
-3.7349
11
5.2699
21
-3.73567
0
LINE
8
BLACK
6
CONTINUOUS
10
5.2699
20
-3.73567
11
5.26504
21
-3.7349
0
LINE
8
BLACK
6
CONTINUOUS
10
5.26504
20
-3.7349
11
5.26065
21
-3.73266
0
LINE
8
BLACK
6
CONTINUOUS
10
5.26065
20
-3.73266
11
5.25775
21
-3.72976
0
LINE
8
BLACK
6
CONTINUOUS
10
5.25775
20
-3.72976
11
5.18998
21
-3.72976
0
LINE
8
BLACK
6
CONTINUOUS
10
5.18998
20
-3.72976
11
4.8964
21
-4.02334
0
LINE
8
BLACK
6
CONTINUOUS
10
4.8964
20
-4.02334
11
4.89665
21
-4.02492
0
LINE
8
BLACK
6
CONTINUOUS
10
4.89665
20
-4.02492
11
4.89588
21
-4.02979
0
LINE
8
BLACK
6
CONTINUOUS
10
4.89588
20
-4.02979
11
4.89364
21
-4.03418
0
LINE
8
BLACK
6
CONTINUOUS
10
4.89364
20
-4.03418
11
4.89016
21
-4.03766
0
LINE
8
BLACK
6
CONTINUOUS
10
4.89016
20
-4.03766
11
4.88577
21
-4.0399
0
LINE
8
BLACK
6
CONTINUOUS
10
4.88577
20
-4.0399
11
4.8809
21
-4.04067
0
LINE
8
BLACK
6
CONTINUOUS
10
4.8809
20
-4.04067
11
4.87604
21
-4.0399
0
LINE
8
BLACK
6
CONTINUOUS
10
4.87604
20
-4.0399
11
4.87165
21
-4.03766
0
LINE
8
BLACK
6
CONTINUOUS
10
4.87165
20
-4.03766
11
4.86816
21
-4.03418
0
LINE
8
BLACK
6
CONTINUOUS
10
4.86816
20
-4.03418
11
4.86592
21
-4.02979
0
LINE
8
BLACK
6
CONTINUOUS
10
4.86592
20
-4.02979
11
4.86515
21
-4.02492
0
LINE
8
BLACK
6
CONTINUOUS
10
4.86515
20
-4.02492
11
4.86592
21
-4.02005
0
LINE
8
BLACK
6
CONTINUOUS
10
4.86592
20
-4.02005
11
4.86816
21
-4.01566
0
LINE
8
BLACK
6
CONTINUOUS
10
4.86816
20
-4.01566
11
4.87165
21
-4.01218
0
LINE
8
BLACK
6
CONTINUOUS
10
4.87165
20
-4.01218
11
4.87604
21
-4.00994
0
LINE
8
BLACK
6
CONTINUOUS
10
4.87604
20
-4.00994
11
4.8809
21
-4.00917
0
LINE
8
BLACK
6
CONTINUOUS
10
4.8809
20
-4.00917
11
4.88248
21
-4.00942
0
LINE
8
BLACK
6
CONTINUOUS
10
4.88248
20
-4.00942
11
5.17894
21
-3.71296
0
LINE
8
BLACK
6
CONTINUOUS
10
5.17894
20
-3.71296
11
5.17894
21
-3.71296
0
LINE
8
BLACK
6
CONTINUOUS
10
5.17894
20
-3.71296
11
5.18213
21
-3.71083
0
LINE
8
BLACK
6
CONTINUOUS
10
5.18213
20
-3.71083
11
5.1859
21
-3.71008
0
LINE
8
BLACK
6
CONTINUOUS
10
5.1859
20
-3.71008
11
5.25775
21
-3.71008
0
LINE
8
BLACK
6
CONTINUOUS
10
5.25775
20
-3.71008
11
5.26065
21
-3.70718
0
LINE
8
BLACK
6
CONTINUOUS
10
5.26065
20
-3.70718
11
5.26504
21
-3.70494
0
LINE
8
BLACK
6
CONTINUOUS
10
5.26504
20
-3.70494
11
5.2699
21
-3.70417
0
LINE
8
BLACK
6
CONTINUOUS
10
5.2699
20
-3.70417
11
5.27477
21
-3.70494
0
LINE
8
BLACK
6
CONTINUOUS
10
5.06977
20
-3.92494
11
5.07416
21
-3.92718
0
LINE
8
BLACK
6
CONTINUOUS
10
5.07416
20
-3.92718
11
5.07764
21
-3.93066
0
LINE
8
BLACK
6
CONTINUOUS
10
5.07764
20
-3.93066
11
5.07988
21
-3.93505
0
LINE
8
BLACK
6
CONTINUOUS
10
5.07988
20
-3.93505
11
5.08065
21
-3.93992
0
LINE
8
BLACK
6
CONTINUOUS
10
5.08065
20
-3.93992
11
5.07988
21
-3.94479
0
LINE
8
BLACK
6
CONTINUOUS
10
5.07988
20
-3.94479
11
5.07764
21
-3.94918
0
LINE
8
BLACK
6
CONTINUOUS
10
5.07764
20
-3.94918
11
5.07416
21
-3.95266
0
LINE
8
BLACK
6
CONTINUOUS
10
5.07416
20
-3.95266
11
5.06977
21
-3.9549
0
LINE
8
BLACK
6
CONTINUOUS
10
5.06977
20
-3.9549
11
5.0649
21
-3.95567
0
LINE
8
BLACK
6
CONTINUOUS
10
5.0649
20
-3.95567
11
5.06004
21
-3.9549
0
LINE
8
BLACK
6
CONTINUOUS
10
5.06004
20
-3.9549
11
5.05565
21
-3.95266
0
LINE
8
BLACK
6
CONTINUOUS
10
5.05565
20
-3.95266
11
5.05216
21
-3.94918
0
LINE
8
BLACK
6
CONTINUOUS
10
5.05216
20
-3.94918
11
5.04992
21
-3.94479
0
LINE
8
BLACK
6
CONTINUOUS
10
5.04992
20
-3.94479
11
5.04915
21
-3.93992
0
LINE
8
BLACK
6
CONTINUOUS
10
5.04915
20
-3.93992
11
5.04992
21
-3.93505
0
LINE
8
BLACK
6
CONTINUOUS
10
5.04992
20
-3.93505
11
5.05216
21
-3.93066
0
LINE
8
BLACK
6
CONTINUOUS
10
5.05216
20
-3.93066
11
5.05565
21
-3.92718
0
LINE
8
BLACK
6
CONTINUOUS
10
5.05565
20
-3.92718
11
5.06004
21
-3.92494
0
LINE
8
BLACK
6
CONTINUOUS
10
5.06004
20
-3.92494
11
5.0649
21
-3.92417
0
LINE
8
BLACK
6
CONTINUOUS
10
5.0649
20
-3.92417
11
5.06977
21
-3.92494
0
LINE
8
BLACK
6
CONTINUOUS
10
5.18977
20
-3.34994
11
5.19416
21
-3.35218
0
LINE
8
BLACK
6
CONTINUOUS
10
5.19416
20
-3.35218
11
5.19764
21
-3.35566
0
LINE
8
BLACK
6
CONTINUOUS
10
5.19764
20
-3.35566
11
5.19988
21
-3.36005
0
LINE
8
BLACK
6
CONTINUOUS
10
5.19988
20
-3.36005
11
5.20065
21
-3.36492
0
LINE
8
BLACK
6
CONTINUOUS
10
5.20065
20
-3.36492
11
5.2004
21
-3.3665
0
LINE
8
BLACK
6
CONTINUOUS
10
5.2004
20
-3.3665
11
5.33442
21
-3.50052
0
LINE
8
BLACK
6
CONTINUOUS
10
5.33442
20
-3.50052
11
5.33442
21
-3.50052
0
LINE
8
BLACK
6
CONTINUOUS
10
5.33442
20
-3.50052
11
5.33655
21
-3.50371
0
LINE
8
BLACK
6
CONTINUOUS
10
5.33655
20
-3.50371
11
5.3373
21
-3.50748
0
LINE
8
BLACK
6
CONTINUOUS
10
5.3373
20
-3.50748
11
5.3373
21
-3.54777
0
LINE
8
BLACK
6
CONTINUOUS
10
5.3373
20
-3.54777
11
5.3402
21
-3.55066
0
LINE
8
BLACK
6
CONTINUOUS
10
5.3402
20
-3.55066
11
5.34244
21
-3.55505
0
LINE
8
BLACK
6
CONTINUOUS
10
5.34244
20
-3.55505
11
5.34321
21
-3.55992
0
LINE
8
BLACK
6
CONTINUOUS
10
5.34321
20
-3.55992
11
5.34244
21
-3.56479
0
LINE
8
BLACK
6
CONTINUOUS
10
5.34244
20
-3.56479
11
5.3402
21
-3.56918
0
LINE
8
BLACK
6
CONTINUOUS
10
5.3402
20
-3.56918
11
5.33672
21
-3.57266
0
LINE
8
BLACK
6
CONTINUOUS
10
5.33672
20
-3.57266
11
5.33233
21
-3.5749
0
LINE
8
BLACK
6
CONTINUOUS
10
5.33233
20
-3.5749
11
5.32746
21
-3.57567
0
LINE
8
BLACK
6
CONTINUOUS
10
5.32746
20
-3.57567
11
5.32259
21
-3.5749
0
LINE
8
BLACK
6
CONTINUOUS
10
5.32259
20
-3.5749
11
5.3182
21
-3.57266
0
LINE
8
BLACK
6
CONTINUOUS
10
5.3182
20
-3.57266
11
5.31531
21
-3.56976
0
LINE
8
BLACK
6
CONTINUOUS
10
5.31531
20
-3.56976
11
5.17603
21
-3.56976
0
LINE
8
BLACK
6
CONTINUOUS
10
5.17603
20
-3.56976
11
5.17365
21
-3.57215
0
LINE
8
BLACK
6
CONTINUOUS
10
5.17365
20
-3.57215
11
5.16926
21
-3.57439
0
LINE
8
BLACK
6
CONTINUOUS
10
5.16926
20
-3.57439
11
5.16439
21
-3.57516
0
LINE
8
BLACK
6
CONTINUOUS
10
5.16439
20
-3.57516
11
5.15952
21
-3.57439
0
LINE
8
BLACK
6
CONTINUOUS
10
5.15952
20
-3.57439
11
5.15513
21
-3.57215
0
LINE
8
BLACK
6
CONTINUOUS
10
5.15513
20
-3.57215
11
5.15165
21
-3.56867
0
LINE
8
BLACK
6
CONTINUOUS
10
5.15165
20
-3.56867
11
5.14941
21
-3.56428
0
LINE
8
BLACK
6
CONTINUOUS
10
5.14941
20
-3.56428
11
5.14864
21
-3.55941
0
LINE
8
BLACK
6
CONTINUOUS
10
5.14864
20
-3.55941
11
5.14941
21
-3.55454
0
LINE
8
BLACK
6
CONTINUOUS
10
5.14941
20
-3.55454
11
5.15165
21
-3.55015
0
LINE
8
BLACK
6
CONTINUOUS
10
5.15165
20
-3.55015
11
5.15513
21
-3.54667
0
LINE
8
BLACK
6
CONTINUOUS
10
5.15513
20
-3.54667
11
5.15952
21
-3.54443
0
LINE
8
BLACK
6
CONTINUOUS
10
5.15952
20
-3.54443
11
5.16439
21
-3.54366
0
LINE
8
BLACK
6
CONTINUOUS
10
5.16439
20
-3.54366
11
5.16926
21
-3.54443
0
LINE
8
BLACK
6
CONTINUOUS
10
5.16926
20
-3.54443
11
5.17365
21
-3.54667
0
LINE
8
BLACK
6
CONTINUOUS
10
5.17365
20
-3.54667
11
5.17706
21
-3.55008
0
LINE
8
BLACK
6
CONTINUOUS
10
5.17706
20
-3.55008
11
5.31531
21
-3.55008
0
LINE
8
BLACK
6
CONTINUOUS
10
5.31531
20
-3.55008
11
5.31762
21
-3.54777
0
LINE
8
BLACK
6
CONTINUOUS
10
5.31762
20
-3.54777
11
5.31762
21
-3.51156
0
LINE
8
BLACK
6
CONTINUOUS
10
5.31762
20
-3.51156
11
5.18648
21
-3.38042
0
LINE
8
BLACK
6
CONTINUOUS
10
5.18648
20
-3.38042
11
5.1849
21
-3.38067
0
LINE
8
BLACK
6
CONTINUOUS
10
5.1849
20
-3.38067
11
5.18004
21
-3.3799
0
LINE
8
BLACK
6
CONTINUOUS
10
5.18004
20
-3.3799
11
5.17565
21
-3.37766
0
LINE
8
BLACK
6
CONTINUOUS
10
5.17565
20
-3.37766
11
5.17216
21
-3.37418
0
LINE
8
BLACK
6
CONTINUOUS
10
5.17216
20
-3.37418
11
5.16992
21
-3.36979
0
LINE
8
BLACK
6
CONTINUOUS
10
5.16992
20
-3.36979
11
5.16915
21
-3.36492
0
LINE
8
BLACK
6
CONTINUOUS
10
5.16915
20
-3.36492
11
5.16992
21
-3.36005
0
LINE
8
BLACK
6
CONTINUOUS
10
5.16992
20
-3.36005
11
5.17216
21
-3.35566
0
LINE
8
BLACK
6
CONTINUOUS
10
5.17216
20
-3.35566
11
5.17565
21
-3.35218
0
LINE
8
BLACK
6
CONTINUOUS
10
5.17565
20
-3.35218
11
5.18004
21
-3.34994
0
LINE
8
BLACK
6
CONTINUOUS
10
5.18004
20
-3.34994
11
5.1849
21
-3.34917
0
LINE
8
BLACK
6
CONTINUOUS
10
5.1849
20
-3.34917
11
5.18977
21
-3.34994
0
LINE
8
BLACK
6
CONTINUOUS
10
5.22922
20
-3.26136
11
5.23361
21
-3.2636
0
LINE
8
BLACK
6
CONTINUOUS
10
5.23361
20
-3.2636
11
5.23709
21
-3.26708
0
LINE
8
BLACK
6
CONTINUOUS
10
5.23709
20
-3.26708
11
5.23933
21
-3.27147
0
LINE
8
BLACK
6
CONTINUOUS
10
5.23933
20
-3.27147
11
5.2401
21
-3.27634
0
LINE
8
BLACK
6
CONTINUOUS
10
5.2401
20
-3.27634
11
5.23985
21
-3.27792
0
LINE
8
BLACK
6
CONTINUOUS
10
5.23985
20
-3.27792
11
5.3195
21
-3.35757
0
LINE
8
BLACK
6
CONTINUOUS
10
5.3195
20
-3.35757
11
5.3195
21
-3.35757
0
LINE
8
BLACK
6
CONTINUOUS
10
5.3195
20
-3.35757
11
5.32163
21
-3.36076
0
LINE
8
BLACK
6
CONTINUOUS
10
5.32163
20
-3.36076
11
5.32238
21
-3.36453
0
LINE
8
BLACK
6
CONTINUOUS
10
5.32238
20
-3.36453
11
5.32238
21
-3.37993
0
LINE
8
BLACK
6
CONTINUOUS
10
5.32238
20
-3.37993
11
5.32528
21
-3.38283
0
LINE
8
BLACK
6
CONTINUOUS
10
5.32528
20
-3.38283
11
5.32752
21
-3.38722
0
LINE
8
BLACK
6
CONTINUOUS
10
5.32752
20
-3.38722
11
5.32829
21
-3.39209
0
LINE
8
BLACK
6
CONTINUOUS
10
5.32829
20
-3.39209
11
5.32752
21
-3.39695
0
LINE
8
BLACK
6
CONTINUOUS
10
5.32752
20
-3.39695
11
5.32528
21
-3.40134
0
LINE
8
BLACK
6
CONTINUOUS
10
5.32528
20
-3.40134
11
5.3218
21
-3.40483
0
LINE
8
BLACK
6
CONTINUOUS
10
5.3218
20
-3.40483
11
5.31741
21
-3.40706
0
LINE
8
BLACK
6
CONTINUOUS
10
5.31741
20
-3.40706
11
5.31254
21
-3.40783
0
LINE
8
BLACK
6
CONTINUOUS
10
5.31254
20
-3.40783
11
5.30767
21
-3.40706
0
LINE
8
BLACK
6
CONTINUOUS
10
5.30767
20
-3.40706
11
5.30328
21
-3.40483
0
LINE
8
BLACK
6
CONTINUOUS
10
5.30328
20
-3.40483
11
5.2998
21
-3.40134
0
LINE
8
BLACK
6
CONTINUOUS
10
5.2998
20
-3.40134
11
5.29756
21
-3.39695
0
LINE
8
BLACK
6
CONTINUOUS
10
5.29756
20
-3.39695
11
5.29679
21
-3.39209
0
LINE
8
BLACK
6
CONTINUOUS
10
5.29679
20
-3.39209
11
5.29756
21
-3.38722
0
LINE
8
BLACK
6
CONTINUOUS
10
5.29756
20
-3.38722
11
5.2998
21
-3.38283
0
LINE
8
BLACK
6
CONTINUOUS
10
5.2998
20
-3.38283
11
5.3027
21
-3.37993
0
LINE
8
BLACK
6
CONTINUOUS
10
5.3027
20
-3.37993
11
5.3027
21
-3.3686
0
LINE
8
BLACK
6
CONTINUOUS
10
5.3027
20
-3.3686
11
5.22593
21
-3.29184
0
LINE
8
BLACK
6
CONTINUOUS
10
5.22593
20
-3.29184
11
5.22435
21
-3.29209
0
LINE
8
BLACK
6
CONTINUOUS
10
5.22435
20
-3.29209
11
5.21948
21
-3.29132
0
LINE
8
BLACK
6
CONTINUOUS
10
5.21948
20
-3.29132
11
5.21509
21
-3.28908
0
LINE
8
BLACK
6
CONTINUOUS
10
5.21509
20
-3.28908
11
5.21161
21
-3.2856
0
LINE
8
BLACK
6
CONTINUOUS
10
5.21161
20
-3.2856
11
5.20937
21
-3.2812
0
LINE
8
BLACK
6
CONTINUOUS
10
5.20937
20
-3.2812
11
5.2086
21
-3.27634
0
LINE
8
BLACK
6
CONTINUOUS
10
5.2086
20
-3.27634
11
5.20937
21
-3.27147
0
LINE
8
BLACK
6
CONTINUOUS
10
5.20937
20
-3.27147
11
5.21161
21
-3.26708
0
LINE
8
BLACK
6
CONTINUOUS
10
5.21161
20
-3.26708
11
5.21509
21
-3.2636
0
LINE
8
BLACK
6
CONTINUOUS
10
5.21509
20
-3.2636
11
5.21948
21
-3.26136
0
LINE
8
BLACK
6
CONTINUOUS
10
5.21948
20
-3.26136
11
5.22435
21
-3.26059
0
LINE
8
BLACK
6
CONTINUOUS
10
5.22435
20
-3.26059
11
5.22922
21
-3.26136
0
LINE
8
BLACK
6
CONTINUOUS
10
5.2763
20
-3.24936
11
5.28069
21
-3.2516
0
LINE
8
BLACK
6
CONTINUOUS
10
5.28069
20
-3.2516
11
5.28418
21
-3.25508
0
LINE
8
BLACK
6
CONTINUOUS
10
5.28418
20
-3.25508
11
5.28641
21
-3.25947
0
LINE
8
BLACK
6
CONTINUOUS
10
5.28641
20
-3.25947
11
5.28719
21
-3.26434
0
LINE
8
BLACK
6
CONTINUOUS
10
5.28719
20
-3.26434
11
5.28641
21
-3.26921
0
LINE
8
BLACK
6
CONTINUOUS
10
5.28641
20
-3.26921
11
5.28418
21
-3.2736
0
LINE
8
BLACK
6
CONTINUOUS
10
5.28418
20
-3.2736
11
5.28069
21
-3.27708
0
LINE
8
BLACK
6
CONTINUOUS
10
5.28069
20
-3.27708
11
5.2763
21
-3.27932
0
LINE
8
BLACK
6
CONTINUOUS
10
5.2763
20
-3.27932
11
5.27144
21
-3.28009
0
LINE
8
BLACK
6
CONTINUOUS
10
5.27144
20
-3.28009
11
5.26657
21
-3.27932
0
LINE
8
BLACK
6
CONTINUOUS
10
5.26657
20
-3.27932
11
5.26218
21
-3.27708
0
LINE
8
BLACK
6
CONTINUOUS
10
5.26218
20
-3.27708
11
5.2587
21
-3.2736
0
LINE
8
BLACK
6
CONTINUOUS
10
5.2587
20
-3.2736
11
5.25646
21
-3.26921
0
LINE
8
BLACK
6
CONTINUOUS
10
5.25646
20
-3.26921
11
5.25569
21
-3.26434
0
LINE
8
BLACK
6
CONTINUOUS
10
5.25569
20
-3.26434
11
5.25646
21
-3.25947
0
LINE
8
BLACK
6
CONTINUOUS
10
5.25646
20
-3.25947
11
5.2587
21
-3.25508
0
LINE
8
BLACK
6
CONTINUOUS
10
5.2587
20
-3.25508
11
5.26218
21
-3.2516
0
LINE
8
BLACK
6
CONTINUOUS
10
5.26218
20
-3.2516
11
5.26657
21
-3.24936
0
LINE
8
BLACK
6
CONTINUOUS
10
5.26657
20
-3.24936
11
5.27144
21
-3.24859
0
LINE
8
BLACK
6
CONTINUOUS
10
5.27144
20
-3.24859
11
5.2763
21
-3.24936
0
LINE
8
BLACK
6
CONTINUOUS
10
5.34477
20
-3.14994
11
5.34916
21
-3.15218
0
LINE
8
BLACK
6
CONTINUOUS
10
5.34916
20
-3.15218
11
5.35264
21
-3.15566
0
LINE
8
BLACK
6
CONTINUOUS
10
5.35264
20
-3.15566
11
5.35488
21
-3.16005
0
LINE
8
BLACK
6
CONTINUOUS
10
5.35488
20
-3.16005
11
5.35565
21
-3.16492
0
LINE
8
BLACK
6
CONTINUOUS
10
5.35565
20
-3.16492
11
5.35488
21
-3.16979
0
LINE
8
BLACK
6
CONTINUOUS
10
5.35488
20
-3.16979
11
5.35264
21
-3.17418
0
LINE
8
BLACK
6
CONTINUOUS
10
5.35264
20
-3.17418
11
5.34916
21
-3.17766
0
LINE
8
BLACK
6
CONTINUOUS
10
5.34916
20
-3.17766
11
5.34477
21
-3.1799
0
LINE
8
BLACK
6
CONTINUOUS
10
5.34477
20
-3.1799
11
5.3399
21
-3.18067
0
LINE
8
BLACK
6
CONTINUOUS
10
5.3399
20
-3.18067
11
5.33504
21
-3.1799
0
LINE
8
BLACK
6
CONTINUOUS
10
5.33504
20
-3.1799
11
5.33065
21
-3.17766
0
LINE
8
BLACK
6
CONTINUOUS
10
5.33065
20
-3.17766
11
5.32716
21
-3.17418
0
LINE
8
BLACK
6
CONTINUOUS
10
5.32716
20
-3.17418
11
5.32492
21
-3.16979
0
LINE
8
BLACK
6
CONTINUOUS
10
5.32492
20
-3.16979
11
5.32415
21
-3.16492
0
LINE
8
BLACK
6
CONTINUOUS
10
5.32415
20
-3.16492
11
5.32492
21
-3.16005
0
LINE
8
BLACK
6
CONTINUOUS
10
5.32492
20
-3.16005
11
5.32716
21
-3.15566
0
LINE
8
BLACK
6
CONTINUOUS
10
5.32716
20
-3.15566
11
5.33065
21
-3.15218
0
LINE
8
BLACK
6
CONTINUOUS
10
5.33065
20
-3.15218
11
5.33504
21
-3.14994
0
LINE
8
BLACK
6
CONTINUOUS
10
5.33504
20
-3.14994
11
5.3399
21
-3.14917
0
LINE
8
BLACK
6
CONTINUOUS
10
5.3399
20
-3.14917
11
5.34477
21
-3.14994
0
LINE
8
BLACK
6
CONTINUOUS
10
5.39977
20
-3.14994
11
5.40416
21
-3.15218
0
LINE
8
BLACK
6
CONTINUOUS
10
5.40416
20
-3.15218
11
5.40764
21
-3.15566
0
LINE
8
BLACK
6
CONTINUOUS
10
5.40764
20
-3.15566
11
5.40988
21
-3.16005
0
LINE
8
BLACK
6
CONTINUOUS
10
5.40988
20
-3.16005
11
5.41065
21
-3.16492
0
LINE
8
BLACK
6
CONTINUOUS
10
5.41065
20
-3.16492
11
5.40988
21
-3.16979
0
LINE
8
BLACK
6
CONTINUOUS
10
5.40988
20
-3.16979
11
5.40764
21
-3.17418
0
LINE
8
BLACK
6
CONTINUOUS
10
5.40764
20
-3.17418
11
5.40416
21
-3.17766
0
LINE
8
BLACK
6
CONTINUOUS
10
5.40416
20
-3.17766
11
5.39977
21
-3.1799
0
LINE
8
BLACK
6
CONTINUOUS
10
5.39977
20
-3.1799
11
5.3949
21
-3.18067
0
LINE
8
BLACK
6
CONTINUOUS
10
5.3949
20
-3.18067
11
5.39004
21
-3.1799
0
LINE
8
BLACK
6
CONTINUOUS
10
5.39004
20
-3.1799
11
5.38565
21
-3.17766
0
LINE
8
BLACK
6
CONTINUOUS
10
5.38565
20
-3.17766
11
5.38216
21
-3.17418
0
LINE
8
BLACK
6
CONTINUOUS
10
5.38216
20
-3.17418
11
5.37992
21
-3.16979
0
LINE
8
BLACK
6
CONTINUOUS
10
5.37992
20
-3.16979
11
5.37915
21
-3.16492
0
LINE
8
BLACK
6
CONTINUOUS
10
5.37915
20
-3.16492
11
5.37992
21
-3.16005
0
LINE
8
BLACK
6
CONTINUOUS
10
5.37992
20
-3.16005
11
5.38216
21
-3.15566
0
LINE
8
BLACK
6
CONTINUOUS
10
5.38216
20
-3.15566
11
5.38565
21
-3.15218
0
LINE
8
BLACK
6
CONTINUOUS
10
5.38565
20
-3.15218
11
5.39004
21
-3.14994
0
LINE
8
BLACK
6
CONTINUOUS
10
5.39004
20
-3.14994
11
5.3949
21
-3.14917
0
LINE
8
BLACK
6
CONTINUOUS
10
5.3949
20
-3.14917
11
5.39977
21
-3.14994
0
LINE
8
BLACK
6
CONTINUOUS
10
5.45977
20
-3.14994
11
5.46416
21
-3.15218
0
LINE
8
BLACK
6
CONTINUOUS
10
5.46416
20
-3.15218
11
5.46764
21
-3.15566
0
LINE
8
BLACK
6
CONTINUOUS
10
5.46764
20
-3.15566
11
5.46988
21
-3.16005
0
LINE
8
BLACK
6
CONTINUOUS
10
5.46988
20
-3.16005
11
5.47065
21
-3.16492
0
LINE
8
BLACK
6
CONTINUOUS
10
5.47065
20
-3.16492
11
5.46988
21
-3.16979
0
LINE
8
BLACK
6
CONTINUOUS
10
5.46988
20
-3.16979
11
5.46764
21
-3.17418
0
LINE
8
BLACK
6
CONTINUOUS
10
5.46764
20
-3.17418
11
5.46416
21
-3.17766
0
LINE
8
BLACK
6
CONTINUOUS
10
5.46416
20
-3.17766
11
5.45977
21
-3.1799
0
LINE
8
BLACK
6
CONTINUOUS
10
5.45977
20
-3.1799
11
5.4549
21
-3.18067
0
LINE
8
BLACK
6
CONTINUOUS
10
5.4549
20
-3.18067
11
5.45004
21
-3.1799
0
LINE
8
BLACK
6
CONTINUOUS
10
5.45004
20
-3.1799
11
5.44565
21
-3.17766
0
LINE
8
BLACK
6
CONTINUOUS
10
5.44565
20
-3.17766
11
5.44216
21
-3.17418
0
LINE
8
BLACK
6
CONTINUOUS
10
5.44216
20
-3.17418
11
5.43992
21
-3.16979
0
LINE
8
BLACK
6
CONTINUOUS
10
5.43992
20
-3.16979
11
5.43915
21
-3.16492
0
LINE
8
BLACK
6
CONTINUOUS
10
5.43915
20
-3.16492
11
5.43992
21
-3.16005
0
LINE
8
BLACK
6
CONTINUOUS
10
5.43992
20
-3.16005
11
5.44216
21
-3.15566
0
LINE
8
BLACK
6
CONTINUOUS
10
5.44216
20
-3.15566
11
5.44565
21
-3.15218
0
LINE
8
BLACK
6
CONTINUOUS
10
5.44565
20
-3.15218
11
5.45004
21
-3.14994
0
LINE
8
BLACK
6
CONTINUOUS
10
5.45004
20
-3.14994
11
5.4549
21
-3.14917
0
LINE
8
BLACK
6
CONTINUOUS
10
5.4549
20
-3.14917
11
5.45977
21
-3.14994
0
LINE
8
BLACK
6
CONTINUOUS
10
5.27977
20
-3.09994
11
5.28416
21
-3.10218
0
LINE
8
BLACK
6
CONTINUOUS
10
5.28416
20
-3.10218
11
5.28706
21
-3.10508
0
LINE
8
BLACK
6
CONTINUOUS
10
5.28706
20
-3.10508
11
5.5499
21
-3.10508
0
LINE
8
BLACK
6
CONTINUOUS
10
5.5499
20
-3.10508
11
5.55367
21
-3.10583
0
LINE
8
BLACK
6
CONTINUOUS
10
5.55367
20
-3.10583
11
5.55686
21
-3.10796
0
LINE
8
BLACK
6
CONTINUOUS
10
5.55686
20
-3.10796
11
5.58714
21
-3.13824
0
LINE
8
BLACK
6
CONTINUOUS
10
5.58714
20
-3.13824
11
5.58872
21
-3.13799
0
LINE
8
BLACK
6
CONTINUOUS
10
5.58872
20
-3.13799
11
5.59359
21
-3.13876
0
LINE
8
BLACK
6
CONTINUOUS
10
5.59359
20
-3.13876
11
5.59798
21
-3.141
0
LINE
8
BLACK
6
CONTINUOUS
10
5.59798
20
-3.141
11
5.60146
21
-3.14448
0
LINE
8
BLACK
6
CONTINUOUS
10
5.60146
20
-3.14448
11
5.6037
21
-3.14887
0
LINE
8
BLACK
6
CONTINUOUS
10
5.6037
20
-3.14887
11
5.60447
21
-3.15374
0
LINE
8
BLACK
6
CONTINUOUS
10
5.60447
20
-3.15374
11
5.6037
21
-3.15861
0
LINE
8
BLACK
6
CONTINUOUS
10
5.6037
20
-3.15861
11
5.60146
21
-3.163
0
LINE
8
BLACK
6
CONTINUOUS
10
5.60146
20
-3.163
11
5.59798
21
-3.16648
0
LINE
8
BLACK
6
CONTINUOUS
10
5.59798
20
-3.16648
11
5.59359
21
-3.16872
0
LINE
8
BLACK
6
CONTINUOUS
10
5.59359
20
-3.16872
11
5.58872
21
-3.16949
0
LINE
8
BLACK
6
CONTINUOUS
10
5.58872
20
-3.16949
11
5.58385
21
-3.16872
0
LINE
8
BLACK
6
CONTINUOUS
10
5.58385
20
-3.16872
11
5.57946
21
-3.16648
0
LINE
8
BLACK
6
CONTINUOUS
10
5.57946
20
-3.16648
11
5.57598
21
-3.163
0
LINE
8
BLACK
6
CONTINUOUS
10
5.57598
20
-3.163
11
5.57374
21
-3.15861
0
LINE
8
BLACK
6
CONTINUOUS
10
5.57374
20
-3.15861
11
5.57297
21
-3.15374
0
LINE
8
BLACK
6
CONTINUOUS
10
5.57297
20
-3.15374
11
5.57322
21
-3.15216
0
LINE
8
BLACK
6
CONTINUOUS
10
5.57322
20
-3.15216
11
5.54582
21
-3.12476
0
LINE
8
BLACK
6
CONTINUOUS
10
5.54582
20
-3.12476
11
5.28706
21
-3.12476
0
LINE
8
BLACK
6
CONTINUOUS
10
5.28706
20
-3.12476
11
5.28416
21
-3.12766
0
LINE
8
BLACK
6
CONTINUOUS
10
5.28416
20
-3.12766
11
5.27977
21
-3.1299
0
LINE
8
BLACK
6
CONTINUOUS
10
5.27977
20
-3.1299
11
5.2749
21
-3.13067
0
LINE
8
BLACK
6
CONTINUOUS
10
5.2749
20
-3.13067
11
5.27004
21
-3.1299
0
LINE
8
BLACK
6
CONTINUOUS
10
5.27004
20
-3.1299
11
5.26565
21
-3.12766
0
LINE
8
BLACK
6
CONTINUOUS
10
5.26565
20
-3.12766
11
5.26216
21
-3.12418
0
LINE
8
BLACK
6
CONTINUOUS
10
5.26216
20
-3.12418
11
5.25992
21
-3.11979
0
LINE
8
BLACK
6
CONTINUOUS
10
5.25992
20
-3.11979
11
5.25915
21
-3.11492
0
LINE
8
BLACK
6
CONTINUOUS
10
5.25915
20
-3.11492
11
5.25992
21
-3.11005
0
LINE
8
BLACK
6
CONTINUOUS
10
5.25992
20
-3.11005
11
5.26216
21
-3.10566
0
LINE
8
BLACK
6
CONTINUOUS
10
5.26216
20
-3.10566
11
5.26565
21
-3.10218
0
LINE
8
BLACK
6
CONTINUOUS
10
5.26565
20
-3.10218
11
5.27004
21
-3.09994
0
LINE
8
BLACK
6
CONTINUOUS
10
5.27004
20
-3.09994
11
5.2749
21
-3.09917
0
LINE
8
BLACK
6
CONTINUOUS
10
5.2749
20
-3.09917
11
5.27977
21
-3.09994
0
LINE
8
BLACK
6
CONTINUOUS
10
5.79308
20
-3.15702
11
5.79779
21
-3.16004
0
LINE
8
BLACK
6
CONTINUOUS
10
5.79779
20
-3.16004
11
5.80146
21
-3.16428
0
LINE
8
BLACK
6
CONTINUOUS
10
5.80146
20
-3.16428
11
5.80379
21
-3.16938
0
LINE
8
BLACK
6
CONTINUOUS
10
5.80379
20
-3.16938
11
5.80459
21
-3.17492
0
LINE
8
BLACK
6
CONTINUOUS
10
5.80459
20
-3.17492
11
5.80459
21
-3.46677
0
LINE
8
BLACK
6
CONTINUOUS
10
5.80459
20
-3.46677
11
5.86282
21
-3.525
0
LINE
8
BLACK
6
CONTINUOUS
10
5.86282
20
-3.525
11
5.86408
21
-3.52669
0
LINE
8
BLACK
6
CONTINUOUS
10
5.86408
20
-3.52669
11
5.86546
21
-3.52828
0
LINE
8
BLACK
6
CONTINUOUS
10
5.86546
20
-3.52828
11
5.86576
21
-3.52892
0
LINE
8
BLACK
6
CONTINUOUS
10
5.86576
20
-3.52892
11
5.86618
21
-3.52949
0
LINE
8
BLACK
6
CONTINUOUS
10
5.86618
20
-3.52949
11
5.86691
21
-3.53146
0
LINE
8
BLACK
6
CONTINUOUS
10
5.86691
20
-3.53146
11
5.86779
21
-3.53338
0
LINE
8
BLACK
6
CONTINUOUS
10
5.86779
20
-3.53338
11
5.86789
21
-3.53407
0
LINE
8
BLACK
6
CONTINUOUS
10
5.86789
20
-3.53407
11
5.86814
21
-3.53474
0
LINE
8
BLACK
6
CONTINUOUS
10
5.86814
20
-3.53474
11
5.86829
21
-3.53684
0
LINE
8
BLACK
6
CONTINUOUS
10
5.86829
20
-3.53684
11
5.86859
21
-3.53892
0
LINE
8
BLACK
6
CONTINUOUS
10
5.86859
20
-3.53892
11
5.86859
21
-4.07092
0
LINE
8
BLACK
6
CONTINUOUS
10
5.86859
20
-4.07092
11
5.86829
21
-4.07301
0
LINE
8
BLACK
6
CONTINUOUS
10
5.86829
20
-4.07301
11
5.86814
21
-4.07511
0
LINE
8
BLACK
6
CONTINUOUS
10
5.86814
20
-4.07511
11
5.86789
21
-4.07577
0
LINE
8
BLACK
6
CONTINUOUS
10
5.86789
20
-4.07577
11
5.86779
21
-4.07647
0
LINE
8
BLACK
6
CONTINUOUS
10
5.86779
20
-4.07647
11
5.86691
21
-4.07838
0
LINE
8
BLACK
6
CONTINUOUS
10
5.86691
20
-4.07838
11
5.86618
21
-4.08036
0
LINE
8
BLACK
6
CONTINUOUS
10
5.86618
20
-4.08036
11
5.86576
21
-4.08092
0
LINE
8
BLACK
6
CONTINUOUS
10
5.86576
20
-4.08092
11
5.86546
21
-4.08156
0
LINE
8
BLACK
6
CONTINUOUS
10
5.86546
20
-4.08156
11
5.86408
21
-4.08315
0
LINE
8
BLACK
6
CONTINUOUS
10
5.86408
20
-4.08315
11
5.86282
21
-4.08484
0
LINE
8
BLACK
6
CONTINUOUS
10
5.86282
20
-4.08484
11
5.80882
21
-4.13884
0
LINE
8
BLACK
6
CONTINUOUS
10
5.80882
20
-4.13884
11
5.80434
21
-4.1422
0
LINE
8
BLACK
6
CONTINUOUS
10
5.80434
20
-4.1422
11
5.79909
21
-4.14416
0
LINE
8
BLACK
6
CONTINUOUS
10
5.79909
20
-4.14416
11
5.7935
21
-4.14456
0
LINE
8
BLACK
6
CONTINUOUS
10
5.7935
20
-4.14456
11
5.78802
21
-4.14337
0
LINE
8
BLACK
6
CONTINUOUS
10
5.78802
20
-4.14337
11
5.7831
21
-4.14068
0
LINE
8
BLACK
6
CONTINUOUS
10
5.7831
20
-4.14068
11
5.77914
21
-4.13672
0
LINE
8
BLACK
6
CONTINUOUS
10
5.77914
20
-4.13672
11
5.77646
21
-4.1318
0
LINE
8
BLACK
6
CONTINUOUS
10
5.77646
20
-4.1318
11
5.77527
21
-4.12633
0
LINE
8
BLACK
6
CONTINUOUS
10
5.77527
20
-4.12633
11
5.77567
21
-4.12074
0
LINE
8
BLACK
6
CONTINUOUS
10
5.77567
20
-4.12074
11
5.77762
21
-4.11549
0
LINE
8
BLACK
6
CONTINUOUS
10
5.77762
20
-4.11549
11
5.78098
21
-4.111
0
LINE
8
BLACK
6
CONTINUOUS
10
5.78098
20
-4.111
11
5.82922
21
-4.06277
0
LINE
8
BLACK
6
CONTINUOUS
10
5.82922
20
-4.06277
11
5.82922
21
-3.54708
0
LINE
8
BLACK
6
CONTINUOUS
10
5.82922
20
-3.54708
11
5.77098
21
-3.48884
0
LINE
8
BLACK
6
CONTINUOUS
10
5.77098
20
-3.48884
11
5.76972
21
-3.48716
0
LINE
8
BLACK
6
CONTINUOUS
10
5.76972
20
-3.48716
11
5.76834
21
-3.48556
0
LINE
8
BLACK
6
CONTINUOUS
10
5.76834
20
-3.48556
11
5.76805
21
-3.48492
0
LINE
8
BLACK
6
CONTINUOUS
10
5.76805
20
-3.48492
11
5.76762
21
-3.48436
0
LINE
8
BLACK
6
CONTINUOUS
10
5.76762
20
-3.48436
11
5.76689
21
-3.48238
0
LINE
8
BLACK
6
CONTINUOUS
10
5.76689
20
-3.48238
11
5.76601
21
-3.48047
0
LINE
8
BLACK
6
CONTINUOUS
10
5.76601
20
-3.48047
11
5.76591
21
-3.47977
0
LINE
8
BLACK
6
CONTINUOUS
10
5.76591
20
-3.47977
11
5.76567
21
-3.47911
0
LINE
8
BLACK
6
CONTINUOUS
10
5.76567
20
-3.47911
11
5.76552
21
-3.47701
0
LINE
8
BLACK
6
CONTINUOUS
10
5.76552
20
-3.47701
11
5.76522
21
-3.47492
0
LINE
8
BLACK
6
CONTINUOUS
10
5.76522
20
-3.47492
11
5.76522
21
-3.17492
0
LINE
8
BLACK
6
CONTINUOUS
10
5.76522
20
-3.17492
11
5.76601
21
-3.16938
0
LINE
8
BLACK
6
CONTINUOUS
10
5.76601
20
-3.16938
11
5.76834
21
-3.16428
0
LINE
8
BLACK
6
CONTINUOUS
10
5.76834
20
-3.16428
11
5.77201
21
-3.16004
0
LINE
8
BLACK
6
CONTINUOUS
10
5.77201
20
-3.16004
11
5.77672
21
-3.15702
0
LINE
8
BLACK
6
CONTINUOUS
10
5.77672
20
-3.15702
11
5.7821
21
-3.15544
0
LINE
8
BLACK
6
CONTINUOUS
10
5.7821
20
-3.15544
11
5.7877
21
-3.15544
0
LINE
8
BLACK
6
CONTINUOUS
10
5.7877
20
-3.15544
11
5.79308
21
-3.15702
0
LINE
8
BLACK
6
CONTINUOUS
10
5.5426
20
-3.57321
11
5.54699
21
-3.57545
0
LINE
8
BLACK
6
CONTINUOUS
10
5.54699
20
-3.57545
11
5.55048
21
-3.57893
0
LINE
8
BLACK
6
CONTINUOUS
10
5.55048
20
-3.57893
11
5.55271
21
-3.58332
0
LINE
8
BLACK
6
CONTINUOUS
10
5.55271
20
-3.58332
11
5.55348
21
-3.58819
0
LINE
8
BLACK
6
CONTINUOUS
10
5.55348
20
-3.58819
11
5.55271
21
-3.59306
0
LINE
8
BLACK
6
CONTINUOUS
10
5.55271
20
-3.59306
11
5.55048
21
-3.59745
0
LINE
8
BLACK
6
CONTINUOUS
10
5.55048
20
-3.59745
11
5.54758
21
-3.60034
0
LINE
8
BLACK
6
CONTINUOUS
10
5.54758
20
-3.60034
11
5.54758
21
-3.60265
0
LINE
8
BLACK
6
CONTINUOUS
10
5.54758
20
-3.60265
11
5.76902
21
-3.8241
0
LINE
8
BLACK
6
CONTINUOUS
10
5.76902
20
-3.8241
11
5.77116
21
-3.82729
0
LINE
8
BLACK
6
CONTINUOUS
10
5.77116
20
-3.82729
11
5.77191
21
-3.83106
0
LINE
8
BLACK
6
CONTINUOUS
10
5.77191
20
-3.83106
11
5.77191
21
-3.83106
0
LINE
8
BLACK
6
CONTINUOUS
10
5.77191
20
-3.83106
11
5.77191
21
-3.86493
0
LINE
8
BLACK
6
CONTINUOUS
10
5.77191
20
-3.86493
11
5.77481
21
-3.86783
0
LINE
8
BLACK
6
CONTINUOUS
10
5.77481
20
-3.86783
11
5.77704
21
-3.87222
0
LINE
8
BLACK
6
CONTINUOUS
10
5.77704
20
-3.87222
11
5.77781
21
-3.87708
0
LINE
8
BLACK
6
CONTINUOUS
10
5.77781
20
-3.87708
11
5.77704
21
-3.88195
0
LINE
8
BLACK
6
CONTINUOUS
10
5.77704
20
-3.88195
11
5.77481
21
-3.88634
0
LINE
8
BLACK
6
CONTINUOUS
10
5.77481
20
-3.88634
11
5.77132
21
-3.88983
0
LINE
8
BLACK
6
CONTINUOUS
10
5.77132
20
-3.88983
11
5.76693
21
-3.89206
0
LINE
8
BLACK
6
CONTINUOUS
10
5.76693
20
-3.89206
11
5.76206
21
-3.89283
0
LINE
8
BLACK
6
CONTINUOUS
10
5.76206
20
-3.89283
11
5.7572
21
-3.89206
0
LINE
8
BLACK
6
CONTINUOUS
10
5.7572
20
-3.89206
11
5.75281
21
-3.88983
0
LINE
8
BLACK
6
CONTINUOUS
10
5.75281
20
-3.88983
11
5.74932
21
-3.88634
0
LINE
8
BLACK
6
CONTINUOUS
10
5.74932
20
-3.88634
11
5.74709
21
-3.88195
0
LINE
8
BLACK
6
CONTINUOUS
10
5.74709
20
-3.88195
11
5.74632
21
-3.87708
0
LINE
8
BLACK
6
CONTINUOUS
10
5.74632
20
-3.87708
11
5.74709
21
-3.87222
0
LINE
8
BLACK
6
CONTINUOUS
10
5.74709
20
-3.87222
11
5.74932
21
-3.86783
0
LINE
8
BLACK
6
CONTINUOUS
10
5.74932
20
-3.86783
11
5.75222
21
-3.86493
0
LINE
8
BLACK
6
CONTINUOUS
10
5.75222
20
-3.86493
11
5.75222
21
-3.83514
0
LINE
8
BLACK
6
CONTINUOUS
10
5.75222
20
-3.83514
11
5.53078
21
-3.61369
0
LINE
8
BLACK
6
CONTINUOUS
10
5.53078
20
-3.61369
11
5.52864
21
-3.6105
0
LINE
8
BLACK
6
CONTINUOUS
10
5.52864
20
-3.6105
11
5.52789
21
-3.60673
0
LINE
8
BLACK
6
CONTINUOUS
10
5.52789
20
-3.60673
11
5.52789
21
-3.60034
0
LINE
8
BLACK
6
CONTINUOUS
10
5.52789
20
-3.60034
11
5.52499
21
-3.59745
0
LINE
8
BLACK
6
CONTINUOUS
10
5.52499
20
-3.59745
11
5.52276
21
-3.59306
0
LINE
8
BLACK
6
CONTINUOUS
10
5.52276
20
-3.59306
11
5.52199
21
-3.58819
0
LINE
8
BLACK
6
CONTINUOUS
10
5.52199
20
-3.58819
11
5.52276
21
-3.58332
0
LINE
8
BLACK
6
CONTINUOUS
10
5.52276
20
-3.58332
11
5.52499
21
-3.57893
0
LINE
8
BLACK
6
CONTINUOUS
10
5.52499
20
-3.57893
11
5.52848
21
-3.57545
0
LINE
8
BLACK
6
CONTINUOUS
10
5.52848
20
-3.57545
11
5.53287
21
-3.57321
0
LINE
8
BLACK
6
CONTINUOUS
10
5.53287
20
-3.57321
11
5.53774
21
-3.57244
0
LINE
8
BLACK
6
CONTINUOUS
10
5.53774
20
-3.57244
11
5.5426
21
-3.57321
0
LINE
8
BLACK
6
CONTINUOUS
10
5.5426
20
-3.53187
11
5.54699
21
-3.53411
0
LINE
8
BLACK
6
CONTINUOUS
10
5.54699
20
-3.53411
11
5.54989
21
-3.53701
0
LINE
8
BLACK
6
CONTINUOUS
10
5.54989
20
-3.53701
11
5.55183
21
-3.53701
0
LINE
8
BLACK
6
CONTINUOUS
10
5.55183
20
-3.53701
11
5.5556
21
-3.53776
0
LINE
8
BLACK
6
CONTINUOUS
10
5.5556
20
-3.53776
11
5.55879
21
-3.53989
0
LINE
8
BLACK
6
CONTINUOUS
10
5.55879
20
-3.53989
11
5.58186
21
-3.56296
0
LINE
8
BLACK
6
CONTINUOUS
10
5.58186
20
-3.56296
11
5.58399
21
-3.56615
0
LINE
8
BLACK
6
CONTINUOUS
10
5.58399
20
-3.56615
11
5.58474
21
-3.56992
0
LINE
8
BLACK
6
CONTINUOUS
10
5.58474
20
-3.56992
11
5.58474
21
-3.60084
0
LINE
8
BLACK
6
CONTINUOUS
10
5.58474
20
-3.60084
11
5.81186
21
-3.82796
0
LINE
8
BLACK
6
CONTINUOUS
10
5.81186
20
-3.82796
11
5.81186
21
-3.82796
0
LINE
8
BLACK
6
CONTINUOUS
10
5.81186
20
-3.82796
11
5.81326
21
-3.83005
0
LINE
8
BLACK
6
CONTINUOUS
10
5.81326
20
-3.83005
11
5.81399
21
-3.83115
0
LINE
8
BLACK
6
CONTINUOUS
10
5.81399
20
-3.83115
11
5.81474
21
-3.83492
0
LINE
8
BLACK
6
CONTINUOUS
10
5.81474
20
-3.83492
11
5.81474
21
-3.83492
0
LINE
8
BLACK
6
CONTINUOUS
10
5.81474
20
-3.83492
11
5.81474
21
-3.85777
0
LINE
8
BLACK
6
CONTINUOUS
10
5.81474
20
-3.85777
11
5.81764
21
-3.86066
0
LINE
8
BLACK
6
CONTINUOUS
10
5.81764
20
-3.86066
11
5.81988
21
-3.86505
0
LINE
8
BLACK
6
CONTINUOUS
10
5.81988
20
-3.86505
11
5.82065
21
-3.86992
0
LINE
8
BLACK
6
CONTINUOUS
10
5.82065
20
-3.86992
11
5.81988
21
-3.87479
0
LINE
8
BLACK
6
CONTINUOUS
10
5.81988
20
-3.87479
11
5.81764
21
-3.87918
0
LINE
8
BLACK
6
CONTINUOUS
10
5.81764
20
-3.87918
11
5.81416
21
-3.88266
0
LINE
8
BLACK
6
CONTINUOUS
10
5.81416
20
-3.88266
11
5.80977
21
-3.8849
0
LINE
8
BLACK
6
CONTINUOUS
10
5.80977
20
-3.8849
11
5.8049
21
-3.88567
0
LINE
8
BLACK
6
CONTINUOUS
10
5.8049
20
-3.88567
11
5.80004
21
-3.8849
0
LINE
8
BLACK
6
CONTINUOUS
10
5.80004
20
-3.8849
11
5.79565
21
-3.88266
0
LINE
8
BLACK
6
CONTINUOUS
10
5.79565
20
-3.88266
11
5.79216
21
-3.87918
0
LINE
8
BLACK
6
CONTINUOUS
10
5.79216
20
-3.87918
11
5.78992
21
-3.87479
0
LINE
8
BLACK
6
CONTINUOUS
10
5.78992
20
-3.87479
11
5.78915
21
-3.86992
0
LINE
8
BLACK
6
CONTINUOUS
10
5.78915
20
-3.86992
11
5.78992
21
-3.86505
0
LINE
8
BLACK
6
CONTINUOUS
10
5.78992
20
-3.86505
11
5.79216
21
-3.86066
0
LINE
8
BLACK
6
CONTINUOUS
10
5.79216
20
-3.86066
11
5.79506
21
-3.85777
0
LINE
8
BLACK
6
CONTINUOUS
10
5.79506
20
-3.85777
11
5.79506
21
-3.839
0
LINE
8
BLACK
6
CONTINUOUS
10
5.79506
20
-3.839
11
5.56794
21
-3.61188
0
LINE
8
BLACK
6
CONTINUOUS
10
5.56794
20
-3.61188
11
5.56581
21
-3.60869
0
LINE
8
BLACK
6
CONTINUOUS
10
5.56581
20
-3.60869
11
5.56506
21
-3.60492
0
LINE
8
BLACK
6
CONTINUOUS
10
5.56506
20
-3.60492
11
5.56506
21
-3.574
0
LINE
8
BLACK
6
CONTINUOUS
10
5.56506
20
-3.574
11
5.54882
21
-3.55776
0
LINE
8
BLACK
6
CONTINUOUS
10
5.54882
20
-3.55776
11
5.54699
21
-3.55959
0
LINE
8
BLACK
6
CONTINUOUS
10
5.54699
20
-3.55959
11
5.5426
21
-3.56183
0
LINE
8
BLACK
6
CONTINUOUS
10
5.5426
20
-3.56183
11
5.53774
21
-3.5626
0
LINE
8
BLACK
6
CONTINUOUS
10
5.53774
20
-3.5626
11
5.53287
21
-3.56183
0
LINE
8
BLACK
6
CONTINUOUS
10
5.53287
20
-3.56183
11
5.52848
21
-3.55959
0
LINE
8
BLACK
6
CONTINUOUS
10
5.52848
20
-3.55959
11
5.52499
21
-3.55611
0
LINE
8
BLACK
6
CONTINUOUS
10
5.52499
20
-3.55611
11
5.52276
21
-3.55172
0
LINE
8
BLACK
6
CONTINUOUS
10
5.52276
20
-3.55172
11
5.52199
21
-3.54685
0
LINE
8
BLACK
6
CONTINUOUS
10
5.52199
20
-3.54685
11
5.52276
21
-3.54198
0
LINE
8
BLACK
6
CONTINUOUS
10
5.52276
20
-3.54198
11
5.52499
21
-3.53759
0
LINE
8
BLACK
6
CONTINUOUS
10
5.52499
20
-3.53759
11
5.52848
21
-3.53411
0
LINE
8
BLACK
6
CONTINUOUS
10
5.52848
20
-3.53411
11
5.53287
21
-3.53187
0
LINE
8
BLACK
6
CONTINUOUS
10
5.53287
20
-3.53187
11
5.53774
21
-3.5311
0
LINE
8
BLACK
6
CONTINUOUS
10
5.53774
20
-3.5311
11
5.5426
21
-3.53187
0
LINE
8
BLACK
6
CONTINUOUS
10
6.4113
20
-4.09053
11
6.41569
21
-4.09277
0
LINE
8
BLACK
6
CONTINUOUS
10
6.41569
20
-4.09277
11
6.41918
21
-4.09626
0
LINE
8
BLACK
6
CONTINUOUS
10
6.41918
20
-4.09626
11
6.42141
21
-4.10065
0
LINE
8
BLACK
6
CONTINUOUS
10
6.42141
20
-4.10065
11
6.42218
21
-4.10551
0
LINE
8
BLACK
6
CONTINUOUS
10
6.42218
20
-4.10551
11
6.42141
21
-4.11038
0
LINE
8
BLACK
6
CONTINUOUS
10
6.42141
20
-4.11038
11
6.41918
21
-4.11477
0
LINE
8
BLACK
6
CONTINUOUS
10
6.41918
20
-4.11477
11
6.41569
21
-4.11825
0
LINE
8
BLACK
6
CONTINUOUS
10
6.41569
20
-4.11825
11
6.4113
21
-4.12049
0
LINE
8
BLACK
6
CONTINUOUS
10
6.4113
20
-4.12049
11
6.40644
21
-4.12126
0
LINE
8
BLACK
6
CONTINUOUS
10
6.40644
20
-4.12126
11
6.40157
21
-4.12049
0
LINE
8
BLACK
6
CONTINUOUS
10
6.40157
20
-4.12049
11
6.39718
21
-4.11825
0
LINE
8
BLACK
6
CONTINUOUS
10
6.39718
20
-4.11825
11
6.3937
21
-4.11477
0
LINE
8
BLACK
6
CONTINUOUS
10
6.3937
20
-4.11477
11
6.39146
21
-4.11038
0
LINE
8
BLACK
6
CONTINUOUS
10
6.39146
20
-4.11038
11
6.39069
21
-4.10551
0
LINE
8
BLACK
6
CONTINUOUS
10
6.39069
20
-4.10551
11
6.39146
21
-4.10065
0
LINE
8
BLACK
6
CONTINUOUS
10
6.39146
20
-4.10065
11
6.3937
21
-4.09626
0
LINE
8
BLACK
6
CONTINUOUS
10
6.3937
20
-4.09626
11
6.39718
21
-4.09277
0
LINE
8
BLACK
6
CONTINUOUS
10
6.39718
20
-4.09277
11
6.40157
21
-4.09053
0
LINE
8
BLACK
6
CONTINUOUS
10
6.40157
20
-4.09053
11
6.40644
21
-4.08976
0
LINE
8
BLACK
6
CONTINUOUS
10
6.40644
20
-4.08976
11
6.4113
21
-4.09053
0
LINE
8
BLACK
6
CONTINUOUS
10
6.33977
20
-3.81994
11
6.34416
21
-3.82218
0
LINE
8
BLACK
6
CONTINUOUS
10
6.34416
20
-3.82218
11
6.34764
21
-3.82566
0
LINE
8
BLACK
6
CONTINUOUS
10
6.34764
20
-3.82566
11
6.34988
21
-3.83005
0
LINE
8
BLACK
6
CONTINUOUS
10
6.34988
20
-3.83005
11
6.35065
21
-3.83492
0
LINE
8
BLACK
6
CONTINUOUS
10
6.35065
20
-3.83492
11
6.34988
21
-3.83979
0
LINE
8
BLACK
6
CONTINUOUS
10
6.34988
20
-3.83979
11
6.34764
21
-3.84418
0
LINE
8
BLACK
6
CONTINUOUS
10
6.34764
20
-3.84418
11
6.34416
21
-3.84766
0
LINE
8
BLACK
6
CONTINUOUS
10
6.34416
20
-3.84766
11
6.33977
21
-3.8499
0
LINE
8
BLACK
6
CONTINUOUS
10
6.33977
20
-3.8499
11
6.3349
21
-3.85067
0
LINE
8
BLACK
6
CONTINUOUS
10
6.3349
20
-3.85067
11
6.33004
21
-3.8499
0
LINE
8
BLACK
6
CONTINUOUS
10
6.33004
20
-3.8499
11
6.32565
21
-3.84766
0
LINE
8
BLACK
6
CONTINUOUS
10
6.32565
20
-3.84766
11
6.32216
21
-3.84418
0
LINE
8
BLACK
6
CONTINUOUS
10
6.32216
20
-3.84418
11
6.31992
21
-3.83979
0
LINE
8
BLACK
6
CONTINUOUS
10
6.31992
20
-3.83979
11
6.31915
21
-3.83492
0
LINE
8
BLACK
6
CONTINUOUS
10
6.31915
20
-3.83492
11
6.31992
21
-3.83005
0
LINE
8
BLACK
6
CONTINUOUS
10
6.31992
20
-3.83005
11
6.32216
21
-3.82566
0
LINE
8
BLACK
6
CONTINUOUS
10
6.32216
20
-3.82566
11
6.32565
21
-3.82218
0
LINE
8
BLACK
6
CONTINUOUS
10
6.32565
20
-3.82218
11
6.33004
21
-3.81994
0
LINE
8
BLACK
6
CONTINUOUS
10
6.33004
20
-3.81994
11
6.3349
21
-3.81917
0
LINE
8
BLACK
6
CONTINUOUS
10
6.3349
20
-3.81917
11
6.33977
21
-3.81994
0
LINE
8
BLACK
6
CONTINUOUS
10
6.28977
20
-3.68994
11
6.29416
21
-3.69218
0
LINE
8
BLACK
6
CONTINUOUS
10
6.29416
20
-3.69218
11
6.29764
21
-3.69566
0
LINE
8
BLACK
6
CONTINUOUS
10
6.29764
20
-3.69566
11
6.29988
21
-3.70005
0
LINE
8
BLACK
6
CONTINUOUS
10
6.29988
20
-3.70005
11
6.30065
21
-3.70492
0
LINE
8
BLACK
6
CONTINUOUS
10
6.30065
20
-3.70492
11
6.29988
21
-3.70979
0
LINE
8
BLACK
6
CONTINUOUS
10
6.29988
20
-3.70979
11
6.29764
21
-3.71418
0
LINE
8
BLACK
6
CONTINUOUS
10
6.29764
20
-3.71418
11
6.29416
21
-3.71766
0
LINE
8
BLACK
6
CONTINUOUS
10
6.29416
20
-3.71766
11
6.28977
21
-3.7199
0
LINE
8
BLACK
6
CONTINUOUS
10
6.28977
20
-3.7199
11
6.2849
21
-3.72067
0
LINE
8
BLACK
6
CONTINUOUS
10
6.2849
20
-3.72067
11
6.28004
21
-3.7199
0
LINE
8
BLACK
6
CONTINUOUS
10
6.28004
20
-3.7199
11
6.27565
21
-3.71766
0
LINE
8
BLACK
6
CONTINUOUS
10
6.27565
20
-3.71766
11
6.27216
21
-3.71418
0
LINE
8
BLACK
6
CONTINUOUS
10
6.27216
20
-3.71418
11
6.26992
21
-3.70979
0
LINE
8
BLACK
6
CONTINUOUS
10
6.26992
20
-3.70979
11
6.26915
21
-3.70492
0
LINE
8
BLACK
6
CONTINUOUS
10
6.26915
20
-3.70492
11
6.26992
21
-3.70005
0
LINE
8
BLACK
6
CONTINUOUS
10
6.26992
20
-3.70005
11
6.27216
21
-3.69566
0
LINE
8
BLACK
6
CONTINUOUS
10
6.27216
20
-3.69566
11
6.27565
21
-3.69218
0
LINE
8
BLACK
6
CONTINUOUS
10
6.27565
20
-3.69218
11
6.28004
21
-3.68994
0
LINE
8
BLACK
6
CONTINUOUS
10
6.28004
20
-3.68994
11
6.2849
21
-3.68917
0
LINE
8
BLACK
6
CONTINUOUS
10
6.2849
20
-3.68917
11
6.28977
21
-3.68994
0
LINE
8
BLACK
6
CONTINUOUS
10
5.75477
20
-3.59994
11
5.75916
21
-3.60218
0
LINE
8
BLACK
6
CONTINUOUS
10
5.75916
20
-3.60218
11
5.76264
21
-3.60566
0
LINE
8
BLACK
6
CONTINUOUS
10
5.76264
20
-3.60566
11
5.76488
21
-3.61005
0
LINE
8
BLACK
6
CONTINUOUS
10
5.76488
20
-3.61005
11
5.76565
21
-3.61492
0
LINE
8
BLACK
6
CONTINUOUS
10
5.76565
20
-3.61492
11
5.76488
21
-3.61979
0
LINE
8
BLACK
6
CONTINUOUS
10
5.76488
20
-3.61979
11
5.76264
21
-3.62418
0
LINE
8
BLACK
6
CONTINUOUS
10
5.76264
20
-3.62418
11
5.75916
21
-3.62766
0
LINE
8
BLACK
6
CONTINUOUS
10
5.75916
20
-3.62766
11
5.75477
21
-3.6299
0
LINE
8
BLACK
6
CONTINUOUS
10
5.75477
20
-3.6299
11
5.7499
21
-3.63067
0
LINE
8
BLACK
6
CONTINUOUS
10
5.7499
20
-3.63067
11
5.74504
21
-3.6299
0
LINE
8
BLACK
6
CONTINUOUS
10
5.74504
20
-3.6299
11
5.74065
21
-3.62766
0
LINE
8
BLACK
6
CONTINUOUS
10
5.74065
20
-3.62766
11
5.73716
21
-3.62418
0
LINE
8
BLACK
6
CONTINUOUS
10
5.73716
20
-3.62418
11
5.73492
21
-3.61979
0
LINE
8
BLACK
6
CONTINUOUS
10
5.73492
20
-3.61979
11
5.73415
21
-3.61492
0
LINE
8
BLACK
6
CONTINUOUS
10
5.73415
20
-3.61492
11
5.73492
21
-3.61005
0
LINE
8
BLACK
6
CONTINUOUS
10
5.73492
20
-3.61005
11
5.73716
21
-3.60566
0
LINE
8
BLACK
6
CONTINUOUS
10
5.73716
20
-3.60566
11
5.74065
21
-3.60218
0
LINE
8
BLACK
6
CONTINUOUS
10
5.74065
20
-3.60218
11
5.74504
21
-3.59994
0
LINE
8
BLACK
6
CONTINUOUS
10
5.74504
20
-3.59994
11
5.7499
21
-3.59917
0
LINE
8
BLACK
6
CONTINUOUS
10
5.7499
20
-3.59917
11
5.75477
21
-3.59994
0
LINE
8
BLACK
6
CONTINUOUS
10
5.78501
20
-3.57474
11
5.7894
21
-3.57698
0
LINE
8
BLACK
6
CONTINUOUS
10
5.7894
20
-3.57698
11
5.79289
21
-3.58046
0
LINE
8
BLACK
6
CONTINUOUS
10
5.79289
20
-3.58046
11
5.79512
21
-3.58485
0
LINE
8
BLACK
6
CONTINUOUS
10
5.79512
20
-3.58485
11
5.79589
21
-3.58972
0
LINE
8
BLACK
6
CONTINUOUS
10
5.79589
20
-3.58972
11
5.79512
21
-3.59458
0
LINE
8
BLACK
6
CONTINUOUS
10
5.79512
20
-3.59458
11
5.79289
21
-3.59897
0
LINE
8
BLACK
6
CONTINUOUS
10
5.79289
20
-3.59897
11
5.7894
21
-3.60246
0
LINE
8
BLACK
6
CONTINUOUS
10
5.7894
20
-3.60246
11
5.78501
21
-3.60469
0
LINE
8
BLACK
6
CONTINUOUS
10
5.78501
20
-3.60469
11
5.78015
21
-3.60547
0
LINE
8
BLACK
6
CONTINUOUS
10
5.78015
20
-3.60547
11
5.77528
21
-3.60469
0
LINE
8
BLACK
6
CONTINUOUS
10
5.77528
20
-3.60469
11
5.77089
21
-3.60246
0
LINE
8
BLACK
6
CONTINUOUS
10
5.77089
20
-3.60246
11
5.76741
21
-3.59897
0
LINE
8
BLACK
6
CONTINUOUS
10
5.76741
20
-3.59897
11
5.76517
21
-3.59458
0
LINE
8
BLACK
6
CONTINUOUS
10
5.76517
20
-3.59458
11
5.7644
21
-3.58972
0
LINE
8
BLACK
6
CONTINUOUS
10
5.7644
20
-3.58972
11
5.76517
21
-3.58485
0
LINE
8
BLACK
6
CONTINUOUS
10
5.76517
20
-3.58485
11
5.76741
21
-3.58046
0
LINE
8
BLACK
6
CONTINUOUS
10
5.76741
20
-3.58046
11
5.77089
21
-3.57698
0
LINE
8
BLACK
6
CONTINUOUS
10
5.77089
20
-3.57698
11
5.77528
21
-3.57474
0
LINE
8
BLACK
6
CONTINUOUS
10
5.77528
20
-3.57474
11
5.78015
21
-3.57397
0
LINE
8
BLACK
6
CONTINUOUS
10
5.78015
20
-3.57397
11
5.78501
21
-3.57474
0
LINE
8
BLACK
6
CONTINUOUS
10
6.25678
20
-3.55695
11
6.26117
21
-3.55919
0
LINE
8
BLACK
6
CONTINUOUS
10
6.26117
20
-3.55919
11
6.26465
21
-3.56267
0
LINE
8
BLACK
6
CONTINUOUS
10
6.26465
20
-3.56267
11
6.26689
21
-3.56706
0
LINE
8
BLACK
6
CONTINUOUS
10
6.26689
20
-3.56706
11
6.26766
21
-3.57193
0
LINE
8
BLACK
6
CONTINUOUS
10
6.26766
20
-3.57193
11
6.26689
21
-3.5768
0
LINE
8
BLACK
6
CONTINUOUS
10
6.26689
20
-3.5768
11
6.26465
21
-3.58119
0
LINE
8
BLACK
6
CONTINUOUS
10
6.26465
20
-3.58119
11
6.26117
21
-3.58467
0
LINE
8
BLACK
6
CONTINUOUS
10
6.26117
20
-3.58467
11
6.25678
21
-3.58691
0
LINE
8
BLACK
6
CONTINUOUS
10
6.25678
20
-3.58691
11
6.25191
21
-3.58768
0
LINE
8
BLACK
6
CONTINUOUS
10
6.25191
20
-3.58768
11
6.24704
21
-3.58691
0
LINE
8
BLACK
6
CONTINUOUS
10
6.24704
20
-3.58691
11
6.24265
21
-3.58467
0
LINE
8
BLACK
6
CONTINUOUS
10
6.24265
20
-3.58467
11
6.23917
21
-3.58119
0
LINE
8
BLACK
6
CONTINUOUS
10
6.23917
20
-3.58119
11
6.23693
21
-3.5768
0
LINE
8
BLACK
6
CONTINUOUS
10
6.23693
20
-3.5768
11
6.23616
21
-3.57193
0
LINE
8
BLACK
6
CONTINUOUS
10
6.23616
20
-3.57193
11
6.23693
21
-3.56706
0
LINE
8
BLACK
6
CONTINUOUS
10
6.23693
20
-3.56706
11
6.23917
21
-3.56267
0
LINE
8
BLACK
6
CONTINUOUS
10
6.23917
20
-3.56267
11
6.24265
21
-3.55919
0
LINE
8
BLACK
6
CONTINUOUS
10
6.24265
20
-3.55919
11
6.24704
21
-3.55695
0
LINE
8
BLACK
6
CONTINUOUS
10
6.24704
20
-3.55695
11
6.25191
21
-3.55618
0
LINE
8
BLACK
6
CONTINUOUS
10
6.25191
20
-3.55618
11
6.25678
21
-3.55695
0
LINE
8
BLACK
6
CONTINUOUS
10
5.93417
20
-3.55022
11
5.93856
21
-3.55246
0
LINE
8
BLACK
6
CONTINUOUS
10
5.93856
20
-3.55246
11
5.94204
21
-3.55594
0
LINE
8
BLACK
6
CONTINUOUS
10
5.94204
20
-3.55594
11
5.94428
21
-3.56033
0
LINE
8
BLACK
6
CONTINUOUS
10
5.94428
20
-3.56033
11
5.94505
21
-3.5652
0
LINE
8
BLACK
6
CONTINUOUS
10
5.94505
20
-3.5652
11
5.94428
21
-3.57006
0
LINE
8
BLACK
6
CONTINUOUS
10
5.94428
20
-3.57006
11
5.94204
21
-3.57445
0
LINE
8
BLACK
6
CONTINUOUS
10
5.94204
20
-3.57445
11
5.93856
21
-3.57794
0
LINE
8
BLACK
6
CONTINUOUS
10
5.93856
20
-3.57794
11
5.93417
21
-3.58017
0
LINE
8
BLACK
6
CONTINUOUS
10
5.93417
20
-3.58017
11
5.9293
21
-3.58094
0
LINE
8
BLACK
6
CONTINUOUS
10
5.9293
20
-3.58094
11
5.92443
21
-3.58017
0
LINE
8
BLACK
6
CONTINUOUS
10
5.92443
20
-3.58017
11
5.92004
21
-3.57794
0
LINE
8
BLACK
6
CONTINUOUS
10
5.92004
20
-3.57794
11
5.91656
21
-3.57445
0
LINE
8
BLACK
6
CONTINUOUS
10
5.91656
20
-3.57445
11
5.91432
21
-3.57006
0
LINE
8
BLACK
6
CONTINUOUS
10
5.91432
20
-3.57006
11
5.91355
21
-3.5652
0
LINE
8
BLACK
6
CONTINUOUS
10
5.91355
20
-3.5652
11
5.91432
21
-3.56033
0
LINE
8
BLACK
6
CONTINUOUS
10
5.91432
20
-3.56033
11
5.91656
21
-3.55594
0
LINE
8
BLACK
6
CONTINUOUS
10
5.91656
20
-3.55594
11
5.92004
21
-3.55246
0
LINE
8
BLACK
6
CONTINUOUS
10
5.92004
20
-3.55246
11
5.92443
21
-3.55022
0
LINE
8
BLACK
6
CONTINUOUS
10
5.92443
20
-3.55022
11
5.9293
21
-3.54945
0
LINE
8
BLACK
6
CONTINUOUS
10
5.9293
20
-3.54945
11
5.93417
21
-3.55022
0
LINE
8
BLACK
6
CONTINUOUS
10
6.79772
20
-2.88167
11
6.79892
21
-2.88374
0
LINE
8
BLACK
6
CONTINUOUS
10
6.79892
20
-2.88374
11
6.79898
21
-2.88435
0
LINE
8
BLACK
6
CONTINUOUS
10
6.79898
20
-2.88435
11
6.79898
21
-3.27597
0
LINE
8
BLACK
6
CONTINUOUS
10
6.79898
20
-3.27597
11
6.79816
21
-3.27822
0
LINE
8
BLACK
6
CONTINUOUS
10
6.79816
20
-3.27822
11
6.79608
21
-3.27942
0
LINE
8
BLACK
6
CONTINUOUS
10
6.79608
20
-3.27942
11
6.79372
21
-3.279
0
LINE
8
BLACK
6
CONTINUOUS
10
6.79372
20
-3.279
11
6.79299
21
-3.27844
0
LINE
8
BLACK
6
CONTINUOUS
10
6.79299
20
-3.27844
11
6.73853
21
-3.22398
0
LINE
8
BLACK
6
CONTINUOUS
10
6.73853
20
-3.22398
11
6.73727
21
-3.22272
0
LINE
8
BLACK
6
CONTINUOUS
10
6.73727
20
-3.22272
11
6.73585
21
-3.22183
0
LINE
8
BLACK
6
CONTINUOUS
10
6.73585
20
-3.22183
11
6.73569
21
-3.22171
0
LINE
8
BLACK
6
CONTINUOUS
10
6.73569
20
-3.22171
11
6.73437
21
-3.22067
0
LINE
8
BLACK
6
CONTINUOUS
10
6.73437
20
-3.22067
11
6.73437
21
-3.22067
0
LINE
8
BLACK
6
CONTINUOUS
10
6.73437
20
-3.22067
11
6.73437
21
-3.22067
0
LINE
8
BLACK
6
CONTINUOUS
10
6.73437
20
-3.22067
11
6.73286
21
-3.21994
0
LINE
8
BLACK
6
CONTINUOUS
10
6.73286
20
-3.21994
11
6.73269
21
-3.21984
0
LINE
8
BLACK
6
CONTINUOUS
10
6.73269
20
-3.21984
11
6.73126
21
-3.21894
0
LINE
8
BLACK
6
CONTINUOUS
10
6.73126
20
-3.21894
11
6.72967
21
-3.21839
0
LINE
8
BLACK
6
CONTINUOUS
10
6.72967
20
-3.21839
11
6.72949
21
-3.21831
0
LINE
8
BLACK
6
CONTINUOUS
10
6.72949
20
-3.21831
11
6.72797
21
-3.21758
0
LINE
8
BLACK
6
CONTINUOUS
10
6.72797
20
-3.21758
11
6.72797
21
-3.21758
0
LINE
8
BLACK
6
CONTINUOUS
10
6.72797
20
-3.21758
11
6.72689
21
-3.21734
0
LINE
8
BLACK
6
CONTINUOUS
10
6.72689
20
-3.21734
11
6.72633
21
-3.21721
0
LINE
8
BLACK
6
CONTINUOUS
10
6.72633
20
-3.21721
11
6.72615
21
-3.21715
0
LINE
8
BLACK
6
CONTINUOUS
10
6.72615
20
-3.21715
11
6.72456
21
-3.2166
0
LINE
8
BLACK
6
CONTINUOUS
10
6.72456
20
-3.2166
11
6.72456
21
-3.2166
0
LINE
8
BLACK
6
CONTINUOUS
10
6.72456
20
-3.2166
11
6.72288
21
-3.21641
0
LINE
8
BLACK
6
CONTINUOUS
10
6.72288
20
-3.21641
11
6.72269
21
-3.21638
0
LINE
8
BLACK
6
CONTINUOUS
10
6.72269
20
-3.21638
11
6.72105
21
-3.216
0
LINE
8
BLACK
6
CONTINUOUS
10
6.72105
20
-3.216
11
6.72105
21
-3.216
0
LINE
8
BLACK
6
CONTINUOUS
10
6.72105
20
-3.216
11
6.71927
21
-3.216
0
LINE
8
BLACK
6
CONTINUOUS
10
6.71927
20
-3.216
11
6.50201
21
-3.216
0
LINE
8
BLACK
6
CONTINUOUS
10
6.50201
20
-3.216
11
6.49975
21
-3.21518
0
LINE
8
BLACK
6
CONTINUOUS
10
6.49975
20
-3.21518
11
6.49953
21
-3.21498
0
LINE
8
BLACK
6
CONTINUOUS
10
6.49953
20
-3.21498
11
6.23594
21
-2.95138
0
LINE
8
BLACK
6
CONTINUOUS
10
6.23594
20
-2.95138
11
6.23468
21
-2.95013
0
LINE
8
BLACK
6
CONTINUOUS
10
6.23468
20
-2.95013
11
6.23325
21
-2.94923
0
LINE
8
BLACK
6
CONTINUOUS
10
6.23325
20
-2.94923
11
6.23309
21
-2.94912
0
LINE
8
BLACK
6
CONTINUOUS
10
6.23309
20
-2.94912
11
6.23178
21
-2.94807
0
LINE
8
BLACK
6
CONTINUOUS
10
6.23178
20
-2.94807
11
6.23178
21
-2.94807
0
LINE
8
BLACK
6
CONTINUOUS
10
6.23178
20
-2.94807
11
6.23178
21
-2.94807
0
LINE
8
BLACK
6
CONTINUOUS
10
6.23178
20
-2.94807
11
6.23026
21
-2.94734
0
LINE
8
BLACK
6
CONTINUOUS
10
6.23026
20
-2.94734
11
6.23009
21
-2.94724
0
LINE
8
BLACK
6
CONTINUOUS
10
6.23009
20
-2.94724
11
6.23009
21
-2.94724
0
LINE
8
BLACK
6
CONTINUOUS
10
6.23009
20
-2.94724
11
6.22986
21
-2.9471
0
LINE
8
BLACK
6
CONTINUOUS
10
6.22986
20
-2.9471
11
6.22866
21
-2.94635
0
LINE
8
BLACK
6
CONTINUOUS
10
6.22866
20
-2.94635
11
6.22707
21
-2.94579
0
LINE
8
BLACK
6
CONTINUOUS
10
6.22707
20
-2.94579
11
6.22689
21
-2.94572
0
LINE
8
BLACK
6
CONTINUOUS
10
6.22689
20
-2.94572
11
6.22538
21
-2.94499
0
LINE
8
BLACK
6
CONTINUOUS
10
6.22538
20
-2.94499
11
6.22538
21
-2.94499
0
LINE
8
BLACK
6
CONTINUOUS
10
6.22538
20
-2.94499
11
6.22429
21
-2.94474
0
LINE
8
BLACK
6
CONTINUOUS
10
6.22429
20
-2.94474
11
6.22374
21
-2.94461
0
LINE
8
BLACK
6
CONTINUOUS
10
6.22374
20
-2.94461
11
6.22355
21
-2.94456
0
LINE
8
BLACK
6
CONTINUOUS
10
6.22355
20
-2.94456
11
6.22196
21
-2.944
0
LINE
8
BLACK
6
CONTINUOUS
10
6.22196
20
-2.944
11
6.22196
21
-2.944
0
LINE
8
BLACK
6
CONTINUOUS
10
6.22196
20
-2.944
11
6.22029
21
-2.94381
0
LINE
8
BLACK
6
CONTINUOUS
10
6.22029
20
-2.94381
11
6.22009
21
-2.94378
0
LINE
8
BLACK
6
CONTINUOUS
10
6.22009
20
-2.94378
11
6.21845
21
-2.94341
0
LINE
8
BLACK
6
CONTINUOUS
10
6.21845
20
-2.94341
11
6.21845
21
-2.94341
0
LINE
8
BLACK
6
CONTINUOUS
10
6.21845
20
-2.94341
11
6.21667
21
-2.94341
0
LINE
8
BLACK
6
CONTINUOUS
10
6.21667
20
-2.94341
11
6.01667
21
-2.94341
0
LINE
8
BLACK
6
CONTINUOUS
10
6.01667
20
-2.94341
11
5.30845
21
-2.94341
0
LINE
8
BLACK
6
CONTINUOUS
10
5.30845
20
-2.94341
11
5.30135
21
-2.94341
0
LINE
8
BLACK
6
CONTINUOUS
10
5.30135
20
-2.94341
11
5.30135
21
-2.94341
0
LINE
8
BLACK
6
CONTINUOUS
10
5.30135
20
-2.94341
11
5.30135
21
-2.94341
0
LINE
8
BLACK
6
CONTINUOUS
10
5.30135
20
-2.94341
11
5.29971
21
-2.94378
0
LINE
8
BLACK
6
CONTINUOUS
10
5.29971
20
-2.94378
11
5.29952
21
-2.94381
0
LINE
8
BLACK
6
CONTINUOUS
10
5.29952
20
-2.94381
11
5.29784
21
-2.944
0
LINE
8
BLACK
6
CONTINUOUS
10
5.29784
20
-2.944
11
5.29784
21
-2.944
0
LINE
8
BLACK
6
CONTINUOUS
10
5.29784
20
-2.944
11
5.29633
21
-2.94453
0
LINE
8
BLACK
6
CONTINUOUS
10
5.29633
20
-2.94453
11
5.29626
21
-2.94456
0
LINE
8
BLACK
6
CONTINUOUS
10
5.29626
20
-2.94456
11
5.29626
21
-2.94456
0
LINE
8
BLACK
6
CONTINUOUS
10
5.29626
20
-2.94456
11
5.29607
21
-2.94461
0
LINE
8
BLACK
6
CONTINUOUS
10
5.29607
20
-2.94461
11
5.29443
21
-2.94499
0
LINE
8
BLACK
6
CONTINUOUS
10
5.29443
20
-2.94499
11
5.29443
21
-2.94499
0
LINE
8
BLACK
6
CONTINUOUS
10
5.29443
20
-2.94499
11
5.29291
21
-2.94572
0
LINE
8
BLACK
6
CONTINUOUS
10
5.29291
20
-2.94572
11
5.29273
21
-2.94579
0
LINE
8
BLACK
6
CONTINUOUS
10
5.29273
20
-2.94579
11
5.29114
21
-2.94635
0
LINE
8
BLACK
6
CONTINUOUS
10
5.29114
20
-2.94635
11
5.29114
21
-2.94635
0
LINE
8
BLACK
6
CONTINUOUS
10
5.29114
20
-2.94635
11
5.28972
21
-2.94724
0
LINE
8
BLACK
6
CONTINUOUS
10
5.28972
20
-2.94724
11
5.28954
21
-2.94734
0
LINE
8
BLACK
6
CONTINUOUS
10
5.28954
20
-2.94734
11
5.28803
21
-2.94807
0
LINE
8
BLACK
6
CONTINUOUS
10
5.28803
20
-2.94807
11
5.28803
21
-2.94807
0
LINE
8
BLACK
6
CONTINUOUS
10
5.28803
20
-2.94807
11
5.28671
21
-2.94912
0
LINE
8
BLACK
6
CONTINUOUS
10
5.28671
20
-2.94912
11
5.28655
21
-2.94923
0
LINE
8
BLACK
6
CONTINUOUS
10
5.28655
20
-2.94923
11
5.28513
21
-2.95013
0
LINE
8
BLACK
6
CONTINUOUS
10
5.28513
20
-2.95013
11
5.28513
21
-2.95013
0
LINE
8
BLACK
6
CONTINUOUS
10
5.28513
20
-2.95013
11
5.18011
21
-3.05515
0
LINE
8
BLACK
6
CONTINUOUS
10
5.18011
20
-3.05515
11
5.18011
21
-3.05515
0
LINE
8
BLACK
6
CONTINUOUS
10
5.18011
20
-3.05515
11
5.17921
21
-3.05657
0
LINE
8
BLACK
6
CONTINUOUS
10
5.17921
20
-3.05657
11
5.1791
21
-3.05673
0
LINE
8
BLACK
6
CONTINUOUS
10
5.1791
20
-3.05673
11
5.17805
21
-3.05805
0
LINE
8
BLACK
6
CONTINUOUS
10
5.17805
20
-3.05805
11
5.17805
21
-3.05805
0
LINE
8
BLACK
6
CONTINUOUS
10
5.17805
20
-3.05805
11
5.17732
21
-3.05956
0
LINE
8
BLACK
6
CONTINUOUS
10
5.17732
20
-3.05956
11
5.17722
21
-3.05974
0
LINE
8
BLACK
6
CONTINUOUS
10
5.17722
20
-3.05974
11
5.17633
21
-3.06116
0
LINE
8
BLACK
6
CONTINUOUS
10
5.17633
20
-3.06116
11
5.17577
21
-3.06275
0
LINE
8
BLACK
6
CONTINUOUS
10
5.17577
20
-3.06275
11
5.1757
21
-3.06293
0
LINE
8
BLACK
6
CONTINUOUS
10
5.1757
20
-3.06293
11
5.17497
21
-3.06445
0
LINE
8
BLACK
6
CONTINUOUS
10
5.17497
20
-3.06445
11
5.17459
21
-3.06609
0
LINE
8
BLACK
6
CONTINUOUS
10
5.17459
20
-3.06609
11
5.17454
21
-3.06628
0
LINE
8
BLACK
6
CONTINUOUS
10
5.17454
20
-3.06628
11
5.17398
21
-3.06786
0
LINE
8
BLACK
6
CONTINUOUS
10
5.17398
20
-3.06786
11
5.17398
21
-3.06786
0
LINE
8
BLACK
6
CONTINUOUS
10
5.17398
20
-3.06786
11
5.17379
21
-3.06954
0
LINE
8
BLACK
6
CONTINUOUS
10
5.17379
20
-3.06954
11
5.17376
21
-3.06973
0
LINE
8
BLACK
6
CONTINUOUS
10
5.17376
20
-3.06973
11
5.17339
21
-3.07137
0
LINE
8
BLACK
6
CONTINUOUS
10
5.17339
20
-3.07137
11
5.17339
21
-3.11169
0
LINE
8
BLACK
6
CONTINUOUS
10
5.17339
20
-3.11169
11
5.17398
21
-3.11698
0
LINE
8
BLACK
6
CONTINUOUS
10
5.17398
20
-3.11698
11
5.17398
21
-3.11698
0
LINE
8
BLACK
6
CONTINUOUS
10
5.17398
20
-3.11698
11
5.17398
21
-3.11698
0
LINE
8
BLACK
6
CONTINUOUS
10
5.17398
20
-3.11698
11
5.17491
21
-3.11963
0
LINE
8
BLACK
6
CONTINUOUS
10
5.17491
20
-3.11963
11
5.17633
21
-3.12368
0
LINE
8
BLACK
6
CONTINUOUS
10
5.17633
20
-3.12368
11
5.18011
21
-3.1297
0
LINE
8
BLACK
6
CONTINUOUS
10
5.18011
20
-3.1297
11
5.18011
21
-3.1297
0
LINE
8
BLACK
6
CONTINUOUS
10
5.18011
20
-3.1297
11
5.18513
21
-3.13472
0
LINE
8
BLACK
6
CONTINUOUS
10
5.18513
20
-3.13472
11
5.18513
21
-3.13472
0
LINE
8
BLACK
6
CONTINUOUS
10
5.18513
20
-3.13472
11
5.18513
21
-3.13472
0
LINE
8
BLACK
6
CONTINUOUS
10
5.18513
20
-3.13472
11
5.19114
21
-3.1385
0
LINE
8
BLACK
6
CONTINUOUS
10
5.19114
20
-3.1385
11
5.19114
21
-3.1385
0
LINE
8
BLACK
6
CONTINUOUS
10
5.19114
20
-3.1385
11
5.19114
21
-3.1385
0
LINE
8
BLACK
6
CONTINUOUS
10
5.19114
20
-3.1385
11
5.19784
21
-3.14084
0
LINE
8
BLACK
6
CONTINUOUS
10
5.19784
20
-3.14084
11
5.19977
21
-3.14106
0
LINE
8
BLACK
6
CONTINUOUS
10
5.19977
20
-3.14106
11
5.2049
21
-3.14164
0
LINE
8
BLACK
6
CONTINUOUS
10
5.2049
20
-3.14164
11
5.2049
21
-3.14164
0
LINE
8
BLACK
6
CONTINUOUS
10
5.2049
20
-3.14164
11
5.2049
21
-3.14164
0
LINE
8
BLACK
6
CONTINUOUS
10
5.2049
20
-3.14164
11
5.20903
21
-3.14117
0
LINE
8
BLACK
6
CONTINUOUS
10
5.20903
20
-3.14117
11
5.21196
21
-3.14084
0
LINE
8
BLACK
6
CONTINUOUS
10
5.21196
20
-3.14084
11
5.21866
21
-3.1385
0
LINE
8
BLACK
6
CONTINUOUS
10
5.21866
20
-3.1385
11
5.22468
21
-3.13472
0
LINE
8
BLACK
6
CONTINUOUS
10
5.22468
20
-3.13472
11
5.2297
21
-3.1297
0
LINE
8
BLACK
6
CONTINUOUS
10
5.2297
20
-3.1297
11
5.23348
21
-3.12368
0
LINE
8
BLACK
6
CONTINUOUS
10
5.23348
20
-3.12368
11
5.23582
21
-3.11698
0
LINE
8
BLACK
6
CONTINUOUS
10
5.23582
20
-3.11698
11
5.23591
21
-3.11621
0
LINE
8
BLACK
6
CONTINUOUS
10
5.23591
20
-3.11621
11
5.23607
21
-3.11479
0
LINE
8
BLACK
6
CONTINUOUS
10
5.23607
20
-3.11479
11
5.23642
21
-3.11169
0
LINE
8
BLACK
6
CONTINUOUS
10
5.23642
20
-3.11169
11
5.23642
21
-3.08943
0
LINE
8
BLACK
6
CONTINUOUS
10
5.23642
20
-3.08943
11
5.23724
21
-3.08717
0
LINE
8
BLACK
6
CONTINUOUS
10
5.23724
20
-3.08717
11
5.23744
21
-3.08695
0
LINE
8
BLACK
6
CONTINUOUS
10
5.23744
20
-3.08695
11
5.31693
21
-3.00746
0
LINE
8
BLACK
6
CONTINUOUS
10
5.31693
20
-3.00746
11
5.3191
21
-3.00645
0
LINE
8
BLACK
6
CONTINUOUS
10
5.3191
20
-3.00645
11
5.31941
21
-3.00644
0
LINE
8
BLACK
6
CONTINUOUS
10
5.31941
20
-3.00644
11
6.01313
21
-3.00644
0
LINE
8
BLACK
6
CONTINUOUS
10
6.01313
20
-3.00644
11
6.2004
21
-3.00644
0
LINE
8
BLACK
6
CONTINUOUS
10
6.2004
20
-3.00644
11
6.20265
21
-3.00726
0
LINE
8
BLACK
6
CONTINUOUS
10
6.20265
20
-3.00726
11
6.20287
21
-3.00746
0
LINE
8
BLACK
6
CONTINUOUS
10
6.20287
20
-3.00746
11
6.25314
21
-3.05773
0
LINE
8
BLACK
6
CONTINUOUS
10
6.25314
20
-3.05773
11
6.25415
21
-3.0599
0
LINE
8
BLACK
6
CONTINUOUS
10
6.25415
20
-3.0599
11
6.25353
21
-3.06221
0
LINE
8
BLACK
6
CONTINUOUS
10
6.25353
20
-3.06221
11
6.25157
21
-3.06359
0
LINE
8
BLACK
6
CONTINUOUS
10
6.25157
20
-3.06359
11
6.2503
21
-3.06369
0
LINE
8
BLACK
6
CONTINUOUS
10
6.2503
20
-3.06369
11
6.25008
21
-3.06367
0
LINE
8
BLACK
6
CONTINUOUS
10
6.25008
20
-3.06367
11
6.25008
21
-3.06367
0
LINE
8
BLACK
6
CONTINUOUS
10
6.25008
20
-3.06367
11
6.24964
21
-3.06362
0
LINE
8
BLACK
6
CONTINUOUS
10
6.24964
20
-3.06362
11
6.24926
21
-3.06358
0
LINE
8
BLACK
6
CONTINUOUS
10
6.24926
20
-3.06358
11
6.24867
21
-3.06347
0
LINE
8
BLACK
6
CONTINUOUS
10
6.24867
20
-3.06347
11
6.24788
21
-3.06325
0
LINE
8
BLACK
6
CONTINUOUS
10
6.24788
20
-3.06325
11
6.24788
21
-3.06325
0
LINE
8
BLACK
6
CONTINUOUS
10
6.24788
20
-3.06325
11
6.2461
21
-3.06325
0
LINE
8
BLACK
6
CONTINUOUS
10
6.2461
20
-3.06325
11
6.24592
21
-3.06324
0
LINE
8
BLACK
6
CONTINUOUS
10
6.24592
20
-3.06324
11
6.24515
21
-3.06316
0
LINE
8
BLACK
6
CONTINUOUS
10
6.24515
20
-3.06316
11
6.24415
21
-3.06306
0
LINE
8
BLACK
6
CONTINUOUS
10
6.24415
20
-3.06306
11
6.24415
21
-3.06306
0
LINE
8
BLACK
6
CONTINUOUS
10
6.24415
20
-3.06306
11
6.24334
21
-3.0632
0
LINE
8
BLACK
6
CONTINUOUS
10
6.24334
20
-3.0632
11
6.24275
21
-3.06325
0
LINE
8
BLACK
6
CONTINUOUS
10
6.24275
20
-3.06325
11
6.08027
21
-3.06325
0
LINE
8
BLACK
6
CONTINUOUS
10
6.08027
20
-3.06325
11
6.07766
21
-3.06316
0
LINE
8
BLACK
6
CONTINUOUS
10
6.07766
20
-3.06316
11
6.07594
21
-3.06358
0
LINE
8
BLACK
6
CONTINUOUS
10
6.07594
20
-3.06358
11
6.07576
21
-3.06361
0
LINE
8
BLACK
6
CONTINUOUS
10
6.07576
20
-3.06361
11
6.074
21
-3.06386
0
LINE
8
BLACK
6
CONTINUOUS
10
6.074
20
-3.06386
11
6.07324
21
-3.06418
0
LINE
8
BLACK
6
CONTINUOUS
10
6.07324
20
-3.06418
11
6.07268
21
-3.06437
0
LINE
8
BLACK
6
CONTINUOUS
10
6.07268
20
-3.06437
11
6.07188
21
-3.06457
0
LINE
8
BLACK
6
CONTINUOUS
10
6.07188
20
-3.06457
11
6.07188
21
-3.06457
0
LINE
8
BLACK
6
CONTINUOUS
10
6.07188
20
-3.06457
11
6.07188
21
-3.06457
0
LINE
8
BLACK
6
CONTINUOUS
10
6.07188
20
-3.06457
11
6.07086
21
-3.06514
0
LINE
8
BLACK
6
CONTINUOUS
10
6.07086
20
-3.06514
11
6.07033
21
-3.06544
0
LINE
8
BLACK
6
CONTINUOUS
10
6.07033
20
-3.06544
11
6.07017
21
-3.06552
0
LINE
8
BLACK
6
CONTINUOUS
10
6.07017
20
-3.06552
11
6.06853
21
-3.06623
0
LINE
8
BLACK
6
CONTINUOUS
10
6.06853
20
-3.06623
11
6.06853
21
-3.06623
0
LINE
8
BLACK
6
CONTINUOUS
10
6.06853
20
-3.06623
11
6.0679
21
-3.06675
0
LINE
8
BLACK
6
CONTINUOUS
10
6.0679
20
-3.06675
11
6.0674
21
-3.06709
0
LINE
8
BLACK
6
CONTINUOUS
10
6.0674
20
-3.06709
11
6.06668
21
-3.06749
0
LINE
8
BLACK
6
CONTINUOUS
10
6.06668
20
-3.06749
11
6.06668
21
-3.06749
0
LINE
8
BLACK
6
CONTINUOUS
10
6.06668
20
-3.06749
11
6.06543
21
-3.06875
0
LINE
8
BLACK
6
CONTINUOUS
10
6.06543
20
-3.06875
11
6.06529
21
-3.06887
0
LINE
8
BLACK
6
CONTINUOUS
10
6.06529
20
-3.06887
11
6.06391
21
-3.06999
0
LINE
8
BLACK
6
CONTINUOUS
10
6.06391
20
-3.06999
11
6.06391
21
-3.06999
0
LINE
8
BLACK
6
CONTINUOUS
10
6.06391
20
-3.06999
11
6.06344
21
-3.07066
0
LINE
8
BLACK
6
CONTINUOUS
10
6.06344
20
-3.07066
11
6.06305
21
-3.07112
0
LINE
8
BLACK
6
CONTINUOUS
10
6.06305
20
-3.07112
11
6.01261
21
-3.12156
0
LINE
8
BLACK
6
CONTINUOUS
10
6.01261
20
-3.12156
11
6.01097
21
-3.12249
0
LINE
8
BLACK
6
CONTINUOUS
10
6.01097
20
-3.12249
11
6.00505
21
-3.12395
0
LINE
8
BLACK
6
CONTINUOUS
10
6.00505
20
-3.12395
11
5.99912
21
-3.12706
0
LINE
8
BLACK
6
CONTINUOUS
10
5.99912
20
-3.12706
11
5.99912
21
-3.12706
0
LINE
8
BLACK
6
CONTINUOUS
10
5.99912
20
-3.12706
11
5.99912
21
-3.12706
0
LINE
8
BLACK
6
CONTINUOUS
10
5.99912
20
-3.12706
11
5.99912
21
-3.12706
0
LINE
8
BLACK
6
CONTINUOUS
10
5.99912
20
-3.12706
11
5.99681
21
-3.1291
0
LINE
8
BLACK
6
CONTINUOUS
10
5.99681
20
-3.1291
11
5.99411
21
-3.1315
0
LINE
8
BLACK
6
CONTINUOUS
10
5.99411
20
-3.1315
11
5.99411
21
-3.1315
0
LINE
8
BLACK
6
CONTINUOUS
10
5.99411
20
-3.1315
11
5.9903
21
-3.13701
0
LINE
8
BLACK
6
CONTINUOUS
10
5.9903
20
-3.13701
11
5.98793
21
-3.14327
0
LINE
8
BLACK
6
CONTINUOUS
10
5.98793
20
-3.14327
11
5.98738
21
-3.14775
0
LINE
8
BLACK
6
CONTINUOUS
10
5.98738
20
-3.14775
11
5.98712
21
-3.14992
0
LINE
8
BLACK
6
CONTINUOUS
10
5.98712
20
-3.14992
11
5.98793
21
-3.15657
0
LINE
8
BLACK
6
CONTINUOUS
10
5.98793
20
-3.15657
11
5.99022
21
-3.1626
0
LINE
8
BLACK
6
CONTINUOUS
10
5.99022
20
-3.1626
11
5.9903
21
-3.16283
0
LINE
8
BLACK
6
CONTINUOUS
10
5.9903
20
-3.16283
11
5.99411
21
-3.16834
0
LINE
8
BLACK
6
CONTINUOUS
10
5.99411
20
-3.16834
11
5.99411
21
-3.16834
0
LINE
8
BLACK
6
CONTINUOUS
10
5.99411
20
-3.16834
11
5.99411
21
-3.16834
0
LINE
8
BLACK
6
CONTINUOUS
10
5.99411
20
-3.16834
11
5.99411
21
-3.16834
0
LINE
8
BLACK
6
CONTINUOUS
10
5.99411
20
-3.16834
11
5.99912
21
-3.17278
0
LINE
8
BLACK
6
CONTINUOUS
10
5.99912
20
-3.17278
11
6.00505
21
-3.1759
0
LINE
8
BLACK
6
CONTINUOUS
10
6.00505
20
-3.1759
11
6.01155
21
-3.1775
0
LINE
8
BLACK
6
CONTINUOUS
10
6.01155
20
-3.1775
11
6.01155
21
-3.1775
0
LINE
8
BLACK
6
CONTINUOUS
10
6.01155
20
-3.1775
11
6.01825
21
-3.1775
0
LINE
8
BLACK
6
CONTINUOUS
10
6.01825
20
-3.1775
11
6.01825
21
-3.1775
0
LINE
8
BLACK
6
CONTINUOUS
10
6.01825
20
-3.1775
11
6.02475
21
-3.1759
0
LINE
8
BLACK
6
CONTINUOUS
10
6.02475
20
-3.1759
11
6.03068
21
-3.17278
0
LINE
8
BLACK
6
CONTINUOUS
10
6.03068
20
-3.17278
11
6.03181
21
-3.17178
0
LINE
8
BLACK
6
CONTINUOUS
10
6.03181
20
-3.17178
11
6.03404
21
-3.1709
0
LINE
8
BLACK
6
CONTINUOUS
10
6.03404
20
-3.1709
11
6.03631
21
-3.17166
0
LINE
8
BLACK
6
CONTINUOUS
10
6.03631
20
-3.17166
11
6.03757
21
-3.17371
0
LINE
8
BLACK
6
CONTINUOUS
10
6.03757
20
-3.17371
11
6.03761
21
-3.17399
0
LINE
8
BLACK
6
CONTINUOUS
10
6.03761
20
-3.17399
11
6.03793
21
-3.17657
0
LINE
8
BLACK
6
CONTINUOUS
10
6.03793
20
-3.17657
11
6.04009
21
-3.18227
0
LINE
8
BLACK
6
CONTINUOUS
10
6.04009
20
-3.18227
11
6.0403
21
-3.18283
0
LINE
8
BLACK
6
CONTINUOUS
10
6.0403
20
-3.18283
11
6.04411
21
-3.18834
0
LINE
8
BLACK
6
CONTINUOUS
10
6.04411
20
-3.18834
11
6.04411
21
-3.18834
0
LINE
8
BLACK
6
CONTINUOUS
10
6.04411
20
-3.18834
11
6.04411
21
-3.18834
0
LINE
8
BLACK
6
CONTINUOUS
10
6.04411
20
-3.18834
11
6.04411
21
-3.18834
0
LINE
8
BLACK
6
CONTINUOUS
10
6.04411
20
-3.18834
11
6.04912
21
-3.19278
0
LINE
8
BLACK
6
CONTINUOUS
10
6.04912
20
-3.19278
11
6.05505
21
-3.1959
0
LINE
8
BLACK
6
CONTINUOUS
10
6.05505
20
-3.1959
11
6.06155
21
-3.1975
0
LINE
8
BLACK
6
CONTINUOUS
10
6.06155
20
-3.1975
11
6.06155
21
-3.1975
0
LINE
8
BLACK
6
CONTINUOUS
10
6.06155
20
-3.1975
11
6.06825
21
-3.1975
0
LINE
8
BLACK
6
CONTINUOUS
10
6.06825
20
-3.1975
11
6.06825
21
-3.1975
0
LINE
8
BLACK
6
CONTINUOUS
10
6.06825
20
-3.1975
11
6.07475
21
-3.1959
0
LINE
8
BLACK
6
CONTINUOUS
10
6.07475
20
-3.1959
11
6.08068
21
-3.19278
0
LINE
8
BLACK
6
CONTINUOUS
10
6.08068
20
-3.19278
11
6.08103
21
-3.19248
0
LINE
8
BLACK
6
CONTINUOUS
10
6.08103
20
-3.19248
11
6.08326
21
-3.1916
0
LINE
8
BLACK
6
CONTINUOUS
10
6.08326
20
-3.1916
11
6.08336
21
-3.19159
0
LINE
8
BLACK
6
CONTINUOUS
10
6.08336
20
-3.19159
11
6.22726
21
-3.19159
0
LINE
8
BLACK
6
CONTINUOUS
10
6.22726
20
-3.19159
11
6.22929
21
-3.19233
0
LINE
8
BLACK
6
CONTINUOUS
10
6.22929
20
-3.19233
11
6.22933
21
-3.19228
0
LINE
8
BLACK
6
CONTINUOUS
10
6.22933
20
-3.19228
11
6.2295
21
-3.1924
0
LINE
8
BLACK
6
CONTINUOUS
10
6.2295
20
-3.1924
11
6.2295
21
-3.1924
0
LINE
8
BLACK
6
CONTINUOUS
10
6.2295
20
-3.1924
11
6.23543
21
-3.19552
0
LINE
8
BLACK
6
CONTINUOUS
10
6.23543
20
-3.19552
11
6.24193
21
-3.19712
0
LINE
8
BLACK
6
CONTINUOUS
10
6.24193
20
-3.19712
11
6.24193
21
-3.19712
0
LINE
8
BLACK
6
CONTINUOUS
10
6.24193
20
-3.19712
11
6.24863
21
-3.19712
0
LINE
8
BLACK
6
CONTINUOUS
10
6.24863
20
-3.19712
11
6.24863
21
-3.19712
0
LINE
8
BLACK
6
CONTINUOUS
10
6.24863
20
-3.19712
11
6.25513
21
-3.19552
0
LINE
8
BLACK
6
CONTINUOUS
10
6.25513
20
-3.19552
11
6.26106
21
-3.1924
0
LINE
8
BLACK
6
CONTINUOUS
10
6.26106
20
-3.1924
11
6.26106
21
-3.1924
0
LINE
8
BLACK
6
CONTINUOUS
10
6.26106
20
-3.1924
11
6.26124
21
-3.19228
0
LINE
8
BLACK
6
CONTINUOUS
10
6.26124
20
-3.19228
11
6.26129
21
-3.19236
0
LINE
8
BLACK
6
CONTINUOUS
10
6.26129
20
-3.19236
11
6.26321
21
-3.1916
0
LINE
8
BLACK
6
CONTINUOUS
10
6.26321
20
-3.1916
11
6.26331
21
-3.19159
0
LINE
8
BLACK
6
CONTINUOUS
10
6.26331
20
-3.19159
11
6.27345
21
-3.19159
0
LINE
8
BLACK
6
CONTINUOUS
10
6.27345
20
-3.19159
11
6.2757
21
-3.19241
0
LINE
8
BLACK
6
CONTINUOUS
10
6.2757
20
-3.19241
11
6.27593
21
-3.19262
0
LINE
8
BLACK
6
CONTINUOUS
10
6.27593
20
-3.19262
11
6.34557
21
-3.26227
0
LINE
8
BLACK
6
CONTINUOUS
10
6.34557
20
-3.26227
11
6.34658
21
-3.26444
0
LINE
8
BLACK
6
CONTINUOUS
10
6.34658
20
-3.26444
11
6.34596
21
-3.26675
0
LINE
8
BLACK
6
CONTINUOUS
10
6.34596
20
-3.26675
11
6.344
21
-3.26813
0
LINE
8
BLACK
6
CONTINUOUS
10
6.344
20
-3.26813
11
6.34309
21
-3.26825
0
LINE
8
BLACK
6
CONTINUOUS
10
6.34309
20
-3.26825
11
6.13336
21
-3.26825
0
LINE
8
BLACK
6
CONTINUOUS
10
6.13336
20
-3.26825
11
6.1311
21
-3.26743
0
LINE
8
BLACK
6
CONTINUOUS
10
6.1311
20
-3.26743
11
6.13103
21
-3.26737
0
LINE
8
BLACK
6
CONTINUOUS
10
6.13103
20
-3.26737
11
6.13095
21
-3.26729
0
LINE
8
BLACK
6
CONTINUOUS
10
6.13095
20
-3.26729
11
6.13068
21
-3.26706
0
LINE
8
BLACK
6
CONTINUOUS
10
6.13068
20
-3.26706
11
6.13068
21
-3.26706
0
LINE
8
BLACK
6
CONTINUOUS
10
6.13068
20
-3.26706
11
6.12816
21
-3.26573
0
LINE
8
BLACK
6
CONTINUOUS
10
6.12816
20
-3.26573
11
6.12475
21
-3.26395
0
LINE
8
BLACK
6
CONTINUOUS
10
6.12475
20
-3.26395
11
6.12475
21
-3.26395
0
LINE
8
BLACK
6
CONTINUOUS
10
6.12475
20
-3.26395
11
6.12141
21
-3.26312
0
LINE
8
BLACK
6
CONTINUOUS
10
6.12141
20
-3.26312
11
6.11825
21
-3.26234
0
LINE
8
BLACK
6
CONTINUOUS
10
6.11825
20
-3.26234
11
6.11155
21
-3.26234
0
LINE
8
BLACK
6
CONTINUOUS
10
6.11155
20
-3.26234
11
6.10505
21
-3.26395
0
LINE
8
BLACK
6
CONTINUOUS
10
6.10505
20
-3.26395
11
6.09912
21
-3.26706
0
LINE
8
BLACK
6
CONTINUOUS
10
6.09912
20
-3.26706
11
6.09912
21
-3.26706
0
LINE
8
BLACK
6
CONTINUOUS
10
6.09912
20
-3.26706
11
6.09912
21
-3.26706
0
LINE
8
BLACK
6
CONTINUOUS
10
6.09912
20
-3.26706
11
6.09912
21
-3.26706
0
LINE
8
BLACK
6
CONTINUOUS
10
6.09912
20
-3.26706
11
6.09778
21
-3.26825
0
LINE
8
BLACK
6
CONTINUOUS
10
6.09778
20
-3.26825
11
6.09411
21
-3.2715
0
LINE
8
BLACK
6
CONTINUOUS
10
6.09411
20
-3.2715
11
6.09411
21
-3.2715
0
LINE
8
BLACK
6
CONTINUOUS
10
6.09411
20
-3.2715
11
6.0903
21
-3.27701
0
LINE
8
BLACK
6
CONTINUOUS
10
6.0903
20
-3.27701
11
6.08793
21
-3.28327
0
LINE
8
BLACK
6
CONTINUOUS
10
6.08793
20
-3.28327
11
6.08738
21
-3.28775
0
LINE
8
BLACK
6
CONTINUOUS
10
6.08738
20
-3.28775
11
6.08712
21
-3.28992
0
LINE
8
BLACK
6
CONTINUOUS
10
6.08712
20
-3.28992
11
6.08793
21
-3.29657
0
LINE
8
BLACK
6
CONTINUOUS
10
6.08793
20
-3.29657
11
6.09011
21
-3.30231
0
LINE
8
BLACK
6
CONTINUOUS
10
6.09011
20
-3.30231
11
6.0903
21
-3.30283
0
LINE
8
BLACK
6
CONTINUOUS
10
6.0903
20
-3.30283
11
6.09411
21
-3.30834
0
LINE
8
BLACK
6
CONTINUOUS
10
6.09411
20
-3.30834
11
6.09411
21
-3.30834
0
LINE
8
BLACK
6
CONTINUOUS
10
6.09411
20
-3.30834
11
6.09411
21
-3.30834
0
LINE
8
BLACK
6
CONTINUOUS
10
6.09411
20
-3.30834
11
6.09411
21
-3.30834
0
LINE
8
BLACK
6
CONTINUOUS
10
6.09411
20
-3.30834
11
6.09912
21
-3.31278
0
LINE
8
BLACK
6
CONTINUOUS
10
6.09912
20
-3.31278
11
6.10505
21
-3.3159
0
LINE
8
BLACK
6
CONTINUOUS
10
6.10505
20
-3.3159
11
6.11155
21
-3.3175
0
LINE
8
BLACK
6
CONTINUOUS
10
6.11155
20
-3.3175
11
6.11155
21
-3.3175
0
LINE
8
BLACK
6
CONTINUOUS
10
6.11155
20
-3.3175
11
6.11825
21
-3.3175
0
LINE
8
BLACK
6
CONTINUOUS
10
6.11825
20
-3.3175
11
6.11825
21
-3.3175
0
LINE
8
BLACK
6
CONTINUOUS
10
6.11825
20
-3.3175
11
6.12475
21
-3.3159
0
LINE
8
BLACK
6
CONTINUOUS
10
6.12475
20
-3.3159
11
6.13068
21
-3.31278
0
LINE
8
BLACK
6
CONTINUOUS
10
6.13068
20
-3.31278
11
6.13103
21
-3.31248
0
LINE
8
BLACK
6
CONTINUOUS
10
6.13103
20
-3.31248
11
6.13326
21
-3.3116
0
LINE
8
BLACK
6
CONTINUOUS
10
6.13326
20
-3.3116
11
6.13336
21
-3.31159
0
LINE
8
BLACK
6
CONTINUOUS
10
6.13336
20
-3.31159
11
6.35447
21
-3.31159
0
LINE
8
BLACK
6
CONTINUOUS
10
6.35447
20
-3.31159
11
6.35673
21
-3.31241
0
LINE
8
BLACK
6
CONTINUOUS
10
6.35673
20
-3.31241
11
6.35695
21
-3.31262
0
LINE
8
BLACK
6
CONTINUOUS
10
6.35695
20
-3.31262
11
6.47567
21
-3.43134
0
LINE
8
BLACK
6
CONTINUOUS
10
6.47567
20
-3.43134
11
6.47668
21
-3.43351
0
LINE
8
BLACK
6
CONTINUOUS
10
6.47668
20
-3.43351
11
6.47669
21
-3.43381
0
LINE
8
BLACK
6
CONTINUOUS
10
6.47669
20
-3.43381
11
6.47669
21
-4.20472
0
LINE
8
BLACK
6
CONTINUOUS
10
6.47669
20
-4.20472
11
6.47764
21
-4.20566
0
LINE
8
BLACK
6
CONTINUOUS
10
6.47764
20
-4.20566
11
6.47988
21
-4.21005
0
LINE
8
BLACK
6
CONTINUOUS
10
6.47988
20
-4.21005
11
6.48065
21
-4.21492
0
LINE
8
BLACK
6
CONTINUOUS
10
6.48065
20
-4.21492
11
6.47988
21
-4.21979
0
LINE
8
BLACK
6
CONTINUOUS
10
6.47988
20
-4.21979
11
6.47764
21
-4.22418
0
LINE
8
BLACK
6
CONTINUOUS
10
6.47764
20
-4.22418
11
6.47669
21
-4.22513
0
LINE
8
BLACK
6
CONTINUOUS
10
6.47669
20
-4.22513
11
6.47669
21
-4.23703
0
LINE
8
BLACK
6
CONTINUOUS
10
6.47669
20
-4.23703
11
6.47587
21
-4.23928
0
LINE
8
BLACK
6
CONTINUOUS
10
6.47587
20
-4.23928
11
6.47567
21
-4.23951
0
LINE
8
BLACK
6
CONTINUOUS
10
6.47567
20
-4.23951
11
6.27295
21
-4.44222
0
LINE
8
BLACK
6
CONTINUOUS
10
6.27295
20
-4.44222
11
6.27078
21
-4.44323
0
LINE
8
BLACK
6
CONTINUOUS
10
6.27078
20
-4.44323
11
6.27047
21
-4.44325
0
LINE
8
BLACK
6
CONTINUOUS
10
6.27047
20
-4.44325
11
5.79304
21
-4.44325
0
LINE
8
BLACK
6
CONTINUOUS
10
5.79304
20
-4.44325
11
5.79177
21
-4.4439
0
LINE
8
BLACK
6
CONTINUOUS
10
5.79177
20
-4.4439
11
5.7869
21
-4.44467
0
LINE
8
BLACK
6
CONTINUOUS
10
5.7869
20
-4.44467
11
5.78204
21
-4.4439
0
LINE
8
BLACK
6
CONTINUOUS
10
5.78204
20
-4.4439
11
5.78076
21
-4.44325
0
LINE
8
BLACK
6
CONTINUOUS
10
5.78076
20
-4.44325
11
5.40936
21
-4.44325
0
LINE
8
BLACK
6
CONTINUOUS
10
5.40936
20
-4.44325
11
5.4071
21
-4.44243
0
LINE
8
BLACK
6
CONTINUOUS
10
5.4071
20
-4.44243
11
5.40703
21
-4.44237
0
LINE
8
BLACK
6
CONTINUOUS
10
5.40703
20
-4.44237
11
5.40668
21
-4.44206
0
LINE
8
BLACK
6
CONTINUOUS
10
5.40668
20
-4.44206
11
5.40668
21
-4.44206
0
LINE
8
BLACK
6
CONTINUOUS
10
5.40668
20
-4.44206
11
5.40416
21
-4.44073
0
LINE
8
BLACK
6
CONTINUOUS
10
5.40416
20
-4.44073
11
5.40075
21
-4.43895
0
LINE
8
BLACK
6
CONTINUOUS
10
5.40075
20
-4.43895
11
5.40075
21
-4.43895
0
LINE
8
BLACK
6
CONTINUOUS
10
5.40075
20
-4.43895
11
5.39741
21
-4.43812
0
LINE
8
BLACK
6
CONTINUOUS
10
5.39741
20
-4.43812
11
5.39425
21
-4.43734
0
LINE
8
BLACK
6
CONTINUOUS
10
5.39425
20
-4.43734
11
5.38755
21
-4.43734
0
LINE
8
BLACK
6
CONTINUOUS
10
5.38755
20
-4.43734
11
5.38105
21
-4.43895
0
LINE
8
BLACK
6
CONTINUOUS
10
5.38105
20
-4.43895
11
5.37512
21
-4.44206
0
LINE
8
BLACK
6
CONTINUOUS
10
5.37512
20
-4.44206
11
5.37512
21
-4.44206
0
LINE
8
BLACK
6
CONTINUOUS
10
5.37512
20
-4.44206
11
5.37512
21
-4.44206
0
LINE
8
BLACK
6
CONTINUOUS
10
5.37512
20
-4.44206
11
5.37512
21
-4.44206
0
LINE
8
BLACK
6
CONTINUOUS
10
5.37512
20
-4.44206
11
5.37378
21
-4.44325
0
LINE
8
BLACK
6
CONTINUOUS
10
5.37378
20
-4.44325
11
5.37011
21
-4.4465
0
LINE
8
BLACK
6
CONTINUOUS
10
5.37011
20
-4.4465
11
5.37011
21
-4.4465
0
LINE
8
BLACK
6
CONTINUOUS
10
5.37011
20
-4.4465
11
5.3663
21
-4.45201
0
LINE
8
BLACK
6
CONTINUOUS
10
5.3663
20
-4.45201
11
5.36393
21
-4.45827
0
LINE
8
BLACK
6
CONTINUOUS
10
5.36393
20
-4.45827
11
5.36312
21
-4.46492
0
LINE
8
BLACK
6
CONTINUOUS
10
5.36312
20
-4.46492
11
5.36312
21
-4.46492
0
LINE
8
BLACK
6
CONTINUOUS
10
5.36312
20
-4.46492
11
5.36393
21
-4.47157
0
LINE
8
BLACK
6
CONTINUOUS
10
5.36393
20
-4.47157
11
5.3663
21
-4.47783
0
LINE
8
BLACK
6
CONTINUOUS
10
5.3663
20
-4.47783
11
5.37011
21
-4.48334
0
LINE
8
BLACK
6
CONTINUOUS
10
5.37011
20
-4.48334
11
5.37011
21
-4.48334
0
LINE
8
BLACK
6
CONTINUOUS
10
5.37011
20
-4.48334
11
5.37011
21
-4.48334
0
LINE
8
BLACK
6
CONTINUOUS
10
5.37011
20
-4.48334
11
5.37011
21
-4.48334
0
LINE
8
BLACK
6
CONTINUOUS
10
5.37011
20
-4.48334
11
5.37512
21
-4.48778
0
LINE
8
BLACK
6
CONTINUOUS
10
5.37512
20
-4.48778
11
5.37512
21
-4.48778
0
LINE
8
BLACK
6
CONTINUOUS
10
5.37512
20
-4.48778
11
5.37529
21
-4.48791
0
LINE
8
BLACK
6
CONTINUOUS
10
5.37529
20
-4.48791
11
5.37523
21
-4.488
0
LINE
8
BLACK
6
CONTINUOUS
10
5.37523
20
-4.488
11
5.37656
21
-4.48946
0
LINE
8
BLACK
6
CONTINUOUS
10
5.37656
20
-4.48946
11
5.37666
21
-4.49186
0
LINE
8
BLACK
6
CONTINUOUS
10
5.37666
20
-4.49186
11
5.37519
21
-4.49376
0
LINE
8
BLACK
6
CONTINUOUS
10
5.37519
20
-4.49376
11
5.37496
21
-4.49389
0
LINE
8
BLACK
6
CONTINUOUS
10
5.37496
20
-4.49389
11
5.37496
21
-4.49389
0
LINE
8
BLACK
6
CONTINUOUS
10
5.37496
20
-4.49389
11
5.37496
21
-4.49389
0
LINE
8
BLACK
6
CONTINUOUS
10
5.37496
20
-4.49389
11
5.37496
21
-4.49389
0
LINE
8
BLACK
6
CONTINUOUS
10
5.37496
20
-4.49389
11
5.37288
21
-4.49573
0
LINE
8
BLACK
6
CONTINUOUS
10
5.37288
20
-4.49573
11
5.36994
21
-4.49834
0
LINE
8
BLACK
6
CONTINUOUS
10
5.36994
20
-4.49834
11
5.36994
21
-4.49834
0
LINE
8
BLACK
6
CONTINUOUS
10
5.36994
20
-4.49834
11
5.36614
21
-4.50385
0
LINE
8
BLACK
6
CONTINUOUS
10
5.36614
20
-4.50385
11
5.36376
21
-4.51011
0
LINE
8
BLACK
6
CONTINUOUS
10
5.36376
20
-4.51011
11
5.36296
21
-4.51676
0
LINE
8
BLACK
6
CONTINUOUS
10
5.36296
20
-4.51676
11
5.36296
21
-4.51676
0
LINE
8
BLACK
6
CONTINUOUS
10
5.36296
20
-4.51676
11
5.36376
21
-4.52341
0
LINE
8
BLACK
6
CONTINUOUS
10
5.36376
20
-4.52341
11
5.36614
21
-4.52967
0
LINE
8
BLACK
6
CONTINUOUS
10
5.36614
20
-4.52967
11
5.36994
21
-4.53518
0
LINE
8
BLACK
6
CONTINUOUS
10
5.36994
20
-4.53518
11
5.36994
21
-4.53518
0
LINE
8
BLACK
6
CONTINUOUS
10
5.36994
20
-4.53518
11
5.36994
21
-4.53518
0
LINE
8
BLACK
6
CONTINUOUS
10
5.36994
20
-4.53518
11
5.36994
21
-4.53518
0
LINE
8
BLACK
6
CONTINUOUS
10
5.36994
20
-4.53518
11
5.37496
21
-4.53962
0
LINE
8
BLACK
6
CONTINUOUS
10
5.37496
20
-4.53962
11
5.37496
21
-4.53962
0
LINE
8
BLACK
6
CONTINUOUS
10
5.37496
20
-4.53962
11
5.37703
21
-4.54071
0
LINE
8
BLACK
6
CONTINUOUS
10
5.37703
20
-4.54071
11
5.37865
21
-4.54248
0
LINE
8
BLACK
6
CONTINUOUS
10
5.37865
20
-4.54248
11
5.37874
21
-4.54488
0
LINE
8
BLACK
6
CONTINUOUS
10
5.37874
20
-4.54488
11
5.37788
21
-4.54629
0
LINE
8
BLACK
6
CONTINUOUS
10
5.37788
20
-4.54629
11
5.36761
21
-4.55656
0
LINE
8
BLACK
6
CONTINUOUS
10
5.36761
20
-4.55656
11
5.36597
21
-4.55749
0
LINE
8
BLACK
6
CONTINUOUS
10
5.36597
20
-4.55749
11
5.36005
21
-4.55895
0
LINE
8
BLACK
6
CONTINUOUS
10
5.36005
20
-4.55895
11
5.35412
21
-4.56206
0
LINE
8
BLACK
6
CONTINUOUS
10
5.35412
20
-4.56206
11
5.35412
21
-4.56206
0
LINE
8
BLACK
6
CONTINUOUS
10
5.35412
20
-4.56206
11
5.35412
21
-4.56206
0
LINE
8
BLACK
6
CONTINUOUS
10
5.35412
20
-4.56206
11
5.35412
21
-4.56206
0
LINE
8
BLACK
6
CONTINUOUS
10
5.35412
20
-4.56206
11
5.35192
21
-4.56401
0
LINE
8
BLACK
6
CONTINUOUS
10
5.35192
20
-4.56401
11
5.34911
21
-4.5665
0
LINE
8
BLACK
6
CONTINUOUS
10
5.34911
20
-4.5665
11
5.34911
21
-4.5665
0
LINE
8
BLACK
6
CONTINUOUS
10
5.34911
20
-4.5665
11
5.3453
21
-4.57201
0
LINE
8
BLACK
6
CONTINUOUS
10
5.3453
20
-4.57201
11
5.34457
21
-4.57394
0
LINE
8
BLACK
6
CONTINUOUS
10
5.34457
20
-4.57394
11
5.34293
21
-4.57827
0
LINE
8
BLACK
6
CONTINUOUS
10
5.34293
20
-4.57827
11
5.34212
21
-4.58492
0
LINE
8
BLACK
6
CONTINUOUS
10
5.34212
20
-4.58492
11
5.34253
21
-4.58832
0
LINE
8
BLACK
6
CONTINUOUS
10
5.34253
20
-4.58832
11
5.34293
21
-4.59157
0
LINE
8
BLACK
6
CONTINUOUS
10
5.34293
20
-4.59157
11
5.3453
21
-4.59783
0
LINE
8
BLACK
6
CONTINUOUS
10
5.3453
20
-4.59783
11
5.34911
21
-4.60334
0
LINE
8
BLACK
6
CONTINUOUS
10
5.34911
20
-4.60334
11
5.34911
21
-4.60334
0
LINE
8
BLACK
6
CONTINUOUS
10
5.34911
20
-4.60334
11
5.34911
21
-4.60334
0
LINE
8
BLACK
6
CONTINUOUS
10
5.34911
20
-4.60334
11
5.34911
21
-4.60334
0
LINE
8
BLACK
6
CONTINUOUS
10
5.34911
20
-4.60334
11
5.35412
21
-4.60778
0
LINE
8
BLACK
6
CONTINUOUS
10
5.35412
20
-4.60778
11
5.36005
21
-4.6109
0
LINE
8
BLACK
6
CONTINUOUS
10
5.36005
20
-4.6109
11
5.36655
21
-4.6125
0
LINE
8
BLACK
6
CONTINUOUS
10
5.36655
20
-4.6125
11
5.36655
21
-4.6125
0
LINE
8
BLACK
6
CONTINUOUS
10
5.36655
20
-4.6125
11
5.37325
21
-4.6125
0
LINE
8
BLACK
6
CONTINUOUS
10
5.37325
20
-4.6125
11
5.37325
21
-4.6125
0
LINE
8
BLACK
6
CONTINUOUS
10
5.37325
20
-4.6125
11
5.37975
21
-4.6109
0
LINE
8
BLACK
6
CONTINUOUS
10
5.37975
20
-4.6109
11
5.38568
21
-4.60778
0
LINE
8
BLACK
6
CONTINUOUS
10
5.38568
20
-4.60778
11
5.38907
21
-4.60479
0
LINE
8
BLACK
6
CONTINUOUS
10
5.38907
20
-4.60479
11
5.3913
21
-4.60391
0
LINE
8
BLACK
6
CONTINUOUS
10
5.3913
20
-4.60391
11
5.39357
21
-4.60466
0
LINE
8
BLACK
6
CONTINUOUS
10
5.39357
20
-4.60466
11
5.39428
21
-4.60542
0
LINE
8
BLACK
6
CONTINUOUS
10
5.39428
20
-4.60542
11
5.39744
21
-4.61001
0
LINE
8
BLACK
6
CONTINUOUS
10
5.39744
20
-4.61001
11
5.40246
21
-4.61445
0
LINE
8
BLACK
6
CONTINUOUS
10
5.40246
20
-4.61445
11
5.40839
21
-4.61756
0
LINE
8
BLACK
6
CONTINUOUS
10
5.40839
20
-4.61756
11
5.41431
21
-4.61902
0
LINE
8
BLACK
6
CONTINUOUS
10
5.41431
20
-4.61902
11
5.41595
21
-4.61994
0
LINE
8
BLACK
6
CONTINUOUS
10
5.41595
20
-4.61994
11
5.43445
21
-4.63845
0
LINE
8
BLACK
6
CONTINUOUS
10
5.43445
20
-4.63845
11
5.43623
21
-4.64036
0
LINE
8
BLACK
6
CONTINUOUS
10
5.43623
20
-4.64036
11
5.43775
21
-4.64128
0
LINE
8
BLACK
6
CONTINUOUS
10
5.43775
20
-4.64128
11
5.4379
21
-4.64138
0
LINE
8
BLACK
6
CONTINUOUS
10
5.4379
20
-4.64138
11
5.43878
21
-4.64204
0
LINE
8
BLACK
6
CONTINUOUS
10
5.43878
20
-4.64204
11
5.43932
21
-4.64246
0
LINE
8
BLACK
6
CONTINUOUS
10
5.43932
20
-4.64246
11
5.43932
21
-4.64246
0
LINE
8
BLACK
6
CONTINUOUS
10
5.43932
20
-4.64246
11
5.44008
21
-4.64276
0
LINE
8
BLACK
6
CONTINUOUS
10
5.44008
20
-4.64276
11
5.44062
21
-4.64302
0
LINE
8
BLACK
6
CONTINUOUS
10
5.44062
20
-4.64302
11
5.44132
21
-4.64345
0
LINE
8
BLACK
6
CONTINUOUS
10
5.44132
20
-4.64345
11
5.44132
21
-4.64345
0
LINE
8
BLACK
6
CONTINUOUS
10
5.44132
20
-4.64345
11
5.44132
21
-4.64345
0
LINE
8
BLACK
6
CONTINUOUS
10
5.44132
20
-4.64345
11
5.44132
21
-4.64345
0
LINE
8
BLACK
6
CONTINUOUS
10
5.44132
20
-4.64345
11
5.44304
21
-4.64393
0
LINE
8
BLACK
6
CONTINUOUS
10
5.44304
20
-4.64393
11
5.44321
21
-4.64399
0
LINE
8
BLACK
6
CONTINUOUS
10
5.44321
20
-4.64399
11
5.44486
21
-4.64464
0
LINE
8
BLACK
6
CONTINUOUS
10
5.44486
20
-4.64464
11
5.44568
21
-4.64473
0
LINE
8
BLACK
6
CONTINUOUS
10
5.44568
20
-4.64473
11
5.44627
21
-4.64484
0
LINE
8
BLACK
6
CONTINUOUS
10
5.44627
20
-4.64484
11
5.44706
21
-4.64506
0
LINE
8
BLACK
6
CONTINUOUS
10
5.44706
20
-4.64506
11
5.44884
21
-4.64506
0
LINE
8
BLACK
6
CONTINUOUS
10
5.44884
20
-4.64506
11
5.44902
21
-4.64507
0
LINE
8
BLACK
6
CONTINUOUS
10
5.44902
20
-4.64507
11
5.45029
21
-4.6452
0
LINE
8
BLACK
6
CONTINUOUS
10
5.45029
20
-4.6452
11
5.45079
21
-4.64525
0
LINE
8
BLACK
6
CONTINUOUS
10
5.45079
20
-4.64525
11
5.45079
21
-4.64525
0
LINE
8
BLACK
6
CONTINUOUS
10
5.45079
20
-4.64525
11
5.45079
21
-4.64525
0
LINE
8
BLACK
6
CONTINUOUS
10
5.45079
20
-4.64525
11
5.45148
21
-4.64513
0
LINE
8
BLACK
6
CONTINUOUS
10
5.45148
20
-4.64513
11
5.4516
21
-4.64511
0
LINE
8
BLACK
6
CONTINUOUS
10
5.4516
20
-4.64511
11
5.45219
21
-4.64506
0
LINE
8
BLACK
6
CONTINUOUS
10
5.45219
20
-4.64506
11
5.88346
21
-4.64506
0
LINE
8
BLACK
6
CONTINUOUS
10
5.88346
20
-4.64506
11
6.25173
21
-4.64506
0
LINE
8
BLACK
6
CONTINUOUS
10
6.25173
20
-4.64506
11
6.25399
21
-4.64588
0
LINE
8
BLACK
6
CONTINUOUS
10
6.25399
20
-4.64588
11
6.25519
21
-4.64795
0
LINE
8
BLACK
6
CONTINUOUS
10
6.25519
20
-4.64795
11
6.25477
21
-4.65031
0
LINE
8
BLACK
6
CONTINUOUS
10
6.25477
20
-4.65031
11
6.25421
21
-4.65104
0
LINE
8
BLACK
6
CONTINUOUS
10
6.25421
20
-4.65104
11
6.25287
21
-4.65238
0
LINE
8
BLACK
6
CONTINUOUS
10
6.25287
20
-4.65238
11
6.2507
21
-4.65339
0
LINE
8
BLACK
6
CONTINUOUS
10
6.2507
20
-4.65339
11
6.2504
21
-4.65341
0
LINE
8
BLACK
6
CONTINUOUS
10
6.2504
20
-4.65341
11
5.97313
21
-4.65341
0
LINE
8
BLACK
6
CONTINUOUS
10
5.97313
20
-4.65341
11
5.96784
21
-4.654
0
LINE
8
BLACK
6
CONTINUOUS
10
5.96784
20
-4.654
11
5.96114
21
-4.65635
0
LINE
8
BLACK
6
CONTINUOUS
10
5.96114
20
-4.65635
11
5.95513
21
-4.66013
0
LINE
8
BLACK
6
CONTINUOUS
10
5.95513
20
-4.66013
11
5.95011
21
-4.66515
0
LINE
8
BLACK
6
CONTINUOUS
10
5.95011
20
-4.66515
11
5.94633
21
-4.67116
0
LINE
8
BLACK
6
CONTINUOUS
10
5.94633
20
-4.67116
11
5.94398
21
-4.67786
0
LINE
8
BLACK
6
CONTINUOUS
10
5.94398
20
-4.67786
11
5.94398
21
-4.67786
0
LINE
8
BLACK
6
CONTINUOUS
10
5.94398
20
-4.67786
11
5.94319
21
-4.68492
0
LINE
8
BLACK
6
CONTINUOUS
10
5.94319
20
-4.68492
11
5.94319
21
-4.68492
0
LINE
8
BLACK
6
CONTINUOUS
10
5.94319
20
-4.68492
11
5.94398
21
-4.69198
0
LINE
8
BLACK
6
CONTINUOUS
10
5.94398
20
-4.69198
11
5.94398
21
-4.69198
0
LINE
8
BLACK
6
CONTINUOUS
10
5.94398
20
-4.69198
11
5.94398
21
-4.69198
0
LINE
8
BLACK
6
CONTINUOUS
10
5.94398
20
-4.69198
11
5.94617
21
-4.69824
0
LINE
8
BLACK
6
CONTINUOUS
10
5.94617
20
-4.69824
11
5.94633
21
-4.69868
0
LINE
8
BLACK
6
CONTINUOUS
10
5.94633
20
-4.69868
11
5.95011
21
-4.7047
0
LINE
8
BLACK
6
CONTINUOUS
10
5.95011
20
-4.7047
11
5.95011
21
-4.7047
0
LINE
8
BLACK
6
CONTINUOUS
10
5.95011
20
-4.7047
11
5.95513
21
-4.70972
0
LINE
8
BLACK
6
CONTINUOUS
10
5.95513
20
-4.70972
11
5.95513
21
-4.70972
0
LINE
8
BLACK
6
CONTINUOUS
10
5.95513
20
-4.70972
11
5.95513
21
-4.70972
0
LINE
8
BLACK
6
CONTINUOUS
10
5.95513
20
-4.70972
11
5.96114
21
-4.7135
0
LINE
8
BLACK
6
CONTINUOUS
10
5.96114
20
-4.7135
11
5.96114
21
-4.7135
0
LINE
8
BLACK
6
CONTINUOUS
10
5.96114
20
-4.7135
11
5.96114
21
-4.7135
0
LINE
8
BLACK
6
CONTINUOUS
10
5.96114
20
-4.7135
11
5.96784
21
-4.71584
0
LINE
8
BLACK
6
CONTINUOUS
10
5.96784
20
-4.71584
11
5.96784
21
-4.71584
0
LINE
8
BLACK
6
CONTINUOUS
10
5.96784
20
-4.71584
11
5.96784
21
-4.71584
0
LINE
8
BLACK
6
CONTINUOUS
10
5.96784
20
-4.71584
11
5.96784
21
-4.71584
0
LINE
8
BLACK
6
CONTINUOUS
10
5.96784
20
-4.71584
11
5.97141
21
-4.71624
0
LINE
8
BLACK
6
CONTINUOUS
10
5.97141
20
-4.71624
11
5.97313
21
-4.71644
0
LINE
8
BLACK
6
CONTINUOUS
10
5.97313
20
-4.71644
11
6.26845
21
-4.71644
0
LINE
8
BLACK
6
CONTINUOUS
10
6.26845
20
-4.71644
11
6.26845
21
-4.71644
0
LINE
8
BLACK
6
CONTINUOUS
10
6.26845
20
-4.71644
11
6.26845
21
-4.71644
0
LINE
8
BLACK
6
CONTINUOUS
10
6.26845
20
-4.71644
11
6.26845
21
-4.71644
0
LINE
8
BLACK
6
CONTINUOUS
10
6.26845
20
-4.71644
11
6.27009
21
-4.71606
0
LINE
8
BLACK
6
CONTINUOUS
10
6.27009
20
-4.71606
11
6.27029
21
-4.71603
0
LINE
8
BLACK
6
CONTINUOUS
10
6.27029
20
-4.71603
11
6.27196
21
-4.71584
0
LINE
8
BLACK
6
CONTINUOUS
10
6.27196
20
-4.71584
11
6.27355
21
-4.71529
0
LINE
8
BLACK
6
CONTINUOUS
10
6.27355
20
-4.71529
11
6.27374
21
-4.71523
0
LINE
8
BLACK
6
CONTINUOUS
10
6.27374
20
-4.71523
11
6.27538
21
-4.71486
0
LINE
8
BLACK
6
CONTINUOUS
10
6.27538
20
-4.71486
11
6.27594
21
-4.71459
0
LINE
8
BLACK
6
CONTINUOUS
10
6.27594
20
-4.71459
11
6.27689
21
-4.71413
0
LINE
8
BLACK
6
CONTINUOUS
10
6.27689
20
-4.71413
11
6.27707
21
-4.71405
0
LINE
8
BLACK
6
CONTINUOUS
10
6.27707
20
-4.71405
11
6.27866
21
-4.7135
0
LINE
8
BLACK
6
CONTINUOUS
10
6.27866
20
-4.7135
11
6.28009
21
-4.7126
0
LINE
8
BLACK
6
CONTINUOUS
10
6.28009
20
-4.7126
11
6.28026
21
-4.71251
0
LINE
8
BLACK
6
CONTINUOUS
10
6.28026
20
-4.71251
11
6.28127
21
-4.71202
0
LINE
8
BLACK
6
CONTINUOUS
10
6.28127
20
-4.71202
11
6.28178
21
-4.71178
0
LINE
8
BLACK
6
CONTINUOUS
10
6.28178
20
-4.71178
11
6.28191
21
-4.71166
0
LINE
8
BLACK
6
CONTINUOUS
10
6.28191
20
-4.71166
11
6.28309
21
-4.71073
0
LINE
8
BLACK
6
CONTINUOUS
10
6.28309
20
-4.71073
11
6.28325
21
-4.71061
0
LINE
8
BLACK
6
CONTINUOUS
10
6.28325
20
-4.71061
11
6.28468
21
-4.70972
0
LINE
8
BLACK
6
CONTINUOUS
10
6.28468
20
-4.70972
11
6.28719
21
-4.70721
0
LINE
8
BLACK
6
CONTINUOUS
10
6.28719
20
-4.70721
11
6.2897
21
-4.7047
0
LINE
8
BLACK
6
CONTINUOUS
10
6.2897
20
-4.7047
11
6.79175
21
-4.20265
0
LINE
8
BLACK
6
CONTINUOUS
10
6.79175
20
-4.20265
11
6.79299
21
-4.2014
0
LINE
8
BLACK
6
CONTINUOUS
10
6.79299
20
-4.2014
11
6.79517
21
-4.20039
0
LINE
8
BLACK
6
CONTINUOUS
10
6.79517
20
-4.20039
11
6.79748
21
-4.20101
0
LINE
8
BLACK
6
CONTINUOUS
10
6.79748
20
-4.20101
11
6.79886
21
-4.20297
0
LINE
8
BLACK
6
CONTINUOUS
10
6.79886
20
-4.20297
11
6.79898
21
-4.20388
0
LINE
8
BLACK
6
CONTINUOUS
10
6.79898
20
-4.20388
11
6.79898
21
-4.84549
0
LINE
8
BLACK
6
CONTINUOUS
10
6.79898
20
-4.84549
11
6.79816
21
-4.84774
0
LINE
8
BLACK
6
CONTINUOUS
10
6.79816
20
-4.84774
11
6.79608
21
-4.84894
0
LINE
8
BLACK
6
CONTINUOUS
10
6.79608
20
-4.84894
11
6.79547
21
-4.849
0
LINE
8
BLACK
6
CONTINUOUS
10
6.79547
20
-4.849
11
4.83433
21
-4.849
0
LINE
8
BLACK
6
CONTINUOUS
10
4.83433
20
-4.849
11
4.83208
21
-4.84818
0
LINE
8
BLACK
6
CONTINUOUS
10
4.83208
20
-4.84818
11
4.83088
21
-4.8461
0
LINE
8
BLACK
6
CONTINUOUS
10
4.83088
20
-4.8461
11
4.83083
21
-4.84549
0
LINE
8
BLACK
6
CONTINUOUS
10
4.83083
20
-4.84549
11
4.83083
21
-4.26492
0
LINE
8
BLACK
6
CONTINUOUS
10
4.83083
20
-4.26492
11
4.83083
21
-3.625
0
LINE
8
BLACK
6
CONTINUOUS
10
4.83083
20
-3.625
11
4.83083
21
-3.28484
0
LINE
8
BLACK
6
CONTINUOUS
10
4.83083
20
-3.28484
11
4.83083
21
-2.88435
0
LINE
8
BLACK
6
CONTINUOUS
10
4.83083
20
-2.88435
11
4.83165
21
-2.8821
0
LINE
8
BLACK
6
CONTINUOUS
10
4.83165
20
-2.8821
11
4.83372
21
-2.8809
0
LINE
8
BLACK
6
CONTINUOUS
10
4.83372
20
-2.8809
11
4.83433
21
-2.88085
0
LINE
8
BLACK
6
CONTINUOUS
10
4.83433
20
-2.88085
11
6.79547
21
-2.88085
0
LINE
8
BLACK
6
CONTINUOUS
10
6.79547
20
-2.88085
11
6.79772
21
-2.88167
0
LINE
8
BLACK
6
CONTINUOUS
10
5.02293
20
-4.30657
11
5.0253
21
-4.31283
0
LINE
8
BLACK
6
CONTINUOUS
10
5.0253
20
-4.31283
11
5.02911
21
-4.31834
0
LINE
8
BLACK
6
CONTINUOUS
10
5.02911
20
-4.31834
11
5.02911
21
-4.31834
0
LINE
8
BLACK
6
CONTINUOUS
10
5.02911
20
-4.31834
11
5.02911
21
-4.31834
0
LINE
8
BLACK
6
CONTINUOUS
10
5.02911
20
-4.31834
11
5.02911
21
-4.31834
0
LINE
8
BLACK
6
CONTINUOUS
10
5.02911
20
-4.31834
11
5.03412
21
-4.32278
0
LINE
8
BLACK
6
CONTINUOUS
10
5.03412
20
-4.32278
11
5.03954
21
-4.32563
0
LINE
8
BLACK
6
CONTINUOUS
10
5.03954
20
-4.32563
11
5.04116
21
-4.3274
0
LINE
8
BLACK
6
CONTINUOUS
10
5.04116
20
-4.3274
11
5.04125
21
-4.3298
0
LINE
8
BLACK
6
CONTINUOUS
10
5.04125
20
-4.3298
11
5.03979
21
-4.33169
0
LINE
8
BLACK
6
CONTINUOUS
10
5.03979
20
-4.33169
11
5.03954
21
-4.33184
0
LINE
8
BLACK
6
CONTINUOUS
10
5.03954
20
-4.33184
11
5.03912
21
-4.33206
0
LINE
8
BLACK
6
CONTINUOUS
10
5.03912
20
-4.33206
11
5.03912
21
-4.33206
0
LINE
8
BLACK
6
CONTINUOUS
10
5.03912
20
-4.33206
11
5.03912
21
-4.33206
0
LINE
8
BLACK
6
CONTINUOUS
10
5.03912
20
-4.33206
11
5.03912
21
-4.33206
0
LINE
8
BLACK
6
CONTINUOUS
10
5.03912
20
-4.33206
11
5.03681
21
-4.3341
0
LINE
8
BLACK
6
CONTINUOUS
10
5.03681
20
-4.3341
11
5.03411
21
-4.3365
0
LINE
8
BLACK
6
CONTINUOUS
10
5.03411
20
-4.3365
11
5.03411
21
-4.3365
0
LINE
8
BLACK
6
CONTINUOUS
10
5.03411
20
-4.3365
11
5.0303
21
-4.34201
0
LINE
8
BLACK
6
CONTINUOUS
10
5.0303
20
-4.34201
11
5.02793
21
-4.34827
0
LINE
8
BLACK
6
CONTINUOUS
10
5.02793
20
-4.34827
11
5.02753
21
-4.35157
0
LINE
8
BLACK
6
CONTINUOUS
10
5.02753
20
-4.35157
11
5.02712
21
-4.35492
0
LINE
8
BLACK
6
CONTINUOUS
10
5.02712
20
-4.35492
11
5.02793
21
-4.36157
0
LINE
8
BLACK
6
CONTINUOUS
10
5.02793
20
-4.36157
11
5.03028
21
-4.36778
0
LINE
8
BLACK
6
CONTINUOUS
10
5.03028
20
-4.36778
11
5.0303
21
-4.36783
0
LINE
8
BLACK
6
CONTINUOUS
10
5.0303
20
-4.36783
11
5.03411
21
-4.37334
0
LINE
8
BLACK
6
CONTINUOUS
10
5.03411
20
-4.37334
11
5.03411
21
-4.37334
0
LINE
8
BLACK
6
CONTINUOUS
10
5.03411
20
-4.37334
11
5.03411
21
-4.37334
0
LINE
8
BLACK
6
CONTINUOUS
10
5.03411
20
-4.37334
11
5.03411
21
-4.37334
0
LINE
8
BLACK
6
CONTINUOUS
10
5.03411
20
-4.37334
11
5.03912
21
-4.37778
0
LINE
8
BLACK
6
CONTINUOUS
10
5.03912
20
-4.37778
11
5.04505
21
-4.3809
0
LINE
8
BLACK
6
CONTINUOUS
10
5.04505
20
-4.3809
11
5.05155
21
-4.3825
0
LINE
8
BLACK
6
CONTINUOUS
10
5.05155
20
-4.3825
11
5.05155
21
-4.3825
0
LINE
8
BLACK
6
CONTINUOUS
10
5.05155
20
-4.3825
11
5.05825
21
-4.3825
0
LINE
8
BLACK
6
CONTINUOUS
10
5.05825
20
-4.3825
11
5.05825
21
-4.3825
0
LINE
8
BLACK
6
CONTINUOUS
10
5.05825
20
-4.3825
11
5.06475
21
-4.3809
0
LINE
8
BLACK
6
CONTINUOUS
10
5.06475
20
-4.3809
11
5.07068
21
-4.37778
0
LINE
8
BLACK
6
CONTINUOUS
10
5.07068
20
-4.37778
11
5.0757
21
-4.37334
0
LINE
8
BLACK
6
CONTINUOUS
10
5.0757
20
-4.37334
11
5.0795
21
-4.36783
0
LINE
8
BLACK
6
CONTINUOUS
10
5.0795
20
-4.36783
11
5.08188
21
-4.36157
0
LINE
8
BLACK
6
CONTINUOUS
10
5.08188
20
-4.36157
11
5.08214
21
-4.35939
0
LINE
8
BLACK
6
CONTINUOUS
10
5.08214
20
-4.35939
11
5.08314
21
-4.35733
0
LINE
8
BLACK
6
CONTINUOUS
10
5.08314
20
-4.35733
11
5.11285
21
-4.32762
0
LINE
8
BLACK
6
CONTINUOUS
10
5.11285
20
-4.32762
11
5.11502
21
-4.32661
0
LINE
8
BLACK
6
CONTINUOUS
10
5.11502
20
-4.32661
11
5.11533
21
-4.32659
0
LINE
8
BLACK
6
CONTINUOUS
10
5.11533
20
-4.32659
11
5.14192
21
-4.32659
0
LINE
8
BLACK
6
CONTINUOUS
10
5.14192
20
-4.32659
11
5.47645
21
-4.32659
0
LINE
8
BLACK
6
CONTINUOUS
10
5.47645
20
-4.32659
11
5.4787
21
-4.32741
0
LINE
8
BLACK
6
CONTINUOUS
10
5.4787
20
-4.32741
11
5.47877
21
-4.32748
0
LINE
8
BLACK
6
CONTINUOUS
10
5.47877
20
-4.32748
11
5.47912
21
-4.32778
0
LINE
8
BLACK
6
CONTINUOUS
10
5.47912
20
-4.32778
11
5.48505
21
-4.3309
0
LINE
8
BLACK
6
CONTINUOUS
10
5.48505
20
-4.3309
11
5.49155
21
-4.3325
0
LINE
8
BLACK
6
CONTINUOUS
10
5.49155
20
-4.3325
11
5.49155
21
-4.3325
0
LINE
8
BLACK
6
CONTINUOUS
10
5.49155
20
-4.3325
11
5.49825
21
-4.3325
0
LINE
8
BLACK
6
CONTINUOUS
10
5.49825
20
-4.3325
11
5.49825
21
-4.3325
0
LINE
8
BLACK
6
CONTINUOUS
10
5.49825
20
-4.3325
11
5.50475
21
-4.3309
0
LINE
8
BLACK
6
CONTINUOUS
10
5.50475
20
-4.3309
11
5.51068
21
-4.32778
0
LINE
8
BLACK
6
CONTINUOUS
10
5.51068
20
-4.32778
11
5.5157
21
-4.32334
0
LINE
8
BLACK
6
CONTINUOUS
10
5.5157
20
-4.32334
11
5.5195
21
-4.31783
0
LINE
8
BLACK
6
CONTINUOUS
10
5.5195
20
-4.31783
11
5.52188
21
-4.31157
0
LINE
8
BLACK
6
CONTINUOUS
10
5.52188
20
-4.31157
11
5.52268
21
-4.30492
0
LINE
8
BLACK
6
CONTINUOUS
10
5.52268
20
-4.30492
11
5.52188
21
-4.29827
0
LINE
8
BLACK
6
CONTINUOUS
10
5.52188
20
-4.29827
11
5.5195
21
-4.29201
0
LINE
8
BLACK
6
CONTINUOUS
10
5.5195
20
-4.29201
11
5.51658
21
-4.28778
0
LINE
8
BLACK
6
CONTINUOUS
10
5.51658
20
-4.28778
11
5.5157
21
-4.2865
0
LINE
8
BLACK
6
CONTINUOUS
10
5.5157
20
-4.2865
11
5.5157
21
-4.2865
0
LINE
8
BLACK
6
CONTINUOUS
10
5.5157
20
-4.2865
11
5.5157
21
-4.2865
0
LINE
8
BLACK
6
CONTINUOUS
10
5.5157
20
-4.2865
11
5.51068
21
-4.28206
0
LINE
8
BLACK
6
CONTINUOUS
10
5.51068
20
-4.28206
11
5.51068
21
-4.28206
0
LINE
8
BLACK
6
CONTINUOUS
10
5.51068
20
-4.28206
11
5.51068
21
-4.28206
0
LINE
8
BLACK
6
CONTINUOUS
10
5.51068
20
-4.28206
11
5.50475
21
-4.27895
0
LINE
8
BLACK
6
CONTINUOUS
10
5.50475
20
-4.27895
11
5.49985
21
-4.27774
0
LINE
8
BLACK
6
CONTINUOUS
10
5.49985
20
-4.27774
11
5.49825
21
-4.27734
0
LINE
8
BLACK
6
CONTINUOUS
10
5.49825
20
-4.27734
11
5.4917
21
-4.27734
0
LINE
8
BLACK
6
CONTINUOUS
10
5.4917
20
-4.27734
11
5.48945
21
-4.27652
0
LINE
8
BLACK
6
CONTINUOUS
10
5.48945
20
-4.27652
11
5.48825
21
-4.27445
0
LINE
8
BLACK
6
CONTINUOUS
10
5.48825
20
-4.27445
11
5.4884
21
-4.27286
0
LINE
8
BLACK
6
CONTINUOUS
10
5.4884
20
-4.27286
11
5.48836
21
-4.27285
0
LINE
8
BLACK
6
CONTINUOUS
10
5.48836
20
-4.27285
11
5.48841
21
-4.27264
0
LINE
8
BLACK
6
CONTINUOUS
10
5.48841
20
-4.27264
11
5.48843
21
-4.27249
0
LINE
8
BLACK
6
CONTINUOUS
10
5.48843
20
-4.27249
11
5.48922
21
-4.26599
0
LINE
8
BLACK
6
CONTINUOUS
10
5.48922
20
-4.26599
11
5.48841
21
-4.25934
0
LINE
8
BLACK
6
CONTINUOUS
10
5.48841
20
-4.25934
11
5.48604
21
-4.25308
0
LINE
8
BLACK
6
CONTINUOUS
10
5.48604
20
-4.25308
11
5.4853
21
-4.25201
0
LINE
8
BLACK
6
CONTINUOUS
10
5.4853
20
-4.25201
11
5.48223
21
-4.24757
0
LINE
8
BLACK
6
CONTINUOUS
10
5.48223
20
-4.24757
11
5.48223
21
-4.24757
0
LINE
8
BLACK
6
CONTINUOUS
10
5.48223
20
-4.24757
11
5.48193
21
-4.2473
0
LINE
8
BLACK
6
CONTINUOUS
10
5.48193
20
-4.2473
11
5.47722
21
-4.24313
0
LINE
8
BLACK
6
CONTINUOUS
10
5.47722
20
-4.24313
11
5.47722
21
-4.24313
0
LINE
8
BLACK
6
CONTINUOUS
10
5.47722
20
-4.24313
11
5.47722
21
-4.24313
0
LINE
8
BLACK
6
CONTINUOUS
10
5.47722
20
-4.24313
11
5.47129
21
-4.24002
0
LINE
8
BLACK
6
CONTINUOUS
10
5.47129
20
-4.24002
11
5.46639
21
-4.23881
0
LINE
8
BLACK
6
CONTINUOUS
10
5.46639
20
-4.23881
11
5.46479
21
-4.23841
0
LINE
8
BLACK
6
CONTINUOUS
10
5.46479
20
-4.23841
11
5.45809
21
-4.23841
0
LINE
8
BLACK
6
CONTINUOUS
10
5.45809
20
-4.23841
11
5.45159
21
-4.24002
0
LINE
8
BLACK
6
CONTINUOUS
10
5.45159
20
-4.24002
11
5.44566
21
-4.24313
0
LINE
8
BLACK
6
CONTINUOUS
10
5.44566
20
-4.24313
11
5.44566
21
-4.24313
0
LINE
8
BLACK
6
CONTINUOUS
10
5.44566
20
-4.24313
11
5.44531
21
-4.24344
0
LINE
8
BLACK
6
CONTINUOUS
10
5.44531
20
-4.24344
11
5.44308
21
-4.24432
0
LINE
8
BLACK
6
CONTINUOUS
10
5.44308
20
-4.24432
11
5.44298
21
-4.24432
0
LINE
8
BLACK
6
CONTINUOUS
10
5.44298
20
-4.24432
11
5.0842
21
-4.24432
0
LINE
8
BLACK
6
CONTINUOUS
10
5.0842
20
-4.24432
11
5.08159
21
-4.24423
0
LINE
8
BLACK
6
CONTINUOUS
10
5.08159
20
-4.24423
11
5.07987
21
-4.24465
0
LINE
8
BLACK
6
CONTINUOUS
10
5.07987
20
-4.24465
11
5.07969
21
-4.24468
0
LINE
8
BLACK
6
CONTINUOUS
10
5.07969
20
-4.24468
11
5.07793
21
-4.24493
0
LINE
8
BLACK
6
CONTINUOUS
10
5.07793
20
-4.24493
11
5.07717
21
-4.24526
0
LINE
8
BLACK
6
CONTINUOUS
10
5.07717
20
-4.24526
11
5.07661
21
-4.24545
0
LINE
8
BLACK
6
CONTINUOUS
10
5.07661
20
-4.24545
11
5.0758
21
-4.24564
0
LINE
8
BLACK
6
CONTINUOUS
10
5.0758
20
-4.24564
11
5.0758
21
-4.24564
0
LINE
8
BLACK
6
CONTINUOUS
10
5.0758
20
-4.24564
11
5.07425
21
-4.24651
0
LINE
8
BLACK
6
CONTINUOUS
10
5.07425
20
-4.24651
11
5.07409
21
-4.24659
0
LINE
8
BLACK
6
CONTINUOUS
10
5.07409
20
-4.24659
11
5.07246
21
-4.2473
0
LINE
8
BLACK
6
CONTINUOUS
10
5.07246
20
-4.2473
11
5.07246
21
-4.2473
0
LINE
8
BLACK
6
CONTINUOUS
10
5.07246
20
-4.2473
11
5.07182
21
-4.24782
0
LINE
8
BLACK
6
CONTINUOUS
10
5.07182
20
-4.24782
11
5.07133
21
-4.24816
0
LINE
8
BLACK
6
CONTINUOUS
10
5.07133
20
-4.24816
11
5.07061
21
-4.24856
0
LINE
8
BLACK
6
CONTINUOUS
10
5.07061
20
-4.24856
11
5.07061
21
-4.24856
0
LINE
8
BLACK
6
CONTINUOUS
10
5.07061
20
-4.24856
11
5.06935
21
-4.24982
0
LINE
8
BLACK
6
CONTINUOUS
10
5.06935
20
-4.24982
11
5.06922
21
-4.24994
0
LINE
8
BLACK
6
CONTINUOUS
10
5.06922
20
-4.24994
11
5.06784
21
-4.25106
0
LINE
8
BLACK
6
CONTINUOUS
10
5.06784
20
-4.25106
11
5.06784
21
-4.25106
0
LINE
8
BLACK
6
CONTINUOUS
10
5.06784
20
-4.25106
11
5.06737
21
-4.25173
0
LINE
8
BLACK
6
CONTINUOUS
10
5.06737
20
-4.25173
11
5.06698
21
-4.25219
0
LINE
8
BLACK
6
CONTINUOUS
10
5.06698
20
-4.25219
11
5.04761
21
-4.27156
0
LINE
8
BLACK
6
CONTINUOUS
10
5.04761
20
-4.27156
11
5.04597
21
-4.27249
0
LINE
8
BLACK
6
CONTINUOUS
10
5.04597
20
-4.27249
11
5.04005
21
-4.27395
0
LINE
8
BLACK
6
CONTINUOUS
10
5.04005
20
-4.27395
11
5.03412
21
-4.27706
0
LINE
8
BLACK
6
CONTINUOUS
10
5.03412
20
-4.27706
11
5.03412
21
-4.27706
0
LINE
8
BLACK
6
CONTINUOUS
10
5.03412
20
-4.27706
11
5.03412
21
-4.27706
0
LINE
8
BLACK
6
CONTINUOUS
10
5.03412
20
-4.27706
11
5.03412
21
-4.27706
0
LINE
8
BLACK
6
CONTINUOUS
10
5.03412
20
-4.27706
11
5.03325
21
-4.27783
0
LINE
8
BLACK
6
CONTINUOUS
10
5.03325
20
-4.27783
11
5.02911
21
-4.2815
0
LINE
8
BLACK
6
CONTINUOUS
10
5.02911
20
-4.2815
11
5.02911
21
-4.2815
0
LINE
8
BLACK
6
CONTINUOUS
10
5.02911
20
-4.2815
11
5.0253
21
-4.28701
0
LINE
8
BLACK
6
CONTINUOUS
10
5.0253
20
-4.28701
11
5.02293
21
-4.29327
0
LINE
8
BLACK
6
CONTINUOUS
10
5.02293
20
-4.29327
11
5.02212
21
-4.29992
0
LINE
8
BLACK
6
CONTINUOUS
10
5.02212
20
-4.29992
11
5.02212
21
-4.29992
0
LINE
8
BLACK
6
CONTINUOUS
10
5.02212
20
-4.29992
11
5.02293
21
-4.30657
0
LINE
8
BLACK
6
CONTINUOUS
10
4.85293
20
-4.27157
11
4.85501
21
-4.27706
0
LINE
8
BLACK
6
CONTINUOUS
10
4.85501
20
-4.27706
11
4.8553
21
-4.27783
0
LINE
8
BLACK
6
CONTINUOUS
10
4.8553
20
-4.27783
11
4.85911
21
-4.28334
0
LINE
8
BLACK
6
CONTINUOUS
10
4.85911
20
-4.28334
11
4.85911
21
-4.28334
0
LINE
8
BLACK
6
CONTINUOUS
10
4.85911
20
-4.28334
11
4.85911
21
-4.28334
0
LINE
8
BLACK
6
CONTINUOUS
10
4.85911
20
-4.28334
11
4.85911
21
-4.28334
0
LINE
8
BLACK
6
CONTINUOUS
10
4.85911
20
-4.28334
11
4.86412
21
-4.28778
0
LINE
8
BLACK
6
CONTINUOUS
10
4.86412
20
-4.28778
11
4.87005
21
-4.2909
0
LINE
8
BLACK
6
CONTINUOUS
10
4.87005
20
-4.2909
11
4.87655
21
-4.2925
0
LINE
8
BLACK
6
CONTINUOUS
10
4.87655
20
-4.2925
11
4.87655
21
-4.2925
0
LINE
8
BLACK
6
CONTINUOUS
10
4.87655
20
-4.2925
11
4.88325
21
-4.2925
0
LINE
8
BLACK
6
CONTINUOUS
10
4.88325
20
-4.2925
11
4.88325
21
-4.2925
0
LINE
8
BLACK
6
CONTINUOUS
10
4.88325
20
-4.2925
11
4.88975
21
-4.2909
0
LINE
8
BLACK
6
CONTINUOUS
10
4.88975
20
-4.2909
11
4.89568
21
-4.28778
0
LINE
8
BLACK
6
CONTINUOUS
10
4.89568
20
-4.28778
11
4.9007
21
-4.28334
0
LINE
8
BLACK
6
CONTINUOUS
10
4.9007
20
-4.28334
11
4.9045
21
-4.27783
0
LINE
8
BLACK
6
CONTINUOUS
10
4.9045
20
-4.27783
11
4.90688
21
-4.27157
0
LINE
8
BLACK
6
CONTINUOUS
10
4.90688
20
-4.27157
11
4.90714
21
-4.26939
0
LINE
8
BLACK
6
CONTINUOUS
10
4.90714
20
-4.26939
11
4.90814
21
-4.26733
0
LINE
8
BLACK
6
CONTINUOUS
10
4.90814
20
-4.26733
11
5.43225
21
-3.74323
0
LINE
8
BLACK
6
CONTINUOUS
10
5.43225
20
-3.74323
11
5.43442
21
-3.74221
0
LINE
8
BLACK
6
CONTINUOUS
10
5.43442
20
-3.74221
11
5.43673
21
-3.74283
0
LINE
8
BLACK
6
CONTINUOUS
10
5.43673
20
-3.74283
11
5.43811
21
-3.7448
0
LINE
8
BLACK
6
CONTINUOUS
10
5.43811
20
-3.7448
11
5.43823
21
-3.7457
0
LINE
8
BLACK
6
CONTINUOUS
10
5.43823
20
-3.7457
11
5.43823
21
-3.75949
0
LINE
8
BLACK
6
CONTINUOUS
10
5.43823
20
-3.75949
11
5.43741
21
-3.76174
0
LINE
8
BLACK
6
CONTINUOUS
10
5.43741
20
-3.76174
11
5.4372
21
-3.76197
0
LINE
8
BLACK
6
CONTINUOUS
10
5.4372
20
-3.76197
11
4.88261
21
-4.31656
0
LINE
8
BLACK
6
CONTINUOUS
10
4.88261
20
-4.31656
11
4.88097
21
-4.31749
0
LINE
8
BLACK
6
CONTINUOUS
10
4.88097
20
-4.31749
11
4.87505
21
-4.31895
0
LINE
8
BLACK
6
CONTINUOUS
10
4.87505
20
-4.31895
11
4.86912
21
-4.32206
0
LINE
8
BLACK
6
CONTINUOUS
10
4.86912
20
-4.32206
11
4.86912
21
-4.32206
0
LINE
8
BLACK
6
CONTINUOUS
10
4.86912
20
-4.32206
11
4.86912
21
-4.32206
0
LINE
8
BLACK
6
CONTINUOUS
10
4.86912
20
-4.32206
11
4.86912
21
-4.32206
0
LINE
8
BLACK
6
CONTINUOUS
10
4.86912
20
-4.32206
11
4.8683
21
-4.32278
0
LINE
8
BLACK
6
CONTINUOUS
10
4.8683
20
-4.32278
11
4.86411
21
-4.3265
0
LINE
8
BLACK
6
CONTINUOUS
10
4.86411
20
-4.3265
11
4.86411
21
-4.3265
0
LINE
8
BLACK
6
CONTINUOUS
10
4.86411
20
-4.3265
11
4.8603
21
-4.33201
0
LINE
8
BLACK
6
CONTINUOUS
10
4.8603
20
-4.33201
11
4.8603
21
-4.33201
0
LINE
8
BLACK
6
CONTINUOUS
10
4.8603
20
-4.33201
11
4.85793
21
-4.33827
0
LINE
8
BLACK
6
CONTINUOUS
10
4.85793
20
-4.33827
11
4.85712
21
-4.34492
0
LINE
8
BLACK
6
CONTINUOUS
10
4.85712
20
-4.34492
11
4.85793
21
-4.35157
0
LINE
8
BLACK
6
CONTINUOUS
10
4.85793
20
-4.35157
11
4.86011
21
-4.35733
0
LINE
8
BLACK
6
CONTINUOUS
10
4.86011
20
-4.35733
11
4.8603
21
-4.35783
0
LINE
8
BLACK
6
CONTINUOUS
10
4.8603
20
-4.35783
11
4.86411
21
-4.36334
0
LINE
8
BLACK
6
CONTINUOUS
10
4.86411
20
-4.36334
11
4.86411
21
-4.36334
0
LINE
8
BLACK
6
CONTINUOUS
10
4.86411
20
-4.36334
11
4.86411
21
-4.36334
0
LINE
8
BLACK
6
CONTINUOUS
10
4.86411
20
-4.36334
11
4.86411
21
-4.36334
0
LINE
8
BLACK
6
CONTINUOUS
10
4.86411
20
-4.36334
11
4.86912
21
-4.36778
0
LINE
8
BLACK
6
CONTINUOUS
10
4.86912
20
-4.36778
11
4.87505
21
-4.3709
0
LINE
8
BLACK
6
CONTINUOUS
10
4.87505
20
-4.3709
11
4.88155
21
-4.3725
0
LINE
8
BLACK
6
CONTINUOUS
10
4.88155
20
-4.3725
11
4.88155
21
-4.3725
0
LINE
8
BLACK
6
CONTINUOUS
10
4.88155
20
-4.3725
11
4.88825
21
-4.3725
0
LINE
8
BLACK
6
CONTINUOUS
10
4.88825
20
-4.3725
11
4.88825
21
-4.3725
0
LINE
8
BLACK
6
CONTINUOUS
10
4.88825
20
-4.3725
11
4.89475
21
-4.3709
0
LINE
8
BLACK
6
CONTINUOUS
10
4.89475
20
-4.3709
11
4.90068
21
-4.36778
0
LINE
8
BLACK
6
CONTINUOUS
10
4.90068
20
-4.36778
11
4.9057
21
-4.36334
0
LINE
8
BLACK
6
CONTINUOUS
10
4.9057
20
-4.36334
11
4.9095
21
-4.35783
0
LINE
8
BLACK
6
CONTINUOUS
10
4.9095
20
-4.35783
11
4.91188
21
-4.35157
0
LINE
8
BLACK
6
CONTINUOUS
10
4.91188
20
-4.35157
11
4.91214
21
-4.34939
0
LINE
8
BLACK
6
CONTINUOUS
10
4.91214
20
-4.34939
11
4.91314
21
-4.34733
0
LINE
8
BLACK
6
CONTINUOUS
10
4.91314
20
-4.34733
11
4.96055
21
-4.29992
0
LINE
8
BLACK
6
CONTINUOUS
10
4.96055
20
-4.29992
11
5.47496
21
-3.78551
0
LINE
8
BLACK
6
CONTINUOUS
10
5.47496
20
-3.78551
11
5.47687
21
-3.78373
0
LINE
8
BLACK
6
CONTINUOUS
10
5.47687
20
-3.78373
11
5.4778
21
-3.78221
0
LINE
8
BLACK
6
CONTINUOUS
10
5.4778
20
-3.78221
11
5.4779
21
-3.78206
0
LINE
8
BLACK
6
CONTINUOUS
10
5.4779
20
-3.78206
11
5.47897
21
-3.78064
0
LINE
8
BLACK
6
CONTINUOUS
10
5.47897
20
-3.78064
11
5.47927
21
-3.77988
0
LINE
8
BLACK
6
CONTINUOUS
10
5.47927
20
-3.77988
11
5.47954
21
-3.77934
0
LINE
8
BLACK
6
CONTINUOUS
10
5.47954
20
-3.77934
11
5.47997
21
-3.77864
0
LINE
8
BLACK
6
CONTINUOUS
10
5.47997
20
-3.77864
11
5.48045
21
-3.77692
0
LINE
8
BLACK
6
CONTINUOUS
10
5.48045
20
-3.77692
11
5.4805
21
-3.77676
0
LINE
8
BLACK
6
CONTINUOUS
10
5.4805
20
-3.77676
11
5.48116
21
-3.7751
0
LINE
8
BLACK
6
CONTINUOUS
10
5.48116
20
-3.7751
11
5.48124
21
-3.77428
0
LINE
8
BLACK
6
CONTINUOUS
10
5.48124
20
-3.77428
11
5.48135
21
-3.77369
0
LINE
8
BLACK
6
CONTINUOUS
10
5.48135
20
-3.77369
11
5.48157
21
-3.7729
0
LINE
8
BLACK
6
CONTINUOUS
10
5.48157
20
-3.7729
11
5.48157
21
-3.77112
0
LINE
8
BLACK
6
CONTINUOUS
10
5.48157
20
-3.77112
11
5.48158
21
-3.77094
0
LINE
8
BLACK
6
CONTINUOUS
10
5.48158
20
-3.77094
11
5.48159
21
-3.77092
0
LINE
8
BLACK
6
CONTINUOUS
10
5.48159
20
-3.77092
11
5.48177
21
-3.76917
0
LINE
8
BLACK
6
CONTINUOUS
10
5.48177
20
-3.76917
11
5.48163
21
-3.76836
0
LINE
8
BLACK
6
CONTINUOUS
10
5.48163
20
-3.76836
11
5.48157
21
-3.76777
0
LINE
8
BLACK
6
CONTINUOUS
10
5.48157
20
-3.76777
11
5.48157
21
-3.73816
0
LINE
8
BLACK
6
CONTINUOUS
10
5.48157
20
-3.73816
11
5.4822
21
-3.73617
0
LINE
8
BLACK
6
CONTINUOUS
10
5.4822
20
-3.73617
11
5.4845
21
-3.73283
0
LINE
8
BLACK
6
CONTINUOUS
10
5.4845
20
-3.73283
11
5.48688
21
-3.72657
0
LINE
8
BLACK
6
CONTINUOUS
10
5.48688
20
-3.72657
11
5.48768
21
-3.71992
0
LINE
8
BLACK
6
CONTINUOUS
10
5.48768
20
-3.71992
11
5.48688
21
-3.71327
0
LINE
8
BLACK
6
CONTINUOUS
10
5.48688
20
-3.71327
11
5.4845
21
-3.70701
0
LINE
8
BLACK
6
CONTINUOUS
10
5.4845
20
-3.70701
11
5.48389
21
-3.70612
0
LINE
8
BLACK
6
CONTINUOUS
10
5.48389
20
-3.70612
11
5.4807
21
-3.7015
0
LINE
8
BLACK
6
CONTINUOUS
10
5.4807
20
-3.7015
11
5.4807
21
-3.7015
0
LINE
8
BLACK
6
CONTINUOUS
10
5.4807
20
-3.7015
11
5.48039
21
-3.70123
0
LINE
8
BLACK
6
CONTINUOUS
10
5.48039
20
-3.70123
11
5.47568
21
-3.69706
0
LINE
8
BLACK
6
CONTINUOUS
10
5.47568
20
-3.69706
11
5.47568
21
-3.69706
0
LINE
8
BLACK
6
CONTINUOUS
10
5.47568
20
-3.69706
11
5.47568
21
-3.69706
0
LINE
8
BLACK
6
CONTINUOUS
10
5.47568
20
-3.69706
11
5.46975
21
-3.69395
0
LINE
8
BLACK
6
CONTINUOUS
10
5.46975
20
-3.69395
11
5.46485
21
-3.69274
0
LINE
8
BLACK
6
CONTINUOUS
10
5.46485
20
-3.69274
11
5.46325
21
-3.69234
0
LINE
8
BLACK
6
CONTINUOUS
10
5.46325
20
-3.69234
11
5.45655
21
-3.69234
0
LINE
8
BLACK
6
CONTINUOUS
10
5.45655
20
-3.69234
11
5.45655
21
-3.69234
0
LINE
8
BLACK
6
CONTINUOUS
10
5.45655
20
-3.69234
11
5.45092
21
-3.69373
0
LINE
8
BLACK
6
CONTINUOUS
10
5.45092
20
-3.69373
11
5.44853
21
-3.69347
0
LINE
8
BLACK
6
CONTINUOUS
10
5.44853
20
-3.69347
11
5.44687
21
-3.69175
0
LINE
8
BLACK
6
CONTINUOUS
10
5.44687
20
-3.69175
11
5.44657
21
-3.69033
0
LINE
8
BLACK
6
CONTINUOUS
10
5.44657
20
-3.69033
11
5.44657
21
-3.58819
0
LINE
8
BLACK
6
CONTINUOUS
10
5.44657
20
-3.58819
11
5.44657
21
-3.31984
0
LINE
8
BLACK
6
CONTINUOUS
10
5.44657
20
-3.31984
11
5.44739
21
-3.31759
0
LINE
8
BLACK
6
CONTINUOUS
10
5.44739
20
-3.31759
11
5.4476
21
-3.31736
0
LINE
8
BLACK
6
CONTINUOUS
10
5.4476
20
-3.31736
11
5.47719
21
-3.28777
0
LINE
8
BLACK
6
CONTINUOUS
10
5.47719
20
-3.28777
11
5.47883
21
-3.28685
0
LINE
8
BLACK
6
CONTINUOUS
10
5.47883
20
-3.28685
11
5.48475
21
-3.28539
0
LINE
8
BLACK
6
CONTINUOUS
10
5.48475
20
-3.28539
11
5.49068
21
-3.28227
0
LINE
8
BLACK
6
CONTINUOUS
10
5.49068
20
-3.28227
11
5.4957
21
-3.27783
0
LINE
8
BLACK
6
CONTINUOUS
10
5.4957
20
-3.27783
11
5.4995
21
-3.27232
0
LINE
8
BLACK
6
CONTINUOUS
10
5.4995
20
-3.27232
11
5.50188
21
-3.26606
0
LINE
8
BLACK
6
CONTINUOUS
10
5.50188
20
-3.26606
11
5.50268
21
-3.25941
0
LINE
8
BLACK
6
CONTINUOUS
10
5.50268
20
-3.25941
11
5.50188
21
-3.25276
0
LINE
8
BLACK
6
CONTINUOUS
10
5.50188
20
-3.25276
11
5.50188
21
-3.25276
0
LINE
8
BLACK
6
CONTINUOUS
10
5.50188
20
-3.25276
11
5.50188
21
-3.25276
0
LINE
8
BLACK
6
CONTINUOUS
10
5.50188
20
-3.25276
11
5.50173
21
-3.25236
0
LINE
8
BLACK
6
CONTINUOUS
10
5.50173
20
-3.25236
11
5.50169
21
-3.24997
0
LINE
8
BLACK
6
CONTINUOUS
10
5.50169
20
-3.24997
11
5.50321
21
-3.24811
0
LINE
8
BLACK
6
CONTINUOUS
10
5.50321
20
-3.24811
11
5.505
21
-3.24762
0
LINE
8
BLACK
6
CONTINUOUS
10
5.505
20
-3.24762
11
5.52434
21
-3.24762
0
LINE
8
BLACK
6
CONTINUOUS
10
5.52434
20
-3.24762
11
5.5266
21
-3.24844
0
LINE
8
BLACK
6
CONTINUOUS
10
5.5266
20
-3.24844
11
5.52779
21
-3.25051
0
LINE
8
BLACK
6
CONTINUOUS
10
5.52779
20
-3.25051
11
5.52782
21
-3.2507
0
LINE
8
BLACK
6
CONTINUOUS
10
5.52782
20
-3.2507
11
5.52793
21
-3.25157
0
LINE
8
BLACK
6
CONTINUOUS
10
5.52793
20
-3.25157
11
5.53028
21
-3.25778
0
LINE
8
BLACK
6
CONTINUOUS
10
5.53028
20
-3.25778
11
5.5303
21
-3.25783
0
LINE
8
BLACK
6
CONTINUOUS
10
5.5303
20
-3.25783
11
5.53411
21
-3.26334
0
LINE
8
BLACK
6
CONTINUOUS
10
5.53411
20
-3.26334
11
5.53411
21
-3.26334
0
LINE
8
BLACK
6
CONTINUOUS
10
5.53411
20
-3.26334
11
5.53411
21
-3.26334
0
LINE
8
BLACK
6
CONTINUOUS
10
5.53411
20
-3.26334
11
5.53411
21
-3.26334
0
LINE
8
BLACK
6
CONTINUOUS
10
5.53411
20
-3.26334
11
5.53912
21
-3.26778
0
LINE
8
BLACK
6
CONTINUOUS
10
5.53912
20
-3.26778
11
5.54505
21
-3.2709
0
LINE
8
BLACK
6
CONTINUOUS
10
5.54505
20
-3.2709
11
5.55155
21
-3.2725
0
LINE
8
BLACK
6
CONTINUOUS
10
5.55155
20
-3.2725
11
5.55155
21
-3.2725
0
LINE
8
BLACK
6
CONTINUOUS
10
5.55155
20
-3.2725
11
5.55825
21
-3.2725
0
LINE
8
BLACK
6
CONTINUOUS
10
5.55825
20
-3.2725
11
5.55825
21
-3.2725
0
LINE
8
BLACK
6
CONTINUOUS
10
5.55825
20
-3.2725
11
5.56475
21
-3.2709
0
LINE
8
BLACK
6
CONTINUOUS
10
5.56475
20
-3.2709
11
5.57068
21
-3.26778
0
LINE
8
BLACK
6
CONTINUOUS
10
5.57068
20
-3.26778
11
5.5757
21
-3.26334
0
LINE
8
BLACK
6
CONTINUOUS
10
5.5757
20
-3.26334
11
5.5795
21
-3.25783
0
LINE
8
BLACK
6
CONTINUOUS
10
5.5795
20
-3.25783
11
5.58188
21
-3.25157
0
LINE
8
BLACK
6
CONTINUOUS
10
5.58188
20
-3.25157
11
5.58268
21
-3.24492
0
LINE
8
BLACK
6
CONTINUOUS
10
5.58268
20
-3.24492
11
5.58188
21
-3.23827
0
LINE
8
BLACK
6
CONTINUOUS
10
5.58188
20
-3.23827
11
5.5795
21
-3.23201
0
LINE
8
BLACK
6
CONTINUOUS
10
5.5795
20
-3.23201
11
5.5757
21
-3.2265
0
LINE
8
BLACK
6
CONTINUOUS
10
5.5757
20
-3.2265
11
5.57534
21
-3.22619
0
LINE
8
BLACK
6
CONTINUOUS
10
5.57534
20
-3.22619
11
5.5742
21
-3.22408
0
LINE
8
BLACK
6
CONTINUOUS
10
5.5742
20
-3.22408
11
5.57468
21
-3.22173
0
LINE
8
BLACK
6
CONTINUOUS
10
5.57468
20
-3.22173
11
5.57656
21
-3.22024
0
LINE
8
BLACK
6
CONTINUOUS
10
5.57656
20
-3.22024
11
5.57767
21
-3.22006
0
LINE
8
BLACK
6
CONTINUOUS
10
5.57767
20
-3.22006
11
5.59794
21
-3.22006
0
LINE
8
BLACK
6
CONTINUOUS
10
5.59794
20
-3.22006
11
5.60019
21
-3.22088
0
LINE
8
BLACK
6
CONTINUOUS
10
5.60019
20
-3.22088
11
5.60042
21
-3.22109
0
LINE
8
BLACK
6
CONTINUOUS
10
5.60042
20
-3.22109
11
5.61666
21
-3.23733
0
LINE
8
BLACK
6
CONTINUOUS
10
5.61666
20
-3.23733
11
5.61766
21
-3.23939
0
LINE
8
BLACK
6
CONTINUOUS
10
5.61766
20
-3.23939
11
5.61793
21
-3.24157
0
LINE
8
BLACK
6
CONTINUOUS
10
5.61793
20
-3.24157
11
5.6192
21
-3.24492
0
LINE
8
BLACK
6
CONTINUOUS
10
5.6192
20
-3.24492
11
5.6203
21
-3.24783
0
LINE
8
BLACK
6
CONTINUOUS
10
5.6203
20
-3.24783
11
5.62411
21
-3.25334
0
LINE
8
BLACK
6
CONTINUOUS
10
5.62411
20
-3.25334
11
5.62411
21
-3.25334
0
LINE
8
BLACK
6
CONTINUOUS
10
5.62411
20
-3.25334
11
5.62411
21
-3.25334
0
LINE
8
BLACK
6
CONTINUOUS
10
5.62411
20
-3.25334
11
5.62411
21
-3.25334
0
LINE
8
BLACK
6
CONTINUOUS
10
5.62411
20
-3.25334
11
5.62912
21
-3.25778
0
LINE
8
BLACK
6
CONTINUOUS
10
5.62912
20
-3.25778
11
5.63505
21
-3.2609
0
LINE
8
BLACK
6
CONTINUOUS
10
5.63505
20
-3.2609
11
5.64155
21
-3.2625
0
LINE
8
BLACK
6
CONTINUOUS
10
5.64155
20
-3.2625
11
5.64155
21
-3.2625
0
LINE
8
BLACK
6
CONTINUOUS
10
5.64155
20
-3.2625
11
5.64825
21
-3.2625
0
LINE
8
BLACK
6
CONTINUOUS
10
5.64825
20
-3.2625
11
5.64825
21
-3.2625
0
LINE
8
BLACK
6
CONTINUOUS
10
5.64825
20
-3.2625
11
5.65475
21
-3.2609
0
LINE
8
BLACK
6
CONTINUOUS
10
5.65475
20
-3.2609
11
5.66068
21
-3.25778
0
LINE
8
BLACK
6
CONTINUOUS
10
5.66068
20
-3.25778
11
5.6657
21
-3.25334
0
LINE
8
BLACK
6
CONTINUOUS
10
5.6657
20
-3.25334
11
5.6695
21
-3.24783
0
LINE
8
BLACK
6
CONTINUOUS
10
5.6695
20
-3.24783
11
5.67188
21
-3.24157
0
LINE
8
BLACK
6
CONTINUOUS
10
5.67188
20
-3.24157
11
5.67268
21
-3.23492
0
LINE
8
BLACK
6
CONTINUOUS
10
5.67268
20
-3.23492
11
5.67188
21
-3.22827
0
LINE
8
BLACK
6
CONTINUOUS
10
5.67188
20
-3.22827
11
5.6695
21
-3.22201
0
LINE
8
BLACK
6
CONTINUOUS
10
5.6695
20
-3.22201
11
5.6657
21
-3.2165
0
LINE
8
BLACK
6
CONTINUOUS
10
5.6657
20
-3.2165
11
5.66068
21
-3.21206
0
LINE
8
BLACK
6
CONTINUOUS
10
5.66068
20
-3.21206
11
5.66068
21
-3.21206
0
LINE
8
BLACK
6
CONTINUOUS
10
5.66068
20
-3.21206
11
5.66068
21
-3.21206
0
LINE
8
BLACK
6
CONTINUOUS
10
5.66068
20
-3.21206
11
5.65475
21
-3.20895
0
LINE
8
BLACK
6
CONTINUOUS
10
5.65475
20
-3.20895
11
5.64883
21
-3.20749
0
LINE
8
BLACK
6
CONTINUOUS
10
5.64883
20
-3.20749
11
5.64719
21
-3.20656
0
LINE
8
BLACK
6
CONTINUOUS
10
5.64719
20
-3.20656
11
5.62395
21
-3.18332
0
LINE
8
BLACK
6
CONTINUOUS
10
5.62395
20
-3.18332
11
5.6235
21
-3.18283
0
LINE
8
BLACK
6
CONTINUOUS
10
5.6235
20
-3.18283
11
5.62217
21
-3.18142
0
LINE
8
BLACK
6
CONTINUOUS
10
5.62217
20
-3.18142
11
5.62217
21
-3.18142
0
LINE
8
BLACK
6
CONTINUOUS
10
5.62217
20
-3.18142
11
5.62217
21
-3.18142
0
LINE
8
BLACK
6
CONTINUOUS
10
5.62217
20
-3.18142
11
5.62122
21
-3.18084
0
LINE
8
BLACK
6
CONTINUOUS
10
5.62122
20
-3.18084
11
5.62065
21
-3.18049
0
LINE
8
BLACK
6
CONTINUOUS
10
5.62065
20
-3.18049
11
5.62051
21
-3.18039
0
LINE
8
BLACK
6
CONTINUOUS
10
5.62051
20
-3.18039
11
5.61909
21
-3.17932
0
LINE
8
BLACK
6
CONTINUOUS
10
5.61909
20
-3.17932
11
5.61909
21
-3.17932
0
LINE
8
BLACK
6
CONTINUOUS
10
5.61909
20
-3.17932
11
5.61832
21
-3.17901
0
LINE
8
BLACK
6
CONTINUOUS
10
5.61832
20
-3.17901
11
5.61779
21
-3.17875
0
LINE
8
BLACK
6
CONTINUOUS
10
5.61779
20
-3.17875
11
5.61708
21
-3.17832
0
LINE
8
BLACK
6
CONTINUOUS
10
5.61708
20
-3.17832
11
5.61708
21
-3.17832
0
LINE
8
BLACK
6
CONTINUOUS
10
5.61708
20
-3.17832
11
5.61537
21
-3.17784
0
LINE
8
BLACK
6
CONTINUOUS
10
5.61537
20
-3.17784
11
5.6152
21
-3.17778
0
LINE
8
BLACK
6
CONTINUOUS
10
5.6152
20
-3.17778
11
5.61355
21
-3.17713
0
LINE
8
BLACK
6
CONTINUOUS
10
5.61355
20
-3.17713
11
5.61355
21
-3.17713
0
LINE
8
BLACK
6
CONTINUOUS
10
5.61355
20
-3.17713
11
5.61355
21
-3.17713
0
LINE
8
BLACK
6
CONTINUOUS
10
5.61355
20
-3.17713
11
5.61326
21
-3.1771
0
LINE
8
BLACK
6
CONTINUOUS
10
5.61326
20
-3.1771
11
5.61273
21
-3.17705
0
LINE
8
BLACK
6
CONTINUOUS
10
5.61273
20
-3.17705
11
5.61214
21
-3.17694
0
LINE
8
BLACK
6
CONTINUOUS
10
5.61214
20
-3.17694
11
5.61199
21
-3.17689
0
LINE
8
BLACK
6
CONTINUOUS
10
5.61199
20
-3.17689
11
5.61191
21
-3.17687
0
LINE
8
BLACK
6
CONTINUOUS
10
5.61191
20
-3.17687
11
5.60996
21
-3.17547
0
LINE
8
BLACK
6
CONTINUOUS
10
5.60996
20
-3.17547
11
5.60937
21
-3.17315
0
LINE
8
BLACK
6
CONTINUOUS
10
5.60937
20
-3.17315
11
5.60997
21
-3.17151
0
LINE
8
BLACK
6
CONTINUOUS
10
5.60997
20
-3.17151
11
5.61017
21
-3.17122
0
LINE
8
BLACK
6
CONTINUOUS
10
5.61017
20
-3.17122
11
5.61332
21
-3.16665
0
LINE
8
BLACK
6
CONTINUOUS
10
5.61332
20
-3.16665
11
5.61569
21
-3.16039
0
LINE
8
BLACK
6
CONTINUOUS
10
5.61569
20
-3.16039
11
5.6165
21
-3.15374
0
LINE
8
BLACK
6
CONTINUOUS
10
5.6165
20
-3.15374
11
5.61569
21
-3.14709
0
LINE
8
BLACK
6
CONTINUOUS
10
5.61569
20
-3.14709
11
5.61332
21
-3.14083
0
LINE
8
BLACK
6
CONTINUOUS
10
5.61332
20
-3.14083
11
5.61237
21
-3.13945
0
LINE
8
BLACK
6
CONTINUOUS
10
5.61237
20
-3.13945
11
5.60952
21
-3.13532
0
LINE
8
BLACK
6
CONTINUOUS
10
5.60952
20
-3.13532
11
5.60952
21
-3.13532
0
LINE
8
BLACK
6
CONTINUOUS
10
5.60952
20
-3.13532
11
5.60884
21
-3.13472
0
LINE
8
BLACK
6
CONTINUOUS
10
5.60884
20
-3.13472
11
5.6045
21
-3.13088
0
LINE
8
BLACK
6
CONTINUOUS
10
5.6045
20
-3.13088
11
5.6045
21
-3.13088
0
LINE
8
BLACK
6
CONTINUOUS
10
5.6045
20
-3.13088
11
5.6045
21
-3.13088
0
LINE
8
BLACK
6
CONTINUOUS
10
5.6045
20
-3.13088
11
5.59857
21
-3.12776
0
LINE
8
BLACK
6
CONTINUOUS
10
5.59857
20
-3.12776
11
5.59265
21
-3.1263
0
LINE
8
BLACK
6
CONTINUOUS
10
5.59265
20
-3.1263
11
5.59101
21
-3.12538
0
LINE
8
BLACK
6
CONTINUOUS
10
5.59101
20
-3.12538
11
5.56549
21
-3.09986
0
LINE
8
BLACK
6
CONTINUOUS
10
5.56549
20
-3.09986
11
5.56371
21
-3.09795
0
LINE
8
BLACK
6
CONTINUOUS
10
5.56371
20
-3.09795
11
5.56371
21
-3.09795
0
LINE
8
BLACK
6
CONTINUOUS
10
5.56371
20
-3.09795
11
5.56371
21
-3.09795
0
LINE
8
BLACK
6
CONTINUOUS
10
5.56371
20
-3.09795
11
5.56276
21
-3.09737
0
LINE
8
BLACK
6
CONTINUOUS
10
5.56276
20
-3.09737
11
5.56219
21
-3.09703
0
LINE
8
BLACK
6
CONTINUOUS
10
5.56219
20
-3.09703
11
5.56204
21
-3.09693
0
LINE
8
BLACK
6
CONTINUOUS
10
5.56204
20
-3.09693
11
5.56148
21
-3.0965
0
LINE
8
BLACK
6
CONTINUOUS
10
5.56148
20
-3.0965
11
5.56062
21
-3.09585
0
LINE
8
BLACK
6
CONTINUOUS
10
5.56062
20
-3.09585
11
5.56062
21
-3.09585
0
LINE
8
BLACK
6
CONTINUOUS
10
5.56062
20
-3.09585
11
5.55986
21
-3.09555
0
LINE
8
BLACK
6
CONTINUOUS
10
5.55986
20
-3.09555
11
5.55932
21
-3.09528
0
LINE
8
BLACK
6
CONTINUOUS
10
5.55932
20
-3.09528
11
5.55862
21
-3.09486
0
LINE
8
BLACK
6
CONTINUOUS
10
5.55862
20
-3.09486
11
5.55862
21
-3.09486
0
LINE
8
BLACK
6
CONTINUOUS
10
5.55862
20
-3.09486
11
5.55691
21
-3.09438
0
LINE
8
BLACK
6
CONTINUOUS
10
5.55691
20
-3.09438
11
5.55674
21
-3.09432
0
LINE
8
BLACK
6
CONTINUOUS
10
5.55674
20
-3.09432
11
5.55508
21
-3.09367
0
LINE
8
BLACK
6
CONTINUOUS
10
5.55508
20
-3.09367
11
5.55508
21
-3.09367
0
LINE
8
BLACK
6
CONTINUOUS
10
5.55508
20
-3.09367
11
5.55508
21
-3.09367
0
LINE
8
BLACK
6
CONTINUOUS
10
5.55508
20
-3.09367
11
5.55479
21
-3.09364
0
LINE
8
BLACK
6
CONTINUOUS
10
5.55479
20
-3.09364
11
5.55426
21
-3.09358
0
LINE
8
BLACK
6
CONTINUOUS
10
5.55426
20
-3.09358
11
5.55367
21
-3.09347
0
LINE
8
BLACK
6
CONTINUOUS
10
5.55367
20
-3.09347
11
5.55288
21
-3.09325
0
LINE
8
BLACK
6
CONTINUOUS
10
5.55288
20
-3.09325
11
5.55288
21
-3.09325
0
LINE
8
BLACK
6
CONTINUOUS
10
5.55288
20
-3.09325
11
5.5511
21
-3.09325
0
LINE
8
BLACK
6
CONTINUOUS
10
5.5511
20
-3.09325
11
5.55092
21
-3.09324
0
LINE
8
BLACK
6
CONTINUOUS
10
5.55092
20
-3.09324
11
5.55023
21
-3.09317
0
LINE
8
BLACK
6
CONTINUOUS
10
5.55023
20
-3.09317
11
5.54915
21
-3.09306
0
LINE
8
BLACK
6
CONTINUOUS
10
5.54915
20
-3.09306
11
5.54915
21
-3.09306
0
LINE
8
BLACK
6
CONTINUOUS
10
5.54915
20
-3.09306
11
5.54834
21
-3.0932
0
LINE
8
BLACK
6
CONTINUOUS
10
5.54834
20
-3.0932
11
5.54775
21
-3.09325
0
LINE
8
BLACK
6
CONTINUOUS
10
5.54775
20
-3.09325
11
5.29336
21
-3.09325
0
LINE
8
BLACK
6
CONTINUOUS
10
5.29336
20
-3.09325
11
5.2911
21
-3.09243
0
LINE
8
BLACK
6
CONTINUOUS
10
5.2911
20
-3.09243
11
5.29103
21
-3.09237
0
LINE
8
BLACK
6
CONTINUOUS
10
5.29103
20
-3.09237
11
5.29068
21
-3.09206
0
LINE
8
BLACK
6
CONTINUOUS
10
5.29068
20
-3.09206
11
5.29068
21
-3.09206
0
LINE
8
BLACK
6
CONTINUOUS
10
5.29068
20
-3.09206
11
5.2873
21
-3.09028
0
LINE
8
BLACK
6
CONTINUOUS
10
5.2873
20
-3.09028
11
5.28475
21
-3.08895
0
LINE
8
BLACK
6
CONTINUOUS
10
5.28475
20
-3.08895
11
5.28475
21
-3.08895
0
LINE
8
BLACK
6
CONTINUOUS
10
5.28475
20
-3.08895
11
5.28082
21
-3.08798
0
LINE
8
BLACK
6
CONTINUOUS
10
5.28082
20
-3.08798
11
5.27825
21
-3.08734
0
LINE
8
BLACK
6
CONTINUOUS
10
5.27825
20
-3.08734
11
5.27155
21
-3.08734
0
LINE
8
BLACK
6
CONTINUOUS
10
5.27155
20
-3.08734
11
5.26505
21
-3.08895
0
LINE
8
BLACK
6
CONTINUOUS
10
5.26505
20
-3.08895
11
5.25912
21
-3.09206
0
LINE
8
BLACK
6
CONTINUOUS
10
5.25912
20
-3.09206
11
5.25912
21
-3.09206
0
LINE
8
BLACK
6
CONTINUOUS
10
5.25912
20
-3.09206
11
5.25912
21
-3.09206
0
LINE
8
BLACK
6
CONTINUOUS
10
5.25912
20
-3.09206
11
5.25912
21
-3.09206
0
LINE
8
BLACK
6
CONTINUOUS
10
5.25912
20
-3.09206
11
5.25743
21
-3.09355
0
LINE
8
BLACK
6
CONTINUOUS
10
5.25743
20
-3.09355
11
5.25411
21
-3.0965
0
LINE
8
BLACK
6
CONTINUOUS
10
5.25411
20
-3.0965
11
5.25411
21
-3.0965
0
LINE
8
BLACK
6
CONTINUOUS
10
5.25411
20
-3.0965
11
5.2503
21
-3.10201
0
LINE
8
BLACK
6
CONTINUOUS
10
5.2503
20
-3.10201
11
5.24793
21
-3.10827
0
LINE
8
BLACK
6
CONTINUOUS
10
5.24793
20
-3.10827
11
5.24728
21
-3.11359
0
LINE
8
BLACK
6
CONTINUOUS
10
5.24728
20
-3.11359
11
5.24712
21
-3.11492
0
LINE
8
BLACK
6
CONTINUOUS
10
5.24712
20
-3.11492
11
5.24793
21
-3.12157
0
LINE
8
BLACK
6
CONTINUOUS
10
5.24793
20
-3.12157
11
5.25028
21
-3.12776
0
LINE
8
BLACK
6
CONTINUOUS
10
5.25028
20
-3.12776
11
5.2503
21
-3.12783
0
LINE
8
BLACK
6
CONTINUOUS
10
5.2503
20
-3.12783
11
5.25411
21
-3.13334
0
LINE
8
BLACK
6
CONTINUOUS
10
5.25411
20
-3.13334
11
5.25411
21
-3.13334
0
LINE
8
BLACK
6
CONTINUOUS
10
5.25411
20
-3.13334
11
5.25411
21
-3.13334
0
LINE
8
BLACK
6
CONTINUOUS
10
5.25411
20
-3.13334
11
5.25411
21
-3.13334
0
LINE
8
BLACK
6
CONTINUOUS
10
5.25411
20
-3.13334
11
5.25912
21
-3.13778
0
LINE
8
BLACK
6
CONTINUOUS
10
5.25912
20
-3.13778
11
5.26505
21
-3.1409
0
LINE
8
BLACK
6
CONTINUOUS
10
5.26505
20
-3.1409
11
5.27155
21
-3.1425
0
LINE
8
BLACK
6
CONTINUOUS
10
5.27155
20
-3.1425
11
5.27155
21
-3.1425
0
LINE
8
BLACK
6
CONTINUOUS
10
5.27155
20
-3.1425
11
5.27825
21
-3.1425
0
LINE
8
BLACK
6
CONTINUOUS
10
5.27825
20
-3.1425
11
5.27825
21
-3.1425
0
LINE
8
BLACK
6
CONTINUOUS
10
5.27825
20
-3.1425
11
5.28475
21
-3.1409
0
LINE
8
BLACK
6
CONTINUOUS
10
5.28475
20
-3.1409
11
5.29068
21
-3.13778
0
LINE
8
BLACK
6
CONTINUOUS
10
5.29068
20
-3.13778
11
5.29103
21
-3.13748
0
LINE
8
BLACK
6
CONTINUOUS
10
5.29103
20
-3.13748
11
5.29326
21
-3.1366
0
LINE
8
BLACK
6
CONTINUOUS
10
5.29326
20
-3.1366
11
5.29336
21
-3.13659
0
LINE
8
BLACK
6
CONTINUOUS
10
5.29336
20
-3.13659
11
5.32105
21
-3.13659
0
LINE
8
BLACK
6
CONTINUOUS
10
5.32105
20
-3.13659
11
5.3233
21
-3.13741
0
LINE
8
BLACK
6
CONTINUOUS
10
5.3233
20
-3.13741
11
5.3245
21
-3.13949
0
LINE
8
BLACK
6
CONTINUOUS
10
5.3245
20
-3.13949
11
5.32408
21
-3.14185
0
LINE
8
BLACK
6
CONTINUOUS
10
5.32408
20
-3.14185
11
5.32337
21
-3.14272
0
LINE
8
BLACK
6
CONTINUOUS
10
5.32337
20
-3.14272
11
5.32193
21
-3.144
0
LINE
8
BLACK
6
CONTINUOUS
10
5.32193
20
-3.144
11
5.31911
21
-3.1465
0
LINE
8
BLACK
6
CONTINUOUS
10
5.31911
20
-3.1465
11
5.31911
21
-3.1465
0
LINE
8
BLACK
6
CONTINUOUS
10
5.31911
20
-3.1465
11
5.3153
21
-3.15201
0
LINE
8
BLACK
6
CONTINUOUS
10
5.3153
20
-3.15201
11
5.3153
21
-3.15201
0
LINE
8
BLACK
6
CONTINUOUS
10
5.3153
20
-3.15201
11
5.31293
21
-3.15827
0
LINE
8
BLACK
6
CONTINUOUS
10
5.31293
20
-3.15827
11
5.31212
21
-3.16492
0
LINE
8
BLACK
6
CONTINUOUS
10
5.31212
20
-3.16492
11
5.31293
21
-3.17157
0
LINE
8
BLACK
6
CONTINUOUS
10
5.31293
20
-3.17157
11
5.31528
21
-3.17778
0
LINE
8
BLACK
6
CONTINUOUS
10
5.31528
20
-3.17778
11
5.3153
21
-3.17783
0
LINE
8
BLACK
6
CONTINUOUS
10
5.3153
20
-3.17783
11
5.31911
21
-3.18334
0
LINE
8
BLACK
6
CONTINUOUS
10
5.31911
20
-3.18334
11
5.31911
21
-3.18334
0
LINE
8
BLACK
6
CONTINUOUS
10
5.31911
20
-3.18334
11
5.31911
21
-3.18334
0
LINE
8
BLACK
6
CONTINUOUS
10
5.31911
20
-3.18334
11
5.31911
21
-3.18334
0
LINE
8
BLACK
6
CONTINUOUS
10
5.31911
20
-3.18334
11
5.32412
21
-3.18778
0
LINE
8
BLACK
6
CONTINUOUS
10
5.32412
20
-3.18778
11
5.33005
21
-3.1909
0
LINE
8
BLACK
6
CONTINUOUS
10
5.33005
20
-3.1909
11
5.33655
21
-3.1925
0
LINE
8
BLACK
6
CONTINUOUS
10
5.33655
20
-3.1925
11
5.33655
21
-3.1925
0
LINE
8
BLACK
6
CONTINUOUS
10
5.33655
20
-3.1925
11
5.34325
21
-3.1925
0
LINE
8
BLACK
6
CONTINUOUS
10
5.34325
20
-3.1925
11
5.34325
21
-3.1925
0
LINE
8
BLACK
6
CONTINUOUS
10
5.34325
20
-3.1925
11
5.34975
21
-3.1909
0
LINE
8
BLACK
6
CONTINUOUS
10
5.34975
20
-3.1909
11
5.35568
21
-3.18778
0
LINE
8
BLACK
6
CONTINUOUS
10
5.35568
20
-3.18778
11
5.3607
21
-3.18334
0
LINE
8
BLACK
6
CONTINUOUS
10
5.3607
20
-3.18334
11
5.3645
21
-3.17783
0
LINE
8
BLACK
6
CONTINUOUS
10
5.3645
20
-3.17783
11
5.3645
21
-3.17783
0
LINE
8
BLACK
6
CONTINUOUS
10
5.3645
20
-3.17783
11
5.36452
21
-3.17781
0
LINE
8
BLACK
6
CONTINUOUS
10
5.36452
20
-3.17781
11
5.36647
21
-3.17642
0
LINE
8
BLACK
6
CONTINUOUS
10
5.36647
20
-3.17642
11
5.36886
21
-3.17661
0
LINE
8
BLACK
6
CONTINUOUS
10
5.36886
20
-3.17661
11
5.37029
21
-3.17781
0
LINE
8
BLACK
6
CONTINUOUS
10
5.37029
20
-3.17781
11
5.3703
21
-3.17783
0
LINE
8
BLACK
6
CONTINUOUS
10
5.3703
20
-3.17783
11
5.3703
21
-3.17783
0
LINE
8
BLACK
6
CONTINUOUS
10
5.3703
20
-3.17783
11
5.37411
21
-3.18334
0
LINE
8
BLACK
6
CONTINUOUS
10
5.37411
20
-3.18334
11
5.37912
21
-3.18778
0
LINE
8
BLACK
6
CONTINUOUS
10
5.37912
20
-3.18778
11
5.38505
21
-3.1909
0
LINE
8
BLACK
6
CONTINUOUS
10
5.38505
20
-3.1909
11
5.39155
21
-3.1925
0
LINE
8
BLACK
6
CONTINUOUS
10
5.39155
20
-3.1925
11
5.39155
21
-3.1925
0
LINE
8
BLACK
6
CONTINUOUS
10
5.39155
20
-3.1925
11
5.39825
21
-3.1925
0
LINE
8
BLACK
6
CONTINUOUS
10
5.39825
20
-3.1925
11
5.39825
21
-3.1925
0
LINE
8
BLACK
6
CONTINUOUS
10
5.39825
20
-3.1925
11
5.39921
21
-3.19226
0
LINE
8
BLACK
6
CONTINUOUS
10
5.39921
20
-3.19226
11
5.40159
21
-3.19252
0
LINE
8
BLACK
6
CONTINUOUS
10
5.40159
20
-3.19252
11
5.40325
21
-3.19425
0
LINE
8
BLACK
6
CONTINUOUS
10
5.40325
20
-3.19425
11
5.40341
21
-3.19664
0
LINE
8
BLACK
6
CONTINUOUS
10
5.40341
20
-3.19664
11
5.40253
21
-3.19814
0
LINE
8
BLACK
6
CONTINUOUS
10
5.40253
20
-3.19814
11
5.34586
21
-3.25481
0
LINE
8
BLACK
6
CONTINUOUS
10
5.34586
20
-3.25481
11
5.34396
21
-3.25659
0
LINE
8
BLACK
6
CONTINUOUS
10
5.34396
20
-3.25659
11
5.34303
21
-3.25811
0
LINE
8
BLACK
6
CONTINUOUS
10
5.34303
20
-3.25811
11
5.34293
21
-3.25826
0
LINE
8
BLACK
6
CONTINUOUS
10
5.34293
20
-3.25826
11
5.34186
21
-3.25967
0
LINE
8
BLACK
6
CONTINUOUS
10
5.34186
20
-3.25967
11
5.34155
21
-3.26044
0
LINE
8
BLACK
6
CONTINUOUS
10
5.34155
20
-3.26044
11
5.34129
21
-3.26097
0
LINE
8
BLACK
6
CONTINUOUS
10
5.34129
20
-3.26097
11
5.34086
21
-3.26168
0
LINE
8
BLACK
6
CONTINUOUS
10
5.34086
20
-3.26168
11
5.34086
21
-3.26168
0
LINE
8
BLACK
6
CONTINUOUS
10
5.34086
20
-3.26168
11
5.34038
21
-3.26339
0
LINE
8
BLACK
6
CONTINUOUS
10
5.34038
20
-3.26339
11
5.34032
21
-3.26356
0
LINE
8
BLACK
6
CONTINUOUS
10
5.34032
20
-3.26356
11
5.33967
21
-3.26522
0
LINE
8
BLACK
6
CONTINUOUS
10
5.33967
20
-3.26522
11
5.33967
21
-3.26522
0
LINE
8
BLACK
6
CONTINUOUS
10
5.33967
20
-3.26522
11
5.33959
21
-3.26604
0
LINE
8
BLACK
6
CONTINUOUS
10
5.33959
20
-3.26604
11
5.33947
21
-3.26662
0
LINE
8
BLACK
6
CONTINUOUS
10
5.33947
20
-3.26662
11
5.33925
21
-3.26742
0
LINE
8
BLACK
6
CONTINUOUS
10
5.33925
20
-3.26742
11
5.33925
21
-3.26919
0
LINE
8
BLACK
6
CONTINUOUS
10
5.33925
20
-3.26919
11
5.33924
21
-3.26937
0
LINE
8
BLACK
6
CONTINUOUS
10
5.33924
20
-3.26937
11
5.33917
21
-3.27003
0
LINE
8
BLACK
6
CONTINUOUS
10
5.33917
20
-3.27003
11
5.33906
21
-3.27114
0
LINE
8
BLACK
6
CONTINUOUS
10
5.33906
20
-3.27114
11
5.33906
21
-3.27114
0
LINE
8
BLACK
6
CONTINUOUS
10
5.33906
20
-3.27114
11
5.33906
21
-3.27114
0
LINE
8
BLACK
6
CONTINUOUS
10
5.33906
20
-3.27114
11
5.3392
21
-3.27192
0
LINE
8
BLACK
6
CONTINUOUS
10
5.3392
20
-3.27192
11
5.3392
21
-3.27195
0
LINE
8
BLACK
6
CONTINUOUS
10
5.3392
20
-3.27195
11
5.33925
21
-3.27255
0
LINE
8
BLACK
6
CONTINUOUS
10
5.33925
20
-3.27255
11
5.33925
21
-3.35443
0
LINE
8
BLACK
6
CONTINUOUS
10
5.33925
20
-3.35443
11
5.33843
21
-3.35669
0
LINE
8
BLACK
6
CONTINUOUS
10
5.33843
20
-3.35669
11
5.33636
21
-3.35788
0
LINE
8
BLACK
6
CONTINUOUS
10
5.33636
20
-3.35788
11
5.334
21
-3.35747
0
LINE
8
BLACK
6
CONTINUOUS
10
5.334
20
-3.35747
11
5.33269
21
-3.35615
0
LINE
8
BLACK
6
CONTINUOUS
10
5.33269
20
-3.35615
11
5.33202
21
-3.35495
0
LINE
8
BLACK
6
CONTINUOUS
10
5.33202
20
-3.35495
11
5.33194
21
-3.35479
0
LINE
8
BLACK
6
CONTINUOUS
10
5.33194
20
-3.35479
11
5.33123
21
-3.35316
0
LINE
8
BLACK
6
CONTINUOUS
10
5.33123
20
-3.35316
11
5.33123
21
-3.35316
0
LINE
8
BLACK
6
CONTINUOUS
10
5.33123
20
-3.35316
11
5.33071
21
-3.35252
0
LINE
8
BLACK
6
CONTINUOUS
10
5.33071
20
-3.35252
11
5.33038
21
-3.35203
0
LINE
8
BLACK
6
CONTINUOUS
10
5.33038
20
-3.35203
11
5.33037
21
-3.35201
0
LINE
8
BLACK
6
CONTINUOUS
10
5.33037
20
-3.35201
11
5.32997
21
-3.35131
0
LINE
8
BLACK
6
CONTINUOUS
10
5.32997
20
-3.35131
11
5.32997
21
-3.35131
0
LINE
8
BLACK
6
CONTINUOUS
10
5.32997
20
-3.35131
11
5.32871
21
-3.35005
0
LINE
8
BLACK
6
CONTINUOUS
10
5.32871
20
-3.35005
11
5.32859
21
-3.34992
0
LINE
8
BLACK
6
CONTINUOUS
10
5.32859
20
-3.34992
11
5.32747
21
-3.34854
0
LINE
8
BLACK
6
CONTINUOUS
10
5.32747
20
-3.34854
11
5.3268
21
-3.34806
0
LINE
8
BLACK
6
CONTINUOUS
10
5.3268
20
-3.34806
11
5.32634
21
-3.34768
0
LINE
8
BLACK
6
CONTINUOUS
10
5.32634
20
-3.34768
11
5.2758
21
-3.29714
0
LINE
8
BLACK
6
CONTINUOUS
10
5.2758
20
-3.29714
11
5.27479
21
-3.29497
0
LINE
8
BLACK
6
CONTINUOUS
10
5.27479
20
-3.29497
11
5.27541
21
-3.29265
0
LINE
8
BLACK
6
CONTINUOUS
10
5.27541
20
-3.29265
11
5.27738
21
-3.29128
0
LINE
8
BLACK
6
CONTINUOUS
10
5.27738
20
-3.29128
11
5.27744
21
-3.29126
0
LINE
8
BLACK
6
CONTINUOUS
10
5.27744
20
-3.29126
11
5.28129
21
-3.29031
0
LINE
8
BLACK
6
CONTINUOUS
10
5.28129
20
-3.29031
11
5.28722
21
-3.2872
0
LINE
8
BLACK
6
CONTINUOUS
10
5.28722
20
-3.2872
11
5.29223
21
-3.28276
0
LINE
8
BLACK
6
CONTINUOUS
10
5.29223
20
-3.28276
11
5.29604
21
-3.27725
0
LINE
8
BLACK
6
CONTINUOUS
10
5.29604
20
-3.27725
11
5.29841
21
-3.27099
0
LINE
8
BLACK
6
CONTINUOUS
10
5.29841
20
-3.27099
11
5.29922
21
-3.26434
0
LINE
8
BLACK
6
CONTINUOUS
10
5.29922
20
-3.26434
11
5.29841
21
-3.25769
0
LINE
8
BLACK
6
CONTINUOUS
10
5.29841
20
-3.25769
11
5.29604
21
-3.25143
0
LINE
8
BLACK
6
CONTINUOUS
10
5.29604
20
-3.25143
11
5.29375
21
-3.24811
0
LINE
8
BLACK
6
CONTINUOUS
10
5.29375
20
-3.24811
11
5.29223
21
-3.24592
0
LINE
8
BLACK
6
CONTINUOUS
10
5.29223
20
-3.24592
11
5.29223
21
-3.24592
0
LINE
8
BLACK
6
CONTINUOUS
10
5.29223
20
-3.24592
11
5.29111
21
-3.24492
0
LINE
8
BLACK
6
CONTINUOUS
10
5.29111
20
-3.24492
11
5.28722
21
-3.24148
0
LINE
8
BLACK
6
CONTINUOUS
10
5.28722
20
-3.24148
11
5.28722
21
-3.24148
0
LINE
8
BLACK
6
CONTINUOUS
10
5.28722
20
-3.24148
11
5.28722
21
-3.24148
0
LINE
8
BLACK
6
CONTINUOUS
10
5.28722
20
-3.24148
11
5.28129
21
-3.23836
0
LINE
8
BLACK
6
CONTINUOUS
10
5.28129
20
-3.23836
11
5.27639
21
-3.23716
0
LINE
8
BLACK
6
CONTINUOUS
10
5.27639
20
-3.23716
11
5.27479
21
-3.23676
0
LINE
8
BLACK
6
CONTINUOUS
10
5.27479
20
-3.23676
11
5.26809
21
-3.23676
0
LINE
8
BLACK
6
CONTINUOUS
10
5.26809
20
-3.23676
11
5.26159
21
-3.23836
0
LINE
8
BLACK
6
CONTINUOUS
10
5.26159
20
-3.23836
11
5.25566
21
-3.24148
0
LINE
8
BLACK
6
CONTINUOUS
10
5.25566
20
-3.24148
11
5.25566
21
-3.24148
0
LINE
8
BLACK
6
CONTINUOUS
10
5.25566
20
-3.24148
11
5.25566
21
-3.24148
0
LINE
8
BLACK
6
CONTINUOUS
10
5.25566
20
-3.24148
11
5.25566
21
-3.24148
0
LINE
8
BLACK
6
CONTINUOUS
10
5.25566
20
-3.24148
11
5.25335
21
-3.24352
0
LINE
8
BLACK
6
CONTINUOUS
10
5.25335
20
-3.24352
11
5.25064
21
-3.24592
0
LINE
8
BLACK
6
CONTINUOUS
10
5.25064
20
-3.24592
11
5.25064
21
-3.24592
0
LINE
8
BLACK
6
CONTINUOUS
10
5.25064
20
-3.24592
11
5.24684
21
-3.25143
0
LINE
8
BLACK
6
CONTINUOUS
10
5.24684
20
-3.25143
11
5.24684
21
-3.25143
0
LINE
8
BLACK
6
CONTINUOUS
10
5.24684
20
-3.25143
11
5.24637
21
-3.25266
0
LINE
8
BLACK
6
CONTINUOUS
10
5.24637
20
-3.25266
11
5.24481
21
-3.25448
0
LINE
8
BLACK
6
CONTINUOUS
10
5.24481
20
-3.25448
11
5.24244
21
-3.25486
0
LINE
8
BLACK
6
CONTINUOUS
10
5.24244
20
-3.25486
11
5.24077
21
-3.25404
0
LINE
8
BLACK
6
CONTINUOUS
10
5.24077
20
-3.25404
11
5.24013
21
-3.25348
0
LINE
8
BLACK
6
CONTINUOUS
10
5.24013
20
-3.25348
11
5.24013
21
-3.25348
0
LINE
8
BLACK
6
CONTINUOUS
10
5.24013
20
-3.25348
11
5.24013
21
-3.25347
0
LINE
8
BLACK
6
CONTINUOUS
10
5.24013
20
-3.25347
11
5.24013
21
-3.25347
0
LINE
8
BLACK
6
CONTINUOUS
10
5.24013
20
-3.25347
11
5.2342
21
-3.25036
0
LINE
8
BLACK
6
CONTINUOUS
10
5.2342
20
-3.25036
11
5.2293
21
-3.24915
0
LINE
8
BLACK
6
CONTINUOUS
10
5.2293
20
-3.24915
11
5.2277
21
-3.24876
0
LINE
8
BLACK
6
CONTINUOUS
10
5.2277
20
-3.24876
11
5.221
21
-3.24876
0
LINE
8
BLACK
6
CONTINUOUS
10
5.221
20
-3.24876
11
5.2145
21
-3.25036
0
LINE
8
BLACK
6
CONTINUOUS
10
5.2145
20
-3.25036
11
5.20857
21
-3.25347
0
LINE
8
BLACK
6
CONTINUOUS
10
5.20857
20
-3.25347
11
5.20857
21
-3.25347
0
LINE
8
BLACK
6
CONTINUOUS
10
5.20857
20
-3.25347
11
5.20857
21
-3.25347
0
LINE
8
BLACK
6
CONTINUOUS
10
5.20857
20
-3.25347
11
5.20857
21
-3.25348
0
LINE
8
BLACK
6
CONTINUOUS
10
5.20857
20
-3.25348
11
5.20712
21
-3.25476
0
LINE
8
BLACK
6
CONTINUOUS
10
5.20712
20
-3.25476
11
5.20356
21
-3.25792
0
LINE
8
BLACK
6
CONTINUOUS
10
5.20356
20
-3.25792
11
5.20356
21
-3.25792
0
LINE
8
BLACK
6
CONTINUOUS
10
5.20356
20
-3.25792
11
5.19975
21
-3.26343
0
LINE
8
BLACK
6
CONTINUOUS
10
5.19975
20
-3.26343
11
5.19975
21
-3.26343
0
LINE
8
BLACK
6
CONTINUOUS
10
5.19975
20
-3.26343
11
5.19738
21
-3.26969
0
LINE
8
BLACK
6
CONTINUOUS
10
5.19738
20
-3.26969
11
5.19657
21
-3.27634
0
LINE
8
BLACK
6
CONTINUOUS
10
5.19657
20
-3.27634
11
5.19738
21
-3.28299
0
LINE
8
BLACK
6
CONTINUOUS
10
5.19738
20
-3.28299
11
5.19919
21
-3.28777
0
LINE
8
BLACK
6
CONTINUOUS
10
5.19919
20
-3.28777
11
5.19975
21
-3.28925
0
LINE
8
BLACK
6
CONTINUOUS
10
5.19975
20
-3.28925
11
5.20356
21
-3.29476
0
LINE
8
BLACK
6
CONTINUOUS
10
5.20356
20
-3.29476
11
5.20356
21
-3.29476
0
LINE
8
BLACK
6
CONTINUOUS
10
5.20356
20
-3.29476
11
5.20356
21
-3.29476
0
LINE
8
BLACK
6
CONTINUOUS
10
5.20356
20
-3.29476
11
5.20356
21
-3.29476
0
LINE
8
BLACK
6
CONTINUOUS
10
5.20356
20
-3.29476
11
5.20857
21
-3.2992
0
LINE
8
BLACK
6
CONTINUOUS
10
5.20857
20
-3.2992
11
5.2145
21
-3.30231
0
LINE
8
BLACK
6
CONTINUOUS
10
5.2145
20
-3.30231
11
5.22042
21
-3.30377
0
LINE
8
BLACK
6
CONTINUOUS
10
5.22042
20
-3.30377
11
5.22206
21
-3.3047
0
LINE
8
BLACK
6
CONTINUOUS
10
5.22206
20
-3.3047
11
5.28939
21
-3.37202
0
LINE
8
BLACK
6
CONTINUOUS
10
5.28939
20
-3.37202
11
5.2904
21
-3.3742
0
LINE
8
BLACK
6
CONTINUOUS
10
5.2904
20
-3.3742
11
5.28979
21
-3.37649
0
LINE
8
BLACK
6
CONTINUOUS
10
5.28979
20
-3.37649
11
5.28794
21
-3.37918
0
LINE
8
BLACK
6
CONTINUOUS
10
5.28794
20
-3.37918
11
5.28557
21
-3.38544
0
LINE
8
BLACK
6
CONTINUOUS
10
5.28557
20
-3.38544
11
5.28476
21
-3.39209
0
LINE
8
BLACK
6
CONTINUOUS
10
5.28476
20
-3.39209
11
5.28476
21
-3.39209
0
LINE
8
BLACK
6
CONTINUOUS
10
5.28476
20
-3.39209
11
5.28557
21
-3.39874
0
LINE
8
BLACK
6
CONTINUOUS
10
5.28557
20
-3.39874
11
5.28794
21
-3.405
0
LINE
8
BLACK
6
CONTINUOUS
10
5.28794
20
-3.405
11
5.29174
21
-3.41051
0
LINE
8
BLACK
6
CONTINUOUS
10
5.29174
20
-3.41051
11
5.29174
21
-3.41051
0
LINE
8
BLACK
6
CONTINUOUS
10
5.29174
20
-3.41051
11
5.29174
21
-3.41051
0
LINE
8
BLACK
6
CONTINUOUS
10
5.29174
20
-3.41051
11
5.29174
21
-3.41051
0
LINE
8
BLACK
6
CONTINUOUS
10
5.29174
20
-3.41051
11
5.29676
21
-3.41495
0
LINE
8
BLACK
6
CONTINUOUS
10
5.29676
20
-3.41495
11
5.30269
21
-3.41806
0
LINE
8
BLACK
6
CONTINUOUS
10
5.30269
20
-3.41806
11
5.30919
21
-3.41967
0
LINE
8
BLACK
6
CONTINUOUS
10
5.30919
20
-3.41967
11
5.30919
21
-3.41967
0
LINE
8
BLACK
6
CONTINUOUS
10
5.30919
20
-3.41967
11
5.31589
21
-3.41967
0
LINE
8
BLACK
6
CONTINUOUS
10
5.31589
20
-3.41967
11
5.31589
21
-3.41967
0
LINE
8
BLACK
6
CONTINUOUS
10
5.31589
20
-3.41967
11
5.32239
21
-3.41806
0
LINE
8
BLACK
6
CONTINUOUS
10
5.32239
20
-3.41806
11
5.32832
21
-3.41495
0
LINE
8
BLACK
6
CONTINUOUS
10
5.32832
20
-3.41495
11
5.33333
21
-3.41051
0
LINE
8
BLACK
6
CONTINUOUS
10
5.33333
20
-3.41051
11
5.33333
21
-3.41051
0
LINE
8
BLACK
6
CONTINUOUS
10
5.33333
20
-3.41051
11
5.33342
21
-3.41043
0
LINE
8
BLACK
6
CONTINUOUS
10
5.33342
20
-3.41043
11
5.33565
21
-3.40955
0
LINE
8
BLACK
6
CONTINUOUS
10
5.33565
20
-3.40955
11
5.33793
21
-3.41031
0
LINE
8
BLACK
6
CONTINUOUS
10
5.33793
20
-3.41031
11
5.33918
21
-3.41235
0
LINE
8
BLACK
6
CONTINUOUS
10
5.33918
20
-3.41235
11
5.33925
21
-3.41305
0
LINE
8
BLACK
6
CONTINUOUS
10
5.33925
20
-3.41305
11
5.33925
21
-3.48016
0
LINE
8
BLACK
6
CONTINUOUS
10
5.33925
20
-3.48016
11
5.33843
21
-3.48241
0
LINE
8
BLACK
6
CONTINUOUS
10
5.33843
20
-3.48241
11
5.33636
21
-3.48361
0
LINE
8
BLACK
6
CONTINUOUS
10
5.33636
20
-3.48361
11
5.334
21
-3.4832
0
LINE
8
BLACK
6
CONTINUOUS
10
5.334
20
-3.4832
11
5.33327
21
-3.48264
0
LINE
8
BLACK
6
CONTINUOUS
10
5.33327
20
-3.48264
11
5.21314
21
-3.36251
0
LINE
8
BLACK
6
CONTINUOUS
10
5.21314
20
-3.36251
11
5.21214
21
-3.36045
0
LINE
8
BLACK
6
CONTINUOUS
10
5.21214
20
-3.36045
11
5.21188
21
-3.35827
0
LINE
8
BLACK
6
CONTINUOUS
10
5.21188
20
-3.35827
11
5.2095
21
-3.35201
0
LINE
8
BLACK
6
CONTINUOUS
10
5.2095
20
-3.35201
11
5.20902
21
-3.35131
0
LINE
8
BLACK
6
CONTINUOUS
10
5.20902
20
-3.35131
11
5.2057
21
-3.3465
0
LINE
8
BLACK
6
CONTINUOUS
10
5.2057
20
-3.3465
11
5.2057
21
-3.3465
0
LINE
8
BLACK
6
CONTINUOUS
10
5.2057
20
-3.3465
11
5.2057
21
-3.3465
0
LINE
8
BLACK
6
CONTINUOUS
10
5.2057
20
-3.3465
11
5.20068
21
-3.34206
0
LINE
8
BLACK
6
CONTINUOUS
10
5.20068
20
-3.34206
11
5.20068
21
-3.34206
0
LINE
8
BLACK
6
CONTINUOUS
10
5.20068
20
-3.34206
11
5.20068
21
-3.34206
0
LINE
8
BLACK
6
CONTINUOUS
10
5.20068
20
-3.34206
11
5.19475
21
-3.33895
0
LINE
8
BLACK
6
CONTINUOUS
10
5.19475
20
-3.33895
11
5.18985
21
-3.33774
0
LINE
8
BLACK
6
CONTINUOUS
10
5.18985
20
-3.33774
11
5.18825
21
-3.33734
0
LINE
8
BLACK
6
CONTINUOUS
10
5.18825
20
-3.33734
11
5.18155
21
-3.33734
0
LINE
8
BLACK
6
CONTINUOUS
10
5.18155
20
-3.33734
11
5.17505
21
-3.33895
0
LINE
8
BLACK
6
CONTINUOUS
10
5.17505
20
-3.33895
11
5.16912
21
-3.34206
0
LINE
8
BLACK
6
CONTINUOUS
10
5.16912
20
-3.34206
11
5.16912
21
-3.34206
0
LINE
8
BLACK
6
CONTINUOUS
10
5.16912
20
-3.34206
11
5.16912
21
-3.34206
0
LINE
8
BLACK
6
CONTINUOUS
10
5.16912
20
-3.34206
11
5.16912
21
-3.34206
0
LINE
8
BLACK
6
CONTINUOUS
10
5.16912
20
-3.34206
11
5.16681
21
-3.3441
0
LINE
8
BLACK
6
CONTINUOUS
10
5.16681
20
-3.3441
11
5.16411
21
-3.3465
0
LINE
8
BLACK
6
CONTINUOUS
10
5.16411
20
-3.3465
11
5.16411
21
-3.3465
0
LINE
8
BLACK
6
CONTINUOUS
10
5.16411
20
-3.3465
11
5.1603
21
-3.35201
0
LINE
8
BLACK
6
CONTINUOUS
10
5.1603
20
-3.35201
11
5.1603
21
-3.35201
0
LINE
8
BLACK
6
CONTINUOUS
10
5.1603
20
-3.35201
11
5.15793
21
-3.35827
0
LINE
8
BLACK
6
CONTINUOUS
10
5.15793
20
-3.35827
11
5.15712
21
-3.36492
0
LINE
8
BLACK
6
CONTINUOUS
10
5.15712
20
-3.36492
11
5.15793
21
-3.37157
0
LINE
8
BLACK
6
CONTINUOUS
10
5.15793
20
-3.37157
11
5.16012
21
-3.37734
0
LINE
8
BLACK
6
CONTINUOUS
10
5.16012
20
-3.37734
11
5.1603
21
-3.37783
0
LINE
8
BLACK
6
CONTINUOUS
10
5.1603
20
-3.37783
11
5.16411
21
-3.38334
0
LINE
8
BLACK
6
CONTINUOUS
10
5.16411
20
-3.38334
11
5.16411
21
-3.38334
0
LINE
8
BLACK
6
CONTINUOUS
10
5.16411
20
-3.38334
11
5.16411
21
-3.38334
0
LINE
8
BLACK
6
CONTINUOUS
10
5.16411
20
-3.38334
11
5.16411
21
-3.38334
0
LINE
8
BLACK
6
CONTINUOUS
10
5.16411
20
-3.38334
11
5.16912
21
-3.38778
0
LINE
8
BLACK
6
CONTINUOUS
10
5.16912
20
-3.38778
11
5.17505
21
-3.3909
0
LINE
8
BLACK
6
CONTINUOUS
10
5.17505
20
-3.3909
11
5.18097
21
-3.39236
0
LINE
8
BLACK
6
CONTINUOUS
10
5.18097
20
-3.39236
11
5.18261
21
-3.39328
0
LINE
8
BLACK
6
CONTINUOUS
10
5.18261
20
-3.39328
11
5.30476
21
-3.51543
0
LINE
8
BLACK
6
CONTINUOUS
10
5.30476
20
-3.51543
11
5.30577
21
-3.5176
0
LINE
8
BLACK
6
CONTINUOUS
10
5.30577
20
-3.5176
11
5.30579
21
-3.51791
0
LINE
8
BLACK
6
CONTINUOUS
10
5.30579
20
-3.51791
11
5.30579
21
-3.53474
0
LINE
8
BLACK
6
CONTINUOUS
10
5.30579
20
-3.53474
11
5.30497
21
-3.537
0
LINE
8
BLACK
6
CONTINUOUS
10
5.30497
20
-3.537
11
5.30289
21
-3.53819
0
LINE
8
BLACK
6
CONTINUOUS
10
5.30289
20
-3.53819
11
5.30228
21
-3.53825
0
LINE
8
BLACK
6
CONTINUOUS
10
5.30228
20
-3.53825
11
5.18342
21
-3.53825
0
LINE
8
BLACK
6
CONTINUOUS
10
5.18342
20
-3.53825
11
5.18117
21
-3.53743
0
LINE
8
BLACK
6
CONTINUOUS
10
5.18117
20
-3.53743
11
5.1811
21
-3.53737
0
LINE
8
BLACK
6
CONTINUOUS
10
5.1811
20
-3.53737
11
5.18017
21
-3.53655
0
LINE
8
BLACK
6
CONTINUOUS
10
5.18017
20
-3.53655
11
5.18017
21
-3.53655
0
LINE
8
BLACK
6
CONTINUOUS
10
5.18017
20
-3.53655
11
5.18017
21
-3.53655
0
LINE
8
BLACK
6
CONTINUOUS
10
5.18017
20
-3.53655
11
5.18017
21
-3.53655
0
LINE
8
BLACK
6
CONTINUOUS
10
5.18017
20
-3.53655
11
5.17424
21
-3.53343
0
LINE
8
BLACK
6
CONTINUOUS
10
5.17424
20
-3.53343
11
5.16934
21
-3.53223
0
LINE
8
BLACK
6
CONTINUOUS
10
5.16934
20
-3.53223
11
5.16774
21
-3.53183
0
LINE
8
BLACK
6
CONTINUOUS
10
5.16774
20
-3.53183
11
5.16104
21
-3.53183
0
LINE
8
BLACK
6
CONTINUOUS
10
5.16104
20
-3.53183
11
5.15454
21
-3.53343
0
LINE
8
BLACK
6
CONTINUOUS
10
5.15454
20
-3.53343
11
5.14861
21
-3.53655
0
LINE
8
BLACK
6
CONTINUOUS
10
5.14861
20
-3.53655
11
5.14861
21
-3.53655
0
LINE
8
BLACK
6
CONTINUOUS
10
5.14861
20
-3.53655
11
5.14861
21
-3.53655
0
LINE
8
BLACK
6
CONTINUOUS
10
5.14861
20
-3.53655
11
5.14861
21
-3.53655
0
LINE
8
BLACK
6
CONTINUOUS
10
5.14861
20
-3.53655
11
5.1481
21
-3.537
0
LINE
8
BLACK
6
CONTINUOUS
10
5.1481
20
-3.537
11
5.1436
21
-3.54099
0
LINE
8
BLACK
6
CONTINUOUS
10
5.1436
20
-3.54099
11
5.14359
21
-3.54099
0
LINE
8
BLACK
6
CONTINUOUS
10
5.14359
20
-3.54099
11
5.13979
21
-3.5465
0
LINE
8
BLACK
6
CONTINUOUS
10
5.13979
20
-3.5465
11
5.13742
21
-3.55276
0
LINE
8
BLACK
6
CONTINUOUS
10
5.13742
20
-3.55276
11
5.13733
21
-3.55346
0
LINE
8
BLACK
6
CONTINUOUS
10
5.13733
20
-3.55346
11
5.13661
21
-3.55941
0
LINE
8
BLACK
6
CONTINUOUS
10
5.13661
20
-3.55941
11
5.13742
21
-3.56606
0
LINE
8
BLACK
6
CONTINUOUS
10
5.13742
20
-3.56606
11
5.13964
21
-3.57193
0
LINE
8
BLACK
6
CONTINUOUS
10
5.13964
20
-3.57193
11
5.13979
21
-3.57232
0
LINE
8
BLACK
6
CONTINUOUS
10
5.13979
20
-3.57232
11
5.14359
21
-3.57783
0
LINE
8
BLACK
6
CONTINUOUS
10
5.14359
20
-3.57783
11
5.1436
21
-3.57783
0
LINE
8
BLACK
6
CONTINUOUS
10
5.1436
20
-3.57783
11
5.1436
21
-3.57783
0
LINE
8
BLACK
6
CONTINUOUS
10
5.1436
20
-3.57783
11
5.1436
21
-3.57783
0
LINE
8
BLACK
6
CONTINUOUS
10
5.1436
20
-3.57783
11
5.14861
21
-3.58227
0
LINE
8
BLACK
6
CONTINUOUS
10
5.14861
20
-3.58227
11
5.15454
21
-3.58539
0
LINE
8
BLACK
6
CONTINUOUS
10
5.15454
20
-3.58539
11
5.16104
21
-3.58699
0
LINE
8
BLACK
6
CONTINUOUS
10
5.16104
20
-3.58699
11
5.16104
21
-3.58699
0
LINE
8
BLACK
6
CONTINUOUS
10
5.16104
20
-3.58699
11
5.16774
21
-3.58699
0
LINE
8
BLACK
6
CONTINUOUS
10
5.16774
20
-3.58699
11
5.16774
21
-3.58699
0
LINE
8
BLACK
6
CONTINUOUS
10
5.16774
20
-3.58699
11
5.17424
21
-3.58539
0
LINE
8
BLACK
6
CONTINUOUS
10
5.17424
20
-3.58539
11
5.18017
21
-3.58227
0
LINE
8
BLACK
6
CONTINUOUS
10
5.18017
20
-3.58227
11
5.18017
21
-3.58227
0
LINE
8
BLACK
6
CONTINUOUS
10
5.18017
20
-3.58227
11
5.18026
21
-3.58221
0
LINE
8
BLACK
6
CONTINUOUS
10
5.18026
20
-3.58221
11
5.18032
21
-3.58219
0
LINE
8
BLACK
6
CONTINUOUS
10
5.18032
20
-3.58219
11
5.18036
21
-3.58217
0
LINE
8
BLACK
6
CONTINUOUS
10
5.18036
20
-3.58217
11
5.18036
21
-3.58218
0
LINE
8
BLACK
6
CONTINUOUS
10
5.18036
20
-3.58218
11
5.18225
21
-3.58159
0
LINE
8
BLACK
6
CONTINUOUS
10
5.18225
20
-3.58159
11
5.30901
21
-3.58159
0
LINE
8
BLACK
6
CONTINUOUS
10
5.30901
20
-3.58159
11
5.31126
21
-3.58241
0
LINE
8
BLACK
6
CONTINUOUS
10
5.31126
20
-3.58241
11
5.31133
21
-3.58248
0
LINE
8
BLACK
6
CONTINUOUS
10
5.31133
20
-3.58248
11
5.31168
21
-3.58278
0
LINE
8
BLACK
6
CONTINUOUS
10
5.31168
20
-3.58278
11
5.31761
21
-3.5859
0
LINE
8
BLACK
6
CONTINUOUS
10
5.31761
20
-3.5859
11
5.32411
21
-3.5875
0
LINE
8
BLACK
6
CONTINUOUS
10
5.32411
20
-3.5875
11
5.32411
21
-3.5875
0
LINE
8
BLACK
6
CONTINUOUS
10
5.32411
20
-3.5875
11
5.33081
21
-3.5875
0
LINE
8
BLACK
6
CONTINUOUS
10
5.33081
20
-3.5875
11
5.33081
21
-3.5875
0
LINE
8
BLACK
6
CONTINUOUS
10
5.33081
20
-3.5875
11
5.33491
21
-3.58649
0
LINE
8
BLACK
6
CONTINUOUS
10
5.33491
20
-3.58649
11
5.33729
21
-3.58675
0
LINE
8
BLACK
6
CONTINUOUS
10
5.33729
20
-3.58675
11
5.33895
21
-3.58847
0
LINE
8
BLACK
6
CONTINUOUS
10
5.33895
20
-3.58847
11
5.33925
21
-3.58989
0
LINE
8
BLACK
6
CONTINUOUS
10
5.33925
20
-3.58989
11
5.33925
21
-3.68847
0
LINE
8
BLACK
6
CONTINUOUS
10
5.33925
20
-3.68847
11
5.33843
21
-3.69072
0
LINE
8
BLACK
6
CONTINUOUS
10
5.33843
20
-3.69072
11
5.33823
21
-3.69095
0
LINE
8
BLACK
6
CONTINUOUS
10
5.33823
20
-3.69095
11
5.30326
21
-3.72591
0
LINE
8
BLACK
6
CONTINUOUS
10
5.30326
20
-3.72591
11
5.30109
21
-3.72692
0
LINE
8
BLACK
6
CONTINUOUS
10
5.30109
20
-3.72692
11
5.29878
21
-3.7263
0
LINE
8
BLACK
6
CONTINUOUS
10
5.29878
20
-3.7263
11
5.2974
21
-3.72434
0
LINE
8
BLACK
6
CONTINUOUS
10
5.2974
20
-3.72434
11
5.29731
21
-3.72301
0
LINE
8
BLACK
6
CONTINUOUS
10
5.29731
20
-3.72301
11
5.29768
21
-3.71992
0
LINE
8
BLACK
6
CONTINUOUS
10
5.29768
20
-3.71992
11
5.29688
21
-3.71327
0
LINE
8
BLACK
6
CONTINUOUS
10
5.29688
20
-3.71327
11
5.2945
21
-3.70701
0
LINE
8
BLACK
6
CONTINUOUS
10
5.2945
20
-3.70701
11
5.29389
21
-3.70612
0
LINE
8
BLACK
6
CONTINUOUS
10
5.29389
20
-3.70612
11
5.2907
21
-3.7015
0
LINE
8
BLACK
6
CONTINUOUS
10
5.2907
20
-3.7015
11
5.2907
21
-3.7015
0
LINE
8
BLACK
6
CONTINUOUS
10
5.2907
20
-3.7015
11
5.29039
21
-3.70123
0
LINE
8
BLACK
6
CONTINUOUS
10
5.29039
20
-3.70123
11
5.28568
21
-3.69706
0
LINE
8
BLACK
6
CONTINUOUS
10
5.28568
20
-3.69706
11
5.28568
21
-3.69706
0
LINE
8
BLACK
6
CONTINUOUS
10
5.28568
20
-3.69706
11
5.28568
21
-3.69706
0
LINE
8
BLACK
6
CONTINUOUS
10
5.28568
20
-3.69706
11
5.27975
21
-3.69395
0
LINE
8
BLACK
6
CONTINUOUS
10
5.27975
20
-3.69395
11
5.27485
21
-3.69274
0
LINE
8
BLACK
6
CONTINUOUS
10
5.27485
20
-3.69274
11
5.27325
21
-3.69234
0
LINE
8
BLACK
6
CONTINUOUS
10
5.27325
20
-3.69234
11
5.26655
21
-3.69234
0
LINE
8
BLACK
6
CONTINUOUS
10
5.26655
20
-3.69234
11
5.26005
21
-3.69395
0
LINE
8
BLACK
6
CONTINUOUS
10
5.26005
20
-3.69395
11
5.25412
21
-3.69706
0
LINE
8
BLACK
6
CONTINUOUS
10
5.25412
20
-3.69706
11
5.25412
21
-3.69706
0
LINE
8
BLACK
6
CONTINUOUS
10
5.25412
20
-3.69706
11
5.25377
21
-3.69737
0
LINE
8
BLACK
6
CONTINUOUS
10
5.25377
20
-3.69737
11
5.25154
21
-3.69825
0
LINE
8
BLACK
6
CONTINUOUS
10
5.25154
20
-3.69825
11
5.25145
21
-3.69825
0
LINE
8
BLACK
6
CONTINUOUS
10
5.25145
20
-3.69825
11
5.18627
21
-3.69825
0
LINE
8
BLACK
6
CONTINUOUS
10
5.18627
20
-3.69825
11
5.18366
21
-3.69816
0
LINE
8
BLACK
6
CONTINUOUS
10
5.18366
20
-3.69816
11
5.18194
21
-3.69858
0
LINE
8
BLACK
6
CONTINUOUS
10
5.18194
20
-3.69858
11
5.18176
21
-3.69861
0
LINE
8
BLACK
6
CONTINUOUS
10
5.18176
20
-3.69861
11
5.18
21
-3.69886
0
LINE
8
BLACK
6
CONTINUOUS
10
5.18
20
-3.69886
11
5.17924
21
-3.69918
0
LINE
8
BLACK
6
CONTINUOUS
10
5.17924
20
-3.69918
11
5.17868
21
-3.69937
0
LINE
8
BLACK
6
CONTINUOUS
10
5.17868
20
-3.69937
11
5.17788
21
-3.69957
0
LINE
8
BLACK
6
CONTINUOUS
10
5.17788
20
-3.69957
11
5.17788
21
-3.69957
0
LINE
8
BLACK
6
CONTINUOUS
10
5.17788
20
-3.69957
11
5.17633
21
-3.70044
0
LINE
8
BLACK
6
CONTINUOUS
10
5.17633
20
-3.70044
11
5.17617
21
-3.70052
0
LINE
8
BLACK
6
CONTINUOUS
10
5.17617
20
-3.70052
11
5.17453
21
-3.70123
0
LINE
8
BLACK
6
CONTINUOUS
10
5.17453
20
-3.70123
11
5.17453
21
-3.70123
0
LINE
8
BLACK
6
CONTINUOUS
10
5.17453
20
-3.70123
11
5.1739
21
-3.70175
0
LINE
8
BLACK
6
CONTINUOUS
10
5.1739
20
-3.70175
11
5.1734
21
-3.70209
0
LINE
8
BLACK
6
CONTINUOUS
10
5.1734
20
-3.70209
11
5.17268
21
-3.70249
0
LINE
8
BLACK
6
CONTINUOUS
10
5.17268
20
-3.70249
11
5.17268
21
-3.70249
0
LINE
8
BLACK
6
CONTINUOUS
10
5.17268
20
-3.70249
11
5.17143
21
-3.70375
0
LINE
8
BLACK
6
CONTINUOUS
10
5.17143
20
-3.70375
11
5.17129
21
-3.70387
0
LINE
8
BLACK
6
CONTINUOUS
10
5.17129
20
-3.70387
11
5.16991
21
-3.70499
0
LINE
8
BLACK
6
CONTINUOUS
10
5.16991
20
-3.70499
11
5.16991
21
-3.70499
0
LINE
8
BLACK
6
CONTINUOUS
10
5.16991
20
-3.70499
11
5.16944
21
-3.70566
0
LINE
8
BLACK
6
CONTINUOUS
10
5.16944
20
-3.70566
11
5.16905
21
-3.70612
0
LINE
8
BLACK
6
CONTINUOUS
10
5.16905
20
-3.70612
11
4.87861
21
-3.99656
0
LINE
8
BLACK
6
CONTINUOUS
10
4.87861
20
-3.99656
11
4.87697
21
-3.99749
0
LINE
8
BLACK
6
CONTINUOUS
10
4.87697
20
-3.99749
11
4.87105
21
-3.99895
0
LINE
8
BLACK
6
CONTINUOUS
10
4.87105
20
-3.99895
11
4.86512
21
-4.00206
0
LINE
8
BLACK
6
CONTINUOUS
10
4.86512
20
-4.00206
11
4.86512
21
-4.00206
0
LINE
8
BLACK
6
CONTINUOUS
10
4.86512
20
-4.00206
11
4.86512
21
-4.00206
0
LINE
8
BLACK
6
CONTINUOUS
10
4.86512
20
-4.00206
11
4.86512
21
-4.00206
0
LINE
8
BLACK
6
CONTINUOUS
10
4.86512
20
-4.00206
11
4.86281
21
-4.0041
0
LINE
8
BLACK
6
CONTINUOUS
10
4.86281
20
-4.0041
11
4.86011
21
-4.0065
0
LINE
8
BLACK
6
CONTINUOUS
10
4.86011
20
-4.0065
11
4.86011
21
-4.0065
0
LINE
8
BLACK
6
CONTINUOUS
10
4.86011
20
-4.0065
11
4.8563
21
-4.01201
0
LINE
8
BLACK
6
CONTINUOUS
10
4.8563
20
-4.01201
11
4.8563
21
-4.01201
0
LINE
8
BLACK
6
CONTINUOUS
10
4.8563
20
-4.01201
11
4.85393
21
-4.01827
0
LINE
8
BLACK
6
CONTINUOUS
10
4.85393
20
-4.01827
11
4.85312
21
-4.02492
0
LINE
8
BLACK
6
CONTINUOUS
10
4.85312
20
-4.02492
11
4.85341
21
-4.02733
0
LINE
8
BLACK
6
CONTINUOUS
10
4.85341
20
-4.02733
11
4.85393
21
-4.03157
0
LINE
8
BLACK
6
CONTINUOUS
10
4.85393
20
-4.03157
11
4.8563
21
-4.03783
0
LINE
8
BLACK
6
CONTINUOUS
10
4.8563
20
-4.03783
11
4.86011
21
-4.04334
0
LINE
8
BLACK
6
CONTINUOUS
10
4.86011
20
-4.04334
11
4.86011
21
-4.04334
0
LINE
8
BLACK
6
CONTINUOUS
10
4.86011
20
-4.04334
11
4.86011
21
-4.04334
0
LINE
8
BLACK
6
CONTINUOUS
10
4.86011
20
-4.04334
11
4.86011
21
-4.04334
0
LINE
8
BLACK
6
CONTINUOUS
10
4.86011
20
-4.04334
11
4.86512
21
-4.04778
0
LINE
8
BLACK
6
CONTINUOUS
10
4.86512
20
-4.04778
11
4.87105
21
-4.0509
0
LINE
8
BLACK
6
CONTINUOUS
10
4.87105
20
-4.0509
11
4.87755
21
-4.0525
0
LINE
8
BLACK
6
CONTINUOUS
10
4.87755
20
-4.0525
11
4.87755
21
-4.0525
0
LINE
8
BLACK
6
CONTINUOUS
10
4.87755
20
-4.0525
11
4.88425
21
-4.0525
0
LINE
8
BLACK
6
CONTINUOUS
10
4.88425
20
-4.0525
11
4.88425
21
-4.0525
0
LINE
8
BLACK
6
CONTINUOUS
10
4.88425
20
-4.0525
11
4.89075
21
-4.0509
0
LINE
8
BLACK
6
CONTINUOUS
10
4.89075
20
-4.0509
11
4.89668
21
-4.04778
0
LINE
8
BLACK
6
CONTINUOUS
10
4.89668
20
-4.04778
11
4.9017
21
-4.04334
0
LINE
8
BLACK
6
CONTINUOUS
10
4.9017
20
-4.04334
11
4.9055
21
-4.03783
0
LINE
8
BLACK
6
CONTINUOUS
10
4.9055
20
-4.03783
11
4.90788
21
-4.03157
0
LINE
8
BLACK
6
CONTINUOUS
10
4.90788
20
-4.03157
11
4.90814
21
-4.02939
0
LINE
8
BLACK
6
CONTINUOUS
10
4.90814
20
-4.02939
11
4.90914
21
-4.02733
0
LINE
8
BLACK
6
CONTINUOUS
10
4.90914
20
-4.02733
11
5.19385
21
-3.74262
0
LINE
8
BLACK
6
CONTINUOUS
10
5.19385
20
-3.74262
11
5.19602
21
-3.74161
0
LINE
8
BLACK
6
CONTINUOUS
10
5.19602
20
-3.74161
11
5.19633
21
-3.74159
0
LINE
8
BLACK
6
CONTINUOUS
10
5.19633
20
-3.74159
11
5.25145
21
-3.74159
0
LINE
8
BLACK
6
CONTINUOUS
10
5.25145
20
-3.74159
11
5.2537
21
-3.74241
0
LINE
8
BLACK
6
CONTINUOUS
10
5.2537
20
-3.74241
11
5.25377
21
-3.74248
0
LINE
8
BLACK
6
CONTINUOUS
10
5.25377
20
-3.74248
11
5.25412
21
-3.74278
0
LINE
8
BLACK
6
CONTINUOUS
10
5.25412
20
-3.74278
11
5.26005
21
-3.7459
0
LINE
8
BLACK
6
CONTINUOUS
10
5.26005
20
-3.7459
11
5.26655
21
-3.7475
0
LINE
8
BLACK
6
CONTINUOUS
10
5.26655
20
-3.7475
11
5.26655
21
-3.7475
0
LINE
8
BLACK
6
CONTINUOUS
10
5.26655
20
-3.7475
11
5.27321
21
-3.7475
0
LINE
8
BLACK
6
CONTINUOUS
10
5.27321
20
-3.7475
11
5.27547
21
-3.74832
0
LINE
8
BLACK
6
CONTINUOUS
10
5.27547
20
-3.74832
11
5.27666
21
-3.7504
0
LINE
8
BLACK
6
CONTINUOUS
10
5.27666
20
-3.7504
11
5.27625
21
-3.75276
0
LINE
8
BLACK
6
CONTINUOUS
10
5.27625
20
-3.75276
11
5.27569
21
-3.75348
0
LINE
8
BLACK
6
CONTINUOUS
10
5.27569
20
-3.75348
11
5.09681
21
-3.93236
0
LINE
8
BLACK
6
CONTINUOUS
10
5.09681
20
-3.93236
11
5.09464
21
-3.93337
0
LINE
8
BLACK
6
CONTINUOUS
10
5.09464
20
-3.93337
11
5.09233
21
-3.93275
0
LINE
8
BLACK
6
CONTINUOUS
10
5.09233
20
-3.93275
11
5.09106
21
-3.93112
0
LINE
8
BLACK
6
CONTINUOUS
10
5.09106
20
-3.93112
11
5.0895
21
-3.92701
0
LINE
8
BLACK
6
CONTINUOUS
10
5.0895
20
-3.92701
11
5.0857
21
-3.9215
0
LINE
8
BLACK
6
CONTINUOUS
10
5.0857
20
-3.9215
11
5.0857
21
-3.9215
0
LINE
8
BLACK
6
CONTINUOUS
10
5.0857
20
-3.9215
11
5.08561
21
-3.92142
0
LINE
8
BLACK
6
CONTINUOUS
10
5.08561
20
-3.92142
11
5.08068
21
-3.91706
0
LINE
8
BLACK
6
CONTINUOUS
10
5.08068
20
-3.91706
11
5.08068
21
-3.91706
0
LINE
8
BLACK
6
CONTINUOUS
10
5.08068
20
-3.91706
11
5.08068
21
-3.91706
0
LINE
8
BLACK
6
CONTINUOUS
10
5.08068
20
-3.91706
11
5.07475
21
-3.91395
0
LINE
8
BLACK
6
CONTINUOUS
10
5.07475
20
-3.91395
11
5.06985
21
-3.91274
0
LINE
8
BLACK
6
CONTINUOUS
10
5.06985
20
-3.91274
11
5.06825
21
-3.91234
0
LINE
8
BLACK
6
CONTINUOUS
10
5.06825
20
-3.91234
11
5.06155
21
-3.91234
0
LINE
8
BLACK
6
CONTINUOUS
10
5.06155
20
-3.91234
11
5.05505
21
-3.91395
0
LINE
8
BLACK
6
CONTINUOUS
10
5.05505
20
-3.91395
11
5.04912
21
-3.91706
0
LINE
8
BLACK
6
CONTINUOUS
10
5.04912
20
-3.91706
11
5.04912
21
-3.91706
0
LINE
8
BLACK
6
CONTINUOUS
10
5.04912
20
-3.91706
11
5.04912
21
-3.91706
0
LINE
8
BLACK
6
CONTINUOUS
10
5.04912
20
-3.91706
11
5.04912
21
-3.91706
0
LINE
8
BLACK
6
CONTINUOUS
10
5.04912
20
-3.91706
11
5.04691
21
-3.91902
0
LINE
8
BLACK
6
CONTINUOUS
10
5.04691
20
-3.91902
11
5.04411
21
-3.9215
0
LINE
8
BLACK
6
CONTINUOUS
10
5.04411
20
-3.9215
11
5.04411
21
-3.9215
0
LINE
8
BLACK
6
CONTINUOUS
10
5.04411
20
-3.9215
11
5.0403
21
-3.92701
0
LINE
8
BLACK
6
CONTINUOUS
10
5.0403
20
-3.92701
11
5.03793
21
-3.93327
0
LINE
8
BLACK
6
CONTINUOUS
10
5.03793
20
-3.93327
11
5.03712
21
-3.93992
0
LINE
8
BLACK
6
CONTINUOUS
10
5.03712
20
-3.93992
11
5.03712
21
-3.93992
0
LINE
8
BLACK
6
CONTINUOUS
10
5.03712
20
-3.93992
11
5.03793
21
-3.94657
0
LINE
8
BLACK
6
CONTINUOUS
10
5.03793
20
-3.94657
11
5.0403
21
-3.95283
0
LINE
8
BLACK
6
CONTINUOUS
10
5.0403
20
-3.95283
11
5.04411
21
-3.95834
0
LINE
8
BLACK
6
CONTINUOUS
10
5.04411
20
-3.95834
11
5.04411
21
-3.95834
0
LINE
8
BLACK
6
CONTINUOUS
10
5.04411
20
-3.95834
11
5.04411
21
-3.95834
0
LINE
8
BLACK
6
CONTINUOUS
10
5.04411
20
-3.95834
11
5.04411
21
-3.95834
0
LINE
8
BLACK
6
CONTINUOUS
10
5.04411
20
-3.95834
11
5.04912
21
-3.96278
0
LINE
8
BLACK
6
CONTINUOUS
10
5.04912
20
-3.96278
11
5.04912
21
-3.96278
0
LINE
8
BLACK
6
CONTINUOUS
10
5.04912
20
-3.96278
11
5.05505
21
-3.9659
0
LINE
8
BLACK
6
CONTINUOUS
10
5.05505
20
-3.9659
11
5.05562
21
-3.96604
0
LINE
8
BLACK
6
CONTINUOUS
10
5.05562
20
-3.96604
11
5.05761
21
-3.96737
0
LINE
8
BLACK
6
CONTINUOUS
10
5.05761
20
-3.96737
11
5.05827
21
-3.96967
0
LINE
8
BLACK
6
CONTINUOUS
10
5.05827
20
-3.96967
11
5.0573
21
-3.97187
0
LINE
8
BLACK
6
CONTINUOUS
10
5.0573
20
-3.97187
11
5.05726
21
-3.97192
0
LINE
8
BLACK
6
CONTINUOUS
10
5.05726
20
-3.97192
11
4.94695
21
-4.08222
0
LINE
8
BLACK
6
CONTINUOUS
10
4.94695
20
-4.08222
11
4.94478
21
-4.08323
0
LINE
8
BLACK
6
CONTINUOUS
10
4.94478
20
-4.08323
11
4.94447
21
-4.08325
0
LINE
8
BLACK
6
CONTINUOUS
10
4.94447
20
-4.08325
11
4.90136
21
-4.08325
0
LINE
8
BLACK
6
CONTINUOUS
10
4.90136
20
-4.08325
11
4.8991
21
-4.08243
0
LINE
8
BLACK
6
CONTINUOUS
10
4.8991
20
-4.08243
11
4.89903
21
-4.08237
0
LINE
8
BLACK
6
CONTINUOUS
10
4.89903
20
-4.08237
11
4.89887
21
-4.08222
0
LINE
8
BLACK
6
CONTINUOUS
10
4.89887
20
-4.08222
11
4.89868
21
-4.08206
0
LINE
8
BLACK
6
CONTINUOUS
10
4.89868
20
-4.08206
11
4.89868
21
-4.08206
0
LINE
8
BLACK
6
CONTINUOUS
10
4.89868
20
-4.08206
11
4.89616
21
-4.08073
0
LINE
8
BLACK
6
CONTINUOUS
10
4.89616
20
-4.08073
11
4.89275
21
-4.07895
0
LINE
8
BLACK
6
CONTINUOUS
10
4.89275
20
-4.07895
11
4.89275
21
-4.07895
0
LINE
8
BLACK
6
CONTINUOUS
10
4.89275
20
-4.07895
11
4.88865
21
-4.07793
0
LINE
8
BLACK
6
CONTINUOUS
10
4.88865
20
-4.07793
11
4.88625
21
-4.07734
0
LINE
8
BLACK
6
CONTINUOUS
10
4.88625
20
-4.07734
11
4.87955
21
-4.07734
0
LINE
8
BLACK
6
CONTINUOUS
10
4.87955
20
-4.07734
11
4.87305
21
-4.07895
0
LINE
8
BLACK
6
CONTINUOUS
10
4.87305
20
-4.07895
11
4.86712
21
-4.08206
0
LINE
8
BLACK
6
CONTINUOUS
10
4.86712
20
-4.08206
11
4.86712
21
-4.08206
0
LINE
8
BLACK
6
CONTINUOUS
10
4.86712
20
-4.08206
11
4.86712
21
-4.08206
0
LINE
8
BLACK
6
CONTINUOUS
10
4.86712
20
-4.08206
11
4.86712
21
-4.08206
0
LINE
8
BLACK
6
CONTINUOUS
10
4.86712
20
-4.08206
11
4.86578
21
-4.08325
0
LINE
8
BLACK
6
CONTINUOUS
10
4.86578
20
-4.08325
11
4.86211
21
-4.0865
0
LINE
8
BLACK
6
CONTINUOUS
10
4.86211
20
-4.0865
11
4.86211
21
-4.0865
0
LINE
8
BLACK
6
CONTINUOUS
10
4.86211
20
-4.0865
11
4.8583
21
-4.09201
0
LINE
8
BLACK
6
CONTINUOUS
10
4.8583
20
-4.09201
11
4.8583
21
-4.09201
0
LINE
8
BLACK
6
CONTINUOUS
10
4.8583
20
-4.09201
11
4.85593
21
-4.09827
0
LINE
8
BLACK
6
CONTINUOUS
10
4.85593
20
-4.09827
11
4.85512
21
-4.10492
0
LINE
8
BLACK
6
CONTINUOUS
10
4.85512
20
-4.10492
11
4.85593
21
-4.11157
0
LINE
8
BLACK
6
CONTINUOUS
10
4.85593
20
-4.11157
11
4.8583
21
-4.11783
0
LINE
8
BLACK
6
CONTINUOUS
10
4.8583
20
-4.11783
11
4.8583
21
-4.11783
0
LINE
8
BLACK
6
CONTINUOUS
10
4.8583
20
-4.11783
11
4.86211
21
-4.12334
0
LINE
8
BLACK
6
CONTINUOUS
10
4.86211
20
-4.12334
11
4.86211
21
-4.12334
0
LINE
8
BLACK
6
CONTINUOUS
10
4.86211
20
-4.12334
11
4.86211
21
-4.12334
0
LINE
8
BLACK
6
CONTINUOUS
10
4.86211
20
-4.12334
11
4.86211
21
-4.12334
0
LINE
8
BLACK
6
CONTINUOUS
10
4.86211
20
-4.12334
11
4.86712
21
-4.12778
0
LINE
8
BLACK
6
CONTINUOUS
10
4.86712
20
-4.12778
11
4.87305
21
-4.1309
0
LINE
8
BLACK
6
CONTINUOUS
10
4.87305
20
-4.1309
11
4.87955
21
-4.1325
0
LINE
8
BLACK
6
CONTINUOUS
10
4.87955
20
-4.1325
11
4.87955
21
-4.1325
0
LINE
8
BLACK
6
CONTINUOUS
10
4.87955
20
-4.1325
11
4.88625
21
-4.1325
0
LINE
8
BLACK
6
CONTINUOUS
10
4.88625
20
-4.1325
11
4.88625
21
-4.1325
0
LINE
8
BLACK
6
CONTINUOUS
10
4.88625
20
-4.1325
11
4.89275
21
-4.1309
0
LINE
8
BLACK
6
CONTINUOUS
10
4.89275
20
-4.1309
11
4.89868
21
-4.12778
0
LINE
8
BLACK
6
CONTINUOUS
10
4.89868
20
-4.12778
11
4.89903
21
-4.12748
0
LINE
8
BLACK
6
CONTINUOUS
10
4.89903
20
-4.12748
11
4.90126
21
-4.1266
0
LINE
8
BLACK
6
CONTINUOUS
10
4.90126
20
-4.1266
11
4.90136
21
-4.12659
0
LINE
8
BLACK
6
CONTINUOUS
10
4.90136
20
-4.12659
11
4.93412
21
-4.12659
0
LINE
8
BLACK
6
CONTINUOUS
10
4.93412
20
-4.12659
11
4.93637
21
-4.12741
0
LINE
8
BLACK
6
CONTINUOUS
10
4.93637
20
-4.12741
11
4.93757
21
-4.12949
0
LINE
8
BLACK
6
CONTINUOUS
10
4.93757
20
-4.12949
11
4.93715
21
-4.13185
0
LINE
8
BLACK
6
CONTINUOUS
10
4.93715
20
-4.13185
11
4.9366
21
-4.13258
0
LINE
8
BLACK
6
CONTINUOUS
10
4.9366
20
-4.13258
11
4.90695
21
-4.16222
0
LINE
8
BLACK
6
CONTINUOUS
10
4.90695
20
-4.16222
11
4.90478
21
-4.16323
0
LINE
8
BLACK
6
CONTINUOUS
10
4.90478
20
-4.16323
11
4.90447
21
-4.16325
0
LINE
8
BLACK
6
CONTINUOUS
10
4.90447
20
-4.16325
11
4.90336
21
-4.16325
0
LINE
8
BLACK
6
CONTINUOUS
10
4.90336
20
-4.16325
11
4.9011
21
-4.16243
0
LINE
8
BLACK
6
CONTINUOUS
10
4.9011
20
-4.16243
11
4.90103
21
-4.16237
0
LINE
8
BLACK
6
CONTINUOUS
10
4.90103
20
-4.16237
11
4.90068
21
-4.16206
0
LINE
8
BLACK
6
CONTINUOUS
10
4.90068
20
-4.16206
11
4.90068
21
-4.16206
0
LINE
8
BLACK
6
CONTINUOUS
10
4.90068
20
-4.16206
11
4.89816
21
-4.16073
0
LINE
8
BLACK
6
CONTINUOUS
10
4.89816
20
-4.16073
11
4.89475
21
-4.15895
0
LINE
8
BLACK
6
CONTINUOUS
10
4.89475
20
-4.15895
11
4.89475
21
-4.15895
0
LINE
8
BLACK
6
CONTINUOUS
10
4.89475
20
-4.15895
11
4.89141
21
-4.15812
0
LINE
8
BLACK
6
CONTINUOUS
10
4.89141
20
-4.15812
11
4.88825
21
-4.15734
0
LINE
8
BLACK
6
CONTINUOUS
10
4.88825
20
-4.15734
11
4.88155
21
-4.15734
0
LINE
8
BLACK
6
CONTINUOUS
10
4.88155
20
-4.15734
11
4.87505
21
-4.15895
0
LINE
8
BLACK
6
CONTINUOUS
10
4.87505
20
-4.15895
11
4.86912
21
-4.16206
0
LINE
8
BLACK
6
CONTINUOUS
10
4.86912
20
-4.16206
11
4.86912
21
-4.16206
0
LINE
8
BLACK
6
CONTINUOUS
10
4.86912
20
-4.16206
11
4.86912
21
-4.16206
0
LINE
8
BLACK
6
CONTINUOUS
10
4.86912
20
-4.16206
11
4.86912
21
-4.16206
0
LINE
8
BLACK
6
CONTINUOUS
10
4.86912
20
-4.16206
11
4.86778
21
-4.16325
0
LINE
8
BLACK
6
CONTINUOUS
10
4.86778
20
-4.16325
11
4.86411
21
-4.1665
0
LINE
8
BLACK
6
CONTINUOUS
10
4.86411
20
-4.1665
11
4.86411
21
-4.1665
0
LINE
8
BLACK
6
CONTINUOUS
10
4.86411
20
-4.1665
11
4.8603
21
-4.17201
0
LINE
8
BLACK
6
CONTINUOUS
10
4.8603
20
-4.17201
11
4.8603
21
-4.17201
0
LINE
8
BLACK
6
CONTINUOUS
10
4.8603
20
-4.17201
11
4.85793
21
-4.17827
0
LINE
8
BLACK
6
CONTINUOUS
10
4.85793
20
-4.17827
11
4.85712
21
-4.18492
0
LINE
8
BLACK
6
CONTINUOUS
10
4.85712
20
-4.18492
11
4.85793
21
-4.19157
0
LINE
8
BLACK
6
CONTINUOUS
10
4.85793
20
-4.19157
11
4.85937
21
-4.19537
0
LINE
8
BLACK
6
CONTINUOUS
10
4.85937
20
-4.19537
11
4.8603
21
-4.19783
0
LINE
8
BLACK
6
CONTINUOUS
10
4.8603
20
-4.19783
11
4.86411
21
-4.20334
0
LINE
8
BLACK
6
CONTINUOUS
10
4.86411
20
-4.20334
11
4.86411
21
-4.20334
0
LINE
8
BLACK
6
CONTINUOUS
10
4.86411
20
-4.20334
11
4.86411
21
-4.20334
0
LINE
8
BLACK
6
CONTINUOUS
10
4.86411
20
-4.20334
11
4.86411
21
-4.20334
0
LINE
8
BLACK
6
CONTINUOUS
10
4.86411
20
-4.20334
11
4.86912
21
-4.20778
0
LINE
8
BLACK
6
CONTINUOUS
10
4.86912
20
-4.20778
11
4.87505
21
-4.2109
0
LINE
8
BLACK
6
CONTINUOUS
10
4.87505
20
-4.2109
11
4.88155
21
-4.2125
0
LINE
8
BLACK
6
CONTINUOUS
10
4.88155
20
-4.2125
11
4.88155
21
-4.2125
0
LINE
8
BLACK
6
CONTINUOUS
10
4.88155
20
-4.2125
11
4.88825
21
-4.2125
0
LINE
8
BLACK
6
CONTINUOUS
10
4.88825
20
-4.2125
11
4.88825
21
-4.2125
0
LINE
8
BLACK
6
CONTINUOUS
10
4.88825
20
-4.2125
11
4.89386
21
-4.21112
0
LINE
8
BLACK
6
CONTINUOUS
10
4.89386
20
-4.21112
11
4.89624
21
-4.21137
0
LINE
8
BLACK
6
CONTINUOUS
10
4.89624
20
-4.21137
11
4.8979
21
-4.2131
0
LINE
8
BLACK
6
CONTINUOUS
10
4.8979
20
-4.2131
11
4.89806
21
-4.21549
0
LINE
8
BLACK
6
CONTINUOUS
10
4.89806
20
-4.21549
11
4.89717
21
-4.217
0
LINE
8
BLACK
6
CONTINUOUS
10
4.89717
20
-4.217
11
4.87761
21
-4.23656
0
LINE
8
BLACK
6
CONTINUOUS
10
4.87761
20
-4.23656
11
4.87597
21
-4.23749
0
LINE
8
BLACK
6
CONTINUOUS
10
4.87597
20
-4.23749
11
4.87005
21
-4.23895
0
LINE
8
BLACK
6
CONTINUOUS
10
4.87005
20
-4.23895
11
4.86412
21
-4.24206
0
LINE
8
BLACK
6
CONTINUOUS
10
4.86412
20
-4.24206
11
4.86412
21
-4.24206
0
LINE
8
BLACK
6
CONTINUOUS
10
4.86412
20
-4.24206
11
4.86412
21
-4.24206
0
LINE
8
BLACK
6
CONTINUOUS
10
4.86412
20
-4.24206
11
4.86412
21
-4.24206
0
LINE
8
BLACK
6
CONTINUOUS
10
4.86412
20
-4.24206
11
4.86181
21
-4.2441
0
LINE
8
BLACK
6
CONTINUOUS
10
4.86181
20
-4.2441
11
4.85911
21
-4.2465
0
LINE
8
BLACK
6
CONTINUOUS
10
4.85911
20
-4.2465
11
4.85911
21
-4.2465
0
LINE
8
BLACK
6
CONTINUOUS
10
4.85911
20
-4.2465
11
4.8553
21
-4.25201
0
LINE
8
BLACK
6
CONTINUOUS
10
4.8553
20
-4.25201
11
4.8553
21
-4.25201
0
LINE
8
BLACK
6
CONTINUOUS
10
4.8553
20
-4.25201
11
4.85293
21
-4.25827
0
LINE
8
BLACK
6
CONTINUOUS
10
4.85293
20
-4.25827
11
4.85212
21
-4.26492
0
LINE
8
BLACK
6
CONTINUOUS
10
4.85212
20
-4.26492
11
4.85293
21
-4.27157
0
LINE
8
BLACK
6
CONTINUOUS
10
5.51076
20
-3.59484
11
5.51314
21
-3.6011
0
LINE
8
BLACK
6
CONTINUOUS
10
5.51314
20
-3.6011
11
5.51314
21
-3.6011
0
LINE
8
BLACK
6
CONTINUOUS
10
5.51314
20
-3.6011
11
5.51544
21
-3.60443
0
LINE
8
BLACK
6
CONTINUOUS
10
5.51544
20
-3.60443
11
5.51606
21
-3.60654
0
LINE
8
BLACK
6
CONTINUOUS
10
5.51606
20
-3.60654
11
5.51597
21
-3.60897
0
LINE
8
BLACK
6
CONTINUOUS
10
5.51597
20
-3.60897
11
5.51639
21
-3.61069
0
LINE
8
BLACK
6
CONTINUOUS
10
5.51639
20
-3.61069
11
5.51643
21
-3.61087
0
LINE
8
BLACK
6
CONTINUOUS
10
5.51643
20
-3.61087
11
5.51667
21
-3.61263
0
LINE
8
BLACK
6
CONTINUOUS
10
5.51667
20
-3.61263
11
5.517
21
-3.61339
0
LINE
8
BLACK
6
CONTINUOUS
10
5.517
20
-3.61339
11
5.51719
21
-3.61395
0
LINE
8
BLACK
6
CONTINUOUS
10
5.51719
20
-3.61395
11
5.51738
21
-3.61476
0
LINE
8
BLACK
6
CONTINUOUS
10
5.51738
20
-3.61476
11
5.51738
21
-3.61476
0
LINE
8
BLACK
6
CONTINUOUS
10
5.51738
20
-3.61476
11
5.51825
21
-3.61631
0
LINE
8
BLACK
6
CONTINUOUS
10
5.51825
20
-3.61631
11
5.51833
21
-3.61647
0
LINE
8
BLACK
6
CONTINUOUS
10
5.51833
20
-3.61647
11
5.51904
21
-3.6181
0
LINE
8
BLACK
6
CONTINUOUS
10
5.51904
20
-3.6181
11
5.51904
21
-3.6181
0
LINE
8
BLACK
6
CONTINUOUS
10
5.51904
20
-3.6181
11
5.51956
21
-3.61874
0
LINE
8
BLACK
6
CONTINUOUS
10
5.51956
20
-3.61874
11
5.5199
21
-3.61923
0
LINE
8
BLACK
6
CONTINUOUS
10
5.5199
20
-3.61923
11
5.5203
21
-3.61995
0
LINE
8
BLACK
6
CONTINUOUS
10
5.5203
20
-3.61995
11
5.5203
21
-3.61995
0
LINE
8
BLACK
6
CONTINUOUS
10
5.5203
20
-3.61995
11
5.52156
21
-3.62121
0
LINE
8
BLACK
6
CONTINUOUS
10
5.52156
20
-3.62121
11
5.52168
21
-3.62134
0
LINE
8
BLACK
6
CONTINUOUS
10
5.52168
20
-3.62134
11
5.5222
21
-3.62198
0
LINE
8
BLACK
6
CONTINUOUS
10
5.5222
20
-3.62198
11
5.5228
21
-3.62272
0
LINE
8
BLACK
6
CONTINUOUS
10
5.5228
20
-3.62272
11
5.5228
21
-3.62272
0
LINE
8
BLACK
6
CONTINUOUS
10
5.5228
20
-3.62272
11
5.5228
21
-3.62272
0
LINE
8
BLACK
6
CONTINUOUS
10
5.5228
20
-3.62272
11
5.52348
21
-3.62319
0
LINE
8
BLACK
6
CONTINUOUS
10
5.52348
20
-3.62319
11
5.52393
21
-3.62358
0
LINE
8
BLACK
6
CONTINUOUS
10
5.52393
20
-3.62358
11
5.63285
21
-3.7325
0
LINE
8
BLACK
6
CONTINUOUS
10
5.63285
20
-3.7325
11
5.63662
21
-3.73309
0
LINE
8
BLACK
6
CONTINUOUS
10
5.63662
20
-3.73309
11
5.64101
21
-3.73533
0
LINE
8
BLACK
6
CONTINUOUS
10
5.64101
20
-3.73533
11
5.64449
21
-3.73882
0
LINE
8
BLACK
6
CONTINUOUS
10
5.64449
20
-3.73882
11
5.64673
21
-3.74321
0
LINE
8
BLACK
6
CONTINUOUS
10
5.64673
20
-3.74321
11
5.64732
21
-3.74697
0
LINE
8
BLACK
6
CONTINUOUS
10
5.64732
20
-3.74697
11
5.73937
21
-3.83901
0
LINE
8
BLACK
6
CONTINUOUS
10
5.73937
20
-3.83901
11
5.74038
21
-3.84118
0
LINE
8
BLACK
6
CONTINUOUS
10
5.74038
20
-3.84118
11
5.74039
21
-3.84149
0
LINE
8
BLACK
6
CONTINUOUS
10
5.74039
20
-3.84149
11
5.74039
21
-3.85884
0
LINE
8
BLACK
6
CONTINUOUS
10
5.74039
20
-3.85884
11
5.73977
21
-3.86083
0
LINE
8
BLACK
6
CONTINUOUS
10
5.73977
20
-3.86083
11
5.73747
21
-3.86417
0
LINE
8
BLACK
6
CONTINUOUS
10
5.73747
20
-3.86417
11
5.73509
21
-3.87044
0
LINE
8
BLACK
6
CONTINUOUS
10
5.73509
20
-3.87044
11
5.73428
21
-3.87708
0
LINE
8
BLACK
6
CONTINUOUS
10
5.73428
20
-3.87708
11
5.73428
21
-3.87708
0
LINE
8
BLACK
6
CONTINUOUS
10
5.73428
20
-3.87708
11
5.73509
21
-3.88373
0
LINE
8
BLACK
6
CONTINUOUS
10
5.73509
20
-3.88373
11
5.73747
21
-3.89
0
LINE
8
BLACK
6
CONTINUOUS
10
5.73747
20
-3.89
11
5.74127
21
-3.89551
0
LINE
8
BLACK
6
CONTINUOUS
10
5.74127
20
-3.89551
11
5.74127
21
-3.89551
0
LINE
8
BLACK
6
CONTINUOUS
10
5.74127
20
-3.89551
11
5.74127
21
-3.89551
0
LINE
8
BLACK
6
CONTINUOUS
10
5.74127
20
-3.89551
11
5.74127
21
-3.89551
0
LINE
8
BLACK
6
CONTINUOUS
10
5.74127
20
-3.89551
11
5.74628
21
-3.89995
0
LINE
8
BLACK
6
CONTINUOUS
10
5.74628
20
-3.89995
11
5.75221
21
-3.90306
0
LINE
8
BLACK
6
CONTINUOUS
10
5.75221
20
-3.90306
11
5.75872
21
-3.90466
0
LINE
8
BLACK
6
CONTINUOUS
10
5.75872
20
-3.90466
11
5.75872
21
-3.90466
0
LINE
8
BLACK
6
CONTINUOUS
10
5.75872
20
-3.90466
11
5.76541
21
-3.90466
0
LINE
8
BLACK
6
CONTINUOUS
10
5.76541
20
-3.90466
11
5.76541
21
-3.90466
0
LINE
8
BLACK
6
CONTINUOUS
10
5.76541
20
-3.90466
11
5.77192
21
-3.90306
0
LINE
8
BLACK
6
CONTINUOUS
10
5.77192
20
-3.90306
11
5.77785
21
-3.89995
0
LINE
8
BLACK
6
CONTINUOUS
10
5.77785
20
-3.89995
11
5.78286
21
-3.89551
0
LINE
8
BLACK
6
CONTINUOUS
10
5.78286
20
-3.89551
11
5.78416
21
-3.89362
0
LINE
8
BLACK
6
CONTINUOUS
10
5.78416
20
-3.89362
11
5.78612
21
-3.89223
0
LINE
8
BLACK
6
CONTINUOUS
10
5.78612
20
-3.89223
11
5.78851
21
-3.89242
0
LINE
8
BLACK
6
CONTINUOUS
10
5.78851
20
-3.89242
11
5.78904
21
-3.89273
0
LINE
8
BLACK
6
CONTINUOUS
10
5.78904
20
-3.89273
11
5.78912
21
-3.89278
0
LINE
8
BLACK
6
CONTINUOUS
10
5.78912
20
-3.89278
11
5.79071
21
-3.89362
0
LINE
8
BLACK
6
CONTINUOUS
10
5.79071
20
-3.89362
11
5.79505
21
-3.8959
0
LINE
8
BLACK
6
CONTINUOUS
10
5.79505
20
-3.8959
11
5.80155
21
-3.8975
0
LINE
8
BLACK
6
CONTINUOUS
10
5.80155
20
-3.8975
11
5.80155
21
-3.8975
0
LINE
8
BLACK
6
CONTINUOUS
10
5.80155
20
-3.8975
11
5.80825
21
-3.8975
0
LINE
8
BLACK
6
CONTINUOUS
10
5.80825
20
-3.8975
11
5.80825
21
-3.8975
0
LINE
8
BLACK
6
CONTINUOUS
10
5.80825
20
-3.8975
11
5.81304
21
-3.89632
0
LINE
8
BLACK
6
CONTINUOUS
10
5.81304
20
-3.89632
11
5.81543
21
-3.89658
0
LINE
8
BLACK
6
CONTINUOUS
10
5.81543
20
-3.89658
11
5.81709
21
-3.8983
0
LINE
8
BLACK
6
CONTINUOUS
10
5.81709
20
-3.8983
11
5.81739
21
-3.89972
0
LINE
8
BLACK
6
CONTINUOUS
10
5.81739
20
-3.89972
11
5.81739
21
-4.05642
0
LINE
8
BLACK
6
CONTINUOUS
10
5.81739
20
-4.05642
11
5.81657
21
-4.05867
0
LINE
8
BLACK
6
CONTINUOUS
10
5.81657
20
-4.05867
11
5.81636
21
-4.05889
0
LINE
8
BLACK
6
CONTINUOUS
10
5.81636
20
-4.05889
11
5.77137
21
-4.10389
0
LINE
8
BLACK
6
CONTINUOUS
10
5.77137
20
-4.10389
11
5.76805
21
-4.10805
0
LINE
8
BLACK
6
CONTINUOUS
10
5.76805
20
-4.10805
11
5.76805
21
-4.10805
0
LINE
8
BLACK
6
CONTINUOUS
10
5.76805
20
-4.10805
11
5.76497
21
-4.11445
0
LINE
8
BLACK
6
CONTINUOUS
10
5.76497
20
-4.11445
11
5.76406
21
-4.11842
0
LINE
8
BLACK
6
CONTINUOUS
10
5.76406
20
-4.11842
11
5.76339
21
-4.12137
0
LINE
8
BLACK
6
CONTINUOUS
10
5.76339
20
-4.12137
11
5.76339
21
-4.12847
0
LINE
8
BLACK
6
CONTINUOUS
10
5.76339
20
-4.12847
11
5.76444
21
-4.13309
0
LINE
8
BLACK
6
CONTINUOUS
10
5.76444
20
-4.13309
11
5.76497
21
-4.1354
0
LINE
8
BLACK
6
CONTINUOUS
10
5.76497
20
-4.1354
11
5.76705
21
-4.13972
0
LINE
8
BLACK
6
CONTINUOUS
10
5.76705
20
-4.13972
11
5.76805
21
-4.14179
0
LINE
8
BLACK
6
CONTINUOUS
10
5.76805
20
-4.14179
11
5.77248
21
-4.14735
0
LINE
8
BLACK
6
CONTINUOUS
10
5.77248
20
-4.14735
11
5.77803
21
-4.15178
0
LINE
8
BLACK
6
CONTINUOUS
10
5.77803
20
-4.15178
11
5.78252
21
-4.15394
0
LINE
8
BLACK
6
CONTINUOUS
10
5.78252
20
-4.15394
11
5.78443
21
-4.15486
0
LINE
8
BLACK
6
CONTINUOUS
10
5.78443
20
-4.15486
11
5.78443
21
-4.15486
0
LINE
8
BLACK
6
CONTINUOUS
10
5.78443
20
-4.15486
11
5.78443
21
-4.15486
0
LINE
8
BLACK
6
CONTINUOUS
10
5.78443
20
-4.15486
11
5.79135
21
-4.15644
0
LINE
8
BLACK
6
CONTINUOUS
10
5.79135
20
-4.15644
11
5.79135
21
-4.15644
0
LINE
8
BLACK
6
CONTINUOUS
10
5.79135
20
-4.15644
11
5.79845
21
-4.15644
0
LINE
8
BLACK
6
CONTINUOUS
10
5.79845
20
-4.15644
11
5.79845
21
-4.15644
0
LINE
8
BLACK
6
CONTINUOUS
10
5.79845
20
-4.15644
11
5.80538
21
-4.15486
0
LINE
8
BLACK
6
CONTINUOUS
10
5.80538
20
-4.15486
11
5.81178
21
-4.15178
0
LINE
8
BLACK
6
CONTINUOUS
10
5.81178
20
-4.15178
11
5.81594
21
-4.14846
0
LINE
8
BLACK
6
CONTINUOUS
10
5.81594
20
-4.14846
11
5.85635
21
-4.10805
0
LINE
8
BLACK
6
CONTINUOUS
10
5.85635
20
-4.10805
11
5.85888
21
-4.10551
0
LINE
8
BLACK
6
CONTINUOUS
10
5.85888
20
-4.10551
11
5.86757
21
-4.09682
0
LINE
8
BLACK
6
CONTINUOUS
10
5.86757
20
-4.09682
11
5.86816
21
-4.09566
0
LINE
8
BLACK
6
CONTINUOUS
10
5.86816
20
-4.09566
11
5.87165
21
-4.09218
0
LINE
8
BLACK
6
CONTINUOUS
10
5.87165
20
-4.09218
11
5.8728
21
-4.09159
0
LINE
8
BLACK
6
CONTINUOUS
10
5.8728
20
-4.09159
11
5.87307
21
-4.09133
0
LINE
8
BLACK
6
CONTINUOUS
10
5.87307
20
-4.09133
11
5.8737
21
-4.0907
0
LINE
8
BLACK
6
CONTINUOUS
10
5.8737
20
-4.0907
11
5.87459
21
-4.08927
0
LINE
8
BLACK
6
CONTINUOUS
10
5.87459
20
-4.08927
11
5.87471
21
-4.08911
0
LINE
8
BLACK
6
CONTINUOUS
10
5.87471
20
-4.08911
11
5.87576
21
-4.08779
0
LINE
8
BLACK
6
CONTINUOUS
10
5.87576
20
-4.08779
11
5.87649
21
-4.08628
0
LINE
8
BLACK
6
CONTINUOUS
10
5.87649
20
-4.08628
11
5.87658
21
-4.08611
0
LINE
8
BLACK
6
CONTINUOUS
10
5.87658
20
-4.08611
11
5.87748
21
-4.08468
0
LINE
8
BLACK
6
CONTINUOUS
10
5.87748
20
-4.08468
11
5.87803
21
-4.08309
0
LINE
8
BLACK
6
CONTINUOUS
10
5.87803
20
-4.08309
11
5.87811
21
-4.08291
0
LINE
8
BLACK
6
CONTINUOUS
10
5.87811
20
-4.08291
11
5.87884
21
-4.0814
0
LINE
8
BLACK
6
CONTINUOUS
10
5.87884
20
-4.0814
11
5.87921
21
-4.07976
0
LINE
8
BLACK
6
CONTINUOUS
10
5.87921
20
-4.07976
11
5.87927
21
-4.07957
0
LINE
8
BLACK
6
CONTINUOUS
10
5.87927
20
-4.07957
11
5.87982
21
-4.07798
0
LINE
8
BLACK
6
CONTINUOUS
10
5.87982
20
-4.07798
11
5.88001
21
-4.07631
0
LINE
8
BLACK
6
CONTINUOUS
10
5.88001
20
-4.07631
11
5.88004
21
-4.07611
0
LINE
8
BLACK
6
CONTINUOUS
10
5.88004
20
-4.07611
11
5.88042
21
-4.07447
0
LINE
8
BLACK
6
CONTINUOUS
10
5.88042
20
-4.07447
11
5.88042
21
-4.06737
0
LINE
8
BLACK
6
CONTINUOUS
10
5.88042
20
-4.06737
11
5.88042
21
-3.99676
0
LINE
8
BLACK
6
CONTINUOUS
10
5.88042
20
-3.99676
11
5.87992
21
-3.99579
0
LINE
8
BLACK
6
CONTINUOUS
10
5.87992
20
-3.99579
11
5.87915
21
-3.99092
0
LINE
8
BLACK
6
CONTINUOUS
10
5.87915
20
-3.99092
11
5.87992
21
-3.98605
0
LINE
8
BLACK
6
CONTINUOUS
10
5.87992
20
-3.98605
11
5.88042
21
-3.98509
0
LINE
8
BLACK
6
CONTINUOUS
10
5.88042
20
-3.98509
11
5.88042
21
-3.87843
0
LINE
8
BLACK
6
CONTINUOUS
10
5.88042
20
-3.87843
11
5.88016
21
-3.87818
0
LINE
8
BLACK
6
CONTINUOUS
10
5.88016
20
-3.87818
11
5.87792
21
-3.87379
0
LINE
8
BLACK
6
CONTINUOUS
10
5.87792
20
-3.87379
11
5.87715
21
-3.86892
0
LINE
8
BLACK
6
CONTINUOUS
10
5.87715
20
-3.86892
11
5.87792
21
-3.86405
0
LINE
8
BLACK
6
CONTINUOUS
10
5.87792
20
-3.86405
11
5.88016
21
-3.85966
0
LINE
8
BLACK
6
CONTINUOUS
10
5.88016
20
-3.85966
11
5.88042
21
-3.85941
0
LINE
8
BLACK
6
CONTINUOUS
10
5.88042
20
-3.85941
11
5.88042
21
-3.70492
0
LINE
8
BLACK
6
CONTINUOUS
10
5.88042
20
-3.70492
11
5.88042
21
-3.5652
0
LINE
8
BLACK
6
CONTINUOUS
10
5.88042
20
-3.5652
11
5.88042
21
-3.53715
0
LINE
8
BLACK
6
CONTINUOUS
10
5.88042
20
-3.53715
11
5.88042
21
-3.53537
0
LINE
8
BLACK
6
CONTINUOUS
10
5.88042
20
-3.53537
11
5.88004
21
-3.53373
0
LINE
8
BLACK
6
CONTINUOUS
10
5.88004
20
-3.53373
11
5.88001
21
-3.53354
0
LINE
8
BLACK
6
CONTINUOUS
10
5.88001
20
-3.53354
11
5.87982
21
-3.53186
0
LINE
8
BLACK
6
CONTINUOUS
10
5.87982
20
-3.53186
11
5.87943
21
-3.53075
0
LINE
8
BLACK
6
CONTINUOUS
10
5.87943
20
-3.53075
11
5.87927
21
-3.53028
0
LINE
8
BLACK
6
CONTINUOUS
10
5.87927
20
-3.53028
11
5.87921
21
-3.53009
0
LINE
8
BLACK
6
CONTINUOUS
10
5.87921
20
-3.53009
11
5.87884
21
-3.52845
0
LINE
8
BLACK
6
CONTINUOUS
10
5.87884
20
-3.52845
11
5.87883
21
-3.52843
0
LINE
8
BLACK
6
CONTINUOUS
10
5.87883
20
-3.52843
11
5.87811
21
-3.52693
0
LINE
8
BLACK
6
CONTINUOUS
10
5.87811
20
-3.52693
11
5.87803
21
-3.52675
0
LINE
8
BLACK
6
CONTINUOUS
10
5.87803
20
-3.52675
11
5.87788
21
-3.5263
0
LINE
8
BLACK
6
CONTINUOUS
10
5.87788
20
-3.5263
11
5.87748
21
-3.52516
0
LINE
8
BLACK
6
CONTINUOUS
10
5.87748
20
-3.52516
11
5.87658
21
-3.52374
0
LINE
8
BLACK
6
CONTINUOUS
10
5.87658
20
-3.52374
11
5.87649
21
-3.52356
0
LINE
8
BLACK
6
CONTINUOUS
10
5.87649
20
-3.52356
11
5.87576
21
-3.52205
0
LINE
8
BLACK
6
CONTINUOUS
10
5.87576
20
-3.52205
11
5.87576
21
-3.52205
0
LINE
8
BLACK
6
CONTINUOUS
10
5.87576
20
-3.52205
11
5.87471
21
-3.52073
0
LINE
8
BLACK
6
CONTINUOUS
10
5.87471
20
-3.52073
11
5.87459
21
-3.52057
0
LINE
8
BLACK
6
CONTINUOUS
10
5.87459
20
-3.52057
11
5.8737
21
-3.51915
0
LINE
8
BLACK
6
CONTINUOUS
10
5.8737
20
-3.51915
11
5.86868
21
-3.51413
0
LINE
8
BLACK
6
CONTINUOUS
10
5.86868
20
-3.51413
11
5.81744
21
-3.46289
0
LINE
8
BLACK
6
CONTINUOUS
10
5.81744
20
-3.46289
11
5.81643
21
-3.46072
0
LINE
8
BLACK
6
CONTINUOUS
10
5.81643
20
-3.46072
11
5.81642
21
-3.46042
0
LINE
8
BLACK
6
CONTINUOUS
10
5.81642
20
-3.46042
11
5.81642
21
-3.17315
0
LINE
8
BLACK
6
CONTINUOUS
10
5.81642
20
-3.17315
11
5.81642
21
-3.17315
0
LINE
8
BLACK
6
CONTINUOUS
10
5.81642
20
-3.17315
11
5.81638
21
-3.17278
0
LINE
8
BLACK
6
CONTINUOUS
10
5.81638
20
-3.17278
11
5.81588
21
-3.16834
0
LINE
8
BLACK
6
CONTINUOUS
10
5.81588
20
-3.16834
11
5.81582
21
-3.16786
0
LINE
8
BLACK
6
CONTINUOUS
10
5.81582
20
-3.16786
11
5.81582
21
-3.16786
0
LINE
8
BLACK
6
CONTINUOUS
10
5.81582
20
-3.16786
11
5.81582
21
-3.16786
0
LINE
8
BLACK
6
CONTINUOUS
10
5.81582
20
-3.16786
11
5.81348
21
-3.16116
0
LINE
8
BLACK
6
CONTINUOUS
10
5.81348
20
-3.16116
11
5.81348
21
-3.16116
0
LINE
8
BLACK
6
CONTINUOUS
10
5.81348
20
-3.16116
11
5.81348
21
-3.16116
0
LINE
8
BLACK
6
CONTINUOUS
10
5.81348
20
-3.16116
11
5.8097
21
-3.15515
0
LINE
8
BLACK
6
CONTINUOUS
10
5.8097
20
-3.15515
11
5.8097
21
-3.15515
0
LINE
8
BLACK
6
CONTINUOUS
10
5.8097
20
-3.15515
11
5.8097
21
-3.15515
0
LINE
8
BLACK
6
CONTINUOUS
10
5.8097
20
-3.15515
11
5.80468
21
-3.15013
0
LINE
8
BLACK
6
CONTINUOUS
10
5.80468
20
-3.15013
11
5.80468
21
-3.15013
0
LINE
8
BLACK
6
CONTINUOUS
10
5.80468
20
-3.15013
11
5.80468
21
-3.15013
0
LINE
8
BLACK
6
CONTINUOUS
10
5.80468
20
-3.15013
11
5.79866
21
-3.14635
0
LINE
8
BLACK
6
CONTINUOUS
10
5.79866
20
-3.14635
11
5.79582
21
-3.14535
0
LINE
8
BLACK
6
CONTINUOUS
10
5.79582
20
-3.14535
11
5.79196
21
-3.144
0
LINE
8
BLACK
6
CONTINUOUS
10
5.79196
20
-3.144
11
5.79196
21
-3.144
0
LINE
8
BLACK
6
CONTINUOUS
10
5.79196
20
-3.144
11
5.79196
21
-3.144
0
LINE
8
BLACK
6
CONTINUOUS
10
5.79196
20
-3.144
11
5.7849
21
-3.14321
0
LINE
8
BLACK
6
CONTINUOUS
10
5.7849
20
-3.14321
11
5.7849
21
-3.14321
0
LINE
8
BLACK
6
CONTINUOUS
10
5.7849
20
-3.14321
11
5.77784
21
-3.144
0
LINE
8
BLACK
6
CONTINUOUS
10
5.77784
20
-3.144
11
5.77784
21
-3.144
0
LINE
8
BLACK
6
CONTINUOUS
10
5.77784
20
-3.144
11
5.77784
21
-3.144
0
LINE
8
BLACK
6
CONTINUOUS
10
5.77784
20
-3.144
11
5.77471
21
-3.1451
0
LINE
8
BLACK
6
CONTINUOUS
10
5.77471
20
-3.1451
11
5.77114
21
-3.14635
0
LINE
8
BLACK
6
CONTINUOUS
10
5.77114
20
-3.14635
11
5.76513
21
-3.15013
0
LINE
8
BLACK
6
CONTINUOUS
10
5.76513
20
-3.15013
11
5.76011
21
-3.15515
0
LINE
8
BLACK
6
CONTINUOUS
10
5.76011
20
-3.15515
11
5.75633
21
-3.16116
0
LINE
8
BLACK
6
CONTINUOUS
10
5.75633
20
-3.16116
11
5.75398
21
-3.16786
0
LINE
8
BLACK
6
CONTINUOUS
10
5.75398
20
-3.16786
11
5.75339
21
-3.17315
0
LINE
8
BLACK
6
CONTINUOUS
10
5.75339
20
-3.17315
11
5.75339
21
-3.47847
0
LINE
8
BLACK
6
CONTINUOUS
10
5.75339
20
-3.47847
11
5.75376
21
-3.48011
0
LINE
8
BLACK
6
CONTINUOUS
10
5.75376
20
-3.48011
11
5.75379
21
-3.48031
0
LINE
8
BLACK
6
CONTINUOUS
10
5.75379
20
-3.48031
11
5.75398
21
-3.48198
0
LINE
8
BLACK
6
CONTINUOUS
10
5.75398
20
-3.48198
11
5.75454
21
-3.48357
0
LINE
8
BLACK
6
CONTINUOUS
10
5.75454
20
-3.48357
11
5.75459
21
-3.48376
0
LINE
8
BLACK
6
CONTINUOUS
10
5.75459
20
-3.48376
11
5.75497
21
-3.4854
0
LINE
8
BLACK
6
CONTINUOUS
10
5.75497
20
-3.4854
11
5.75497
21
-3.4854
0
LINE
8
BLACK
6
CONTINUOUS
10
5.75497
20
-3.4854
11
5.7557
21
-3.48691
0
LINE
8
BLACK
6
CONTINUOUS
10
5.7557
20
-3.48691
11
5.75577
21
-3.48709
0
LINE
8
BLACK
6
CONTINUOUS
10
5.75577
20
-3.48709
11
5.75633
21
-3.48868
0
LINE
8
BLACK
6
CONTINUOUS
10
5.75633
20
-3.48868
11
5.75722
21
-3.49011
0
LINE
8
BLACK
6
CONTINUOUS
10
5.75722
20
-3.49011
11
5.75732
21
-3.49028
0
LINE
8
BLACK
6
CONTINUOUS
10
5.75732
20
-3.49028
11
5.75805
21
-3.49179
0
LINE
8
BLACK
6
CONTINUOUS
10
5.75805
20
-3.49179
11
5.75805
21
-3.49179
0
LINE
8
BLACK
6
CONTINUOUS
10
5.75805
20
-3.49179
11
5.7591
21
-3.49311
0
LINE
8
BLACK
6
CONTINUOUS
10
5.7591
20
-3.49311
11
5.75921
21
-3.49327
0
LINE
8
BLACK
6
CONTINUOUS
10
5.75921
20
-3.49327
11
5.76011
21
-3.4947
0
LINE
8
BLACK
6
CONTINUOUS
10
5.76011
20
-3.4947
11
5.76137
21
-3.49595
0
LINE
8
BLACK
6
CONTINUOUS
10
5.76137
20
-3.49595
11
5.81636
21
-3.55095
0
LINE
8
BLACK
6
CONTINUOUS
10
5.81636
20
-3.55095
11
5.81737
21
-3.55312
0
LINE
8
BLACK
6
CONTINUOUS
10
5.81737
20
-3.55312
11
5.81739
21
-3.55343
0
LINE
8
BLACK
6
CONTINUOUS
10
5.81739
20
-3.55343
11
5.81739
21
-3.8083
0
LINE
8
BLACK
6
CONTINUOUS
10
5.81739
20
-3.8083
11
5.81657
21
-3.81055
0
LINE
8
BLACK
6
CONTINUOUS
10
5.81657
20
-3.81055
11
5.81449
21
-3.81175
0
LINE
8
BLACK
6
CONTINUOUS
10
5.81449
20
-3.81175
11
5.81213
21
-3.81133
0
LINE
8
BLACK
6
CONTINUOUS
10
5.81213
20
-3.81133
11
5.8114
21
-3.81077
0
LINE
8
BLACK
6
CONTINUOUS
10
5.8114
20
-3.81077
11
5.61555
21
-3.61492
0
LINE
8
BLACK
6
CONTINUOUS
10
5.61555
20
-3.61492
11
5.5976
21
-3.59697
0
LINE
8
BLACK
6
CONTINUOUS
10
5.5976
20
-3.59697
11
5.59659
21
-3.5948
0
LINE
8
BLACK
6
CONTINUOUS
10
5.59659
20
-3.5948
11
5.59657
21
-3.59449
0
LINE
8
BLACK
6
CONTINUOUS
10
5.59657
20
-3.59449
11
5.59657
21
-3.57029
0
LINE
8
BLACK
6
CONTINUOUS
10
5.59657
20
-3.57029
11
5.59666
21
-3.56768
0
LINE
8
BLACK
6
CONTINUOUS
10
5.59666
20
-3.56768
11
5.59666
21
-3.56768
0
LINE
8
BLACK
6
CONTINUOUS
10
5.59666
20
-3.56768
11
5.59666
21
-3.56768
0
LINE
8
BLACK
6
CONTINUOUS
10
5.59666
20
-3.56768
11
5.59624
21
-3.56596
0
LINE
8
BLACK
6
CONTINUOUS
10
5.59624
20
-3.56596
11
5.59621
21
-3.56578
0
LINE
8
BLACK
6
CONTINUOUS
10
5.59621
20
-3.56578
11
5.59597
21
-3.56402
0
LINE
8
BLACK
6
CONTINUOUS
10
5.59597
20
-3.56402
11
5.59564
21
-3.56326
0
LINE
8
BLACK
6
CONTINUOUS
10
5.59564
20
-3.56326
11
5.59545
21
-3.5627
0
LINE
8
BLACK
6
CONTINUOUS
10
5.59545
20
-3.5627
11
5.59525
21
-3.5619
0
LINE
8
BLACK
6
CONTINUOUS
10
5.59525
20
-3.5619
11
5.59525
21
-3.5619
0
LINE
8
BLACK
6
CONTINUOUS
10
5.59525
20
-3.5619
11
5.59438
21
-3.56035
0
LINE
8
BLACK
6
CONTINUOUS
10
5.59438
20
-3.56035
11
5.5943
21
-3.56019
0
LINE
8
BLACK
6
CONTINUOUS
10
5.5943
20
-3.56019
11
5.59359
21
-3.55855
0
LINE
8
BLACK
6
CONTINUOUS
10
5.59359
20
-3.55855
11
5.59359
21
-3.55855
0
LINE
8
BLACK
6
CONTINUOUS
10
5.59359
20
-3.55855
11
5.59307
21
-3.55791
0
LINE
8
BLACK
6
CONTINUOUS
10
5.59307
20
-3.55791
11
5.59274
21
-3.55742
0
LINE
8
BLACK
6
CONTINUOUS
10
5.59274
20
-3.55742
11
5.59233
21
-3.5567
0
LINE
8
BLACK
6
CONTINUOUS
10
5.59233
20
-3.5567
11
5.59233
21
-3.5567
0
LINE
8
BLACK
6
CONTINUOUS
10
5.59233
20
-3.5567
11
5.59108
21
-3.55545
0
LINE
8
BLACK
6
CONTINUOUS
10
5.59108
20
-3.55545
11
5.59096
21
-3.55531
0
LINE
8
BLACK
6
CONTINUOUS
10
5.59096
20
-3.55531
11
5.58983
21
-3.55393
0
LINE
8
BLACK
6
CONTINUOUS
10
5.58983
20
-3.55393
11
5.58916
21
-3.55346
0
LINE
8
BLACK
6
CONTINUOUS
10
5.58916
20
-3.55346
11
5.5887
21
-3.55307
0
LINE
8
BLACK
6
CONTINUOUS
10
5.5887
20
-3.55307
11
5.56742
21
-3.53179
0
LINE
8
BLACK
6
CONTINUOUS
10
5.56742
20
-3.53179
11
5.56564
21
-3.52988
0
LINE
8
BLACK
6
CONTINUOUS
10
5.56564
20
-3.52988
11
5.56564
21
-3.52988
0
LINE
8
BLACK
6
CONTINUOUS
10
5.56564
20
-3.52988
11
5.56564
21
-3.52988
0
LINE
8
BLACK
6
CONTINUOUS
10
5.56564
20
-3.52988
11
5.56469
21
-3.5293
0
LINE
8
BLACK
6
CONTINUOUS
10
5.56469
20
-3.5293
11
5.56412
21
-3.52896
0
LINE
8
BLACK
6
CONTINUOUS
10
5.56412
20
-3.52896
11
5.56397
21
-3.52886
0
LINE
8
BLACK
6
CONTINUOUS
10
5.56397
20
-3.52886
11
5.56343
21
-3.52845
0
LINE
8
BLACK
6
CONTINUOUS
10
5.56343
20
-3.52845
11
5.56255
21
-3.52778
0
LINE
8
BLACK
6
CONTINUOUS
10
5.56255
20
-3.52778
11
5.56255
21
-3.52778
0
LINE
8
BLACK
6
CONTINUOUS
10
5.56255
20
-3.52778
11
5.56179
21
-3.52748
0
LINE
8
BLACK
6
CONTINUOUS
10
5.56179
20
-3.52748
11
5.56125
21
-3.52721
0
LINE
8
BLACK
6
CONTINUOUS
10
5.56125
20
-3.52721
11
5.56055
21
-3.52678
0
LINE
8
BLACK
6
CONTINUOUS
10
5.56055
20
-3.52678
11
5.56055
21
-3.52678
0
LINE
8
BLACK
6
CONTINUOUS
10
5.56055
20
-3.52678
11
5.55883
21
-3.5263
0
LINE
8
BLACK
6
CONTINUOUS
10
5.55883
20
-3.5263
11
5.55866
21
-3.52625
0
LINE
8
BLACK
6
CONTINUOUS
10
5.55866
20
-3.52625
11
5.55701
21
-3.5256
0
LINE
8
BLACK
6
CONTINUOUS
10
5.55701
20
-3.5256
11
5.55701
21
-3.5256
0
LINE
8
BLACK
6
CONTINUOUS
10
5.55701
20
-3.5256
11
5.55701
21
-3.5256
0
LINE
8
BLACK
6
CONTINUOUS
10
5.55701
20
-3.5256
11
5.55623
21
-3.52552
0
LINE
8
BLACK
6
CONTINUOUS
10
5.55623
20
-3.52552
11
5.55427
21
-3.52465
0
LINE
8
BLACK
6
CONTINUOUS
10
5.55427
20
-3.52465
11
5.55352
21
-3.52399
0
LINE
8
BLACK
6
CONTINUOUS
10
5.55352
20
-3.52399
11
5.55352
21
-3.52399
0
LINE
8
BLACK
6
CONTINUOUS
10
5.55352
20
-3.52399
11
5.55352
21
-3.52399
0
LINE
8
BLACK
6
CONTINUOUS
10
5.55352
20
-3.52399
11
5.54982
21
-3.52205
0
LINE
8
BLACK
6
CONTINUOUS
10
5.54982
20
-3.52205
11
5.54759
21
-3.52087
0
LINE
8
BLACK
6
CONTINUOUS
10
5.54759
20
-3.52087
11
5.54759
21
-3.52087
0
LINE
8
BLACK
6
CONTINUOUS
10
5.54759
20
-3.52087
11
5.54424
21
-3.52005
0
LINE
8
BLACK
6
CONTINUOUS
10
5.54424
20
-3.52005
11
5.54108
21
-3.51927
0
LINE
8
BLACK
6
CONTINUOUS
10
5.54108
20
-3.51927
11
5.53439
21
-3.51927
0
LINE
8
BLACK
6
CONTINUOUS
10
5.53439
20
-3.51927
11
5.52788
21
-3.52087
0
LINE
8
BLACK
6
CONTINUOUS
10
5.52788
20
-3.52087
11
5.52195
21
-3.52399
0
LINE
8
BLACK
6
CONTINUOUS
10
5.52195
20
-3.52399
11
5.52195
21
-3.52399
0
LINE
8
BLACK
6
CONTINUOUS
10
5.52195
20
-3.52399
11
5.52195
21
-3.52399
0
LINE
8
BLACK
6
CONTINUOUS
10
5.52195
20
-3.52399
11
5.52195
21
-3.52399
0
LINE
8
BLACK
6
CONTINUOUS
10
5.52195
20
-3.52399
11
5.52063
21
-3.52516
0
LINE
8
BLACK
6
CONTINUOUS
10
5.52063
20
-3.52516
11
5.51694
21
-3.52843
0
LINE
8
BLACK
6
CONTINUOUS
10
5.51694
20
-3.52843
11
5.51694
21
-3.52843
0
LINE
8
BLACK
6
CONTINUOUS
10
5.51694
20
-3.52843
11
5.51314
21
-3.53394
0
LINE
8
BLACK
6
CONTINUOUS
10
5.51314
20
-3.53394
11
5.51076
21
-3.5402
0
LINE
8
BLACK
6
CONTINUOUS
10
5.51076
20
-3.5402
11
5.51026
21
-3.54435
0
LINE
8
BLACK
6
CONTINUOUS
10
5.51026
20
-3.54435
11
5.50995
21
-3.54685
0
LINE
8
BLACK
6
CONTINUOUS
10
5.50995
20
-3.54685
11
5.51076
21
-3.5535
0
LINE
8
BLACK
6
CONTINUOUS
10
5.51076
20
-3.5535
11
5.51314
21
-3.55976
0
LINE
8
BLACK
6
CONTINUOUS
10
5.51314
20
-3.55976
11
5.51314
21
-3.55976
0
LINE
8
BLACK
6
CONTINUOUS
10
5.51314
20
-3.55976
11
5.51706
21
-3.56545
0
LINE
8
BLACK
6
CONTINUOUS
10
5.51706
20
-3.56545
11
5.51699
21
-3.5655
0
LINE
8
BLACK
6
CONTINUOUS
10
5.51699
20
-3.5655
11
5.51775
21
-3.56743
0
LINE
8
BLACK
6
CONTINUOUS
10
5.51775
20
-3.56743
11
5.51704
21
-3.56957
0
LINE
8
BLACK
6
CONTINUOUS
10
5.51704
20
-3.56957
11
5.51706
21
-3.56959
0
LINE
8
BLACK
6
CONTINUOUS
10
5.51706
20
-3.56959
11
5.517
21
-3.56968
0
LINE
8
BLACK
6
CONTINUOUS
10
5.517
20
-3.56968
11
5.51699
21
-3.5697
0
LINE
8
BLACK
6
CONTINUOUS
10
5.51699
20
-3.5697
11
5.51696
21
-3.56974
0
LINE
8
BLACK
6
CONTINUOUS
10
5.51696
20
-3.56974
11
5.51314
21
-3.57528
0
LINE
8
BLACK
6
CONTINUOUS
10
5.51314
20
-3.57528
11
5.51076
21
-3.58154
0
LINE
8
BLACK
6
CONTINUOUS
10
5.51076
20
-3.58154
11
5.51006
21
-3.58734
0
LINE
8
BLACK
6
CONTINUOUS
10
5.51006
20
-3.58734
11
5.50995
21
-3.58819
0
LINE
8
BLACK
6
CONTINUOUS
10
5.50995
20
-3.58819
11
5.51076
21
-3.59484
0
LINE
8
BLACK
6
CONTINUOUS
10
6.39659
20
-4.07954
11
6.39066
21
-4.08265
0
LINE
8
BLACK
6
CONTINUOUS
10
6.39066
20
-4.08265
11
6.39066
21
-4.08265
0
LINE
8
BLACK
6
CONTINUOUS
10
6.39066
20
-4.08265
11
6.39066
21
-4.08265
0
LINE
8
BLACK
6
CONTINUOUS
10
6.39066
20
-4.08265
11
6.39066
21
-4.08265
0
LINE
8
BLACK
6
CONTINUOUS
10
6.39066
20
-4.08265
11
6.38836
21
-4.08468
0
LINE
8
BLACK
6
CONTINUOUS
10
6.38836
20
-4.08468
11
6.38564
21
-4.08709
0
LINE
8
BLACK
6
CONTINUOUS
10
6.38564
20
-4.08709
11
6.38564
21
-4.08709
0
LINE
8
BLACK
6
CONTINUOUS
10
6.38564
20
-4.08709
11
6.38184
21
-4.0926
0
LINE
8
BLACK
6
CONTINUOUS
10
6.38184
20
-4.0926
11
6.37946
21
-4.09886
0
LINE
8
BLACK
6
CONTINUOUS
10
6.37946
20
-4.09886
11
6.37885
21
-4.10389
0
LINE
8
BLACK
6
CONTINUOUS
10
6.37885
20
-4.10389
11
6.37866
21
-4.10551
0
LINE
8
BLACK
6
CONTINUOUS
10
6.37866
20
-4.10551
11
6.37946
21
-4.11216
0
LINE
8
BLACK
6
CONTINUOUS
10
6.37946
20
-4.11216
11
6.38161
21
-4.11783
0
LINE
8
BLACK
6
CONTINUOUS
10
6.38161
20
-4.11783
11
6.38184
21
-4.11842
0
LINE
8
BLACK
6
CONTINUOUS
10
6.38184
20
-4.11842
11
6.38564
21
-4.12393
0
LINE
8
BLACK
6
CONTINUOUS
10
6.38564
20
-4.12393
11
6.38564
21
-4.12393
0
LINE
8
BLACK
6
CONTINUOUS
10
6.38564
20
-4.12393
11
6.38564
21
-4.12393
0
LINE
8
BLACK
6
CONTINUOUS
10
6.38564
20
-4.12393
11
6.38564
21
-4.12393
0
LINE
8
BLACK
6
CONTINUOUS
10
6.38564
20
-4.12393
11
6.39066
21
-4.12838
0
LINE
8
BLACK
6
CONTINUOUS
10
6.39066
20
-4.12838
11
6.39659
21
-4.13149
0
LINE
8
BLACK
6
CONTINUOUS
10
6.39659
20
-4.13149
11
6.40309
21
-4.13309
0
LINE
8
BLACK
6
CONTINUOUS
10
6.40309
20
-4.13309
11
6.40309
21
-4.13309
0
LINE
8
BLACK
6
CONTINUOUS
10
6.40309
20
-4.13309
11
6.40979
21
-4.13309
0
LINE
8
BLACK
6
CONTINUOUS
10
6.40979
20
-4.13309
11
6.40979
21
-4.13309
0
LINE
8
BLACK
6
CONTINUOUS
10
6.40979
20
-4.13309
11
6.41629
21
-4.13149
0
LINE
8
BLACK
6
CONTINUOUS
10
6.41629
20
-4.13149
11
6.42222
21
-4.12838
0
LINE
8
BLACK
6
CONTINUOUS
10
6.42222
20
-4.12838
11
6.42723
21
-4.12393
0
LINE
8
BLACK
6
CONTINUOUS
10
6.42723
20
-4.12393
11
6.43104
21
-4.11842
0
LINE
8
BLACK
6
CONTINUOUS
10
6.43104
20
-4.11842
11
6.43341
21
-4.11216
0
LINE
8
BLACK
6
CONTINUOUS
10
6.43341
20
-4.11216
11
6.43422
21
-4.10551
0
LINE
8
BLACK
6
CONTINUOUS
10
6.43422
20
-4.10551
11
6.43341
21
-4.09886
0
LINE
8
BLACK
6
CONTINUOUS
10
6.43341
20
-4.09886
11
6.43104
21
-4.0926
0
LINE
8
BLACK
6
CONTINUOUS
10
6.43104
20
-4.0926
11
6.42972
21
-4.0907
0
LINE
8
BLACK
6
CONTINUOUS
10
6.42972
20
-4.0907
11
6.42723
21
-4.08709
0
LINE
8
BLACK
6
CONTINUOUS
10
6.42723
20
-4.08709
11
6.42723
21
-4.08709
0
LINE
8
BLACK
6
CONTINUOUS
10
6.42723
20
-4.08709
11
6.42723
21
-4.08709
0
LINE
8
BLACK
6
CONTINUOUS
10
6.42723
20
-4.08709
11
6.42222
21
-4.08265
0
LINE
8
BLACK
6
CONTINUOUS
10
6.42222
20
-4.08265
11
6.42222
21
-4.08265
0
LINE
8
BLACK
6
CONTINUOUS
10
6.42222
20
-4.08265
11
6.42222
21
-4.08265
0
LINE
8
BLACK
6
CONTINUOUS
10
6.42222
20
-4.08265
11
6.41629
21
-4.07954
0
LINE
8
BLACK
6
CONTINUOUS
10
6.41629
20
-4.07954
11
6.41139
21
-4.07833
0
LINE
8
BLACK
6
CONTINUOUS
10
6.41139
20
-4.07833
11
6.40979
21
-4.07793
0
LINE
8
BLACK
6
CONTINUOUS
10
6.40979
20
-4.07793
11
6.40309
21
-4.07793
0
LINE
8
BLACK
6
CONTINUOUS
10
6.40309
20
-4.07793
11
6.39659
21
-4.07954
0
LINE
8
BLACK
6
CONTINUOUS
10
5.97152
20
-3.80448
11
5.97152
21
-3.80448
0
LINE
8
BLACK
6
CONTINUOUS
10
5.97152
20
-3.80448
11
5.96203
21
-3.80689
0
LINE
8
BLACK
6
CONTINUOUS
10
5.96203
20
-3.80689
11
5.96203
21
-3.80689
0
LINE
8
BLACK
6
CONTINUOUS
10
5.96203
20
-3.80689
11
5.96203
21
-3.80689
0
LINE
8
BLACK
6
CONTINUOUS
10
5.96203
20
-3.80689
11
5.95307
21
-3.81082
0
LINE
8
BLACK
6
CONTINUOUS
10
5.95307
20
-3.81082
11
5.95307
21
-3.81082
0
LINE
8
BLACK
6
CONTINUOUS
10
5.95307
20
-3.81082
11
5.95307
21
-3.81082
0
LINE
8
BLACK
6
CONTINUOUS
10
5.95307
20
-3.81082
11
5.94487
21
-3.81617
0
LINE
8
BLACK
6
CONTINUOUS
10
5.94487
20
-3.81617
11
5.94487
21
-3.81617
0
LINE
8
BLACK
6
CONTINUOUS
10
5.94487
20
-3.81617
11
5.93767
21
-3.82281
0
LINE
8
BLACK
6
CONTINUOUS
10
5.93767
20
-3.82281
11
5.93165
21
-3.83053
0
LINE
8
BLACK
6
CONTINUOUS
10
5.93165
20
-3.83053
11
5.93165
21
-3.83053
0
LINE
8
BLACK
6
CONTINUOUS
10
5.93165
20
-3.83053
11
5.927
21
-3.83914
0
LINE
8
BLACK
6
CONTINUOUS
10
5.927
20
-3.83914
11
5.92382
21
-3.8484
0
LINE
8
BLACK
6
CONTINUOUS
10
5.92382
20
-3.8484
11
5.92382
21
-3.8484
0
LINE
8
BLACK
6
CONTINUOUS
10
5.92382
20
-3.8484
11
5.92225
21
-3.85778
0
LINE
8
BLACK
6
CONTINUOUS
10
5.92225
20
-3.85778
11
5.9222
21
-3.85806
0
LINE
8
BLACK
6
CONTINUOUS
10
5.9222
20
-3.85806
11
5.9222
21
-3.86785
0
LINE
8
BLACK
6
CONTINUOUS
10
5.9222
20
-3.86785
11
5.92382
21
-3.8775
0
LINE
8
BLACK
6
CONTINUOUS
10
5.92382
20
-3.8775
11
5.92699
21
-3.88676
0
LINE
8
BLACK
6
CONTINUOUS
10
5.92699
20
-3.88676
11
5.92699
21
-3.88676
0
LINE
8
BLACK
6
CONTINUOUS
10
5.92699
20
-3.88676
11
5.927
21
-3.88676
0
LINE
8
BLACK
6
CONTINUOUS
10
5.927
20
-3.88676
11
5.93006
21
-3.89242
0
LINE
8
BLACK
6
CONTINUOUS
10
5.93006
20
-3.89242
11
5.93165
21
-3.89537
0
LINE
8
BLACK
6
CONTINUOUS
10
5.93165
20
-3.89537
11
5.93504
21
-3.89972
0
LINE
8
BLACK
6
CONTINUOUS
10
5.93504
20
-3.89972
11
5.93767
21
-3.9031
0
LINE
8
BLACK
6
CONTINUOUS
10
5.93767
20
-3.9031
11
5.94487
21
-3.90973
0
LINE
8
BLACK
6
CONTINUOUS
10
5.94487
20
-3.90973
11
5.95274
21
-3.91487
0
LINE
8
BLACK
6
CONTINUOUS
10
5.95274
20
-3.91487
11
5.95307
21
-3.91509
0
LINE
8
BLACK
6
CONTINUOUS
10
5.95307
20
-3.91509
11
5.96203
21
-3.91902
0
LINE
8
BLACK
6
CONTINUOUS
10
5.96203
20
-3.91902
11
5.97152
21
-3.92142
0
LINE
8
BLACK
6
CONTINUOUS
10
5.97152
20
-3.92142
11
5.97884
21
-3.92203
0
LINE
8
BLACK
6
CONTINUOUS
10
5.97884
20
-3.92203
11
5.98372
21
-3.92203
0
LINE
8
BLACK
6
CONTINUOUS
10
5.98372
20
-3.92203
11
5.99104
21
-3.92142
0
LINE
8
BLACK
6
CONTINUOUS
10
5.99104
20
-3.92142
11
6.00053
21
-3.91902
0
LINE
8
BLACK
6
CONTINUOUS
10
6.00053
20
-3.91902
11
6.00949
21
-3.91509
0
LINE
8
BLACK
6
CONTINUOUS
10
6.00949
20
-3.91509
11
6.01769
21
-3.90973
0
LINE
8
BLACK
6
CONTINUOUS
10
6.01769
20
-3.90973
11
6.01769
21
-3.90973
0
LINE
8
BLACK
6
CONTINUOUS
10
6.01769
20
-3.90973
11
6.01769
21
-3.90973
0
LINE
8
BLACK
6
CONTINUOUS
10
6.01769
20
-3.90973
11
6.02098
21
-3.9067
0
LINE
8
BLACK
6
CONTINUOUS
10
6.02098
20
-3.9067
11
6.02489
21
-3.9031
0
LINE
8
BLACK
6
CONTINUOUS
10
6.02489
20
-3.9031
11
6.0309
21
-3.89537
0
LINE
8
BLACK
6
CONTINUOUS
10
6.0309
20
-3.89537
11
6.03556
21
-3.88676
0
LINE
8
BLACK
6
CONTINUOUS
10
6.03556
20
-3.88676
11
6.03874
21
-3.8775
0
LINE
8
BLACK
6
CONTINUOUS
10
6.03874
20
-3.8775
11
6.04035
21
-3.86785
0
LINE
8
BLACK
6
CONTINUOUS
10
6.04035
20
-3.86785
11
6.04035
21
-3.85806
0
LINE
8
BLACK
6
CONTINUOUS
10
6.04035
20
-3.85806
11
6.03874
21
-3.8484
0
LINE
8
BLACK
6
CONTINUOUS
10
6.03874
20
-3.8484
11
6.03556
21
-3.83914
0
LINE
8
BLACK
6
CONTINUOUS
10
6.03556
20
-3.83914
11
6.03328
21
-3.83492
0
LINE
8
BLACK
6
CONTINUOUS
10
6.03328
20
-3.83492
11
6.0309
21
-3.83053
0
LINE
8
BLACK
6
CONTINUOUS
10
6.0309
20
-3.83053
11
6.02489
21
-3.82281
0
LINE
8
BLACK
6
CONTINUOUS
10
6.02489
20
-3.82281
11
6.02403
21
-3.82201
0
LINE
8
BLACK
6
CONTINUOUS
10
6.02403
20
-3.82201
11
6.01769
21
-3.81617
0
LINE
8
BLACK
6
CONTINUOUS
10
6.01769
20
-3.81617
11
6.00949
21
-3.81082
0
LINE
8
BLACK
6
CONTINUOUS
10
6.00949
20
-3.81082
11
6.00939
21
-3.81077
0
LINE
8
BLACK
6
CONTINUOUS
10
6.00939
20
-3.81077
11
6.00053
21
-3.80689
0
LINE
8
BLACK
6
CONTINUOUS
10
6.00053
20
-3.80689
11
6.00053
21
-3.80689
0
LINE
8
BLACK
6
CONTINUOUS
10
6.00053
20
-3.80689
11
6.00053
21
-3.80689
0
LINE
8
BLACK
6
CONTINUOUS
10
6.00053
20
-3.80689
11
5.99104
21
-3.80448
0
LINE
8
BLACK
6
CONTINUOUS
10
5.99104
20
-3.80448
11
5.98372
21
-3.80388
0
LINE
8
BLACK
6
CONTINUOUS
10
5.98372
20
-3.80388
11
5.97884
21
-3.80388
0
LINE
8
BLACK
6
CONTINUOUS
10
5.97884
20
-3.80388
11
5.97152
21
-3.80448
0
LINE
8
BLACK
6
CONTINUOUS
10
6.32505
20
-3.80895
11
6.31912
21
-3.81206
0
LINE
8
BLACK
6
CONTINUOUS
10
6.31912
20
-3.81206
11
6.31912
21
-3.81206
0
LINE
8
BLACK
6
CONTINUOUS
10
6.31912
20
-3.81206
11
6.31912
21
-3.81206
0
LINE
8
BLACK
6
CONTINUOUS
10
6.31912
20
-3.81206
11
6.31912
21
-3.81206
0
LINE
8
BLACK
6
CONTINUOUS
10
6.31912
20
-3.81206
11
6.31681
21
-3.8141
0
LINE
8
BLACK
6
CONTINUOUS
10
6.31681
20
-3.8141
11
6.31411
21
-3.8165
0
LINE
8
BLACK
6
CONTINUOUS
10
6.31411
20
-3.8165
11
6.31411
21
-3.8165
0
LINE
8
BLACK
6
CONTINUOUS
10
6.31411
20
-3.8165
11
6.3103
21
-3.82201
0
LINE
8
BLACK
6
CONTINUOUS
10
6.3103
20
-3.82201
11
6.30793
21
-3.82827
0
LINE
8
BLACK
6
CONTINUOUS
10
6.30793
20
-3.82827
11
6.30712
21
-3.83492
0
LINE
8
BLACK
6
CONTINUOUS
10
6.30712
20
-3.83492
11
6.30712
21
-3.83492
0
LINE
8
BLACK
6
CONTINUOUS
10
6.30712
20
-3.83492
11
6.30793
21
-3.84157
0
LINE
8
BLACK
6
CONTINUOUS
10
6.30793
20
-3.84157
11
6.3103
21
-3.84783
0
LINE
8
BLACK
6
CONTINUOUS
10
6.3103
20
-3.84783
11
6.31411
21
-3.85334
0
LINE
8
BLACK
6
CONTINUOUS
10
6.31411
20
-3.85334
11
6.31411
21
-3.85334
0
LINE
8
BLACK
6
CONTINUOUS
10
6.31411
20
-3.85334
11
6.31411
21
-3.85334
0
LINE
8
BLACK
6
CONTINUOUS
10
6.31411
20
-3.85334
11
6.31411
21
-3.85334
0
LINE
8
BLACK
6
CONTINUOUS
10
6.31411
20
-3.85334
11
6.31912
21
-3.85778
0
LINE
8
BLACK
6
CONTINUOUS
10
6.31912
20
-3.85778
11
6.32505
21
-3.8609
0
LINE
8
BLACK
6
CONTINUOUS
10
6.32505
20
-3.8609
11
6.33155
21
-3.8625
0
LINE
8
BLACK
6
CONTINUOUS
10
6.33155
20
-3.8625
11
6.33155
21
-3.8625
0
LINE
8
BLACK
6
CONTINUOUS
10
6.33155
20
-3.8625
11
6.33825
21
-3.8625
0
LINE
8
BLACK
6
CONTINUOUS
10
6.33825
20
-3.8625
11
6.33825
21
-3.8625
0
LINE
8
BLACK
6
CONTINUOUS
10
6.33825
20
-3.8625
11
6.34475
21
-3.8609
0
LINE
8
BLACK
6
CONTINUOUS
10
6.34475
20
-3.8609
11
6.35068
21
-3.85778
0
LINE
8
BLACK
6
CONTINUOUS
10
6.35068
20
-3.85778
11
6.3557
21
-3.85334
0
LINE
8
BLACK
6
CONTINUOUS
10
6.3557
20
-3.85334
11
6.3595
21
-3.84783
0
LINE
8
BLACK
6
CONTINUOUS
10
6.3595
20
-3.84783
11
6.36188
21
-3.84157
0
LINE
8
BLACK
6
CONTINUOUS
10
6.36188
20
-3.84157
11
6.36268
21
-3.83492
0
LINE
8
BLACK
6
CONTINUOUS
10
6.36268
20
-3.83492
11
6.36188
21
-3.82827
0
LINE
8
BLACK
6
CONTINUOUS
10
6.36188
20
-3.82827
11
6.3595
21
-3.82201
0
LINE
8
BLACK
6
CONTINUOUS
10
6.3595
20
-3.82201
11
6.3595
21
-3.82201
0
LINE
8
BLACK
6
CONTINUOUS
10
6.3595
20
-3.82201
11
6.3557
21
-3.8165
0
LINE
8
BLACK
6
CONTINUOUS
10
6.3557
20
-3.8165
11
6.3557
21
-3.8165
0
LINE
8
BLACK
6
CONTINUOUS
10
6.3557
20
-3.8165
11
6.3557
21
-3.8165
0
LINE
8
BLACK
6
CONTINUOUS
10
6.3557
20
-3.8165
11
6.35068
21
-3.81206
0
LINE
8
BLACK
6
CONTINUOUS
10
6.35068
20
-3.81206
11
6.35068
21
-3.81206
0
LINE
8
BLACK
6
CONTINUOUS
10
6.35068
20
-3.81206
11
6.35068
21
-3.81206
0
LINE
8
BLACK
6
CONTINUOUS
10
6.35068
20
-3.81206
11
6.34475
21
-3.80895
0
LINE
8
BLACK
6
CONTINUOUS
10
6.34475
20
-3.80895
11
6.33985
21
-3.80774
0
LINE
8
BLACK
6
CONTINUOUS
10
6.33985
20
-3.80774
11
6.33825
21
-3.80734
0
LINE
8
BLACK
6
CONTINUOUS
10
6.33825
20
-3.80734
11
6.33155
21
-3.80734
0
LINE
8
BLACK
6
CONTINUOUS
10
6.33155
20
-3.80734
11
6.32505
21
-3.80895
0
LINE
8
BLACK
6
CONTINUOUS
10
6.25793
20
-3.71157
11
6.2603
21
-3.71783
0
LINE
8
BLACK
6
CONTINUOUS
10
6.2603
20
-3.71783
11
6.26411
21
-3.72334
0
LINE
8
BLACK
6
CONTINUOUS
10
6.26411
20
-3.72334
11
6.26411
21
-3.72334
0
LINE
8
BLACK
6
CONTINUOUS
10
6.26411
20
-3.72334
11
6.26411
21
-3.72334
0
LINE
8
BLACK
6
CONTINUOUS
10
6.26411
20
-3.72334
11
6.26411
21
-3.72334
0
LINE
8
BLACK
6
CONTINUOUS
10
6.26411
20
-3.72334
11
6.26912
21
-3.72778
0
LINE
8
BLACK
6
CONTINUOUS
10
6.26912
20
-3.72778
11
6.27505
21
-3.7309
0
LINE
8
BLACK
6
CONTINUOUS
10
6.27505
20
-3.7309
11
6.28155
21
-3.7325
0
LINE
8
BLACK
6
CONTINUOUS
10
6.28155
20
-3.7325
11
6.28155
21
-3.7325
0
LINE
8
BLACK
6
CONTINUOUS
10
6.28155
20
-3.7325
11
6.28825
21
-3.7325
0
LINE
8
BLACK
6
CONTINUOUS
10
6.28825
20
-3.7325
11
6.28825
21
-3.7325
0
LINE
8
BLACK
6
CONTINUOUS
10
6.28825
20
-3.7325
11
6.29475
21
-3.7309
0
LINE
8
BLACK
6
CONTINUOUS
10
6.29475
20
-3.7309
11
6.30068
21
-3.72778
0
LINE
8
BLACK
6
CONTINUOUS
10
6.30068
20
-3.72778
11
6.3057
21
-3.72334
0
LINE
8
BLACK
6
CONTINUOUS
10
6.3057
20
-3.72334
11
6.3095
21
-3.71783
0
LINE
8
BLACK
6
CONTINUOUS
10
6.3095
20
-3.71783
11
6.31188
21
-3.71157
0
LINE
8
BLACK
6
CONTINUOUS
10
6.31188
20
-3.71157
11
6.31268
21
-3.70492
0
LINE
8
BLACK
6
CONTINUOUS
10
6.31268
20
-3.70492
11
6.31188
21
-3.69827
0
LINE
8
BLACK
6
CONTINUOUS
10
6.31188
20
-3.69827
11
6.3095
21
-3.69201
0
LINE
8
BLACK
6
CONTINUOUS
10
6.3095
20
-3.69201
11
6.30877
21
-3.69095
0
LINE
8
BLACK
6
CONTINUOUS
10
6.30877
20
-3.69095
11
6.3057
21
-3.6865
0
LINE
8
BLACK
6
CONTINUOUS
10
6.3057
20
-3.6865
11
6.3057
21
-3.6865
0
LINE
8
BLACK
6
CONTINUOUS
10
6.3057
20
-3.6865
11
6.3057
21
-3.6865
0
LINE
8
BLACK
6
CONTINUOUS
10
6.3057
20
-3.6865
11
6.30068
21
-3.68206
0
LINE
8
BLACK
6
CONTINUOUS
10
6.30068
20
-3.68206
11
6.30068
21
-3.68206
0
LINE
8
BLACK
6
CONTINUOUS
10
6.30068
20
-3.68206
11
6.30068
21
-3.68206
0
LINE
8
BLACK
6
CONTINUOUS
10
6.30068
20
-3.68206
11
6.29475
21
-3.67895
0
LINE
8
BLACK
6
CONTINUOUS
10
6.29475
20
-3.67895
11
6.28985
21
-3.67774
0
LINE
8
BLACK
6
CONTINUOUS
10
6.28985
20
-3.67774
11
6.28825
21
-3.67734
0
LINE
8
BLACK
6
CONTINUOUS
10
6.28825
20
-3.67734
11
6.28155
21
-3.67734
0
LINE
8
BLACK
6
CONTINUOUS
10
6.28155
20
-3.67734
11
6.27505
21
-3.67895
0
LINE
8
BLACK
6
CONTINUOUS
10
6.27505
20
-3.67895
11
6.26912
21
-3.68206
0
LINE
8
BLACK
6
CONTINUOUS
10
6.26912
20
-3.68206
11
6.26912
21
-3.68206
0
LINE
8
BLACK
6
CONTINUOUS
10
6.26912
20
-3.68206
11
6.26912
21
-3.68206
0
LINE
8
BLACK
6
CONTINUOUS
10
6.26912
20
-3.68206
11
6.26912
21
-3.68206
0
LINE
8
BLACK
6
CONTINUOUS
10
6.26912
20
-3.68206
11
6.26681
21
-3.6841
0
LINE
8
BLACK
6
CONTINUOUS
10
6.26681
20
-3.6841
11
6.26411
21
-3.6865
0
LINE
8
BLACK
6
CONTINUOUS
10
6.26411
20
-3.6865
11
6.26411
21
-3.6865
0
LINE
8
BLACK
6
CONTINUOUS
10
6.26411
20
-3.6865
11
6.2603
21
-3.69201
0
LINE
8
BLACK
6
CONTINUOUS
10
6.2603
20
-3.69201
11
6.25793
21
-3.69827
0
LINE
8
BLACK
6
CONTINUOUS
10
6.25793
20
-3.69827
11
6.25712
21
-3.70492
0
LINE
8
BLACK
6
CONTINUOUS
10
6.25712
20
-3.70492
11
6.25712
21
-3.70492
0
LINE
8
BLACK
6
CONTINUOUS
10
6.25712
20
-3.70492
11
6.25793
21
-3.71157
0
LINE
8
BLACK
6
CONTINUOUS
10
5.01933
20
-3.645
11
5.02104
21
-3.65064
0
LINE
8
BLACK
6
CONTINUOUS
10
5.02104
20
-3.65064
11
5.02482
21
-3.6577
0
LINE
8
BLACK
6
CONTINUOUS
10
5.02482
20
-3.6577
11
5.0299
21
-3.6639
0
LINE
8
BLACK
6
CONTINUOUS
10
5.0299
20
-3.6639
11
5.0299
21
-3.6639
0
LINE
8
BLACK
6
CONTINUOUS
10
5.0299
20
-3.6639
11
5.0361
21
-3.66898
0
LINE
8
BLACK
6
CONTINUOUS
10
5.0361
20
-3.66898
11
5.04316
21
-3.67276
0
LINE
8
BLACK
6
CONTINUOUS
10
5.04316
20
-3.67276
11
5.05083
21
-3.67508
0
LINE
8
BLACK
6
CONTINUOUS
10
5.05083
20
-3.67508
11
5.05083
21
-3.67508
0
LINE
8
BLACK
6
CONTINUOUS
10
5.05083
20
-3.67508
11
5.0568
21
-3.67567
0
LINE
8
BLACK
6
CONTINUOUS
10
5.0568
20
-3.67567
11
5.06947
21
-3.67567
0
LINE
8
BLACK
6
CONTINUOUS
10
5.06947
20
-3.67567
11
5.06947
21
-3.67567
0
LINE
8
BLACK
6
CONTINUOUS
10
5.06947
20
-3.67567
11
5.06947
21
-3.65567
0
LINE
8
BLACK
6
CONTINUOUS
10
5.06947
20
-3.65567
11
5.0588
21
-3.65567
0
LINE
8
BLACK
6
CONTINUOUS
10
5.0588
20
-3.65567
11
5.05598
21
-3.65548
0
LINE
8
BLACK
6
CONTINUOUS
10
5.05598
20
-3.65548
11
5.05056
21
-3.65396
0
LINE
8
BLACK
6
CONTINUOUS
10
5.05056
20
-3.65396
11
5.04576
21
-3.65103
0
LINE
8
BLACK
6
CONTINUOUS
10
5.04576
20
-3.65103
11
5.04191
21
-3.64692
0
LINE
8
BLACK
6
CONTINUOUS
10
5.04191
20
-3.64692
11
5.04092
21
-3.645
0
LINE
8
BLACK
6
CONTINUOUS
10
5.04092
20
-3.645
11
5.01933
21
-3.645
0
LINE
8
BLACK
6
CONTINUOUS
10
5.11524
20
-3.64911
11
5.11088
21
-3.65266
0
LINE
8
BLACK
6
CONTINUOUS
10
5.11088
20
-3.65266
11
5.10571
21
-3.6549
0
LINE
8
BLACK
6
CONTINUOUS
10
5.10571
20
-3.6549
11
5.10014
21
-3.65567
0
LINE
8
BLACK
6
CONTINUOUS
10
5.10014
20
-3.65567
11
5.08947
21
-3.65567
0
LINE
8
BLACK
6
CONTINUOUS
10
5.08947
20
-3.65567
11
5.08947
21
-3.67567
0
LINE
8
BLACK
6
CONTINUOUS
10
5.08947
20
-3.67567
11
5.08947
21
-3.67567
0
LINE
8
BLACK
6
CONTINUOUS
10
5.08947
20
-3.67567
11
5.10214
21
-3.67567
0
LINE
8
BLACK
6
CONTINUOUS
10
5.10214
20
-3.67567
11
5.10811
21
-3.67508
0
LINE
8
BLACK
6
CONTINUOUS
10
5.10811
20
-3.67508
11
5.10811
21
-3.67508
0
LINE
8
BLACK
6
CONTINUOUS
10
5.10811
20
-3.67508
11
5.11578
21
-3.67276
0
LINE
8
BLACK
6
CONTINUOUS
10
5.11578
20
-3.67276
11
5.12284
21
-3.66898
0
LINE
8
BLACK
6
CONTINUOUS
10
5.12284
20
-3.66898
11
5.12903
21
-3.6639
0
LINE
8
BLACK
6
CONTINUOUS
10
5.12903
20
-3.6639
11
5.12903
21
-3.6639
0
LINE
8
BLACK
6
CONTINUOUS
10
5.12903
20
-3.6639
11
5.13412
21
-3.6577
0
LINE
8
BLACK
6
CONTINUOUS
10
5.13412
20
-3.6577
11
5.13789
21
-3.65064
0
LINE
8
BLACK
6
CONTINUOUS
10
5.13789
20
-3.65064
11
5.1396
21
-3.645
0
LINE
8
BLACK
6
CONTINUOUS
10
5.1396
20
-3.645
11
5.11814
21
-3.645
0
LINE
8
BLACK
6
CONTINUOUS
10
5.11814
20
-3.645
11
5.11524
21
-3.64911
0
LINE
8
BLACK
6
CONTINUOUS
10
4.85678
20
-3.645
11
4.85837
21
-3.65026
0
LINE
8
BLACK
6
CONTINUOUS
10
4.85837
20
-3.65026
11
4.86206
21
-3.65715
0
LINE
8
BLACK
6
CONTINUOUS
10
4.86206
20
-3.65715
11
4.86702
21
-3.6632
0
LINE
8
BLACK
6
CONTINUOUS
10
4.86702
20
-3.6632
11
4.86702
21
-3.6632
0
LINE
8
BLACK
6
CONTINUOUS
10
4.86702
20
-3.6632
11
4.87306
21
-3.66816
0
LINE
8
BLACK
6
CONTINUOUS
10
4.87306
20
-3.66816
11
4.87996
21
-3.67184
0
LINE
8
BLACK
6
CONTINUOUS
10
4.87996
20
-3.67184
11
4.88744
21
-3.67411
0
LINE
8
BLACK
6
CONTINUOUS
10
4.88744
20
-3.67411
11
4.89327
21
-3.67469
0
LINE
8
BLACK
6
CONTINUOUS
10
4.89327
20
-3.67469
11
4.9049
21
-3.67469
0
LINE
8
BLACK
6
CONTINUOUS
10
4.9049
20
-3.67469
11
4.9049
21
-3.67468
0
LINE
8
BLACK
6
CONTINUOUS
10
4.9049
20
-3.67468
11
4.9049
21
-3.65469
0
LINE
8
BLACK
6
CONTINUOUS
10
4.9049
20
-3.65469
11
4.89522
21
-3.65469
0
LINE
8
BLACK
6
CONTINUOUS
10
4.89522
20
-3.65469
11
4.88967
21
-3.65389
0
LINE
8
BLACK
6
CONTINUOUS
10
4.88967
20
-3.65389
11
4.88457
21
-3.65156
0
LINE
8
BLACK
6
CONTINUOUS
10
4.88457
20
-3.65156
11
4.88034
21
-3.64789
0
LINE
8
BLACK
6
CONTINUOUS
10
4.88034
20
-3.64789
11
4.87848
21
-3.645
0
LINE
8
BLACK
6
CONTINUOUS
10
4.87848
20
-3.645
11
4.85678
21
-3.645
0
LINE
8
BLACK
6
CONTINUOUS
10
4.94946
20
-3.64789
11
4.94523
21
-3.65156
0
LINE
8
BLACK
6
CONTINUOUS
10
4.94523
20
-3.65156
11
4.94013
21
-3.65389
0
LINE
8
BLACK
6
CONTINUOUS
10
4.94013
20
-3.65389
11
4.93459
21
-3.65469
0
LINE
8
BLACK
6
CONTINUOUS
10
4.93459
20
-3.65469
11
4.9249
21
-3.65469
0
LINE
8
BLACK
6
CONTINUOUS
10
4.9249
20
-3.65469
11
4.9249
21
-3.67468
0
LINE
8
BLACK
6
CONTINUOUS
10
4.9249
20
-3.67468
11
4.9249
21
-3.67469
0
LINE
8
BLACK
6
CONTINUOUS
10
4.9249
20
-3.67469
11
4.93654
21
-3.67469
0
LINE
8
BLACK
6
CONTINUOUS
10
4.93654
20
-3.67469
11
4.94237
21
-3.67411
0
LINE
8
BLACK
6
CONTINUOUS
10
4.94237
20
-3.67411
11
4.94985
21
-3.67184
0
LINE
8
BLACK
6
CONTINUOUS
10
4.94985
20
-3.67184
11
4.95674
21
-3.66816
0
LINE
8
BLACK
6
CONTINUOUS
10
4.95674
20
-3.66816
11
4.96278
21
-3.6632
0
LINE
8
BLACK
6
CONTINUOUS
10
4.96278
20
-3.6632
11
4.96278
21
-3.6632
0
LINE
8
BLACK
6
CONTINUOUS
10
4.96278
20
-3.6632
11
4.96774
21
-3.65715
0
LINE
8
BLACK
6
CONTINUOUS
10
4.96774
20
-3.65715
11
4.97143
21
-3.65026
0
LINE
8
BLACK
6
CONTINUOUS
10
4.97143
20
-3.65026
11
4.97302
21
-3.645
0
LINE
8
BLACK
6
CONTINUOUS
10
4.97302
20
-3.645
11
4.95132
21
-3.645
0
LINE
8
BLACK
6
CONTINUOUS
10
4.95132
20
-3.645
11
4.94946
21
-3.64789
0
LINE
8
BLACK
6
CONTINUOUS
10
5.72293
20
-3.62157
11
5.72354
21
-3.62319
0
LINE
8
BLACK
6
CONTINUOUS
10
5.72354
20
-3.62319
11
5.7253
21
-3.62783
0
LINE
8
BLACK
6
CONTINUOUS
10
5.7253
20
-3.62783
11
5.72911
21
-3.63334
0
LINE
8
BLACK
6
CONTINUOUS
10
5.72911
20
-3.63334
11
5.72911
21
-3.63334
0
LINE
8
BLACK
6
CONTINUOUS
10
5.72911
20
-3.63334
11
5.72911
21
-3.63334
0
LINE
8
BLACK
6
CONTINUOUS
10
5.72911
20
-3.63334
11
5.72911
21
-3.63334
0
LINE
8
BLACK
6
CONTINUOUS
10
5.72911
20
-3.63334
11
5.73412
21
-3.63778
0
LINE
8
BLACK
6
CONTINUOUS
10
5.73412
20
-3.63778
11
5.74005
21
-3.6409
0
LINE
8
BLACK
6
CONTINUOUS
10
5.74005
20
-3.6409
11
5.74655
21
-3.6425
0
LINE
8
BLACK
6
CONTINUOUS
10
5.74655
20
-3.6425
11
5.74655
21
-3.6425
0
LINE
8
BLACK
6
CONTINUOUS
10
5.74655
20
-3.6425
11
5.75325
21
-3.6425
0
LINE
8
BLACK
6
CONTINUOUS
10
5.75325
20
-3.6425
11
5.75325
21
-3.6425
0
LINE
8
BLACK
6
CONTINUOUS
10
5.75325
20
-3.6425
11
5.75975
21
-3.6409
0
LINE
8
BLACK
6
CONTINUOUS
10
5.75975
20
-3.6409
11
5.76568
21
-3.63778
0
LINE
8
BLACK
6
CONTINUOUS
10
5.76568
20
-3.63778
11
5.7707
21
-3.63334
0
LINE
8
BLACK
6
CONTINUOUS
10
5.7707
20
-3.63334
11
5.7745
21
-3.62783
0
LINE
8
BLACK
6
CONTINUOUS
10
5.7745
20
-3.62783
11
5.77688
21
-3.62157
0
LINE
8
BLACK
6
CONTINUOUS
10
5.77688
20
-3.62157
11
5.77702
21
-3.62038
0
LINE
8
BLACK
6
CONTINUOUS
10
5.77702
20
-3.62038
11
5.77811
21
-3.61824
0
LINE
8
BLACK
6
CONTINUOUS
10
5.77811
20
-3.61824
11
5.78031
21
-3.6173
0
LINE
8
BLACK
6
CONTINUOUS
10
5.78031
20
-3.6173
11
5.7805
21
-3.6173
0
LINE
8
BLACK
6
CONTINUOUS
10
5.7805
20
-3.6173
11
5.7835
21
-3.6173
0
LINE
8
BLACK
6
CONTINUOUS
10
5.7835
20
-3.6173
11
5.7835
21
-3.6173
0
LINE
8
BLACK
6
CONTINUOUS
10
5.7835
20
-3.6173
11
5.79
21
-3.61569
0
LINE
8
BLACK
6
CONTINUOUS
10
5.79
20
-3.61569
11
5.79593
21
-3.61258
0
LINE
8
BLACK
6
CONTINUOUS
10
5.79593
20
-3.61258
11
5.80094
21
-3.60814
0
LINE
8
BLACK
6
CONTINUOUS
10
5.80094
20
-3.60814
11
5.80475
21
-3.60263
0
LINE
8
BLACK
6
CONTINUOUS
10
5.80475
20
-3.60263
11
5.80712
21
-3.59637
0
LINE
8
BLACK
6
CONTINUOUS
10
5.80712
20
-3.59637
11
5.80793
21
-3.58972
0
LINE
8
BLACK
6
CONTINUOUS
10
5.80793
20
-3.58972
11
5.80712
21
-3.58307
0
LINE
8
BLACK
6
CONTINUOUS
10
5.80712
20
-3.58307
11
5.80475
21
-3.57681
0
LINE
8
BLACK
6
CONTINUOUS
10
5.80475
20
-3.57681
11
5.80475
21
-3.57681
0
LINE
8
BLACK
6
CONTINUOUS
10
5.80475
20
-3.57681
11
5.80094
21
-3.57129
0
LINE
8
BLACK
6
CONTINUOUS
10
5.80094
20
-3.57129
11
5.80094
21
-3.57129
0
LINE
8
BLACK
6
CONTINUOUS
10
5.80094
20
-3.57129
11
5.80094
21
-3.57129
0
LINE
8
BLACK
6
CONTINUOUS
10
5.80094
20
-3.57129
11
5.79593
21
-3.56685
0
LINE
8
BLACK
6
CONTINUOUS
10
5.79593
20
-3.56685
11
5.79593
21
-3.56685
0
LINE
8
BLACK
6
CONTINUOUS
10
5.79593
20
-3.56685
11
5.79593
21
-3.56685
0
LINE
8
BLACK
6
CONTINUOUS
10
5.79593
20
-3.56685
11
5.79
21
-3.56374
0
LINE
8
BLACK
6
CONTINUOUS
10
5.79
20
-3.56374
11
5.7851
21
-3.56253
0
LINE
8
BLACK
6
CONTINUOUS
10
5.7851
20
-3.56253
11
5.7835
21
-3.56214
0
LINE
8
BLACK
6
CONTINUOUS
10
5.7835
20
-3.56214
11
5.7768
21
-3.56214
0
LINE
8
BLACK
6
CONTINUOUS
10
5.7768
20
-3.56214
11
5.7703
21
-3.56374
0
LINE
8
BLACK
6
CONTINUOUS
10
5.7703
20
-3.56374
11
5.76437
21
-3.56685
0
LINE
8
BLACK
6
CONTINUOUS
10
5.76437
20
-3.56685
11
5.76437
21
-3.56685
0
LINE
8
BLACK
6
CONTINUOUS
10
5.76437
20
-3.56685
11
5.76437
21
-3.56685
0
LINE
8
BLACK
6
CONTINUOUS
10
5.76437
20
-3.56685
11
5.76436
21
-3.56685
0
LINE
8
BLACK
6
CONTINUOUS
10
5.76436
20
-3.56685
11
5.76206
21
-3.5689
0
LINE
8
BLACK
6
CONTINUOUS
10
5.76206
20
-3.5689
11
5.75935
21
-3.57129
0
LINE
8
BLACK
6
CONTINUOUS
10
5.75935
20
-3.57129
11
5.75935
21
-3.57129
0
LINE
8
BLACK
6
CONTINUOUS
10
5.75935
20
-3.57129
11
5.75555
21
-3.57681
0
LINE
8
BLACK
6
CONTINUOUS
10
5.75555
20
-3.57681
11
5.75317
21
-3.58307
0
LINE
8
BLACK
6
CONTINUOUS
10
5.75317
20
-3.58307
11
5.75303
21
-3.58426
0
LINE
8
BLACK
6
CONTINUOUS
10
5.75303
20
-3.58426
11
5.75194
21
-3.5864
0
LINE
8
BLACK
6
CONTINUOUS
10
5.75194
20
-3.5864
11
5.74974
21
-3.58734
0
LINE
8
BLACK
6
CONTINUOUS
10
5.74974
20
-3.58734
11
5.74955
21
-3.58734
0
LINE
8
BLACK
6
CONTINUOUS
10
5.74955
20
-3.58734
11
5.74655
21
-3.58734
0
LINE
8
BLACK
6
CONTINUOUS
10
5.74655
20
-3.58734
11
5.74005
21
-3.58895
0
LINE
8
BLACK
6
CONTINUOUS
10
5.74005
20
-3.58895
11
5.73412
21
-3.59206
0
LINE
8
BLACK
6
CONTINUOUS
10
5.73412
20
-3.59206
11
5.73412
21
-3.59206
0
LINE
8
BLACK
6
CONTINUOUS
10
5.73412
20
-3.59206
11
5.73412
21
-3.59206
0
LINE
8
BLACK
6
CONTINUOUS
10
5.73412
20
-3.59206
11
5.73412
21
-3.59206
0
LINE
8
BLACK
6
CONTINUOUS
10
5.73412
20
-3.59206
11
5.73331
21
-3.59277
0
LINE
8
BLACK
6
CONTINUOUS
10
5.73331
20
-3.59277
11
5.72911
21
-3.5965
0
LINE
8
BLACK
6
CONTINUOUS
10
5.72911
20
-3.5965
11
5.72911
21
-3.5965
0
LINE
8
BLACK
6
CONTINUOUS
10
5.72911
20
-3.5965
11
5.7253
21
-3.60201
0
LINE
8
BLACK
6
CONTINUOUS
10
5.7253
20
-3.60201
11
5.72298
21
-3.60814
0
LINE
8
BLACK
6
CONTINUOUS
10
5.72298
20
-3.60814
11
5.72293
21
-3.60827
0
LINE
8
BLACK
6
CONTINUOUS
10
5.72293
20
-3.60827
11
5.72212
21
-3.61492
0
LINE
8
BLACK
6
CONTINUOUS
10
5.72212
20
-3.61492
11
5.72293
21
-3.62157
0
LINE
8
BLACK
6
CONTINUOUS
10
5.08947
20
-3.59433
11
5.08947
21
-3.61433
0
LINE
8
BLACK
6
CONTINUOUS
10
5.08947
20
-3.61433
11
5.10014
21
-3.61433
0
LINE
8
BLACK
6
CONTINUOUS
10
5.10014
20
-3.61433
11
5.10295
21
-3.61452
0
LINE
8
BLACK
6
CONTINUOUS
10
5.10295
20
-3.61452
11
5.10837
21
-3.61604
0
LINE
8
BLACK
6
CONTINUOUS
10
5.10837
20
-3.61604
11
5.11318
21
-3.61897
0
LINE
8
BLACK
6
CONTINUOUS
10
5.11318
20
-3.61897
11
5.11702
21
-3.62308
0
LINE
8
BLACK
6
CONTINUOUS
10
5.11702
20
-3.62308
11
5.11802
21
-3.625
0
LINE
8
BLACK
6
CONTINUOUS
10
5.11802
20
-3.625
11
5.1396
21
-3.625
0
LINE
8
BLACK
6
CONTINUOUS
10
5.1396
20
-3.625
11
5.13789
21
-3.61936
0
LINE
8
BLACK
6
CONTINUOUS
10
5.13789
20
-3.61936
11
5.13412
21
-3.6123
0
LINE
8
BLACK
6
CONTINUOUS
10
5.13412
20
-3.6123
11
5.12903
21
-3.6061
0
LINE
8
BLACK
6
CONTINUOUS
10
5.12903
20
-3.6061
11
5.12903
21
-3.6061
0
LINE
8
BLACK
6
CONTINUOUS
10
5.12903
20
-3.6061
11
5.12284
21
-3.60102
0
LINE
8
BLACK
6
CONTINUOUS
10
5.12284
20
-3.60102
11
5.11578
21
-3.59724
0
LINE
8
BLACK
6
CONTINUOUS
10
5.11578
20
-3.59724
11
5.10811
21
-3.59492
0
LINE
8
BLACK
6
CONTINUOUS
10
5.10811
20
-3.59492
11
5.10811
21
-3.59492
0
LINE
8
BLACK
6
CONTINUOUS
10
5.10811
20
-3.59492
11
5.10214
21
-3.59433
0
LINE
8
BLACK
6
CONTINUOUS
10
5.10214
20
-3.59433
11
5.08947
21
-3.59433
0
LINE
8
BLACK
6
CONTINUOUS
10
5.08947
20
-3.59433
11
5.08947
21
-3.59433
0
LINE
8
BLACK
6
CONTINUOUS
10
4.97143
20
-3.61974
11
4.96774
21
-3.61285
0
LINE
8
BLACK
6
CONTINUOUS
10
4.96774
20
-3.61285
11
4.96278
21
-3.6068
0
LINE
8
BLACK
6
CONTINUOUS
10
4.96278
20
-3.6068
11
4.96278
21
-3.6068
0
LINE
8
BLACK
6
CONTINUOUS
10
4.96278
20
-3.6068
11
4.95674
21
-3.60184
0
LINE
8
BLACK
6
CONTINUOUS
10
4.95674
20
-3.60184
11
4.94985
21
-3.59816
0
LINE
8
BLACK
6
CONTINUOUS
10
4.94985
20
-3.59816
11
4.94237
21
-3.59589
0
LINE
8
BLACK
6
CONTINUOUS
10
4.94237
20
-3.59589
11
4.93654
21
-3.59531
0
LINE
8
BLACK
6
CONTINUOUS
10
4.93654
20
-3.59531
11
4.9249
21
-3.59531
0
LINE
8
BLACK
6
CONTINUOUS
10
4.9249
20
-3.59531
11
4.9249
21
-3.59531
0
LINE
8
BLACK
6
CONTINUOUS
10
4.9249
20
-3.59531
11
4.9249
21
-3.61531
0
LINE
8
BLACK
6
CONTINUOUS
10
4.9249
20
-3.61531
11
4.93459
21
-3.61531
0
LINE
8
BLACK
6
CONTINUOUS
10
4.93459
20
-3.61531
11
4.94013
21
-3.61611
0
LINE
8
BLACK
6
CONTINUOUS
10
4.94013
20
-3.61611
11
4.94523
21
-3.61844
0
LINE
8
BLACK
6
CONTINUOUS
10
4.94523
20
-3.61844
11
4.94946
21
-3.62211
0
LINE
8
BLACK
6
CONTINUOUS
10
4.94946
20
-3.62211
11
4.95132
21
-3.625
0
LINE
8
BLACK
6
CONTINUOUS
10
4.95132
20
-3.625
11
4.97302
21
-3.625
0
LINE
8
BLACK
6
CONTINUOUS
10
4.97302
20
-3.625
11
4.97143
21
-3.61974
0
LINE
8
BLACK
6
CONTINUOUS
10
6.22494
20
-3.57858
11
6.22731
21
-3.58484
0
LINE
8
BLACK
6
CONTINUOUS
10
6.22731
20
-3.58484
11
6.22731
21
-3.58484
0
LINE
8
BLACK
6
CONTINUOUS
10
6.22731
20
-3.58484
11
6.23111
21
-3.59035
0
LINE
8
BLACK
6
CONTINUOUS
10
6.23111
20
-3.59035
11
6.23111
21
-3.59035
0
LINE
8
BLACK
6
CONTINUOUS
10
6.23111
20
-3.59035
11
6.23111
21
-3.59035
0
LINE
8
BLACK
6
CONTINUOUS
10
6.23111
20
-3.59035
11
6.23111
21
-3.59035
0
LINE
8
BLACK
6
CONTINUOUS
10
6.23111
20
-3.59035
11
6.23613
21
-3.59479
0
LINE
8
BLACK
6
CONTINUOUS
10
6.23613
20
-3.59479
11
6.24206
21
-3.59791
0
LINE
8
BLACK
6
CONTINUOUS
10
6.24206
20
-3.59791
11
6.24856
21
-3.59951
0
LINE
8
BLACK
6
CONTINUOUS
10
6.24856
20
-3.59951
11
6.24856
21
-3.59951
0
LINE
8
BLACK
6
CONTINUOUS
10
6.24856
20
-3.59951
11
6.25526
21
-3.59951
0
LINE
8
BLACK
6
CONTINUOUS
10
6.25526
20
-3.59951
11
6.25526
21
-3.59951
0
LINE
8
BLACK
6
CONTINUOUS
10
6.25526
20
-3.59951
11
6.26176
21
-3.59791
0
LINE
8
BLACK
6
CONTINUOUS
10
6.26176
20
-3.59791
11
6.26769
21
-3.59479
0
LINE
8
BLACK
6
CONTINUOUS
10
6.26769
20
-3.59479
11
6.2727
21
-3.59035
0
LINE
8
BLACK
6
CONTINUOUS
10
6.2727
20
-3.59035
11
6.27651
21
-3.58484
0
LINE
8
BLACK
6
CONTINUOUS
10
6.27651
20
-3.58484
11
6.27888
21
-3.57858
0
LINE
8
BLACK
6
CONTINUOUS
10
6.27888
20
-3.57858
11
6.27969
21
-3.57193
0
LINE
8
BLACK
6
CONTINUOUS
10
6.27969
20
-3.57193
11
6.27888
21
-3.56528
0
LINE
8
BLACK
6
CONTINUOUS
10
6.27888
20
-3.56528
11
6.27651
21
-3.55902
0
LINE
8
BLACK
6
CONTINUOUS
10
6.27651
20
-3.55902
11
6.27541
21
-3.55742
0
LINE
8
BLACK
6
CONTINUOUS
10
6.27541
20
-3.55742
11
6.2727
21
-3.55351
0
LINE
8
BLACK
6
CONTINUOUS
10
6.2727
20
-3.55351
11
6.2727
21
-3.55351
0
LINE
8
BLACK
6
CONTINUOUS
10
6.2727
20
-3.55351
11
6.2727
21
-3.55351
0
LINE
8
BLACK
6
CONTINUOUS
10
6.2727
20
-3.55351
11
6.26769
21
-3.54907
0
LINE
8
BLACK
6
CONTINUOUS
10
6.26769
20
-3.54907
11
6.26769
21
-3.54907
0
LINE
8
BLACK
6
CONTINUOUS
10
6.26769
20
-3.54907
11
6.26769
21
-3.54907
0
LINE
8
BLACK
6
CONTINUOUS
10
6.26769
20
-3.54907
11
6.26176
21
-3.54595
0
LINE
8
BLACK
6
CONTINUOUS
10
6.26176
20
-3.54595
11
6.25686
21
-3.54475
0
LINE
8
BLACK
6
CONTINUOUS
10
6.25686
20
-3.54475
11
6.25526
21
-3.54435
0
LINE
8
BLACK
6
CONTINUOUS
10
6.25526
20
-3.54435
11
6.24856
21
-3.54435
0
LINE
8
BLACK
6
CONTINUOUS
10
6.24856
20
-3.54435
11
6.24206
21
-3.54595
0
LINE
8
BLACK
6
CONTINUOUS
10
6.24206
20
-3.54595
11
6.23613
21
-3.54907
0
LINE
8
BLACK
6
CONTINUOUS
10
6.23613
20
-3.54907
11
6.23613
21
-3.54907
0
LINE
8
BLACK
6
CONTINUOUS
10
6.23613
20
-3.54907
11
6.23613
21
-3.54907
0
LINE
8
BLACK
6
CONTINUOUS
10
6.23613
20
-3.54907
11
6.23613
21
-3.54907
0
LINE
8
BLACK
6
CONTINUOUS
10
6.23613
20
-3.54907
11
6.234
21
-3.55095
0
LINE
8
BLACK
6
CONTINUOUS
10
6.234
20
-3.55095
11
6.23111
21
-3.55351
0
LINE
8
BLACK
6
CONTINUOUS
10
6.23111
20
-3.55351
11
6.23111
21
-3.55351
0
LINE
8
BLACK
6
CONTINUOUS
10
6.23111
20
-3.55351
11
6.22731
21
-3.55902
0
LINE
8
BLACK
6
CONTINUOUS
10
6.22731
20
-3.55902
11
6.22494
21
-3.56528
0
LINE
8
BLACK
6
CONTINUOUS
10
6.22494
20
-3.56528
11
6.22439
21
-3.56977
0
LINE
8
BLACK
6
CONTINUOUS
10
6.22439
20
-3.56977
11
6.22413
21
-3.57193
0
LINE
8
BLACK
6
CONTINUOUS
10
6.22413
20
-3.57193
11
6.22494
21
-3.57858
0
LINE
8
BLACK
6
CONTINUOUS
10
5.90233
20
-3.57184
11
5.9046
21
-3.57783
0
LINE
8
BLACK
6
CONTINUOUS
10
5.9046
20
-3.57783
11
5.9047
21
-3.57811
0
LINE
8
BLACK
6
CONTINUOUS
10
5.9047
20
-3.57811
11
5.90851
21
-3.58362
0
LINE
8
BLACK
6
CONTINUOUS
10
5.90851
20
-3.58362
11
5.90851
21
-3.58362
0
LINE
8
BLACK
6
CONTINUOUS
10
5.90851
20
-3.58362
11
5.90851
21
-3.58362
0
LINE
8
BLACK
6
CONTINUOUS
10
5.90851
20
-3.58362
11
5.90851
21
-3.58362
0
LINE
8
BLACK
6
CONTINUOUS
10
5.90851
20
-3.58362
11
5.91352
21
-3.58806
0
LINE
8
BLACK
6
CONTINUOUS
10
5.91352
20
-3.58806
11
5.91945
21
-3.59117
0
LINE
8
BLACK
6
CONTINUOUS
10
5.91945
20
-3.59117
11
5.92595
21
-3.59277
0
LINE
8
BLACK
6
CONTINUOUS
10
5.92595
20
-3.59277
11
5.92595
21
-3.59277
0
LINE
8
BLACK
6
CONTINUOUS
10
5.92595
20
-3.59277
11
5.93265
21
-3.59277
0
LINE
8
BLACK
6
CONTINUOUS
10
5.93265
20
-3.59277
11
5.93265
21
-3.59277
0
LINE
8
BLACK
6
CONTINUOUS
10
5.93265
20
-3.59277
11
5.93915
21
-3.59117
0
LINE
8
BLACK
6
CONTINUOUS
10
5.93915
20
-3.59117
11
5.94508
21
-3.58806
0
LINE
8
BLACK
6
CONTINUOUS
10
5.94508
20
-3.58806
11
5.95009
21
-3.58362
0
LINE
8
BLACK
6
CONTINUOUS
10
5.95009
20
-3.58362
11
5.9539
21
-3.57811
0
LINE
8
BLACK
6
CONTINUOUS
10
5.9539
20
-3.57811
11
5.95624
21
-3.57193
0
LINE
8
BLACK
6
CONTINUOUS
10
5.95624
20
-3.57193
11
5.95627
21
-3.57184
0
LINE
8
BLACK
6
CONTINUOUS
10
5.95627
20
-3.57184
11
5.95708
21
-3.5652
0
LINE
8
BLACK
6
CONTINUOUS
10
5.95708
20
-3.5652
11
5.95627
21
-3.55855
0
LINE
8
BLACK
6
CONTINUOUS
10
5.95627
20
-3.55855
11
5.9539
21
-3.55229
0
LINE
8
BLACK
6
CONTINUOUS
10
5.9539
20
-3.55229
11
5.95168
21
-3.54907
0
LINE
8
BLACK
6
CONTINUOUS
10
5.95168
20
-3.54907
11
5.95009
21
-3.54677
0
LINE
8
BLACK
6
CONTINUOUS
10
5.95009
20
-3.54677
11
5.95009
21
-3.54677
0
LINE
8
BLACK
6
CONTINUOUS
10
5.95009
20
-3.54677
11
5.94917
21
-3.54595
0
LINE
8
BLACK
6
CONTINUOUS
10
5.94917
20
-3.54595
11
5.94508
21
-3.54233
0
LINE
8
BLACK
6
CONTINUOUS
10
5.94508
20
-3.54233
11
5.94508
21
-3.54233
0
LINE
8
BLACK
6
CONTINUOUS
10
5.94508
20
-3.54233
11
5.94508
21
-3.54233
0
LINE
8
BLACK
6
CONTINUOUS
10
5.94508
20
-3.54233
11
5.93915
21
-3.53922
0
LINE
8
BLACK
6
CONTINUOUS
10
5.93915
20
-3.53922
11
5.93425
21
-3.53801
0
LINE
8
BLACK
6
CONTINUOUS
10
5.93425
20
-3.53801
11
5.93265
21
-3.53762
0
LINE
8
BLACK
6
CONTINUOUS
10
5.93265
20
-3.53762
11
5.92595
21
-3.53762
0
LINE
8
BLACK
6
CONTINUOUS
10
5.92595
20
-3.53762
11
5.91945
21
-3.53922
0
LINE
8
BLACK
6
CONTINUOUS
10
5.91945
20
-3.53922
11
5.91352
21
-3.54233
0
LINE
8
BLACK
6
CONTINUOUS
10
5.91352
20
-3.54233
11
5.91352
21
-3.54233
0
LINE
8
BLACK
6
CONTINUOUS
10
5.91352
20
-3.54233
11
5.91352
21
-3.54233
0
LINE
8
BLACK
6
CONTINUOUS
10
5.91352
20
-3.54233
11
5.91352
21
-3.54233
0
LINE
8
BLACK
6
CONTINUOUS
10
5.91352
20
-3.54233
11
5.91124
21
-3.54435
0
LINE
8
BLACK
6
CONTINUOUS
10
5.91124
20
-3.54435
11
5.90851
21
-3.54677
0
LINE
8
BLACK
6
CONTINUOUS
10
5.90851
20
-3.54677
11
5.90851
21
-3.54677
0
LINE
8
BLACK
6
CONTINUOUS
10
5.90851
20
-3.54677
11
5.9047
21
-3.55229
0
LINE
8
BLACK
6
CONTINUOUS
10
5.9047
20
-3.55229
11
5.90353
21
-3.55538
0
LINE
8
BLACK
6
CONTINUOUS
10
5.90353
20
-3.55538
11
5.90233
21
-3.55855
0
LINE
8
BLACK
6
CONTINUOUS
10
5.90233
20
-3.55855
11
5.90152
21
-3.5652
0
LINE
8
BLACK
6
CONTINUOUS
10
5.90152
20
-3.5652
11
5.90233
21
-3.57184
0
LINE
8
BLACK
6
CONTINUOUS
10
5.01933
20
-3.30484
11
5.02104
21
-3.31048
0
LINE
8
BLACK
6
CONTINUOUS
10
5.02104
20
-3.31048
11
5.02482
21
-3.31755
0
LINE
8
BLACK
6
CONTINUOUS
10
5.02482
20
-3.31755
11
5.0299
21
-3.32374
0
LINE
8
BLACK
6
CONTINUOUS
10
5.0299
20
-3.32374
11
5.0299
21
-3.32374
0
LINE
8
BLACK
6
CONTINUOUS
10
5.0299
20
-3.32374
11
5.0361
21
-3.32882
0
LINE
8
BLACK
6
CONTINUOUS
10
5.0361
20
-3.32882
11
5.04316
21
-3.3326
0
LINE
8
BLACK
6
CONTINUOUS
10
5.04316
20
-3.3326
11
5.05083
21
-3.33492
0
LINE
8
BLACK
6
CONTINUOUS
10
5.05083
20
-3.33492
11
5.05083
21
-3.33492
0
LINE
8
BLACK
6
CONTINUOUS
10
5.05083
20
-3.33492
11
5.0568
21
-3.33551
0
LINE
8
BLACK
6
CONTINUOUS
10
5.0568
20
-3.33551
11
5.06947
21
-3.33551
0
LINE
8
BLACK
6
CONTINUOUS
10
5.06947
20
-3.33551
11
5.06947
21
-3.33551
0
LINE
8
BLACK
6
CONTINUOUS
10
5.06947
20
-3.33551
11
5.06947
21
-3.31551
0
LINE
8
BLACK
6
CONTINUOUS
10
5.06947
20
-3.31551
11
5.0588
21
-3.31551
0
LINE
8
BLACK
6
CONTINUOUS
10
5.0588
20
-3.31551
11
5.05598
21
-3.31532
0
LINE
8
BLACK
6
CONTINUOUS
10
5.05598
20
-3.31532
11
5.05056
21
-3.3138
0
LINE
8
BLACK
6
CONTINUOUS
10
5.05056
20
-3.3138
11
5.04576
21
-3.31088
0
LINE
8
BLACK
6
CONTINUOUS
10
5.04576
20
-3.31088
11
5.04191
21
-3.30676
0
LINE
8
BLACK
6
CONTINUOUS
10
5.04191
20
-3.30676
11
5.04092
21
-3.30484
0
LINE
8
BLACK
6
CONTINUOUS
10
5.04092
20
-3.30484
11
5.01933
21
-3.30484
0
LINE
8
BLACK
6
CONTINUOUS
10
5.11524
20
-3.30895
11
5.11088
21
-3.3125
0
LINE
8
BLACK
6
CONTINUOUS
10
5.11088
20
-3.3125
11
5.10571
21
-3.31475
0
LINE
8
BLACK
6
CONTINUOUS
10
5.10571
20
-3.31475
11
5.10014
21
-3.31551
0
LINE
8
BLACK
6
CONTINUOUS
10
5.10014
20
-3.31551
11
5.08947
21
-3.31551
0
LINE
8
BLACK
6
CONTINUOUS
10
5.08947
20
-3.31551
11
5.08947
21
-3.33551
0
LINE
8
BLACK
6
CONTINUOUS
10
5.08947
20
-3.33551
11
5.08947
21
-3.33551
0
LINE
8
BLACK
6
CONTINUOUS
10
5.08947
20
-3.33551
11
5.10214
21
-3.33551
0
LINE
8
BLACK
6
CONTINUOUS
10
5.10214
20
-3.33551
11
5.10811
21
-3.33492
0
LINE
8
BLACK
6
CONTINUOUS
10
5.10811
20
-3.33492
11
5.10811
21
-3.33492
0
LINE
8
BLACK
6
CONTINUOUS
10
5.10811
20
-3.33492
11
5.11578
21
-3.3326
0
LINE
8
BLACK
6
CONTINUOUS
10
5.11578
20
-3.3326
11
5.12284
21
-3.32882
0
LINE
8
BLACK
6
CONTINUOUS
10
5.12284
20
-3.32882
11
5.12903
21
-3.32374
0
LINE
8
BLACK
6
CONTINUOUS
10
5.12903
20
-3.32374
11
5.12903
21
-3.32374
0
LINE
8
BLACK
6
CONTINUOUS
10
5.12903
20
-3.32374
11
5.13412
21
-3.31755
0
LINE
8
BLACK
6
CONTINUOUS
10
5.13412
20
-3.31755
11
5.13789
21
-3.31048
0
LINE
8
BLACK
6
CONTINUOUS
10
5.13789
20
-3.31048
11
5.1396
21
-3.30484
0
LINE
8
BLACK
6
CONTINUOUS
10
5.1396
20
-3.30484
11
5.11814
21
-3.30484
0
LINE
8
BLACK
6
CONTINUOUS
10
5.11814
20
-3.30484
11
5.11524
21
-3.30895
0
LINE
8
BLACK
6
CONTINUOUS
10
4.85678
20
-3.30484
11
4.85837
21
-3.3101
0
LINE
8
BLACK
6
CONTINUOUS
10
4.85837
20
-3.3101
11
4.86206
21
-3.317
0
LINE
8
BLACK
6
CONTINUOUS
10
4.86206
20
-3.317
11
4.86702
21
-3.32304
0
LINE
8
BLACK
6
CONTINUOUS
10
4.86702
20
-3.32304
11
4.86702
21
-3.32304
0
LINE
8
BLACK
6
CONTINUOUS
10
4.86702
20
-3.32304
11
4.87306
21
-3.328
0
LINE
8
BLACK
6
CONTINUOUS
10
4.87306
20
-3.328
11
4.87996
21
-3.33168
0
LINE
8
BLACK
6
CONTINUOUS
10
4.87996
20
-3.33168
11
4.88744
21
-3.33395
0
LINE
8
BLACK
6
CONTINUOUS
10
4.88744
20
-3.33395
11
4.89327
21
-3.33453
0
LINE
8
BLACK
6
CONTINUOUS
10
4.89327
20
-3.33453
11
4.9049
21
-3.33453
0
LINE
8
BLACK
6
CONTINUOUS
10
4.9049
20
-3.33453
11
4.9049
21
-3.33453
0
LINE
8
BLACK
6
CONTINUOUS
10
4.9049
20
-3.33453
11
4.9049
21
-3.31453
0
LINE
8
BLACK
6
CONTINUOUS
10
4.9049
20
-3.31453
11
4.89522
21
-3.31453
0
LINE
8
BLACK
6
CONTINUOUS
10
4.89522
20
-3.31453
11
4.88967
21
-3.31373
0
LINE
8
BLACK
6
CONTINUOUS
10
4.88967
20
-3.31373
11
4.88457
21
-3.3114
0
LINE
8
BLACK
6
CONTINUOUS
10
4.88457
20
-3.3114
11
4.88034
21
-3.30773
0
LINE
8
BLACK
6
CONTINUOUS
10
4.88034
20
-3.30773
11
4.87848
21
-3.30484
0
LINE
8
BLACK
6
CONTINUOUS
10
4.87848
20
-3.30484
11
4.85678
21
-3.30484
0
LINE
8
BLACK
6
CONTINUOUS
10
4.94946
20
-3.30773
11
4.94523
21
-3.3114
0
LINE
8
BLACK
6
CONTINUOUS
10
4.94523
20
-3.3114
11
4.94013
21
-3.31373
0
LINE
8
BLACK
6
CONTINUOUS
10
4.94013
20
-3.31373
11
4.93459
21
-3.31453
0
LINE
8
BLACK
6
CONTINUOUS
10
4.93459
20
-3.31453
11
4.9249
21
-3.31453
0
LINE
8
BLACK
6
CONTINUOUS
10
4.9249
20
-3.31453
11
4.9249
21
-3.33453
0
LINE
8
BLACK
6
CONTINUOUS
10
4.9249
20
-3.33453
11
4.9249
21
-3.33453
0
LINE
8
BLACK
6
CONTINUOUS
10
4.9249
20
-3.33453
11
4.93654
21
-3.33453
0
LINE
8
BLACK
6
CONTINUOUS
10
4.93654
20
-3.33453
11
4.94237
21
-3.33395
0
LINE
8
BLACK
6
CONTINUOUS
10
4.94237
20
-3.33395
11
4.94985
21
-3.33168
0
LINE
8
BLACK
6
CONTINUOUS
10
4.94985
20
-3.33168
11
4.95674
21
-3.328
0
LINE
8
BLACK
6
CONTINUOUS
10
4.95674
20
-3.328
11
4.96278
21
-3.32304
0
LINE
8
BLACK
6
CONTINUOUS
10
4.96278
20
-3.32304
11
4.96278
21
-3.32304
0
LINE
8
BLACK
6
CONTINUOUS
10
4.96278
20
-3.32304
11
4.96774
21
-3.317
0
LINE
8
BLACK
6
CONTINUOUS
10
4.96774
20
-3.317
11
4.97143
21
-3.3101
0
LINE
8
BLACK
6
CONTINUOUS
10
4.97143
20
-3.3101
11
4.97302
21
-3.30484
0
LINE
8
BLACK
6
CONTINUOUS
10
4.97302
20
-3.30484
11
4.95132
21
-3.30484
0
LINE
8
BLACK
6
CONTINUOUS
10
4.95132
20
-3.30484
11
4.94946
21
-3.30773
0
LINE
8
BLACK
6
CONTINUOUS
10
5.08947
20
-3.25417
11
5.08947
21
-3.27417
0
LINE
8
BLACK
6
CONTINUOUS
10
5.08947
20
-3.27417
11
5.10014
21
-3.27417
0
LINE
8
BLACK
6
CONTINUOUS
10
5.10014
20
-3.27417
11
5.10295
21
-3.27437
0
LINE
8
BLACK
6
CONTINUOUS
10
5.10295
20
-3.27437
11
5.10837
21
-3.27588
0
LINE
8
BLACK
6
CONTINUOUS
10
5.10837
20
-3.27588
11
5.11318
21
-3.27881
0
LINE
8
BLACK
6
CONTINUOUS
10
5.11318
20
-3.27881
11
5.11702
21
-3.28292
0
LINE
8
BLACK
6
CONTINUOUS
10
5.11702
20
-3.28292
11
5.11802
21
-3.28484
0
LINE
8
BLACK
6
CONTINUOUS
10
5.11802
20
-3.28484
11
5.1396
21
-3.28484
0
LINE
8
BLACK
6
CONTINUOUS
10
5.1396
20
-3.28484
11
5.13789
21
-3.2792
0
LINE
8
BLACK
6
CONTINUOUS
10
5.13789
20
-3.2792
11
5.13412
21
-3.27214
0
LINE
8
BLACK
6
CONTINUOUS
10
5.13412
20
-3.27214
11
5.12903
21
-3.26595
0
LINE
8
BLACK
6
CONTINUOUS
10
5.12903
20
-3.26595
11
5.12903
21
-3.26595
0
LINE
8
BLACK
6
CONTINUOUS
10
5.12903
20
-3.26595
11
5.12284
21
-3.26086
0
LINE
8
BLACK
6
CONTINUOUS
10
5.12284
20
-3.26086
11
5.11578
21
-3.25709
0
LINE
8
BLACK
6
CONTINUOUS
10
5.11578
20
-3.25709
11
5.10811
21
-3.25476
0
LINE
8
BLACK
6
CONTINUOUS
10
5.10811
20
-3.25476
11
5.10811
21
-3.25476
0
LINE
8
BLACK
6
CONTINUOUS
10
5.10811
20
-3.25476
11
5.10214
21
-3.25417
0
LINE
8
BLACK
6
CONTINUOUS
10
5.10214
20
-3.25417
11
5.08947
21
-3.25417
0
LINE
8
BLACK
6
CONTINUOUS
10
5.08947
20
-3.25417
11
5.08947
21
-3.25417
0
LINE
8
BLACK
6
CONTINUOUS
10
4.97143
20
-3.27958
11
4.96774
21
-3.27269
0
LINE
8
BLACK
6
CONTINUOUS
10
4.96774
20
-3.27269
11
4.96278
21
-3.26665
0
LINE
8
BLACK
6
CONTINUOUS
10
4.96278
20
-3.26665
11
4.96278
21
-3.26665
0
LINE
8
BLACK
6
CONTINUOUS
10
4.96278
20
-3.26665
11
4.95674
21
-3.26169
0
LINE
8
BLACK
6
CONTINUOUS
10
4.95674
20
-3.26169
11
4.94985
21
-3.258
0
LINE
8
BLACK
6
CONTINUOUS
10
4.94985
20
-3.258
11
4.94237
21
-3.25573
0
LINE
8
BLACK
6
CONTINUOUS
10
4.94237
20
-3.25573
11
4.93654
21
-3.25516
0
LINE
8
BLACK
6
CONTINUOUS
10
4.93654
20
-3.25516
11
4.9249
21
-3.25516
0
LINE
8
BLACK
6
CONTINUOUS
10
4.9249
20
-3.25516
11
4.9249
21
-3.25516
0
LINE
8
BLACK
6
CONTINUOUS
10
4.9249
20
-3.25516
11
4.9249
21
-3.27516
0
LINE
8
BLACK
6
CONTINUOUS
10
4.9249
20
-3.27516
11
4.93459
21
-3.27516
0
LINE
8
BLACK
6
CONTINUOUS
10
4.93459
20
-3.27516
11
4.94013
21
-3.27595
0
LINE
8
BLACK
6
CONTINUOUS
10
4.94013
20
-3.27595
11
4.94523
21
-3.27828
0
LINE
8
BLACK
6
CONTINUOUS
10
4.94523
20
-3.27828
11
4.94946
21
-3.28195
0
LINE
8
BLACK
6
CONTINUOUS
10
4.94946
20
-3.28195
11
4.95132
21
-3.28484
0
LINE
8
BLACK
6
CONTINUOUS
10
4.95132
20
-3.28484
11
4.97302
21
-3.28484
0
LINE
8
BLACK
6
CONTINUOUS
10
4.97302
20
-3.28484
11
4.97143
21
-3.27958
0
LINE
8
BLACK
6
CONTINUOUS
10
4.87848
20
-3.625
11
4.88034
21
-3.62211
0
LINE
8
BLACK
6
CONTINUOUS
10
4.88034
20
-3.62211
11
4.88457
21
-3.61844
0
LINE
8
BLACK
6
CONTINUOUS
10
4.88457
20
-3.61844
11
4.88967
21
-3.61611
0
LINE
8
BLACK
6
CONTINUOUS
10
4.88967
20
-3.61611
11
4.89522
21
-3.61531
0
LINE
8
BLACK
6
CONTINUOUS
10
4.89522
20
-3.61531
11
4.9049
21
-3.61531
0
LINE
8
BLACK
6
CONTINUOUS
10
4.9049
20
-3.61531
11
4.9049
21
-3.59531
0
LINE
8
BLACK
6
CONTINUOUS
10
4.9049
20
-3.59531
11
4.9049
21
-3.59531
0
LINE
8
BLACK
6
CONTINUOUS
10
4.9049
20
-3.59531
11
4.89327
21
-3.59531
0
LINE
8
BLACK
6
CONTINUOUS
10
4.89327
20
-3.59531
11
4.88744
21
-3.59589
0
LINE
8
BLACK
6
CONTINUOUS
10
4.88744
20
-3.59589
11
4.87996
21
-3.59816
0
LINE
8
BLACK
6
CONTINUOUS
10
4.87996
20
-3.59816
11
4.87306
21
-3.60184
0
LINE
8
BLACK
6
CONTINUOUS
10
4.87306
20
-3.60184
11
4.86702
21
-3.6068
0
LINE
8
BLACK
6
CONTINUOUS
10
4.86702
20
-3.6068
11
4.86702
21
-3.6068
0
LINE
8
BLACK
6
CONTINUOUS
10
4.86702
20
-3.6068
11
4.86206
21
-3.61285
0
LINE
8
BLACK
6
CONTINUOUS
10
4.86206
20
-3.61285
11
4.85837
21
-3.61974
0
LINE
8
BLACK
6
CONTINUOUS
10
4.85837
20
-3.61974
11
4.85678
21
-3.625
0
LINE
8
BLACK
6
CONTINUOUS
10
4.85678
20
-3.625
11
4.87848
21
-3.625
0
LINE
8
BLACK
6
CONTINUOUS
10
5.04079
20
-3.625
11
5.04369
21
-3.62089
0
LINE
8
BLACK
6
CONTINUOUS
10
5.04369
20
-3.62089
11
5.04806
21
-3.61734
0
LINE
8
BLACK
6
CONTINUOUS
10
5.04806
20
-3.61734
11
5.05322
21
-3.6151
0
LINE
8
BLACK
6
CONTINUOUS
10
5.05322
20
-3.6151
11
5.0588
21
-3.61433
0
LINE
8
BLACK
6
CONTINUOUS
10
5.0588
20
-3.61433
11
5.06947
21
-3.61433
0
LINE
8
BLACK
6
CONTINUOUS
10
5.06947
20
-3.61433
11
5.06947
21
-3.59433
0
LINE
8
BLACK
6
CONTINUOUS
10
5.06947
20
-3.59433
11
5.06947
21
-3.59433
0
LINE
8
BLACK
6
CONTINUOUS
10
5.06947
20
-3.59433
11
5.0568
21
-3.59433
0
LINE
8
BLACK
6
CONTINUOUS
10
5.0568
20
-3.59433
11
5.05083
21
-3.59492
0
LINE
8
BLACK
6
CONTINUOUS
10
5.05083
20
-3.59492
11
5.05083
21
-3.59492
0
LINE
8
BLACK
6
CONTINUOUS
10
5.05083
20
-3.59492
11
5.04316
21
-3.59724
0
LINE
8
BLACK
6
CONTINUOUS
10
5.04316
20
-3.59724
11
5.0361
21
-3.60102
0
LINE
8
BLACK
6
CONTINUOUS
10
5.0361
20
-3.60102
11
5.0299
21
-3.6061
0
LINE
8
BLACK
6
CONTINUOUS
10
5.0299
20
-3.6061
11
5.0299
21
-3.6061
0
LINE
8
BLACK
6
CONTINUOUS
10
5.0299
20
-3.6061
11
5.02482
21
-3.6123
0
LINE
8
BLACK
6
CONTINUOUS
10
5.02482
20
-3.6123
11
5.02104
21
-3.61936
0
LINE
8
BLACK
6
CONTINUOUS
10
5.02104
20
-3.61936
11
5.01933
21
-3.625
0
LINE
8
BLACK
6
CONTINUOUS
10
5.01933
20
-3.625
11
5.04079
21
-3.625
0
LINE
8
BLACK
6
CONTINUOUS
10
4.87848
20
-3.28484
11
4.88034
21
-3.28195
0
LINE
8
BLACK
6
CONTINUOUS
10
4.88034
20
-3.28195
11
4.88457
21
-3.27828
0
LINE
8
BLACK
6
CONTINUOUS
10
4.88457
20
-3.27828
11
4.88967
21
-3.27595
0
LINE
8
BLACK
6
CONTINUOUS
10
4.88967
20
-3.27595
11
4.89522
21
-3.27516
0
LINE
8
BLACK
6
CONTINUOUS
10
4.89522
20
-3.27516
11
4.9049
21
-3.27516
0
LINE
8
BLACK
6
CONTINUOUS
10
4.9049
20
-3.27516
11
4.9049
21
-3.25516
0
LINE
8
BLACK
6
CONTINUOUS
10
4.9049
20
-3.25516
11
4.9049
21
-3.25516
0
LINE
8
BLACK
6
CONTINUOUS
10
4.9049
20
-3.25516
11
4.89327
21
-3.25516
0
LINE
8
BLACK
6
CONTINUOUS
10
4.89327
20
-3.25516
11
4.88744
21
-3.25573
0
LINE
8
BLACK
6
CONTINUOUS
10
4.88744
20
-3.25573
11
4.87996
21
-3.258
0
LINE
8
BLACK
6
CONTINUOUS
10
4.87996
20
-3.258
11
4.87306
21
-3.26169
0
LINE
8
BLACK
6
CONTINUOUS
10
4.87306
20
-3.26169
11
4.86702
21
-3.26665
0
LINE
8
BLACK
6
CONTINUOUS
10
4.86702
20
-3.26665
11
4.86702
21
-3.26665
0
LINE
8
BLACK
6
CONTINUOUS
10
4.86702
20
-3.26665
11
4.86206
21
-3.27269
0
LINE
8
BLACK
6
CONTINUOUS
10
4.86206
20
-3.27269
11
4.85837
21
-3.27958
0
LINE
8
BLACK
6
CONTINUOUS
10
4.85837
20
-3.27958
11
4.85678
21
-3.28484
0
LINE
8
BLACK
6
CONTINUOUS
10
4.85678
20
-3.28484
11
4.87848
21
-3.28484
0
LINE
8
BLACK
6
CONTINUOUS
10
5.04079
20
-3.28484
11
5.04369
21
-3.28073
0
LINE
8
BLACK
6
CONTINUOUS
10
5.04369
20
-3.28073
11
5.04806
21
-3.27718
0
LINE
8
BLACK
6
CONTINUOUS
10
5.04806
20
-3.27718
11
5.05322
21
-3.27494
0
LINE
8
BLACK
6
CONTINUOUS
10
5.05322
20
-3.27494
11
5.0588
21
-3.27417
0
LINE
8
BLACK
6
CONTINUOUS
10
5.0588
20
-3.27417
11
5.06947
21
-3.27417
0
LINE
8
BLACK
6
CONTINUOUS
10
5.06947
20
-3.27417
11
5.06947
21
-3.25417
0
LINE
8
BLACK
6
CONTINUOUS
10
5.06947
20
-3.25417
11
5.06947
21
-3.25417
0
LINE
8
BLACK
6
CONTINUOUS
10
5.06947
20
-3.25417
11
5.0568
21
-3.25417
0
LINE
8
BLACK
6
CONTINUOUS
10
5.0568
20
-3.25417
11
5.05083
21
-3.25476
0
LINE
8
BLACK
6
CONTINUOUS
10
5.05083
20
-3.25476
11
5.05083
21
-3.25476
0
LINE
8
BLACK
6
CONTINUOUS
10
5.05083
20
-3.25476
11
5.04316
21
-3.25709
0
LINE
8
BLACK
6
CONTINUOUS
10
5.04316
20
-3.25709
11
5.0361
21
-3.26086
0
LINE
8
BLACK
6
CONTINUOUS
10
5.0361
20
-3.26086
11
5.0299
21
-3.26595
0
LINE
8
BLACK
6
CONTINUOUS
10
5.0299
20
-3.26595
11
5.0299
21
-3.26595
0
LINE
8
BLACK
6
CONTINUOUS
10
5.0299
20
-3.26595
11
5.02482
21
-3.27214
0
LINE
8
BLACK
6
CONTINUOUS
10
5.02482
20
-3.27214
11
5.02104
21
-3.2792
0
LINE
8
BLACK
6
CONTINUOUS
10
5.02104
20
-3.2792
11
5.01933
21
-3.28484
0
LINE
8
BLACK
6
CONTINUOUS
10
5.01933
20
-3.28484
11
5.04079
21
-3.28484
0
LINE
8
BLACK
6
CONTINUOUS
10
6.0149
20
-2.95524
11
6.2149
21
-2.95524
0
LINE
8
BLACK
6
CONTINUOUS
10
6.2149
20
-2.95524
11
6.21699
21
-2.95554
0
LINE
8
BLACK
6
CONTINUOUS
10
6.21699
20
-2.95554
11
6.21909
21
-2.95569
0
LINE
8
BLACK
6
CONTINUOUS
10
6.21909
20
-2.95569
11
6.21975
21
-2.95593
0
LINE
8
BLACK
6
CONTINUOUS
10
6.21975
20
-2.95593
11
6.22045
21
-2.95603
0
LINE
8
BLACK
6
CONTINUOUS
10
6.22045
20
-2.95603
11
6.22236
21
-2.95691
0
LINE
8
BLACK
6
CONTINUOUS
10
6.22236
20
-2.95691
11
6.22434
21
-2.95764
0
LINE
8
BLACK
6
CONTINUOUS
10
6.22434
20
-2.95764
11
6.2249
21
-2.95807
0
LINE
8
BLACK
6
CONTINUOUS
10
6.2249
20
-2.95807
11
6.22554
21
-2.95836
0
LINE
8
BLACK
6
CONTINUOUS
10
6.22554
20
-2.95836
11
6.22714
21
-2.95974
0
LINE
8
BLACK
6
CONTINUOUS
10
6.22714
20
-2.95974
11
6.22882
21
-2.961
0
LINE
8
BLACK
6
CONTINUOUS
10
6.22882
20
-2.961
11
6.36132
21
-3.0935
0
LINE
8
BLACK
6
CONTINUOUS
10
6.36132
20
-3.0935
11
6.36132
21
-3.0935
0
LINE
8
BLACK
6
CONTINUOUS
10
6.36132
20
-3.0935
11
6.49565
21
-3.22783
0
LINE
8
BLACK
6
CONTINUOUS
10
6.49565
20
-3.22783
11
6.7175
21
-3.22783
0
LINE
8
BLACK
6
CONTINUOUS
10
6.7175
20
-3.22783
11
6.71958
21
-3.22813
0
LINE
8
BLACK
6
CONTINUOUS
10
6.71958
20
-3.22813
11
6.72168
21
-3.22828
0
LINE
8
BLACK
6
CONTINUOUS
10
6.72168
20
-3.22828
11
6.72235
21
-3.22853
0
LINE
8
BLACK
6
CONTINUOUS
10
6.72235
20
-3.22853
11
6.72305
21
-3.22863
0
LINE
8
BLACK
6
CONTINUOUS
10
6.72305
20
-3.22863
11
6.72496
21
-3.22951
0
LINE
8
BLACK
6
CONTINUOUS
10
6.72496
20
-3.22951
11
6.72693
21
-3.23024
0
LINE
8
BLACK
6
CONTINUOUS
10
6.72693
20
-3.23024
11
6.7275
21
-3.23067
0
LINE
8
BLACK
6
CONTINUOUS
10
6.7275
20
-3.23067
11
6.72814
21
-3.23096
0
LINE
8
BLACK
6
CONTINUOUS
10
6.72814
20
-3.23096
11
6.72973
21
-3.23234
0
LINE
8
BLACK
6
CONTINUOUS
10
6.72973
20
-3.23234
11
6.73142
21
-3.2336
0
LINE
8
BLACK
6
CONTINUOUS
10
6.73142
20
-3.2336
11
6.78213
21
-3.28431
0
LINE
8
BLACK
6
CONTINUOUS
10
6.78213
20
-3.28431
11
6.78339
21
-3.28599
0
LINE
8
BLACK
6
CONTINUOUS
10
6.78339
20
-3.28599
11
6.78477
21
-3.28759
0
LINE
8
BLACK
6
CONTINUOUS
10
6.78477
20
-3.28759
11
6.78506
21
-3.28823
0
LINE
8
BLACK
6
CONTINUOUS
10
6.78506
20
-3.28823
11
6.78549
21
-3.28879
0
LINE
8
BLACK
6
CONTINUOUS
10
6.78549
20
-3.28879
11
6.78622
21
-3.29077
0
LINE
8
BLACK
6
CONTINUOUS
10
6.78622
20
-3.29077
11
6.7871
21
-3.29268
0
LINE
8
BLACK
6
CONTINUOUS
10
6.7871
20
-3.29268
11
6.7872
21
-3.29338
0
LINE
8
BLACK
6
CONTINUOUS
10
6.7872
20
-3.29338
11
6.78744
21
-3.29404
0
LINE
8
BLACK
6
CONTINUOUS
10
6.78744
20
-3.29404
11
6.78759
21
-3.29614
0
LINE
8
BLACK
6
CONTINUOUS
10
6.78759
20
-3.29614
11
6.78789
21
-3.29823
0
LINE
8
BLACK
6
CONTINUOUS
10
6.78789
20
-3.29823
11
6.78789
21
-3.48823
0
LINE
8
BLACK
6
CONTINUOUS
10
6.78789
20
-3.48823
11
6.78789
21
-4.18161
0
LINE
8
BLACK
6
CONTINUOUS
10
6.78789
20
-4.18161
11
6.78759
21
-4.1837
0
LINE
8
BLACK
6
CONTINUOUS
10
6.78759
20
-4.1837
11
6.78744
21
-4.1858
0
LINE
8
BLACK
6
CONTINUOUS
10
6.78744
20
-4.1858
11
6.7872
21
-4.18646
0
LINE
8
BLACK
6
CONTINUOUS
10
6.7872
20
-4.18646
11
6.7871
21
-4.18716
0
LINE
8
BLACK
6
CONTINUOUS
10
6.7871
20
-4.18716
11
6.78622
21
-4.18908
0
LINE
8
BLACK
6
CONTINUOUS
10
6.78622
20
-4.18908
11
6.78549
21
-4.19105
0
LINE
8
BLACK
6
CONTINUOUS
10
6.78549
20
-4.19105
11
6.78506
21
-4.19161
0
LINE
8
BLACK
6
CONTINUOUS
10
6.78506
20
-4.19161
11
6.78477
21
-4.19226
0
LINE
8
BLACK
6
CONTINUOUS
10
6.78477
20
-4.19226
11
6.78339
21
-4.19385
0
LINE
8
BLACK
6
CONTINUOUS
10
6.78339
20
-4.19385
11
6.78213
21
-4.19553
0
LINE
8
BLACK
6
CONTINUOUS
10
6.78213
20
-4.19553
11
6.64882
21
-4.32884
0
LINE
8
BLACK
6
CONTINUOUS
10
6.64882
20
-4.32884
11
6.27882
21
-4.69884
0
LINE
8
BLACK
6
CONTINUOUS
10
6.27882
20
-4.69884
11
6.27714
21
-4.7001
0
LINE
8
BLACK
6
CONTINUOUS
10
6.27714
20
-4.7001
11
6.27554
21
-4.70148
0
LINE
8
BLACK
6
CONTINUOUS
10
6.27554
20
-4.70148
11
6.2749
21
-4.70177
0
LINE
8
BLACK
6
CONTINUOUS
10
6.2749
20
-4.70177
11
6.27434
21
-4.7022
0
LINE
8
BLACK
6
CONTINUOUS
10
6.27434
20
-4.7022
11
6.27236
21
-4.70293
0
LINE
8
BLACK
6
CONTINUOUS
10
6.27236
20
-4.70293
11
6.27045
21
-4.70381
0
LINE
8
BLACK
6
CONTINUOUS
10
6.27045
20
-4.70381
11
6.26975
21
-4.70391
0
LINE
8
BLACK
6
CONTINUOUS
10
6.26975
20
-4.70391
11
6.26909
21
-4.70416
0
LINE
8
BLACK
6
CONTINUOUS
10
6.26909
20
-4.70416
11
6.26699
21
-4.70431
0
LINE
8
BLACK
6
CONTINUOUS
10
6.26699
20
-4.70431
11
6.2649
21
-4.70461
0
LINE
8
BLACK
6
CONTINUOUS
10
6.2649
20
-4.70461
11
5.9749
21
-4.70461
0
LINE
8
BLACK
6
CONTINUOUS
10
5.9749
20
-4.70461
11
5.96936
21
-4.70381
0
LINE
8
BLACK
6
CONTINUOUS
10
5.96936
20
-4.70381
11
5.96426
21
-4.70148
0
LINE
8
BLACK
6
CONTINUOUS
10
5.96426
20
-4.70148
11
5.96002
21
-4.69781
0
LINE
8
BLACK
6
CONTINUOUS
10
5.96002
20
-4.69781
11
5.957
21
-4.6931
0
LINE
8
BLACK
6
CONTINUOUS
10
5.957
20
-4.6931
11
5.95542
21
-4.68772
0
LINE
8
BLACK
6
CONTINUOUS
10
5.95542
20
-4.68772
11
5.95542
21
-4.68212
0
LINE
8
BLACK
6
CONTINUOUS
10
5.95542
20
-4.68212
11
5.957
21
-4.67674
0
LINE
8
BLACK
6
CONTINUOUS
10
5.957
20
-4.67674
11
5.96002
21
-4.67203
0
LINE
8
BLACK
6
CONTINUOUS
10
5.96002
20
-4.67203
11
5.96426
21
-4.66836
0
LINE
8
BLACK
6
CONTINUOUS
10
5.96426
20
-4.66836
11
5.96936
21
-4.66603
0
LINE
8
BLACK
6
CONTINUOUS
10
5.96936
20
-4.66603
11
5.9749
21
-4.66524
0
LINE
8
BLACK
6
CONTINUOUS
10
5.9749
20
-4.66524
11
6.25675
21
-4.66524
0
LINE
8
BLACK
6
CONTINUOUS
10
6.25675
20
-4.66524
11
6.62098
21
-4.301
0
LINE
8
BLACK
6
CONTINUOUS
10
6.62098
20
-4.301
11
6.74852
21
-4.17346
0
LINE
8
BLACK
6
CONTINUOUS
10
6.74852
20
-4.17346
11
6.74852
21
-3.48823
0
LINE
8
BLACK
6
CONTINUOUS
10
6.74852
20
-3.48823
11
6.74852
21
-3.30638
0
LINE
8
BLACK
6
CONTINUOUS
10
6.74852
20
-3.30638
11
6.70935
21
-3.2672
0
LINE
8
BLACK
6
CONTINUOUS
10
6.70935
20
-3.2672
11
6.4875
21
-3.2672
0
LINE
8
BLACK
6
CONTINUOUS
10
6.4875
20
-3.2672
11
6.48542
21
-3.2669
0
LINE
8
BLACK
6
CONTINUOUS
10
6.48542
20
-3.2669
11
6.48332
21
-3.26675
0
LINE
8
BLACK
6
CONTINUOUS
10
6.48332
20
-3.26675
11
6.48265
21
-3.26651
0
LINE
8
BLACK
6
CONTINUOUS
10
6.48265
20
-3.26651
11
6.48195
21
-3.26641
0
LINE
8
BLACK
6
CONTINUOUS
10
6.48195
20
-3.26641
11
6.48004
21
-3.26553
0
LINE
8
BLACK
6
CONTINUOUS
10
6.48004
20
-3.26553
11
6.47807
21
-3.2648
0
LINE
8
BLACK
6
CONTINUOUS
10
6.47807
20
-3.2648
11
6.4775
21
-3.26437
0
LINE
8
BLACK
6
CONTINUOUS
10
6.4775
20
-3.26437
11
6.47686
21
-3.26408
0
LINE
8
BLACK
6
CONTINUOUS
10
6.47686
20
-3.26408
11
6.47527
21
-3.2627
0
LINE
8
BLACK
6
CONTINUOUS
10
6.47527
20
-3.2627
11
6.47358
21
-3.26144
0
LINE
8
BLACK
6
CONTINUOUS
10
6.47358
20
-3.26144
11
6.33348
21
-3.12134
0
LINE
8
BLACK
6
CONTINUOUS
10
6.33348
20
-3.12134
11
6.33348
21
-3.12134
0
LINE
8
BLACK
6
CONTINUOUS
10
6.33348
20
-3.12134
11
6.20675
21
-2.99461
0
LINE
8
BLACK
6
CONTINUOUS
10
6.20675
20
-2.99461
11
6.0149
21
-2.99461
0
LINE
8
BLACK
6
CONTINUOUS
10
6.0149
20
-2.99461
11
5.31306
21
-2.99461
0
LINE
8
BLACK
6
CONTINUOUS
10
5.31306
20
-2.99461
11
5.22459
21
-3.08308
0
LINE
8
BLACK
6
CONTINUOUS
10
5.22459
20
-3.08308
11
5.22459
21
-3.10992
0
LINE
8
BLACK
6
CONTINUOUS
10
5.22459
20
-3.10992
11
5.22379
21
-3.11547
0
LINE
8
BLACK
6
CONTINUOUS
10
5.22379
20
-3.11547
11
5.22146
21
-3.12056
0
LINE
8
BLACK
6
CONTINUOUS
10
5.22146
20
-3.12056
11
5.21779
21
-3.1248
0
LINE
8
BLACK
6
CONTINUOUS
10
5.21779
20
-3.1248
11
5.21308
21
-3.12783
0
LINE
8
BLACK
6
CONTINUOUS
10
5.21308
20
-3.12783
11
5.2077
21
-3.12941
0
LINE
8
BLACK
6
CONTINUOUS
10
5.2077
20
-3.12941
11
5.2021
21
-3.12941
0
LINE
8
BLACK
6
CONTINUOUS
10
5.2021
20
-3.12941
11
5.19672
21
-3.12783
0
LINE
8
BLACK
6
CONTINUOUS
10
5.19672
20
-3.12783
11
5.19201
21
-3.1248
0
LINE
8
BLACK
6
CONTINUOUS
10
5.19201
20
-3.1248
11
5.18834
21
-3.12056
0
LINE
8
BLACK
6
CONTINUOUS
10
5.18834
20
-3.12056
11
5.18601
21
-3.11547
0
LINE
8
BLACK
6
CONTINUOUS
10
5.18601
20
-3.11547
11
5.18522
21
-3.10992
0
LINE
8
BLACK
6
CONTINUOUS
10
5.18522
20
-3.10992
11
5.18522
21
-3.07492
0
LINE
8
BLACK
6
CONTINUOUS
10
5.18522
20
-3.07492
11
5.18552
21
-3.07284
0
LINE
8
BLACK
6
CONTINUOUS
10
5.18552
20
-3.07284
11
5.18567
21
-3.07074
0
LINE
8
BLACK
6
CONTINUOUS
10
5.18567
20
-3.07074
11
5.18591
21
-3.07007
0
LINE
8
BLACK
6
CONTINUOUS
10
5.18591
20
-3.07007
11
5.18601
21
-3.06938
0
LINE
8
BLACK
6
CONTINUOUS
10
5.18601
20
-3.06938
11
5.18689
21
-3.06746
0
LINE
8
BLACK
6
CONTINUOUS
10
5.18689
20
-3.06746
11
5.18762
21
-3.06549
0
LINE
8
BLACK
6
CONTINUOUS
10
5.18762
20
-3.06549
11
5.18805
21
-3.06492
0
LINE
8
BLACK
6
CONTINUOUS
10
5.18805
20
-3.06492
11
5.18834
21
-3.06428
0
LINE
8
BLACK
6
CONTINUOUS
10
5.18834
20
-3.06428
11
5.18972
21
-3.06269
0
LINE
8
BLACK
6
CONTINUOUS
10
5.18972
20
-3.06269
11
5.19098
21
-3.061
0
LINE
8
BLACK
6
CONTINUOUS
10
5.19098
20
-3.061
11
5.29098
21
-2.961
0
LINE
8
BLACK
6
CONTINUOUS
10
5.29098
20
-2.961
11
5.29267
21
-2.95974
0
LINE
8
BLACK
6
CONTINUOUS
10
5.29267
20
-2.95974
11
5.29426
21
-2.95836
0
LINE
8
BLACK
6
CONTINUOUS
10
5.29426
20
-2.95836
11
5.2949
21
-2.95807
0
LINE
8
BLACK
6
CONTINUOUS
10
5.2949
20
-2.95807
11
5.29547
21
-2.95764
0
LINE
8
BLACK
6
CONTINUOUS
10
5.29547
20
-2.95764
11
5.29744
21
-2.95691
0
LINE
8
BLACK
6
CONTINUOUS
10
5.29744
20
-2.95691
11
5.29936
21
-2.95603
0
LINE
8
BLACK
6
CONTINUOUS
10
5.29936
20
-2.95603
11
5.30006
21
-2.95593
0
LINE
8
BLACK
6
CONTINUOUS
10
5.30006
20
-2.95593
11
5.30072
21
-2.95569
0
LINE
8
BLACK
6
CONTINUOUS
10
5.30072
20
-2.95569
11
5.30282
21
-2.95554
0
LINE
8
BLACK
6
CONTINUOUS
10
5.30282
20
-2.95554
11
5.3049
21
-2.95524
0
LINE
8
BLACK
6
CONTINUOUS
10
5.3049
20
-2.95524
11
6.0149
21
-2.95524
0
LINE
8
BLACK
6
CONTINUOUS
10
6.0799
20
-3.07508
11
6.2449
21
-3.07508
0
LINE
8
BLACK
6
CONTINUOUS
10
6.2449
20
-3.07508
11
6.24867
21
-3.07583
0
LINE
8
BLACK
6
CONTINUOUS
10
6.24867
20
-3.07583
11
6.25186
21
-3.07796
0
LINE
8
BLACK
6
CONTINUOUS
10
6.25186
20
-3.07796
11
6.26946
21
-3.09556
0
LINE
8
BLACK
6
CONTINUOUS
10
6.26946
20
-3.09556
11
6.27041
21
-3.09698
0
LINE
8
BLACK
6
CONTINUOUS
10
6.27041
20
-3.09698
11
6.30292
21
-3.1295
0
LINE
8
BLACK
6
CONTINUOUS
10
6.30292
20
-3.1295
11
6.30292
21
-3.1295
0
LINE
8
BLACK
6
CONTINUOUS
10
6.30292
20
-3.1295
11
6.56044
21
-3.38702
0
LINE
8
BLACK
6
CONTINUOUS
10
6.56044
20
-3.38702
11
6.56258
21
-3.39021
0
LINE
8
BLACK
6
CONTINUOUS
10
6.56258
20
-3.39021
11
6.56333
21
-3.39398
0
LINE
8
BLACK
6
CONTINUOUS
10
6.56333
20
-3.39398
11
6.56333
21
-4.3309
0
LINE
8
BLACK
6
CONTINUOUS
10
6.56333
20
-4.3309
11
6.56333
21
-4.3309
0
LINE
8
BLACK
6
CONTINUOUS
10
6.56333
20
-4.3309
11
6.56258
21
-4.33467
0
LINE
8
BLACK
6
CONTINUOUS
10
6.56258
20
-4.33467
11
6.56044
21
-4.33786
0
LINE
8
BLACK
6
CONTINUOUS
10
6.56044
20
-4.33786
11
6.26796
21
-4.63035
0
LINE
8
BLACK
6
CONTINUOUS
10
6.26796
20
-4.63035
11
6.26477
21
-4.63248
0
LINE
8
BLACK
6
CONTINUOUS
10
6.26477
20
-4.63248
11
6.261
21
-4.63323
0
LINE
8
BLACK
6
CONTINUOUS
10
6.261
20
-4.63323
11
5.88644
21
-4.63323
0
LINE
8
BLACK
6
CONTINUOUS
10
5.88644
20
-4.63323
11
5.45004
21
-4.63323
0
LINE
8
BLACK
6
CONTINUOUS
10
5.45004
20
-4.63323
11
5.44627
21
-4.63248
0
LINE
8
BLACK
6
CONTINUOUS
10
5.44627
20
-4.63248
11
5.44308
21
-4.63035
0
LINE
8
BLACK
6
CONTINUOUS
10
5.44308
20
-4.63035
11
5.41982
21
-4.60708
0
LINE
8
BLACK
6
CONTINUOUS
10
5.41982
20
-4.60708
11
5.41824
21
-4.60733
0
LINE
8
BLACK
6
CONTINUOUS
10
5.41824
20
-4.60733
11
5.41337
21
-4.60656
0
LINE
8
BLACK
6
CONTINUOUS
10
5.41337
20
-4.60656
11
5.40898
21
-4.60432
0
LINE
8
BLACK
6
CONTINUOUS
10
5.40898
20
-4.60432
11
5.4055
21
-4.60084
0
LINE
8
BLACK
6
CONTINUOUS
10
5.4055
20
-4.60084
11
5.40326
21
-4.59645
0
LINE
8
BLACK
6
CONTINUOUS
10
5.40326
20
-4.59645
11
5.40249
21
-4.59158
0
LINE
8
BLACK
6
CONTINUOUS
10
5.40249
20
-4.59158
11
5.40326
21
-4.58672
0
LINE
8
BLACK
6
CONTINUOUS
10
5.40326
20
-4.58672
11
5.4055
21
-4.58233
0
LINE
8
BLACK
6
CONTINUOUS
10
5.4055
20
-4.58233
11
5.40898
21
-4.57884
0
LINE
8
BLACK
6
CONTINUOUS
10
5.40898
20
-4.57884
11
5.41337
21
-4.57661
0
LINE
8
BLACK
6
CONTINUOUS
10
5.41337
20
-4.57661
11
5.41824
21
-4.57584
0
LINE
8
BLACK
6
CONTINUOUS
10
5.41824
20
-4.57584
11
5.4231
21
-4.57661
0
LINE
8
BLACK
6
CONTINUOUS
10
5.4231
20
-4.57661
11
5.42749
21
-4.57884
0
LINE
8
BLACK
6
CONTINUOUS
10
5.42749
20
-4.57884
11
5.43098
21
-4.58233
0
LINE
8
BLACK
6
CONTINUOUS
10
5.43098
20
-4.58233
11
5.43322
21
-4.58672
0
LINE
8
BLACK
6
CONTINUOUS
10
5.43322
20
-4.58672
11
5.43399
21
-4.59158
0
LINE
8
BLACK
6
CONTINUOUS
10
5.43399
20
-4.59158
11
5.43374
21
-4.59316
0
LINE
8
BLACK
6
CONTINUOUS
10
5.43374
20
-4.59316
11
5.45412
21
-4.61354
0
LINE
8
BLACK
6
CONTINUOUS
10
5.45412
20
-4.61354
11
5.88644
21
-4.61354
0
LINE
8
BLACK
6
CONTINUOUS
10
5.88644
20
-4.61354
11
6.25692
21
-4.61354
0
LINE
8
BLACK
6
CONTINUOUS
10
6.25692
20
-4.61354
11
6.54364
21
-4.32683
0
LINE
8
BLACK
6
CONTINUOUS
10
6.54364
20
-4.32683
11
6.54364
21
-3.39805
0
LINE
8
BLACK
6
CONTINUOUS
10
6.54364
20
-3.39805
11
6.289
21
-3.14342
0
LINE
8
BLACK
6
CONTINUOUS
10
6.289
20
-3.14342
11
6.289
21
-3.14342
0
LINE
8
BLACK
6
CONTINUOUS
10
6.289
20
-3.14342
11
6.25554
21
-3.10995
0
LINE
8
BLACK
6
CONTINUOUS
10
6.25554
20
-3.10995
11
6.25459
21
-3.10853
0
LINE
8
BLACK
6
CONTINUOUS
10
6.25459
20
-3.10853
11
6.24082
21
-3.09476
0
LINE
8
BLACK
6
CONTINUOUS
10
6.24082
20
-3.09476
11
6.08398
21
-3.09476
0
LINE
8
BLACK
6
CONTINUOUS
10
6.08398
20
-3.09476
11
6.0304
21
-3.14834
0
LINE
8
BLACK
6
CONTINUOUS
10
6.0304
20
-3.14834
11
6.03065
21
-3.14992
0
LINE
8
BLACK
6
CONTINUOUS
10
6.03065
20
-3.14992
11
6.02988
21
-3.15479
0
LINE
8
BLACK
6
CONTINUOUS
10
6.02988
20
-3.15479
11
6.02764
21
-3.15918
0
LINE
8
BLACK
6
CONTINUOUS
10
6.02764
20
-3.15918
11
6.02416
21
-3.16266
0
LINE
8
BLACK
6
CONTINUOUS
10
6.02416
20
-3.16266
11
6.01977
21
-3.1649
0
LINE
8
BLACK
6
CONTINUOUS
10
6.01977
20
-3.1649
11
6.0149
21
-3.16567
0
LINE
8
BLACK
6
CONTINUOUS
10
6.0149
20
-3.16567
11
6.01004
21
-3.1649
0
LINE
8
BLACK
6
CONTINUOUS
10
6.01004
20
-3.1649
11
6.00565
21
-3.16266
0
LINE
8
BLACK
6
CONTINUOUS
10
6.00565
20
-3.16266
11
6.00216
21
-3.15918
0
LINE
8
BLACK
6
CONTINUOUS
10
6.00216
20
-3.15918
11
5.99992
21
-3.15479
0
LINE
8
BLACK
6
CONTINUOUS
10
5.99992
20
-3.15479
11
5.99915
21
-3.14992
0
LINE
8
BLACK
6
CONTINUOUS
10
5.99915
20
-3.14992
11
5.99992
21
-3.14505
0
LINE
8
BLACK
6
CONTINUOUS
10
5.99992
20
-3.14505
11
6.00216
21
-3.14066
0
LINE
8
BLACK
6
CONTINUOUS
10
6.00216
20
-3.14066
11
6.00565
21
-3.13718
0
LINE
8
BLACK
6
CONTINUOUS
10
6.00565
20
-3.13718
11
6.01004
21
-3.13494
0
LINE
8
BLACK
6
CONTINUOUS
10
6.01004
20
-3.13494
11
6.0149
21
-3.13417
0
LINE
8
BLACK
6
CONTINUOUS
10
6.0149
20
-3.13417
11
6.01648
21
-3.13442
0
LINE
8
BLACK
6
CONTINUOUS
10
6.01648
20
-3.13442
11
6.07294
21
-3.07796
0
LINE
8
BLACK
6
CONTINUOUS
10
6.07294
20
-3.07796
11
6.07294
21
-3.07796
0
LINE
8
BLACK
6
CONTINUOUS
10
6.07294
20
-3.07796
11
6.07613
21
-3.07583
0
LINE
8
BLACK
6
CONTINUOUS
10
6.07613
20
-3.07583
11
6.0799
21
-3.07508
0
LINE
8
BLACK
6
CONTINUOUS
10
6.0799
20
-3.07508
11
6.0799
21
-3.07508
0
LINE
8
BLACK
6
CONTINUOUS
10
6.17173
20
-4.57241
11
6.17195
21
-4.57262
0
LINE
8
BLACK
6
CONTINUOUS
10
6.17195
20
-4.57262
11
6.18666
21
-4.58733
0
LINE
8
BLACK
6
CONTINUOUS
10
6.18666
20
-4.58733
11
6.18766
21
-4.58939
0
LINE
8
BLACK
6
CONTINUOUS
10
6.18766
20
-4.58939
11
6.18793
21
-4.59157
0
LINE
8
BLACK
6
CONTINUOUS
10
6.18793
20
-4.59157
11
6.18997
21
-4.59697
0
LINE
8
BLACK
6
CONTINUOUS
10
6.18997
20
-4.59697
11
6.19001
21
-4.59936
0
LINE
8
BLACK
6
CONTINUOUS
10
6.19001
20
-4.59936
11
6.18849
21
-4.60122
0
LINE
8
BLACK
6
CONTINUOUS
10
6.18849
20
-4.60122
11
6.1867
21
-4.60171
0
LINE
8
BLACK
6
CONTINUOUS
10
6.1867
20
-4.60171
11
6.07511
21
-4.60171
0
LINE
8
BLACK
6
CONTINUOUS
10
6.07511
20
-4.60171
11
6.07416
21
-4.60266
0
LINE
8
BLACK
6
CONTINUOUS
10
6.07416
20
-4.60266
11
6.06977
21
-4.6049
0
LINE
8
BLACK
6
CONTINUOUS
10
6.06977
20
-4.6049
11
6.0649
21
-4.60567
0
LINE
8
BLACK
6
CONTINUOUS
10
6.0649
20
-4.60567
11
6.06004
21
-4.6049
0
LINE
8
BLACK
6
CONTINUOUS
10
6.06004
20
-4.6049
11
6.05565
21
-4.60266
0
LINE
8
BLACK
6
CONTINUOUS
10
6.05565
20
-4.60266
11
6.0547
21
-4.60171
0
LINE
8
BLACK
6
CONTINUOUS
10
6.0547
20
-4.60171
11
5.75311
21
-4.60171
0
LINE
8
BLACK
6
CONTINUOUS
10
5.75311
20
-4.60171
11
5.75085
21
-4.60089
0
LINE
8
BLACK
6
CONTINUOUS
10
5.75085
20
-4.60089
11
5.74965
21
-4.59882
0
LINE
8
BLACK
6
CONTINUOUS
10
5.74965
20
-4.59882
11
5.74983
21
-4.59697
0
LINE
8
BLACK
6
CONTINUOUS
10
5.74983
20
-4.59697
11
5.75188
21
-4.59157
0
LINE
8
BLACK
6
CONTINUOUS
10
5.75188
20
-4.59157
11
5.75268
21
-4.58492
0
LINE
8
BLACK
6
CONTINUOUS
10
5.75268
20
-4.58492
11
5.75188
21
-4.57827
0
LINE
8
BLACK
6
CONTINUOUS
10
5.75188
20
-4.57827
11
5.75114
21
-4.57634
0
LINE
8
BLACK
6
CONTINUOUS
10
5.75114
20
-4.57634
11
5.75111
21
-4.57394
0
LINE
8
BLACK
6
CONTINUOUS
10
5.75111
20
-4.57394
11
5.75263
21
-4.57209
0
LINE
8
BLACK
6
CONTINUOUS
10
5.75263
20
-4.57209
11
5.75442
21
-4.57159
0
LINE
8
BLACK
6
CONTINUOUS
10
5.75442
20
-4.57159
11
6.16947
21
-4.57159
0
LINE
8
BLACK
6
CONTINUOUS
10
6.16947
20
-4.57159
11
6.17173
21
-4.57241
0
LINE
8
BLACK
6
CONTINUOUS
10
5.6717
20
-4.57034
11
5.67609
21
-4.57258
0
LINE
8
BLACK
6
CONTINUOUS
10
5.67609
20
-4.57258
11
5.67957
21
-4.57606
0
LINE
8
BLACK
6
CONTINUOUS
10
5.67957
20
-4.57606
11
5.68181
21
-4.58045
0
LINE
8
BLACK
6
CONTINUOUS
10
5.68181
20
-4.58045
11
5.68258
21
-4.58532
0
LINE
8
BLACK
6
CONTINUOUS
10
5.68258
20
-4.58532
11
5.68181
21
-4.59018
0
LINE
8
BLACK
6
CONTINUOUS
10
5.68181
20
-4.59018
11
5.67957
21
-4.59457
0
LINE
8
BLACK
6
CONTINUOUS
10
5.67957
20
-4.59457
11
5.67609
21
-4.59806
0
LINE
8
BLACK
6
CONTINUOUS
10
5.67609
20
-4.59806
11
5.6717
21
-4.60029
0
LINE
8
BLACK
6
CONTINUOUS
10
5.6717
20
-4.60029
11
5.66683
21
-4.60106
0
LINE
8
BLACK
6
CONTINUOUS
10
5.66683
20
-4.60106
11
5.66197
21
-4.60029
0
LINE
8
BLACK
6
CONTINUOUS
10
5.66197
20
-4.60029
11
5.65758
21
-4.59806
0
LINE
8
BLACK
6
CONTINUOUS
10
5.65758
20
-4.59806
11
5.65409
21
-4.59457
0
LINE
8
BLACK
6
CONTINUOUS
10
5.65409
20
-4.59457
11
5.65186
21
-4.59018
0
LINE
8
BLACK
6
CONTINUOUS
10
5.65186
20
-4.59018
11
5.65108
21
-4.58532
0
LINE
8
BLACK
6
CONTINUOUS
10
5.65108
20
-4.58532
11
5.65186
21
-4.58045
0
LINE
8
BLACK
6
CONTINUOUS
10
5.65186
20
-4.58045
11
5.65409
21
-4.57606
0
LINE
8
BLACK
6
CONTINUOUS
10
5.65409
20
-4.57606
11
5.65758
21
-4.57258
0
LINE
8
BLACK
6
CONTINUOUS
10
5.65758
20
-4.57258
11
5.66197
21
-4.57034
0
LINE
8
BLACK
6
CONTINUOUS
10
5.66197
20
-4.57034
11
5.66683
21
-4.56957
0
LINE
8
BLACK
6
CONTINUOUS
10
5.66683
20
-4.56957
11
5.6717
21
-4.57034
0
LINE
8
BLACK
6
CONTINUOUS
10
6.31701
20
-4.50773
11
6.32141
21
-4.50997
0
LINE
8
BLACK
6
CONTINUOUS
10
6.32141
20
-4.50997
11
6.32489
21
-4.51345
0
LINE
8
BLACK
6
CONTINUOUS
10
6.32489
20
-4.51345
11
6.32713
21
-4.51784
0
LINE
8
BLACK
6
CONTINUOUS
10
6.32713
20
-4.51784
11
6.3279
21
-4.52271
0
LINE
8
BLACK
6
CONTINUOUS
10
6.3279
20
-4.52271
11
6.32713
21
-4.52758
0
LINE
8
BLACK
6
CONTINUOUS
10
6.32713
20
-4.52758
11
6.32489
21
-4.53197
0
LINE
8
BLACK
6
CONTINUOUS
10
6.32489
20
-4.53197
11
6.32141
21
-4.53545
0
LINE
8
BLACK
6
CONTINUOUS
10
6.32141
20
-4.53545
11
6.31701
21
-4.53769
0
LINE
8
BLACK
6
CONTINUOUS
10
6.31701
20
-4.53769
11
6.31215
21
-4.53846
0
LINE
8
BLACK
6
CONTINUOUS
10
6.31215
20
-4.53846
11
6.30728
21
-4.53769
0
LINE
8
BLACK
6
CONTINUOUS
10
6.30728
20
-4.53769
11
6.30289
21
-4.53545
0
LINE
8
BLACK
6
CONTINUOUS
10
6.30289
20
-4.53545
11
6.29941
21
-4.53197
0
LINE
8
BLACK
6
CONTINUOUS
10
6.29941
20
-4.53197
11
6.29926
21
-4.53168
0
LINE
8
BLACK
6
CONTINUOUS
10
6.29926
20
-4.53168
11
5.43706
21
-4.53168
0
LINE
8
BLACK
6
CONTINUOUS
10
5.43706
20
-4.53168
11
5.3854
21
-4.58334
0
LINE
8
BLACK
6
CONTINUOUS
10
5.3854
20
-4.58334
11
5.38565
21
-4.58492
0
LINE
8
BLACK
6
CONTINUOUS
10
5.38565
20
-4.58492
11
5.38488
21
-4.58979
0
LINE
8
BLACK
6
CONTINUOUS
10
5.38488
20
-4.58979
11
5.38264
21
-4.59418
0
LINE
8
BLACK
6
CONTINUOUS
10
5.38264
20
-4.59418
11
5.37916
21
-4.59766
0
LINE
8
BLACK
6
CONTINUOUS
10
5.37916
20
-4.59766
11
5.37477
21
-4.5999
0
LINE
8
BLACK
6
CONTINUOUS
10
5.37477
20
-4.5999
11
5.3699
21
-4.60067
0
LINE
8
BLACK
6
CONTINUOUS
10
5.3699
20
-4.60067
11
5.36504
21
-4.5999
0
LINE
8
BLACK
6
CONTINUOUS
10
5.36504
20
-4.5999
11
5.36065
21
-4.59766
0
LINE
8
BLACK
6
CONTINUOUS
10
5.36065
20
-4.59766
11
5.35716
21
-4.59418
0
LINE
8
BLACK
6
CONTINUOUS
10
5.35716
20
-4.59418
11
5.35492
21
-4.58979
0
LINE
8
BLACK
6
CONTINUOUS
10
5.35492
20
-4.58979
11
5.35415
21
-4.58492
0
LINE
8
BLACK
6
CONTINUOUS
10
5.35415
20
-4.58492
11
5.35492
21
-4.58005
0
LINE
8
BLACK
6
CONTINUOUS
10
5.35492
20
-4.58005
11
5.35716
21
-4.57566
0
LINE
8
BLACK
6
CONTINUOUS
10
5.35716
20
-4.57566
11
5.36065
21
-4.57218
0
LINE
8
BLACK
6
CONTINUOUS
10
5.36065
20
-4.57218
11
5.36504
21
-4.56994
0
LINE
8
BLACK
6
CONTINUOUS
10
5.36504
20
-4.56994
11
5.3699
21
-4.56917
0
LINE
8
BLACK
6
CONTINUOUS
10
5.3699
20
-4.56917
11
5.37148
21
-4.56942
0
LINE
8
BLACK
6
CONTINUOUS
10
5.37148
20
-4.56942
11
5.42602
21
-4.51488
0
LINE
8
BLACK
6
CONTINUOUS
10
5.42602
20
-4.51488
11
5.42922
21
-4.51275
0
LINE
8
BLACK
6
CONTINUOUS
10
5.42922
20
-4.51275
11
5.43298
21
-4.512
0
LINE
8
BLACK
6
CONTINUOUS
10
5.43298
20
-4.512
11
6.30086
21
-4.512
0
LINE
8
BLACK
6
CONTINUOUS
10
6.30086
20
-4.512
11
6.30289
21
-4.50997
0
LINE
8
BLACK
6
CONTINUOUS
10
6.30289
20
-4.50997
11
6.30728
21
-4.50773
0
LINE
8
BLACK
6
CONTINUOUS
10
6.30728
20
-4.50773
11
6.31215
21
-4.50696
0
LINE
8
BLACK
6
CONTINUOUS
10
6.31215
20
-4.50696
11
6.31701
21
-4.50773
0
LINE
8
BLACK
6
CONTINUOUS
10
5.6049
20
-4.54008
11
6.1799
21
-4.54008
0
LINE
8
BLACK
6
CONTINUOUS
10
6.1799
20
-4.54008
11
6.18367
21
-4.54083
0
LINE
8
BLACK
6
CONTINUOUS
10
6.18367
20
-4.54083
11
6.18686
21
-4.54296
0
LINE
8
BLACK
6
CONTINUOUS
10
6.18686
20
-4.54296
11
6.21332
21
-4.56942
0
LINE
8
BLACK
6
CONTINUOUS
10
6.21332
20
-4.56942
11
6.2149
21
-4.56917
0
LINE
8
BLACK
6
CONTINUOUS
10
6.2149
20
-4.56917
11
6.21977
21
-4.56994
0
LINE
8
BLACK
6
CONTINUOUS
10
6.21977
20
-4.56994
11
6.22416
21
-4.57218
0
LINE
8
BLACK
6
CONTINUOUS
10
6.22416
20
-4.57218
11
6.22764
21
-4.57566
0
LINE
8
BLACK
6
CONTINUOUS
10
6.22764
20
-4.57566
11
6.22988
21
-4.58005
0
LINE
8
BLACK
6
CONTINUOUS
10
6.22988
20
-4.58005
11
6.23065
21
-4.58492
0
LINE
8
BLACK
6
CONTINUOUS
10
6.23065
20
-4.58492
11
6.22988
21
-4.58979
0
LINE
8
BLACK
6
CONTINUOUS
10
6.22988
20
-4.58979
11
6.22764
21
-4.59418
0
LINE
8
BLACK
6
CONTINUOUS
10
6.22764
20
-4.59418
11
6.22416
21
-4.59766
0
LINE
8
BLACK
6
CONTINUOUS
10
6.22416
20
-4.59766
11
6.21977
21
-4.5999
0
LINE
8
BLACK
6
CONTINUOUS
10
6.21977
20
-4.5999
11
6.2149
21
-4.60067
0
LINE
8
BLACK
6
CONTINUOUS
10
6.2149
20
-4.60067
11
6.21004
21
-4.5999
0
LINE
8
BLACK
6
CONTINUOUS
10
6.21004
20
-4.5999
11
6.20565
21
-4.59766
0
LINE
8
BLACK
6
CONTINUOUS
10
6.20565
20
-4.59766
11
6.20216
21
-4.59418
0
LINE
8
BLACK
6
CONTINUOUS
10
6.20216
20
-4.59418
11
6.19992
21
-4.58979
0
LINE
8
BLACK
6
CONTINUOUS
10
6.19992
20
-4.58979
11
6.19915
21
-4.58492
0
LINE
8
BLACK
6
CONTINUOUS
10
6.19915
20
-4.58492
11
6.1994
21
-4.58334
0
LINE
8
BLACK
6
CONTINUOUS
10
6.1994
20
-4.58334
11
6.17582
21
-4.55976
0
LINE
8
BLACK
6
CONTINUOUS
10
6.17582
20
-4.55976
11
5.60898
21
-4.55976
0
LINE
8
BLACK
6
CONTINUOUS
10
5.60898
20
-4.55976
11
5.5854
21
-4.58334
0
LINE
8
BLACK
6
CONTINUOUS
10
5.5854
20
-4.58334
11
5.58565
21
-4.58492
0
LINE
8
BLACK
6
CONTINUOUS
10
5.58565
20
-4.58492
11
5.58488
21
-4.58979
0
LINE
8
BLACK
6
CONTINUOUS
10
5.58488
20
-4.58979
11
5.58264
21
-4.59418
0
LINE
8
BLACK
6
CONTINUOUS
10
5.58264
20
-4.59418
11
5.57916
21
-4.59766
0
LINE
8
BLACK
6
CONTINUOUS
10
5.57916
20
-4.59766
11
5.57477
21
-4.5999
0
LINE
8
BLACK
6
CONTINUOUS
10
5.57477
20
-4.5999
11
5.5699
21
-4.60067
0
LINE
8
BLACK
6
CONTINUOUS
10
5.5699
20
-4.60067
11
5.56504
21
-4.5999
0
LINE
8
BLACK
6
CONTINUOUS
10
5.56504
20
-4.5999
11
5.56065
21
-4.59766
0
LINE
8
BLACK
6
CONTINUOUS
10
5.56065
20
-4.59766
11
5.55716
21
-4.59418
0
LINE
8
BLACK
6
CONTINUOUS
10
5.55716
20
-4.59418
11
5.55492
21
-4.58979
0
LINE
8
BLACK
6
CONTINUOUS
10
5.55492
20
-4.58979
11
5.55415
21
-4.58492
0
LINE
8
BLACK
6
CONTINUOUS
10
5.55415
20
-4.58492
11
5.55492
21
-4.58005
0
LINE
8
BLACK
6
CONTINUOUS
10
5.55492
20
-4.58005
11
5.55716
21
-4.57566
0
LINE
8
BLACK
6
CONTINUOUS
10
5.55716
20
-4.57566
11
5.56065
21
-4.57218
0
LINE
8
BLACK
6
CONTINUOUS
10
5.56065
20
-4.57218
11
5.56504
21
-4.56994
0
LINE
8
BLACK
6
CONTINUOUS
10
5.56504
20
-4.56994
11
5.5699
21
-4.56917
0
LINE
8
BLACK
6
CONTINUOUS
10
5.5699
20
-4.56917
11
5.57148
21
-4.56942
0
LINE
8
BLACK
6
CONTINUOUS
10
5.57148
20
-4.56942
11
5.59794
21
-4.54296
0
LINE
8
BLACK
6
CONTINUOUS
10
5.59794
20
-4.54296
11
5.60114
21
-4.54083
0
LINE
8
BLACK
6
CONTINUOUS
10
5.60114
20
-4.54083
11
5.6049
21
-4.54008
0
LINE
8
BLACK
6
CONTINUOUS
10
5.6049
20
-4.54008
11
5.6049
21
-4.54008
0
LINE
8
BLACK
6
CONTINUOUS
10
5.72977
20
-4.56994
11
5.73416
21
-4.57218
0
LINE
8
BLACK
6
CONTINUOUS
10
5.73416
20
-4.57218
11
5.73764
21
-4.57566
0
LINE
8
BLACK
6
CONTINUOUS
10
5.73764
20
-4.57566
11
5.73988
21
-4.58005
0
LINE
8
BLACK
6
CONTINUOUS
10
5.73988
20
-4.58005
11
5.74065
21
-4.58492
0
LINE
8
BLACK
6
CONTINUOUS
10
5.74065
20
-4.58492
11
5.73988
21
-4.58979
0
LINE
8
BLACK
6
CONTINUOUS
10
5.73988
20
-4.58979
11
5.73764
21
-4.59418
0
LINE
8
BLACK
6
CONTINUOUS
10
5.73764
20
-4.59418
11
5.73416
21
-4.59766
0
LINE
8
BLACK
6
CONTINUOUS
10
5.73416
20
-4.59766
11
5.72977
21
-4.5999
0
LINE
8
BLACK
6
CONTINUOUS
10
5.72977
20
-4.5999
11
5.7249
21
-4.60067
0
LINE
8
BLACK
6
CONTINUOUS
10
5.7249
20
-4.60067
11
5.72004
21
-4.5999
0
LINE
8
BLACK
6
CONTINUOUS
10
5.72004
20
-4.5999
11
5.71565
21
-4.59766
0
LINE
8
BLACK
6
CONTINUOUS
10
5.71565
20
-4.59766
11
5.71216
21
-4.59418
0
LINE
8
BLACK
6
CONTINUOUS
10
5.71216
20
-4.59418
11
5.70992
21
-4.58979
0
LINE
8
BLACK
6
CONTINUOUS
10
5.70992
20
-4.58979
11
5.70915
21
-4.58492
0
LINE
8
BLACK
6
CONTINUOUS
10
5.70915
20
-4.58492
11
5.70992
21
-4.58005
0
LINE
8
BLACK
6
CONTINUOUS
10
5.70992
20
-4.58005
11
5.71216
21
-4.57566
0
LINE
8
BLACK
6
CONTINUOUS
10
5.71216
20
-4.57566
11
5.71565
21
-4.57218
0
LINE
8
BLACK
6
CONTINUOUS
10
5.71565
20
-4.57218
11
5.72004
21
-4.56994
0
LINE
8
BLACK
6
CONTINUOUS
10
5.72004
20
-4.56994
11
5.7249
21
-4.56917
0
LINE
8
BLACK
6
CONTINUOUS
10
5.7249
20
-4.56917
11
5.72977
21
-4.56994
0
LINE
8
BLACK
6
CONTINUOUS
10
6.25015
20
-3.15456
11
6.25454
21
-3.1568
0
LINE
8
BLACK
6
CONTINUOUS
10
6.25454
20
-3.1568
11
6.25744
21
-3.1597
0
LINE
8
BLACK
6
CONTINUOUS
10
6.25744
20
-3.1597
11
6.2835
21
-3.1597
0
LINE
8
BLACK
6
CONTINUOUS
10
6.2835
20
-3.1597
11
6.28726
21
-3.16045
0
LINE
8
BLACK
6
CONTINUOUS
10
6.28726
20
-3.16045
11
6.29045
21
-3.16258
0
LINE
8
BLACK
6
CONTINUOUS
10
6.29045
20
-3.16258
11
6.29084
21
-3.16296
0
LINE
8
BLACK
6
CONTINUOUS
10
6.29084
20
-3.16296
11
6.29084
21
-3.16296
0
LINE
8
BLACK
6
CONTINUOUS
10
6.29084
20
-3.16296
11
6.29084
21
-3.16296
0
LINE
8
BLACK
6
CONTINUOUS
10
6.29084
20
-3.16296
11
6.53289
21
-3.40501
0
LINE
8
BLACK
6
CONTINUOUS
10
6.53289
20
-3.40501
11
6.53502
21
-3.4082
0
LINE
8
BLACK
6
CONTINUOUS
10
6.53502
20
-3.4082
11
6.53577
21
-3.41197
0
LINE
8
BLACK
6
CONTINUOUS
10
6.53577
20
-3.41197
11
6.53577
21
-3.4689
0
LINE
8
BLACK
6
CONTINUOUS
10
6.53577
20
-3.4689
11
6.53577
21
-4.2639
0
LINE
8
BLACK
6
CONTINUOUS
10
6.53577
20
-4.2639
11
6.53502
21
-4.26766
0
LINE
8
BLACK
6
CONTINUOUS
10
6.53502
20
-4.26766
11
6.53289
21
-4.27086
0
LINE
8
BLACK
6
CONTINUOUS
10
6.53289
20
-4.27086
11
6.53289
21
-4.27086
0
LINE
8
BLACK
6
CONTINUOUS
10
6.53289
20
-4.27086
11
6.52186
21
-4.28188
0
LINE
8
BLACK
6
CONTINUOUS
10
6.52186
20
-4.28188
11
6.52186
21
-4.28188
0
LINE
8
BLACK
6
CONTINUOUS
10
6.52186
20
-4.28188
11
6.30386
21
-4.49988
0
LINE
8
BLACK
6
CONTINUOUS
10
6.30386
20
-4.49988
11
6.30067
21
-4.50201
0
LINE
8
BLACK
6
CONTINUOUS
10
6.30067
20
-4.50201
11
6.2969
21
-4.50276
0
LINE
8
BLACK
6
CONTINUOUS
10
6.2969
20
-4.50276
11
5.41865
21
-4.50276
0
LINE
8
BLACK
6
CONTINUOUS
10
5.41865
20
-4.50276
11
5.40624
21
-4.51518
0
LINE
8
BLACK
6
CONTINUOUS
10
5.40624
20
-4.51518
11
5.40649
21
-4.51676
0
LINE
8
BLACK
6
CONTINUOUS
10
5.40649
20
-4.51676
11
5.40572
21
-4.52162
0
LINE
8
BLACK
6
CONTINUOUS
10
5.40572
20
-4.52162
11
5.40348
21
-4.52601
0
LINE
8
BLACK
6
CONTINUOUS
10
5.40348
20
-4.52601
11
5.39999
21
-4.5295
0
LINE
8
BLACK
6
CONTINUOUS
10
5.39999
20
-4.5295
11
5.3956
21
-4.53174
0
LINE
8
BLACK
6
CONTINUOUS
10
5.3956
20
-4.53174
11
5.39074
21
-4.53251
0
LINE
8
BLACK
6
CONTINUOUS
10
5.39074
20
-4.53251
11
5.38587
21
-4.53174
0
LINE
8
BLACK
6
CONTINUOUS
10
5.38587
20
-4.53174
11
5.38148
21
-4.5295
0
LINE
8
BLACK
6
CONTINUOUS
10
5.38148
20
-4.5295
11
5.378
21
-4.52601
0
LINE
8
BLACK
6
CONTINUOUS
10
5.378
20
-4.52601
11
5.37576
21
-4.52162
0
LINE
8
BLACK
6
CONTINUOUS
10
5.37576
20
-4.52162
11
5.37499
21
-4.51676
0
LINE
8
BLACK
6
CONTINUOUS
10
5.37499
20
-4.51676
11
5.37576
21
-4.51189
0
LINE
8
BLACK
6
CONTINUOUS
10
5.37576
20
-4.51189
11
5.378
21
-4.5075
0
LINE
8
BLACK
6
CONTINUOUS
10
5.378
20
-4.5075
11
5.38148
21
-4.50402
0
LINE
8
BLACK
6
CONTINUOUS
10
5.38148
20
-4.50402
11
5.38587
21
-4.50178
0
LINE
8
BLACK
6
CONTINUOUS
10
5.38587
20
-4.50178
11
5.39074
21
-4.50101
0
LINE
8
BLACK
6
CONTINUOUS
10
5.39074
20
-4.50101
11
5.39232
21
-4.50126
0
LINE
8
BLACK
6
CONTINUOUS
10
5.39232
20
-4.50126
11
5.40762
21
-4.48596
0
LINE
8
BLACK
6
CONTINUOUS
10
5.40762
20
-4.48596
11
5.40762
21
-4.48596
0
LINE
8
BLACK
6
CONTINUOUS
10
5.40762
20
-4.48596
11
5.41081
21
-4.48383
0
LINE
8
BLACK
6
CONTINUOUS
10
5.41081
20
-4.48383
11
5.41457
21
-4.48308
0
LINE
8
BLACK
6
CONTINUOUS
10
5.41457
20
-4.48308
11
6.29282
21
-4.48308
0
LINE
8
BLACK
6
CONTINUOUS
10
6.29282
20
-4.48308
11
6.50794
21
-4.26796
0
LINE
8
BLACK
6
CONTINUOUS
10
6.50794
20
-4.26796
11
6.50794
21
-4.26796
0
LINE
8
BLACK
6
CONTINUOUS
10
6.50794
20
-4.26796
11
6.51608
21
-4.25982
0
LINE
8
BLACK
6
CONTINUOUS
10
6.51608
20
-4.25982
11
6.51608
21
-3.4689
0
LINE
8
BLACK
6
CONTINUOUS
10
6.51608
20
-3.4689
11
6.51608
21
-3.41605
0
LINE
8
BLACK
6
CONTINUOUS
10
6.51608
20
-3.41605
11
6.2798
21
-3.17976
0
LINE
8
BLACK
6
CONTINUOUS
10
6.2798
20
-3.17976
11
6.25706
21
-3.17976
0
LINE
8
BLACK
6
CONTINUOUS
10
6.25706
20
-3.17976
11
6.25454
21
-3.18228
0
LINE
8
BLACK
6
CONTINUOUS
10
6.25454
20
-3.18228
11
6.25015
21
-3.18452
0
LINE
8
BLACK
6
CONTINUOUS
10
6.25015
20
-3.18452
11
6.24528
21
-3.18529
0
LINE
8
BLACK
6
CONTINUOUS
10
6.24528
20
-3.18529
11
6.24042
21
-3.18452
0
LINE
8
BLACK
6
CONTINUOUS
10
6.24042
20
-3.18452
11
6.23603
21
-3.18228
0
LINE
8
BLACK
6
CONTINUOUS
10
6.23603
20
-3.18228
11
6.23351
21
-3.17976
0
LINE
8
BLACK
6
CONTINUOUS
10
6.23351
20
-3.17976
11
6.07706
21
-3.17976
0
LINE
8
BLACK
6
CONTINUOUS
10
6.07706
20
-3.17976
11
6.07416
21
-3.18266
0
LINE
8
BLACK
6
CONTINUOUS
10
6.07416
20
-3.18266
11
6.06977
21
-3.1849
0
LINE
8
BLACK
6
CONTINUOUS
10
6.06977
20
-3.1849
11
6.0649
21
-3.18567
0
LINE
8
BLACK
6
CONTINUOUS
10
6.0649
20
-3.18567
11
6.06004
21
-3.1849
0
LINE
8
BLACK
6
CONTINUOUS
10
6.06004
20
-3.1849
11
6.05565
21
-3.18266
0
LINE
8
BLACK
6
CONTINUOUS
10
6.05565
20
-3.18266
11
6.05216
21
-3.17918
0
LINE
8
BLACK
6
CONTINUOUS
10
6.05216
20
-3.17918
11
6.04992
21
-3.17479
0
LINE
8
BLACK
6
CONTINUOUS
10
6.04992
20
-3.17479
11
6.04915
21
-3.16992
0
LINE
8
BLACK
6
CONTINUOUS
10
6.04915
20
-3.16992
11
6.04992
21
-3.16505
0
LINE
8
BLACK
6
CONTINUOUS
10
6.04992
20
-3.16505
11
6.05216
21
-3.16066
0
LINE
8
BLACK
6
CONTINUOUS
10
6.05216
20
-3.16066
11
6.05565
21
-3.15718
0
LINE
8
BLACK
6
CONTINUOUS
10
6.05565
20
-3.15718
11
6.06004
21
-3.15494
0
LINE
8
BLACK
6
CONTINUOUS
10
6.06004
20
-3.15494
11
6.0649
21
-3.15417
0
LINE
8
BLACK
6
CONTINUOUS
10
6.0649
20
-3.15417
11
6.06977
21
-3.15494
0
LINE
8
BLACK
6
CONTINUOUS
10
6.06977
20
-3.15494
11
6.07416
21
-3.15718
0
LINE
8
BLACK
6
CONTINUOUS
10
6.07416
20
-3.15718
11
6.07706
21
-3.16008
0
LINE
8
BLACK
6
CONTINUOUS
10
6.07706
20
-3.16008
11
6.23275
21
-3.16008
0
LINE
8
BLACK
6
CONTINUOUS
10
6.23275
20
-3.16008
11
6.23603
21
-3.1568
0
LINE
8
BLACK
6
CONTINUOUS
10
6.23603
20
-3.1568
11
6.24042
21
-3.15456
0
LINE
8
BLACK
6
CONTINUOUS
10
6.24042
20
-3.15456
11
6.24528
21
-3.15379
0
LINE
8
BLACK
6
CONTINUOUS
10
6.24528
20
-3.15379
11
6.25015
21
-3.15456
0
LINE
8
BLACK
6
CONTINUOUS
10
6.11977
20
-3.27494
11
6.12416
21
-3.27718
0
LINE
8
BLACK
6
CONTINUOUS
10
6.12416
20
-3.27718
11
6.12706
21
-3.28008
0
LINE
8
BLACK
6
CONTINUOUS
10
6.12706
20
-3.28008
11
6.3649
21
-3.28008
0
LINE
8
BLACK
6
CONTINUOUS
10
6.3649
20
-3.28008
11
6.36867
21
-3.28083
0
LINE
8
BLACK
6
CONTINUOUS
10
6.36867
20
-3.28083
11
6.37186
21
-3.28296
0
LINE
8
BLACK
6
CONTINUOUS
10
6.37186
20
-3.28296
11
6.45936
21
-3.37046
0
LINE
8
BLACK
6
CONTINUOUS
10
6.45936
20
-3.37046
11
6.45936
21
-3.37046
0
LINE
8
BLACK
6
CONTINUOUS
10
6.45936
20
-3.37046
11
6.50533
21
-3.41643
0
LINE
8
BLACK
6
CONTINUOUS
10
6.50533
20
-3.41643
11
6.50746
21
-3.41962
0
LINE
8
BLACK
6
CONTINUOUS
10
6.50746
20
-3.41962
11
6.50821
21
-3.42339
0
LINE
8
BLACK
6
CONTINUOUS
10
6.50821
20
-3.42339
11
6.50821
21
-3.42339
0
LINE
8
BLACK
6
CONTINUOUS
10
6.50821
20
-3.42339
11
6.50821
21
-4.24746
0
LINE
8
BLACK
6
CONTINUOUS
10
6.50821
20
-4.24746
11
6.50746
21
-4.25122
0
LINE
8
BLACK
6
CONTINUOUS
10
6.50746
20
-4.25122
11
6.50533
21
-4.25442
0
LINE
8
BLACK
6
CONTINUOUS
10
6.50533
20
-4.25442
11
6.50486
21
-4.25488
0
LINE
8
BLACK
6
CONTINUOUS
10
6.50486
20
-4.25488
11
6.39186
21
-4.36788
0
LINE
8
BLACK
6
CONTINUOUS
10
6.39186
20
-4.36788
11
6.39186
21
-4.36788
0
LINE
8
BLACK
6
CONTINUOUS
10
6.39186
20
-4.36788
11
6.28786
21
-4.47188
0
LINE
8
BLACK
6
CONTINUOUS
10
6.28786
20
-4.47188
11
6.28467
21
-4.47401
0
LINE
8
BLACK
6
CONTINUOUS
10
6.28467
20
-4.47401
11
6.2809
21
-4.47476
0
LINE
8
BLACK
6
CONTINUOUS
10
6.2809
20
-4.47476
11
5.40306
21
-4.47476
0
LINE
8
BLACK
6
CONTINUOUS
10
5.40306
20
-4.47476
11
5.40016
21
-4.47766
0
LINE
8
BLACK
6
CONTINUOUS
10
5.40016
20
-4.47766
11
5.39577
21
-4.4799
0
LINE
8
BLACK
6
CONTINUOUS
10
5.39577
20
-4.4799
11
5.3909
21
-4.48067
0
LINE
8
BLACK
6
CONTINUOUS
10
5.3909
20
-4.48067
11
5.38604
21
-4.4799
0
LINE
8
BLACK
6
CONTINUOUS
10
5.38604
20
-4.4799
11
5.38165
21
-4.47766
0
LINE
8
BLACK
6
CONTINUOUS
10
5.38165
20
-4.47766
11
5.37816
21
-4.47418
0
LINE
8
BLACK
6
CONTINUOUS
10
5.37816
20
-4.47418
11
5.37592
21
-4.46979
0
LINE
8
BLACK
6
CONTINUOUS
10
5.37592
20
-4.46979
11
5.37515
21
-4.46492
0
LINE
8
BLACK
6
CONTINUOUS
10
5.37515
20
-4.46492
11
5.37592
21
-4.46005
0
LINE
8
BLACK
6
CONTINUOUS
10
5.37592
20
-4.46005
11
5.37816
21
-4.45566
0
LINE
8
BLACK
6
CONTINUOUS
10
5.37816
20
-4.45566
11
5.38165
21
-4.45218
0
LINE
8
BLACK
6
CONTINUOUS
10
5.38165
20
-4.45218
11
5.38604
21
-4.44994
0
LINE
8
BLACK
6
CONTINUOUS
10
5.38604
20
-4.44994
11
5.3909
21
-4.44917
0
LINE
8
BLACK
6
CONTINUOUS
10
5.3909
20
-4.44917
11
5.39577
21
-4.44994
0
LINE
8
BLACK
6
CONTINUOUS
10
5.39577
20
-4.44994
11
5.40016
21
-4.45218
0
LINE
8
BLACK
6
CONTINUOUS
10
5.40016
20
-4.45218
11
5.40306
21
-4.45508
0
LINE
8
BLACK
6
CONTINUOUS
10
5.40306
20
-4.45508
11
6.27682
21
-4.45508
0
LINE
8
BLACK
6
CONTINUOUS
10
6.27682
20
-4.45508
11
6.37794
21
-4.35396
0
LINE
8
BLACK
6
CONTINUOUS
10
6.37794
20
-4.35396
11
6.37794
21
-4.35396
0
LINE
8
BLACK
6
CONTINUOUS
10
6.37794
20
-4.35396
11
6.48852
21
-4.24338
0
LINE
8
BLACK
6
CONTINUOUS
10
6.48852
20
-4.24338
11
6.48852
21
-3.42746
0
LINE
8
BLACK
6
CONTINUOUS
10
6.48852
20
-3.42746
11
6.44544
21
-3.38438
0
LINE
8
BLACK
6
CONTINUOUS
10
6.44544
20
-3.38438
11
6.44544
21
-3.38438
0
LINE
8
BLACK
6
CONTINUOUS
10
6.44544
20
-3.38438
11
6.36082
21
-3.29976
0
LINE
8
BLACK
6
CONTINUOUS
10
6.36082
20
-3.29976
11
6.12706
21
-3.29976
0
LINE
8
BLACK
6
CONTINUOUS
10
6.12706
20
-3.29976
11
6.12416
21
-3.30266
0
LINE
8
BLACK
6
CONTINUOUS
10
6.12416
20
-3.30266
11
6.11977
21
-3.3049
0
LINE
8
BLACK
6
CONTINUOUS
10
6.11977
20
-3.3049
11
6.1149
21
-3.30567
0
LINE
8
BLACK
6
CONTINUOUS
10
6.1149
20
-3.30567
11
6.11004
21
-3.3049
0
LINE
8
BLACK
6
CONTINUOUS
10
6.11004
20
-3.3049
11
6.10565
21
-3.30266
0
LINE
8
BLACK
6
CONTINUOUS
10
6.10565
20
-3.30266
11
6.10216
21
-3.29918
0
LINE
8
BLACK
6
CONTINUOUS
10
6.10216
20
-3.29918
11
6.09992
21
-3.29479
0
LINE
8
BLACK
6
CONTINUOUS
10
6.09992
20
-3.29479
11
6.09915
21
-3.28992
0
LINE
8
BLACK
6
CONTINUOUS
10
6.09915
20
-3.28992
11
6.09992
21
-3.28505
0
LINE
8
BLACK
6
CONTINUOUS
10
6.09992
20
-3.28505
11
6.10216
21
-3.28066
0
LINE
8
BLACK
6
CONTINUOUS
10
6.10216
20
-3.28066
11
6.10565
21
-3.27718
0
LINE
8
BLACK
6
CONTINUOUS
10
6.10565
20
-3.27718
11
6.11004
21
-3.27494
0
LINE
8
BLACK
6
CONTINUOUS
10
6.11004
20
-3.27494
11
6.1149
21
-3.27417
0
LINE
8
BLACK
6
CONTINUOUS
10
6.1149
20
-3.27417
11
6.11977
21
-3.27494
0
LINE
8
BLACK
6
CONTINUOUS
10
6.47682
20
-3.27745
11
6.47683
21
-3.27741
0
LINE
8
BLACK
6
CONTINUOUS
10
6.47683
20
-3.27741
11
6.47702
21
-3.27745
0
LINE
8
BLACK
6
CONTINUOUS
10
6.47702
20
-3.27745
11
6.47702
21
-3.27745
0
LINE
8
BLACK
6
CONTINUOUS
10
6.47702
20
-3.27745
11
6.47867
21
-3.27783
0
LINE
8
BLACK
6
CONTINUOUS
10
6.47867
20
-3.27783
11
6.47885
21
-3.27788
0
LINE
8
BLACK
6
CONTINUOUS
10
6.47885
20
-3.27788
11
6.47933
21
-3.27805
0
LINE
8
BLACK
6
CONTINUOUS
10
6.47933
20
-3.27805
11
6.48044
21
-3.27844
0
LINE
8
BLACK
6
CONTINUOUS
10
6.48044
20
-3.27844
11
6.48211
21
-3.27863
0
LINE
8
BLACK
6
CONTINUOUS
10
6.48211
20
-3.27863
11
6.48231
21
-3.27866
0
LINE
8
BLACK
6
CONTINUOUS
10
6.48231
20
-3.27866
11
6.48395
21
-3.27904
0
LINE
8
BLACK
6
CONTINUOUS
10
6.48395
20
-3.27904
11
6.48573
21
-3.27904
0
LINE
8
BLACK
6
CONTINUOUS
10
6.48573
20
-3.27904
11
6.70299
21
-3.27904
0
LINE
8
BLACK
6
CONTINUOUS
10
6.70299
20
-3.27904
11
6.70525
21
-3.27985
0
LINE
8
BLACK
6
CONTINUOUS
10
6.70525
20
-3.27985
11
6.70547
21
-3.28006
0
LINE
8
BLACK
6
CONTINUOUS
10
6.70547
20
-3.28006
11
6.73567
21
-3.31026
0
LINE
8
BLACK
6
CONTINUOUS
10
6.73567
20
-3.31026
11
6.73668
21
-3.31243
0
LINE
8
BLACK
6
CONTINUOUS
10
6.73668
20
-3.31243
11
6.73669
21
-3.31273
0
LINE
8
BLACK
6
CONTINUOUS
10
6.73669
20
-3.31273
11
6.73669
21
-4.16711
0
LINE
8
BLACK
6
CONTINUOUS
10
6.73669
20
-4.16711
11
6.73587
21
-4.16936
0
LINE
8
BLACK
6
CONTINUOUS
10
6.73587
20
-4.16936
11
6.73567
21
-4.16959
0
LINE
8
BLACK
6
CONTINUOUS
10
6.73567
20
-4.16959
11
6.61387
21
-4.29138
0
LINE
8
BLACK
6
CONTINUOUS
10
6.61387
20
-4.29138
11
6.58114
21
-4.32411
0
LINE
8
BLACK
6
CONTINUOUS
10
6.58114
20
-4.32411
11
6.57897
21
-4.32513
0
LINE
8
BLACK
6
CONTINUOUS
10
6.57897
20
-4.32513
11
6.57665
21
-4.32451
0
LINE
8
BLACK
6
CONTINUOUS
10
6.57665
20
-4.32451
11
6.57528
21
-4.32254
0
LINE
8
BLACK
6
CONTINUOUS
10
6.57528
20
-4.32254
11
6.57516
21
-4.32164
0
LINE
8
BLACK
6
CONTINUOUS
10
6.57516
20
-4.32164
11
6.57516
21
-3.39435
0
LINE
8
BLACK
6
CONTINUOUS
10
6.57516
20
-3.39435
11
6.57525
21
-3.39174
0
LINE
8
BLACK
6
CONTINUOUS
10
6.57525
20
-3.39174
11
6.57525
21
-3.39174
0
LINE
8
BLACK
6
CONTINUOUS
10
6.57525
20
-3.39174
11
6.57525
21
-3.39174
0
LINE
8
BLACK
6
CONTINUOUS
10
6.57525
20
-3.39174
11
6.57483
21
-3.39001
0
LINE
8
BLACK
6
CONTINUOUS
10
6.57483
20
-3.39001
11
6.57479
21
-3.38984
0
LINE
8
BLACK
6
CONTINUOUS
10
6.57479
20
-3.38984
11
6.57455
21
-3.38807
0
LINE
8
BLACK
6
CONTINUOUS
10
6.57455
20
-3.38807
11
6.57422
21
-3.38732
0
LINE
8
BLACK
6
CONTINUOUS
10
6.57422
20
-3.38732
11
6.57403
21
-3.38675
0
LINE
8
BLACK
6
CONTINUOUS
10
6.57403
20
-3.38675
11
6.57384
21
-3.38595
0
LINE
8
BLACK
6
CONTINUOUS
10
6.57384
20
-3.38595
11
6.57384
21
-3.38595
0
LINE
8
BLACK
6
CONTINUOUS
10
6.57384
20
-3.38595
11
6.57297
21
-3.3844
0
LINE
8
BLACK
6
CONTINUOUS
10
6.57297
20
-3.3844
11
6.57289
21
-3.38424
0
LINE
8
BLACK
6
CONTINUOUS
10
6.57289
20
-3.38424
11
6.57218
21
-3.38261
0
LINE
8
BLACK
6
CONTINUOUS
10
6.57218
20
-3.38261
11
6.57218
21
-3.38261
0
LINE
8
BLACK
6
CONTINUOUS
10
6.57218
20
-3.38261
11
6.57166
21
-3.38197
0
LINE
8
BLACK
6
CONTINUOUS
10
6.57166
20
-3.38197
11
6.57132
21
-3.38148
0
LINE
8
BLACK
6
CONTINUOUS
10
6.57132
20
-3.38148
11
6.57092
21
-3.38076
0
LINE
8
BLACK
6
CONTINUOUS
10
6.57092
20
-3.38076
11
6.57092
21
-3.38076
0
LINE
8
BLACK
6
CONTINUOUS
10
6.57092
20
-3.38076
11
6.56966
21
-3.3795
0
LINE
8
BLACK
6
CONTINUOUS
10
6.56966
20
-3.3795
11
6.56954
21
-3.37937
0
LINE
8
BLACK
6
CONTINUOUS
10
6.56954
20
-3.37937
11
6.56842
21
-3.37799
0
LINE
8
BLACK
6
CONTINUOUS
10
6.56842
20
-3.37799
11
6.56774
21
-3.37751
0
LINE
8
BLACK
6
CONTINUOUS
10
6.56774
20
-3.37751
11
6.56729
21
-3.37713
0
LINE
8
BLACK
6
CONTINUOUS
10
6.56729
20
-3.37713
11
6.4734
21
-3.28324
0
LINE
8
BLACK
6
CONTINUOUS
10
6.4734
20
-3.28324
11
6.47239
21
-3.28107
0
LINE
8
BLACK
6
CONTINUOUS
10
6.47239
20
-3.28107
11
6.47301
21
-3.27876
0
LINE
8
BLACK
6
CONTINUOUS
10
6.47301
20
-3.27876
11
6.47497
21
-3.27738
0
LINE
8
BLACK
6
CONTINUOUS
10
6.47497
20
-3.27738
11
6.47682
21
-3.27745
0
LINE
8
BLACK
6
CONTINUOUS
10
6.16977
20
-3.12148
11
6.17416
21
-3.12372
0
LINE
8
BLACK
6
CONTINUOUS
10
6.17416
20
-3.12372
11
6.17764
21
-3.1272
0
LINE
8
BLACK
6
CONTINUOUS
10
6.17764
20
-3.1272
11
6.17988
21
-3.13159
0
LINE
8
BLACK
6
CONTINUOUS
10
6.17988
20
-3.13159
11
6.18065
21
-3.13646
0
LINE
8
BLACK
6
CONTINUOUS
10
6.18065
20
-3.13646
11
6.17988
21
-3.14132
0
LINE
8
BLACK
6
CONTINUOUS
10
6.17988
20
-3.14132
11
6.17764
21
-3.14571
0
LINE
8
BLACK
6
CONTINUOUS
10
6.17764
20
-3.14571
11
6.17416
21
-3.1492
0
LINE
8
BLACK
6
CONTINUOUS
10
6.17416
20
-3.1492
11
6.16977
21
-3.15143
0
LINE
8
BLACK
6
CONTINUOUS
10
6.16977
20
-3.15143
11
6.1649
21
-3.1522
0
LINE
8
BLACK
6
CONTINUOUS
10
6.1649
20
-3.1522
11
6.16004
21
-3.15143
0
LINE
8
BLACK
6
CONTINUOUS
10
6.16004
20
-3.15143
11
6.15565
21
-3.1492
0
LINE
8
BLACK
6
CONTINUOUS
10
6.15565
20
-3.1492
11
6.15216
21
-3.14571
0
LINE
8
BLACK
6
CONTINUOUS
10
6.15216
20
-3.14571
11
6.14992
21
-3.14132
0
LINE
8
BLACK
6
CONTINUOUS
10
6.14992
20
-3.14132
11
6.14915
21
-3.13646
0
LINE
8
BLACK
6
CONTINUOUS
10
6.14915
20
-3.13646
11
6.14992
21
-3.13159
0
LINE
8
BLACK
6
CONTINUOUS
10
6.14992
20
-3.13159
11
6.15216
21
-3.1272
0
LINE
8
BLACK
6
CONTINUOUS
10
6.15216
20
-3.1272
11
6.15565
21
-3.12372
0
LINE
8
BLACK
6
CONTINUOUS
10
6.15565
20
-3.12372
11
6.16004
21
-3.12148
0
LINE
8
BLACK
6
CONTINUOUS
10
6.16004
20
-3.12148
11
6.1649
21
-3.12071
0
LINE
8
BLACK
6
CONTINUOUS
10
6.1649
20
-3.12071
11
6.16977
21
-3.12148
0
CIRCLE
8
BLACK
10
6.60309
20
-4.65311
40
0.00688976
0
CIRCLE
8
BLACK
10
5.02671
20
-4.65311
40
0.00688976
0
CIRCLE
8
BLACK
10
6.60309
20
-3.07673
40
0.00688976
0
CIRCLE
8
BLACK
10
5.98128
20
-3.86295
40
0.00688976
0
CIRCLE
8
BLACK
10
5.02671
20
-3.07673
40
0.00688976
0
CIRCLE
8
BLACK
10
5.05978
20
-3.35114
40
0.00688976
0
CIRCLE
8
BLACK
10
5.05978
20
-3.5787
40
0.00688976
0
LINE
8
BLACK
6
CONTINUOUS
10
4.93282
20
-3.62339
11
4.93687
21
-3.62496
0
LINE
8
BLACK
6
CONTINUOUS
10
4.93687
20
-3.62496
11
4.94008
21
-3.62788
0
LINE
8
BLACK
6
CONTINUOUS
10
4.94008
20
-3.62788
11
4.94201
21
-3.63177
0
LINE
8
BLACK
6
CONTINUOUS
10
4.94201
20
-3.63177
11
4.94241
21
-3.63609
0
LINE
8
BLACK
6
CONTINUOUS
10
4.94241
20
-3.63609
11
4.94122
21
-3.64026
0
LINE
8
BLACK
6
CONTINUOUS
10
4.94122
20
-3.64026
11
4.93861
21
-3.64373
0
LINE
8
BLACK
6
CONTINUOUS
10
4.93861
20
-3.64373
11
4.93492
21
-3.64601
0
LINE
8
BLACK
6
CONTINUOUS
10
4.93492
20
-3.64601
11
4.93065
21
-3.64681
0
LINE
8
BLACK
6
CONTINUOUS
10
4.93065
20
-3.64681
11
4.89915
21
-3.64681
0
LINE
8
BLACK
6
CONTINUOUS
10
4.89915
20
-3.64681
11
4.89698
21
-3.64661
0
LINE
8
BLACK
6
CONTINUOUS
10
4.89698
20
-3.64661
11
4.89294
21
-3.64504
0
LINE
8
BLACK
6
CONTINUOUS
10
4.89294
20
-3.64504
11
4.88973
21
-3.64212
0
LINE
8
BLACK
6
CONTINUOUS
10
4.88973
20
-3.64212
11
4.88779
21
-3.63823
0
LINE
8
BLACK
6
CONTINUOUS
10
4.88779
20
-3.63823
11
4.88739
21
-3.63391
0
LINE
8
BLACK
6
CONTINUOUS
10
4.88739
20
-3.63391
11
4.88858
21
-3.62974
0
LINE
8
BLACK
6
CONTINUOUS
10
4.88858
20
-3.62974
11
4.8912
21
-3.62627
0
LINE
8
BLACK
6
CONTINUOUS
10
4.8912
20
-3.62627
11
4.89489
21
-3.62399
0
LINE
8
BLACK
6
CONTINUOUS
10
4.89489
20
-3.62399
11
4.89915
21
-3.62319
0
LINE
8
BLACK
6
CONTINUOUS
10
4.89915
20
-3.62319
11
4.93065
21
-3.62319
0
LINE
8
BLACK
6
CONTINUOUS
10
4.93065
20
-3.62319
11
4.93282
21
-3.62339
0
LINE
8
BLACK
6
CONTINUOUS
10
4.93282
20
-3.28323
11
4.93687
21
-3.2848
0
LINE
8
BLACK
6
CONTINUOUS
10
4.93687
20
-3.2848
11
4.94008
21
-3.28772
0
LINE
8
BLACK
6
CONTINUOUS
10
4.94008
20
-3.28772
11
4.94201
21
-3.29161
0
LINE
8
BLACK
6
CONTINUOUS
10
4.94201
20
-3.29161
11
4.94241
21
-3.29593
0
LINE
8
BLACK
6
CONTINUOUS
10
4.94241
20
-3.29593
11
4.94122
21
-3.30011
0
LINE
8
BLACK
6
CONTINUOUS
10
4.94122
20
-3.30011
11
4.93861
21
-3.30357
0
LINE
8
BLACK
6
CONTINUOUS
10
4.93861
20
-3.30357
11
4.93492
21
-3.30586
0
LINE
8
BLACK
6
CONTINUOUS
10
4.93492
20
-3.30586
11
4.93065
21
-3.30665
0
LINE
8
BLACK
6
CONTINUOUS
10
4.93065
20
-3.30665
11
4.89915
21
-3.30665
0
LINE
8
BLACK
6
CONTINUOUS
10
4.89915
20
-3.30665
11
4.89698
21
-3.30645
0
LINE
8
BLACK
6
CONTINUOUS
10
4.89698
20
-3.30645
11
4.89294
21
-3.30488
0
LINE
8
BLACK
6
CONTINUOUS
10
4.89294
20
-3.30488
11
4.88973
21
-3.30196
0
LINE
8
BLACK
6
CONTINUOUS
10
4.88973
20
-3.30196
11
4.88779
21
-3.29807
0
LINE
8
BLACK
6
CONTINUOUS
10
4.88779
20
-3.29807
11
4.88739
21
-3.29375
0
LINE
8
BLACK
6
CONTINUOUS
10
4.88739
20
-3.29375
11
4.88858
21
-3.28958
0
LINE
8
BLACK
6
CONTINUOUS
10
4.88858
20
-3.28958
11
4.8912
21
-3.28611
0
LINE
8
BLACK
6
CONTINUOUS
10
4.8912
20
-3.28611
11
4.89489
21
-3.28383
0
LINE
8
BLACK
6
CONTINUOUS
10
4.89489
20
-3.28383
11
4.89915
21
-3.28303
0
LINE
8
BLACK
6
CONTINUOUS
10
4.89915
20
-3.28303
11
4.93065
21
-3.28303
0
LINE
8
BLACK
6
CONTINUOUS
10
4.93065
20
-3.28303
11
4.93282
21
-3.28323
0
LINE
8
BLACK
6
CONTINUOUS
10
5.10329
20
-3.62339
11
5.10734
21
-3.62496
0
LINE
8
BLACK
6
CONTINUOUS
10
5.10734
20
-3.62496
11
5.11055
21
-3.62788
0
LINE
8
BLACK
6
CONTINUOUS
10
5.11055
20
-3.62788
11
5.11248
21
-3.63177
0
LINE
8
BLACK
6
CONTINUOUS
10
5.11248
20
-3.63177
11
5.11288
21
-3.63609
0
LINE
8
BLACK
6
CONTINUOUS
10
5.11288
20
-3.63609
11
5.11169
21
-3.64026
0
LINE
8
BLACK
6
CONTINUOUS
10
5.11169
20
-3.64026
11
5.10908
21
-3.64373
0
LINE
8
BLACK
6
CONTINUOUS
10
5.10908
20
-3.64373
11
5.10539
21
-3.64601
0
LINE
8
BLACK
6
CONTINUOUS
10
5.10539
20
-3.64601
11
5.10112
21
-3.64681
0
LINE
8
BLACK
6
CONTINUOUS
10
5.10112
20
-3.64681
11
5.05781
21
-3.64681
0
LINE
8
BLACK
6
CONTINUOUS
10
5.05781
20
-3.64681
11
5.05564
21
-3.64661
0
LINE
8
BLACK
6
CONTINUOUS
10
5.05564
20
-3.64661
11
5.0516
21
-3.64504
0
LINE
8
BLACK
6
CONTINUOUS
10
5.0516
20
-3.64504
11
5.04839
21
-3.64212
0
LINE
8
BLACK
6
CONTINUOUS
10
5.04839
20
-3.64212
11
5.04645
21
-3.63823
0
LINE
8
BLACK
6
CONTINUOUS
10
5.04645
20
-3.63823
11
5.04605
21
-3.63391
0
LINE
8
BLACK
6
CONTINUOUS
10
5.04605
20
-3.63391
11
5.04724
21
-3.62974
0
LINE
8
BLACK
6
CONTINUOUS
10
5.04724
20
-3.62974
11
5.04986
21
-3.62627
0
LINE
8
BLACK
6
CONTINUOUS
10
5.04986
20
-3.62627
11
5.05355
21
-3.62399
0
LINE
8
BLACK
6
CONTINUOUS
10
5.05355
20
-3.62399
11
5.05781
21
-3.62319
0
LINE
8
BLACK
6
CONTINUOUS
10
5.05781
20
-3.62319
11
5.10112
21
-3.62319
0
LINE
8
BLACK
6
CONTINUOUS
10
5.10112
20
-3.62319
11
5.10329
21
-3.62339
0
LINE
8
BLACK
6
CONTINUOUS
10
5.10329
20
-3.28323
11
5.10734
21
-3.2848
0
LINE
8
BLACK
6
CONTINUOUS
10
5.10734
20
-3.2848
11
5.11055
21
-3.28772
0
LINE
8
BLACK
6
CONTINUOUS
10
5.11055
20
-3.28772
11
5.11248
21
-3.29161
0
LINE
8
BLACK
6
CONTINUOUS
10
5.11248
20
-3.29161
11
5.11288
21
-3.29593
0
LINE
8
BLACK
6
CONTINUOUS
10
5.11288
20
-3.29593
11
5.11169
21
-3.30011
0
LINE
8
BLACK
6
CONTINUOUS
10
5.11169
20
-3.30011
11
5.10908
21
-3.30357
0
LINE
8
BLACK
6
CONTINUOUS
10
5.10908
20
-3.30357
11
5.10539
21
-3.30586
0
LINE
8
BLACK
6
CONTINUOUS
10
5.10539
20
-3.30586
11
5.10112
21
-3.30665
0
LINE
8
BLACK
6
CONTINUOUS
10
5.10112
20
-3.30665
11
5.05781
21
-3.30665
0
LINE
8
BLACK
6
CONTINUOUS
10
5.05781
20
-3.30665
11
5.05564
21
-3.30645
0
LINE
8
BLACK
6
CONTINUOUS
10
5.05564
20
-3.30645
11
5.0516
21
-3.30488
0
LINE
8
BLACK
6
CONTINUOUS
10
5.0516
20
-3.30488
11
5.04839
21
-3.30196
0
LINE
8
BLACK
6
CONTINUOUS
10
5.04839
20
-3.30196
11
5.04645
21
-3.29807
0
LINE
8
BLACK
6
CONTINUOUS
10
5.04645
20
-3.29807
11
5.04605
21
-3.29375
0
LINE
8
BLACK
6
CONTINUOUS
10
5.04605
20
-3.29375
11
5.04724
21
-3.28958
0
LINE
8
BLACK
6
CONTINUOUS
10
5.04724
20
-3.28958
11
5.04986
21
-3.28611
0
LINE
8
BLACK
6
CONTINUOUS
10
5.04986
20
-3.28611
11
5.05355
21
-3.28383
0
LINE
8
BLACK
6
CONTINUOUS
10
5.05355
20
-3.28383
11
5.05781
21
-3.28303
0
LINE
8
BLACK
6
CONTINUOUS
10
5.05781
20
-3.28303
11
5.10112
21
-3.28303
0
LINE
8
BLACK
6
CONTINUOUS
10
5.10112
20
-3.28303
11
5.10329
21
-3.28323
0
CIRCLE
8
BLACK
10
6.63616
20
-3.76992
40
0.00688976
0
CIRCLE
8
BLACK
10
6.63616
20
-3.63492
40
0.00688976
0
CIRCLE
8
BLACK
10
6.63616
20
-3.49992
40
0.00688976
0
CIRCLE
8
BLACK
10
6.63616
20
-3.36307
40
0.00688976
0
CIRCLE
8
BLACK
10
4.96864
20
-3.73992
40
0.00688976
0
CIRCLE
8
BLACK
10
5.5899
20
-3.73992
40
0.00787402
0
CIRCLE
8
BLACK
10
6.4149
20
-2.96492
40
0.00787402
0
CIRCLE
8
BLACK
10
6.2489
20
-4.08492
40
0.00787402
0
CIRCLE
8
BLACK
10
5.2649
20
-4.36492
40
0.00787402
0
CIRCLE
8
BLACK
10
5.53237
20
-4.2253
40
0.00787402
0
CIRCLE
8
BLACK
10
4.9649
20
-3.36492
40
0.00787402
0
CIRCLE
8
BLACK
10
4.9649
20
-3.56492
40
0.00787402
0
CIRCLE
8
BLACK
10
6.1309
20
-3.92092
40
0.00787402
0
CIRCLE
8
BLACK
10
6.17624
20
-4.41492
40
0.00590551
0
CIRCLE
8
BLACK
10
6.0399
20
-3.33992
40
0.00787402
0
CIRCLE
8
BLACK
10
6.5799
20
-3.30492
40
0.00393701
0
CIRCLE
8
BLACK
10
5.2149
20
-4.48992
40
0.00787402
0
CIRCLE
8
BLACK
10
6.21358
20
-4.41492
40
0.00590551
0
CIRCLE
8
BLACK
10
5.9389
20
-4.10892
40
0.00787402
0
CIRCLE
8
BLACK
10
6.4649
20
-4.21492
40
0.00787402
0
CIRCLE
8
BLACK
10
6.2869
20
-3.76092
40
0.00787402
0
CIRCLE
8
BLACK
10
6.1089
20
-4.30692
40
0.00590551
0
CIRCLE
8
BLACK
10
5.9989
20
-4.06892
40
0.00787402
0
CIRCLE
8
BLACK
10
5.1899
20
-2.91492
40
0.00787402
0
CIRCLE
8
BLACK
10
5.7189
20
-4.29292
40
0.00590551
0
CIRCLE
8
BLACK
10
5.4649
20
-3.88992
40
0.00787402
0
CIRCLE
8
BLACK
10
6.02689
20
-4.41492
40
0.00590551
0
CIRCLE
8
BLACK
10
6.0749
20
-3.86492
40
0.00787402
0
CIRCLE
8
BLACK
10
5.9349
20
-4.06092
40
0.00787402
0
CIRCLE
8
BLACK
10
6.0629
20
-3.82292
40
0.00787402
0
CIRCLE
8
BLACK
10
5.8329
20
-4.37492
40
0.00590551
0
CIRCLE
8
BLACK
10
6.0649
20
-4.58992
40
0.00787402
0
CIRCLE
8
BLACK
10
5.7649
20
-3.11492
40
0.00787402
0
CIRCLE
8
BLACK
10
5.2649
20
-4.41492
40
0.00787402
0
CIRCLE
8
BLACK
10
6.0149
20
-3.98092
40
0.00787402
0
CIRCLE
8
BLACK
10
6.2149
20
-3.38992
40
0.00787402
0
CIRCLE
8
BLACK
10
5.63175
20
-3.74807
40
0.00787402
0
CIRCLE
8
BLACK
10
6.0449
20
-4.00892
40
0.00787402
0
CIRCLE
8
BLACK
10
6.1653
20
-4.31692
40
0.00590551
0
CIRCLE
8
BLACK
10
5.9899
20
-3.33992
40
0.00787402
0
CIRCLE
8
BLACK
10
5.2149
20
-4.53992
40
0.00787402
0
CIRCLE
8
BLACK
10
6.1289
20
-4.11492
40
0.00787402
0
CIRCLE
8
BLACK
10
5.8089
20
-4.21292
40
0.00787402
0
CIRCLE
8
BLACK
10
6.4149
20
-4.66492
40
0.00787402
0
CIRCLE
8
BLACK
10
5.9829
20
-3.95292
40
0.00787402
0
CIRCLE
8
BLACK
10
5.4149
20
-3.93992
40
0.00787402
0
CIRCLE
8
BLACK
10
6.2169
20
-3.76892
40
0.00787402
0
CIRCLE
8
BLACK
10
5.7629
20
-4.29692
40
0.00590551
0
CIRCLE
8
BLACK
10
6.2069
20
-4.01292
40
0.00787402
0
CIRCLE
8
BLACK
10
5.9669
20
-3.99092
40
0.00787402
0
CIRCLE
8
BLACK
10
5.9909
20
-4.41492
40
0.00590551
0
CIRCLE
8
BLACK
10
6.0409
20
-3.78692
40
0.00787402
0
CIRCLE
8
BLACK
10
5.4649
20
-4.01492
40
0.00787402
0
CIRCLE
8
BLACK
10
6.0769
20
-4.30092
40
0.00787402
0
CIRCLE
8
BLACK
10
6.2489
20
-4.04292
40
0.00787402
0
CIRCLE
8
BLACK
10
5.1649
20
-4.66492
40
0.00787402
0
CIRCLE
8
BLACK
10
6.0399
20
-3.38992
40
0.00787402
0
CIRCLE
8
BLACK
10
5.8929
20
-3.86892
40
0.00787402
0
CIRCLE
8
BLACK
10
5.8809
20
-4.10492
40
0.00787402
0
CIRCLE
8
BLACK
10
6.1609
20
-4.17692
40
0.00590551
0
CIRCLE
8
BLACK
10
6.1029
20
-3.89292
40
0.00787402
0
CIRCLE
8
BLACK
10
5.5149
20
-3.93992
40
0.00787402
0
CIRCLE
8
BLACK
10
5.9899
20
-3.38992
40
0.00787402
0
CIRCLE
8
BLACK
10
5.1899
20
-2.96492
40
0.00787402
0
CIRCLE
8
BLACK
10
5.1649
20
-4.76492
40
0.00787402
0
CIRCLE
8
BLACK
10
6.5349
20
-3.30492
40
0.00393701
0
CIRCLE
8
BLACK
10
5.7909
20
-4.37492
40
0.00590551
0
CIRCLE
8
BLACK
10
6.4649
20
-2.96492
40
0.00787402
0
CIRCLE
8
BLACK
10
5.1649
20
-4.71492
40
0.00787402
0
CIRCLE
8
BLACK
10
6.2269
20
-4.20292
40
0.00787402
0
CIRCLE
8
BLACK
10
5.1649
20
-4.81492
40
0.00787402
0
CIRCLE
8
BLACK
10
6.2149
20
-3.33992
40
0.00787402
0
CIRCLE
8
BLACK
10
5.8609
20
-4.29492
40
0.00590551
0
CIRCLE
8
BLACK
10
6.2949
20
-4.02992
40
0.00787402
0
CIRCLE
8
BLACK
10
5.3399
20
-4.41492
40
0.00787402
0
CIRCLE
8
BLACK
10
6.3189
20
-4.16492
40
0.00787402
0
CIRCLE
8
BLACK
10
6.0299
20
-3.25492
40
0.00787402
0
CIRCLE
8
BLACK
10
5.9229
20
-3.79092
40
0.00787402
0
CIRCLE
8
BLACK
10
5.8849
20
-4.67492
40
0.00787402
0
CIRCLE
8
BLACK
10
5.9399
20
-3.38992
40
0.00787402
0
CIRCLE
8
BLACK
10
5.8969
20
-3.82292
40
0.00787402
0
CIRCLE
8
BLACK
10
5.9589
20
-3.77292
40
0.00787402
0
CIRCLE
8
BLACK
10
5.9399
20
-3.33992
40
0.00787402
0
CIRCLE
8
BLACK
10
5.9389
20
-4.01892
40
0.00787402
0
CIRCLE
8
BLACK
10
6.4399
20
-4.61492
40
0.00787402
0
CIRCLE
8
BLACK
10
6.2489
20
-4.12892
40
0.00787402
0
CIRCLE
8
BLACK
10
6.10156
20
-4.41492
40
0.00590551
0
CIRCLE
8
BLACK
10
6.06422
20
-4.41492
40
0.00590551
0
CIRCLE
8
BLACK
10
5.9049
20
-3.91292
40
0.00787402
0
CIRCLE
8
BLACK
10
4.9649
20
-3.41492
40
0.00787402
0
CIRCLE
8
BLACK
10
6.16683
20
-4.35846
40
0.00393701
0
CIRCLE
8
BLACK
10
6.4399
20
-4.13992
40
0.00787402
0
CIRCLE
8
BLACK
10
5.9399
20
-3.11492
40
0.00787402
0
CIRCLE
8
BLACK
10
6.3699
20
-3.39992
40
0.00393701
0
CIRCLE
8
BLACK
10
6.1269
20
-4.07092
40
0.00787402
0
CIRCLE
8
BLACK
10
5.9949
20
-4.30092
40
0.00787402
0
CIRCLE
8
BLACK
10
5.8329
20
-4.42692
40
0.00787402
0
CIRCLE
8
BLACK
10
4.9649
20
-3.46492
40
0.00787402
0
CIRCLE
8
BLACK
10
5.2899
20
-4.06492
40
0.00787402
0
CIRCLE
8
BLACK
10
5.7909
20
-4.32492
40
0.00590551
0
CIRCLE
8
BLACK
10
5.7649
20
-3.06492
40
0.00787402
0
CIRCLE
8
BLACK
10
6.0009
20
-4.15292
40
0.00787402
0
CIRCLE
8
BLACK
10
6.1269
20
-3.79492
40
0.00787402
0
CIRCLE
8
BLACK
10
4.9649
20
-3.51492
40
0.00787402
0
CIRCLE
8
BLACK
10
5.2649
20
-4.53992
40
0.00787402
0
CIRCLE
8
BLACK
10
6.2249
20
-3.91492
40
0.00787402
0
CIRCLE
8
BLACK
10
5.8949
20
-3.99092
40
0.00787402
0
CIRCLE
8
BLACK
10
5.9049
20
-4.28492
40
0.00787402
0
CIRCLE
8
BLACK
10
6.0359
20
-4.30092
40
0.00787402
0
CIRCLE
8
BLACK
10
6.3249
20
-4.06492
40
0.00787402
0
CIRCLE
8
BLACK
10
5.2149
20
-4.21492
40
0.00787402
0
CIRCLE
8
BLACK
10
5.3399
20
-4.36492
40
0.00787402
0
CIRCLE
8
BLACK
10
6.2649
20
-3.38992
40
0.00787402
0
CIRCLE
8
BLACK
10
5.7869
20
-4.42892
40
0.00787402
0
CIRCLE
8
BLACK
10
5.2649
20
-4.48992
40
0.00787402
0
CIRCLE
8
BLACK
10
6.7649
20
-4.31492
40
0.00787402
0
CIRCLE
8
BLACK
10
6.2649
20
-3.33992
40
0.00787402
0
CIRCLE
8
BLACK
10
5.9449
20
-4.16692
40
0.00787402
0
CIRCLE
8
BLACK
10
5.9509
20
-4.29092
40
0.00787402
0
CIRCLE
8
BLACK
10
5.6709
20
-4.23292
40
0.00787402
0
CIRCLE
8
BLACK
10
6.1329
20
-4.15492
40
0.00590551
0
CIRCLE
8
BLACK
10
5.6649
20
-4.30492
40
0.00590551
0
CIRCLE
8
BLACK
10
5.9399
20
-3.28992
40
0.00787402
0
CIRCLE
8
BLACK
10
6.1389
20
-4.41492
40
0.00590551
0
CIRCLE
8
BLACK
10
6.2529
20
-4.17292
40
0.00787402
0
CIRCLE
8
BLACK
10
5.9389
20
-3.94292
40
0.00787402
0
CIRCLE
8
BLACK
10
6.0009
20
-3.77292
40
0.00787402
0
CIRCLE
8
BLACK
10
5.8649
20
-3.06492
40
0.00787402
0
CIRCLE
8
BLACK
10
5.8309
20
-4.32292
40
0.00590551
0
CIRCLE
8
BLACK
10
5.9293
20
-3.5652
40
0.00787402
0
CIRCLE
8
BLACK
10
5.0649
20
-3.93992
40
0.00787402
0
CIRCLE
8
BLACK
10
5.7849
20
-3.47492
40
0.00787402
0
CIRCLE
8
BLACK
10
5.7849
20
-3.17492
40
0.00787402
0
CIRCLE
8
BLACK
10
5.7949
20
-4.12492
40
0.00787402
0
CIRCLE
8
BLACK
10
6.2149
20
-2.97492
40
0.00787402
0
CIRCLE
8
BLACK
10
6.76821
20
-3.48823
40
0.00590551
0
CIRCLE
8
BLACK
10
5.9749
20
-4.68492
40
0.00787402
0
CIRCLE
8
BLACK
10
5.2049
20
-3.10992
40
0.00590551
0
CIRCLE
8
BLACK
10
6.6349
20
-4.31492
40
0.00787402
0
CIRCLE
8
BLACK
10
6.3474
20
-3.10742
40
0.00590551
0
CIRCLE
8
BLACK
10
5.39074
20
-4.51676
40
0.00787402
0
CIRCLE
8
BLACK
10
6.24528
20
-3.16954
40
0.00787402
0
CIRCLE
8
BLACK
10
6.0649
20
-3.16992
40
0.00787402
0
CIRCLE
8
BLACK
10
6.2849
20
-3.70492
40
0.00787402
0
CIRCLE
8
BLACK
10
5.4949
20
-4.30492
40
0.00787402
0
CIRCLE
8
BLACK
10
5.0549
20
-4.35492
40
0.00787402
0
CIRCLE
8
BLACK
10
6.3349
20
-3.83492
40
0.00787402
0
CIRCLE
8
BLACK
10
6.1649
20
-3.13646
40
0.00787402
0
CIRCLE
8
BLACK
10
6.40644
20
-4.10551
40
0.00787402
0
CIRCLE
8
BLACK
10
5.3699
20
-4.58492
40
0.00787402
0
CIRCLE
8
BLACK
10
6.31215
20
-4.52271
40
0.00787402
0
CIRCLE
8
BLACK
10
5.46144
20
-4.26599
40
0.00787402
0
CIRCLE
8
BLACK
10
6.25191
20
-3.57193
40
0.00787402
0
CIRCLE
8
BLACK
10
5.0499
20
-4.29992
40
0.00787402
0
CIRCLE
8
BLACK
10
5.3909
20
-4.46492
40
0.00787402
0
CIRCLE
8
BLACK
10
6.1149
20
-3.28992
40
0.00787402
0
CIRCLE
8
BLACK
10
5.5699
20
-4.58492
40
0.00787402
0
CIRCLE
8
BLACK
10
6.2149
20
-4.58492
40
0.00787402
0
CIRCLE
8
BLACK
10
4.8829
20
-4.10492
40
0.00787402
0
CIRCLE
8
BLACK
10
5.66683
20
-4.58532
40
0.00787402
0
CIRCLE
8
BLACK
10
5.6449
20
-3.23492
40
0.00787402
0
CIRCLE
8
BLACK
10
5.27144
20
-3.26434
40
0.00787402
0
CIRCLE
8
BLACK
10
5.7249
20
-4.58492
40
0.00787402
0
CIRCLE
8
BLACK
10
5.2699
20
-3.71992
40
0.00787402
0
CIRCLE
8
BLACK
10
4.8809
20
-4.02492
40
0.00787402
0
CIRCLE
8
BLACK
10
4.8799
20
-4.26492
40
0.00787402
0
CIRCLE
8
BLACK
10
5.4749
20
-3.25941
40
0.00787402
0
CIRCLE
8
BLACK
10
4.8849
20
-4.18492
40
0.00787402
0
CIRCLE
8
BLACK
10
5.5549
20
-3.24492
40
0.00787402
0
CIRCLE
8
BLACK
10
5.3399
20
-3.16492
40
0.00787402
0
CIRCLE
8
BLACK
10
5.7499
20
-3.61492
40
0.00787402
0
CIRCLE
8
BLACK
10
5.78015
20
-3.58972
40
0.00787402
0
CIRCLE
8
BLACK
10
5.3949
20
-3.16492
40
0.00787402
0
CIRCLE
8
BLACK
10
5.4599
20
-3.71992
40
0.00787402
0
CIRCLE
8
BLACK
10
4.8849
20
-4.34492
40
0.00787402
0
CIRCLE
8
BLACK
10
5.4549
20
-3.16492
40
0.00787402
0
CIRCLE
8
BLACK
10
5.2749
20
-3.11492
40
0.00787402
0
CIRCLE
8
BLACK
10
5.58872
20
-3.15374
40
0.00787402
0
CIRCLE
8
BLACK
10
5.53774
20
-3.58819
40
0.00787402
0
CIRCLE
8
BLACK
10
5.76206
20
-3.87708
40
0.00787402
0
CIRCLE
8
BLACK
10
5.8049
20
-3.86992
40
0.00787402
0
CIRCLE
8
BLACK
10
5.53774
20
-3.54685
40
0.00787402
0
CIRCLE
8
BLACK
10
5.41824
20
-4.59158
40
0.00787402
0
CIRCLE
8
BLACK
10
6.0149
20
-3.14992
40
0.00787402
0
CIRCLE
8
BLACK
10
5.1849
20
-3.36492
40
0.00787402
0
CIRCLE
8
BLACK
10
5.16439
20
-3.55941
40
0.00787402
0
CIRCLE
8
BLACK
10
5.32746
20
-3.55992
40
0.00787402
0
CIRCLE
8
BLACK
10
5.31254
20
-3.39209
40
0.00787402
0
CIRCLE
8
BLACK
10
5.22435
20
-3.27634
40
0.00787402
  0
ENDSEC
  0
EOF
