  0
SECTION
  2
HEADER
  9
$ANGBASE
  50
0.0
  9
$ANGDIR
  70
1
  9
$MEASUREMENT
  70
0
  0
ENDSEC
  0
SECTION
  2
TABLES
  0
TABLE
  2
LTYPE
  70
4
  0
LTYPE
  5
40F
  2
CONTINUOUS
  70
0
  3
Solid line
  72
65
  73
0
  40
0.0
  0
LTYPE
  5
410
  2
DASHDOT
 70
0
  3
Dash Dot ____ _ ____ _
 72
65
 73
4
 40
2.0
 49
1.25
 49
-0.25
 49
0.25
 49
-0.25
  0
LTYPE
  5
411
  2
DASHED
 70
0
  3
Dashed __ __ __ __ __
 72
65
 73
2
 40
0.75
 49
0.5
 49
-0.25
  0
LTYPE
  5
43B
  2
DOTTED
 70
0
  3
Dotted .  .  .  .
 72
65
 73
2
 40
0.2
 49
0.0
 49
-0.2
  0
ENDTAB
  0
TABLE
  2
STYLE
  70
4
  0
STYLE
  2
KICAD
  70
0
  40
0
  41
1
  42
1
  50
0
  71
0
  3
isocp.shx
  0
STYLE
  2
KICADB
  70
0
  40
0
  41
1
  42
1
  50
0
  71
0
  3
isocp.shx
  0
STYLE
  2
KICADI
  70
0
  40
0
  41
1
  42
1
  50
15
  71
0
  3
isocp.shx
  0
STYLE
  2
KICADBI
  70
0
  40
0
  41
1
  42
1
  50
15
  71
0
  3
isocp.shx
  0
ENDTAB
  0
TABLE
  2
LAYER
  70
1
  0
LAYER
  2
BLACK
  70
0
  62
7
  6
CONTINUOUS
  0
ENDTAB
  0
ENDSEC
  0
SECTION
  2
ENTITIES
0
LINE
8
BLACK
6
CONTINUOUS
10
5.97977
20
-4.66994
11
5.98416
21
-4.67218
0
LINE
8
BLACK
6
CONTINUOUS
10
5.98416
20
-4.67218
11
5.98764
21
-4.67566
0
LINE
8
BLACK
6
CONTINUOUS
10
5.98764
20
-4.67566
11
5.98988
21
-4.68005
0
LINE
8
BLACK
6
CONTINUOUS
10
5.98988
20
-4.68005
11
5.99065
21
-4.68492
0
LINE
8
BLACK
6
CONTINUOUS
10
5.99065
20
-4.68492
11
5.98988
21
-4.68979
0
LINE
8
BLACK
6
CONTINUOUS
10
5.98988
20
-4.68979
11
5.98764
21
-4.69418
0
LINE
8
BLACK
6
CONTINUOUS
10
5.98764
20
-4.69418
11
5.98416
21
-4.69766
0
LINE
8
BLACK
6
CONTINUOUS
10
5.98416
20
-4.69766
11
5.97977
21
-4.6999
0
LINE
8
BLACK
6
CONTINUOUS
10
5.97977
20
-4.6999
11
5.9749
21
-4.70067
0
LINE
8
BLACK
6
CONTINUOUS
10
5.9749
20
-4.70067
11
5.97004
21
-4.6999
0
LINE
8
BLACK
6
CONTINUOUS
10
5.97004
20
-4.6999
11
5.96565
21
-4.69766
0
LINE
8
BLACK
6
CONTINUOUS
10
5.96565
20
-4.69766
11
5.96216
21
-4.69418
0
LINE
8
BLACK
6
CONTINUOUS
10
5.96216
20
-4.69418
11
5.95992
21
-4.68979
0
LINE
8
BLACK
6
CONTINUOUS
10
5.95992
20
-4.68979
11
5.95915
21
-4.68492
0
LINE
8
BLACK
6
CONTINUOUS
10
5.95915
20
-4.68492
11
5.95992
21
-4.68005
0
LINE
8
BLACK
6
CONTINUOUS
10
5.95992
20
-4.68005
11
5.96216
21
-4.67566
0
LINE
8
BLACK
6
CONTINUOUS
10
5.96216
20
-4.67566
11
5.96565
21
-4.67218
0
LINE
8
BLACK
6
CONTINUOUS
10
5.96565
20
-4.67218
11
5.97004
21
-4.66994
0
LINE
8
BLACK
6
CONTINUOUS
10
5.97004
20
-4.66994
11
5.9749
21
-4.66917
0
LINE
8
BLACK
6
CONTINUOUS
10
5.9749
20
-4.66917
11
5.97977
21
-4.66994
0
LINE
8
BLACK
6
CONTINUOUS
10
5.4231
20
-4.57661
11
5.42749
21
-4.57884
0
LINE
8
BLACK
6
CONTINUOUS
10
5.42749
20
-4.57884
11
5.43098
21
-4.58233
0
LINE
8
BLACK
6
CONTINUOUS
10
5.43098
20
-4.58233
11
5.43322
21
-4.58672
0
LINE
8
BLACK
6
CONTINUOUS
10
5.43322
20
-4.58672
11
5.43399
21
-4.59158
0
LINE
8
BLACK
6
CONTINUOUS
10
5.43399
20
-4.59158
11
5.43322
21
-4.59645
0
LINE
8
BLACK
6
CONTINUOUS
10
5.43322
20
-4.59645
11
5.43098
21
-4.60084
0
LINE
8
BLACK
6
CONTINUOUS
10
5.43098
20
-4.60084
11
5.42749
21
-4.60432
0
LINE
8
BLACK
6
CONTINUOUS
10
5.42749
20
-4.60432
11
5.4231
21
-4.60656
0
LINE
8
BLACK
6
CONTINUOUS
10
5.4231
20
-4.60656
11
5.41824
21
-4.60733
0
LINE
8
BLACK
6
CONTINUOUS
10
5.41824
20
-4.60733
11
5.41337
21
-4.60656
0
LINE
8
BLACK
6
CONTINUOUS
10
5.41337
20
-4.60656
11
5.40898
21
-4.60432
0
LINE
8
BLACK
6
CONTINUOUS
10
5.40898
20
-4.60432
11
5.4055
21
-4.60084
0
LINE
8
BLACK
6
CONTINUOUS
10
5.4055
20
-4.60084
11
5.40326
21
-4.59645
0
LINE
8
BLACK
6
CONTINUOUS
10
5.40326
20
-4.59645
11
5.40249
21
-4.59158
0
LINE
8
BLACK
6
CONTINUOUS
10
5.40249
20
-4.59158
11
5.40326
21
-4.58672
0
LINE
8
BLACK
6
CONTINUOUS
10
5.40326
20
-4.58672
11
5.4055
21
-4.58233
0
LINE
8
BLACK
6
CONTINUOUS
10
5.4055
20
-4.58233
11
5.40898
21
-4.57884
0
LINE
8
BLACK
6
CONTINUOUS
10
5.40898
20
-4.57884
11
5.41337
21
-4.57661
0
LINE
8
BLACK
6
CONTINUOUS
10
5.41337
20
-4.57661
11
5.41824
21
-4.57584
0
LINE
8
BLACK
6
CONTINUOUS
10
5.41824
20
-4.57584
11
5.4231
21
-4.57661
0
LINE
8
BLACK
6
CONTINUOUS
10
5.37477
20
-4.56994
11
5.37916
21
-4.57218
0
LINE
8
BLACK
6
CONTINUOUS
10
5.37916
20
-4.57218
11
5.38264
21
-4.57566
0
LINE
8
BLACK
6
CONTINUOUS
10
5.38264
20
-4.57566
11
5.38488
21
-4.58005
0
LINE
8
BLACK
6
CONTINUOUS
10
5.38488
20
-4.58005
11
5.38565
21
-4.58492
0
LINE
8
BLACK
6
CONTINUOUS
10
5.38565
20
-4.58492
11
5.38488
21
-4.58979
0
LINE
8
BLACK
6
CONTINUOUS
10
5.38488
20
-4.58979
11
5.38264
21
-4.59418
0
LINE
8
BLACK
6
CONTINUOUS
10
5.38264
20
-4.59418
11
5.37916
21
-4.59766
0
LINE
8
BLACK
6
CONTINUOUS
10
5.37916
20
-4.59766
11
5.37477
21
-4.5999
0
LINE
8
BLACK
6
CONTINUOUS
10
5.37477
20
-4.5999
11
5.3699
21
-4.60067
0
LINE
8
BLACK
6
CONTINUOUS
10
5.3699
20
-4.60067
11
5.36504
21
-4.5999
0
LINE
8
BLACK
6
CONTINUOUS
10
5.36504
20
-4.5999
11
5.36065
21
-4.59766
0
LINE
8
BLACK
6
CONTINUOUS
10
5.36065
20
-4.59766
11
5.35716
21
-4.59418
0
LINE
8
BLACK
6
CONTINUOUS
10
5.35716
20
-4.59418
11
5.35492
21
-4.58979
0
LINE
8
BLACK
6
CONTINUOUS
10
5.35492
20
-4.58979
11
5.35415
21
-4.58492
0
LINE
8
BLACK
6
CONTINUOUS
10
5.35415
20
-4.58492
11
5.35492
21
-4.58005
0
LINE
8
BLACK
6
CONTINUOUS
10
5.35492
20
-4.58005
11
5.35716
21
-4.57566
0
LINE
8
BLACK
6
CONTINUOUS
10
5.35716
20
-4.57566
11
5.36065
21
-4.57218
0
LINE
8
BLACK
6
CONTINUOUS
10
5.36065
20
-4.57218
11
5.36504
21
-4.56994
0
LINE
8
BLACK
6
CONTINUOUS
10
5.36504
20
-4.56994
11
5.3699
21
-4.56917
0
LINE
8
BLACK
6
CONTINUOUS
10
5.3699
20
-4.56917
11
5.37477
21
-4.56994
0
LINE
8
BLACK
6
CONTINUOUS
10
6.21977
20
-4.56994
11
6.22416
21
-4.57218
0
LINE
8
BLACK
6
CONTINUOUS
10
6.22416
20
-4.57218
11
6.22764
21
-4.57566
0
LINE
8
BLACK
6
CONTINUOUS
10
6.22764
20
-4.57566
11
6.22988
21
-4.58005
0
LINE
8
BLACK
6
CONTINUOUS
10
6.22988
20
-4.58005
11
6.23065
21
-4.58492
0
LINE
8
BLACK
6
CONTINUOUS
10
6.23065
20
-4.58492
11
6.22988
21
-4.58979
0
LINE
8
BLACK
6
CONTINUOUS
10
6.22988
20
-4.58979
11
6.22764
21
-4.59418
0
LINE
8
BLACK
6
CONTINUOUS
10
6.22764
20
-4.59418
11
6.22416
21
-4.59766
0
LINE
8
BLACK
6
CONTINUOUS
10
6.22416
20
-4.59766
11
6.21977
21
-4.5999
0
LINE
8
BLACK
6
CONTINUOUS
10
6.21977
20
-4.5999
11
6.2149
21
-4.60067
0
LINE
8
BLACK
6
CONTINUOUS
10
6.2149
20
-4.60067
11
6.21004
21
-4.5999
0
LINE
8
BLACK
6
CONTINUOUS
10
6.21004
20
-4.5999
11
6.20565
21
-4.59766
0
LINE
8
BLACK
6
CONTINUOUS
10
6.20565
20
-4.59766
11
6.20216
21
-4.59418
0
LINE
8
BLACK
6
CONTINUOUS
10
6.20216
20
-4.59418
11
6.19992
21
-4.58979
0
LINE
8
BLACK
6
CONTINUOUS
10
6.19992
20
-4.58979
11
6.19915
21
-4.58492
0
LINE
8
BLACK
6
CONTINUOUS
10
6.19915
20
-4.58492
11
6.19992
21
-4.58005
0
LINE
8
BLACK
6
CONTINUOUS
10
6.19992
20
-4.58005
11
6.20216
21
-4.57566
0
LINE
8
BLACK
6
CONTINUOUS
10
6.20216
20
-4.57566
11
6.20565
21
-4.57218
0
LINE
8
BLACK
6
CONTINUOUS
10
6.20565
20
-4.57218
11
6.21004
21
-4.56994
0
LINE
8
BLACK
6
CONTINUOUS
10
6.21004
20
-4.56994
11
6.2149
21
-4.56917
0
LINE
8
BLACK
6
CONTINUOUS
10
6.2149
20
-4.56917
11
6.21977
21
-4.56994
0
LINE
8
BLACK
6
CONTINUOUS
10
5.6717
20
-4.57034
11
5.67609
21
-4.57258
0
LINE
8
BLACK
6
CONTINUOUS
10
5.67609
20
-4.57258
11
5.67957
21
-4.57606
0
LINE
8
BLACK
6
CONTINUOUS
10
5.67957
20
-4.57606
11
5.68181
21
-4.58045
0
LINE
8
BLACK
6
CONTINUOUS
10
5.68181
20
-4.58045
11
5.68258
21
-4.58532
0
LINE
8
BLACK
6
CONTINUOUS
10
5.68258
20
-4.58532
11
5.68181
21
-4.59018
0
LINE
8
BLACK
6
CONTINUOUS
10
5.68181
20
-4.59018
11
5.67957
21
-4.59457
0
LINE
8
BLACK
6
CONTINUOUS
10
5.67957
20
-4.59457
11
5.67609
21
-4.59806
0
LINE
8
BLACK
6
CONTINUOUS
10
5.67609
20
-4.59806
11
5.6717
21
-4.60029
0
LINE
8
BLACK
6
CONTINUOUS
10
5.6717
20
-4.60029
11
5.66683
21
-4.60106
0
LINE
8
BLACK
6
CONTINUOUS
10
5.66683
20
-4.60106
11
5.66197
21
-4.60029
0
LINE
8
BLACK
6
CONTINUOUS
10
5.66197
20
-4.60029
11
5.65758
21
-4.59806
0
LINE
8
BLACK
6
CONTINUOUS
10
5.65758
20
-4.59806
11
5.65409
21
-4.59457
0
LINE
8
BLACK
6
CONTINUOUS
10
5.65409
20
-4.59457
11
5.65186
21
-4.59018
0
LINE
8
BLACK
6
CONTINUOUS
10
5.65186
20
-4.59018
11
5.65108
21
-4.58532
0
LINE
8
BLACK
6
CONTINUOUS
10
5.65108
20
-4.58532
11
5.65186
21
-4.58045
0
LINE
8
BLACK
6
CONTINUOUS
10
5.65186
20
-4.58045
11
5.65409
21
-4.57606
0
LINE
8
BLACK
6
CONTINUOUS
10
5.65409
20
-4.57606
11
5.65758
21
-4.57258
0
LINE
8
BLACK
6
CONTINUOUS
10
5.65758
20
-4.57258
11
5.66197
21
-4.57034
0
LINE
8
BLACK
6
CONTINUOUS
10
5.66197
20
-4.57034
11
5.66683
21
-4.56957
0
LINE
8
BLACK
6
CONTINUOUS
10
5.66683
20
-4.56957
11
5.6717
21
-4.57034
0
LINE
8
BLACK
6
CONTINUOUS
10
5.57477
20
-4.56994
11
5.57916
21
-4.57218
0
LINE
8
BLACK
6
CONTINUOUS
10
5.57916
20
-4.57218
11
5.58264
21
-4.57566
0
LINE
8
BLACK
6
CONTINUOUS
10
5.58264
20
-4.57566
11
5.58488
21
-4.58005
0
LINE
8
BLACK
6
CONTINUOUS
10
5.58488
20
-4.58005
11
5.58565
21
-4.58492
0
LINE
8
BLACK
6
CONTINUOUS
10
5.58565
20
-4.58492
11
5.58488
21
-4.58979
0
LINE
8
BLACK
6
CONTINUOUS
10
5.58488
20
-4.58979
11
5.58264
21
-4.59418
0
LINE
8
BLACK
6
CONTINUOUS
10
5.58264
20
-4.59418
11
5.57916
21
-4.59766
0
LINE
8
BLACK
6
CONTINUOUS
10
5.57916
20
-4.59766
11
5.57477
21
-4.5999
0
LINE
8
BLACK
6
CONTINUOUS
10
5.57477
20
-4.5999
11
5.5699
21
-4.60067
0
LINE
8
BLACK
6
CONTINUOUS
10
5.5699
20
-4.60067
11
5.56504
21
-4.5999
0
LINE
8
BLACK
6
CONTINUOUS
10
5.56504
20
-4.5999
11
5.56065
21
-4.59766
0
LINE
8
BLACK
6
CONTINUOUS
10
5.56065
20
-4.59766
11
5.55716
21
-4.59418
0
LINE
8
BLACK
6
CONTINUOUS
10
5.55716
20
-4.59418
11
5.55492
21
-4.58979
0
LINE
8
BLACK
6
CONTINUOUS
10
5.55492
20
-4.58979
11
5.55415
21
-4.58492
0
LINE
8
BLACK
6
CONTINUOUS
10
5.55415
20
-4.58492
11
5.55492
21
-4.58005
0
LINE
8
BLACK
6
CONTINUOUS
10
5.55492
20
-4.58005
11
5.55716
21
-4.57566
0
LINE
8
BLACK
6
CONTINUOUS
10
5.55716
20
-4.57566
11
5.56065
21
-4.57218
0
LINE
8
BLACK
6
CONTINUOUS
10
5.56065
20
-4.57218
11
5.56504
21
-4.56994
0
LINE
8
BLACK
6
CONTINUOUS
10
5.56504
20
-4.56994
11
5.5699
21
-4.56917
0
LINE
8
BLACK
6
CONTINUOUS
10
5.5699
20
-4.56917
11
5.57477
21
-4.56994
0
LINE
8
BLACK
6
CONTINUOUS
10
5.72977
20
-4.56994
11
5.73416
21
-4.57218
0
LINE
8
BLACK
6
CONTINUOUS
10
5.73416
20
-4.57218
11
5.73764
21
-4.57566
0
LINE
8
BLACK
6
CONTINUOUS
10
5.73764
20
-4.57566
11
5.73988
21
-4.58005
0
LINE
8
BLACK
6
CONTINUOUS
10
5.73988
20
-4.58005
11
5.74065
21
-4.58492
0
LINE
8
BLACK
6
CONTINUOUS
10
5.74065
20
-4.58492
11
5.73988
21
-4.58979
0
LINE
8
BLACK
6
CONTINUOUS
10
5.73988
20
-4.58979
11
5.73764
21
-4.59418
0
LINE
8
BLACK
6
CONTINUOUS
10
5.73764
20
-4.59418
11
5.73416
21
-4.59766
0
LINE
8
BLACK
6
CONTINUOUS
10
5.73416
20
-4.59766
11
5.72977
21
-4.5999
0
LINE
8
BLACK
6
CONTINUOUS
10
5.72977
20
-4.5999
11
5.7249
21
-4.60067
0
LINE
8
BLACK
6
CONTINUOUS
10
5.7249
20
-4.60067
11
5.72004
21
-4.5999
0
LINE
8
BLACK
6
CONTINUOUS
10
5.72004
20
-4.5999
11
5.71565
21
-4.59766
0
LINE
8
BLACK
6
CONTINUOUS
10
5.71565
20
-4.59766
11
5.71216
21
-4.59418
0
LINE
8
BLACK
6
CONTINUOUS
10
5.71216
20
-4.59418
11
5.70992
21
-4.58979
0
LINE
8
BLACK
6
CONTINUOUS
10
5.70992
20
-4.58979
11
5.70915
21
-4.58492
0
LINE
8
BLACK
6
CONTINUOUS
10
5.70915
20
-4.58492
11
5.70992
21
-4.58005
0
LINE
8
BLACK
6
CONTINUOUS
10
5.70992
20
-4.58005
11
5.71216
21
-4.57566
0
LINE
8
BLACK
6
CONTINUOUS
10
5.71216
20
-4.57566
11
5.71565
21
-4.57218
0
LINE
8
BLACK
6
CONTINUOUS
10
5.71565
20
-4.57218
11
5.72004
21
-4.56994
0
LINE
8
BLACK
6
CONTINUOUS
10
5.72004
20
-4.56994
11
5.7249
21
-4.56917
0
LINE
8
BLACK
6
CONTINUOUS
10
5.7249
20
-4.56917
11
5.72977
21
-4.56994
0
LINE
8
BLACK
6
CONTINUOUS
10
6.31701
20
-4.50773
11
6.32141
21
-4.50997
0
LINE
8
BLACK
6
CONTINUOUS
10
6.32141
20
-4.50997
11
6.32489
21
-4.51345
0
LINE
8
BLACK
6
CONTINUOUS
10
6.32489
20
-4.51345
11
6.32713
21
-4.51784
0
LINE
8
BLACK
6
CONTINUOUS
10
6.32713
20
-4.51784
11
6.3279
21
-4.52271
0
LINE
8
BLACK
6
CONTINUOUS
10
6.3279
20
-4.52271
11
6.32713
21
-4.52758
0
LINE
8
BLACK
6
CONTINUOUS
10
6.32713
20
-4.52758
11
6.32489
21
-4.53197
0
LINE
8
BLACK
6
CONTINUOUS
10
6.32489
20
-4.53197
11
6.32141
21
-4.53545
0
LINE
8
BLACK
6
CONTINUOUS
10
6.32141
20
-4.53545
11
6.31701
21
-4.53769
0
LINE
8
BLACK
6
CONTINUOUS
10
6.31701
20
-4.53769
11
6.31215
21
-4.53846
0
LINE
8
BLACK
6
CONTINUOUS
10
6.31215
20
-4.53846
11
6.30728
21
-4.53769
0
LINE
8
BLACK
6
CONTINUOUS
10
6.30728
20
-4.53769
11
6.30289
21
-4.53545
0
LINE
8
BLACK
6
CONTINUOUS
10
6.30289
20
-4.53545
11
6.29941
21
-4.53197
0
LINE
8
BLACK
6
CONTINUOUS
10
6.29941
20
-4.53197
11
6.29717
21
-4.52758
0
LINE
8
BLACK
6
CONTINUOUS
10
6.29717
20
-4.52758
11
6.2964
21
-4.52271
0
LINE
8
BLACK
6
CONTINUOUS
10
6.2964
20
-4.52271
11
6.29717
21
-4.51784
0
LINE
8
BLACK
6
CONTINUOUS
10
6.29717
20
-4.51784
11
6.29941
21
-4.51345
0
LINE
8
BLACK
6
CONTINUOUS
10
6.29941
20
-4.51345
11
6.30289
21
-4.50997
0
LINE
8
BLACK
6
CONTINUOUS
10
6.30289
20
-4.50997
11
6.30728
21
-4.50773
0
LINE
8
BLACK
6
CONTINUOUS
10
6.30728
20
-4.50773
11
6.31215
21
-4.50696
0
LINE
8
BLACK
6
CONTINUOUS
10
6.31215
20
-4.50696
11
6.31701
21
-4.50773
0
LINE
8
BLACK
6
CONTINUOUS
10
5.3956
20
-4.50178
11
5.39999
21
-4.50402
0
LINE
8
BLACK
6
CONTINUOUS
10
5.39999
20
-4.50402
11
5.40348
21
-4.5075
0
LINE
8
BLACK
6
CONTINUOUS
10
5.40348
20
-4.5075
11
5.40572
21
-4.51189
0
LINE
8
BLACK
6
CONTINUOUS
10
5.40572
20
-4.51189
11
5.40649
21
-4.51676
0
LINE
8
BLACK
6
CONTINUOUS
10
5.40649
20
-4.51676
11
5.40572
21
-4.52162
0
LINE
8
BLACK
6
CONTINUOUS
10
5.40572
20
-4.52162
11
5.40348
21
-4.52601
0
LINE
8
BLACK
6
CONTINUOUS
10
5.40348
20
-4.52601
11
5.39999
21
-4.5295
0
LINE
8
BLACK
6
CONTINUOUS
10
5.39999
20
-4.5295
11
5.3956
21
-4.53174
0
LINE
8
BLACK
6
CONTINUOUS
10
5.3956
20
-4.53174
11
5.39074
21
-4.53251
0
LINE
8
BLACK
6
CONTINUOUS
10
5.39074
20
-4.53251
11
5.38587
21
-4.53174
0
LINE
8
BLACK
6
CONTINUOUS
10
5.38587
20
-4.53174
11
5.38148
21
-4.5295
0
LINE
8
BLACK
6
CONTINUOUS
10
5.38148
20
-4.5295
11
5.378
21
-4.52601
0
LINE
8
BLACK
6
CONTINUOUS
10
5.378
20
-4.52601
11
5.37576
21
-4.52162
0
LINE
8
BLACK
6
CONTINUOUS
10
5.37576
20
-4.52162
11
5.37499
21
-4.51676
0
LINE
8
BLACK
6
CONTINUOUS
10
5.37499
20
-4.51676
11
5.37576
21
-4.51189
0
LINE
8
BLACK
6
CONTINUOUS
10
5.37576
20
-4.51189
11
5.378
21
-4.5075
0
LINE
8
BLACK
6
CONTINUOUS
10
5.378
20
-4.5075
11
5.38148
21
-4.50402
0
LINE
8
BLACK
6
CONTINUOUS
10
5.38148
20
-4.50402
11
5.38587
21
-4.50178
0
LINE
8
BLACK
6
CONTINUOUS
10
5.38587
20
-4.50178
11
5.39074
21
-4.50101
0
LINE
8
BLACK
6
CONTINUOUS
10
5.39074
20
-4.50101
11
5.3956
21
-4.50178
0
LINE
8
BLACK
6
CONTINUOUS
10
5.39577
20
-4.44994
11
5.40016
21
-4.45218
0
LINE
8
BLACK
6
CONTINUOUS
10
5.40016
20
-4.45218
11
5.40364
21
-4.45566
0
LINE
8
BLACK
6
CONTINUOUS
10
5.40364
20
-4.45566
11
5.40588
21
-4.46005
0
LINE
8
BLACK
6
CONTINUOUS
10
5.40588
20
-4.46005
11
5.40665
21
-4.46492
0
LINE
8
BLACK
6
CONTINUOUS
10
5.40665
20
-4.46492
11
5.40588
21
-4.46979
0
LINE
8
BLACK
6
CONTINUOUS
10
5.40588
20
-4.46979
11
5.40364
21
-4.47418
0
LINE
8
BLACK
6
CONTINUOUS
10
5.40364
20
-4.47418
11
5.40016
21
-4.47766
0
LINE
8
BLACK
6
CONTINUOUS
10
5.40016
20
-4.47766
11
5.39577
21
-4.4799
0
LINE
8
BLACK
6
CONTINUOUS
10
5.39577
20
-4.4799
11
5.3909
21
-4.48067
0
LINE
8
BLACK
6
CONTINUOUS
10
5.3909
20
-4.48067
11
5.38604
21
-4.4799
0
LINE
8
BLACK
6
CONTINUOUS
10
5.38604
20
-4.4799
11
5.38165
21
-4.47766
0
LINE
8
BLACK
6
CONTINUOUS
10
5.38165
20
-4.47766
11
5.37816
21
-4.47418
0
LINE
8
BLACK
6
CONTINUOUS
10
5.37816
20
-4.47418
11
5.37592
21
-4.46979
0
LINE
8
BLACK
6
CONTINUOUS
10
5.37592
20
-4.46979
11
5.37515
21
-4.46492
0
LINE
8
BLACK
6
CONTINUOUS
10
5.37515
20
-4.46492
11
5.37592
21
-4.46005
0
LINE
8
BLACK
6
CONTINUOUS
10
5.37592
20
-4.46005
11
5.37816
21
-4.45566
0
LINE
8
BLACK
6
CONTINUOUS
10
5.37816
20
-4.45566
11
5.38165
21
-4.45218
0
LINE
8
BLACK
6
CONTINUOUS
10
5.38165
20
-4.45218
11
5.38604
21
-4.44994
0
LINE
8
BLACK
6
CONTINUOUS
10
5.38604
20
-4.44994
11
5.3909
21
-4.44917
0
LINE
8
BLACK
6
CONTINUOUS
10
5.3909
20
-4.44917
11
5.39577
21
-4.44994
0
LINE
8
BLACK
6
CONTINUOUS
10
5.05977
20
-4.33994
11
5.06416
21
-4.34218
0
LINE
8
BLACK
6
CONTINUOUS
10
5.06416
20
-4.34218
11
5.06764
21
-4.34566
0
LINE
8
BLACK
6
CONTINUOUS
10
5.06764
20
-4.34566
11
5.06988
21
-4.35005
0
LINE
8
BLACK
6
CONTINUOUS
10
5.06988
20
-4.35005
11
5.07065
21
-4.35492
0
LINE
8
BLACK
6
CONTINUOUS
10
5.07065
20
-4.35492
11
5.06988
21
-4.35979
0
LINE
8
BLACK
6
CONTINUOUS
10
5.06988
20
-4.35979
11
5.06764
21
-4.36418
0
LINE
8
BLACK
6
CONTINUOUS
10
5.06764
20
-4.36418
11
5.06416
21
-4.36766
0
LINE
8
BLACK
6
CONTINUOUS
10
5.06416
20
-4.36766
11
5.05977
21
-4.3699
0
LINE
8
BLACK
6
CONTINUOUS
10
5.05977
20
-4.3699
11
5.0549
21
-4.37067
0
LINE
8
BLACK
6
CONTINUOUS
10
5.0549
20
-4.37067
11
5.05004
21
-4.3699
0
LINE
8
BLACK
6
CONTINUOUS
10
5.05004
20
-4.3699
11
5.04565
21
-4.36766
0
LINE
8
BLACK
6
CONTINUOUS
10
5.04565
20
-4.36766
11
5.04216
21
-4.36418
0
LINE
8
BLACK
6
CONTINUOUS
10
5.04216
20
-4.36418
11
5.03992
21
-4.35979
0
LINE
8
BLACK
6
CONTINUOUS
10
5.03992
20
-4.35979
11
5.03915
21
-4.35492
0
LINE
8
BLACK
6
CONTINUOUS
10
5.03915
20
-4.35492
11
5.03992
21
-4.35005
0
LINE
8
BLACK
6
CONTINUOUS
10
5.03992
20
-4.35005
11
5.04216
21
-4.34566
0
LINE
8
BLACK
6
CONTINUOUS
10
5.04216
20
-4.34566
11
5.04565
21
-4.34218
0
LINE
8
BLACK
6
CONTINUOUS
10
5.04565
20
-4.34218
11
5.05004
21
-4.33994
0
LINE
8
BLACK
6
CONTINUOUS
10
5.05004
20
-4.33994
11
5.0549
21
-4.33917
0
LINE
8
BLACK
6
CONTINUOUS
10
5.0549
20
-4.33917
11
5.05977
21
-4.33994
0
LINE
8
BLACK
6
CONTINUOUS
10
4.88977
20
-4.32994
11
4.89416
21
-4.33218
0
LINE
8
BLACK
6
CONTINUOUS
10
4.89416
20
-4.33218
11
4.89764
21
-4.33566
0
LINE
8
BLACK
6
CONTINUOUS
10
4.89764
20
-4.33566
11
4.89988
21
-4.34005
0
LINE
8
BLACK
6
CONTINUOUS
10
4.89988
20
-4.34005
11
4.90065
21
-4.34492
0
LINE
8
BLACK
6
CONTINUOUS
10
4.90065
20
-4.34492
11
4.89988
21
-4.34979
0
LINE
8
BLACK
6
CONTINUOUS
10
4.89988
20
-4.34979
11
4.89764
21
-4.35418
0
LINE
8
BLACK
6
CONTINUOUS
10
4.89764
20
-4.35418
11
4.89416
21
-4.35766
0
LINE
8
BLACK
6
CONTINUOUS
10
4.89416
20
-4.35766
11
4.88977
21
-4.3599
0
LINE
8
BLACK
6
CONTINUOUS
10
4.88977
20
-4.3599
11
4.8849
21
-4.36067
0
LINE
8
BLACK
6
CONTINUOUS
10
4.8849
20
-4.36067
11
4.88004
21
-4.3599
0
LINE
8
BLACK
6
CONTINUOUS
10
4.88004
20
-4.3599
11
4.87565
21
-4.35766
0
LINE
8
BLACK
6
CONTINUOUS
10
4.87565
20
-4.35766
11
4.87216
21
-4.35418
0
LINE
8
BLACK
6
CONTINUOUS
10
4.87216
20
-4.35418
11
4.86992
21
-4.34979
0
LINE
8
BLACK
6
CONTINUOUS
10
4.86992
20
-4.34979
11
4.86915
21
-4.34492
0
LINE
8
BLACK
6
CONTINUOUS
10
4.86915
20
-4.34492
11
4.86992
21
-4.34005
0
LINE
8
BLACK
6
CONTINUOUS
10
4.86992
20
-4.34005
11
4.87216
21
-4.33566
0
LINE
8
BLACK
6
CONTINUOUS
10
4.87216
20
-4.33566
11
4.87565
21
-4.33218
0
LINE
8
BLACK
6
CONTINUOUS
10
4.87565
20
-4.33218
11
4.88004
21
-4.32994
0
LINE
8
BLACK
6
CONTINUOUS
10
4.88004
20
-4.32994
11
4.8849
21
-4.32917
0
LINE
8
BLACK
6
CONTINUOUS
10
4.8849
20
-4.32917
11
4.88977
21
-4.32994
0
LINE
8
BLACK
6
CONTINUOUS
10
6.63977
20
-4.29994
11
6.64416
21
-4.30218
0
LINE
8
BLACK
6
CONTINUOUS
10
6.64416
20
-4.30218
11
6.64764
21
-4.30566
0
LINE
8
BLACK
6
CONTINUOUS
10
6.64764
20
-4.30566
11
6.64988
21
-4.31005
0
LINE
8
BLACK
6
CONTINUOUS
10
6.64988
20
-4.31005
11
6.65065
21
-4.31492
0
LINE
8
BLACK
6
CONTINUOUS
10
6.65065
20
-4.31492
11
6.64988
21
-4.31979
0
LINE
8
BLACK
6
CONTINUOUS
10
6.64988
20
-4.31979
11
6.64764
21
-4.32418
0
LINE
8
BLACK
6
CONTINUOUS
10
6.64764
20
-4.32418
11
6.64416
21
-4.32766
0
LINE
8
BLACK
6
CONTINUOUS
10
6.64416
20
-4.32766
11
6.63977
21
-4.3299
0
LINE
8
BLACK
6
CONTINUOUS
10
6.63977
20
-4.3299
11
6.6349
21
-4.33067
0
LINE
8
BLACK
6
CONTINUOUS
10
6.6349
20
-4.33067
11
6.63004
21
-4.3299
0
LINE
8
BLACK
6
CONTINUOUS
10
6.63004
20
-4.3299
11
6.62565
21
-4.32766
0
LINE
8
BLACK
6
CONTINUOUS
10
6.62565
20
-4.32766
11
6.62216
21
-4.32418
0
LINE
8
BLACK
6
CONTINUOUS
10
6.62216
20
-4.32418
11
6.61992
21
-4.31979
0
LINE
8
BLACK
6
CONTINUOUS
10
6.61992
20
-4.31979
11
6.61915
21
-4.31492
0
LINE
8
BLACK
6
CONTINUOUS
10
6.61915
20
-4.31492
11
6.61992
21
-4.31005
0
LINE
8
BLACK
6
CONTINUOUS
10
6.61992
20
-4.31005
11
6.62216
21
-4.30566
0
LINE
8
BLACK
6
CONTINUOUS
10
6.62216
20
-4.30566
11
6.62565
21
-4.30218
0
LINE
8
BLACK
6
CONTINUOUS
10
6.62565
20
-4.30218
11
6.63004
21
-4.29994
0
LINE
8
BLACK
6
CONTINUOUS
10
6.63004
20
-4.29994
11
6.6349
21
-4.29917
0
LINE
8
BLACK
6
CONTINUOUS
10
6.6349
20
-4.29917
11
6.63977
21
-4.29994
0
LINE
8
BLACK
6
CONTINUOUS
10
5.49977
20
-4.28994
11
5.50416
21
-4.29218
0
LINE
8
BLACK
6
CONTINUOUS
10
5.50416
20
-4.29218
11
5.50764
21
-4.29566
0
LINE
8
BLACK
6
CONTINUOUS
10
5.50764
20
-4.29566
11
5.50988
21
-4.30005
0
LINE
8
BLACK
6
CONTINUOUS
10
5.50988
20
-4.30005
11
5.51065
21
-4.30492
0
LINE
8
BLACK
6
CONTINUOUS
10
5.51065
20
-4.30492
11
5.50988
21
-4.30979
0
LINE
8
BLACK
6
CONTINUOUS
10
5.50988
20
-4.30979
11
5.50764
21
-4.31418
0
LINE
8
BLACK
6
CONTINUOUS
10
5.50764
20
-4.31418
11
5.50416
21
-4.31766
0
LINE
8
BLACK
6
CONTINUOUS
10
5.50416
20
-4.31766
11
5.49977
21
-4.3199
0
LINE
8
BLACK
6
CONTINUOUS
10
5.49977
20
-4.3199
11
5.4949
21
-4.32067
0
LINE
8
BLACK
6
CONTINUOUS
10
5.4949
20
-4.32067
11
5.49004
21
-4.3199
0
LINE
8
BLACK
6
CONTINUOUS
10
5.49004
20
-4.3199
11
5.48565
21
-4.31766
0
LINE
8
BLACK
6
CONTINUOUS
10
5.48565
20
-4.31766
11
5.48216
21
-4.31418
0
LINE
8
BLACK
6
CONTINUOUS
10
5.48216
20
-4.31418
11
5.47992
21
-4.30979
0
LINE
8
BLACK
6
CONTINUOUS
10
5.47992
20
-4.30979
11
5.47915
21
-4.30492
0
LINE
8
BLACK
6
CONTINUOUS
10
5.47915
20
-4.30492
11
5.47992
21
-4.30005
0
LINE
8
BLACK
6
CONTINUOUS
10
5.47992
20
-4.30005
11
5.48216
21
-4.29566
0
LINE
8
BLACK
6
CONTINUOUS
10
5.48216
20
-4.29566
11
5.48565
21
-4.29218
0
LINE
8
BLACK
6
CONTINUOUS
10
5.48565
20
-4.29218
11
5.49004
21
-4.28994
0
LINE
8
BLACK
6
CONTINUOUS
10
5.49004
20
-4.28994
11
5.4949
21
-4.28917
0
LINE
8
BLACK
6
CONTINUOUS
10
5.4949
20
-4.28917
11
5.49977
21
-4.28994
0
LINE
8
BLACK
6
CONTINUOUS
10
5.4663
20
-4.25102
11
5.47069
21
-4.25325
0
LINE
8
BLACK
6
CONTINUOUS
10
5.47069
20
-4.25325
11
5.47418
21
-4.25674
0
LINE
8
BLACK
6
CONTINUOUS
10
5.47418
20
-4.25674
11
5.47641
21
-4.26113
0
LINE
8
BLACK
6
CONTINUOUS
10
5.47641
20
-4.26113
11
5.47718
21
-4.26599
0
LINE
8
BLACK
6
CONTINUOUS
10
5.47718
20
-4.26599
11
5.47641
21
-4.27086
0
LINE
8
BLACK
6
CONTINUOUS
10
5.47641
20
-4.27086
11
5.47418
21
-4.27525
0
LINE
8
BLACK
6
CONTINUOUS
10
5.47418
20
-4.27525
11
5.47069
21
-4.27873
0
LINE
8
BLACK
6
CONTINUOUS
10
5.47069
20
-4.27873
11
5.4663
21
-4.28097
0
LINE
8
BLACK
6
CONTINUOUS
10
5.4663
20
-4.28097
11
5.46144
21
-4.28174
0
LINE
8
BLACK
6
CONTINUOUS
10
5.46144
20
-4.28174
11
5.45657
21
-4.28097
0
LINE
8
BLACK
6
CONTINUOUS
10
5.45657
20
-4.28097
11
5.45218
21
-4.27873
0
LINE
8
BLACK
6
CONTINUOUS
10
5.45218
20
-4.27873
11
5.4487
21
-4.27525
0
LINE
8
BLACK
6
CONTINUOUS
10
5.4487
20
-4.27525
11
5.44646
21
-4.27086
0
LINE
8
BLACK
6
CONTINUOUS
10
5.44646
20
-4.27086
11
5.44569
21
-4.26599
0
LINE
8
BLACK
6
CONTINUOUS
10
5.44569
20
-4.26599
11
5.44646
21
-4.26113
0
LINE
8
BLACK
6
CONTINUOUS
10
5.44646
20
-4.26113
11
5.4487
21
-4.25674
0
LINE
8
BLACK
6
CONTINUOUS
10
5.4487
20
-4.25674
11
5.45218
21
-4.25325
0
LINE
8
BLACK
6
CONTINUOUS
10
5.45218
20
-4.25325
11
5.45657
21
-4.25102
0
LINE
8
BLACK
6
CONTINUOUS
10
5.45657
20
-4.25102
11
5.46144
21
-4.25024
0
LINE
8
BLACK
6
CONTINUOUS
10
5.46144
20
-4.25024
11
5.4663
21
-4.25102
0
LINE
8
BLACK
6
CONTINUOUS
10
5.05477
20
-4.28494
11
5.05916
21
-4.28718
0
LINE
8
BLACK
6
CONTINUOUS
10
5.05916
20
-4.28718
11
5.06264
21
-4.29066
0
LINE
8
BLACK
6
CONTINUOUS
10
5.06264
20
-4.29066
11
5.06488
21
-4.29505
0
LINE
8
BLACK
6
CONTINUOUS
10
5.06488
20
-4.29505
11
5.06565
21
-4.29992
0
LINE
8
BLACK
6
CONTINUOUS
10
5.06565
20
-4.29992
11
5.06488
21
-4.30479
0
LINE
8
BLACK
6
CONTINUOUS
10
5.06488
20
-4.30479
11
5.06264
21
-4.30918
0
LINE
8
BLACK
6
CONTINUOUS
10
5.06264
20
-4.30918
11
5.05916
21
-4.31266
0
LINE
8
BLACK
6
CONTINUOUS
10
5.05916
20
-4.31266
11
5.05477
21
-4.3149
0
LINE
8
BLACK
6
CONTINUOUS
10
5.05477
20
-4.3149
11
5.0499
21
-4.31567
0
LINE
8
BLACK
6
CONTINUOUS
10
5.0499
20
-4.31567
11
5.04504
21
-4.3149
0
LINE
8
BLACK
6
CONTINUOUS
10
5.04504
20
-4.3149
11
5.04065
21
-4.31266
0
LINE
8
BLACK
6
CONTINUOUS
10
5.04065
20
-4.31266
11
5.03716
21
-4.30918
0
LINE
8
BLACK
6
CONTINUOUS
10
5.03716
20
-4.30918
11
5.03492
21
-4.30479
0
LINE
8
BLACK
6
CONTINUOUS
10
5.03492
20
-4.30479
11
5.03415
21
-4.29992
0
LINE
8
BLACK
6
CONTINUOUS
10
5.03415
20
-4.29992
11
5.03492
21
-4.29505
0
LINE
8
BLACK
6
CONTINUOUS
10
5.03492
20
-4.29505
11
5.03716
21
-4.29066
0
LINE
8
BLACK
6
CONTINUOUS
10
5.03716
20
-4.29066
11
5.04065
21
-4.28718
0
LINE
8
BLACK
6
CONTINUOUS
10
5.04065
20
-4.28718
11
5.04504
21
-4.28494
0
LINE
8
BLACK
6
CONTINUOUS
10
5.04504
20
-4.28494
11
5.0499
21
-4.28417
0
LINE
8
BLACK
6
CONTINUOUS
10
5.0499
20
-4.28417
11
5.05477
21
-4.28494
0
LINE
8
BLACK
6
CONTINUOUS
10
4.88477
20
-4.24994
11
4.88916
21
-4.25218
0
LINE
8
BLACK
6
CONTINUOUS
10
4.88916
20
-4.25218
11
4.89264
21
-4.25566
0
LINE
8
BLACK
6
CONTINUOUS
10
4.89264
20
-4.25566
11
4.89488
21
-4.26005
0
LINE
8
BLACK
6
CONTINUOUS
10
4.89488
20
-4.26005
11
4.89565
21
-4.26492
0
LINE
8
BLACK
6
CONTINUOUS
10
4.89565
20
-4.26492
11
4.89488
21
-4.26979
0
LINE
8
BLACK
6
CONTINUOUS
10
4.89488
20
-4.26979
11
4.89264
21
-4.27418
0
LINE
8
BLACK
6
CONTINUOUS
10
4.89264
20
-4.27418
11
4.88916
21
-4.27766
0
LINE
8
BLACK
6
CONTINUOUS
10
4.88916
20
-4.27766
11
4.88477
21
-4.2799
0
LINE
8
BLACK
6
CONTINUOUS
10
4.88477
20
-4.2799
11
4.8799
21
-4.28067
0
LINE
8
BLACK
6
CONTINUOUS
10
4.8799
20
-4.28067
11
4.87504
21
-4.2799
0
LINE
8
BLACK
6
CONTINUOUS
10
4.87504
20
-4.2799
11
4.87065
21
-4.27766
0
LINE
8
BLACK
6
CONTINUOUS
10
4.87065
20
-4.27766
11
4.86716
21
-4.27418
0
LINE
8
BLACK
6
CONTINUOUS
10
4.86716
20
-4.27418
11
4.86492
21
-4.26979
0
LINE
8
BLACK
6
CONTINUOUS
10
4.86492
20
-4.26979
11
4.86415
21
-4.26492
0
LINE
8
BLACK
6
CONTINUOUS
10
4.86415
20
-4.26492
11
4.86492
21
-4.26005
0
LINE
8
BLACK
6
CONTINUOUS
10
4.86492
20
-4.26005
11
4.86716
21
-4.25566
0
LINE
8
BLACK
6
CONTINUOUS
10
4.86716
20
-4.25566
11
4.87065
21
-4.25218
0
LINE
8
BLACK
6
CONTINUOUS
10
4.87065
20
-4.25218
11
4.87504
21
-4.24994
0
LINE
8
BLACK
6
CONTINUOUS
10
4.87504
20
-4.24994
11
4.8799
21
-4.24917
0
LINE
8
BLACK
6
CONTINUOUS
10
4.8799
20
-4.24917
11
4.88477
21
-4.24994
0
LINE
8
BLACK
6
CONTINUOUS
10
4.88977
20
-4.16994
11
4.89416
21
-4.17218
0
LINE
8
BLACK
6
CONTINUOUS
10
4.89416
20
-4.17218
11
4.89764
21
-4.17566
0
LINE
8
BLACK
6
CONTINUOUS
10
4.89764
20
-4.17566
11
4.89988
21
-4.18005
0
LINE
8
BLACK
6
CONTINUOUS
10
4.89988
20
-4.18005
11
4.90065
21
-4.18492
0
LINE
8
BLACK
6
CONTINUOUS
10
4.90065
20
-4.18492
11
4.89988
21
-4.18979
0
LINE
8
BLACK
6
CONTINUOUS
10
4.89988
20
-4.18979
11
4.89764
21
-4.19418
0
LINE
8
BLACK
6
CONTINUOUS
10
4.89764
20
-4.19418
11
4.89416
21
-4.19766
0
LINE
8
BLACK
6
CONTINUOUS
10
4.89416
20
-4.19766
11
4.88977
21
-4.1999
0
LINE
8
BLACK
6
CONTINUOUS
10
4.88977
20
-4.1999
11
4.8849
21
-4.20067
0
LINE
8
BLACK
6
CONTINUOUS
10
4.8849
20
-4.20067
11
4.88004
21
-4.1999
0
LINE
8
BLACK
6
CONTINUOUS
10
4.88004
20
-4.1999
11
4.87565
21
-4.19766
0
LINE
8
BLACK
6
CONTINUOUS
10
4.87565
20
-4.19766
11
4.87216
21
-4.19418
0
LINE
8
BLACK
6
CONTINUOUS
10
4.87216
20
-4.19418
11
4.86992
21
-4.18979
0
LINE
8
BLACK
6
CONTINUOUS
10
4.86992
20
-4.18979
11
4.86915
21
-4.18492
0
LINE
8
BLACK
6
CONTINUOUS
10
4.86915
20
-4.18492
11
4.86992
21
-4.18005
0
LINE
8
BLACK
6
CONTINUOUS
10
4.86992
20
-4.18005
11
4.87216
21
-4.17566
0
LINE
8
BLACK
6
CONTINUOUS
10
4.87216
20
-4.17566
11
4.87565
21
-4.17218
0
LINE
8
BLACK
6
CONTINUOUS
10
4.87565
20
-4.17218
11
4.88004
21
-4.16994
0
LINE
8
BLACK
6
CONTINUOUS
10
4.88004
20
-4.16994
11
4.8849
21
-4.16917
0
LINE
8
BLACK
6
CONTINUOUS
10
4.8849
20
-4.16917
11
4.88977
21
-4.16994
0
LINE
8
BLACK
6
CONTINUOUS
10
5.79977
20
-4.10994
11
5.80416
21
-4.11218
0
LINE
8
BLACK
6
CONTINUOUS
10
5.80416
20
-4.11218
11
5.80764
21
-4.11566
0
LINE
8
BLACK
6
CONTINUOUS
10
5.80764
20
-4.11566
11
5.80988
21
-4.12005
0
LINE
8
BLACK
6
CONTINUOUS
10
5.80988
20
-4.12005
11
5.81065
21
-4.12492
0
LINE
8
BLACK
6
CONTINUOUS
10
5.81065
20
-4.12492
11
5.80988
21
-4.12979
0
LINE
8
BLACK
6
CONTINUOUS
10
5.80988
20
-4.12979
11
5.80764
21
-4.13418
0
LINE
8
BLACK
6
CONTINUOUS
10
5.80764
20
-4.13418
11
5.80416
21
-4.13766
0
LINE
8
BLACK
6
CONTINUOUS
10
5.80416
20
-4.13766
11
5.79977
21
-4.1399
0
LINE
8
BLACK
6
CONTINUOUS
10
5.79977
20
-4.1399
11
5.7949
21
-4.14067
0
LINE
8
BLACK
6
CONTINUOUS
10
5.7949
20
-4.14067
11
5.79004
21
-4.1399
0
LINE
8
BLACK
6
CONTINUOUS
10
5.79004
20
-4.1399
11
5.78565
21
-4.13766
0
LINE
8
BLACK
6
CONTINUOUS
10
5.78565
20
-4.13766
11
5.78216
21
-4.13418
0
LINE
8
BLACK
6
CONTINUOUS
10
5.78216
20
-4.13418
11
5.77992
21
-4.12979
0
LINE
8
BLACK
6
CONTINUOUS
10
5.77992
20
-4.12979
11
5.77915
21
-4.12492
0
LINE
8
BLACK
6
CONTINUOUS
10
5.77915
20
-4.12492
11
5.77992
21
-4.12005
0
LINE
8
BLACK
6
CONTINUOUS
10
5.77992
20
-4.12005
11
5.78216
21
-4.11566
0
LINE
8
BLACK
6
CONTINUOUS
10
5.78216
20
-4.11566
11
5.78565
21
-4.11218
0
LINE
8
BLACK
6
CONTINUOUS
10
5.78565
20
-4.11218
11
5.79004
21
-4.10994
0
LINE
8
BLACK
6
CONTINUOUS
10
5.79004
20
-4.10994
11
5.7949
21
-4.10917
0
LINE
8
BLACK
6
CONTINUOUS
10
5.7949
20
-4.10917
11
5.79977
21
-4.10994
0
LINE
8
BLACK
6
CONTINUOUS
10
6.4113
20
-4.09053
11
6.41569
21
-4.09277
0
LINE
8
BLACK
6
CONTINUOUS
10
6.41569
20
-4.09277
11
6.41918
21
-4.09626
0
LINE
8
BLACK
6
CONTINUOUS
10
6.41918
20
-4.09626
11
6.42141
21
-4.10065
0
LINE
8
BLACK
6
CONTINUOUS
10
6.42141
20
-4.10065
11
6.42218
21
-4.10551
0
LINE
8
BLACK
6
CONTINUOUS
10
6.42218
20
-4.10551
11
6.42141
21
-4.11038
0
LINE
8
BLACK
6
CONTINUOUS
10
6.42141
20
-4.11038
11
6.41918
21
-4.11477
0
LINE
8
BLACK
6
CONTINUOUS
10
6.41918
20
-4.11477
11
6.41569
21
-4.11825
0
LINE
8
BLACK
6
CONTINUOUS
10
6.41569
20
-4.11825
11
6.4113
21
-4.12049
0
LINE
8
BLACK
6
CONTINUOUS
10
6.4113
20
-4.12049
11
6.40644
21
-4.12126
0
LINE
8
BLACK
6
CONTINUOUS
10
6.40644
20
-4.12126
11
6.40157
21
-4.12049
0
LINE
8
BLACK
6
CONTINUOUS
10
6.40157
20
-4.12049
11
6.39718
21
-4.11825
0
LINE
8
BLACK
6
CONTINUOUS
10
6.39718
20
-4.11825
11
6.3937
21
-4.11477
0
LINE
8
BLACK
6
CONTINUOUS
10
6.3937
20
-4.11477
11
6.39146
21
-4.11038
0
LINE
8
BLACK
6
CONTINUOUS
10
6.39146
20
-4.11038
11
6.39069
21
-4.10551
0
LINE
8
BLACK
6
CONTINUOUS
10
6.39069
20
-4.10551
11
6.39146
21
-4.10065
0
LINE
8
BLACK
6
CONTINUOUS
10
6.39146
20
-4.10065
11
6.3937
21
-4.09626
0
LINE
8
BLACK
6
CONTINUOUS
10
6.3937
20
-4.09626
11
6.39718
21
-4.09277
0
LINE
8
BLACK
6
CONTINUOUS
10
6.39718
20
-4.09277
11
6.40157
21
-4.09053
0
LINE
8
BLACK
6
CONTINUOUS
10
6.40157
20
-4.09053
11
6.40644
21
-4.08976
0
LINE
8
BLACK
6
CONTINUOUS
10
6.40644
20
-4.08976
11
6.4113
21
-4.09053
0
LINE
8
BLACK
6
CONTINUOUS
10
4.88777
20
-4.08994
11
4.89216
21
-4.09218
0
LINE
8
BLACK
6
CONTINUOUS
10
4.89216
20
-4.09218
11
4.89564
21
-4.09566
0
LINE
8
BLACK
6
CONTINUOUS
10
4.89564
20
-4.09566
11
4.89788
21
-4.10005
0
LINE
8
BLACK
6
CONTINUOUS
10
4.89788
20
-4.10005
11
4.89865
21
-4.10492
0
LINE
8
BLACK
6
CONTINUOUS
10
4.89865
20
-4.10492
11
4.89788
21
-4.10979
0
LINE
8
BLACK
6
CONTINUOUS
10
4.89788
20
-4.10979
11
4.89564
21
-4.11418
0
LINE
8
BLACK
6
CONTINUOUS
10
4.89564
20
-4.11418
11
4.89216
21
-4.11766
0
LINE
8
BLACK
6
CONTINUOUS
10
4.89216
20
-4.11766
11
4.88777
21
-4.1199
0
LINE
8
BLACK
6
CONTINUOUS
10
4.88777
20
-4.1199
11
4.8829
21
-4.12067
0
LINE
8
BLACK
6
CONTINUOUS
10
4.8829
20
-4.12067
11
4.87804
21
-4.1199
0
LINE
8
BLACK
6
CONTINUOUS
10
4.87804
20
-4.1199
11
4.87365
21
-4.11766
0
LINE
8
BLACK
6
CONTINUOUS
10
4.87365
20
-4.11766
11
4.87016
21
-4.11418
0
LINE
8
BLACK
6
CONTINUOUS
10
4.87016
20
-4.11418
11
4.86792
21
-4.10979
0
LINE
8
BLACK
6
CONTINUOUS
10
4.86792
20
-4.10979
11
4.86715
21
-4.10492
0
LINE
8
BLACK
6
CONTINUOUS
10
4.86715
20
-4.10492
11
4.86792
21
-4.10005
0
LINE
8
BLACK
6
CONTINUOUS
10
4.86792
20
-4.10005
11
4.87016
21
-4.09566
0
LINE
8
BLACK
6
CONTINUOUS
10
4.87016
20
-4.09566
11
4.87365
21
-4.09218
0
LINE
8
BLACK
6
CONTINUOUS
10
4.87365
20
-4.09218
11
4.87804
21
-4.08994
0
LINE
8
BLACK
6
CONTINUOUS
10
4.87804
20
-4.08994
11
4.8829
21
-4.08917
0
LINE
8
BLACK
6
CONTINUOUS
10
4.8829
20
-4.08917
11
4.88777
21
-4.08994
0
LINE
8
BLACK
6
CONTINUOUS
10
4.88577
20
-4.00994
11
4.89016
21
-4.01218
0
LINE
8
BLACK
6
CONTINUOUS
10
4.89016
20
-4.01218
11
4.89364
21
-4.01566
0
LINE
8
BLACK
6
CONTINUOUS
10
4.89364
20
-4.01566
11
4.89588
21
-4.02005
0
LINE
8
BLACK
6
CONTINUOUS
10
4.89588
20
-4.02005
11
4.89665
21
-4.02492
0
LINE
8
BLACK
6
CONTINUOUS
10
4.89665
20
-4.02492
11
4.89588
21
-4.02979
0
LINE
8
BLACK
6
CONTINUOUS
10
4.89588
20
-4.02979
11
4.89364
21
-4.03418
0
LINE
8
BLACK
6
CONTINUOUS
10
4.89364
20
-4.03418
11
4.89016
21
-4.03766
0
LINE
8
BLACK
6
CONTINUOUS
10
4.89016
20
-4.03766
11
4.88577
21
-4.0399
0
LINE
8
BLACK
6
CONTINUOUS
10
4.88577
20
-4.0399
11
4.8809
21
-4.04067
0
LINE
8
BLACK
6
CONTINUOUS
10
4.8809
20
-4.04067
11
4.87604
21
-4.0399
0
LINE
8
BLACK
6
CONTINUOUS
10
4.87604
20
-4.0399
11
4.87165
21
-4.03766
0
LINE
8
BLACK
6
CONTINUOUS
10
4.87165
20
-4.03766
11
4.86816
21
-4.03418
0
LINE
8
BLACK
6
CONTINUOUS
10
4.86816
20
-4.03418
11
4.86592
21
-4.02979
0
LINE
8
BLACK
6
CONTINUOUS
10
4.86592
20
-4.02979
11
4.86515
21
-4.02492
0
LINE
8
BLACK
6
CONTINUOUS
10
4.86515
20
-4.02492
11
4.86592
21
-4.02005
0
LINE
8
BLACK
6
CONTINUOUS
10
4.86592
20
-4.02005
11
4.86816
21
-4.01566
0
LINE
8
BLACK
6
CONTINUOUS
10
4.86816
20
-4.01566
11
4.87165
21
-4.01218
0
LINE
8
BLACK
6
CONTINUOUS
10
4.87165
20
-4.01218
11
4.87604
21
-4.00994
0
LINE
8
BLACK
6
CONTINUOUS
10
4.87604
20
-4.00994
11
4.8809
21
-4.00917
0
LINE
8
BLACK
6
CONTINUOUS
10
4.8809
20
-4.00917
11
4.88577
21
-4.00994
0
LINE
8
BLACK
6
CONTINUOUS
10
5.06977
20
-3.92494
11
5.07416
21
-3.92718
0
LINE
8
BLACK
6
CONTINUOUS
10
5.07416
20
-3.92718
11
5.07764
21
-3.93066
0
LINE
8
BLACK
6
CONTINUOUS
10
5.07764
20
-3.93066
11
5.07988
21
-3.93505
0
LINE
8
BLACK
6
CONTINUOUS
10
5.07988
20
-3.93505
11
5.08065
21
-3.93992
0
LINE
8
BLACK
6
CONTINUOUS
10
5.08065
20
-3.93992
11
5.07988
21
-3.94479
0
LINE
8
BLACK
6
CONTINUOUS
10
5.07988
20
-3.94479
11
5.07764
21
-3.94918
0
LINE
8
BLACK
6
CONTINUOUS
10
5.07764
20
-3.94918
11
5.07416
21
-3.95266
0
LINE
8
BLACK
6
CONTINUOUS
10
5.07416
20
-3.95266
11
5.06977
21
-3.9549
0
LINE
8
BLACK
6
CONTINUOUS
10
5.06977
20
-3.9549
11
5.0649
21
-3.95567
0
LINE
8
BLACK
6
CONTINUOUS
10
5.0649
20
-3.95567
11
5.06004
21
-3.9549
0
LINE
8
BLACK
6
CONTINUOUS
10
5.06004
20
-3.9549
11
5.05565
21
-3.95266
0
LINE
8
BLACK
6
CONTINUOUS
10
5.05565
20
-3.95266
11
5.05216
21
-3.94918
0
LINE
8
BLACK
6
CONTINUOUS
10
5.05216
20
-3.94918
11
5.04992
21
-3.94479
0
LINE
8
BLACK
6
CONTINUOUS
10
5.04992
20
-3.94479
11
5.04915
21
-3.93992
0
LINE
8
BLACK
6
CONTINUOUS
10
5.04915
20
-3.93992
11
5.04992
21
-3.93505
0
LINE
8
BLACK
6
CONTINUOUS
10
5.04992
20
-3.93505
11
5.05216
21
-3.93066
0
LINE
8
BLACK
6
CONTINUOUS
10
5.05216
20
-3.93066
11
5.05565
21
-3.92718
0
LINE
8
BLACK
6
CONTINUOUS
10
5.05565
20
-3.92718
11
5.06004
21
-3.92494
0
LINE
8
BLACK
6
CONTINUOUS
10
5.06004
20
-3.92494
11
5.0649
21
-3.92417
0
LINE
8
BLACK
6
CONTINUOUS
10
5.0649
20
-3.92417
11
5.06977
21
-3.92494
0
LINE
8
BLACK
6
CONTINUOUS
10
5.76693
20
-3.86211
11
5.77132
21
-3.86434
0
LINE
8
BLACK
6
CONTINUOUS
10
5.77132
20
-3.86434
11
5.77481
21
-3.86783
0
LINE
8
BLACK
6
CONTINUOUS
10
5.77481
20
-3.86783
11
5.77704
21
-3.87222
0
LINE
8
BLACK
6
CONTINUOUS
10
5.77704
20
-3.87222
11
5.77781
21
-3.87708
0
LINE
8
BLACK
6
CONTINUOUS
10
5.77781
20
-3.87708
11
5.77704
21
-3.88195
0
LINE
8
BLACK
6
CONTINUOUS
10
5.77704
20
-3.88195
11
5.77481
21
-3.88634
0
LINE
8
BLACK
6
CONTINUOUS
10
5.77481
20
-3.88634
11
5.77132
21
-3.88983
0
LINE
8
BLACK
6
CONTINUOUS
10
5.77132
20
-3.88983
11
5.76693
21
-3.89206
0
LINE
8
BLACK
6
CONTINUOUS
10
5.76693
20
-3.89206
11
5.76206
21
-3.89283
0
LINE
8
BLACK
6
CONTINUOUS
10
5.76206
20
-3.89283
11
5.7572
21
-3.89206
0
LINE
8
BLACK
6
CONTINUOUS
10
5.7572
20
-3.89206
11
5.75281
21
-3.88983
0
LINE
8
BLACK
6
CONTINUOUS
10
5.75281
20
-3.88983
11
5.74932
21
-3.88634
0
LINE
8
BLACK
6
CONTINUOUS
10
5.74932
20
-3.88634
11
5.74709
21
-3.88195
0
LINE
8
BLACK
6
CONTINUOUS
10
5.74709
20
-3.88195
11
5.74632
21
-3.87708
0
LINE
8
BLACK
6
CONTINUOUS
10
5.74632
20
-3.87708
11
5.74709
21
-3.87222
0
LINE
8
BLACK
6
CONTINUOUS
10
5.74709
20
-3.87222
11
5.74932
21
-3.86783
0
LINE
8
BLACK
6
CONTINUOUS
10
5.74932
20
-3.86783
11
5.75281
21
-3.86434
0
LINE
8
BLACK
6
CONTINUOUS
10
5.75281
20
-3.86434
11
5.7572
21
-3.86211
0
LINE
8
BLACK
6
CONTINUOUS
10
5.7572
20
-3.86211
11
5.76206
21
-3.86134
0
LINE
8
BLACK
6
CONTINUOUS
10
5.76206
20
-3.86134
11
5.76693
21
-3.86211
0
LINE
8
BLACK
6
CONTINUOUS
10
5.80977
20
-3.85494
11
5.81416
21
-3.85718
0
LINE
8
BLACK
6
CONTINUOUS
10
5.81416
20
-3.85718
11
5.81764
21
-3.86066
0
LINE
8
BLACK
6
CONTINUOUS
10
5.81764
20
-3.86066
11
5.81988
21
-3.86505
0
LINE
8
BLACK
6
CONTINUOUS
10
5.81988
20
-3.86505
11
5.82065
21
-3.86992
0
LINE
8
BLACK
6
CONTINUOUS
10
5.82065
20
-3.86992
11
5.81988
21
-3.87479
0
LINE
8
BLACK
6
CONTINUOUS
10
5.81988
20
-3.87479
11
5.81764
21
-3.87918
0
LINE
8
BLACK
6
CONTINUOUS
10
5.81764
20
-3.87918
11
5.81416
21
-3.88266
0
LINE
8
BLACK
6
CONTINUOUS
10
5.81416
20
-3.88266
11
5.80977
21
-3.8849
0
LINE
8
BLACK
6
CONTINUOUS
10
5.80977
20
-3.8849
11
5.8049
21
-3.88567
0
LINE
8
BLACK
6
CONTINUOUS
10
5.8049
20
-3.88567
11
5.80004
21
-3.8849
0
LINE
8
BLACK
6
CONTINUOUS
10
5.80004
20
-3.8849
11
5.79565
21
-3.88266
0
LINE
8
BLACK
6
CONTINUOUS
10
5.79565
20
-3.88266
11
5.79216
21
-3.87918
0
LINE
8
BLACK
6
CONTINUOUS
10
5.79216
20
-3.87918
11
5.78992
21
-3.87479
0
LINE
8
BLACK
6
CONTINUOUS
10
5.78992
20
-3.87479
11
5.78915
21
-3.86992
0
LINE
8
BLACK
6
CONTINUOUS
10
5.78915
20
-3.86992
11
5.78992
21
-3.86505
0
LINE
8
BLACK
6
CONTINUOUS
10
5.78992
20
-3.86505
11
5.79216
21
-3.86066
0
LINE
8
BLACK
6
CONTINUOUS
10
5.79216
20
-3.86066
11
5.79565
21
-3.85718
0
LINE
8
BLACK
6
CONTINUOUS
10
5.79565
20
-3.85718
11
5.80004
21
-3.85494
0
LINE
8
BLACK
6
CONTINUOUS
10
5.80004
20
-3.85494
11
5.8049
21
-3.85417
0
LINE
8
BLACK
6
CONTINUOUS
10
5.8049
20
-3.85417
11
5.80977
21
-3.85494
0
LINE
8
BLACK
6
CONTINUOUS
10
6.33977
20
-3.81994
11
6.34416
21
-3.82218
0
LINE
8
BLACK
6
CONTINUOUS
10
6.34416
20
-3.82218
11
6.34764
21
-3.82566
0
LINE
8
BLACK
6
CONTINUOUS
10
6.34764
20
-3.82566
11
6.34988
21
-3.83005
0
LINE
8
BLACK
6
CONTINUOUS
10
6.34988
20
-3.83005
11
6.35065
21
-3.83492
0
LINE
8
BLACK
6
CONTINUOUS
10
6.35065
20
-3.83492
11
6.34988
21
-3.83979
0
LINE
8
BLACK
6
CONTINUOUS
10
6.34988
20
-3.83979
11
6.34764
21
-3.84418
0
LINE
8
BLACK
6
CONTINUOUS
10
6.34764
20
-3.84418
11
6.34416
21
-3.84766
0
LINE
8
BLACK
6
CONTINUOUS
10
6.34416
20
-3.84766
11
6.33977
21
-3.8499
0
LINE
8
BLACK
6
CONTINUOUS
10
6.33977
20
-3.8499
11
6.3349
21
-3.85067
0
LINE
8
BLACK
6
CONTINUOUS
10
6.3349
20
-3.85067
11
6.33004
21
-3.8499
0
LINE
8
BLACK
6
CONTINUOUS
10
6.33004
20
-3.8499
11
6.32565
21
-3.84766
0
LINE
8
BLACK
6
CONTINUOUS
10
6.32565
20
-3.84766
11
6.32216
21
-3.84418
0
LINE
8
BLACK
6
CONTINUOUS
10
6.32216
20
-3.84418
11
6.31992
21
-3.83979
0
LINE
8
BLACK
6
CONTINUOUS
10
6.31992
20
-3.83979
11
6.31915
21
-3.83492
0
LINE
8
BLACK
6
CONTINUOUS
10
6.31915
20
-3.83492
11
6.31992
21
-3.83005
0
LINE
8
BLACK
6
CONTINUOUS
10
6.31992
20
-3.83005
11
6.32216
21
-3.82566
0
LINE
8
BLACK
6
CONTINUOUS
10
6.32216
20
-3.82566
11
6.32565
21
-3.82218
0
LINE
8
BLACK
6
CONTINUOUS
10
6.32565
20
-3.82218
11
6.33004
21
-3.81994
0
LINE
8
BLACK
6
CONTINUOUS
10
6.33004
20
-3.81994
11
6.3349
21
-3.81917
0
LINE
8
BLACK
6
CONTINUOUS
10
6.3349
20
-3.81917
11
6.33977
21
-3.81994
0
LINE
8
BLACK
6
CONTINUOUS
10
5.27477
20
-3.70494
11
5.27916
21
-3.70718
0
LINE
8
BLACK
6
CONTINUOUS
10
5.27916
20
-3.70718
11
5.28264
21
-3.71066
0
LINE
8
BLACK
6
CONTINUOUS
10
5.28264
20
-3.71066
11
5.28488
21
-3.71505
0
LINE
8
BLACK
6
CONTINUOUS
10
5.28488
20
-3.71505
11
5.28565
21
-3.71992
0
LINE
8
BLACK
6
CONTINUOUS
10
5.28565
20
-3.71992
11
5.28488
21
-3.72479
0
LINE
8
BLACK
6
CONTINUOUS
10
5.28488
20
-3.72479
11
5.28264
21
-3.72918
0
LINE
8
BLACK
6
CONTINUOUS
10
5.28264
20
-3.72918
11
5.27916
21
-3.73266
0
LINE
8
BLACK
6
CONTINUOUS
10
5.27916
20
-3.73266
11
5.27477
21
-3.7349
0
LINE
8
BLACK
6
CONTINUOUS
10
5.27477
20
-3.7349
11
5.2699
21
-3.73567
0
LINE
8
BLACK
6
CONTINUOUS
10
5.2699
20
-3.73567
11
5.26504
21
-3.7349
0
LINE
8
BLACK
6
CONTINUOUS
10
5.26504
20
-3.7349
11
5.26065
21
-3.73266
0
LINE
8
BLACK
6
CONTINUOUS
10
5.26065
20
-3.73266
11
5.25716
21
-3.72918
0
LINE
8
BLACK
6
CONTINUOUS
10
5.25716
20
-3.72918
11
5.25492
21
-3.72479
0
LINE
8
BLACK
6
CONTINUOUS
10
5.25492
20
-3.72479
11
5.25415
21
-3.71992
0
LINE
8
BLACK
6
CONTINUOUS
10
5.25415
20
-3.71992
11
5.25492
21
-3.71505
0
LINE
8
BLACK
6
CONTINUOUS
10
5.25492
20
-3.71505
11
5.25716
21
-3.71066
0
LINE
8
BLACK
6
CONTINUOUS
10
5.25716
20
-3.71066
11
5.26065
21
-3.70718
0
LINE
8
BLACK
6
CONTINUOUS
10
5.26065
20
-3.70718
11
5.26504
21
-3.70494
0
LINE
8
BLACK
6
CONTINUOUS
10
5.26504
20
-3.70494
11
5.2699
21
-3.70417
0
LINE
8
BLACK
6
CONTINUOUS
10
5.2699
20
-3.70417
11
5.27477
21
-3.70494
0
LINE
8
BLACK
6
CONTINUOUS
10
5.46477
20
-3.70494
11
5.46916
21
-3.70718
0
LINE
8
BLACK
6
CONTINUOUS
10
5.46916
20
-3.70718
11
5.47264
21
-3.71066
0
LINE
8
BLACK
6
CONTINUOUS
10
5.47264
20
-3.71066
11
5.47488
21
-3.71505
0
LINE
8
BLACK
6
CONTINUOUS
10
5.47488
20
-3.71505
11
5.47565
21
-3.71992
0
LINE
8
BLACK
6
CONTINUOUS
10
5.47565
20
-3.71992
11
5.47488
21
-3.72479
0
LINE
8
BLACK
6
CONTINUOUS
10
5.47488
20
-3.72479
11
5.47264
21
-3.72918
0
LINE
8
BLACK
6
CONTINUOUS
10
5.47264
20
-3.72918
11
5.46916
21
-3.73266
0
LINE
8
BLACK
6
CONTINUOUS
10
5.46916
20
-3.73266
11
5.46477
21
-3.7349
0
LINE
8
BLACK
6
CONTINUOUS
10
5.46477
20
-3.7349
11
5.4599
21
-3.73567
0
LINE
8
BLACK
6
CONTINUOUS
10
5.4599
20
-3.73567
11
5.45504
21
-3.7349
0
LINE
8
BLACK
6
CONTINUOUS
10
5.45504
20
-3.7349
11
5.45065
21
-3.73266
0
LINE
8
BLACK
6
CONTINUOUS
10
5.45065
20
-3.73266
11
5.44716
21
-3.72918
0
LINE
8
BLACK
6
CONTINUOUS
10
5.44716
20
-3.72918
11
5.44492
21
-3.72479
0
LINE
8
BLACK
6
CONTINUOUS
10
5.44492
20
-3.72479
11
5.44415
21
-3.71992
0
LINE
8
BLACK
6
CONTINUOUS
10
5.44415
20
-3.71992
11
5.44492
21
-3.71505
0
LINE
8
BLACK
6
CONTINUOUS
10
5.44492
20
-3.71505
11
5.44716
21
-3.71066
0
LINE
8
BLACK
6
CONTINUOUS
10
5.44716
20
-3.71066
11
5.45065
21
-3.70718
0
LINE
8
BLACK
6
CONTINUOUS
10
5.45065
20
-3.70718
11
5.45504
21
-3.70494
0
LINE
8
BLACK
6
CONTINUOUS
10
5.45504
20
-3.70494
11
5.4599
21
-3.70417
0
LINE
8
BLACK
6
CONTINUOUS
10
5.4599
20
-3.70417
11
5.46477
21
-3.70494
0
LINE
8
BLACK
6
CONTINUOUS
10
6.28977
20
-3.68994
11
6.29416
21
-3.69218
0
LINE
8
BLACK
6
CONTINUOUS
10
6.29416
20
-3.69218
11
6.29764
21
-3.69566
0
LINE
8
BLACK
6
CONTINUOUS
10
6.29764
20
-3.69566
11
6.29988
21
-3.70005
0
LINE
8
BLACK
6
CONTINUOUS
10
6.29988
20
-3.70005
11
6.30065
21
-3.70492
0
LINE
8
BLACK
6
CONTINUOUS
10
6.30065
20
-3.70492
11
6.29988
21
-3.70979
0
LINE
8
BLACK
6
CONTINUOUS
10
6.29988
20
-3.70979
11
6.29764
21
-3.71418
0
LINE
8
BLACK
6
CONTINUOUS
10
6.29764
20
-3.71418
11
6.29416
21
-3.71766
0
LINE
8
BLACK
6
CONTINUOUS
10
6.29416
20
-3.71766
11
6.28977
21
-3.7199
0
LINE
8
BLACK
6
CONTINUOUS
10
6.28977
20
-3.7199
11
6.2849
21
-3.72067
0
LINE
8
BLACK
6
CONTINUOUS
10
6.2849
20
-3.72067
11
6.28004
21
-3.7199
0
LINE
8
BLACK
6
CONTINUOUS
10
6.28004
20
-3.7199
11
6.27565
21
-3.71766
0
LINE
8
BLACK
6
CONTINUOUS
10
6.27565
20
-3.71766
11
6.27216
21
-3.71418
0
LINE
8
BLACK
6
CONTINUOUS
10
6.27216
20
-3.71418
11
6.26992
21
-3.70979
0
LINE
8
BLACK
6
CONTINUOUS
10
6.26992
20
-3.70979
11
6.26915
21
-3.70492
0
LINE
8
BLACK
6
CONTINUOUS
10
6.26915
20
-3.70492
11
6.26992
21
-3.70005
0
LINE
8
BLACK
6
CONTINUOUS
10
6.26992
20
-3.70005
11
6.27216
21
-3.69566
0
LINE
8
BLACK
6
CONTINUOUS
10
6.27216
20
-3.69566
11
6.27565
21
-3.69218
0
LINE
8
BLACK
6
CONTINUOUS
10
6.27565
20
-3.69218
11
6.28004
21
-3.68994
0
LINE
8
BLACK
6
CONTINUOUS
10
6.28004
20
-3.68994
11
6.2849
21
-3.68917
0
LINE
8
BLACK
6
CONTINUOUS
10
6.2849
20
-3.68917
11
6.28977
21
-3.68994
0
LINE
8
BLACK
6
CONTINUOUS
10
5.75477
20
-3.59994
11
5.75916
21
-3.60218
0
LINE
8
BLACK
6
CONTINUOUS
10
5.75916
20
-3.60218
11
5.76264
21
-3.60566
0
LINE
8
BLACK
6
CONTINUOUS
10
5.76264
20
-3.60566
11
5.76488
21
-3.61005
0
LINE
8
BLACK
6
CONTINUOUS
10
5.76488
20
-3.61005
11
5.76565
21
-3.61492
0
LINE
8
BLACK
6
CONTINUOUS
10
5.76565
20
-3.61492
11
5.76488
21
-3.61979
0
LINE
8
BLACK
6
CONTINUOUS
10
5.76488
20
-3.61979
11
5.76264
21
-3.62418
0
LINE
8
BLACK
6
CONTINUOUS
10
5.76264
20
-3.62418
11
5.75916
21
-3.62766
0
LINE
8
BLACK
6
CONTINUOUS
10
5.75916
20
-3.62766
11
5.75477
21
-3.6299
0
LINE
8
BLACK
6
CONTINUOUS
10
5.75477
20
-3.6299
11
5.7499
21
-3.63067
0
LINE
8
BLACK
6
CONTINUOUS
10
5.7499
20
-3.63067
11
5.74504
21
-3.6299
0
LINE
8
BLACK
6
CONTINUOUS
10
5.74504
20
-3.6299
11
5.74065
21
-3.62766
0
LINE
8
BLACK
6
CONTINUOUS
10
5.74065
20
-3.62766
11
5.73716
21
-3.62418
0
LINE
8
BLACK
6
CONTINUOUS
10
5.73716
20
-3.62418
11
5.73492
21
-3.61979
0
LINE
8
BLACK
6
CONTINUOUS
10
5.73492
20
-3.61979
11
5.73415
21
-3.61492
0
LINE
8
BLACK
6
CONTINUOUS
10
5.73415
20
-3.61492
11
5.73492
21
-3.61005
0
LINE
8
BLACK
6
CONTINUOUS
10
5.73492
20
-3.61005
11
5.73716
21
-3.60566
0
LINE
8
BLACK
6
CONTINUOUS
10
5.73716
20
-3.60566
11
5.74065
21
-3.60218
0
LINE
8
BLACK
6
CONTINUOUS
10
5.74065
20
-3.60218
11
5.74504
21
-3.59994
0
LINE
8
BLACK
6
CONTINUOUS
10
5.74504
20
-3.59994
11
5.7499
21
-3.59917
0
LINE
8
BLACK
6
CONTINUOUS
10
5.7499
20
-3.59917
11
5.75477
21
-3.59994
0
LINE
8
BLACK
6
CONTINUOUS
10
5.78501
20
-3.57474
11
5.7894
21
-3.57698
0
LINE
8
BLACK
6
CONTINUOUS
10
5.7894
20
-3.57698
11
5.79289
21
-3.58046
0
LINE
8
BLACK
6
CONTINUOUS
10
5.79289
20
-3.58046
11
5.79512
21
-3.58485
0
LINE
8
BLACK
6
CONTINUOUS
10
5.79512
20
-3.58485
11
5.79589
21
-3.58972
0
LINE
8
BLACK
6
CONTINUOUS
10
5.79589
20
-3.58972
11
5.79512
21
-3.59458
0
LINE
8
BLACK
6
CONTINUOUS
10
5.79512
20
-3.59458
11
5.79289
21
-3.59897
0
LINE
8
BLACK
6
CONTINUOUS
10
5.79289
20
-3.59897
11
5.7894
21
-3.60246
0
LINE
8
BLACK
6
CONTINUOUS
10
5.7894
20
-3.60246
11
5.78501
21
-3.60469
0
LINE
8
BLACK
6
CONTINUOUS
10
5.78501
20
-3.60469
11
5.78015
21
-3.60547
0
LINE
8
BLACK
6
CONTINUOUS
10
5.78015
20
-3.60547
11
5.77528
21
-3.60469
0
LINE
8
BLACK
6
CONTINUOUS
10
5.77528
20
-3.60469
11
5.77089
21
-3.60246
0
LINE
8
BLACK
6
CONTINUOUS
10
5.77089
20
-3.60246
11
5.76741
21
-3.59897
0
LINE
8
BLACK
6
CONTINUOUS
10
5.76741
20
-3.59897
11
5.76517
21
-3.59458
0
LINE
8
BLACK
6
CONTINUOUS
10
5.76517
20
-3.59458
11
5.7644
21
-3.58972
0
LINE
8
BLACK
6
CONTINUOUS
10
5.7644
20
-3.58972
11
5.76517
21
-3.58485
0
LINE
8
BLACK
6
CONTINUOUS
10
5.76517
20
-3.58485
11
5.76741
21
-3.58046
0
LINE
8
BLACK
6
CONTINUOUS
10
5.76741
20
-3.58046
11
5.77089
21
-3.57698
0
LINE
8
BLACK
6
CONTINUOUS
10
5.77089
20
-3.57698
11
5.77528
21
-3.57474
0
LINE
8
BLACK
6
CONTINUOUS
10
5.77528
20
-3.57474
11
5.78015
21
-3.57397
0
LINE
8
BLACK
6
CONTINUOUS
10
5.78015
20
-3.57397
11
5.78501
21
-3.57474
0
LINE
8
BLACK
6
CONTINUOUS
10
5.5426
20
-3.57321
11
5.54699
21
-3.57545
0
LINE
8
BLACK
6
CONTINUOUS
10
5.54699
20
-3.57545
11
5.55048
21
-3.57893
0
LINE
8
BLACK
6
CONTINUOUS
10
5.55048
20
-3.57893
11
5.55271
21
-3.58332
0
LINE
8
BLACK
6
CONTINUOUS
10
5.55271
20
-3.58332
11
5.55348
21
-3.58819
0
LINE
8
BLACK
6
CONTINUOUS
10
5.55348
20
-3.58819
11
5.55271
21
-3.59306
0
LINE
8
BLACK
6
CONTINUOUS
10
5.55271
20
-3.59306
11
5.55048
21
-3.59745
0
LINE
8
BLACK
6
CONTINUOUS
10
5.55048
20
-3.59745
11
5.54699
21
-3.60093
0
LINE
8
BLACK
6
CONTINUOUS
10
5.54699
20
-3.60093
11
5.5426
21
-3.60317
0
LINE
8
BLACK
6
CONTINUOUS
10
5.5426
20
-3.60317
11
5.53774
21
-3.60394
0
LINE
8
BLACK
6
CONTINUOUS
10
5.53774
20
-3.60394
11
5.53287
21
-3.60317
0
LINE
8
BLACK
6
CONTINUOUS
10
5.53287
20
-3.60317
11
5.52848
21
-3.60093
0
LINE
8
BLACK
6
CONTINUOUS
10
5.52848
20
-3.60093
11
5.52499
21
-3.59745
0
LINE
8
BLACK
6
CONTINUOUS
10
5.52499
20
-3.59745
11
5.52276
21
-3.59306
0
LINE
8
BLACK
6
CONTINUOUS
10
5.52276
20
-3.59306
11
5.52199
21
-3.58819
0
LINE
8
BLACK
6
CONTINUOUS
10
5.52199
20
-3.58819
11
5.52276
21
-3.58332
0
LINE
8
BLACK
6
CONTINUOUS
10
5.52276
20
-3.58332
11
5.52499
21
-3.57893
0
LINE
8
BLACK
6
CONTINUOUS
10
5.52499
20
-3.57893
11
5.52848
21
-3.57545
0
LINE
8
BLACK
6
CONTINUOUS
10
5.52848
20
-3.57545
11
5.53287
21
-3.57321
0
LINE
8
BLACK
6
CONTINUOUS
10
5.53287
20
-3.57321
11
5.53774
21
-3.57244
0
LINE
8
BLACK
6
CONTINUOUS
10
5.53774
20
-3.57244
11
5.5426
21
-3.57321
0
LINE
8
BLACK
6
CONTINUOUS
10
5.5426
20
-3.53187
11
5.54699
21
-3.53411
0
LINE
8
BLACK
6
CONTINUOUS
10
5.54699
20
-3.53411
11
5.55048
21
-3.53759
0
LINE
8
BLACK
6
CONTINUOUS
10
5.55048
20
-3.53759
11
5.55271
21
-3.54198
0
LINE
8
BLACK
6
CONTINUOUS
10
5.55271
20
-3.54198
11
5.55348
21
-3.54685
0
LINE
8
BLACK
6
CONTINUOUS
10
5.55348
20
-3.54685
11
5.55271
21
-3.55172
0
LINE
8
BLACK
6
CONTINUOUS
10
5.55271
20
-3.55172
11
5.55048
21
-3.55611
0
LINE
8
BLACK
6
CONTINUOUS
10
5.55048
20
-3.55611
11
5.54699
21
-3.55959
0
LINE
8
BLACK
6
CONTINUOUS
10
5.54699
20
-3.55959
11
5.5426
21
-3.56183
0
LINE
8
BLACK
6
CONTINUOUS
10
5.5426
20
-3.56183
11
5.53774
21
-3.5626
0
LINE
8
BLACK
6
CONTINUOUS
10
5.53774
20
-3.5626
11
5.53287
21
-3.56183
0
LINE
8
BLACK
6
CONTINUOUS
10
5.53287
20
-3.56183
11
5.52848
21
-3.55959
0
LINE
8
BLACK
6
CONTINUOUS
10
5.52848
20
-3.55959
11
5.52499
21
-3.55611
0
LINE
8
BLACK
6
CONTINUOUS
10
5.52499
20
-3.55611
11
5.52276
21
-3.55172
0
LINE
8
BLACK
6
CONTINUOUS
10
5.52276
20
-3.55172
11
5.52199
21
-3.54685
0
LINE
8
BLACK
6
CONTINUOUS
10
5.52199
20
-3.54685
11
5.52276
21
-3.54198
0
LINE
8
BLACK
6
CONTINUOUS
10
5.52276
20
-3.54198
11
5.52499
21
-3.53759
0
LINE
8
BLACK
6
CONTINUOUS
10
5.52499
20
-3.53759
11
5.52848
21
-3.53411
0
LINE
8
BLACK
6
CONTINUOUS
10
5.52848
20
-3.53411
11
5.53287
21
-3.53187
0
LINE
8
BLACK
6
CONTINUOUS
10
5.53287
20
-3.53187
11
5.53774
21
-3.5311
0
LINE
8
BLACK
6
CONTINUOUS
10
5.53774
20
-3.5311
11
5.5426
21
-3.53187
0
LINE
8
BLACK
6
CONTINUOUS
10
6.25678
20
-3.55695
11
6.26117
21
-3.55919
0
LINE
8
BLACK
6
CONTINUOUS
10
6.26117
20
-3.55919
11
6.26465
21
-3.56267
0
LINE
8
BLACK
6
CONTINUOUS
10
6.26465
20
-3.56267
11
6.26689
21
-3.56706
0
LINE
8
BLACK
6
CONTINUOUS
10
6.26689
20
-3.56706
11
6.26766
21
-3.57193
0
LINE
8
BLACK
6
CONTINUOUS
10
6.26766
20
-3.57193
11
6.26689
21
-3.5768
0
LINE
8
BLACK
6
CONTINUOUS
10
6.26689
20
-3.5768
11
6.26465
21
-3.58119
0
LINE
8
BLACK
6
CONTINUOUS
10
6.26465
20
-3.58119
11
6.26117
21
-3.58467
0
LINE
8
BLACK
6
CONTINUOUS
10
6.26117
20
-3.58467
11
6.25678
21
-3.58691
0
LINE
8
BLACK
6
CONTINUOUS
10
6.25678
20
-3.58691
11
6.25191
21
-3.58768
0
LINE
8
BLACK
6
CONTINUOUS
10
6.25191
20
-3.58768
11
6.24704
21
-3.58691
0
LINE
8
BLACK
6
CONTINUOUS
10
6.24704
20
-3.58691
11
6.24265
21
-3.58467
0
LINE
8
BLACK
6
CONTINUOUS
10
6.24265
20
-3.58467
11
6.23917
21
-3.58119
0
LINE
8
BLACK
6
CONTINUOUS
10
6.23917
20
-3.58119
11
6.23693
21
-3.5768
0
LINE
8
BLACK
6
CONTINUOUS
10
6.23693
20
-3.5768
11
6.23616
21
-3.57193
0
LINE
8
BLACK
6
CONTINUOUS
10
6.23616
20
-3.57193
11
6.23693
21
-3.56706
0
LINE
8
BLACK
6
CONTINUOUS
10
6.23693
20
-3.56706
11
6.23917
21
-3.56267
0
LINE
8
BLACK
6
CONTINUOUS
10
6.23917
20
-3.56267
11
6.24265
21
-3.55919
0
LINE
8
BLACK
6
CONTINUOUS
10
6.24265
20
-3.55919
11
6.24704
21
-3.55695
0
LINE
8
BLACK
6
CONTINUOUS
10
6.24704
20
-3.55695
11
6.25191
21
-3.55618
0
LINE
8
BLACK
6
CONTINUOUS
10
6.25191
20
-3.55618
11
6.25678
21
-3.55695
0
LINE
8
BLACK
6
CONTINUOUS
10
5.16926
20
-3.54443
11
5.17365
21
-3.54667
0
LINE
8
BLACK
6
CONTINUOUS
10
5.17365
20
-3.54667
11
5.17713
21
-3.55015
0
LINE
8
BLACK
6
CONTINUOUS
10
5.17713
20
-3.55015
11
5.17937
21
-3.55454
0
LINE
8
BLACK
6
CONTINUOUS
10
5.17937
20
-3.55454
11
5.18014
21
-3.55941
0
LINE
8
BLACK
6
CONTINUOUS
10
5.18014
20
-3.55941
11
5.17937
21
-3.56428
0
LINE
8
BLACK
6
CONTINUOUS
10
5.17937
20
-3.56428
11
5.17713
21
-3.56867
0
LINE
8
BLACK
6
CONTINUOUS
10
5.17713
20
-3.56867
11
5.17365
21
-3.57215
0
LINE
8
BLACK
6
CONTINUOUS
10
5.17365
20
-3.57215
11
5.16926
21
-3.57439
0
LINE
8
BLACK
6
CONTINUOUS
10
5.16926
20
-3.57439
11
5.16439
21
-3.57516
0
LINE
8
BLACK
6
CONTINUOUS
10
5.16439
20
-3.57516
11
5.15952
21
-3.57439
0
LINE
8
BLACK
6
CONTINUOUS
10
5.15952
20
-3.57439
11
5.15513
21
-3.57215
0
LINE
8
BLACK
6
CONTINUOUS
10
5.15513
20
-3.57215
11
5.15165
21
-3.56867
0
LINE
8
BLACK
6
CONTINUOUS
10
5.15165
20
-3.56867
11
5.14941
21
-3.56428
0
LINE
8
BLACK
6
CONTINUOUS
10
5.14941
20
-3.56428
11
5.14864
21
-3.55941
0
LINE
8
BLACK
6
CONTINUOUS
10
5.14864
20
-3.55941
11
5.14941
21
-3.55454
0
LINE
8
BLACK
6
CONTINUOUS
10
5.14941
20
-3.55454
11
5.15165
21
-3.55015
0
LINE
8
BLACK
6
CONTINUOUS
10
5.15165
20
-3.55015
11
5.15513
21
-3.54667
0
LINE
8
BLACK
6
CONTINUOUS
10
5.15513
20
-3.54667
11
5.15952
21
-3.54443
0
LINE
8
BLACK
6
CONTINUOUS
10
5.15952
20
-3.54443
11
5.16439
21
-3.54366
0
LINE
8
BLACK
6
CONTINUOUS
10
5.16439
20
-3.54366
11
5.16926
21
-3.54443
0
LINE
8
BLACK
6
CONTINUOUS
10
5.93417
20
-3.55022
11
5.93856
21
-3.55246
0
LINE
8
BLACK
6
CONTINUOUS
10
5.93856
20
-3.55246
11
5.94204
21
-3.55594
0
LINE
8
BLACK
6
CONTINUOUS
10
5.94204
20
-3.55594
11
5.94428
21
-3.56033
0
LINE
8
BLACK
6
CONTINUOUS
10
5.94428
20
-3.56033
11
5.94505
21
-3.5652
0
LINE
8
BLACK
6
CONTINUOUS
10
5.94505
20
-3.5652
11
5.94428
21
-3.57006
0
LINE
8
BLACK
6
CONTINUOUS
10
5.94428
20
-3.57006
11
5.94204
21
-3.57445
0
LINE
8
BLACK
6
CONTINUOUS
10
5.94204
20
-3.57445
11
5.93856
21
-3.57794
0
LINE
8
BLACK
6
CONTINUOUS
10
5.93856
20
-3.57794
11
5.93417
21
-3.58017
0
LINE
8
BLACK
6
CONTINUOUS
10
5.93417
20
-3.58017
11
5.9293
21
-3.58094
0
LINE
8
BLACK
6
CONTINUOUS
10
5.9293
20
-3.58094
11
5.92443
21
-3.58017
0
LINE
8
BLACK
6
CONTINUOUS
10
5.92443
20
-3.58017
11
5.92004
21
-3.57794
0
LINE
8
BLACK
6
CONTINUOUS
10
5.92004
20
-3.57794
11
5.91656
21
-3.57445
0
LINE
8
BLACK
6
CONTINUOUS
10
5.91656
20
-3.57445
11
5.91432
21
-3.57006
0
LINE
8
BLACK
6
CONTINUOUS
10
5.91432
20
-3.57006
11
5.91355
21
-3.5652
0
LINE
8
BLACK
6
CONTINUOUS
10
5.91355
20
-3.5652
11
5.91432
21
-3.56033
0
LINE
8
BLACK
6
CONTINUOUS
10
5.91432
20
-3.56033
11
5.91656
21
-3.55594
0
LINE
8
BLACK
6
CONTINUOUS
10
5.91656
20
-3.55594
11
5.92004
21
-3.55246
0
LINE
8
BLACK
6
CONTINUOUS
10
5.92004
20
-3.55246
11
5.92443
21
-3.55022
0
LINE
8
BLACK
6
CONTINUOUS
10
5.92443
20
-3.55022
11
5.9293
21
-3.54945
0
LINE
8
BLACK
6
CONTINUOUS
10
5.9293
20
-3.54945
11
5.93417
21
-3.55022
0
LINE
8
BLACK
6
CONTINUOUS
10
5.33233
20
-3.54494
11
5.33672
21
-3.54718
0
LINE
8
BLACK
6
CONTINUOUS
10
5.33672
20
-3.54718
11
5.3402
21
-3.55066
0
LINE
8
BLACK
6
CONTINUOUS
10
5.3402
20
-3.55066
11
5.34244
21
-3.55505
0
LINE
8
BLACK
6
CONTINUOUS
10
5.34244
20
-3.55505
11
5.34321
21
-3.55992
0
LINE
8
BLACK
6
CONTINUOUS
10
5.34321
20
-3.55992
11
5.34244
21
-3.56479
0
LINE
8
BLACK
6
CONTINUOUS
10
5.34244
20
-3.56479
11
5.3402
21
-3.56918
0
LINE
8
BLACK
6
CONTINUOUS
10
5.3402
20
-3.56918
11
5.33672
21
-3.57266
0
LINE
8
BLACK
6
CONTINUOUS
10
5.33672
20
-3.57266
11
5.33233
21
-3.5749
0
LINE
8
BLACK
6
CONTINUOUS
10
5.33233
20
-3.5749
11
5.32746
21
-3.57567
0
LINE
8
BLACK
6
CONTINUOUS
10
5.32746
20
-3.57567
11
5.32259
21
-3.5749
0
LINE
8
BLACK
6
CONTINUOUS
10
5.32259
20
-3.5749
11
5.3182
21
-3.57266
0
LINE
8
BLACK
6
CONTINUOUS
10
5.3182
20
-3.57266
11
5.31472
21
-3.56918
0
LINE
8
BLACK
6
CONTINUOUS
10
5.31472
20
-3.56918
11
5.31248
21
-3.56479
0
LINE
8
BLACK
6
CONTINUOUS
10
5.31248
20
-3.56479
11
5.31171
21
-3.55992
0
LINE
8
BLACK
6
CONTINUOUS
10
5.31171
20
-3.55992
11
5.31248
21
-3.55505
0
LINE
8
BLACK
6
CONTINUOUS
10
5.31248
20
-3.55505
11
5.31472
21
-3.55066
0
LINE
8
BLACK
6
CONTINUOUS
10
5.31472
20
-3.55066
11
5.3182
21
-3.54718
0
LINE
8
BLACK
6
CONTINUOUS
10
5.3182
20
-3.54718
11
5.32259
21
-3.54494
0
LINE
8
BLACK
6
CONTINUOUS
10
5.32259
20
-3.54494
11
5.32746
21
-3.54417
0
LINE
8
BLACK
6
CONTINUOUS
10
5.32746
20
-3.54417
11
5.33233
21
-3.54494
0
LINE
8
BLACK
6
CONTINUOUS
10
5.78977
20
-3.45994
11
5.79416
21
-3.46218
0
LINE
8
BLACK
6
CONTINUOUS
10
5.79416
20
-3.46218
11
5.79764
21
-3.46566
0
LINE
8
BLACK
6
CONTINUOUS
10
5.79764
20
-3.46566
11
5.79988
21
-3.47005
0
LINE
8
BLACK
6
CONTINUOUS
10
5.79988
20
-3.47005
11
5.80065
21
-3.47492
0
LINE
8
BLACK
6
CONTINUOUS
10
5.80065
20
-3.47492
11
5.79988
21
-3.47979
0
LINE
8
BLACK
6
CONTINUOUS
10
5.79988
20
-3.47979
11
5.79764
21
-3.48418
0
LINE
8
BLACK
6
CONTINUOUS
10
5.79764
20
-3.48418
11
5.79416
21
-3.48766
0
LINE
8
BLACK
6
CONTINUOUS
10
5.79416
20
-3.48766
11
5.78977
21
-3.4899
0
LINE
8
BLACK
6
CONTINUOUS
10
5.78977
20
-3.4899
11
5.7849
21
-3.49067
0
LINE
8
BLACK
6
CONTINUOUS
10
5.7849
20
-3.49067
11
5.78004
21
-3.4899
0
LINE
8
BLACK
6
CONTINUOUS
10
5.78004
20
-3.4899
11
5.77565
21
-3.48766
0
LINE
8
BLACK
6
CONTINUOUS
10
5.77565
20
-3.48766
11
5.77216
21
-3.48418
0
LINE
8
BLACK
6
CONTINUOUS
10
5.77216
20
-3.48418
11
5.76992
21
-3.47979
0
LINE
8
BLACK
6
CONTINUOUS
10
5.76992
20
-3.47979
11
5.76915
21
-3.47492
0
LINE
8
BLACK
6
CONTINUOUS
10
5.76915
20
-3.47492
11
5.76992
21
-3.47005
0
LINE
8
BLACK
6
CONTINUOUS
10
5.76992
20
-3.47005
11
5.77216
21
-3.46566
0
LINE
8
BLACK
6
CONTINUOUS
10
5.77216
20
-3.46566
11
5.77565
21
-3.46218
0
LINE
8
BLACK
6
CONTINUOUS
10
5.77565
20
-3.46218
11
5.78004
21
-3.45994
0
LINE
8
BLACK
6
CONTINUOUS
10
5.78004
20
-3.45994
11
5.7849
21
-3.45917
0
LINE
8
BLACK
6
CONTINUOUS
10
5.7849
20
-3.45917
11
5.78977
21
-3.45994
0
LINE
8
BLACK
6
CONTINUOUS
10
6.77247
20
-3.47512
11
6.77631
21
-3.47708
0
LINE
8
BLACK
6
CONTINUOUS
10
6.77631
20
-3.47708
11
6.77936
21
-3.48013
0
LINE
8
BLACK
6
CONTINUOUS
10
6.77936
20
-3.48013
11
6.78131
21
-3.48397
0
LINE
8
BLACK
6
CONTINUOUS
10
6.78131
20
-3.48397
11
6.78199
21
-3.48823
0
LINE
8
BLACK
6
CONTINUOUS
10
6.78199
20
-3.48823
11
6.78131
21
-3.49249
0
LINE
8
BLACK
6
CONTINUOUS
10
6.78131
20
-3.49249
11
6.77936
21
-3.49633
0
LINE
8
BLACK
6
CONTINUOUS
10
6.77936
20
-3.49633
11
6.77631
21
-3.49938
0
LINE
8
BLACK
6
CONTINUOUS
10
6.77631
20
-3.49938
11
6.77247
21
-3.50133
0
LINE
8
BLACK
6
CONTINUOUS
10
6.77247
20
-3.50133
11
6.76821
21
-3.50201
0
LINE
8
BLACK
6
CONTINUOUS
10
6.76821
20
-3.50201
11
6.76395
21
-3.50133
0
LINE
8
BLACK
6
CONTINUOUS
10
6.76395
20
-3.50133
11
6.76011
21
-3.49938
0
LINE
8
BLACK
6
CONTINUOUS
10
6.76011
20
-3.49938
11
6.75706
21
-3.49633
0
LINE
8
BLACK
6
CONTINUOUS
10
6.75706
20
-3.49633
11
6.7551
21
-3.49249
0
LINE
8
BLACK
6
CONTINUOUS
10
6.7551
20
-3.49249
11
6.75443
21
-3.48823
0
LINE
8
BLACK
6
CONTINUOUS
10
6.75443
20
-3.48823
11
6.7551
21
-3.48397
0
LINE
8
BLACK
6
CONTINUOUS
10
6.7551
20
-3.48397
11
6.75706
21
-3.48013
0
LINE
8
BLACK
6
CONTINUOUS
10
6.75706
20
-3.48013
11
6.76011
21
-3.47708
0
LINE
8
BLACK
6
CONTINUOUS
10
6.76011
20
-3.47708
11
6.76395
21
-3.47512
0
LINE
8
BLACK
6
CONTINUOUS
10
6.76395
20
-3.47512
11
6.76821
21
-3.47445
0
LINE
8
BLACK
6
CONTINUOUS
10
6.76821
20
-3.47445
11
6.77247
21
-3.47512
0
LINE
8
BLACK
6
CONTINUOUS
10
5.31741
20
-3.37711
11
5.3218
21
-3.37935
0
LINE
8
BLACK
6
CONTINUOUS
10
5.3218
20
-3.37935
11
5.32528
21
-3.38283
0
LINE
8
BLACK
6
CONTINUOUS
10
5.32528
20
-3.38283
11
5.32752
21
-3.38722
0
LINE
8
BLACK
6
CONTINUOUS
10
5.32752
20
-3.38722
11
5.32829
21
-3.39209
0
LINE
8
BLACK
6
CONTINUOUS
10
5.32829
20
-3.39209
11
5.32752
21
-3.39695
0
LINE
8
BLACK
6
CONTINUOUS
10
5.32752
20
-3.39695
11
5.32528
21
-3.40134
0
LINE
8
BLACK
6
CONTINUOUS
10
5.32528
20
-3.40134
11
5.3218
21
-3.40483
0
LINE
8
BLACK
6
CONTINUOUS
10
5.3218
20
-3.40483
11
5.31741
21
-3.40706
0
LINE
8
BLACK
6
CONTINUOUS
10
5.31741
20
-3.40706
11
5.31254
21
-3.40783
0
LINE
8
BLACK
6
CONTINUOUS
10
5.31254
20
-3.40783
11
5.30767
21
-3.40706
0
LINE
8
BLACK
6
CONTINUOUS
10
5.30767
20
-3.40706
11
5.30328
21
-3.40483
0
LINE
8
BLACK
6
CONTINUOUS
10
5.30328
20
-3.40483
11
5.2998
21
-3.40134
0
LINE
8
BLACK
6
CONTINUOUS
10
5.2998
20
-3.40134
11
5.29756
21
-3.39695
0
LINE
8
BLACK
6
CONTINUOUS
10
5.29756
20
-3.39695
11
5.29679
21
-3.39209
0
LINE
8
BLACK
6
CONTINUOUS
10
5.29679
20
-3.39209
11
5.29756
21
-3.38722
0
LINE
8
BLACK
6
CONTINUOUS
10
5.29756
20
-3.38722
11
5.2998
21
-3.38283
0
LINE
8
BLACK
6
CONTINUOUS
10
5.2998
20
-3.38283
11
5.30328
21
-3.37935
0
LINE
8
BLACK
6
CONTINUOUS
10
5.30328
20
-3.37935
11
5.30767
21
-3.37711
0
LINE
8
BLACK
6
CONTINUOUS
10
5.30767
20
-3.37711
11
5.31254
21
-3.37634
0
LINE
8
BLACK
6
CONTINUOUS
10
5.31254
20
-3.37634
11
5.31741
21
-3.37711
0
LINE
8
BLACK
6
CONTINUOUS
10
5.18977
20
-3.34994
11
5.19416
21
-3.35218
0
LINE
8
BLACK
6
CONTINUOUS
10
5.19416
20
-3.35218
11
5.19764
21
-3.35566
0
LINE
8
BLACK
6
CONTINUOUS
10
5.19764
20
-3.35566
11
5.19988
21
-3.36005
0
LINE
8
BLACK
6
CONTINUOUS
10
5.19988
20
-3.36005
11
5.20065
21
-3.36492
0
LINE
8
BLACK
6
CONTINUOUS
10
5.20065
20
-3.36492
11
5.19988
21
-3.36979
0
LINE
8
BLACK
6
CONTINUOUS
10
5.19988
20
-3.36979
11
5.19764
21
-3.37418
0
LINE
8
BLACK
6
CONTINUOUS
10
5.19764
20
-3.37418
11
5.19416
21
-3.37766
0
LINE
8
BLACK
6
CONTINUOUS
10
5.19416
20
-3.37766
11
5.18977
21
-3.3799
0
LINE
8
BLACK
6
CONTINUOUS
10
5.18977
20
-3.3799
11
5.1849
21
-3.38067
0
LINE
8
BLACK
6
CONTINUOUS
10
5.1849
20
-3.38067
11
5.18004
21
-3.3799
0
LINE
8
BLACK
6
CONTINUOUS
10
5.18004
20
-3.3799
11
5.17565
21
-3.37766
0
LINE
8
BLACK
6
CONTINUOUS
10
5.17565
20
-3.37766
11
5.17216
21
-3.37418
0
LINE
8
BLACK
6
CONTINUOUS
10
5.17216
20
-3.37418
11
5.16992
21
-3.36979
0
LINE
8
BLACK
6
CONTINUOUS
10
5.16992
20
-3.36979
11
5.16915
21
-3.36492
0
LINE
8
BLACK
6
CONTINUOUS
10
5.16915
20
-3.36492
11
5.16992
21
-3.36005
0
LINE
8
BLACK
6
CONTINUOUS
10
5.16992
20
-3.36005
11
5.17216
21
-3.35566
0
LINE
8
BLACK
6
CONTINUOUS
10
5.17216
20
-3.35566
11
5.17565
21
-3.35218
0
LINE
8
BLACK
6
CONTINUOUS
10
5.17565
20
-3.35218
11
5.18004
21
-3.34994
0
LINE
8
BLACK
6
CONTINUOUS
10
5.18004
20
-3.34994
11
5.1849
21
-3.34917
0
LINE
8
BLACK
6
CONTINUOUS
10
5.1849
20
-3.34917
11
5.18977
21
-3.34994
0
LINE
8
BLACK
6
CONTINUOUS
10
6.11977
20
-3.27494
11
6.12416
21
-3.27718
0
LINE
8
BLACK
6
CONTINUOUS
10
6.12416
20
-3.27718
11
6.12764
21
-3.28066
0
LINE
8
BLACK
6
CONTINUOUS
10
6.12764
20
-3.28066
11
6.12988
21
-3.28505
0
LINE
8
BLACK
6
CONTINUOUS
10
6.12988
20
-3.28505
11
6.13065
21
-3.28992
0
LINE
8
BLACK
6
CONTINUOUS
10
6.13065
20
-3.28992
11
6.12988
21
-3.29479
0
LINE
8
BLACK
6
CONTINUOUS
10
6.12988
20
-3.29479
11
6.12764
21
-3.29918
0
LINE
8
BLACK
6
CONTINUOUS
10
6.12764
20
-3.29918
11
6.12416
21
-3.30266
0
LINE
8
BLACK
6
CONTINUOUS
10
6.12416
20
-3.30266
11
6.11977
21
-3.3049
0
LINE
8
BLACK
6
CONTINUOUS
10
6.11977
20
-3.3049
11
6.1149
21
-3.30567
0
LINE
8
BLACK
6
CONTINUOUS
10
6.1149
20
-3.30567
11
6.11004
21
-3.3049
0
LINE
8
BLACK
6
CONTINUOUS
10
6.11004
20
-3.3049
11
6.10565
21
-3.30266
0
LINE
8
BLACK
6
CONTINUOUS
10
6.10565
20
-3.30266
11
6.10216
21
-3.29918
0
LINE
8
BLACK
6
CONTINUOUS
10
6.10216
20
-3.29918
11
6.09992
21
-3.29479
0
LINE
8
BLACK
6
CONTINUOUS
10
6.09992
20
-3.29479
11
6.09915
21
-3.28992
0
LINE
8
BLACK
6
CONTINUOUS
10
6.09915
20
-3.28992
11
6.09992
21
-3.28505
0
LINE
8
BLACK
6
CONTINUOUS
10
6.09992
20
-3.28505
11
6.10216
21
-3.28066
0
LINE
8
BLACK
6
CONTINUOUS
10
6.10216
20
-3.28066
11
6.10565
21
-3.27718
0
LINE
8
BLACK
6
CONTINUOUS
10
6.10565
20
-3.27718
11
6.11004
21
-3.27494
0
LINE
8
BLACK
6
CONTINUOUS
10
6.11004
20
-3.27494
11
6.1149
21
-3.27417
0
LINE
8
BLACK
6
CONTINUOUS
10
6.1149
20
-3.27417
11
6.11977
21
-3.27494
0
LINE
8
BLACK
6
CONTINUOUS
10
5.22922
20
-3.26136
11
5.23361
21
-3.2636
0
LINE
8
BLACK
6
CONTINUOUS
10
5.23361
20
-3.2636
11
5.23709
21
-3.26708
0
LINE
8
BLACK
6
CONTINUOUS
10
5.23709
20
-3.26708
11
5.23933
21
-3.27147
0
LINE
8
BLACK
6
CONTINUOUS
10
5.23933
20
-3.27147
11
5.2401
21
-3.27634
0
LINE
8
BLACK
6
CONTINUOUS
10
5.2401
20
-3.27634
11
5.23933
21
-3.2812
0
LINE
8
BLACK
6
CONTINUOUS
10
5.23933
20
-3.2812
11
5.23709
21
-3.2856
0
LINE
8
BLACK
6
CONTINUOUS
10
5.23709
20
-3.2856
11
5.23361
21
-3.28908
0
LINE
8
BLACK
6
CONTINUOUS
10
5.23361
20
-3.28908
11
5.22922
21
-3.29132
0
LINE
8
BLACK
6
CONTINUOUS
10
5.22922
20
-3.29132
11
5.22435
21
-3.29209
0
LINE
8
BLACK
6
CONTINUOUS
10
5.22435
20
-3.29209
11
5.21948
21
-3.29132
0
LINE
8
BLACK
6
CONTINUOUS
10
5.21948
20
-3.29132
11
5.21509
21
-3.28908
0
LINE
8
BLACK
6
CONTINUOUS
10
5.21509
20
-3.28908
11
5.21161
21
-3.2856
0
LINE
8
BLACK
6
CONTINUOUS
10
5.21161
20
-3.2856
11
5.20937
21
-3.2812
0
LINE
8
BLACK
6
CONTINUOUS
10
5.20937
20
-3.2812
11
5.2086
21
-3.27634
0
LINE
8
BLACK
6
CONTINUOUS
10
5.2086
20
-3.27634
11
5.20937
21
-3.27147
0
LINE
8
BLACK
6
CONTINUOUS
10
5.20937
20
-3.27147
11
5.21161
21
-3.26708
0
LINE
8
BLACK
6
CONTINUOUS
10
5.21161
20
-3.26708
11
5.21509
21
-3.2636
0
LINE
8
BLACK
6
CONTINUOUS
10
5.21509
20
-3.2636
11
5.21948
21
-3.26136
0
LINE
8
BLACK
6
CONTINUOUS
10
5.21948
20
-3.26136
11
5.22435
21
-3.26059
0
LINE
8
BLACK
6
CONTINUOUS
10
5.22435
20
-3.26059
11
5.22922
21
-3.26136
0
LINE
8
BLACK
6
CONTINUOUS
10
5.2763
20
-3.24936
11
5.28069
21
-3.2516
0
LINE
8
BLACK
6
CONTINUOUS
10
5.28069
20
-3.2516
11
5.28418
21
-3.25508
0
LINE
8
BLACK
6
CONTINUOUS
10
5.28418
20
-3.25508
11
5.28641
21
-3.25947
0
LINE
8
BLACK
6
CONTINUOUS
10
5.28641
20
-3.25947
11
5.28719
21
-3.26434
0
LINE
8
BLACK
6
CONTINUOUS
10
5.28719
20
-3.26434
11
5.28641
21
-3.26921
0
LINE
8
BLACK
6
CONTINUOUS
10
5.28641
20
-3.26921
11
5.28418
21
-3.2736
0
LINE
8
BLACK
6
CONTINUOUS
10
5.28418
20
-3.2736
11
5.28069
21
-3.27708
0
LINE
8
BLACK
6
CONTINUOUS
10
5.28069
20
-3.27708
11
5.2763
21
-3.27932
0
LINE
8
BLACK
6
CONTINUOUS
10
5.2763
20
-3.27932
11
5.27144
21
-3.28009
0
LINE
8
BLACK
6
CONTINUOUS
10
5.27144
20
-3.28009
11
5.26657
21
-3.27932
0
LINE
8
BLACK
6
CONTINUOUS
10
5.26657
20
-3.27932
11
5.26218
21
-3.27708
0
LINE
8
BLACK
6
CONTINUOUS
10
5.26218
20
-3.27708
11
5.2587
21
-3.2736
0
LINE
8
BLACK
6
CONTINUOUS
10
5.2587
20
-3.2736
11
5.25646
21
-3.26921
0
LINE
8
BLACK
6
CONTINUOUS
10
5.25646
20
-3.26921
11
5.25569
21
-3.26434
0
LINE
8
BLACK
6
CONTINUOUS
10
5.25569
20
-3.26434
11
5.25646
21
-3.25947
0
LINE
8
BLACK
6
CONTINUOUS
10
5.25646
20
-3.25947
11
5.2587
21
-3.25508
0
LINE
8
BLACK
6
CONTINUOUS
10
5.2587
20
-3.25508
11
5.26218
21
-3.2516
0
LINE
8
BLACK
6
CONTINUOUS
10
5.26218
20
-3.2516
11
5.26657
21
-3.24936
0
LINE
8
BLACK
6
CONTINUOUS
10
5.26657
20
-3.24936
11
5.27144
21
-3.24859
0
LINE
8
BLACK
6
CONTINUOUS
10
5.27144
20
-3.24859
11
5.2763
21
-3.24936
0
LINE
8
BLACK
6
CONTINUOUS
10
5.47977
20
-3.24443
11
5.48416
21
-3.24667
0
LINE
8
BLACK
6
CONTINUOUS
10
5.48416
20
-3.24667
11
5.48764
21
-3.25015
0
LINE
8
BLACK
6
CONTINUOUS
10
5.48764
20
-3.25015
11
5.48988
21
-3.25454
0
LINE
8
BLACK
6
CONTINUOUS
10
5.48988
20
-3.25454
11
5.49065
21
-3.25941
0
LINE
8
BLACK
6
CONTINUOUS
10
5.49065
20
-3.25941
11
5.48988
21
-3.26428
0
LINE
8
BLACK
6
CONTINUOUS
10
5.48988
20
-3.26428
11
5.48764
21
-3.26867
0
LINE
8
BLACK
6
CONTINUOUS
10
5.48764
20
-3.26867
11
5.48416
21
-3.27215
0
LINE
8
BLACK
6
CONTINUOUS
10
5.48416
20
-3.27215
11
5.47977
21
-3.27439
0
LINE
8
BLACK
6
CONTINUOUS
10
5.47977
20
-3.27439
11
5.4749
21
-3.27516
0
LINE
8
BLACK
6
CONTINUOUS
10
5.4749
20
-3.27516
11
5.47004
21
-3.27439
0
LINE
8
BLACK
6
CONTINUOUS
10
5.47004
20
-3.27439
11
5.46565
21
-3.27215
0
LINE
8
BLACK
6
CONTINUOUS
10
5.46565
20
-3.27215
11
5.46216
21
-3.26867
0
LINE
8
BLACK
6
CONTINUOUS
10
5.46216
20
-3.26867
11
5.45992
21
-3.26428
0
LINE
8
BLACK
6
CONTINUOUS
10
5.45992
20
-3.26428
11
5.45915
21
-3.25941
0
LINE
8
BLACK
6
CONTINUOUS
10
5.45915
20
-3.25941
11
5.45992
21
-3.25454
0
LINE
8
BLACK
6
CONTINUOUS
10
5.45992
20
-3.25454
11
5.46216
21
-3.25015
0
LINE
8
BLACK
6
CONTINUOUS
10
5.46216
20
-3.25015
11
5.46565
21
-3.24667
0
LINE
8
BLACK
6
CONTINUOUS
10
5.46565
20
-3.24667
11
5.47004
21
-3.24443
0
LINE
8
BLACK
6
CONTINUOUS
10
5.47004
20
-3.24443
11
5.4749
21
-3.24366
0
LINE
8
BLACK
6
CONTINUOUS
10
5.4749
20
-3.24366
11
5.47977
21
-3.24443
0
LINE
8
BLACK
6
CONTINUOUS
10
5.55977
20
-3.22994
11
5.56416
21
-3.23218
0
LINE
8
BLACK
6
CONTINUOUS
10
5.56416
20
-3.23218
11
5.56764
21
-3.23566
0
LINE
8
BLACK
6
CONTINUOUS
10
5.56764
20
-3.23566
11
5.56988
21
-3.24005
0
LINE
8
BLACK
6
CONTINUOUS
10
5.56988
20
-3.24005
11
5.57065
21
-3.24492
0
LINE
8
BLACK
6
CONTINUOUS
10
5.57065
20
-3.24492
11
5.56988
21
-3.24979
0
LINE
8
BLACK
6
CONTINUOUS
10
5.56988
20
-3.24979
11
5.56764
21
-3.25418
0
LINE
8
BLACK
6
CONTINUOUS
10
5.56764
20
-3.25418
11
5.56416
21
-3.25766
0
LINE
8
BLACK
6
CONTINUOUS
10
5.56416
20
-3.25766
11
5.55977
21
-3.2599
0
LINE
8
BLACK
6
CONTINUOUS
10
5.55977
20
-3.2599
11
5.5549
21
-3.26067
0
LINE
8
BLACK
6
CONTINUOUS
10
5.5549
20
-3.26067
11
5.55004
21
-3.2599
0
LINE
8
BLACK
6
CONTINUOUS
10
5.55004
20
-3.2599
11
5.54565
21
-3.25766
0
LINE
8
BLACK
6
CONTINUOUS
10
5.54565
20
-3.25766
11
5.54216
21
-3.25418
0
LINE
8
BLACK
6
CONTINUOUS
10
5.54216
20
-3.25418
11
5.53992
21
-3.24979
0
LINE
8
BLACK
6
CONTINUOUS
10
5.53992
20
-3.24979
11
5.53915
21
-3.24492
0
LINE
8
BLACK
6
CONTINUOUS
10
5.53915
20
-3.24492
11
5.53992
21
-3.24005
0
LINE
8
BLACK
6
CONTINUOUS
10
5.53992
20
-3.24005
11
5.54216
21
-3.23566
0
LINE
8
BLACK
6
CONTINUOUS
10
5.54216
20
-3.23566
11
5.54565
21
-3.23218
0
LINE
8
BLACK
6
CONTINUOUS
10
5.54565
20
-3.23218
11
5.55004
21
-3.22994
0
LINE
8
BLACK
6
CONTINUOUS
10
5.55004
20
-3.22994
11
5.5549
21
-3.22917
0
LINE
8
BLACK
6
CONTINUOUS
10
5.5549
20
-3.22917
11
5.55977
21
-3.22994
0
LINE
8
BLACK
6
CONTINUOUS
10
5.64977
20
-3.21994
11
5.65416
21
-3.22218
0
LINE
8
BLACK
6
CONTINUOUS
10
5.65416
20
-3.22218
11
5.65764
21
-3.22566
0
LINE
8
BLACK
6
CONTINUOUS
10
5.65764
20
-3.22566
11
5.65988
21
-3.23005
0
LINE
8
BLACK
6
CONTINUOUS
10
5.65988
20
-3.23005
11
5.66065
21
-3.23492
0
LINE
8
BLACK
6
CONTINUOUS
10
5.66065
20
-3.23492
11
5.65988
21
-3.23979
0
LINE
8
BLACK
6
CONTINUOUS
10
5.65988
20
-3.23979
11
5.65764
21
-3.24418
0
LINE
8
BLACK
6
CONTINUOUS
10
5.65764
20
-3.24418
11
5.65416
21
-3.24766
0
LINE
8
BLACK
6
CONTINUOUS
10
5.65416
20
-3.24766
11
5.64977
21
-3.2499
0
LINE
8
BLACK
6
CONTINUOUS
10
5.64977
20
-3.2499
11
5.6449
21
-3.25067
0
LINE
8
BLACK
6
CONTINUOUS
10
5.6449
20
-3.25067
11
5.64004
21
-3.2499
0
LINE
8
BLACK
6
CONTINUOUS
10
5.64004
20
-3.2499
11
5.63565
21
-3.24766
0
LINE
8
BLACK
6
CONTINUOUS
10
5.63565
20
-3.24766
11
5.63216
21
-3.24418
0
LINE
8
BLACK
6
CONTINUOUS
10
5.63216
20
-3.24418
11
5.62992
21
-3.23979
0
LINE
8
BLACK
6
CONTINUOUS
10
5.62992
20
-3.23979
11
5.62915
21
-3.23492
0
LINE
8
BLACK
6
CONTINUOUS
10
5.62915
20
-3.23492
11
5.62992
21
-3.23005
0
LINE
8
BLACK
6
CONTINUOUS
10
5.62992
20
-3.23005
11
5.63216
21
-3.22566
0
LINE
8
BLACK
6
CONTINUOUS
10
5.63216
20
-3.22566
11
5.63565
21
-3.22218
0
LINE
8
BLACK
6
CONTINUOUS
10
5.63565
20
-3.22218
11
5.64004
21
-3.21994
0
LINE
8
BLACK
6
CONTINUOUS
10
5.64004
20
-3.21994
11
5.6449
21
-3.21917
0
LINE
8
BLACK
6
CONTINUOUS
10
5.6449
20
-3.21917
11
5.64977
21
-3.21994
0
LINE
8
BLACK
6
CONTINUOUS
10
5.34477
20
-3.14994
11
5.34916
21
-3.15218
0
LINE
8
BLACK
6
CONTINUOUS
10
5.34916
20
-3.15218
11
5.35264
21
-3.15566
0
LINE
8
BLACK
6
CONTINUOUS
10
5.35264
20
-3.15566
11
5.35488
21
-3.16005
0
LINE
8
BLACK
6
CONTINUOUS
10
5.35488
20
-3.16005
11
5.35565
21
-3.16492
0
LINE
8
BLACK
6
CONTINUOUS
10
5.35565
20
-3.16492
11
5.35488
21
-3.16979
0
LINE
8
BLACK
6
CONTINUOUS
10
5.35488
20
-3.16979
11
5.35264
21
-3.17418
0
LINE
8
BLACK
6
CONTINUOUS
10
5.35264
20
-3.17418
11
5.34916
21
-3.17766
0
LINE
8
BLACK
6
CONTINUOUS
10
5.34916
20
-3.17766
11
5.34477
21
-3.1799
0
LINE
8
BLACK
6
CONTINUOUS
10
5.34477
20
-3.1799
11
5.3399
21
-3.18067
0
LINE
8
BLACK
6
CONTINUOUS
10
5.3399
20
-3.18067
11
5.33504
21
-3.1799
0
LINE
8
BLACK
6
CONTINUOUS
10
5.33504
20
-3.1799
11
5.33065
21
-3.17766
0
LINE
8
BLACK
6
CONTINUOUS
10
5.33065
20
-3.17766
11
5.32716
21
-3.17418
0
LINE
8
BLACK
6
CONTINUOUS
10
5.32716
20
-3.17418
11
5.32492
21
-3.16979
0
LINE
8
BLACK
6
CONTINUOUS
10
5.32492
20
-3.16979
11
5.32415
21
-3.16492
0
LINE
8
BLACK
6
CONTINUOUS
10
5.32415
20
-3.16492
11
5.32492
21
-3.16005
0
LINE
8
BLACK
6
CONTINUOUS
10
5.32492
20
-3.16005
11
5.32716
21
-3.15566
0
LINE
8
BLACK
6
CONTINUOUS
10
5.32716
20
-3.15566
11
5.33065
21
-3.15218
0
LINE
8
BLACK
6
CONTINUOUS
10
5.33065
20
-3.15218
11
5.33504
21
-3.14994
0
LINE
8
BLACK
6
CONTINUOUS
10
5.33504
20
-3.14994
11
5.3399
21
-3.14917
0
LINE
8
BLACK
6
CONTINUOUS
10
5.3399
20
-3.14917
11
5.34477
21
-3.14994
0
LINE
8
BLACK
6
CONTINUOUS
10
5.78977
20
-3.15994
11
5.79416
21
-3.16218
0
LINE
8
BLACK
6
CONTINUOUS
10
5.79416
20
-3.16218
11
5.79764
21
-3.16566
0
LINE
8
BLACK
6
CONTINUOUS
10
5.79764
20
-3.16566
11
5.79988
21
-3.17005
0
LINE
8
BLACK
6
CONTINUOUS
10
5.79988
20
-3.17005
11
5.80065
21
-3.17492
0
LINE
8
BLACK
6
CONTINUOUS
10
5.80065
20
-3.17492
11
5.79988
21
-3.17979
0
LINE
8
BLACK
6
CONTINUOUS
10
5.79988
20
-3.17979
11
5.79764
21
-3.18418
0
LINE
8
BLACK
6
CONTINUOUS
10
5.79764
20
-3.18418
11
5.79416
21
-3.18766
0
LINE
8
BLACK
6
CONTINUOUS
10
5.79416
20
-3.18766
11
5.78977
21
-3.1899
0
LINE
8
BLACK
6
CONTINUOUS
10
5.78977
20
-3.1899
11
5.7849
21
-3.19067
0
LINE
8
BLACK
6
CONTINUOUS
10
5.7849
20
-3.19067
11
5.78004
21
-3.1899
0
LINE
8
BLACK
6
CONTINUOUS
10
5.78004
20
-3.1899
11
5.77565
21
-3.18766
0
LINE
8
BLACK
6
CONTINUOUS
10
5.77565
20
-3.18766
11
5.77216
21
-3.18418
0
LINE
8
BLACK
6
CONTINUOUS
10
5.77216
20
-3.18418
11
5.76992
21
-3.17979
0
LINE
8
BLACK
6
CONTINUOUS
10
5.76992
20
-3.17979
11
5.76915
21
-3.17492
0
LINE
8
BLACK
6
CONTINUOUS
10
5.76915
20
-3.17492
11
5.76992
21
-3.17005
0
LINE
8
BLACK
6
CONTINUOUS
10
5.76992
20
-3.17005
11
5.77216
21
-3.16566
0
LINE
8
BLACK
6
CONTINUOUS
10
5.77216
20
-3.16566
11
5.77565
21
-3.16218
0
LINE
8
BLACK
6
CONTINUOUS
10
5.77565
20
-3.16218
11
5.78004
21
-3.15994
0
LINE
8
BLACK
6
CONTINUOUS
10
5.78004
20
-3.15994
11
5.7849
21
-3.15917
0
LINE
8
BLACK
6
CONTINUOUS
10
5.7849
20
-3.15917
11
5.78977
21
-3.15994
0
LINE
8
BLACK
6
CONTINUOUS
10
6.06977
20
-3.15494
11
6.07416
21
-3.15718
0
LINE
8
BLACK
6
CONTINUOUS
10
6.07416
20
-3.15718
11
6.07764
21
-3.16066
0
LINE
8
BLACK
6
CONTINUOUS
10
6.07764
20
-3.16066
11
6.07988
21
-3.16505
0
LINE
8
BLACK
6
CONTINUOUS
10
6.07988
20
-3.16505
11
6.08065
21
-3.16992
0
LINE
8
BLACK
6
CONTINUOUS
10
6.08065
20
-3.16992
11
6.07988
21
-3.17479
0
LINE
8
BLACK
6
CONTINUOUS
10
6.07988
20
-3.17479
11
6.07764
21
-3.17918
0
LINE
8
BLACK
6
CONTINUOUS
10
6.07764
20
-3.17918
11
6.07416
21
-3.18266
0
LINE
8
BLACK
6
CONTINUOUS
10
6.07416
20
-3.18266
11
6.06977
21
-3.1849
0
LINE
8
BLACK
6
CONTINUOUS
10
6.06977
20
-3.1849
11
6.0649
21
-3.18567
0
LINE
8
BLACK
6
CONTINUOUS
10
6.0649
20
-3.18567
11
6.06004
21
-3.1849
0
LINE
8
BLACK
6
CONTINUOUS
10
6.06004
20
-3.1849
11
6.05565
21
-3.18266
0
LINE
8
BLACK
6
CONTINUOUS
10
6.05565
20
-3.18266
11
6.05216
21
-3.17918
0
LINE
8
BLACK
6
CONTINUOUS
10
6.05216
20
-3.17918
11
6.04992
21
-3.17479
0
LINE
8
BLACK
6
CONTINUOUS
10
6.04992
20
-3.17479
11
6.04915
21
-3.16992
0
LINE
8
BLACK
6
CONTINUOUS
10
6.04915
20
-3.16992
11
6.04992
21
-3.16505
0
LINE
8
BLACK
6
CONTINUOUS
10
6.04992
20
-3.16505
11
6.05216
21
-3.16066
0
LINE
8
BLACK
6
CONTINUOUS
10
6.05216
20
-3.16066
11
6.05565
21
-3.15718
0
LINE
8
BLACK
6
CONTINUOUS
10
6.05565
20
-3.15718
11
6.06004
21
-3.15494
0
LINE
8
BLACK
6
CONTINUOUS
10
6.06004
20
-3.15494
11
6.0649
21
-3.15417
0
LINE
8
BLACK
6
CONTINUOUS
10
6.0649
20
-3.15417
11
6.06977
21
-3.15494
0
LINE
8
BLACK
6
CONTINUOUS
10
6.01977
20
-3.13494
11
6.02416
21
-3.13718
0
LINE
8
BLACK
6
CONTINUOUS
10
6.02416
20
-3.13718
11
6.02764
21
-3.14066
0
LINE
8
BLACK
6
CONTINUOUS
10
6.02764
20
-3.14066
11
6.02988
21
-3.14505
0
LINE
8
BLACK
6
CONTINUOUS
10
6.02988
20
-3.14505
11
6.03065
21
-3.14992
0
LINE
8
BLACK
6
CONTINUOUS
10
6.03065
20
-3.14992
11
6.02988
21
-3.15479
0
LINE
8
BLACK
6
CONTINUOUS
10
6.02988
20
-3.15479
11
6.02764
21
-3.15918
0
LINE
8
BLACK
6
CONTINUOUS
10
6.02764
20
-3.15918
11
6.02416
21
-3.16266
0
LINE
8
BLACK
6
CONTINUOUS
10
6.02416
20
-3.16266
11
6.01977
21
-3.1649
0
LINE
8
BLACK
6
CONTINUOUS
10
6.01977
20
-3.1649
11
6.0149
21
-3.16567
0
LINE
8
BLACK
6
CONTINUOUS
10
6.0149
20
-3.16567
11
6.01004
21
-3.1649
0
LINE
8
BLACK
6
CONTINUOUS
10
6.01004
20
-3.1649
11
6.00565
21
-3.16266
0
LINE
8
BLACK
6
CONTINUOUS
10
6.00565
20
-3.16266
11
6.00216
21
-3.15918
0
LINE
8
BLACK
6
CONTINUOUS
10
6.00216
20
-3.15918
11
5.99992
21
-3.15479
0
LINE
8
BLACK
6
CONTINUOUS
10
5.99992
20
-3.15479
11
5.99915
21
-3.14992
0
LINE
8
BLACK
6
CONTINUOUS
10
5.99915
20
-3.14992
11
5.99992
21
-3.14505
0
LINE
8
BLACK
6
CONTINUOUS
10
5.99992
20
-3.14505
11
6.00216
21
-3.14066
0
LINE
8
BLACK
6
CONTINUOUS
10
6.00216
20
-3.14066
11
6.00565
21
-3.13718
0
LINE
8
BLACK
6
CONTINUOUS
10
6.00565
20
-3.13718
11
6.01004
21
-3.13494
0
LINE
8
BLACK
6
CONTINUOUS
10
6.01004
20
-3.13494
11
6.0149
21
-3.13417
0
LINE
8
BLACK
6
CONTINUOUS
10
6.0149
20
-3.13417
11
6.01977
21
-3.13494
0
LINE
8
BLACK
6
CONTINUOUS
10
6.25015
20
-3.15456
11
6.25454
21
-3.1568
0
LINE
8
BLACK
6
CONTINUOUS
10
6.25454
20
-3.1568
11
6.25802
21
-3.16028
0
LINE
8
BLACK
6
CONTINUOUS
10
6.25802
20
-3.16028
11
6.26026
21
-3.16467
0
LINE
8
BLACK
6
CONTINUOUS
10
6.26026
20
-3.16467
11
6.26103
21
-3.16954
0
LINE
8
BLACK
6
CONTINUOUS
10
6.26103
20
-3.16954
11
6.26026
21
-3.17441
0
LINE
8
BLACK
6
CONTINUOUS
10
6.26026
20
-3.17441
11
6.25802
21
-3.1788
0
LINE
8
BLACK
6
CONTINUOUS
10
6.25802
20
-3.1788
11
6.25454
21
-3.18228
0
LINE
8
BLACK
6
CONTINUOUS
10
6.25454
20
-3.18228
11
6.25015
21
-3.18452
0
LINE
8
BLACK
6
CONTINUOUS
10
6.25015
20
-3.18452
11
6.24528
21
-3.18529
0
LINE
8
BLACK
6
CONTINUOUS
10
6.24528
20
-3.18529
11
6.24042
21
-3.18452
0
LINE
8
BLACK
6
CONTINUOUS
10
6.24042
20
-3.18452
11
6.23603
21
-3.18228
0
LINE
8
BLACK
6
CONTINUOUS
10
6.23603
20
-3.18228
11
6.23254
21
-3.1788
0
LINE
8
BLACK
6
CONTINUOUS
10
6.23254
20
-3.1788
11
6.23031
21
-3.17441
0
LINE
8
BLACK
6
CONTINUOUS
10
6.23031
20
-3.17441
11
6.22953
21
-3.16954
0
LINE
8
BLACK
6
CONTINUOUS
10
6.22953
20
-3.16954
11
6.23031
21
-3.16467
0
LINE
8
BLACK
6
CONTINUOUS
10
6.23031
20
-3.16467
11
6.23254
21
-3.16028
0
LINE
8
BLACK
6
CONTINUOUS
10
6.23254
20
-3.16028
11
6.23603
21
-3.1568
0
LINE
8
BLACK
6
CONTINUOUS
10
6.23603
20
-3.1568
11
6.24042
21
-3.15456
0
LINE
8
BLACK
6
CONTINUOUS
10
6.24042
20
-3.15456
11
6.24528
21
-3.15379
0
LINE
8
BLACK
6
CONTINUOUS
10
6.24528
20
-3.15379
11
6.25015
21
-3.15456
0
LINE
8
BLACK
6
CONTINUOUS
10
5.39977
20
-3.14994
11
5.40416
21
-3.15218
0
LINE
8
BLACK
6
CONTINUOUS
10
5.40416
20
-3.15218
11
5.40764
21
-3.15566
0
LINE
8
BLACK
6
CONTINUOUS
10
5.40764
20
-3.15566
11
5.40988
21
-3.16005
0
LINE
8
BLACK
6
CONTINUOUS
10
5.40988
20
-3.16005
11
5.41065
21
-3.16492
0
LINE
8
BLACK
6
CONTINUOUS
10
5.41065
20
-3.16492
11
5.40988
21
-3.16979
0
LINE
8
BLACK
6
CONTINUOUS
10
5.40988
20
-3.16979
11
5.40764
21
-3.17418
0
LINE
8
BLACK
6
CONTINUOUS
10
5.40764
20
-3.17418
11
5.40416
21
-3.17766
0
LINE
8
BLACK
6
CONTINUOUS
10
5.40416
20
-3.17766
11
5.39977
21
-3.1799
0
LINE
8
BLACK
6
CONTINUOUS
10
5.39977
20
-3.1799
11
5.3949
21
-3.18067
0
LINE
8
BLACK
6
CONTINUOUS
10
5.3949
20
-3.18067
11
5.39004
21
-3.1799
0
LINE
8
BLACK
6
CONTINUOUS
10
5.39004
20
-3.1799
11
5.38565
21
-3.17766
0
LINE
8
BLACK
6
CONTINUOUS
10
5.38565
20
-3.17766
11
5.38216
21
-3.17418
0
LINE
8
BLACK
6
CONTINUOUS
10
5.38216
20
-3.17418
11
5.37992
21
-3.16979
0
LINE
8
BLACK
6
CONTINUOUS
10
5.37992
20
-3.16979
11
5.37915
21
-3.16492
0
LINE
8
BLACK
6
CONTINUOUS
10
5.37915
20
-3.16492
11
5.37992
21
-3.16005
0
LINE
8
BLACK
6
CONTINUOUS
10
5.37992
20
-3.16005
11
5.38216
21
-3.15566
0
LINE
8
BLACK
6
CONTINUOUS
10
5.38216
20
-3.15566
11
5.38565
21
-3.15218
0
LINE
8
BLACK
6
CONTINUOUS
10
5.38565
20
-3.15218
11
5.39004
21
-3.14994
0
LINE
8
BLACK
6
CONTINUOUS
10
5.39004
20
-3.14994
11
5.3949
21
-3.14917
0
LINE
8
BLACK
6
CONTINUOUS
10
5.3949
20
-3.14917
11
5.39977
21
-3.14994
0
LINE
8
BLACK
6
CONTINUOUS
10
5.45977
20
-3.14994
11
5.46416
21
-3.15218
0
LINE
8
BLACK
6
CONTINUOUS
10
5.46416
20
-3.15218
11
5.46764
21
-3.15566
0
LINE
8
BLACK
6
CONTINUOUS
10
5.46764
20
-3.15566
11
5.46988
21
-3.16005
0
LINE
8
BLACK
6
CONTINUOUS
10
5.46988
20
-3.16005
11
5.47065
21
-3.16492
0
LINE
8
BLACK
6
CONTINUOUS
10
5.47065
20
-3.16492
11
5.46988
21
-3.16979
0
LINE
8
BLACK
6
CONTINUOUS
10
5.46988
20
-3.16979
11
5.46764
21
-3.17418
0
LINE
8
BLACK
6
CONTINUOUS
10
5.46764
20
-3.17418
11
5.46416
21
-3.17766
0
LINE
8
BLACK
6
CONTINUOUS
10
5.46416
20
-3.17766
11
5.45977
21
-3.1799
0
LINE
8
BLACK
6
CONTINUOUS
10
5.45977
20
-3.1799
11
5.4549
21
-3.18067
0
LINE
8
BLACK
6
CONTINUOUS
10
5.4549
20
-3.18067
11
5.45004
21
-3.1799
0
LINE
8
BLACK
6
CONTINUOUS
10
5.45004
20
-3.1799
11
5.44565
21
-3.17766
0
LINE
8
BLACK
6
CONTINUOUS
10
5.44565
20
-3.17766
11
5.44216
21
-3.17418
0
LINE
8
BLACK
6
CONTINUOUS
10
5.44216
20
-3.17418
11
5.43992
21
-3.16979
0
LINE
8
BLACK
6
CONTINUOUS
10
5.43992
20
-3.16979
11
5.43915
21
-3.16492
0
LINE
8
BLACK
6
CONTINUOUS
10
5.43915
20
-3.16492
11
5.43992
21
-3.16005
0
LINE
8
BLACK
6
CONTINUOUS
10
5.43992
20
-3.16005
11
5.44216
21
-3.15566
0
LINE
8
BLACK
6
CONTINUOUS
10
5.44216
20
-3.15566
11
5.44565
21
-3.15218
0
LINE
8
BLACK
6
CONTINUOUS
10
5.44565
20
-3.15218
11
5.45004
21
-3.14994
0
LINE
8
BLACK
6
CONTINUOUS
10
5.45004
20
-3.14994
11
5.4549
21
-3.14917
0
LINE
8
BLACK
6
CONTINUOUS
10
5.4549
20
-3.14917
11
5.45977
21
-3.14994
0
LINE
8
BLACK
6
CONTINUOUS
10
5.59359
20
-3.13876
11
5.59798
21
-3.141
0
LINE
8
BLACK
6
CONTINUOUS
10
5.59798
20
-3.141
11
5.60146
21
-3.14448
0
LINE
8
BLACK
6
CONTINUOUS
10
5.60146
20
-3.14448
11
5.6037
21
-3.14887
0
LINE
8
BLACK
6
CONTINUOUS
10
5.6037
20
-3.14887
11
5.60447
21
-3.15374
0
LINE
8
BLACK
6
CONTINUOUS
10
5.60447
20
-3.15374
11
5.6037
21
-3.15861
0
LINE
8
BLACK
6
CONTINUOUS
10
5.6037
20
-3.15861
11
5.60146
21
-3.163
0
LINE
8
BLACK
6
CONTINUOUS
10
5.60146
20
-3.163
11
5.59798
21
-3.16648
0
LINE
8
BLACK
6
CONTINUOUS
10
5.59798
20
-3.16648
11
5.59359
21
-3.16872
0
LINE
8
BLACK
6
CONTINUOUS
10
5.59359
20
-3.16872
11
5.58872
21
-3.16949
0
LINE
8
BLACK
6
CONTINUOUS
10
5.58872
20
-3.16949
11
5.58385
21
-3.16872
0
LINE
8
BLACK
6
CONTINUOUS
10
5.58385
20
-3.16872
11
5.57946
21
-3.16648
0
LINE
8
BLACK
6
CONTINUOUS
10
5.57946
20
-3.16648
11
5.57598
21
-3.163
0
LINE
8
BLACK
6
CONTINUOUS
10
5.57598
20
-3.163
11
5.57374
21
-3.15861
0
LINE
8
BLACK
6
CONTINUOUS
10
5.57374
20
-3.15861
11
5.57297
21
-3.15374
0
LINE
8
BLACK
6
CONTINUOUS
10
5.57297
20
-3.15374
11
5.57374
21
-3.14887
0
LINE
8
BLACK
6
CONTINUOUS
10
5.57374
20
-3.14887
11
5.57598
21
-3.14448
0
LINE
8
BLACK
6
CONTINUOUS
10
5.57598
20
-3.14448
11
5.57946
21
-3.141
0
LINE
8
BLACK
6
CONTINUOUS
10
5.57946
20
-3.141
11
5.58385
21
-3.13876
0
LINE
8
BLACK
6
CONTINUOUS
10
5.58385
20
-3.13876
11
5.58872
21
-3.13799
0
LINE
8
BLACK
6
CONTINUOUS
10
5.58872
20
-3.13799
11
5.59359
21
-3.13876
0
LINE
8
BLACK
6
CONTINUOUS
10
6.16977
20
-3.12148
11
6.17416
21
-3.12372
0
LINE
8
BLACK
6
CONTINUOUS
10
6.17416
20
-3.12372
11
6.17764
21
-3.1272
0
LINE
8
BLACK
6
CONTINUOUS
10
6.17764
20
-3.1272
11
6.17988
21
-3.13159
0
LINE
8
BLACK
6
CONTINUOUS
10
6.17988
20
-3.13159
11
6.18065
21
-3.13646
0
LINE
8
BLACK
6
CONTINUOUS
10
6.18065
20
-3.13646
11
6.17988
21
-3.14132
0
LINE
8
BLACK
6
CONTINUOUS
10
6.17988
20
-3.14132
11
6.17764
21
-3.14571
0
LINE
8
BLACK
6
CONTINUOUS
10
6.17764
20
-3.14571
11
6.17416
21
-3.1492
0
LINE
8
BLACK
6
CONTINUOUS
10
6.17416
20
-3.1492
11
6.16977
21
-3.15143
0
LINE
8
BLACK
6
CONTINUOUS
10
6.16977
20
-3.15143
11
6.1649
21
-3.1522
0
LINE
8
BLACK
6
CONTINUOUS
10
6.1649
20
-3.1522
11
6.16004
21
-3.15143
0
LINE
8
BLACK
6
CONTINUOUS
10
6.16004
20
-3.15143
11
6.15565
21
-3.1492
0
LINE
8
BLACK
6
CONTINUOUS
10
6.15565
20
-3.1492
11
6.15216
21
-3.14571
0
LINE
8
BLACK
6
CONTINUOUS
10
6.15216
20
-3.14571
11
6.14992
21
-3.14132
0
LINE
8
BLACK
6
CONTINUOUS
10
6.14992
20
-3.14132
11
6.14915
21
-3.13646
0
LINE
8
BLACK
6
CONTINUOUS
10
6.14915
20
-3.13646
11
6.14992
21
-3.13159
0
LINE
8
BLACK
6
CONTINUOUS
10
6.14992
20
-3.13159
11
6.15216
21
-3.1272
0
LINE
8
BLACK
6
CONTINUOUS
10
6.15216
20
-3.1272
11
6.15565
21
-3.12372
0
LINE
8
BLACK
6
CONTINUOUS
10
6.15565
20
-3.12372
11
6.16004
21
-3.12148
0
LINE
8
BLACK
6
CONTINUOUS
10
6.16004
20
-3.12148
11
6.1649
21
-3.12071
0
LINE
8
BLACK
6
CONTINUOUS
10
6.1649
20
-3.12071
11
6.16977
21
-3.12148
0
LINE
8
BLACK
6
CONTINUOUS
10
5.20916
20
-3.09682
11
5.213
21
-3.09877
0
LINE
8
BLACK
6
CONTINUOUS
10
5.213
20
-3.09877
11
5.21605
21
-3.10182
0
LINE
8
BLACK
6
CONTINUOUS
10
5.21605
20
-3.10182
11
5.21801
21
-3.10566
0
LINE
8
BLACK
6
CONTINUOUS
10
5.21801
20
-3.10566
11
5.21868
21
-3.10992
0
LINE
8
BLACK
6
CONTINUOUS
10
5.21868
20
-3.10992
11
5.21801
21
-3.11418
0
LINE
8
BLACK
6
CONTINUOUS
10
5.21801
20
-3.11418
11
5.21605
21
-3.11802
0
LINE
8
BLACK
6
CONTINUOUS
10
5.21605
20
-3.11802
11
5.213
21
-3.12107
0
LINE
8
BLACK
6
CONTINUOUS
10
5.213
20
-3.12107
11
5.20916
21
-3.12303
0
LINE
8
BLACK
6
CONTINUOUS
10
5.20916
20
-3.12303
11
5.2049
21
-3.1237
0
LINE
8
BLACK
6
CONTINUOUS
10
5.2049
20
-3.1237
11
5.20064
21
-3.12303
0
LINE
8
BLACK
6
CONTINUOUS
10
5.20064
20
-3.12303
11
5.1968
21
-3.12107
0
LINE
8
BLACK
6
CONTINUOUS
10
5.1968
20
-3.12107
11
5.19375
21
-3.11802
0
LINE
8
BLACK
6
CONTINUOUS
10
5.19375
20
-3.11802
11
5.1918
21
-3.11418
0
LINE
8
BLACK
6
CONTINUOUS
10
5.1918
20
-3.11418
11
5.19112
21
-3.10992
0
LINE
8
BLACK
6
CONTINUOUS
10
5.19112
20
-3.10992
11
5.1918
21
-3.10566
0
LINE
8
BLACK
6
CONTINUOUS
10
5.1918
20
-3.10566
11
5.19375
21
-3.10182
0
LINE
8
BLACK
6
CONTINUOUS
10
5.19375
20
-3.10182
11
5.1968
21
-3.09877
0
LINE
8
BLACK
6
CONTINUOUS
10
5.1968
20
-3.09877
11
5.20064
21
-3.09682
0
LINE
8
BLACK
6
CONTINUOUS
10
5.20064
20
-3.09682
11
5.2049
21
-3.09614
0
LINE
8
BLACK
6
CONTINUOUS
10
5.2049
20
-3.09614
11
5.20916
21
-3.09682
0
LINE
8
BLACK
6
CONTINUOUS
10
5.27977
20
-3.09994
11
5.28416
21
-3.10218
0
LINE
8
BLACK
6
CONTINUOUS
10
5.28416
20
-3.10218
11
5.28764
21
-3.10566
0
LINE
8
BLACK
6
CONTINUOUS
10
5.28764
20
-3.10566
11
5.28988
21
-3.11005
0
LINE
8
BLACK
6
CONTINUOUS
10
5.28988
20
-3.11005
11
5.29065
21
-3.11492
0
LINE
8
BLACK
6
CONTINUOUS
10
5.29065
20
-3.11492
11
5.28988
21
-3.11979
0
LINE
8
BLACK
6
CONTINUOUS
10
5.28988
20
-3.11979
11
5.28764
21
-3.12418
0
LINE
8
BLACK
6
CONTINUOUS
10
5.28764
20
-3.12418
11
5.28416
21
-3.12766
0
LINE
8
BLACK
6
CONTINUOUS
10
5.28416
20
-3.12766
11
5.27977
21
-3.1299
0
LINE
8
BLACK
6
CONTINUOUS
10
5.27977
20
-3.1299
11
5.2749
21
-3.13067
0
LINE
8
BLACK
6
CONTINUOUS
10
5.2749
20
-3.13067
11
5.27004
21
-3.1299
0
LINE
8
BLACK
6
CONTINUOUS
10
5.27004
20
-3.1299
11
5.26565
21
-3.12766
0
LINE
8
BLACK
6
CONTINUOUS
10
5.26565
20
-3.12766
11
5.26216
21
-3.12418
0
LINE
8
BLACK
6
CONTINUOUS
10
5.26216
20
-3.12418
11
5.25992
21
-3.11979
0
LINE
8
BLACK
6
CONTINUOUS
10
5.25992
20
-3.11979
11
5.25915
21
-3.11492
0
LINE
8
BLACK
6
CONTINUOUS
10
5.25915
20
-3.11492
11
5.25992
21
-3.11005
0
LINE
8
BLACK
6
CONTINUOUS
10
5.25992
20
-3.11005
11
5.26216
21
-3.10566
0
LINE
8
BLACK
6
CONTINUOUS
10
5.26216
20
-3.10566
11
5.26565
21
-3.10218
0
LINE
8
BLACK
6
CONTINUOUS
10
5.26565
20
-3.10218
11
5.27004
21
-3.09994
0
LINE
8
BLACK
6
CONTINUOUS
10
5.27004
20
-3.09994
11
5.2749
21
-3.09917
0
LINE
8
BLACK
6
CONTINUOUS
10
5.2749
20
-3.09917
11
5.27977
21
-3.09994
0
LINE
8
BLACK
6
CONTINUOUS
10
6.35166
20
-3.09432
11
6.3555
21
-3.09627
0
LINE
8
BLACK
6
CONTINUOUS
10
6.3555
20
-3.09627
11
6.35855
21
-3.09932
0
LINE
8
BLACK
6
CONTINUOUS
10
6.35855
20
-3.09932
11
6.36051
21
-3.10316
0
LINE
8
BLACK
6
CONTINUOUS
10
6.36051
20
-3.10316
11
6.36118
21
-3.10742
0
LINE
8
BLACK
6
CONTINUOUS
10
6.36118
20
-3.10742
11
6.36051
21
-3.11168
0
LINE
8
BLACK
6
CONTINUOUS
10
6.36051
20
-3.11168
11
6.35855
21
-3.11552
0
LINE
8
BLACK
6
CONTINUOUS
10
6.35855
20
-3.11552
11
6.3555
21
-3.11857
0
LINE
8
BLACK
6
CONTINUOUS
10
6.3555
20
-3.11857
11
6.35166
21
-3.12053
0
LINE
8
BLACK
6
CONTINUOUS
10
6.35166
20
-3.12053
11
6.3474
21
-3.1212
0
LINE
8
BLACK
6
CONTINUOUS
10
6.3474
20
-3.1212
11
6.34314
21
-3.12053
0
LINE
8
BLACK
6
CONTINUOUS
10
6.34314
20
-3.12053
11
6.3393
21
-3.11857
0
LINE
8
BLACK
6
CONTINUOUS
10
6.3393
20
-3.11857
11
6.33625
21
-3.11552
0
LINE
8
BLACK
6
CONTINUOUS
10
6.33625
20
-3.11552
11
6.3343
21
-3.11168
0
LINE
8
BLACK
6
CONTINUOUS
10
6.3343
20
-3.11168
11
6.33362
21
-3.10742
0
LINE
8
BLACK
6
CONTINUOUS
10
6.33362
20
-3.10742
11
6.3343
21
-3.10316
0
LINE
8
BLACK
6
CONTINUOUS
10
6.3343
20
-3.10316
11
6.33625
21
-3.09932
0
LINE
8
BLACK
6
CONTINUOUS
10
6.33625
20
-3.09932
11
6.3393
21
-3.09627
0
LINE
8
BLACK
6
CONTINUOUS
10
6.3393
20
-3.09627
11
6.34314
21
-3.09432
0
LINE
8
BLACK
6
CONTINUOUS
10
6.34314
20
-3.09432
11
6.3474
21
-3.09364
0
LINE
8
BLACK
6
CONTINUOUS
10
6.3474
20
-3.09364
11
6.35166
21
-3.09432
0
LINE
8
BLACK
6
CONTINUOUS
10
6.21977
20
-2.95994
11
6.22416
21
-2.96218
0
LINE
8
BLACK
6
CONTINUOUS
10
6.22416
20
-2.96218
11
6.22764
21
-2.96566
0
LINE
8
BLACK
6
CONTINUOUS
10
6.22764
20
-2.96566
11
6.22988
21
-2.97005
0
LINE
8
BLACK
6
CONTINUOUS
10
6.22988
20
-2.97005
11
6.23065
21
-2.97492
0
LINE
8
BLACK
6
CONTINUOUS
10
6.23065
20
-2.97492
11
6.22988
21
-2.97979
0
LINE
8
BLACK
6
CONTINUOUS
10
6.22988
20
-2.97979
11
6.22764
21
-2.98418
0
LINE
8
BLACK
6
CONTINUOUS
10
6.22764
20
-2.98418
11
6.22416
21
-2.98766
0
LINE
8
BLACK
6
CONTINUOUS
10
6.22416
20
-2.98766
11
6.21977
21
-2.9899
0
LINE
8
BLACK
6
CONTINUOUS
10
6.21977
20
-2.9899
11
6.2149
21
-2.99067
0
LINE
8
BLACK
6
CONTINUOUS
10
6.2149
20
-2.99067
11
6.21004
21
-2.9899
0
LINE
8
BLACK
6
CONTINUOUS
10
6.21004
20
-2.9899
11
6.20565
21
-2.98766
0
LINE
8
BLACK
6
CONTINUOUS
10
6.20565
20
-2.98766
11
6.20216
21
-2.98418
0
LINE
8
BLACK
6
CONTINUOUS
10
6.20216
20
-2.98418
11
6.19992
21
-2.97979
0
LINE
8
BLACK
6
CONTINUOUS
10
6.19992
20
-2.97979
11
6.19915
21
-2.97492
0
LINE
8
BLACK
6
CONTINUOUS
10
6.19915
20
-2.97492
11
6.19992
21
-2.97005
0
LINE
8
BLACK
6
CONTINUOUS
10
6.19992
20
-2.97005
11
6.20216
21
-2.96566
0
LINE
8
BLACK
6
CONTINUOUS
10
6.20216
20
-2.96566
11
6.20565
21
-2.96218
0
LINE
8
BLACK
6
CONTINUOUS
10
6.20565
20
-2.96218
11
6.21004
21
-2.95994
0
LINE
8
BLACK
6
CONTINUOUS
10
6.21004
20
-2.95994
11
6.2149
21
-2.95917
0
LINE
8
BLACK
6
CONTINUOUS
10
6.2149
20
-2.95917
11
6.21977
21
-2.95994
0
LINE
8
BLACK
6
CONTINUOUS
10
6.79772
20
-2.88167
11
6.79892
21
-2.88374
0
LINE
8
BLACK
6
CONTINUOUS
10
6.79892
20
-2.88374
11
6.79898
21
-2.88435
0
LINE
8
BLACK
6
CONTINUOUS
10
6.79898
20
-2.88435
11
6.79898
21
-4.84549
0
LINE
8
BLACK
6
CONTINUOUS
10
6.79898
20
-4.84549
11
6.79816
21
-4.84774
0
LINE
8
BLACK
6
CONTINUOUS
10
6.79816
20
-4.84774
11
6.79608
21
-4.84894
0
LINE
8
BLACK
6
CONTINUOUS
10
6.79608
20
-4.84894
11
6.79547
21
-4.849
0
LINE
8
BLACK
6
CONTINUOUS
10
6.79547
20
-4.849
11
4.83433
21
-4.849
0
LINE
8
BLACK
6
CONTINUOUS
10
4.83433
20
-4.849
11
4.83208
21
-4.84818
0
LINE
8
BLACK
6
CONTINUOUS
10
4.83208
20
-4.84818
11
4.83088
21
-4.8461
0
LINE
8
BLACK
6
CONTINUOUS
10
4.83088
20
-4.8461
11
4.83083
21
-4.84549
0
LINE
8
BLACK
6
CONTINUOUS
10
4.83083
20
-4.84549
11
4.83083
21
-4.68492
0
LINE
8
BLACK
6
CONTINUOUS
10
4.83083
20
-4.68492
11
4.83083
21
-4.58492
0
LINE
8
BLACK
6
CONTINUOUS
10
4.83083
20
-4.58492
11
4.83083
21
-4.51676
0
LINE
8
BLACK
6
CONTINUOUS
10
4.83083
20
-4.51676
11
4.83083
21
-4.34492
0
LINE
8
BLACK
6
CONTINUOUS
10
4.83083
20
-4.34492
11
4.83083
21
-4.29992
0
LINE
8
BLACK
6
CONTINUOUS
10
4.83083
20
-4.29992
11
4.83083
21
-4.26492
0
LINE
8
BLACK
6
CONTINUOUS
10
4.83083
20
-4.26492
11
4.83083
21
-4.18492
0
LINE
8
BLACK
6
CONTINUOUS
10
4.83083
20
-4.18492
11
4.83083
21
-4.10492
0
LINE
8
BLACK
6
CONTINUOUS
10
4.83083
20
-4.10492
11
4.83083
21
-4.02492
0
LINE
8
BLACK
6
CONTINUOUS
10
4.83083
20
-4.02492
11
4.83083
21
-3.93992
0
LINE
8
BLACK
6
CONTINUOUS
10
4.83083
20
-3.93992
11
4.83083
21
-3.87708
0
LINE
8
BLACK
6
CONTINUOUS
10
4.83083
20
-3.87708
11
4.83083
21
-3.71992
0
LINE
8
BLACK
6
CONTINUOUS
10
4.83083
20
-3.71992
11
4.83083
21
-3.61492
0
LINE
8
BLACK
6
CONTINUOUS
10
4.83083
20
-3.61492
11
4.83083
21
-3.58819
0
LINE
8
BLACK
6
CONTINUOUS
10
4.83083
20
-3.58819
11
4.83083
21
-3.55941
0
LINE
8
BLACK
6
CONTINUOUS
10
4.83083
20
-3.55941
11
4.83083
21
-3.47492
0
LINE
8
BLACK
6
CONTINUOUS
10
4.83083
20
-3.47492
11
4.83083
21
-3.39209
0
LINE
8
BLACK
6
CONTINUOUS
10
4.83083
20
-3.39209
11
4.83083
21
-3.36492
0
LINE
8
BLACK
6
CONTINUOUS
10
4.83083
20
-3.36492
11
4.83083
21
-3.27634
0
LINE
8
BLACK
6
CONTINUOUS
10
4.83083
20
-3.27634
11
4.83083
21
-3.16492
0
LINE
8
BLACK
6
CONTINUOUS
10
4.83083
20
-3.16492
11
4.83083
21
-3.10992
0
LINE
8
BLACK
6
CONTINUOUS
10
4.83083
20
-3.10992
11
4.83083
21
-2.97492
0
LINE
8
BLACK
6
CONTINUOUS
10
4.83083
20
-2.97492
11
4.83083
21
-2.88435
0
LINE
8
BLACK
6
CONTINUOUS
10
4.83083
20
-2.88435
11
4.83165
21
-2.8821
0
LINE
8
BLACK
6
CONTINUOUS
10
4.83165
20
-2.8821
11
4.83372
21
-2.8809
0
LINE
8
BLACK
6
CONTINUOUS
10
4.83372
20
-2.8809
11
4.83433
21
-2.88085
0
LINE
8
BLACK
6
CONTINUOUS
10
4.83433
20
-2.88085
11
6.79547
21
-2.88085
0
LINE
8
BLACK
6
CONTINUOUS
10
6.79547
20
-2.88085
11
6.79772
21
-2.88167
0
LINE
8
BLACK
6
CONTINUOUS
10
5.96873
20
-4.66189
11
5.96873
21
-4.66189
0
LINE
8
BLACK
6
CONTINUOUS
10
5.96873
20
-4.66189
11
5.96873
21
-4.66189
0
LINE
8
BLACK
6
CONTINUOUS
10
5.96873
20
-4.66189
11
5.96298
21
-4.66427
0
LINE
8
BLACK
6
CONTINUOUS
10
5.96298
20
-4.66427
11
5.96298
21
-4.66427
0
LINE
8
BLACK
6
CONTINUOUS
10
5.96298
20
-4.66427
11
5.95804
21
-4.66806
0
LINE
8
BLACK
6
CONTINUOUS
10
5.95804
20
-4.66806
11
5.95804
21
-4.66806
0
LINE
8
BLACK
6
CONTINUOUS
10
5.95804
20
-4.66806
11
5.95425
21
-4.673
0
LINE
8
BLACK
6
CONTINUOUS
10
5.95425
20
-4.673
11
5.95425
21
-4.673
0
LINE
8
BLACK
6
CONTINUOUS
10
5.95425
20
-4.673
11
5.95187
21
-4.67875
0
LINE
8
BLACK
6
CONTINUOUS
10
5.95187
20
-4.67875
11
5.95106
21
-4.68492
0
LINE
8
BLACK
6
CONTINUOUS
10
5.95106
20
-4.68492
11
5.95187
21
-4.69109
0
LINE
8
BLACK
6
CONTINUOUS
10
5.95187
20
-4.69109
11
5.95425
21
-4.69684
0
LINE
8
BLACK
6
CONTINUOUS
10
5.95425
20
-4.69684
11
5.95425
21
-4.69684
0
LINE
8
BLACK
6
CONTINUOUS
10
5.95425
20
-4.69684
11
5.95804
21
-4.70178
0
LINE
8
BLACK
6
CONTINUOUS
10
5.95804
20
-4.70178
11
5.95804
21
-4.70178
0
LINE
8
BLACK
6
CONTINUOUS
10
5.95804
20
-4.70178
11
5.95804
21
-4.70178
0
LINE
8
BLACK
6
CONTINUOUS
10
5.95804
20
-4.70178
11
5.95804
21
-4.70178
0
LINE
8
BLACK
6
CONTINUOUS
10
5.95804
20
-4.70178
11
5.96298
21
-4.70557
0
LINE
8
BLACK
6
CONTINUOUS
10
5.96298
20
-4.70557
11
5.96298
21
-4.70557
0
LINE
8
BLACK
6
CONTINUOUS
10
5.96298
20
-4.70557
11
5.96873
21
-4.70795
0
LINE
8
BLACK
6
CONTINUOUS
10
5.96873
20
-4.70795
11
5.96873
21
-4.70795
0
LINE
8
BLACK
6
CONTINUOUS
10
5.96873
20
-4.70795
11
5.9749
21
-4.70877
0
LINE
8
BLACK
6
CONTINUOUS
10
5.9749
20
-4.70877
11
5.98107
21
-4.70795
0
LINE
8
BLACK
6
CONTINUOUS
10
5.98107
20
-4.70795
11
5.98682
21
-4.70557
0
LINE
8
BLACK
6
CONTINUOUS
10
5.98682
20
-4.70557
11
5.99176
21
-4.70178
0
LINE
8
BLACK
6
CONTINUOUS
10
5.99176
20
-4.70178
11
5.99555
21
-4.69684
0
LINE
8
BLACK
6
CONTINUOUS
10
5.99555
20
-4.69684
11
5.99793
21
-4.69109
0
LINE
8
BLACK
6
CONTINUOUS
10
5.99793
20
-4.69109
11
5.99875
21
-4.68492
0
LINE
8
BLACK
6
CONTINUOUS
10
5.99875
20
-4.68492
11
5.99793
21
-4.67875
0
LINE
8
BLACK
6
CONTINUOUS
10
5.99793
20
-4.67875
11
5.99555
21
-4.673
0
LINE
8
BLACK
6
CONTINUOUS
10
5.99555
20
-4.673
11
5.99555
21
-4.673
0
LINE
8
BLACK
6
CONTINUOUS
10
5.99555
20
-4.673
11
5.99555
21
-4.673
0
LINE
8
BLACK
6
CONTINUOUS
10
5.99555
20
-4.673
11
5.99176
21
-4.66806
0
LINE
8
BLACK
6
CONTINUOUS
10
5.99176
20
-4.66806
11
5.99176
21
-4.66806
0
LINE
8
BLACK
6
CONTINUOUS
10
5.99176
20
-4.66806
11
5.99176
21
-4.66806
0
LINE
8
BLACK
6
CONTINUOUS
10
5.99176
20
-4.66806
11
5.99176
21
-4.66806
0
LINE
8
BLACK
6
CONTINUOUS
10
5.99176
20
-4.66806
11
5.99176
21
-4.66806
0
LINE
8
BLACK
6
CONTINUOUS
10
5.99176
20
-4.66806
11
5.98682
21
-4.66427
0
LINE
8
BLACK
6
CONTINUOUS
10
5.98682
20
-4.66427
11
5.98682
21
-4.66427
0
LINE
8
BLACK
6
CONTINUOUS
10
5.98682
20
-4.66427
11
5.98107
21
-4.66189
0
LINE
8
BLACK
6
CONTINUOUS
10
5.98107
20
-4.66189
11
5.98107
21
-4.66189
0
LINE
8
BLACK
6
CONTINUOUS
10
5.98107
20
-4.66189
11
5.98107
21
-4.66189
0
LINE
8
BLACK
6
CONTINUOUS
10
5.98107
20
-4.66189
11
5.98107
21
-4.66189
0
LINE
8
BLACK
6
CONTINUOUS
10
5.98107
20
-4.66189
11
5.9749
21
-4.66108
0
LINE
8
BLACK
6
CONTINUOUS
10
5.9749
20
-4.66108
11
5.96873
21
-4.66189
0
LINE
8
BLACK
6
CONTINUOUS
10
5.43889
20
-4.57966
11
5.43889
21
-4.57966
0
LINE
8
BLACK
6
CONTINUOUS
10
5.43889
20
-4.57966
11
5.4351
21
-4.57472
0
LINE
8
BLACK
6
CONTINUOUS
10
5.4351
20
-4.57472
11
5.4351
21
-4.57472
0
LINE
8
BLACK
6
CONTINUOUS
10
5.4351
20
-4.57472
11
5.4351
21
-4.57472
0
LINE
8
BLACK
6
CONTINUOUS
10
5.4351
20
-4.57472
11
5.4351
21
-4.57472
0
LINE
8
BLACK
6
CONTINUOUS
10
5.4351
20
-4.57472
11
5.4351
21
-4.57472
0
LINE
8
BLACK
6
CONTINUOUS
10
5.4351
20
-4.57472
11
5.43016
21
-4.57093
0
LINE
8
BLACK
6
CONTINUOUS
10
5.43016
20
-4.57093
11
5.43016
21
-4.57093
0
LINE
8
BLACK
6
CONTINUOUS
10
5.43016
20
-4.57093
11
5.42441
21
-4.56855
0
LINE
8
BLACK
6
CONTINUOUS
10
5.42441
20
-4.56855
11
5.42441
21
-4.56855
0
LINE
8
BLACK
6
CONTINUOUS
10
5.42441
20
-4.56855
11
5.42441
21
-4.56855
0
LINE
8
BLACK
6
CONTINUOUS
10
5.42441
20
-4.56855
11
5.42441
21
-4.56855
0
LINE
8
BLACK
6
CONTINUOUS
10
5.42441
20
-4.56855
11
5.41824
21
-4.56774
0
LINE
8
BLACK
6
CONTINUOUS
10
5.41824
20
-4.56774
11
5.41207
21
-4.56855
0
LINE
8
BLACK
6
CONTINUOUS
10
5.41207
20
-4.56855
11
5.41207
21
-4.56855
0
LINE
8
BLACK
6
CONTINUOUS
10
5.41207
20
-4.56855
11
5.41207
21
-4.56855
0
LINE
8
BLACK
6
CONTINUOUS
10
5.41207
20
-4.56855
11
5.40632
21
-4.57093
0
LINE
8
BLACK
6
CONTINUOUS
10
5.40632
20
-4.57093
11
5.40632
21
-4.57093
0
LINE
8
BLACK
6
CONTINUOUS
10
5.40632
20
-4.57093
11
5.40138
21
-4.57472
0
LINE
8
BLACK
6
CONTINUOUS
10
5.40138
20
-4.57472
11
5.40138
21
-4.57472
0
LINE
8
BLACK
6
CONTINUOUS
10
5.40138
20
-4.57472
11
5.39851
21
-4.57846
0
LINE
8
BLACK
6
CONTINUOUS
10
5.39851
20
-4.57846
11
5.39648
21
-4.57975
0
LINE
8
BLACK
6
CONTINUOUS
10
5.39648
20
-4.57975
11
5.39411
21
-4.57944
0
LINE
8
BLACK
6
CONTINUOUS
10
5.39411
20
-4.57944
11
5.39249
21
-4.57767
0
LINE
8
BLACK
6
CONTINUOUS
10
5.39249
20
-4.57767
11
5.39055
21
-4.573
0
LINE
8
BLACK
6
CONTINUOUS
10
5.39055
20
-4.573
11
5.39055
21
-4.573
0
LINE
8
BLACK
6
CONTINUOUS
10
5.39055
20
-4.573
11
5.38676
21
-4.56806
0
LINE
8
BLACK
6
CONTINUOUS
10
5.38676
20
-4.56806
11
5.38676
21
-4.56806
0
LINE
8
BLACK
6
CONTINUOUS
10
5.38676
20
-4.56806
11
5.38676
21
-4.56806
0
LINE
8
BLACK
6
CONTINUOUS
10
5.38676
20
-4.56806
11
5.38676
21
-4.56806
0
LINE
8
BLACK
6
CONTINUOUS
10
5.38676
20
-4.56806
11
5.38676
21
-4.56806
0
LINE
8
BLACK
6
CONTINUOUS
10
5.38676
20
-4.56806
11
5.38182
21
-4.56427
0
LINE
8
BLACK
6
CONTINUOUS
10
5.38182
20
-4.56427
11
5.38182
21
-4.56427
0
LINE
8
BLACK
6
CONTINUOUS
10
5.38182
20
-4.56427
11
5.37607
21
-4.56189
0
LINE
8
BLACK
6
CONTINUOUS
10
5.37607
20
-4.56189
11
5.37607
21
-4.56189
0
LINE
8
BLACK
6
CONTINUOUS
10
5.37607
20
-4.56189
11
5.37607
21
-4.56189
0
LINE
8
BLACK
6
CONTINUOUS
10
5.37607
20
-4.56189
11
5.37607
21
-4.56189
0
LINE
8
BLACK
6
CONTINUOUS
10
5.37607
20
-4.56189
11
5.3699
21
-4.56108
0
LINE
8
BLACK
6
CONTINUOUS
10
5.3699
20
-4.56108
11
5.36373
21
-4.56189
0
LINE
8
BLACK
6
CONTINUOUS
10
5.36373
20
-4.56189
11
5.36373
21
-4.56189
0
LINE
8
BLACK
6
CONTINUOUS
10
5.36373
20
-4.56189
11
5.36373
21
-4.56189
0
LINE
8
BLACK
6
CONTINUOUS
10
5.36373
20
-4.56189
11
5.35798
21
-4.56427
0
LINE
8
BLACK
6
CONTINUOUS
10
5.35798
20
-4.56427
11
5.35798
21
-4.56427
0
LINE
8
BLACK
6
CONTINUOUS
10
5.35798
20
-4.56427
11
5.35304
21
-4.56806
0
LINE
8
BLACK
6
CONTINUOUS
10
5.35304
20
-4.56806
11
5.35304
21
-4.56806
0
LINE
8
BLACK
6
CONTINUOUS
10
5.35304
20
-4.56806
11
5.34925
21
-4.573
0
LINE
8
BLACK
6
CONTINUOUS
10
5.34925
20
-4.573
11
5.34925
21
-4.573
0
LINE
8
BLACK
6
CONTINUOUS
10
5.34925
20
-4.573
11
5.34687
21
-4.57875
0
LINE
8
BLACK
6
CONTINUOUS
10
5.34687
20
-4.57875
11
5.34606
21
-4.58492
0
LINE
8
BLACK
6
CONTINUOUS
10
5.34606
20
-4.58492
11
5.34687
21
-4.59109
0
LINE
8
BLACK
6
CONTINUOUS
10
5.34687
20
-4.59109
11
5.34925
21
-4.59684
0
LINE
8
BLACK
6
CONTINUOUS
10
5.34925
20
-4.59684
11
5.34925
21
-4.59684
0
LINE
8
BLACK
6
CONTINUOUS
10
5.34925
20
-4.59684
11
5.35304
21
-4.60178
0
LINE
8
BLACK
6
CONTINUOUS
10
5.35304
20
-4.60178
11
5.35304
21
-4.60178
0
LINE
8
BLACK
6
CONTINUOUS
10
5.35304
20
-4.60178
11
5.35304
21
-4.60178
0
LINE
8
BLACK
6
CONTINUOUS
10
5.35304
20
-4.60178
11
5.35304
21
-4.60178
0
LINE
8
BLACK
6
CONTINUOUS
10
5.35304
20
-4.60178
11
5.35798
21
-4.60557
0
LINE
8
BLACK
6
CONTINUOUS
10
5.35798
20
-4.60557
11
5.35798
21
-4.60557
0
LINE
8
BLACK
6
CONTINUOUS
10
5.35798
20
-4.60557
11
5.36373
21
-4.60795
0
LINE
8
BLACK
6
CONTINUOUS
10
5.36373
20
-4.60795
11
5.36373
21
-4.60795
0
LINE
8
BLACK
6
CONTINUOUS
10
5.36373
20
-4.60795
11
5.3699
21
-4.60877
0
LINE
8
BLACK
6
CONTINUOUS
10
5.3699
20
-4.60877
11
5.37607
21
-4.60795
0
LINE
8
BLACK
6
CONTINUOUS
10
5.37607
20
-4.60795
11
5.38182
21
-4.60557
0
LINE
8
BLACK
6
CONTINUOUS
10
5.38182
20
-4.60557
11
5.38676
21
-4.60178
0
LINE
8
BLACK
6
CONTINUOUS
10
5.38676
20
-4.60178
11
5.38963
21
-4.59804
0
LINE
8
BLACK
6
CONTINUOUS
10
5.38963
20
-4.59804
11
5.39166
21
-4.59675
0
LINE
8
BLACK
6
CONTINUOUS
10
5.39166
20
-4.59675
11
5.39403
21
-4.59707
0
LINE
8
BLACK
6
CONTINUOUS
10
5.39403
20
-4.59707
11
5.39565
21
-4.59883
0
LINE
8
BLACK
6
CONTINUOUS
10
5.39565
20
-4.59883
11
5.39759
21
-4.60351
0
LINE
8
BLACK
6
CONTINUOUS
10
5.39759
20
-4.60351
11
5.39759
21
-4.60351
0
LINE
8
BLACK
6
CONTINUOUS
10
5.39759
20
-4.60351
11
5.4013
21
-4.60835
0
LINE
8
BLACK
6
CONTINUOUS
10
5.4013
20
-4.60835
11
5.40138
21
-4.60845
0
LINE
8
BLACK
6
CONTINUOUS
10
5.40138
20
-4.60845
11
5.40138
21
-4.60845
0
LINE
8
BLACK
6
CONTINUOUS
10
5.40138
20
-4.60845
11
5.40138
21
-4.60845
0
LINE
8
BLACK
6
CONTINUOUS
10
5.40138
20
-4.60845
11
5.40632
21
-4.61224
0
LINE
8
BLACK
6
CONTINUOUS
10
5.40632
20
-4.61224
11
5.40632
21
-4.61224
0
LINE
8
BLACK
6
CONTINUOUS
10
5.40632
20
-4.61224
11
5.41207
21
-4.61462
0
LINE
8
BLACK
6
CONTINUOUS
10
5.41207
20
-4.61462
11
5.41207
21
-4.61462
0
LINE
8
BLACK
6
CONTINUOUS
10
5.41207
20
-4.61462
11
5.41824
21
-4.61543
0
LINE
8
BLACK
6
CONTINUOUS
10
5.41824
20
-4.61543
11
5.42441
21
-4.61462
0
LINE
8
BLACK
6
CONTINUOUS
10
5.42441
20
-4.61462
11
5.43016
21
-4.61224
0
LINE
8
BLACK
6
CONTINUOUS
10
5.43016
20
-4.61224
11
5.4351
21
-4.60845
0
LINE
8
BLACK
6
CONTINUOUS
10
5.4351
20
-4.60845
11
5.43889
21
-4.60351
0
LINE
8
BLACK
6
CONTINUOUS
10
5.43889
20
-4.60351
11
5.44127
21
-4.59776
0
LINE
8
BLACK
6
CONTINUOUS
10
5.44127
20
-4.59776
11
5.44208
21
-4.59158
0
LINE
8
BLACK
6
CONTINUOUS
10
5.44208
20
-4.59158
11
5.44127
21
-4.58541
0
LINE
8
BLACK
6
CONTINUOUS
10
5.44127
20
-4.58541
11
5.44123
21
-4.58532
0
LINE
8
BLACK
6
CONTINUOUS
10
5.44123
20
-4.58532
11
5.44107
21
-4.58492
0
LINE
8
BLACK
6
CONTINUOUS
10
5.44107
20
-4.58492
11
5.43889
21
-4.57966
0
LINE
8
BLACK
6
CONTINUOUS
10
6.20873
20
-4.56189
11
6.20873
21
-4.56189
0
LINE
8
BLACK
6
CONTINUOUS
10
6.20873
20
-4.56189
11
6.20873
21
-4.56189
0
LINE
8
BLACK
6
CONTINUOUS
10
6.20873
20
-4.56189
11
6.20298
21
-4.56427
0
LINE
8
BLACK
6
CONTINUOUS
10
6.20298
20
-4.56427
11
6.20298
21
-4.56427
0
LINE
8
BLACK
6
CONTINUOUS
10
6.20298
20
-4.56427
11
6.19804
21
-4.56806
0
LINE
8
BLACK
6
CONTINUOUS
10
6.19804
20
-4.56806
11
6.19804
21
-4.56806
0
LINE
8
BLACK
6
CONTINUOUS
10
6.19804
20
-4.56806
11
6.19425
21
-4.573
0
LINE
8
BLACK
6
CONTINUOUS
10
6.19425
20
-4.573
11
6.19425
21
-4.573
0
LINE
8
BLACK
6
CONTINUOUS
10
6.19425
20
-4.573
11
6.19187
21
-4.57875
0
LINE
8
BLACK
6
CONTINUOUS
10
6.19187
20
-4.57875
11
6.19106
21
-4.58492
0
LINE
8
BLACK
6
CONTINUOUS
10
6.19106
20
-4.58492
11
6.19187
21
-4.59109
0
LINE
8
BLACK
6
CONTINUOUS
10
6.19187
20
-4.59109
11
6.19425
21
-4.59684
0
LINE
8
BLACK
6
CONTINUOUS
10
6.19425
20
-4.59684
11
6.19425
21
-4.59684
0
LINE
8
BLACK
6
CONTINUOUS
10
6.19425
20
-4.59684
11
6.19804
21
-4.60178
0
LINE
8
BLACK
6
CONTINUOUS
10
6.19804
20
-4.60178
11
6.19804
21
-4.60178
0
LINE
8
BLACK
6
CONTINUOUS
10
6.19804
20
-4.60178
11
6.19804
21
-4.60178
0
LINE
8
BLACK
6
CONTINUOUS
10
6.19804
20
-4.60178
11
6.19804
21
-4.60178
0
LINE
8
BLACK
6
CONTINUOUS
10
6.19804
20
-4.60178
11
6.20298
21
-4.60557
0
LINE
8
BLACK
6
CONTINUOUS
10
6.20298
20
-4.60557
11
6.20298
21
-4.60557
0
LINE
8
BLACK
6
CONTINUOUS
10
6.20298
20
-4.60557
11
6.20873
21
-4.60795
0
LINE
8
BLACK
6
CONTINUOUS
10
6.20873
20
-4.60795
11
6.20873
21
-4.60795
0
LINE
8
BLACK
6
CONTINUOUS
10
6.20873
20
-4.60795
11
6.2149
21
-4.60877
0
LINE
8
BLACK
6
CONTINUOUS
10
6.2149
20
-4.60877
11
6.22107
21
-4.60795
0
LINE
8
BLACK
6
CONTINUOUS
10
6.22107
20
-4.60795
11
6.22682
21
-4.60557
0
LINE
8
BLACK
6
CONTINUOUS
10
6.22682
20
-4.60557
11
6.23176
21
-4.60178
0
LINE
8
BLACK
6
CONTINUOUS
10
6.23176
20
-4.60178
11
6.23555
21
-4.59684
0
LINE
8
BLACK
6
CONTINUOUS
10
6.23555
20
-4.59684
11
6.23793
21
-4.59109
0
LINE
8
BLACK
6
CONTINUOUS
10
6.23793
20
-4.59109
11
6.23875
21
-4.58492
0
LINE
8
BLACK
6
CONTINUOUS
10
6.23875
20
-4.58492
11
6.23793
21
-4.57875
0
LINE
8
BLACK
6
CONTINUOUS
10
6.23793
20
-4.57875
11
6.23782
21
-4.57846
0
LINE
8
BLACK
6
CONTINUOUS
10
6.23782
20
-4.57846
11
6.23555
21
-4.573
0
LINE
8
BLACK
6
CONTINUOUS
10
6.23555
20
-4.573
11
6.23555
21
-4.573
0
LINE
8
BLACK
6
CONTINUOUS
10
6.23555
20
-4.573
11
6.23176
21
-4.56806
0
LINE
8
BLACK
6
CONTINUOUS
10
6.23176
20
-4.56806
11
6.23176
21
-4.56806
0
LINE
8
BLACK
6
CONTINUOUS
10
6.23176
20
-4.56806
11
6.23176
21
-4.56806
0
LINE
8
BLACK
6
CONTINUOUS
10
6.23176
20
-4.56806
11
6.23176
21
-4.56806
0
LINE
8
BLACK
6
CONTINUOUS
10
6.23176
20
-4.56806
11
6.23176
21
-4.56806
0
LINE
8
BLACK
6
CONTINUOUS
10
6.23176
20
-4.56806
11
6.22682
21
-4.56427
0
LINE
8
BLACK
6
CONTINUOUS
10
6.22682
20
-4.56427
11
6.22682
21
-4.56427
0
LINE
8
BLACK
6
CONTINUOUS
10
6.22682
20
-4.56427
11
6.22107
21
-4.56189
0
LINE
8
BLACK
6
CONTINUOUS
10
6.22107
20
-4.56189
11
6.22107
21
-4.56189
0
LINE
8
BLACK
6
CONTINUOUS
10
6.22107
20
-4.56189
11
6.22107
21
-4.56189
0
LINE
8
BLACK
6
CONTINUOUS
10
6.22107
20
-4.56189
11
6.22107
21
-4.56189
0
LINE
8
BLACK
6
CONTINUOUS
10
6.22107
20
-4.56189
11
6.2149
21
-4.56108
0
LINE
8
BLACK
6
CONTINUOUS
10
6.2149
20
-4.56108
11
6.20873
21
-4.56189
0
LINE
8
BLACK
6
CONTINUOUS
10
5.6438
20
-4.59149
11
5.64618
21
-4.59724
0
LINE
8
BLACK
6
CONTINUOUS
10
5.64618
20
-4.59724
11
5.64618
21
-4.59724
0
LINE
8
BLACK
6
CONTINUOUS
10
5.64618
20
-4.59724
11
5.64967
21
-4.60178
0
LINE
8
BLACK
6
CONTINUOUS
10
5.64967
20
-4.60178
11
5.64997
21
-4.60218
0
LINE
8
BLACK
6
CONTINUOUS
10
5.64997
20
-4.60218
11
5.64997
21
-4.60218
0
LINE
8
BLACK
6
CONTINUOUS
10
5.64997
20
-4.60218
11
5.64997
21
-4.60218
0
LINE
8
BLACK
6
CONTINUOUS
10
5.64997
20
-4.60218
11
5.65491
21
-4.60597
0
LINE
8
BLACK
6
CONTINUOUS
10
5.65491
20
-4.60597
11
5.65491
21
-4.60597
0
LINE
8
BLACK
6
CONTINUOUS
10
5.65491
20
-4.60597
11
5.66066
21
-4.60835
0
LINE
8
BLACK
6
CONTINUOUS
10
5.66066
20
-4.60835
11
5.66066
21
-4.60835
0
LINE
8
BLACK
6
CONTINUOUS
10
5.66066
20
-4.60835
11
5.66683
21
-4.60916
0
LINE
8
BLACK
6
CONTINUOUS
10
5.66683
20
-4.60916
11
5.673
21
-4.60835
0
LINE
8
BLACK
6
CONTINUOUS
10
5.673
20
-4.60835
11
5.67876
21
-4.60597
0
LINE
8
BLACK
6
CONTINUOUS
10
5.67876
20
-4.60597
11
5.68369
21
-4.60218
0
LINE
8
BLACK
6
CONTINUOUS
10
5.68369
20
-4.60218
11
5.68748
21
-4.59724
0
LINE
8
BLACK
6
CONTINUOUS
10
5.68748
20
-4.59724
11
5.68987
21
-4.59149
0
LINE
8
BLACK
6
CONTINUOUS
10
5.68987
20
-4.59149
11
5.69068
21
-4.58532
0
LINE
8
BLACK
6
CONTINUOUS
10
5.69068
20
-4.58532
11
5.69063
21
-4.58492
0
LINE
8
BLACK
6
CONTINUOUS
10
5.69063
20
-4.58492
11
5.68987
21
-4.57914
0
LINE
8
BLACK
6
CONTINUOUS
10
5.68987
20
-4.57914
11
5.6897
21
-4.57875
0
LINE
8
BLACK
6
CONTINUOUS
10
5.6897
20
-4.57875
11
5.68748
21
-4.57339
0
LINE
8
BLACK
6
CONTINUOUS
10
5.68748
20
-4.57339
11
5.68748
21
-4.57339
0
LINE
8
BLACK
6
CONTINUOUS
10
5.68748
20
-4.57339
11
5.68369
21
-4.56846
0
LINE
8
BLACK
6
CONTINUOUS
10
5.68369
20
-4.56846
11
5.68369
21
-4.56846
0
LINE
8
BLACK
6
CONTINUOUS
10
5.68369
20
-4.56846
11
5.68369
21
-4.56846
0
LINE
8
BLACK
6
CONTINUOUS
10
5.68369
20
-4.56846
11
5.68369
21
-4.56845
0
LINE
8
BLACK
6
CONTINUOUS
10
5.68369
20
-4.56845
11
5.68369
21
-4.56845
0
LINE
8
BLACK
6
CONTINUOUS
10
5.68369
20
-4.56845
11
5.67876
21
-4.56467
0
LINE
8
BLACK
6
CONTINUOUS
10
5.67876
20
-4.56467
11
5.67876
21
-4.56467
0
LINE
8
BLACK
6
CONTINUOUS
10
5.67876
20
-4.56467
11
5.673
21
-4.56228
0
LINE
8
BLACK
6
CONTINUOUS
10
5.673
20
-4.56228
11
5.673
21
-4.56228
0
LINE
8
BLACK
6
CONTINUOUS
10
5.673
20
-4.56228
11
5.673
21
-4.56228
0
LINE
8
BLACK
6
CONTINUOUS
10
5.673
20
-4.56228
11
5.673
21
-4.56228
0
LINE
8
BLACK
6
CONTINUOUS
10
5.673
20
-4.56228
11
5.66683
21
-4.56147
0
LINE
8
BLACK
6
CONTINUOUS
10
5.66683
20
-4.56147
11
5.66066
21
-4.56228
0
LINE
8
BLACK
6
CONTINUOUS
10
5.66066
20
-4.56228
11
5.66066
21
-4.56228
0
LINE
8
BLACK
6
CONTINUOUS
10
5.66066
20
-4.56228
11
5.66066
21
-4.56228
0
LINE
8
BLACK
6
CONTINUOUS
10
5.66066
20
-4.56228
11
5.65491
21
-4.56467
0
LINE
8
BLACK
6
CONTINUOUS
10
5.65491
20
-4.56467
11
5.65491
21
-4.56467
0
LINE
8
BLACK
6
CONTINUOUS
10
5.65491
20
-4.56467
11
5.64997
21
-4.56845
0
LINE
8
BLACK
6
CONTINUOUS
10
5.64997
20
-4.56845
11
5.64997
21
-4.56846
0
LINE
8
BLACK
6
CONTINUOUS
10
5.64997
20
-4.56846
11
5.64618
21
-4.57339
0
LINE
8
BLACK
6
CONTINUOUS
10
5.64618
20
-4.57339
11
5.64618
21
-4.57339
0
LINE
8
BLACK
6
CONTINUOUS
10
5.64618
20
-4.57339
11
5.6438
21
-4.57914
0
LINE
8
BLACK
6
CONTINUOUS
10
5.6438
20
-4.57914
11
5.64299
21
-4.58532
0
LINE
8
BLACK
6
CONTINUOUS
10
5.64299
20
-4.58532
11
5.6438
21
-4.59149
0
LINE
8
BLACK
6
CONTINUOUS
10
5.54687
20
-4.59109
11
5.54925
21
-4.59684
0
LINE
8
BLACK
6
CONTINUOUS
10
5.54925
20
-4.59684
11
5.54925
21
-4.59684
0
LINE
8
BLACK
6
CONTINUOUS
10
5.54925
20
-4.59684
11
5.55304
21
-4.60178
0
LINE
8
BLACK
6
CONTINUOUS
10
5.55304
20
-4.60178
11
5.55304
21
-4.60178
0
LINE
8
BLACK
6
CONTINUOUS
10
5.55304
20
-4.60178
11
5.55304
21
-4.60178
0
LINE
8
BLACK
6
CONTINUOUS
10
5.55304
20
-4.60178
11
5.55304
21
-4.60178
0
LINE
8
BLACK
6
CONTINUOUS
10
5.55304
20
-4.60178
11
5.55798
21
-4.60557
0
LINE
8
BLACK
6
CONTINUOUS
10
5.55798
20
-4.60557
11
5.55798
21
-4.60557
0
LINE
8
BLACK
6
CONTINUOUS
10
5.55798
20
-4.60557
11
5.56373
21
-4.60795
0
LINE
8
BLACK
6
CONTINUOUS
10
5.56373
20
-4.60795
11
5.56373
21
-4.60795
0
LINE
8
BLACK
6
CONTINUOUS
10
5.56373
20
-4.60795
11
5.5699
21
-4.60877
0
LINE
8
BLACK
6
CONTINUOUS
10
5.5699
20
-4.60877
11
5.57607
21
-4.60795
0
LINE
8
BLACK
6
CONTINUOUS
10
5.57607
20
-4.60795
11
5.58182
21
-4.60557
0
LINE
8
BLACK
6
CONTINUOUS
10
5.58182
20
-4.60557
11
5.58676
21
-4.60178
0
LINE
8
BLACK
6
CONTINUOUS
10
5.58676
20
-4.60178
11
5.59055
21
-4.59684
0
LINE
8
BLACK
6
CONTINUOUS
10
5.59055
20
-4.59684
11
5.59293
21
-4.59109
0
LINE
8
BLACK
6
CONTINUOUS
10
5.59293
20
-4.59109
11
5.5937
21
-4.58532
0
LINE
8
BLACK
6
CONTINUOUS
10
5.5937
20
-4.58532
11
5.59375
21
-4.58492
0
LINE
8
BLACK
6
CONTINUOUS
10
5.59375
20
-4.58492
11
5.59293
21
-4.57875
0
LINE
8
BLACK
6
CONTINUOUS
10
5.59293
20
-4.57875
11
5.59282
21
-4.57846
0
LINE
8
BLACK
6
CONTINUOUS
10
5.59282
20
-4.57846
11
5.59055
21
-4.573
0
LINE
8
BLACK
6
CONTINUOUS
10
5.59055
20
-4.573
11
5.59055
21
-4.573
0
LINE
8
BLACK
6
CONTINUOUS
10
5.59055
20
-4.573
11
5.58676
21
-4.56806
0
LINE
8
BLACK
6
CONTINUOUS
10
5.58676
20
-4.56806
11
5.58676
21
-4.56806
0
LINE
8
BLACK
6
CONTINUOUS
10
5.58676
20
-4.56806
11
5.58676
21
-4.56806
0
LINE
8
BLACK
6
CONTINUOUS
10
5.58676
20
-4.56806
11
5.58676
21
-4.56806
0
LINE
8
BLACK
6
CONTINUOUS
10
5.58676
20
-4.56806
11
5.58676
21
-4.56806
0
LINE
8
BLACK
6
CONTINUOUS
10
5.58676
20
-4.56806
11
5.58182
21
-4.56427
0
LINE
8
BLACK
6
CONTINUOUS
10
5.58182
20
-4.56427
11
5.58182
21
-4.56427
0
LINE
8
BLACK
6
CONTINUOUS
10
5.58182
20
-4.56427
11
5.57607
21
-4.56189
0
LINE
8
BLACK
6
CONTINUOUS
10
5.57607
20
-4.56189
11
5.57607
21
-4.56189
0
LINE
8
BLACK
6
CONTINUOUS
10
5.57607
20
-4.56189
11
5.57607
21
-4.56189
0
LINE
8
BLACK
6
CONTINUOUS
10
5.57607
20
-4.56189
11
5.57607
21
-4.56189
0
LINE
8
BLACK
6
CONTINUOUS
10
5.57607
20
-4.56189
11
5.5699
21
-4.56108
0
LINE
8
BLACK
6
CONTINUOUS
10
5.5699
20
-4.56108
11
5.56373
21
-4.56189
0
LINE
8
BLACK
6
CONTINUOUS
10
5.56373
20
-4.56189
11
5.56373
21
-4.56189
0
LINE
8
BLACK
6
CONTINUOUS
10
5.56373
20
-4.56189
11
5.56373
21
-4.56189
0
LINE
8
BLACK
6
CONTINUOUS
10
5.56373
20
-4.56189
11
5.55798
21
-4.56427
0
LINE
8
BLACK
6
CONTINUOUS
10
5.55798
20
-4.56427
11
5.55798
21
-4.56427
0
LINE
8
BLACK
6
CONTINUOUS
10
5.55798
20
-4.56427
11
5.55304
21
-4.56806
0
LINE
8
BLACK
6
CONTINUOUS
10
5.55304
20
-4.56806
11
5.55304
21
-4.56806
0
LINE
8
BLACK
6
CONTINUOUS
10
5.55304
20
-4.56806
11
5.54925
21
-4.573
0
LINE
8
BLACK
6
CONTINUOUS
10
5.54925
20
-4.573
11
5.54925
21
-4.573
0
LINE
8
BLACK
6
CONTINUOUS
10
5.54925
20
-4.573
11
5.54687
21
-4.57875
0
LINE
8
BLACK
6
CONTINUOUS
10
5.54687
20
-4.57875
11
5.54606
21
-4.58492
0
LINE
8
BLACK
6
CONTINUOUS
10
5.54606
20
-4.58492
11
5.54687
21
-4.59109
0
LINE
8
BLACK
6
CONTINUOUS
10
5.70187
20
-4.59109
11
5.70425
21
-4.59684
0
LINE
8
BLACK
6
CONTINUOUS
10
5.70425
20
-4.59684
11
5.70425
21
-4.59684
0
LINE
8
BLACK
6
CONTINUOUS
10
5.70425
20
-4.59684
11
5.70804
21
-4.60178
0
LINE
8
BLACK
6
CONTINUOUS
10
5.70804
20
-4.60178
11
5.70804
21
-4.60178
0
LINE
8
BLACK
6
CONTINUOUS
10
5.70804
20
-4.60178
11
5.70804
21
-4.60178
0
LINE
8
BLACK
6
CONTINUOUS
10
5.70804
20
-4.60178
11
5.70804
21
-4.60178
0
LINE
8
BLACK
6
CONTINUOUS
10
5.70804
20
-4.60178
11
5.71298
21
-4.60557
0
LINE
8
BLACK
6
CONTINUOUS
10
5.71298
20
-4.60557
11
5.71298
21
-4.60557
0
LINE
8
BLACK
6
CONTINUOUS
10
5.71298
20
-4.60557
11
5.71873
21
-4.60795
0
LINE
8
BLACK
6
CONTINUOUS
10
5.71873
20
-4.60795
11
5.71873
21
-4.60795
0
LINE
8
BLACK
6
CONTINUOUS
10
5.71873
20
-4.60795
11
5.7249
21
-4.60877
0
LINE
8
BLACK
6
CONTINUOUS
10
5.7249
20
-4.60877
11
5.73107
21
-4.60795
0
LINE
8
BLACK
6
CONTINUOUS
10
5.73107
20
-4.60795
11
5.73682
21
-4.60557
0
LINE
8
BLACK
6
CONTINUOUS
10
5.73682
20
-4.60557
11
5.74176
21
-4.60178
0
LINE
8
BLACK
6
CONTINUOUS
10
5.74176
20
-4.60178
11
5.74555
21
-4.59684
0
LINE
8
BLACK
6
CONTINUOUS
10
5.74555
20
-4.59684
11
5.74793
21
-4.59109
0
LINE
8
BLACK
6
CONTINUOUS
10
5.74793
20
-4.59109
11
5.74875
21
-4.58492
0
LINE
8
BLACK
6
CONTINUOUS
10
5.74875
20
-4.58492
11
5.74793
21
-4.57875
0
LINE
8
BLACK
6
CONTINUOUS
10
5.74793
20
-4.57875
11
5.74782
21
-4.57846
0
LINE
8
BLACK
6
CONTINUOUS
10
5.74782
20
-4.57846
11
5.74555
21
-4.573
0
LINE
8
BLACK
6
CONTINUOUS
10
5.74555
20
-4.573
11
5.74555
21
-4.573
0
LINE
8
BLACK
6
CONTINUOUS
10
5.74555
20
-4.573
11
5.74176
21
-4.56806
0
LINE
8
BLACK
6
CONTINUOUS
10
5.74176
20
-4.56806
11
5.74176
21
-4.56806
0
LINE
8
BLACK
6
CONTINUOUS
10
5.74176
20
-4.56806
11
5.74176
21
-4.56806
0
LINE
8
BLACK
6
CONTINUOUS
10
5.74176
20
-4.56806
11
5.74176
21
-4.56806
0
LINE
8
BLACK
6
CONTINUOUS
10
5.74176
20
-4.56806
11
5.74176
21
-4.56806
0
LINE
8
BLACK
6
CONTINUOUS
10
5.74176
20
-4.56806
11
5.73682
21
-4.56427
0
LINE
8
BLACK
6
CONTINUOUS
10
5.73682
20
-4.56427
11
5.73682
21
-4.56427
0
LINE
8
BLACK
6
CONTINUOUS
10
5.73682
20
-4.56427
11
5.73107
21
-4.56189
0
LINE
8
BLACK
6
CONTINUOUS
10
5.73107
20
-4.56189
11
5.73107
21
-4.56189
0
LINE
8
BLACK
6
CONTINUOUS
10
5.73107
20
-4.56189
11
5.73107
21
-4.56189
0
LINE
8
BLACK
6
CONTINUOUS
10
5.73107
20
-4.56189
11
5.73107
21
-4.56189
0
LINE
8
BLACK
6
CONTINUOUS
10
5.73107
20
-4.56189
11
5.7249
21
-4.56108
0
LINE
8
BLACK
6
CONTINUOUS
10
5.7249
20
-4.56108
11
5.71873
21
-4.56189
0
LINE
8
BLACK
6
CONTINUOUS
10
5.71873
20
-4.56189
11
5.71873
21
-4.56189
0
LINE
8
BLACK
6
CONTINUOUS
10
5.71873
20
-4.56189
11
5.71873
21
-4.56189
0
LINE
8
BLACK
6
CONTINUOUS
10
5.71873
20
-4.56189
11
5.71298
21
-4.56427
0
LINE
8
BLACK
6
CONTINUOUS
10
5.71298
20
-4.56427
11
5.71298
21
-4.56427
0
LINE
8
BLACK
6
CONTINUOUS
10
5.71298
20
-4.56427
11
5.70804
21
-4.56806
0
LINE
8
BLACK
6
CONTINUOUS
10
5.70804
20
-4.56806
11
5.70804
21
-4.56806
0
LINE
8
BLACK
6
CONTINUOUS
10
5.70804
20
-4.56806
11
5.70425
21
-4.573
0
LINE
8
BLACK
6
CONTINUOUS
10
5.70425
20
-4.573
11
5.70425
21
-4.573
0
LINE
8
BLACK
6
CONTINUOUS
10
5.70425
20
-4.573
11
5.70187
21
-4.57875
0
LINE
8
BLACK
6
CONTINUOUS
10
5.70187
20
-4.57875
11
5.70106
21
-4.58492
0
LINE
8
BLACK
6
CONTINUOUS
10
5.70106
20
-4.58492
11
5.70187
21
-4.59109
0
LINE
8
BLACK
6
CONTINUOUS
10
6.28912
20
-4.52888
11
6.2915
21
-4.53463
0
LINE
8
BLACK
6
CONTINUOUS
10
6.2915
20
-4.53463
11
6.2915
21
-4.53463
0
LINE
8
BLACK
6
CONTINUOUS
10
6.2915
20
-4.53463
11
6.29529
21
-4.53957
0
LINE
8
BLACK
6
CONTINUOUS
10
6.29529
20
-4.53957
11
6.29529
21
-4.53957
0
LINE
8
BLACK
6
CONTINUOUS
10
6.29529
20
-4.53957
11
6.29529
21
-4.53957
0
LINE
8
BLACK
6
CONTINUOUS
10
6.29529
20
-4.53957
11
6.29529
21
-4.53957
0
LINE
8
BLACK
6
CONTINUOUS
10
6.29529
20
-4.53957
11
6.30023
21
-4.54336
0
LINE
8
BLACK
6
CONTINUOUS
10
6.30023
20
-4.54336
11
6.30023
21
-4.54336
0
LINE
8
BLACK
6
CONTINUOUS
10
6.30023
20
-4.54336
11
6.30598
21
-4.54574
0
LINE
8
BLACK
6
CONTINUOUS
10
6.30598
20
-4.54574
11
6.30598
21
-4.54574
0
LINE
8
BLACK
6
CONTINUOUS
10
6.30598
20
-4.54574
11
6.31215
21
-4.54656
0
LINE
8
BLACK
6
CONTINUOUS
10
6.31215
20
-4.54656
11
6.31832
21
-4.54574
0
LINE
8
BLACK
6
CONTINUOUS
10
6.31832
20
-4.54574
11
6.32407
21
-4.54336
0
LINE
8
BLACK
6
CONTINUOUS
10
6.32407
20
-4.54336
11
6.32901
21
-4.53957
0
LINE
8
BLACK
6
CONTINUOUS
10
6.32901
20
-4.53957
11
6.3328
21
-4.53463
0
LINE
8
BLACK
6
CONTINUOUS
10
6.3328
20
-4.53463
11
6.33518
21
-4.52888
0
LINE
8
BLACK
6
CONTINUOUS
10
6.33518
20
-4.52888
11
6.33599
21
-4.52271
0
LINE
8
BLACK
6
CONTINUOUS
10
6.33599
20
-4.52271
11
6.33518
21
-4.51654
0
LINE
8
BLACK
6
CONTINUOUS
10
6.33518
20
-4.51654
11
6.3328
21
-4.51079
0
LINE
8
BLACK
6
CONTINUOUS
10
6.3328
20
-4.51079
11
6.3328
21
-4.51079
0
LINE
8
BLACK
6
CONTINUOUS
10
6.3328
20
-4.51079
11
6.3328
21
-4.51079
0
LINE
8
BLACK
6
CONTINUOUS
10
6.3328
20
-4.51079
11
6.32901
21
-4.50585
0
LINE
8
BLACK
6
CONTINUOUS
10
6.32901
20
-4.50585
11
6.32901
21
-4.50585
0
LINE
8
BLACK
6
CONTINUOUS
10
6.32901
20
-4.50585
11
6.32901
21
-4.50585
0
LINE
8
BLACK
6
CONTINUOUS
10
6.32901
20
-4.50585
11
6.32901
21
-4.50585
0
LINE
8
BLACK
6
CONTINUOUS
10
6.32901
20
-4.50585
11
6.32901
21
-4.50585
0
LINE
8
BLACK
6
CONTINUOUS
10
6.32901
20
-4.50585
11
6.32407
21
-4.50206
0
LINE
8
BLACK
6
CONTINUOUS
10
6.32407
20
-4.50206
11
6.32407
21
-4.50206
0
LINE
8
BLACK
6
CONTINUOUS
10
6.32407
20
-4.50206
11
6.31832
21
-4.49968
0
LINE
8
BLACK
6
CONTINUOUS
10
6.31832
20
-4.49968
11
6.31832
21
-4.49968
0
LINE
8
BLACK
6
CONTINUOUS
10
6.31832
20
-4.49968
11
6.31832
21
-4.49968
0
LINE
8
BLACK
6
CONTINUOUS
10
6.31832
20
-4.49968
11
6.31832
21
-4.49968
0
LINE
8
BLACK
6
CONTINUOUS
10
6.31832
20
-4.49968
11
6.31215
21
-4.49887
0
LINE
8
BLACK
6
CONTINUOUS
10
6.31215
20
-4.49887
11
6.30598
21
-4.49968
0
LINE
8
BLACK
6
CONTINUOUS
10
6.30598
20
-4.49968
11
6.30598
21
-4.49968
0
LINE
8
BLACK
6
CONTINUOUS
10
6.30598
20
-4.49968
11
6.30598
21
-4.49968
0
LINE
8
BLACK
6
CONTINUOUS
10
6.30598
20
-4.49968
11
6.30023
21
-4.50206
0
LINE
8
BLACK
6
CONTINUOUS
10
6.30023
20
-4.50206
11
6.30023
21
-4.50206
0
LINE
8
BLACK
6
CONTINUOUS
10
6.30023
20
-4.50206
11
6.29529
21
-4.50585
0
LINE
8
BLACK
6
CONTINUOUS
10
6.29529
20
-4.50585
11
6.29529
21
-4.50585
0
LINE
8
BLACK
6
CONTINUOUS
10
6.29529
20
-4.50585
11
6.2915
21
-4.51079
0
LINE
8
BLACK
6
CONTINUOUS
10
6.2915
20
-4.51079
11
6.2915
21
-4.51079
0
LINE
8
BLACK
6
CONTINUOUS
10
6.2915
20
-4.51079
11
6.28912
21
-4.51654
0
LINE
8
BLACK
6
CONTINUOUS
10
6.28912
20
-4.51654
11
6.2883
21
-4.52271
0
LINE
8
BLACK
6
CONTINUOUS
10
6.2883
20
-4.52271
11
6.28912
21
-4.52888
0
LINE
8
BLACK
6
CONTINUOUS
10
5.36771
20
-4.52293
11
5.37009
21
-4.52868
0
LINE
8
BLACK
6
CONTINUOUS
10
5.37009
20
-4.52868
11
5.37009
21
-4.52868
0
LINE
8
BLACK
6
CONTINUOUS
10
5.37009
20
-4.52868
11
5.37024
21
-4.52888
0
LINE
8
BLACK
6
CONTINUOUS
10
5.37024
20
-4.52888
11
5.37388
21
-4.53362
0
LINE
8
BLACK
6
CONTINUOUS
10
5.37388
20
-4.53362
11
5.37388
21
-4.53362
0
LINE
8
BLACK
6
CONTINUOUS
10
5.37388
20
-4.53362
11
5.37388
21
-4.53362
0
LINE
8
BLACK
6
CONTINUOUS
10
5.37388
20
-4.53362
11
5.37882
21
-4.53741
0
LINE
8
BLACK
6
CONTINUOUS
10
5.37882
20
-4.53741
11
5.37882
21
-4.53741
0
LINE
8
BLACK
6
CONTINUOUS
10
5.37882
20
-4.53741
11
5.38457
21
-4.53979
0
LINE
8
BLACK
6
CONTINUOUS
10
5.38457
20
-4.53979
11
5.38457
21
-4.53979
0
LINE
8
BLACK
6
CONTINUOUS
10
5.38457
20
-4.53979
11
5.39074
21
-4.5406
0
LINE
8
BLACK
6
CONTINUOUS
10
5.39074
20
-4.5406
11
5.39691
21
-4.53979
0
LINE
8
BLACK
6
CONTINUOUS
10
5.39691
20
-4.53979
11
5.39744
21
-4.53957
0
LINE
8
BLACK
6
CONTINUOUS
10
5.39744
20
-4.53957
11
5.40266
21
-4.53741
0
LINE
8
BLACK
6
CONTINUOUS
10
5.40266
20
-4.53741
11
5.4076
21
-4.53362
0
LINE
8
BLACK
6
CONTINUOUS
10
5.4076
20
-4.53362
11
5.41139
21
-4.52868
0
LINE
8
BLACK
6
CONTINUOUS
10
5.41139
20
-4.52868
11
5.41377
21
-4.52293
0
LINE
8
BLACK
6
CONTINUOUS
10
5.41377
20
-4.52293
11
5.4138
21
-4.52271
0
LINE
8
BLACK
6
CONTINUOUS
10
5.4138
20
-4.52271
11
5.41458
21
-4.51676
0
LINE
8
BLACK
6
CONTINUOUS
10
5.41458
20
-4.51676
11
5.41377
21
-4.51059
0
LINE
8
BLACK
6
CONTINUOUS
10
5.41377
20
-4.51059
11
5.41181
21
-4.50585
0
LINE
8
BLACK
6
CONTINUOUS
10
5.41181
20
-4.50585
11
5.41139
21
-4.50484
0
LINE
8
BLACK
6
CONTINUOUS
10
5.41139
20
-4.50484
11
5.41139
21
-4.50483
0
LINE
8
BLACK
6
CONTINUOUS
10
5.41139
20
-4.50483
11
5.4076
21
-4.4999
0
LINE
8
BLACK
6
CONTINUOUS
10
5.4076
20
-4.4999
11
5.4076
21
-4.4999
0
LINE
8
BLACK
6
CONTINUOUS
10
5.4076
20
-4.4999
11
5.4076
21
-4.4999
0
LINE
8
BLACK
6
CONTINUOUS
10
5.4076
20
-4.4999
11
5.4076
21
-4.4999
0
LINE
8
BLACK
6
CONTINUOUS
10
5.4076
20
-4.4999
11
5.4076
21
-4.4999
0
LINE
8
BLACK
6
CONTINUOUS
10
5.4076
20
-4.4999
11
5.40266
21
-4.49611
0
LINE
8
BLACK
6
CONTINUOUS
10
5.40266
20
-4.49611
11
5.40266
21
-4.49611
0
LINE
8
BLACK
6
CONTINUOUS
10
5.40266
20
-4.49611
11
5.39784
21
-4.49411
0
LINE
8
BLACK
6
CONTINUOUS
10
5.39784
20
-4.49411
11
5.39607
21
-4.49249
0
LINE
8
BLACK
6
CONTINUOUS
10
5.39607
20
-4.49249
11
5.39576
21
-4.49012
0
LINE
8
BLACK
6
CONTINUOUS
10
5.39576
20
-4.49012
11
5.39705
21
-4.48809
0
LINE
8
BLACK
6
CONTINUOUS
10
5.39705
20
-4.48809
11
5.39784
21
-4.48764
0
LINE
8
BLACK
6
CONTINUOUS
10
5.39784
20
-4.48764
11
5.40282
21
-4.48557
0
LINE
8
BLACK
6
CONTINUOUS
10
5.40282
20
-4.48557
11
5.40776
21
-4.48178
0
LINE
8
BLACK
6
CONTINUOUS
10
5.40776
20
-4.48178
11
5.41155
21
-4.47684
0
LINE
8
BLACK
6
CONTINUOUS
10
5.41155
20
-4.47684
11
5.41393
21
-4.47109
0
LINE
8
BLACK
6
CONTINUOUS
10
5.41393
20
-4.47109
11
5.41475
21
-4.46492
0
LINE
8
BLACK
6
CONTINUOUS
10
5.41475
20
-4.46492
11
5.41393
21
-4.45875
0
LINE
8
BLACK
6
CONTINUOUS
10
5.41393
20
-4.45875
11
5.41155
21
-4.453
0
LINE
8
BLACK
6
CONTINUOUS
10
5.41155
20
-4.453
11
5.41155
21
-4.453
0
LINE
8
BLACK
6
CONTINUOUS
10
5.41155
20
-4.453
11
5.41155
21
-4.453
0
LINE
8
BLACK
6
CONTINUOUS
10
5.41155
20
-4.453
11
5.40776
21
-4.44806
0
LINE
8
BLACK
6
CONTINUOUS
10
5.40776
20
-4.44806
11
5.40776
21
-4.44806
0
LINE
8
BLACK
6
CONTINUOUS
10
5.40776
20
-4.44806
11
5.40776
21
-4.44806
0
LINE
8
BLACK
6
CONTINUOUS
10
5.40776
20
-4.44806
11
5.40776
21
-4.44806
0
LINE
8
BLACK
6
CONTINUOUS
10
5.40776
20
-4.44806
11
5.40776
21
-4.44806
0
LINE
8
BLACK
6
CONTINUOUS
10
5.40776
20
-4.44806
11
5.40282
21
-4.44427
0
LINE
8
BLACK
6
CONTINUOUS
10
5.40282
20
-4.44427
11
5.40282
21
-4.44427
0
LINE
8
BLACK
6
CONTINUOUS
10
5.40282
20
-4.44427
11
5.39707
21
-4.44189
0
LINE
8
BLACK
6
CONTINUOUS
10
5.39707
20
-4.44189
11
5.39707
21
-4.44189
0
LINE
8
BLACK
6
CONTINUOUS
10
5.39707
20
-4.44189
11
5.39707
21
-4.44189
0
LINE
8
BLACK
6
CONTINUOUS
10
5.39707
20
-4.44189
11
5.39707
21
-4.44189
0
LINE
8
BLACK
6
CONTINUOUS
10
5.39707
20
-4.44189
11
5.3909
21
-4.44108
0
LINE
8
BLACK
6
CONTINUOUS
10
5.3909
20
-4.44108
11
5.38473
21
-4.44189
0
LINE
8
BLACK
6
CONTINUOUS
10
5.38473
20
-4.44189
11
5.38473
21
-4.44189
0
LINE
8
BLACK
6
CONTINUOUS
10
5.38473
20
-4.44189
11
5.38473
21
-4.44189
0
LINE
8
BLACK
6
CONTINUOUS
10
5.38473
20
-4.44189
11
5.37898
21
-4.44427
0
LINE
8
BLACK
6
CONTINUOUS
10
5.37898
20
-4.44427
11
5.37898
21
-4.44427
0
LINE
8
BLACK
6
CONTINUOUS
10
5.37898
20
-4.44427
11
5.37404
21
-4.44806
0
LINE
8
BLACK
6
CONTINUOUS
10
5.37404
20
-4.44806
11
5.37404
21
-4.44806
0
LINE
8
BLACK
6
CONTINUOUS
10
5.37404
20
-4.44806
11
5.37025
21
-4.453
0
LINE
8
BLACK
6
CONTINUOUS
10
5.37025
20
-4.453
11
5.37025
21
-4.453
0
LINE
8
BLACK
6
CONTINUOUS
10
5.37025
20
-4.453
11
5.36787
21
-4.45875
0
LINE
8
BLACK
6
CONTINUOUS
10
5.36787
20
-4.45875
11
5.36706
21
-4.46492
0
LINE
8
BLACK
6
CONTINUOUS
10
5.36706
20
-4.46492
11
5.36787
21
-4.47109
0
LINE
8
BLACK
6
CONTINUOUS
10
5.36787
20
-4.47109
11
5.37025
21
-4.47684
0
LINE
8
BLACK
6
CONTINUOUS
10
5.37025
20
-4.47684
11
5.37025
21
-4.47684
0
LINE
8
BLACK
6
CONTINUOUS
10
5.37025
20
-4.47684
11
5.37404
21
-4.48178
0
LINE
8
BLACK
6
CONTINUOUS
10
5.37404
20
-4.48178
11
5.37404
21
-4.48178
0
LINE
8
BLACK
6
CONTINUOUS
10
5.37404
20
-4.48178
11
5.37404
21
-4.48178
0
LINE
8
BLACK
6
CONTINUOUS
10
5.37404
20
-4.48178
11
5.37404
21
-4.48178
0
LINE
8
BLACK
6
CONTINUOUS
10
5.37404
20
-4.48178
11
5.37898
21
-4.48557
0
LINE
8
BLACK
6
CONTINUOUS
10
5.37898
20
-4.48557
11
5.37898
21
-4.48557
0
LINE
8
BLACK
6
CONTINUOUS
10
5.37898
20
-4.48557
11
5.3838
21
-4.48757
0
LINE
8
BLACK
6
CONTINUOUS
10
5.3838
20
-4.48757
11
5.38557
21
-4.48919
0
LINE
8
BLACK
6
CONTINUOUS
10
5.38557
20
-4.48919
11
5.38588
21
-4.49156
0
LINE
8
BLACK
6
CONTINUOUS
10
5.38588
20
-4.49156
11
5.38459
21
-4.49359
0
LINE
8
BLACK
6
CONTINUOUS
10
5.38459
20
-4.49359
11
5.3838
21
-4.49404
0
LINE
8
BLACK
6
CONTINUOUS
10
5.3838
20
-4.49404
11
5.37882
21
-4.49611
0
LINE
8
BLACK
6
CONTINUOUS
10
5.37882
20
-4.49611
11
5.37388
21
-4.4999
0
LINE
8
BLACK
6
CONTINUOUS
10
5.37388
20
-4.4999
11
5.37388
21
-4.4999
0
LINE
8
BLACK
6
CONTINUOUS
10
5.37388
20
-4.4999
11
5.37009
21
-4.50483
0
LINE
8
BLACK
6
CONTINUOUS
10
5.37009
20
-4.50483
11
5.37009
21
-4.50484
0
LINE
8
BLACK
6
CONTINUOUS
10
5.37009
20
-4.50484
11
5.36771
21
-4.51059
0
LINE
8
BLACK
6
CONTINUOUS
10
5.36771
20
-4.51059
11
5.36689
21
-4.51676
0
LINE
8
BLACK
6
CONTINUOUS
10
5.36689
20
-4.51676
11
5.36771
21
-4.52293
0
LINE
8
BLACK
6
CONTINUOUS
10
5.03187
20
-4.36109
11
5.03425
21
-4.36684
0
LINE
8
BLACK
6
CONTINUOUS
10
5.03425
20
-4.36684
11
5.03425
21
-4.36684
0
LINE
8
BLACK
6
CONTINUOUS
10
5.03425
20
-4.36684
11
5.03804
21
-4.37178
0
LINE
8
BLACK
6
CONTINUOUS
10
5.03804
20
-4.37178
11
5.03804
21
-4.37178
0
LINE
8
BLACK
6
CONTINUOUS
10
5.03804
20
-4.37178
11
5.03804
21
-4.37178
0
LINE
8
BLACK
6
CONTINUOUS
10
5.03804
20
-4.37178
11
5.03804
21
-4.37178
0
LINE
8
BLACK
6
CONTINUOUS
10
5.03804
20
-4.37178
11
5.04298
21
-4.37557
0
LINE
8
BLACK
6
CONTINUOUS
10
5.04298
20
-4.37557
11
5.04298
21
-4.37557
0
LINE
8
BLACK
6
CONTINUOUS
10
5.04298
20
-4.37557
11
5.04873
21
-4.37795
0
LINE
8
BLACK
6
CONTINUOUS
10
5.04873
20
-4.37795
11
5.04873
21
-4.37795
0
LINE
8
BLACK
6
CONTINUOUS
10
5.04873
20
-4.37795
11
5.0549
21
-4.37877
0
LINE
8
BLACK
6
CONTINUOUS
10
5.0549
20
-4.37877
11
5.06107
21
-4.37795
0
LINE
8
BLACK
6
CONTINUOUS
10
5.06107
20
-4.37795
11
5.06682
21
-4.37557
0
LINE
8
BLACK
6
CONTINUOUS
10
5.06682
20
-4.37557
11
5.07176
21
-4.37178
0
LINE
8
BLACK
6
CONTINUOUS
10
5.07176
20
-4.37178
11
5.07555
21
-4.36684
0
LINE
8
BLACK
6
CONTINUOUS
10
5.07555
20
-4.36684
11
5.07765
21
-4.36178
0
LINE
8
BLACK
6
CONTINUOUS
10
5.07765
20
-4.36178
11
5.07793
21
-4.36109
0
LINE
8
BLACK
6
CONTINUOUS
10
5.07793
20
-4.36109
11
5.07793
21
-4.36109
0
LINE
8
BLACK
6
CONTINUOUS
10
5.07793
20
-4.36109
11
5.07793
21
-4.36109
0
LINE
8
BLACK
6
CONTINUOUS
10
5.07793
20
-4.36109
11
5.07875
21
-4.35492
0
LINE
8
BLACK
6
CONTINUOUS
10
5.07875
20
-4.35492
11
5.07793
21
-4.34875
0
LINE
8
BLACK
6
CONTINUOUS
10
5.07793
20
-4.34875
11
5.07555
21
-4.343
0
LINE
8
BLACK
6
CONTINUOUS
10
5.07555
20
-4.343
11
5.07555
21
-4.343
0
LINE
8
BLACK
6
CONTINUOUS
10
5.07555
20
-4.343
11
5.07555
21
-4.343
0
LINE
8
BLACK
6
CONTINUOUS
10
5.07555
20
-4.343
11
5.07176
21
-4.33806
0
LINE
8
BLACK
6
CONTINUOUS
10
5.07176
20
-4.33806
11
5.07176
21
-4.33806
0
LINE
8
BLACK
6
CONTINUOUS
10
5.07176
20
-4.33806
11
5.07176
21
-4.33806
0
LINE
8
BLACK
6
CONTINUOUS
10
5.07176
20
-4.33806
11
5.07176
21
-4.33806
0
LINE
8
BLACK
6
CONTINUOUS
10
5.07176
20
-4.33806
11
5.07176
21
-4.33806
0
LINE
8
BLACK
6
CONTINUOUS
10
5.07176
20
-4.33806
11
5.06682
21
-4.33427
0
LINE
8
BLACK
6
CONTINUOUS
10
5.06682
20
-4.33427
11
5.06682
21
-4.33427
0
LINE
8
BLACK
6
CONTINUOUS
10
5.06682
20
-4.33427
11
5.06107
21
-4.33189
0
LINE
8
BLACK
6
CONTINUOUS
10
5.06107
20
-4.33189
11
5.06107
21
-4.33189
0
LINE
8
BLACK
6
CONTINUOUS
10
5.06107
20
-4.33189
11
5.06107
21
-4.33189
0
LINE
8
BLACK
6
CONTINUOUS
10
5.06107
20
-4.33189
11
5.06107
21
-4.33189
0
LINE
8
BLACK
6
CONTINUOUS
10
5.06107
20
-4.33189
11
5.0549
21
-4.33108
0
LINE
8
BLACK
6
CONTINUOUS
10
5.0549
20
-4.33108
11
5.04873
21
-4.33189
0
LINE
8
BLACK
6
CONTINUOUS
10
5.04873
20
-4.33189
11
5.04873
21
-4.33189
0
LINE
8
BLACK
6
CONTINUOUS
10
5.04873
20
-4.33189
11
5.04873
21
-4.33189
0
LINE
8
BLACK
6
CONTINUOUS
10
5.04873
20
-4.33189
11
5.04298
21
-4.33427
0
LINE
8
BLACK
6
CONTINUOUS
10
5.04298
20
-4.33427
11
5.04298
21
-4.33427
0
LINE
8
BLACK
6
CONTINUOUS
10
5.04298
20
-4.33427
11
5.03804
21
-4.33806
0
LINE
8
BLACK
6
CONTINUOUS
10
5.03804
20
-4.33806
11
5.03804
21
-4.33806
0
LINE
8
BLACK
6
CONTINUOUS
10
5.03804
20
-4.33806
11
5.03425
21
-4.343
0
LINE
8
BLACK
6
CONTINUOUS
10
5.03425
20
-4.343
11
5.03425
21
-4.343
0
LINE
8
BLACK
6
CONTINUOUS
10
5.03425
20
-4.343
11
5.03187
21
-4.34875
0
LINE
8
BLACK
6
CONTINUOUS
10
5.03187
20
-4.34875
11
5.03106
21
-4.35492
0
LINE
8
BLACK
6
CONTINUOUS
10
5.03106
20
-4.35492
11
5.03187
21
-4.36109
0
LINE
8
BLACK
6
CONTINUOUS
10
4.86187
20
-4.35109
11
4.86425
21
-4.35684
0
LINE
8
BLACK
6
CONTINUOUS
10
4.86425
20
-4.35684
11
4.86425
21
-4.35684
0
LINE
8
BLACK
6
CONTINUOUS
10
4.86425
20
-4.35684
11
4.86751
21
-4.36109
0
LINE
8
BLACK
6
CONTINUOUS
10
4.86751
20
-4.36109
11
4.86804
21
-4.36178
0
LINE
8
BLACK
6
CONTINUOUS
10
4.86804
20
-4.36178
11
4.86804
21
-4.36178
0
LINE
8
BLACK
6
CONTINUOUS
10
4.86804
20
-4.36178
11
4.86804
21
-4.36178
0
LINE
8
BLACK
6
CONTINUOUS
10
4.86804
20
-4.36178
11
4.87298
21
-4.36557
0
LINE
8
BLACK
6
CONTINUOUS
10
4.87298
20
-4.36557
11
4.87298
21
-4.36557
0
LINE
8
BLACK
6
CONTINUOUS
10
4.87298
20
-4.36557
11
4.87873
21
-4.36795
0
LINE
8
BLACK
6
CONTINUOUS
10
4.87873
20
-4.36795
11
4.87873
21
-4.36795
0
LINE
8
BLACK
6
CONTINUOUS
10
4.87873
20
-4.36795
11
4.8849
21
-4.36877
0
LINE
8
BLACK
6
CONTINUOUS
10
4.8849
20
-4.36877
11
4.89107
21
-4.36795
0
LINE
8
BLACK
6
CONTINUOUS
10
4.89107
20
-4.36795
11
4.89682
21
-4.36557
0
LINE
8
BLACK
6
CONTINUOUS
10
4.89682
20
-4.36557
11
4.90176
21
-4.36178
0
LINE
8
BLACK
6
CONTINUOUS
10
4.90176
20
-4.36178
11
4.90555
21
-4.35684
0
LINE
8
BLACK
6
CONTINUOUS
10
4.90555
20
-4.35684
11
4.90635
21
-4.35492
0
LINE
8
BLACK
6
CONTINUOUS
10
4.90635
20
-4.35492
11
4.90793
21
-4.35109
0
LINE
8
BLACK
6
CONTINUOUS
10
4.90793
20
-4.35109
11
4.90875
21
-4.34492
0
LINE
8
BLACK
6
CONTINUOUS
10
4.90875
20
-4.34492
11
4.90793
21
-4.33875
0
LINE
8
BLACK
6
CONTINUOUS
10
4.90793
20
-4.33875
11
4.90765
21
-4.33806
0
LINE
8
BLACK
6
CONTINUOUS
10
4.90765
20
-4.33806
11
4.90555
21
-4.333
0
LINE
8
BLACK
6
CONTINUOUS
10
4.90555
20
-4.333
11
4.90555
21
-4.333
0
LINE
8
BLACK
6
CONTINUOUS
10
4.90555
20
-4.333
11
4.90176
21
-4.32806
0
LINE
8
BLACK
6
CONTINUOUS
10
4.90176
20
-4.32806
11
4.90176
21
-4.32806
0
LINE
8
BLACK
6
CONTINUOUS
10
4.90176
20
-4.32806
11
4.90176
21
-4.32806
0
LINE
8
BLACK
6
CONTINUOUS
10
4.90176
20
-4.32806
11
4.90176
21
-4.32806
0
LINE
8
BLACK
6
CONTINUOUS
10
4.90176
20
-4.32806
11
4.90176
21
-4.32806
0
LINE
8
BLACK
6
CONTINUOUS
10
4.90176
20
-4.32806
11
4.89682
21
-4.32427
0
LINE
8
BLACK
6
CONTINUOUS
10
4.89682
20
-4.32427
11
4.89682
21
-4.32427
0
LINE
8
BLACK
6
CONTINUOUS
10
4.89682
20
-4.32427
11
4.89107
21
-4.32189
0
LINE
8
BLACK
6
CONTINUOUS
10
4.89107
20
-4.32189
11
4.89107
21
-4.32189
0
LINE
8
BLACK
6
CONTINUOUS
10
4.89107
20
-4.32189
11
4.89107
21
-4.32189
0
LINE
8
BLACK
6
CONTINUOUS
10
4.89107
20
-4.32189
11
4.89107
21
-4.32189
0
LINE
8
BLACK
6
CONTINUOUS
10
4.89107
20
-4.32189
11
4.8849
21
-4.32108
0
LINE
8
BLACK
6
CONTINUOUS
10
4.8849
20
-4.32108
11
4.87873
21
-4.32189
0
LINE
8
BLACK
6
CONTINUOUS
10
4.87873
20
-4.32189
11
4.87873
21
-4.32189
0
LINE
8
BLACK
6
CONTINUOUS
10
4.87873
20
-4.32189
11
4.87873
21
-4.32189
0
LINE
8
BLACK
6
CONTINUOUS
10
4.87873
20
-4.32189
11
4.87298
21
-4.32427
0
LINE
8
BLACK
6
CONTINUOUS
10
4.87298
20
-4.32427
11
4.87298
21
-4.32427
0
LINE
8
BLACK
6
CONTINUOUS
10
4.87298
20
-4.32427
11
4.86804
21
-4.32806
0
LINE
8
BLACK
6
CONTINUOUS
10
4.86804
20
-4.32806
11
4.86804
21
-4.32806
0
LINE
8
BLACK
6
CONTINUOUS
10
4.86804
20
-4.32806
11
4.86425
21
-4.333
0
LINE
8
BLACK
6
CONTINUOUS
10
4.86425
20
-4.333
11
4.86425
21
-4.333
0
LINE
8
BLACK
6
CONTINUOUS
10
4.86425
20
-4.333
11
4.86187
21
-4.33875
0
LINE
8
BLACK
6
CONTINUOUS
10
4.86187
20
-4.33875
11
4.86106
21
-4.34492
0
LINE
8
BLACK
6
CONTINUOUS
10
4.86106
20
-4.34492
11
4.86187
21
-4.35109
0
LINE
8
BLACK
6
CONTINUOUS
10
6.62873
20
-4.29189
11
6.62873
21
-4.29189
0
LINE
8
BLACK
6
CONTINUOUS
10
6.62873
20
-4.29189
11
6.62873
21
-4.29189
0
LINE
8
BLACK
6
CONTINUOUS
10
6.62873
20
-4.29189
11
6.62298
21
-4.29427
0
LINE
8
BLACK
6
CONTINUOUS
10
6.62298
20
-4.29427
11
6.62298
21
-4.29427
0
LINE
8
BLACK
6
CONTINUOUS
10
6.62298
20
-4.29427
11
6.61804
21
-4.29806
0
LINE
8
BLACK
6
CONTINUOUS
10
6.61804
20
-4.29806
11
6.61804
21
-4.29806
0
LINE
8
BLACK
6
CONTINUOUS
10
6.61804
20
-4.29806
11
6.61425
21
-4.303
0
LINE
8
BLACK
6
CONTINUOUS
10
6.61425
20
-4.303
11
6.61425
21
-4.303
0
LINE
8
BLACK
6
CONTINUOUS
10
6.61425
20
-4.303
11
6.61187
21
-4.30875
0
LINE
8
BLACK
6
CONTINUOUS
10
6.61187
20
-4.30875
11
6.61106
21
-4.31492
0
LINE
8
BLACK
6
CONTINUOUS
10
6.61106
20
-4.31492
11
6.61187
21
-4.32109
0
LINE
8
BLACK
6
CONTINUOUS
10
6.61187
20
-4.32109
11
6.61425
21
-4.32684
0
LINE
8
BLACK
6
CONTINUOUS
10
6.61425
20
-4.32684
11
6.61425
21
-4.32684
0
LINE
8
BLACK
6
CONTINUOUS
10
6.61425
20
-4.32684
11
6.61804
21
-4.33178
0
LINE
8
BLACK
6
CONTINUOUS
10
6.61804
20
-4.33178
11
6.61804
21
-4.33178
0
LINE
8
BLACK
6
CONTINUOUS
10
6.61804
20
-4.33178
11
6.61804
21
-4.33178
0
LINE
8
BLACK
6
CONTINUOUS
10
6.61804
20
-4.33178
11
6.61804
21
-4.33178
0
LINE
8
BLACK
6
CONTINUOUS
10
6.61804
20
-4.33178
11
6.62298
21
-4.33557
0
LINE
8
BLACK
6
CONTINUOUS
10
6.62298
20
-4.33557
11
6.62298
21
-4.33557
0
LINE
8
BLACK
6
CONTINUOUS
10
6.62298
20
-4.33557
11
6.62873
21
-4.33795
0
LINE
8
BLACK
6
CONTINUOUS
10
6.62873
20
-4.33795
11
6.62873
21
-4.33795
0
LINE
8
BLACK
6
CONTINUOUS
10
6.62873
20
-4.33795
11
6.6349
21
-4.33877
0
LINE
8
BLACK
6
CONTINUOUS
10
6.6349
20
-4.33877
11
6.64107
21
-4.33795
0
LINE
8
BLACK
6
CONTINUOUS
10
6.64107
20
-4.33795
11
6.64682
21
-4.33557
0
LINE
8
BLACK
6
CONTINUOUS
10
6.64682
20
-4.33557
11
6.65176
21
-4.33178
0
LINE
8
BLACK
6
CONTINUOUS
10
6.65176
20
-4.33178
11
6.65555
21
-4.32684
0
LINE
8
BLACK
6
CONTINUOUS
10
6.65555
20
-4.32684
11
6.65662
21
-4.32427
0
LINE
8
BLACK
6
CONTINUOUS
10
6.65662
20
-4.32427
11
6.65793
21
-4.32109
0
LINE
8
BLACK
6
CONTINUOUS
10
6.65793
20
-4.32109
11
6.65793
21
-4.32109
0
LINE
8
BLACK
6
CONTINUOUS
10
6.65793
20
-4.32109
11
6.65793
21
-4.32109
0
LINE
8
BLACK
6
CONTINUOUS
10
6.65793
20
-4.32109
11
6.65875
21
-4.31492
0
LINE
8
BLACK
6
CONTINUOUS
10
6.65875
20
-4.31492
11
6.65793
21
-4.30875
0
LINE
8
BLACK
6
CONTINUOUS
10
6.65793
20
-4.30875
11
6.65683
21
-4.30609
0
LINE
8
BLACK
6
CONTINUOUS
10
6.65683
20
-4.30609
11
6.65555
21
-4.303
0
LINE
8
BLACK
6
CONTINUOUS
10
6.65555
20
-4.303
11
6.65555
21
-4.303
0
LINE
8
BLACK
6
CONTINUOUS
10
6.65555
20
-4.303
11
6.65176
21
-4.29806
0
LINE
8
BLACK
6
CONTINUOUS
10
6.65176
20
-4.29806
11
6.65176
21
-4.29806
0
LINE
8
BLACK
6
CONTINUOUS
10
6.65176
20
-4.29806
11
6.65176
21
-4.29806
0
LINE
8
BLACK
6
CONTINUOUS
10
6.65176
20
-4.29806
11
6.65176
21
-4.29806
0
LINE
8
BLACK
6
CONTINUOUS
10
6.65176
20
-4.29806
11
6.65176
21
-4.29806
0
LINE
8
BLACK
6
CONTINUOUS
10
6.65176
20
-4.29806
11
6.64682
21
-4.29427
0
LINE
8
BLACK
6
CONTINUOUS
10
6.64682
20
-4.29427
11
6.64682
21
-4.29427
0
LINE
8
BLACK
6
CONTINUOUS
10
6.64682
20
-4.29427
11
6.64107
21
-4.29189
0
LINE
8
BLACK
6
CONTINUOUS
10
6.64107
20
-4.29189
11
6.64107
21
-4.29189
0
LINE
8
BLACK
6
CONTINUOUS
10
6.64107
20
-4.29189
11
6.64107
21
-4.29189
0
LINE
8
BLACK
6
CONTINUOUS
10
6.64107
20
-4.29189
11
6.64107
21
-4.29189
0
LINE
8
BLACK
6
CONTINUOUS
10
6.64107
20
-4.29189
11
6.6349
21
-4.29108
0
LINE
8
BLACK
6
CONTINUOUS
10
6.6349
20
-4.29108
11
6.62873
21
-4.29189
0
LINE
8
BLACK
6
CONTINUOUS
10
5.4384
20
-4.27216
11
5.44079
21
-4.27792
0
LINE
8
BLACK
6
CONTINUOUS
10
5.44079
20
-4.27792
11
5.44079
21
-4.27792
0
LINE
8
BLACK
6
CONTINUOUS
10
5.44079
20
-4.27792
11
5.44457
21
-4.28285
0
LINE
8
BLACK
6
CONTINUOUS
10
5.44457
20
-4.28285
11
5.44458
21
-4.28285
0
LINE
8
BLACK
6
CONTINUOUS
10
5.44458
20
-4.28285
11
5.44458
21
-4.28285
0
LINE
8
BLACK
6
CONTINUOUS
10
5.44458
20
-4.28285
11
5.44458
21
-4.28285
0
LINE
8
BLACK
6
CONTINUOUS
10
5.44458
20
-4.28285
11
5.44951
21
-4.28664
0
LINE
8
BLACK
6
CONTINUOUS
10
5.44951
20
-4.28664
11
5.44951
21
-4.28664
0
LINE
8
BLACK
6
CONTINUOUS
10
5.44951
20
-4.28664
11
5.45526
21
-4.28903
0
LINE
8
BLACK
6
CONTINUOUS
10
5.45526
20
-4.28903
11
5.45526
21
-4.28903
0
LINE
8
BLACK
6
CONTINUOUS
10
5.45526
20
-4.28903
11
5.46144
21
-4.28984
0
LINE
8
BLACK
6
CONTINUOUS
10
5.46144
20
-4.28984
11
5.46761
21
-4.28903
0
LINE
8
BLACK
6
CONTINUOUS
10
5.46761
20
-4.28903
11
5.46982
21
-4.28811
0
LINE
8
BLACK
6
CONTINUOUS
10
5.46982
20
-4.28811
11
5.47221
21
-4.28801
0
LINE
8
BLACK
6
CONTINUOUS
10
5.47221
20
-4.28801
11
5.47411
21
-4.28947
0
LINE
8
BLACK
6
CONTINUOUS
10
5.47411
20
-4.28947
11
5.47463
21
-4.29181
0
LINE
8
BLACK
6
CONTINUOUS
10
5.47463
20
-4.29181
11
5.4743
21
-4.29277
0
LINE
8
BLACK
6
CONTINUOUS
10
5.4743
20
-4.29277
11
5.47434
21
-4.29279
0
LINE
8
BLACK
6
CONTINUOUS
10
5.47434
20
-4.29279
11
5.47187
21
-4.29875
0
LINE
8
BLACK
6
CONTINUOUS
10
5.47187
20
-4.29875
11
5.47106
21
-4.30492
0
LINE
8
BLACK
6
CONTINUOUS
10
5.47106
20
-4.30492
11
5.47187
21
-4.31109
0
LINE
8
BLACK
6
CONTINUOUS
10
5.47187
20
-4.31109
11
5.47425
21
-4.31684
0
LINE
8
BLACK
6
CONTINUOUS
10
5.47425
20
-4.31684
11
5.47425
21
-4.31684
0
LINE
8
BLACK
6
CONTINUOUS
10
5.47425
20
-4.31684
11
5.47751
21
-4.32109
0
LINE
8
BLACK
6
CONTINUOUS
10
5.47751
20
-4.32109
11
5.47804
21
-4.32178
0
LINE
8
BLACK
6
CONTINUOUS
10
5.47804
20
-4.32178
11
5.47804
21
-4.32178
0
LINE
8
BLACK
6
CONTINUOUS
10
5.47804
20
-4.32178
11
5.47804
21
-4.32178
0
LINE
8
BLACK
6
CONTINUOUS
10
5.47804
20
-4.32178
11
5.48298
21
-4.32557
0
LINE
8
BLACK
6
CONTINUOUS
10
5.48298
20
-4.32557
11
5.48298
21
-4.32557
0
LINE
8
BLACK
6
CONTINUOUS
10
5.48298
20
-4.32557
11
5.48873
21
-4.32795
0
LINE
8
BLACK
6
CONTINUOUS
10
5.48873
20
-4.32795
11
5.48873
21
-4.32795
0
LINE
8
BLACK
6
CONTINUOUS
10
5.48873
20
-4.32795
11
5.4949
21
-4.32877
0
LINE
8
BLACK
6
CONTINUOUS
10
5.4949
20
-4.32877
11
5.50107
21
-4.32795
0
LINE
8
BLACK
6
CONTINUOUS
10
5.50107
20
-4.32795
11
5.50682
21
-4.32557
0
LINE
8
BLACK
6
CONTINUOUS
10
5.50682
20
-4.32557
11
5.51176
21
-4.32178
0
LINE
8
BLACK
6
CONTINUOUS
10
5.51176
20
-4.32178
11
5.51555
21
-4.31684
0
LINE
8
BLACK
6
CONTINUOUS
10
5.51555
20
-4.31684
11
5.51635
21
-4.31492
0
LINE
8
BLACK
6
CONTINUOUS
10
5.51635
20
-4.31492
11
5.51793
21
-4.31109
0
LINE
8
BLACK
6
CONTINUOUS
10
5.51793
20
-4.31109
11
5.51875
21
-4.30492
0
LINE
8
BLACK
6
CONTINUOUS
10
5.51875
20
-4.30492
11
5.51793
21
-4.29875
0
LINE
8
BLACK
6
CONTINUOUS
10
5.51793
20
-4.29875
11
5.51765
21
-4.29806
0
LINE
8
BLACK
6
CONTINUOUS
10
5.51765
20
-4.29806
11
5.51555
21
-4.293
0
LINE
8
BLACK
6
CONTINUOUS
10
5.51555
20
-4.293
11
5.51555
21
-4.293
0
LINE
8
BLACK
6
CONTINUOUS
10
5.51555
20
-4.293
11
5.51176
21
-4.28806
0
LINE
8
BLACK
6
CONTINUOUS
10
5.51176
20
-4.28806
11
5.51176
21
-4.28806
0
LINE
8
BLACK
6
CONTINUOUS
10
5.51176
20
-4.28806
11
5.51176
21
-4.28806
0
LINE
8
BLACK
6
CONTINUOUS
10
5.51176
20
-4.28806
11
5.51176
21
-4.28806
0
LINE
8
BLACK
6
CONTINUOUS
10
5.51176
20
-4.28806
11
5.51176
21
-4.28806
0
LINE
8
BLACK
6
CONTINUOUS
10
5.51176
20
-4.28806
11
5.50682
21
-4.28427
0
LINE
8
BLACK
6
CONTINUOUS
10
5.50682
20
-4.28427
11
5.50682
21
-4.28427
0
LINE
8
BLACK
6
CONTINUOUS
10
5.50682
20
-4.28427
11
5.50107
21
-4.28189
0
LINE
8
BLACK
6
CONTINUOUS
10
5.50107
20
-4.28189
11
5.50107
21
-4.28189
0
LINE
8
BLACK
6
CONTINUOUS
10
5.50107
20
-4.28189
11
5.50107
21
-4.28189
0
LINE
8
BLACK
6
CONTINUOUS
10
5.50107
20
-4.28189
11
5.50107
21
-4.28189
0
LINE
8
BLACK
6
CONTINUOUS
10
5.50107
20
-4.28189
11
5.4949
21
-4.28108
0
LINE
8
BLACK
6
CONTINUOUS
10
5.4949
20
-4.28108
11
5.48873
21
-4.28189
0
LINE
8
BLACK
6
CONTINUOUS
10
5.48873
20
-4.28189
11
5.48873
21
-4.28189
0
LINE
8
BLACK
6
CONTINUOUS
10
5.48873
20
-4.28189
11
5.48873
21
-4.28189
0
LINE
8
BLACK
6
CONTINUOUS
10
5.48873
20
-4.28189
11
5.48652
21
-4.2828
0
LINE
8
BLACK
6
CONTINUOUS
10
5.48652
20
-4.2828
11
5.48413
21
-4.28291
0
LINE
8
BLACK
6
CONTINUOUS
10
5.48413
20
-4.28291
11
5.48223
21
-4.28145
0
LINE
8
BLACK
6
CONTINUOUS
10
5.48223
20
-4.28145
11
5.48171
21
-4.27911
0
LINE
8
BLACK
6
CONTINUOUS
10
5.48171
20
-4.27911
11
5.48203
21
-4.27814
0
LINE
8
BLACK
6
CONTINUOUS
10
5.48203
20
-4.27814
11
5.482
21
-4.27813
0
LINE
8
BLACK
6
CONTINUOUS
10
5.482
20
-4.27813
11
5.48447
21
-4.27216
0
LINE
8
BLACK
6
CONTINUOUS
10
5.48447
20
-4.27216
11
5.48447
21
-4.27216
0
LINE
8
BLACK
6
CONTINUOUS
10
5.48447
20
-4.27216
11
5.48447
21
-4.27216
0
LINE
8
BLACK
6
CONTINUOUS
10
5.48447
20
-4.27216
11
5.48528
21
-4.26599
0
LINE
8
BLACK
6
CONTINUOUS
10
5.48528
20
-4.26599
11
5.48447
21
-4.25982
0
LINE
8
BLACK
6
CONTINUOUS
10
5.48447
20
-4.25982
11
5.48403
21
-4.25875
0
LINE
8
BLACK
6
CONTINUOUS
10
5.48403
20
-4.25875
11
5.48209
21
-4.25407
0
LINE
8
BLACK
6
CONTINUOUS
10
5.48209
20
-4.25407
11
5.48209
21
-4.25407
0
LINE
8
BLACK
6
CONTINUOUS
10
5.48209
20
-4.25407
11
5.4783
21
-4.24913
0
LINE
8
BLACK
6
CONTINUOUS
10
5.4783
20
-4.24913
11
5.4783
21
-4.24913
0
LINE
8
BLACK
6
CONTINUOUS
10
5.4783
20
-4.24913
11
5.4783
21
-4.24913
0
LINE
8
BLACK
6
CONTINUOUS
10
5.4783
20
-4.24913
11
5.4783
21
-4.24913
0
LINE
8
BLACK
6
CONTINUOUS
10
5.4783
20
-4.24913
11
5.4783
21
-4.24913
0
LINE
8
BLACK
6
CONTINUOUS
10
5.4783
20
-4.24913
11
5.47336
21
-4.24534
0
LINE
8
BLACK
6
CONTINUOUS
10
5.47336
20
-4.24534
11
5.47336
21
-4.24534
0
LINE
8
BLACK
6
CONTINUOUS
10
5.47336
20
-4.24534
11
5.46761
21
-4.24296
0
LINE
8
BLACK
6
CONTINUOUS
10
5.46761
20
-4.24296
11
5.46761
21
-4.24296
0
LINE
8
BLACK
6
CONTINUOUS
10
5.46761
20
-4.24296
11
5.46761
21
-4.24296
0
LINE
8
BLACK
6
CONTINUOUS
10
5.46761
20
-4.24296
11
5.46761
21
-4.24296
0
LINE
8
BLACK
6
CONTINUOUS
10
5.46761
20
-4.24296
11
5.46144
21
-4.24215
0
LINE
8
BLACK
6
CONTINUOUS
10
5.46144
20
-4.24215
11
5.45526
21
-4.24296
0
LINE
8
BLACK
6
CONTINUOUS
10
5.45526
20
-4.24296
11
5.45526
21
-4.24296
0
LINE
8
BLACK
6
CONTINUOUS
10
5.45526
20
-4.24296
11
5.45526
21
-4.24296
0
LINE
8
BLACK
6
CONTINUOUS
10
5.45526
20
-4.24296
11
5.44951
21
-4.24534
0
LINE
8
BLACK
6
CONTINUOUS
10
5.44951
20
-4.24534
11
5.44951
21
-4.24534
0
LINE
8
BLACK
6
CONTINUOUS
10
5.44951
20
-4.24534
11
5.44458
21
-4.24913
0
LINE
8
BLACK
6
CONTINUOUS
10
5.44458
20
-4.24913
11
5.44457
21
-4.24913
0
LINE
8
BLACK
6
CONTINUOUS
10
5.44457
20
-4.24913
11
5.44079
21
-4.25407
0
LINE
8
BLACK
6
CONTINUOUS
10
5.44079
20
-4.25407
11
5.44079
21
-4.25407
0
LINE
8
BLACK
6
CONTINUOUS
10
5.44079
20
-4.25407
11
5.4384
21
-4.25982
0
LINE
8
BLACK
6
CONTINUOUS
10
5.4384
20
-4.25982
11
5.43759
21
-4.26599
0
LINE
8
BLACK
6
CONTINUOUS
10
5.43759
20
-4.26599
11
5.4384
21
-4.27216
0
LINE
8
BLACK
6
CONTINUOUS
10
5.02646
20
-4.303
11
5.02687
21
-4.30609
0
LINE
8
BLACK
6
CONTINUOUS
10
5.02687
20
-4.30609
11
5.02925
21
-4.31184
0
LINE
8
BLACK
6
CONTINUOUS
10
5.02925
20
-4.31184
11
5.02925
21
-4.31184
0
LINE
8
BLACK
6
CONTINUOUS
10
5.02925
20
-4.31184
11
5.03161
21
-4.31492
0
LINE
8
BLACK
6
CONTINUOUS
10
5.03161
20
-4.31492
11
5.03304
21
-4.31678
0
LINE
8
BLACK
6
CONTINUOUS
10
5.03304
20
-4.31678
11
5.03304
21
-4.31678
0
LINE
8
BLACK
6
CONTINUOUS
10
5.03304
20
-4.31678
11
5.03304
21
-4.31678
0
LINE
8
BLACK
6
CONTINUOUS
10
5.03304
20
-4.31678
11
5.03798
21
-4.32057
0
LINE
8
BLACK
6
CONTINUOUS
10
5.03798
20
-4.32057
11
5.03798
21
-4.32057
0
LINE
8
BLACK
6
CONTINUOUS
10
5.03798
20
-4.32057
11
5.04373
21
-4.32295
0
LINE
8
BLACK
6
CONTINUOUS
10
5.04373
20
-4.32295
11
5.04373
21
-4.32295
0
LINE
8
BLACK
6
CONTINUOUS
10
5.04373
20
-4.32295
11
5.0499
21
-4.32377
0
LINE
8
BLACK
6
CONTINUOUS
10
5.0499
20
-4.32377
11
5.05607
21
-4.32295
0
LINE
8
BLACK
6
CONTINUOUS
10
5.05607
20
-4.32295
11
5.06182
21
-4.32057
0
LINE
8
BLACK
6
CONTINUOUS
10
5.06182
20
-4.32057
11
5.06676
21
-4.31678
0
LINE
8
BLACK
6
CONTINUOUS
10
5.06676
20
-4.31678
11
5.07055
21
-4.31184
0
LINE
8
BLACK
6
CONTINUOUS
10
5.07055
20
-4.31184
11
5.07086
21
-4.31109
0
LINE
8
BLACK
6
CONTINUOUS
10
5.07086
20
-4.31109
11
5.07293
21
-4.30609
0
LINE
8
BLACK
6
CONTINUOUS
10
5.07293
20
-4.30609
11
5.07293
21
-4.30609
0
LINE
8
BLACK
6
CONTINUOUS
10
5.07293
20
-4.30609
11
5.07293
21
-4.30609
0
LINE
8
BLACK
6
CONTINUOUS
10
5.07293
20
-4.30609
11
5.07375
21
-4.29992
0
LINE
8
BLACK
6
CONTINUOUS
10
5.07375
20
-4.29992
11
5.07293
21
-4.29375
0
LINE
8
BLACK
6
CONTINUOUS
10
5.07293
20
-4.29375
11
5.07262
21
-4.293
0
LINE
8
BLACK
6
CONTINUOUS
10
5.07262
20
-4.293
11
5.07055
21
-4.288
0
LINE
8
BLACK
6
CONTINUOUS
10
5.07055
20
-4.288
11
5.07055
21
-4.288
0
LINE
8
BLACK
6
CONTINUOUS
10
5.07055
20
-4.288
11
5.06676
21
-4.28306
0
LINE
8
BLACK
6
CONTINUOUS
10
5.06676
20
-4.28306
11
5.06676
21
-4.28306
0
LINE
8
BLACK
6
CONTINUOUS
10
5.06676
20
-4.28306
11
5.06676
21
-4.28306
0
LINE
8
BLACK
6
CONTINUOUS
10
5.06676
20
-4.28306
11
5.06676
21
-4.28306
0
LINE
8
BLACK
6
CONTINUOUS
10
5.06676
20
-4.28306
11
5.06676
21
-4.28306
0
LINE
8
BLACK
6
CONTINUOUS
10
5.06676
20
-4.28306
11
5.06182
21
-4.27927
0
LINE
8
BLACK
6
CONTINUOUS
10
5.06182
20
-4.27927
11
5.06182
21
-4.27927
0
LINE
8
BLACK
6
CONTINUOUS
10
5.06182
20
-4.27927
11
5.05607
21
-4.27689
0
LINE
8
BLACK
6
CONTINUOUS
10
5.05607
20
-4.27689
11
5.05607
21
-4.27689
0
LINE
8
BLACK
6
CONTINUOUS
10
5.05607
20
-4.27689
11
5.05607
21
-4.27689
0
LINE
8
BLACK
6
CONTINUOUS
10
5.05607
20
-4.27689
11
5.05607
21
-4.27689
0
LINE
8
BLACK
6
CONTINUOUS
10
5.05607
20
-4.27689
11
5.0499
21
-4.27608
0
LINE
8
BLACK
6
CONTINUOUS
10
5.0499
20
-4.27608
11
5.04373
21
-4.27689
0
LINE
8
BLACK
6
CONTINUOUS
10
5.04373
20
-4.27689
11
5.04373
21
-4.27689
0
LINE
8
BLACK
6
CONTINUOUS
10
5.04373
20
-4.27689
11
5.04373
21
-4.27689
0
LINE
8
BLACK
6
CONTINUOUS
10
5.04373
20
-4.27689
11
5.03798
21
-4.27927
0
LINE
8
BLACK
6
CONTINUOUS
10
5.03798
20
-4.27927
11
5.03798
21
-4.27927
0
LINE
8
BLACK
6
CONTINUOUS
10
5.03798
20
-4.27927
11
5.03304
21
-4.28306
0
LINE
8
BLACK
6
CONTINUOUS
10
5.03304
20
-4.28306
11
5.03304
21
-4.28306
0
LINE
8
BLACK
6
CONTINUOUS
10
5.03304
20
-4.28306
11
5.02925
21
-4.288
0
LINE
8
BLACK
6
CONTINUOUS
10
5.02925
20
-4.288
11
5.02925
21
-4.288
0
LINE
8
BLACK
6
CONTINUOUS
10
5.02925
20
-4.288
11
5.02687
21
-4.29375
0
LINE
8
BLACK
6
CONTINUOUS
10
5.02687
20
-4.29375
11
5.02687
21
-4.29375
0
LINE
8
BLACK
6
CONTINUOUS
10
5.02687
20
-4.29375
11
5.02687
21
-4.29375
0
LINE
8
BLACK
6
CONTINUOUS
10
5.02687
20
-4.29375
11
5.02606
21
-4.29992
0
LINE
8
BLACK
6
CONTINUOUS
10
5.02606
20
-4.29992
11
5.02646
21
-4.303
0
LINE
8
BLACK
6
CONTINUOUS
10
4.85687
20
-4.27109
11
4.85925
21
-4.27684
0
LINE
8
BLACK
6
CONTINUOUS
10
4.85925
20
-4.27684
11
4.85925
21
-4.27684
0
LINE
8
BLACK
6
CONTINUOUS
10
4.85925
20
-4.27684
11
4.86304
21
-4.28178
0
LINE
8
BLACK
6
CONTINUOUS
10
4.86304
20
-4.28178
11
4.86304
21
-4.28178
0
LINE
8
BLACK
6
CONTINUOUS
10
4.86304
20
-4.28178
11
4.86304
21
-4.28178
0
LINE
8
BLACK
6
CONTINUOUS
10
4.86304
20
-4.28178
11
4.86304
21
-4.28178
0
LINE
8
BLACK
6
CONTINUOUS
10
4.86304
20
-4.28178
11
4.86798
21
-4.28557
0
LINE
8
BLACK
6
CONTINUOUS
10
4.86798
20
-4.28557
11
4.86798
21
-4.28557
0
LINE
8
BLACK
6
CONTINUOUS
10
4.86798
20
-4.28557
11
4.87373
21
-4.28795
0
LINE
8
BLACK
6
CONTINUOUS
10
4.87373
20
-4.28795
11
4.87373
21
-4.28795
0
LINE
8
BLACK
6
CONTINUOUS
10
4.87373
20
-4.28795
11
4.8799
21
-4.28877
0
LINE
8
BLACK
6
CONTINUOUS
10
4.8799
20
-4.28877
11
4.88607
21
-4.28795
0
LINE
8
BLACK
6
CONTINUOUS
10
4.88607
20
-4.28795
11
4.89182
21
-4.28557
0
LINE
8
BLACK
6
CONTINUOUS
10
4.89182
20
-4.28557
11
4.89676
21
-4.28178
0
LINE
8
BLACK
6
CONTINUOUS
10
4.89676
20
-4.28178
11
4.90055
21
-4.27684
0
LINE
8
BLACK
6
CONTINUOUS
10
4.90055
20
-4.27684
11
4.90293
21
-4.27109
0
LINE
8
BLACK
6
CONTINUOUS
10
4.90293
20
-4.27109
11
4.90361
21
-4.26599
0
LINE
8
BLACK
6
CONTINUOUS
10
4.90361
20
-4.26599
11
4.90375
21
-4.26492
0
LINE
8
BLACK
6
CONTINUOUS
10
4.90375
20
-4.26492
11
4.90293
21
-4.25875
0
LINE
8
BLACK
6
CONTINUOUS
10
4.90293
20
-4.25875
11
4.901
21
-4.25407
0
LINE
8
BLACK
6
CONTINUOUS
10
4.901
20
-4.25407
11
4.90055
21
-4.253
0
LINE
8
BLACK
6
CONTINUOUS
10
4.90055
20
-4.253
11
4.90055
21
-4.253
0
LINE
8
BLACK
6
CONTINUOUS
10
4.90055
20
-4.253
11
4.89676
21
-4.24806
0
LINE
8
BLACK
6
CONTINUOUS
10
4.89676
20
-4.24806
11
4.89676
21
-4.24806
0
LINE
8
BLACK
6
CONTINUOUS
10
4.89676
20
-4.24806
11
4.89676
21
-4.24806
0
LINE
8
BLACK
6
CONTINUOUS
10
4.89676
20
-4.24806
11
4.89676
21
-4.24806
0
LINE
8
BLACK
6
CONTINUOUS
10
4.89676
20
-4.24806
11
4.89676
21
-4.24806
0
LINE
8
BLACK
6
CONTINUOUS
10
4.89676
20
-4.24806
11
4.89182
21
-4.24427
0
LINE
8
BLACK
6
CONTINUOUS
10
4.89182
20
-4.24427
11
4.89182
21
-4.24427
0
LINE
8
BLACK
6
CONTINUOUS
10
4.89182
20
-4.24427
11
4.88607
21
-4.24189
0
LINE
8
BLACK
6
CONTINUOUS
10
4.88607
20
-4.24189
11
4.88607
21
-4.24189
0
LINE
8
BLACK
6
CONTINUOUS
10
4.88607
20
-4.24189
11
4.88607
21
-4.24189
0
LINE
8
BLACK
6
CONTINUOUS
10
4.88607
20
-4.24189
11
4.88607
21
-4.24189
0
LINE
8
BLACK
6
CONTINUOUS
10
4.88607
20
-4.24189
11
4.8799
21
-4.24108
0
LINE
8
BLACK
6
CONTINUOUS
10
4.8799
20
-4.24108
11
4.87373
21
-4.24189
0
LINE
8
BLACK
6
CONTINUOUS
10
4.87373
20
-4.24189
11
4.87373
21
-4.24189
0
LINE
8
BLACK
6
CONTINUOUS
10
4.87373
20
-4.24189
11
4.87373
21
-4.24189
0
LINE
8
BLACK
6
CONTINUOUS
10
4.87373
20
-4.24189
11
4.86798
21
-4.24427
0
LINE
8
BLACK
6
CONTINUOUS
10
4.86798
20
-4.24427
11
4.86798
21
-4.24427
0
LINE
8
BLACK
6
CONTINUOUS
10
4.86798
20
-4.24427
11
4.86304
21
-4.24806
0
LINE
8
BLACK
6
CONTINUOUS
10
4.86304
20
-4.24806
11
4.86304
21
-4.24806
0
LINE
8
BLACK
6
CONTINUOUS
10
4.86304
20
-4.24806
11
4.85925
21
-4.253
0
LINE
8
BLACK
6
CONTINUOUS
10
4.85925
20
-4.253
11
4.85925
21
-4.253
0
LINE
8
BLACK
6
CONTINUOUS
10
4.85925
20
-4.253
11
4.85687
21
-4.25875
0
LINE
8
BLACK
6
CONTINUOUS
10
4.85687
20
-4.25875
11
4.85606
21
-4.26492
0
LINE
8
BLACK
6
CONTINUOUS
10
4.85606
20
-4.26492
11
4.85687
21
-4.27109
0
LINE
8
BLACK
6
CONTINUOUS
10
4.86187
20
-4.19109
11
4.86425
21
-4.19684
0
LINE
8
BLACK
6
CONTINUOUS
10
4.86425
20
-4.19684
11
4.86425
21
-4.19684
0
LINE
8
BLACK
6
CONTINUOUS
10
4.86425
20
-4.19684
11
4.86804
21
-4.20178
0
LINE
8
BLACK
6
CONTINUOUS
10
4.86804
20
-4.20178
11
4.86804
21
-4.20178
0
LINE
8
BLACK
6
CONTINUOUS
10
4.86804
20
-4.20178
11
4.86804
21
-4.20178
0
LINE
8
BLACK
6
CONTINUOUS
10
4.86804
20
-4.20178
11
4.86804
21
-4.20178
0
LINE
8
BLACK
6
CONTINUOUS
10
4.86804
20
-4.20178
11
4.87298
21
-4.20557
0
LINE
8
BLACK
6
CONTINUOUS
10
4.87298
20
-4.20557
11
4.87298
21
-4.20557
0
LINE
8
BLACK
6
CONTINUOUS
10
4.87298
20
-4.20557
11
4.87873
21
-4.20795
0
LINE
8
BLACK
6
CONTINUOUS
10
4.87873
20
-4.20795
11
4.87873
21
-4.20795
0
LINE
8
BLACK
6
CONTINUOUS
10
4.87873
20
-4.20795
11
4.8849
21
-4.20877
0
LINE
8
BLACK
6
CONTINUOUS
10
4.8849
20
-4.20877
11
4.89107
21
-4.20795
0
LINE
8
BLACK
6
CONTINUOUS
10
4.89107
20
-4.20795
11
4.89682
21
-4.20557
0
LINE
8
BLACK
6
CONTINUOUS
10
4.89682
20
-4.20557
11
4.90176
21
-4.20178
0
LINE
8
BLACK
6
CONTINUOUS
10
4.90176
20
-4.20178
11
4.90555
21
-4.19684
0
LINE
8
BLACK
6
CONTINUOUS
10
4.90555
20
-4.19684
11
4.90793
21
-4.19109
0
LINE
8
BLACK
6
CONTINUOUS
10
4.90793
20
-4.19109
11
4.90875
21
-4.18492
0
LINE
8
BLACK
6
CONTINUOUS
10
4.90875
20
-4.18492
11
4.90793
21
-4.17875
0
LINE
8
BLACK
6
CONTINUOUS
10
4.90793
20
-4.17875
11
4.90555
21
-4.173
0
LINE
8
BLACK
6
CONTINUOUS
10
4.90555
20
-4.173
11
4.90555
21
-4.173
0
LINE
8
BLACK
6
CONTINUOUS
10
4.90555
20
-4.173
11
4.90555
21
-4.173
0
LINE
8
BLACK
6
CONTINUOUS
10
4.90555
20
-4.173
11
4.90176
21
-4.16806
0
LINE
8
BLACK
6
CONTINUOUS
10
4.90176
20
-4.16806
11
4.90176
21
-4.16806
0
LINE
8
BLACK
6
CONTINUOUS
10
4.90176
20
-4.16806
11
4.90176
21
-4.16806
0
LINE
8
BLACK
6
CONTINUOUS
10
4.90176
20
-4.16806
11
4.90176
21
-4.16806
0
LINE
8
BLACK
6
CONTINUOUS
10
4.90176
20
-4.16806
11
4.90176
21
-4.16806
0
LINE
8
BLACK
6
CONTINUOUS
10
4.90176
20
-4.16806
11
4.89682
21
-4.16427
0
LINE
8
BLACK
6
CONTINUOUS
10
4.89682
20
-4.16427
11
4.89682
21
-4.16427
0
LINE
8
BLACK
6
CONTINUOUS
10
4.89682
20
-4.16427
11
4.89107
21
-4.16189
0
LINE
8
BLACK
6
CONTINUOUS
10
4.89107
20
-4.16189
11
4.89107
21
-4.16189
0
LINE
8
BLACK
6
CONTINUOUS
10
4.89107
20
-4.16189
11
4.89107
21
-4.16189
0
LINE
8
BLACK
6
CONTINUOUS
10
4.89107
20
-4.16189
11
4.89107
21
-4.16189
0
LINE
8
BLACK
6
CONTINUOUS
10
4.89107
20
-4.16189
11
4.8849
21
-4.16108
0
LINE
8
BLACK
6
CONTINUOUS
10
4.8849
20
-4.16108
11
4.87873
21
-4.16189
0
LINE
8
BLACK
6
CONTINUOUS
10
4.87873
20
-4.16189
11
4.87873
21
-4.16189
0
LINE
8
BLACK
6
CONTINUOUS
10
4.87873
20
-4.16189
11
4.87873
21
-4.16189
0
LINE
8
BLACK
6
CONTINUOUS
10
4.87873
20
-4.16189
11
4.87298
21
-4.16427
0
LINE
8
BLACK
6
CONTINUOUS
10
4.87298
20
-4.16427
11
4.87298
21
-4.16427
0
LINE
8
BLACK
6
CONTINUOUS
10
4.87298
20
-4.16427
11
4.86804
21
-4.16806
0
LINE
8
BLACK
6
CONTINUOUS
10
4.86804
20
-4.16806
11
4.86804
21
-4.16806
0
LINE
8
BLACK
6
CONTINUOUS
10
4.86804
20
-4.16806
11
4.86425
21
-4.173
0
LINE
8
BLACK
6
CONTINUOUS
10
4.86425
20
-4.173
11
4.86425
21
-4.173
0
LINE
8
BLACK
6
CONTINUOUS
10
4.86425
20
-4.173
11
4.86187
21
-4.17875
0
LINE
8
BLACK
6
CONTINUOUS
10
4.86187
20
-4.17875
11
4.86106
21
-4.18492
0
LINE
8
BLACK
6
CONTINUOUS
10
4.86106
20
-4.18492
11
4.86187
21
-4.19109
0
LINE
8
BLACK
6
CONTINUOUS
10
5.77187
20
-4.13109
11
5.77425
21
-4.13684
0
LINE
8
BLACK
6
CONTINUOUS
10
5.77425
20
-4.13684
11
5.77425
21
-4.13684
0
LINE
8
BLACK
6
CONTINUOUS
10
5.77425
20
-4.13684
11
5.77804
21
-4.14178
0
LINE
8
BLACK
6
CONTINUOUS
10
5.77804
20
-4.14178
11
5.77804
21
-4.14178
0
LINE
8
BLACK
6
CONTINUOUS
10
5.77804
20
-4.14178
11
5.77804
21
-4.14178
0
LINE
8
BLACK
6
CONTINUOUS
10
5.77804
20
-4.14178
11
5.77804
21
-4.14178
0
LINE
8
BLACK
6
CONTINUOUS
10
5.77804
20
-4.14178
11
5.78298
21
-4.14557
0
LINE
8
BLACK
6
CONTINUOUS
10
5.78298
20
-4.14557
11
5.78298
21
-4.14557
0
LINE
8
BLACK
6
CONTINUOUS
10
5.78298
20
-4.14557
11
5.78873
21
-4.14795
0
LINE
8
BLACK
6
CONTINUOUS
10
5.78873
20
-4.14795
11
5.78873
21
-4.14795
0
LINE
8
BLACK
6
CONTINUOUS
10
5.78873
20
-4.14795
11
5.7949
21
-4.14877
0
LINE
8
BLACK
6
CONTINUOUS
10
5.7949
20
-4.14877
11
5.80107
21
-4.14795
0
LINE
8
BLACK
6
CONTINUOUS
10
5.80107
20
-4.14795
11
5.80682
21
-4.14557
0
LINE
8
BLACK
6
CONTINUOUS
10
5.80682
20
-4.14557
11
5.81176
21
-4.14178
0
LINE
8
BLACK
6
CONTINUOUS
10
5.81176
20
-4.14178
11
5.81555
21
-4.13684
0
LINE
8
BLACK
6
CONTINUOUS
10
5.81555
20
-4.13684
11
5.81793
21
-4.13109
0
LINE
8
BLACK
6
CONTINUOUS
10
5.81793
20
-4.13109
11
5.81875
21
-4.12492
0
LINE
8
BLACK
6
CONTINUOUS
10
5.81875
20
-4.12492
11
5.81793
21
-4.11875
0
LINE
8
BLACK
6
CONTINUOUS
10
5.81793
20
-4.11875
11
5.81715
21
-4.11684
0
LINE
8
BLACK
6
CONTINUOUS
10
5.81715
20
-4.11684
11
5.81555
21
-4.113
0
LINE
8
BLACK
6
CONTINUOUS
10
5.81555
20
-4.113
11
5.81555
21
-4.113
0
LINE
8
BLACK
6
CONTINUOUS
10
5.81555
20
-4.113
11
5.81176
21
-4.10806
0
LINE
8
BLACK
6
CONTINUOUS
10
5.81176
20
-4.10806
11
5.81176
21
-4.10806
0
LINE
8
BLACK
6
CONTINUOUS
10
5.81176
20
-4.10806
11
5.81176
21
-4.10806
0
LINE
8
BLACK
6
CONTINUOUS
10
5.81176
20
-4.10806
11
5.81176
21
-4.10806
0
LINE
8
BLACK
6
CONTINUOUS
10
5.81176
20
-4.10806
11
5.81176
21
-4.10806
0
LINE
8
BLACK
6
CONTINUOUS
10
5.81176
20
-4.10806
11
5.80844
21
-4.10551
0
LINE
8
BLACK
6
CONTINUOUS
10
5.80844
20
-4.10551
11
5.80682
21
-4.10427
0
LINE
8
BLACK
6
CONTINUOUS
10
5.80682
20
-4.10427
11
5.80682
21
-4.10427
0
LINE
8
BLACK
6
CONTINUOUS
10
5.80682
20
-4.10427
11
5.80107
21
-4.10189
0
LINE
8
BLACK
6
CONTINUOUS
10
5.80107
20
-4.10189
11
5.80107
21
-4.10189
0
LINE
8
BLACK
6
CONTINUOUS
10
5.80107
20
-4.10189
11
5.80107
21
-4.10189
0
LINE
8
BLACK
6
CONTINUOUS
10
5.80107
20
-4.10189
11
5.80107
21
-4.10189
0
LINE
8
BLACK
6
CONTINUOUS
10
5.80107
20
-4.10189
11
5.7949
21
-4.10108
0
LINE
8
BLACK
6
CONTINUOUS
10
5.7949
20
-4.10108
11
5.78873
21
-4.10189
0
LINE
8
BLACK
6
CONTINUOUS
10
5.78873
20
-4.10189
11
5.78873
21
-4.10189
0
LINE
8
BLACK
6
CONTINUOUS
10
5.78873
20
-4.10189
11
5.78873
21
-4.10189
0
LINE
8
BLACK
6
CONTINUOUS
10
5.78873
20
-4.10189
11
5.78298
21
-4.10427
0
LINE
8
BLACK
6
CONTINUOUS
10
5.78298
20
-4.10427
11
5.78298
21
-4.10427
0
LINE
8
BLACK
6
CONTINUOUS
10
5.78298
20
-4.10427
11
5.77804
21
-4.10806
0
LINE
8
BLACK
6
CONTINUOUS
10
5.77804
20
-4.10806
11
5.77804
21
-4.10806
0
LINE
8
BLACK
6
CONTINUOUS
10
5.77804
20
-4.10806
11
5.77425
21
-4.113
0
LINE
8
BLACK
6
CONTINUOUS
10
5.77425
20
-4.113
11
5.77425
21
-4.113
0
LINE
8
BLACK
6
CONTINUOUS
10
5.77425
20
-4.113
11
5.77187
21
-4.11875
0
LINE
8
BLACK
6
CONTINUOUS
10
5.77187
20
-4.11875
11
5.77187
21
-4.11875
0
LINE
8
BLACK
6
CONTINUOUS
10
5.77187
20
-4.11875
11
5.77187
21
-4.11875
0
LINE
8
BLACK
6
CONTINUOUS
10
5.77187
20
-4.11875
11
5.77139
21
-4.12237
0
LINE
8
BLACK
6
CONTINUOUS
10
5.77139
20
-4.12237
11
5.77106
21
-4.12492
0
LINE
8
BLACK
6
CONTINUOUS
10
5.77106
20
-4.12492
11
5.77187
21
-4.13109
0
LINE
8
BLACK
6
CONTINUOUS
10
6.40027
20
-4.08248
11
6.40027
21
-4.08248
0
LINE
8
BLACK
6
CONTINUOUS
10
6.40027
20
-4.08248
11
6.40027
21
-4.08248
0
LINE
8
BLACK
6
CONTINUOUS
10
6.40027
20
-4.08248
11
6.39451
21
-4.08486
0
LINE
8
BLACK
6
CONTINUOUS
10
6.39451
20
-4.08486
11
6.39451
21
-4.08486
0
LINE
8
BLACK
6
CONTINUOUS
10
6.39451
20
-4.08486
11
6.38958
21
-4.08865
0
LINE
8
BLACK
6
CONTINUOUS
10
6.38958
20
-4.08865
11
6.38958
21
-4.08865
0
LINE
8
BLACK
6
CONTINUOUS
10
6.38958
20
-4.08865
11
6.38579
21
-4.09359
0
LINE
8
BLACK
6
CONTINUOUS
10
6.38579
20
-4.09359
11
6.38579
21
-4.09359
0
LINE
8
BLACK
6
CONTINUOUS
10
6.38579
20
-4.09359
11
6.3834
21
-4.09934
0
LINE
8
BLACK
6
CONTINUOUS
10
6.3834
20
-4.09934
11
6.3834
21
-4.09934
0
LINE
8
BLACK
6
CONTINUOUS
10
6.3834
20
-4.09934
11
6.3834
21
-4.09934
0
LINE
8
BLACK
6
CONTINUOUS
10
6.3834
20
-4.09934
11
6.38259
21
-4.10551
0
LINE
8
BLACK
6
CONTINUOUS
10
6.38259
20
-4.10551
11
6.38333
21
-4.11109
0
LINE
8
BLACK
6
CONTINUOUS
10
6.38333
20
-4.11109
11
6.3834
21
-4.11168
0
LINE
8
BLACK
6
CONTINUOUS
10
6.3834
20
-4.11168
11
6.38579
21
-4.11743
0
LINE
8
BLACK
6
CONTINUOUS
10
6.38579
20
-4.11743
11
6.38579
21
-4.11743
0
LINE
8
BLACK
6
CONTINUOUS
10
6.38579
20
-4.11743
11
6.38958
21
-4.12237
0
LINE
8
BLACK
6
CONTINUOUS
10
6.38958
20
-4.12237
11
6.38958
21
-4.12237
0
LINE
8
BLACK
6
CONTINUOUS
10
6.38958
20
-4.12237
11
6.38958
21
-4.12237
0
LINE
8
BLACK
6
CONTINUOUS
10
6.38958
20
-4.12237
11
6.38958
21
-4.12237
0
LINE
8
BLACK
6
CONTINUOUS
10
6.38958
20
-4.12237
11
6.39451
21
-4.12616
0
LINE
8
BLACK
6
CONTINUOUS
10
6.39451
20
-4.12616
11
6.39451
21
-4.12616
0
LINE
8
BLACK
6
CONTINUOUS
10
6.39451
20
-4.12616
11
6.40027
21
-4.12855
0
LINE
8
BLACK
6
CONTINUOUS
10
6.40027
20
-4.12855
11
6.40027
21
-4.12855
0
LINE
8
BLACK
6
CONTINUOUS
10
6.40027
20
-4.12855
11
6.40644
21
-4.12936
0
LINE
8
BLACK
6
CONTINUOUS
10
6.40644
20
-4.12936
11
6.41261
21
-4.12855
0
LINE
8
BLACK
6
CONTINUOUS
10
6.41261
20
-4.12855
11
6.41403
21
-4.12795
0
LINE
8
BLACK
6
CONTINUOUS
10
6.41403
20
-4.12795
11
6.41836
21
-4.12616
0
LINE
8
BLACK
6
CONTINUOUS
10
6.41836
20
-4.12616
11
6.4233
21
-4.12237
0
LINE
8
BLACK
6
CONTINUOUS
10
6.4233
20
-4.12237
11
6.42709
21
-4.11743
0
LINE
8
BLACK
6
CONTINUOUS
10
6.42709
20
-4.11743
11
6.42947
21
-4.11168
0
LINE
8
BLACK
6
CONTINUOUS
10
6.42947
20
-4.11168
11
6.43028
21
-4.10551
0
LINE
8
BLACK
6
CONTINUOUS
10
6.43028
20
-4.10551
11
6.42947
21
-4.09934
0
LINE
8
BLACK
6
CONTINUOUS
10
6.42947
20
-4.09934
11
6.42923
21
-4.09875
0
LINE
8
BLACK
6
CONTINUOUS
10
6.42923
20
-4.09875
11
6.42709
21
-4.09359
0
LINE
8
BLACK
6
CONTINUOUS
10
6.42709
20
-4.09359
11
6.42709
21
-4.09359
0
LINE
8
BLACK
6
CONTINUOUS
10
6.42709
20
-4.09359
11
6.4233
21
-4.08865
0
LINE
8
BLACK
6
CONTINUOUS
10
6.4233
20
-4.08865
11
6.4233
21
-4.08865
0
LINE
8
BLACK
6
CONTINUOUS
10
6.4233
20
-4.08865
11
6.4233
21
-4.08865
0
LINE
8
BLACK
6
CONTINUOUS
10
6.4233
20
-4.08865
11
6.4233
21
-4.08865
0
LINE
8
BLACK
6
CONTINUOUS
10
6.4233
20
-4.08865
11
6.4233
21
-4.08865
0
LINE
8
BLACK
6
CONTINUOUS
10
6.4233
20
-4.08865
11
6.41836
21
-4.08486
0
LINE
8
BLACK
6
CONTINUOUS
10
6.41836
20
-4.08486
11
6.41836
21
-4.08486
0
LINE
8
BLACK
6
CONTINUOUS
10
6.41836
20
-4.08486
11
6.41261
21
-4.08248
0
LINE
8
BLACK
6
CONTINUOUS
10
6.41261
20
-4.08248
11
6.41261
21
-4.08248
0
LINE
8
BLACK
6
CONTINUOUS
10
6.41261
20
-4.08248
11
6.41261
21
-4.08248
0
LINE
8
BLACK
6
CONTINUOUS
10
6.41261
20
-4.08248
11
6.41261
21
-4.08248
0
LINE
8
BLACK
6
CONTINUOUS
10
6.41261
20
-4.08248
11
6.40644
21
-4.08167
0
LINE
8
BLACK
6
CONTINUOUS
10
6.40644
20
-4.08167
11
6.40027
21
-4.08248
0
LINE
8
BLACK
6
CONTINUOUS
10
4.85947
20
-4.10806
11
4.85987
21
-4.11109
0
LINE
8
BLACK
6
CONTINUOUS
10
4.85987
20
-4.11109
11
4.86225
21
-4.11684
0
LINE
8
BLACK
6
CONTINUOUS
10
4.86225
20
-4.11684
11
4.86225
21
-4.11684
0
LINE
8
BLACK
6
CONTINUOUS
10
4.86225
20
-4.11684
11
4.86371
21
-4.11875
0
LINE
8
BLACK
6
CONTINUOUS
10
4.86371
20
-4.11875
11
4.86604
21
-4.12178
0
LINE
8
BLACK
6
CONTINUOUS
10
4.86604
20
-4.12178
11
4.86604
21
-4.12178
0
LINE
8
BLACK
6
CONTINUOUS
10
4.86604
20
-4.12178
11
4.86604
21
-4.12178
0
LINE
8
BLACK
6
CONTINUOUS
10
4.86604
20
-4.12178
11
4.87098
21
-4.12557
0
LINE
8
BLACK
6
CONTINUOUS
10
4.87098
20
-4.12557
11
4.87098
21
-4.12557
0
LINE
8
BLACK
6
CONTINUOUS
10
4.87098
20
-4.12557
11
4.87673
21
-4.12795
0
LINE
8
BLACK
6
CONTINUOUS
10
4.87673
20
-4.12795
11
4.87673
21
-4.12795
0
LINE
8
BLACK
6
CONTINUOUS
10
4.87673
20
-4.12795
11
4.8829
21
-4.12877
0
LINE
8
BLACK
6
CONTINUOUS
10
4.8829
20
-4.12877
11
4.88907
21
-4.12795
0
LINE
8
BLACK
6
CONTINUOUS
10
4.88907
20
-4.12795
11
4.89482
21
-4.12557
0
LINE
8
BLACK
6
CONTINUOUS
10
4.89482
20
-4.12557
11
4.89567
21
-4.12492
0
LINE
8
BLACK
6
CONTINUOUS
10
4.89567
20
-4.12492
11
4.89976
21
-4.12178
0
LINE
8
BLACK
6
CONTINUOUS
10
4.89976
20
-4.12178
11
4.90355
21
-4.11684
0
LINE
8
BLACK
6
CONTINUOUS
10
4.90355
20
-4.11684
11
4.90515
21
-4.113
0
LINE
8
BLACK
6
CONTINUOUS
10
4.90515
20
-4.113
11
4.90593
21
-4.11109
0
LINE
8
BLACK
6
CONTINUOUS
10
4.90593
20
-4.11109
11
4.90593
21
-4.11109
0
LINE
8
BLACK
6
CONTINUOUS
10
4.90593
20
-4.11109
11
4.90593
21
-4.11109
0
LINE
8
BLACK
6
CONTINUOUS
10
4.90593
20
-4.11109
11
4.90675
21
-4.10492
0
LINE
8
BLACK
6
CONTINUOUS
10
4.90675
20
-4.10492
11
4.90593
21
-4.09875
0
LINE
8
BLACK
6
CONTINUOUS
10
4.90593
20
-4.09875
11
4.9038
21
-4.09359
0
LINE
8
BLACK
6
CONTINUOUS
10
4.9038
20
-4.09359
11
4.90355
21
-4.093
0
LINE
8
BLACK
6
CONTINUOUS
10
4.90355
20
-4.093
11
4.90355
21
-4.093
0
LINE
8
BLACK
6
CONTINUOUS
10
4.90355
20
-4.093
11
4.89976
21
-4.08806
0
LINE
8
BLACK
6
CONTINUOUS
10
4.89976
20
-4.08806
11
4.89976
21
-4.08806
0
LINE
8
BLACK
6
CONTINUOUS
10
4.89976
20
-4.08806
11
4.89976
21
-4.08806
0
LINE
8
BLACK
6
CONTINUOUS
10
4.89976
20
-4.08806
11
4.89976
21
-4.08806
0
LINE
8
BLACK
6
CONTINUOUS
10
4.89976
20
-4.08806
11
4.89976
21
-4.08806
0
LINE
8
BLACK
6
CONTINUOUS
10
4.89976
20
-4.08806
11
4.89482
21
-4.08427
0
LINE
8
BLACK
6
CONTINUOUS
10
4.89482
20
-4.08427
11
4.89482
21
-4.08427
0
LINE
8
BLACK
6
CONTINUOUS
10
4.89482
20
-4.08427
11
4.88907
21
-4.08189
0
LINE
8
BLACK
6
CONTINUOUS
10
4.88907
20
-4.08189
11
4.88907
21
-4.08189
0
LINE
8
BLACK
6
CONTINUOUS
10
4.88907
20
-4.08189
11
4.88907
21
-4.08189
0
LINE
8
BLACK
6
CONTINUOUS
10
4.88907
20
-4.08189
11
4.88907
21
-4.08189
0
LINE
8
BLACK
6
CONTINUOUS
10
4.88907
20
-4.08189
11
4.8829
21
-4.08108
0
LINE
8
BLACK
6
CONTINUOUS
10
4.8829
20
-4.08108
11
4.87673
21
-4.08189
0
LINE
8
BLACK
6
CONTINUOUS
10
4.87673
20
-4.08189
11
4.87673
21
-4.08189
0
LINE
8
BLACK
6
CONTINUOUS
10
4.87673
20
-4.08189
11
4.87673
21
-4.08189
0
LINE
8
BLACK
6
CONTINUOUS
10
4.87673
20
-4.08189
11
4.87098
21
-4.08427
0
LINE
8
BLACK
6
CONTINUOUS
10
4.87098
20
-4.08427
11
4.87098
21
-4.08427
0
LINE
8
BLACK
6
CONTINUOUS
10
4.87098
20
-4.08427
11
4.86604
21
-4.08806
0
LINE
8
BLACK
6
CONTINUOUS
10
4.86604
20
-4.08806
11
4.86604
21
-4.08806
0
LINE
8
BLACK
6
CONTINUOUS
10
4.86604
20
-4.08806
11
4.86225
21
-4.093
0
LINE
8
BLACK
6
CONTINUOUS
10
4.86225
20
-4.093
11
4.86225
21
-4.093
0
LINE
8
BLACK
6
CONTINUOUS
10
4.86225
20
-4.093
11
4.85987
21
-4.09875
0
LINE
8
BLACK
6
CONTINUOUS
10
4.85987
20
-4.09875
11
4.85987
21
-4.09875
0
LINE
8
BLACK
6
CONTINUOUS
10
4.85987
20
-4.09875
11
4.85987
21
-4.09875
0
LINE
8
BLACK
6
CONTINUOUS
10
4.85987
20
-4.09875
11
4.85906
21
-4.10492
0
LINE
8
BLACK
6
CONTINUOUS
10
4.85906
20
-4.10492
11
4.85947
21
-4.10806
0
LINE
8
BLACK
6
CONTINUOUS
10
4.85787
20
-4.03109
11
4.86025
21
-4.03684
0
LINE
8
BLACK
6
CONTINUOUS
10
4.86025
20
-4.03684
11
4.86025
21
-4.03684
0
LINE
8
BLACK
6
CONTINUOUS
10
4.86025
20
-4.03684
11
4.86404
21
-4.04178
0
LINE
8
BLACK
6
CONTINUOUS
10
4.86404
20
-4.04178
11
4.86404
21
-4.04178
0
LINE
8
BLACK
6
CONTINUOUS
10
4.86404
20
-4.04178
11
4.86404
21
-4.04178
0
LINE
8
BLACK
6
CONTINUOUS
10
4.86404
20
-4.04178
11
4.86404
21
-4.04178
0
LINE
8
BLACK
6
CONTINUOUS
10
4.86404
20
-4.04178
11
4.86898
21
-4.04557
0
LINE
8
BLACK
6
CONTINUOUS
10
4.86898
20
-4.04557
11
4.86898
21
-4.04557
0
LINE
8
BLACK
6
CONTINUOUS
10
4.86898
20
-4.04557
11
4.87473
21
-4.04795
0
LINE
8
BLACK
6
CONTINUOUS
10
4.87473
20
-4.04795
11
4.87473
21
-4.04795
0
LINE
8
BLACK
6
CONTINUOUS
10
4.87473
20
-4.04795
11
4.8809
21
-4.04877
0
LINE
8
BLACK
6
CONTINUOUS
10
4.8809
20
-4.04877
11
4.88707
21
-4.04795
0
LINE
8
BLACK
6
CONTINUOUS
10
4.88707
20
-4.04795
11
4.89282
21
-4.04557
0
LINE
8
BLACK
6
CONTINUOUS
10
4.89282
20
-4.04557
11
4.89776
21
-4.04178
0
LINE
8
BLACK
6
CONTINUOUS
10
4.89776
20
-4.04178
11
4.90155
21
-4.03684
0
LINE
8
BLACK
6
CONTINUOUS
10
4.90155
20
-4.03684
11
4.90393
21
-4.03109
0
LINE
8
BLACK
6
CONTINUOUS
10
4.90393
20
-4.03109
11
4.90475
21
-4.02492
0
LINE
8
BLACK
6
CONTINUOUS
10
4.90475
20
-4.02492
11
4.90393
21
-4.01875
0
LINE
8
BLACK
6
CONTINUOUS
10
4.90393
20
-4.01875
11
4.90155
21
-4.013
0
LINE
8
BLACK
6
CONTINUOUS
10
4.90155
20
-4.013
11
4.90155
21
-4.013
0
LINE
8
BLACK
6
CONTINUOUS
10
4.90155
20
-4.013
11
4.90155
21
-4.013
0
LINE
8
BLACK
6
CONTINUOUS
10
4.90155
20
-4.013
11
4.89776
21
-4.00806
0
LINE
8
BLACK
6
CONTINUOUS
10
4.89776
20
-4.00806
11
4.89776
21
-4.00806
0
LINE
8
BLACK
6
CONTINUOUS
10
4.89776
20
-4.00806
11
4.89776
21
-4.00806
0
LINE
8
BLACK
6
CONTINUOUS
10
4.89776
20
-4.00806
11
4.89776
21
-4.00806
0
LINE
8
BLACK
6
CONTINUOUS
10
4.89776
20
-4.00806
11
4.89776
21
-4.00806
0
LINE
8
BLACK
6
CONTINUOUS
10
4.89776
20
-4.00806
11
4.89282
21
-4.00427
0
LINE
8
BLACK
6
CONTINUOUS
10
4.89282
20
-4.00427
11
4.89282
21
-4.00427
0
LINE
8
BLACK
6
CONTINUOUS
10
4.89282
20
-4.00427
11
4.88707
21
-4.00189
0
LINE
8
BLACK
6
CONTINUOUS
10
4.88707
20
-4.00189
11
4.88707
21
-4.00189
0
LINE
8
BLACK
6
CONTINUOUS
10
4.88707
20
-4.00189
11
4.88707
21
-4.00189
0
LINE
8
BLACK
6
CONTINUOUS
10
4.88707
20
-4.00189
11
4.88707
21
-4.00189
0
LINE
8
BLACK
6
CONTINUOUS
10
4.88707
20
-4.00189
11
4.8809
21
-4.00108
0
LINE
8
BLACK
6
CONTINUOUS
10
4.8809
20
-4.00108
11
4.87473
21
-4.00189
0
LINE
8
BLACK
6
CONTINUOUS
10
4.87473
20
-4.00189
11
4.87473
21
-4.00189
0
LINE
8
BLACK
6
CONTINUOUS
10
4.87473
20
-4.00189
11
4.87473
21
-4.00189
0
LINE
8
BLACK
6
CONTINUOUS
10
4.87473
20
-4.00189
11
4.86898
21
-4.00427
0
LINE
8
BLACK
6
CONTINUOUS
10
4.86898
20
-4.00427
11
4.86898
21
-4.00427
0
LINE
8
BLACK
6
CONTINUOUS
10
4.86898
20
-4.00427
11
4.86404
21
-4.00806
0
LINE
8
BLACK
6
CONTINUOUS
10
4.86404
20
-4.00806
11
4.86404
21
-4.00806
0
LINE
8
BLACK
6
CONTINUOUS
10
4.86404
20
-4.00806
11
4.86025
21
-4.013
0
LINE
8
BLACK
6
CONTINUOUS
10
4.86025
20
-4.013
11
4.86025
21
-4.013
0
LINE
8
BLACK
6
CONTINUOUS
10
4.86025
20
-4.013
11
4.85787
21
-4.01875
0
LINE
8
BLACK
6
CONTINUOUS
10
4.85787
20
-4.01875
11
4.85706
21
-4.02492
0
LINE
8
BLACK
6
CONTINUOUS
10
4.85706
20
-4.02492
11
4.85787
21
-4.03109
0
LINE
8
BLACK
6
CONTINUOUS
10
5.04187
20
-3.94609
11
5.04425
21
-3.95184
0
LINE
8
BLACK
6
CONTINUOUS
10
5.04425
20
-3.95184
11
5.04425
21
-3.95184
0
LINE
8
BLACK
6
CONTINUOUS
10
5.04425
20
-3.95184
11
5.04804
21
-3.95678
0
LINE
8
BLACK
6
CONTINUOUS
10
5.04804
20
-3.95678
11
5.04804
21
-3.95678
0
LINE
8
BLACK
6
CONTINUOUS
10
5.04804
20
-3.95678
11
5.04804
21
-3.95678
0
LINE
8
BLACK
6
CONTINUOUS
10
5.04804
20
-3.95678
11
5.04804
21
-3.95678
0
LINE
8
BLACK
6
CONTINUOUS
10
5.04804
20
-3.95678
11
5.05298
21
-3.96057
0
LINE
8
BLACK
6
CONTINUOUS
10
5.05298
20
-3.96057
11
5.05298
21
-3.96057
0
LINE
8
BLACK
6
CONTINUOUS
10
5.05298
20
-3.96057
11
5.05873
21
-3.96295
0
LINE
8
BLACK
6
CONTINUOUS
10
5.05873
20
-3.96295
11
5.05873
21
-3.96295
0
LINE
8
BLACK
6
CONTINUOUS
10
5.05873
20
-3.96295
11
5.0649
21
-3.96377
0
LINE
8
BLACK
6
CONTINUOUS
10
5.0649
20
-3.96377
11
5.07107
21
-3.96295
0
LINE
8
BLACK
6
CONTINUOUS
10
5.07107
20
-3.96295
11
5.07682
21
-3.96057
0
LINE
8
BLACK
6
CONTINUOUS
10
5.07682
20
-3.96057
11
5.08176
21
-3.95678
0
LINE
8
BLACK
6
CONTINUOUS
10
5.08176
20
-3.95678
11
5.08555
21
-3.95184
0
LINE
8
BLACK
6
CONTINUOUS
10
5.08555
20
-3.95184
11
5.08793
21
-3.94609
0
LINE
8
BLACK
6
CONTINUOUS
10
5.08793
20
-3.94609
11
5.08875
21
-3.93992
0
LINE
8
BLACK
6
CONTINUOUS
10
5.08875
20
-3.93992
11
5.08793
21
-3.93375
0
LINE
8
BLACK
6
CONTINUOUS
10
5.08793
20
-3.93375
11
5.08555
21
-3.928
0
LINE
8
BLACK
6
CONTINUOUS
10
5.08555
20
-3.928
11
5.08555
21
-3.928
0
LINE
8
BLACK
6
CONTINUOUS
10
5.08555
20
-3.928
11
5.08555
21
-3.928
0
LINE
8
BLACK
6
CONTINUOUS
10
5.08555
20
-3.928
11
5.08176
21
-3.92306
0
LINE
8
BLACK
6
CONTINUOUS
10
5.08176
20
-3.92306
11
5.08176
21
-3.92306
0
LINE
8
BLACK
6
CONTINUOUS
10
5.08176
20
-3.92306
11
5.08176
21
-3.92306
0
LINE
8
BLACK
6
CONTINUOUS
10
5.08176
20
-3.92306
11
5.08176
21
-3.92306
0
LINE
8
BLACK
6
CONTINUOUS
10
5.08176
20
-3.92306
11
5.08176
21
-3.92306
0
LINE
8
BLACK
6
CONTINUOUS
10
5.08176
20
-3.92306
11
5.07682
21
-3.91927
0
LINE
8
BLACK
6
CONTINUOUS
10
5.07682
20
-3.91927
11
5.07682
21
-3.91927
0
LINE
8
BLACK
6
CONTINUOUS
10
5.07682
20
-3.91927
11
5.07107
21
-3.91689
0
LINE
8
BLACK
6
CONTINUOUS
10
5.07107
20
-3.91689
11
5.07107
21
-3.91689
0
LINE
8
BLACK
6
CONTINUOUS
10
5.07107
20
-3.91689
11
5.07107
21
-3.91689
0
LINE
8
BLACK
6
CONTINUOUS
10
5.07107
20
-3.91689
11
5.07107
21
-3.91689
0
LINE
8
BLACK
6
CONTINUOUS
10
5.07107
20
-3.91689
11
5.0649
21
-3.91608
0
LINE
8
BLACK
6
CONTINUOUS
10
5.0649
20
-3.91608
11
5.05873
21
-3.91689
0
LINE
8
BLACK
6
CONTINUOUS
10
5.05873
20
-3.91689
11
5.05873
21
-3.91689
0
LINE
8
BLACK
6
CONTINUOUS
10
5.05873
20
-3.91689
11
5.05873
21
-3.91689
0
LINE
8
BLACK
6
CONTINUOUS
10
5.05873
20
-3.91689
11
5.05298
21
-3.91927
0
LINE
8
BLACK
6
CONTINUOUS
10
5.05298
20
-3.91927
11
5.05298
21
-3.91927
0
LINE
8
BLACK
6
CONTINUOUS
10
5.05298
20
-3.91927
11
5.04804
21
-3.92306
0
LINE
8
BLACK
6
CONTINUOUS
10
5.04804
20
-3.92306
11
5.04804
21
-3.92306
0
LINE
8
BLACK
6
CONTINUOUS
10
5.04804
20
-3.92306
11
5.04425
21
-3.928
0
LINE
8
BLACK
6
CONTINUOUS
10
5.04425
20
-3.928
11
5.04425
21
-3.928
0
LINE
8
BLACK
6
CONTINUOUS
10
5.04425
20
-3.928
11
5.04187
21
-3.93375
0
LINE
8
BLACK
6
CONTINUOUS
10
5.04187
20
-3.93375
11
5.04106
21
-3.93992
0
LINE
8
BLACK
6
CONTINUOUS
10
5.04106
20
-3.93992
11
5.04187
21
-3.94609
0
LINE
8
BLACK
6
CONTINUOUS
10
5.97152
20
-3.80448
11
5.97152
21
-3.80448
0
LINE
8
BLACK
6
CONTINUOUS
10
5.97152
20
-3.80448
11
5.96203
21
-3.80689
0
LINE
8
BLACK
6
CONTINUOUS
10
5.96203
20
-3.80689
11
5.96203
21
-3.80689
0
LINE
8
BLACK
6
CONTINUOUS
10
5.96203
20
-3.80689
11
5.96203
21
-3.80689
0
LINE
8
BLACK
6
CONTINUOUS
10
5.96203
20
-3.80689
11
5.95307
21
-3.81082
0
LINE
8
BLACK
6
CONTINUOUS
10
5.95307
20
-3.81082
11
5.95307
21
-3.81082
0
LINE
8
BLACK
6
CONTINUOUS
10
5.95307
20
-3.81082
11
5.95307
21
-3.81082
0
LINE
8
BLACK
6
CONTINUOUS
10
5.95307
20
-3.81082
11
5.94487
21
-3.81617
0
LINE
8
BLACK
6
CONTINUOUS
10
5.94487
20
-3.81617
11
5.94487
21
-3.81617
0
LINE
8
BLACK
6
CONTINUOUS
10
5.94487
20
-3.81617
11
5.93767
21
-3.82281
0
LINE
8
BLACK
6
CONTINUOUS
10
5.93767
20
-3.82281
11
5.93165
21
-3.83053
0
LINE
8
BLACK
6
CONTINUOUS
10
5.93165
20
-3.83053
11
5.93165
21
-3.83053
0
LINE
8
BLACK
6
CONTINUOUS
10
5.93165
20
-3.83053
11
5.927
21
-3.83914
0
LINE
8
BLACK
6
CONTINUOUS
10
5.927
20
-3.83914
11
5.92382
21
-3.8484
0
LINE
8
BLACK
6
CONTINUOUS
10
5.92382
20
-3.8484
11
5.92382
21
-3.8484
0
LINE
8
BLACK
6
CONTINUOUS
10
5.92382
20
-3.8484
11
5.9222
21
-3.85806
0
LINE
8
BLACK
6
CONTINUOUS
10
5.9222
20
-3.85806
11
5.9222
21
-3.86785
0
LINE
8
BLACK
6
CONTINUOUS
10
5.9222
20
-3.86785
11
5.92272
21
-3.87091
0
LINE
8
BLACK
6
CONTINUOUS
10
5.92272
20
-3.87091
11
5.92382
21
-3.8775
0
LINE
8
BLACK
6
CONTINUOUS
10
5.92382
20
-3.8775
11
5.92699
21
-3.88676
0
LINE
8
BLACK
6
CONTINUOUS
10
5.92699
20
-3.88676
11
5.92699
21
-3.88676
0
LINE
8
BLACK
6
CONTINUOUS
10
5.92699
20
-3.88676
11
5.927
21
-3.88676
0
LINE
8
BLACK
6
CONTINUOUS
10
5.927
20
-3.88676
11
5.93088
21
-3.89395
0
LINE
8
BLACK
6
CONTINUOUS
10
5.93088
20
-3.89395
11
5.93165
21
-3.89537
0
LINE
8
BLACK
6
CONTINUOUS
10
5.93165
20
-3.89537
11
5.93535
21
-3.90012
0
LINE
8
BLACK
6
CONTINUOUS
10
5.93535
20
-3.90012
11
5.93767
21
-3.9031
0
LINE
8
BLACK
6
CONTINUOUS
10
5.93767
20
-3.9031
11
5.94487
21
-3.90973
0
LINE
8
BLACK
6
CONTINUOUS
10
5.94487
20
-3.90973
11
5.95274
21
-3.91487
0
LINE
8
BLACK
6
CONTINUOUS
10
5.95274
20
-3.91487
11
5.95307
21
-3.91509
0
LINE
8
BLACK
6
CONTINUOUS
10
5.95307
20
-3.91509
11
5.96203
21
-3.91902
0
LINE
8
BLACK
6
CONTINUOUS
10
5.96203
20
-3.91902
11
5.97152
21
-3.92142
0
LINE
8
BLACK
6
CONTINUOUS
10
5.97152
20
-3.92142
11
5.97884
21
-3.92203
0
LINE
8
BLACK
6
CONTINUOUS
10
5.97884
20
-3.92203
11
5.98372
21
-3.92203
0
LINE
8
BLACK
6
CONTINUOUS
10
5.98372
20
-3.92203
11
5.99104
21
-3.92142
0
LINE
8
BLACK
6
CONTINUOUS
10
5.99104
20
-3.92142
11
6.00053
21
-3.91902
0
LINE
8
BLACK
6
CONTINUOUS
10
6.00053
20
-3.91902
11
6.00949
21
-3.91509
0
LINE
8
BLACK
6
CONTINUOUS
10
6.00949
20
-3.91509
11
6.01769
21
-3.90973
0
LINE
8
BLACK
6
CONTINUOUS
10
6.01769
20
-3.90973
11
6.01769
21
-3.90973
0
LINE
8
BLACK
6
CONTINUOUS
10
6.01769
20
-3.90973
11
6.01769
21
-3.90973
0
LINE
8
BLACK
6
CONTINUOUS
10
6.01769
20
-3.90973
11
6.02098
21
-3.9067
0
LINE
8
BLACK
6
CONTINUOUS
10
6.02098
20
-3.9067
11
6.02489
21
-3.9031
0
LINE
8
BLACK
6
CONTINUOUS
10
6.02489
20
-3.9031
11
6.0309
21
-3.89537
0
LINE
8
BLACK
6
CONTINUOUS
10
6.0309
20
-3.89537
11
6.03556
21
-3.88676
0
LINE
8
BLACK
6
CONTINUOUS
10
6.03556
20
-3.88676
11
6.03874
21
-3.8775
0
LINE
8
BLACK
6
CONTINUOUS
10
6.03874
20
-3.8775
11
6.04035
21
-3.86785
0
LINE
8
BLACK
6
CONTINUOUS
10
6.04035
20
-3.86785
11
6.04035
21
-3.85806
0
LINE
8
BLACK
6
CONTINUOUS
10
6.04035
20
-3.85806
11
6.03874
21
-3.8484
0
LINE
8
BLACK
6
CONTINUOUS
10
6.03874
20
-3.8484
11
6.03556
21
-3.83914
0
LINE
8
BLACK
6
CONTINUOUS
10
6.03556
20
-3.83914
11
6.03328
21
-3.83492
0
LINE
8
BLACK
6
CONTINUOUS
10
6.03328
20
-3.83492
11
6.0309
21
-3.83053
0
LINE
8
BLACK
6
CONTINUOUS
10
6.0309
20
-3.83053
11
6.02489
21
-3.82281
0
LINE
8
BLACK
6
CONTINUOUS
10
6.02489
20
-3.82281
11
6.01769
21
-3.81617
0
LINE
8
BLACK
6
CONTINUOUS
10
6.01769
20
-3.81617
11
6.00949
21
-3.81082
0
LINE
8
BLACK
6
CONTINUOUS
10
6.00949
20
-3.81082
11
6.00949
21
-3.81082
0
LINE
8
BLACK
6
CONTINUOUS
10
6.00949
20
-3.81082
11
6.00053
21
-3.80689
0
LINE
8
BLACK
6
CONTINUOUS
10
6.00053
20
-3.80689
11
6.00053
21
-3.80689
0
LINE
8
BLACK
6
CONTINUOUS
10
6.00053
20
-3.80689
11
6.00053
21
-3.80689
0
LINE
8
BLACK
6
CONTINUOUS
10
6.00053
20
-3.80689
11
5.99104
21
-3.80448
0
LINE
8
BLACK
6
CONTINUOUS
10
5.99104
20
-3.80448
11
5.98372
21
-3.80388
0
LINE
8
BLACK
6
CONTINUOUS
10
5.98372
20
-3.80388
11
5.97884
21
-3.80388
0
LINE
8
BLACK
6
CONTINUOUS
10
5.97884
20
-3.80388
11
5.97152
21
-3.80448
0
LINE
8
BLACK
6
CONTINUOUS
10
5.79873
20
-3.84689
11
5.79873
21
-3.84689
0
LINE
8
BLACK
6
CONTINUOUS
10
5.79873
20
-3.84689
11
5.79873
21
-3.84689
0
LINE
8
BLACK
6
CONTINUOUS
10
5.79873
20
-3.84689
11
5.79298
21
-3.84927
0
LINE
8
BLACK
6
CONTINUOUS
10
5.79298
20
-3.84927
11
5.79298
21
-3.84927
0
LINE
8
BLACK
6
CONTINUOUS
10
5.79298
20
-3.84927
11
5.78804
21
-3.85306
0
LINE
8
BLACK
6
CONTINUOUS
10
5.78804
20
-3.85306
11
5.78804
21
-3.85306
0
LINE
8
BLACK
6
CONTINUOUS
10
5.78804
20
-3.85306
11
5.78425
21
-3.858
0
LINE
8
BLACK
6
CONTINUOUS
10
5.78425
20
-3.858
11
5.78425
21
-3.858
0
LINE
8
BLACK
6
CONTINUOUS
10
5.78425
20
-3.858
11
5.78401
21
-3.85857
0
LINE
8
BLACK
6
CONTINUOUS
10
5.78401
20
-3.85857
11
5.7824
21
-3.86033
0
LINE
8
BLACK
6
CONTINUOUS
10
5.7824
20
-3.86033
11
5.78002
21
-3.86065
0
LINE
8
BLACK
6
CONTINUOUS
10
5.78002
20
-3.86065
11
5.77864
21
-3.86001
0
LINE
8
BLACK
6
CONTINUOUS
10
5.77864
20
-3.86001
11
5.77399
21
-3.85643
0
LINE
8
BLACK
6
CONTINUOUS
10
5.77399
20
-3.85643
11
5.77399
21
-3.85643
0
LINE
8
BLACK
6
CONTINUOUS
10
5.77399
20
-3.85643
11
5.76824
21
-3.85405
0
LINE
8
BLACK
6
CONTINUOUS
10
5.76824
20
-3.85405
11
5.76824
21
-3.85405
0
LINE
8
BLACK
6
CONTINUOUS
10
5.76824
20
-3.85405
11
5.76824
21
-3.85405
0
LINE
8
BLACK
6
CONTINUOUS
10
5.76824
20
-3.85405
11
5.76824
21
-3.85405
0
LINE
8
BLACK
6
CONTINUOUS
10
5.76824
20
-3.85405
11
5.76206
21
-3.85324
0
LINE
8
BLACK
6
CONTINUOUS
10
5.76206
20
-3.85324
11
5.75589
21
-3.85405
0
LINE
8
BLACK
6
CONTINUOUS
10
5.75589
20
-3.85405
11
5.75589
21
-3.85405
0
LINE
8
BLACK
6
CONTINUOUS
10
5.75589
20
-3.85405
11
5.75589
21
-3.85405
0
LINE
8
BLACK
6
CONTINUOUS
10
5.75589
20
-3.85405
11
5.75014
21
-3.85643
0
LINE
8
BLACK
6
CONTINUOUS
10
5.75014
20
-3.85643
11
5.75014
21
-3.85643
0
LINE
8
BLACK
6
CONTINUOUS
10
5.75014
20
-3.85643
11
5.7452
21
-3.86022
0
LINE
8
BLACK
6
CONTINUOUS
10
5.7452
20
-3.86022
11
5.7452
21
-3.86022
0
LINE
8
BLACK
6
CONTINUOUS
10
5.7452
20
-3.86022
11
5.74141
21
-3.86516
0
LINE
8
BLACK
6
CONTINUOUS
10
5.74141
20
-3.86516
11
5.74141
21
-3.86516
0
LINE
8
BLACK
6
CONTINUOUS
10
5.74141
20
-3.86516
11
5.73903
21
-3.87091
0
LINE
8
BLACK
6
CONTINUOUS
10
5.73903
20
-3.87091
11
5.73822
21
-3.87708
0
LINE
8
BLACK
6
CONTINUOUS
10
5.73822
20
-3.87708
11
5.73903
21
-3.88326
0
LINE
8
BLACK
6
CONTINUOUS
10
5.73903
20
-3.88326
11
5.74141
21
-3.88901
0
LINE
8
BLACK
6
CONTINUOUS
10
5.74141
20
-3.88901
11
5.74141
21
-3.88901
0
LINE
8
BLACK
6
CONTINUOUS
10
5.74141
20
-3.88901
11
5.74444
21
-3.89295
0
LINE
8
BLACK
6
CONTINUOUS
10
5.74444
20
-3.89295
11
5.7452
21
-3.89395
0
LINE
8
BLACK
6
CONTINUOUS
10
5.7452
20
-3.89395
11
5.7452
21
-3.89395
0
LINE
8
BLACK
6
CONTINUOUS
10
5.7452
20
-3.89395
11
5.7452
21
-3.89395
0
LINE
8
BLACK
6
CONTINUOUS
10
5.7452
20
-3.89395
11
5.75014
21
-3.89774
0
LINE
8
BLACK
6
CONTINUOUS
10
5.75014
20
-3.89774
11
5.75014
21
-3.89774
0
LINE
8
BLACK
6
CONTINUOUS
10
5.75014
20
-3.89774
11
5.75589
21
-3.90012
0
LINE
8
BLACK
6
CONTINUOUS
10
5.75589
20
-3.90012
11
5.75589
21
-3.90012
0
LINE
8
BLACK
6
CONTINUOUS
10
5.75589
20
-3.90012
11
5.76206
21
-3.90093
0
LINE
8
BLACK
6
CONTINUOUS
10
5.76206
20
-3.90093
11
5.76824
21
-3.90012
0
LINE
8
BLACK
6
CONTINUOUS
10
5.76824
20
-3.90012
11
5.77399
21
-3.89774
0
LINE
8
BLACK
6
CONTINUOUS
10
5.77399
20
-3.89774
11
5.77893
21
-3.89395
0
LINE
8
BLACK
6
CONTINUOUS
10
5.77893
20
-3.89395
11
5.78272
21
-3.88901
0
LINE
8
BLACK
6
CONTINUOUS
10
5.78272
20
-3.88901
11
5.78295
21
-3.88844
0
LINE
8
BLACK
6
CONTINUOUS
10
5.78295
20
-3.88844
11
5.78457
21
-3.88667
0
LINE
8
BLACK
6
CONTINUOUS
10
5.78457
20
-3.88667
11
5.78695
21
-3.88636
0
LINE
8
BLACK
6
CONTINUOUS
10
5.78695
20
-3.88636
11
5.78832
21
-3.887
0
LINE
8
BLACK
6
CONTINUOUS
10
5.78832
20
-3.887
11
5.79298
21
-3.89057
0
LINE
8
BLACK
6
CONTINUOUS
10
5.79298
20
-3.89057
11
5.79298
21
-3.89057
0
LINE
8
BLACK
6
CONTINUOUS
10
5.79298
20
-3.89057
11
5.79873
21
-3.89295
0
LINE
8
BLACK
6
CONTINUOUS
10
5.79873
20
-3.89295
11
5.79873
21
-3.89295
0
LINE
8
BLACK
6
CONTINUOUS
10
5.79873
20
-3.89295
11
5.8049
21
-3.89377
0
LINE
8
BLACK
6
CONTINUOUS
10
5.8049
20
-3.89377
11
5.81107
21
-3.89295
0
LINE
8
BLACK
6
CONTINUOUS
10
5.81107
20
-3.89295
11
5.81682
21
-3.89057
0
LINE
8
BLACK
6
CONTINUOUS
10
5.81682
20
-3.89057
11
5.82176
21
-3.88678
0
LINE
8
BLACK
6
CONTINUOUS
10
5.82176
20
-3.88678
11
5.82555
21
-3.88184
0
LINE
8
BLACK
6
CONTINUOUS
10
5.82555
20
-3.88184
11
5.82793
21
-3.87609
0
LINE
8
BLACK
6
CONTINUOUS
10
5.82793
20
-3.87609
11
5.82875
21
-3.86992
0
LINE
8
BLACK
6
CONTINUOUS
10
5.82875
20
-3.86992
11
5.82847
21
-3.86785
0
LINE
8
BLACK
6
CONTINUOUS
10
5.82847
20
-3.86785
11
5.82793
21
-3.86375
0
LINE
8
BLACK
6
CONTINUOUS
10
5.82793
20
-3.86375
11
5.82647
21
-3.86022
0
LINE
8
BLACK
6
CONTINUOUS
10
5.82647
20
-3.86022
11
5.82555
21
-3.858
0
LINE
8
BLACK
6
CONTINUOUS
10
5.82555
20
-3.858
11
5.82555
21
-3.858
0
LINE
8
BLACK
6
CONTINUOUS
10
5.82555
20
-3.858
11
5.82176
21
-3.85306
0
LINE
8
BLACK
6
CONTINUOUS
10
5.82176
20
-3.85306
11
5.82176
21
-3.85306
0
LINE
8
BLACK
6
CONTINUOUS
10
5.82176
20
-3.85306
11
5.82176
21
-3.85306
0
LINE
8
BLACK
6
CONTINUOUS
10
5.82176
20
-3.85306
11
5.82176
21
-3.85306
0
LINE
8
BLACK
6
CONTINUOUS
10
5.82176
20
-3.85306
11
5.82176
21
-3.85306
0
LINE
8
BLACK
6
CONTINUOUS
10
5.82176
20
-3.85306
11
5.81682
21
-3.84927
0
LINE
8
BLACK
6
CONTINUOUS
10
5.81682
20
-3.84927
11
5.81682
21
-3.84927
0
LINE
8
BLACK
6
CONTINUOUS
10
5.81682
20
-3.84927
11
5.81107
21
-3.84689
0
LINE
8
BLACK
6
CONTINUOUS
10
5.81107
20
-3.84689
11
5.81107
21
-3.84689
0
LINE
8
BLACK
6
CONTINUOUS
10
5.81107
20
-3.84689
11
5.81107
21
-3.84689
0
LINE
8
BLACK
6
CONTINUOUS
10
5.81107
20
-3.84689
11
5.81107
21
-3.84689
0
LINE
8
BLACK
6
CONTINUOUS
10
5.81107
20
-3.84689
11
5.8049
21
-3.84608
0
LINE
8
BLACK
6
CONTINUOUS
10
5.8049
20
-3.84608
11
5.79873
21
-3.84689
0
LINE
8
BLACK
6
CONTINUOUS
10
6.32873
20
-3.81189
11
6.32873
21
-3.81189
0
LINE
8
BLACK
6
CONTINUOUS
10
6.32873
20
-3.81189
11
6.32873
21
-3.81189
0
LINE
8
BLACK
6
CONTINUOUS
10
6.32873
20
-3.81189
11
6.32298
21
-3.81427
0
LINE
8
BLACK
6
CONTINUOUS
10
6.32298
20
-3.81427
11
6.32298
21
-3.81427
0
LINE
8
BLACK
6
CONTINUOUS
10
6.32298
20
-3.81427
11
6.31804
21
-3.81806
0
LINE
8
BLACK
6
CONTINUOUS
10
6.31804
20
-3.81806
11
6.31804
21
-3.81806
0
LINE
8
BLACK
6
CONTINUOUS
10
6.31804
20
-3.81806
11
6.31425
21
-3.823
0
LINE
8
BLACK
6
CONTINUOUS
10
6.31425
20
-3.823
11
6.31425
21
-3.823
0
LINE
8
BLACK
6
CONTINUOUS
10
6.31425
20
-3.823
11
6.31187
21
-3.82875
0
LINE
8
BLACK
6
CONTINUOUS
10
6.31187
20
-3.82875
11
6.31187
21
-3.82875
0
LINE
8
BLACK
6
CONTINUOUS
10
6.31187
20
-3.82875
11
6.31187
21
-3.82875
0
LINE
8
BLACK
6
CONTINUOUS
10
6.31187
20
-3.82875
11
6.31163
21
-3.83053
0
LINE
8
BLACK
6
CONTINUOUS
10
6.31163
20
-3.83053
11
6.31106
21
-3.83492
0
LINE
8
BLACK
6
CONTINUOUS
10
6.31106
20
-3.83492
11
6.31187
21
-3.84109
0
LINE
8
BLACK
6
CONTINUOUS
10
6.31187
20
-3.84109
11
6.31425
21
-3.84684
0
LINE
8
BLACK
6
CONTINUOUS
10
6.31425
20
-3.84684
11
6.31425
21
-3.84684
0
LINE
8
BLACK
6
CONTINUOUS
10
6.31425
20
-3.84684
11
6.31804
21
-3.85178
0
LINE
8
BLACK
6
CONTINUOUS
10
6.31804
20
-3.85178
11
6.31804
21
-3.85178
0
LINE
8
BLACK
6
CONTINUOUS
10
6.31804
20
-3.85178
11
6.31804
21
-3.85178
0
LINE
8
BLACK
6
CONTINUOUS
10
6.31804
20
-3.85178
11
6.31804
21
-3.85178
0
LINE
8
BLACK
6
CONTINUOUS
10
6.31804
20
-3.85178
11
6.32298
21
-3.85557
0
LINE
8
BLACK
6
CONTINUOUS
10
6.32298
20
-3.85557
11
6.32298
21
-3.85557
0
LINE
8
BLACK
6
CONTINUOUS
10
6.32298
20
-3.85557
11
6.32873
21
-3.85795
0
LINE
8
BLACK
6
CONTINUOUS
10
6.32873
20
-3.85795
11
6.32873
21
-3.85795
0
LINE
8
BLACK
6
CONTINUOUS
10
6.32873
20
-3.85795
11
6.3349
21
-3.85877
0
LINE
8
BLACK
6
CONTINUOUS
10
6.3349
20
-3.85877
11
6.34107
21
-3.85795
0
LINE
8
BLACK
6
CONTINUOUS
10
6.34107
20
-3.85795
11
6.34682
21
-3.85557
0
LINE
8
BLACK
6
CONTINUOUS
10
6.34682
20
-3.85557
11
6.35176
21
-3.85178
0
LINE
8
BLACK
6
CONTINUOUS
10
6.35176
20
-3.85178
11
6.35555
21
-3.84684
0
LINE
8
BLACK
6
CONTINUOUS
10
6.35555
20
-3.84684
11
6.35793
21
-3.84109
0
LINE
8
BLACK
6
CONTINUOUS
10
6.35793
20
-3.84109
11
6.35875
21
-3.83492
0
LINE
8
BLACK
6
CONTINUOUS
10
6.35875
20
-3.83492
11
6.35793
21
-3.82875
0
LINE
8
BLACK
6
CONTINUOUS
10
6.35793
20
-3.82875
11
6.35555
21
-3.823
0
LINE
8
BLACK
6
CONTINUOUS
10
6.35555
20
-3.823
11
6.35555
21
-3.823
0
LINE
8
BLACK
6
CONTINUOUS
10
6.35555
20
-3.823
11
6.35555
21
-3.823
0
LINE
8
BLACK
6
CONTINUOUS
10
6.35555
20
-3.823
11
6.35176
21
-3.81806
0
LINE
8
BLACK
6
CONTINUOUS
10
6.35176
20
-3.81806
11
6.35176
21
-3.81806
0
LINE
8
BLACK
6
CONTINUOUS
10
6.35176
20
-3.81806
11
6.35176
21
-3.81806
0
LINE
8
BLACK
6
CONTINUOUS
10
6.35176
20
-3.81806
11
6.35176
21
-3.81806
0
LINE
8
BLACK
6
CONTINUOUS
10
6.35176
20
-3.81806
11
6.35176
21
-3.81806
0
LINE
8
BLACK
6
CONTINUOUS
10
6.35176
20
-3.81806
11
6.34682
21
-3.81427
0
LINE
8
BLACK
6
CONTINUOUS
10
6.34682
20
-3.81427
11
6.34682
21
-3.81427
0
LINE
8
BLACK
6
CONTINUOUS
10
6.34682
20
-3.81427
11
6.34107
21
-3.81189
0
LINE
8
BLACK
6
CONTINUOUS
10
6.34107
20
-3.81189
11
6.34107
21
-3.81189
0
LINE
8
BLACK
6
CONTINUOUS
10
6.34107
20
-3.81189
11
6.34107
21
-3.81189
0
LINE
8
BLACK
6
CONTINUOUS
10
6.34107
20
-3.81189
11
6.34107
21
-3.81189
0
LINE
8
BLACK
6
CONTINUOUS
10
6.34107
20
-3.81189
11
6.3349
21
-3.81108
0
LINE
8
BLACK
6
CONTINUOUS
10
6.3349
20
-3.81108
11
6.32873
21
-3.81189
0
LINE
8
BLACK
6
CONTINUOUS
10
5.24687
20
-3.72609
11
5.24925
21
-3.73184
0
LINE
8
BLACK
6
CONTINUOUS
10
5.24925
20
-3.73184
11
5.24925
21
-3.73184
0
LINE
8
BLACK
6
CONTINUOUS
10
5.24925
20
-3.73184
11
5.25304
21
-3.73678
0
LINE
8
BLACK
6
CONTINUOUS
10
5.25304
20
-3.73678
11
5.25304
21
-3.73678
0
LINE
8
BLACK
6
CONTINUOUS
10
5.25304
20
-3.73678
11
5.25304
21
-3.73678
0
LINE
8
BLACK
6
CONTINUOUS
10
5.25304
20
-3.73678
11
5.25304
21
-3.73678
0
LINE
8
BLACK
6
CONTINUOUS
10
5.25304
20
-3.73678
11
5.25798
21
-3.74057
0
LINE
8
BLACK
6
CONTINUOUS
10
5.25798
20
-3.74057
11
5.25798
21
-3.74057
0
LINE
8
BLACK
6
CONTINUOUS
10
5.25798
20
-3.74057
11
5.26373
21
-3.74295
0
LINE
8
BLACK
6
CONTINUOUS
10
5.26373
20
-3.74295
11
5.26373
21
-3.74295
0
LINE
8
BLACK
6
CONTINUOUS
10
5.26373
20
-3.74295
11
5.2699
21
-3.74377
0
LINE
8
BLACK
6
CONTINUOUS
10
5.2699
20
-3.74377
11
5.27607
21
-3.74295
0
LINE
8
BLACK
6
CONTINUOUS
10
5.27607
20
-3.74295
11
5.28182
21
-3.74057
0
LINE
8
BLACK
6
CONTINUOUS
10
5.28182
20
-3.74057
11
5.28676
21
-3.73678
0
LINE
8
BLACK
6
CONTINUOUS
10
5.28676
20
-3.73678
11
5.29055
21
-3.73184
0
LINE
8
BLACK
6
CONTINUOUS
10
5.29055
20
-3.73184
11
5.29293
21
-3.72609
0
LINE
8
BLACK
6
CONTINUOUS
10
5.29293
20
-3.72609
11
5.29375
21
-3.71992
0
LINE
8
BLACK
6
CONTINUOUS
10
5.29375
20
-3.71992
11
5.29293
21
-3.71375
0
LINE
8
BLACK
6
CONTINUOUS
10
5.29293
20
-3.71375
11
5.29183
21
-3.71109
0
LINE
8
BLACK
6
CONTINUOUS
10
5.29183
20
-3.71109
11
5.29055
21
-3.708
0
LINE
8
BLACK
6
CONTINUOUS
10
5.29055
20
-3.708
11
5.29055
21
-3.708
0
LINE
8
BLACK
6
CONTINUOUS
10
5.29055
20
-3.708
11
5.28676
21
-3.70306
0
LINE
8
BLACK
6
CONTINUOUS
10
5.28676
20
-3.70306
11
5.28676
21
-3.70306
0
LINE
8
BLACK
6
CONTINUOUS
10
5.28676
20
-3.70306
11
5.28676
21
-3.70306
0
LINE
8
BLACK
6
CONTINUOUS
10
5.28676
20
-3.70306
11
5.28676
21
-3.70306
0
LINE
8
BLACK
6
CONTINUOUS
10
5.28676
20
-3.70306
11
5.28676
21
-3.70306
0
LINE
8
BLACK
6
CONTINUOUS
10
5.28676
20
-3.70306
11
5.28182
21
-3.69927
0
LINE
8
BLACK
6
CONTINUOUS
10
5.28182
20
-3.69927
11
5.28182
21
-3.69927
0
LINE
8
BLACK
6
CONTINUOUS
10
5.28182
20
-3.69927
11
5.27607
21
-3.69689
0
LINE
8
BLACK
6
CONTINUOUS
10
5.27607
20
-3.69689
11
5.27607
21
-3.69689
0
LINE
8
BLACK
6
CONTINUOUS
10
5.27607
20
-3.69689
11
5.27607
21
-3.69689
0
LINE
8
BLACK
6
CONTINUOUS
10
5.27607
20
-3.69689
11
5.27607
21
-3.69689
0
LINE
8
BLACK
6
CONTINUOUS
10
5.27607
20
-3.69689
11
5.2699
21
-3.69608
0
LINE
8
BLACK
6
CONTINUOUS
10
5.2699
20
-3.69608
11
5.26373
21
-3.69689
0
LINE
8
BLACK
6
CONTINUOUS
10
5.26373
20
-3.69689
11
5.26373
21
-3.69689
0
LINE
8
BLACK
6
CONTINUOUS
10
5.26373
20
-3.69689
11
5.26373
21
-3.69689
0
LINE
8
BLACK
6
CONTINUOUS
10
5.26373
20
-3.69689
11
5.25798
21
-3.69927
0
LINE
8
BLACK
6
CONTINUOUS
10
5.25798
20
-3.69927
11
5.25798
21
-3.69927
0
LINE
8
BLACK
6
CONTINUOUS
10
5.25798
20
-3.69927
11
5.25304
21
-3.70306
0
LINE
8
BLACK
6
CONTINUOUS
10
5.25304
20
-3.70306
11
5.25304
21
-3.70306
0
LINE
8
BLACK
6
CONTINUOUS
10
5.25304
20
-3.70306
11
5.24925
21
-3.708
0
LINE
8
BLACK
6
CONTINUOUS
10
5.24925
20
-3.708
11
5.24925
21
-3.708
0
LINE
8
BLACK
6
CONTINUOUS
10
5.24925
20
-3.708
11
5.24687
21
-3.71375
0
LINE
8
BLACK
6
CONTINUOUS
10
5.24687
20
-3.71375
11
5.24606
21
-3.71992
0
LINE
8
BLACK
6
CONTINUOUS
10
5.24606
20
-3.71992
11
5.24687
21
-3.72609
0
LINE
8
BLACK
6
CONTINUOUS
10
5.43687
20
-3.72609
11
5.43925
21
-3.73184
0
LINE
8
BLACK
6
CONTINUOUS
10
5.43925
20
-3.73184
11
5.43925
21
-3.73184
0
LINE
8
BLACK
6
CONTINUOUS
10
5.43925
20
-3.73184
11
5.44304
21
-3.73678
0
LINE
8
BLACK
6
CONTINUOUS
10
5.44304
20
-3.73678
11
5.44304
21
-3.73678
0
LINE
8
BLACK
6
CONTINUOUS
10
5.44304
20
-3.73678
11
5.44304
21
-3.73678
0
LINE
8
BLACK
6
CONTINUOUS
10
5.44304
20
-3.73678
11
5.44304
21
-3.73678
0
LINE
8
BLACK
6
CONTINUOUS
10
5.44304
20
-3.73678
11
5.44798
21
-3.74057
0
LINE
8
BLACK
6
CONTINUOUS
10
5.44798
20
-3.74057
11
5.44798
21
-3.74057
0
LINE
8
BLACK
6
CONTINUOUS
10
5.44798
20
-3.74057
11
5.45373
21
-3.74295
0
LINE
8
BLACK
6
CONTINUOUS
10
5.45373
20
-3.74295
11
5.45373
21
-3.74295
0
LINE
8
BLACK
6
CONTINUOUS
10
5.45373
20
-3.74295
11
5.4599
21
-3.74377
0
LINE
8
BLACK
6
CONTINUOUS
10
5.4599
20
-3.74377
11
5.46607
21
-3.74295
0
LINE
8
BLACK
6
CONTINUOUS
10
5.46607
20
-3.74295
11
5.47182
21
-3.74057
0
LINE
8
BLACK
6
CONTINUOUS
10
5.47182
20
-3.74057
11
5.47676
21
-3.73678
0
LINE
8
BLACK
6
CONTINUOUS
10
5.47676
20
-3.73678
11
5.48055
21
-3.73184
0
LINE
8
BLACK
6
CONTINUOUS
10
5.48055
20
-3.73184
11
5.48293
21
-3.72609
0
LINE
8
BLACK
6
CONTINUOUS
10
5.48293
20
-3.72609
11
5.48375
21
-3.71992
0
LINE
8
BLACK
6
CONTINUOUS
10
5.48375
20
-3.71992
11
5.48293
21
-3.71375
0
LINE
8
BLACK
6
CONTINUOUS
10
5.48293
20
-3.71375
11
5.48183
21
-3.71109
0
LINE
8
BLACK
6
CONTINUOUS
10
5.48183
20
-3.71109
11
5.48055
21
-3.708
0
LINE
8
BLACK
6
CONTINUOUS
10
5.48055
20
-3.708
11
5.48055
21
-3.708
0
LINE
8
BLACK
6
CONTINUOUS
10
5.48055
20
-3.708
11
5.47819
21
-3.70492
0
LINE
8
BLACK
6
CONTINUOUS
10
5.47819
20
-3.70492
11
5.47676
21
-3.70306
0
LINE
8
BLACK
6
CONTINUOUS
10
5.47676
20
-3.70306
11
5.47676
21
-3.70306
0
LINE
8
BLACK
6
CONTINUOUS
10
5.47676
20
-3.70306
11
5.47676
21
-3.70306
0
LINE
8
BLACK
6
CONTINUOUS
10
5.47676
20
-3.70306
11
5.47676
21
-3.70306
0
LINE
8
BLACK
6
CONTINUOUS
10
5.47676
20
-3.70306
11
5.47676
21
-3.70306
0
LINE
8
BLACK
6
CONTINUOUS
10
5.47676
20
-3.70306
11
5.47182
21
-3.69927
0
LINE
8
BLACK
6
CONTINUOUS
10
5.47182
20
-3.69927
11
5.47182
21
-3.69927
0
LINE
8
BLACK
6
CONTINUOUS
10
5.47182
20
-3.69927
11
5.46607
21
-3.69689
0
LINE
8
BLACK
6
CONTINUOUS
10
5.46607
20
-3.69689
11
5.46607
21
-3.69689
0
LINE
8
BLACK
6
CONTINUOUS
10
5.46607
20
-3.69689
11
5.46607
21
-3.69689
0
LINE
8
BLACK
6
CONTINUOUS
10
5.46607
20
-3.69689
11
5.46607
21
-3.69689
0
LINE
8
BLACK
6
CONTINUOUS
10
5.46607
20
-3.69689
11
5.4599
21
-3.69608
0
LINE
8
BLACK
6
CONTINUOUS
10
5.4599
20
-3.69608
11
5.45373
21
-3.69689
0
LINE
8
BLACK
6
CONTINUOUS
10
5.45373
20
-3.69689
11
5.45373
21
-3.69689
0
LINE
8
BLACK
6
CONTINUOUS
10
5.45373
20
-3.69689
11
5.45373
21
-3.69689
0
LINE
8
BLACK
6
CONTINUOUS
10
5.45373
20
-3.69689
11
5.44798
21
-3.69927
0
LINE
8
BLACK
6
CONTINUOUS
10
5.44798
20
-3.69927
11
5.44798
21
-3.69927
0
LINE
8
BLACK
6
CONTINUOUS
10
5.44798
20
-3.69927
11
5.44304
21
-3.70306
0
LINE
8
BLACK
6
CONTINUOUS
10
5.44304
20
-3.70306
11
5.44304
21
-3.70306
0
LINE
8
BLACK
6
CONTINUOUS
10
5.44304
20
-3.70306
11
5.43925
21
-3.708
0
LINE
8
BLACK
6
CONTINUOUS
10
5.43925
20
-3.708
11
5.43925
21
-3.708
0
LINE
8
BLACK
6
CONTINUOUS
10
5.43925
20
-3.708
11
5.43687
21
-3.71375
0
LINE
8
BLACK
6
CONTINUOUS
10
5.43687
20
-3.71375
11
5.43606
21
-3.71992
0
LINE
8
BLACK
6
CONTINUOUS
10
5.43606
20
-3.71992
11
5.43687
21
-3.72609
0
LINE
8
BLACK
6
CONTINUOUS
10
6.26146
20
-3.708
11
6.26187
21
-3.71109
0
LINE
8
BLACK
6
CONTINUOUS
10
6.26187
20
-3.71109
11
6.26425
21
-3.71684
0
LINE
8
BLACK
6
CONTINUOUS
10
6.26425
20
-3.71684
11
6.26425
21
-3.71684
0
LINE
8
BLACK
6
CONTINUOUS
10
6.26425
20
-3.71684
11
6.26661
21
-3.71992
0
LINE
8
BLACK
6
CONTINUOUS
10
6.26661
20
-3.71992
11
6.26804
21
-3.72178
0
LINE
8
BLACK
6
CONTINUOUS
10
6.26804
20
-3.72178
11
6.26804
21
-3.72178
0
LINE
8
BLACK
6
CONTINUOUS
10
6.26804
20
-3.72178
11
6.26804
21
-3.72178
0
LINE
8
BLACK
6
CONTINUOUS
10
6.26804
20
-3.72178
11
6.27298
21
-3.72557
0
LINE
8
BLACK
6
CONTINUOUS
10
6.27298
20
-3.72557
11
6.27298
21
-3.72557
0
LINE
8
BLACK
6
CONTINUOUS
10
6.27298
20
-3.72557
11
6.27873
21
-3.72795
0
LINE
8
BLACK
6
CONTINUOUS
10
6.27873
20
-3.72795
11
6.27873
21
-3.72795
0
LINE
8
BLACK
6
CONTINUOUS
10
6.27873
20
-3.72795
11
6.2849
21
-3.72877
0
LINE
8
BLACK
6
CONTINUOUS
10
6.2849
20
-3.72877
11
6.29107
21
-3.72795
0
LINE
8
BLACK
6
CONTINUOUS
10
6.29107
20
-3.72795
11
6.29682
21
-3.72557
0
LINE
8
BLACK
6
CONTINUOUS
10
6.29682
20
-3.72557
11
6.30176
21
-3.72178
0
LINE
8
BLACK
6
CONTINUOUS
10
6.30176
20
-3.72178
11
6.30555
21
-3.71684
0
LINE
8
BLACK
6
CONTINUOUS
10
6.30555
20
-3.71684
11
6.30793
21
-3.71109
0
LINE
8
BLACK
6
CONTINUOUS
10
6.30793
20
-3.71109
11
6.30793
21
-3.71109
0
LINE
8
BLACK
6
CONTINUOUS
10
6.30793
20
-3.71109
11
6.30793
21
-3.71109
0
LINE
8
BLACK
6
CONTINUOUS
10
6.30793
20
-3.71109
11
6.30875
21
-3.70492
0
LINE
8
BLACK
6
CONTINUOUS
10
6.30875
20
-3.70492
11
6.30793
21
-3.69875
0
LINE
8
BLACK
6
CONTINUOUS
10
6.30793
20
-3.69875
11
6.30716
21
-3.69689
0
LINE
8
BLACK
6
CONTINUOUS
10
6.30716
20
-3.69689
11
6.30555
21
-3.693
0
LINE
8
BLACK
6
CONTINUOUS
10
6.30555
20
-3.693
11
6.30555
21
-3.693
0
LINE
8
BLACK
6
CONTINUOUS
10
6.30555
20
-3.693
11
6.30176
21
-3.68806
0
LINE
8
BLACK
6
CONTINUOUS
10
6.30176
20
-3.68806
11
6.30176
21
-3.68806
0
LINE
8
BLACK
6
CONTINUOUS
10
6.30176
20
-3.68806
11
6.30176
21
-3.68806
0
LINE
8
BLACK
6
CONTINUOUS
10
6.30176
20
-3.68806
11
6.30176
21
-3.68806
0
LINE
8
BLACK
6
CONTINUOUS
10
6.30176
20
-3.68806
11
6.30176
21
-3.68806
0
LINE
8
BLACK
6
CONTINUOUS
10
6.30176
20
-3.68806
11
6.29682
21
-3.68427
0
LINE
8
BLACK
6
CONTINUOUS
10
6.29682
20
-3.68427
11
6.29682
21
-3.68427
0
LINE
8
BLACK
6
CONTINUOUS
10
6.29682
20
-3.68427
11
6.29107
21
-3.68189
0
LINE
8
BLACK
6
CONTINUOUS
10
6.29107
20
-3.68189
11
6.29107
21
-3.68189
0
LINE
8
BLACK
6
CONTINUOUS
10
6.29107
20
-3.68189
11
6.29107
21
-3.68189
0
LINE
8
BLACK
6
CONTINUOUS
10
6.29107
20
-3.68189
11
6.29107
21
-3.68189
0
LINE
8
BLACK
6
CONTINUOUS
10
6.29107
20
-3.68189
11
6.2849
21
-3.68108
0
LINE
8
BLACK
6
CONTINUOUS
10
6.2849
20
-3.68108
11
6.27873
21
-3.68189
0
LINE
8
BLACK
6
CONTINUOUS
10
6.27873
20
-3.68189
11
6.27873
21
-3.68189
0
LINE
8
BLACK
6
CONTINUOUS
10
6.27873
20
-3.68189
11
6.27873
21
-3.68189
0
LINE
8
BLACK
6
CONTINUOUS
10
6.27873
20
-3.68189
11
6.27298
21
-3.68427
0
LINE
8
BLACK
6
CONTINUOUS
10
6.27298
20
-3.68427
11
6.27298
21
-3.68427
0
LINE
8
BLACK
6
CONTINUOUS
10
6.27298
20
-3.68427
11
6.26804
21
-3.68806
0
LINE
8
BLACK
6
CONTINUOUS
10
6.26804
20
-3.68806
11
6.26804
21
-3.68806
0
LINE
8
BLACK
6
CONTINUOUS
10
6.26804
20
-3.68806
11
6.26425
21
-3.693
0
LINE
8
BLACK
6
CONTINUOUS
10
6.26425
20
-3.693
11
6.26425
21
-3.693
0
LINE
8
BLACK
6
CONTINUOUS
10
6.26425
20
-3.693
11
6.26187
21
-3.69875
0
LINE
8
BLACK
6
CONTINUOUS
10
6.26187
20
-3.69875
11
6.26187
21
-3.69875
0
LINE
8
BLACK
6
CONTINUOUS
10
6.26187
20
-3.69875
11
6.26187
21
-3.69875
0
LINE
8
BLACK
6
CONTINUOUS
10
6.26187
20
-3.69875
11
6.26106
21
-3.70492
0
LINE
8
BLACK
6
CONTINUOUS
10
6.26106
20
-3.70492
11
6.26146
21
-3.708
0
LINE
8
BLACK
6
CONTINUOUS
10
5.77397
20
-3.56668
11
5.77397
21
-3.56668
0
LINE
8
BLACK
6
CONTINUOUS
10
5.77397
20
-3.56668
11
5.77397
21
-3.56668
0
LINE
8
BLACK
6
CONTINUOUS
10
5.77397
20
-3.56668
11
5.76822
21
-3.56907
0
LINE
8
BLACK
6
CONTINUOUS
10
5.76822
20
-3.56907
11
5.76822
21
-3.56907
0
LINE
8
BLACK
6
CONTINUOUS
10
5.76822
20
-3.56907
11
5.76329
21
-3.57286
0
LINE
8
BLACK
6
CONTINUOUS
10
5.76329
20
-3.57286
11
5.76328
21
-3.57286
0
LINE
8
BLACK
6
CONTINUOUS
10
5.76328
20
-3.57286
11
5.7595
21
-3.57779
0
LINE
8
BLACK
6
CONTINUOUS
10
5.7595
20
-3.57779
11
5.7595
21
-3.57779
0
LINE
8
BLACK
6
CONTINUOUS
10
5.7595
20
-3.57779
11
5.75711
21
-3.58355
0
LINE
8
BLACK
6
CONTINUOUS
10
5.75711
20
-3.58355
11
5.75711
21
-3.58355
0
LINE
8
BLACK
6
CONTINUOUS
10
5.75711
20
-3.58355
11
5.75711
21
-3.58355
0
LINE
8
BLACK
6
CONTINUOUS
10
5.75711
20
-3.58355
11
5.75683
21
-3.58571
0
LINE
8
BLACK
6
CONTINUOUS
10
5.75683
20
-3.58571
11
5.75647
21
-3.58841
0
LINE
8
BLACK
6
CONTINUOUS
10
5.75647
20
-3.58841
11
5.75537
21
-3.59053
0
LINE
8
BLACK
6
CONTINUOUS
10
5.75537
20
-3.59053
11
5.75315
21
-3.59145
0
LINE
8
BLACK
6
CONTINUOUS
10
5.75315
20
-3.59145
11
5.75254
21
-3.59142
0
LINE
8
BLACK
6
CONTINUOUS
10
5.75254
20
-3.59142
11
5.7499
21
-3.59108
0
LINE
8
BLACK
6
CONTINUOUS
10
5.7499
20
-3.59108
11
5.74373
21
-3.59189
0
LINE
8
BLACK
6
CONTINUOUS
10
5.74373
20
-3.59189
11
5.74373
21
-3.59189
0
LINE
8
BLACK
6
CONTINUOUS
10
5.74373
20
-3.59189
11
5.74373
21
-3.59189
0
LINE
8
BLACK
6
CONTINUOUS
10
5.74373
20
-3.59189
11
5.73798
21
-3.59427
0
LINE
8
BLACK
6
CONTINUOUS
10
5.73798
20
-3.59427
11
5.73798
21
-3.59427
0
LINE
8
BLACK
6
CONTINUOUS
10
5.73798
20
-3.59427
11
5.73304
21
-3.59806
0
LINE
8
BLACK
6
CONTINUOUS
10
5.73304
20
-3.59806
11
5.73304
21
-3.59806
0
LINE
8
BLACK
6
CONTINUOUS
10
5.73304
20
-3.59806
11
5.72925
21
-3.603
0
LINE
8
BLACK
6
CONTINUOUS
10
5.72925
20
-3.603
11
5.72925
21
-3.603
0
LINE
8
BLACK
6
CONTINUOUS
10
5.72925
20
-3.603
11
5.72687
21
-3.60875
0
LINE
8
BLACK
6
CONTINUOUS
10
5.72687
20
-3.60875
11
5.72687
21
-3.60875
0
LINE
8
BLACK
6
CONTINUOUS
10
5.72687
20
-3.60875
11
5.72687
21
-3.60875
0
LINE
8
BLACK
6
CONTINUOUS
10
5.72687
20
-3.60875
11
5.72637
21
-3.61253
0
LINE
8
BLACK
6
CONTINUOUS
10
5.72637
20
-3.61253
11
5.72606
21
-3.61492
0
LINE
8
BLACK
6
CONTINUOUS
10
5.72606
20
-3.61492
11
5.72687
21
-3.62109
0
LINE
8
BLACK
6
CONTINUOUS
10
5.72687
20
-3.62109
11
5.72925
21
-3.62684
0
LINE
8
BLACK
6
CONTINUOUS
10
5.72925
20
-3.62684
11
5.72925
21
-3.62684
0
LINE
8
BLACK
6
CONTINUOUS
10
5.72925
20
-3.62684
11
5.73304
21
-3.63178
0
LINE
8
BLACK
6
CONTINUOUS
10
5.73304
20
-3.63178
11
5.73304
21
-3.63178
0
LINE
8
BLACK
6
CONTINUOUS
10
5.73304
20
-3.63178
11
5.73304
21
-3.63178
0
LINE
8
BLACK
6
CONTINUOUS
10
5.73304
20
-3.63178
11
5.73304
21
-3.63178
0
LINE
8
BLACK
6
CONTINUOUS
10
5.73304
20
-3.63178
11
5.73798
21
-3.63557
0
LINE
8
BLACK
6
CONTINUOUS
10
5.73798
20
-3.63557
11
5.73798
21
-3.63557
0
LINE
8
BLACK
6
CONTINUOUS
10
5.73798
20
-3.63557
11
5.74373
21
-3.63795
0
LINE
8
BLACK
6
CONTINUOUS
10
5.74373
20
-3.63795
11
5.74373
21
-3.63795
0
LINE
8
BLACK
6
CONTINUOUS
10
5.74373
20
-3.63795
11
5.7499
21
-3.63877
0
LINE
8
BLACK
6
CONTINUOUS
10
5.7499
20
-3.63877
11
5.75607
21
-3.63795
0
LINE
8
BLACK
6
CONTINUOUS
10
5.75607
20
-3.63795
11
5.76182
21
-3.63557
0
LINE
8
BLACK
6
CONTINUOUS
10
5.76182
20
-3.63557
11
5.76676
21
-3.63178
0
LINE
8
BLACK
6
CONTINUOUS
10
5.76676
20
-3.63178
11
5.77055
21
-3.62684
0
LINE
8
BLACK
6
CONTINUOUS
10
5.77055
20
-3.62684
11
5.77293
21
-3.62109
0
LINE
8
BLACK
6
CONTINUOUS
10
5.77293
20
-3.62109
11
5.77357
21
-3.61623
0
LINE
8
BLACK
6
CONTINUOUS
10
5.77357
20
-3.61623
11
5.77468
21
-3.61411
0
LINE
8
BLACK
6
CONTINUOUS
10
5.77468
20
-3.61411
11
5.7769
21
-3.61319
0
LINE
8
BLACK
6
CONTINUOUS
10
5.7769
20
-3.61319
11
5.77751
21
-3.61322
0
LINE
8
BLACK
6
CONTINUOUS
10
5.77751
20
-3.61322
11
5.78015
21
-3.61356
0
LINE
8
BLACK
6
CONTINUOUS
10
5.78015
20
-3.61356
11
5.78632
21
-3.61275
0
LINE
8
BLACK
6
CONTINUOUS
10
5.78632
20
-3.61275
11
5.78686
21
-3.61253
0
LINE
8
BLACK
6
CONTINUOUS
10
5.78686
20
-3.61253
11
5.79207
21
-3.61037
0
LINE
8
BLACK
6
CONTINUOUS
10
5.79207
20
-3.61037
11
5.79701
21
-3.60658
0
LINE
8
BLACK
6
CONTINUOUS
10
5.79701
20
-3.60658
11
5.8008
21
-3.60164
0
LINE
8
BLACK
6
CONTINUOUS
10
5.8008
20
-3.60164
11
5.80318
21
-3.59589
0
LINE
8
BLACK
6
CONTINUOUS
10
5.80318
20
-3.59589
11
5.80318
21
-3.59589
0
LINE
8
BLACK
6
CONTINUOUS
10
5.80318
20
-3.59589
11
5.80318
21
-3.59589
0
LINE
8
BLACK
6
CONTINUOUS
10
5.80318
20
-3.59589
11
5.80399
21
-3.58972
0
LINE
8
BLACK
6
CONTINUOUS
10
5.80399
20
-3.58972
11
5.80318
21
-3.58355
0
LINE
8
BLACK
6
CONTINUOUS
10
5.80318
20
-3.58355
11
5.80306
21
-3.58326
0
LINE
8
BLACK
6
CONTINUOUS
10
5.80306
20
-3.58326
11
5.8008
21
-3.57779
0
LINE
8
BLACK
6
CONTINUOUS
10
5.8008
20
-3.57779
11
5.8008
21
-3.57779
0
LINE
8
BLACK
6
CONTINUOUS
10
5.8008
20
-3.57779
11
5.79701
21
-3.57286
0
LINE
8
BLACK
6
CONTINUOUS
10
5.79701
20
-3.57286
11
5.79701
21
-3.57286
0
LINE
8
BLACK
6
CONTINUOUS
10
5.79701
20
-3.57286
11
5.79701
21
-3.57286
0
LINE
8
BLACK
6
CONTINUOUS
10
5.79701
20
-3.57286
11
5.79701
21
-3.57286
0
LINE
8
BLACK
6
CONTINUOUS
10
5.79701
20
-3.57286
11
5.79701
21
-3.57286
0
LINE
8
BLACK
6
CONTINUOUS
10
5.79701
20
-3.57286
11
5.79207
21
-3.56907
0
LINE
8
BLACK
6
CONTINUOUS
10
5.79207
20
-3.56907
11
5.79207
21
-3.56907
0
LINE
8
BLACK
6
CONTINUOUS
10
5.79207
20
-3.56907
11
5.78632
21
-3.56668
0
LINE
8
BLACK
6
CONTINUOUS
10
5.78632
20
-3.56668
11
5.78632
21
-3.56668
0
LINE
8
BLACK
6
CONTINUOUS
10
5.78632
20
-3.56668
11
5.78632
21
-3.56668
0
LINE
8
BLACK
6
CONTINUOUS
10
5.78632
20
-3.56668
11
5.78632
21
-3.56668
0
LINE
8
BLACK
6
CONTINUOUS
10
5.78632
20
-3.56668
11
5.78015
21
-3.56587
0
LINE
8
BLACK
6
CONTINUOUS
10
5.78015
20
-3.56587
11
5.77397
21
-3.56668
0
LINE
8
BLACK
6
CONTINUOUS
10
5.51469
20
-3.59427
11
5.5147
21
-3.59436
0
LINE
8
BLACK
6
CONTINUOUS
10
5.5147
20
-3.59436
11
5.51708
21
-3.60011
0
LINE
8
BLACK
6
CONTINUOUS
10
5.51708
20
-3.60011
11
5.51708
21
-3.60011
0
LINE
8
BLACK
6
CONTINUOUS
10
5.51708
20
-3.60011
11
5.52087
21
-3.60505
0
LINE
8
BLACK
6
CONTINUOUS
10
5.52087
20
-3.60505
11
5.52087
21
-3.60505
0
LINE
8
BLACK
6
CONTINUOUS
10
5.52087
20
-3.60505
11
5.52087
21
-3.60505
0
LINE
8
BLACK
6
CONTINUOUS
10
5.52087
20
-3.60505
11
5.52087
21
-3.60505
0
LINE
8
BLACK
6
CONTINUOUS
10
5.52087
20
-3.60505
11
5.52581
21
-3.60884
0
LINE
8
BLACK
6
CONTINUOUS
10
5.52581
20
-3.60884
11
5.52581
21
-3.60884
0
LINE
8
BLACK
6
CONTINUOUS
10
5.52581
20
-3.60884
11
5.53156
21
-3.61122
0
LINE
8
BLACK
6
CONTINUOUS
10
5.53156
20
-3.61122
11
5.53156
21
-3.61122
0
LINE
8
BLACK
6
CONTINUOUS
10
5.53156
20
-3.61122
11
5.53774
21
-3.61203
0
LINE
8
BLACK
6
CONTINUOUS
10
5.53774
20
-3.61203
11
5.54391
21
-3.61122
0
LINE
8
BLACK
6
CONTINUOUS
10
5.54391
20
-3.61122
11
5.54966
21
-3.60884
0
LINE
8
BLACK
6
CONTINUOUS
10
5.54966
20
-3.60884
11
5.5546
21
-3.60505
0
LINE
8
BLACK
6
CONTINUOUS
10
5.5546
20
-3.60505
11
5.55839
21
-3.60011
0
LINE
8
BLACK
6
CONTINUOUS
10
5.55839
20
-3.60011
11
5.56077
21
-3.59436
0
LINE
8
BLACK
6
CONTINUOUS
10
5.56077
20
-3.59436
11
5.56158
21
-3.58819
0
LINE
8
BLACK
6
CONTINUOUS
10
5.56158
20
-3.58819
11
5.56077
21
-3.58202
0
LINE
8
BLACK
6
CONTINUOUS
10
5.56077
20
-3.58202
11
5.55915
21
-3.5781
0
LINE
8
BLACK
6
CONTINUOUS
10
5.55915
20
-3.5781
11
5.55839
21
-3.57627
0
LINE
8
BLACK
6
CONTINUOUS
10
5.55839
20
-3.57627
11
5.55839
21
-3.57627
0
LINE
8
BLACK
6
CONTINUOUS
10
5.55839
20
-3.57627
11
5.5546
21
-3.57133
0
LINE
8
BLACK
6
CONTINUOUS
10
5.5546
20
-3.57133
11
5.5546
21
-3.57133
0
LINE
8
BLACK
6
CONTINUOUS
10
5.5546
20
-3.57133
11
5.5546
21
-3.57133
0
LINE
8
BLACK
6
CONTINUOUS
10
5.5546
20
-3.57133
11
5.55326
21
-3.5703
0
LINE
8
BLACK
6
CONTINUOUS
10
5.55326
20
-3.5703
11
5.55197
21
-3.56828
0
LINE
8
BLACK
6
CONTINUOUS
10
5.55197
20
-3.56828
11
5.55228
21
-3.5659
0
LINE
8
BLACK
6
CONTINUOUS
10
5.55228
20
-3.5659
11
5.55287
21
-3.5652
0
LINE
8
BLACK
6
CONTINUOUS
10
5.55287
20
-3.5652
11
5.55326
21
-3.56474
0
LINE
8
BLACK
6
CONTINUOUS
10
5.55326
20
-3.56474
11
5.5546
21
-3.56371
0
LINE
8
BLACK
6
CONTINUOUS
10
5.5546
20
-3.56371
11
5.55839
21
-3.55877
0
LINE
8
BLACK
6
CONTINUOUS
10
5.55839
20
-3.55877
11
5.55992
21
-3.55507
0
LINE
8
BLACK
6
CONTINUOUS
10
5.55992
20
-3.55507
11
5.56077
21
-3.55302
0
LINE
8
BLACK
6
CONTINUOUS
10
5.56077
20
-3.55302
11
5.56077
21
-3.55302
0
LINE
8
BLACK
6
CONTINUOUS
10
5.56077
20
-3.55302
11
5.56077
21
-3.55302
0
LINE
8
BLACK
6
CONTINUOUS
10
5.56077
20
-3.55302
11
5.56158
21
-3.54685
0
LINE
8
BLACK
6
CONTINUOUS
10
5.56158
20
-3.54685
11
5.56077
21
-3.54068
0
LINE
8
BLACK
6
CONTINUOUS
10
5.56077
20
-3.54068
11
5.56019
21
-3.53927
0
LINE
8
BLACK
6
CONTINUOUS
10
5.56019
20
-3.53927
11
5.55839
21
-3.53493
0
LINE
8
BLACK
6
CONTINUOUS
10
5.55839
20
-3.53493
11
5.55839
21
-3.53493
0
LINE
8
BLACK
6
CONTINUOUS
10
5.55839
20
-3.53493
11
5.5546
21
-3.52999
0
LINE
8
BLACK
6
CONTINUOUS
10
5.5546
20
-3.52999
11
5.5546
21
-3.52999
0
LINE
8
BLACK
6
CONTINUOUS
10
5.5546
20
-3.52999
11
5.5546
21
-3.52999
0
LINE
8
BLACK
6
CONTINUOUS
10
5.5546
20
-3.52999
11
5.5546
21
-3.52999
0
LINE
8
BLACK
6
CONTINUOUS
10
5.5546
20
-3.52999
11
5.5546
21
-3.52999
0
LINE
8
BLACK
6
CONTINUOUS
10
5.5546
20
-3.52999
11
5.54966
21
-3.5262
0
LINE
8
BLACK
6
CONTINUOUS
10
5.54966
20
-3.5262
11
5.54966
21
-3.5262
0
LINE
8
BLACK
6
CONTINUOUS
10
5.54966
20
-3.5262
11
5.54391
21
-3.52382
0
LINE
8
BLACK
6
CONTINUOUS
10
5.54391
20
-3.52382
11
5.54391
21
-3.52382
0
LINE
8
BLACK
6
CONTINUOUS
10
5.54391
20
-3.52382
11
5.54391
21
-3.52382
0
LINE
8
BLACK
6
CONTINUOUS
10
5.54391
20
-3.52382
11
5.54391
21
-3.52382
0
LINE
8
BLACK
6
CONTINUOUS
10
5.54391
20
-3.52382
11
5.53774
21
-3.523
0
LINE
8
BLACK
6
CONTINUOUS
10
5.53774
20
-3.523
11
5.53156
21
-3.52382
0
LINE
8
BLACK
6
CONTINUOUS
10
5.53156
20
-3.52382
11
5.53156
21
-3.52382
0
LINE
8
BLACK
6
CONTINUOUS
10
5.53156
20
-3.52382
11
5.53156
21
-3.52382
0
LINE
8
BLACK
6
CONTINUOUS
10
5.53156
20
-3.52382
11
5.52581
21
-3.5262
0
LINE
8
BLACK
6
CONTINUOUS
10
5.52581
20
-3.5262
11
5.52581
21
-3.5262
0
LINE
8
BLACK
6
CONTINUOUS
10
5.52581
20
-3.5262
11
5.52087
21
-3.52999
0
LINE
8
BLACK
6
CONTINUOUS
10
5.52087
20
-3.52999
11
5.52087
21
-3.52999
0
LINE
8
BLACK
6
CONTINUOUS
10
5.52087
20
-3.52999
11
5.51708
21
-3.53493
0
LINE
8
BLACK
6
CONTINUOUS
10
5.51708
20
-3.53493
11
5.51708
21
-3.53493
0
LINE
8
BLACK
6
CONTINUOUS
10
5.51708
20
-3.53493
11
5.5147
21
-3.54068
0
LINE
8
BLACK
6
CONTINUOUS
10
5.5147
20
-3.54068
11
5.5147
21
-3.54068
0
LINE
8
BLACK
6
CONTINUOUS
10
5.5147
20
-3.54068
11
5.5147
21
-3.54068
0
LINE
8
BLACK
6
CONTINUOUS
10
5.5147
20
-3.54068
11
5.51389
21
-3.54685
0
LINE
8
BLACK
6
CONTINUOUS
10
5.51389
20
-3.54685
11
5.51404
21
-3.548
0
LINE
8
BLACK
6
CONTINUOUS
10
5.51404
20
-3.548
11
5.5147
21
-3.55302
0
LINE
8
BLACK
6
CONTINUOUS
10
5.5147
20
-3.55302
11
5.51708
21
-3.55877
0
LINE
8
BLACK
6
CONTINUOUS
10
5.51708
20
-3.55877
11
5.51708
21
-3.55877
0
LINE
8
BLACK
6
CONTINUOUS
10
5.51708
20
-3.55877
11
5.51803
21
-3.56001
0
LINE
8
BLACK
6
CONTINUOUS
10
5.51803
20
-3.56001
11
5.52087
21
-3.56371
0
LINE
8
BLACK
6
CONTINUOUS
10
5.52087
20
-3.56371
11
5.52087
21
-3.56371
0
LINE
8
BLACK
6
CONTINUOUS
10
5.52087
20
-3.56371
11
5.52221
21
-3.56474
0
LINE
8
BLACK
6
CONTINUOUS
10
5.52221
20
-3.56474
11
5.5235
21
-3.56676
0
LINE
8
BLACK
6
CONTINUOUS
10
5.5235
20
-3.56676
11
5.52319
21
-3.56914
0
LINE
8
BLACK
6
CONTINUOUS
10
5.52319
20
-3.56914
11
5.52221
21
-3.5703
0
LINE
8
BLACK
6
CONTINUOUS
10
5.52221
20
-3.5703
11
5.52087
21
-3.57133
0
LINE
8
BLACK
6
CONTINUOUS
10
5.52087
20
-3.57133
11
5.52087
21
-3.57133
0
LINE
8
BLACK
6
CONTINUOUS
10
5.52087
20
-3.57133
11
5.51708
21
-3.57627
0
LINE
8
BLACK
6
CONTINUOUS
10
5.51708
20
-3.57627
11
5.51708
21
-3.57627
0
LINE
8
BLACK
6
CONTINUOUS
10
5.51708
20
-3.57627
11
5.5147
21
-3.58202
0
LINE
8
BLACK
6
CONTINUOUS
10
5.5147
20
-3.58202
11
5.5147
21
-3.58202
0
LINE
8
BLACK
6
CONTINUOUS
10
5.5147
20
-3.58202
11
5.5147
21
-3.58202
0
LINE
8
BLACK
6
CONTINUOUS
10
5.5147
20
-3.58202
11
5.51389
21
-3.58819
0
LINE
8
BLACK
6
CONTINUOUS
10
5.51389
20
-3.58819
11
5.51469
21
-3.59427
0
LINE
8
BLACK
6
CONTINUOUS
10
6.22884
20
-3.57779
11
6.22888
21
-3.5781
0
LINE
8
BLACK
6
CONTINUOUS
10
6.22888
20
-3.5781
11
6.23126
21
-3.58385
0
LINE
8
BLACK
6
CONTINUOUS
10
6.23126
20
-3.58385
11
6.23126
21
-3.58385
0
LINE
8
BLACK
6
CONTINUOUS
10
6.23126
20
-3.58385
11
6.23505
21
-3.58879
0
LINE
8
BLACK
6
CONTINUOUS
10
6.23505
20
-3.58879
11
6.23505
21
-3.58879
0
LINE
8
BLACK
6
CONTINUOUS
10
6.23505
20
-3.58879
11
6.23505
21
-3.58879
0
LINE
8
BLACK
6
CONTINUOUS
10
6.23505
20
-3.58879
11
6.23505
21
-3.58879
0
LINE
8
BLACK
6
CONTINUOUS
10
6.23505
20
-3.58879
11
6.23999
21
-3.59258
0
LINE
8
BLACK
6
CONTINUOUS
10
6.23999
20
-3.59258
11
6.23999
21
-3.59258
0
LINE
8
BLACK
6
CONTINUOUS
10
6.23999
20
-3.59258
11
6.24574
21
-3.59496
0
LINE
8
BLACK
6
CONTINUOUS
10
6.24574
20
-3.59496
11
6.24574
21
-3.59496
0
LINE
8
BLACK
6
CONTINUOUS
10
6.24574
20
-3.59496
11
6.25191
21
-3.59577
0
LINE
8
BLACK
6
CONTINUOUS
10
6.25191
20
-3.59577
11
6.25808
21
-3.59496
0
LINE
8
BLACK
6
CONTINUOUS
10
6.25808
20
-3.59496
11
6.25953
21
-3.59436
0
LINE
8
BLACK
6
CONTINUOUS
10
6.25953
20
-3.59436
11
6.26383
21
-3.59258
0
LINE
8
BLACK
6
CONTINUOUS
10
6.26383
20
-3.59258
11
6.26877
21
-3.58879
0
LINE
8
BLACK
6
CONTINUOUS
10
6.26877
20
-3.58879
11
6.27256
21
-3.58385
0
LINE
8
BLACK
6
CONTINUOUS
10
6.27256
20
-3.58385
11
6.27392
21
-3.58057
0
LINE
8
BLACK
6
CONTINUOUS
10
6.27392
20
-3.58057
11
6.27494
21
-3.5781
0
LINE
8
BLACK
6
CONTINUOUS
10
6.27494
20
-3.5781
11
6.27494
21
-3.5781
0
LINE
8
BLACK
6
CONTINUOUS
10
6.27494
20
-3.5781
11
6.27494
21
-3.5781
0
LINE
8
BLACK
6
CONTINUOUS
10
6.27494
20
-3.5781
11
6.27576
21
-3.57193
0
LINE
8
BLACK
6
CONTINUOUS
10
6.27576
20
-3.57193
11
6.27494
21
-3.56576
0
LINE
8
BLACK
6
CONTINUOUS
10
6.27494
20
-3.56576
11
6.27487
21
-3.56558
0
LINE
8
BLACK
6
CONTINUOUS
10
6.27487
20
-3.56558
11
6.27256
21
-3.56001
0
LINE
8
BLACK
6
CONTINUOUS
10
6.27256
20
-3.56001
11
6.27256
21
-3.56001
0
LINE
8
BLACK
6
CONTINUOUS
10
6.27256
20
-3.56001
11
6.26877
21
-3.55507
0
LINE
8
BLACK
6
CONTINUOUS
10
6.26877
20
-3.55507
11
6.26877
21
-3.55507
0
LINE
8
BLACK
6
CONTINUOUS
10
6.26877
20
-3.55507
11
6.26877
21
-3.55507
0
LINE
8
BLACK
6
CONTINUOUS
10
6.26877
20
-3.55507
11
6.26877
21
-3.55507
0
LINE
8
BLACK
6
CONTINUOUS
10
6.26877
20
-3.55507
11
6.26877
21
-3.55507
0
LINE
8
BLACK
6
CONTINUOUS
10
6.26877
20
-3.55507
11
6.26383
21
-3.55128
0
LINE
8
BLACK
6
CONTINUOUS
10
6.26383
20
-3.55128
11
6.26383
21
-3.55128
0
LINE
8
BLACK
6
CONTINUOUS
10
6.26383
20
-3.55128
11
6.25808
21
-3.5489
0
LINE
8
BLACK
6
CONTINUOUS
10
6.25808
20
-3.5489
11
6.25808
21
-3.5489
0
LINE
8
BLACK
6
CONTINUOUS
10
6.25808
20
-3.5489
11
6.25808
21
-3.5489
0
LINE
8
BLACK
6
CONTINUOUS
10
6.25808
20
-3.5489
11
6.25808
21
-3.5489
0
LINE
8
BLACK
6
CONTINUOUS
10
6.25808
20
-3.5489
11
6.25191
21
-3.54808
0
LINE
8
BLACK
6
CONTINUOUS
10
6.25191
20
-3.54808
11
6.24574
21
-3.5489
0
LINE
8
BLACK
6
CONTINUOUS
10
6.24574
20
-3.5489
11
6.24574
21
-3.5489
0
LINE
8
BLACK
6
CONTINUOUS
10
6.24574
20
-3.5489
11
6.24574
21
-3.5489
0
LINE
8
BLACK
6
CONTINUOUS
10
6.24574
20
-3.5489
11
6.23999
21
-3.55128
0
LINE
8
BLACK
6
CONTINUOUS
10
6.23999
20
-3.55128
11
6.23999
21
-3.55128
0
LINE
8
BLACK
6
CONTINUOUS
10
6.23999
20
-3.55128
11
6.23505
21
-3.55507
0
LINE
8
BLACK
6
CONTINUOUS
10
6.23505
20
-3.55507
11
6.23505
21
-3.55507
0
LINE
8
BLACK
6
CONTINUOUS
10
6.23505
20
-3.55507
11
6.23126
21
-3.56001
0
LINE
8
BLACK
6
CONTINUOUS
10
6.23126
20
-3.56001
11
6.23126
21
-3.56001
0
LINE
8
BLACK
6
CONTINUOUS
10
6.23126
20
-3.56001
11
6.22888
21
-3.56576
0
LINE
8
BLACK
6
CONTINUOUS
10
6.22888
20
-3.56576
11
6.22888
21
-3.56576
0
LINE
8
BLACK
6
CONTINUOUS
10
6.22888
20
-3.56576
11
6.22888
21
-3.56576
0
LINE
8
BLACK
6
CONTINUOUS
10
6.22888
20
-3.56576
11
6.22806
21
-3.57193
0
LINE
8
BLACK
6
CONTINUOUS
10
6.22806
20
-3.57193
11
6.22884
21
-3.57779
0
LINE
8
BLACK
6
CONTINUOUS
10
5.15822
20
-3.53638
11
5.15822
21
-3.53638
0
LINE
8
BLACK
6
CONTINUOUS
10
5.15822
20
-3.53638
11
5.15822
21
-3.53638
0
LINE
8
BLACK
6
CONTINUOUS
10
5.15822
20
-3.53638
11
5.15247
21
-3.53876
0
LINE
8
BLACK
6
CONTINUOUS
10
5.15247
20
-3.53876
11
5.15247
21
-3.53876
0
LINE
8
BLACK
6
CONTINUOUS
10
5.15247
20
-3.53876
11
5.14753
21
-3.54255
0
LINE
8
BLACK
6
CONTINUOUS
10
5.14753
20
-3.54255
11
5.14753
21
-3.54255
0
LINE
8
BLACK
6
CONTINUOUS
10
5.14753
20
-3.54255
11
5.14374
21
-3.54749
0
LINE
8
BLACK
6
CONTINUOUS
10
5.14374
20
-3.54749
11
5.14374
21
-3.54749
0
LINE
8
BLACK
6
CONTINUOUS
10
5.14374
20
-3.54749
11
5.14136
21
-3.55324
0
LINE
8
BLACK
6
CONTINUOUS
10
5.14136
20
-3.55324
11
5.14136
21
-3.55324
0
LINE
8
BLACK
6
CONTINUOUS
10
5.14136
20
-3.55324
11
5.14136
21
-3.55324
0
LINE
8
BLACK
6
CONTINUOUS
10
5.14136
20
-3.55324
11
5.14054
21
-3.55941
0
LINE
8
BLACK
6
CONTINUOUS
10
5.14054
20
-3.55941
11
5.14125
21
-3.56474
0
LINE
8
BLACK
6
CONTINUOUS
10
5.14125
20
-3.56474
11
5.14136
21
-3.56558
0
LINE
8
BLACK
6
CONTINUOUS
10
5.14136
20
-3.56558
11
5.14374
21
-3.57133
0
LINE
8
BLACK
6
CONTINUOUS
10
5.14374
20
-3.57133
11
5.14374
21
-3.57133
0
LINE
8
BLACK
6
CONTINUOUS
10
5.14374
20
-3.57133
11
5.14753
21
-3.57627
0
LINE
8
BLACK
6
CONTINUOUS
10
5.14753
20
-3.57627
11
5.14753
21
-3.57627
0
LINE
8
BLACK
6
CONTINUOUS
10
5.14753
20
-3.57627
11
5.14753
21
-3.57627
0
LINE
8
BLACK
6
CONTINUOUS
10
5.14753
20
-3.57627
11
5.14753
21
-3.57627
0
LINE
8
BLACK
6
CONTINUOUS
10
5.14753
20
-3.57627
11
5.15247
21
-3.58006
0
LINE
8
BLACK
6
CONTINUOUS
10
5.15247
20
-3.58006
11
5.15247
21
-3.58006
0
LINE
8
BLACK
6
CONTINUOUS
10
5.15247
20
-3.58006
11
5.15822
21
-3.58244
0
LINE
8
BLACK
6
CONTINUOUS
10
5.15822
20
-3.58244
11
5.15822
21
-3.58244
0
LINE
8
BLACK
6
CONTINUOUS
10
5.15822
20
-3.58244
11
5.16439
21
-3.58326
0
LINE
8
BLACK
6
CONTINUOUS
10
5.16439
20
-3.58326
11
5.17056
21
-3.58244
0
LINE
8
BLACK
6
CONTINUOUS
10
5.17056
20
-3.58244
11
5.17159
21
-3.58202
0
LINE
8
BLACK
6
CONTINUOUS
10
5.17159
20
-3.58202
11
5.17631
21
-3.58006
0
LINE
8
BLACK
6
CONTINUOUS
10
5.17631
20
-3.58006
11
5.18125
21
-3.57627
0
LINE
8
BLACK
6
CONTINUOUS
10
5.18125
20
-3.57627
11
5.18504
21
-3.57133
0
LINE
8
BLACK
6
CONTINUOUS
10
5.18504
20
-3.57133
11
5.18598
21
-3.56907
0
LINE
8
BLACK
6
CONTINUOUS
10
5.18598
20
-3.56907
11
5.18742
21
-3.56558
0
LINE
8
BLACK
6
CONTINUOUS
10
5.18742
20
-3.56558
11
5.18742
21
-3.56558
0
LINE
8
BLACK
6
CONTINUOUS
10
5.18742
20
-3.56558
11
5.18742
21
-3.56558
0
LINE
8
BLACK
6
CONTINUOUS
10
5.18742
20
-3.56558
11
5.18817
21
-3.55992
0
LINE
8
BLACK
6
CONTINUOUS
10
5.18817
20
-3.55992
11
5.18824
21
-3.55941
0
LINE
8
BLACK
6
CONTINUOUS
10
5.18824
20
-3.55941
11
5.18742
21
-3.55324
0
LINE
8
BLACK
6
CONTINUOUS
10
5.18742
20
-3.55324
11
5.18661
21
-3.55128
0
LINE
8
BLACK
6
CONTINUOUS
10
5.18661
20
-3.55128
11
5.18504
21
-3.54749
0
LINE
8
BLACK
6
CONTINUOUS
10
5.18504
20
-3.54749
11
5.18504
21
-3.54749
0
LINE
8
BLACK
6
CONTINUOUS
10
5.18504
20
-3.54749
11
5.18125
21
-3.54255
0
LINE
8
BLACK
6
CONTINUOUS
10
5.18125
20
-3.54255
11
5.18125
21
-3.54255
0
LINE
8
BLACK
6
CONTINUOUS
10
5.18125
20
-3.54255
11
5.18125
21
-3.54255
0
LINE
8
BLACK
6
CONTINUOUS
10
5.18125
20
-3.54255
11
5.18125
21
-3.54255
0
LINE
8
BLACK
6
CONTINUOUS
10
5.18125
20
-3.54255
11
5.18125
21
-3.54255
0
LINE
8
BLACK
6
CONTINUOUS
10
5.18125
20
-3.54255
11
5.17631
21
-3.53876
0
LINE
8
BLACK
6
CONTINUOUS
10
5.17631
20
-3.53876
11
5.17631
21
-3.53876
0
LINE
8
BLACK
6
CONTINUOUS
10
5.17631
20
-3.53876
11
5.17056
21
-3.53638
0
LINE
8
BLACK
6
CONTINUOUS
10
5.17056
20
-3.53638
11
5.17056
21
-3.53638
0
LINE
8
BLACK
6
CONTINUOUS
10
5.17056
20
-3.53638
11
5.17056
21
-3.53638
0
LINE
8
BLACK
6
CONTINUOUS
10
5.17056
20
-3.53638
11
5.17056
21
-3.53638
0
LINE
8
BLACK
6
CONTINUOUS
10
5.17056
20
-3.53638
11
5.16439
21
-3.53556
0
LINE
8
BLACK
6
CONTINUOUS
10
5.16439
20
-3.53556
11
5.15822
21
-3.53638
0
LINE
8
BLACK
6
CONTINUOUS
10
5.90626
20
-3.57133
11
5.90627
21
-3.57137
0
LINE
8
BLACK
6
CONTINUOUS
10
5.90627
20
-3.57137
11
5.90865
21
-3.57712
0
LINE
8
BLACK
6
CONTINUOUS
10
5.90865
20
-3.57712
11
5.90865
21
-3.57712
0
LINE
8
BLACK
6
CONTINUOUS
10
5.90865
20
-3.57712
11
5.91241
21
-3.58202
0
LINE
8
BLACK
6
CONTINUOUS
10
5.91241
20
-3.58202
11
5.91244
21
-3.58206
0
LINE
8
BLACK
6
CONTINUOUS
10
5.91244
20
-3.58206
11
5.91244
21
-3.58206
0
LINE
8
BLACK
6
CONTINUOUS
10
5.91244
20
-3.58206
11
5.91244
21
-3.58206
0
LINE
8
BLACK
6
CONTINUOUS
10
5.91244
20
-3.58206
11
5.91738
21
-3.58585
0
LINE
8
BLACK
6
CONTINUOUS
10
5.91738
20
-3.58585
11
5.91738
21
-3.58585
0
LINE
8
BLACK
6
CONTINUOUS
10
5.91738
20
-3.58585
11
5.92313
21
-3.58823
0
LINE
8
BLACK
6
CONTINUOUS
10
5.92313
20
-3.58823
11
5.92313
21
-3.58823
0
LINE
8
BLACK
6
CONTINUOUS
10
5.92313
20
-3.58823
11
5.9293
21
-3.58904
0
LINE
8
BLACK
6
CONTINUOUS
10
5.9293
20
-3.58904
11
5.93547
21
-3.58823
0
LINE
8
BLACK
6
CONTINUOUS
10
5.93547
20
-3.58823
11
5.94122
21
-3.58585
0
LINE
8
BLACK
6
CONTINUOUS
10
5.94122
20
-3.58585
11
5.94616
21
-3.58206
0
LINE
8
BLACK
6
CONTINUOUS
10
5.94616
20
-3.58206
11
5.94995
21
-3.57712
0
LINE
8
BLACK
6
CONTINUOUS
10
5.94995
20
-3.57712
11
5.9521
21
-3.57193
0
LINE
8
BLACK
6
CONTINUOUS
10
5.9521
20
-3.57193
11
5.95233
21
-3.57137
0
LINE
8
BLACK
6
CONTINUOUS
10
5.95233
20
-3.57137
11
5.95315
21
-3.5652
0
LINE
8
BLACK
6
CONTINUOUS
10
5.95315
20
-3.5652
11
5.95233
21
-3.55902
0
LINE
8
BLACK
6
CONTINUOUS
10
5.95233
20
-3.55902
11
5.95069
21
-3.55507
0
LINE
8
BLACK
6
CONTINUOUS
10
5.95069
20
-3.55507
11
5.94995
21
-3.55327
0
LINE
8
BLACK
6
CONTINUOUS
10
5.94995
20
-3.55327
11
5.94995
21
-3.55327
0
LINE
8
BLACK
6
CONTINUOUS
10
5.94995
20
-3.55327
11
5.94616
21
-3.54833
0
LINE
8
BLACK
6
CONTINUOUS
10
5.94616
20
-3.54833
11
5.94616
21
-3.54833
0
LINE
8
BLACK
6
CONTINUOUS
10
5.94616
20
-3.54833
11
5.94616
21
-3.54833
0
LINE
8
BLACK
6
CONTINUOUS
10
5.94616
20
-3.54833
11
5.94616
21
-3.54833
0
LINE
8
BLACK
6
CONTINUOUS
10
5.94616
20
-3.54833
11
5.94616
21
-3.54833
0
LINE
8
BLACK
6
CONTINUOUS
10
5.94616
20
-3.54833
11
5.94122
21
-3.54455
0
LINE
8
BLACK
6
CONTINUOUS
10
5.94122
20
-3.54455
11
5.94122
21
-3.54454
0
LINE
8
BLACK
6
CONTINUOUS
10
5.94122
20
-3.54454
11
5.93547
21
-3.54216
0
LINE
8
BLACK
6
CONTINUOUS
10
5.93547
20
-3.54216
11
5.93547
21
-3.54216
0
LINE
8
BLACK
6
CONTINUOUS
10
5.93547
20
-3.54216
11
5.93547
21
-3.54216
0
LINE
8
BLACK
6
CONTINUOUS
10
5.93547
20
-3.54216
11
5.93547
21
-3.54216
0
LINE
8
BLACK
6
CONTINUOUS
10
5.93547
20
-3.54216
11
5.9293
21
-3.54135
0
LINE
8
BLACK
6
CONTINUOUS
10
5.9293
20
-3.54135
11
5.92313
21
-3.54216
0
LINE
8
BLACK
6
CONTINUOUS
10
5.92313
20
-3.54216
11
5.92313
21
-3.54216
0
LINE
8
BLACK
6
CONTINUOUS
10
5.92313
20
-3.54216
11
5.92313
21
-3.54216
0
LINE
8
BLACK
6
CONTINUOUS
10
5.92313
20
-3.54216
11
5.91738
21
-3.54454
0
LINE
8
BLACK
6
CONTINUOUS
10
5.91738
20
-3.54454
11
5.91738
21
-3.54455
0
LINE
8
BLACK
6
CONTINUOUS
10
5.91738
20
-3.54455
11
5.91244
21
-3.54833
0
LINE
8
BLACK
6
CONTINUOUS
10
5.91244
20
-3.54833
11
5.91244
21
-3.54833
0
LINE
8
BLACK
6
CONTINUOUS
10
5.91244
20
-3.54833
11
5.90865
21
-3.55327
0
LINE
8
BLACK
6
CONTINUOUS
10
5.90865
20
-3.55327
11
5.90865
21
-3.55327
0
LINE
8
BLACK
6
CONTINUOUS
10
5.90865
20
-3.55327
11
5.90627
21
-3.55902
0
LINE
8
BLACK
6
CONTINUOUS
10
5.90627
20
-3.55902
11
5.90627
21
-3.55902
0
LINE
8
BLACK
6
CONTINUOUS
10
5.90627
20
-3.55902
11
5.90627
21
-3.55902
0
LINE
8
BLACK
6
CONTINUOUS
10
5.90627
20
-3.55902
11
5.90545
21
-3.5652
0
LINE
8
BLACK
6
CONTINUOUS
10
5.90545
20
-3.5652
11
5.90626
21
-3.57133
0
LINE
8
BLACK
6
CONTINUOUS
10
5.30443
20
-3.56609
11
5.30681
21
-3.57184
0
LINE
8
BLACK
6
CONTINUOUS
10
5.30681
20
-3.57184
11
5.30681
21
-3.57184
0
LINE
8
BLACK
6
CONTINUOUS
10
5.30681
20
-3.57184
11
5.3106
21
-3.57678
0
LINE
8
BLACK
6
CONTINUOUS
10
5.3106
20
-3.57678
11
5.3106
21
-3.57678
0
LINE
8
BLACK
6
CONTINUOUS
10
5.3106
20
-3.57678
11
5.3106
21
-3.57678
0
LINE
8
BLACK
6
CONTINUOUS
10
5.3106
20
-3.57678
11
5.3106
21
-3.57678
0
LINE
8
BLACK
6
CONTINUOUS
10
5.3106
20
-3.57678
11
5.31554
21
-3.58057
0
LINE
8
BLACK
6
CONTINUOUS
10
5.31554
20
-3.58057
11
5.31554
21
-3.58057
0
LINE
8
BLACK
6
CONTINUOUS
10
5.31554
20
-3.58057
11
5.32129
21
-3.58295
0
LINE
8
BLACK
6
CONTINUOUS
10
5.32129
20
-3.58295
11
5.32129
21
-3.58295
0
LINE
8
BLACK
6
CONTINUOUS
10
5.32129
20
-3.58295
11
5.32746
21
-3.58377
0
LINE
8
BLACK
6
CONTINUOUS
10
5.32746
20
-3.58377
11
5.33363
21
-3.58295
0
LINE
8
BLACK
6
CONTINUOUS
10
5.33363
20
-3.58295
11
5.3358
21
-3.58206
0
LINE
8
BLACK
6
CONTINUOUS
10
5.3358
20
-3.58206
11
5.33938
21
-3.58057
0
LINE
8
BLACK
6
CONTINUOUS
10
5.33938
20
-3.58057
11
5.34432
21
-3.57678
0
LINE
8
BLACK
6
CONTINUOUS
10
5.34432
20
-3.57678
11
5.34811
21
-3.57184
0
LINE
8
BLACK
6
CONTINUOUS
10
5.34811
20
-3.57184
11
5.35025
21
-3.56668
0
LINE
8
BLACK
6
CONTINUOUS
10
5.35025
20
-3.56668
11
5.35049
21
-3.56609
0
LINE
8
BLACK
6
CONTINUOUS
10
5.35049
20
-3.56609
11
5.35049
21
-3.56609
0
LINE
8
BLACK
6
CONTINUOUS
10
5.35049
20
-3.56609
11
5.35049
21
-3.56609
0
LINE
8
BLACK
6
CONTINUOUS
10
5.35049
20
-3.56609
11
5.35131
21
-3.55992
0
LINE
8
BLACK
6
CONTINUOUS
10
5.35131
20
-3.55992
11
5.35049
21
-3.55375
0
LINE
8
BLACK
6
CONTINUOUS
10
5.35049
20
-3.55375
11
5.35028
21
-3.55324
0
LINE
8
BLACK
6
CONTINUOUS
10
5.35028
20
-3.55324
11
5.34811
21
-3.548
0
LINE
8
BLACK
6
CONTINUOUS
10
5.34811
20
-3.548
11
5.34811
21
-3.548
0
LINE
8
BLACK
6
CONTINUOUS
10
5.34811
20
-3.548
11
5.34432
21
-3.54306
0
LINE
8
BLACK
6
CONTINUOUS
10
5.34432
20
-3.54306
11
5.34432
21
-3.54306
0
LINE
8
BLACK
6
CONTINUOUS
10
5.34432
20
-3.54306
11
5.34432
21
-3.54306
0
LINE
8
BLACK
6
CONTINUOUS
10
5.34432
20
-3.54306
11
5.34432
21
-3.54306
0
LINE
8
BLACK
6
CONTINUOUS
10
5.34432
20
-3.54306
11
5.34432
21
-3.54306
0
LINE
8
BLACK
6
CONTINUOUS
10
5.34432
20
-3.54306
11
5.33938
21
-3.53927
0
LINE
8
BLACK
6
CONTINUOUS
10
5.33938
20
-3.53927
11
5.33938
21
-3.53927
0
LINE
8
BLACK
6
CONTINUOUS
10
5.33938
20
-3.53927
11
5.33363
21
-3.53689
0
LINE
8
BLACK
6
CONTINUOUS
10
5.33363
20
-3.53689
11
5.33363
21
-3.53689
0
LINE
8
BLACK
6
CONTINUOUS
10
5.33363
20
-3.53689
11
5.33363
21
-3.53689
0
LINE
8
BLACK
6
CONTINUOUS
10
5.33363
20
-3.53689
11
5.33363
21
-3.53689
0
LINE
8
BLACK
6
CONTINUOUS
10
5.33363
20
-3.53689
11
5.32746
21
-3.53608
0
LINE
8
BLACK
6
CONTINUOUS
10
5.32746
20
-3.53608
11
5.32129
21
-3.53689
0
LINE
8
BLACK
6
CONTINUOUS
10
5.32129
20
-3.53689
11
5.32129
21
-3.53689
0
LINE
8
BLACK
6
CONTINUOUS
10
5.32129
20
-3.53689
11
5.32129
21
-3.53689
0
LINE
8
BLACK
6
CONTINUOUS
10
5.32129
20
-3.53689
11
5.31554
21
-3.53927
0
LINE
8
BLACK
6
CONTINUOUS
10
5.31554
20
-3.53927
11
5.31554
21
-3.53927
0
LINE
8
BLACK
6
CONTINUOUS
10
5.31554
20
-3.53927
11
5.3106
21
-3.54306
0
LINE
8
BLACK
6
CONTINUOUS
10
5.3106
20
-3.54306
11
5.3106
21
-3.54306
0
LINE
8
BLACK
6
CONTINUOUS
10
5.3106
20
-3.54306
11
5.30681
21
-3.548
0
LINE
8
BLACK
6
CONTINUOUS
10
5.30681
20
-3.548
11
5.30681
21
-3.548
0
LINE
8
BLACK
6
CONTINUOUS
10
5.30681
20
-3.548
11
5.30443
21
-3.55375
0
LINE
8
BLACK
6
CONTINUOUS
10
5.30443
20
-3.55375
11
5.30443
21
-3.55375
0
LINE
8
BLACK
6
CONTINUOUS
10
5.30443
20
-3.55375
11
5.30443
21
-3.55375
0
LINE
8
BLACK
6
CONTINUOUS
10
5.30443
20
-3.55375
11
5.30425
21
-3.55507
0
LINE
8
BLACK
6
CONTINUOUS
10
5.30425
20
-3.55507
11
5.30361
21
-3.55992
0
LINE
8
BLACK
6
CONTINUOUS
10
5.30361
20
-3.55992
11
5.30443
21
-3.56609
0
LINE
8
BLACK
6
CONTINUOUS
10
5.77873
20
-3.45189
11
5.77873
21
-3.45189
0
LINE
8
BLACK
6
CONTINUOUS
10
5.77873
20
-3.45189
11
5.77873
21
-3.45189
0
LINE
8
BLACK
6
CONTINUOUS
10
5.77873
20
-3.45189
11
5.77298
21
-3.45427
0
LINE
8
BLACK
6
CONTINUOUS
10
5.77298
20
-3.45427
11
5.77298
21
-3.45427
0
LINE
8
BLACK
6
CONTINUOUS
10
5.77298
20
-3.45427
11
5.76804
21
-3.45806
0
LINE
8
BLACK
6
CONTINUOUS
10
5.76804
20
-3.45806
11
5.76804
21
-3.45806
0
LINE
8
BLACK
6
CONTINUOUS
10
5.76804
20
-3.45806
11
5.76425
21
-3.463
0
LINE
8
BLACK
6
CONTINUOUS
10
5.76425
20
-3.463
11
5.76425
21
-3.463
0
LINE
8
BLACK
6
CONTINUOUS
10
5.76425
20
-3.463
11
5.76187
21
-3.46875
0
LINE
8
BLACK
6
CONTINUOUS
10
5.76187
20
-3.46875
11
5.76187
21
-3.46875
0
LINE
8
BLACK
6
CONTINUOUS
10
5.76187
20
-3.46875
11
5.76187
21
-3.46875
0
LINE
8
BLACK
6
CONTINUOUS
10
5.76187
20
-3.46875
11
5.76106
21
-3.47492
0
LINE
8
BLACK
6
CONTINUOUS
10
5.76106
20
-3.47492
11
5.76137
21
-3.4773
0
LINE
8
BLACK
6
CONTINUOUS
10
5.76137
20
-3.4773
11
5.76187
21
-3.48109
0
LINE
8
BLACK
6
CONTINUOUS
10
5.76187
20
-3.48109
11
5.76425
21
-3.48684
0
LINE
8
BLACK
6
CONTINUOUS
10
5.76425
20
-3.48684
11
5.76425
21
-3.48684
0
LINE
8
BLACK
6
CONTINUOUS
10
5.76425
20
-3.48684
11
5.76531
21
-3.48823
0
LINE
8
BLACK
6
CONTINUOUS
10
5.76531
20
-3.48823
11
5.76804
21
-3.49178
0
LINE
8
BLACK
6
CONTINUOUS
10
5.76804
20
-3.49178
11
5.76804
21
-3.49178
0
LINE
8
BLACK
6
CONTINUOUS
10
5.76804
20
-3.49178
11
5.76804
21
-3.49178
0
LINE
8
BLACK
6
CONTINUOUS
10
5.76804
20
-3.49178
11
5.77298
21
-3.49557
0
LINE
8
BLACK
6
CONTINUOUS
10
5.77298
20
-3.49557
11
5.77298
21
-3.49557
0
LINE
8
BLACK
6
CONTINUOUS
10
5.77298
20
-3.49557
11
5.77873
21
-3.49795
0
LINE
8
BLACK
6
CONTINUOUS
10
5.77873
20
-3.49795
11
5.77873
21
-3.49795
0
LINE
8
BLACK
6
CONTINUOUS
10
5.77873
20
-3.49795
11
5.7849
21
-3.49877
0
LINE
8
BLACK
6
CONTINUOUS
10
5.7849
20
-3.49877
11
5.79107
21
-3.49795
0
LINE
8
BLACK
6
CONTINUOUS
10
5.79107
20
-3.49795
11
5.79682
21
-3.49557
0
LINE
8
BLACK
6
CONTINUOUS
10
5.79682
20
-3.49557
11
5.80176
21
-3.49178
0
LINE
8
BLACK
6
CONTINUOUS
10
5.80176
20
-3.49178
11
5.80449
21
-3.48823
0
LINE
8
BLACK
6
CONTINUOUS
10
5.80449
20
-3.48823
11
5.80555
21
-3.48684
0
LINE
8
BLACK
6
CONTINUOUS
10
5.80555
20
-3.48684
11
5.80793
21
-3.48109
0
LINE
8
BLACK
6
CONTINUOUS
10
5.80793
20
-3.48109
11
5.80875
21
-3.47492
0
LINE
8
BLACK
6
CONTINUOUS
10
5.80875
20
-3.47492
11
5.80793
21
-3.46875
0
LINE
8
BLACK
6
CONTINUOUS
10
5.80793
20
-3.46875
11
5.80726
21
-3.46711
0
LINE
8
BLACK
6
CONTINUOUS
10
5.80726
20
-3.46711
11
5.80555
21
-3.463
0
LINE
8
BLACK
6
CONTINUOUS
10
5.80555
20
-3.463
11
5.80555
21
-3.463
0
LINE
8
BLACK
6
CONTINUOUS
10
5.80555
20
-3.463
11
5.80176
21
-3.45806
0
LINE
8
BLACK
6
CONTINUOUS
10
5.80176
20
-3.45806
11
5.80176
21
-3.45806
0
LINE
8
BLACK
6
CONTINUOUS
10
5.80176
20
-3.45806
11
5.80176
21
-3.45806
0
LINE
8
BLACK
6
CONTINUOUS
10
5.80176
20
-3.45806
11
5.80176
21
-3.45806
0
LINE
8
BLACK
6
CONTINUOUS
10
5.80176
20
-3.45806
11
5.80176
21
-3.45806
0
LINE
8
BLACK
6
CONTINUOUS
10
5.80176
20
-3.45806
11
5.79682
21
-3.45427
0
LINE
8
BLACK
6
CONTINUOUS
10
5.79682
20
-3.45427
11
5.79682
21
-3.45427
0
LINE
8
BLACK
6
CONTINUOUS
10
5.79682
20
-3.45427
11
5.79107
21
-3.45189
0
LINE
8
BLACK
6
CONTINUOUS
10
5.79107
20
-3.45189
11
5.79107
21
-3.45189
0
LINE
8
BLACK
6
CONTINUOUS
10
5.79107
20
-3.45189
11
5.79107
21
-3.45189
0
LINE
8
BLACK
6
CONTINUOUS
10
5.79107
20
-3.45189
11
5.79107
21
-3.45189
0
LINE
8
BLACK
6
CONTINUOUS
10
5.79107
20
-3.45189
11
5.7849
21
-3.45108
0
LINE
8
BLACK
6
CONTINUOUS
10
5.7849
20
-3.45108
11
5.77873
21
-3.45189
0
LINE
8
BLACK
6
CONTINUOUS
10
6.74709
20
-3.49389
11
6.74709
21
-3.49389
0
LINE
8
BLACK
6
CONTINUOUS
10
6.74709
20
-3.49389
11
6.74709
21
-3.49389
0
LINE
8
BLACK
6
CONTINUOUS
10
6.74709
20
-3.49389
11
6.74928
21
-3.49916
0
LINE
8
BLACK
6
CONTINUOUS
10
6.74928
20
-3.49916
11
6.74928
21
-3.49916
0
LINE
8
BLACK
6
CONTINUOUS
10
6.74928
20
-3.49916
11
6.75275
21
-3.50369
0
LINE
8
BLACK
6
CONTINUOUS
10
6.75275
20
-3.50369
11
6.75275
21
-3.50369
0
LINE
8
BLACK
6
CONTINUOUS
10
6.75275
20
-3.50369
11
6.75275
21
-3.50369
0
LINE
8
BLACK
6
CONTINUOUS
10
6.75275
20
-3.50369
11
6.75275
21
-3.50369
0
LINE
8
BLACK
6
CONTINUOUS
10
6.75275
20
-3.50369
11
6.75728
21
-3.50716
0
LINE
8
BLACK
6
CONTINUOUS
10
6.75728
20
-3.50716
11
6.75728
21
-3.50716
0
LINE
8
BLACK
6
CONTINUOUS
10
6.75728
20
-3.50716
11
6.76016
21
-3.50835
0
LINE
8
BLACK
6
CONTINUOUS
10
6.76016
20
-3.50835
11
6.76255
21
-3.50934
0
LINE
8
BLACK
6
CONTINUOUS
10
6.76255
20
-3.50934
11
6.76821
21
-3.51009
0
LINE
8
BLACK
6
CONTINUOUS
10
6.76821
20
-3.51009
11
6.77387
21
-3.50934
0
LINE
8
BLACK
6
CONTINUOUS
10
6.77387
20
-3.50934
11
6.77914
21
-3.50716
0
LINE
8
BLACK
6
CONTINUOUS
10
6.77914
20
-3.50716
11
6.78367
21
-3.50369
0
LINE
8
BLACK
6
CONTINUOUS
10
6.78367
20
-3.50369
11
6.78714
21
-3.49916
0
LINE
8
BLACK
6
CONTINUOUS
10
6.78714
20
-3.49916
11
6.78932
21
-3.49389
0
LINE
8
BLACK
6
CONTINUOUS
10
6.78932
20
-3.49389
11
6.79007
21
-3.48823
0
LINE
8
BLACK
6
CONTINUOUS
10
6.79007
20
-3.48823
11
6.78932
21
-3.48257
0
LINE
8
BLACK
6
CONTINUOUS
10
6.78932
20
-3.48257
11
6.78714
21
-3.4773
0
LINE
8
BLACK
6
CONTINUOUS
10
6.78714
20
-3.4773
11
6.78714
21
-3.4773
0
LINE
8
BLACK
6
CONTINUOUS
10
6.78714
20
-3.4773
11
6.78714
21
-3.4773
0
LINE
8
BLACK
6
CONTINUOUS
10
6.78714
20
-3.4773
11
6.78367
21
-3.47277
0
LINE
8
BLACK
6
CONTINUOUS
10
6.78367
20
-3.47277
11
6.78367
21
-3.47277
0
LINE
8
BLACK
6
CONTINUOUS
10
6.78367
20
-3.47277
11
6.78367
21
-3.47277
0
LINE
8
BLACK
6
CONTINUOUS
10
6.78367
20
-3.47277
11
6.78367
21
-3.47277
0
LINE
8
BLACK
6
CONTINUOUS
10
6.78367
20
-3.47277
11
6.78367
21
-3.47277
0
LINE
8
BLACK
6
CONTINUOUS
10
6.78367
20
-3.47277
11
6.77914
21
-3.4693
0
LINE
8
BLACK
6
CONTINUOUS
10
6.77914
20
-3.4693
11
6.77914
21
-3.4693
0
LINE
8
BLACK
6
CONTINUOUS
10
6.77914
20
-3.4693
11
6.77387
21
-3.46711
0
LINE
8
BLACK
6
CONTINUOUS
10
6.77387
20
-3.46711
11
6.77387
21
-3.46711
0
LINE
8
BLACK
6
CONTINUOUS
10
6.77387
20
-3.46711
11
6.77387
21
-3.46711
0
LINE
8
BLACK
6
CONTINUOUS
10
6.77387
20
-3.46711
11
6.76821
21
-3.46637
0
LINE
8
BLACK
6
CONTINUOUS
10
6.76821
20
-3.46637
11
6.76255
21
-3.46711
0
LINE
8
BLACK
6
CONTINUOUS
10
6.76255
20
-3.46711
11
6.76255
21
-3.46711
0
LINE
8
BLACK
6
CONTINUOUS
10
6.76255
20
-3.46711
11
6.76255
21
-3.46711
0
LINE
8
BLACK
6
CONTINUOUS
10
6.76255
20
-3.46711
11
6.75728
21
-3.4693
0
LINE
8
BLACK
6
CONTINUOUS
10
6.75728
20
-3.4693
11
6.75728
21
-3.4693
0
LINE
8
BLACK
6
CONTINUOUS
10
6.75728
20
-3.4693
11
6.75275
21
-3.47277
0
LINE
8
BLACK
6
CONTINUOUS
10
6.75275
20
-3.47277
11
6.75275
21
-3.47277
0
LINE
8
BLACK
6
CONTINUOUS
10
6.75275
20
-3.47277
11
6.74928
21
-3.4773
0
LINE
8
BLACK
6
CONTINUOUS
10
6.74928
20
-3.4773
11
6.74928
21
-3.4773
0
LINE
8
BLACK
6
CONTINUOUS
10
6.74928
20
-3.4773
11
6.74709
21
-3.48257
0
LINE
8
BLACK
6
CONTINUOUS
10
6.74709
20
-3.48257
11
6.74709
21
-3.48257
0
LINE
8
BLACK
6
CONTINUOUS
10
6.74709
20
-3.48257
11
6.74709
21
-3.48257
0
LINE
8
BLACK
6
CONTINUOUS
10
6.74709
20
-3.48257
11
6.74635
21
-3.48823
0
LINE
8
BLACK
6
CONTINUOUS
10
6.74635
20
-3.48823
11
6.74709
21
-3.49389
0
LINE
8
BLACK
6
CONTINUOUS
10
5.28951
20
-3.39826
11
5.29189
21
-3.40401
0
LINE
8
BLACK
6
CONTINUOUS
10
5.29189
20
-3.40401
11
5.29189
21
-3.40401
0
LINE
8
BLACK
6
CONTINUOUS
10
5.29189
20
-3.40401
11
5.29568
21
-3.40895
0
LINE
8
BLACK
6
CONTINUOUS
10
5.29568
20
-3.40895
11
5.29568
21
-3.40895
0
LINE
8
BLACK
6
CONTINUOUS
10
5.29568
20
-3.40895
11
5.29568
21
-3.40895
0
LINE
8
BLACK
6
CONTINUOUS
10
5.29568
20
-3.40895
11
5.29568
21
-3.40895
0
LINE
8
BLACK
6
CONTINUOUS
10
5.29568
20
-3.40895
11
5.30062
21
-3.41274
0
LINE
8
BLACK
6
CONTINUOUS
10
5.30062
20
-3.41274
11
5.30062
21
-3.41274
0
LINE
8
BLACK
6
CONTINUOUS
10
5.30062
20
-3.41274
11
5.30637
21
-3.41512
0
LINE
8
BLACK
6
CONTINUOUS
10
5.30637
20
-3.41512
11
5.30637
21
-3.41512
0
LINE
8
BLACK
6
CONTINUOUS
10
5.30637
20
-3.41512
11
5.31254
21
-3.41593
0
LINE
8
BLACK
6
CONTINUOUS
10
5.31254
20
-3.41593
11
5.31871
21
-3.41512
0
LINE
8
BLACK
6
CONTINUOUS
10
5.31871
20
-3.41512
11
5.32446
21
-3.41274
0
LINE
8
BLACK
6
CONTINUOUS
10
5.32446
20
-3.41274
11
5.3294
21
-3.40895
0
LINE
8
BLACK
6
CONTINUOUS
10
5.3294
20
-3.40895
11
5.33319
21
-3.40401
0
LINE
8
BLACK
6
CONTINUOUS
10
5.33319
20
-3.40401
11
5.33557
21
-3.39826
0
LINE
8
BLACK
6
CONTINUOUS
10
5.33557
20
-3.39826
11
5.33639
21
-3.39209
0
LINE
8
BLACK
6
CONTINUOUS
10
5.33639
20
-3.39209
11
5.33557
21
-3.38591
0
LINE
8
BLACK
6
CONTINUOUS
10
5.33557
20
-3.38591
11
5.33386
21
-3.38178
0
LINE
8
BLACK
6
CONTINUOUS
10
5.33386
20
-3.38178
11
5.33319
21
-3.38016
0
LINE
8
BLACK
6
CONTINUOUS
10
5.33319
20
-3.38016
11
5.33319
21
-3.38016
0
LINE
8
BLACK
6
CONTINUOUS
10
5.33319
20
-3.38016
11
5.3294
21
-3.37523
0
LINE
8
BLACK
6
CONTINUOUS
10
5.3294
20
-3.37523
11
5.3294
21
-3.37523
0
LINE
8
BLACK
6
CONTINUOUS
10
5.3294
20
-3.37523
11
5.3294
21
-3.37523
0
LINE
8
BLACK
6
CONTINUOUS
10
5.3294
20
-3.37523
11
5.3294
21
-3.37522
0
LINE
8
BLACK
6
CONTINUOUS
10
5.3294
20
-3.37522
11
5.3294
21
-3.37522
0
LINE
8
BLACK
6
CONTINUOUS
10
5.3294
20
-3.37522
11
5.32446
21
-3.37144
0
LINE
8
BLACK
6
CONTINUOUS
10
5.32446
20
-3.37144
11
5.32446
21
-3.37144
0
LINE
8
BLACK
6
CONTINUOUS
10
5.32446
20
-3.37144
11
5.31871
21
-3.36905
0
LINE
8
BLACK
6
CONTINUOUS
10
5.31871
20
-3.36905
11
5.31871
21
-3.36905
0
LINE
8
BLACK
6
CONTINUOUS
10
5.31871
20
-3.36905
11
5.31871
21
-3.36905
0
LINE
8
BLACK
6
CONTINUOUS
10
5.31871
20
-3.36905
11
5.31871
21
-3.36905
0
LINE
8
BLACK
6
CONTINUOUS
10
5.31871
20
-3.36905
11
5.31254
21
-3.36824
0
LINE
8
BLACK
6
CONTINUOUS
10
5.31254
20
-3.36824
11
5.30637
21
-3.36905
0
LINE
8
BLACK
6
CONTINUOUS
10
5.30637
20
-3.36905
11
5.30637
21
-3.36905
0
LINE
8
BLACK
6
CONTINUOUS
10
5.30637
20
-3.36905
11
5.30637
21
-3.36905
0
LINE
8
BLACK
6
CONTINUOUS
10
5.30637
20
-3.36905
11
5.30062
21
-3.37144
0
LINE
8
BLACK
6
CONTINUOUS
10
5.30062
20
-3.37144
11
5.30062
21
-3.37144
0
LINE
8
BLACK
6
CONTINUOUS
10
5.30062
20
-3.37144
11
5.29568
21
-3.37522
0
LINE
8
BLACK
6
CONTINUOUS
10
5.29568
20
-3.37522
11
5.29568
21
-3.37523
0
LINE
8
BLACK
6
CONTINUOUS
10
5.29568
20
-3.37523
11
5.29189
21
-3.38016
0
LINE
8
BLACK
6
CONTINUOUS
10
5.29189
20
-3.38016
11
5.29189
21
-3.38016
0
LINE
8
BLACK
6
CONTINUOUS
10
5.29189
20
-3.38016
11
5.28951
21
-3.38591
0
LINE
8
BLACK
6
CONTINUOUS
10
5.28951
20
-3.38591
11
5.28869
21
-3.39209
0
LINE
8
BLACK
6
CONTINUOUS
10
5.28869
20
-3.39209
11
5.28951
21
-3.39826
0
LINE
8
BLACK
6
CONTINUOUS
10
5.17873
20
-3.34189
11
5.17873
21
-3.34189
0
LINE
8
BLACK
6
CONTINUOUS
10
5.17873
20
-3.34189
11
5.17873
21
-3.34189
0
LINE
8
BLACK
6
CONTINUOUS
10
5.17873
20
-3.34189
11
5.17298
21
-3.34427
0
LINE
8
BLACK
6
CONTINUOUS
10
5.17298
20
-3.34427
11
5.17298
21
-3.34427
0
LINE
8
BLACK
6
CONTINUOUS
10
5.17298
20
-3.34427
11
5.16804
21
-3.34806
0
LINE
8
BLACK
6
CONTINUOUS
10
5.16804
20
-3.34806
11
5.16804
21
-3.34806
0
LINE
8
BLACK
6
CONTINUOUS
10
5.16804
20
-3.34806
11
5.16425
21
-3.353
0
LINE
8
BLACK
6
CONTINUOUS
10
5.16425
20
-3.353
11
5.16425
21
-3.353
0
LINE
8
BLACK
6
CONTINUOUS
10
5.16425
20
-3.353
11
5.16187
21
-3.35875
0
LINE
8
BLACK
6
CONTINUOUS
10
5.16187
20
-3.35875
11
5.16106
21
-3.36492
0
LINE
8
BLACK
6
CONTINUOUS
10
5.16106
20
-3.36492
11
5.16187
21
-3.37109
0
LINE
8
BLACK
6
CONTINUOUS
10
5.16187
20
-3.37109
11
5.16425
21
-3.37684
0
LINE
8
BLACK
6
CONTINUOUS
10
5.16425
20
-3.37684
11
5.16425
21
-3.37684
0
LINE
8
BLACK
6
CONTINUOUS
10
5.16425
20
-3.37684
11
5.1668
21
-3.38016
0
LINE
8
BLACK
6
CONTINUOUS
10
5.1668
20
-3.38016
11
5.16804
21
-3.38178
0
LINE
8
BLACK
6
CONTINUOUS
10
5.16804
20
-3.38178
11
5.16804
21
-3.38178
0
LINE
8
BLACK
6
CONTINUOUS
10
5.16804
20
-3.38178
11
5.16804
21
-3.38178
0
LINE
8
BLACK
6
CONTINUOUS
10
5.16804
20
-3.38178
11
5.17298
21
-3.38557
0
LINE
8
BLACK
6
CONTINUOUS
10
5.17298
20
-3.38557
11
5.17298
21
-3.38557
0
LINE
8
BLACK
6
CONTINUOUS
10
5.17298
20
-3.38557
11
5.17873
21
-3.38795
0
LINE
8
BLACK
6
CONTINUOUS
10
5.17873
20
-3.38795
11
5.17873
21
-3.38795
0
LINE
8
BLACK
6
CONTINUOUS
10
5.17873
20
-3.38795
11
5.1849
21
-3.38877
0
LINE
8
BLACK
6
CONTINUOUS
10
5.1849
20
-3.38877
11
5.19107
21
-3.38795
0
LINE
8
BLACK
6
CONTINUOUS
10
5.19107
20
-3.38795
11
5.19682
21
-3.38557
0
LINE
8
BLACK
6
CONTINUOUS
10
5.19682
20
-3.38557
11
5.20176
21
-3.38178
0
LINE
8
BLACK
6
CONTINUOUS
10
5.20176
20
-3.38178
11
5.20555
21
-3.37684
0
LINE
8
BLACK
6
CONTINUOUS
10
5.20555
20
-3.37684
11
5.20793
21
-3.37109
0
LINE
8
BLACK
6
CONTINUOUS
10
5.20793
20
-3.37109
11
5.20875
21
-3.36492
0
LINE
8
BLACK
6
CONTINUOUS
10
5.20875
20
-3.36492
11
5.20793
21
-3.35875
0
LINE
8
BLACK
6
CONTINUOUS
10
5.20793
20
-3.35875
11
5.20555
21
-3.353
0
LINE
8
BLACK
6
CONTINUOUS
10
5.20555
20
-3.353
11
5.20555
21
-3.353
0
LINE
8
BLACK
6
CONTINUOUS
10
5.20555
20
-3.353
11
5.20555
21
-3.353
0
LINE
8
BLACK
6
CONTINUOUS
10
5.20555
20
-3.353
11
5.20176
21
-3.34806
0
LINE
8
BLACK
6
CONTINUOUS
10
5.20176
20
-3.34806
11
5.20176
21
-3.34806
0
LINE
8
BLACK
6
CONTINUOUS
10
5.20176
20
-3.34806
11
5.20176
21
-3.34806
0
LINE
8
BLACK
6
CONTINUOUS
10
5.20176
20
-3.34806
11
5.20176
21
-3.34806
0
LINE
8
BLACK
6
CONTINUOUS
10
5.20176
20
-3.34806
11
5.20176
21
-3.34806
0
LINE
8
BLACK
6
CONTINUOUS
10
5.20176
20
-3.34806
11
5.19682
21
-3.34427
0
LINE
8
BLACK
6
CONTINUOUS
10
5.19682
20
-3.34427
11
5.19682
21
-3.34427
0
LINE
8
BLACK
6
CONTINUOUS
10
5.19682
20
-3.34427
11
5.19107
21
-3.34189
0
LINE
8
BLACK
6
CONTINUOUS
10
5.19107
20
-3.34189
11
5.19107
21
-3.34189
0
LINE
8
BLACK
6
CONTINUOUS
10
5.19107
20
-3.34189
11
5.19107
21
-3.34189
0
LINE
8
BLACK
6
CONTINUOUS
10
5.19107
20
-3.34189
11
5.19107
21
-3.34189
0
LINE
8
BLACK
6
CONTINUOUS
10
5.19107
20
-3.34189
11
5.1849
21
-3.34108
0
LINE
8
BLACK
6
CONTINUOUS
10
5.1849
20
-3.34108
11
5.17873
21
-3.34189
0
LINE
8
BLACK
6
CONTINUOUS
10
6.10873
20
-3.26689
11
6.10873
21
-3.26689
0
LINE
8
BLACK
6
CONTINUOUS
10
6.10873
20
-3.26689
11
6.10873
21
-3.26689
0
LINE
8
BLACK
6
CONTINUOUS
10
6.10873
20
-3.26689
11
6.10298
21
-3.26927
0
LINE
8
BLACK
6
CONTINUOUS
10
6.10298
20
-3.26927
11
6.10298
21
-3.26927
0
LINE
8
BLACK
6
CONTINUOUS
10
6.10298
20
-3.26927
11
6.09804
21
-3.27306
0
LINE
8
BLACK
6
CONTINUOUS
10
6.09804
20
-3.27306
11
6.09804
21
-3.27306
0
LINE
8
BLACK
6
CONTINUOUS
10
6.09804
20
-3.27306
11
6.09425
21
-3.278
0
LINE
8
BLACK
6
CONTINUOUS
10
6.09425
20
-3.278
11
6.09425
21
-3.278
0
LINE
8
BLACK
6
CONTINUOUS
10
6.09425
20
-3.278
11
6.09187
21
-3.28375
0
LINE
8
BLACK
6
CONTINUOUS
10
6.09187
20
-3.28375
11
6.09187
21
-3.28375
0
LINE
8
BLACK
6
CONTINUOUS
10
6.09187
20
-3.28375
11
6.09187
21
-3.28375
0
LINE
8
BLACK
6
CONTINUOUS
10
6.09187
20
-3.28375
11
6.09106
21
-3.28992
0
LINE
8
BLACK
6
CONTINUOUS
10
6.09106
20
-3.28992
11
6.09149
21
-3.2932
0
LINE
8
BLACK
6
CONTINUOUS
10
6.09149
20
-3.2932
11
6.09187
21
-3.29609
0
LINE
8
BLACK
6
CONTINUOUS
10
6.09187
20
-3.29609
11
6.09425
21
-3.30184
0
LINE
8
BLACK
6
CONTINUOUS
10
6.09425
20
-3.30184
11
6.09425
21
-3.30184
0
LINE
8
BLACK
6
CONTINUOUS
10
6.09425
20
-3.30184
11
6.09804
21
-3.30678
0
LINE
8
BLACK
6
CONTINUOUS
10
6.09804
20
-3.30678
11
6.09804
21
-3.30678
0
LINE
8
BLACK
6
CONTINUOUS
10
6.09804
20
-3.30678
11
6.09804
21
-3.30678
0
LINE
8
BLACK
6
CONTINUOUS
10
6.09804
20
-3.30678
11
6.09804
21
-3.30678
0
LINE
8
BLACK
6
CONTINUOUS
10
6.09804
20
-3.30678
11
6.10298
21
-3.31057
0
LINE
8
BLACK
6
CONTINUOUS
10
6.10298
20
-3.31057
11
6.10298
21
-3.31057
0
LINE
8
BLACK
6
CONTINUOUS
10
6.10298
20
-3.31057
11
6.10873
21
-3.31295
0
LINE
8
BLACK
6
CONTINUOUS
10
6.10873
20
-3.31295
11
6.10873
21
-3.31295
0
LINE
8
BLACK
6
CONTINUOUS
10
6.10873
20
-3.31295
11
6.1149
21
-3.31377
0
LINE
8
BLACK
6
CONTINUOUS
10
6.1149
20
-3.31377
11
6.12107
21
-3.31295
0
LINE
8
BLACK
6
CONTINUOUS
10
6.12107
20
-3.31295
11
6.12682
21
-3.31057
0
LINE
8
BLACK
6
CONTINUOUS
10
6.12682
20
-3.31057
11
6.13176
21
-3.30678
0
LINE
8
BLACK
6
CONTINUOUS
10
6.13176
20
-3.30678
11
6.13555
21
-3.30184
0
LINE
8
BLACK
6
CONTINUOUS
10
6.13555
20
-3.30184
11
6.13793
21
-3.29609
0
LINE
8
BLACK
6
CONTINUOUS
10
6.13793
20
-3.29609
11
6.13875
21
-3.28992
0
LINE
8
BLACK
6
CONTINUOUS
10
6.13875
20
-3.28992
11
6.13793
21
-3.28375
0
LINE
8
BLACK
6
CONTINUOUS
10
6.13793
20
-3.28375
11
6.13773
21
-3.28326
0
LINE
8
BLACK
6
CONTINUOUS
10
6.13773
20
-3.28326
11
6.13555
21
-3.278
0
LINE
8
BLACK
6
CONTINUOUS
10
6.13555
20
-3.278
11
6.13555
21
-3.278
0
LINE
8
BLACK
6
CONTINUOUS
10
6.13555
20
-3.278
11
6.13176
21
-3.27306
0
LINE
8
BLACK
6
CONTINUOUS
10
6.13176
20
-3.27306
11
6.13176
21
-3.27306
0
LINE
8
BLACK
6
CONTINUOUS
10
6.13176
20
-3.27306
11
6.13176
21
-3.27306
0
LINE
8
BLACK
6
CONTINUOUS
10
6.13176
20
-3.27306
11
6.13176
21
-3.27306
0
LINE
8
BLACK
6
CONTINUOUS
10
6.13176
20
-3.27306
11
6.13176
21
-3.27306
0
LINE
8
BLACK
6
CONTINUOUS
10
6.13176
20
-3.27306
11
6.12682
21
-3.26927
0
LINE
8
BLACK
6
CONTINUOUS
10
6.12682
20
-3.26927
11
6.12682
21
-3.26927
0
LINE
8
BLACK
6
CONTINUOUS
10
6.12682
20
-3.26927
11
6.12107
21
-3.26689
0
LINE
8
BLACK
6
CONTINUOUS
10
6.12107
20
-3.26689
11
6.12107
21
-3.26689
0
LINE
8
BLACK
6
CONTINUOUS
10
6.12107
20
-3.26689
11
6.12107
21
-3.26689
0
LINE
8
BLACK
6
CONTINUOUS
10
6.12107
20
-3.26689
11
6.12107
21
-3.26689
0
LINE
8
BLACK
6
CONTINUOUS
10
6.12107
20
-3.26689
11
6.1149
21
-3.26608
0
LINE
8
BLACK
6
CONTINUOUS
10
6.1149
20
-3.26608
11
6.10873
21
-3.26689
0
LINE
8
BLACK
6
CONTINUOUS
10
5.29447
20
-3.25817
11
5.29438
21
-3.25795
0
LINE
8
BLACK
6
CONTINUOUS
10
5.29438
20
-3.25795
11
5.29209
21
-3.25242
0
LINE
8
BLACK
6
CONTINUOUS
10
5.29209
20
-3.25242
11
5.29209
21
-3.25242
0
LINE
8
BLACK
6
CONTINUOUS
10
5.29209
20
-3.25242
11
5.2883
21
-3.24748
0
LINE
8
BLACK
6
CONTINUOUS
10
5.2883
20
-3.24748
11
5.2883
21
-3.24748
0
LINE
8
BLACK
6
CONTINUOUS
10
5.2883
20
-3.24748
11
5.2883
21
-3.24748
0
LINE
8
BLACK
6
CONTINUOUS
10
5.2883
20
-3.24748
11
5.2883
21
-3.24748
0
LINE
8
BLACK
6
CONTINUOUS
10
5.2883
20
-3.24748
11
5.2883
21
-3.24748
0
LINE
8
BLACK
6
CONTINUOUS
10
5.2883
20
-3.24748
11
5.28336
21
-3.24369
0
LINE
8
BLACK
6
CONTINUOUS
10
5.28336
20
-3.24369
11
5.28336
21
-3.24369
0
LINE
8
BLACK
6
CONTINUOUS
10
5.28336
20
-3.24369
11
5.27761
21
-3.24131
0
LINE
8
BLACK
6
CONTINUOUS
10
5.27761
20
-3.24131
11
5.27761
21
-3.24131
0
LINE
8
BLACK
6
CONTINUOUS
10
5.27761
20
-3.24131
11
5.27761
21
-3.24131
0
LINE
8
BLACK
6
CONTINUOUS
10
5.27761
20
-3.24131
11
5.27761
21
-3.24131
0
LINE
8
BLACK
6
CONTINUOUS
10
5.27761
20
-3.24131
11
5.27144
21
-3.24049
0
LINE
8
BLACK
6
CONTINUOUS
10
5.27144
20
-3.24049
11
5.26527
21
-3.24131
0
LINE
8
BLACK
6
CONTINUOUS
10
5.26527
20
-3.24131
11
5.26527
21
-3.24131
0
LINE
8
BLACK
6
CONTINUOUS
10
5.26527
20
-3.24131
11
5.26527
21
-3.24131
0
LINE
8
BLACK
6
CONTINUOUS
10
5.26527
20
-3.24131
11
5.25951
21
-3.24369
0
LINE
8
BLACK
6
CONTINUOUS
10
5.25951
20
-3.24369
11
5.25951
21
-3.24369
0
LINE
8
BLACK
6
CONTINUOUS
10
5.25951
20
-3.24369
11
5.25458
21
-3.24748
0
LINE
8
BLACK
6
CONTINUOUS
10
5.25458
20
-3.24748
11
5.25458
21
-3.24748
0
LINE
8
BLACK
6
CONTINUOUS
10
5.25458
20
-3.24748
11
5.25079
21
-3.25242
0
LINE
8
BLACK
6
CONTINUOUS
10
5.25079
20
-3.25242
11
5.25079
21
-3.25242
0
LINE
8
BLACK
6
CONTINUOUS
10
5.25079
20
-3.25242
11
5.2484
21
-3.25817
0
LINE
8
BLACK
6
CONTINUOUS
10
5.2484
20
-3.25817
11
5.2484
21
-3.25817
0
LINE
8
BLACK
6
CONTINUOUS
10
5.2484
20
-3.25817
11
5.2484
21
-3.25817
0
LINE
8
BLACK
6
CONTINUOUS
10
5.2484
20
-3.25817
11
5.24831
21
-3.2589
0
LINE
8
BLACK
6
CONTINUOUS
10
5.24831
20
-3.2589
11
5.2472
21
-3.26102
0
LINE
8
BLACK
6
CONTINUOUS
10
5.2472
20
-3.26102
11
5.24499
21
-3.26194
0
LINE
8
BLACK
6
CONTINUOUS
10
5.24499
20
-3.26194
11
5.2427
21
-3.26122
0
LINE
8
BLACK
6
CONTINUOUS
10
5.2427
20
-3.26122
11
5.24205
21
-3.26057
0
LINE
8
BLACK
6
CONTINUOUS
10
5.24205
20
-3.26057
11
5.24121
21
-3.25948
0
LINE
8
BLACK
6
CONTINUOUS
10
5.24121
20
-3.25948
11
5.24121
21
-3.25948
0
LINE
8
BLACK
6
CONTINUOUS
10
5.24121
20
-3.25948
11
5.24121
21
-3.25948
0
LINE
8
BLACK
6
CONTINUOUS
10
5.24121
20
-3.25948
11
5.24121
21
-3.25948
0
LINE
8
BLACK
6
CONTINUOUS
10
5.24121
20
-3.25948
11
5.24121
21
-3.25948
0
LINE
8
BLACK
6
CONTINUOUS
10
5.24121
20
-3.25948
11
5.23627
21
-3.25569
0
LINE
8
BLACK
6
CONTINUOUS
10
5.23627
20
-3.25569
11
5.23627
21
-3.25569
0
LINE
8
BLACK
6
CONTINUOUS
10
5.23627
20
-3.25569
11
5.23052
21
-3.25331
0
LINE
8
BLACK
6
CONTINUOUS
10
5.23052
20
-3.25331
11
5.23052
21
-3.25331
0
LINE
8
BLACK
6
CONTINUOUS
10
5.23052
20
-3.25331
11
5.23052
21
-3.25331
0
LINE
8
BLACK
6
CONTINUOUS
10
5.23052
20
-3.25331
11
5.23052
21
-3.25331
0
LINE
8
BLACK
6
CONTINUOUS
10
5.23052
20
-3.25331
11
5.22435
21
-3.25249
0
LINE
8
BLACK
6
CONTINUOUS
10
5.22435
20
-3.25249
11
5.21818
21
-3.25331
0
LINE
8
BLACK
6
CONTINUOUS
10
5.21818
20
-3.25331
11
5.21818
21
-3.25331
0
LINE
8
BLACK
6
CONTINUOUS
10
5.21818
20
-3.25331
11
5.21818
21
-3.25331
0
LINE
8
BLACK
6
CONTINUOUS
10
5.21818
20
-3.25331
11
5.21243
21
-3.25569
0
LINE
8
BLACK
6
CONTINUOUS
10
5.21243
20
-3.25569
11
5.21243
21
-3.25569
0
LINE
8
BLACK
6
CONTINUOUS
10
5.21243
20
-3.25569
11
5.20749
21
-3.25948
0
LINE
8
BLACK
6
CONTINUOUS
10
5.20749
20
-3.25948
11
5.20749
21
-3.25948
0
LINE
8
BLACK
6
CONTINUOUS
10
5.20749
20
-3.25948
11
5.2037
21
-3.26442
0
LINE
8
BLACK
6
CONTINUOUS
10
5.2037
20
-3.26442
11
5.2037
21
-3.26442
0
LINE
8
BLACK
6
CONTINUOUS
10
5.2037
20
-3.26442
11
5.20132
21
-3.27017
0
LINE
8
BLACK
6
CONTINUOUS
10
5.20132
20
-3.27017
11
5.20132
21
-3.27017
0
LINE
8
BLACK
6
CONTINUOUS
10
5.20132
20
-3.27017
11
5.20132
21
-3.27017
0
LINE
8
BLACK
6
CONTINUOUS
10
5.20132
20
-3.27017
11
5.2005
21
-3.27634
0
LINE
8
BLACK
6
CONTINUOUS
10
5.2005
20
-3.27634
11
5.20131
21
-3.28244
0
LINE
8
BLACK
6
CONTINUOUS
10
5.20131
20
-3.28244
11
5.20132
21
-3.28251
0
LINE
8
BLACK
6
CONTINUOUS
10
5.20132
20
-3.28251
11
5.2037
21
-3.28826
0
LINE
8
BLACK
6
CONTINUOUS
10
5.2037
20
-3.28826
11
5.2037
21
-3.28826
0
LINE
8
BLACK
6
CONTINUOUS
10
5.2037
20
-3.28826
11
5.20749
21
-3.2932
0
LINE
8
BLACK
6
CONTINUOUS
10
5.20749
20
-3.2932
11
5.20749
21
-3.2932
0
LINE
8
BLACK
6
CONTINUOUS
10
5.20749
20
-3.2932
11
5.20749
21
-3.2932
0
LINE
8
BLACK
6
CONTINUOUS
10
5.20749
20
-3.2932
11
5.20749
21
-3.2932
0
LINE
8
BLACK
6
CONTINUOUS
10
5.20749
20
-3.2932
11
5.21243
21
-3.29699
0
LINE
8
BLACK
6
CONTINUOUS
10
5.21243
20
-3.29699
11
5.21243
21
-3.29699
0
LINE
8
BLACK
6
CONTINUOUS
10
5.21243
20
-3.29699
11
5.21818
21
-3.29937
0
LINE
8
BLACK
6
CONTINUOUS
10
5.21818
20
-3.29937
11
5.21818
21
-3.29937
0
LINE
8
BLACK
6
CONTINUOUS
10
5.21818
20
-3.29937
11
5.22435
21
-3.30018
0
LINE
8
BLACK
6
CONTINUOUS
10
5.22435
20
-3.30018
11
5.23052
21
-3.29937
0
LINE
8
BLACK
6
CONTINUOUS
10
5.23052
20
-3.29937
11
5.23627
21
-3.29699
0
LINE
8
BLACK
6
CONTINUOUS
10
5.23627
20
-3.29699
11
5.24121
21
-3.2932
0
LINE
8
BLACK
6
CONTINUOUS
10
5.24121
20
-3.2932
11
5.24373
21
-3.28992
0
LINE
8
BLACK
6
CONTINUOUS
10
5.24373
20
-3.28992
11
5.245
21
-3.28826
0
LINE
8
BLACK
6
CONTINUOUS
10
5.245
20
-3.28826
11
5.24738
21
-3.28251
0
LINE
8
BLACK
6
CONTINUOUS
10
5.24738
20
-3.28251
11
5.24748
21
-3.28178
0
LINE
8
BLACK
6
CONTINUOUS
10
5.24748
20
-3.28178
11
5.24859
21
-3.27965
0
LINE
8
BLACK
6
CONTINUOUS
10
5.24859
20
-3.27965
11
5.2508
21
-3.27874
0
LINE
8
BLACK
6
CONTINUOUS
10
5.2508
20
-3.27874
11
5.25309
21
-3.27946
0
LINE
8
BLACK
6
CONTINUOUS
10
5.25309
20
-3.27946
11
5.25373
21
-3.2801
0
LINE
8
BLACK
6
CONTINUOUS
10
5.25373
20
-3.2801
11
5.25458
21
-3.2812
0
LINE
8
BLACK
6
CONTINUOUS
10
5.25458
20
-3.2812
11
5.25458
21
-3.2812
0
LINE
8
BLACK
6
CONTINUOUS
10
5.25458
20
-3.2812
11
5.25458
21
-3.2812
0
LINE
8
BLACK
6
CONTINUOUS
10
5.25458
20
-3.2812
11
5.25458
21
-3.2812
0
LINE
8
BLACK
6
CONTINUOUS
10
5.25458
20
-3.2812
11
5.25951
21
-3.28499
0
LINE
8
BLACK
6
CONTINUOUS
10
5.25951
20
-3.28499
11
5.25951
21
-3.28499
0
LINE
8
BLACK
6
CONTINUOUS
10
5.25951
20
-3.28499
11
5.26527
21
-3.28737
0
LINE
8
BLACK
6
CONTINUOUS
10
5.26527
20
-3.28737
11
5.26527
21
-3.28737
0
LINE
8
BLACK
6
CONTINUOUS
10
5.26527
20
-3.28737
11
5.27144
21
-3.28818
0
LINE
8
BLACK
6
CONTINUOUS
10
5.27144
20
-3.28818
11
5.27761
21
-3.28737
0
LINE
8
BLACK
6
CONTINUOUS
10
5.27761
20
-3.28737
11
5.28336
21
-3.28499
0
LINE
8
BLACK
6
CONTINUOUS
10
5.28336
20
-3.28499
11
5.2883
21
-3.2812
0
LINE
8
BLACK
6
CONTINUOUS
10
5.2883
20
-3.2812
11
5.29209
21
-3.27626
0
LINE
8
BLACK
6
CONTINUOUS
10
5.29209
20
-3.27626
11
5.29447
21
-3.27051
0
LINE
8
BLACK
6
CONTINUOUS
10
5.29447
20
-3.27051
11
5.29528
21
-3.26434
0
LINE
8
BLACK
6
CONTINUOUS
10
5.29528
20
-3.26434
11
5.29463
21
-3.25941
0
LINE
8
BLACK
6
CONTINUOUS
10
5.29463
20
-3.25941
11
5.29447
21
-3.25817
0
LINE
8
BLACK
6
CONTINUOUS
10
5.45171
20
-3.26442
11
5.45187
21
-3.26558
0
LINE
8
BLACK
6
CONTINUOUS
10
5.45187
20
-3.26558
11
5.45425
21
-3.27133
0
LINE
8
BLACK
6
CONTINUOUS
10
5.45425
20
-3.27133
11
5.45425
21
-3.27133
0
LINE
8
BLACK
6
CONTINUOUS
10
5.45425
20
-3.27133
11
5.45804
21
-3.27627
0
LINE
8
BLACK
6
CONTINUOUS
10
5.45804
20
-3.27627
11
5.45804
21
-3.27627
0
LINE
8
BLACK
6
CONTINUOUS
10
5.45804
20
-3.27627
11
5.45804
21
-3.27627
0
LINE
8
BLACK
6
CONTINUOUS
10
5.45804
20
-3.27627
11
5.45804
21
-3.27627
0
LINE
8
BLACK
6
CONTINUOUS
10
5.45804
20
-3.27627
11
5.46298
21
-3.28006
0
LINE
8
BLACK
6
CONTINUOUS
10
5.46298
20
-3.28006
11
5.46298
21
-3.28006
0
LINE
8
BLACK
6
CONTINUOUS
10
5.46298
20
-3.28006
11
5.46873
21
-3.28244
0
LINE
8
BLACK
6
CONTINUOUS
10
5.46873
20
-3.28244
11
5.46873
21
-3.28244
0
LINE
8
BLACK
6
CONTINUOUS
10
5.46873
20
-3.28244
11
5.4749
21
-3.28326
0
LINE
8
BLACK
6
CONTINUOUS
10
5.4749
20
-3.28326
11
5.48107
21
-3.28244
0
LINE
8
BLACK
6
CONTINUOUS
10
5.48107
20
-3.28244
11
5.48682
21
-3.28006
0
LINE
8
BLACK
6
CONTINUOUS
10
5.48682
20
-3.28006
11
5.49176
21
-3.27627
0
LINE
8
BLACK
6
CONTINUOUS
10
5.49176
20
-3.27627
11
5.49555
21
-3.27133
0
LINE
8
BLACK
6
CONTINUOUS
10
5.49555
20
-3.27133
11
5.49793
21
-3.26558
0
LINE
8
BLACK
6
CONTINUOUS
10
5.49793
20
-3.26558
11
5.49875
21
-3.25941
0
LINE
8
BLACK
6
CONTINUOUS
10
5.49875
20
-3.25941
11
5.49793
21
-3.25324
0
LINE
8
BLACK
6
CONTINUOUS
10
5.49793
20
-3.25324
11
5.49759
21
-3.25242
0
LINE
8
BLACK
6
CONTINUOUS
10
5.49759
20
-3.25242
11
5.49555
21
-3.24749
0
LINE
8
BLACK
6
CONTINUOUS
10
5.49555
20
-3.24749
11
5.49555
21
-3.24749
0
LINE
8
BLACK
6
CONTINUOUS
10
5.49555
20
-3.24749
11
5.49358
21
-3.24492
0
LINE
8
BLACK
6
CONTINUOUS
10
5.49358
20
-3.24492
11
5.49176
21
-3.24255
0
LINE
8
BLACK
6
CONTINUOUS
10
5.49176
20
-3.24255
11
5.49176
21
-3.24255
0
LINE
8
BLACK
6
CONTINUOUS
10
5.49176
20
-3.24255
11
5.49176
21
-3.24255
0
LINE
8
BLACK
6
CONTINUOUS
10
5.49176
20
-3.24255
11
5.49176
21
-3.24255
0
LINE
8
BLACK
6
CONTINUOUS
10
5.49176
20
-3.24255
11
5.49176
21
-3.24255
0
LINE
8
BLACK
6
CONTINUOUS
10
5.49176
20
-3.24255
11
5.48682
21
-3.23876
0
LINE
8
BLACK
6
CONTINUOUS
10
5.48682
20
-3.23876
11
5.48682
21
-3.23876
0
LINE
8
BLACK
6
CONTINUOUS
10
5.48682
20
-3.23876
11
5.48107
21
-3.23638
0
LINE
8
BLACK
6
CONTINUOUS
10
5.48107
20
-3.23638
11
5.48107
21
-3.23638
0
LINE
8
BLACK
6
CONTINUOUS
10
5.48107
20
-3.23638
11
5.48107
21
-3.23638
0
LINE
8
BLACK
6
CONTINUOUS
10
5.48107
20
-3.23638
11
5.48107
21
-3.23638
0
LINE
8
BLACK
6
CONTINUOUS
10
5.48107
20
-3.23638
11
5.4749
21
-3.23556
0
LINE
8
BLACK
6
CONTINUOUS
10
5.4749
20
-3.23556
11
5.46873
21
-3.23638
0
LINE
8
BLACK
6
CONTINUOUS
10
5.46873
20
-3.23638
11
5.46873
21
-3.23638
0
LINE
8
BLACK
6
CONTINUOUS
10
5.46873
20
-3.23638
11
5.46873
21
-3.23638
0
LINE
8
BLACK
6
CONTINUOUS
10
5.46873
20
-3.23638
11
5.46298
21
-3.23876
0
LINE
8
BLACK
6
CONTINUOUS
10
5.46298
20
-3.23876
11
5.46298
21
-3.23876
0
LINE
8
BLACK
6
CONTINUOUS
10
5.46298
20
-3.23876
11
5.45804
21
-3.24255
0
LINE
8
BLACK
6
CONTINUOUS
10
5.45804
20
-3.24255
11
5.45804
21
-3.24255
0
LINE
8
BLACK
6
CONTINUOUS
10
5.45804
20
-3.24255
11
5.45425
21
-3.24749
0
LINE
8
BLACK
6
CONTINUOUS
10
5.45425
20
-3.24749
11
5.45425
21
-3.24749
0
LINE
8
BLACK
6
CONTINUOUS
10
5.45425
20
-3.24749
11
5.45187
21
-3.25324
0
LINE
8
BLACK
6
CONTINUOUS
10
5.45187
20
-3.25324
11
5.45187
21
-3.25324
0
LINE
8
BLACK
6
CONTINUOUS
10
5.45187
20
-3.25324
11
5.45187
21
-3.25324
0
LINE
8
BLACK
6
CONTINUOUS
10
5.45187
20
-3.25324
11
5.45106
21
-3.25941
0
LINE
8
BLACK
6
CONTINUOUS
10
5.45106
20
-3.25941
11
5.45171
21
-3.26442
0
LINE
8
BLACK
6
CONTINUOUS
10
5.53139
20
-3.24748
11
5.53187
21
-3.25109
0
LINE
8
BLACK
6
CONTINUOUS
10
5.53187
20
-3.25109
11
5.53425
21
-3.25684
0
LINE
8
BLACK
6
CONTINUOUS
10
5.53425
20
-3.25684
11
5.53425
21
-3.25684
0
LINE
8
BLACK
6
CONTINUOUS
10
5.53425
20
-3.25684
11
5.53804
21
-3.26178
0
LINE
8
BLACK
6
CONTINUOUS
10
5.53804
20
-3.26178
11
5.53804
21
-3.26178
0
LINE
8
BLACK
6
CONTINUOUS
10
5.53804
20
-3.26178
11
5.53804
21
-3.26178
0
LINE
8
BLACK
6
CONTINUOUS
10
5.53804
20
-3.26178
11
5.53804
21
-3.26178
0
LINE
8
BLACK
6
CONTINUOUS
10
5.53804
20
-3.26178
11
5.54298
21
-3.26557
0
LINE
8
BLACK
6
CONTINUOUS
10
5.54298
20
-3.26557
11
5.54298
21
-3.26557
0
LINE
8
BLACK
6
CONTINUOUS
10
5.54298
20
-3.26557
11
5.54873
21
-3.26795
0
LINE
8
BLACK
6
CONTINUOUS
10
5.54873
20
-3.26795
11
5.54873
21
-3.26795
0
LINE
8
BLACK
6
CONTINUOUS
10
5.54873
20
-3.26795
11
5.5549
21
-3.26877
0
LINE
8
BLACK
6
CONTINUOUS
10
5.5549
20
-3.26877
11
5.56107
21
-3.26795
0
LINE
8
BLACK
6
CONTINUOUS
10
5.56107
20
-3.26795
11
5.56682
21
-3.26557
0
LINE
8
BLACK
6
CONTINUOUS
10
5.56682
20
-3.26557
11
5.57176
21
-3.26178
0
LINE
8
BLACK
6
CONTINUOUS
10
5.57176
20
-3.26178
11
5.57555
21
-3.25684
0
LINE
8
BLACK
6
CONTINUOUS
10
5.57555
20
-3.25684
11
5.57765
21
-3.25178
0
LINE
8
BLACK
6
CONTINUOUS
10
5.57765
20
-3.25178
11
5.57793
21
-3.25109
0
LINE
8
BLACK
6
CONTINUOUS
10
5.57793
20
-3.25109
11
5.57793
21
-3.25109
0
LINE
8
BLACK
6
CONTINUOUS
10
5.57793
20
-3.25109
11
5.57793
21
-3.25109
0
LINE
8
BLACK
6
CONTINUOUS
10
5.57793
20
-3.25109
11
5.57875
21
-3.24492
0
LINE
8
BLACK
6
CONTINUOUS
10
5.57875
20
-3.24492
11
5.57793
21
-3.23875
0
LINE
8
BLACK
6
CONTINUOUS
10
5.57793
20
-3.23875
11
5.57695
21
-3.23638
0
LINE
8
BLACK
6
CONTINUOUS
10
5.57695
20
-3.23638
11
5.57635
21
-3.23492
0
LINE
8
BLACK
6
CONTINUOUS
10
5.57635
20
-3.23492
11
5.57555
21
-3.233
0
LINE
8
BLACK
6
CONTINUOUS
10
5.57555
20
-3.233
11
5.57555
21
-3.233
0
LINE
8
BLACK
6
CONTINUOUS
10
5.57555
20
-3.233
11
5.57176
21
-3.22806
0
LINE
8
BLACK
6
CONTINUOUS
10
5.57176
20
-3.22806
11
5.57176
21
-3.22806
0
LINE
8
BLACK
6
CONTINUOUS
10
5.57176
20
-3.22806
11
5.57176
21
-3.22806
0
LINE
8
BLACK
6
CONTINUOUS
10
5.57176
20
-3.22806
11
5.57176
21
-3.22806
0
LINE
8
BLACK
6
CONTINUOUS
10
5.57176
20
-3.22806
11
5.57176
21
-3.22806
0
LINE
8
BLACK
6
CONTINUOUS
10
5.57176
20
-3.22806
11
5.56682
21
-3.22427
0
LINE
8
BLACK
6
CONTINUOUS
10
5.56682
20
-3.22427
11
5.56682
21
-3.22427
0
LINE
8
BLACK
6
CONTINUOUS
10
5.56682
20
-3.22427
11
5.56107
21
-3.22189
0
LINE
8
BLACK
6
CONTINUOUS
10
5.56107
20
-3.22189
11
5.56107
21
-3.22189
0
LINE
8
BLACK
6
CONTINUOUS
10
5.56107
20
-3.22189
11
5.56107
21
-3.22189
0
LINE
8
BLACK
6
CONTINUOUS
10
5.56107
20
-3.22189
11
5.56107
21
-3.22189
0
LINE
8
BLACK
6
CONTINUOUS
10
5.56107
20
-3.22189
11
5.5549
21
-3.22108
0
LINE
8
BLACK
6
CONTINUOUS
10
5.5549
20
-3.22108
11
5.54873
21
-3.22189
0
LINE
8
BLACK
6
CONTINUOUS
10
5.54873
20
-3.22189
11
5.54873
21
-3.22189
0
LINE
8
BLACK
6
CONTINUOUS
10
5.54873
20
-3.22189
11
5.54873
21
-3.22189
0
LINE
8
BLACK
6
CONTINUOUS
10
5.54873
20
-3.22189
11
5.54298
21
-3.22427
0
LINE
8
BLACK
6
CONTINUOUS
10
5.54298
20
-3.22427
11
5.54298
21
-3.22427
0
LINE
8
BLACK
6
CONTINUOUS
10
5.54298
20
-3.22427
11
5.53804
21
-3.22806
0
LINE
8
BLACK
6
CONTINUOUS
10
5.53804
20
-3.22806
11
5.53804
21
-3.22806
0
LINE
8
BLACK
6
CONTINUOUS
10
5.53804
20
-3.22806
11
5.53425
21
-3.233
0
LINE
8
BLACK
6
CONTINUOUS
10
5.53425
20
-3.233
11
5.53425
21
-3.233
0
LINE
8
BLACK
6
CONTINUOUS
10
5.53425
20
-3.233
11
5.53187
21
-3.23875
0
LINE
8
BLACK
6
CONTINUOUS
10
5.53187
20
-3.23875
11
5.53187
21
-3.23875
0
LINE
8
BLACK
6
CONTINUOUS
10
5.53187
20
-3.23875
11
5.53187
21
-3.23875
0
LINE
8
BLACK
6
CONTINUOUS
10
5.53187
20
-3.23875
11
5.53106
21
-3.24492
0
LINE
8
BLACK
6
CONTINUOUS
10
5.53106
20
-3.24492
11
5.53139
21
-3.24748
0
LINE
8
BLACK
6
CONTINUOUS
10
5.62187
20
-3.24109
11
5.62425
21
-3.24684
0
LINE
8
BLACK
6
CONTINUOUS
10
5.62425
20
-3.24684
11
5.62425
21
-3.24684
0
LINE
8
BLACK
6
CONTINUOUS
10
5.62425
20
-3.24684
11
5.62751
21
-3.25109
0
LINE
8
BLACK
6
CONTINUOUS
10
5.62751
20
-3.25109
11
5.62804
21
-3.25178
0
LINE
8
BLACK
6
CONTINUOUS
10
5.62804
20
-3.25178
11
5.62804
21
-3.25178
0
LINE
8
BLACK
6
CONTINUOUS
10
5.62804
20
-3.25178
11
5.62804
21
-3.25178
0
LINE
8
BLACK
6
CONTINUOUS
10
5.62804
20
-3.25178
11
5.63298
21
-3.25557
0
LINE
8
BLACK
6
CONTINUOUS
10
5.63298
20
-3.25557
11
5.63298
21
-3.25557
0
LINE
8
BLACK
6
CONTINUOUS
10
5.63298
20
-3.25557
11
5.63873
21
-3.25795
0
LINE
8
BLACK
6
CONTINUOUS
10
5.63873
20
-3.25795
11
5.63873
21
-3.25795
0
LINE
8
BLACK
6
CONTINUOUS
10
5.63873
20
-3.25795
11
5.6449
21
-3.25877
0
LINE
8
BLACK
6
CONTINUOUS
10
5.6449
20
-3.25877
11
5.65107
21
-3.25795
0
LINE
8
BLACK
6
CONTINUOUS
10
5.65107
20
-3.25795
11
5.65682
21
-3.25557
0
LINE
8
BLACK
6
CONTINUOUS
10
5.65682
20
-3.25557
11
5.66176
21
-3.25178
0
LINE
8
BLACK
6
CONTINUOUS
10
5.66176
20
-3.25178
11
5.66555
21
-3.24684
0
LINE
8
BLACK
6
CONTINUOUS
10
5.66555
20
-3.24684
11
5.66793
21
-3.24109
0
LINE
8
BLACK
6
CONTINUOUS
10
5.66793
20
-3.24109
11
5.66875
21
-3.23492
0
LINE
8
BLACK
6
CONTINUOUS
10
5.66875
20
-3.23492
11
5.66793
21
-3.22875
0
LINE
8
BLACK
6
CONTINUOUS
10
5.66793
20
-3.22875
11
5.66765
21
-3.22806
0
LINE
8
BLACK
6
CONTINUOUS
10
5.66765
20
-3.22806
11
5.66555
21
-3.223
0
LINE
8
BLACK
6
CONTINUOUS
10
5.66555
20
-3.223
11
5.66555
21
-3.223
0
LINE
8
BLACK
6
CONTINUOUS
10
5.66555
20
-3.223
11
5.66176
21
-3.21806
0
LINE
8
BLACK
6
CONTINUOUS
10
5.66176
20
-3.21806
11
5.66176
21
-3.21806
0
LINE
8
BLACK
6
CONTINUOUS
10
5.66176
20
-3.21806
11
5.66176
21
-3.21806
0
LINE
8
BLACK
6
CONTINUOUS
10
5.66176
20
-3.21806
11
5.66176
21
-3.21806
0
LINE
8
BLACK
6
CONTINUOUS
10
5.66176
20
-3.21806
11
5.66176
21
-3.21806
0
LINE
8
BLACK
6
CONTINUOUS
10
5.66176
20
-3.21806
11
5.65682
21
-3.21427
0
LINE
8
BLACK
6
CONTINUOUS
10
5.65682
20
-3.21427
11
5.65682
21
-3.21427
0
LINE
8
BLACK
6
CONTINUOUS
10
5.65682
20
-3.21427
11
5.65107
21
-3.21189
0
LINE
8
BLACK
6
CONTINUOUS
10
5.65107
20
-3.21189
11
5.65107
21
-3.21189
0
LINE
8
BLACK
6
CONTINUOUS
10
5.65107
20
-3.21189
11
5.65107
21
-3.21189
0
LINE
8
BLACK
6
CONTINUOUS
10
5.65107
20
-3.21189
11
5.65107
21
-3.21189
0
LINE
8
BLACK
6
CONTINUOUS
10
5.65107
20
-3.21189
11
5.6449
21
-3.21108
0
LINE
8
BLACK
6
CONTINUOUS
10
5.6449
20
-3.21108
11
5.63873
21
-3.21189
0
LINE
8
BLACK
6
CONTINUOUS
10
5.63873
20
-3.21189
11
5.63873
21
-3.21189
0
LINE
8
BLACK
6
CONTINUOUS
10
5.63873
20
-3.21189
11
5.63873
21
-3.21189
0
LINE
8
BLACK
6
CONTINUOUS
10
5.63873
20
-3.21189
11
5.63298
21
-3.21427
0
LINE
8
BLACK
6
CONTINUOUS
10
5.63298
20
-3.21427
11
5.63298
21
-3.21427
0
LINE
8
BLACK
6
CONTINUOUS
10
5.63298
20
-3.21427
11
5.62804
21
-3.21806
0
LINE
8
BLACK
6
CONTINUOUS
10
5.62804
20
-3.21806
11
5.62804
21
-3.21806
0
LINE
8
BLACK
6
CONTINUOUS
10
5.62804
20
-3.21806
11
5.62425
21
-3.223
0
LINE
8
BLACK
6
CONTINUOUS
10
5.62425
20
-3.223
11
5.62425
21
-3.223
0
LINE
8
BLACK
6
CONTINUOUS
10
5.62425
20
-3.223
11
5.62187
21
-3.22875
0
LINE
8
BLACK
6
CONTINUOUS
10
5.62187
20
-3.22875
11
5.62106
21
-3.23492
0
LINE
8
BLACK
6
CONTINUOUS
10
5.62106
20
-3.23492
11
5.62187
21
-3.24109
0
LINE
8
BLACK
6
CONTINUOUS
10
5.36293
20
-3.15875
11
5.36265
21
-3.15806
0
LINE
8
BLACK
6
CONTINUOUS
10
5.36265
20
-3.15806
11
5.36055
21
-3.153
0
LINE
8
BLACK
6
CONTINUOUS
10
5.36055
20
-3.153
11
5.36055
21
-3.153
0
LINE
8
BLACK
6
CONTINUOUS
10
5.36055
20
-3.153
11
5.35676
21
-3.14806
0
LINE
8
BLACK
6
CONTINUOUS
10
5.35676
20
-3.14806
11
5.35676
21
-3.14806
0
LINE
8
BLACK
6
CONTINUOUS
10
5.35676
20
-3.14806
11
5.35676
21
-3.14806
0
LINE
8
BLACK
6
CONTINUOUS
10
5.35676
20
-3.14806
11
5.35676
21
-3.14806
0
LINE
8
BLACK
6
CONTINUOUS
10
5.35676
20
-3.14806
11
5.35676
21
-3.14806
0
LINE
8
BLACK
6
CONTINUOUS
10
5.35676
20
-3.14806
11
5.35182
21
-3.14427
0
LINE
8
BLACK
6
CONTINUOUS
10
5.35182
20
-3.14427
11
5.35182
21
-3.14427
0
LINE
8
BLACK
6
CONTINUOUS
10
5.35182
20
-3.14427
11
5.34607
21
-3.14189
0
LINE
8
BLACK
6
CONTINUOUS
10
5.34607
20
-3.14189
11
5.34607
21
-3.14189
0
LINE
8
BLACK
6
CONTINUOUS
10
5.34607
20
-3.14189
11
5.34607
21
-3.14189
0
LINE
8
BLACK
6
CONTINUOUS
10
5.34607
20
-3.14189
11
5.34607
21
-3.14189
0
LINE
8
BLACK
6
CONTINUOUS
10
5.34607
20
-3.14189
11
5.3399
21
-3.14108
0
LINE
8
BLACK
6
CONTINUOUS
10
5.3399
20
-3.14108
11
5.33373
21
-3.14189
0
LINE
8
BLACK
6
CONTINUOUS
10
5.33373
20
-3.14189
11
5.33373
21
-3.14189
0
LINE
8
BLACK
6
CONTINUOUS
10
5.33373
20
-3.14189
11
5.33373
21
-3.14189
0
LINE
8
BLACK
6
CONTINUOUS
10
5.33373
20
-3.14189
11
5.32798
21
-3.14427
0
LINE
8
BLACK
6
CONTINUOUS
10
5.32798
20
-3.14427
11
5.32798
21
-3.14427
0
LINE
8
BLACK
6
CONTINUOUS
10
5.32798
20
-3.14427
11
5.32304
21
-3.14806
0
LINE
8
BLACK
6
CONTINUOUS
10
5.32304
20
-3.14806
11
5.32304
21
-3.14806
0
LINE
8
BLACK
6
CONTINUOUS
10
5.32304
20
-3.14806
11
5.31925
21
-3.153
0
LINE
8
BLACK
6
CONTINUOUS
10
5.31925
20
-3.153
11
5.31925
21
-3.153
0
LINE
8
BLACK
6
CONTINUOUS
10
5.31925
20
-3.153
11
5.31687
21
-3.15875
0
LINE
8
BLACK
6
CONTINUOUS
10
5.31687
20
-3.15875
11
5.31687
21
-3.15875
0
LINE
8
BLACK
6
CONTINUOUS
10
5.31687
20
-3.15875
11
5.31687
21
-3.15875
0
LINE
8
BLACK
6
CONTINUOUS
10
5.31687
20
-3.15875
11
5.31606
21
-3.16492
0
LINE
8
BLACK
6
CONTINUOUS
10
5.31606
20
-3.16492
11
5.3168
21
-3.1706
0
LINE
8
BLACK
6
CONTINUOUS
10
5.3168
20
-3.1706
11
5.31687
21
-3.17109
0
LINE
8
BLACK
6
CONTINUOUS
10
5.31687
20
-3.17109
11
5.31925
21
-3.17684
0
LINE
8
BLACK
6
CONTINUOUS
10
5.31925
20
-3.17684
11
5.31925
21
-3.17684
0
LINE
8
BLACK
6
CONTINUOUS
10
5.31925
20
-3.17684
11
5.31982
21
-3.17759
0
LINE
8
BLACK
6
CONTINUOUS
10
5.31982
20
-3.17759
11
5.32304
21
-3.18178
0
LINE
8
BLACK
6
CONTINUOUS
10
5.32304
20
-3.18178
11
5.32304
21
-3.18178
0
LINE
8
BLACK
6
CONTINUOUS
10
5.32304
20
-3.18178
11
5.32304
21
-3.18178
0
LINE
8
BLACK
6
CONTINUOUS
10
5.32304
20
-3.18178
11
5.32798
21
-3.18557
0
LINE
8
BLACK
6
CONTINUOUS
10
5.32798
20
-3.18557
11
5.32798
21
-3.18557
0
LINE
8
BLACK
6
CONTINUOUS
10
5.32798
20
-3.18557
11
5.33373
21
-3.18795
0
LINE
8
BLACK
6
CONTINUOUS
10
5.33373
20
-3.18795
11
5.33373
21
-3.18795
0
LINE
8
BLACK
6
CONTINUOUS
10
5.33373
20
-3.18795
11
5.3399
21
-3.18877
0
LINE
8
BLACK
6
CONTINUOUS
10
5.3399
20
-3.18877
11
5.34607
21
-3.18795
0
LINE
8
BLACK
6
CONTINUOUS
10
5.34607
20
-3.18795
11
5.35182
21
-3.18557
0
LINE
8
BLACK
6
CONTINUOUS
10
5.35182
20
-3.18557
11
5.35676
21
-3.18178
0
LINE
8
BLACK
6
CONTINUOUS
10
5.35676
20
-3.18178
11
5.36055
21
-3.17684
0
LINE
8
BLACK
6
CONTINUOUS
10
5.36055
20
-3.17684
11
5.36293
21
-3.17109
0
LINE
8
BLACK
6
CONTINUOUS
10
5.36293
20
-3.17109
11
5.36375
21
-3.16492
0
LINE
8
BLACK
6
CONTINUOUS
10
5.36375
20
-3.16492
11
5.36293
21
-3.15875
0
LINE
8
BLACK
6
CONTINUOUS
10
5.76141
20
-3.17759
11
5.76187
21
-3.18109
0
LINE
8
BLACK
6
CONTINUOUS
10
5.76187
20
-3.18109
11
5.76425
21
-3.18684
0
LINE
8
BLACK
6
CONTINUOUS
10
5.76425
20
-3.18684
11
5.76425
21
-3.18684
0
LINE
8
BLACK
6
CONTINUOUS
10
5.76425
20
-3.18684
11
5.76804
21
-3.19178
0
LINE
8
BLACK
6
CONTINUOUS
10
5.76804
20
-3.19178
11
5.76804
21
-3.19178
0
LINE
8
BLACK
6
CONTINUOUS
10
5.76804
20
-3.19178
11
5.76804
21
-3.19178
0
LINE
8
BLACK
6
CONTINUOUS
10
5.76804
20
-3.19178
11
5.76804
21
-3.19178
0
LINE
8
BLACK
6
CONTINUOUS
10
5.76804
20
-3.19178
11
5.77298
21
-3.19557
0
LINE
8
BLACK
6
CONTINUOUS
10
5.77298
20
-3.19557
11
5.77298
21
-3.19557
0
LINE
8
BLACK
6
CONTINUOUS
10
5.77298
20
-3.19557
11
5.77873
21
-3.19795
0
LINE
8
BLACK
6
CONTINUOUS
10
5.77873
20
-3.19795
11
5.77873
21
-3.19795
0
LINE
8
BLACK
6
CONTINUOUS
10
5.77873
20
-3.19795
11
5.7849
21
-3.19877
0
LINE
8
BLACK
6
CONTINUOUS
10
5.7849
20
-3.19877
11
5.79107
21
-3.19795
0
LINE
8
BLACK
6
CONTINUOUS
10
5.79107
20
-3.19795
11
5.79682
21
-3.19557
0
LINE
8
BLACK
6
CONTINUOUS
10
5.79682
20
-3.19557
11
5.80176
21
-3.19178
0
LINE
8
BLACK
6
CONTINUOUS
10
5.80176
20
-3.19178
11
5.80555
21
-3.18684
0
LINE
8
BLACK
6
CONTINUOUS
10
5.80555
20
-3.18684
11
5.80765
21
-3.18178
0
LINE
8
BLACK
6
CONTINUOUS
10
5.80765
20
-3.18178
11
5.80793
21
-3.18109
0
LINE
8
BLACK
6
CONTINUOUS
10
5.80793
20
-3.18109
11
5.80793
21
-3.18109
0
LINE
8
BLACK
6
CONTINUOUS
10
5.80793
20
-3.18109
11
5.80793
21
-3.18109
0
LINE
8
BLACK
6
CONTINUOUS
10
5.80793
20
-3.18109
11
5.80875
21
-3.17492
0
LINE
8
BLACK
6
CONTINUOUS
10
5.80875
20
-3.17492
11
5.80793
21
-3.16875
0
LINE
8
BLACK
6
CONTINUOUS
10
5.80793
20
-3.16875
11
5.80712
21
-3.16678
0
LINE
8
BLACK
6
CONTINUOUS
10
5.80712
20
-3.16678
11
5.80555
21
-3.163
0
LINE
8
BLACK
6
CONTINUOUS
10
5.80555
20
-3.163
11
5.80555
21
-3.163
0
LINE
8
BLACK
6
CONTINUOUS
10
5.80555
20
-3.163
11
5.80176
21
-3.15806
0
LINE
8
BLACK
6
CONTINUOUS
10
5.80176
20
-3.15806
11
5.80176
21
-3.15806
0
LINE
8
BLACK
6
CONTINUOUS
10
5.80176
20
-3.15806
11
5.80176
21
-3.15806
0
LINE
8
BLACK
6
CONTINUOUS
10
5.80176
20
-3.15806
11
5.80176
21
-3.15806
0
LINE
8
BLACK
6
CONTINUOUS
10
5.80176
20
-3.15806
11
5.80176
21
-3.15806
0
LINE
8
BLACK
6
CONTINUOUS
10
5.80176
20
-3.15806
11
5.79682
21
-3.15427
0
LINE
8
BLACK
6
CONTINUOUS
10
5.79682
20
-3.15427
11
5.79682
21
-3.15427
0
LINE
8
BLACK
6
CONTINUOUS
10
5.79682
20
-3.15427
11
5.79107
21
-3.15189
0
LINE
8
BLACK
6
CONTINUOUS
10
5.79107
20
-3.15189
11
5.79107
21
-3.15189
0
LINE
8
BLACK
6
CONTINUOUS
10
5.79107
20
-3.15189
11
5.79107
21
-3.15189
0
LINE
8
BLACK
6
CONTINUOUS
10
5.79107
20
-3.15189
11
5.79107
21
-3.15189
0
LINE
8
BLACK
6
CONTINUOUS
10
5.79107
20
-3.15189
11
5.7849
21
-3.15108
0
LINE
8
BLACK
6
CONTINUOUS
10
5.7849
20
-3.15108
11
5.77873
21
-3.15189
0
LINE
8
BLACK
6
CONTINUOUS
10
5.77873
20
-3.15189
11
5.77873
21
-3.15189
0
LINE
8
BLACK
6
CONTINUOUS
10
5.77873
20
-3.15189
11
5.77873
21
-3.15189
0
LINE
8
BLACK
6
CONTINUOUS
10
5.77873
20
-3.15189
11
5.77298
21
-3.15427
0
LINE
8
BLACK
6
CONTINUOUS
10
5.77298
20
-3.15427
11
5.77298
21
-3.15427
0
LINE
8
BLACK
6
CONTINUOUS
10
5.77298
20
-3.15427
11
5.76804
21
-3.15806
0
LINE
8
BLACK
6
CONTINUOUS
10
5.76804
20
-3.15806
11
5.76804
21
-3.15806
0
LINE
8
BLACK
6
CONTINUOUS
10
5.76804
20
-3.15806
11
5.76425
21
-3.163
0
LINE
8
BLACK
6
CONTINUOUS
10
5.76425
20
-3.163
11
5.76425
21
-3.163
0
LINE
8
BLACK
6
CONTINUOUS
10
5.76425
20
-3.163
11
5.76187
21
-3.16875
0
LINE
8
BLACK
6
CONTINUOUS
10
5.76187
20
-3.16875
11
5.76187
21
-3.16875
0
LINE
8
BLACK
6
CONTINUOUS
10
5.76187
20
-3.16875
11
5.76187
21
-3.16875
0
LINE
8
BLACK
6
CONTINUOUS
10
5.76187
20
-3.16875
11
5.76106
21
-3.17492
0
LINE
8
BLACK
6
CONTINUOUS
10
5.76106
20
-3.17492
11
5.76141
21
-3.17759
0
LINE
8
BLACK
6
CONTINUOUS
10
5.99177
20
-3.15536
11
5.99187
21
-3.15609
0
LINE
8
BLACK
6
CONTINUOUS
10
5.99187
20
-3.15609
11
5.99425
21
-3.16184
0
LINE
8
BLACK
6
CONTINUOUS
10
5.99425
20
-3.16184
11
5.99425
21
-3.16184
0
LINE
8
BLACK
6
CONTINUOUS
10
5.99425
20
-3.16184
11
5.99718
21
-3.16566
0
LINE
8
BLACK
6
CONTINUOUS
10
5.99718
20
-3.16566
11
5.99804
21
-3.16678
0
LINE
8
BLACK
6
CONTINUOUS
10
5.99804
20
-3.16678
11
5.99804
21
-3.16678
0
LINE
8
BLACK
6
CONTINUOUS
10
5.99804
20
-3.16678
11
5.99804
21
-3.16678
0
LINE
8
BLACK
6
CONTINUOUS
10
5.99804
20
-3.16678
11
6.00298
21
-3.17057
0
LINE
8
BLACK
6
CONTINUOUS
10
6.00298
20
-3.17057
11
6.00298
21
-3.17057
0
LINE
8
BLACK
6
CONTINUOUS
10
6.00298
20
-3.17057
11
6.00873
21
-3.17295
0
LINE
8
BLACK
6
CONTINUOUS
10
6.00873
20
-3.17295
11
6.00873
21
-3.17295
0
LINE
8
BLACK
6
CONTINUOUS
10
6.00873
20
-3.17295
11
6.0149
21
-3.17377
0
LINE
8
BLACK
6
CONTINUOUS
10
6.0149
20
-3.17377
11
6.02107
21
-3.17295
0
LINE
8
BLACK
6
CONTINUOUS
10
6.02107
20
-3.17295
11
6.02682
21
-3.17057
0
LINE
8
BLACK
6
CONTINUOUS
10
6.02682
20
-3.17057
11
6.03176
21
-3.16678
0
LINE
8
BLACK
6
CONTINUOUS
10
6.03176
20
-3.16678
11
6.03467
21
-3.163
0
LINE
8
BLACK
6
CONTINUOUS
10
6.03467
20
-3.163
11
6.03552
21
-3.16189
0
LINE
8
BLACK
6
CONTINUOUS
10
6.03552
20
-3.16189
11
6.03754
21
-3.1606
0
LINE
8
BLACK
6
CONTINUOUS
10
6.03754
20
-3.1606
11
6.03992
21
-3.16091
0
LINE
8
BLACK
6
CONTINUOUS
10
6.03992
20
-3.16091
11
6.04154
21
-3.16268
0
LINE
8
BLACK
6
CONTINUOUS
10
6.04154
20
-3.16268
11
6.04177
21
-3.16448
0
LINE
8
BLACK
6
CONTINUOUS
10
6.04177
20
-3.16448
11
6.04106
21
-3.16992
0
LINE
8
BLACK
6
CONTINUOUS
10
6.04106
20
-3.16992
11
6.04182
21
-3.17571
0
LINE
8
BLACK
6
CONTINUOUS
10
6.04182
20
-3.17571
11
6.04187
21
-3.17609
0
LINE
8
BLACK
6
CONTINUOUS
10
6.04187
20
-3.17609
11
6.04425
21
-3.18184
0
LINE
8
BLACK
6
CONTINUOUS
10
6.04425
20
-3.18184
11
6.04425
21
-3.18184
0
LINE
8
BLACK
6
CONTINUOUS
10
6.04425
20
-3.18184
11
6.04775
21
-3.1864
0
LINE
8
BLACK
6
CONTINUOUS
10
6.04775
20
-3.1864
11
6.04804
21
-3.18678
0
LINE
8
BLACK
6
CONTINUOUS
10
6.04804
20
-3.18678
11
6.04804
21
-3.18678
0
LINE
8
BLACK
6
CONTINUOUS
10
6.04804
20
-3.18678
11
6.04804
21
-3.18678
0
LINE
8
BLACK
6
CONTINUOUS
10
6.04804
20
-3.18678
11
6.05298
21
-3.19057
0
LINE
8
BLACK
6
CONTINUOUS
10
6.05298
20
-3.19057
11
6.05298
21
-3.19057
0
LINE
8
BLACK
6
CONTINUOUS
10
6.05298
20
-3.19057
11
6.05873
21
-3.19295
0
LINE
8
BLACK
6
CONTINUOUS
10
6.05873
20
-3.19295
11
6.05873
21
-3.19295
0
LINE
8
BLACK
6
CONTINUOUS
10
6.05873
20
-3.19295
11
6.0649
21
-3.19377
0
LINE
8
BLACK
6
CONTINUOUS
10
6.0649
20
-3.19377
11
6.07107
21
-3.19295
0
LINE
8
BLACK
6
CONTINUOUS
10
6.07107
20
-3.19295
11
6.07682
21
-3.19057
0
LINE
8
BLACK
6
CONTINUOUS
10
6.07682
20
-3.19057
11
6.08176
21
-3.18678
0
LINE
8
BLACK
6
CONTINUOUS
10
6.08176
20
-3.18678
11
6.08555
21
-3.18184
0
LINE
8
BLACK
6
CONTINUOUS
10
6.08555
20
-3.18184
11
6.08793
21
-3.17609
0
LINE
8
BLACK
6
CONTINUOUS
10
6.08793
20
-3.17609
11
6.08875
21
-3.16992
0
LINE
8
BLACK
6
CONTINUOUS
10
6.08875
20
-3.16992
11
6.0887
21
-3.16954
0
LINE
8
BLACK
6
CONTINUOUS
10
6.0887
20
-3.16954
11
6.08793
21
-3.16375
0
LINE
8
BLACK
6
CONTINUOUS
10
6.08793
20
-3.16375
11
6.08778
21
-3.16337
0
LINE
8
BLACK
6
CONTINUOUS
10
6.08778
20
-3.16337
11
6.08555
21
-3.158
0
LINE
8
BLACK
6
CONTINUOUS
10
6.08555
20
-3.158
11
6.08555
21
-3.158
0
LINE
8
BLACK
6
CONTINUOUS
10
6.08555
20
-3.158
11
6.08176
21
-3.15306
0
LINE
8
BLACK
6
CONTINUOUS
10
6.08176
20
-3.15306
11
6.08176
21
-3.15306
0
LINE
8
BLACK
6
CONTINUOUS
10
6.08176
20
-3.15306
11
6.08176
21
-3.15306
0
LINE
8
BLACK
6
CONTINUOUS
10
6.08176
20
-3.15306
11
6.08176
21
-3.15306
0
LINE
8
BLACK
6
CONTINUOUS
10
6.08176
20
-3.15306
11
6.08176
21
-3.15306
0
LINE
8
BLACK
6
CONTINUOUS
10
6.08176
20
-3.15306
11
6.07682
21
-3.14927
0
LINE
8
BLACK
6
CONTINUOUS
10
6.07682
20
-3.14927
11
6.07682
21
-3.14927
0
LINE
8
BLACK
6
CONTINUOUS
10
6.07682
20
-3.14927
11
6.07107
21
-3.14689
0
LINE
8
BLACK
6
CONTINUOUS
10
6.07107
20
-3.14689
11
6.07107
21
-3.14689
0
LINE
8
BLACK
6
CONTINUOUS
10
6.07107
20
-3.14689
11
6.07107
21
-3.14689
0
LINE
8
BLACK
6
CONTINUOUS
10
6.07107
20
-3.14689
11
6.07107
21
-3.14689
0
LINE
8
BLACK
6
CONTINUOUS
10
6.07107
20
-3.14689
11
6.0649
21
-3.14608
0
LINE
8
BLACK
6
CONTINUOUS
10
6.0649
20
-3.14608
11
6.05873
21
-3.14689
0
LINE
8
BLACK
6
CONTINUOUS
10
6.05873
20
-3.14689
11
6.05873
21
-3.14689
0
LINE
8
BLACK
6
CONTINUOUS
10
6.05873
20
-3.14689
11
6.05873
21
-3.14689
0
LINE
8
BLACK
6
CONTINUOUS
10
6.05873
20
-3.14689
11
6.05298
21
-3.14927
0
LINE
8
BLACK
6
CONTINUOUS
10
6.05298
20
-3.14927
11
6.05298
21
-3.14927
0
LINE
8
BLACK
6
CONTINUOUS
10
6.05298
20
-3.14927
11
6.04804
21
-3.15306
0
LINE
8
BLACK
6
CONTINUOUS
10
6.04804
20
-3.15306
11
6.04804
21
-3.15306
0
LINE
8
BLACK
6
CONTINUOUS
10
6.04804
20
-3.15306
11
6.04428
21
-3.15795
0
LINE
8
BLACK
6
CONTINUOUS
10
6.04428
20
-3.15795
11
6.04226
21
-3.15924
0
LINE
8
BLACK
6
CONTINUOUS
10
6.04226
20
-3.15924
11
6.03989
21
-3.15893
0
LINE
8
BLACK
6
CONTINUOUS
10
6.03989
20
-3.15893
11
6.03827
21
-3.15716
0
LINE
8
BLACK
6
CONTINUOUS
10
6.03827
20
-3.15716
11
6.03803
21
-3.15536
0
LINE
8
BLACK
6
CONTINUOUS
10
6.03803
20
-3.15536
11
6.03875
21
-3.14992
0
LINE
8
BLACK
6
CONTINUOUS
10
6.03875
20
-3.14992
11
6.03793
21
-3.14375
0
LINE
8
BLACK
6
CONTINUOUS
10
6.03793
20
-3.14375
11
6.03716
21
-3.14189
0
LINE
8
BLACK
6
CONTINUOUS
10
6.03716
20
-3.14189
11
6.03555
21
-3.138
0
LINE
8
BLACK
6
CONTINUOUS
10
6.03555
20
-3.138
11
6.03555
21
-3.138
0
LINE
8
BLACK
6
CONTINUOUS
10
6.03555
20
-3.138
11
6.03437
21
-3.13646
0
LINE
8
BLACK
6
CONTINUOUS
10
6.03437
20
-3.13646
11
6.03176
21
-3.13306
0
LINE
8
BLACK
6
CONTINUOUS
10
6.03176
20
-3.13306
11
6.03176
21
-3.13306
0
LINE
8
BLACK
6
CONTINUOUS
10
6.03176
20
-3.13306
11
6.03176
21
-3.13306
0
LINE
8
BLACK
6
CONTINUOUS
10
6.03176
20
-3.13306
11
6.03176
21
-3.13306
0
LINE
8
BLACK
6
CONTINUOUS
10
6.03176
20
-3.13306
11
6.03176
21
-3.13306
0
LINE
8
BLACK
6
CONTINUOUS
10
6.03176
20
-3.13306
11
6.02682
21
-3.12927
0
LINE
8
BLACK
6
CONTINUOUS
10
6.02682
20
-3.12927
11
6.02682
21
-3.12927
0
LINE
8
BLACK
6
CONTINUOUS
10
6.02682
20
-3.12927
11
6.02107
21
-3.12689
0
LINE
8
BLACK
6
CONTINUOUS
10
6.02107
20
-3.12689
11
6.02107
21
-3.12689
0
LINE
8
BLACK
6
CONTINUOUS
10
6.02107
20
-3.12689
11
6.02107
21
-3.12689
0
LINE
8
BLACK
6
CONTINUOUS
10
6.02107
20
-3.12689
11
6.02107
21
-3.12689
0
LINE
8
BLACK
6
CONTINUOUS
10
6.02107
20
-3.12689
11
6.0149
21
-3.12608
0
LINE
8
BLACK
6
CONTINUOUS
10
6.0149
20
-3.12608
11
6.00873
21
-3.12689
0
LINE
8
BLACK
6
CONTINUOUS
10
6.00873
20
-3.12689
11
6.00873
21
-3.12689
0
LINE
8
BLACK
6
CONTINUOUS
10
6.00873
20
-3.12689
11
6.00873
21
-3.12689
0
LINE
8
BLACK
6
CONTINUOUS
10
6.00873
20
-3.12689
11
6.00298
21
-3.12927
0
LINE
8
BLACK
6
CONTINUOUS
10
6.00298
20
-3.12927
11
6.00298
21
-3.12927
0
LINE
8
BLACK
6
CONTINUOUS
10
6.00298
20
-3.12927
11
5.99804
21
-3.13306
0
LINE
8
BLACK
6
CONTINUOUS
10
5.99804
20
-3.13306
11
5.99804
21
-3.13306
0
LINE
8
BLACK
6
CONTINUOUS
10
5.99804
20
-3.13306
11
5.99425
21
-3.138
0
LINE
8
BLACK
6
CONTINUOUS
10
5.99425
20
-3.138
11
5.99425
21
-3.138
0
LINE
8
BLACK
6
CONTINUOUS
10
5.99425
20
-3.138
11
5.99187
21
-3.14375
0
LINE
8
BLACK
6
CONTINUOUS
10
5.99187
20
-3.14375
11
5.99187
21
-3.14375
0
LINE
8
BLACK
6
CONTINUOUS
10
5.99187
20
-3.14375
11
5.99187
21
-3.14375
0
LINE
8
BLACK
6
CONTINUOUS
10
5.99187
20
-3.14375
11
5.99106
21
-3.14992
0
LINE
8
BLACK
6
CONTINUOUS
10
5.99106
20
-3.14992
11
5.99177
21
-3.15536
0
LINE
8
BLACK
6
CONTINUOUS
10
6.22215
20
-3.17492
11
6.22225
21
-3.17571
0
LINE
8
BLACK
6
CONTINUOUS
10
6.22225
20
-3.17571
11
6.22463
21
-3.18146
0
LINE
8
BLACK
6
CONTINUOUS
10
6.22463
20
-3.18146
11
6.22463
21
-3.18146
0
LINE
8
BLACK
6
CONTINUOUS
10
6.22463
20
-3.18146
11
6.22842
21
-3.1864
0
LINE
8
BLACK
6
CONTINUOUS
10
6.22842
20
-3.1864
11
6.22842
21
-3.1864
0
LINE
8
BLACK
6
CONTINUOUS
10
6.22842
20
-3.1864
11
6.22842
21
-3.1864
0
LINE
8
BLACK
6
CONTINUOUS
10
6.22842
20
-3.1864
11
6.22842
21
-3.1864
0
LINE
8
BLACK
6
CONTINUOUS
10
6.22842
20
-3.1864
11
6.23336
21
-3.19019
0
LINE
8
BLACK
6
CONTINUOUS
10
6.23336
20
-3.19019
11
6.23336
21
-3.19019
0
LINE
8
BLACK
6
CONTINUOUS
10
6.23336
20
-3.19019
11
6.23911
21
-3.19257
0
LINE
8
BLACK
6
CONTINUOUS
10
6.23911
20
-3.19257
11
6.23911
21
-3.19257
0
LINE
8
BLACK
6
CONTINUOUS
10
6.23911
20
-3.19257
11
6.24528
21
-3.19339
0
LINE
8
BLACK
6
CONTINUOUS
10
6.24528
20
-3.19339
11
6.25145
21
-3.19257
0
LINE
8
BLACK
6
CONTINUOUS
10
6.25145
20
-3.19257
11
6.25721
21
-3.19019
0
LINE
8
BLACK
6
CONTINUOUS
10
6.25721
20
-3.19019
11
6.26214
21
-3.1864
0
LINE
8
BLACK
6
CONTINUOUS
10
6.26214
20
-3.1864
11
6.26593
21
-3.18146
0
LINE
8
BLACK
6
CONTINUOUS
10
6.26593
20
-3.18146
11
6.26754
21
-3.17759
0
LINE
8
BLACK
6
CONTINUOUS
10
6.26754
20
-3.17759
11
6.26832
21
-3.17571
0
LINE
8
BLACK
6
CONTINUOUS
10
6.26832
20
-3.17571
11
6.26832
21
-3.17571
0
LINE
8
BLACK
6
CONTINUOUS
10
6.26832
20
-3.17571
11
6.26832
21
-3.17571
0
LINE
8
BLACK
6
CONTINUOUS
10
6.26832
20
-3.17571
11
6.26913
21
-3.16954
0
LINE
8
BLACK
6
CONTINUOUS
10
6.26913
20
-3.16954
11
6.26832
21
-3.16337
0
LINE
8
BLACK
6
CONTINUOUS
10
6.26832
20
-3.16337
11
6.26816
21
-3.163
0
LINE
8
BLACK
6
CONTINUOUS
10
6.26816
20
-3.163
11
6.26593
21
-3.15762
0
LINE
8
BLACK
6
CONTINUOUS
10
6.26593
20
-3.15762
11
6.26593
21
-3.15762
0
LINE
8
BLACK
6
CONTINUOUS
10
6.26593
20
-3.15762
11
6.26214
21
-3.15268
0
LINE
8
BLACK
6
CONTINUOUS
10
6.26214
20
-3.15268
11
6.26214
21
-3.15268
0
LINE
8
BLACK
6
CONTINUOUS
10
6.26214
20
-3.15268
11
6.26214
21
-3.15268
0
LINE
8
BLACK
6
CONTINUOUS
10
6.26214
20
-3.15268
11
6.26214
21
-3.15268
0
LINE
8
BLACK
6
CONTINUOUS
10
6.26214
20
-3.15268
11
6.26214
21
-3.15268
0
LINE
8
BLACK
6
CONTINUOUS
10
6.26214
20
-3.15268
11
6.25721
21
-3.14889
0
LINE
8
BLACK
6
CONTINUOUS
10
6.25721
20
-3.14889
11
6.25721
21
-3.14889
0
LINE
8
BLACK
6
CONTINUOUS
10
6.25721
20
-3.14889
11
6.25145
21
-3.14651
0
LINE
8
BLACK
6
CONTINUOUS
10
6.25145
20
-3.14651
11
6.25145
21
-3.14651
0
LINE
8
BLACK
6
CONTINUOUS
10
6.25145
20
-3.14651
11
6.25145
21
-3.14651
0
LINE
8
BLACK
6
CONTINUOUS
10
6.25145
20
-3.14651
11
6.25145
21
-3.14651
0
LINE
8
BLACK
6
CONTINUOUS
10
6.25145
20
-3.14651
11
6.24528
21
-3.14569
0
LINE
8
BLACK
6
CONTINUOUS
10
6.24528
20
-3.14569
11
6.23911
21
-3.14651
0
LINE
8
BLACK
6
CONTINUOUS
10
6.23911
20
-3.14651
11
6.23911
21
-3.14651
0
LINE
8
BLACK
6
CONTINUOUS
10
6.23911
20
-3.14651
11
6.23911
21
-3.14651
0
LINE
8
BLACK
6
CONTINUOUS
10
6.23911
20
-3.14651
11
6.23336
21
-3.14889
0
LINE
8
BLACK
6
CONTINUOUS
10
6.23336
20
-3.14889
11
6.23336
21
-3.14889
0
LINE
8
BLACK
6
CONTINUOUS
10
6.23336
20
-3.14889
11
6.22842
21
-3.15268
0
LINE
8
BLACK
6
CONTINUOUS
10
6.22842
20
-3.15268
11
6.22842
21
-3.15268
0
LINE
8
BLACK
6
CONTINUOUS
10
6.22842
20
-3.15268
11
6.22463
21
-3.15762
0
LINE
8
BLACK
6
CONTINUOUS
10
6.22463
20
-3.15762
11
6.22463
21
-3.15762
0
LINE
8
BLACK
6
CONTINUOUS
10
6.22463
20
-3.15762
11
6.22225
21
-3.16337
0
LINE
8
BLACK
6
CONTINUOUS
10
6.22225
20
-3.16337
11
6.22225
21
-3.16337
0
LINE
8
BLACK
6
CONTINUOUS
10
6.22225
20
-3.16337
11
6.22225
21
-3.16337
0
LINE
8
BLACK
6
CONTINUOUS
10
6.22225
20
-3.16337
11
6.22144
21
-3.16954
0
LINE
8
BLACK
6
CONTINUOUS
10
6.22144
20
-3.16954
11
6.22215
21
-3.17492
0
LINE
8
BLACK
6
CONTINUOUS
10
5.3718
20
-3.1706
11
5.37187
21
-3.17109
0
LINE
8
BLACK
6
CONTINUOUS
10
5.37187
20
-3.17109
11
5.37425
21
-3.17684
0
LINE
8
BLACK
6
CONTINUOUS
10
5.37425
20
-3.17684
11
5.37425
21
-3.17684
0
LINE
8
BLACK
6
CONTINUOUS
10
5.37425
20
-3.17684
11
5.37482
21
-3.17759
0
LINE
8
BLACK
6
CONTINUOUS
10
5.37482
20
-3.17759
11
5.37804
21
-3.18178
0
LINE
8
BLACK
6
CONTINUOUS
10
5.37804
20
-3.18178
11
5.37804
21
-3.18178
0
LINE
8
BLACK
6
CONTINUOUS
10
5.37804
20
-3.18178
11
5.37804
21
-3.18178
0
LINE
8
BLACK
6
CONTINUOUS
10
5.37804
20
-3.18178
11
5.38298
21
-3.18557
0
LINE
8
BLACK
6
CONTINUOUS
10
5.38298
20
-3.18557
11
5.38298
21
-3.18557
0
LINE
8
BLACK
6
CONTINUOUS
10
5.38298
20
-3.18557
11
5.38873
21
-3.18795
0
LINE
8
BLACK
6
CONTINUOUS
10
5.38873
20
-3.18795
11
5.38873
21
-3.18795
0
LINE
8
BLACK
6
CONTINUOUS
10
5.38873
20
-3.18795
11
5.3949
21
-3.18877
0
LINE
8
BLACK
6
CONTINUOUS
10
5.3949
20
-3.18877
11
5.40107
21
-3.18795
0
LINE
8
BLACK
6
CONTINUOUS
10
5.40107
20
-3.18795
11
5.40682
21
-3.18557
0
LINE
8
BLACK
6
CONTINUOUS
10
5.40682
20
-3.18557
11
5.41176
21
-3.18178
0
LINE
8
BLACK
6
CONTINUOUS
10
5.41176
20
-3.18178
11
5.41555
21
-3.17684
0
LINE
8
BLACK
6
CONTINUOUS
10
5.41555
20
-3.17684
11
5.41793
21
-3.17109
0
LINE
8
BLACK
6
CONTINUOUS
10
5.41793
20
-3.17109
11
5.41875
21
-3.16492
0
LINE
8
BLACK
6
CONTINUOUS
10
5.41875
20
-3.16492
11
5.41793
21
-3.15875
0
LINE
8
BLACK
6
CONTINUOUS
10
5.41793
20
-3.15875
11
5.41765
21
-3.15806
0
LINE
8
BLACK
6
CONTINUOUS
10
5.41765
20
-3.15806
11
5.41555
21
-3.153
0
LINE
8
BLACK
6
CONTINUOUS
10
5.41555
20
-3.153
11
5.41555
21
-3.153
0
LINE
8
BLACK
6
CONTINUOUS
10
5.41555
20
-3.153
11
5.41176
21
-3.14806
0
LINE
8
BLACK
6
CONTINUOUS
10
5.41176
20
-3.14806
11
5.41176
21
-3.14806
0
LINE
8
BLACK
6
CONTINUOUS
10
5.41176
20
-3.14806
11
5.41176
21
-3.14806
0
LINE
8
BLACK
6
CONTINUOUS
10
5.41176
20
-3.14806
11
5.41176
21
-3.14806
0
LINE
8
BLACK
6
CONTINUOUS
10
5.41176
20
-3.14806
11
5.41176
21
-3.14806
0
LINE
8
BLACK
6
CONTINUOUS
10
5.41176
20
-3.14806
11
5.40682
21
-3.14427
0
LINE
8
BLACK
6
CONTINUOUS
10
5.40682
20
-3.14427
11
5.40682
21
-3.14427
0
LINE
8
BLACK
6
CONTINUOUS
10
5.40682
20
-3.14427
11
5.40107
21
-3.14189
0
LINE
8
BLACK
6
CONTINUOUS
10
5.40107
20
-3.14189
11
5.40107
21
-3.14189
0
LINE
8
BLACK
6
CONTINUOUS
10
5.40107
20
-3.14189
11
5.40107
21
-3.14189
0
LINE
8
BLACK
6
CONTINUOUS
10
5.40107
20
-3.14189
11
5.40107
21
-3.14189
0
LINE
8
BLACK
6
CONTINUOUS
10
5.40107
20
-3.14189
11
5.3949
21
-3.14108
0
LINE
8
BLACK
6
CONTINUOUS
10
5.3949
20
-3.14108
11
5.38873
21
-3.14189
0
LINE
8
BLACK
6
CONTINUOUS
10
5.38873
20
-3.14189
11
5.38873
21
-3.14189
0
LINE
8
BLACK
6
CONTINUOUS
10
5.38873
20
-3.14189
11
5.38873
21
-3.14189
0
LINE
8
BLACK
6
CONTINUOUS
10
5.38873
20
-3.14189
11
5.38298
21
-3.14427
0
LINE
8
BLACK
6
CONTINUOUS
10
5.38298
20
-3.14427
11
5.38298
21
-3.14427
0
LINE
8
BLACK
6
CONTINUOUS
10
5.38298
20
-3.14427
11
5.37804
21
-3.14806
0
LINE
8
BLACK
6
CONTINUOUS
10
5.37804
20
-3.14806
11
5.37804
21
-3.14806
0
LINE
8
BLACK
6
CONTINUOUS
10
5.37804
20
-3.14806
11
5.37425
21
-3.153
0
LINE
8
BLACK
6
CONTINUOUS
10
5.37425
20
-3.153
11
5.37425
21
-3.153
0
LINE
8
BLACK
6
CONTINUOUS
10
5.37425
20
-3.153
11
5.37187
21
-3.15875
0
LINE
8
BLACK
6
CONTINUOUS
10
5.37187
20
-3.15875
11
5.37187
21
-3.15875
0
LINE
8
BLACK
6
CONTINUOUS
10
5.37187
20
-3.15875
11
5.37187
21
-3.15875
0
LINE
8
BLACK
6
CONTINUOUS
10
5.37187
20
-3.15875
11
5.37106
21
-3.16492
0
LINE
8
BLACK
6
CONTINUOUS
10
5.37106
20
-3.16492
11
5.3718
21
-3.1706
0
LINE
8
BLACK
6
CONTINUOUS
10
5.4318
20
-3.1706
11
5.43187
21
-3.17109
0
LINE
8
BLACK
6
CONTINUOUS
10
5.43187
20
-3.17109
11
5.43425
21
-3.17684
0
LINE
8
BLACK
6
CONTINUOUS
10
5.43425
20
-3.17684
11
5.43425
21
-3.17684
0
LINE
8
BLACK
6
CONTINUOUS
10
5.43425
20
-3.17684
11
5.43482
21
-3.17759
0
LINE
8
BLACK
6
CONTINUOUS
10
5.43482
20
-3.17759
11
5.43804
21
-3.18178
0
LINE
8
BLACK
6
CONTINUOUS
10
5.43804
20
-3.18178
11
5.43804
21
-3.18178
0
LINE
8
BLACK
6
CONTINUOUS
10
5.43804
20
-3.18178
11
5.43804
21
-3.18178
0
LINE
8
BLACK
6
CONTINUOUS
10
5.43804
20
-3.18178
11
5.44298
21
-3.18557
0
LINE
8
BLACK
6
CONTINUOUS
10
5.44298
20
-3.18557
11
5.44298
21
-3.18557
0
LINE
8
BLACK
6
CONTINUOUS
10
5.44298
20
-3.18557
11
5.44873
21
-3.18795
0
LINE
8
BLACK
6
CONTINUOUS
10
5.44873
20
-3.18795
11
5.44873
21
-3.18795
0
LINE
8
BLACK
6
CONTINUOUS
10
5.44873
20
-3.18795
11
5.4549
21
-3.18877
0
LINE
8
BLACK
6
CONTINUOUS
10
5.4549
20
-3.18877
11
5.46107
21
-3.18795
0
LINE
8
BLACK
6
CONTINUOUS
10
5.46107
20
-3.18795
11
5.46682
21
-3.18557
0
LINE
8
BLACK
6
CONTINUOUS
10
5.46682
20
-3.18557
11
5.47176
21
-3.18178
0
LINE
8
BLACK
6
CONTINUOUS
10
5.47176
20
-3.18178
11
5.47555
21
-3.17684
0
LINE
8
BLACK
6
CONTINUOUS
10
5.47555
20
-3.17684
11
5.47793
21
-3.17109
0
LINE
8
BLACK
6
CONTINUOUS
10
5.47793
20
-3.17109
11
5.47875
21
-3.16492
0
LINE
8
BLACK
6
CONTINUOUS
10
5.47875
20
-3.16492
11
5.47793
21
-3.15875
0
LINE
8
BLACK
6
CONTINUOUS
10
5.47793
20
-3.15875
11
5.47765
21
-3.15806
0
LINE
8
BLACK
6
CONTINUOUS
10
5.47765
20
-3.15806
11
5.47586
21
-3.15374
0
LINE
8
BLACK
6
CONTINUOUS
10
5.47586
20
-3.15374
11
5.47555
21
-3.153
0
LINE
8
BLACK
6
CONTINUOUS
10
5.47555
20
-3.153
11
5.47555
21
-3.153
0
LINE
8
BLACK
6
CONTINUOUS
10
5.47555
20
-3.153
11
5.47176
21
-3.14806
0
LINE
8
BLACK
6
CONTINUOUS
10
5.47176
20
-3.14806
11
5.47176
21
-3.14806
0
LINE
8
BLACK
6
CONTINUOUS
10
5.47176
20
-3.14806
11
5.47176
21
-3.14806
0
LINE
8
BLACK
6
CONTINUOUS
10
5.47176
20
-3.14806
11
5.47176
21
-3.14806
0
LINE
8
BLACK
6
CONTINUOUS
10
5.47176
20
-3.14806
11
5.47176
21
-3.14806
0
LINE
8
BLACK
6
CONTINUOUS
10
5.47176
20
-3.14806
11
5.46682
21
-3.14427
0
LINE
8
BLACK
6
CONTINUOUS
10
5.46682
20
-3.14427
11
5.46682
21
-3.14427
0
LINE
8
BLACK
6
CONTINUOUS
10
5.46682
20
-3.14427
11
5.46107
21
-3.14189
0
LINE
8
BLACK
6
CONTINUOUS
10
5.46107
20
-3.14189
11
5.46107
21
-3.14189
0
LINE
8
BLACK
6
CONTINUOUS
10
5.46107
20
-3.14189
11
5.46107
21
-3.14189
0
LINE
8
BLACK
6
CONTINUOUS
10
5.46107
20
-3.14189
11
5.46107
21
-3.14189
0
LINE
8
BLACK
6
CONTINUOUS
10
5.46107
20
-3.14189
11
5.4549
21
-3.14108
0
LINE
8
BLACK
6
CONTINUOUS
10
5.4549
20
-3.14108
11
5.44873
21
-3.14189
0
LINE
8
BLACK
6
CONTINUOUS
10
5.44873
20
-3.14189
11
5.44873
21
-3.14189
0
LINE
8
BLACK
6
CONTINUOUS
10
5.44873
20
-3.14189
11
5.44873
21
-3.14189
0
LINE
8
BLACK
6
CONTINUOUS
10
5.44873
20
-3.14189
11
5.44298
21
-3.14427
0
LINE
8
BLACK
6
CONTINUOUS
10
5.44298
20
-3.14427
11
5.44298
21
-3.14427
0
LINE
8
BLACK
6
CONTINUOUS
10
5.44298
20
-3.14427
11
5.43804
21
-3.14806
0
LINE
8
BLACK
6
CONTINUOUS
10
5.43804
20
-3.14806
11
5.43804
21
-3.14806
0
LINE
8
BLACK
6
CONTINUOUS
10
5.43804
20
-3.14806
11
5.43425
21
-3.153
0
LINE
8
BLACK
6
CONTINUOUS
10
5.43425
20
-3.153
11
5.43425
21
-3.153
0
LINE
8
BLACK
6
CONTINUOUS
10
5.43425
20
-3.153
11
5.43187
21
-3.15875
0
LINE
8
BLACK
6
CONTINUOUS
10
5.43187
20
-3.15875
11
5.43187
21
-3.15875
0
LINE
8
BLACK
6
CONTINUOUS
10
5.43187
20
-3.15875
11
5.43187
21
-3.15875
0
LINE
8
BLACK
6
CONTINUOUS
10
5.43187
20
-3.15875
11
5.43106
21
-3.16492
0
LINE
8
BLACK
6
CONTINUOUS
10
5.43106
20
-3.16492
11
5.4318
21
-3.1706
0
LINE
8
BLACK
6
CONTINUOUS
10
5.56553
20
-3.15875
11
5.56569
21
-3.15991
0
LINE
8
BLACK
6
CONTINUOUS
10
5.56569
20
-3.15991
11
5.56807
21
-3.16566
0
LINE
8
BLACK
6
CONTINUOUS
10
5.56807
20
-3.16566
11
5.56807
21
-3.16566
0
LINE
8
BLACK
6
CONTINUOUS
10
5.56807
20
-3.16566
11
5.57186
21
-3.1706
0
LINE
8
BLACK
6
CONTINUOUS
10
5.57186
20
-3.1706
11
5.57186
21
-3.1706
0
LINE
8
BLACK
6
CONTINUOUS
10
5.57186
20
-3.1706
11
5.57186
21
-3.1706
0
LINE
8
BLACK
6
CONTINUOUS
10
5.57186
20
-3.1706
11
5.57186
21
-3.1706
0
LINE
8
BLACK
6
CONTINUOUS
10
5.57186
20
-3.1706
11
5.5768
21
-3.17439
0
LINE
8
BLACK
6
CONTINUOUS
10
5.5768
20
-3.17439
11
5.5768
21
-3.17439
0
LINE
8
BLACK
6
CONTINUOUS
10
5.5768
20
-3.17439
11
5.58255
21
-3.17677
0
LINE
8
BLACK
6
CONTINUOUS
10
5.58255
20
-3.17677
11
5.58255
21
-3.17677
0
LINE
8
BLACK
6
CONTINUOUS
10
5.58255
20
-3.17677
11
5.58872
21
-3.17759
0
LINE
8
BLACK
6
CONTINUOUS
10
5.58872
20
-3.17759
11
5.59489
21
-3.17677
0
LINE
8
BLACK
6
CONTINUOUS
10
5.59489
20
-3.17677
11
5.59936
21
-3.17492
0
LINE
8
BLACK
6
CONTINUOUS
10
5.59936
20
-3.17492
11
5.60064
21
-3.17439
0
LINE
8
BLACK
6
CONTINUOUS
10
5.60064
20
-3.17439
11
5.60558
21
-3.1706
0
LINE
8
BLACK
6
CONTINUOUS
10
5.60558
20
-3.1706
11
5.60937
21
-3.16566
0
LINE
8
BLACK
6
CONTINUOUS
10
5.60937
20
-3.16566
11
5.61175
21
-3.15991
0
LINE
8
BLACK
6
CONTINUOUS
10
5.61175
20
-3.15991
11
5.61257
21
-3.15374
0
LINE
8
BLACK
6
CONTINUOUS
10
5.61257
20
-3.15374
11
5.61206
21
-3.14992
0
LINE
8
BLACK
6
CONTINUOUS
10
5.61206
20
-3.14992
11
5.61175
21
-3.14757
0
LINE
8
BLACK
6
CONTINUOUS
10
5.61175
20
-3.14757
11
5.61131
21
-3.14651
0
LINE
8
BLACK
6
CONTINUOUS
10
5.61131
20
-3.14651
11
5.60937
21
-3.14182
0
LINE
8
BLACK
6
CONTINUOUS
10
5.60937
20
-3.14182
11
5.60937
21
-3.14182
0
LINE
8
BLACK
6
CONTINUOUS
10
5.60937
20
-3.14182
11
5.60558
21
-3.13688
0
LINE
8
BLACK
6
CONTINUOUS
10
5.60558
20
-3.13688
11
5.60558
21
-3.13688
0
LINE
8
BLACK
6
CONTINUOUS
10
5.60558
20
-3.13688
11
5.60558
21
-3.13688
0
LINE
8
BLACK
6
CONTINUOUS
10
5.60558
20
-3.13688
11
5.60558
21
-3.13688
0
LINE
8
BLACK
6
CONTINUOUS
10
5.60558
20
-3.13688
11
5.60558
21
-3.13688
0
LINE
8
BLACK
6
CONTINUOUS
10
5.60558
20
-3.13688
11
5.60064
21
-3.13309
0
LINE
8
BLACK
6
CONTINUOUS
10
5.60064
20
-3.13309
11
5.60064
21
-3.13309
0
LINE
8
BLACK
6
CONTINUOUS
10
5.60064
20
-3.13309
11
5.59489
21
-3.13071
0
LINE
8
BLACK
6
CONTINUOUS
10
5.59489
20
-3.13071
11
5.59489
21
-3.13071
0
LINE
8
BLACK
6
CONTINUOUS
10
5.59489
20
-3.13071
11
5.59489
21
-3.13071
0
LINE
8
BLACK
6
CONTINUOUS
10
5.59489
20
-3.13071
11
5.59489
21
-3.13071
0
LINE
8
BLACK
6
CONTINUOUS
10
5.59489
20
-3.13071
11
5.58872
21
-3.12989
0
LINE
8
BLACK
6
CONTINUOUS
10
5.58872
20
-3.12989
11
5.58255
21
-3.13071
0
LINE
8
BLACK
6
CONTINUOUS
10
5.58255
20
-3.13071
11
5.58255
21
-3.13071
0
LINE
8
BLACK
6
CONTINUOUS
10
5.58255
20
-3.13071
11
5.58255
21
-3.13071
0
LINE
8
BLACK
6
CONTINUOUS
10
5.58255
20
-3.13071
11
5.5768
21
-3.13309
0
LINE
8
BLACK
6
CONTINUOUS
10
5.5768
20
-3.13309
11
5.5768
21
-3.13309
0
LINE
8
BLACK
6
CONTINUOUS
10
5.5768
20
-3.13309
11
5.57186
21
-3.13688
0
LINE
8
BLACK
6
CONTINUOUS
10
5.57186
20
-3.13688
11
5.57186
21
-3.13688
0
LINE
8
BLACK
6
CONTINUOUS
10
5.57186
20
-3.13688
11
5.56807
21
-3.14182
0
LINE
8
BLACK
6
CONTINUOUS
10
5.56807
20
-3.14182
11
5.56807
21
-3.14182
0
LINE
8
BLACK
6
CONTINUOUS
10
5.56807
20
-3.14182
11
5.56569
21
-3.14757
0
LINE
8
BLACK
6
CONTINUOUS
10
5.56569
20
-3.14757
11
5.56569
21
-3.14757
0
LINE
8
BLACK
6
CONTINUOUS
10
5.56569
20
-3.14757
11
5.56569
21
-3.14757
0
LINE
8
BLACK
6
CONTINUOUS
10
5.56569
20
-3.14757
11
5.56487
21
-3.15374
0
LINE
8
BLACK
6
CONTINUOUS
10
5.56487
20
-3.15374
11
5.56553
21
-3.15875
0
LINE
8
BLACK
6
CONTINUOUS
10
6.14177
20
-3.14189
11
6.14187
21
-3.14263
0
LINE
8
BLACK
6
CONTINUOUS
10
6.14187
20
-3.14263
11
6.14425
21
-3.14838
0
LINE
8
BLACK
6
CONTINUOUS
10
6.14425
20
-3.14838
11
6.14425
21
-3.14838
0
LINE
8
BLACK
6
CONTINUOUS
10
6.14425
20
-3.14838
11
6.14779
21
-3.153
0
LINE
8
BLACK
6
CONTINUOUS
10
6.14779
20
-3.153
11
6.14804
21
-3.15332
0
LINE
8
BLACK
6
CONTINUOUS
10
6.14804
20
-3.15332
11
6.14804
21
-3.15332
0
LINE
8
BLACK
6
CONTINUOUS
10
6.14804
20
-3.15332
11
6.14804
21
-3.15332
0
LINE
8
BLACK
6
CONTINUOUS
10
6.14804
20
-3.15332
11
6.15298
21
-3.15711
0
LINE
8
BLACK
6
CONTINUOUS
10
6.15298
20
-3.15711
11
6.15298
21
-3.15711
0
LINE
8
BLACK
6
CONTINUOUS
10
6.15298
20
-3.15711
11
6.15873
21
-3.15949
0
LINE
8
BLACK
6
CONTINUOUS
10
6.15873
20
-3.15949
11
6.15873
21
-3.15949
0
LINE
8
BLACK
6
CONTINUOUS
10
6.15873
20
-3.15949
11
6.1649
21
-3.1603
0
LINE
8
BLACK
6
CONTINUOUS
10
6.1649
20
-3.1603
11
6.17107
21
-3.15949
0
LINE
8
BLACK
6
CONTINUOUS
10
6.17107
20
-3.15949
11
6.17682
21
-3.15711
0
LINE
8
BLACK
6
CONTINUOUS
10
6.17682
20
-3.15711
11
6.18176
21
-3.15332
0
LINE
8
BLACK
6
CONTINUOUS
10
6.18176
20
-3.15332
11
6.18555
21
-3.14838
0
LINE
8
BLACK
6
CONTINUOUS
10
6.18555
20
-3.14838
11
6.18793
21
-3.14263
0
LINE
8
BLACK
6
CONTINUOUS
10
6.18793
20
-3.14263
11
6.18875
21
-3.13646
0
LINE
8
BLACK
6
CONTINUOUS
10
6.18875
20
-3.13646
11
6.18793
21
-3.13028
0
LINE
8
BLACK
6
CONTINUOUS
10
6.18793
20
-3.13028
11
6.18752
21
-3.12928
0
LINE
8
BLACK
6
CONTINUOUS
10
6.18752
20
-3.12928
11
6.18555
21
-3.12453
0
LINE
8
BLACK
6
CONTINUOUS
10
6.18555
20
-3.12453
11
6.18555
21
-3.12453
0
LINE
8
BLACK
6
CONTINUOUS
10
6.18555
20
-3.12453
11
6.18176
21
-3.1196
0
LINE
8
BLACK
6
CONTINUOUS
10
6.18176
20
-3.1196
11
6.18176
21
-3.1196
0
LINE
8
BLACK
6
CONTINUOUS
10
6.18176
20
-3.1196
11
6.18176
21
-3.1196
0
LINE
8
BLACK
6
CONTINUOUS
10
6.18176
20
-3.1196
11
6.18176
21
-3.1196
0
LINE
8
BLACK
6
CONTINUOUS
10
6.18176
20
-3.1196
11
6.18176
21
-3.11959
0
LINE
8
BLACK
6
CONTINUOUS
10
6.18176
20
-3.11959
11
6.17682
21
-3.11581
0
LINE
8
BLACK
6
CONTINUOUS
10
6.17682
20
-3.11581
11
6.17682
21
-3.11581
0
LINE
8
BLACK
6
CONTINUOUS
10
6.17682
20
-3.11581
11
6.17107
21
-3.11342
0
LINE
8
BLACK
6
CONTINUOUS
10
6.17107
20
-3.11342
11
6.17107
21
-3.11342
0
LINE
8
BLACK
6
CONTINUOUS
10
6.17107
20
-3.11342
11
6.17107
21
-3.11342
0
LINE
8
BLACK
6
CONTINUOUS
10
6.17107
20
-3.11342
11
6.17107
21
-3.11342
0
LINE
8
BLACK
6
CONTINUOUS
10
6.17107
20
-3.11342
11
6.1649
21
-3.11261
0
LINE
8
BLACK
6
CONTINUOUS
10
6.1649
20
-3.11261
11
6.15873
21
-3.11342
0
LINE
8
BLACK
6
CONTINUOUS
10
6.15873
20
-3.11342
11
6.15873
21
-3.11342
0
LINE
8
BLACK
6
CONTINUOUS
10
6.15873
20
-3.11342
11
6.15873
21
-3.11342
0
LINE
8
BLACK
6
CONTINUOUS
10
6.15873
20
-3.11342
11
6.15298
21
-3.11581
0
LINE
8
BLACK
6
CONTINUOUS
10
6.15298
20
-3.11581
11
6.15298
21
-3.11581
0
LINE
8
BLACK
6
CONTINUOUS
10
6.15298
20
-3.11581
11
6.14804
21
-3.11959
0
LINE
8
BLACK
6
CONTINUOUS
10
6.14804
20
-3.11959
11
6.14804
21
-3.1196
0
LINE
8
BLACK
6
CONTINUOUS
10
6.14804
20
-3.1196
11
6.14425
21
-3.12453
0
LINE
8
BLACK
6
CONTINUOUS
10
6.14425
20
-3.12453
11
6.14425
21
-3.12453
0
LINE
8
BLACK
6
CONTINUOUS
10
6.14425
20
-3.12453
11
6.14187
21
-3.13028
0
LINE
8
BLACK
6
CONTINUOUS
10
6.14187
20
-3.13028
11
6.14187
21
-3.13028
0
LINE
8
BLACK
6
CONTINUOUS
10
6.14187
20
-3.13028
11
6.14187
21
-3.13028
0
LINE
8
BLACK
6
CONTINUOUS
10
6.14187
20
-3.13028
11
6.14106
21
-3.13646
0
LINE
8
BLACK
6
CONTINUOUS
10
6.14106
20
-3.13646
11
6.14177
21
-3.14189
0
LINE
8
BLACK
6
CONTINUOUS
10
5.19924
20
-3.08881
11
5.19924
21
-3.08881
0
LINE
8
BLACK
6
CONTINUOUS
10
5.19924
20
-3.08881
11
5.19924
21
-3.08881
0
LINE
8
BLACK
6
CONTINUOUS
10
5.19924
20
-3.08881
11
5.19397
21
-3.09099
0
LINE
8
BLACK
6
CONTINUOUS
10
5.19397
20
-3.09099
11
5.19397
21
-3.09099
0
LINE
8
BLACK
6
CONTINUOUS
10
5.19397
20
-3.09099
11
5.18944
21
-3.09446
0
LINE
8
BLACK
6
CONTINUOUS
10
5.18944
20
-3.09446
11
5.18944
21
-3.09446
0
LINE
8
BLACK
6
CONTINUOUS
10
5.18944
20
-3.09446
11
5.18597
21
-3.09899
0
LINE
8
BLACK
6
CONTINUOUS
10
5.18597
20
-3.09899
11
5.18597
21
-3.09899
0
LINE
8
BLACK
6
CONTINUOUS
10
5.18597
20
-3.09899
11
5.18379
21
-3.10426
0
LINE
8
BLACK
6
CONTINUOUS
10
5.18379
20
-3.10426
11
5.18379
21
-3.10426
0
LINE
8
BLACK
6
CONTINUOUS
10
5.18379
20
-3.10426
11
5.18379
21
-3.10426
0
LINE
8
BLACK
6
CONTINUOUS
10
5.18379
20
-3.10426
11
5.18304
21
-3.10992
0
LINE
8
BLACK
6
CONTINUOUS
10
5.18304
20
-3.10992
11
5.18379
21
-3.11558
0
LINE
8
BLACK
6
CONTINUOUS
10
5.18379
20
-3.11558
11
5.18379
21
-3.11558
0
LINE
8
BLACK
6
CONTINUOUS
10
5.18379
20
-3.11558
11
5.18379
21
-3.11558
0
LINE
8
BLACK
6
CONTINUOUS
10
5.18379
20
-3.11558
11
5.18597
21
-3.12085
0
LINE
8
BLACK
6
CONTINUOUS
10
5.18597
20
-3.12085
11
5.18597
21
-3.12085
0
LINE
8
BLACK
6
CONTINUOUS
10
5.18597
20
-3.12085
11
5.18944
21
-3.12538
0
LINE
8
BLACK
6
CONTINUOUS
10
5.18944
20
-3.12538
11
5.18944
21
-3.12538
0
LINE
8
BLACK
6
CONTINUOUS
10
5.18944
20
-3.12538
11
5.18944
21
-3.12538
0
LINE
8
BLACK
6
CONTINUOUS
10
5.18944
20
-3.12538
11
5.18944
21
-3.12538
0
LINE
8
BLACK
6
CONTINUOUS
10
5.18944
20
-3.12538
11
5.19397
21
-3.12885
0
LINE
8
BLACK
6
CONTINUOUS
10
5.19397
20
-3.12885
11
5.19397
21
-3.12885
0
LINE
8
BLACK
6
CONTINUOUS
10
5.19397
20
-3.12885
11
5.19649
21
-3.12989
0
LINE
8
BLACK
6
CONTINUOUS
10
5.19649
20
-3.12989
11
5.19924
21
-3.13104
0
LINE
8
BLACK
6
CONTINUOUS
10
5.19924
20
-3.13104
11
5.2049
21
-3.13178
0
LINE
8
BLACK
6
CONTINUOUS
10
5.2049
20
-3.13178
11
5.21056
21
-3.13104
0
LINE
8
BLACK
6
CONTINUOUS
10
5.21056
20
-3.13104
11
5.21583
21
-3.12885
0
LINE
8
BLACK
6
CONTINUOUS
10
5.21583
20
-3.12885
11
5.22036
21
-3.12538
0
LINE
8
BLACK
6
CONTINUOUS
10
5.22036
20
-3.12538
11
5.22383
21
-3.12085
0
LINE
8
BLACK
6
CONTINUOUS
10
5.22383
20
-3.12085
11
5.22602
21
-3.11558
0
LINE
8
BLACK
6
CONTINUOUS
10
5.22602
20
-3.11558
11
5.2261
21
-3.11492
0
LINE
8
BLACK
6
CONTINUOUS
10
5.2261
20
-3.11492
11
5.22676
21
-3.10992
0
LINE
8
BLACK
6
CONTINUOUS
10
5.22676
20
-3.10992
11
5.22602
21
-3.10426
0
LINE
8
BLACK
6
CONTINUOUS
10
5.22602
20
-3.10426
11
5.22383
21
-3.09899
0
LINE
8
BLACK
6
CONTINUOUS
10
5.22383
20
-3.09899
11
5.22383
21
-3.09899
0
LINE
8
BLACK
6
CONTINUOUS
10
5.22383
20
-3.09899
11
5.22383
21
-3.09899
0
LINE
8
BLACK
6
CONTINUOUS
10
5.22383
20
-3.09899
11
5.22036
21
-3.09446
0
LINE
8
BLACK
6
CONTINUOUS
10
5.22036
20
-3.09446
11
5.22036
21
-3.09446
0
LINE
8
BLACK
6
CONTINUOUS
10
5.22036
20
-3.09446
11
5.22036
21
-3.09446
0
LINE
8
BLACK
6
CONTINUOUS
10
5.22036
20
-3.09446
11
5.22036
21
-3.09446
0
LINE
8
BLACK
6
CONTINUOUS
10
5.22036
20
-3.09446
11
5.22036
21
-3.09446
0
LINE
8
BLACK
6
CONTINUOUS
10
5.22036
20
-3.09446
11
5.21583
21
-3.09099
0
LINE
8
BLACK
6
CONTINUOUS
10
5.21583
20
-3.09099
11
5.21583
21
-3.09099
0
LINE
8
BLACK
6
CONTINUOUS
10
5.21583
20
-3.09099
11
5.21056
21
-3.08881
0
LINE
8
BLACK
6
CONTINUOUS
10
5.21056
20
-3.08881
11
5.21056
21
-3.08881
0
LINE
8
BLACK
6
CONTINUOUS
10
5.21056
20
-3.08881
11
5.21056
21
-3.08881
0
LINE
8
BLACK
6
CONTINUOUS
10
5.21056
20
-3.08881
11
5.2049
21
-3.08806
0
LINE
8
BLACK
6
CONTINUOUS
10
5.2049
20
-3.08806
11
5.19924
21
-3.08881
0
LINE
8
BLACK
6
CONTINUOUS
10
5.25184
20
-3.12085
11
5.25187
21
-3.12109
0
LINE
8
BLACK
6
CONTINUOUS
10
5.25187
20
-3.12109
11
5.25425
21
-3.12684
0
LINE
8
BLACK
6
CONTINUOUS
10
5.25425
20
-3.12684
11
5.25425
21
-3.12684
0
LINE
8
BLACK
6
CONTINUOUS
10
5.25425
20
-3.12684
11
5.25804
21
-3.13178
0
LINE
8
BLACK
6
CONTINUOUS
10
5.25804
20
-3.13178
11
5.25804
21
-3.13178
0
LINE
8
BLACK
6
CONTINUOUS
10
5.25804
20
-3.13178
11
5.25804
21
-3.13178
0
LINE
8
BLACK
6
CONTINUOUS
10
5.25804
20
-3.13178
11
5.25804
21
-3.13178
0
LINE
8
BLACK
6
CONTINUOUS
10
5.25804
20
-3.13178
11
5.26298
21
-3.13557
0
LINE
8
BLACK
6
CONTINUOUS
10
5.26298
20
-3.13557
11
5.26298
21
-3.13557
0
LINE
8
BLACK
6
CONTINUOUS
10
5.26298
20
-3.13557
11
5.26873
21
-3.13795
0
LINE
8
BLACK
6
CONTINUOUS
10
5.26873
20
-3.13795
11
5.26873
21
-3.13795
0
LINE
8
BLACK
6
CONTINUOUS
10
5.26873
20
-3.13795
11
5.2749
21
-3.13877
0
LINE
8
BLACK
6
CONTINUOUS
10
5.2749
20
-3.13877
11
5.28107
21
-3.13795
0
LINE
8
BLACK
6
CONTINUOUS
10
5.28107
20
-3.13795
11
5.28682
21
-3.13557
0
LINE
8
BLACK
6
CONTINUOUS
10
5.28682
20
-3.13557
11
5.29176
21
-3.13178
0
LINE
8
BLACK
6
CONTINUOUS
10
5.29176
20
-3.13178
11
5.29555
21
-3.12684
0
LINE
8
BLACK
6
CONTINUOUS
10
5.29555
20
-3.12684
11
5.29793
21
-3.12109
0
LINE
8
BLACK
6
CONTINUOUS
10
5.29793
20
-3.12109
11
5.29875
21
-3.11492
0
LINE
8
BLACK
6
CONTINUOUS
10
5.29875
20
-3.11492
11
5.29793
21
-3.10875
0
LINE
8
BLACK
6
CONTINUOUS
10
5.29793
20
-3.10875
11
5.29738
21
-3.10742
0
LINE
8
BLACK
6
CONTINUOUS
10
5.29738
20
-3.10742
11
5.29555
21
-3.103
0
LINE
8
BLACK
6
CONTINUOUS
10
5.29555
20
-3.103
11
5.29555
21
-3.103
0
LINE
8
BLACK
6
CONTINUOUS
10
5.29555
20
-3.103
11
5.29176
21
-3.09806
0
LINE
8
BLACK
6
CONTINUOUS
10
5.29176
20
-3.09806
11
5.29176
21
-3.09806
0
LINE
8
BLACK
6
CONTINUOUS
10
5.29176
20
-3.09806
11
5.29176
21
-3.09806
0
LINE
8
BLACK
6
CONTINUOUS
10
5.29176
20
-3.09806
11
5.29176
21
-3.09806
0
LINE
8
BLACK
6
CONTINUOUS
10
5.29176
20
-3.09806
11
5.29176
21
-3.09806
0
LINE
8
BLACK
6
CONTINUOUS
10
5.29176
20
-3.09806
11
5.28682
21
-3.09427
0
LINE
8
BLACK
6
CONTINUOUS
10
5.28682
20
-3.09427
11
5.28682
21
-3.09427
0
LINE
8
BLACK
6
CONTINUOUS
10
5.28682
20
-3.09427
11
5.28107
21
-3.09189
0
LINE
8
BLACK
6
CONTINUOUS
10
5.28107
20
-3.09189
11
5.28107
21
-3.09189
0
LINE
8
BLACK
6
CONTINUOUS
10
5.28107
20
-3.09189
11
5.28107
21
-3.09189
0
LINE
8
BLACK
6
CONTINUOUS
10
5.28107
20
-3.09189
11
5.28107
21
-3.09189
0
LINE
8
BLACK
6
CONTINUOUS
10
5.28107
20
-3.09189
11
5.2749
21
-3.09108
0
LINE
8
BLACK
6
CONTINUOUS
10
5.2749
20
-3.09108
11
5.26873
21
-3.09189
0
LINE
8
BLACK
6
CONTINUOUS
10
5.26873
20
-3.09189
11
5.26873
21
-3.09189
0
LINE
8
BLACK
6
CONTINUOUS
10
5.26873
20
-3.09189
11
5.26873
21
-3.09189
0
LINE
8
BLACK
6
CONTINUOUS
10
5.26873
20
-3.09189
11
5.26298
21
-3.09427
0
LINE
8
BLACK
6
CONTINUOUS
10
5.26298
20
-3.09427
11
5.26298
21
-3.09427
0
LINE
8
BLACK
6
CONTINUOUS
10
5.26298
20
-3.09427
11
5.25804
21
-3.09806
0
LINE
8
BLACK
6
CONTINUOUS
10
5.25804
20
-3.09806
11
5.25804
21
-3.09806
0
LINE
8
BLACK
6
CONTINUOUS
10
5.25804
20
-3.09806
11
5.25425
21
-3.103
0
LINE
8
BLACK
6
CONTINUOUS
10
5.25425
20
-3.103
11
5.25425
21
-3.103
0
LINE
8
BLACK
6
CONTINUOUS
10
5.25425
20
-3.103
11
5.25187
21
-3.10875
0
LINE
8
BLACK
6
CONTINUOUS
10
5.25187
20
-3.10875
11
5.25187
21
-3.10875
0
LINE
8
BLACK
6
CONTINUOUS
10
5.25187
20
-3.10875
11
5.25187
21
-3.10875
0
LINE
8
BLACK
6
CONTINUOUS
10
5.25187
20
-3.10875
11
5.25106
21
-3.11492
0
LINE
8
BLACK
6
CONTINUOUS
10
5.25106
20
-3.11492
11
5.25184
21
-3.12085
0
LINE
8
BLACK
6
CONTINUOUS
10
6.34174
20
-3.08631
11
6.34174
21
-3.08631
0
LINE
8
BLACK
6
CONTINUOUS
10
6.34174
20
-3.08631
11
6.34174
21
-3.08631
0
LINE
8
BLACK
6
CONTINUOUS
10
6.34174
20
-3.08631
11
6.33647
21
-3.08849
0
LINE
8
BLACK
6
CONTINUOUS
10
6.33647
20
-3.08849
11
6.33647
21
-3.08849
0
LINE
8
BLACK
6
CONTINUOUS
10
6.33647
20
-3.08849
11
6.33194
21
-3.09196
0
LINE
8
BLACK
6
CONTINUOUS
10
6.33194
20
-3.09196
11
6.33194
21
-3.09196
0
LINE
8
BLACK
6
CONTINUOUS
10
6.33194
20
-3.09196
11
6.32847
21
-3.09649
0
LINE
8
BLACK
6
CONTINUOUS
10
6.32847
20
-3.09649
11
6.32847
21
-3.09649
0
LINE
8
BLACK
6
CONTINUOUS
10
6.32847
20
-3.09649
11
6.32629
21
-3.10176
0
LINE
8
BLACK
6
CONTINUOUS
10
6.32629
20
-3.10176
11
6.32629
21
-3.10176
0
LINE
8
BLACK
6
CONTINUOUS
10
6.32629
20
-3.10176
11
6.32629
21
-3.10176
0
LINE
8
BLACK
6
CONTINUOUS
10
6.32629
20
-3.10176
11
6.32554
21
-3.10742
0
LINE
8
BLACK
6
CONTINUOUS
10
6.32554
20
-3.10742
11
6.32629
21
-3.11308
0
LINE
8
BLACK
6
CONTINUOUS
10
6.32629
20
-3.11308
11
6.32629
21
-3.11308
0
LINE
8
BLACK
6
CONTINUOUS
10
6.32629
20
-3.11308
11
6.32629
21
-3.11308
0
LINE
8
BLACK
6
CONTINUOUS
10
6.32629
20
-3.11308
11
6.32847
21
-3.11835
0
LINE
8
BLACK
6
CONTINUOUS
10
6.32847
20
-3.11835
11
6.32847
21
-3.11835
0
LINE
8
BLACK
6
CONTINUOUS
10
6.32847
20
-3.11835
11
6.33057
21
-3.12109
0
LINE
8
BLACK
6
CONTINUOUS
10
6.33057
20
-3.12109
11
6.33194
21
-3.12288
0
LINE
8
BLACK
6
CONTINUOUS
10
6.33194
20
-3.12288
11
6.33194
21
-3.12288
0
LINE
8
BLACK
6
CONTINUOUS
10
6.33194
20
-3.12288
11
6.33194
21
-3.12288
0
LINE
8
BLACK
6
CONTINUOUS
10
6.33194
20
-3.12288
11
6.33647
21
-3.12635
0
LINE
8
BLACK
6
CONTINUOUS
10
6.33647
20
-3.12635
11
6.33647
21
-3.12635
0
LINE
8
BLACK
6
CONTINUOUS
10
6.33647
20
-3.12635
11
6.33776
21
-3.12689
0
LINE
8
BLACK
6
CONTINUOUS
10
6.33776
20
-3.12689
11
6.34174
21
-3.12854
0
LINE
8
BLACK
6
CONTINUOUS
10
6.34174
20
-3.12854
11
6.3474
21
-3.12928
0
LINE
8
BLACK
6
CONTINUOUS
10
6.3474
20
-3.12928
11
6.35306
21
-3.12854
0
LINE
8
BLACK
6
CONTINUOUS
10
6.35306
20
-3.12854
11
6.35833
21
-3.12635
0
LINE
8
BLACK
6
CONTINUOUS
10
6.35833
20
-3.12635
11
6.36286
21
-3.12288
0
LINE
8
BLACK
6
CONTINUOUS
10
6.36286
20
-3.12288
11
6.36633
21
-3.11835
0
LINE
8
BLACK
6
CONTINUOUS
10
6.36633
20
-3.11835
11
6.36852
21
-3.11308
0
LINE
8
BLACK
6
CONTINUOUS
10
6.36852
20
-3.11308
11
6.36926
21
-3.10742
0
LINE
8
BLACK
6
CONTINUOUS
10
6.36926
20
-3.10742
11
6.36852
21
-3.10176
0
LINE
8
BLACK
6
CONTINUOUS
10
6.36852
20
-3.10176
11
6.36737
21
-3.09899
0
LINE
8
BLACK
6
CONTINUOUS
10
6.36737
20
-3.09899
11
6.36633
21
-3.09649
0
LINE
8
BLACK
6
CONTINUOUS
10
6.36633
20
-3.09649
11
6.36633
21
-3.09649
0
LINE
8
BLACK
6
CONTINUOUS
10
6.36633
20
-3.09649
11
6.36286
21
-3.09196
0
LINE
8
BLACK
6
CONTINUOUS
10
6.36286
20
-3.09196
11
6.36286
21
-3.09196
0
LINE
8
BLACK
6
CONTINUOUS
10
6.36286
20
-3.09196
11
6.36286
21
-3.09196
0
LINE
8
BLACK
6
CONTINUOUS
10
6.36286
20
-3.09196
11
6.36286
21
-3.09196
0
LINE
8
BLACK
6
CONTINUOUS
10
6.36286
20
-3.09196
11
6.36286
21
-3.09196
0
LINE
8
BLACK
6
CONTINUOUS
10
6.36286
20
-3.09196
11
6.35833
21
-3.08849
0
LINE
8
BLACK
6
CONTINUOUS
10
6.35833
20
-3.08849
11
6.35833
21
-3.08849
0
LINE
8
BLACK
6
CONTINUOUS
10
6.35833
20
-3.08849
11
6.35306
21
-3.08631
0
LINE
8
BLACK
6
CONTINUOUS
10
6.35306
20
-3.08631
11
6.35306
21
-3.08631
0
LINE
8
BLACK
6
CONTINUOUS
10
6.35306
20
-3.08631
11
6.35306
21
-3.08631
0
LINE
8
BLACK
6
CONTINUOUS
10
6.35306
20
-3.08631
11
6.3474
21
-3.08556
0
LINE
8
BLACK
6
CONTINUOUS
10
6.3474
20
-3.08556
11
6.34174
21
-3.08631
0
LINE
8
BLACK
6
CONTINUOUS
10
6.20873
20
-2.95189
11
6.20873
21
-2.95189
0
LINE
8
BLACK
6
CONTINUOUS
10
6.20873
20
-2.95189
11
6.20873
21
-2.95189
0
LINE
8
BLACK
6
CONTINUOUS
10
6.20873
20
-2.95189
11
6.20298
21
-2.95427
0
LINE
8
BLACK
6
CONTINUOUS
10
6.20298
20
-2.95427
11
6.20298
21
-2.95427
0
LINE
8
BLACK
6
CONTINUOUS
10
6.20298
20
-2.95427
11
6.19804
21
-2.95806
0
LINE
8
BLACK
6
CONTINUOUS
10
6.19804
20
-2.95806
11
6.19804
21
-2.95806
0
LINE
8
BLACK
6
CONTINUOUS
10
6.19804
20
-2.95806
11
6.19425
21
-2.963
0
LINE
8
BLACK
6
CONTINUOUS
10
6.19425
20
-2.963
11
6.19425
21
-2.963
0
LINE
8
BLACK
6
CONTINUOUS
10
6.19425
20
-2.963
11
6.19187
21
-2.96875
0
LINE
8
BLACK
6
CONTINUOUS
10
6.19187
20
-2.96875
11
6.19106
21
-2.97492
0
LINE
8
BLACK
6
CONTINUOUS
10
6.19106
20
-2.97492
11
6.19187
21
-2.98109
0
LINE
8
BLACK
6
CONTINUOUS
10
6.19187
20
-2.98109
11
6.19425
21
-2.98684
0
LINE
8
BLACK
6
CONTINUOUS
10
6.19425
20
-2.98684
11
6.19425
21
-2.98684
0
LINE
8
BLACK
6
CONTINUOUS
10
6.19425
20
-2.98684
11
6.19804
21
-2.99178
0
LINE
8
BLACK
6
CONTINUOUS
10
6.19804
20
-2.99178
11
6.19804
21
-2.99178
0
LINE
8
BLACK
6
CONTINUOUS
10
6.19804
20
-2.99178
11
6.19804
21
-2.99178
0
LINE
8
BLACK
6
CONTINUOUS
10
6.19804
20
-2.99178
11
6.19804
21
-2.99178
0
LINE
8
BLACK
6
CONTINUOUS
10
6.19804
20
-2.99178
11
6.20298
21
-2.99557
0
LINE
8
BLACK
6
CONTINUOUS
10
6.20298
20
-2.99557
11
6.20298
21
-2.99557
0
LINE
8
BLACK
6
CONTINUOUS
10
6.20298
20
-2.99557
11
6.20873
21
-2.99795
0
LINE
8
BLACK
6
CONTINUOUS
10
6.20873
20
-2.99795
11
6.20873
21
-2.99795
0
LINE
8
BLACK
6
CONTINUOUS
10
6.20873
20
-2.99795
11
6.2149
21
-2.99877
0
LINE
8
BLACK
6
CONTINUOUS
10
6.2149
20
-2.99877
11
6.22107
21
-2.99795
0
LINE
8
BLACK
6
CONTINUOUS
10
6.22107
20
-2.99795
11
6.22682
21
-2.99557
0
LINE
8
BLACK
6
CONTINUOUS
10
6.22682
20
-2.99557
11
6.23176
21
-2.99178
0
LINE
8
BLACK
6
CONTINUOUS
10
6.23176
20
-2.99178
11
6.23555
21
-2.98684
0
LINE
8
BLACK
6
CONTINUOUS
10
6.23555
20
-2.98684
11
6.23793
21
-2.98109
0
LINE
8
BLACK
6
CONTINUOUS
10
6.23793
20
-2.98109
11
6.23875
21
-2.97492
0
LINE
8
BLACK
6
CONTINUOUS
10
6.23875
20
-2.97492
11
6.23793
21
-2.96875
0
LINE
8
BLACK
6
CONTINUOUS
10
6.23793
20
-2.96875
11
6.23555
21
-2.963
0
LINE
8
BLACK
6
CONTINUOUS
10
6.23555
20
-2.963
11
6.23555
21
-2.963
0
LINE
8
BLACK
6
CONTINUOUS
10
6.23555
20
-2.963
11
6.23555
21
-2.963
0
LINE
8
BLACK
6
CONTINUOUS
10
6.23555
20
-2.963
11
6.23176
21
-2.95806
0
LINE
8
BLACK
6
CONTINUOUS
10
6.23176
20
-2.95806
11
6.23176
21
-2.95806
0
LINE
8
BLACK
6
CONTINUOUS
10
6.23176
20
-2.95806
11
6.23176
21
-2.95806
0
LINE
8
BLACK
6
CONTINUOUS
10
6.23176
20
-2.95806
11
6.23176
21
-2.95806
0
LINE
8
BLACK
6
CONTINUOUS
10
6.23176
20
-2.95806
11
6.23176
21
-2.95806
0
LINE
8
BLACK
6
CONTINUOUS
10
6.23176
20
-2.95806
11
6.22682
21
-2.95427
0
LINE
8
BLACK
6
CONTINUOUS
10
6.22682
20
-2.95427
11
6.22682
21
-2.95427
0
LINE
8
BLACK
6
CONTINUOUS
10
6.22682
20
-2.95427
11
6.22107
21
-2.95189
0
LINE
8
BLACK
6
CONTINUOUS
10
6.22107
20
-2.95189
11
6.22107
21
-2.95189
0
LINE
8
BLACK
6
CONTINUOUS
10
6.22107
20
-2.95189
11
6.22107
21
-2.95189
0
LINE
8
BLACK
6
CONTINUOUS
10
6.22107
20
-2.95189
11
6.22107
21
-2.95189
0
LINE
8
BLACK
6
CONTINUOUS
10
6.22107
20
-2.95189
11
6.2149
21
-2.95108
0
LINE
8
BLACK
6
CONTINUOUS
10
6.2149
20
-2.95108
11
6.20873
21
-2.95189
0
CIRCLE
8
BLACK
10
6.60309
20
-4.65311
40
0.00688976
0
CIRCLE
8
BLACK
10
5.02671
20
-4.65311
40
0.00688976
0
CIRCLE
8
BLACK
10
6.60309
20
-3.07673
40
0.00688976
0
CIRCLE
8
BLACK
10
5.98128
20
-3.86295
40
0.00688976
0
CIRCLE
8
BLACK
10
5.02671
20
-3.07673
40
0.00688976
0
CIRCLE
8
BLACK
10
5.05978
20
-3.35114
40
0.00688976
0
CIRCLE
8
BLACK
10
5.05978
20
-3.5787
40
0.00688976
0
LINE
8
BLACK
6
CONTINUOUS
10
4.93282
20
-3.62339
11
4.93687
21
-3.62496
0
LINE
8
BLACK
6
CONTINUOUS
10
4.93687
20
-3.62496
11
4.94008
21
-3.62788
0
LINE
8
BLACK
6
CONTINUOUS
10
4.94008
20
-3.62788
11
4.94201
21
-3.63177
0
LINE
8
BLACK
6
CONTINUOUS
10
4.94201
20
-3.63177
11
4.94241
21
-3.63609
0
LINE
8
BLACK
6
CONTINUOUS
10
4.94241
20
-3.63609
11
4.94122
21
-3.64026
0
LINE
8
BLACK
6
CONTINUOUS
10
4.94122
20
-3.64026
11
4.93861
21
-3.64373
0
LINE
8
BLACK
6
CONTINUOUS
10
4.93861
20
-3.64373
11
4.93492
21
-3.64601
0
LINE
8
BLACK
6
CONTINUOUS
10
4.93492
20
-3.64601
11
4.93065
21
-3.64681
0
LINE
8
BLACK
6
CONTINUOUS
10
4.93065
20
-3.64681
11
4.89915
21
-3.64681
0
LINE
8
BLACK
6
CONTINUOUS
10
4.89915
20
-3.64681
11
4.89698
21
-3.64661
0
LINE
8
BLACK
6
CONTINUOUS
10
4.89698
20
-3.64661
11
4.89294
21
-3.64504
0
LINE
8
BLACK
6
CONTINUOUS
10
4.89294
20
-3.64504
11
4.88973
21
-3.64212
0
LINE
8
BLACK
6
CONTINUOUS
10
4.88973
20
-3.64212
11
4.88779
21
-3.63823
0
LINE
8
BLACK
6
CONTINUOUS
10
4.88779
20
-3.63823
11
4.88739
21
-3.63391
0
LINE
8
BLACK
6
CONTINUOUS
10
4.88739
20
-3.63391
11
4.88858
21
-3.62974
0
LINE
8
BLACK
6
CONTINUOUS
10
4.88858
20
-3.62974
11
4.8912
21
-3.62627
0
LINE
8
BLACK
6
CONTINUOUS
10
4.8912
20
-3.62627
11
4.89489
21
-3.62399
0
LINE
8
BLACK
6
CONTINUOUS
10
4.89489
20
-3.62399
11
4.89915
21
-3.62319
0
LINE
8
BLACK
6
CONTINUOUS
10
4.89915
20
-3.62319
11
4.93065
21
-3.62319
0
LINE
8
BLACK
6
CONTINUOUS
10
4.93065
20
-3.62319
11
4.93282
21
-3.62339
0
LINE
8
BLACK
6
CONTINUOUS
10
4.93282
20
-3.28323
11
4.93687
21
-3.2848
0
LINE
8
BLACK
6
CONTINUOUS
10
4.93687
20
-3.2848
11
4.94008
21
-3.28772
0
LINE
8
BLACK
6
CONTINUOUS
10
4.94008
20
-3.28772
11
4.94201
21
-3.29161
0
LINE
8
BLACK
6
CONTINUOUS
10
4.94201
20
-3.29161
11
4.94241
21
-3.29593
0
LINE
8
BLACK
6
CONTINUOUS
10
4.94241
20
-3.29593
11
4.94122
21
-3.30011
0
LINE
8
BLACK
6
CONTINUOUS
10
4.94122
20
-3.30011
11
4.93861
21
-3.30357
0
LINE
8
BLACK
6
CONTINUOUS
10
4.93861
20
-3.30357
11
4.93492
21
-3.30586
0
LINE
8
BLACK
6
CONTINUOUS
10
4.93492
20
-3.30586
11
4.93065
21
-3.30665
0
LINE
8
BLACK
6
CONTINUOUS
10
4.93065
20
-3.30665
11
4.89915
21
-3.30665
0
LINE
8
BLACK
6
CONTINUOUS
10
4.89915
20
-3.30665
11
4.89698
21
-3.30645
0
LINE
8
BLACK
6
CONTINUOUS
10
4.89698
20
-3.30645
11
4.89294
21
-3.30488
0
LINE
8
BLACK
6
CONTINUOUS
10
4.89294
20
-3.30488
11
4.88973
21
-3.30196
0
LINE
8
BLACK
6
CONTINUOUS
10
4.88973
20
-3.30196
11
4.88779
21
-3.29807
0
LINE
8
BLACK
6
CONTINUOUS
10
4.88779
20
-3.29807
11
4.88739
21
-3.29375
0
LINE
8
BLACK
6
CONTINUOUS
10
4.88739
20
-3.29375
11
4.88858
21
-3.28958
0
LINE
8
BLACK
6
CONTINUOUS
10
4.88858
20
-3.28958
11
4.8912
21
-3.28611
0
LINE
8
BLACK
6
CONTINUOUS
10
4.8912
20
-3.28611
11
4.89489
21
-3.28383
0
LINE
8
BLACK
6
CONTINUOUS
10
4.89489
20
-3.28383
11
4.89915
21
-3.28303
0
LINE
8
BLACK
6
CONTINUOUS
10
4.89915
20
-3.28303
11
4.93065
21
-3.28303
0
LINE
8
BLACK
6
CONTINUOUS
10
4.93065
20
-3.28303
11
4.93282
21
-3.28323
0
LINE
8
BLACK
6
CONTINUOUS
10
5.10329
20
-3.62339
11
5.10734
21
-3.62496
0
LINE
8
BLACK
6
CONTINUOUS
10
5.10734
20
-3.62496
11
5.11055
21
-3.62788
0
LINE
8
BLACK
6
CONTINUOUS
10
5.11055
20
-3.62788
11
5.11248
21
-3.63177
0
LINE
8
BLACK
6
CONTINUOUS
10
5.11248
20
-3.63177
11
5.11288
21
-3.63609
0
LINE
8
BLACK
6
CONTINUOUS
10
5.11288
20
-3.63609
11
5.11169
21
-3.64026
0
LINE
8
BLACK
6
CONTINUOUS
10
5.11169
20
-3.64026
11
5.10908
21
-3.64373
0
LINE
8
BLACK
6
CONTINUOUS
10
5.10908
20
-3.64373
11
5.10539
21
-3.64601
0
LINE
8
BLACK
6
CONTINUOUS
10
5.10539
20
-3.64601
11
5.10112
21
-3.64681
0
LINE
8
BLACK
6
CONTINUOUS
10
5.10112
20
-3.64681
11
5.05781
21
-3.64681
0
LINE
8
BLACK
6
CONTINUOUS
10
5.05781
20
-3.64681
11
5.05564
21
-3.64661
0
LINE
8
BLACK
6
CONTINUOUS
10
5.05564
20
-3.64661
11
5.0516
21
-3.64504
0
LINE
8
BLACK
6
CONTINUOUS
10
5.0516
20
-3.64504
11
5.04839
21
-3.64212
0
LINE
8
BLACK
6
CONTINUOUS
10
5.04839
20
-3.64212
11
5.04645
21
-3.63823
0
LINE
8
BLACK
6
CONTINUOUS
10
5.04645
20
-3.63823
11
5.04605
21
-3.63391
0
LINE
8
BLACK
6
CONTINUOUS
10
5.04605
20
-3.63391
11
5.04724
21
-3.62974
0
LINE
8
BLACK
6
CONTINUOUS
10
5.04724
20
-3.62974
11
5.04986
21
-3.62627
0
LINE
8
BLACK
6
CONTINUOUS
10
5.04986
20
-3.62627
11
5.05355
21
-3.62399
0
LINE
8
BLACK
6
CONTINUOUS
10
5.05355
20
-3.62399
11
5.05781
21
-3.62319
0
LINE
8
BLACK
6
CONTINUOUS
10
5.05781
20
-3.62319
11
5.10112
21
-3.62319
0
LINE
8
BLACK
6
CONTINUOUS
10
5.10112
20
-3.62319
11
5.10329
21
-3.62339
0
LINE
8
BLACK
6
CONTINUOUS
10
5.10329
20
-3.28323
11
5.10734
21
-3.2848
0
LINE
8
BLACK
6
CONTINUOUS
10
5.10734
20
-3.2848
11
5.11055
21
-3.28772
0
LINE
8
BLACK
6
CONTINUOUS
10
5.11055
20
-3.28772
11
5.11248
21
-3.29161
0
LINE
8
BLACK
6
CONTINUOUS
10
5.11248
20
-3.29161
11
5.11288
21
-3.29593
0
LINE
8
BLACK
6
CONTINUOUS
10
5.11288
20
-3.29593
11
5.11169
21
-3.30011
0
LINE
8
BLACK
6
CONTINUOUS
10
5.11169
20
-3.30011
11
5.10908
21
-3.30357
0
LINE
8
BLACK
6
CONTINUOUS
10
5.10908
20
-3.30357
11
5.10539
21
-3.30586
0
LINE
8
BLACK
6
CONTINUOUS
10
5.10539
20
-3.30586
11
5.10112
21
-3.30665
0
LINE
8
BLACK
6
CONTINUOUS
10
5.10112
20
-3.30665
11
5.05781
21
-3.30665
0
LINE
8
BLACK
6
CONTINUOUS
10
5.05781
20
-3.30665
11
5.05564
21
-3.30645
0
LINE
8
BLACK
6
CONTINUOUS
10
5.05564
20
-3.30645
11
5.0516
21
-3.30488
0
LINE
8
BLACK
6
CONTINUOUS
10
5.0516
20
-3.30488
11
5.04839
21
-3.30196
0
LINE
8
BLACK
6
CONTINUOUS
10
5.04839
20
-3.30196
11
5.04645
21
-3.29807
0
LINE
8
BLACK
6
CONTINUOUS
10
5.04645
20
-3.29807
11
5.04605
21
-3.29375
0
LINE
8
BLACK
6
CONTINUOUS
10
5.04605
20
-3.29375
11
5.04724
21
-3.28958
0
LINE
8
BLACK
6
CONTINUOUS
10
5.04724
20
-3.28958
11
5.04986
21
-3.28611
0
LINE
8
BLACK
6
CONTINUOUS
10
5.04986
20
-3.28611
11
5.05355
21
-3.28383
0
LINE
8
BLACK
6
CONTINUOUS
10
5.05355
20
-3.28383
11
5.05781
21
-3.28303
0
LINE
8
BLACK
6
CONTINUOUS
10
5.05781
20
-3.28303
11
5.10112
21
-3.28303
0
LINE
8
BLACK
6
CONTINUOUS
10
5.10112
20
-3.28303
11
5.10329
21
-3.28323
0
CIRCLE
8
BLACK
10
6.63616
20
-3.76992
40
0.00688976
0
CIRCLE
8
BLACK
10
6.63616
20
-3.63492
40
0.00688976
0
CIRCLE
8
BLACK
10
6.63616
20
-3.49992
40
0.00688976
0
CIRCLE
8
BLACK
10
6.63616
20
-3.36307
40
0.00688976
0
CIRCLE
8
BLACK
10
4.96864
20
-3.73992
40
0.00688976
0
CIRCLE
8
BLACK
10
5.5899
20
-3.73992
40
0.00787402
0
CIRCLE
8
BLACK
10
6.4149
20
-2.96492
40
0.00787402
0
CIRCLE
8
BLACK
10
6.2489
20
-4.08492
40
0.00787402
0
CIRCLE
8
BLACK
10
5.2649
20
-4.36492
40
0.00787402
0
CIRCLE
8
BLACK
10
5.53237
20
-4.2253
40
0.00787402
0
CIRCLE
8
BLACK
10
4.9649
20
-3.36492
40
0.00787402
0
CIRCLE
8
BLACK
10
4.9649
20
-3.56492
40
0.00787402
0
CIRCLE
8
BLACK
10
6.1309
20
-3.92092
40
0.00787402
0
CIRCLE
8
BLACK
10
6.17624
20
-4.41492
40
0.00590551
0
CIRCLE
8
BLACK
10
6.0399
20
-3.33992
40
0.00787402
0
CIRCLE
8
BLACK
10
6.5799
20
-3.30492
40
0.00393701
0
CIRCLE
8
BLACK
10
5.2149
20
-4.48992
40
0.00787402
0
CIRCLE
8
BLACK
10
6.21358
20
-4.41492
40
0.00590551
0
CIRCLE
8
BLACK
10
5.9389
20
-4.10892
40
0.00787402
0
CIRCLE
8
BLACK
10
6.4649
20
-4.21492
40
0.00787402
0
CIRCLE
8
BLACK
10
6.2869
20
-3.76092
40
0.00787402
0
CIRCLE
8
BLACK
10
6.1089
20
-4.30692
40
0.00590551
0
CIRCLE
8
BLACK
10
5.9989
20
-4.06892
40
0.00787402
0
CIRCLE
8
BLACK
10
5.1899
20
-2.91492
40
0.00787402
0
CIRCLE
8
BLACK
10
5.7189
20
-4.29292
40
0.00590551
0
CIRCLE
8
BLACK
10
5.4649
20
-3.88992
40
0.00787402
0
CIRCLE
8
BLACK
10
6.02689
20
-4.41492
40
0.00590551
0
CIRCLE
8
BLACK
10
6.0749
20
-3.86492
40
0.00787402
0
CIRCLE
8
BLACK
10
5.9349
20
-4.06092
40
0.00787402
0
CIRCLE
8
BLACK
10
6.0629
20
-3.82292
40
0.00787402
0
CIRCLE
8
BLACK
10
5.8329
20
-4.37492
40
0.00590551
0
CIRCLE
8
BLACK
10
6.0649
20
-4.58992
40
0.00787402
0
CIRCLE
8
BLACK
10
5.7649
20
-3.11492
40
0.00787402
0
CIRCLE
8
BLACK
10
5.2649
20
-4.41492
40
0.00787402
0
CIRCLE
8
BLACK
10
6.0149
20
-3.98092
40
0.00787402
0
CIRCLE
8
BLACK
10
6.2149
20
-3.38992
40
0.00787402
0
CIRCLE
8
BLACK
10
5.63175
20
-3.74807
40
0.00787402
0
CIRCLE
8
BLACK
10
6.0449
20
-4.00892
40
0.00787402
0
CIRCLE
8
BLACK
10
6.1653
20
-4.31692
40
0.00590551
0
CIRCLE
8
BLACK
10
5.9899
20
-3.33992
40
0.00787402
0
CIRCLE
8
BLACK
10
5.2149
20
-4.53992
40
0.00787402
0
CIRCLE
8
BLACK
10
6.1289
20
-4.11492
40
0.00787402
0
CIRCLE
8
BLACK
10
5.8089
20
-4.21292
40
0.00787402
0
CIRCLE
8
BLACK
10
6.4149
20
-4.66492
40
0.00787402
0
CIRCLE
8
BLACK
10
5.9829
20
-3.95292
40
0.00787402
0
CIRCLE
8
BLACK
10
5.4149
20
-3.93992
40
0.00787402
0
CIRCLE
8
BLACK
10
6.2169
20
-3.76892
40
0.00787402
0
CIRCLE
8
BLACK
10
5.7629
20
-4.29692
40
0.00590551
0
CIRCLE
8
BLACK
10
6.2069
20
-4.01292
40
0.00787402
0
CIRCLE
8
BLACK
10
5.9669
20
-3.99092
40
0.00787402
0
CIRCLE
8
BLACK
10
5.9909
20
-4.41492
40
0.00590551
0
CIRCLE
8
BLACK
10
6.0409
20
-3.78692
40
0.00787402
0
CIRCLE
8
BLACK
10
5.4649
20
-4.01492
40
0.00787402
0
CIRCLE
8
BLACK
10
6.0769
20
-4.30092
40
0.00787402
0
CIRCLE
8
BLACK
10
6.2489
20
-4.04292
40
0.00787402
0
CIRCLE
8
BLACK
10
5.1649
20
-4.66492
40
0.00787402
0
CIRCLE
8
BLACK
10
6.0399
20
-3.38992
40
0.00787402
0
CIRCLE
8
BLACK
10
5.8929
20
-3.86892
40
0.00787402
0
CIRCLE
8
BLACK
10
5.8809
20
-4.10492
40
0.00787402
0
CIRCLE
8
BLACK
10
6.1609
20
-4.17692
40
0.00590551
0
CIRCLE
8
BLACK
10
6.1029
20
-3.89292
40
0.00787402
0
CIRCLE
8
BLACK
10
5.5149
20
-3.93992
40
0.00787402
0
CIRCLE
8
BLACK
10
5.9899
20
-3.38992
40
0.00787402
0
CIRCLE
8
BLACK
10
5.1899
20
-2.96492
40
0.00787402
0
CIRCLE
8
BLACK
10
5.1649
20
-4.76492
40
0.00787402
0
CIRCLE
8
BLACK
10
6.5349
20
-3.30492
40
0.00393701
0
CIRCLE
8
BLACK
10
5.7909
20
-4.37492
40
0.00590551
0
CIRCLE
8
BLACK
10
6.4649
20
-2.96492
40
0.00787402
0
CIRCLE
8
BLACK
10
5.1649
20
-4.71492
40
0.00787402
0
CIRCLE
8
BLACK
10
6.2269
20
-4.20292
40
0.00787402
0
CIRCLE
8
BLACK
10
5.1649
20
-4.81492
40
0.00787402
0
CIRCLE
8
BLACK
10
6.2149
20
-3.33992
40
0.00787402
0
CIRCLE
8
BLACK
10
5.8609
20
-4.29492
40
0.00590551
0
CIRCLE
8
BLACK
10
6.2949
20
-4.02992
40
0.00787402
0
CIRCLE
8
BLACK
10
5.3399
20
-4.41492
40
0.00787402
0
CIRCLE
8
BLACK
10
6.3189
20
-4.16492
40
0.00787402
0
CIRCLE
8
BLACK
10
6.0299
20
-3.25492
40
0.00787402
0
CIRCLE
8
BLACK
10
5.9229
20
-3.79092
40
0.00787402
0
CIRCLE
8
BLACK
10
5.8849
20
-4.67492
40
0.00787402
0
CIRCLE
8
BLACK
10
5.9399
20
-3.38992
40
0.00787402
0
CIRCLE
8
BLACK
10
5.8969
20
-3.82292
40
0.00787402
0
CIRCLE
8
BLACK
10
5.9589
20
-3.77292
40
0.00787402
0
CIRCLE
8
BLACK
10
5.9399
20
-3.33992
40
0.00787402
0
CIRCLE
8
BLACK
10
5.9389
20
-4.01892
40
0.00787402
0
CIRCLE
8
BLACK
10
6.4399
20
-4.61492
40
0.00787402
0
CIRCLE
8
BLACK
10
6.2489
20
-4.12892
40
0.00787402
0
CIRCLE
8
BLACK
10
6.10156
20
-4.41492
40
0.00590551
0
CIRCLE
8
BLACK
10
6.06422
20
-4.41492
40
0.00590551
0
CIRCLE
8
BLACK
10
5.9049
20
-3.91292
40
0.00787402
0
CIRCLE
8
BLACK
10
4.9649
20
-3.41492
40
0.00787402
0
CIRCLE
8
BLACK
10
6.16683
20
-4.35846
40
0.00393701
0
CIRCLE
8
BLACK
10
6.4399
20
-4.13992
40
0.00787402
0
CIRCLE
8
BLACK
10
5.9399
20
-3.11492
40
0.00787402
0
CIRCLE
8
BLACK
10
6.3699
20
-3.39992
40
0.00393701
0
CIRCLE
8
BLACK
10
6.1269
20
-4.07092
40
0.00787402
0
CIRCLE
8
BLACK
10
5.9949
20
-4.30092
40
0.00787402
0
CIRCLE
8
BLACK
10
5.8329
20
-4.42692
40
0.00787402
0
CIRCLE
8
BLACK
10
4.9649
20
-3.46492
40
0.00787402
0
CIRCLE
8
BLACK
10
5.2899
20
-4.06492
40
0.00787402
0
CIRCLE
8
BLACK
10
5.7909
20
-4.32492
40
0.00590551
0
CIRCLE
8
BLACK
10
5.7649
20
-3.06492
40
0.00787402
0
CIRCLE
8
BLACK
10
6.0009
20
-4.15292
40
0.00787402
0
CIRCLE
8
BLACK
10
6.1269
20
-3.79492
40
0.00787402
0
CIRCLE
8
BLACK
10
4.9649
20
-3.51492
40
0.00787402
0
CIRCLE
8
BLACK
10
5.2649
20
-4.53992
40
0.00787402
0
CIRCLE
8
BLACK
10
6.2249
20
-3.91492
40
0.00787402
0
CIRCLE
8
BLACK
10
5.8949
20
-3.99092
40
0.00787402
0
CIRCLE
8
BLACK
10
5.9049
20
-4.28492
40
0.00787402
0
CIRCLE
8
BLACK
10
6.0359
20
-4.30092
40
0.00787402
0
CIRCLE
8
BLACK
10
6.3249
20
-4.06492
40
0.00787402
0
CIRCLE
8
BLACK
10
5.2149
20
-4.21492
40
0.00787402
0
CIRCLE
8
BLACK
10
5.3399
20
-4.36492
40
0.00787402
0
CIRCLE
8
BLACK
10
6.2649
20
-3.38992
40
0.00787402
0
CIRCLE
8
BLACK
10
5.7869
20
-4.42892
40
0.00787402
0
CIRCLE
8
BLACK
10
5.2649
20
-4.48992
40
0.00787402
0
CIRCLE
8
BLACK
10
6.7649
20
-4.31492
40
0.00787402
0
CIRCLE
8
BLACK
10
6.2649
20
-3.33992
40
0.00787402
0
CIRCLE
8
BLACK
10
5.9449
20
-4.16692
40
0.00787402
0
CIRCLE
8
BLACK
10
5.9509
20
-4.29092
40
0.00787402
0
CIRCLE
8
BLACK
10
5.6709
20
-4.23292
40
0.00787402
0
CIRCLE
8
BLACK
10
6.1329
20
-4.15492
40
0.00590551
0
CIRCLE
8
BLACK
10
5.6649
20
-4.30492
40
0.00590551
0
CIRCLE
8
BLACK
10
5.9399
20
-3.28992
40
0.00787402
0
CIRCLE
8
BLACK
10
6.1389
20
-4.41492
40
0.00590551
0
CIRCLE
8
BLACK
10
6.2529
20
-4.17292
40
0.00787402
0
CIRCLE
8
BLACK
10
5.9389
20
-3.94292
40
0.00787402
0
CIRCLE
8
BLACK
10
6.0009
20
-3.77292
40
0.00787402
0
CIRCLE
8
BLACK
10
5.8649
20
-3.06492
40
0.00787402
0
CIRCLE
8
BLACK
10
5.8309
20
-4.32292
40
0.00590551
0
CIRCLE
8
BLACK
10
5.9293
20
-3.5652
40
0.00787402
0
CIRCLE
8
BLACK
10
5.0649
20
-3.93992
40
0.00787402
0
CIRCLE
8
BLACK
10
5.7849
20
-3.47492
40
0.00787402
0
CIRCLE
8
BLACK
10
5.7849
20
-3.17492
40
0.00787402
0
CIRCLE
8
BLACK
10
5.7949
20
-4.12492
40
0.00787402
0
CIRCLE
8
BLACK
10
6.2149
20
-2.97492
40
0.00787402
0
CIRCLE
8
BLACK
10
6.76821
20
-3.48823
40
0.00590551
0
CIRCLE
8
BLACK
10
5.9749
20
-4.68492
40
0.00787402
0
CIRCLE
8
BLACK
10
5.2049
20
-3.10992
40
0.00590551
0
CIRCLE
8
BLACK
10
6.6349
20
-4.31492
40
0.00787402
0
CIRCLE
8
BLACK
10
6.3474
20
-3.10742
40
0.00590551
0
CIRCLE
8
BLACK
10
5.39074
20
-4.51676
40
0.00787402
0
CIRCLE
8
BLACK
10
6.24528
20
-3.16954
40
0.00787402
0
CIRCLE
8
BLACK
10
6.0649
20
-3.16992
40
0.00787402
0
CIRCLE
8
BLACK
10
6.2849
20
-3.70492
40
0.00787402
0
CIRCLE
8
BLACK
10
5.4949
20
-4.30492
40
0.00787402
0
CIRCLE
8
BLACK
10
5.0549
20
-4.35492
40
0.00787402
0
CIRCLE
8
BLACK
10
6.3349
20
-3.83492
40
0.00787402
0
CIRCLE
8
BLACK
10
6.1649
20
-3.13646
40
0.00787402
0
CIRCLE
8
BLACK
10
6.40644
20
-4.10551
40
0.00787402
0
CIRCLE
8
BLACK
10
5.3699
20
-4.58492
40
0.00787402
0
CIRCLE
8
BLACK
10
6.31215
20
-4.52271
40
0.00787402
0
CIRCLE
8
BLACK
10
5.46144
20
-4.26599
40
0.00787402
0
CIRCLE
8
BLACK
10
6.25191
20
-3.57193
40
0.00787402
0
CIRCLE
8
BLACK
10
5.0499
20
-4.29992
40
0.00787402
0
CIRCLE
8
BLACK
10
5.3909
20
-4.46492
40
0.00787402
0
CIRCLE
8
BLACK
10
6.1149
20
-3.28992
40
0.00787402
0
CIRCLE
8
BLACK
10
5.5699
20
-4.58492
40
0.00787402
0
CIRCLE
8
BLACK
10
6.2149
20
-4.58492
40
0.00787402
0
CIRCLE
8
BLACK
10
4.8829
20
-4.10492
40
0.00787402
0
CIRCLE
8
BLACK
10
5.66683
20
-4.58532
40
0.00787402
0
CIRCLE
8
BLACK
10
5.6449
20
-3.23492
40
0.00787402
0
CIRCLE
8
BLACK
10
5.27144
20
-3.26434
40
0.00787402
0
CIRCLE
8
BLACK
10
5.7249
20
-4.58492
40
0.00787402
0
CIRCLE
8
BLACK
10
5.2699
20
-3.71992
40
0.00787402
0
CIRCLE
8
BLACK
10
4.8809
20
-4.02492
40
0.00787402
0
CIRCLE
8
BLACK
10
4.8799
20
-4.26492
40
0.00787402
0
CIRCLE
8
BLACK
10
5.4749
20
-3.25941
40
0.00787402
0
CIRCLE
8
BLACK
10
4.8849
20
-4.18492
40
0.00787402
0
CIRCLE
8
BLACK
10
5.5549
20
-3.24492
40
0.00787402
0
CIRCLE
8
BLACK
10
5.3399
20
-3.16492
40
0.00787402
0
CIRCLE
8
BLACK
10
5.7499
20
-3.61492
40
0.00787402
0
CIRCLE
8
BLACK
10
5.78015
20
-3.58972
40
0.00787402
0
CIRCLE
8
BLACK
10
5.3949
20
-3.16492
40
0.00787402
0
CIRCLE
8
BLACK
10
5.4599
20
-3.71992
40
0.00787402
0
CIRCLE
8
BLACK
10
4.8849
20
-4.34492
40
0.00787402
0
CIRCLE
8
BLACK
10
5.4549
20
-3.16492
40
0.00787402
0
CIRCLE
8
BLACK
10
5.2749
20
-3.11492
40
0.00787402
0
CIRCLE
8
BLACK
10
5.58872
20
-3.15374
40
0.00787402
0
CIRCLE
8
BLACK
10
5.53774
20
-3.58819
40
0.00787402
0
CIRCLE
8
BLACK
10
5.76206
20
-3.87708
40
0.00787402
0
CIRCLE
8
BLACK
10
5.8049
20
-3.86992
40
0.00787402
0
CIRCLE
8
BLACK
10
5.53774
20
-3.54685
40
0.00787402
0
CIRCLE
8
BLACK
10
5.41824
20
-4.59158
40
0.00787402
0
CIRCLE
8
BLACK
10
6.0149
20
-3.14992
40
0.00787402
0
CIRCLE
8
BLACK
10
5.1849
20
-3.36492
40
0.00787402
0
CIRCLE
8
BLACK
10
5.16439
20
-3.55941
40
0.00787402
0
CIRCLE
8
BLACK
10
5.32746
20
-3.55992
40
0.00787402
0
CIRCLE
8
BLACK
10
5.31254
20
-3.39209
40
0.00787402
0
CIRCLE
8
BLACK
10
5.22435
20
-3.27634
40
0.00787402
  0
ENDSEC
  0
EOF
