  0
SECTION
  2
HEADER
  9
$ANGBASE
  50
0.0
  9
$ANGDIR
  70
1
  9
$MEASUREMENT
  70
0
  0
ENDSEC
  0
SECTION
  2
TABLES
  0
TABLE
  2
LTYPE
  70
4
  0
LTYPE
  5
40F
  2
CONTINUOUS
  70
0
  3
Solid line
  72
65
  73
0
  40
0.0
  0
LTYPE
  5
410
  2
DASHDOT
 70
0
  3
Dash Dot ____ _ ____ _
 72
65
 73
4
 40
2.0
 49
1.25
 49
-0.25
 49
0.25
 49
-0.25
  0
LTYPE
  5
411
  2
DASHED
 70
0
  3
Dashed __ __ __ __ __
 72
65
 73
2
 40
0.75
 49
0.5
 49
-0.25
  0
LTYPE
  5
43B
  2
DOTTED
 70
0
  3
Dotted .  .  .  .
 72
65
 73
2
 40
0.2
 49
0.0
 49
-0.2
  0
ENDTAB
  0
TABLE
  2
STYLE
  70
4
  0
STYLE
  2
KICAD
  70
0
  40
0
  41
1
  42
1
  50
0
  71
0
  3
isocp.shx
  0
STYLE
  2
KICADB
  70
0
  40
0
  41
1
  42
1
  50
0
  71
0
  3
isocp.shx
  0
STYLE
  2
KICADI
  70
0
  40
0
  41
1
  42
1
  50
15
  71
0
  3
isocp.shx
  0
STYLE
  2
KICADBI
  70
0
  40
0
  41
1
  42
1
  50
15
  71
0
  3
isocp.shx
  0
ENDTAB
  0
TABLE
  2
LAYER
  70
1
  0
LAYER
  2
BLACK
  70
0
  62
7
  6
CONTINUOUS
  0
ENDTAB
  0
ENDSEC
  0
SECTION
  2
ENTITIES
0
LINE
8
BLACK
6
CONTINUOUS
10
6.36165
20
-4.82589
11
6.36234
21
-4.82756
0
LINE
8
BLACK
6
CONTINUOUS
10
6.36234
20
-4.82756
11
6.36165
21
-4.82923
0
LINE
8
BLACK
6
CONTINUOUS
10
6.36165
20
-4.82923
11
6.35998
21
-4.82992
0
LINE
8
BLACK
6
CONTINUOUS
10
6.35998
20
-4.82992
11
6.12652
21
-4.82992
0
LINE
8
BLACK
6
CONTINUOUS
10
6.12652
20
-4.82992
11
6.12485
21
-4.82923
0
LINE
8
BLACK
6
CONTINUOUS
10
6.12485
20
-4.82923
11
6.12415
21
-4.82756
0
LINE
8
BLACK
6
CONTINUOUS
10
6.12415
20
-4.82756
11
6.12485
21
-4.82589
0
LINE
8
BLACK
6
CONTINUOUS
10
6.12485
20
-4.82589
11
6.12652
21
-4.8252
0
LINE
8
BLACK
6
CONTINUOUS
10
6.12652
20
-4.8252
11
6.35998
21
-4.8252
0
LINE
8
BLACK
6
CONTINUOUS
10
6.35998
20
-4.8252
11
6.36165
21
-4.82589
0
LINE
8
BLACK
6
CONTINUOUS
10
5.81094
20
-4.82404
11
5.81163
21
-4.82571
0
LINE
8
BLACK
6
CONTINUOUS
10
5.81163
20
-4.82571
11
5.81094
21
-4.82738
0
LINE
8
BLACK
6
CONTINUOUS
10
5.81094
20
-4.82738
11
5.80927
21
-4.82807
0
LINE
8
BLACK
6
CONTINUOUS
10
5.80927
20
-4.82807
11
5.28053
21
-4.82807
0
LINE
8
BLACK
6
CONTINUOUS
10
5.28053
20
-4.82807
11
5.27886
21
-4.82738
0
LINE
8
BLACK
6
CONTINUOUS
10
5.27886
20
-4.82738
11
5.27817
21
-4.82571
0
LINE
8
BLACK
6
CONTINUOUS
10
5.27817
20
-4.82571
11
5.27886
21
-4.82404
0
LINE
8
BLACK
6
CONTINUOUS
10
5.27886
20
-4.82404
11
5.28053
21
-4.82335
0
LINE
8
BLACK
6
CONTINUOUS
10
5.28053
20
-4.82335
11
5.80927
21
-4.82335
0
LINE
8
BLACK
6
CONTINUOUS
10
5.80927
20
-4.82335
11
5.81094
21
-4.82404
0
LINE
8
BLACK
6
CONTINUOUS
10
6.03653
20
-4.56065
11
6.03722
21
-4.56232
0
LINE
8
BLACK
6
CONTINUOUS
10
6.03722
20
-4.56232
11
6.03722
21
-4.77492
0
LINE
8
BLACK
6
CONTINUOUS
10
6.03722
20
-4.77492
11
6.03653
21
-4.77659
0
LINE
8
BLACK
6
CONTINUOUS
10
6.03653
20
-4.77659
11
6.03486
21
-4.77728
0
LINE
8
BLACK
6
CONTINUOUS
10
6.03486
20
-4.77728
11
6.03319
21
-4.77659
0
LINE
8
BLACK
6
CONTINUOUS
10
6.03319
20
-4.77659
11
6.0325
21
-4.77492
0
LINE
8
BLACK
6
CONTINUOUS
10
6.0325
20
-4.77492
11
6.0325
21
-4.56469
0
LINE
8
BLACK
6
CONTINUOUS
10
6.0325
20
-4.56469
11
5.9073
21
-4.56469
0
LINE
8
BLACK
6
CONTINUOUS
10
5.9073
20
-4.56469
11
5.9073
21
-4.77492
0
LINE
8
BLACK
6
CONTINUOUS
10
5.9073
20
-4.77492
11
5.90661
21
-4.77659
0
LINE
8
BLACK
6
CONTINUOUS
10
5.90661
20
-4.77659
11
5.90494
21
-4.77728
0
LINE
8
BLACK
6
CONTINUOUS
10
5.90494
20
-4.77728
11
5.90327
21
-4.77659
0
LINE
8
BLACK
6
CONTINUOUS
10
5.90327
20
-4.77659
11
5.90258
21
-4.77492
0
LINE
8
BLACK
6
CONTINUOUS
10
5.90258
20
-4.77492
11
5.90258
21
-4.56232
0
LINE
8
BLACK
6
CONTINUOUS
10
5.90258
20
-4.56232
11
5.90327
21
-4.56065
0
LINE
8
BLACK
6
CONTINUOUS
10
5.90327
20
-4.56065
11
5.90494
21
-4.55996
0
LINE
8
BLACK
6
CONTINUOUS
10
5.90494
20
-4.55996
11
6.03486
21
-4.55996
0
LINE
8
BLACK
6
CONTINUOUS
10
6.03486
20
-4.55996
11
6.03653
21
-4.56065
0
LINE
8
BLACK
6
CONTINUOUS
10
6.14905
20
-4.65778
11
6.14974
21
-4.65945
0
LINE
8
BLACK
6
CONTINUOUS
10
6.14974
20
-4.65945
11
6.14905
21
-4.66112
0
LINE
8
BLACK
6
CONTINUOUS
10
6.14905
20
-4.66112
11
6.14738
21
-4.66181
0
LINE
8
BLACK
6
CONTINUOUS
10
6.14738
20
-4.66181
11
6.07888
21
-4.66181
0
LINE
8
BLACK
6
CONTINUOUS
10
6.07888
20
-4.66181
11
6.07888
21
-4.71654
0
LINE
8
BLACK
6
CONTINUOUS
10
6.07888
20
-4.71654
11
6.07819
21
-4.71821
0
LINE
8
BLACK
6
CONTINUOUS
10
6.07819
20
-4.71821
11
6.07652
21
-4.7189
0
LINE
8
BLACK
6
CONTINUOUS
10
6.07652
20
-4.7189
11
6.07485
21
-4.71821
0
LINE
8
BLACK
6
CONTINUOUS
10
6.07485
20
-4.71821
11
6.07415
21
-4.71654
0
LINE
8
BLACK
6
CONTINUOUS
10
6.07415
20
-4.71654
11
6.07415
21
-4.65945
0
LINE
8
BLACK
6
CONTINUOUS
10
6.07415
20
-4.65945
11
6.07485
21
-4.65778
0
LINE
8
BLACK
6
CONTINUOUS
10
6.07485
20
-4.65778
11
6.07652
21
-4.65709
0
LINE
8
BLACK
6
CONTINUOUS
10
6.07652
20
-4.65709
11
6.14738
21
-4.65709
0
LINE
8
BLACK
6
CONTINUOUS
10
6.14738
20
-4.65709
11
6.14905
21
-4.65778
0
LINE
8
BLACK
6
CONTINUOUS
10
6.41234
20
-4.65945
11
6.41234
21
-4.71654
0
LINE
8
BLACK
6
CONTINUOUS
10
6.41234
20
-4.71654
11
6.41165
21
-4.71821
0
LINE
8
BLACK
6
CONTINUOUS
10
6.41165
20
-4.71821
11
6.40998
21
-4.7189
0
LINE
8
BLACK
6
CONTINUOUS
10
6.40998
20
-4.7189
11
6.40831
21
-4.71821
0
LINE
8
BLACK
6
CONTINUOUS
10
6.40831
20
-4.71821
11
6.40762
21
-4.71654
0
LINE
8
BLACK
6
CONTINUOUS
10
6.40762
20
-4.71654
11
6.40762
21
-4.66181
0
LINE
8
BLACK
6
CONTINUOUS
10
6.40762
20
-4.66181
11
6.33911
21
-4.66181
0
LINE
8
BLACK
6
CONTINUOUS
10
6.33911
20
-4.66181
11
6.33744
21
-4.66112
0
LINE
8
BLACK
6
CONTINUOUS
10
6.33744
20
-4.66112
11
6.33675
21
-4.65945
0
LINE
8
BLACK
6
CONTINUOUS
10
6.33675
20
-4.65945
11
6.33675
21
-4.62047
0
LINE
8
BLACK
6
CONTINUOUS
10
6.33675
20
-4.62047
11
6.33744
21
-4.6188
0
LINE
8
BLACK
6
CONTINUOUS
10
6.33744
20
-4.6188
11
6.33911
21
-4.61811
0
LINE
8
BLACK
6
CONTINUOUS
10
6.33911
20
-4.61811
11
6.34078
21
-4.6188
0
LINE
8
BLACK
6
CONTINUOUS
10
6.34078
20
-4.6188
11
6.34148
21
-4.62047
0
LINE
8
BLACK
6
CONTINUOUS
10
6.34148
20
-4.62047
11
6.34148
21
-4.65709
0
LINE
8
BLACK
6
CONTINUOUS
10
6.34148
20
-4.65709
11
6.40998
21
-4.65709
0
LINE
8
BLACK
6
CONTINUOUS
10
6.40998
20
-4.65709
11
6.41165
21
-4.65778
0
LINE
8
BLACK
6
CONTINUOUS
10
6.41165
20
-4.65778
11
6.41234
21
-4.65945
0
LINE
8
BLACK
6
CONTINUOUS
10
5.30307
20
-4.65593
11
5.30376
21
-4.6576
0
LINE
8
BLACK
6
CONTINUOUS
10
5.30376
20
-4.6576
11
5.30307
21
-4.65927
0
LINE
8
BLACK
6
CONTINUOUS
10
5.30307
20
-4.65927
11
5.3014
21
-4.65996
0
LINE
8
BLACK
6
CONTINUOUS
10
5.3014
20
-4.65996
11
5.23289
21
-4.65996
0
LINE
8
BLACK
6
CONTINUOUS
10
5.23289
20
-4.65996
11
5.23289
21
-4.71469
0
LINE
8
BLACK
6
CONTINUOUS
10
5.23289
20
-4.71469
11
5.2322
21
-4.71636
0
LINE
8
BLACK
6
CONTINUOUS
10
5.2322
20
-4.71636
11
5.23053
21
-4.71705
0
LINE
8
BLACK
6
CONTINUOUS
10
5.23053
20
-4.71705
11
5.22886
21
-4.71636
0
LINE
8
BLACK
6
CONTINUOUS
10
5.22886
20
-4.71636
11
5.22817
21
-4.71469
0
LINE
8
BLACK
6
CONTINUOUS
10
5.22817
20
-4.71469
11
5.22817
21
-4.6576
0
LINE
8
BLACK
6
CONTINUOUS
10
5.22817
20
-4.6576
11
5.22886
21
-4.65593
0
LINE
8
BLACK
6
CONTINUOUS
10
5.22886
20
-4.65593
11
5.23053
21
-4.65524
0
LINE
8
BLACK
6
CONTINUOUS
10
5.23053
20
-4.65524
11
5.3014
21
-4.65524
0
LINE
8
BLACK
6
CONTINUOUS
10
5.3014
20
-4.65524
11
5.30307
21
-4.65593
0
LINE
8
BLACK
6
CONTINUOUS
10
5.86163
20
-4.6576
11
5.86163
21
-4.71469
0
LINE
8
BLACK
6
CONTINUOUS
10
5.86163
20
-4.71469
11
5.86094
21
-4.71636
0
LINE
8
BLACK
6
CONTINUOUS
10
5.86094
20
-4.71636
11
5.85927
21
-4.71705
0
LINE
8
BLACK
6
CONTINUOUS
10
5.85927
20
-4.71705
11
5.8576
21
-4.71636
0
LINE
8
BLACK
6
CONTINUOUS
10
5.8576
20
-4.71636
11
5.85691
21
-4.71469
0
LINE
8
BLACK
6
CONTINUOUS
10
5.85691
20
-4.71469
11
5.85691
21
-4.65996
0
LINE
8
BLACK
6
CONTINUOUS
10
5.85691
20
-4.65996
11
5.78841
21
-4.65996
0
LINE
8
BLACK
6
CONTINUOUS
10
5.78841
20
-4.65996
11
5.78674
21
-4.65927
0
LINE
8
BLACK
6
CONTINUOUS
10
5.78674
20
-4.65927
11
5.78604
21
-4.6576
0
LINE
8
BLACK
6
CONTINUOUS
10
5.78604
20
-4.6576
11
5.78604
21
-4.61862
0
LINE
8
BLACK
6
CONTINUOUS
10
5.78604
20
-4.61862
11
5.78674
21
-4.61695
0
LINE
8
BLACK
6
CONTINUOUS
10
5.78674
20
-4.61695
11
5.78841
21
-4.61626
0
LINE
8
BLACK
6
CONTINUOUS
10
5.78841
20
-4.61626
11
5.79008
21
-4.61695
0
LINE
8
BLACK
6
CONTINUOUS
10
5.79008
20
-4.61695
11
5.79077
21
-4.61862
0
LINE
8
BLACK
6
CONTINUOUS
10
5.79077
20
-4.61862
11
5.79077
21
-4.65524
0
LINE
8
BLACK
6
CONTINUOUS
10
5.79077
20
-4.65524
11
5.85927
21
-4.65524
0
LINE
8
BLACK
6
CONTINUOUS
10
5.85927
20
-4.65524
11
5.86094
21
-4.65593
0
LINE
8
BLACK
6
CONTINUOUS
10
5.86094
20
-4.65593
11
5.86163
21
-4.6576
0
LINE
8
BLACK
6
CONTINUOUS
10
6.25863
20
-4.54977
11
6.25932
21
-4.55167
0
LINE
8
BLACK
6
CONTINUOUS
10
6.25932
20
-4.55167
11
6.25932
21
-4.57931
0
LINE
8
BLACK
6
CONTINUOUS
10
6.25932
20
-4.57931
11
6.26083
21
-4.58382
0
LINE
8
BLACK
6
CONTINUOUS
10
6.26083
20
-4.58382
11
6.26359
21
-4.58658
0
LINE
8
BLACK
6
CONTINUOUS
10
6.26359
20
-4.58658
11
6.2681
21
-4.58809
0
LINE
8
BLACK
6
CONTINUOUS
10
6.2681
20
-4.58809
11
6.27137
21
-4.58809
0
LINE
8
BLACK
6
CONTINUOUS
10
6.27137
20
-4.58809
11
6.27238
21
-4.58826
0
LINE
8
BLACK
6
CONTINUOUS
10
6.27238
20
-4.58826
11
6.27393
21
-4.58956
0
LINE
8
BLACK
6
CONTINUOUS
10
6.27393
20
-4.58956
11
6.27428
21
-4.59155
0
LINE
8
BLACK
6
CONTINUOUS
10
6.27428
20
-4.59155
11
6.27327
21
-4.5933
0
LINE
8
BLACK
6
CONTINUOUS
10
6.27327
20
-4.5933
11
6.27137
21
-4.59399
0
LINE
8
BLACK
6
CONTINUOUS
10
6.27137
20
-4.59399
11
6.26762
21
-4.59399
0
LINE
8
BLACK
6
CONTINUOUS
10
6.26762
20
-4.59399
11
6.26675
21
-4.59384
0
LINE
8
BLACK
6
CONTINUOUS
10
6.26675
20
-4.59384
11
6.26669
21
-4.59384
0
LINE
8
BLACK
6
CONTINUOUS
10
6.26669
20
-4.59384
11
6.26106
21
-4.59197
0
LINE
8
BLACK
6
CONTINUOUS
10
6.26106
20
-4.59197
11
6.26016
21
-4.59148
0
LINE
8
BLACK
6
CONTINUOUS
10
6.26016
20
-4.59148
11
6.26007
21
-4.59133
0
LINE
8
BLACK
6
CONTINUOUS
10
6.26007
20
-4.59133
11
6.25991
21
-4.59125
0
LINE
8
BLACK
6
CONTINUOUS
10
6.25991
20
-4.59125
11
6.25616
21
-4.5875
0
LINE
8
BLACK
6
CONTINUOUS
10
6.25616
20
-4.5875
11
6.25557
21
-4.58666
0
LINE
8
BLACK
6
CONTINUOUS
10
6.25557
20
-4.58666
11
6.25555
21
-4.58649
0
LINE
8
BLACK
6
CONTINUOUS
10
6.25555
20
-4.58649
11
6.25544
21
-4.58635
0
LINE
8
BLACK
6
CONTINUOUS
10
6.25544
20
-4.58635
11
6.25357
21
-4.58072
0
LINE
8
BLACK
6
CONTINUOUS
10
6.25357
20
-4.58072
11
6.25344
21
-4.57985
0
LINE
8
BLACK
6
CONTINUOUS
10
6.25344
20
-4.57985
11
6.25342
21
-4.57979
0
LINE
8
BLACK
6
CONTINUOUS
10
6.25342
20
-4.57979
11
6.25342
21
-4.55167
0
LINE
8
BLACK
6
CONTINUOUS
10
6.25342
20
-4.55167
11
6.2536
21
-4.55066
0
LINE
8
BLACK
6
CONTINUOUS
10
6.2536
20
-4.55066
11
6.25489
21
-4.54911
0
LINE
8
BLACK
6
CONTINUOUS
10
6.25489
20
-4.54911
11
6.25688
21
-4.54876
0
LINE
8
BLACK
6
CONTINUOUS
10
6.25688
20
-4.54876
11
6.25863
21
-4.54977
0
LINE
8
BLACK
6
CONTINUOUS
10
6.23167
20
-4.54728
11
6.23293
21
-4.54886
0
LINE
8
BLACK
6
CONTINUOUS
10
6.23293
20
-4.54886
11
6.2423
21
-4.57698
0
LINE
8
BLACK
6
CONTINUOUS
10
6.2423
20
-4.57698
11
6.24245
21
-4.578
0
LINE
8
BLACK
6
CONTINUOUS
10
6.24245
20
-4.578
11
6.24237
21
-4.57821
0
LINE
8
BLACK
6
CONTINUOUS
10
6.24237
20
-4.57821
11
6.24241
21
-4.57843
0
LINE
8
BLACK
6
CONTINUOUS
10
6.24241
20
-4.57843
11
6.242
21
-4.57913
0
LINE
8
BLACK
6
CONTINUOUS
10
6.242
20
-4.57913
11
6.24171
21
-4.57987
0
LINE
8
BLACK
6
CONTINUOUS
10
6.24171
20
-4.57987
11
6.24151
21
-4.57998
0
LINE
8
BLACK
6
CONTINUOUS
10
6.24151
20
-4.57998
11
6.2414
21
-4.58018
0
LINE
8
BLACK
6
CONTINUOUS
10
6.2414
20
-4.58018
11
6.24064
21
-4.58045
0
LINE
8
BLACK
6
CONTINUOUS
10
6.24064
20
-4.58045
11
6.23993
21
-4.58084
0
LINE
8
BLACK
6
CONTINUOUS
10
6.23993
20
-4.58084
11
6.23971
21
-4.58079
0
LINE
8
BLACK
6
CONTINUOUS
10
6.23971
20
-4.58079
11
6.2395
21
-4.58087
0
LINE
8
BLACK
6
CONTINUOUS
10
6.2395
20
-4.58087
11
6.2237
21
-4.58087
0
LINE
8
BLACK
6
CONTINUOUS
10
6.2237
20
-4.58087
11
6.2237
21
-4.59104
0
LINE
8
BLACK
6
CONTINUOUS
10
6.2237
20
-4.59104
11
6.22353
21
-4.59205
0
LINE
8
BLACK
6
CONTINUOUS
10
6.22353
20
-4.59205
11
6.22223
21
-4.5936
0
LINE
8
BLACK
6
CONTINUOUS
10
6.22223
20
-4.5936
11
6.22024
21
-4.59395
0
LINE
8
BLACK
6
CONTINUOUS
10
6.22024
20
-4.59395
11
6.21849
21
-4.59294
0
LINE
8
BLACK
6
CONTINUOUS
10
6.21849
20
-4.59294
11
6.2178
21
-4.59104
0
LINE
8
BLACK
6
CONTINUOUS
10
6.2178
20
-4.59104
11
6.2178
21
-4.58087
0
LINE
8
BLACK
6
CONTINUOUS
10
6.2178
20
-4.58087
11
6.21513
21
-4.58087
0
LINE
8
BLACK
6
CONTINUOUS
10
6.21513
20
-4.58087
11
6.21412
21
-4.58069
0
LINE
8
BLACK
6
CONTINUOUS
10
6.21412
20
-4.58069
11
6.21257
21
-4.57939
0
LINE
8
BLACK
6
CONTINUOUS
10
6.21257
20
-4.57939
11
6.21222
21
-4.5774
0
LINE
8
BLACK
6
CONTINUOUS
10
6.21222
20
-4.5774
11
6.21323
21
-4.57565
0
LINE
8
BLACK
6
CONTINUOUS
10
6.21323
20
-4.57565
11
6.21513
21
-4.57496
0
LINE
8
BLACK
6
CONTINUOUS
10
6.21513
20
-4.57496
11
6.2178
21
-4.57496
0
LINE
8
BLACK
6
CONTINUOUS
10
6.2178
20
-4.57496
11
6.2178
21
-4.56479
0
LINE
8
BLACK
6
CONTINUOUS
10
6.2178
20
-4.56479
11
6.21798
21
-4.56378
0
LINE
8
BLACK
6
CONTINUOUS
10
6.21798
20
-4.56378
11
6.21927
21
-4.56223
0
LINE
8
BLACK
6
CONTINUOUS
10
6.21927
20
-4.56223
11
6.22126
21
-4.56188
0
LINE
8
BLACK
6
CONTINUOUS
10
6.22126
20
-4.56188
11
6.22301
21
-4.56289
0
LINE
8
BLACK
6
CONTINUOUS
10
6.22301
20
-4.56289
11
6.2237
21
-4.56479
0
LINE
8
BLACK
6
CONTINUOUS
10
6.2237
20
-4.56479
11
6.2237
21
-4.57496
0
LINE
8
BLACK
6
CONTINUOUS
10
6.2237
20
-4.57496
11
6.2354
21
-4.57496
0
LINE
8
BLACK
6
CONTINUOUS
10
6.2354
20
-4.57496
11
6.22732
21
-4.55073
0
LINE
8
BLACK
6
CONTINUOUS
10
6.22732
20
-4.55073
11
6.22717
21
-4.54971
0
LINE
8
BLACK
6
CONTINUOUS
10
6.22717
20
-4.54971
11
6.22792
21
-4.54783
0
LINE
8
BLACK
6
CONTINUOUS
10
6.22792
20
-4.54783
11
6.22969
21
-4.54687
0
LINE
8
BLACK
6
CONTINUOUS
10
6.22969
20
-4.54687
11
6.23167
21
-4.54728
0
LINE
8
BLACK
6
CONTINUOUS
10
5.56029
20
-4.54792
11
5.56098
21
-4.54982
0
LINE
8
BLACK
6
CONTINUOUS
10
5.56098
20
-4.54982
11
5.56098
21
-4.57746
0
LINE
8
BLACK
6
CONTINUOUS
10
5.56098
20
-4.57746
11
5.56248
21
-4.58197
0
LINE
8
BLACK
6
CONTINUOUS
10
5.56248
20
-4.58197
11
5.56524
21
-4.58473
0
LINE
8
BLACK
6
CONTINUOUS
10
5.56524
20
-4.58473
11
5.56975
21
-4.58624
0
LINE
8
BLACK
6
CONTINUOUS
10
5.56975
20
-4.58624
11
5.57302
21
-4.58624
0
LINE
8
BLACK
6
CONTINUOUS
10
5.57302
20
-4.58624
11
5.57403
21
-4.58641
0
LINE
8
BLACK
6
CONTINUOUS
10
5.57403
20
-4.58641
11
5.57558
21
-4.58771
0
LINE
8
BLACK
6
CONTINUOUS
10
5.57558
20
-4.58771
11
5.57593
21
-4.5897
0
LINE
8
BLACK
6
CONTINUOUS
10
5.57593
20
-4.5897
11
5.57492
21
-4.59145
0
LINE
8
BLACK
6
CONTINUOUS
10
5.57492
20
-4.59145
11
5.57302
21
-4.59214
0
LINE
8
BLACK
6
CONTINUOUS
10
5.57302
20
-4.59214
11
5.56927
21
-4.59214
0
LINE
8
BLACK
6
CONTINUOUS
10
5.56927
20
-4.59214
11
5.5684
21
-4.59199
0
LINE
8
BLACK
6
CONTINUOUS
10
5.5684
20
-4.59199
11
5.56834
21
-4.59199
0
LINE
8
BLACK
6
CONTINUOUS
10
5.56834
20
-4.59199
11
5.56272
21
-4.59011
0
LINE
8
BLACK
6
CONTINUOUS
10
5.56272
20
-4.59011
11
5.56181
21
-4.58963
0
LINE
8
BLACK
6
CONTINUOUS
10
5.56181
20
-4.58963
11
5.56172
21
-4.58948
0
LINE
8
BLACK
6
CONTINUOUS
10
5.56172
20
-4.58948
11
5.56156
21
-4.5894
0
LINE
8
BLACK
6
CONTINUOUS
10
5.56156
20
-4.5894
11
5.55781
21
-4.58565
0
LINE
8
BLACK
6
CONTINUOUS
10
5.55781
20
-4.58565
11
5.55722
21
-4.58481
0
LINE
8
BLACK
6
CONTINUOUS
10
5.55722
20
-4.58481
11
5.55721
21
-4.58464
0
LINE
8
BLACK
6
CONTINUOUS
10
5.55721
20
-4.58464
11
5.5571
21
-4.5845
0
LINE
8
BLACK
6
CONTINUOUS
10
5.5571
20
-4.5845
11
5.55522
21
-4.57887
0
LINE
8
BLACK
6
CONTINUOUS
10
5.55522
20
-4.57887
11
5.55509
21
-4.578
0
LINE
8
BLACK
6
CONTINUOUS
10
5.55509
20
-4.578
11
5.55507
21
-4.57794
0
LINE
8
BLACK
6
CONTINUOUS
10
5.55507
20
-4.57794
11
5.55507
21
-4.54982
0
LINE
8
BLACK
6
CONTINUOUS
10
5.55507
20
-4.54982
11
5.55525
21
-4.54881
0
LINE
8
BLACK
6
CONTINUOUS
10
5.55525
20
-4.54881
11
5.55655
21
-4.54726
0
LINE
8
BLACK
6
CONTINUOUS
10
5.55655
20
-4.54726
11
5.55854
21
-4.54691
0
LINE
8
BLACK
6
CONTINUOUS
10
5.55854
20
-4.54691
11
5.56029
21
-4.54792
0
LINE
8
BLACK
6
CONTINUOUS
10
5.53056
20
-4.547
11
5.53073
21
-4.54698
0
LINE
8
BLACK
6
CONTINUOUS
10
5.53073
20
-4.54698
11
5.53142
21
-4.54749
0
LINE
8
BLACK
6
CONTINUOUS
10
5.53142
20
-4.54749
11
5.53217
21
-4.54792
0
LINE
8
BLACK
6
CONTINUOUS
10
5.53217
20
-4.54792
11
5.53222
21
-4.54808
0
LINE
8
BLACK
6
CONTINUOUS
10
5.53222
20
-4.54808
11
5.53236
21
-4.54818
0
LINE
8
BLACK
6
CONTINUOUS
10
5.53236
20
-4.54818
11
5.53595
21
-4.55356
0
LINE
8
BLACK
6
CONTINUOUS
10
5.53595
20
-4.55356
11
5.53915
21
-4.55677
0
LINE
8
BLACK
6
CONTINUOUS
10
5.53915
20
-4.55677
11
5.54247
21
-4.55843
0
LINE
8
BLACK
6
CONTINUOUS
10
5.54247
20
-4.55843
11
5.5433
21
-4.55904
0
LINE
8
BLACK
6
CONTINUOUS
10
5.5433
20
-4.55904
11
5.5441
21
-4.56089
0
LINE
8
BLACK
6
CONTINUOUS
10
5.5441
20
-4.56089
11
5.54352
21
-4.56283
0
LINE
8
BLACK
6
CONTINUOUS
10
5.54352
20
-4.56283
11
5.54184
21
-4.56394
0
LINE
8
BLACK
6
CONTINUOUS
10
5.54184
20
-4.56394
11
5.53983
21
-4.56371
0
LINE
8
BLACK
6
CONTINUOUS
10
5.53983
20
-4.56371
11
5.53608
21
-4.56183
0
LINE
8
BLACK
6
CONTINUOUS
10
5.53608
20
-4.56183
11
5.53537
21
-4.56131
0
LINE
8
BLACK
6
CONTINUOUS
10
5.53537
20
-4.56131
11
5.53531
21
-4.56128
0
LINE
8
BLACK
6
CONTINUOUS
10
5.53531
20
-4.56128
11
5.53286
21
-4.55882
0
LINE
8
BLACK
6
CONTINUOUS
10
5.53286
20
-4.55882
11
5.53286
21
-4.58624
0
LINE
8
BLACK
6
CONTINUOUS
10
5.53286
20
-4.58624
11
5.54115
21
-4.58624
0
LINE
8
BLACK
6
CONTINUOUS
10
5.54115
20
-4.58624
11
5.54216
21
-4.58641
0
LINE
8
BLACK
6
CONTINUOUS
10
5.54216
20
-4.58641
11
5.54371
21
-4.58771
0
LINE
8
BLACK
6
CONTINUOUS
10
5.54371
20
-4.58771
11
5.54406
21
-4.5897
0
LINE
8
BLACK
6
CONTINUOUS
10
5.54406
20
-4.5897
11
5.54305
21
-4.59145
0
LINE
8
BLACK
6
CONTINUOUS
10
5.54305
20
-4.59145
11
5.54115
21
-4.59214
0
LINE
8
BLACK
6
CONTINUOUS
10
5.54115
20
-4.59214
11
5.51865
21
-4.59214
0
LINE
8
BLACK
6
CONTINUOUS
10
5.51865
20
-4.59214
11
5.51764
21
-4.59196
0
LINE
8
BLACK
6
CONTINUOUS
10
5.51764
20
-4.59196
11
5.5161
21
-4.59066
0
LINE
8
BLACK
6
CONTINUOUS
10
5.5161
20
-4.59066
11
5.51575
21
-4.58868
0
LINE
8
BLACK
6
CONTINUOUS
10
5.51575
20
-4.58868
11
5.51676
21
-4.58693
0
LINE
8
BLACK
6
CONTINUOUS
10
5.51676
20
-4.58693
11
5.51865
21
-4.58624
0
LINE
8
BLACK
6
CONTINUOUS
10
5.51865
20
-4.58624
11
5.52695
21
-4.58624
0
LINE
8
BLACK
6
CONTINUOUS
10
5.52695
20
-4.58624
11
5.52695
21
-4.54982
0
LINE
8
BLACK
6
CONTINUOUS
10
5.52695
20
-4.54982
11
5.52713
21
-4.54881
0
LINE
8
BLACK
6
CONTINUOUS
10
5.52713
20
-4.54881
11
5.52724
21
-4.54868
0
LINE
8
BLACK
6
CONTINUOUS
10
5.52724
20
-4.54868
11
5.52726
21
-4.54851
0
LINE
8
BLACK
6
CONTINUOUS
10
5.52726
20
-4.54851
11
5.52788
21
-4.54792
0
LINE
8
BLACK
6
CONTINUOUS
10
5.52788
20
-4.54792
11
5.52843
21
-4.54726
0
LINE
8
BLACK
6
CONTINUOUS
10
5.52843
20
-4.54726
11
5.52859
21
-4.54723
0
LINE
8
BLACK
6
CONTINUOUS
10
5.52859
20
-4.54723
11
5.52872
21
-4.54711
0
LINE
8
BLACK
6
CONTINUOUS
10
5.52872
20
-4.54711
11
5.52957
21
-4.54706
0
LINE
8
BLACK
6
CONTINUOUS
10
5.52957
20
-4.54706
11
5.53042
21
-4.54691
0
LINE
8
BLACK
6
CONTINUOUS
10
5.53042
20
-4.54691
11
5.53056
21
-4.547
0
LINE
8
BLACK
6
CONTINUOUS
10
5.99434
20
-4.51048
11
5.99447
21
-4.51045
0
LINE
8
BLACK
6
CONTINUOUS
10
5.99447
20
-4.51045
11
5.99459
21
-4.51052
0
LINE
8
BLACK
6
CONTINUOUS
10
5.99459
20
-4.51052
11
5.99497
21
-4.51059
0
LINE
8
BLACK
6
CONTINUOUS
10
5.99497
20
-4.51059
11
5.99556
21
-4.51108
0
LINE
8
BLACK
6
CONTINUOUS
10
5.99556
20
-4.51108
11
5.99622
21
-4.51146
0
LINE
8
BLACK
6
CONTINUOUS
10
5.99622
20
-4.51146
11
5.99631
21
-4.51171
0
LINE
8
BLACK
6
CONTINUOUS
10
5.99631
20
-4.51171
11
5.99652
21
-4.51189
0
LINE
8
BLACK
6
CONTINUOUS
10
5.99652
20
-4.51189
11
5.99665
21
-4.51264
0
LINE
8
BLACK
6
CONTINUOUS
10
5.99665
20
-4.51264
11
5.99691
21
-4.51336
0
LINE
8
BLACK
6
CONTINUOUS
10
5.99691
20
-4.51336
11
5.99691
21
-4.55273
0
LINE
8
BLACK
6
CONTINUOUS
10
5.99691
20
-4.55273
11
5.99685
21
-4.55312
0
LINE
8
BLACK
6
CONTINUOUS
10
5.99685
20
-4.55312
11
5.99687
21
-4.55324
0
LINE
8
BLACK
6
CONTINUOUS
10
5.99687
20
-4.55324
11
5.9968
21
-4.55336
0
LINE
8
BLACK
6
CONTINUOUS
10
5.9968
20
-4.55336
11
5.99674
21
-4.55374
0
LINE
8
BLACK
6
CONTINUOUS
10
5.99674
20
-4.55374
11
5.99624
21
-4.55433
0
LINE
8
BLACK
6
CONTINUOUS
10
5.99624
20
-4.55433
11
5.99586
21
-4.55499
0
LINE
8
BLACK
6
CONTINUOUS
10
5.99586
20
-4.55499
11
5.99561
21
-4.55508
0
LINE
8
BLACK
6
CONTINUOUS
10
5.99561
20
-4.55508
11
5.99544
21
-4.55529
0
LINE
8
BLACK
6
CONTINUOUS
10
5.99544
20
-4.55529
11
5.99468
21
-4.55542
0
LINE
8
BLACK
6
CONTINUOUS
10
5.99468
20
-4.55542
11
5.99396
21
-4.55568
0
LINE
8
BLACK
6
CONTINUOUS
10
5.99396
20
-4.55568
11
5.98459
21
-4.55568
0
LINE
8
BLACK
6
CONTINUOUS
10
5.98459
20
-4.55568
11
5.98372
21
-4.55553
0
LINE
8
BLACK
6
CONTINUOUS
10
5.98372
20
-4.55553
11
5.98365
21
-4.55553
0
LINE
8
BLACK
6
CONTINUOUS
10
5.98365
20
-4.55553
11
5.97803
21
-4.55366
0
LINE
8
BLACK
6
CONTINUOUS
10
5.97803
20
-4.55366
11
5.97713
21
-4.55317
0
LINE
8
BLACK
6
CONTINUOUS
10
5.97713
20
-4.55317
11
5.97703
21
-4.55302
0
LINE
8
BLACK
6
CONTINUOUS
10
5.97703
20
-4.55302
11
5.97687
21
-4.55294
0
LINE
8
BLACK
6
CONTINUOUS
10
5.97687
20
-4.55294
11
5.97312
21
-4.5492
0
LINE
8
BLACK
6
CONTINUOUS
10
5.97312
20
-4.5492
11
5.97262
21
-4.54847
0
LINE
8
BLACK
6
CONTINUOUS
10
5.97262
20
-4.54847
11
5.97257
21
-4.54843
0
LINE
8
BLACK
6
CONTINUOUS
10
5.97257
20
-4.54843
11
5.9707
21
-4.54468
0
LINE
8
BLACK
6
CONTINUOUS
10
5.9707
20
-4.54468
11
5.97055
21
-4.54419
0
LINE
8
BLACK
6
CONTINUOUS
10
5.97055
20
-4.54419
11
5.97047
21
-4.54407
0
LINE
8
BLACK
6
CONTINUOUS
10
5.97047
20
-4.54407
11
5.9686
21
-4.53657
0
LINE
8
BLACK
6
CONTINUOUS
10
5.9686
20
-4.53657
11
5.96856
21
-4.53599
0
LINE
8
BLACK
6
CONTINUOUS
10
5.96856
20
-4.53599
11
5.96851
21
-4.53586
0
LINE
8
BLACK
6
CONTINUOUS
10
5.96851
20
-4.53586
11
5.96851
21
-4.53023
0
LINE
8
BLACK
6
CONTINUOUS
10
5.96851
20
-4.53023
11
5.96861
21
-4.52965
0
LINE
8
BLACK
6
CONTINUOUS
10
5.96861
20
-4.52965
11
5.9686
21
-4.52952
0
LINE
8
BLACK
6
CONTINUOUS
10
5.9686
20
-4.52952
11
5.97047
21
-4.52202
0
LINE
8
BLACK
6
CONTINUOUS
10
5.97047
20
-4.52202
11
5.97068
21
-4.52155
0
LINE
8
BLACK
6
CONTINUOUS
10
5.97068
20
-4.52155
11
5.9707
21
-4.52141
0
LINE
8
BLACK
6
CONTINUOUS
10
5.9707
20
-4.52141
11
5.97257
21
-4.51767
0
LINE
8
BLACK
6
CONTINUOUS
10
5.97257
20
-4.51767
11
5.9731
21
-4.51696
0
LINE
8
BLACK
6
CONTINUOUS
10
5.9731
20
-4.51696
11
5.97312
21
-4.5169
0
LINE
8
BLACK
6
CONTINUOUS
10
5.97312
20
-4.5169
11
5.97687
21
-4.51315
0
LINE
8
BLACK
6
CONTINUOUS
10
5.97687
20
-4.51315
11
5.97771
21
-4.51256
0
LINE
8
BLACK
6
CONTINUOUS
10
5.97771
20
-4.51256
11
5.97789
21
-4.51254
0
LINE
8
BLACK
6
CONTINUOUS
10
5.97789
20
-4.51254
11
5.97803
21
-4.51243
0
LINE
8
BLACK
6
CONTINUOUS
10
5.97803
20
-4.51243
11
5.98365
21
-4.51056
0
LINE
8
BLACK
6
CONTINUOUS
10
5.98365
20
-4.51056
11
5.98453
21
-4.51043
0
LINE
8
BLACK
6
CONTINUOUS
10
5.98453
20
-4.51043
11
5.98459
21
-4.51041
0
LINE
8
BLACK
6
CONTINUOUS
10
5.98459
20
-4.51041
11
5.99396
21
-4.51041
0
LINE
8
BLACK
6
CONTINUOUS
10
5.99396
20
-4.51041
11
5.99434
21
-4.51048
0
LINE
8
BLACK
6
CONTINUOUS
10
5.98507
20
-4.51631
11
5.98056
21
-4.51782
0
LINE
8
BLACK
6
CONTINUOUS
10
5.98056
20
-4.51782
11
5.97764
21
-4.52073
0
LINE
8
BLACK
6
CONTINUOUS
10
5.97764
20
-4.52073
11
5.97612
21
-4.52377
0
LINE
8
BLACK
6
CONTINUOUS
10
5.97612
20
-4.52377
11
5.97442
21
-4.5306
0
LINE
8
BLACK
6
CONTINUOUS
10
5.97442
20
-4.5306
11
5.97442
21
-4.5355
0
LINE
8
BLACK
6
CONTINUOUS
10
5.97442
20
-4.5355
11
5.97612
21
-4.54233
0
LINE
8
BLACK
6
CONTINUOUS
10
5.97612
20
-4.54233
11
5.97764
21
-4.54536
0
LINE
8
BLACK
6
CONTINUOUS
10
5.97764
20
-4.54536
11
5.98056
21
-4.54828
0
LINE
8
BLACK
6
CONTINUOUS
10
5.98056
20
-4.54828
11
5.98507
21
-4.54978
0
LINE
8
BLACK
6
CONTINUOUS
10
5.98507
20
-4.54978
11
5.99101
21
-4.54978
0
LINE
8
BLACK
6
CONTINUOUS
10
5.99101
20
-4.54978
11
5.99101
21
-4.51631
0
LINE
8
BLACK
6
CONTINUOUS
10
5.99101
20
-4.51631
11
5.98507
21
-4.51631
0
LINE
8
BLACK
6
CONTINUOUS
10
5.95185
20
-4.51059
11
5.95199
21
-4.5107
0
LINE
8
BLACK
6
CONTINUOUS
10
5.95199
20
-4.5107
11
5.95216
21
-4.51072
0
LINE
8
BLACK
6
CONTINUOUS
10
5.95216
20
-4.51072
11
5.95591
21
-4.5126
0
LINE
8
BLACK
6
CONTINUOUS
10
5.95591
20
-4.5126
11
5.95662
21
-4.51312
0
LINE
8
BLACK
6
CONTINUOUS
10
5.95662
20
-4.51312
11
5.95668
21
-4.51315
0
LINE
8
BLACK
6
CONTINUOUS
10
5.95668
20
-4.51315
11
5.95855
21
-4.51502
0
LINE
8
BLACK
6
CONTINUOUS
10
5.95855
20
-4.51502
11
5.95914
21
-4.51586
0
LINE
8
BLACK
6
CONTINUOUS
10
5.95914
20
-4.51586
11
5.95932
21
-4.51788
0
LINE
8
BLACK
6
CONTINUOUS
10
5.95932
20
-4.51788
11
5.95816
21
-4.51953
0
LINE
8
BLACK
6
CONTINUOUS
10
5.95816
20
-4.51953
11
5.95621
21
-4.52005
0
LINE
8
BLACK
6
CONTINUOUS
10
5.95621
20
-4.52005
11
5.95438
21
-4.5192
0
LINE
8
BLACK
6
CONTINUOUS
10
5.95438
20
-4.5192
11
5.95284
21
-4.51766
0
LINE
8
BLACK
6
CONTINUOUS
10
5.95284
20
-4.51766
11
5.95014
21
-4.51631
0
LINE
8
BLACK
6
CONTINUOUS
10
5.95014
20
-4.51631
11
5.94216
21
-4.51631
0
LINE
8
BLACK
6
CONTINUOUS
10
5.94216
20
-4.51631
11
5.93947
21
-4.51766
0
LINE
8
BLACK
6
CONTINUOUS
10
5.93947
20
-4.51766
11
5.93827
21
-4.51886
0
LINE
8
BLACK
6
CONTINUOUS
10
5.93827
20
-4.51886
11
5.93692
21
-4.52156
0
LINE
8
BLACK
6
CONTINUOUS
10
5.93692
20
-4.52156
11
5.93692
21
-4.52413
0
LINE
8
BLACK
6
CONTINUOUS
10
5.93692
20
-4.52413
11
5.93842
21
-4.52864
0
LINE
8
BLACK
6
CONTINUOUS
10
5.93842
20
-4.52864
11
5.96043
21
-4.55064
0
LINE
8
BLACK
6
CONTINUOUS
10
5.96043
20
-4.55064
11
5.9608
21
-4.55117
0
LINE
8
BLACK
6
CONTINUOUS
10
5.9608
20
-4.55117
11
5.9609
21
-4.55126
0
LINE
8
BLACK
6
CONTINUOUS
10
5.9609
20
-4.55126
11
5.96091
21
-4.55133
0
LINE
8
BLACK
6
CONTINUOUS
10
5.96091
20
-4.55133
11
5.96102
21
-4.55148
0
LINE
8
BLACK
6
CONTINUOUS
10
5.96102
20
-4.55148
11
5.96109
21
-4.55237
0
LINE
8
BLACK
6
CONTINUOUS
10
5.96109
20
-4.55237
11
5.96125
21
-4.55324
0
LINE
8
BLACK
6
CONTINUOUS
10
5.96125
20
-4.55324
11
5.96118
21
-4.55336
0
LINE
8
BLACK
6
CONTINUOUS
10
5.96118
20
-4.55336
11
5.96119
21
-4.5535
0
LINE
8
BLACK
6
CONTINUOUS
10
5.96119
20
-4.5535
11
5.96068
21
-4.55422
0
LINE
8
BLACK
6
CONTINUOUS
10
5.96068
20
-4.55422
11
5.96024
21
-4.55499
0
LINE
8
BLACK
6
CONTINUOUS
10
5.96024
20
-4.55499
11
5.96011
21
-4.55504
0
LINE
8
BLACK
6
CONTINUOUS
10
5.96011
20
-4.55504
11
5.96003
21
-4.55515
0
LINE
8
BLACK
6
CONTINUOUS
10
5.96003
20
-4.55515
11
5.95917
21
-4.55538
0
LINE
8
BLACK
6
CONTINUOUS
10
5.95917
20
-4.55538
11
5.95834
21
-4.55568
0
LINE
8
BLACK
6
CONTINUOUS
10
5.95834
20
-4.55568
11
5.93397
21
-4.55568
0
LINE
8
BLACK
6
CONTINUOUS
10
5.93397
20
-4.55568
11
5.93296
21
-4.55551
0
LINE
8
BLACK
6
CONTINUOUS
10
5.93296
20
-4.55551
11
5.93141
21
-4.55421
0
LINE
8
BLACK
6
CONTINUOUS
10
5.93141
20
-4.55421
11
5.93106
21
-4.55222
0
LINE
8
BLACK
6
CONTINUOUS
10
5.93106
20
-4.55222
11
5.93207
21
-4.55047
0
LINE
8
BLACK
6
CONTINUOUS
10
5.93207
20
-4.55047
11
5.93397
21
-4.54978
0
LINE
8
BLACK
6
CONTINUOUS
10
5.93397
20
-4.54978
11
5.95121
21
-4.54978
0
LINE
8
BLACK
6
CONTINUOUS
10
5.95121
20
-4.54978
11
5.93375
21
-4.53232
0
LINE
8
BLACK
6
CONTINUOUS
10
5.93375
20
-4.53232
11
5.93317
21
-4.53148
0
LINE
8
BLACK
6
CONTINUOUS
10
5.93317
20
-4.53148
11
5.93315
21
-4.53131
0
LINE
8
BLACK
6
CONTINUOUS
10
5.93315
20
-4.53131
11
5.93304
21
-4.53117
0
LINE
8
BLACK
6
CONTINUOUS
10
5.93304
20
-4.53117
11
5.93117
21
-4.52554
0
LINE
8
BLACK
6
CONTINUOUS
10
5.93117
20
-4.52554
11
5.93104
21
-4.52467
0
LINE
8
BLACK
6
CONTINUOUS
10
5.93104
20
-4.52467
11
5.93102
21
-4.52461
0
LINE
8
BLACK
6
CONTINUOUS
10
5.93102
20
-4.52461
11
5.93102
21
-4.52086
0
LINE
8
BLACK
6
CONTINUOUS
10
5.93102
20
-4.52086
11
5.93119
21
-4.51985
0
LINE
8
BLACK
6
CONTINUOUS
10
5.93119
20
-4.51985
11
5.93131
21
-4.51972
0
LINE
8
BLACK
6
CONTINUOUS
10
5.93131
20
-4.51972
11
5.93133
21
-4.51954
0
LINE
8
BLACK
6
CONTINUOUS
10
5.93133
20
-4.51954
11
5.9332
21
-4.51579
0
LINE
8
BLACK
6
CONTINUOUS
10
5.9332
20
-4.51579
11
5.93373
21
-4.51508
0
LINE
8
BLACK
6
CONTINUOUS
10
5.93373
20
-4.51508
11
5.93375
21
-4.51502
0
LINE
8
BLACK
6
CONTINUOUS
10
5.93375
20
-4.51502
11
5.93563
21
-4.51315
0
LINE
8
BLACK
6
CONTINUOUS
10
5.93563
20
-4.51315
11
5.93635
21
-4.51264
0
LINE
8
BLACK
6
CONTINUOUS
10
5.93635
20
-4.51264
11
5.9364
21
-4.5126
0
LINE
8
BLACK
6
CONTINUOUS
10
5.9364
20
-4.5126
11
5.94015
21
-4.51072
0
LINE
8
BLACK
6
CONTINUOUS
10
5.94015
20
-4.51072
11
5.94113
21
-4.51043
0
LINE
8
BLACK
6
CONTINUOUS
10
5.94113
20
-4.51043
11
5.9413
21
-4.51047
0
LINE
8
BLACK
6
CONTINUOUS
10
5.9413
20
-4.51047
11
5.94147
21
-4.51041
0
LINE
8
BLACK
6
CONTINUOUS
10
5.94147
20
-4.51041
11
5.95084
21
-4.51041
0
LINE
8
BLACK
6
CONTINUOUS
10
5.95084
20
-4.51041
11
5.95185
21
-4.51059
0
LINE
8
BLACK
6
CONTINUOUS
10
5.76984
20
-4.51122
11
5.77053
21
-4.51312
0
LINE
8
BLACK
6
CONTINUOUS
10
5.77053
20
-4.51312
11
5.77053
21
-4.55249
0
LINE
8
BLACK
6
CONTINUOUS
10
5.77053
20
-4.55249
11
5.77046
21
-4.55287
0
LINE
8
BLACK
6
CONTINUOUS
10
5.77046
20
-4.55287
11
5.77048
21
-4.553
0
LINE
8
BLACK
6
CONTINUOUS
10
5.77048
20
-4.553
11
5.77042
21
-4.55312
0
LINE
8
BLACK
6
CONTINUOUS
10
5.77042
20
-4.55312
11
5.77035
21
-4.5535
0
LINE
8
BLACK
6
CONTINUOUS
10
5.77035
20
-4.5535
11
5.76985
21
-4.55409
0
LINE
8
BLACK
6
CONTINUOUS
10
5.76985
20
-4.55409
11
5.76947
21
-4.55475
0
LINE
8
BLACK
6
CONTINUOUS
10
5.76947
20
-4.55475
11
5.76922
21
-4.55484
0
LINE
8
BLACK
6
CONTINUOUS
10
5.76922
20
-4.55484
11
5.76905
21
-4.55505
0
LINE
8
BLACK
6
CONTINUOUS
10
5.76905
20
-4.55505
11
5.76829
21
-4.55518
0
LINE
8
BLACK
6
CONTINUOUS
10
5.76829
20
-4.55518
11
5.76757
21
-4.55544
0
LINE
8
BLACK
6
CONTINUOUS
10
5.76757
20
-4.55544
11
5.74883
21
-4.55544
0
LINE
8
BLACK
6
CONTINUOUS
10
5.74883
20
-4.55544
11
5.74782
21
-4.55526
0
LINE
8
BLACK
6
CONTINUOUS
10
5.74782
20
-4.55526
11
5.74627
21
-4.55397
0
LINE
8
BLACK
6
CONTINUOUS
10
5.74627
20
-4.55397
11
5.74592
21
-4.55198
0
LINE
8
BLACK
6
CONTINUOUS
10
5.74592
20
-4.55198
11
5.74693
21
-4.55023
0
LINE
8
BLACK
6
CONTINUOUS
10
5.74693
20
-4.55023
11
5.74883
21
-4.54954
0
LINE
8
BLACK
6
CONTINUOUS
10
5.74883
20
-4.54954
11
5.76462
21
-4.54954
0
LINE
8
BLACK
6
CONTINUOUS
10
5.76462
20
-4.54954
11
5.76462
21
-4.51312
0
LINE
8
BLACK
6
CONTINUOUS
10
5.76462
20
-4.51312
11
5.7648
21
-4.51211
0
LINE
8
BLACK
6
CONTINUOUS
10
5.7648
20
-4.51211
11
5.7661
21
-4.51056
0
LINE
8
BLACK
6
CONTINUOUS
10
5.7661
20
-4.51056
11
5.76809
21
-4.51021
0
LINE
8
BLACK
6
CONTINUOUS
10
5.76809
20
-4.51021
11
5.76984
21
-4.51122
0
LINE
8
BLACK
6
CONTINUOUS
10
5.72699
20
-4.5103
11
5.72716
21
-4.51029
0
LINE
8
BLACK
6
CONTINUOUS
10
5.72716
20
-4.51029
11
5.72785
21
-4.51079
0
LINE
8
BLACK
6
CONTINUOUS
10
5.72785
20
-4.51079
11
5.72859
21
-4.51122
0
LINE
8
BLACK
6
CONTINUOUS
10
5.72859
20
-4.51122
11
5.72865
21
-4.51138
0
LINE
8
BLACK
6
CONTINUOUS
10
5.72865
20
-4.51138
11
5.72879
21
-4.51148
0
LINE
8
BLACK
6
CONTINUOUS
10
5.72879
20
-4.51148
11
5.73237
21
-4.51686
0
LINE
8
BLACK
6
CONTINUOUS
10
5.73237
20
-4.51686
11
5.73558
21
-4.52007
0
LINE
8
BLACK
6
CONTINUOUS
10
5.73558
20
-4.52007
11
5.7389
21
-4.52173
0
LINE
8
BLACK
6
CONTINUOUS
10
5.7389
20
-4.52173
11
5.73972
21
-4.52234
0
LINE
8
BLACK
6
CONTINUOUS
10
5.73972
20
-4.52234
11
5.74052
21
-4.52419
0
LINE
8
BLACK
6
CONTINUOUS
10
5.74052
20
-4.52419
11
5.73995
21
-4.52613
0
LINE
8
BLACK
6
CONTINUOUS
10
5.73995
20
-4.52613
11
5.73826
21
-4.52724
0
LINE
8
BLACK
6
CONTINUOUS
10
5.73826
20
-4.52724
11
5.73626
21
-4.52701
0
LINE
8
BLACK
6
CONTINUOUS
10
5.73626
20
-4.52701
11
5.73251
21
-4.52513
0
LINE
8
BLACK
6
CONTINUOUS
10
5.73251
20
-4.52513
11
5.7318
21
-4.52461
0
LINE
8
BLACK
6
CONTINUOUS
10
5.7318
20
-4.52461
11
5.73174
21
-4.52458
0
LINE
8
BLACK
6
CONTINUOUS
10
5.73174
20
-4.52458
11
5.72928
21
-4.52212
0
LINE
8
BLACK
6
CONTINUOUS
10
5.72928
20
-4.52212
11
5.72928
21
-4.54954
0
LINE
8
BLACK
6
CONTINUOUS
10
5.72928
20
-4.54954
11
5.73758
21
-4.54954
0
LINE
8
BLACK
6
CONTINUOUS
10
5.73758
20
-4.54954
11
5.73859
21
-4.54972
0
LINE
8
BLACK
6
CONTINUOUS
10
5.73859
20
-4.54972
11
5.74013
21
-4.55101
0
LINE
8
BLACK
6
CONTINUOUS
10
5.74013
20
-4.55101
11
5.74049
21
-4.553
0
LINE
8
BLACK
6
CONTINUOUS
10
5.74049
20
-4.553
11
5.73948
21
-4.55475
0
LINE
8
BLACK
6
CONTINUOUS
10
5.73948
20
-4.55475
11
5.73758
21
-4.55544
0
LINE
8
BLACK
6
CONTINUOUS
10
5.73758
20
-4.55544
11
5.71508
21
-4.55544
0
LINE
8
BLACK
6
CONTINUOUS
10
5.71508
20
-4.55544
11
5.71407
21
-4.55526
0
LINE
8
BLACK
6
CONTINUOUS
10
5.71407
20
-4.55526
11
5.71252
21
-4.55397
0
LINE
8
BLACK
6
CONTINUOUS
10
5.71252
20
-4.55397
11
5.71217
21
-4.55198
0
LINE
8
BLACK
6
CONTINUOUS
10
5.71217
20
-4.55198
11
5.71318
21
-4.55023
0
LINE
8
BLACK
6
CONTINUOUS
10
5.71318
20
-4.55023
11
5.71508
21
-4.54954
0
LINE
8
BLACK
6
CONTINUOUS
10
5.71508
20
-4.54954
11
5.72338
21
-4.54954
0
LINE
8
BLACK
6
CONTINUOUS
10
5.72338
20
-4.54954
11
5.72338
21
-4.51312
0
LINE
8
BLACK
6
CONTINUOUS
10
5.72338
20
-4.51312
11
5.72355
21
-4.51211
0
LINE
8
BLACK
6
CONTINUOUS
10
5.72355
20
-4.51211
11
5.72366
21
-4.51198
0
LINE
8
BLACK
6
CONTINUOUS
10
5.72366
20
-4.51198
11
5.72368
21
-4.51181
0
LINE
8
BLACK
6
CONTINUOUS
10
5.72368
20
-4.51181
11
5.7243
21
-4.51122
0
LINE
8
BLACK
6
CONTINUOUS
10
5.7243
20
-4.51122
11
5.72485
21
-4.51056
0
LINE
8
BLACK
6
CONTINUOUS
10
5.72485
20
-4.51056
11
5.72502
21
-4.51053
0
LINE
8
BLACK
6
CONTINUOUS
10
5.72502
20
-4.51053
11
5.72514
21
-4.51042
0
LINE
8
BLACK
6
CONTINUOUS
10
5.72514
20
-4.51042
11
5.726
21
-4.51036
0
LINE
8
BLACK
6
CONTINUOUS
10
5.726
20
-4.51036
11
5.72684
21
-4.51021
0
LINE
8
BLACK
6
CONTINUOUS
10
5.72684
20
-4.51021
11
5.72699
21
-4.5103
0
LINE
8
BLACK
6
CONTINUOUS
10
5.8017
20
-4.51023
11
5.80183
21
-4.51021
0
LINE
8
BLACK
6
CONTINUOUS
10
5.80183
20
-4.51021
11
5.80195
21
-4.51028
0
LINE
8
BLACK
6
CONTINUOUS
10
5.80195
20
-4.51028
11
5.80233
21
-4.51035
0
LINE
8
BLACK
6
CONTINUOUS
10
5.80233
20
-4.51035
11
5.80292
21
-4.51084
0
LINE
8
BLACK
6
CONTINUOUS
10
5.80292
20
-4.51084
11
5.80358
21
-4.51122
0
LINE
8
BLACK
6
CONTINUOUS
10
5.80358
20
-4.51122
11
5.80367
21
-4.51147
0
LINE
8
BLACK
6
CONTINUOUS
10
5.80367
20
-4.51147
11
5.80388
21
-4.51164
0
LINE
8
BLACK
6
CONTINUOUS
10
5.80388
20
-4.51164
11
5.80401
21
-4.5124
0
LINE
8
BLACK
6
CONTINUOUS
10
5.80401
20
-4.5124
11
5.80427
21
-4.51312
0
LINE
8
BLACK
6
CONTINUOUS
10
5.80427
20
-4.51312
11
5.80427
21
-4.55249
0
LINE
8
BLACK
6
CONTINUOUS
10
5.80427
20
-4.55249
11
5.80409
21
-4.5535
0
LINE
8
BLACK
6
CONTINUOUS
10
5.80409
20
-4.5535
11
5.8028
21
-4.55505
0
LINE
8
BLACK
6
CONTINUOUS
10
5.8028
20
-4.55505
11
5.80081
21
-4.5554
0
LINE
8
BLACK
6
CONTINUOUS
10
5.80081
20
-4.5554
11
5.79906
21
-4.55439
0
LINE
8
BLACK
6
CONTINUOUS
10
5.79906
20
-4.55439
11
5.79837
21
-4.55249
0
LINE
8
BLACK
6
CONTINUOUS
10
5.79837
20
-4.55249
11
5.79837
21
-4.53482
0
LINE
8
BLACK
6
CONTINUOUS
10
5.79837
20
-4.53482
11
5.7882
21
-4.53482
0
LINE
8
BLACK
6
CONTINUOUS
10
5.7882
20
-4.53482
11
5.78719
21
-4.53464
0
LINE
8
BLACK
6
CONTINUOUS
10
5.78719
20
-4.53464
11
5.78564
21
-4.53334
0
LINE
8
BLACK
6
CONTINUOUS
10
5.78564
20
-4.53334
11
5.78529
21
-4.53135
0
LINE
8
BLACK
6
CONTINUOUS
10
5.78529
20
-4.53135
11
5.7863
21
-4.52961
0
LINE
8
BLACK
6
CONTINUOUS
10
5.7863
20
-4.52961
11
5.7882
21
-4.52891
0
LINE
8
BLACK
6
CONTINUOUS
10
5.7882
20
-4.52891
11
5.79837
21
-4.52891
0
LINE
8
BLACK
6
CONTINUOUS
10
5.79837
20
-4.52891
11
5.79837
21
-4.51607
0
LINE
8
BLACK
6
CONTINUOUS
10
5.79837
20
-4.51607
11
5.78257
21
-4.51607
0
LINE
8
BLACK
6
CONTINUOUS
10
5.78257
20
-4.51607
11
5.78156
21
-4.51589
0
LINE
8
BLACK
6
CONTINUOUS
10
5.78156
20
-4.51589
11
5.78001
21
-4.5146
0
LINE
8
BLACK
6
CONTINUOUS
10
5.78001
20
-4.5146
11
5.77966
21
-4.51261
0
LINE
8
BLACK
6
CONTINUOUS
10
5.77966
20
-4.51261
11
5.78067
21
-4.51086
0
LINE
8
BLACK
6
CONTINUOUS
10
5.78067
20
-4.51086
11
5.78257
21
-4.51017
0
LINE
8
BLACK
6
CONTINUOUS
10
5.78257
20
-4.51017
11
5.80132
21
-4.51017
0
LINE
8
BLACK
6
CONTINUOUS
10
5.80132
20
-4.51017
11
5.8017
21
-4.51023
0
LINE
8
BLACK
6
CONTINUOUS
10
5.92589
20
-4.49665
11
5.92744
21
-4.49795
0
LINE
8
BLACK
6
CONTINUOUS
10
5.92744
20
-4.49795
11
5.92779
21
-4.49994
0
LINE
8
BLACK
6
CONTINUOUS
10
5.92779
20
-4.49994
11
5.92678
21
-4.50169
0
LINE
8
BLACK
6
CONTINUOUS
10
5.92678
20
-4.50169
11
5.92488
21
-4.50238
0
LINE
8
BLACK
6
CONTINUOUS
10
5.92488
20
-4.50238
11
5.69654
21
-4.50238
0
LINE
8
BLACK
6
CONTINUOUS
10
5.69654
20
-4.50238
11
5.69553
21
-4.5022
0
LINE
8
BLACK
6
CONTINUOUS
10
5.69553
20
-4.5022
11
5.69398
21
-4.5009
0
LINE
8
BLACK
6
CONTINUOUS
10
5.69398
20
-4.5009
11
5.69363
21
-4.49891
0
LINE
8
BLACK
6
CONTINUOUS
10
5.69363
20
-4.49891
11
5.69464
21
-4.49716
0
LINE
8
BLACK
6
CONTINUOUS
10
5.69464
20
-4.49716
11
5.69654
21
-4.49647
0
LINE
8
BLACK
6
CONTINUOUS
10
5.69654
20
-4.49647
11
5.92488
21
-4.49647
0
LINE
8
BLACK
6
CONTINUOUS
10
5.92488
20
-4.49647
11
5.92589
21
-4.49665
0
LINE
8
BLACK
6
CONTINUOUS
10
6.38835
20
-4.46773
11
6.38946
21
-4.46942
0
LINE
8
BLACK
6
CONTINUOUS
10
6.38946
20
-4.46942
11
6.38923
21
-4.47143
0
LINE
8
BLACK
6
CONTINUOUS
10
6.38923
20
-4.47143
11
6.38736
21
-4.47518
0
LINE
8
BLACK
6
CONTINUOUS
10
6.38736
20
-4.47518
11
6.38683
21
-4.47588
0
LINE
8
BLACK
6
CONTINUOUS
10
6.38683
20
-4.47588
11
6.3868
21
-4.47594
0
LINE
8
BLACK
6
CONTINUOUS
10
6.3868
20
-4.47594
11
6.38435
21
-4.4784
0
LINE
8
BLACK
6
CONTINUOUS
10
6.38435
20
-4.4784
11
6.41176
21
-4.4784
0
LINE
8
BLACK
6
CONTINUOUS
10
6.41176
20
-4.4784
11
6.41176
21
-4.47011
0
LINE
8
BLACK
6
CONTINUOUS
10
6.41176
20
-4.47011
11
6.41194
21
-4.4691
0
LINE
8
BLACK
6
CONTINUOUS
10
6.41194
20
-4.4691
11
6.41324
21
-4.46755
0
LINE
8
BLACK
6
CONTINUOUS
10
6.41324
20
-4.46755
11
6.41522
21
-4.4672
0
LINE
8
BLACK
6
CONTINUOUS
10
6.41522
20
-4.4672
11
6.41697
21
-4.46821
0
LINE
8
BLACK
6
CONTINUOUS
10
6.41697
20
-4.46821
11
6.41766
21
-4.47011
0
LINE
8
BLACK
6
CONTINUOUS
10
6.41766
20
-4.47011
11
6.41766
21
-4.4926
0
LINE
8
BLACK
6
CONTINUOUS
10
6.41766
20
-4.4926
11
6.41749
21
-4.49361
0
LINE
8
BLACK
6
CONTINUOUS
10
6.41749
20
-4.49361
11
6.41619
21
-4.49516
0
LINE
8
BLACK
6
CONTINUOUS
10
6.41619
20
-4.49516
11
6.4142
21
-4.49551
0
LINE
8
BLACK
6
CONTINUOUS
10
6.4142
20
-4.49551
11
6.41245
21
-4.4945
0
LINE
8
BLACK
6
CONTINUOUS
10
6.41245
20
-4.4945
11
6.41176
21
-4.4926
0
LINE
8
BLACK
6
CONTINUOUS
10
6.41176
20
-4.4926
11
6.41176
21
-4.48431
0
LINE
8
BLACK
6
CONTINUOUS
10
6.41176
20
-4.48431
11
6.37534
21
-4.48431
0
LINE
8
BLACK
6
CONTINUOUS
10
6.37534
20
-4.48431
11
6.37433
21
-4.48413
0
LINE
8
BLACK
6
CONTINUOUS
10
6.37433
20
-4.48413
11
6.3742
21
-4.48402
0
LINE
8
BLACK
6
CONTINUOUS
10
6.3742
20
-4.48402
11
6.37403
21
-4.484
0
LINE
8
BLACK
6
CONTINUOUS
10
6.37403
20
-4.484
11
6.37344
21
-4.48338
0
LINE
8
BLACK
6
CONTINUOUS
10
6.37344
20
-4.48338
11
6.37278
21
-4.48283
0
LINE
8
BLACK
6
CONTINUOUS
10
6.37278
20
-4.48283
11
6.37276
21
-4.48266
0
LINE
8
BLACK
6
CONTINUOUS
10
6.37276
20
-4.48266
11
6.37264
21
-4.48254
0
LINE
8
BLACK
6
CONTINUOUS
10
6.37264
20
-4.48254
11
6.37258
21
-4.48169
0
LINE
8
BLACK
6
CONTINUOUS
10
6.37258
20
-4.48169
11
6.37243
21
-4.48084
0
LINE
8
BLACK
6
CONTINUOUS
10
6.37243
20
-4.48084
11
6.37252
21
-4.48069
0
LINE
8
BLACK
6
CONTINUOUS
10
6.37252
20
-4.48069
11
6.37251
21
-4.48052
0
LINE
8
BLACK
6
CONTINUOUS
10
6.37251
20
-4.48052
11
6.37302
21
-4.47983
0
LINE
8
BLACK
6
CONTINUOUS
10
6.37302
20
-4.47983
11
6.37344
21
-4.47909
0
LINE
8
BLACK
6
CONTINUOUS
10
6.37344
20
-4.47909
11
6.3736
21
-4.47903
0
LINE
8
BLACK
6
CONTINUOUS
10
6.3736
20
-4.47903
11
6.3737
21
-4.4789
0
LINE
8
BLACK
6
CONTINUOUS
10
6.3737
20
-4.4789
11
6.37908
21
-4.47531
0
LINE
8
BLACK
6
CONTINUOUS
10
6.37908
20
-4.47531
11
6.38229
21
-4.47211
0
LINE
8
BLACK
6
CONTINUOUS
10
6.38229
20
-4.47211
11
6.38395
21
-4.46878
0
LINE
8
BLACK
6
CONTINUOUS
10
6.38395
20
-4.46878
11
6.38456
21
-4.46796
0
LINE
8
BLACK
6
CONTINUOUS
10
6.38456
20
-4.46796
11
6.38641
21
-4.46716
0
LINE
8
BLACK
6
CONTINUOUS
10
6.38641
20
-4.46716
11
6.38835
21
-4.46773
0
LINE
8
BLACK
6
CONTINUOUS
10
6.4156
20
-4.42804
11
6.41602
21
-4.42809
0
LINE
8
BLACK
6
CONTINUOUS
10
6.41602
20
-4.42809
11
6.41644
21
-4.42853
0
LINE
8
BLACK
6
CONTINUOUS
10
6.41644
20
-4.42853
11
6.41697
21
-4.42884
0
LINE
8
BLACK
6
CONTINUOUS
10
6.41697
20
-4.42884
11
6.41712
21
-4.42924
0
LINE
8
BLACK
6
CONTINUOUS
10
6.41712
20
-4.42924
11
6.41742
21
-4.42955
0
LINE
8
BLACK
6
CONTINUOUS
10
6.41742
20
-4.42955
11
6.41746
21
-4.43016
0
LINE
8
BLACK
6
CONTINUOUS
10
6.41746
20
-4.43016
11
6.41766
21
-4.43074
0
LINE
8
BLACK
6
CONTINUOUS
10
6.41766
20
-4.43074
11
6.41766
21
-4.45698
0
LINE
8
BLACK
6
CONTINUOUS
10
6.41766
20
-4.45698
11
6.41749
21
-4.45799
0
LINE
8
BLACK
6
CONTINUOUS
10
6.41749
20
-4.45799
11
6.41619
21
-4.45954
0
LINE
8
BLACK
6
CONTINUOUS
10
6.41619
20
-4.45954
11
6.4142
21
-4.45989
0
LINE
8
BLACK
6
CONTINUOUS
10
6.4142
20
-4.45989
11
6.41245
21
-4.45888
0
LINE
8
BLACK
6
CONTINUOUS
10
6.41245
20
-4.45888
11
6.41176
21
-4.45698
0
LINE
8
BLACK
6
CONTINUOUS
10
6.41176
20
-4.45698
11
6.41176
21
-4.43625
0
LINE
8
BLACK
6
CONTINUOUS
10
6.41176
20
-4.43625
11
6.37698
21
-4.45944
0
LINE
8
BLACK
6
CONTINUOUS
10
6.37698
20
-4.45944
11
6.37686
21
-4.45949
0
LINE
8
BLACK
6
CONTINUOUS
10
6.37686
20
-4.45949
11
6.37682
21
-4.45954
0
LINE
8
BLACK
6
CONTINUOUS
10
6.37682
20
-4.45954
11
6.37671
21
-4.45956
0
LINE
8
BLACK
6
CONTINUOUS
10
6.37671
20
-4.45956
11
6.37604
21
-4.45985
0
LINE
8
BLACK
6
CONTINUOUS
10
6.37604
20
-4.45985
11
6.37543
21
-4.45978
0
LINE
8
BLACK
6
CONTINUOUS
10
6.37543
20
-4.45978
11
6.37483
21
-4.45989
0
LINE
8
BLACK
6
CONTINUOUS
10
6.37483
20
-4.45989
11
6.37446
21
-4.45968
0
LINE
8
BLACK
6
CONTINUOUS
10
6.37446
20
-4.45968
11
6.37403
21
-4.45963
0
LINE
8
BLACK
6
CONTINUOUS
10
6.37403
20
-4.45963
11
6.37361
21
-4.45919
0
LINE
8
BLACK
6
CONTINUOUS
10
6.37361
20
-4.45919
11
6.37308
21
-4.45888
0
LINE
8
BLACK
6
CONTINUOUS
10
6.37308
20
-4.45888
11
6.37293
21
-4.45848
0
LINE
8
BLACK
6
CONTINUOUS
10
6.37293
20
-4.45848
11
6.37264
21
-4.45817
0
LINE
8
BLACK
6
CONTINUOUS
10
6.37264
20
-4.45817
11
6.3726
21
-4.45756
0
LINE
8
BLACK
6
CONTINUOUS
10
6.3726
20
-4.45756
11
6.37239
21
-4.45698
0
LINE
8
BLACK
6
CONTINUOUS
10
6.37239
20
-4.45698
11
6.37239
21
-4.43074
0
LINE
8
BLACK
6
CONTINUOUS
10
6.37239
20
-4.43074
11
6.37257
21
-4.42973
0
LINE
8
BLACK
6
CONTINUOUS
10
6.37257
20
-4.42973
11
6.37387
21
-4.42818
0
LINE
8
BLACK
6
CONTINUOUS
10
6.37387
20
-4.42818
11
6.37585
21
-4.42783
0
LINE
8
BLACK
6
CONTINUOUS
10
6.37585
20
-4.42783
11
6.3776
21
-4.42884
0
LINE
8
BLACK
6
CONTINUOUS
10
6.3776
20
-4.42884
11
6.37829
21
-4.43074
0
LINE
8
BLACK
6
CONTINUOUS
10
6.37829
20
-4.43074
11
6.37829
21
-4.45146
0
LINE
8
BLACK
6
CONTINUOUS
10
6.37829
20
-4.45146
11
6.41307
21
-4.42828
0
LINE
8
BLACK
6
CONTINUOUS
10
6.41307
20
-4.42828
11
6.4132
21
-4.42822
0
LINE
8
BLACK
6
CONTINUOUS
10
6.4132
20
-4.42822
11
6.41324
21
-4.42818
0
LINE
8
BLACK
6
CONTINUOUS
10
6.41324
20
-4.42818
11
6.41335
21
-4.42816
0
LINE
8
BLACK
6
CONTINUOUS
10
6.41335
20
-4.42816
11
6.41401
21
-4.42787
0
LINE
8
BLACK
6
CONTINUOUS
10
6.41401
20
-4.42787
11
6.41462
21
-4.42793
0
LINE
8
BLACK
6
CONTINUOUS
10
6.41462
20
-4.42793
11
6.41522
21
-4.42783
0
LINE
8
BLACK
6
CONTINUOUS
10
6.41522
20
-4.42783
11
6.4156
21
-4.42804
0
LINE
8
BLACK
6
CONTINUOUS
10
5.11874
20
-4.44838
11
5.11805
21
-4.44671
0
LINE
8
BLACK
6
CONTINUOUS
10
5.11805
20
-4.44671
11
5.11813
21
-4.44652
0
LINE
8
BLACK
6
CONTINUOUS
10
5.11813
20
-4.44652
11
5.11805
21
-4.44632
0
LINE
8
BLACK
6
CONTINUOUS
10
5.11805
20
-4.44632
11
5.11805
21
-4.429
0
LINE
8
BLACK
6
CONTINUOUS
10
5.11805
20
-4.429
11
5.11874
21
-4.42733
0
LINE
8
BLACK
6
CONTINUOUS
10
5.11874
20
-4.42733
11
5.12041
21
-4.42663
0
LINE
8
BLACK
6
CONTINUOUS
10
5.12041
20
-4.42663
11
5.12208
21
-4.42733
0
LINE
8
BLACK
6
CONTINUOUS
10
5.12208
20
-4.42733
11
5.12278
21
-4.429
0
LINE
8
BLACK
6
CONTINUOUS
10
5.12278
20
-4.429
11
5.12278
21
-4.44435
0
LINE
8
BLACK
6
CONTINUOUS
10
5.12278
20
-4.44435
11
5.60703
21
-4.44435
0
LINE
8
BLACK
6
CONTINUOUS
10
5.60703
20
-4.44435
11
5.60703
21
-4.429
0
LINE
8
BLACK
6
CONTINUOUS
10
5.60703
20
-4.429
11
5.60772
21
-4.42733
0
LINE
8
BLACK
6
CONTINUOUS
10
5.60772
20
-4.42733
11
5.60939
21
-4.42663
0
LINE
8
BLACK
6
CONTINUOUS
10
5.60939
20
-4.42663
11
5.61106
21
-4.42733
0
LINE
8
BLACK
6
CONTINUOUS
10
5.61106
20
-4.42733
11
5.61175
21
-4.429
0
LINE
8
BLACK
6
CONTINUOUS
10
5.61175
20
-4.429
11
5.61175
21
-4.44671
0
LINE
8
BLACK
6
CONTINUOUS
10
5.61175
20
-4.44671
11
5.61106
21
-4.44838
0
LINE
8
BLACK
6
CONTINUOUS
10
5.61106
20
-4.44838
11
5.60939
21
-4.44907
0
LINE
8
BLACK
6
CONTINUOUS
10
5.60939
20
-4.44907
11
5.12041
21
-4.44907
0
LINE
8
BLACK
6
CONTINUOUS
10
5.12041
20
-4.44907
11
5.11874
21
-4.44838
0
LINE
8
BLACK
6
CONTINUOUS
10
6.30591
20
-4.42015
11
6.30746
21
-4.42144
0
LINE
8
BLACK
6
CONTINUOUS
10
6.30746
20
-4.42144
11
6.30781
21
-4.42343
0
LINE
8
BLACK
6
CONTINUOUS
10
6.30781
20
-4.42343
11
6.3068
21
-4.42518
0
LINE
8
BLACK
6
CONTINUOUS
10
6.3068
20
-4.42518
11
6.3049
21
-4.42587
0
LINE
8
BLACK
6
CONTINUOUS
10
6.3049
20
-4.42587
11
6.2449
21
-4.42587
0
LINE
8
BLACK
6
CONTINUOUS
10
6.2449
20
-4.42587
11
6.24389
21
-4.4257
0
LINE
8
BLACK
6
CONTINUOUS
10
6.24389
20
-4.4257
11
6.24234
21
-4.4244
0
LINE
8
BLACK
6
CONTINUOUS
10
6.24234
20
-4.4244
11
6.24199
21
-4.42241
0
LINE
8
BLACK
6
CONTINUOUS
10
6.24199
20
-4.42241
11
6.243
21
-4.42066
0
LINE
8
BLACK
6
CONTINUOUS
10
6.243
20
-4.42066
11
6.2449
21
-4.41997
0
LINE
8
BLACK
6
CONTINUOUS
10
6.2449
20
-4.41997
11
6.3049
21
-4.41997
0
LINE
8
BLACK
6
CONTINUOUS
10
6.3049
20
-4.41997
11
6.30591
21
-4.42015
0
LINE
8
BLACK
6
CONTINUOUS
10
6.4151
20
-4.39223
11
6.41522
21
-4.39221
0
LINE
8
BLACK
6
CONTINUOUS
10
6.41522
20
-4.39221
11
6.41534
21
-4.39227
0
LINE
8
BLACK
6
CONTINUOUS
10
6.41534
20
-4.39227
11
6.41572
21
-4.39234
0
LINE
8
BLACK
6
CONTINUOUS
10
6.41572
20
-4.39234
11
6.41631
21
-4.39283
0
LINE
8
BLACK
6
CONTINUOUS
10
6.41631
20
-4.39283
11
6.41697
21
-4.39322
0
LINE
8
BLACK
6
CONTINUOUS
10
6.41697
20
-4.39322
11
6.41706
21
-4.39347
0
LINE
8
BLACK
6
CONTINUOUS
10
6.41706
20
-4.39347
11
6.41727
21
-4.39364
0
LINE
8
BLACK
6
CONTINUOUS
10
6.41727
20
-4.39364
11
6.4174
21
-4.39439
0
LINE
8
BLACK
6
CONTINUOUS
10
6.4174
20
-4.39439
11
6.41766
21
-4.39511
0
LINE
8
BLACK
6
CONTINUOUS
10
6.41766
20
-4.39511
11
6.41766
21
-4.41011
0
LINE
8
BLACK
6
CONTINUOUS
10
6.41766
20
-4.41011
11
6.41749
21
-4.41112
0
LINE
8
BLACK
6
CONTINUOUS
10
6.41749
20
-4.41112
11
6.41737
21
-4.41126
0
LINE
8
BLACK
6
CONTINUOUS
10
6.41737
20
-4.41126
11
6.41735
21
-4.41143
0
LINE
8
BLACK
6
CONTINUOUS
10
6.41735
20
-4.41143
11
6.41548
21
-4.41518
0
LINE
8
BLACK
6
CONTINUOUS
10
6.41548
20
-4.41518
11
6.41495
21
-4.41589
0
LINE
8
BLACK
6
CONTINUOUS
10
6.41495
20
-4.41589
11
6.41492
21
-4.41595
0
LINE
8
BLACK
6
CONTINUOUS
10
6.41492
20
-4.41595
11
6.41305
21
-4.41783
0
LINE
8
BLACK
6
CONTINUOUS
10
6.41305
20
-4.41783
11
6.41233
21
-4.41833
0
LINE
8
BLACK
6
CONTINUOUS
10
6.41233
20
-4.41833
11
6.41228
21
-4.41838
0
LINE
8
BLACK
6
CONTINUOUS
10
6.41228
20
-4.41838
11
6.40853
21
-4.42025
0
LINE
8
BLACK
6
CONTINUOUS
10
6.40853
20
-4.42025
11
6.40755
21
-4.42055
0
LINE
8
BLACK
6
CONTINUOUS
10
6.40755
20
-4.42055
11
6.40738
21
-4.4205
0
LINE
8
BLACK
6
CONTINUOUS
10
6.40738
20
-4.4205
11
6.40721
21
-4.42056
0
LINE
8
BLACK
6
CONTINUOUS
10
6.40721
20
-4.42056
11
6.40159
21
-4.42056
0
LINE
8
BLACK
6
CONTINUOUS
10
6.40159
20
-4.42056
11
6.40058
21
-4.42039
0
LINE
8
BLACK
6
CONTINUOUS
10
6.40058
20
-4.42039
11
6.40044
21
-4.42027
0
LINE
8
BLACK
6
CONTINUOUS
10
6.40044
20
-4.42027
11
6.40027
21
-4.42025
0
LINE
8
BLACK
6
CONTINUOUS
10
6.40027
20
-4.42025
11
6.39652
21
-4.41838
0
LINE
8
BLACK
6
CONTINUOUS
10
6.39652
20
-4.41838
11
6.39581
21
-4.41785
0
LINE
8
BLACK
6
CONTINUOUS
10
6.39581
20
-4.41785
11
6.39575
21
-4.41783
0
LINE
8
BLACK
6
CONTINUOUS
10
6.39575
20
-4.41783
11
6.39388
21
-4.41595
0
LINE
8
BLACK
6
CONTINUOUS
10
6.39388
20
-4.41595
11
6.39329
21
-4.41511
0
LINE
8
BLACK
6
CONTINUOUS
10
6.39329
20
-4.41511
11
6.39329
21
-4.41509
0
LINE
8
BLACK
6
CONTINUOUS
10
6.39329
20
-4.41509
11
6.39243
21
-4.41595
0
LINE
8
BLACK
6
CONTINUOUS
10
6.39243
20
-4.41595
11
6.3917
21
-4.41646
0
LINE
8
BLACK
6
CONTINUOUS
10
6.3917
20
-4.41646
11
6.39166
21
-4.4165
0
LINE
8
BLACK
6
CONTINUOUS
10
6.39166
20
-4.4165
11
6.38791
21
-4.41838
0
LINE
8
BLACK
6
CONTINUOUS
10
6.38791
20
-4.41838
11
6.38693
21
-4.41867
0
LINE
8
BLACK
6
CONTINUOUS
10
6.38693
20
-4.41867
11
6.38676
21
-4.41863
0
LINE
8
BLACK
6
CONTINUOUS
10
6.38676
20
-4.41863
11
6.38659
21
-4.41869
0
LINE
8
BLACK
6
CONTINUOUS
10
6.38659
20
-4.41869
11
6.38284
21
-4.41869
0
LINE
8
BLACK
6
CONTINUOUS
10
6.38284
20
-4.41869
11
6.38183
21
-4.41851
0
LINE
8
BLACK
6
CONTINUOUS
10
6.38183
20
-4.41851
11
6.3817
21
-4.4184
0
LINE
8
BLACK
6
CONTINUOUS
10
6.3817
20
-4.4184
11
6.38152
21
-4.41838
0
LINE
8
BLACK
6
CONTINUOUS
10
6.38152
20
-4.41838
11
6.37777
21
-4.4165
0
LINE
8
BLACK
6
CONTINUOUS
10
6.37777
20
-4.4165
11
6.37706
21
-4.41598
0
LINE
8
BLACK
6
CONTINUOUS
10
6.37706
20
-4.41598
11
6.377
21
-4.41595
0
LINE
8
BLACK
6
CONTINUOUS
10
6.377
20
-4.41595
11
6.37513
21
-4.41408
0
LINE
8
BLACK
6
CONTINUOUS
10
6.37513
20
-4.41408
11
6.37462
21
-4.41335
0
LINE
8
BLACK
6
CONTINUOUS
10
6.37462
20
-4.41335
11
6.37458
21
-4.41331
0
LINE
8
BLACK
6
CONTINUOUS
10
6.37458
20
-4.41331
11
6.3727
21
-4.40956
0
LINE
8
BLACK
6
CONTINUOUS
10
6.3727
20
-4.40956
11
6.37241
21
-4.40858
0
LINE
8
BLACK
6
CONTINUOUS
10
6.37241
20
-4.40858
11
6.37245
21
-4.4084
0
LINE
8
BLACK
6
CONTINUOUS
10
6.37245
20
-4.4084
11
6.37239
21
-4.40824
0
LINE
8
BLACK
6
CONTINUOUS
10
6.37239
20
-4.40824
11
6.37239
21
-4.39511
0
LINE
8
BLACK
6
CONTINUOUS
10
6.37239
20
-4.39511
11
6.37246
21
-4.39473
0
LINE
8
BLACK
6
CONTINUOUS
10
6.37246
20
-4.39473
11
6.37243
21
-4.3946
0
LINE
8
BLACK
6
CONTINUOUS
10
6.37243
20
-4.3946
11
6.3725
21
-4.39449
0
LINE
8
BLACK
6
CONTINUOUS
10
6.3725
20
-4.39449
11
6.37257
21
-4.3941
0
LINE
8
BLACK
6
CONTINUOUS
10
6.37257
20
-4.3941
11
6.37306
21
-4.39352
0
LINE
8
BLACK
6
CONTINUOUS
10
6.37306
20
-4.39352
11
6.37344
21
-4.39285
0
LINE
8
BLACK
6
CONTINUOUS
10
6.37344
20
-4.39285
11
6.37369
21
-4.39276
0
LINE
8
BLACK
6
CONTINUOUS
10
6.37369
20
-4.39276
11
6.37387
21
-4.39256
0
LINE
8
BLACK
6
CONTINUOUS
10
6.37387
20
-4.39256
11
6.37462
21
-4.39242
0
LINE
8
BLACK
6
CONTINUOUS
10
6.37462
20
-4.39242
11
6.37534
21
-4.39216
0
LINE
8
BLACK
6
CONTINUOUS
10
6.37534
20
-4.39216
11
6.41471
21
-4.39216
0
LINE
8
BLACK
6
CONTINUOUS
10
6.41471
20
-4.39216
11
6.4151
21
-4.39223
0
LINE
8
BLACK
6
CONTINUOUS
10
6.39704
20
-4.39807
11
6.39704
21
-4.40776
0
LINE
8
BLACK
6
CONTINUOUS
10
6.39704
20
-4.40776
11
6.39854
21
-4.41227
0
LINE
8
BLACK
6
CONTINUOUS
10
6.39854
20
-4.41227
11
6.39959
21
-4.41331
0
LINE
8
BLACK
6
CONTINUOUS
10
6.39959
20
-4.41331
11
6.40229
21
-4.41466
0
LINE
8
BLACK
6
CONTINUOUS
10
6.40229
20
-4.41466
11
6.40652
21
-4.41466
0
LINE
8
BLACK
6
CONTINUOUS
10
6.40652
20
-4.41466
11
6.40921
21
-4.41331
0
LINE
8
BLACK
6
CONTINUOUS
10
6.40921
20
-4.41331
11
6.41041
21
-4.41211
0
LINE
8
BLACK
6
CONTINUOUS
10
6.41041
20
-4.41211
11
6.41176
21
-4.40942
0
LINE
8
BLACK
6
CONTINUOUS
10
6.41176
20
-4.40942
11
6.41176
21
-4.39807
0
LINE
8
BLACK
6
CONTINUOUS
10
6.41176
20
-4.39807
11
6.39704
21
-4.39807
0
LINE
8
BLACK
6
CONTINUOUS
10
6.37829
20
-4.39807
11
6.37829
21
-4.40754
0
LINE
8
BLACK
6
CONTINUOUS
10
6.37829
20
-4.40754
11
6.37964
21
-4.41024
0
LINE
8
BLACK
6
CONTINUOUS
10
6.37964
20
-4.41024
11
6.38084
21
-4.41144
0
LINE
8
BLACK
6
CONTINUOUS
10
6.38084
20
-4.41144
11
6.38354
21
-4.41278
0
LINE
8
BLACK
6
CONTINUOUS
10
6.38354
20
-4.41278
11
6.38589
21
-4.41278
0
LINE
8
BLACK
6
CONTINUOUS
10
6.38589
20
-4.41278
11
6.38859
21
-4.41144
0
LINE
8
BLACK
6
CONTINUOUS
10
6.38859
20
-4.41144
11
6.38979
21
-4.41024
0
LINE
8
BLACK
6
CONTINUOUS
10
6.38979
20
-4.41024
11
6.39114
21
-4.40754
0
LINE
8
BLACK
6
CONTINUOUS
10
6.39114
20
-4.40754
11
6.39114
21
-4.39807
0
LINE
8
BLACK
6
CONTINUOUS
10
6.39114
20
-4.39807
11
6.37829
21
-4.39807
0
LINE
8
BLACK
6
CONTINUOUS
10
6.72454
20
-4.36795
11
6.72523
21
-4.36984
0
LINE
8
BLACK
6
CONTINUOUS
10
6.72523
20
-4.36984
11
6.72523
21
-4.38189
0
LINE
8
BLACK
6
CONTINUOUS
10
6.72523
20
-4.38189
11
6.73728
21
-4.38189
0
LINE
8
BLACK
6
CONTINUOUS
10
6.73728
20
-4.38189
11
6.73829
21
-4.38207
0
LINE
8
BLACK
6
CONTINUOUS
10
6.73829
20
-4.38207
11
6.73984
21
-4.38337
0
LINE
8
BLACK
6
CONTINUOUS
10
6.73984
20
-4.38337
11
6.74019
21
-4.38536
0
LINE
8
BLACK
6
CONTINUOUS
10
6.74019
20
-4.38536
11
6.73918
21
-4.3871
0
LINE
8
BLACK
6
CONTINUOUS
10
6.73918
20
-4.3871
11
6.73728
21
-4.3878
0
LINE
8
BLACK
6
CONTINUOUS
10
6.73728
20
-4.3878
11
6.72523
21
-4.3878
0
LINE
8
BLACK
6
CONTINUOUS
10
6.72523
20
-4.3878
11
6.72523
21
-4.39984
0
LINE
8
BLACK
6
CONTINUOUS
10
6.72523
20
-4.39984
11
6.72506
21
-4.40085
0
LINE
8
BLACK
6
CONTINUOUS
10
6.72506
20
-4.40085
11
6.72376
21
-4.4024
0
LINE
8
BLACK
6
CONTINUOUS
10
6.72376
20
-4.4024
11
6.72177
21
-4.40275
0
LINE
8
BLACK
6
CONTINUOUS
10
6.72177
20
-4.40275
11
6.72002
21
-4.40174
0
LINE
8
BLACK
6
CONTINUOUS
10
6.72002
20
-4.40174
11
6.71933
21
-4.39984
0
LINE
8
BLACK
6
CONTINUOUS
10
6.71933
20
-4.39984
11
6.71933
21
-4.3878
0
LINE
8
BLACK
6
CONTINUOUS
10
6.71933
20
-4.3878
11
6.70728
21
-4.3878
0
LINE
8
BLACK
6
CONTINUOUS
10
6.70728
20
-4.3878
11
6.70627
21
-4.38762
0
LINE
8
BLACK
6
CONTINUOUS
10
6.70627
20
-4.38762
11
6.70473
21
-4.38632
0
LINE
8
BLACK
6
CONTINUOUS
10
6.70473
20
-4.38632
11
6.70437
21
-4.38433
0
LINE
8
BLACK
6
CONTINUOUS
10
6.70437
20
-4.38433
11
6.70538
21
-4.38258
0
LINE
8
BLACK
6
CONTINUOUS
10
6.70538
20
-4.38258
11
6.70728
21
-4.38189
0
LINE
8
BLACK
6
CONTINUOUS
10
6.70728
20
-4.38189
11
6.71933
21
-4.38189
0
LINE
8
BLACK
6
CONTINUOUS
10
6.71933
20
-4.38189
11
6.71933
21
-4.36984
0
LINE
8
BLACK
6
CONTINUOUS
10
6.71933
20
-4.36984
11
6.71951
21
-4.36883
0
LINE
8
BLACK
6
CONTINUOUS
10
6.71951
20
-4.36883
11
6.7208
21
-4.36729
0
LINE
8
BLACK
6
CONTINUOUS
10
6.7208
20
-4.36729
11
6.72279
21
-4.36694
0
LINE
8
BLACK
6
CONTINUOUS
10
6.72279
20
-4.36694
11
6.72454
21
-4.36795
0
LINE
8
BLACK
6
CONTINUOUS
10
6.09514
20
-4.32685
11
6.09583
21
-4.32874
0
LINE
8
BLACK
6
CONTINUOUS
10
6.09583
20
-4.32874
11
6.09583
21
-4.38874
0
LINE
8
BLACK
6
CONTINUOUS
10
6.09583
20
-4.38874
11
6.09566
21
-4.38975
0
LINE
8
BLACK
6
CONTINUOUS
10
6.09566
20
-4.38975
11
6.09436
21
-4.3913
0
LINE
8
BLACK
6
CONTINUOUS
10
6.09436
20
-4.3913
11
6.09237
21
-4.39165
0
LINE
8
BLACK
6
CONTINUOUS
10
6.09237
20
-4.39165
11
6.09062
21
-4.39064
0
LINE
8
BLACK
6
CONTINUOUS
10
6.09062
20
-4.39064
11
6.08993
21
-4.38874
0
LINE
8
BLACK
6
CONTINUOUS
10
6.08993
20
-4.38874
11
6.08993
21
-4.32874
0
LINE
8
BLACK
6
CONTINUOUS
10
6.08993
20
-4.32874
11
6.09011
21
-4.32773
0
LINE
8
BLACK
6
CONTINUOUS
10
6.09011
20
-4.32773
11
6.0914
21
-4.32619
0
LINE
8
BLACK
6
CONTINUOUS
10
6.0914
20
-4.32619
11
6.09339
21
-4.32584
0
LINE
8
BLACK
6
CONTINUOUS
10
6.09339
20
-4.32584
11
6.09514
21
-4.32685
0
LINE
8
BLACK
6
CONTINUOUS
10
5.97514
20
-4.32685
11
5.97583
21
-4.32874
0
LINE
8
BLACK
6
CONTINUOUS
10
5.97583
20
-4.32874
11
5.97583
21
-4.38874
0
LINE
8
BLACK
6
CONTINUOUS
10
5.97583
20
-4.38874
11
5.97566
21
-4.38975
0
LINE
8
BLACK
6
CONTINUOUS
10
5.97566
20
-4.38975
11
5.97436
21
-4.3913
0
LINE
8
BLACK
6
CONTINUOUS
10
5.97436
20
-4.3913
11
5.97237
21
-4.39165
0
LINE
8
BLACK
6
CONTINUOUS
10
5.97237
20
-4.39165
11
5.97062
21
-4.39064
0
LINE
8
BLACK
6
CONTINUOUS
10
5.97062
20
-4.39064
11
5.96993
21
-4.38874
0
LINE
8
BLACK
6
CONTINUOUS
10
5.96993
20
-4.38874
11
5.96993
21
-4.32874
0
LINE
8
BLACK
6
CONTINUOUS
10
5.96993
20
-4.32874
11
5.97011
21
-4.32773
0
LINE
8
BLACK
6
CONTINUOUS
10
5.97011
20
-4.32773
11
5.9714
21
-4.32619
0
LINE
8
BLACK
6
CONTINUOUS
10
5.9714
20
-4.32619
11
5.97339
21
-4.32584
0
LINE
8
BLACK
6
CONTINUOUS
10
5.97339
20
-4.32584
11
5.97514
21
-4.32685
0
LINE
8
BLACK
6
CONTINUOUS
10
6.22909
20
-4.32656
11
6.22978
21
-4.32846
0
LINE
8
BLACK
6
CONTINUOUS
10
6.22978
20
-4.32846
11
6.22978
21
-4.38846
0
LINE
8
BLACK
6
CONTINUOUS
10
6.22978
20
-4.38846
11
6.2296
21
-4.38947
0
LINE
8
BLACK
6
CONTINUOUS
10
6.2296
20
-4.38947
11
6.2283
21
-4.39101
0
LINE
8
BLACK
6
CONTINUOUS
10
6.2283
20
-4.39101
11
6.22631
21
-4.39136
0
LINE
8
BLACK
6
CONTINUOUS
10
6.22631
20
-4.39136
11
6.22456
21
-4.39035
0
LINE
8
BLACK
6
CONTINUOUS
10
6.22456
20
-4.39035
11
6.22387
21
-4.38846
0
LINE
8
BLACK
6
CONTINUOUS
10
6.22387
20
-4.38846
11
6.22387
21
-4.32846
0
LINE
8
BLACK
6
CONTINUOUS
10
6.22387
20
-4.32846
11
6.22405
21
-4.32745
0
LINE
8
BLACK
6
CONTINUOUS
10
6.22405
20
-4.32745
11
6.22535
21
-4.3259
0
LINE
8
BLACK
6
CONTINUOUS
10
6.22535
20
-4.3259
11
6.22734
21
-4.32555
0
LINE
8
BLACK
6
CONTINUOUS
10
6.22734
20
-4.32555
11
6.22909
21
-4.32656
0
LINE
8
BLACK
6
CONTINUOUS
10
6.10909
20
-4.32656
11
6.10978
21
-4.32846
0
LINE
8
BLACK
6
CONTINUOUS
10
6.10978
20
-4.32846
11
6.10978
21
-4.38846
0
LINE
8
BLACK
6
CONTINUOUS
10
6.10978
20
-4.38846
11
6.1096
21
-4.38947
0
LINE
8
BLACK
6
CONTINUOUS
10
6.1096
20
-4.38947
11
6.1083
21
-4.39101
0
LINE
8
BLACK
6
CONTINUOUS
10
6.1083
20
-4.39101
11
6.10631
21
-4.39136
0
LINE
8
BLACK
6
CONTINUOUS
10
6.10631
20
-4.39136
11
6.10456
21
-4.39035
0
LINE
8
BLACK
6
CONTINUOUS
10
6.10456
20
-4.39035
11
6.10387
21
-4.38846
0
LINE
8
BLACK
6
CONTINUOUS
10
6.10387
20
-4.38846
11
6.10387
21
-4.32846
0
LINE
8
BLACK
6
CONTINUOUS
10
6.10387
20
-4.32846
11
6.10405
21
-4.32745
0
LINE
8
BLACK
6
CONTINUOUS
10
6.10405
20
-4.32745
11
6.10535
21
-4.3259
0
LINE
8
BLACK
6
CONTINUOUS
10
6.10535
20
-4.3259
11
6.10734
21
-4.32555
0
LINE
8
BLACK
6
CONTINUOUS
10
6.10734
20
-4.32555
11
6.10909
21
-4.32656
0
LINE
8
BLACK
6
CONTINUOUS
10
6.04955
20
-4.38707
11
6.05024
21
-4.38874
0
LINE
8
BLACK
6
CONTINUOUS
10
6.05024
20
-4.38874
11
6.04955
21
-4.39041
0
LINE
8
BLACK
6
CONTINUOUS
10
6.04955
20
-4.39041
11
6.04788
21
-4.39111
0
LINE
8
BLACK
6
CONTINUOUS
10
6.04788
20
-4.39111
11
6.01788
21
-4.39111
0
LINE
8
BLACK
6
CONTINUOUS
10
6.01788
20
-4.39111
11
6.01621
21
-4.39041
0
LINE
8
BLACK
6
CONTINUOUS
10
6.01621
20
-4.39041
11
6.01552
21
-4.38874
0
LINE
8
BLACK
6
CONTINUOUS
10
6.01552
20
-4.38874
11
6.01621
21
-4.38707
0
LINE
8
BLACK
6
CONTINUOUS
10
6.01621
20
-4.38707
11
6.01788
21
-4.38638
0
LINE
8
BLACK
6
CONTINUOUS
10
6.01788
20
-4.38638
11
6.04788
21
-4.38638
0
LINE
8
BLACK
6
CONTINUOUS
10
6.04788
20
-4.38638
11
6.04955
21
-4.38707
0
LINE
8
BLACK
6
CONTINUOUS
10
6.1835
20
-4.38679
11
6.18419
21
-4.38846
0
LINE
8
BLACK
6
CONTINUOUS
10
6.18419
20
-4.38846
11
6.1835
21
-4.39013
0
LINE
8
BLACK
6
CONTINUOUS
10
6.1835
20
-4.39013
11
6.18183
21
-4.39082
0
LINE
8
BLACK
6
CONTINUOUS
10
6.18183
20
-4.39082
11
6.15183
21
-4.39082
0
LINE
8
BLACK
6
CONTINUOUS
10
6.15183
20
-4.39082
11
6.15016
21
-4.39013
0
LINE
8
BLACK
6
CONTINUOUS
10
6.15016
20
-4.39013
11
6.14946
21
-4.38846
0
LINE
8
BLACK
6
CONTINUOUS
10
6.14946
20
-4.38846
11
6.15016
21
-4.38679
0
LINE
8
BLACK
6
CONTINUOUS
10
6.15016
20
-4.38679
11
6.15183
21
-4.38609
0
LINE
8
BLACK
6
CONTINUOUS
10
6.15183
20
-4.38609
11
6.18183
21
-4.38609
0
LINE
8
BLACK
6
CONTINUOUS
10
6.18183
20
-4.38609
11
6.1835
21
-4.38679
0
LINE
8
BLACK
6
CONTINUOUS
10
6.30657
20
-4.34625
11
6.30726
21
-4.34792
0
LINE
8
BLACK
6
CONTINUOUS
10
6.30726
20
-4.34792
11
6.30726
21
-4.37792
0
LINE
8
BLACK
6
CONTINUOUS
10
6.30726
20
-4.37792
11
6.30657
21
-4.37959
0
LINE
8
BLACK
6
CONTINUOUS
10
6.30657
20
-4.37959
11
6.3049
21
-4.38028
0
LINE
8
BLACK
6
CONTINUOUS
10
6.3049
20
-4.38028
11
6.30323
21
-4.37959
0
LINE
8
BLACK
6
CONTINUOUS
10
6.30323
20
-4.37959
11
6.30254
21
-4.37792
0
LINE
8
BLACK
6
CONTINUOUS
10
6.30254
20
-4.37792
11
6.30254
21
-4.34792
0
LINE
8
BLACK
6
CONTINUOUS
10
6.30254
20
-4.34792
11
6.30323
21
-4.34625
0
LINE
8
BLACK
6
CONTINUOUS
10
6.30323
20
-4.34625
11
6.3049
21
-4.34556
0
LINE
8
BLACK
6
CONTINUOUS
10
6.3049
20
-4.34556
11
6.30657
21
-4.34625
0
LINE
8
BLACK
6
CONTINUOUS
10
6.24657
20
-4.34625
11
6.24726
21
-4.34792
0
LINE
8
BLACK
6
CONTINUOUS
10
6.24726
20
-4.34792
11
6.24726
21
-4.37792
0
LINE
8
BLACK
6
CONTINUOUS
10
6.24726
20
-4.37792
11
6.24657
21
-4.37959
0
LINE
8
BLACK
6
CONTINUOUS
10
6.24657
20
-4.37959
11
6.2449
21
-4.38028
0
LINE
8
BLACK
6
CONTINUOUS
10
6.2449
20
-4.38028
11
6.24323
21
-4.37959
0
LINE
8
BLACK
6
CONTINUOUS
10
6.24323
20
-4.37959
11
6.24254
21
-4.37792
0
LINE
8
BLACK
6
CONTINUOUS
10
6.24254
20
-4.37792
11
6.24254
21
-4.34792
0
LINE
8
BLACK
6
CONTINUOUS
10
6.24254
20
-4.34792
11
6.24323
21
-4.34625
0
LINE
8
BLACK
6
CONTINUOUS
10
6.24323
20
-4.34625
11
6.2449
21
-4.34556
0
LINE
8
BLACK
6
CONTINUOUS
10
6.2449
20
-4.34556
11
6.24657
21
-4.34625
0
LINE
8
BLACK
6
CONTINUOUS
10
4.90966
20
-4.31302
11
4.91035
21
-4.31492
0
LINE
8
BLACK
6
CONTINUOUS
10
4.91035
20
-4.31492
11
4.91035
21
-4.37492
0
LINE
8
BLACK
6
CONTINUOUS
10
4.91035
20
-4.37492
11
4.91018
21
-4.37593
0
LINE
8
BLACK
6
CONTINUOUS
10
4.91018
20
-4.37593
11
4.90888
21
-4.37748
0
LINE
8
BLACK
6
CONTINUOUS
10
4.90888
20
-4.37748
11
4.90689
21
-4.37783
0
LINE
8
BLACK
6
CONTINUOUS
10
4.90689
20
-4.37783
11
4.90514
21
-4.37682
0
LINE
8
BLACK
6
CONTINUOUS
10
4.90514
20
-4.37682
11
4.90445
21
-4.37492
0
LINE
8
BLACK
6
CONTINUOUS
10
4.90445
20
-4.37492
11
4.90445
21
-4.31492
0
LINE
8
BLACK
6
CONTINUOUS
10
4.90445
20
-4.31492
11
4.90463
21
-4.31391
0
LINE
8
BLACK
6
CONTINUOUS
10
4.90463
20
-4.31391
11
4.90593
21
-4.31236
0
LINE
8
BLACK
6
CONTINUOUS
10
4.90593
20
-4.31236
11
4.90791
21
-4.31201
0
LINE
8
BLACK
6
CONTINUOUS
10
4.90791
20
-4.31201
11
4.90966
21
-4.31302
0
LINE
8
BLACK
6
CONTINUOUS
10
5.02966
20
-4.31302
11
5.03035
21
-4.31492
0
LINE
8
BLACK
6
CONTINUOUS
10
5.03035
20
-4.31492
11
5.03035
21
-4.37492
0
LINE
8
BLACK
6
CONTINUOUS
10
5.03035
20
-4.37492
11
5.03018
21
-4.37593
0
LINE
8
BLACK
6
CONTINUOUS
10
5.03018
20
-4.37593
11
5.02888
21
-4.37748
0
LINE
8
BLACK
6
CONTINUOUS
10
5.02888
20
-4.37748
11
5.02689
21
-4.37783
0
LINE
8
BLACK
6
CONTINUOUS
10
5.02689
20
-4.37783
11
5.02514
21
-4.37682
0
LINE
8
BLACK
6
CONTINUOUS
10
5.02514
20
-4.37682
11
5.02445
21
-4.37492
0
LINE
8
BLACK
6
CONTINUOUS
10
5.02445
20
-4.37492
11
5.02445
21
-4.31492
0
LINE
8
BLACK
6
CONTINUOUS
10
5.02445
20
-4.31492
11
5.02463
21
-4.31391
0
LINE
8
BLACK
6
CONTINUOUS
10
5.02463
20
-4.31391
11
5.02593
21
-4.31236
0
LINE
8
BLACK
6
CONTINUOUS
10
5.02593
20
-4.31236
11
5.02791
21
-4.31201
0
LINE
8
BLACK
6
CONTINUOUS
10
5.02791
20
-4.31201
11
5.02966
21
-4.31302
0
LINE
8
BLACK
6
CONTINUOUS
10
4.98407
20
-4.37325
11
4.98476
21
-4.37492
0
LINE
8
BLACK
6
CONTINUOUS
10
4.98476
20
-4.37492
11
4.98407
21
-4.37659
0
LINE
8
BLACK
6
CONTINUOUS
10
4.98407
20
-4.37659
11
4.9824
21
-4.37728
0
LINE
8
BLACK
6
CONTINUOUS
10
4.9824
20
-4.37728
11
4.9524
21
-4.37728
0
LINE
8
BLACK
6
CONTINUOUS
10
4.9524
20
-4.37728
11
4.95073
21
-4.37659
0
LINE
8
BLACK
6
CONTINUOUS
10
4.95073
20
-4.37659
11
4.95004
21
-4.37492
0
LINE
8
BLACK
6
CONTINUOUS
10
4.95004
20
-4.37492
11
4.95073
21
-4.37325
0
LINE
8
BLACK
6
CONTINUOUS
10
4.95073
20
-4.37325
11
4.9524
21
-4.37256
0
LINE
8
BLACK
6
CONTINUOUS
10
4.9524
20
-4.37256
11
4.9824
21
-4.37256
0
LINE
8
BLACK
6
CONTINUOUS
10
4.9824
20
-4.37256
11
4.98407
21
-4.37325
0
LINE
8
BLACK
6
CONTINUOUS
10
5.92527
20
-4.29575
11
5.9254
21
-4.29573
0
LINE
8
BLACK
6
CONTINUOUS
10
5.9254
20
-4.29573
11
5.92551
21
-4.29579
0
LINE
8
BLACK
6
CONTINUOUS
10
5.92551
20
-4.29579
11
5.92589
21
-4.29586
0
LINE
8
BLACK
6
CONTINUOUS
10
5.92589
20
-4.29586
11
5.92648
21
-4.29635
0
LINE
8
BLACK
6
CONTINUOUS
10
5.92648
20
-4.29635
11
5.92715
21
-4.29674
0
LINE
8
BLACK
6
CONTINUOUS
10
5.92715
20
-4.29674
11
5.92724
21
-4.29699
0
LINE
8
BLACK
6
CONTINUOUS
10
5.92724
20
-4.29699
11
5.92744
21
-4.29716
0
LINE
8
BLACK
6
CONTINUOUS
10
5.92744
20
-4.29716
11
5.92758
21
-4.29792
0
LINE
8
BLACK
6
CONTINUOUS
10
5.92758
20
-4.29792
11
5.92784
21
-4.29864
0
LINE
8
BLACK
6
CONTINUOUS
10
5.92784
20
-4.29864
11
5.92784
21
-4.33663
0
LINE
8
BLACK
6
CONTINUOUS
10
5.92784
20
-4.33663
11
5.92766
21
-4.33764
0
LINE
8
BLACK
6
CONTINUOUS
10
5.92766
20
-4.33764
11
5.92636
21
-4.33919
0
LINE
8
BLACK
6
CONTINUOUS
10
5.92636
20
-4.33919
11
5.92437
21
-4.33954
0
LINE
8
BLACK
6
CONTINUOUS
10
5.92437
20
-4.33954
11
5.92262
21
-4.33853
0
LINE
8
BLACK
6
CONTINUOUS
10
5.92262
20
-4.33853
11
5.92193
21
-4.33663
0
LINE
8
BLACK
6
CONTINUOUS
10
5.92193
20
-4.33663
11
5.92193
21
-4.30159
0
LINE
8
BLACK
6
CONTINUOUS
10
5.92193
20
-4.30159
11
5.69949
21
-4.30159
0
LINE
8
BLACK
6
CONTINUOUS
10
5.69949
20
-4.30159
11
5.69949
21
-4.33663
0
LINE
8
BLACK
6
CONTINUOUS
10
5.69949
20
-4.33663
11
5.69931
21
-4.33764
0
LINE
8
BLACK
6
CONTINUOUS
10
5.69931
20
-4.33764
11
5.69801
21
-4.33919
0
LINE
8
BLACK
6
CONTINUOUS
10
5.69801
20
-4.33919
11
5.69603
21
-4.33954
0
LINE
8
BLACK
6
CONTINUOUS
10
5.69603
20
-4.33954
11
5.69428
21
-4.33853
0
LINE
8
BLACK
6
CONTINUOUS
10
5.69428
20
-4.33853
11
5.69359
21
-4.33663
0
LINE
8
BLACK
6
CONTINUOUS
10
5.69359
20
-4.33663
11
5.69359
21
-4.29864
0
LINE
8
BLACK
6
CONTINUOUS
10
5.69359
20
-4.29864
11
5.69365
21
-4.29825
0
LINE
8
BLACK
6
CONTINUOUS
10
5.69365
20
-4.29825
11
5.69363
21
-4.29812
0
LINE
8
BLACK
6
CONTINUOUS
10
5.69363
20
-4.29812
11
5.6937
21
-4.29801
0
LINE
8
BLACK
6
CONTINUOUS
10
5.6937
20
-4.29801
11
5.69376
21
-4.29763
0
LINE
8
BLACK
6
CONTINUOUS
10
5.69376
20
-4.29763
11
5.69426
21
-4.29704
0
LINE
8
BLACK
6
CONTINUOUS
10
5.69426
20
-4.29704
11
5.69464
21
-4.29637
0
LINE
8
BLACK
6
CONTINUOUS
10
5.69464
20
-4.29637
11
5.69489
21
-4.29628
0
LINE
8
BLACK
6
CONTINUOUS
10
5.69489
20
-4.29628
11
5.69506
21
-4.29608
0
LINE
8
BLACK
6
CONTINUOUS
10
5.69506
20
-4.29608
11
5.69582
21
-4.29595
0
LINE
8
BLACK
6
CONTINUOUS
10
5.69582
20
-4.29595
11
5.69654
21
-4.29568
0
LINE
8
BLACK
6
CONTINUOUS
10
5.69654
20
-4.29568
11
5.92488
21
-4.29568
0
LINE
8
BLACK
6
CONTINUOUS
10
5.92488
20
-4.29568
11
5.92527
21
-4.29575
0
LINE
8
BLACK
6
CONTINUOUS
10
6.04955
20
-4.32707
11
6.05024
21
-4.32874
0
LINE
8
BLACK
6
CONTINUOUS
10
6.05024
20
-4.32874
11
6.04955
21
-4.33041
0
LINE
8
BLACK
6
CONTINUOUS
10
6.04955
20
-4.33041
11
6.04788
21
-4.33111
0
LINE
8
BLACK
6
CONTINUOUS
10
6.04788
20
-4.33111
11
6.01788
21
-4.33111
0
LINE
8
BLACK
6
CONTINUOUS
10
6.01788
20
-4.33111
11
6.01621
21
-4.33041
0
LINE
8
BLACK
6
CONTINUOUS
10
6.01621
20
-4.33041
11
6.01552
21
-4.32874
0
LINE
8
BLACK
6
CONTINUOUS
10
6.01552
20
-4.32874
11
6.01621
21
-4.32707
0
LINE
8
BLACK
6
CONTINUOUS
10
6.01621
20
-4.32707
11
6.01788
21
-4.32638
0
LINE
8
BLACK
6
CONTINUOUS
10
6.01788
20
-4.32638
11
6.04788
21
-4.32638
0
LINE
8
BLACK
6
CONTINUOUS
10
6.04788
20
-4.32638
11
6.04955
21
-4.32707
0
LINE
8
BLACK
6
CONTINUOUS
10
6.1835
20
-4.32679
11
6.18419
21
-4.32846
0
LINE
8
BLACK
6
CONTINUOUS
10
6.18419
20
-4.32846
11
6.1835
21
-4.33013
0
LINE
8
BLACK
6
CONTINUOUS
10
6.1835
20
-4.33013
11
6.18183
21
-4.33082
0
LINE
8
BLACK
6
CONTINUOUS
10
6.18183
20
-4.33082
11
6.15183
21
-4.33082
0
LINE
8
BLACK
6
CONTINUOUS
10
6.15183
20
-4.33082
11
6.15016
21
-4.33013
0
LINE
8
BLACK
6
CONTINUOUS
10
6.15016
20
-4.33013
11
6.14946
21
-4.32846
0
LINE
8
BLACK
6
CONTINUOUS
10
6.14946
20
-4.32846
11
6.15016
21
-4.32679
0
LINE
8
BLACK
6
CONTINUOUS
10
6.15016
20
-4.32679
11
6.15183
21
-4.32609
0
LINE
8
BLACK
6
CONTINUOUS
10
6.15183
20
-4.32609
11
6.18183
21
-4.32609
0
LINE
8
BLACK
6
CONTINUOUS
10
6.18183
20
-4.32609
11
6.1835
21
-4.32679
0
LINE
8
BLACK
6
CONTINUOUS
10
4.98407
20
-4.31325
11
4.98476
21
-4.31492
0
LINE
8
BLACK
6
CONTINUOUS
10
4.98476
20
-4.31492
11
4.98407
21
-4.31659
0
LINE
8
BLACK
6
CONTINUOUS
10
4.98407
20
-4.31659
11
4.9824
21
-4.31728
0
LINE
8
BLACK
6
CONTINUOUS
10
4.9824
20
-4.31728
11
4.9524
21
-4.31728
0
LINE
8
BLACK
6
CONTINUOUS
10
4.9524
20
-4.31728
11
4.95073
21
-4.31659
0
LINE
8
BLACK
6
CONTINUOUS
10
4.95073
20
-4.31659
11
4.95004
21
-4.31492
0
LINE
8
BLACK
6
CONTINUOUS
10
4.95004
20
-4.31492
11
4.95073
21
-4.31325
0
LINE
8
BLACK
6
CONTINUOUS
10
4.95073
20
-4.31325
11
4.9524
21
-4.31256
0
LINE
8
BLACK
6
CONTINUOUS
10
4.9524
20
-4.31256
11
4.9824
21
-4.31256
0
LINE
8
BLACK
6
CONTINUOUS
10
4.9824
20
-4.31256
11
4.98407
21
-4.31325
0
LINE
8
BLACK
6
CONTINUOUS
10
6.30591
20
-4.30015
11
6.30746
21
-4.30144
0
LINE
8
BLACK
6
CONTINUOUS
10
6.30746
20
-4.30144
11
6.30781
21
-4.30343
0
LINE
8
BLACK
6
CONTINUOUS
10
6.30781
20
-4.30343
11
6.3068
21
-4.30518
0
LINE
8
BLACK
6
CONTINUOUS
10
6.3068
20
-4.30518
11
6.3049
21
-4.30587
0
LINE
8
BLACK
6
CONTINUOUS
10
6.3049
20
-4.30587
11
6.2449
21
-4.30587
0
LINE
8
BLACK
6
CONTINUOUS
10
6.2449
20
-4.30587
11
6.24389
21
-4.3057
0
LINE
8
BLACK
6
CONTINUOUS
10
6.24389
20
-4.3057
11
6.24234
21
-4.3044
0
LINE
8
BLACK
6
CONTINUOUS
10
6.24234
20
-4.3044
11
6.24199
21
-4.30241
0
LINE
8
BLACK
6
CONTINUOUS
10
6.24199
20
-4.30241
11
6.243
21
-4.30066
0
LINE
8
BLACK
6
CONTINUOUS
10
6.243
20
-4.30066
11
6.2449
21
-4.29997
0
LINE
8
BLACK
6
CONTINUOUS
10
6.2449
20
-4.29997
11
6.3049
21
-4.29997
0
LINE
8
BLACK
6
CONTINUOUS
10
6.3049
20
-4.29997
11
6.30591
21
-4.30015
0
LINE
8
BLACK
6
CONTINUOUS
10
4.90966
20
-4.23302
11
4.91035
21
-4.23492
0
LINE
8
BLACK
6
CONTINUOUS
10
4.91035
20
-4.23492
11
4.91035
21
-4.29492
0
LINE
8
BLACK
6
CONTINUOUS
10
4.91035
20
-4.29492
11
4.91018
21
-4.29593
0
LINE
8
BLACK
6
CONTINUOUS
10
4.91018
20
-4.29593
11
4.90888
21
-4.29748
0
LINE
8
BLACK
6
CONTINUOUS
10
4.90888
20
-4.29748
11
4.90689
21
-4.29783
0
LINE
8
BLACK
6
CONTINUOUS
10
4.90689
20
-4.29783
11
4.90514
21
-4.29682
0
LINE
8
BLACK
6
CONTINUOUS
10
4.90514
20
-4.29682
11
4.90445
21
-4.29492
0
LINE
8
BLACK
6
CONTINUOUS
10
4.90445
20
-4.29492
11
4.90445
21
-4.23492
0
LINE
8
BLACK
6
CONTINUOUS
10
4.90445
20
-4.23492
11
4.90463
21
-4.23391
0
LINE
8
BLACK
6
CONTINUOUS
10
4.90463
20
-4.23391
11
4.90593
21
-4.23236
0
LINE
8
BLACK
6
CONTINUOUS
10
4.90593
20
-4.23236
11
4.90791
21
-4.23201
0
LINE
8
BLACK
6
CONTINUOUS
10
4.90791
20
-4.23201
11
4.90966
21
-4.23302
0
LINE
8
BLACK
6
CONTINUOUS
10
5.02966
20
-4.23302
11
5.03035
21
-4.23492
0
LINE
8
BLACK
6
CONTINUOUS
10
5.03035
20
-4.23492
11
5.03035
21
-4.29492
0
LINE
8
BLACK
6
CONTINUOUS
10
5.03035
20
-4.29492
11
5.03018
21
-4.29593
0
LINE
8
BLACK
6
CONTINUOUS
10
5.03018
20
-4.29593
11
5.02888
21
-4.29748
0
LINE
8
BLACK
6
CONTINUOUS
10
5.02888
20
-4.29748
11
5.02689
21
-4.29783
0
LINE
8
BLACK
6
CONTINUOUS
10
5.02689
20
-4.29783
11
5.02514
21
-4.29682
0
LINE
8
BLACK
6
CONTINUOUS
10
5.02514
20
-4.29682
11
5.02445
21
-4.29492
0
LINE
8
BLACK
6
CONTINUOUS
10
5.02445
20
-4.29492
11
5.02445
21
-4.23492
0
LINE
8
BLACK
6
CONTINUOUS
10
5.02445
20
-4.23492
11
5.02463
21
-4.23391
0
LINE
8
BLACK
6
CONTINUOUS
10
5.02463
20
-4.23391
11
5.02593
21
-4.23236
0
LINE
8
BLACK
6
CONTINUOUS
10
5.02593
20
-4.23236
11
5.02791
21
-4.23201
0
LINE
8
BLACK
6
CONTINUOUS
10
5.02791
20
-4.23201
11
5.02966
21
-4.23302
0
LINE
8
BLACK
6
CONTINUOUS
10
4.98407
20
-4.29325
11
4.98476
21
-4.29492
0
LINE
8
BLACK
6
CONTINUOUS
10
4.98476
20
-4.29492
11
4.98407
21
-4.29659
0
LINE
8
BLACK
6
CONTINUOUS
10
4.98407
20
-4.29659
11
4.9824
21
-4.29728
0
LINE
8
BLACK
6
CONTINUOUS
10
4.9824
20
-4.29728
11
4.9524
21
-4.29728
0
LINE
8
BLACK
6
CONTINUOUS
10
4.9524
20
-4.29728
11
4.95073
21
-4.29659
0
LINE
8
BLACK
6
CONTINUOUS
10
4.95073
20
-4.29659
11
4.95004
21
-4.29492
0
LINE
8
BLACK
6
CONTINUOUS
10
4.95004
20
-4.29492
11
4.95073
21
-4.29325
0
LINE
8
BLACK
6
CONTINUOUS
10
4.95073
20
-4.29325
11
4.9524
21
-4.29256
0
LINE
8
BLACK
6
CONTINUOUS
10
4.9524
20
-4.29256
11
4.9824
21
-4.29256
0
LINE
8
BLACK
6
CONTINUOUS
10
4.9824
20
-4.29256
11
4.98407
21
-4.29325
0
LINE
8
BLACK
6
CONTINUOUS
10
6.23106
20
-4.22493
11
6.23175
21
-4.22683
0
LINE
8
BLACK
6
CONTINUOUS
10
6.23175
20
-4.22683
11
6.23175
21
-4.28683
0
LINE
8
BLACK
6
CONTINUOUS
10
6.23175
20
-4.28683
11
6.23157
21
-4.28784
0
LINE
8
BLACK
6
CONTINUOUS
10
6.23157
20
-4.28784
11
6.23028
21
-4.28938
0
LINE
8
BLACK
6
CONTINUOUS
10
6.23028
20
-4.28938
11
6.22829
21
-4.28973
0
LINE
8
BLACK
6
CONTINUOUS
10
6.22829
20
-4.28973
11
6.22654
21
-4.28872
0
LINE
8
BLACK
6
CONTINUOUS
10
6.22654
20
-4.28872
11
6.22585
21
-4.28683
0
LINE
8
BLACK
6
CONTINUOUS
10
6.22585
20
-4.28683
11
6.22585
21
-4.22683
0
LINE
8
BLACK
6
CONTINUOUS
10
6.22585
20
-4.22683
11
6.22602
21
-4.22582
0
LINE
8
BLACK
6
CONTINUOUS
10
6.22602
20
-4.22582
11
6.22732
21
-4.22427
0
LINE
8
BLACK
6
CONTINUOUS
10
6.22732
20
-4.22427
11
6.22931
21
-4.22392
0
LINE
8
BLACK
6
CONTINUOUS
10
6.22931
20
-4.22392
11
6.23106
21
-4.22493
0
LINE
8
BLACK
6
CONTINUOUS
10
6.35106
20
-4.22493
11
6.35175
21
-4.22683
0
LINE
8
BLACK
6
CONTINUOUS
10
6.35175
20
-4.22683
11
6.35175
21
-4.28683
0
LINE
8
BLACK
6
CONTINUOUS
10
6.35175
20
-4.28683
11
6.35157
21
-4.28784
0
LINE
8
BLACK
6
CONTINUOUS
10
6.35157
20
-4.28784
11
6.35028
21
-4.28938
0
LINE
8
BLACK
6
CONTINUOUS
10
6.35028
20
-4.28938
11
6.34829
21
-4.28973
0
LINE
8
BLACK
6
CONTINUOUS
10
6.34829
20
-4.28973
11
6.34654
21
-4.28872
0
LINE
8
BLACK
6
CONTINUOUS
10
6.34654
20
-4.28872
11
6.34585
21
-4.28683
0
LINE
8
BLACK
6
CONTINUOUS
10
6.34585
20
-4.28683
11
6.34585
21
-4.22683
0
LINE
8
BLACK
6
CONTINUOUS
10
6.34585
20
-4.22683
11
6.34602
21
-4.22582
0
LINE
8
BLACK
6
CONTINUOUS
10
6.34602
20
-4.22582
11
6.34732
21
-4.22427
0
LINE
8
BLACK
6
CONTINUOUS
10
6.34732
20
-4.22427
11
6.34931
21
-4.22392
0
LINE
8
BLACK
6
CONTINUOUS
10
6.34931
20
-4.22392
11
6.35106
21
-4.22493
0
LINE
8
BLACK
6
CONTINUOUS
10
6.30547
20
-4.28516
11
6.30616
21
-4.28683
0
LINE
8
BLACK
6
CONTINUOUS
10
6.30616
20
-4.28683
11
6.30547
21
-4.2885
0
LINE
8
BLACK
6
CONTINUOUS
10
6.30547
20
-4.2885
11
6.3038
21
-4.28919
0
LINE
8
BLACK
6
CONTINUOUS
10
6.3038
20
-4.28919
11
6.2738
21
-4.28919
0
LINE
8
BLACK
6
CONTINUOUS
10
6.2738
20
-4.28919
11
6.27213
21
-4.2885
0
LINE
8
BLACK
6
CONTINUOUS
10
6.27213
20
-4.2885
11
6.27144
21
-4.28683
0
LINE
8
BLACK
6
CONTINUOUS
10
6.27144
20
-4.28683
11
6.27213
21
-4.28516
0
LINE
8
BLACK
6
CONTINUOUS
10
6.27213
20
-4.28516
11
6.2738
21
-4.28446
0
LINE
8
BLACK
6
CONTINUOUS
10
6.2738
20
-4.28446
11
6.3038
21
-4.28446
0
LINE
8
BLACK
6
CONTINUOUS
10
6.3038
20
-4.28446
11
6.30547
21
-4.28516
0
LINE
8
BLACK
6
CONTINUOUS
10
6.09033
20
-4.25079
11
6.09056
21
-4.25076
0
LINE
8
BLACK
6
CONTINUOUS
10
6.09056
20
-4.25076
11
6.09125
21
-4.25116
0
LINE
8
BLACK
6
CONTINUOUS
10
6.09125
20
-4.25116
11
6.092
21
-4.25145
0
LINE
8
BLACK
6
CONTINUOUS
10
6.092
20
-4.25145
11
6.09211
21
-4.25165
0
LINE
8
BLACK
6
CONTINUOUS
10
6.09211
20
-4.25165
11
6.09231
21
-4.25177
0
LINE
8
BLACK
6
CONTINUOUS
10
6.09231
20
-4.25177
11
6.09258
21
-4.25252
0
LINE
8
BLACK
6
CONTINUOUS
10
6.09258
20
-4.25252
11
6.09296
21
-4.25323
0
LINE
8
BLACK
6
CONTINUOUS
10
6.09296
20
-4.25323
11
6.09292
21
-4.25345
0
LINE
8
BLACK
6
CONTINUOUS
10
6.09292
20
-4.25345
11
6.093
21
-4.25366
0
LINE
8
BLACK
6
CONTINUOUS
10
6.093
20
-4.25366
11
6.093
21
-4.26946
0
LINE
8
BLACK
6
CONTINUOUS
10
6.093
20
-4.26946
11
6.10317
21
-4.26946
0
LINE
8
BLACK
6
CONTINUOUS
10
6.10317
20
-4.26946
11
6.10418
21
-4.26964
0
LINE
8
BLACK
6
CONTINUOUS
10
6.10418
20
-4.26964
11
6.10572
21
-4.27093
0
LINE
8
BLACK
6
CONTINUOUS
10
6.10572
20
-4.27093
11
6.10607
21
-4.27292
0
LINE
8
BLACK
6
CONTINUOUS
10
6.10607
20
-4.27292
11
6.10506
21
-4.27467
0
LINE
8
BLACK
6
CONTINUOUS
10
6.10506
20
-4.27467
11
6.10317
21
-4.27536
0
LINE
8
BLACK
6
CONTINUOUS
10
6.10317
20
-4.27536
11
6.093
21
-4.27536
0
LINE
8
BLACK
6
CONTINUOUS
10
6.093
20
-4.27536
11
6.093
21
-4.27804
0
LINE
8
BLACK
6
CONTINUOUS
10
6.093
20
-4.27804
11
6.09282
21
-4.27905
0
LINE
8
BLACK
6
CONTINUOUS
10
6.09282
20
-4.27905
11
6.09152
21
-4.28059
0
LINE
8
BLACK
6
CONTINUOUS
10
6.09152
20
-4.28059
11
6.08953
21
-4.28094
0
LINE
8
BLACK
6
CONTINUOUS
10
6.08953
20
-4.28094
11
6.08778
21
-4.27993
0
LINE
8
BLACK
6
CONTINUOUS
10
6.08778
20
-4.27993
11
6.08709
21
-4.27804
0
LINE
8
BLACK
6
CONTINUOUS
10
6.08709
20
-4.27804
11
6.08709
21
-4.27536
0
LINE
8
BLACK
6
CONTINUOUS
10
6.08709
20
-4.27536
11
6.07692
21
-4.27536
0
LINE
8
BLACK
6
CONTINUOUS
10
6.07692
20
-4.27536
11
6.07591
21
-4.27519
0
LINE
8
BLACK
6
CONTINUOUS
10
6.07591
20
-4.27519
11
6.07436
21
-4.27389
0
LINE
8
BLACK
6
CONTINUOUS
10
6.07436
20
-4.27389
11
6.07401
21
-4.2719
0
LINE
8
BLACK
6
CONTINUOUS
10
6.07401
20
-4.2719
11
6.07502
21
-4.27015
0
LINE
8
BLACK
6
CONTINUOUS
10
6.07502
20
-4.27015
11
6.07692
21
-4.26946
0
LINE
8
BLACK
6
CONTINUOUS
10
6.07692
20
-4.26946
11
6.08709
21
-4.26946
0
LINE
8
BLACK
6
CONTINUOUS
10
6.08709
20
-4.26946
11
6.08709
21
-4.25776
0
LINE
8
BLACK
6
CONTINUOUS
10
6.08709
20
-4.25776
11
6.06286
21
-4.26584
0
LINE
8
BLACK
6
CONTINUOUS
10
6.06286
20
-4.26584
11
6.06184
21
-4.26599
0
LINE
8
BLACK
6
CONTINUOUS
10
6.06184
20
-4.26599
11
6.05996
21
-4.26525
0
LINE
8
BLACK
6
CONTINUOUS
10
6.05996
20
-4.26525
11
6.059
21
-4.26347
0
LINE
8
BLACK
6
CONTINUOUS
10
6.059
20
-4.26347
11
6.05941
21
-4.26149
0
LINE
8
BLACK
6
CONTINUOUS
10
6.05941
20
-4.26149
11
6.06099
21
-4.26024
0
LINE
8
BLACK
6
CONTINUOUS
10
6.06099
20
-4.26024
11
6.08911
21
-4.25086
0
LINE
8
BLACK
6
CONTINUOUS
10
6.08911
20
-4.25086
11
6.09012
21
-4.25071
0
LINE
8
BLACK
6
CONTINUOUS
10
6.09012
20
-4.25071
11
6.09033
21
-4.25079
0
LINE
8
BLACK
6
CONTINUOUS
10
6.1201
20
-4.19538
11
6.12079
21
-4.19705
0
LINE
8
BLACK
6
CONTINUOUS
10
6.12079
20
-4.19705
11
6.12079
21
-4.27185
0
LINE
8
BLACK
6
CONTINUOUS
10
6.12079
20
-4.27185
11
6.1201
21
-4.27352
0
LINE
8
BLACK
6
CONTINUOUS
10
6.1201
20
-4.27352
11
6.11843
21
-4.27421
0
LINE
8
BLACK
6
CONTINUOUS
10
6.11843
20
-4.27421
11
6.11676
21
-4.27352
0
LINE
8
BLACK
6
CONTINUOUS
10
6.11676
20
-4.27352
11
6.11607
21
-4.27185
0
LINE
8
BLACK
6
CONTINUOUS
10
6.11607
20
-4.27185
11
6.11607
21
-4.19705
0
LINE
8
BLACK
6
CONTINUOUS
10
6.11607
20
-4.19705
11
6.11676
21
-4.19538
0
LINE
8
BLACK
6
CONTINUOUS
10
6.11676
20
-4.19538
11
6.11843
21
-4.19468
0
LINE
8
BLACK
6
CONTINUOUS
10
6.11843
20
-4.19468
11
6.1201
21
-4.19538
0
LINE
8
BLACK
6
CONTINUOUS
10
6.21144
20
-4.21506
11
6.21213
21
-4.21673
0
LINE
8
BLACK
6
CONTINUOUS
10
6.21213
20
-4.21673
11
6.21213
21
-4.27185
0
LINE
8
BLACK
6
CONTINUOUS
10
6.21213
20
-4.27185
11
6.21144
21
-4.27352
0
LINE
8
BLACK
6
CONTINUOUS
10
6.21144
20
-4.27352
11
6.20977
21
-4.27421
0
LINE
8
BLACK
6
CONTINUOUS
10
6.20977
20
-4.27421
11
6.2081
21
-4.27352
0
LINE
8
BLACK
6
CONTINUOUS
10
6.2081
20
-4.27352
11
6.2074
21
-4.27185
0
LINE
8
BLACK
6
CONTINUOUS
10
6.2074
20
-4.27185
11
6.2074
21
-4.21673
0
LINE
8
BLACK
6
CONTINUOUS
10
6.2074
20
-4.21673
11
6.2081
21
-4.21506
0
LINE
8
BLACK
6
CONTINUOUS
10
6.2081
20
-4.21506
11
6.20977
21
-4.21437
0
LINE
8
BLACK
6
CONTINUOUS
10
6.20977
20
-4.21437
11
6.21144
21
-4.21506
0
LINE
8
BLACK
6
CONTINUOUS
10
6.05649
20
-4.20355
11
6.05718
21
-4.20545
0
LINE
8
BLACK
6
CONTINUOUS
10
6.05718
20
-4.20545
11
6.05718
21
-4.26545
0
LINE
8
BLACK
6
CONTINUOUS
10
6.05718
20
-4.26545
11
6.057
21
-4.26646
0
LINE
8
BLACK
6
CONTINUOUS
10
6.057
20
-4.26646
11
6.0557
21
-4.26801
0
LINE
8
BLACK
6
CONTINUOUS
10
6.0557
20
-4.26801
11
6.05371
21
-4.26836
0
LINE
8
BLACK
6
CONTINUOUS
10
6.05371
20
-4.26836
11
6.05196
21
-4.26735
0
LINE
8
BLACK
6
CONTINUOUS
10
6.05196
20
-4.26735
11
6.05127
21
-4.26545
0
LINE
8
BLACK
6
CONTINUOUS
10
6.05127
20
-4.26545
11
6.05127
21
-4.20545
0
LINE
8
BLACK
6
CONTINUOUS
10
6.05127
20
-4.20545
11
6.05145
21
-4.20444
0
LINE
8
BLACK
6
CONTINUOUS
10
6.05145
20
-4.20444
11
6.05275
21
-4.20289
0
LINE
8
BLACK
6
CONTINUOUS
10
6.05275
20
-4.20289
11
6.05474
21
-4.20254
0
LINE
8
BLACK
6
CONTINUOUS
10
6.05474
20
-4.20254
11
6.05649
21
-4.20355
0
LINE
8
BLACK
6
CONTINUOUS
10
5.93649
20
-4.20355
11
5.93718
21
-4.20545
0
LINE
8
BLACK
6
CONTINUOUS
10
5.93718
20
-4.20545
11
5.93718
21
-4.26545
0
LINE
8
BLACK
6
CONTINUOUS
10
5.93718
20
-4.26545
11
5.937
21
-4.26646
0
LINE
8
BLACK
6
CONTINUOUS
10
5.937
20
-4.26646
11
5.9357
21
-4.26801
0
LINE
8
BLACK
6
CONTINUOUS
10
5.9357
20
-4.26801
11
5.93371
21
-4.26836
0
LINE
8
BLACK
6
CONTINUOUS
10
5.93371
20
-4.26836
11
5.93196
21
-4.26735
0
LINE
8
BLACK
6
CONTINUOUS
10
5.93196
20
-4.26735
11
5.93127
21
-4.26545
0
LINE
8
BLACK
6
CONTINUOUS
10
5.93127
20
-4.26545
11
5.93127
21
-4.20545
0
LINE
8
BLACK
6
CONTINUOUS
10
5.93127
20
-4.20545
11
5.93145
21
-4.20444
0
LINE
8
BLACK
6
CONTINUOUS
10
5.93145
20
-4.20444
11
5.93275
21
-4.20289
0
LINE
8
BLACK
6
CONTINUOUS
10
5.93275
20
-4.20289
11
5.93474
21
-4.20254
0
LINE
8
BLACK
6
CONTINUOUS
10
5.93474
20
-4.20254
11
5.93649
21
-4.20355
0
LINE
8
BLACK
6
CONTINUOUS
10
6.0109
20
-4.26378
11
6.01159
21
-4.26545
0
LINE
8
BLACK
6
CONTINUOUS
10
6.01159
20
-4.26545
11
6.0109
21
-4.26712
0
LINE
8
BLACK
6
CONTINUOUS
10
6.0109
20
-4.26712
11
6.00922
21
-4.26781
0
LINE
8
BLACK
6
CONTINUOUS
10
6.00922
20
-4.26781
11
5.97922
21
-4.26781
0
LINE
8
BLACK
6
CONTINUOUS
10
5.97922
20
-4.26781
11
5.97755
21
-4.26712
0
LINE
8
BLACK
6
CONTINUOUS
10
5.97755
20
-4.26712
11
5.97686
21
-4.26545
0
LINE
8
BLACK
6
CONTINUOUS
10
5.97686
20
-4.26545
11
5.97755
21
-4.26378
0
LINE
8
BLACK
6
CONTINUOUS
10
5.97755
20
-4.26378
11
5.97922
21
-4.26309
0
LINE
8
BLACK
6
CONTINUOUS
10
5.97922
20
-4.26309
11
6.00922
21
-4.26309
0
LINE
8
BLACK
6
CONTINUOUS
10
6.00922
20
-4.26309
11
6.0109
21
-4.26378
0
LINE
8
BLACK
6
CONTINUOUS
10
5.91009
20
-4.255
11
5.91164
21
-4.2563
0
LINE
8
BLACK
6
CONTINUOUS
10
5.91164
20
-4.2563
11
5.91199
21
-4.25829
0
LINE
8
BLACK
6
CONTINUOUS
10
5.91199
20
-4.25829
11
5.91098
21
-4.26004
0
LINE
8
BLACK
6
CONTINUOUS
10
5.91098
20
-4.26004
11
5.90908
21
-4.26073
0
LINE
8
BLACK
6
CONTINUOUS
10
5.90908
20
-4.26073
11
5.84908
21
-4.26073
0
LINE
8
BLACK
6
CONTINUOUS
10
5.84908
20
-4.26073
11
5.84807
21
-4.26055
0
LINE
8
BLACK
6
CONTINUOUS
10
5.84807
20
-4.26055
11
5.84653
21
-4.25926
0
LINE
8
BLACK
6
CONTINUOUS
10
5.84653
20
-4.25926
11
5.84617
21
-4.25727
0
LINE
8
BLACK
6
CONTINUOUS
10
5.84617
20
-4.25727
11
5.84718
21
-4.25552
0
LINE
8
BLACK
6
CONTINUOUS
10
5.84718
20
-4.25552
11
5.84908
21
-4.25483
0
LINE
8
BLACK
6
CONTINUOUS
10
5.84908
20
-4.25483
11
5.90908
21
-4.25483
0
LINE
8
BLACK
6
CONTINUOUS
10
5.90908
20
-4.25483
11
5.91009
21
-4.255
0
LINE
8
BLACK
6
CONTINUOUS
10
6.09668
20
-4.21152
11
6.09681
21
-4.21163
0
LINE
8
BLACK
6
CONTINUOUS
10
6.09681
20
-4.21163
11
6.09699
21
-4.21165
0
LINE
8
BLACK
6
CONTINUOUS
10
6.09699
20
-4.21165
11
6.10074
21
-4.21353
0
LINE
8
BLACK
6
CONTINUOUS
10
6.10074
20
-4.21353
11
6.10145
21
-4.21405
0
LINE
8
BLACK
6
CONTINUOUS
10
6.10145
20
-4.21405
11
6.10151
21
-4.21408
0
LINE
8
BLACK
6
CONTINUOUS
10
6.10151
20
-4.21408
11
6.10338
21
-4.21596
0
LINE
8
BLACK
6
CONTINUOUS
10
6.10338
20
-4.21596
11
6.10389
21
-4.21668
0
LINE
8
BLACK
6
CONTINUOUS
10
6.10389
20
-4.21668
11
6.10393
21
-4.21672
0
LINE
8
BLACK
6
CONTINUOUS
10
6.10393
20
-4.21672
11
6.10581
21
-4.22047
0
LINE
8
BLACK
6
CONTINUOUS
10
6.10581
20
-4.22047
11
6.1061
21
-4.22145
0
LINE
8
BLACK
6
CONTINUOUS
10
6.1061
20
-4.22145
11
6.10606
21
-4.22163
0
LINE
8
BLACK
6
CONTINUOUS
10
6.10606
20
-4.22163
11
6.10612
21
-4.22179
0
LINE
8
BLACK
6
CONTINUOUS
10
6.10612
20
-4.22179
11
6.10612
21
-4.22929
0
LINE
8
BLACK
6
CONTINUOUS
10
6.10612
20
-4.22929
11
6.10594
21
-4.2303
0
LINE
8
BLACK
6
CONTINUOUS
10
6.10594
20
-4.2303
11
6.10583
21
-4.23044
0
LINE
8
BLACK
6
CONTINUOUS
10
6.10583
20
-4.23044
11
6.10581
21
-4.23061
0
LINE
8
BLACK
6
CONTINUOUS
10
6.10581
20
-4.23061
11
6.10393
21
-4.23436
0
LINE
8
BLACK
6
CONTINUOUS
10
6.10393
20
-4.23436
11
6.10341
21
-4.23507
0
LINE
8
BLACK
6
CONTINUOUS
10
6.10341
20
-4.23507
11
6.10338
21
-4.23513
0
LINE
8
BLACK
6
CONTINUOUS
10
6.10338
20
-4.23513
11
6.10151
21
-4.237
0
LINE
8
BLACK
6
CONTINUOUS
10
6.10151
20
-4.237
11
6.10078
21
-4.23751
0
LINE
8
BLACK
6
CONTINUOUS
10
6.10078
20
-4.23751
11
6.10074
21
-4.23756
0
LINE
8
BLACK
6
CONTINUOUS
10
6.10074
20
-4.23756
11
6.09699
21
-4.23943
0
LINE
8
BLACK
6
CONTINUOUS
10
6.09699
20
-4.23943
11
6.09601
21
-4.23972
0
LINE
8
BLACK
6
CONTINUOUS
10
6.09601
20
-4.23972
11
6.09583
21
-4.23968
0
LINE
8
BLACK
6
CONTINUOUS
10
6.09583
20
-4.23968
11
6.09567
21
-4.23974
0
LINE
8
BLACK
6
CONTINUOUS
10
6.09567
20
-4.23974
11
6.0638
21
-4.23974
0
LINE
8
BLACK
6
CONTINUOUS
10
6.0638
20
-4.23974
11
6.06279
21
-4.23957
0
LINE
8
BLACK
6
CONTINUOUS
10
6.06279
20
-4.23957
11
6.06124
21
-4.23827
0
LINE
8
BLACK
6
CONTINUOUS
10
6.06124
20
-4.23827
11
6.06089
21
-4.23628
0
LINE
8
BLACK
6
CONTINUOUS
10
6.06089
20
-4.23628
11
6.0619
21
-4.23453
0
LINE
8
BLACK
6
CONTINUOUS
10
6.0619
20
-4.23453
11
6.0638
21
-4.23384
0
LINE
8
BLACK
6
CONTINUOUS
10
6.0638
20
-4.23384
11
6.09497
21
-4.23384
0
LINE
8
BLACK
6
CONTINUOUS
10
6.09497
20
-4.23384
11
6.09767
21
-4.23249
0
LINE
8
BLACK
6
CONTINUOUS
10
6.09767
20
-4.23249
11
6.09887
21
-4.23129
0
LINE
8
BLACK
6
CONTINUOUS
10
6.09887
20
-4.23129
11
6.10021
21
-4.22859
0
LINE
8
BLACK
6
CONTINUOUS
10
6.10021
20
-4.22859
11
6.10021
21
-4.22249
0
LINE
8
BLACK
6
CONTINUOUS
10
6.10021
20
-4.22249
11
6.09887
21
-4.21979
0
LINE
8
BLACK
6
CONTINUOUS
10
6.09887
20
-4.21979
11
6.09767
21
-4.21859
0
LINE
8
BLACK
6
CONTINUOUS
10
6.09767
20
-4.21859
11
6.09497
21
-4.21725
0
LINE
8
BLACK
6
CONTINUOUS
10
6.09497
20
-4.21725
11
6.0638
21
-4.21725
0
LINE
8
BLACK
6
CONTINUOUS
10
6.0638
20
-4.21725
11
6.06279
21
-4.21707
0
LINE
8
BLACK
6
CONTINUOUS
10
6.06279
20
-4.21707
11
6.06124
21
-4.21577
0
LINE
8
BLACK
6
CONTINUOUS
10
6.06124
20
-4.21577
11
6.06089
21
-4.21378
0
LINE
8
BLACK
6
CONTINUOUS
10
6.06089
20
-4.21378
11
6.0619
21
-4.21203
0
LINE
8
BLACK
6
CONTINUOUS
10
6.0619
20
-4.21203
11
6.0638
21
-4.21134
0
LINE
8
BLACK
6
CONTINUOUS
10
6.0638
20
-4.21134
11
6.09567
21
-4.21134
0
LINE
8
BLACK
6
CONTINUOUS
10
6.09567
20
-4.21134
11
6.09668
21
-4.21152
0
LINE
8
BLACK
6
CONTINUOUS
10
4.98407
20
-4.23325
11
4.98476
21
-4.23492
0
LINE
8
BLACK
6
CONTINUOUS
10
4.98476
20
-4.23492
11
4.98407
21
-4.23659
0
LINE
8
BLACK
6
CONTINUOUS
10
4.98407
20
-4.23659
11
4.9824
21
-4.23728
0
LINE
8
BLACK
6
CONTINUOUS
10
4.9824
20
-4.23728
11
4.9524
21
-4.23728
0
LINE
8
BLACK
6
CONTINUOUS
10
4.9524
20
-4.23728
11
4.95073
21
-4.23659
0
LINE
8
BLACK
6
CONTINUOUS
10
4.95073
20
-4.23659
11
4.95004
21
-4.23492
0
LINE
8
BLACK
6
CONTINUOUS
10
4.95004
20
-4.23492
11
4.95073
21
-4.23325
0
LINE
8
BLACK
6
CONTINUOUS
10
4.95073
20
-4.23325
11
4.9524
21
-4.23256
0
LINE
8
BLACK
6
CONTINUOUS
10
4.9524
20
-4.23256
11
4.9824
21
-4.23256
0
LINE
8
BLACK
6
CONTINUOUS
10
4.9824
20
-4.23256
11
4.98407
21
-4.23325
0
LINE
8
BLACK
6
CONTINUOUS
10
5.77091
20
-4.22608
11
5.77246
21
-4.22738
0
LINE
8
BLACK
6
CONTINUOUS
10
5.77246
20
-4.22738
11
5.77281
21
-4.22937
0
LINE
8
BLACK
6
CONTINUOUS
10
5.77281
20
-4.22937
11
5.7718
21
-4.23112
0
LINE
8
BLACK
6
CONTINUOUS
10
5.7718
20
-4.23112
11
5.7699
21
-4.23181
0
LINE
8
BLACK
6
CONTINUOUS
10
5.7699
20
-4.23181
11
5.7099
21
-4.23181
0
LINE
8
BLACK
6
CONTINUOUS
10
5.7099
20
-4.23181
11
5.70889
21
-4.23163
0
LINE
8
BLACK
6
CONTINUOUS
10
5.70889
20
-4.23163
11
5.70734
21
-4.23033
0
LINE
8
BLACK
6
CONTINUOUS
10
5.70734
20
-4.23033
11
5.70699
21
-4.22835
0
LINE
8
BLACK
6
CONTINUOUS
10
5.70699
20
-4.22835
11
5.708
21
-4.2266
0
LINE
8
BLACK
6
CONTINUOUS
10
5.708
20
-4.2266
11
5.7099
21
-4.22591
0
LINE
8
BLACK
6
CONTINUOUS
10
5.7099
20
-4.22591
11
5.7699
21
-4.22591
0
LINE
8
BLACK
6
CONTINUOUS
10
5.7699
20
-4.22591
11
5.77091
21
-4.22608
0
LINE
8
BLACK
6
CONTINUOUS
10
6.30547
20
-4.22516
11
6.30616
21
-4.22683
0
LINE
8
BLACK
6
CONTINUOUS
10
6.30616
20
-4.22683
11
6.30547
21
-4.2285
0
LINE
8
BLACK
6
CONTINUOUS
10
6.30547
20
-4.2285
11
6.3038
21
-4.22919
0
LINE
8
BLACK
6
CONTINUOUS
10
6.3038
20
-4.22919
11
6.2738
21
-4.22919
0
LINE
8
BLACK
6
CONTINUOUS
10
6.2738
20
-4.22919
11
6.27213
21
-4.2285
0
LINE
8
BLACK
6
CONTINUOUS
10
6.27213
20
-4.2285
11
6.27144
21
-4.22683
0
LINE
8
BLACK
6
CONTINUOUS
10
6.27144
20
-4.22683
11
6.27213
21
-4.22516
0
LINE
8
BLACK
6
CONTINUOUS
10
6.27213
20
-4.22516
11
6.2738
21
-4.22446
0
LINE
8
BLACK
6
CONTINUOUS
10
6.2738
20
-4.22446
11
6.3038
21
-4.22446
0
LINE
8
BLACK
6
CONTINUOUS
10
6.3038
20
-4.22446
11
6.30547
21
-4.22516
0
LINE
8
BLACK
6
CONTINUOUS
10
4.90966
20
-4.15302
11
4.91035
21
-4.15492
0
LINE
8
BLACK
6
CONTINUOUS
10
4.91035
20
-4.15492
11
4.91035
21
-4.21492
0
LINE
8
BLACK
6
CONTINUOUS
10
4.91035
20
-4.21492
11
4.91018
21
-4.21593
0
LINE
8
BLACK
6
CONTINUOUS
10
4.91018
20
-4.21593
11
4.90888
21
-4.21748
0
LINE
8
BLACK
6
CONTINUOUS
10
4.90888
20
-4.21748
11
4.90689
21
-4.21783
0
LINE
8
BLACK
6
CONTINUOUS
10
4.90689
20
-4.21783
11
4.90514
21
-4.21682
0
LINE
8
BLACK
6
CONTINUOUS
10
4.90514
20
-4.21682
11
4.90445
21
-4.21492
0
LINE
8
BLACK
6
CONTINUOUS
10
4.90445
20
-4.21492
11
4.90445
21
-4.15492
0
LINE
8
BLACK
6
CONTINUOUS
10
4.90445
20
-4.15492
11
4.90463
21
-4.15391
0
LINE
8
BLACK
6
CONTINUOUS
10
4.90463
20
-4.15391
11
4.90593
21
-4.15236
0
LINE
8
BLACK
6
CONTINUOUS
10
4.90593
20
-4.15236
11
4.90791
21
-4.15201
0
LINE
8
BLACK
6
CONTINUOUS
10
4.90791
20
-4.15201
11
4.90966
21
-4.15302
0
LINE
8
BLACK
6
CONTINUOUS
10
5.02966
20
-4.15302
11
5.03035
21
-4.15492
0
LINE
8
BLACK
6
CONTINUOUS
10
5.03035
20
-4.15492
11
5.03035
21
-4.21492
0
LINE
8
BLACK
6
CONTINUOUS
10
5.03035
20
-4.21492
11
5.03018
21
-4.21593
0
LINE
8
BLACK
6
CONTINUOUS
10
5.03018
20
-4.21593
11
5.02888
21
-4.21748
0
LINE
8
BLACK
6
CONTINUOUS
10
5.02888
20
-4.21748
11
5.02689
21
-4.21783
0
LINE
8
BLACK
6
CONTINUOUS
10
5.02689
20
-4.21783
11
5.02514
21
-4.21682
0
LINE
8
BLACK
6
CONTINUOUS
10
5.02514
20
-4.21682
11
5.02445
21
-4.21492
0
LINE
8
BLACK
6
CONTINUOUS
10
5.02445
20
-4.21492
11
5.02445
21
-4.15492
0
LINE
8
BLACK
6
CONTINUOUS
10
5.02445
20
-4.15492
11
5.02463
21
-4.15391
0
LINE
8
BLACK
6
CONTINUOUS
10
5.02463
20
-4.15391
11
5.02593
21
-4.15236
0
LINE
8
BLACK
6
CONTINUOUS
10
5.02593
20
-4.15236
11
5.02791
21
-4.15201
0
LINE
8
BLACK
6
CONTINUOUS
10
5.02791
20
-4.15201
11
5.02966
21
-4.15302
0
LINE
8
BLACK
6
CONTINUOUS
10
4.98407
20
-4.21325
11
4.98476
21
-4.21492
0
LINE
8
BLACK
6
CONTINUOUS
10
4.98476
20
-4.21492
11
4.98407
21
-4.21659
0
LINE
8
BLACK
6
CONTINUOUS
10
4.98407
20
-4.21659
11
4.9824
21
-4.21728
0
LINE
8
BLACK
6
CONTINUOUS
10
4.9824
20
-4.21728
11
4.9524
21
-4.21728
0
LINE
8
BLACK
6
CONTINUOUS
10
4.9524
20
-4.21728
11
4.95073
21
-4.21659
0
LINE
8
BLACK
6
CONTINUOUS
10
4.95073
20
-4.21659
11
4.95004
21
-4.21492
0
LINE
8
BLACK
6
CONTINUOUS
10
4.95004
20
-4.21492
11
4.95073
21
-4.21325
0
LINE
8
BLACK
6
CONTINUOUS
10
4.95073
20
-4.21325
11
4.9524
21
-4.21256
0
LINE
8
BLACK
6
CONTINUOUS
10
4.9524
20
-4.21256
11
4.9824
21
-4.21256
0
LINE
8
BLACK
6
CONTINUOUS
10
4.9824
20
-4.21256
11
4.98407
21
-4.21325
0
LINE
8
BLACK
6
CONTINUOUS
10
5.85075
20
-4.18111
11
5.85144
21
-4.18278
0
LINE
8
BLACK
6
CONTINUOUS
10
5.85144
20
-4.18278
11
5.85144
21
-4.21278
0
LINE
8
BLACK
6
CONTINUOUS
10
5.85144
20
-4.21278
11
5.85075
21
-4.21445
0
LINE
8
BLACK
6
CONTINUOUS
10
5.85075
20
-4.21445
11
5.84908
21
-4.21514
0
LINE
8
BLACK
6
CONTINUOUS
10
5.84908
20
-4.21514
11
5.84741
21
-4.21445
0
LINE
8
BLACK
6
CONTINUOUS
10
5.84741
20
-4.21445
11
5.84672
21
-4.21278
0
LINE
8
BLACK
6
CONTINUOUS
10
5.84672
20
-4.21278
11
5.84672
21
-4.18278
0
LINE
8
BLACK
6
CONTINUOUS
10
5.84672
20
-4.18278
11
5.84741
21
-4.18111
0
LINE
8
BLACK
6
CONTINUOUS
10
5.84741
20
-4.18111
11
5.84908
21
-4.18042
0
LINE
8
BLACK
6
CONTINUOUS
10
5.84908
20
-4.18042
11
5.85075
21
-4.18111
0
LINE
8
BLACK
6
CONTINUOUS
10
5.91075
20
-4.18111
11
5.91144
21
-4.18278
0
LINE
8
BLACK
6
CONTINUOUS
10
5.91144
20
-4.18278
11
5.91144
21
-4.21278
0
LINE
8
BLACK
6
CONTINUOUS
10
5.91144
20
-4.21278
11
5.91075
21
-4.21445
0
LINE
8
BLACK
6
CONTINUOUS
10
5.91075
20
-4.21445
11
5.90908
21
-4.21514
0
LINE
8
BLACK
6
CONTINUOUS
10
5.90908
20
-4.21514
11
5.90741
21
-4.21445
0
LINE
8
BLACK
6
CONTINUOUS
10
5.90741
20
-4.21445
11
5.90672
21
-4.21278
0
LINE
8
BLACK
6
CONTINUOUS
10
5.90672
20
-4.21278
11
5.90672
21
-4.18278
0
LINE
8
BLACK
6
CONTINUOUS
10
5.90672
20
-4.18278
11
5.90741
21
-4.18111
0
LINE
8
BLACK
6
CONTINUOUS
10
5.90741
20
-4.18111
11
5.90908
21
-4.18042
0
LINE
8
BLACK
6
CONTINUOUS
10
5.90908
20
-4.18042
11
5.91075
21
-4.18111
0
LINE
8
BLACK
6
CONTINUOUS
10
6.0109
20
-4.20378
11
6.01159
21
-4.20545
0
LINE
8
BLACK
6
CONTINUOUS
10
6.01159
20
-4.20545
11
6.0109
21
-4.20712
0
LINE
8
BLACK
6
CONTINUOUS
10
6.0109
20
-4.20712
11
6.00922
21
-4.20781
0
LINE
8
BLACK
6
CONTINUOUS
10
6.00922
20
-4.20781
11
5.97922
21
-4.20781
0
LINE
8
BLACK
6
CONTINUOUS
10
5.97922
20
-4.20781
11
5.97755
21
-4.20712
0
LINE
8
BLACK
6
CONTINUOUS
10
5.97755
20
-4.20712
11
5.97686
21
-4.20545
0
LINE
8
BLACK
6
CONTINUOUS
10
5.97686
20
-4.20545
11
5.97755
21
-4.20378
0
LINE
8
BLACK
6
CONTINUOUS
10
5.97755
20
-4.20378
11
5.97922
21
-4.20309
0
LINE
8
BLACK
6
CONTINUOUS
10
5.97922
20
-4.20309
11
6.00922
21
-4.20309
0
LINE
8
BLACK
6
CONTINUOUS
10
6.00922
20
-4.20309
11
6.0109
21
-4.20378
0
LINE
8
BLACK
6
CONTINUOUS
10
5.61106
20
-4.13599
11
5.61175
21
-4.13766
0
LINE
8
BLACK
6
CONTINUOUS
10
5.61175
20
-4.13766
11
5.61175
21
-4.2038
0
LINE
8
BLACK
6
CONTINUOUS
10
5.61175
20
-4.2038
11
5.61106
21
-4.20547
0
LINE
8
BLACK
6
CONTINUOUS
10
5.61106
20
-4.20547
11
5.60939
21
-4.20616
0
LINE
8
BLACK
6
CONTINUOUS
10
5.60939
20
-4.20616
11
5.60772
21
-4.20547
0
LINE
8
BLACK
6
CONTINUOUS
10
5.60772
20
-4.20547
11
5.60703
21
-4.2038
0
LINE
8
BLACK
6
CONTINUOUS
10
5.60703
20
-4.2038
11
5.60703
21
-4.13766
0
LINE
8
BLACK
6
CONTINUOUS
10
5.60703
20
-4.13766
11
5.60772
21
-4.13599
0
LINE
8
BLACK
6
CONTINUOUS
10
5.60772
20
-4.13599
11
5.60939
21
-4.1353
0
LINE
8
BLACK
6
CONTINUOUS
10
5.60939
20
-4.1353
11
5.61106
21
-4.13599
0
LINE
8
BLACK
6
CONTINUOUS
10
5.12208
20
-4.13599
11
5.12278
21
-4.13766
0
LINE
8
BLACK
6
CONTINUOUS
10
5.12278
20
-4.13766
11
5.12278
21
-4.2038
0
LINE
8
BLACK
6
CONTINUOUS
10
5.12278
20
-4.2038
11
5.12208
21
-4.20547
0
LINE
8
BLACK
6
CONTINUOUS
10
5.12208
20
-4.20547
11
5.12041
21
-4.20616
0
LINE
8
BLACK
6
CONTINUOUS
10
5.12041
20
-4.20616
11
5.11874
21
-4.20547
0
LINE
8
BLACK
6
CONTINUOUS
10
5.11874
20
-4.20547
11
5.11805
21
-4.2038
0
LINE
8
BLACK
6
CONTINUOUS
10
5.11805
20
-4.2038
11
5.11805
21
-4.13766
0
LINE
8
BLACK
6
CONTINUOUS
10
5.11805
20
-4.13766
11
5.11874
21
-4.13599
0
LINE
8
BLACK
6
CONTINUOUS
10
5.11874
20
-4.13599
11
5.12041
21
-4.1353
0
LINE
8
BLACK
6
CONTINUOUS
10
5.12041
20
-4.1353
11
5.12208
21
-4.13599
0
LINE
8
BLACK
6
CONTINUOUS
10
5.71157
20
-4.15219
11
5.71226
21
-4.15386
0
LINE
8
BLACK
6
CONTINUOUS
10
5.71226
20
-4.15386
11
5.71226
21
-4.18386
0
LINE
8
BLACK
6
CONTINUOUS
10
5.71226
20
-4.18386
11
5.71157
21
-4.18553
0
LINE
8
BLACK
6
CONTINUOUS
10
5.71157
20
-4.18553
11
5.7099
21
-4.18622
0
LINE
8
BLACK
6
CONTINUOUS
10
5.7099
20
-4.18622
11
5.70823
21
-4.18553
0
LINE
8
BLACK
6
CONTINUOUS
10
5.70823
20
-4.18553
11
5.70754
21
-4.18386
0
LINE
8
BLACK
6
CONTINUOUS
10
5.70754
20
-4.18386
11
5.70754
21
-4.15386
0
LINE
8
BLACK
6
CONTINUOUS
10
5.70754
20
-4.15386
11
5.70823
21
-4.15219
0
LINE
8
BLACK
6
CONTINUOUS
10
5.70823
20
-4.15219
11
5.7099
21
-4.1515
0
LINE
8
BLACK
6
CONTINUOUS
10
5.7099
20
-4.1515
11
5.71157
21
-4.15219
0
LINE
8
BLACK
6
CONTINUOUS
10
5.77157
20
-4.15219
11
5.77226
21
-4.15386
0
LINE
8
BLACK
6
CONTINUOUS
10
5.77226
20
-4.15386
11
5.77226
21
-4.18386
0
LINE
8
BLACK
6
CONTINUOUS
10
5.77226
20
-4.18386
11
5.77157
21
-4.18553
0
LINE
8
BLACK
6
CONTINUOUS
10
5.77157
20
-4.18553
11
5.7699
21
-4.18622
0
LINE
8
BLACK
6
CONTINUOUS
10
5.7699
20
-4.18622
11
5.76823
21
-4.18553
0
LINE
8
BLACK
6
CONTINUOUS
10
5.76823
20
-4.18553
11
5.76754
21
-4.18386
0
LINE
8
BLACK
6
CONTINUOUS
10
5.76754
20
-4.18386
11
5.76754
21
-4.15386
0
LINE
8
BLACK
6
CONTINUOUS
10
5.76754
20
-4.15386
11
5.76823
21
-4.15219
0
LINE
8
BLACK
6
CONTINUOUS
10
5.76823
20
-4.15219
11
5.7699
21
-4.1515
0
LINE
8
BLACK
6
CONTINUOUS
10
5.7699
20
-4.1515
11
5.77157
21
-4.15219
0
LINE
8
BLACK
6
CONTINUOUS
10
6.10039
20
-4.12002
11
6.10108
21
-4.12191
0
LINE
8
BLACK
6
CONTINUOUS
10
6.10108
20
-4.12191
11
6.10108
21
-4.18191
0
LINE
8
BLACK
6
CONTINUOUS
10
6.10108
20
-4.18191
11
6.1009
21
-4.18292
0
LINE
8
BLACK
6
CONTINUOUS
10
6.1009
20
-4.18292
11
6.0996
21
-4.18447
0
LINE
8
BLACK
6
CONTINUOUS
10
6.0996
20
-4.18447
11
6.09761
21
-4.18482
0
LINE
8
BLACK
6
CONTINUOUS
10
6.09761
20
-4.18482
11
6.09586
21
-4.18381
0
LINE
8
BLACK
6
CONTINUOUS
10
6.09586
20
-4.18381
11
6.09517
21
-4.18191
0
LINE
8
BLACK
6
CONTINUOUS
10
6.09517
20
-4.18191
11
6.09517
21
-4.12191
0
LINE
8
BLACK
6
CONTINUOUS
10
6.09517
20
-4.12191
11
6.09535
21
-4.1209
0
LINE
8
BLACK
6
CONTINUOUS
10
6.09535
20
-4.1209
11
6.09665
21
-4.11936
0
LINE
8
BLACK
6
CONTINUOUS
10
6.09665
20
-4.11936
11
6.09864
21
-4.11901
0
LINE
8
BLACK
6
CONTINUOUS
10
6.09864
20
-4.11901
11
6.10039
21
-4.12002
0
LINE
8
BLACK
6
CONTINUOUS
10
5.98039
20
-4.12002
11
5.98108
21
-4.12191
0
LINE
8
BLACK
6
CONTINUOUS
10
5.98108
20
-4.12191
11
5.98108
21
-4.18191
0
LINE
8
BLACK
6
CONTINUOUS
10
5.98108
20
-4.18191
11
5.9809
21
-4.18292
0
LINE
8
BLACK
6
CONTINUOUS
10
5.9809
20
-4.18292
11
5.9796
21
-4.18447
0
LINE
8
BLACK
6
CONTINUOUS
10
5.9796
20
-4.18447
11
5.97761
21
-4.18482
0
LINE
8
BLACK
6
CONTINUOUS
10
5.97761
20
-4.18482
11
5.97586
21
-4.18381
0
LINE
8
BLACK
6
CONTINUOUS
10
5.97586
20
-4.18381
11
5.97517
21
-4.18191
0
LINE
8
BLACK
6
CONTINUOUS
10
5.97517
20
-4.18191
11
5.97517
21
-4.12191
0
LINE
8
BLACK
6
CONTINUOUS
10
5.97517
20
-4.12191
11
5.97535
21
-4.1209
0
LINE
8
BLACK
6
CONTINUOUS
10
5.97535
20
-4.1209
11
5.97665
21
-4.11936
0
LINE
8
BLACK
6
CONTINUOUS
10
5.97665
20
-4.11936
11
5.97864
21
-4.11901
0
LINE
8
BLACK
6
CONTINUOUS
10
5.97864
20
-4.11901
11
5.98039
21
-4.12002
0
LINE
8
BLACK
6
CONTINUOUS
10
6.0548
20
-4.18024
11
6.05549
21
-4.18191
0
LINE
8
BLACK
6
CONTINUOUS
10
6.05549
20
-4.18191
11
6.0548
21
-4.18358
0
LINE
8
BLACK
6
CONTINUOUS
10
6.0548
20
-4.18358
11
6.05313
21
-4.18428
0
LINE
8
BLACK
6
CONTINUOUS
10
6.05313
20
-4.18428
11
6.02313
21
-4.18428
0
LINE
8
BLACK
6
CONTINUOUS
10
6.02313
20
-4.18428
11
6.02146
21
-4.18358
0
LINE
8
BLACK
6
CONTINUOUS
10
6.02146
20
-4.18358
11
6.02076
21
-4.18191
0
LINE
8
BLACK
6
CONTINUOUS
10
6.02076
20
-4.18191
11
6.02146
21
-4.18024
0
LINE
8
BLACK
6
CONTINUOUS
10
6.02146
20
-4.18024
11
6.02313
21
-4.17955
0
LINE
8
BLACK
6
CONTINUOUS
10
6.02313
20
-4.17955
11
6.05313
21
-4.17955
0
LINE
8
BLACK
6
CONTINUOUS
10
6.05313
20
-4.17955
11
6.0548
21
-4.18024
0
LINE
8
BLACK
6
CONTINUOUS
10
6.22147
20
-4.15541
11
6.22302
21
-4.15671
0
LINE
8
BLACK
6
CONTINUOUS
10
6.22302
20
-4.15671
11
6.22337
21
-4.1587
0
LINE
8
BLACK
6
CONTINUOUS
10
6.22337
20
-4.1587
11
6.22236
21
-4.16045
0
LINE
8
BLACK
6
CONTINUOUS
10
6.22236
20
-4.16045
11
6.22046
21
-4.16114
0
LINE
8
BLACK
6
CONTINUOUS
10
6.22046
20
-4.16114
11
6.16046
21
-4.16114
0
LINE
8
BLACK
6
CONTINUOUS
10
6.16046
20
-4.16114
11
6.15945
21
-4.16096
0
LINE
8
BLACK
6
CONTINUOUS
10
6.15945
20
-4.16096
11
6.1579
21
-4.15966
0
LINE
8
BLACK
6
CONTINUOUS
10
6.1579
20
-4.15966
11
6.15755
21
-4.15767
0
LINE
8
BLACK
6
CONTINUOUS
10
6.15755
20
-4.15767
11
6.15856
21
-4.15593
0
LINE
8
BLACK
6
CONTINUOUS
10
6.15856
20
-4.15593
11
6.16046
21
-4.15523
0
LINE
8
BLACK
6
CONTINUOUS
10
6.16046
20
-4.15523
11
6.22046
21
-4.15523
0
LINE
8
BLACK
6
CONTINUOUS
10
6.22046
20
-4.15523
11
6.22147
21
-4.15541
0
LINE
8
BLACK
6
CONTINUOUS
10
4.98407
20
-4.15325
11
4.98476
21
-4.15492
0
LINE
8
BLACK
6
CONTINUOUS
10
4.98476
20
-4.15492
11
4.98407
21
-4.15659
0
LINE
8
BLACK
6
CONTINUOUS
10
4.98407
20
-4.15659
11
4.9824
21
-4.15728
0
LINE
8
BLACK
6
CONTINUOUS
10
4.9824
20
-4.15728
11
4.9524
21
-4.15728
0
LINE
8
BLACK
6
CONTINUOUS
10
4.9524
20
-4.15728
11
4.95073
21
-4.15659
0
LINE
8
BLACK
6
CONTINUOUS
10
4.95073
20
-4.15659
11
4.95004
21
-4.15492
0
LINE
8
BLACK
6
CONTINUOUS
10
4.95004
20
-4.15492
11
4.95073
21
-4.15325
0
LINE
8
BLACK
6
CONTINUOUS
10
4.95073
20
-4.15325
11
4.9524
21
-4.15256
0
LINE
8
BLACK
6
CONTINUOUS
10
4.9524
20
-4.15256
11
4.9824
21
-4.15256
0
LINE
8
BLACK
6
CONTINUOUS
10
4.9824
20
-4.15256
11
4.98407
21
-4.15325
0
LINE
8
BLACK
6
CONTINUOUS
10
5.91009
20
-4.135
11
5.91164
21
-4.1363
0
LINE
8
BLACK
6
CONTINUOUS
10
5.91164
20
-4.1363
11
5.91199
21
-4.13829
0
LINE
8
BLACK
6
CONTINUOUS
10
5.91199
20
-4.13829
11
5.91098
21
-4.14004
0
LINE
8
BLACK
6
CONTINUOUS
10
5.91098
20
-4.14004
11
5.90908
21
-4.14073
0
LINE
8
BLACK
6
CONTINUOUS
10
5.90908
20
-4.14073
11
5.84908
21
-4.14073
0
LINE
8
BLACK
6
CONTINUOUS
10
5.84908
20
-4.14073
11
5.84807
21
-4.14055
0
LINE
8
BLACK
6
CONTINUOUS
10
5.84807
20
-4.14055
11
5.84653
21
-4.13926
0
LINE
8
BLACK
6
CONTINUOUS
10
5.84653
20
-4.13926
11
5.84617
21
-4.13727
0
LINE
8
BLACK
6
CONTINUOUS
10
5.84617
20
-4.13727
11
5.84718
21
-4.13552
0
LINE
8
BLACK
6
CONTINUOUS
10
5.84718
20
-4.13552
11
5.84908
21
-4.13483
0
LINE
8
BLACK
6
CONTINUOUS
10
5.84908
20
-4.13483
11
5.90908
21
-4.13483
0
LINE
8
BLACK
6
CONTINUOUS
10
5.90908
20
-4.13483
11
5.91009
21
-4.135
0
LINE
8
BLACK
6
CONTINUOUS
10
4.90966
20
-4.07302
11
4.91035
21
-4.07492
0
LINE
8
BLACK
6
CONTINUOUS
10
4.91035
20
-4.07492
11
4.91035
21
-4.13492
0
LINE
8
BLACK
6
CONTINUOUS
10
4.91035
20
-4.13492
11
4.91018
21
-4.13593
0
LINE
8
BLACK
6
CONTINUOUS
10
4.91018
20
-4.13593
11
4.90888
21
-4.13748
0
LINE
8
BLACK
6
CONTINUOUS
10
4.90888
20
-4.13748
11
4.90689
21
-4.13783
0
LINE
8
BLACK
6
CONTINUOUS
10
4.90689
20
-4.13783
11
4.90514
21
-4.13682
0
LINE
8
BLACK
6
CONTINUOUS
10
4.90514
20
-4.13682
11
4.90445
21
-4.13492
0
LINE
8
BLACK
6
CONTINUOUS
10
4.90445
20
-4.13492
11
4.90445
21
-4.07492
0
LINE
8
BLACK
6
CONTINUOUS
10
4.90445
20
-4.07492
11
4.90463
21
-4.07391
0
LINE
8
BLACK
6
CONTINUOUS
10
4.90463
20
-4.07391
11
4.90593
21
-4.07236
0
LINE
8
BLACK
6
CONTINUOUS
10
4.90593
20
-4.07236
11
4.90791
21
-4.07201
0
LINE
8
BLACK
6
CONTINUOUS
10
4.90791
20
-4.07201
11
4.90966
21
-4.07302
0
LINE
8
BLACK
6
CONTINUOUS
10
5.02966
20
-4.07302
11
5.03035
21
-4.07492
0
LINE
8
BLACK
6
CONTINUOUS
10
5.03035
20
-4.07492
11
5.03035
21
-4.13492
0
LINE
8
BLACK
6
CONTINUOUS
10
5.03035
20
-4.13492
11
5.03018
21
-4.13593
0
LINE
8
BLACK
6
CONTINUOUS
10
5.03018
20
-4.13593
11
5.02888
21
-4.13748
0
LINE
8
BLACK
6
CONTINUOUS
10
5.02888
20
-4.13748
11
5.02689
21
-4.13783
0
LINE
8
BLACK
6
CONTINUOUS
10
5.02689
20
-4.13783
11
5.02514
21
-4.13682
0
LINE
8
BLACK
6
CONTINUOUS
10
5.02514
20
-4.13682
11
5.02445
21
-4.13492
0
LINE
8
BLACK
6
CONTINUOUS
10
5.02445
20
-4.13492
11
5.02445
21
-4.07492
0
LINE
8
BLACK
6
CONTINUOUS
10
5.02445
20
-4.07492
11
5.02463
21
-4.07391
0
LINE
8
BLACK
6
CONTINUOUS
10
5.02463
20
-4.07391
11
5.02593
21
-4.07236
0
LINE
8
BLACK
6
CONTINUOUS
10
5.02593
20
-4.07236
11
5.02791
21
-4.07201
0
LINE
8
BLACK
6
CONTINUOUS
10
5.02791
20
-4.07201
11
5.02966
21
-4.07302
0
LINE
8
BLACK
6
CONTINUOUS
10
4.98407
20
-4.13325
11
4.98476
21
-4.13492
0
LINE
8
BLACK
6
CONTINUOUS
10
4.98476
20
-4.13492
11
4.98407
21
-4.13659
0
LINE
8
BLACK
6
CONTINUOUS
10
4.98407
20
-4.13659
11
4.9824
21
-4.13728
0
LINE
8
BLACK
6
CONTINUOUS
10
4.9824
20
-4.13728
11
4.9524
21
-4.13728
0
LINE
8
BLACK
6
CONTINUOUS
10
4.9524
20
-4.13728
11
4.95073
21
-4.13659
0
LINE
8
BLACK
6
CONTINUOUS
10
4.95073
20
-4.13659
11
4.95004
21
-4.13492
0
LINE
8
BLACK
6
CONTINUOUS
10
4.95004
20
-4.13492
11
4.95073
21
-4.13325
0
LINE
8
BLACK
6
CONTINUOUS
10
4.95073
20
-4.13325
11
4.9524
21
-4.13256
0
LINE
8
BLACK
6
CONTINUOUS
10
4.9524
20
-4.13256
11
4.9824
21
-4.13256
0
LINE
8
BLACK
6
CONTINUOUS
10
4.9824
20
-4.13256
11
4.98407
21
-4.13325
0
LINE
8
BLACK
6
CONTINUOUS
10
6.0548
20
-4.12024
11
6.05549
21
-4.12191
0
LINE
8
BLACK
6
CONTINUOUS
10
6.05549
20
-4.12191
11
6.0548
21
-4.12358
0
LINE
8
BLACK
6
CONTINUOUS
10
6.0548
20
-4.12358
11
6.05313
21
-4.12428
0
LINE
8
BLACK
6
CONTINUOUS
10
6.05313
20
-4.12428
11
6.02313
21
-4.12428
0
LINE
8
BLACK
6
CONTINUOUS
10
6.02313
20
-4.12428
11
6.02146
21
-4.12358
0
LINE
8
BLACK
6
CONTINUOUS
10
6.02146
20
-4.12358
11
6.02076
21
-4.12191
0
LINE
8
BLACK
6
CONTINUOUS
10
6.02076
20
-4.12191
11
6.02146
21
-4.12024
0
LINE
8
BLACK
6
CONTINUOUS
10
6.02146
20
-4.12024
11
6.02313
21
-4.11955
0
LINE
8
BLACK
6
CONTINUOUS
10
6.02313
20
-4.11955
11
6.05313
21
-4.11955
0
LINE
8
BLACK
6
CONTINUOUS
10
6.05313
20
-4.11955
11
6.0548
21
-4.12024
0
LINE
8
BLACK
6
CONTINUOUS
10
6.16213
20
-4.08152
11
6.16282
21
-4.08319
0
LINE
8
BLACK
6
CONTINUOUS
10
6.16282
20
-4.08319
11
6.16282
21
-4.11319
0
LINE
8
BLACK
6
CONTINUOUS
10
6.16282
20
-4.11319
11
6.16213
21
-4.11486
0
LINE
8
BLACK
6
CONTINUOUS
10
6.16213
20
-4.11486
11
6.16046
21
-4.11555
0
LINE
8
BLACK
6
CONTINUOUS
10
6.16046
20
-4.11555
11
6.15879
21
-4.11486
0
LINE
8
BLACK
6
CONTINUOUS
10
6.15879
20
-4.11486
11
6.1581
21
-4.11319
0
LINE
8
BLACK
6
CONTINUOUS
10
6.1581
20
-4.11319
11
6.1581
21
-4.08319
0
LINE
8
BLACK
6
CONTINUOUS
10
6.1581
20
-4.08319
11
6.15879
21
-4.08152
0
LINE
8
BLACK
6
CONTINUOUS
10
6.15879
20
-4.08152
11
6.16046
21
-4.08083
0
LINE
8
BLACK
6
CONTINUOUS
10
6.16046
20
-4.08083
11
6.16213
21
-4.08152
0
LINE
8
BLACK
6
CONTINUOUS
10
6.22213
20
-4.08152
11
6.22282
21
-4.08319
0
LINE
8
BLACK
6
CONTINUOUS
10
6.22282
20
-4.08319
11
6.22282
21
-4.11319
0
LINE
8
BLACK
6
CONTINUOUS
10
6.22282
20
-4.11319
11
6.22213
21
-4.11486
0
LINE
8
BLACK
6
CONTINUOUS
10
6.22213
20
-4.11486
11
6.22046
21
-4.11555
0
LINE
8
BLACK
6
CONTINUOUS
10
6.22046
20
-4.11555
11
6.21879
21
-4.11486
0
LINE
8
BLACK
6
CONTINUOUS
10
6.21879
20
-4.11486
11
6.2181
21
-4.11319
0
LINE
8
BLACK
6
CONTINUOUS
10
6.2181
20
-4.11319
11
6.2181
21
-4.08319
0
LINE
8
BLACK
6
CONTINUOUS
10
6.2181
20
-4.08319
11
6.21879
21
-4.08152
0
LINE
8
BLACK
6
CONTINUOUS
10
6.21879
20
-4.08152
11
6.22046
21
-4.08083
0
LINE
8
BLACK
6
CONTINUOUS
10
6.22046
20
-4.08083
11
6.22213
21
-4.08152
0
LINE
8
BLACK
6
CONTINUOUS
10
5.77091
20
-4.10608
11
5.77246
21
-4.10738
0
LINE
8
BLACK
6
CONTINUOUS
10
5.77246
20
-4.10738
11
5.77281
21
-4.10937
0
LINE
8
BLACK
6
CONTINUOUS
10
5.77281
20
-4.10937
11
5.7718
21
-4.11112
0
LINE
8
BLACK
6
CONTINUOUS
10
5.7718
20
-4.11112
11
5.7699
21
-4.11181
0
LINE
8
BLACK
6
CONTINUOUS
10
5.7699
20
-4.11181
11
5.7099
21
-4.11181
0
LINE
8
BLACK
6
CONTINUOUS
10
5.7099
20
-4.11181
11
5.70889
21
-4.11163
0
LINE
8
BLACK
6
CONTINUOUS
10
5.70889
20
-4.11163
11
5.70734
21
-4.11033
0
LINE
8
BLACK
6
CONTINUOUS
10
5.70734
20
-4.11033
11
5.70699
21
-4.10835
0
LINE
8
BLACK
6
CONTINUOUS
10
5.70699
20
-4.10835
11
5.708
21
-4.1066
0
LINE
8
BLACK
6
CONTINUOUS
10
5.708
20
-4.1066
11
5.7099
21
-4.10591
0
LINE
8
BLACK
6
CONTINUOUS
10
5.7099
20
-4.10591
11
5.7699
21
-4.10591
0
LINE
8
BLACK
6
CONTINUOUS
10
5.7699
20
-4.10591
11
5.77091
21
-4.10608
0
LINE
8
BLACK
6
CONTINUOUS
10
5.97966
20
-4.03451
11
5.98035
21
-4.03641
0
LINE
8
BLACK
6
CONTINUOUS
10
5.98035
20
-4.03641
11
5.98035
21
-4.09641
0
LINE
8
BLACK
6
CONTINUOUS
10
5.98035
20
-4.09641
11
5.98017
21
-4.09742
0
LINE
8
BLACK
6
CONTINUOUS
10
5.98017
20
-4.09742
11
5.97888
21
-4.09897
0
LINE
8
BLACK
6
CONTINUOUS
10
5.97888
20
-4.09897
11
5.97689
21
-4.09932
0
LINE
8
BLACK
6
CONTINUOUS
10
5.97689
20
-4.09932
11
5.97514
21
-4.09831
0
LINE
8
BLACK
6
CONTINUOUS
10
5.97514
20
-4.09831
11
5.97445
21
-4.09641
0
LINE
8
BLACK
6
CONTINUOUS
10
5.97445
20
-4.09641
11
5.97445
21
-4.03641
0
LINE
8
BLACK
6
CONTINUOUS
10
5.97445
20
-4.03641
11
5.97462
21
-4.0354
0
LINE
8
BLACK
6
CONTINUOUS
10
5.97462
20
-4.0354
11
5.97592
21
-4.03385
0
LINE
8
BLACK
6
CONTINUOUS
10
5.97592
20
-4.03385
11
5.97791
21
-4.0335
0
LINE
8
BLACK
6
CONTINUOUS
10
5.97791
20
-4.0335
11
5.97966
21
-4.03451
0
LINE
8
BLACK
6
CONTINUOUS
10
6.09966
20
-4.03451
11
6.10035
21
-4.03641
0
LINE
8
BLACK
6
CONTINUOUS
10
6.10035
20
-4.03641
11
6.10035
21
-4.09641
0
LINE
8
BLACK
6
CONTINUOUS
10
6.10035
20
-4.09641
11
6.10017
21
-4.09742
0
LINE
8
BLACK
6
CONTINUOUS
10
6.10017
20
-4.09742
11
6.09888
21
-4.09897
0
LINE
8
BLACK
6
CONTINUOUS
10
6.09888
20
-4.09897
11
6.09689
21
-4.09932
0
LINE
8
BLACK
6
CONTINUOUS
10
6.09689
20
-4.09932
11
6.09514
21
-4.09831
0
LINE
8
BLACK
6
CONTINUOUS
10
6.09514
20
-4.09831
11
6.09445
21
-4.09641
0
LINE
8
BLACK
6
CONTINUOUS
10
6.09445
20
-4.09641
11
6.09445
21
-4.03641
0
LINE
8
BLACK
6
CONTINUOUS
10
6.09445
20
-4.03641
11
6.09462
21
-4.0354
0
LINE
8
BLACK
6
CONTINUOUS
10
6.09462
20
-4.0354
11
6.09592
21
-4.03385
0
LINE
8
BLACK
6
CONTINUOUS
10
6.09592
20
-4.03385
11
6.09791
21
-4.0335
0
LINE
8
BLACK
6
CONTINUOUS
10
6.09791
20
-4.0335
11
6.09966
21
-4.03451
0
LINE
8
BLACK
6
CONTINUOUS
10
6.05407
20
-4.09474
11
6.05476
21
-4.09641
0
LINE
8
BLACK
6
CONTINUOUS
10
6.05476
20
-4.09641
11
6.05407
21
-4.09808
0
LINE
8
BLACK
6
CONTINUOUS
10
6.05407
20
-4.09808
11
6.0524
21
-4.09877
0
LINE
8
BLACK
6
CONTINUOUS
10
6.0524
20
-4.09877
11
6.0224
21
-4.09877
0
LINE
8
BLACK
6
CONTINUOUS
10
6.0224
20
-4.09877
11
6.02073
21
-4.09808
0
LINE
8
BLACK
6
CONTINUOUS
10
6.02073
20
-4.09808
11
6.02004
21
-4.09641
0
LINE
8
BLACK
6
CONTINUOUS
10
6.02004
20
-4.09641
11
6.02073
21
-4.09474
0
LINE
8
BLACK
6
CONTINUOUS
10
6.02073
20
-4.09474
11
6.0224
21
-4.09405
0
LINE
8
BLACK
6
CONTINUOUS
10
6.0224
20
-4.09405
11
6.0524
21
-4.09405
0
LINE
8
BLACK
6
CONTINUOUS
10
6.0524
20
-4.09405
11
6.05407
21
-4.09474
0
LINE
8
BLACK
6
CONTINUOUS
10
4.98407
20
-4.07325
11
4.98476
21
-4.07492
0
LINE
8
BLACK
6
CONTINUOUS
10
4.98476
20
-4.07492
11
4.98407
21
-4.07659
0
LINE
8
BLACK
6
CONTINUOUS
10
4.98407
20
-4.07659
11
4.9824
21
-4.07728
0
LINE
8
BLACK
6
CONTINUOUS
10
4.9824
20
-4.07728
11
4.9524
21
-4.07728
0
LINE
8
BLACK
6
CONTINUOUS
10
4.9524
20
-4.07728
11
4.95073
21
-4.07659
0
LINE
8
BLACK
6
CONTINUOUS
10
4.95073
20
-4.07659
11
4.95004
21
-4.07492
0
LINE
8
BLACK
6
CONTINUOUS
10
4.95004
20
-4.07492
11
4.95073
21
-4.07325
0
LINE
8
BLACK
6
CONTINUOUS
10
4.95073
20
-4.07325
11
4.9524
21
-4.07256
0
LINE
8
BLACK
6
CONTINUOUS
10
4.9524
20
-4.07256
11
4.9824
21
-4.07256
0
LINE
8
BLACK
6
CONTINUOUS
10
4.9824
20
-4.07256
11
4.98407
21
-4.07325
0
LINE
8
BLACK
6
CONTINUOUS
10
6.35811
20
-4.0738
11
6.35742
21
-4.07213
0
LINE
8
BLACK
6
CONTINUOUS
10
6.35742
20
-4.07213
11
6.35811
21
-4.07046
0
LINE
8
BLACK
6
CONTINUOUS
10
6.35811
20
-4.07046
11
6.35978
21
-4.06976
0
LINE
8
BLACK
6
CONTINUOUS
10
6.35978
20
-4.06976
11
6.44246
21
-4.06976
0
LINE
8
BLACK
6
CONTINUOUS
10
6.44246
20
-4.06976
11
6.44246
21
-4.03551
0
LINE
8
BLACK
6
CONTINUOUS
10
6.44246
20
-4.03551
11
6.44315
21
-4.03384
0
LINE
8
BLACK
6
CONTINUOUS
10
6.44315
20
-4.03384
11
6.44482
21
-4.03315
0
LINE
8
BLACK
6
CONTINUOUS
10
6.44482
20
-4.03315
11
6.44649
21
-4.03384
0
LINE
8
BLACK
6
CONTINUOUS
10
6.44649
20
-4.03384
11
6.44719
21
-4.03551
0
LINE
8
BLACK
6
CONTINUOUS
10
6.44719
20
-4.03551
11
6.44719
21
-4.07213
0
LINE
8
BLACK
6
CONTINUOUS
10
6.44719
20
-4.07213
11
6.44649
21
-4.0738
0
LINE
8
BLACK
6
CONTINUOUS
10
6.44649
20
-4.0738
11
6.44482
21
-4.07449
0
LINE
8
BLACK
6
CONTINUOUS
10
6.44482
20
-4.07449
11
6.35978
21
-4.07449
0
LINE
8
BLACK
6
CONTINUOUS
10
6.35978
20
-4.07449
11
6.35811
21
-4.0738
0
LINE
8
BLACK
6
CONTINUOUS
10
5.02966
20
-3.99302
11
5.03035
21
-3.99492
0
LINE
8
BLACK
6
CONTINUOUS
10
5.03035
20
-3.99492
11
5.03035
21
-4.05492
0
LINE
8
BLACK
6
CONTINUOUS
10
5.03035
20
-4.05492
11
5.03018
21
-4.05593
0
LINE
8
BLACK
6
CONTINUOUS
10
5.03018
20
-4.05593
11
5.02888
21
-4.05748
0
LINE
8
BLACK
6
CONTINUOUS
10
5.02888
20
-4.05748
11
5.02689
21
-4.05783
0
LINE
8
BLACK
6
CONTINUOUS
10
5.02689
20
-4.05783
11
5.02514
21
-4.05682
0
LINE
8
BLACK
6
CONTINUOUS
10
5.02514
20
-4.05682
11
5.02445
21
-4.05492
0
LINE
8
BLACK
6
CONTINUOUS
10
5.02445
20
-4.05492
11
5.02445
21
-3.99492
0
LINE
8
BLACK
6
CONTINUOUS
10
5.02445
20
-3.99492
11
5.02463
21
-3.99391
0
LINE
8
BLACK
6
CONTINUOUS
10
5.02463
20
-3.99391
11
5.02593
21
-3.99236
0
LINE
8
BLACK
6
CONTINUOUS
10
5.02593
20
-3.99236
11
5.02791
21
-3.99201
0
LINE
8
BLACK
6
CONTINUOUS
10
5.02791
20
-3.99201
11
5.02966
21
-3.99302
0
LINE
8
BLACK
6
CONTINUOUS
10
4.90966
20
-3.99302
11
4.91035
21
-3.99492
0
LINE
8
BLACK
6
CONTINUOUS
10
4.91035
20
-3.99492
11
4.91035
21
-4.05492
0
LINE
8
BLACK
6
CONTINUOUS
10
4.91035
20
-4.05492
11
4.91018
21
-4.05593
0
LINE
8
BLACK
6
CONTINUOUS
10
4.91018
20
-4.05593
11
4.90888
21
-4.05748
0
LINE
8
BLACK
6
CONTINUOUS
10
4.90888
20
-4.05748
11
4.90689
21
-4.05783
0
LINE
8
BLACK
6
CONTINUOUS
10
4.90689
20
-4.05783
11
4.90514
21
-4.05682
0
LINE
8
BLACK
6
CONTINUOUS
10
4.90514
20
-4.05682
11
4.90445
21
-4.05492
0
LINE
8
BLACK
6
CONTINUOUS
10
4.90445
20
-4.05492
11
4.90445
21
-3.99492
0
LINE
8
BLACK
6
CONTINUOUS
10
4.90445
20
-3.99492
11
4.90463
21
-3.99391
0
LINE
8
BLACK
6
CONTINUOUS
10
4.90463
20
-3.99391
11
4.90593
21
-3.99236
0
LINE
8
BLACK
6
CONTINUOUS
10
4.90593
20
-3.99236
11
4.90791
21
-3.99201
0
LINE
8
BLACK
6
CONTINUOUS
10
4.90791
20
-3.99201
11
4.90966
21
-3.99302
0
LINE
8
BLACK
6
CONTINUOUS
10
4.98407
20
-4.05325
11
4.98476
21
-4.05492
0
LINE
8
BLACK
6
CONTINUOUS
10
4.98476
20
-4.05492
11
4.98407
21
-4.05659
0
LINE
8
BLACK
6
CONTINUOUS
10
4.98407
20
-4.05659
11
4.9824
21
-4.05728
0
LINE
8
BLACK
6
CONTINUOUS
10
4.9824
20
-4.05728
11
4.9524
21
-4.05728
0
LINE
8
BLACK
6
CONTINUOUS
10
4.9524
20
-4.05728
11
4.95073
21
-4.05659
0
LINE
8
BLACK
6
CONTINUOUS
10
4.95073
20
-4.05659
11
4.95004
21
-4.05492
0
LINE
8
BLACK
6
CONTINUOUS
10
4.95004
20
-4.05492
11
4.95073
21
-4.05325
0
LINE
8
BLACK
6
CONTINUOUS
10
4.95073
20
-4.05325
11
4.9524
21
-4.05256
0
LINE
8
BLACK
6
CONTINUOUS
10
4.9524
20
-4.05256
11
4.9824
21
-4.05256
0
LINE
8
BLACK
6
CONTINUOUS
10
4.9824
20
-4.05256
11
4.98407
21
-4.05325
0
LINE
8
BLACK
6
CONTINUOUS
10
6.09923
20
-4.00116
11
6.14166
21
-4.04359
0
LINE
8
BLACK
6
CONTINUOUS
10
6.14166
20
-4.04359
11
6.14225
21
-4.04443
0
LINE
8
BLACK
6
CONTINUOUS
10
6.14225
20
-4.04443
11
6.14242
21
-4.04644
0
LINE
8
BLACK
6
CONTINUOUS
10
6.14242
20
-4.04644
11
6.14127
21
-4.04809
0
LINE
8
BLACK
6
CONTINUOUS
10
6.14127
20
-4.04809
11
6.13932
21
-4.04862
0
LINE
8
BLACK
6
CONTINUOUS
10
6.13932
20
-4.04862
11
6.13748
21
-4.04776
0
LINE
8
BLACK
6
CONTINUOUS
10
6.13748
20
-4.04776
11
6.09506
21
-4.00534
0
LINE
8
BLACK
6
CONTINUOUS
10
6.09506
20
-4.00534
11
6.09447
21
-4.0045
0
LINE
8
BLACK
6
CONTINUOUS
10
6.09447
20
-4.0045
11
6.09429
21
-4.00248
0
LINE
8
BLACK
6
CONTINUOUS
10
6.09429
20
-4.00248
11
6.09545
21
-4.00083
0
LINE
8
BLACK
6
CONTINUOUS
10
6.09545
20
-4.00083
11
6.0974
21
-4.00031
0
LINE
8
BLACK
6
CONTINUOUS
10
6.0974
20
-4.00031
11
6.09923
21
-4.00116
0
LINE
8
BLACK
6
CONTINUOUS
10
6.22147
20
-4.03541
11
6.22302
21
-4.03671
0
LINE
8
BLACK
6
CONTINUOUS
10
6.22302
20
-4.03671
11
6.22337
21
-4.0387
0
LINE
8
BLACK
6
CONTINUOUS
10
6.22337
20
-4.0387
11
6.22236
21
-4.04045
0
LINE
8
BLACK
6
CONTINUOUS
10
6.22236
20
-4.04045
11
6.22046
21
-4.04114
0
LINE
8
BLACK
6
CONTINUOUS
10
6.22046
20
-4.04114
11
6.16046
21
-4.04114
0
LINE
8
BLACK
6
CONTINUOUS
10
6.16046
20
-4.04114
11
6.15945
21
-4.04096
0
LINE
8
BLACK
6
CONTINUOUS
10
6.15945
20
-4.04096
11
6.1579
21
-4.03966
0
LINE
8
BLACK
6
CONTINUOUS
10
6.1579
20
-4.03966
11
6.15755
21
-4.03767
0
LINE
8
BLACK
6
CONTINUOUS
10
6.15755
20
-4.03767
11
6.15856
21
-4.03593
0
LINE
8
BLACK
6
CONTINUOUS
10
6.15856
20
-4.03593
11
6.16046
21
-4.03523
0
LINE
8
BLACK
6
CONTINUOUS
10
6.16046
20
-4.03523
11
6.22046
21
-4.03523
0
LINE
8
BLACK
6
CONTINUOUS
10
6.22046
20
-4.03523
11
6.22147
21
-4.03541
0
LINE
8
BLACK
6
CONTINUOUS
10
6.05407
20
-4.03474
11
6.05476
21
-4.03641
0
LINE
8
BLACK
6
CONTINUOUS
10
6.05476
20
-4.03641
11
6.05407
21
-4.03808
0
LINE
8
BLACK
6
CONTINUOUS
10
6.05407
20
-4.03808
11
6.0524
21
-4.03877
0
LINE
8
BLACK
6
CONTINUOUS
10
6.0524
20
-4.03877
11
6.0224
21
-4.03877
0
LINE
8
BLACK
6
CONTINUOUS
10
6.0224
20
-4.03877
11
6.02073
21
-4.03808
0
LINE
8
BLACK
6
CONTINUOUS
10
6.02073
20
-4.03808
11
6.02004
21
-4.03641
0
LINE
8
BLACK
6
CONTINUOUS
10
6.02004
20
-4.03641
11
6.02073
21
-4.03474
0
LINE
8
BLACK
6
CONTINUOUS
10
6.02073
20
-4.03474
11
6.0224
21
-4.03405
0
LINE
8
BLACK
6
CONTINUOUS
10
6.0224
20
-4.03405
11
6.0524
21
-4.03405
0
LINE
8
BLACK
6
CONTINUOUS
10
6.0524
20
-4.03405
11
6.05407
21
-4.03474
0
LINE
8
BLACK
6
CONTINUOUS
10
6.19428
20
-3.99097
11
6.19497
21
-3.99264
0
LINE
8
BLACK
6
CONTINUOUS
10
6.19497
20
-3.99264
11
6.19428
21
-3.99431
0
LINE
8
BLACK
6
CONTINUOUS
10
6.19428
20
-3.99431
11
6.17306
21
-4.01553
0
LINE
8
BLACK
6
CONTINUOUS
10
6.17306
20
-4.01553
11
6.17139
21
-4.01622
0
LINE
8
BLACK
6
CONTINUOUS
10
6.17139
20
-4.01622
11
6.16972
21
-4.01553
0
LINE
8
BLACK
6
CONTINUOUS
10
6.16972
20
-4.01553
11
6.16903
21
-4.01386
0
LINE
8
BLACK
6
CONTINUOUS
10
6.16903
20
-4.01386
11
6.16972
21
-4.01218
0
LINE
8
BLACK
6
CONTINUOUS
10
6.16972
20
-4.01218
11
6.19094
21
-3.99097
0
LINE
8
BLACK
6
CONTINUOUS
10
6.19094
20
-3.99097
11
6.19261
21
-3.99028
0
LINE
8
BLACK
6
CONTINUOUS
10
6.19261
20
-3.99028
11
6.19428
21
-3.99097
0
LINE
8
BLACK
6
CONTINUOUS
10
5.85591
20
-4.00965
11
5.85746
21
-4.01094
0
LINE
8
BLACK
6
CONTINUOUS
10
5.85746
20
-4.01094
11
5.85781
21
-4.01293
0
LINE
8
BLACK
6
CONTINUOUS
10
5.85781
20
-4.01293
11
5.8568
21
-4.01468
0
LINE
8
BLACK
6
CONTINUOUS
10
5.8568
20
-4.01468
11
5.8549
21
-4.01537
0
LINE
8
BLACK
6
CONTINUOUS
10
5.8549
20
-4.01537
11
5.7949
21
-4.01537
0
LINE
8
BLACK
6
CONTINUOUS
10
5.7949
20
-4.01537
11
5.79389
21
-4.0152
0
LINE
8
BLACK
6
CONTINUOUS
10
5.79389
20
-4.0152
11
5.79234
21
-4.0139
0
LINE
8
BLACK
6
CONTINUOUS
10
5.79234
20
-4.0139
11
5.79199
21
-4.01191
0
LINE
8
BLACK
6
CONTINUOUS
10
5.79199
20
-4.01191
11
5.793
21
-4.01016
0
LINE
8
BLACK
6
CONTINUOUS
10
5.793
20
-4.01016
11
5.7949
21
-4.00947
0
LINE
8
BLACK
6
CONTINUOUS
10
5.7949
20
-4.00947
11
5.8549
21
-4.00947
0
LINE
8
BLACK
6
CONTINUOUS
10
5.8549
20
-4.00947
11
5.85591
21
-4.00965
0
LINE
8
BLACK
6
CONTINUOUS
10
5.77091
20
-4.00965
11
5.77246
21
-4.01094
0
LINE
8
BLACK
6
CONTINUOUS
10
5.77246
20
-4.01094
11
5.77281
21
-4.01293
0
LINE
8
BLACK
6
CONTINUOUS
10
5.77281
20
-4.01293
11
5.7718
21
-4.01468
0
LINE
8
BLACK
6
CONTINUOUS
10
5.7718
20
-4.01468
11
5.7699
21
-4.01537
0
LINE
8
BLACK
6
CONTINUOUS
10
5.7699
20
-4.01537
11
5.7099
21
-4.01537
0
LINE
8
BLACK
6
CONTINUOUS
10
5.7099
20
-4.01537
11
5.70889
21
-4.0152
0
LINE
8
BLACK
6
CONTINUOUS
10
5.70889
20
-4.0152
11
5.70734
21
-4.0139
0
LINE
8
BLACK
6
CONTINUOUS
10
5.70734
20
-4.0139
11
5.70699
21
-4.01191
0
LINE
8
BLACK
6
CONTINUOUS
10
5.70699
20
-4.01191
11
5.708
21
-4.01016
0
LINE
8
BLACK
6
CONTINUOUS
10
5.708
20
-4.01016
11
5.7099
21
-4.00947
0
LINE
8
BLACK
6
CONTINUOUS
10
5.7099
20
-4.00947
11
5.7699
21
-4.00947
0
LINE
8
BLACK
6
CONTINUOUS
10
5.7699
20
-4.00947
11
5.77091
21
-4.00965
0
LINE
8
BLACK
6
CONTINUOUS
10
6.12653
20
-3.96104
11
6.12705
21
-3.96299
0
LINE
8
BLACK
6
CONTINUOUS
10
6.12705
20
-3.96299
11
6.1262
21
-3.96482
0
LINE
8
BLACK
6
CONTINUOUS
10
6.1262
20
-3.96482
11
6.08377
21
-4.00724
0
LINE
8
BLACK
6
CONTINUOUS
10
6.08377
20
-4.00724
11
6.08293
21
-4.00783
0
LINE
8
BLACK
6
CONTINUOUS
10
6.08293
20
-4.00783
11
6.08092
21
-4.00801
0
LINE
8
BLACK
6
CONTINUOUS
10
6.08092
20
-4.00801
11
6.07927
21
-4.00685
0
LINE
8
BLACK
6
CONTINUOUS
10
6.07927
20
-4.00685
11
6.07874
21
-4.0049
0
LINE
8
BLACK
6
CONTINUOUS
10
6.07874
20
-4.0049
11
6.0796
21
-4.00307
0
LINE
8
BLACK
6
CONTINUOUS
10
6.0796
20
-4.00307
11
6.12202
21
-3.96064
0
LINE
8
BLACK
6
CONTINUOUS
10
6.12202
20
-3.96064
11
6.12286
21
-3.96005
0
LINE
8
BLACK
6
CONTINUOUS
10
6.12286
20
-3.96005
11
6.12487
21
-3.95988
0
LINE
8
BLACK
6
CONTINUOUS
10
6.12487
20
-3.95988
11
6.12653
21
-3.96104
0
LINE
8
BLACK
6
CONTINUOUS
10
6.73031
20
-3.86829
11
6.731
21
-3.86996
0
LINE
8
BLACK
6
CONTINUOUS
10
6.731
20
-3.86996
11
6.73031
21
-3.87163
0
LINE
8
BLACK
6
CONTINUOUS
10
6.73031
20
-3.87163
11
6.72864
21
-3.87232
0
LINE
8
BLACK
6
CONTINUOUS
10
6.72864
20
-3.87232
11
6.51841
21
-3.87232
0
LINE
8
BLACK
6
CONTINUOUS
10
6.51841
20
-3.87232
11
6.51841
21
-3.99752
0
LINE
8
BLACK
6
CONTINUOUS
10
6.51841
20
-3.99752
11
6.72864
21
-3.99752
0
LINE
8
BLACK
6
CONTINUOUS
10
6.72864
20
-3.99752
11
6.73031
21
-3.99821
0
LINE
8
BLACK
6
CONTINUOUS
10
6.73031
20
-3.99821
11
6.731
21
-3.99988
0
LINE
8
BLACK
6
CONTINUOUS
10
6.731
20
-3.99988
11
6.73031
21
-4.00155
0
LINE
8
BLACK
6
CONTINUOUS
10
6.73031
20
-4.00155
11
6.72864
21
-4.00224
0
LINE
8
BLACK
6
CONTINUOUS
10
6.72864
20
-4.00224
11
6.51604
21
-4.00224
0
LINE
8
BLACK
6
CONTINUOUS
10
6.51604
20
-4.00224
11
6.51437
21
-4.00155
0
LINE
8
BLACK
6
CONTINUOUS
10
6.51437
20
-4.00155
11
6.51368
21
-3.99988
0
LINE
8
BLACK
6
CONTINUOUS
10
6.51368
20
-3.99988
11
6.51368
21
-3.86996
0
LINE
8
BLACK
6
CONTINUOUS
10
6.51368
20
-3.86996
11
6.51437
21
-3.86829
0
LINE
8
BLACK
6
CONTINUOUS
10
6.51437
20
-3.86829
11
6.51604
21
-3.8676
0
LINE
8
BLACK
6
CONTINUOUS
10
6.51604
20
-3.8676
11
6.72864
21
-3.8676
0
LINE
8
BLACK
6
CONTINUOUS
10
6.72864
20
-3.8676
11
6.73031
21
-3.86829
0
LINE
8
BLACK
6
CONTINUOUS
10
6.33091
20
-3.99465
11
6.33246
21
-3.99594
0
LINE
8
BLACK
6
CONTINUOUS
10
6.33246
20
-3.99594
11
6.33281
21
-3.99793
0
LINE
8
BLACK
6
CONTINUOUS
10
6.33281
20
-3.99793
11
6.3318
21
-3.99968
0
LINE
8
BLACK
6
CONTINUOUS
10
6.3318
20
-3.99968
11
6.3299
21
-4.00037
0
LINE
8
BLACK
6
CONTINUOUS
10
6.3299
20
-4.00037
11
6.2699
21
-4.00037
0
LINE
8
BLACK
6
CONTINUOUS
10
6.2699
20
-4.00037
11
6.26889
21
-4.0002
0
LINE
8
BLACK
6
CONTINUOUS
10
6.26889
20
-4.0002
11
6.26734
21
-3.9989
0
LINE
8
BLACK
6
CONTINUOUS
10
6.26734
20
-3.9989
11
6.26699
21
-3.99691
0
LINE
8
BLACK
6
CONTINUOUS
10
6.26699
20
-3.99691
11
6.268
21
-3.99516
0
LINE
8
BLACK
6
CONTINUOUS
10
6.268
20
-3.99516
11
6.2699
21
-3.99447
0
LINE
8
BLACK
6
CONTINUOUS
10
6.2699
20
-3.99447
11
6.3299
21
-3.99447
0
LINE
8
BLACK
6
CONTINUOUS
10
6.3299
20
-3.99447
11
6.33091
21
-3.99465
0
LINE
8
BLACK
6
CONTINUOUS
10
4.98407
20
-3.99325
11
4.98476
21
-3.99492
0
LINE
8
BLACK
6
CONTINUOUS
10
4.98476
20
-3.99492
11
4.98407
21
-3.99659
0
LINE
8
BLACK
6
CONTINUOUS
10
4.98407
20
-3.99659
11
4.9824
21
-3.99728
0
LINE
8
BLACK
6
CONTINUOUS
10
4.9824
20
-3.99728
11
4.9524
21
-3.99728
0
LINE
8
BLACK
6
CONTINUOUS
10
4.9524
20
-3.99728
11
4.95073
21
-3.99659
0
LINE
8
BLACK
6
CONTINUOUS
10
4.95073
20
-3.99659
11
4.95004
21
-3.99492
0
LINE
8
BLACK
6
CONTINUOUS
10
4.95004
20
-3.99492
11
4.95073
21
-3.99325
0
LINE
8
BLACK
6
CONTINUOUS
10
4.95073
20
-3.99325
11
4.9524
21
-3.99256
0
LINE
8
BLACK
6
CONTINUOUS
10
4.9524
20
-3.99256
11
4.9824
21
-3.99256
0
LINE
8
BLACK
6
CONTINUOUS
10
4.9824
20
-3.99256
11
4.98407
21
-3.99325
0
LINE
8
BLACK
6
CONTINUOUS
10
6.44649
20
-3.94605
11
6.44719
21
-3.94772
0
LINE
8
BLACK
6
CONTINUOUS
10
6.44719
20
-3.94772
11
6.44719
21
-3.98433
0
LINE
8
BLACK
6
CONTINUOUS
10
6.44719
20
-3.98433
11
6.44649
21
-3.986
0
LINE
8
BLACK
6
CONTINUOUS
10
6.44649
20
-3.986
11
6.44482
21
-3.98669
0
LINE
8
BLACK
6
CONTINUOUS
10
6.44482
20
-3.98669
11
6.44315
21
-3.986
0
LINE
8
BLACK
6
CONTINUOUS
10
6.44315
20
-3.986
11
6.44246
21
-3.98433
0
LINE
8
BLACK
6
CONTINUOUS
10
6.44246
20
-3.98433
11
6.44246
21
-3.95008
0
LINE
8
BLACK
6
CONTINUOUS
10
6.44246
20
-3.95008
11
6.38734
21
-3.95008
0
LINE
8
BLACK
6
CONTINUOUS
10
6.38734
20
-3.95008
11
6.38567
21
-3.94939
0
LINE
8
BLACK
6
CONTINUOUS
10
6.38567
20
-3.94939
11
6.38498
21
-3.94772
0
LINE
8
BLACK
6
CONTINUOUS
10
6.38498
20
-3.94772
11
6.38567
21
-3.94605
0
LINE
8
BLACK
6
CONTINUOUS
10
6.38567
20
-3.94605
11
6.38734
21
-3.94535
0
LINE
8
BLACK
6
CONTINUOUS
10
6.38734
20
-3.94535
11
6.44482
21
-3.94535
0
LINE
8
BLACK
6
CONTINUOUS
10
6.44482
20
-3.94535
11
6.44649
21
-3.94605
0
LINE
8
BLACK
6
CONTINUOUS
10
4.90966
20
-3.91302
11
4.91035
21
-3.91492
0
LINE
8
BLACK
6
CONTINUOUS
10
4.91035
20
-3.91492
11
4.91035
21
-3.97492
0
LINE
8
BLACK
6
CONTINUOUS
10
4.91035
20
-3.97492
11
4.91018
21
-3.97593
0
LINE
8
BLACK
6
CONTINUOUS
10
4.91018
20
-3.97593
11
4.90888
21
-3.97748
0
LINE
8
BLACK
6
CONTINUOUS
10
4.90888
20
-3.97748
11
4.90689
21
-3.97783
0
LINE
8
BLACK
6
CONTINUOUS
10
4.90689
20
-3.97783
11
4.90514
21
-3.97682
0
LINE
8
BLACK
6
CONTINUOUS
10
4.90514
20
-3.97682
11
4.90445
21
-3.97492
0
LINE
8
BLACK
6
CONTINUOUS
10
4.90445
20
-3.97492
11
4.90445
21
-3.91492
0
LINE
8
BLACK
6
CONTINUOUS
10
4.90445
20
-3.91492
11
4.90463
21
-3.91391
0
LINE
8
BLACK
6
CONTINUOUS
10
4.90463
20
-3.91391
11
4.90593
21
-3.91236
0
LINE
8
BLACK
6
CONTINUOUS
10
4.90593
20
-3.91236
11
4.90791
21
-3.91201
0
LINE
8
BLACK
6
CONTINUOUS
10
4.90791
20
-3.91201
11
4.90966
21
-3.91302
0
LINE
8
BLACK
6
CONTINUOUS
10
5.02966
20
-3.91302
11
5.03035
21
-3.91492
0
LINE
8
BLACK
6
CONTINUOUS
10
5.03035
20
-3.91492
11
5.03035
21
-3.97492
0
LINE
8
BLACK
6
CONTINUOUS
10
5.03035
20
-3.97492
11
5.03018
21
-3.97593
0
LINE
8
BLACK
6
CONTINUOUS
10
5.03018
20
-3.97593
11
5.02888
21
-3.97748
0
LINE
8
BLACK
6
CONTINUOUS
10
5.02888
20
-3.97748
11
5.02689
21
-3.97783
0
LINE
8
BLACK
6
CONTINUOUS
10
5.02689
20
-3.97783
11
5.02514
21
-3.97682
0
LINE
8
BLACK
6
CONTINUOUS
10
5.02514
20
-3.97682
11
5.02445
21
-3.97492
0
LINE
8
BLACK
6
CONTINUOUS
10
5.02445
20
-3.97492
11
5.02445
21
-3.91492
0
LINE
8
BLACK
6
CONTINUOUS
10
5.02445
20
-3.91492
11
5.02463
21
-3.91391
0
LINE
8
BLACK
6
CONTINUOUS
10
5.02463
20
-3.91391
11
5.02593
21
-3.91236
0
LINE
8
BLACK
6
CONTINUOUS
10
5.02593
20
-3.91236
11
5.02791
21
-3.91201
0
LINE
8
BLACK
6
CONTINUOUS
10
5.02791
20
-3.91201
11
5.02966
21
-3.91302
0
LINE
8
BLACK
6
CONTINUOUS
10
4.98407
20
-3.97325
11
4.98476
21
-3.97492
0
LINE
8
BLACK
6
CONTINUOUS
10
4.98476
20
-3.97492
11
4.98407
21
-3.97659
0
LINE
8
BLACK
6
CONTINUOUS
10
4.98407
20
-3.97659
11
4.9824
21
-3.97728
0
LINE
8
BLACK
6
CONTINUOUS
10
4.9824
20
-3.97728
11
4.9524
21
-3.97728
0
LINE
8
BLACK
6
CONTINUOUS
10
4.9524
20
-3.97728
11
4.95073
21
-3.97659
0
LINE
8
BLACK
6
CONTINUOUS
10
4.95073
20
-3.97659
11
4.95004
21
-3.97492
0
LINE
8
BLACK
6
CONTINUOUS
10
4.95004
20
-3.97492
11
4.95073
21
-3.97325
0
LINE
8
BLACK
6
CONTINUOUS
10
4.95073
20
-3.97325
11
4.9524
21
-3.97256
0
LINE
8
BLACK
6
CONTINUOUS
10
4.9524
20
-3.97256
11
4.9824
21
-3.97256
0
LINE
8
BLACK
6
CONTINUOUS
10
4.9824
20
-3.97256
11
4.98407
21
-3.97325
0
LINE
8
BLACK
6
CONTINUOUS
10
6.03032
20
-3.95045
11
6.05153
21
-3.97167
0
LINE
8
BLACK
6
CONTINUOUS
10
6.05153
20
-3.97167
11
6.05223
21
-3.97334
0
LINE
8
BLACK
6
CONTINUOUS
10
6.05223
20
-3.97334
11
6.05153
21
-3.97501
0
LINE
8
BLACK
6
CONTINUOUS
10
6.05153
20
-3.97501
11
6.04986
21
-3.9757
0
LINE
8
BLACK
6
CONTINUOUS
10
6.04986
20
-3.9757
11
6.04819
21
-3.97501
0
LINE
8
BLACK
6
CONTINUOUS
10
6.04819
20
-3.97501
11
6.02698
21
-3.95379
0
LINE
8
BLACK
6
CONTINUOUS
10
6.02698
20
-3.95379
11
6.02629
21
-3.95212
0
LINE
8
BLACK
6
CONTINUOUS
10
6.02629
20
-3.95212
11
6.02698
21
-3.95045
0
LINE
8
BLACK
6
CONTINUOUS
10
6.02698
20
-3.95045
11
6.02865
21
-3.94976
0
LINE
8
BLACK
6
CONTINUOUS
10
6.02865
20
-3.94976
11
6.03032
21
-3.95045
0
LINE
8
BLACK
6
CONTINUOUS
10
6.15185
20
-3.94855
11
6.15254
21
-3.95022
0
LINE
8
BLACK
6
CONTINUOUS
10
6.15254
20
-3.95022
11
6.15185
21
-3.95189
0
LINE
8
BLACK
6
CONTINUOUS
10
6.15185
20
-3.95189
11
6.13064
21
-3.9731
0
LINE
8
BLACK
6
CONTINUOUS
10
6.13064
20
-3.9731
11
6.12897
21
-3.97379
0
LINE
8
BLACK
6
CONTINUOUS
10
6.12897
20
-3.97379
11
6.1273
21
-3.9731
0
LINE
8
BLACK
6
CONTINUOUS
10
6.1273
20
-3.9731
11
6.1266
21
-3.97143
0
LINE
8
BLACK
6
CONTINUOUS
10
6.1266
20
-3.97143
11
6.1273
21
-3.96976
0
LINE
8
BLACK
6
CONTINUOUS
10
6.1273
20
-3.96976
11
6.14851
21
-3.94855
0
LINE
8
BLACK
6
CONTINUOUS
10
6.14851
20
-3.94855
11
6.15018
21
-3.94785
0
LINE
8
BLACK
6
CONTINUOUS
10
6.15018
20
-3.94785
11
6.15185
21
-3.94855
0
LINE
8
BLACK
6
CONTINUOUS
10
5.79657
20
-3.93575
11
5.79726
21
-3.93742
0
LINE
8
BLACK
6
CONTINUOUS
10
5.79726
20
-3.93742
11
5.79726
21
-3.96742
0
LINE
8
BLACK
6
CONTINUOUS
10
5.79726
20
-3.96742
11
5.79657
21
-3.96909
0
LINE
8
BLACK
6
CONTINUOUS
10
5.79657
20
-3.96909
11
5.7949
21
-3.96978
0
LINE
8
BLACK
6
CONTINUOUS
10
5.7949
20
-3.96978
11
5.79323
21
-3.96909
0
LINE
8
BLACK
6
CONTINUOUS
10
5.79323
20
-3.96909
11
5.79254
21
-3.96742
0
LINE
8
BLACK
6
CONTINUOUS
10
5.79254
20
-3.96742
11
5.79254
21
-3.93742
0
LINE
8
BLACK
6
CONTINUOUS
10
5.79254
20
-3.93742
11
5.79323
21
-3.93575
0
LINE
8
BLACK
6
CONTINUOUS
10
5.79323
20
-3.93575
11
5.7949
21
-3.93506
0
LINE
8
BLACK
6
CONTINUOUS
10
5.7949
20
-3.93506
11
5.79657
21
-3.93575
0
LINE
8
BLACK
6
CONTINUOUS
10
5.77157
20
-3.93575
11
5.77226
21
-3.93742
0
LINE
8
BLACK
6
CONTINUOUS
10
5.77226
20
-3.93742
11
5.77226
21
-3.96742
0
LINE
8
BLACK
6
CONTINUOUS
10
5.77226
20
-3.96742
11
5.77157
21
-3.96909
0
LINE
8
BLACK
6
CONTINUOUS
10
5.77157
20
-3.96909
11
5.7699
21
-3.96978
0
LINE
8
BLACK
6
CONTINUOUS
10
5.7699
20
-3.96978
11
5.76823
21
-3.96909
0
LINE
8
BLACK
6
CONTINUOUS
10
5.76823
20
-3.96909
11
5.76754
21
-3.96742
0
LINE
8
BLACK
6
CONTINUOUS
10
5.76754
20
-3.96742
11
5.76754
21
-3.93742
0
LINE
8
BLACK
6
CONTINUOUS
10
5.76754
20
-3.93742
11
5.76823
21
-3.93575
0
LINE
8
BLACK
6
CONTINUOUS
10
5.76823
20
-3.93575
11
5.7699
21
-3.93506
0
LINE
8
BLACK
6
CONTINUOUS
10
5.7699
20
-3.93506
11
5.77157
21
-3.93575
0
LINE
8
BLACK
6
CONTINUOUS
10
5.71157
20
-3.93575
11
5.71226
21
-3.93742
0
LINE
8
BLACK
6
CONTINUOUS
10
5.71226
20
-3.93742
11
5.71226
21
-3.96742
0
LINE
8
BLACK
6
CONTINUOUS
10
5.71226
20
-3.96742
11
5.71157
21
-3.96909
0
LINE
8
BLACK
6
CONTINUOUS
10
5.71157
20
-3.96909
11
5.7099
21
-3.96978
0
LINE
8
BLACK
6
CONTINUOUS
10
5.7099
20
-3.96978
11
5.70823
21
-3.96909
0
LINE
8
BLACK
6
CONTINUOUS
10
5.70823
20
-3.96909
11
5.70754
21
-3.96742
0
LINE
8
BLACK
6
CONTINUOUS
10
5.70754
20
-3.96742
11
5.70754
21
-3.93742
0
LINE
8
BLACK
6
CONTINUOUS
10
5.70754
20
-3.93742
11
5.70823
21
-3.93575
0
LINE
8
BLACK
6
CONTINUOUS
10
5.70823
20
-3.93575
11
5.7099
21
-3.93506
0
LINE
8
BLACK
6
CONTINUOUS
10
5.7099
20
-3.93506
11
5.71157
21
-3.93575
0
LINE
8
BLACK
6
CONTINUOUS
10
5.85657
20
-3.93575
11
5.85726
21
-3.93742
0
LINE
8
BLACK
6
CONTINUOUS
10
5.85726
20
-3.93742
11
5.85726
21
-3.96742
0
LINE
8
BLACK
6
CONTINUOUS
10
5.85726
20
-3.96742
11
5.85657
21
-3.96909
0
LINE
8
BLACK
6
CONTINUOUS
10
5.85657
20
-3.96909
11
5.8549
21
-3.96978
0
LINE
8
BLACK
6
CONTINUOUS
10
5.8549
20
-3.96978
11
5.85323
21
-3.96909
0
LINE
8
BLACK
6
CONTINUOUS
10
5.85323
20
-3.96909
11
5.85254
21
-3.96742
0
LINE
8
BLACK
6
CONTINUOUS
10
5.85254
20
-3.96742
11
5.85254
21
-3.93742
0
LINE
8
BLACK
6
CONTINUOUS
10
5.85254
20
-3.93742
11
5.85323
21
-3.93575
0
LINE
8
BLACK
6
CONTINUOUS
10
5.85323
20
-3.93575
11
5.8549
21
-3.93506
0
LINE
8
BLACK
6
CONTINUOUS
10
5.8549
20
-3.93506
11
5.85657
21
-3.93575
0
LINE
8
BLACK
6
CONTINUOUS
10
6.18409
20
-3.91631
11
6.22651
21
-3.95873
0
LINE
8
BLACK
6
CONTINUOUS
10
6.22651
20
-3.95873
11
6.2271
21
-3.95957
0
LINE
8
BLACK
6
CONTINUOUS
10
6.2271
20
-3.95957
11
6.22728
21
-3.96159
0
LINE
8
BLACK
6
CONTINUOUS
10
6.22728
20
-3.96159
11
6.22612
21
-3.96324
0
LINE
8
BLACK
6
CONTINUOUS
10
6.22612
20
-3.96324
11
6.22417
21
-3.96376
0
LINE
8
BLACK
6
CONTINUOUS
10
6.22417
20
-3.96376
11
6.22234
21
-3.96291
0
LINE
8
BLACK
6
CONTINUOUS
10
6.22234
20
-3.96291
11
6.17991
21
-3.92048
0
LINE
8
BLACK
6
CONTINUOUS
10
6.17991
20
-3.92048
11
6.17932
21
-3.91964
0
LINE
8
BLACK
6
CONTINUOUS
10
6.17932
20
-3.91964
11
6.17915
21
-3.91763
0
LINE
8
BLACK
6
CONTINUOUS
10
6.17915
20
-3.91763
11
6.18031
21
-3.91598
0
LINE
8
BLACK
6
CONTINUOUS
10
6.18031
20
-3.91598
11
6.18226
21
-3.91545
0
LINE
8
BLACK
6
CONTINUOUS
10
6.18226
20
-3.91545
11
6.18409
21
-3.91631
0
LINE
8
BLACK
6
CONTINUOUS
10
6.33157
20
-3.92075
11
6.33226
21
-3.92242
0
LINE
8
BLACK
6
CONTINUOUS
10
6.33226
20
-3.92242
11
6.33226
21
-3.95242
0
LINE
8
BLACK
6
CONTINUOUS
10
6.33226
20
-3.95242
11
6.33157
21
-3.95409
0
LINE
8
BLACK
6
CONTINUOUS
10
6.33157
20
-3.95409
11
6.3299
21
-3.95478
0
LINE
8
BLACK
6
CONTINUOUS
10
6.3299
20
-3.95478
11
6.32823
21
-3.95409
0
LINE
8
BLACK
6
CONTINUOUS
10
6.32823
20
-3.95409
11
6.32754
21
-3.95242
0
LINE
8
BLACK
6
CONTINUOUS
10
6.32754
20
-3.95242
11
6.32754
21
-3.92242
0
LINE
8
BLACK
6
CONTINUOUS
10
6.32754
20
-3.92242
11
6.32823
21
-3.92075
0
LINE
8
BLACK
6
CONTINUOUS
10
6.32823
20
-3.92075
11
6.3299
21
-3.92006
0
LINE
8
BLACK
6
CONTINUOUS
10
6.3299
20
-3.92006
11
6.33157
21
-3.92075
0
LINE
8
BLACK
6
CONTINUOUS
10
6.27157
20
-3.92075
11
6.27226
21
-3.92242
0
LINE
8
BLACK
6
CONTINUOUS
10
6.27226
20
-3.92242
11
6.27226
21
-3.95242
0
LINE
8
BLACK
6
CONTINUOUS
10
6.27226
20
-3.95242
11
6.27157
21
-3.95409
0
LINE
8
BLACK
6
CONTINUOUS
10
6.27157
20
-3.95409
11
6.2699
21
-3.95478
0
LINE
8
BLACK
6
CONTINUOUS
10
6.2699
20
-3.95478
11
6.26823
21
-3.95409
0
LINE
8
BLACK
6
CONTINUOUS
10
6.26823
20
-3.95409
11
6.26754
21
-3.95242
0
LINE
8
BLACK
6
CONTINUOUS
10
6.26754
20
-3.95242
11
6.26754
21
-3.92242
0
LINE
8
BLACK
6
CONTINUOUS
10
6.26754
20
-3.92242
11
6.26823
21
-3.92075
0
LINE
8
BLACK
6
CONTINUOUS
10
6.26823
20
-3.92075
11
6.2699
21
-3.92006
0
LINE
8
BLACK
6
CONTINUOUS
10
6.2699
20
-3.92006
11
6.27157
21
-3.92075
0
LINE
8
BLACK
6
CONTINUOUS
10
6.07275
20
-3.90803
11
6.09396
21
-3.92924
0
LINE
8
BLACK
6
CONTINUOUS
10
6.09396
20
-3.92924
11
6.09465
21
-3.93091
0
LINE
8
BLACK
6
CONTINUOUS
10
6.09465
20
-3.93091
11
6.09396
21
-3.93258
0
LINE
8
BLACK
6
CONTINUOUS
10
6.09396
20
-3.93258
11
6.09229
21
-3.93327
0
LINE
8
BLACK
6
CONTINUOUS
10
6.09229
20
-3.93327
11
6.09062
21
-3.93258
0
LINE
8
BLACK
6
CONTINUOUS
10
6.09062
20
-3.93258
11
6.06941
21
-3.91137
0
LINE
8
BLACK
6
CONTINUOUS
10
6.06941
20
-3.91137
11
6.06872
21
-3.9097
0
LINE
8
BLACK
6
CONTINUOUS
10
6.06872
20
-3.9097
11
6.06941
21
-3.90803
0
LINE
8
BLACK
6
CONTINUOUS
10
6.06941
20
-3.90803
11
6.07108
21
-3.90734
0
LINE
8
BLACK
6
CONTINUOUS
10
6.07108
20
-3.90734
11
6.07275
21
-3.90803
0
LINE
8
BLACK
6
CONTINUOUS
10
6.04168
20
-3.87618
11
6.0422
21
-3.87814
0
LINE
8
BLACK
6
CONTINUOUS
10
6.0422
20
-3.87814
11
6.04135
21
-3.87997
0
LINE
8
BLACK
6
CONTINUOUS
10
6.04135
20
-3.87997
11
5.99892
21
-3.92239
0
LINE
8
BLACK
6
CONTINUOUS
10
5.99892
20
-3.92239
11
5.99808
21
-3.92298
0
LINE
8
BLACK
6
CONTINUOUS
10
5.99808
20
-3.92298
11
5.99607
21
-3.92316
0
LINE
8
BLACK
6
CONTINUOUS
10
5.99607
20
-3.92316
11
5.99441
21
-3.922
0
LINE
8
BLACK
6
CONTINUOUS
10
5.99441
20
-3.922
11
5.99389
21
-3.92005
0
LINE
8
BLACK
6
CONTINUOUS
10
5.99389
20
-3.92005
11
5.99474
21
-3.91822
0
LINE
8
BLACK
6
CONTINUOUS
10
5.99474
20
-3.91822
11
6.03717
21
-3.87579
0
LINE
8
BLACK
6
CONTINUOUS
10
6.03717
20
-3.87579
11
6.03801
21
-3.8752
0
LINE
8
BLACK
6
CONTINUOUS
10
6.03801
20
-3.8752
11
6.04002
21
-3.87503
0
LINE
8
BLACK
6
CONTINUOUS
10
6.04002
20
-3.87503
11
6.04168
21
-3.87618
0
LINE
8
BLACK
6
CONTINUOUS
10
4.98407
20
-3.91325
11
4.98476
21
-3.91492
0
LINE
8
BLACK
6
CONTINUOUS
10
4.98476
20
-3.91492
11
4.98407
21
-3.91659
0
LINE
8
BLACK
6
CONTINUOUS
10
4.98407
20
-3.91659
11
4.9824
21
-3.91728
0
LINE
8
BLACK
6
CONTINUOUS
10
4.9824
20
-3.91728
11
4.9524
21
-3.91728
0
LINE
8
BLACK
6
CONTINUOUS
10
4.9524
20
-3.91728
11
4.95073
21
-3.91659
0
LINE
8
BLACK
6
CONTINUOUS
10
4.95073
20
-3.91659
11
4.95004
21
-3.91492
0
LINE
8
BLACK
6
CONTINUOUS
10
4.95004
20
-3.91492
11
4.95073
21
-3.91325
0
LINE
8
BLACK
6
CONTINUOUS
10
4.95073
20
-3.91325
11
4.9524
21
-3.91256
0
LINE
8
BLACK
6
CONTINUOUS
10
4.9524
20
-3.91256
11
4.9824
21
-3.91256
0
LINE
8
BLACK
6
CONTINUOUS
10
4.9824
20
-3.91256
11
4.98407
21
-3.91325
0
LINE
8
BLACK
6
CONTINUOUS
10
5.85591
20
-3.88965
11
5.85746
21
-3.89094
0
LINE
8
BLACK
6
CONTINUOUS
10
5.85746
20
-3.89094
11
5.85781
21
-3.89293
0
LINE
8
BLACK
6
CONTINUOUS
10
5.85781
20
-3.89293
11
5.8568
21
-3.89468
0
LINE
8
BLACK
6
CONTINUOUS
10
5.8568
20
-3.89468
11
5.8549
21
-3.89537
0
LINE
8
BLACK
6
CONTINUOUS
10
5.8549
20
-3.89537
11
5.7949
21
-3.89537
0
LINE
8
BLACK
6
CONTINUOUS
10
5.7949
20
-3.89537
11
5.79389
21
-3.8952
0
LINE
8
BLACK
6
CONTINUOUS
10
5.79389
20
-3.8952
11
5.79234
21
-3.8939
0
LINE
8
BLACK
6
CONTINUOUS
10
5.79234
20
-3.8939
11
5.79199
21
-3.89191
0
LINE
8
BLACK
6
CONTINUOUS
10
5.79199
20
-3.89191
11
5.793
21
-3.89016
0
LINE
8
BLACK
6
CONTINUOUS
10
5.793
20
-3.89016
11
5.7949
21
-3.88947
0
LINE
8
BLACK
6
CONTINUOUS
10
5.7949
20
-3.88947
11
5.8549
21
-3.88947
0
LINE
8
BLACK
6
CONTINUOUS
10
5.8549
20
-3.88947
11
5.85591
21
-3.88965
0
LINE
8
BLACK
6
CONTINUOUS
10
5.77091
20
-3.88965
11
5.77246
21
-3.89094
0
LINE
8
BLACK
6
CONTINUOUS
10
5.77246
20
-3.89094
11
5.77281
21
-3.89293
0
LINE
8
BLACK
6
CONTINUOUS
10
5.77281
20
-3.89293
11
5.7718
21
-3.89468
0
LINE
8
BLACK
6
CONTINUOUS
10
5.7718
20
-3.89468
11
5.7699
21
-3.89537
0
LINE
8
BLACK
6
CONTINUOUS
10
5.7699
20
-3.89537
11
5.7099
21
-3.89537
0
LINE
8
BLACK
6
CONTINUOUS
10
5.7099
20
-3.89537
11
5.70889
21
-3.8952
0
LINE
8
BLACK
6
CONTINUOUS
10
5.70889
20
-3.8952
11
5.70734
21
-3.8939
0
LINE
8
BLACK
6
CONTINUOUS
10
5.70734
20
-3.8939
11
5.70699
21
-3.89191
0
LINE
8
BLACK
6
CONTINUOUS
10
5.70699
20
-3.89191
11
5.708
21
-3.89016
0
LINE
8
BLACK
6
CONTINUOUS
10
5.708
20
-3.89016
11
5.7099
21
-3.88947
0
LINE
8
BLACK
6
CONTINUOUS
10
5.7099
20
-3.88947
11
5.7699
21
-3.88947
0
LINE
8
BLACK
6
CONTINUOUS
10
5.7699
20
-3.88947
11
5.77091
21
-3.88965
0
LINE
8
BLACK
6
CONTINUOUS
10
4.88466
20
-3.82802
11
4.88535
21
-3.82992
0
LINE
8
BLACK
6
CONTINUOUS
10
4.88535
20
-3.82992
11
4.88535
21
-3.88992
0
LINE
8
BLACK
6
CONTINUOUS
10
4.88535
20
-3.88992
11
4.88518
21
-3.89093
0
LINE
8
BLACK
6
CONTINUOUS
10
4.88518
20
-3.89093
11
4.88388
21
-3.89248
0
LINE
8
BLACK
6
CONTINUOUS
10
4.88388
20
-3.89248
11
4.88189
21
-3.89283
0
LINE
8
BLACK
6
CONTINUOUS
10
4.88189
20
-3.89283
11
4.88014
21
-3.89182
0
LINE
8
BLACK
6
CONTINUOUS
10
4.88014
20
-3.89182
11
4.87945
21
-3.88992
0
LINE
8
BLACK
6
CONTINUOUS
10
4.87945
20
-3.88992
11
4.87945
21
-3.82992
0
LINE
8
BLACK
6
CONTINUOUS
10
4.87945
20
-3.82992
11
4.87963
21
-3.82891
0
LINE
8
BLACK
6
CONTINUOUS
10
4.87963
20
-3.82891
11
4.88093
21
-3.82736
0
LINE
8
BLACK
6
CONTINUOUS
10
4.88093
20
-3.82736
11
4.88291
21
-3.82701
0
LINE
8
BLACK
6
CONTINUOUS
10
4.88291
20
-3.82701
11
4.88466
21
-3.82802
0
LINE
8
BLACK
6
CONTINUOUS
10
5.00466
20
-3.82802
11
5.00535
21
-3.82992
0
LINE
8
BLACK
6
CONTINUOUS
10
5.00535
20
-3.82992
11
5.00535
21
-3.88992
0
LINE
8
BLACK
6
CONTINUOUS
10
5.00535
20
-3.88992
11
5.00518
21
-3.89093
0
LINE
8
BLACK
6
CONTINUOUS
10
5.00518
20
-3.89093
11
5.00388
21
-3.89248
0
LINE
8
BLACK
6
CONTINUOUS
10
5.00388
20
-3.89248
11
5.00189
21
-3.89283
0
LINE
8
BLACK
6
CONTINUOUS
10
5.00189
20
-3.89283
11
5.00014
21
-3.89182
0
LINE
8
BLACK
6
CONTINUOUS
10
5.00014
20
-3.89182
11
4.99945
21
-3.88992
0
LINE
8
BLACK
6
CONTINUOUS
10
4.99945
20
-3.88992
11
4.99945
21
-3.82992
0
LINE
8
BLACK
6
CONTINUOUS
10
4.99945
20
-3.82992
11
4.99963
21
-3.82891
0
LINE
8
BLACK
6
CONTINUOUS
10
4.99963
20
-3.82891
11
5.00093
21
-3.82736
0
LINE
8
BLACK
6
CONTINUOUS
10
5.00093
20
-3.82736
11
5.00291
21
-3.82701
0
LINE
8
BLACK
6
CONTINUOUS
10
5.00291
20
-3.82701
11
5.00466
21
-3.82802
0
LINE
8
BLACK
6
CONTINUOUS
10
4.95907
20
-3.88825
11
4.95976
21
-3.88992
0
LINE
8
BLACK
6
CONTINUOUS
10
4.95976
20
-3.88992
11
4.95907
21
-3.89159
0
LINE
8
BLACK
6
CONTINUOUS
10
4.95907
20
-3.89159
11
4.9574
21
-3.89228
0
LINE
8
BLACK
6
CONTINUOUS
10
4.9574
20
-3.89228
11
4.9274
21
-3.89228
0
LINE
8
BLACK
6
CONTINUOUS
10
4.9274
20
-3.89228
11
4.92573
21
-3.89159
0
LINE
8
BLACK
6
CONTINUOUS
10
4.92573
20
-3.89159
11
4.92504
21
-3.88992
0
LINE
8
BLACK
6
CONTINUOUS
10
4.92504
20
-3.88992
11
4.92573
21
-3.88825
0
LINE
8
BLACK
6
CONTINUOUS
10
4.92573
20
-3.88825
11
4.9274
21
-3.88756
0
LINE
8
BLACK
6
CONTINUOUS
10
4.9274
20
-3.88756
11
4.9574
21
-3.88756
0
LINE
8
BLACK
6
CONTINUOUS
10
4.9574
20
-3.88756
11
4.95907
21
-3.88825
0
LINE
8
BLACK
6
CONTINUOUS
10
6.36966
20
-3.81802
11
6.37035
21
-3.81992
0
LINE
8
BLACK
6
CONTINUOUS
10
6.37035
20
-3.81992
11
6.37035
21
-3.87992
0
LINE
8
BLACK
6
CONTINUOUS
10
6.37035
20
-3.87992
11
6.37018
21
-3.88093
0
LINE
8
BLACK
6
CONTINUOUS
10
6.37018
20
-3.88093
11
6.36888
21
-3.88248
0
LINE
8
BLACK
6
CONTINUOUS
10
6.36888
20
-3.88248
11
6.36689
21
-3.88283
0
LINE
8
BLACK
6
CONTINUOUS
10
6.36689
20
-3.88283
11
6.36514
21
-3.88182
0
LINE
8
BLACK
6
CONTINUOUS
10
6.36514
20
-3.88182
11
6.36445
21
-3.87992
0
LINE
8
BLACK
6
CONTINUOUS
10
6.36445
20
-3.87992
11
6.36445
21
-3.81992
0
LINE
8
BLACK
6
CONTINUOUS
10
6.36445
20
-3.81992
11
6.36463
21
-3.81891
0
LINE
8
BLACK
6
CONTINUOUS
10
6.36463
20
-3.81891
11
6.36593
21
-3.81736
0
LINE
8
BLACK
6
CONTINUOUS
10
6.36593
20
-3.81736
11
6.36791
21
-3.81701
0
LINE
8
BLACK
6
CONTINUOUS
10
6.36791
20
-3.81701
11
6.36966
21
-3.81802
0
LINE
8
BLACK
6
CONTINUOUS
10
6.48966
20
-3.81802
11
6.49035
21
-3.81992
0
LINE
8
BLACK
6
CONTINUOUS
10
6.49035
20
-3.81992
11
6.49035
21
-3.87992
0
LINE
8
BLACK
6
CONTINUOUS
10
6.49035
20
-3.87992
11
6.49018
21
-3.88093
0
LINE
8
BLACK
6
CONTINUOUS
10
6.49018
20
-3.88093
11
6.48888
21
-3.88248
0
LINE
8
BLACK
6
CONTINUOUS
10
6.48888
20
-3.88248
11
6.48689
21
-3.88283
0
LINE
8
BLACK
6
CONTINUOUS
10
6.48689
20
-3.88283
11
6.48514
21
-3.88182
0
LINE
8
BLACK
6
CONTINUOUS
10
6.48514
20
-3.88182
11
6.48445
21
-3.87992
0
LINE
8
BLACK
6
CONTINUOUS
10
6.48445
20
-3.87992
11
6.48445
21
-3.81992
0
LINE
8
BLACK
6
CONTINUOUS
10
6.48445
20
-3.81992
11
6.48463
21
-3.81891
0
LINE
8
BLACK
6
CONTINUOUS
10
6.48463
20
-3.81891
11
6.48593
21
-3.81736
0
LINE
8
BLACK
6
CONTINUOUS
10
6.48593
20
-3.81736
11
6.48791
21
-3.81701
0
LINE
8
BLACK
6
CONTINUOUS
10
6.48791
20
-3.81701
11
6.48966
21
-3.81802
0
LINE
8
BLACK
6
CONTINUOUS
10
6.44407
20
-3.87825
11
6.44476
21
-3.87992
0
LINE
8
BLACK
6
CONTINUOUS
10
6.44476
20
-3.87992
11
6.44407
21
-3.88159
0
LINE
8
BLACK
6
CONTINUOUS
10
6.44407
20
-3.88159
11
6.4424
21
-3.88228
0
LINE
8
BLACK
6
CONTINUOUS
10
6.4424
20
-3.88228
11
6.4124
21
-3.88228
0
LINE
8
BLACK
6
CONTINUOUS
10
6.4124
20
-3.88228
11
6.41073
21
-3.88159
0
LINE
8
BLACK
6
CONTINUOUS
10
6.41073
20
-3.88159
11
6.41004
21
-3.87992
0
LINE
8
BLACK
6
CONTINUOUS
10
6.41004
20
-3.87992
11
6.41073
21
-3.87825
0
LINE
8
BLACK
6
CONTINUOUS
10
6.41073
20
-3.87825
11
6.4124
21
-3.87756
0
LINE
8
BLACK
6
CONTINUOUS
10
6.4124
20
-3.87756
11
6.4424
21
-3.87756
0
LINE
8
BLACK
6
CONTINUOUS
10
6.4424
20
-3.87756
11
6.44407
21
-3.87825
0
LINE
8
BLACK
6
CONTINUOUS
10
6.33091
20
-3.87465
11
6.33246
21
-3.87594
0
LINE
8
BLACK
6
CONTINUOUS
10
6.33246
20
-3.87594
11
6.33281
21
-3.87793
0
LINE
8
BLACK
6
CONTINUOUS
10
6.33281
20
-3.87793
11
6.3318
21
-3.87968
0
LINE
8
BLACK
6
CONTINUOUS
10
6.3318
20
-3.87968
11
6.3299
21
-3.88037
0
LINE
8
BLACK
6
CONTINUOUS
10
6.3299
20
-3.88037
11
6.2699
21
-3.88037
0
LINE
8
BLACK
6
CONTINUOUS
10
6.2699
20
-3.88037
11
6.26889
21
-3.8802
0
LINE
8
BLACK
6
CONTINUOUS
10
6.26889
20
-3.8802
11
6.26734
21
-3.8789
0
LINE
8
BLACK
6
CONTINUOUS
10
6.26734
20
-3.8789
11
6.26699
21
-3.87691
0
LINE
8
BLACK
6
CONTINUOUS
10
6.26699
20
-3.87691
11
6.268
21
-3.87516
0
LINE
8
BLACK
6
CONTINUOUS
10
6.268
20
-3.87516
11
6.2699
21
-3.87447
0
LINE
8
BLACK
6
CONTINUOUS
10
6.2699
20
-3.87447
11
6.3299
21
-3.87447
0
LINE
8
BLACK
6
CONTINUOUS
10
6.3299
20
-3.87447
11
6.33091
21
-3.87465
0
LINE
8
BLACK
6
CONTINUOUS
10
6.70779
20
-3.81838
11
6.70793
21
-3.81839
0
LINE
8
BLACK
6
CONTINUOUS
10
6.70793
20
-3.81839
11
6.70834
21
-3.81886
0
LINE
8
BLACK
6
CONTINUOUS
10
6.70834
20
-3.81886
11
6.70881
21
-3.81926
0
LINE
8
BLACK
6
CONTINUOUS
10
6.70881
20
-3.81926
11
6.70882
21
-3.81941
0
LINE
8
BLACK
6
CONTINUOUS
10
6.70882
20
-3.81941
11
6.70891
21
-3.81952
0
LINE
8
BLACK
6
CONTINUOUS
10
6.70891
20
-3.81952
11
6.71548
21
-3.83922
0
LINE
8
BLACK
6
CONTINUOUS
10
6.71548
20
-3.83922
11
6.71537
21
-3.84071
0
LINE
8
BLACK
6
CONTINUOUS
10
6.71537
20
-3.84071
11
6.71424
21
-3.84168
0
LINE
8
BLACK
6
CONTINUOUS
10
6.71424
20
-3.84168
11
6.71276
21
-3.84158
0
LINE
8
BLACK
6
CONTINUOUS
10
6.71276
20
-3.84158
11
6.71178
21
-3.84045
0
LINE
8
BLACK
6
CONTINUOUS
10
6.71178
20
-3.84045
11
6.71035
21
-3.83615
0
LINE
8
BLACK
6
CONTINUOUS
10
6.71035
20
-3.83615
11
6.70378
21
-3.83615
0
LINE
8
BLACK
6
CONTINUOUS
10
6.70378
20
-3.83615
11
6.70234
21
-3.84045
0
LINE
8
BLACK
6
CONTINUOUS
10
6.70234
20
-3.84045
11
6.70137
21
-3.84158
0
LINE
8
BLACK
6
CONTINUOUS
10
6.70137
20
-3.84158
11
6.69988
21
-3.84168
0
LINE
8
BLACK
6
CONTINUOUS
10
6.69988
20
-3.84168
11
6.69875
21
-3.84071
0
LINE
8
BLACK
6
CONTINUOUS
10
6.69875
20
-3.84071
11
6.69864
21
-3.83922
0
LINE
8
BLACK
6
CONTINUOUS
10
6.69864
20
-3.83922
11
6.70521
21
-3.81952
0
LINE
8
BLACK
6
CONTINUOUS
10
6.70521
20
-3.81952
11
6.70531
21
-3.81941
0
LINE
8
BLACK
6
CONTINUOUS
10
6.70531
20
-3.81941
11
6.70532
21
-3.81926
0
LINE
8
BLACK
6
CONTINUOUS
10
6.70532
20
-3.81926
11
6.70578
21
-3.81886
0
LINE
8
BLACK
6
CONTINUOUS
10
6.70578
20
-3.81886
11
6.70619
21
-3.81839
0
LINE
8
BLACK
6
CONTINUOUS
10
6.70619
20
-3.81839
11
6.70633
21
-3.81838
0
LINE
8
BLACK
6
CONTINUOUS
10
6.70633
20
-3.81838
11
6.70644
21
-3.81828
0
LINE
8
BLACK
6
CONTINUOUS
10
6.70644
20
-3.81828
11
6.70706
21
-3.81833
0
LINE
8
BLACK
6
CONTINUOUS
10
6.70706
20
-3.81833
11
6.70768
21
-3.81828
0
LINE
8
BLACK
6
CONTINUOUS
10
6.70768
20
-3.81828
11
6.70779
21
-3.81838
0
LINE
8
BLACK
6
CONTINUOUS
10
6.70508
20
-3.83225
11
6.70905
21
-3.83225
0
LINE
8
BLACK
6
CONTINUOUS
10
6.70905
20
-3.83225
11
6.70706
21
-3.8263
0
LINE
8
BLACK
6
CONTINUOUS
10
6.70706
20
-3.8263
11
6.70508
21
-3.83225
0
LINE
8
BLACK
6
CONTINUOUS
10
4.95907
20
-3.82825
11
4.95976
21
-3.82992
0
LINE
8
BLACK
6
CONTINUOUS
10
4.95976
20
-3.82992
11
4.95907
21
-3.83159
0
LINE
8
BLACK
6
CONTINUOUS
10
4.95907
20
-3.83159
11
4.9574
21
-3.83228
0
LINE
8
BLACK
6
CONTINUOUS
10
4.9574
20
-3.83228
11
4.9274
21
-3.83228
0
LINE
8
BLACK
6
CONTINUOUS
10
4.9274
20
-3.83228
11
4.92573
21
-3.83159
0
LINE
8
BLACK
6
CONTINUOUS
10
4.92573
20
-3.83159
11
4.92504
21
-3.82992
0
LINE
8
BLACK
6
CONTINUOUS
10
4.92504
20
-3.82992
11
4.92573
21
-3.82825
0
LINE
8
BLACK
6
CONTINUOUS
10
4.92573
20
-3.82825
11
4.9274
21
-3.82756
0
LINE
8
BLACK
6
CONTINUOUS
10
4.9274
20
-3.82756
11
4.9574
21
-3.82756
0
LINE
8
BLACK
6
CONTINUOUS
10
4.9574
20
-3.82756
11
4.95907
21
-3.82825
0
LINE
8
BLACK
6
CONTINUOUS
10
5.61106
20
-3.80646
11
5.61175
21
-3.80813
0
LINE
8
BLACK
6
CONTINUOUS
10
5.61175
20
-3.80813
11
5.61175
21
-3.82348
0
LINE
8
BLACK
6
CONTINUOUS
10
5.61175
20
-3.82348
11
5.63656
21
-3.82348
0
LINE
8
BLACK
6
CONTINUOUS
10
5.63656
20
-3.82348
11
5.63823
21
-3.82418
0
LINE
8
BLACK
6
CONTINUOUS
10
5.63823
20
-3.82418
11
5.63892
21
-3.82585
0
LINE
8
BLACK
6
CONTINUOUS
10
5.63892
20
-3.82585
11
5.63823
21
-3.82752
0
LINE
8
BLACK
6
CONTINUOUS
10
5.63823
20
-3.82752
11
5.63656
21
-3.82821
0
LINE
8
BLACK
6
CONTINUOUS
10
5.63656
20
-3.82821
11
5.60939
21
-3.82821
0
LINE
8
BLACK
6
CONTINUOUS
10
5.60939
20
-3.82821
11
5.60772
21
-3.82752
0
LINE
8
BLACK
6
CONTINUOUS
10
5.60772
20
-3.82752
11
5.60703
21
-3.82585
0
LINE
8
BLACK
6
CONTINUOUS
10
5.60703
20
-3.82585
11
5.60703
21
-3.81049
0
LINE
8
BLACK
6
CONTINUOUS
10
5.60703
20
-3.81049
11
5.12278
21
-3.81049
0
LINE
8
BLACK
6
CONTINUOUS
10
5.12278
20
-3.81049
11
5.12278
21
-3.82585
0
LINE
8
BLACK
6
CONTINUOUS
10
5.12278
20
-3.82585
11
5.12208
21
-3.82752
0
LINE
8
BLACK
6
CONTINUOUS
10
5.12208
20
-3.82752
11
5.12041
21
-3.82821
0
LINE
8
BLACK
6
CONTINUOUS
10
5.12041
20
-3.82821
11
5.11874
21
-3.82752
0
LINE
8
BLACK
6
CONTINUOUS
10
5.11874
20
-3.82752
11
5.11805
21
-3.82585
0
LINE
8
BLACK
6
CONTINUOUS
10
5.11805
20
-3.82585
11
5.11805
21
-3.80813
0
LINE
8
BLACK
6
CONTINUOUS
10
5.11805
20
-3.80813
11
5.11874
21
-3.80646
0
LINE
8
BLACK
6
CONTINUOUS
10
5.11874
20
-3.80646
11
5.12041
21
-3.80577
0
LINE
8
BLACK
6
CONTINUOUS
10
5.12041
20
-3.80577
11
5.60939
21
-3.80577
0
LINE
8
BLACK
6
CONTINUOUS
10
5.60939
20
-3.80577
11
5.61106
21
-3.80646
0
LINE
8
BLACK
6
CONTINUOUS
10
6.44407
20
-3.81825
11
6.44476
21
-3.81992
0
LINE
8
BLACK
6
CONTINUOUS
10
6.44476
20
-3.81992
11
6.44407
21
-3.82159
0
LINE
8
BLACK
6
CONTINUOUS
10
6.44407
20
-3.82159
11
6.4424
21
-3.82228
0
LINE
8
BLACK
6
CONTINUOUS
10
6.4424
20
-3.82228
11
6.4124
21
-3.82228
0
LINE
8
BLACK
6
CONTINUOUS
10
6.4124
20
-3.82228
11
6.41073
21
-3.82159
0
LINE
8
BLACK
6
CONTINUOUS
10
6.41073
20
-3.82159
11
6.41004
21
-3.81992
0
LINE
8
BLACK
6
CONTINUOUS
10
6.41004
20
-3.81992
11
6.41073
21
-3.81825
0
LINE
8
BLACK
6
CONTINUOUS
10
6.41073
20
-3.81825
11
6.4124
21
-3.81756
0
LINE
8
BLACK
6
CONTINUOUS
10
6.4124
20
-3.81756
11
6.4424
21
-3.81756
0
LINE
8
BLACK
6
CONTINUOUS
10
6.4424
20
-3.81756
11
6.44407
21
-3.81825
0
LINE
8
BLACK
6
CONTINUOUS
10
6.51966
20
-3.73802
11
6.52035
21
-3.73992
0
LINE
8
BLACK
6
CONTINUOUS
10
6.52035
20
-3.73992
11
6.52035
21
-3.79992
0
LINE
8
BLACK
6
CONTINUOUS
10
6.52035
20
-3.79992
11
6.52018
21
-3.80093
0
LINE
8
BLACK
6
CONTINUOUS
10
6.52018
20
-3.80093
11
6.51888
21
-3.80248
0
LINE
8
BLACK
6
CONTINUOUS
10
6.51888
20
-3.80248
11
6.51689
21
-3.80283
0
LINE
8
BLACK
6
CONTINUOUS
10
6.51689
20
-3.80283
11
6.51514
21
-3.80182
0
LINE
8
BLACK
6
CONTINUOUS
10
6.51514
20
-3.80182
11
6.51445
21
-3.79992
0
LINE
8
BLACK
6
CONTINUOUS
10
6.51445
20
-3.79992
11
6.51445
21
-3.73992
0
LINE
8
BLACK
6
CONTINUOUS
10
6.51445
20
-3.73992
11
6.51463
21
-3.73891
0
LINE
8
BLACK
6
CONTINUOUS
10
6.51463
20
-3.73891
11
6.51593
21
-3.73736
0
LINE
8
BLACK
6
CONTINUOUS
10
6.51593
20
-3.73736
11
6.51791
21
-3.73701
0
LINE
8
BLACK
6
CONTINUOUS
10
6.51791
20
-3.73701
11
6.51966
21
-3.73802
0
LINE
8
BLACK
6
CONTINUOUS
10
6.39966
20
-3.73802
11
6.40035
21
-3.73992
0
LINE
8
BLACK
6
CONTINUOUS
10
6.40035
20
-3.73992
11
6.40035
21
-3.79992
0
LINE
8
BLACK
6
CONTINUOUS
10
6.40035
20
-3.79992
11
6.40018
21
-3.80093
0
LINE
8
BLACK
6
CONTINUOUS
10
6.40018
20
-3.80093
11
6.39888
21
-3.80248
0
LINE
8
BLACK
6
CONTINUOUS
10
6.39888
20
-3.80248
11
6.39689
21
-3.80283
0
LINE
8
BLACK
6
CONTINUOUS
10
6.39689
20
-3.80283
11
6.39514
21
-3.80182
0
LINE
8
BLACK
6
CONTINUOUS
10
6.39514
20
-3.80182
11
6.39445
21
-3.79992
0
LINE
8
BLACK
6
CONTINUOUS
10
6.39445
20
-3.79992
11
6.39445
21
-3.73992
0
LINE
8
BLACK
6
CONTINUOUS
10
6.39445
20
-3.73992
11
6.39463
21
-3.73891
0
LINE
8
BLACK
6
CONTINUOUS
10
6.39463
20
-3.73891
11
6.39593
21
-3.73736
0
LINE
8
BLACK
6
CONTINUOUS
10
6.39593
20
-3.73736
11
6.39791
21
-3.73701
0
LINE
8
BLACK
6
CONTINUOUS
10
6.39791
20
-3.73701
11
6.39966
21
-3.73802
0
LINE
8
BLACK
6
CONTINUOUS
10
6.47407
20
-3.79825
11
6.47476
21
-3.79992
0
LINE
8
BLACK
6
CONTINUOUS
10
6.47476
20
-3.79992
11
6.47407
21
-3.80159
0
LINE
8
BLACK
6
CONTINUOUS
10
6.47407
20
-3.80159
11
6.4724
21
-3.80228
0
LINE
8
BLACK
6
CONTINUOUS
10
6.4724
20
-3.80228
11
6.4424
21
-3.80228
0
LINE
8
BLACK
6
CONTINUOUS
10
6.4424
20
-3.80228
11
6.44073
21
-3.80159
0
LINE
8
BLACK
6
CONTINUOUS
10
6.44073
20
-3.80159
11
6.44004
21
-3.79992
0
LINE
8
BLACK
6
CONTINUOUS
10
6.44004
20
-3.79992
11
6.44073
21
-3.79825
0
LINE
8
BLACK
6
CONTINUOUS
10
6.44073
20
-3.79825
11
6.4424
21
-3.79756
0
LINE
8
BLACK
6
CONTINUOUS
10
6.4424
20
-3.79756
11
6.4724
21
-3.79756
0
LINE
8
BLACK
6
CONTINUOUS
10
6.4724
20
-3.79756
11
6.47407
21
-3.79825
0
LINE
8
BLACK
6
CONTINUOUS
10
5.39716
20
-3.74963
11
5.39785
21
-3.75153
0
LINE
8
BLACK
6
CONTINUOUS
10
5.39785
20
-3.75153
11
5.39785
21
-3.7834
0
LINE
8
BLACK
6
CONTINUOUS
10
5.39785
20
-3.7834
11
5.39767
21
-3.78441
0
LINE
8
BLACK
6
CONTINUOUS
10
5.39767
20
-3.78441
11
5.39756
21
-3.78455
0
LINE
8
BLACK
6
CONTINUOUS
10
5.39756
20
-3.78455
11
5.39754
21
-3.78472
0
LINE
8
BLACK
6
CONTINUOUS
10
5.39754
20
-3.78472
11
5.39566
21
-3.78847
0
LINE
8
BLACK
6
CONTINUOUS
10
5.39566
20
-3.78847
11
5.39514
21
-3.78918
0
LINE
8
BLACK
6
CONTINUOUS
10
5.39514
20
-3.78918
11
5.39511
21
-3.78924
0
LINE
8
BLACK
6
CONTINUOUS
10
5.39511
20
-3.78924
11
5.39324
21
-3.79111
0
LINE
8
BLACK
6
CONTINUOUS
10
5.39324
20
-3.79111
11
5.39251
21
-3.79162
0
LINE
8
BLACK
6
CONTINUOUS
10
5.39251
20
-3.79162
11
5.39247
21
-3.79167
0
LINE
8
BLACK
6
CONTINUOUS
10
5.39247
20
-3.79167
11
5.38872
21
-3.79354
0
LINE
8
BLACK
6
CONTINUOUS
10
5.38872
20
-3.79354
11
5.38774
21
-3.79383
0
LINE
8
BLACK
6
CONTINUOUS
10
5.38774
20
-3.79383
11
5.38756
21
-3.79379
0
LINE
8
BLACK
6
CONTINUOUS
10
5.38756
20
-3.79379
11
5.3874
21
-3.79385
0
LINE
8
BLACK
6
CONTINUOUS
10
5.3874
20
-3.79385
11
5.3799
21
-3.79385
0
LINE
8
BLACK
6
CONTINUOUS
10
5.3799
20
-3.79385
11
5.37889
21
-3.79368
0
LINE
8
BLACK
6
CONTINUOUS
10
5.37889
20
-3.79368
11
5.37875
21
-3.79356
0
LINE
8
BLACK
6
CONTINUOUS
10
5.37875
20
-3.79356
11
5.37858
21
-3.79354
0
LINE
8
BLACK
6
CONTINUOUS
10
5.37858
20
-3.79354
11
5.37483
21
-3.79167
0
LINE
8
BLACK
6
CONTINUOUS
10
5.37483
20
-3.79167
11
5.37412
21
-3.79114
0
LINE
8
BLACK
6
CONTINUOUS
10
5.37412
20
-3.79114
11
5.37406
21
-3.79111
0
LINE
8
BLACK
6
CONTINUOUS
10
5.37406
20
-3.79111
11
5.37219
21
-3.78924
0
LINE
8
BLACK
6
CONTINUOUS
10
5.37219
20
-3.78924
11
5.37168
21
-3.78852
0
LINE
8
BLACK
6
CONTINUOUS
10
5.37168
20
-3.78852
11
5.37163
21
-3.78847
0
LINE
8
BLACK
6
CONTINUOUS
10
5.37163
20
-3.78847
11
5.36976
21
-3.78472
0
LINE
8
BLACK
6
CONTINUOUS
10
5.36976
20
-3.78472
11
5.36947
21
-3.78374
0
LINE
8
BLACK
6
CONTINUOUS
10
5.36947
20
-3.78374
11
5.36951
21
-3.78357
0
LINE
8
BLACK
6
CONTINUOUS
10
5.36951
20
-3.78357
11
5.36945
21
-3.7834
0
LINE
8
BLACK
6
CONTINUOUS
10
5.36945
20
-3.7834
11
5.36945
21
-3.75153
0
LINE
8
BLACK
6
CONTINUOUS
10
5.36945
20
-3.75153
11
5.36963
21
-3.75052
0
LINE
8
BLACK
6
CONTINUOUS
10
5.36963
20
-3.75052
11
5.37092
21
-3.74897
0
LINE
8
BLACK
6
CONTINUOUS
10
5.37092
20
-3.74897
11
5.37291
21
-3.74862
0
LINE
8
BLACK
6
CONTINUOUS
10
5.37291
20
-3.74862
11
5.37466
21
-3.74963
0
LINE
8
BLACK
6
CONTINUOUS
10
5.37466
20
-3.74963
11
5.37535
21
-3.75153
0
LINE
8
BLACK
6
CONTINUOUS
10
5.37535
20
-3.75153
11
5.37535
21
-3.7827
0
LINE
8
BLACK
6
CONTINUOUS
10
5.37535
20
-3.7827
11
5.3767
21
-3.7854
0
LINE
8
BLACK
6
CONTINUOUS
10
5.3767
20
-3.7854
11
5.3779
21
-3.7866
0
LINE
8
BLACK
6
CONTINUOUS
10
5.3779
20
-3.7866
11
5.3806
21
-3.78795
0
LINE
8
BLACK
6
CONTINUOUS
10
5.3806
20
-3.78795
11
5.3867
21
-3.78795
0
LINE
8
BLACK
6
CONTINUOUS
10
5.3867
20
-3.78795
11
5.3894
21
-3.7866
0
LINE
8
BLACK
6
CONTINUOUS
10
5.3894
20
-3.7866
11
5.3906
21
-3.7854
0
LINE
8
BLACK
6
CONTINUOUS
10
5.3906
20
-3.7854
11
5.39195
21
-3.7827
0
LINE
8
BLACK
6
CONTINUOUS
10
5.39195
20
-3.7827
11
5.39195
21
-3.75153
0
LINE
8
BLACK
6
CONTINUOUS
10
5.39195
20
-3.75153
11
5.39212
21
-3.75052
0
LINE
8
BLACK
6
CONTINUOUS
10
5.39212
20
-3.75052
11
5.39342
21
-3.74897
0
LINE
8
BLACK
6
CONTINUOUS
10
5.39342
20
-3.74897
11
5.39541
21
-3.74862
0
LINE
8
BLACK
6
CONTINUOUS
10
5.39541
20
-3.74862
11
5.39716
21
-3.74963
0
LINE
8
BLACK
6
CONTINUOUS
10
5.35841
20
-3.74876
11
5.35996
21
-3.75005
0
LINE
8
BLACK
6
CONTINUOUS
10
5.35996
20
-3.75005
11
5.36031
21
-3.75204
0
LINE
8
BLACK
6
CONTINUOUS
10
5.36031
20
-3.75204
11
5.3593
21
-3.75379
0
LINE
8
BLACK
6
CONTINUOUS
10
5.3593
20
-3.75379
11
5.3574
21
-3.75448
0
LINE
8
BLACK
6
CONTINUOUS
10
5.3574
20
-3.75448
11
5.33954
21
-3.75448
0
LINE
8
BLACK
6
CONTINUOUS
10
5.33954
20
-3.75448
11
5.34838
21
-3.76458
0
LINE
8
BLACK
6
CONTINUOUS
10
5.34838
20
-3.76458
11
5.34861
21
-3.76496
0
LINE
8
BLACK
6
CONTINUOUS
10
5.34861
20
-3.76496
11
5.34871
21
-3.76505
0
LINE
8
BLACK
6
CONTINUOUS
10
5.34871
20
-3.76505
11
5.34873
21
-3.76517
0
LINE
8
BLACK
6
CONTINUOUS
10
5.34873
20
-3.76517
11
5.34891
21
-3.76546
0
LINE
8
BLACK
6
CONTINUOUS
10
5.34891
20
-3.76546
11
5.34892
21
-3.76626
0
LINE
8
BLACK
6
CONTINUOUS
10
5.34892
20
-3.76626
11
5.34906
21
-3.76704
0
LINE
8
BLACK
6
CONTINUOUS
10
5.34906
20
-3.76704
11
5.34894
21
-3.76725
0
LINE
8
BLACK
6
CONTINUOUS
10
5.34894
20
-3.76725
11
5.34895
21
-3.76748
0
LINE
8
BLACK
6
CONTINUOUS
10
5.34895
20
-3.76748
11
5.34845
21
-3.7681
0
LINE
8
BLACK
6
CONTINUOUS
10
5.34845
20
-3.7681
11
5.34805
21
-3.76879
0
LINE
8
BLACK
6
CONTINUOUS
10
5.34805
20
-3.76879
11
5.34783
21
-3.76887
0
LINE
8
BLACK
6
CONTINUOUS
10
5.34783
20
-3.76887
11
5.34768
21
-3.76905
0
LINE
8
BLACK
6
CONTINUOUS
10
5.34768
20
-3.76905
11
5.3469
21
-3.76921
0
LINE
8
BLACK
6
CONTINUOUS
10
5.3469
20
-3.76921
11
5.34615
21
-3.76948
0
LINE
8
BLACK
6
CONTINUOUS
10
5.34615
20
-3.76948
11
5.34123
21
-3.76948
0
LINE
8
BLACK
6
CONTINUOUS
10
5.34123
20
-3.76948
11
5.33853
21
-3.77083
0
LINE
8
BLACK
6
CONTINUOUS
10
5.33853
20
-3.77083
11
5.33733
21
-3.77203
0
LINE
8
BLACK
6
CONTINUOUS
10
5.33733
20
-3.77203
11
5.33598
21
-3.77472
0
LINE
8
BLACK
6
CONTINUOUS
10
5.33598
20
-3.77472
11
5.33598
21
-3.7827
0
LINE
8
BLACK
6
CONTINUOUS
10
5.33598
20
-3.7827
11
5.33733
21
-3.7854
0
LINE
8
BLACK
6
CONTINUOUS
10
5.33733
20
-3.7854
11
5.33853
21
-3.7866
0
LINE
8
BLACK
6
CONTINUOUS
10
5.33853
20
-3.7866
11
5.34123
21
-3.78795
0
LINE
8
BLACK
6
CONTINUOUS
10
5.34123
20
-3.78795
11
5.35108
21
-3.78795
0
LINE
8
BLACK
6
CONTINUOUS
10
5.35108
20
-3.78795
11
5.35378
21
-3.7866
0
LINE
8
BLACK
6
CONTINUOUS
10
5.35378
20
-3.7866
11
5.35531
21
-3.78506
0
LINE
8
BLACK
6
CONTINUOUS
10
5.35531
20
-3.78506
11
5.35615
21
-3.78448
0
LINE
8
BLACK
6
CONTINUOUS
10
5.35615
20
-3.78448
11
5.35817
21
-3.7843
0
LINE
8
BLACK
6
CONTINUOUS
10
5.35817
20
-3.7843
11
5.35982
21
-3.78546
0
LINE
8
BLACK
6
CONTINUOUS
10
5.35982
20
-3.78546
11
5.36034
21
-3.78741
0
LINE
8
BLACK
6
CONTINUOUS
10
5.36034
20
-3.78741
11
5.35949
21
-3.78924
0
LINE
8
BLACK
6
CONTINUOUS
10
5.35949
20
-3.78924
11
5.35762
21
-3.79111
0
LINE
8
BLACK
6
CONTINUOUS
10
5.35762
20
-3.79111
11
5.35689
21
-3.79162
0
LINE
8
BLACK
6
CONTINUOUS
10
5.35689
20
-3.79162
11
5.35685
21
-3.79167
0
LINE
8
BLACK
6
CONTINUOUS
10
5.35685
20
-3.79167
11
5.3531
21
-3.79354
0
LINE
8
BLACK
6
CONTINUOUS
10
5.3531
20
-3.79354
11
5.35212
21
-3.79383
0
LINE
8
BLACK
6
CONTINUOUS
10
5.35212
20
-3.79383
11
5.35194
21
-3.79379
0
LINE
8
BLACK
6
CONTINUOUS
10
5.35194
20
-3.79379
11
5.35178
21
-3.79385
0
LINE
8
BLACK
6
CONTINUOUS
10
5.35178
20
-3.79385
11
5.34053
21
-3.79385
0
LINE
8
BLACK
6
CONTINUOUS
10
5.34053
20
-3.79385
11
5.33952
21
-3.79368
0
LINE
8
BLACK
6
CONTINUOUS
10
5.33952
20
-3.79368
11
5.33938
21
-3.79356
0
LINE
8
BLACK
6
CONTINUOUS
10
5.33938
20
-3.79356
11
5.33921
21
-3.79354
0
LINE
8
BLACK
6
CONTINUOUS
10
5.33921
20
-3.79354
11
5.33546
21
-3.79167
0
LINE
8
BLACK
6
CONTINUOUS
10
5.33546
20
-3.79167
11
5.33475
21
-3.79114
0
LINE
8
BLACK
6
CONTINUOUS
10
5.33475
20
-3.79114
11
5.33469
21
-3.79111
0
LINE
8
BLACK
6
CONTINUOUS
10
5.33469
20
-3.79111
11
5.33282
21
-3.78924
0
LINE
8
BLACK
6
CONTINUOUS
10
5.33282
20
-3.78924
11
5.33231
21
-3.78852
0
LINE
8
BLACK
6
CONTINUOUS
10
5.33231
20
-3.78852
11
5.33226
21
-3.78847
0
LINE
8
BLACK
6
CONTINUOUS
10
5.33226
20
-3.78847
11
5.33039
21
-3.78472
0
LINE
8
BLACK
6
CONTINUOUS
10
5.33039
20
-3.78472
11
5.3301
21
-3.78374
0
LINE
8
BLACK
6
CONTINUOUS
10
5.3301
20
-3.78374
11
5.33014
21
-3.78357
0
LINE
8
BLACK
6
CONTINUOUS
10
5.33014
20
-3.78357
11
5.33008
21
-3.7834
0
LINE
8
BLACK
6
CONTINUOUS
10
5.33008
20
-3.7834
11
5.33008
21
-3.77403
0
LINE
8
BLACK
6
CONTINUOUS
10
5.33008
20
-3.77403
11
5.33026
21
-3.77302
0
LINE
8
BLACK
6
CONTINUOUS
10
5.33026
20
-3.77302
11
5.33037
21
-3.77288
0
LINE
8
BLACK
6
CONTINUOUS
10
5.33037
20
-3.77288
11
5.33039
21
-3.77271
0
LINE
8
BLACK
6
CONTINUOUS
10
5.33039
20
-3.77271
11
5.33226
21
-3.76896
0
LINE
8
BLACK
6
CONTINUOUS
10
5.33226
20
-3.76896
11
5.33279
21
-3.76825
0
LINE
8
BLACK
6
CONTINUOUS
10
5.33279
20
-3.76825
11
5.33282
21
-3.76819
0
LINE
8
BLACK
6
CONTINUOUS
10
5.33282
20
-3.76819
11
5.33469
21
-3.76632
0
LINE
8
BLACK
6
CONTINUOUS
10
5.33469
20
-3.76632
11
5.33542
21
-3.76581
0
LINE
8
BLACK
6
CONTINUOUS
10
5.33542
20
-3.76581
11
5.33546
21
-3.76576
0
LINE
8
BLACK
6
CONTINUOUS
10
5.33546
20
-3.76576
11
5.33921
21
-3.76389
0
LINE
8
BLACK
6
CONTINUOUS
10
5.33921
20
-3.76389
11
5.33977
21
-3.76372
0
LINE
8
BLACK
6
CONTINUOUS
10
5.33977
20
-3.76372
11
5.33081
21
-3.75348
0
LINE
8
BLACK
6
CONTINUOUS
10
5.33081
20
-3.75348
11
5.33058
21
-3.7531
0
LINE
8
BLACK
6
CONTINUOUS
10
5.33058
20
-3.7531
11
5.33047
21
-3.75301
0
LINE
8
BLACK
6
CONTINUOUS
10
5.33047
20
-3.75301
11
5.33045
21
-3.75289
0
LINE
8
BLACK
6
CONTINUOUS
10
5.33045
20
-3.75289
11
5.33028
21
-3.7526
0
LINE
8
BLACK
6
CONTINUOUS
10
5.33028
20
-3.7526
11
5.33026
21
-3.7518
0
LINE
8
BLACK
6
CONTINUOUS
10
5.33026
20
-3.7518
11
5.33012
21
-3.75102
0
LINE
8
BLACK
6
CONTINUOUS
10
5.33012
20
-3.75102
11
5.33024
21
-3.75081
0
LINE
8
BLACK
6
CONTINUOUS
10
5.33024
20
-3.75081
11
5.33024
21
-3.75058
0
LINE
8
BLACK
6
CONTINUOUS
10
5.33024
20
-3.75058
11
5.33073
21
-3.74996
0
LINE
8
BLACK
6
CONTINUOUS
10
5.33073
20
-3.74996
11
5.33113
21
-3.74927
0
LINE
8
BLACK
6
CONTINUOUS
10
5.33113
20
-3.74927
11
5.33135
21
-3.74919
0
LINE
8
BLACK
6
CONTINUOUS
10
5.33135
20
-3.74919
11
5.3315
21
-3.749
0
LINE
8
BLACK
6
CONTINUOUS
10
5.3315
20
-3.749
11
5.33228
21
-3.74885
0
LINE
8
BLACK
6
CONTINUOUS
10
5.33228
20
-3.74885
11
5.33303
21
-3.74858
0
LINE
8
BLACK
6
CONTINUOUS
10
5.33303
20
-3.74858
11
5.3574
21
-3.74858
0
LINE
8
BLACK
6
CONTINUOUS
10
5.3574
20
-3.74858
11
5.35841
21
-3.74876
0
LINE
8
BLACK
6
CONTINUOUS
10
5.22466
20
-3.70802
11
5.22535
21
-3.70992
0
LINE
8
BLACK
6
CONTINUOUS
10
5.22535
20
-3.70992
11
5.22535
21
-3.76992
0
LINE
8
BLACK
6
CONTINUOUS
10
5.22535
20
-3.76992
11
5.22518
21
-3.77093
0
LINE
8
BLACK
6
CONTINUOUS
10
5.22518
20
-3.77093
11
5.22388
21
-3.77248
0
LINE
8
BLACK
6
CONTINUOUS
10
5.22388
20
-3.77248
11
5.22189
21
-3.77283
0
LINE
8
BLACK
6
CONTINUOUS
10
5.22189
20
-3.77283
11
5.22014
21
-3.77182
0
LINE
8
BLACK
6
CONTINUOUS
10
5.22014
20
-3.77182
11
5.21945
21
-3.76992
0
LINE
8
BLACK
6
CONTINUOUS
10
5.21945
20
-3.76992
11
5.21945
21
-3.70992
0
LINE
8
BLACK
6
CONTINUOUS
10
5.21945
20
-3.70992
11
5.21963
21
-3.70891
0
LINE
8
BLACK
6
CONTINUOUS
10
5.21963
20
-3.70891
11
5.22093
21
-3.70736
0
LINE
8
BLACK
6
CONTINUOUS
10
5.22093
20
-3.70736
11
5.22291
21
-3.70701
0
LINE
8
BLACK
6
CONTINUOUS
10
5.22291
20
-3.70701
11
5.22466
21
-3.70802
0
LINE
8
BLACK
6
CONTINUOUS
10
5.10466
20
-3.70802
11
5.10535
21
-3.70992
0
LINE
8
BLACK
6
CONTINUOUS
10
5.10535
20
-3.70992
11
5.10535
21
-3.76992
0
LINE
8
BLACK
6
CONTINUOUS
10
5.10535
20
-3.76992
11
5.10518
21
-3.77093
0
LINE
8
BLACK
6
CONTINUOUS
10
5.10518
20
-3.77093
11
5.10388
21
-3.77248
0
LINE
8
BLACK
6
CONTINUOUS
10
5.10388
20
-3.77248
11
5.10189
21
-3.77283
0
LINE
8
BLACK
6
CONTINUOUS
10
5.10189
20
-3.77283
11
5.10014
21
-3.77182
0
LINE
8
BLACK
6
CONTINUOUS
10
5.10014
20
-3.77182
11
5.09945
21
-3.76992
0
LINE
8
BLACK
6
CONTINUOUS
10
5.09945
20
-3.76992
11
5.09945
21
-3.70992
0
LINE
8
BLACK
6
CONTINUOUS
10
5.09945
20
-3.70992
11
5.09963
21
-3.70891
0
LINE
8
BLACK
6
CONTINUOUS
10
5.09963
20
-3.70891
11
5.10093
21
-3.70736
0
LINE
8
BLACK
6
CONTINUOUS
10
5.10093
20
-3.70736
11
5.10291
21
-3.70701
0
LINE
8
BLACK
6
CONTINUOUS
10
5.10291
20
-3.70701
11
5.10466
21
-3.70802
0
LINE
8
BLACK
6
CONTINUOUS
10
5.17907
20
-3.76825
11
5.17976
21
-3.76992
0
LINE
8
BLACK
6
CONTINUOUS
10
5.17976
20
-3.76992
11
5.17907
21
-3.77159
0
LINE
8
BLACK
6
CONTINUOUS
10
5.17907
20
-3.77159
11
5.1774
21
-3.77228
0
LINE
8
BLACK
6
CONTINUOUS
10
5.1774
20
-3.77228
11
5.1474
21
-3.77228
0
LINE
8
BLACK
6
CONTINUOUS
10
5.1474
20
-3.77228
11
5.14573
21
-3.77159
0
LINE
8
BLACK
6
CONTINUOUS
10
5.14573
20
-3.77159
11
5.14504
21
-3.76992
0
LINE
8
BLACK
6
CONTINUOUS
10
5.14504
20
-3.76992
11
5.14573
21
-3.76825
0
LINE
8
BLACK
6
CONTINUOUS
10
5.14573
20
-3.76825
11
5.1474
21
-3.76756
0
LINE
8
BLACK
6
CONTINUOUS
10
5.1474
20
-3.76756
11
5.1774
21
-3.76756
0
LINE
8
BLACK
6
CONTINUOUS
10
5.1774
20
-3.76756
11
5.17907
21
-3.76825
0
LINE
8
BLACK
6
CONTINUOUS
10
5.86591
20
-3.76465
11
5.86746
21
-3.76594
0
LINE
8
BLACK
6
CONTINUOUS
10
5.86746
20
-3.76594
11
5.86781
21
-3.76793
0
LINE
8
BLACK
6
CONTINUOUS
10
5.86781
20
-3.76793
11
5.8668
21
-3.76968
0
LINE
8
BLACK
6
CONTINUOUS
10
5.8668
20
-3.76968
11
5.8649
21
-3.77037
0
LINE
8
BLACK
6
CONTINUOUS
10
5.8649
20
-3.77037
11
5.8049
21
-3.77037
0
LINE
8
BLACK
6
CONTINUOUS
10
5.8049
20
-3.77037
11
5.80389
21
-3.7702
0
LINE
8
BLACK
6
CONTINUOUS
10
5.80389
20
-3.7702
11
5.80234
21
-3.7689
0
LINE
8
BLACK
6
CONTINUOUS
10
5.80234
20
-3.7689
11
5.80199
21
-3.76691
0
LINE
8
BLACK
6
CONTINUOUS
10
5.80199
20
-3.76691
11
5.803
21
-3.76516
0
LINE
8
BLACK
6
CONTINUOUS
10
5.803
20
-3.76516
11
5.8049
21
-3.76447
0
LINE
8
BLACK
6
CONTINUOUS
10
5.8049
20
-3.76447
11
5.8649
21
-3.76447
0
LINE
8
BLACK
6
CONTINUOUS
10
5.8649
20
-3.76447
11
5.86591
21
-3.76465
0
LINE
8
BLACK
6
CONTINUOUS
10
5.77591
20
-3.75965
11
5.77746
21
-3.76094
0
LINE
8
BLACK
6
CONTINUOUS
10
5.77746
20
-3.76094
11
5.77781
21
-3.76293
0
LINE
8
BLACK
6
CONTINUOUS
10
5.77781
20
-3.76293
11
5.7768
21
-3.76468
0
LINE
8
BLACK
6
CONTINUOUS
10
5.7768
20
-3.76468
11
5.7749
21
-3.76537
0
LINE
8
BLACK
6
CONTINUOUS
10
5.7749
20
-3.76537
11
5.7149
21
-3.76537
0
LINE
8
BLACK
6
CONTINUOUS
10
5.7149
20
-3.76537
11
5.71389
21
-3.7652
0
LINE
8
BLACK
6
CONTINUOUS
10
5.71389
20
-3.7652
11
5.71234
21
-3.7639
0
LINE
8
BLACK
6
CONTINUOUS
10
5.71234
20
-3.7639
11
5.71199
21
-3.76191
0
LINE
8
BLACK
6
CONTINUOUS
10
5.71199
20
-3.76191
11
5.713
21
-3.76016
0
LINE
8
BLACK
6
CONTINUOUS
10
5.713
20
-3.76016
11
5.7149
21
-3.75947
0
LINE
8
BLACK
6
CONTINUOUS
10
5.7149
20
-3.75947
11
5.7749
21
-3.75947
0
LINE
8
BLACK
6
CONTINUOUS
10
5.7749
20
-3.75947
11
5.77591
21
-3.75965
0
LINE
8
BLACK
6
CONTINUOUS
10
6.12894
20
-3.71859
11
6.129
21
-3.71859
0
LINE
8
BLACK
6
CONTINUOUS
10
6.129
20
-3.71859
11
6.13462
21
-3.72047
0
LINE
8
BLACK
6
CONTINUOUS
10
6.13462
20
-3.72047
11
6.13553
21
-3.72095
0
LINE
8
BLACK
6
CONTINUOUS
10
6.13553
20
-3.72095
11
6.13562
21
-3.72111
0
LINE
8
BLACK
6
CONTINUOUS
10
6.13562
20
-3.72111
11
6.13578
21
-3.72118
0
LINE
8
BLACK
6
CONTINUOUS
10
6.13578
20
-3.72118
11
6.13953
21
-3.72493
0
LINE
8
BLACK
6
CONTINUOUS
10
6.13953
20
-3.72493
11
6.14003
21
-3.72565
0
LINE
8
BLACK
6
CONTINUOUS
10
6.14003
20
-3.72565
11
6.14008
21
-3.7257
0
LINE
8
BLACK
6
CONTINUOUS
10
6.14008
20
-3.7257
11
6.14196
21
-3.72945
0
LINE
8
BLACK
6
CONTINUOUS
10
6.14196
20
-3.72945
11
6.1421
21
-3.72993
0
LINE
8
BLACK
6
CONTINUOUS
10
6.1421
20
-3.72993
11
6.14218
21
-3.73005
0
LINE
8
BLACK
6
CONTINUOUS
10
6.14218
20
-3.73005
11
6.14405
21
-3.73755
0
LINE
8
BLACK
6
CONTINUOUS
10
6.14405
20
-3.73755
11
6.1441
21
-3.73814
0
LINE
8
BLACK
6
CONTINUOUS
10
6.1441
20
-3.73814
11
6.14414
21
-3.73827
0
LINE
8
BLACK
6
CONTINUOUS
10
6.14414
20
-3.73827
11
6.14414
21
-3.74389
0
LINE
8
BLACK
6
CONTINUOUS
10
6.14414
20
-3.74389
11
6.14404
21
-3.74447
0
LINE
8
BLACK
6
CONTINUOUS
10
6.14404
20
-3.74447
11
6.14405
21
-3.74461
0
LINE
8
BLACK
6
CONTINUOUS
10
6.14405
20
-3.74461
11
6.14218
21
-3.75211
0
LINE
8
BLACK
6
CONTINUOUS
10
6.14218
20
-3.75211
11
6.14197
21
-3.75257
0
LINE
8
BLACK
6
CONTINUOUS
10
6.14197
20
-3.75257
11
6.14196
21
-3.75271
0
LINE
8
BLACK
6
CONTINUOUS
10
6.14196
20
-3.75271
11
6.14008
21
-3.75646
0
LINE
8
BLACK
6
CONTINUOUS
10
6.14008
20
-3.75646
11
6.13956
21
-3.75717
0
LINE
8
BLACK
6
CONTINUOUS
10
6.13956
20
-3.75717
11
6.13953
21
-3.75723
0
LINE
8
BLACK
6
CONTINUOUS
10
6.13953
20
-3.75723
11
6.13578
21
-3.76098
0
LINE
8
BLACK
6
CONTINUOUS
10
6.13578
20
-3.76098
11
6.13494
21
-3.76156
0
LINE
8
BLACK
6
CONTINUOUS
10
6.13494
20
-3.76156
11
6.13476
21
-3.76158
0
LINE
8
BLACK
6
CONTINUOUS
10
6.13476
20
-3.76158
11
6.13462
21
-3.76169
0
LINE
8
BLACK
6
CONTINUOUS
10
6.13462
20
-3.76169
11
6.129
21
-3.76356
0
LINE
8
BLACK
6
CONTINUOUS
10
6.129
20
-3.76356
11
6.12813
21
-3.76369
0
LINE
8
BLACK
6
CONTINUOUS
10
6.12813
20
-3.76369
11
6.12807
21
-3.76372
0
LINE
8
BLACK
6
CONTINUOUS
10
6.12807
20
-3.76372
11
6.12432
21
-3.76372
0
LINE
8
BLACK
6
CONTINUOUS
10
6.12432
20
-3.76372
11
6.12345
21
-3.76356
0
LINE
8
BLACK
6
CONTINUOUS
10
6.12345
20
-3.76356
11
6.12338
21
-3.76356
0
LINE
8
BLACK
6
CONTINUOUS
10
6.12338
20
-3.76356
11
6.11776
21
-3.76169
0
LINE
8
BLACK
6
CONTINUOUS
10
6.11776
20
-3.76169
11
6.11686
21
-3.7612
0
LINE
8
BLACK
6
CONTINUOUS
10
6.11686
20
-3.7612
11
6.11676
21
-3.76105
0
LINE
8
BLACK
6
CONTINUOUS
10
6.11676
20
-3.76105
11
6.1166
21
-3.76098
0
LINE
8
BLACK
6
CONTINUOUS
10
6.1166
20
-3.76098
11
6.11473
21
-3.7591
0
LINE
8
BLACK
6
CONTINUOUS
10
6.11473
20
-3.7591
11
6.11414
21
-3.75826
0
LINE
8
BLACK
6
CONTINUOUS
10
6.11414
20
-3.75826
11
6.11397
21
-3.75625
0
LINE
8
BLACK
6
CONTINUOUS
10
6.11397
20
-3.75625
11
6.11512
21
-3.75459
0
LINE
8
BLACK
6
CONTINUOUS
10
6.11512
20
-3.75459
11
6.11707
21
-3.75407
0
LINE
8
BLACK
6
CONTINUOUS
10
6.11707
20
-3.75407
11
6.11891
21
-3.75493
0
LINE
8
BLACK
6
CONTINUOUS
10
6.11891
20
-3.75493
11
6.12029
21
-3.75631
0
LINE
8
BLACK
6
CONTINUOUS
10
6.12029
20
-3.75631
11
6.1248
21
-3.75781
0
LINE
8
BLACK
6
CONTINUOUS
10
6.1248
20
-3.75781
11
6.12759
21
-3.75781
0
LINE
8
BLACK
6
CONTINUOUS
10
6.12759
20
-3.75781
11
6.1321
21
-3.75631
0
LINE
8
BLACK
6
CONTINUOUS
10
6.1321
20
-3.75631
11
6.13501
21
-3.75339
0
LINE
8
BLACK
6
CONTINUOUS
10
6.13501
20
-3.75339
11
6.13653
21
-3.75036
0
LINE
8
BLACK
6
CONTINUOUS
10
6.13653
20
-3.75036
11
6.13824
21
-3.74353
0
LINE
8
BLACK
6
CONTINUOUS
10
6.13824
20
-3.74353
11
6.13824
21
-3.73863
0
LINE
8
BLACK
6
CONTINUOUS
10
6.13824
20
-3.73863
11
6.13653
21
-3.7318
0
LINE
8
BLACK
6
CONTINUOUS
10
6.13653
20
-3.7318
11
6.13501
21
-3.72877
0
LINE
8
BLACK
6
CONTINUOUS
10
6.13501
20
-3.72877
11
6.1321
21
-3.72585
0
LINE
8
BLACK
6
CONTINUOUS
10
6.1321
20
-3.72585
11
6.12759
21
-3.72435
0
LINE
8
BLACK
6
CONTINUOUS
10
6.12759
20
-3.72435
11
6.1248
21
-3.72435
0
LINE
8
BLACK
6
CONTINUOUS
10
6.1248
20
-3.72435
11
6.12029
21
-3.72585
0
LINE
8
BLACK
6
CONTINUOUS
10
6.12029
20
-3.72585
11
6.11891
21
-3.72723
0
LINE
8
BLACK
6
CONTINUOUS
10
6.11891
20
-3.72723
11
6.11807
21
-3.72782
0
LINE
8
BLACK
6
CONTINUOUS
10
6.11807
20
-3.72782
11
6.11605
21
-3.72799
0
LINE
8
BLACK
6
CONTINUOUS
10
6.11605
20
-3.72799
11
6.1144
21
-3.72684
0
LINE
8
BLACK
6
CONTINUOUS
10
6.1144
20
-3.72684
11
6.11388
21
-3.72489
0
LINE
8
BLACK
6
CONTINUOUS
10
6.11388
20
-3.72489
11
6.11473
21
-3.72305
0
LINE
8
BLACK
6
CONTINUOUS
10
6.11473
20
-3.72305
11
6.1166
21
-3.72118
0
LINE
8
BLACK
6
CONTINUOUS
10
6.1166
20
-3.72118
11
6.11744
21
-3.72059
0
LINE
8
BLACK
6
CONTINUOUS
10
6.11744
20
-3.72059
11
6.11762
21
-3.72058
0
LINE
8
BLACK
6
CONTINUOUS
10
6.11762
20
-3.72058
11
6.11776
21
-3.72047
0
LINE
8
BLACK
6
CONTINUOUS
10
6.11776
20
-3.72047
11
6.12338
21
-3.71859
0
LINE
8
BLACK
6
CONTINUOUS
10
6.12338
20
-3.71859
11
6.12426
21
-3.71846
0
LINE
8
BLACK
6
CONTINUOUS
10
6.12426
20
-3.71846
11
6.12432
21
-3.71844
0
LINE
8
BLACK
6
CONTINUOUS
10
6.12432
20
-3.71844
11
6.12807
21
-3.71844
0
LINE
8
BLACK
6
CONTINUOUS
10
6.12807
20
-3.71844
11
6.12894
21
-3.71859
0
LINE
8
BLACK
6
CONTINUOUS
10
6.09123
20
-3.71857
11
6.0914
21
-3.71856
0
LINE
8
BLACK
6
CONTINUOUS
10
6.0914
20
-3.71856
11
6.09209
21
-3.71907
0
LINE
8
BLACK
6
CONTINUOUS
10
6.09209
20
-3.71907
11
6.09283
21
-3.71949
0
LINE
8
BLACK
6
CONTINUOUS
10
6.09283
20
-3.71949
11
6.09289
21
-3.71965
0
LINE
8
BLACK
6
CONTINUOUS
10
6.09289
20
-3.71965
11
6.09303
21
-3.71976
0
LINE
8
BLACK
6
CONTINUOUS
10
6.09303
20
-3.71976
11
6.09662
21
-3.72514
0
LINE
8
BLACK
6
CONTINUOUS
10
6.09662
20
-3.72514
11
6.09982
21
-3.72834
0
LINE
8
BLACK
6
CONTINUOUS
10
6.09982
20
-3.72834
11
6.10314
21
-3.73
0
LINE
8
BLACK
6
CONTINUOUS
10
6.10314
20
-3.73
11
6.10396
21
-3.73061
0
LINE
8
BLACK
6
CONTINUOUS
10
6.10396
20
-3.73061
11
6.10477
21
-3.73246
0
LINE
8
BLACK
6
CONTINUOUS
10
6.10477
20
-3.73246
11
6.10419
21
-3.7344
0
LINE
8
BLACK
6
CONTINUOUS
10
6.10419
20
-3.7344
11
6.10251
21
-3.73551
0
LINE
8
BLACK
6
CONTINUOUS
10
6.10251
20
-3.73551
11
6.1005
21
-3.73528
0
LINE
8
BLACK
6
CONTINUOUS
10
6.1005
20
-3.73528
11
6.09675
21
-3.73341
0
LINE
8
BLACK
6
CONTINUOUS
10
6.09675
20
-3.73341
11
6.09604
21
-3.73288
0
LINE
8
BLACK
6
CONTINUOUS
10
6.09604
20
-3.73288
11
6.09598
21
-3.73285
0
LINE
8
BLACK
6
CONTINUOUS
10
6.09598
20
-3.73285
11
6.09352
21
-3.7304
0
LINE
8
BLACK
6
CONTINUOUS
10
6.09352
20
-3.7304
11
6.09352
21
-3.75781
0
LINE
8
BLACK
6
CONTINUOUS
10
6.09352
20
-3.75781
11
6.10182
21
-3.75781
0
LINE
8
BLACK
6
CONTINUOUS
10
6.10182
20
-3.75781
11
6.10283
21
-3.75799
0
LINE
8
BLACK
6
CONTINUOUS
10
6.10283
20
-3.75799
11
6.10438
21
-3.75929
0
LINE
8
BLACK
6
CONTINUOUS
10
6.10438
20
-3.75929
11
6.10473
21
-3.76128
0
LINE
8
BLACK
6
CONTINUOUS
10
6.10473
20
-3.76128
11
6.10372
21
-3.76302
0
LINE
8
BLACK
6
CONTINUOUS
10
6.10372
20
-3.76302
11
6.10182
21
-3.76372
0
LINE
8
BLACK
6
CONTINUOUS
10
6.10182
20
-3.76372
11
6.07932
21
-3.76372
0
LINE
8
BLACK
6
CONTINUOUS
10
6.07932
20
-3.76372
11
6.07831
21
-3.76354
0
LINE
8
BLACK
6
CONTINUOUS
10
6.07831
20
-3.76354
11
6.07677
21
-3.76224
0
LINE
8
BLACK
6
CONTINUOUS
10
6.07677
20
-3.76224
11
6.07641
21
-3.76025
0
LINE
8
BLACK
6
CONTINUOUS
10
6.07641
20
-3.76025
11
6.07742
21
-3.7585
0
LINE
8
BLACK
6
CONTINUOUS
10
6.07742
20
-3.7585
11
6.07932
21
-3.75781
0
LINE
8
BLACK
6
CONTINUOUS
10
6.07932
20
-3.75781
11
6.08762
21
-3.75781
0
LINE
8
BLACK
6
CONTINUOUS
10
6.08762
20
-3.75781
11
6.08762
21
-3.72139
0
LINE
8
BLACK
6
CONTINUOUS
10
6.08762
20
-3.72139
11
6.0878
21
-3.72038
0
LINE
8
BLACK
6
CONTINUOUS
10
6.0878
20
-3.72038
11
6.08791
21
-3.72025
0
LINE
8
BLACK
6
CONTINUOUS
10
6.08791
20
-3.72025
11
6.08792
21
-3.72008
0
LINE
8
BLACK
6
CONTINUOUS
10
6.08792
20
-3.72008
11
6.08854
21
-3.71949
0
LINE
8
BLACK
6
CONTINUOUS
10
6.08854
20
-3.71949
11
6.08909
21
-3.71884
0
LINE
8
BLACK
6
CONTINUOUS
10
6.08909
20
-3.71884
11
6.08926
21
-3.71881
0
LINE
8
BLACK
6
CONTINUOUS
10
6.08926
20
-3.71881
11
6.08938
21
-3.71869
0
LINE
8
BLACK
6
CONTINUOUS
10
6.08938
20
-3.71869
11
6.09024
21
-3.71863
0
LINE
8
BLACK
6
CONTINUOUS
10
6.09024
20
-3.71863
11
6.09108
21
-3.71848
0
LINE
8
BLACK
6
CONTINUOUS
10
6.09108
20
-3.71848
11
6.09123
21
-3.71857
0
LINE
8
BLACK
6
CONTINUOUS
10
6.47407
20
-3.73825
11
6.47476
21
-3.73992
0
LINE
8
BLACK
6
CONTINUOUS
10
6.47476
20
-3.73992
11
6.47407
21
-3.74159
0
LINE
8
BLACK
6
CONTINUOUS
10
6.47407
20
-3.74159
11
6.4724
21
-3.74228
0
LINE
8
BLACK
6
CONTINUOUS
10
6.4724
20
-3.74228
11
6.4424
21
-3.74228
0
LINE
8
BLACK
6
CONTINUOUS
10
6.4424
20
-3.74228
11
6.44073
21
-3.74159
0
LINE
8
BLACK
6
CONTINUOUS
10
6.44073
20
-3.74159
11
6.44004
21
-3.73992
0
LINE
8
BLACK
6
CONTINUOUS
10
6.44004
20
-3.73992
11
6.44073
21
-3.73825
0
LINE
8
BLACK
6
CONTINUOUS
10
6.44073
20
-3.73825
11
6.4424
21
-3.73756
0
LINE
8
BLACK
6
CONTINUOUS
10
6.4424
20
-3.73756
11
6.4724
21
-3.73756
0
LINE
8
BLACK
6
CONTINUOUS
10
6.4724
20
-3.73756
11
6.47407
21
-3.73825
0
LINE
8
BLACK
6
CONTINUOUS
10
5.80657
20
-3.69075
11
5.80726
21
-3.69242
0
LINE
8
BLACK
6
CONTINUOUS
10
5.80726
20
-3.69242
11
5.80726
21
-3.72242
0
LINE
8
BLACK
6
CONTINUOUS
10
5.80726
20
-3.72242
11
5.80657
21
-3.72409
0
LINE
8
BLACK
6
CONTINUOUS
10
5.80657
20
-3.72409
11
5.8049
21
-3.72478
0
LINE
8
BLACK
6
CONTINUOUS
10
5.8049
20
-3.72478
11
5.80323
21
-3.72409
0
LINE
8
BLACK
6
CONTINUOUS
10
5.80323
20
-3.72409
11
5.80254
21
-3.72242
0
LINE
8
BLACK
6
CONTINUOUS
10
5.80254
20
-3.72242
11
5.80254
21
-3.69242
0
LINE
8
BLACK
6
CONTINUOUS
10
5.80254
20
-3.69242
11
5.80323
21
-3.69075
0
LINE
8
BLACK
6
CONTINUOUS
10
5.80323
20
-3.69075
11
5.8049
21
-3.69006
0
LINE
8
BLACK
6
CONTINUOUS
10
5.8049
20
-3.69006
11
5.80657
21
-3.69075
0
LINE
8
BLACK
6
CONTINUOUS
10
5.86657
20
-3.69075
11
5.86726
21
-3.69242
0
LINE
8
BLACK
6
CONTINUOUS
10
5.86726
20
-3.69242
11
5.86726
21
-3.72242
0
LINE
8
BLACK
6
CONTINUOUS
10
5.86726
20
-3.72242
11
5.86657
21
-3.72409
0
LINE
8
BLACK
6
CONTINUOUS
10
5.86657
20
-3.72409
11
5.8649
21
-3.72478
0
LINE
8
BLACK
6
CONTINUOUS
10
5.8649
20
-3.72478
11
5.86323
21
-3.72409
0
LINE
8
BLACK
6
CONTINUOUS
10
5.86323
20
-3.72409
11
5.86254
21
-3.72242
0
LINE
8
BLACK
6
CONTINUOUS
10
5.86254
20
-3.72242
11
5.86254
21
-3.69242
0
LINE
8
BLACK
6
CONTINUOUS
10
5.86254
20
-3.69242
11
5.86323
21
-3.69075
0
LINE
8
BLACK
6
CONTINUOUS
10
5.86323
20
-3.69075
11
5.8649
21
-3.69006
0
LINE
8
BLACK
6
CONTINUOUS
10
5.8649
20
-3.69006
11
5.86657
21
-3.69075
0
LINE
8
BLACK
6
CONTINUOUS
10
5.77657
20
-3.68575
11
5.77726
21
-3.68742
0
LINE
8
BLACK
6
CONTINUOUS
10
5.77726
20
-3.68742
11
5.77726
21
-3.71742
0
LINE
8
BLACK
6
CONTINUOUS
10
5.77726
20
-3.71742
11
5.77657
21
-3.71909
0
LINE
8
BLACK
6
CONTINUOUS
10
5.77657
20
-3.71909
11
5.7749
21
-3.71978
0
LINE
8
BLACK
6
CONTINUOUS
10
5.7749
20
-3.71978
11
5.77323
21
-3.71909
0
LINE
8
BLACK
6
CONTINUOUS
10
5.77323
20
-3.71909
11
5.77254
21
-3.71742
0
LINE
8
BLACK
6
CONTINUOUS
10
5.77254
20
-3.71742
11
5.77254
21
-3.68742
0
LINE
8
BLACK
6
CONTINUOUS
10
5.77254
20
-3.68742
11
5.77323
21
-3.68575
0
LINE
8
BLACK
6
CONTINUOUS
10
5.77323
20
-3.68575
11
5.7749
21
-3.68506
0
LINE
8
BLACK
6
CONTINUOUS
10
5.7749
20
-3.68506
11
5.77657
21
-3.68575
0
LINE
8
BLACK
6
CONTINUOUS
10
5.71657
20
-3.68575
11
5.71726
21
-3.68742
0
LINE
8
BLACK
6
CONTINUOUS
10
5.71726
20
-3.68742
11
5.71726
21
-3.71742
0
LINE
8
BLACK
6
CONTINUOUS
10
5.71726
20
-3.71742
11
5.71657
21
-3.71909
0
LINE
8
BLACK
6
CONTINUOUS
10
5.71657
20
-3.71909
11
5.7149
21
-3.71978
0
LINE
8
BLACK
6
CONTINUOUS
10
5.7149
20
-3.71978
11
5.71323
21
-3.71909
0
LINE
8
BLACK
6
CONTINUOUS
10
5.71323
20
-3.71909
11
5.71254
21
-3.71742
0
LINE
8
BLACK
6
CONTINUOUS
10
5.71254
20
-3.71742
11
5.71254
21
-3.68742
0
LINE
8
BLACK
6
CONTINUOUS
10
5.71254
20
-3.68742
11
5.71323
21
-3.68575
0
LINE
8
BLACK
6
CONTINUOUS
10
5.71323
20
-3.68575
11
5.7149
21
-3.68506
0
LINE
8
BLACK
6
CONTINUOUS
10
5.7149
20
-3.68506
11
5.71657
21
-3.68575
0
LINE
8
BLACK
6
CONTINUOUS
10
5.17907
20
-3.70825
11
5.17976
21
-3.70992
0
LINE
8
BLACK
6
CONTINUOUS
10
5.17976
20
-3.70992
11
5.17907
21
-3.71159
0
LINE
8
BLACK
6
CONTINUOUS
10
5.17907
20
-3.71159
11
5.1774
21
-3.71228
0
LINE
8
BLACK
6
CONTINUOUS
10
5.1774
20
-3.71228
11
5.1474
21
-3.71228
0
LINE
8
BLACK
6
CONTINUOUS
10
5.1474
20
-3.71228
11
5.14573
21
-3.71159
0
LINE
8
BLACK
6
CONTINUOUS
10
5.14573
20
-3.71159
11
5.14504
21
-3.70992
0
LINE
8
BLACK
6
CONTINUOUS
10
5.14504
20
-3.70992
11
5.14573
21
-3.70825
0
LINE
8
BLACK
6
CONTINUOUS
10
5.14573
20
-3.70825
11
5.1474
21
-3.70756
0
LINE
8
BLACK
6
CONTINUOUS
10
5.1474
20
-3.70756
11
5.1774
21
-3.70756
0
LINE
8
BLACK
6
CONTINUOUS
10
5.1774
20
-3.70756
11
5.17907
21
-3.70825
0
LINE
8
BLACK
6
CONTINUOUS
10
5.93996
20
-3.70782
11
5.93947
21
-3.70762
0
LINE
8
BLACK
6
CONTINUOUS
10
5.93947
20
-3.70762
11
5.89756
21
-3.66571
0
LINE
8
BLACK
6
CONTINUOUS
10
5.89756
20
-3.66571
11
5.89711
21
-3.66461
0
LINE
8
BLACK
6
CONTINUOUS
10
5.89711
20
-3.66461
11
5.89687
21
-3.66404
0
LINE
8
BLACK
6
CONTINUOUS
10
5.89687
20
-3.66404
11
5.89687
21
-3.55437
0
LINE
8
BLACK
6
CONTINUOUS
10
5.89687
20
-3.55437
11
5.89756
21
-3.5527
0
LINE
8
BLACK
6
CONTINUOUS
10
5.89756
20
-3.5527
11
5.89923
21
-3.55201
0
LINE
8
BLACK
6
CONTINUOUS
10
5.89923
20
-3.55201
11
5.9009
21
-3.5527
0
LINE
8
BLACK
6
CONTINUOUS
10
5.9009
20
-3.5527
11
5.90159
21
-3.55437
0
LINE
8
BLACK
6
CONTINUOUS
10
5.90159
20
-3.55437
11
5.90159
21
-3.66306
0
LINE
8
BLACK
6
CONTINUOUS
10
5.90159
20
-3.66306
11
5.94212
21
-3.70358
0
LINE
8
BLACK
6
CONTINUOUS
10
5.94212
20
-3.70358
11
6.31892
21
-3.70358
0
LINE
8
BLACK
6
CONTINUOUS
10
6.31892
20
-3.70358
11
6.31892
21
-3.55437
0
LINE
8
BLACK
6
CONTINUOUS
10
6.31892
20
-3.55437
11
6.31961
21
-3.5527
0
LINE
8
BLACK
6
CONTINUOUS
10
6.31961
20
-3.5527
11
6.32128
21
-3.55201
0
LINE
8
BLACK
6
CONTINUOUS
10
6.32128
20
-3.55201
11
6.32295
21
-3.5527
0
LINE
8
BLACK
6
CONTINUOUS
10
6.32295
20
-3.5527
11
6.32364
21
-3.55437
0
LINE
8
BLACK
6
CONTINUOUS
10
6.32364
20
-3.55437
11
6.32364
21
-3.70594
0
LINE
8
BLACK
6
CONTINUOUS
10
6.32364
20
-3.70594
11
6.32295
21
-3.70762
0
LINE
8
BLACK
6
CONTINUOUS
10
6.32295
20
-3.70762
11
6.32128
21
-3.70831
0
LINE
8
BLACK
6
CONTINUOUS
10
6.32128
20
-3.70831
11
5.94114
21
-3.70831
0
LINE
8
BLACK
6
CONTINUOUS
10
5.94114
20
-3.70831
11
5.93996
21
-3.70782
0
LINE
8
BLACK
6
CONTINUOUS
10
6.70779
20
-3.68338
11
6.70793
21
-3.68339
0
LINE
8
BLACK
6
CONTINUOUS
10
6.70793
20
-3.68339
11
6.70834
21
-3.68386
0
LINE
8
BLACK
6
CONTINUOUS
10
6.70834
20
-3.68386
11
6.70881
21
-3.68426
0
LINE
8
BLACK
6
CONTINUOUS
10
6.70881
20
-3.68426
11
6.70882
21
-3.68441
0
LINE
8
BLACK
6
CONTINUOUS
10
6.70882
20
-3.68441
11
6.70891
21
-3.68452
0
LINE
8
BLACK
6
CONTINUOUS
10
6.70891
20
-3.68452
11
6.71548
21
-3.70422
0
LINE
8
BLACK
6
CONTINUOUS
10
6.71548
20
-3.70422
11
6.71537
21
-3.70571
0
LINE
8
BLACK
6
CONTINUOUS
10
6.71537
20
-3.70571
11
6.71424
21
-3.70668
0
LINE
8
BLACK
6
CONTINUOUS
10
6.71424
20
-3.70668
11
6.71276
21
-3.70658
0
LINE
8
BLACK
6
CONTINUOUS
10
6.71276
20
-3.70658
11
6.71178
21
-3.70545
0
LINE
8
BLACK
6
CONTINUOUS
10
6.71178
20
-3.70545
11
6.71035
21
-3.70115
0
LINE
8
BLACK
6
CONTINUOUS
10
6.71035
20
-3.70115
11
6.70378
21
-3.70115
0
LINE
8
BLACK
6
CONTINUOUS
10
6.70378
20
-3.70115
11
6.70234
21
-3.70545
0
LINE
8
BLACK
6
CONTINUOUS
10
6.70234
20
-3.70545
11
6.70137
21
-3.70658
0
LINE
8
BLACK
6
CONTINUOUS
10
6.70137
20
-3.70658
11
6.69988
21
-3.70668
0
LINE
8
BLACK
6
CONTINUOUS
10
6.69988
20
-3.70668
11
6.69875
21
-3.70571
0
LINE
8
BLACK
6
CONTINUOUS
10
6.69875
20
-3.70571
11
6.69864
21
-3.70422
0
LINE
8
BLACK
6
CONTINUOUS
10
6.69864
20
-3.70422
11
6.70521
21
-3.68452
0
LINE
8
BLACK
6
CONTINUOUS
10
6.70521
20
-3.68452
11
6.70531
21
-3.68441
0
LINE
8
BLACK
6
CONTINUOUS
10
6.70531
20
-3.68441
11
6.70532
21
-3.68426
0
LINE
8
BLACK
6
CONTINUOUS
10
6.70532
20
-3.68426
11
6.70578
21
-3.68386
0
LINE
8
BLACK
6
CONTINUOUS
10
6.70578
20
-3.68386
11
6.70619
21
-3.68339
0
LINE
8
BLACK
6
CONTINUOUS
10
6.70619
20
-3.68339
11
6.70633
21
-3.68338
0
LINE
8
BLACK
6
CONTINUOUS
10
6.70633
20
-3.68338
11
6.70644
21
-3.68328
0
LINE
8
BLACK
6
CONTINUOUS
10
6.70644
20
-3.68328
11
6.70706
21
-3.68333
0
LINE
8
BLACK
6
CONTINUOUS
10
6.70706
20
-3.68333
11
6.70768
21
-3.68328
0
LINE
8
BLACK
6
CONTINUOUS
10
6.70768
20
-3.68328
11
6.70779
21
-3.68338
0
LINE
8
BLACK
6
CONTINUOUS
10
6.70508
20
-3.69725
11
6.70905
21
-3.69725
0
LINE
8
BLACK
6
CONTINUOUS
10
6.70905
20
-3.69725
11
6.70706
21
-3.6913
0
LINE
8
BLACK
6
CONTINUOUS
10
6.70706
20
-3.6913
11
6.70508
21
-3.69725
0
LINE
8
BLACK
6
CONTINUOUS
10
5.55966
20
-3.63302
11
5.56035
21
-3.63492
0
LINE
8
BLACK
6
CONTINUOUS
10
5.56035
20
-3.63492
11
5.56035
21
-3.69492
0
LINE
8
BLACK
6
CONTINUOUS
10
5.56035
20
-3.69492
11
5.56018
21
-3.69593
0
LINE
8
BLACK
6
CONTINUOUS
10
5.56018
20
-3.69593
11
5.55888
21
-3.69748
0
LINE
8
BLACK
6
CONTINUOUS
10
5.55888
20
-3.69748
11
5.55689
21
-3.69783
0
LINE
8
BLACK
6
CONTINUOUS
10
5.55689
20
-3.69783
11
5.55514
21
-3.69682
0
LINE
8
BLACK
6
CONTINUOUS
10
5.55514
20
-3.69682
11
5.55445
21
-3.69492
0
LINE
8
BLACK
6
CONTINUOUS
10
5.55445
20
-3.69492
11
5.55445
21
-3.63492
0
LINE
8
BLACK
6
CONTINUOUS
10
5.55445
20
-3.63492
11
5.55463
21
-3.63391
0
LINE
8
BLACK
6
CONTINUOUS
10
5.55463
20
-3.63391
11
5.55593
21
-3.63236
0
LINE
8
BLACK
6
CONTINUOUS
10
5.55593
20
-3.63236
11
5.55791
21
-3.63201
0
LINE
8
BLACK
6
CONTINUOUS
10
5.55791
20
-3.63201
11
5.55966
21
-3.63302
0
LINE
8
BLACK
6
CONTINUOUS
10
5.67966
20
-3.63302
11
5.68035
21
-3.63492
0
LINE
8
BLACK
6
CONTINUOUS
10
5.68035
20
-3.63492
11
5.68035
21
-3.69492
0
LINE
8
BLACK
6
CONTINUOUS
10
5.68035
20
-3.69492
11
5.68018
21
-3.69593
0
LINE
8
BLACK
6
CONTINUOUS
10
5.68018
20
-3.69593
11
5.67888
21
-3.69748
0
LINE
8
BLACK
6
CONTINUOUS
10
5.67888
20
-3.69748
11
5.67689
21
-3.69783
0
LINE
8
BLACK
6
CONTINUOUS
10
5.67689
20
-3.69783
11
5.67514
21
-3.69682
0
LINE
8
BLACK
6
CONTINUOUS
10
5.67514
20
-3.69682
11
5.67445
21
-3.69492
0
LINE
8
BLACK
6
CONTINUOUS
10
5.67445
20
-3.69492
11
5.67445
21
-3.63492
0
LINE
8
BLACK
6
CONTINUOUS
10
5.67445
20
-3.63492
11
5.67463
21
-3.63391
0
LINE
8
BLACK
6
CONTINUOUS
10
5.67463
20
-3.63391
11
5.67593
21
-3.63236
0
LINE
8
BLACK
6
CONTINUOUS
10
5.67593
20
-3.63236
11
5.67791
21
-3.63201
0
LINE
8
BLACK
6
CONTINUOUS
10
5.67791
20
-3.63201
11
5.67966
21
-3.63302
0
LINE
8
BLACK
6
CONTINUOUS
10
5.63407
20
-3.69325
11
5.63476
21
-3.69492
0
LINE
8
BLACK
6
CONTINUOUS
10
5.63476
20
-3.69492
11
5.63407
21
-3.69659
0
LINE
8
BLACK
6
CONTINUOUS
10
5.63407
20
-3.69659
11
5.6324
21
-3.69728
0
LINE
8
BLACK
6
CONTINUOUS
10
5.6324
20
-3.69728
11
5.6024
21
-3.69728
0
LINE
8
BLACK
6
CONTINUOUS
10
5.6024
20
-3.69728
11
5.60073
21
-3.69659
0
LINE
8
BLACK
6
CONTINUOUS
10
5.60073
20
-3.69659
11
5.60004
21
-3.69492
0
LINE
8
BLACK
6
CONTINUOUS
10
5.60004
20
-3.69492
11
5.60073
21
-3.69325
0
LINE
8
BLACK
6
CONTINUOUS
10
5.60073
20
-3.69325
11
5.6024
21
-3.69256
0
LINE
8
BLACK
6
CONTINUOUS
10
5.6024
20
-3.69256
11
5.6324
21
-3.69256
0
LINE
8
BLACK
6
CONTINUOUS
10
5.6324
20
-3.69256
11
5.63407
21
-3.69325
0
LINE
8
BLACK
6
CONTINUOUS
10
5.45716
20
-3.65146
11
5.45785
21
-3.65336
0
LINE
8
BLACK
6
CONTINUOUS
10
5.45785
20
-3.65336
11
5.45785
21
-3.68523
0
LINE
8
BLACK
6
CONTINUOUS
10
5.45785
20
-3.68523
11
5.45767
21
-3.68624
0
LINE
8
BLACK
6
CONTINUOUS
10
5.45767
20
-3.68624
11
5.45756
21
-3.68638
0
LINE
8
BLACK
6
CONTINUOUS
10
5.45756
20
-3.68638
11
5.45754
21
-3.68655
0
LINE
8
BLACK
6
CONTINUOUS
10
5.45754
20
-3.68655
11
5.45566
21
-3.6903
0
LINE
8
BLACK
6
CONTINUOUS
10
5.45566
20
-3.6903
11
5.45514
21
-3.69101
0
LINE
8
BLACK
6
CONTINUOUS
10
5.45514
20
-3.69101
11
5.45511
21
-3.69107
0
LINE
8
BLACK
6
CONTINUOUS
10
5.45511
20
-3.69107
11
5.45324
21
-3.69294
0
LINE
8
BLACK
6
CONTINUOUS
10
5.45324
20
-3.69294
11
5.45251
21
-3.69345
0
LINE
8
BLACK
6
CONTINUOUS
10
5.45251
20
-3.69345
11
5.45247
21
-3.6935
0
LINE
8
BLACK
6
CONTINUOUS
10
5.45247
20
-3.6935
11
5.44872
21
-3.69537
0
LINE
8
BLACK
6
CONTINUOUS
10
5.44872
20
-3.69537
11
5.44774
21
-3.69566
0
LINE
8
BLACK
6
CONTINUOUS
10
5.44774
20
-3.69566
11
5.44756
21
-3.69562
0
LINE
8
BLACK
6
CONTINUOUS
10
5.44756
20
-3.69562
11
5.4474
21
-3.69568
0
LINE
8
BLACK
6
CONTINUOUS
10
5.4474
20
-3.69568
11
5.4399
21
-3.69568
0
LINE
8
BLACK
6
CONTINUOUS
10
5.4399
20
-3.69568
11
5.43889
21
-3.69551
0
LINE
8
BLACK
6
CONTINUOUS
10
5.43889
20
-3.69551
11
5.43875
21
-3.69539
0
LINE
8
BLACK
6
CONTINUOUS
10
5.43875
20
-3.69539
11
5.43858
21
-3.69537
0
LINE
8
BLACK
6
CONTINUOUS
10
5.43858
20
-3.69537
11
5.43483
21
-3.6935
0
LINE
8
BLACK
6
CONTINUOUS
10
5.43483
20
-3.6935
11
5.43412
21
-3.69297
0
LINE
8
BLACK
6
CONTINUOUS
10
5.43412
20
-3.69297
11
5.43406
21
-3.69294
0
LINE
8
BLACK
6
CONTINUOUS
10
5.43406
20
-3.69294
11
5.43219
21
-3.69107
0
LINE
8
BLACK
6
CONTINUOUS
10
5.43219
20
-3.69107
11
5.43168
21
-3.69035
0
LINE
8
BLACK
6
CONTINUOUS
10
5.43168
20
-3.69035
11
5.43163
21
-3.6903
0
LINE
8
BLACK
6
CONTINUOUS
10
5.43163
20
-3.6903
11
5.42976
21
-3.68655
0
LINE
8
BLACK
6
CONTINUOUS
10
5.42976
20
-3.68655
11
5.42947
21
-3.68557
0
LINE
8
BLACK
6
CONTINUOUS
10
5.42947
20
-3.68557
11
5.42951
21
-3.6854
0
LINE
8
BLACK
6
CONTINUOUS
10
5.42951
20
-3.6854
11
5.42945
21
-3.68523
0
LINE
8
BLACK
6
CONTINUOUS
10
5.42945
20
-3.68523
11
5.42945
21
-3.65336
0
LINE
8
BLACK
6
CONTINUOUS
10
5.42945
20
-3.65336
11
5.42963
21
-3.65235
0
LINE
8
BLACK
6
CONTINUOUS
10
5.42963
20
-3.65235
11
5.43092
21
-3.6508
0
LINE
8
BLACK
6
CONTINUOUS
10
5.43092
20
-3.6508
11
5.43291
21
-3.65045
0
LINE
8
BLACK
6
CONTINUOUS
10
5.43291
20
-3.65045
11
5.43466
21
-3.65146
0
LINE
8
BLACK
6
CONTINUOUS
10
5.43466
20
-3.65146
11
5.43535
21
-3.65336
0
LINE
8
BLACK
6
CONTINUOUS
10
5.43535
20
-3.65336
11
5.43535
21
-3.68454
0
LINE
8
BLACK
6
CONTINUOUS
10
5.43535
20
-3.68454
11
5.4367
21
-3.68723
0
LINE
8
BLACK
6
CONTINUOUS
10
5.4367
20
-3.68723
11
5.4379
21
-3.68843
0
LINE
8
BLACK
6
CONTINUOUS
10
5.4379
20
-3.68843
11
5.4406
21
-3.68978
0
LINE
8
BLACK
6
CONTINUOUS
10
5.4406
20
-3.68978
11
5.4467
21
-3.68978
0
LINE
8
BLACK
6
CONTINUOUS
10
5.4467
20
-3.68978
11
5.4494
21
-3.68843
0
LINE
8
BLACK
6
CONTINUOUS
10
5.4494
20
-3.68843
11
5.4506
21
-3.68723
0
LINE
8
BLACK
6
CONTINUOUS
10
5.4506
20
-3.68723
11
5.45195
21
-3.68454
0
LINE
8
BLACK
6
CONTINUOUS
10
5.45195
20
-3.68454
11
5.45195
21
-3.65336
0
LINE
8
BLACK
6
CONTINUOUS
10
5.45195
20
-3.65336
11
5.45212
21
-3.65235
0
LINE
8
BLACK
6
CONTINUOUS
10
5.45212
20
-3.65235
11
5.45342
21
-3.6508
0
LINE
8
BLACK
6
CONTINUOUS
10
5.45342
20
-3.6508
11
5.45541
21
-3.65045
0
LINE
8
BLACK
6
CONTINUOUS
10
5.45541
20
-3.65045
11
5.45716
21
-3.65146
0
LINE
8
BLACK
6
CONTINUOUS
10
5.41091
20
-3.65059
11
5.41105
21
-3.6507
0
LINE
8
BLACK
6
CONTINUOUS
10
5.41105
20
-3.6507
11
5.41122
21
-3.65072
0
LINE
8
BLACK
6
CONTINUOUS
10
5.41122
20
-3.65072
11
5.41497
21
-3.6526
0
LINE
8
BLACK
6
CONTINUOUS
10
5.41497
20
-3.6526
11
5.41568
21
-3.65312
0
LINE
8
BLACK
6
CONTINUOUS
10
5.41568
20
-3.65312
11
5.41574
21
-3.65315
0
LINE
8
BLACK
6
CONTINUOUS
10
5.41574
20
-3.65315
11
5.41762
21
-3.65502
0
LINE
8
BLACK
6
CONTINUOUS
10
5.41762
20
-3.65502
11
5.4182
21
-3.65586
0
LINE
8
BLACK
6
CONTINUOUS
10
5.4182
20
-3.65586
11
5.41838
21
-3.65788
0
LINE
8
BLACK
6
CONTINUOUS
10
5.41838
20
-3.65788
11
5.41722
21
-3.65953
0
LINE
8
BLACK
6
CONTINUOUS
10
5.41722
20
-3.65953
11
5.41527
21
-3.66005
0
LINE
8
BLACK
6
CONTINUOUS
10
5.41527
20
-3.66005
11
5.41344
21
-3.6592
0
LINE
8
BLACK
6
CONTINUOUS
10
5.41344
20
-3.6592
11
5.4119
21
-3.65766
0
LINE
8
BLACK
6
CONTINUOUS
10
5.4119
20
-3.65766
11
5.40921
21
-3.65631
0
LINE
8
BLACK
6
CONTINUOUS
10
5.40921
20
-3.65631
11
5.40123
21
-3.65631
0
LINE
8
BLACK
6
CONTINUOUS
10
5.40123
20
-3.65631
11
5.39853
21
-3.65766
0
LINE
8
BLACK
6
CONTINUOUS
10
5.39853
20
-3.65766
11
5.39733
21
-3.65886
0
LINE
8
BLACK
6
CONTINUOUS
10
5.39733
20
-3.65886
11
5.39598
21
-3.66156
0
LINE
8
BLACK
6
CONTINUOUS
10
5.39598
20
-3.66156
11
5.39598
21
-3.66413
0
LINE
8
BLACK
6
CONTINUOUS
10
5.39598
20
-3.66413
11
5.39749
21
-3.66864
0
LINE
8
BLACK
6
CONTINUOUS
10
5.39749
20
-3.66864
11
5.41949
21
-3.69064
0
LINE
8
BLACK
6
CONTINUOUS
10
5.41949
20
-3.69064
11
5.41986
21
-3.69117
0
LINE
8
BLACK
6
CONTINUOUS
10
5.41986
20
-3.69117
11
5.41996
21
-3.69126
0
LINE
8
BLACK
6
CONTINUOUS
10
5.41996
20
-3.69126
11
5.41997
21
-3.69133
0
LINE
8
BLACK
6
CONTINUOUS
10
5.41997
20
-3.69133
11
5.42008
21
-3.69148
0
LINE
8
BLACK
6
CONTINUOUS
10
5.42008
20
-3.69148
11
5.42016
21
-3.69237
0
LINE
8
BLACK
6
CONTINUOUS
10
5.42016
20
-3.69237
11
5.42031
21
-3.69324
0
LINE
8
BLACK
6
CONTINUOUS
10
5.42031
20
-3.69324
11
5.42024
21
-3.69336
0
LINE
8
BLACK
6
CONTINUOUS
10
5.42024
20
-3.69336
11
5.42025
21
-3.6935
0
LINE
8
BLACK
6
CONTINUOUS
10
5.42025
20
-3.6935
11
5.41974
21
-3.69422
0
LINE
8
BLACK
6
CONTINUOUS
10
5.41974
20
-3.69422
11
5.4193
21
-3.69499
0
LINE
8
BLACK
6
CONTINUOUS
10
5.4193
20
-3.69499
11
5.41917
21
-3.69504
0
LINE
8
BLACK
6
CONTINUOUS
10
5.41917
20
-3.69504
11
5.4191
21
-3.69515
0
LINE
8
BLACK
6
CONTINUOUS
10
5.4191
20
-3.69515
11
5.41824
21
-3.69538
0
LINE
8
BLACK
6
CONTINUOUS
10
5.41824
20
-3.69538
11
5.4174
21
-3.69568
0
LINE
8
BLACK
6
CONTINUOUS
10
5.4174
20
-3.69568
11
5.39303
21
-3.69568
0
LINE
8
BLACK
6
CONTINUOUS
10
5.39303
20
-3.69568
11
5.39202
21
-3.69551
0
LINE
8
BLACK
6
CONTINUOUS
10
5.39202
20
-3.69551
11
5.39047
21
-3.69421
0
LINE
8
BLACK
6
CONTINUOUS
10
5.39047
20
-3.69421
11
5.39012
21
-3.69222
0
LINE
8
BLACK
6
CONTINUOUS
10
5.39012
20
-3.69222
11
5.39113
21
-3.69047
0
LINE
8
BLACK
6
CONTINUOUS
10
5.39113
20
-3.69047
11
5.39303
21
-3.68978
0
LINE
8
BLACK
6
CONTINUOUS
10
5.39303
20
-3.68978
11
5.41027
21
-3.68978
0
LINE
8
BLACK
6
CONTINUOUS
10
5.41027
20
-3.68978
11
5.39282
21
-3.67232
0
LINE
8
BLACK
6
CONTINUOUS
10
5.39282
20
-3.67232
11
5.39223
21
-3.67148
0
LINE
8
BLACK
6
CONTINUOUS
10
5.39223
20
-3.67148
11
5.39221
21
-3.67131
0
LINE
8
BLACK
6
CONTINUOUS
10
5.39221
20
-3.67131
11
5.3921
21
-3.67117
0
LINE
8
BLACK
6
CONTINUOUS
10
5.3921
20
-3.67117
11
5.39023
21
-3.66554
0
LINE
8
BLACK
6
CONTINUOUS
10
5.39023
20
-3.66554
11
5.3901
21
-3.66467
0
LINE
8
BLACK
6
CONTINUOUS
10
5.3901
20
-3.66467
11
5.39008
21
-3.66461
0
LINE
8
BLACK
6
CONTINUOUS
10
5.39008
20
-3.66461
11
5.39008
21
-3.66086
0
LINE
8
BLACK
6
CONTINUOUS
10
5.39008
20
-3.66086
11
5.39026
21
-3.65985
0
LINE
8
BLACK
6
CONTINUOUS
10
5.39026
20
-3.65985
11
5.39037
21
-3.65972
0
LINE
8
BLACK
6
CONTINUOUS
10
5.39037
20
-3.65972
11
5.39039
21
-3.65954
0
LINE
8
BLACK
6
CONTINUOUS
10
5.39039
20
-3.65954
11
5.39226
21
-3.65579
0
LINE
8
BLACK
6
CONTINUOUS
10
5.39226
20
-3.65579
11
5.39279
21
-3.65508
0
LINE
8
BLACK
6
CONTINUOUS
10
5.39279
20
-3.65508
11
5.39282
21
-3.65502
0
LINE
8
BLACK
6
CONTINUOUS
10
5.39282
20
-3.65502
11
5.39469
21
-3.65315
0
LINE
8
BLACK
6
CONTINUOUS
10
5.39469
20
-3.65315
11
5.39542
21
-3.65264
0
LINE
8
BLACK
6
CONTINUOUS
10
5.39542
20
-3.65264
11
5.39546
21
-3.6526
0
LINE
8
BLACK
6
CONTINUOUS
10
5.39546
20
-3.6526
11
5.39921
21
-3.65072
0
LINE
8
BLACK
6
CONTINUOUS
10
5.39921
20
-3.65072
11
5.40019
21
-3.65043
0
LINE
8
BLACK
6
CONTINUOUS
10
5.40019
20
-3.65043
11
5.40036
21
-3.65047
0
LINE
8
BLACK
6
CONTINUOUS
10
5.40036
20
-3.65047
11
5.40053
21
-3.65041
0
LINE
8
BLACK
6
CONTINUOUS
10
5.40053
20
-3.65041
11
5.4099
21
-3.65041
0
LINE
8
BLACK
6
CONTINUOUS
10
5.4099
20
-3.65041
11
5.41091
21
-3.65059
0
LINE
8
BLACK
6
CONTINUOUS
10
4.89847
20
-3.66638
11
4.89861
21
-3.66639
0
LINE
8
BLACK
6
CONTINUOUS
10
4.89861
20
-3.66639
11
4.89902
21
-3.66686
0
LINE
8
BLACK
6
CONTINUOUS
10
4.89902
20
-3.66686
11
4.89949
21
-3.66726
0
LINE
8
BLACK
6
CONTINUOUS
10
4.89949
20
-3.66726
11
4.8995
21
-3.66741
0
LINE
8
BLACK
6
CONTINUOUS
10
4.8995
20
-3.66741
11
4.89959
21
-3.66752
0
LINE
8
BLACK
6
CONTINUOUS
10
4.89959
20
-3.66752
11
4.90616
21
-3.68722
0
LINE
8
BLACK
6
CONTINUOUS
10
4.90616
20
-3.68722
11
4.90605
21
-3.68871
0
LINE
8
BLACK
6
CONTINUOUS
10
4.90605
20
-3.68871
11
4.90493
21
-3.68968
0
LINE
8
BLACK
6
CONTINUOUS
10
4.90493
20
-3.68968
11
4.90344
21
-3.68958
0
LINE
8
BLACK
6
CONTINUOUS
10
4.90344
20
-3.68958
11
4.90246
21
-3.68845
0
LINE
8
BLACK
6
CONTINUOUS
10
4.90246
20
-3.68845
11
4.90103
21
-3.68415
0
LINE
8
BLACK
6
CONTINUOUS
10
4.90103
20
-3.68415
11
4.89446
21
-3.68415
0
LINE
8
BLACK
6
CONTINUOUS
10
4.89446
20
-3.68415
11
4.89302
21
-3.68845
0
LINE
8
BLACK
6
CONTINUOUS
10
4.89302
20
-3.68845
11
4.89205
21
-3.68958
0
LINE
8
BLACK
6
CONTINUOUS
10
4.89205
20
-3.68958
11
4.89056
21
-3.68968
0
LINE
8
BLACK
6
CONTINUOUS
10
4.89056
20
-3.68968
11
4.88943
21
-3.68871
0
LINE
8
BLACK
6
CONTINUOUS
10
4.88943
20
-3.68871
11
4.88933
21
-3.68722
0
LINE
8
BLACK
6
CONTINUOUS
10
4.88933
20
-3.68722
11
4.89589
21
-3.66752
0
LINE
8
BLACK
6
CONTINUOUS
10
4.89589
20
-3.66752
11
4.89599
21
-3.66741
0
LINE
8
BLACK
6
CONTINUOUS
10
4.89599
20
-3.66741
11
4.896
21
-3.66726
0
LINE
8
BLACK
6
CONTINUOUS
10
4.896
20
-3.66726
11
4.89646
21
-3.66686
0
LINE
8
BLACK
6
CONTINUOUS
10
4.89646
20
-3.66686
11
4.89687
21
-3.66639
0
LINE
8
BLACK
6
CONTINUOUS
10
4.89687
20
-3.66639
11
4.89701
21
-3.66638
0
LINE
8
BLACK
6
CONTINUOUS
10
4.89701
20
-3.66638
11
4.89713
21
-3.66628
0
LINE
8
BLACK
6
CONTINUOUS
10
4.89713
20
-3.66628
11
4.89774
21
-3.66633
0
LINE
8
BLACK
6
CONTINUOUS
10
4.89774
20
-3.66633
11
4.89836
21
-3.66628
0
LINE
8
BLACK
6
CONTINUOUS
10
4.89836
20
-3.66628
11
4.89847
21
-3.66638
0
LINE
8
BLACK
6
CONTINUOUS
10
4.89576
20
-3.68025
11
4.89973
21
-3.68025
0
LINE
8
BLACK
6
CONTINUOUS
10
4.89973
20
-3.68025
11
4.89774
21
-3.6743
0
LINE
8
BLACK
6
CONTINUOUS
10
4.89774
20
-3.6743
11
4.89576
21
-3.68025
0
LINE
8
BLACK
6
CONTINUOUS
10
5.26841
20
-3.67965
11
5.26996
21
-3.68094
0
LINE
8
BLACK
6
CONTINUOUS
10
5.26996
20
-3.68094
11
5.27031
21
-3.68293
0
LINE
8
BLACK
6
CONTINUOUS
10
5.27031
20
-3.68293
11
5.2693
21
-3.68468
0
LINE
8
BLACK
6
CONTINUOUS
10
5.2693
20
-3.68468
11
5.2674
21
-3.68537
0
LINE
8
BLACK
6
CONTINUOUS
10
5.2674
20
-3.68537
11
5.2074
21
-3.68537
0
LINE
8
BLACK
6
CONTINUOUS
10
5.2074
20
-3.68537
11
5.20639
21
-3.6852
0
LINE
8
BLACK
6
CONTINUOUS
10
5.20639
20
-3.6852
11
5.20484
21
-3.6839
0
LINE
8
BLACK
6
CONTINUOUS
10
5.20484
20
-3.6839
11
5.20449
21
-3.68191
0
LINE
8
BLACK
6
CONTINUOUS
10
5.20449
20
-3.68191
11
5.2055
21
-3.68016
0
LINE
8
BLACK
6
CONTINUOUS
10
5.2055
20
-3.68016
11
5.2074
21
-3.67947
0
LINE
8
BLACK
6
CONTINUOUS
10
5.2074
20
-3.67947
11
5.2674
21
-3.67947
0
LINE
8
BLACK
6
CONTINUOUS
10
5.2674
20
-3.67947
11
5.26841
21
-3.67965
0
LINE
8
BLACK
6
CONTINUOUS
10
6.39966
20
-3.60302
11
6.40035
21
-3.60492
0
LINE
8
BLACK
6
CONTINUOUS
10
6.40035
20
-3.60492
11
6.40035
21
-3.66492
0
LINE
8
BLACK
6
CONTINUOUS
10
6.40035
20
-3.66492
11
6.40018
21
-3.66593
0
LINE
8
BLACK
6
CONTINUOUS
10
6.40018
20
-3.66593
11
6.39888
21
-3.66748
0
LINE
8
BLACK
6
CONTINUOUS
10
6.39888
20
-3.66748
11
6.39689
21
-3.66783
0
LINE
8
BLACK
6
CONTINUOUS
10
6.39689
20
-3.66783
11
6.39514
21
-3.66682
0
LINE
8
BLACK
6
CONTINUOUS
10
6.39514
20
-3.66682
11
6.39445
21
-3.66492
0
LINE
8
BLACK
6
CONTINUOUS
10
6.39445
20
-3.66492
11
6.39445
21
-3.60492
0
LINE
8
BLACK
6
CONTINUOUS
10
6.39445
20
-3.60492
11
6.39463
21
-3.60391
0
LINE
8
BLACK
6
CONTINUOUS
10
6.39463
20
-3.60391
11
6.39593
21
-3.60236
0
LINE
8
BLACK
6
CONTINUOUS
10
6.39593
20
-3.60236
11
6.39791
21
-3.60201
0
LINE
8
BLACK
6
CONTINUOUS
10
6.39791
20
-3.60201
11
6.39966
21
-3.60302
0
LINE
8
BLACK
6
CONTINUOUS
10
6.51966
20
-3.60302
11
6.52035
21
-3.60492
0
LINE
8
BLACK
6
CONTINUOUS
10
6.52035
20
-3.60492
11
6.52035
21
-3.66492
0
LINE
8
BLACK
6
CONTINUOUS
10
6.52035
20
-3.66492
11
6.52018
21
-3.66593
0
LINE
8
BLACK
6
CONTINUOUS
10
6.52018
20
-3.66593
11
6.51888
21
-3.66748
0
LINE
8
BLACK
6
CONTINUOUS
10
6.51888
20
-3.66748
11
6.51689
21
-3.66783
0
LINE
8
BLACK
6
CONTINUOUS
10
6.51689
20
-3.66783
11
6.51514
21
-3.66682
0
LINE
8
BLACK
6
CONTINUOUS
10
6.51514
20
-3.66682
11
6.51445
21
-3.66492
0
LINE
8
BLACK
6
CONTINUOUS
10
6.51445
20
-3.66492
11
6.51445
21
-3.60492
0
LINE
8
BLACK
6
CONTINUOUS
10
6.51445
20
-3.60492
11
6.51463
21
-3.60391
0
LINE
8
BLACK
6
CONTINUOUS
10
6.51463
20
-3.60391
11
6.51593
21
-3.60236
0
LINE
8
BLACK
6
CONTINUOUS
10
6.51593
20
-3.60236
11
6.51791
21
-3.60201
0
LINE
8
BLACK
6
CONTINUOUS
10
6.51791
20
-3.60201
11
6.51966
21
-3.60302
0
LINE
8
BLACK
6
CONTINUOUS
10
6.47407
20
-3.66325
11
6.47476
21
-3.66492
0
LINE
8
BLACK
6
CONTINUOUS
10
6.47476
20
-3.66492
11
6.47407
21
-3.66659
0
LINE
8
BLACK
6
CONTINUOUS
10
6.47407
20
-3.66659
11
6.4724
21
-3.66728
0
LINE
8
BLACK
6
CONTINUOUS
10
6.4724
20
-3.66728
11
6.4424
21
-3.66728
0
LINE
8
BLACK
6
CONTINUOUS
10
6.4424
20
-3.66728
11
6.44073
21
-3.66659
0
LINE
8
BLACK
6
CONTINUOUS
10
6.44073
20
-3.66659
11
6.44004
21
-3.66492
0
LINE
8
BLACK
6
CONTINUOUS
10
6.44004
20
-3.66492
11
6.44073
21
-3.66325
0
LINE
8
BLACK
6
CONTINUOUS
10
6.44073
20
-3.66325
11
6.4424
21
-3.66256
0
LINE
8
BLACK
6
CONTINUOUS
10
6.4424
20
-3.66256
11
6.4724
21
-3.66256
0
LINE
8
BLACK
6
CONTINUOUS
10
6.4724
20
-3.66256
11
6.47407
21
-3.66325
0
LINE
8
BLACK
6
CONTINUOUS
10
5.02155
20
-3.65032
11
5.02298
21
-3.65229
0
LINE
8
BLACK
6
CONTINUOUS
10
5.02298
20
-3.65229
11
5.02298
21
-3.65472
0
LINE
8
BLACK
6
CONTINUOUS
10
5.02298
20
-3.65472
11
5.02155
21
-3.65669
0
LINE
8
BLACK
6
CONTINUOUS
10
5.02155
20
-3.65669
11
5.01923
21
-3.65744
0
LINE
8
BLACK
6
CONTINUOUS
10
5.01923
20
-3.65744
11
4.97002
21
-3.65744
0
LINE
8
BLACK
6
CONTINUOUS
10
4.97002
20
-3.65744
11
4.96771
21
-3.65669
0
LINE
8
BLACK
6
CONTINUOUS
10
4.96771
20
-3.65669
11
4.96628
21
-3.65472
0
LINE
8
BLACK
6
CONTINUOUS
10
4.96628
20
-3.65472
11
4.96628
21
-3.65229
0
LINE
8
BLACK
6
CONTINUOUS
10
4.96628
20
-3.65229
11
4.96771
21
-3.65032
0
LINE
8
BLACK
6
CONTINUOUS
10
4.96771
20
-3.65032
11
4.97002
21
-3.64957
0
LINE
8
BLACK
6
CONTINUOUS
10
4.97002
20
-3.64957
11
5.01923
21
-3.64957
0
LINE
8
BLACK
6
CONTINUOUS
10
5.01923
20
-3.64957
11
5.02155
21
-3.65032
0
LINE
8
BLACK
6
CONTINUOUS
10
4.86525
20
-3.27315
11
4.86668
21
-3.27512
0
LINE
8
BLACK
6
CONTINUOUS
10
4.86668
20
-3.27512
11
4.86668
21
-3.27756
0
LINE
8
BLACK
6
CONTINUOUS
10
4.86668
20
-3.27756
11
4.86525
21
-3.27952
0
LINE
8
BLACK
6
CONTINUOUS
10
4.86525
20
-3.27952
11
4.86293
21
-3.28028
0
LINE
8
BLACK
6
CONTINUOUS
10
4.86293
20
-3.28028
11
4.81648
21
-3.28028
0
LINE
8
BLACK
6
CONTINUOUS
10
4.81648
20
-3.28028
11
4.81648
21
-3.64957
0
LINE
8
BLACK
6
CONTINUOUS
10
4.81648
20
-3.64957
11
4.86293
21
-3.64957
0
LINE
8
BLACK
6
CONTINUOUS
10
4.86293
20
-3.64957
11
4.86525
21
-3.65032
0
LINE
8
BLACK
6
CONTINUOUS
10
4.86525
20
-3.65032
11
4.86668
21
-3.65229
0
LINE
8
BLACK
6
CONTINUOUS
10
4.86668
20
-3.65229
11
4.86668
21
-3.65472
0
LINE
8
BLACK
6
CONTINUOUS
10
4.86668
20
-3.65472
11
4.86525
21
-3.65669
0
LINE
8
BLACK
6
CONTINUOUS
10
4.86525
20
-3.65669
11
4.86293
21
-3.65744
0
LINE
8
BLACK
6
CONTINUOUS
10
4.86293
20
-3.65744
11
4.81254
21
-3.65744
0
LINE
8
BLACK
6
CONTINUOUS
10
4.81254
20
-3.65744
11
4.81195
21
-3.65725
0
LINE
8
BLACK
6
CONTINUOUS
10
4.81195
20
-3.65725
11
4.81132
21
-3.65725
0
LINE
8
BLACK
6
CONTINUOUS
10
4.81132
20
-3.65725
11
4.81082
21
-3.65688
0
LINE
8
BLACK
6
CONTINUOUS
10
4.81082
20
-3.65688
11
4.81023
21
-3.65669
0
LINE
8
BLACK
6
CONTINUOUS
10
4.81023
20
-3.65669
11
4.80986
21
-3.65618
0
LINE
8
BLACK
6
CONTINUOUS
10
4.80986
20
-3.65618
11
4.80935
21
-3.65582
0
LINE
8
BLACK
6
CONTINUOUS
10
4.80935
20
-3.65582
11
4.80916
21
-3.65523
0
LINE
8
BLACK
6
CONTINUOUS
10
4.80916
20
-3.65523
11
4.8088
21
-3.65472
0
LINE
8
BLACK
6
CONTINUOUS
10
4.8088
20
-3.65472
11
4.8088
21
-3.6541
0
LINE
8
BLACK
6
CONTINUOUS
10
4.8088
20
-3.6541
11
4.8086
21
-3.6535
0
LINE
8
BLACK
6
CONTINUOUS
10
4.8086
20
-3.6535
11
4.8086
21
-3.27634
0
LINE
8
BLACK
6
CONTINUOUS
10
4.8086
20
-3.27634
11
4.8088
21
-3.27575
0
LINE
8
BLACK
6
CONTINUOUS
10
4.8088
20
-3.27575
11
4.8088
21
-3.27512
0
LINE
8
BLACK
6
CONTINUOUS
10
4.8088
20
-3.27512
11
4.80916
21
-3.27462
0
LINE
8
BLACK
6
CONTINUOUS
10
4.80916
20
-3.27462
11
4.80935
21
-3.27402
0
LINE
8
BLACK
6
CONTINUOUS
10
4.80935
20
-3.27402
11
4.80986
21
-3.27366
0
LINE
8
BLACK
6
CONTINUOUS
10
4.80986
20
-3.27366
11
4.81023
21
-3.27315
0
LINE
8
BLACK
6
CONTINUOUS
10
4.81023
20
-3.27315
11
4.81082
21
-3.27296
0
LINE
8
BLACK
6
CONTINUOUS
10
4.81082
20
-3.27296
11
4.81132
21
-3.27259
0
LINE
8
BLACK
6
CONTINUOUS
10
4.81132
20
-3.27259
11
4.81195
21
-3.27259
0
LINE
8
BLACK
6
CONTINUOUS
10
4.81195
20
-3.27259
11
4.81254
21
-3.2724
0
LINE
8
BLACK
6
CONTINUOUS
10
4.81254
20
-3.2724
11
4.86293
21
-3.2724
0
LINE
8
BLACK
6
CONTINUOUS
10
4.86293
20
-3.2724
11
4.86525
21
-3.27315
0
LINE
8
BLACK
6
CONTINUOUS
10
5.86591
20
-3.64465
11
5.86746
21
-3.64594
0
LINE
8
BLACK
6
CONTINUOUS
10
5.86746
20
-3.64594
11
5.86781
21
-3.64793
0
LINE
8
BLACK
6
CONTINUOUS
10
5.86781
20
-3.64793
11
5.8668
21
-3.64968
0
LINE
8
BLACK
6
CONTINUOUS
10
5.8668
20
-3.64968
11
5.8649
21
-3.65037
0
LINE
8
BLACK
6
CONTINUOUS
10
5.8649
20
-3.65037
11
5.8049
21
-3.65037
0
LINE
8
BLACK
6
CONTINUOUS
10
5.8049
20
-3.65037
11
5.80389
21
-3.6502
0
LINE
8
BLACK
6
CONTINUOUS
10
5.80389
20
-3.6502
11
5.80234
21
-3.6489
0
LINE
8
BLACK
6
CONTINUOUS
10
5.80234
20
-3.6489
11
5.80199
21
-3.64691
0
LINE
8
BLACK
6
CONTINUOUS
10
5.80199
20
-3.64691
11
5.803
21
-3.64516
0
LINE
8
BLACK
6
CONTINUOUS
10
5.803
20
-3.64516
11
5.8049
21
-3.64447
0
LINE
8
BLACK
6
CONTINUOUS
10
5.8049
20
-3.64447
11
5.8649
21
-3.64447
0
LINE
8
BLACK
6
CONTINUOUS
10
5.8649
20
-3.64447
11
5.86591
21
-3.64465
0
LINE
8
BLACK
6
CONTINUOUS
10
5.77591
20
-3.63965
11
5.77746
21
-3.64094
0
LINE
8
BLACK
6
CONTINUOUS
10
5.77746
20
-3.64094
11
5.77781
21
-3.64293
0
LINE
8
BLACK
6
CONTINUOUS
10
5.77781
20
-3.64293
11
5.7768
21
-3.64468
0
LINE
8
BLACK
6
CONTINUOUS
10
5.7768
20
-3.64468
11
5.7749
21
-3.64537
0
LINE
8
BLACK
6
CONTINUOUS
10
5.7749
20
-3.64537
11
5.7149
21
-3.64537
0
LINE
8
BLACK
6
CONTINUOUS
10
5.7149
20
-3.64537
11
5.71389
21
-3.6452
0
LINE
8
BLACK
6
CONTINUOUS
10
5.71389
20
-3.6452
11
5.71234
21
-3.6439
0
LINE
8
BLACK
6
CONTINUOUS
10
5.71234
20
-3.6439
11
5.71199
21
-3.64191
0
LINE
8
BLACK
6
CONTINUOUS
10
5.71199
20
-3.64191
11
5.713
21
-3.64016
0
LINE
8
BLACK
6
CONTINUOUS
10
5.713
20
-3.64016
11
5.7149
21
-3.63947
0
LINE
8
BLACK
6
CONTINUOUS
10
5.7149
20
-3.63947
11
5.7749
21
-3.63947
0
LINE
8
BLACK
6
CONTINUOUS
10
5.7749
20
-3.63947
11
5.77591
21
-3.63965
0
LINE
8
BLACK
6
CONTINUOUS
10
5.26907
20
-3.60575
11
5.26976
21
-3.60742
0
LINE
8
BLACK
6
CONTINUOUS
10
5.26976
20
-3.60742
11
5.26976
21
-3.63742
0
LINE
8
BLACK
6
CONTINUOUS
10
5.26976
20
-3.63742
11
5.26907
21
-3.63909
0
LINE
8
BLACK
6
CONTINUOUS
10
5.26907
20
-3.63909
11
5.2674
21
-3.63978
0
LINE
8
BLACK
6
CONTINUOUS
10
5.2674
20
-3.63978
11
5.26573
21
-3.63909
0
LINE
8
BLACK
6
CONTINUOUS
10
5.26573
20
-3.63909
11
5.26504
21
-3.63742
0
LINE
8
BLACK
6
CONTINUOUS
10
5.26504
20
-3.63742
11
5.26504
21
-3.60742
0
LINE
8
BLACK
6
CONTINUOUS
10
5.26504
20
-3.60742
11
5.26573
21
-3.60575
0
LINE
8
BLACK
6
CONTINUOUS
10
5.26573
20
-3.60575
11
5.2674
21
-3.60506
0
LINE
8
BLACK
6
CONTINUOUS
10
5.2674
20
-3.60506
11
5.26907
21
-3.60575
0
LINE
8
BLACK
6
CONTINUOUS
10
5.20907
20
-3.60575
11
5.20976
21
-3.60742
0
LINE
8
BLACK
6
CONTINUOUS
10
5.20976
20
-3.60742
11
5.20976
21
-3.63742
0
LINE
8
BLACK
6
CONTINUOUS
10
5.20976
20
-3.63742
11
5.20907
21
-3.63909
0
LINE
8
BLACK
6
CONTINUOUS
10
5.20907
20
-3.63909
11
5.2074
21
-3.63978
0
LINE
8
BLACK
6
CONTINUOUS
10
5.2074
20
-3.63978
11
5.20573
21
-3.63909
0
LINE
8
BLACK
6
CONTINUOUS
10
5.20573
20
-3.63909
11
5.20504
21
-3.63742
0
LINE
8
BLACK
6
CONTINUOUS
10
5.20504
20
-3.63742
11
5.20504
21
-3.60742
0
LINE
8
BLACK
6
CONTINUOUS
10
5.20504
20
-3.60742
11
5.20573
21
-3.60575
0
LINE
8
BLACK
6
CONTINUOUS
10
5.20573
20
-3.60575
11
5.2074
21
-3.60506
0
LINE
8
BLACK
6
CONTINUOUS
10
5.2074
20
-3.60506
11
5.20907
21
-3.60575
0
LINE
8
BLACK
6
CONTINUOUS
10
5.63407
20
-3.63325
11
5.63476
21
-3.63492
0
LINE
8
BLACK
6
CONTINUOUS
10
5.63476
20
-3.63492
11
5.63407
21
-3.63659
0
LINE
8
BLACK
6
CONTINUOUS
10
5.63407
20
-3.63659
11
5.6324
21
-3.63728
0
LINE
8
BLACK
6
CONTINUOUS
10
5.6324
20
-3.63728
11
5.6024
21
-3.63728
0
LINE
8
BLACK
6
CONTINUOUS
10
5.6024
20
-3.63728
11
5.60073
21
-3.63659
0
LINE
8
BLACK
6
CONTINUOUS
10
5.60073
20
-3.63659
11
5.60004
21
-3.63492
0
LINE
8
BLACK
6
CONTINUOUS
10
5.60004
20
-3.63492
11
5.60073
21
-3.63325
0
LINE
8
BLACK
6
CONTINUOUS
10
5.60073
20
-3.63325
11
5.6024
21
-3.63256
0
LINE
8
BLACK
6
CONTINUOUS
10
5.6024
20
-3.63256
11
5.6324
21
-3.63256
0
LINE
8
BLACK
6
CONTINUOUS
10
5.6324
20
-3.63256
11
5.63407
21
-3.63325
0
LINE
8
BLACK
6
CONTINUOUS
10
5.462
20
-3.62924
11
5.4627
21
-3.63091
0
LINE
8
BLACK
6
CONTINUOUS
10
5.4627
20
-3.63091
11
5.462
21
-3.63258
0
LINE
8
BLACK
6
CONTINUOUS
10
5.462
20
-3.63258
11
5.46033
21
-3.63327
0
LINE
8
BLACK
6
CONTINUOUS
10
5.46033
20
-3.63327
11
5.38947
21
-3.63327
0
LINE
8
BLACK
6
CONTINUOUS
10
5.38947
20
-3.63327
11
5.3878
21
-3.63258
0
LINE
8
BLACK
6
CONTINUOUS
10
5.3878
20
-3.63258
11
5.38711
21
-3.63091
0
LINE
8
BLACK
6
CONTINUOUS
10
5.38711
20
-3.63091
11
5.3878
21
-3.62924
0
LINE
8
BLACK
6
CONTINUOUS
10
5.3878
20
-3.62924
11
5.38947
21
-3.62854
0
LINE
8
BLACK
6
CONTINUOUS
10
5.38947
20
-3.62854
11
5.46033
21
-3.62854
0
LINE
8
BLACK
6
CONTINUOUS
10
5.46033
20
-3.62854
11
5.462
21
-3.62924
0
LINE
8
BLACK
6
CONTINUOUS
10
5.86685
20
-3.57731
11
5.86754
21
-3.57898
0
LINE
8
BLACK
6
CONTINUOUS
10
5.86754
20
-3.57898
11
5.86754
21
-3.60122
0
LINE
8
BLACK
6
CONTINUOUS
10
5.86754
20
-3.60122
11
5.88978
21
-3.60122
0
LINE
8
BLACK
6
CONTINUOUS
10
5.88978
20
-3.60122
11
5.89145
21
-3.60191
0
LINE
8
BLACK
6
CONTINUOUS
10
5.89145
20
-3.60191
11
5.89215
21
-3.60358
0
LINE
8
BLACK
6
CONTINUOUS
10
5.89215
20
-3.60358
11
5.89145
21
-3.60525
0
LINE
8
BLACK
6
CONTINUOUS
10
5.89145
20
-3.60525
11
5.88978
21
-3.60594
0
LINE
8
BLACK
6
CONTINUOUS
10
5.88978
20
-3.60594
11
5.86754
21
-3.60594
0
LINE
8
BLACK
6
CONTINUOUS
10
5.86754
20
-3.60594
11
5.86754
21
-3.62819
0
LINE
8
BLACK
6
CONTINUOUS
10
5.86754
20
-3.62819
11
5.86685
21
-3.62986
0
LINE
8
BLACK
6
CONTINUOUS
10
5.86685
20
-3.62986
11
5.86518
21
-3.63055
0
LINE
8
BLACK
6
CONTINUOUS
10
5.86518
20
-3.63055
11
5.86351
21
-3.62986
0
LINE
8
BLACK
6
CONTINUOUS
10
5.86351
20
-3.62986
11
5.86281
21
-3.62819
0
LINE
8
BLACK
6
CONTINUOUS
10
5.86281
20
-3.62819
11
5.86281
21
-3.60594
0
LINE
8
BLACK
6
CONTINUOUS
10
5.86281
20
-3.60594
11
5.84057
21
-3.60594
0
LINE
8
BLACK
6
CONTINUOUS
10
5.84057
20
-3.60594
11
5.8389
21
-3.60525
0
LINE
8
BLACK
6
CONTINUOUS
10
5.8389
20
-3.60525
11
5.83821
21
-3.60358
0
LINE
8
BLACK
6
CONTINUOUS
10
5.83821
20
-3.60358
11
5.8389
21
-3.60191
0
LINE
8
BLACK
6
CONTINUOUS
10
5.8389
20
-3.60191
11
5.84057
21
-3.60122
0
LINE
8
BLACK
6
CONTINUOUS
10
5.84057
20
-3.60122
11
5.86281
21
-3.60122
0
LINE
8
BLACK
6
CONTINUOUS
10
5.86281
20
-3.60122
11
5.86281
21
-3.57898
0
LINE
8
BLACK
6
CONTINUOUS
10
5.86281
20
-3.57898
11
5.86351
21
-3.57731
0
LINE
8
BLACK
6
CONTINUOUS
10
5.86351
20
-3.57731
11
5.86518
21
-3.57661
0
LINE
8
BLACK
6
CONTINUOUS
10
5.86518
20
-3.57661
11
5.86685
21
-3.57731
0
LINE
8
BLACK
6
CONTINUOUS
10
6.47407
20
-3.60325
11
6.47476
21
-3.60492
0
LINE
8
BLACK
6
CONTINUOUS
10
6.47476
20
-3.60492
11
6.47407
21
-3.60659
0
LINE
8
BLACK
6
CONTINUOUS
10
6.47407
20
-3.60659
11
6.4724
21
-3.60728
0
LINE
8
BLACK
6
CONTINUOUS
10
6.4724
20
-3.60728
11
6.4424
21
-3.60728
0
LINE
8
BLACK
6
CONTINUOUS
10
6.4424
20
-3.60728
11
6.44073
21
-3.60659
0
LINE
8
BLACK
6
CONTINUOUS
10
6.44073
20
-3.60659
11
6.44004
21
-3.60492
0
LINE
8
BLACK
6
CONTINUOUS
10
6.44004
20
-3.60492
11
6.44073
21
-3.60325
0
LINE
8
BLACK
6
CONTINUOUS
10
6.44073
20
-3.60325
11
6.4424
21
-3.60256
0
LINE
8
BLACK
6
CONTINUOUS
10
6.4424
20
-3.60256
11
6.4724
21
-3.60256
0
LINE
8
BLACK
6
CONTINUOUS
10
6.4724
20
-3.60256
11
6.47407
21
-3.60325
0
LINE
8
BLACK
6
CONTINUOUS
10
5.72966
20
-3.53802
11
5.73035
21
-3.53992
0
LINE
8
BLACK
6
CONTINUOUS
10
5.73035
20
-3.53992
11
5.73035
21
-3.59992
0
LINE
8
BLACK
6
CONTINUOUS
10
5.73035
20
-3.59992
11
5.73018
21
-3.60093
0
LINE
8
BLACK
6
CONTINUOUS
10
5.73018
20
-3.60093
11
5.72888
21
-3.60248
0
LINE
8
BLACK
6
CONTINUOUS
10
5.72888
20
-3.60248
11
5.72689
21
-3.60283
0
LINE
8
BLACK
6
CONTINUOUS
10
5.72689
20
-3.60283
11
5.72514
21
-3.60182
0
LINE
8
BLACK
6
CONTINUOUS
10
5.72514
20
-3.60182
11
5.72445
21
-3.59992
0
LINE
8
BLACK
6
CONTINUOUS
10
5.72445
20
-3.59992
11
5.72445
21
-3.53992
0
LINE
8
BLACK
6
CONTINUOUS
10
5.72445
20
-3.53992
11
5.72463
21
-3.53891
0
LINE
8
BLACK
6
CONTINUOUS
10
5.72463
20
-3.53891
11
5.72593
21
-3.53736
0
LINE
8
BLACK
6
CONTINUOUS
10
5.72593
20
-3.53736
11
5.72791
21
-3.53701
0
LINE
8
BLACK
6
CONTINUOUS
10
5.72791
20
-3.53701
11
5.72966
21
-3.53802
0
LINE
8
BLACK
6
CONTINUOUS
10
5.60966
20
-3.53802
11
5.61035
21
-3.53992
0
LINE
8
BLACK
6
CONTINUOUS
10
5.61035
20
-3.53992
11
5.61035
21
-3.59992
0
LINE
8
BLACK
6
CONTINUOUS
10
5.61035
20
-3.59992
11
5.61018
21
-3.60093
0
LINE
8
BLACK
6
CONTINUOUS
10
5.61018
20
-3.60093
11
5.60888
21
-3.60248
0
LINE
8
BLACK
6
CONTINUOUS
10
5.60888
20
-3.60248
11
5.60689
21
-3.60283
0
LINE
8
BLACK
6
CONTINUOUS
10
5.60689
20
-3.60283
11
5.60514
21
-3.60182
0
LINE
8
BLACK
6
CONTINUOUS
10
5.60514
20
-3.60182
11
5.60445
21
-3.59992
0
LINE
8
BLACK
6
CONTINUOUS
10
5.60445
20
-3.59992
11
5.60445
21
-3.53992
0
LINE
8
BLACK
6
CONTINUOUS
10
5.60445
20
-3.53992
11
5.60463
21
-3.53891
0
LINE
8
BLACK
6
CONTINUOUS
10
5.60463
20
-3.53891
11
5.60593
21
-3.53736
0
LINE
8
BLACK
6
CONTINUOUS
10
5.60593
20
-3.53736
11
5.60791
21
-3.53701
0
LINE
8
BLACK
6
CONTINUOUS
10
5.60791
20
-3.53701
11
5.60966
21
-3.53802
0
LINE
8
BLACK
6
CONTINUOUS
10
5.68407
20
-3.59825
11
5.68476
21
-3.59992
0
LINE
8
BLACK
6
CONTINUOUS
10
5.68476
20
-3.59992
11
5.68407
21
-3.60159
0
LINE
8
BLACK
6
CONTINUOUS
10
5.68407
20
-3.60159
11
5.6824
21
-3.60228
0
LINE
8
BLACK
6
CONTINUOUS
10
5.6824
20
-3.60228
11
5.6524
21
-3.60228
0
LINE
8
BLACK
6
CONTINUOUS
10
5.6524
20
-3.60228
11
5.65073
21
-3.60159
0
LINE
8
BLACK
6
CONTINUOUS
10
5.65073
20
-3.60159
11
5.65004
21
-3.59992
0
LINE
8
BLACK
6
CONTINUOUS
10
5.65004
20
-3.59992
11
5.65073
21
-3.59825
0
LINE
8
BLACK
6
CONTINUOUS
10
5.65073
20
-3.59825
11
5.6524
21
-3.59756
0
LINE
8
BLACK
6
CONTINUOUS
10
5.6524
20
-3.59756
11
5.6824
21
-3.59756
0
LINE
8
BLACK
6
CONTINUOUS
10
5.6824
20
-3.59756
11
5.68407
21
-3.59825
0
LINE
8
BLACK
6
CONTINUOUS
10
6.70779
20
-3.54838
11
6.70793
21
-3.54839
0
LINE
8
BLACK
6
CONTINUOUS
10
6.70793
20
-3.54839
11
6.70834
21
-3.54886
0
LINE
8
BLACK
6
CONTINUOUS
10
6.70834
20
-3.54886
11
6.70881
21
-3.54926
0
LINE
8
BLACK
6
CONTINUOUS
10
6.70881
20
-3.54926
11
6.70882
21
-3.54941
0
LINE
8
BLACK
6
CONTINUOUS
10
6.70882
20
-3.54941
11
6.70891
21
-3.54952
0
LINE
8
BLACK
6
CONTINUOUS
10
6.70891
20
-3.54952
11
6.71548
21
-3.56922
0
LINE
8
BLACK
6
CONTINUOUS
10
6.71548
20
-3.56922
11
6.71537
21
-3.57071
0
LINE
8
BLACK
6
CONTINUOUS
10
6.71537
20
-3.57071
11
6.71424
21
-3.57168
0
LINE
8
BLACK
6
CONTINUOUS
10
6.71424
20
-3.57168
11
6.71276
21
-3.57158
0
LINE
8
BLACK
6
CONTINUOUS
10
6.71276
20
-3.57158
11
6.71178
21
-3.57045
0
LINE
8
BLACK
6
CONTINUOUS
10
6.71178
20
-3.57045
11
6.71035
21
-3.56615
0
LINE
8
BLACK
6
CONTINUOUS
10
6.71035
20
-3.56615
11
6.70378
21
-3.56615
0
LINE
8
BLACK
6
CONTINUOUS
10
6.70378
20
-3.56615
11
6.70234
21
-3.57045
0
LINE
8
BLACK
6
CONTINUOUS
10
6.70234
20
-3.57045
11
6.70137
21
-3.57158
0
LINE
8
BLACK
6
CONTINUOUS
10
6.70137
20
-3.57158
11
6.69988
21
-3.57168
0
LINE
8
BLACK
6
CONTINUOUS
10
6.69988
20
-3.57168
11
6.69875
21
-3.57071
0
LINE
8
BLACK
6
CONTINUOUS
10
6.69875
20
-3.57071
11
6.69864
21
-3.56922
0
LINE
8
BLACK
6
CONTINUOUS
10
6.69864
20
-3.56922
11
6.70521
21
-3.54952
0
LINE
8
BLACK
6
CONTINUOUS
10
6.70521
20
-3.54952
11
6.70531
21
-3.54941
0
LINE
8
BLACK
6
CONTINUOUS
10
6.70531
20
-3.54941
11
6.70532
21
-3.54926
0
LINE
8
BLACK
6
CONTINUOUS
10
6.70532
20
-3.54926
11
6.70578
21
-3.54886
0
LINE
8
BLACK
6
CONTINUOUS
10
6.70578
20
-3.54886
11
6.70619
21
-3.54839
0
LINE
8
BLACK
6
CONTINUOUS
10
6.70619
20
-3.54839
11
6.70633
21
-3.54838
0
LINE
8
BLACK
6
CONTINUOUS
10
6.70633
20
-3.54838
11
6.70644
21
-3.54828
0
LINE
8
BLACK
6
CONTINUOUS
10
6.70644
20
-3.54828
11
6.70706
21
-3.54833
0
LINE
8
BLACK
6
CONTINUOUS
10
6.70706
20
-3.54833
11
6.70768
21
-3.54828
0
LINE
8
BLACK
6
CONTINUOUS
10
6.70768
20
-3.54828
11
6.70779
21
-3.54838
0
LINE
8
BLACK
6
CONTINUOUS
10
6.70508
20
-3.56225
11
6.70905
21
-3.56225
0
LINE
8
BLACK
6
CONTINUOUS
10
6.70905
20
-3.56225
11
6.70706
21
-3.5563
0
LINE
8
BLACK
6
CONTINUOUS
10
6.70706
20
-3.5563
11
6.70508
21
-3.56225
0
LINE
8
BLACK
6
CONTINUOUS
10
5.26841
20
-3.55965
11
5.26996
21
-3.56094
0
LINE
8
BLACK
6
CONTINUOUS
10
5.26996
20
-3.56094
11
5.27031
21
-3.56293
0
LINE
8
BLACK
6
CONTINUOUS
10
5.27031
20
-3.56293
11
5.2693
21
-3.56468
0
LINE
8
BLACK
6
CONTINUOUS
10
5.2693
20
-3.56468
11
5.2674
21
-3.56537
0
LINE
8
BLACK
6
CONTINUOUS
10
5.2674
20
-3.56537
11
5.2074
21
-3.56537
0
LINE
8
BLACK
6
CONTINUOUS
10
5.2074
20
-3.56537
11
5.20639
21
-3.5652
0
LINE
8
BLACK
6
CONTINUOUS
10
5.20639
20
-3.5652
11
5.20484
21
-3.5639
0
LINE
8
BLACK
6
CONTINUOUS
10
5.20484
20
-3.5639
11
5.20449
21
-3.56191
0
LINE
8
BLACK
6
CONTINUOUS
10
5.20449
20
-3.56191
11
5.2055
21
-3.56016
0
LINE
8
BLACK
6
CONTINUOUS
10
5.2055
20
-3.56016
11
5.2074
21
-3.55947
0
LINE
8
BLACK
6
CONTINUOUS
10
5.2074
20
-3.55947
11
5.2674
21
-3.55947
0
LINE
8
BLACK
6
CONTINUOUS
10
5.2674
20
-3.55947
11
5.26841
21
-3.55965
0
LINE
8
BLACK
6
CONTINUOUS
10
5.68407
20
-3.53825
11
5.68476
21
-3.53992
0
LINE
8
BLACK
6
CONTINUOUS
10
5.68476
20
-3.53992
11
5.68407
21
-3.54159
0
LINE
8
BLACK
6
CONTINUOUS
10
5.68407
20
-3.54159
11
5.6824
21
-3.54228
0
LINE
8
BLACK
6
CONTINUOUS
10
5.6824
20
-3.54228
11
5.6524
21
-3.54228
0
LINE
8
BLACK
6
CONTINUOUS
10
5.6524
20
-3.54228
11
5.65073
21
-3.54159
0
LINE
8
BLACK
6
CONTINUOUS
10
5.65073
20
-3.54159
11
5.65004
21
-3.53992
0
LINE
8
BLACK
6
CONTINUOUS
10
5.65004
20
-3.53992
11
5.65073
21
-3.53825
0
LINE
8
BLACK
6
CONTINUOUS
10
5.65073
20
-3.53825
11
5.6524
21
-3.53756
0
LINE
8
BLACK
6
CONTINUOUS
10
5.6524
20
-3.53756
11
5.6824
21
-3.53756
0
LINE
8
BLACK
6
CONTINUOUS
10
5.6824
20
-3.53756
11
5.68407
21
-3.53825
0
LINE
8
BLACK
6
CONTINUOUS
10
6.51466
20
-3.46802
11
6.51535
21
-3.46992
0
LINE
8
BLACK
6
CONTINUOUS
10
6.51535
20
-3.46992
11
6.51535
21
-3.52992
0
LINE
8
BLACK
6
CONTINUOUS
10
6.51535
20
-3.52992
11
6.51518
21
-3.53093
0
LINE
8
BLACK
6
CONTINUOUS
10
6.51518
20
-3.53093
11
6.51388
21
-3.53248
0
LINE
8
BLACK
6
CONTINUOUS
10
6.51388
20
-3.53248
11
6.51189
21
-3.53283
0
LINE
8
BLACK
6
CONTINUOUS
10
6.51189
20
-3.53283
11
6.51014
21
-3.53182
0
LINE
8
BLACK
6
CONTINUOUS
10
6.51014
20
-3.53182
11
6.50945
21
-3.52992
0
LINE
8
BLACK
6
CONTINUOUS
10
6.50945
20
-3.52992
11
6.50945
21
-3.46992
0
LINE
8
BLACK
6
CONTINUOUS
10
6.50945
20
-3.46992
11
6.50963
21
-3.46891
0
LINE
8
BLACK
6
CONTINUOUS
10
6.50963
20
-3.46891
11
6.51093
21
-3.46736
0
LINE
8
BLACK
6
CONTINUOUS
10
6.51093
20
-3.46736
11
6.51291
21
-3.46701
0
LINE
8
BLACK
6
CONTINUOUS
10
6.51291
20
-3.46701
11
6.51466
21
-3.46802
0
LINE
8
BLACK
6
CONTINUOUS
10
6.39466
20
-3.46802
11
6.39535
21
-3.46992
0
LINE
8
BLACK
6
CONTINUOUS
10
6.39535
20
-3.46992
11
6.39535
21
-3.52992
0
LINE
8
BLACK
6
CONTINUOUS
10
6.39535
20
-3.52992
11
6.39518
21
-3.53093
0
LINE
8
BLACK
6
CONTINUOUS
10
6.39518
20
-3.53093
11
6.39388
21
-3.53248
0
LINE
8
BLACK
6
CONTINUOUS
10
6.39388
20
-3.53248
11
6.39189
21
-3.53283
0
LINE
8
BLACK
6
CONTINUOUS
10
6.39189
20
-3.53283
11
6.39014
21
-3.53182
0
LINE
8
BLACK
6
CONTINUOUS
10
6.39014
20
-3.53182
11
6.38945
21
-3.52992
0
LINE
8
BLACK
6
CONTINUOUS
10
6.38945
20
-3.52992
11
6.38945
21
-3.46992
0
LINE
8
BLACK
6
CONTINUOUS
10
6.38945
20
-3.46992
11
6.38963
21
-3.46891
0
LINE
8
BLACK
6
CONTINUOUS
10
6.38963
20
-3.46891
11
6.39093
21
-3.46736
0
LINE
8
BLACK
6
CONTINUOUS
10
6.39093
20
-3.46736
11
6.39291
21
-3.46701
0
LINE
8
BLACK
6
CONTINUOUS
10
6.39291
20
-3.46701
11
6.39466
21
-3.46802
0
LINE
8
BLACK
6
CONTINUOUS
10
6.46907
20
-3.52825
11
6.46976
21
-3.52992
0
LINE
8
BLACK
6
CONTINUOUS
10
6.46976
20
-3.52992
11
6.46907
21
-3.53159
0
LINE
8
BLACK
6
CONTINUOUS
10
6.46907
20
-3.53159
11
6.4674
21
-3.53228
0
LINE
8
BLACK
6
CONTINUOUS
10
6.4674
20
-3.53228
11
6.4374
21
-3.53228
0
LINE
8
BLACK
6
CONTINUOUS
10
6.4374
20
-3.53228
11
6.43573
21
-3.53159
0
LINE
8
BLACK
6
CONTINUOUS
10
6.43573
20
-3.53159
11
6.43504
21
-3.52992
0
LINE
8
BLACK
6
CONTINUOUS
10
6.43504
20
-3.52992
11
6.43573
21
-3.52825
0
LINE
8
BLACK
6
CONTINUOUS
10
6.43573
20
-3.52825
11
6.4374
21
-3.52756
0
LINE
8
BLACK
6
CONTINUOUS
10
6.4374
20
-3.52756
11
6.4674
21
-3.52756
0
LINE
8
BLACK
6
CONTINUOUS
10
6.4674
20
-3.52756
11
6.46907
21
-3.52825
0
LINE
8
BLACK
6
CONTINUOUS
10
5.72031
20
-3.50404
11
5.721
21
-3.50571
0
LINE
8
BLACK
6
CONTINUOUS
10
5.721
20
-3.50571
11
5.72031
21
-3.50738
0
LINE
8
BLACK
6
CONTINUOUS
10
5.72031
20
-3.50738
11
5.71864
21
-3.50807
0
LINE
8
BLACK
6
CONTINUOUS
10
5.71864
20
-3.50807
11
5.62219
21
-3.50807
0
LINE
8
BLACK
6
CONTINUOUS
10
5.62219
20
-3.50807
11
5.62051
21
-3.50738
0
LINE
8
BLACK
6
CONTINUOUS
10
5.62051
20
-3.50738
11
5.61982
21
-3.50571
0
LINE
8
BLACK
6
CONTINUOUS
10
5.61982
20
-3.50571
11
5.62051
21
-3.50404
0
LINE
8
BLACK
6
CONTINUOUS
10
5.62051
20
-3.50404
11
5.62219
21
-3.50335
0
LINE
8
BLACK
6
CONTINUOUS
10
5.62219
20
-3.50335
11
5.71864
21
-3.50335
0
LINE
8
BLACK
6
CONTINUOUS
10
5.71864
20
-3.50335
11
5.72031
21
-3.50404
0
LINE
8
BLACK
6
CONTINUOUS
10
5.4876
20
-3.50246
11
5.48829
21
-3.50413
0
LINE
8
BLACK
6
CONTINUOUS
10
5.48829
20
-3.50413
11
5.4876
21
-3.5058
0
LINE
8
BLACK
6
CONTINUOUS
10
5.4876
20
-3.5058
11
5.48593
21
-3.5065
0
LINE
8
BLACK
6
CONTINUOUS
10
5.48593
20
-3.5065
11
5.38947
21
-3.5065
0
LINE
8
BLACK
6
CONTINUOUS
10
5.38947
20
-3.5065
11
5.3878
21
-3.5058
0
LINE
8
BLACK
6
CONTINUOUS
10
5.3878
20
-3.5058
11
5.38711
21
-3.50413
0
LINE
8
BLACK
6
CONTINUOUS
10
5.38711
20
-3.50413
11
5.3878
21
-3.50246
0
LINE
8
BLACK
6
CONTINUOUS
10
5.3878
20
-3.50246
11
5.38947
21
-3.50177
0
LINE
8
BLACK
6
CONTINUOUS
10
5.38947
20
-3.50177
11
5.48593
21
-3.50177
0
LINE
8
BLACK
6
CONTINUOUS
10
5.48593
20
-3.50177
11
5.4876
21
-3.50246
0
LINE
8
BLACK
6
CONTINUOUS
10
5.58591
20
-3.49465
11
5.58746
21
-3.49594
0
LINE
8
BLACK
6
CONTINUOUS
10
5.58746
20
-3.49594
11
5.58781
21
-3.49793
0
LINE
8
BLACK
6
CONTINUOUS
10
5.58781
20
-3.49793
11
5.5868
21
-3.49968
0
LINE
8
BLACK
6
CONTINUOUS
10
5.5868
20
-3.49968
11
5.5849
21
-3.50037
0
LINE
8
BLACK
6
CONTINUOUS
10
5.5849
20
-3.50037
11
5.5249
21
-3.50037
0
LINE
8
BLACK
6
CONTINUOUS
10
5.5249
20
-3.50037
11
5.52389
21
-3.5002
0
LINE
8
BLACK
6
CONTINUOUS
10
5.52389
20
-3.5002
11
5.52234
21
-3.4989
0
LINE
8
BLACK
6
CONTINUOUS
10
5.52234
20
-3.4989
11
5.52199
21
-3.49691
0
LINE
8
BLACK
6
CONTINUOUS
10
5.52199
20
-3.49691
11
5.523
21
-3.49516
0
LINE
8
BLACK
6
CONTINUOUS
10
5.523
20
-3.49516
11
5.5249
21
-3.49447
0
LINE
8
BLACK
6
CONTINUOUS
10
5.5249
20
-3.49447
11
5.5849
21
-3.49447
0
LINE
8
BLACK
6
CONTINUOUS
10
5.5849
20
-3.49447
11
5.58591
21
-3.49465
0
LINE
8
BLACK
6
CONTINUOUS
10
5.19292
20
-3.46659
11
5.19301
21
-3.4668
0
LINE
8
BLACK
6
CONTINUOUS
10
5.19301
20
-3.4668
11
5.19301
21
-3.49117
0
LINE
8
BLACK
6
CONTINUOUS
10
5.19301
20
-3.49117
11
5.19292
21
-3.49138
0
LINE
8
BLACK
6
CONTINUOUS
10
5.19292
20
-3.49138
11
5.19271
21
-3.49146
0
LINE
8
BLACK
6
CONTINUOUS
10
5.19271
20
-3.49146
11
5.1925
21
-3.49138
0
LINE
8
BLACK
6
CONTINUOUS
10
5.1925
20
-3.49138
11
5.19242
21
-3.49117
0
LINE
8
BLACK
6
CONTINUOUS
10
5.19242
20
-3.49117
11
5.19242
21
-3.46751
0
LINE
8
BLACK
6
CONTINUOUS
10
5.19242
20
-3.46751
11
5.17042
21
-3.4895
0
LINE
8
BLACK
6
CONTINUOUS
10
5.17042
20
-3.4895
11
5.17036
21
-3.48953
0
LINE
8
BLACK
6
CONTINUOUS
10
5.17036
20
-3.48953
11
5.17031
21
-3.48957
0
LINE
8
BLACK
6
CONTINUOUS
10
5.17031
20
-3.48957
11
5.16468
21
-3.49145
0
LINE
8
BLACK
6
CONTINUOUS
10
5.16468
20
-3.49145
11
5.16464
21
-3.49144
0
LINE
8
BLACK
6
CONTINUOUS
10
5.16464
20
-3.49144
11
5.16459
21
-3.49146
0
LINE
8
BLACK
6
CONTINUOUS
10
5.16459
20
-3.49146
11
5.16084
21
-3.49146
0
LINE
8
BLACK
6
CONTINUOUS
10
5.16084
20
-3.49146
11
5.16078
21
-3.49144
0
LINE
8
BLACK
6
CONTINUOUS
10
5.16078
20
-3.49144
11
5.16071
21
-3.49143
0
LINE
8
BLACK
6
CONTINUOUS
10
5.16071
20
-3.49143
11
5.15696
21
-3.48956
0
LINE
8
BLACK
6
CONTINUOUS
10
5.15696
20
-3.48956
11
5.15693
21
-3.48952
0
LINE
8
BLACK
6
CONTINUOUS
10
5.15693
20
-3.48952
11
5.15688
21
-3.4895
0
LINE
8
BLACK
6
CONTINUOUS
10
5.15688
20
-3.4895
11
5.15501
21
-3.48763
0
LINE
8
BLACK
6
CONTINUOUS
10
5.15501
20
-3.48763
11
5.15499
21
-3.48758
0
LINE
8
BLACK
6
CONTINUOUS
10
5.15499
20
-3.48758
11
5.15495
21
-3.48755
0
LINE
8
BLACK
6
CONTINUOUS
10
5.15495
20
-3.48755
11
5.15308
21
-3.4838
0
LINE
8
BLACK
6
CONTINUOUS
10
5.15308
20
-3.4838
11
5.15307
21
-3.48373
0
LINE
8
BLACK
6
CONTINUOUS
10
5.15307
20
-3.48373
11
5.15305
21
-3.48367
0
LINE
8
BLACK
6
CONTINUOUS
10
5.15305
20
-3.48367
11
5.15305
21
-3.4743
0
LINE
8
BLACK
6
CONTINUOUS
10
5.15305
20
-3.4743
11
5.15307
21
-3.47423
0
LINE
8
BLACK
6
CONTINUOUS
10
5.15307
20
-3.47423
11
5.15308
21
-3.47416
0
LINE
8
BLACK
6
CONTINUOUS
10
5.15308
20
-3.47416
11
5.15495
21
-3.47041
0
LINE
8
BLACK
6
CONTINUOUS
10
5.15495
20
-3.47041
11
5.15499
21
-3.47038
0
LINE
8
BLACK
6
CONTINUOUS
10
5.15499
20
-3.47038
11
5.15501
21
-3.47034
0
LINE
8
BLACK
6
CONTINUOUS
10
5.15501
20
-3.47034
11
5.15688
21
-3.46846
0
LINE
8
BLACK
6
CONTINUOUS
10
5.15688
20
-3.46846
11
5.15709
21
-3.46838
0
LINE
8
BLACK
6
CONTINUOUS
10
5.15709
20
-3.46838
11
5.1573
21
-3.46846
0
LINE
8
BLACK
6
CONTINUOUS
10
5.1573
20
-3.46846
11
5.15739
21
-3.46867
0
LINE
8
BLACK
6
CONTINUOUS
10
5.15739
20
-3.46867
11
5.1573
21
-3.46888
0
LINE
8
BLACK
6
CONTINUOUS
10
5.1573
20
-3.46888
11
5.15546
21
-3.47072
0
LINE
8
BLACK
6
CONTINUOUS
10
5.15546
20
-3.47072
11
5.15364
21
-3.47436
0
LINE
8
BLACK
6
CONTINUOUS
10
5.15364
20
-3.47436
11
5.15364
21
-3.4836
0
LINE
8
BLACK
6
CONTINUOUS
10
5.15364
20
-3.4836
11
5.15546
21
-3.48724
0
LINE
8
BLACK
6
CONTINUOUS
10
5.15546
20
-3.48724
11
5.15727
21
-3.48905
0
LINE
8
BLACK
6
CONTINUOUS
10
5.15727
20
-3.48905
11
5.16091
21
-3.49087
0
LINE
8
BLACK
6
CONTINUOUS
10
5.16091
20
-3.49087
11
5.16454
21
-3.49087
0
LINE
8
BLACK
6
CONTINUOUS
10
5.16454
20
-3.49087
11
5.17006
21
-3.48904
0
LINE
8
BLACK
6
CONTINUOUS
10
5.17006
20
-3.48904
11
5.1925
21
-3.46659
0
LINE
8
BLACK
6
CONTINUOUS
10
5.1925
20
-3.46659
11
5.19271
21
-3.4665
0
LINE
8
BLACK
6
CONTINUOUS
10
5.19271
20
-3.4665
11
5.19292
21
-3.46659
0
LINE
8
BLACK
6
CONTINUOUS
10
6.46907
20
-3.46825
11
6.46976
21
-3.46992
0
LINE
8
BLACK
6
CONTINUOUS
10
6.46976
20
-3.46992
11
6.46907
21
-3.47159
0
LINE
8
BLACK
6
CONTINUOUS
10
6.46907
20
-3.47159
11
6.4674
21
-3.47228
0
LINE
8
BLACK
6
CONTINUOUS
10
6.4674
20
-3.47228
11
6.4374
21
-3.47228
0
LINE
8
BLACK
6
CONTINUOUS
10
6.4374
20
-3.47228
11
6.43573
21
-3.47159
0
LINE
8
BLACK
6
CONTINUOUS
10
6.43573
20
-3.47159
11
6.43504
21
-3.46992
0
LINE
8
BLACK
6
CONTINUOUS
10
6.43504
20
-3.46992
11
6.43573
21
-3.46825
0
LINE
8
BLACK
6
CONTINUOUS
10
6.43573
20
-3.46825
11
6.4374
21
-3.46756
0
LINE
8
BLACK
6
CONTINUOUS
10
6.4374
20
-3.46756
11
6.4674
21
-3.46756
0
LINE
8
BLACK
6
CONTINUOUS
10
6.4674
20
-3.46756
11
6.46907
21
-3.46825
0
LINE
8
BLACK
6
CONTINUOUS
10
5.43516
20
-3.46179
11
5.43585
21
-3.46346
0
LINE
8
BLACK
6
CONTINUOUS
10
5.43585
20
-3.46346
11
5.43516
21
-3.46513
0
LINE
8
BLACK
6
CONTINUOUS
10
5.43516
20
-3.46513
11
5.43349
21
-3.46583
0
LINE
8
BLACK
6
CONTINUOUS
10
5.43349
20
-3.46583
11
5.38608
21
-3.46583
0
LINE
8
BLACK
6
CONTINUOUS
10
5.38608
20
-3.46583
11
5.38441
21
-3.46513
0
LINE
8
BLACK
6
CONTINUOUS
10
5.38441
20
-3.46513
11
5.38372
21
-3.46346
0
LINE
8
BLACK
6
CONTINUOUS
10
5.38372
20
-3.46346
11
5.38441
21
-3.46179
0
LINE
8
BLACK
6
CONTINUOUS
10
5.38441
20
-3.46179
11
5.38608
21
-3.4611
0
LINE
8
BLACK
6
CONTINUOUS
10
5.38608
20
-3.4611
11
5.43349
21
-3.4611
0
LINE
8
BLACK
6
CONTINUOUS
10
5.43349
20
-3.4611
11
5.43516
21
-3.46179
0
LINE
8
BLACK
6
CONTINUOUS
10
5.58657
20
-3.42075
11
5.58726
21
-3.42242
0
LINE
8
BLACK
6
CONTINUOUS
10
5.58726
20
-3.42242
11
5.58726
21
-3.45242
0
LINE
8
BLACK
6
CONTINUOUS
10
5.58726
20
-3.45242
11
5.58657
21
-3.45409
0
LINE
8
BLACK
6
CONTINUOUS
10
5.58657
20
-3.45409
11
5.5849
21
-3.45478
0
LINE
8
BLACK
6
CONTINUOUS
10
5.5849
20
-3.45478
11
5.58323
21
-3.45409
0
LINE
8
BLACK
6
CONTINUOUS
10
5.58323
20
-3.45409
11
5.58254
21
-3.45242
0
LINE
8
BLACK
6
CONTINUOUS
10
5.58254
20
-3.45242
11
5.58254
21
-3.42242
0
LINE
8
BLACK
6
CONTINUOUS
10
5.58254
20
-3.42242
11
5.58323
21
-3.42075
0
LINE
8
BLACK
6
CONTINUOUS
10
5.58323
20
-3.42075
11
5.5849
21
-3.42006
0
LINE
8
BLACK
6
CONTINUOUS
10
5.5849
20
-3.42006
11
5.58657
21
-3.42075
0
LINE
8
BLACK
6
CONTINUOUS
10
5.52657
20
-3.42075
11
5.52726
21
-3.42242
0
LINE
8
BLACK
6
CONTINUOUS
10
5.52726
20
-3.42242
11
5.52726
21
-3.45242
0
LINE
8
BLACK
6
CONTINUOUS
10
5.52726
20
-3.45242
11
5.52657
21
-3.45409
0
LINE
8
BLACK
6
CONTINUOUS
10
5.52657
20
-3.45409
11
5.5249
21
-3.45478
0
LINE
8
BLACK
6
CONTINUOUS
10
5.5249
20
-3.45478
11
5.52323
21
-3.45409
0
LINE
8
BLACK
6
CONTINUOUS
10
5.52323
20
-3.45409
11
5.52254
21
-3.45242
0
LINE
8
BLACK
6
CONTINUOUS
10
5.52254
20
-3.45242
11
5.52254
21
-3.42242
0
LINE
8
BLACK
6
CONTINUOUS
10
5.52254
20
-3.42242
11
5.52323
21
-3.42075
0
LINE
8
BLACK
6
CONTINUOUS
10
5.52323
20
-3.42075
11
5.5249
21
-3.42006
0
LINE
8
BLACK
6
CONTINUOUS
10
5.5249
20
-3.42006
11
5.52657
21
-3.42075
0
LINE
8
BLACK
6
CONTINUOUS
10
5.19292
20
-3.43659
11
5.19301
21
-3.4368
0
LINE
8
BLACK
6
CONTINUOUS
10
5.19301
20
-3.4368
11
5.19301
21
-3.44055
0
LINE
8
BLACK
6
CONTINUOUS
10
5.19301
20
-3.44055
11
5.19299
21
-3.44059
0
LINE
8
BLACK
6
CONTINUOUS
10
5.19299
20
-3.44059
11
5.19299
21
-3.44064
0
LINE
8
BLACK
6
CONTINUOUS
10
5.19299
20
-3.44064
11
5.19112
21
-3.44627
0
LINE
8
BLACK
6
CONTINUOUS
10
5.19112
20
-3.44627
11
5.19107
21
-3.44632
0
LINE
8
BLACK
6
CONTINUOUS
10
5.19107
20
-3.44632
11
5.19105
21
-3.44638
0
LINE
8
BLACK
6
CONTINUOUS
10
5.19105
20
-3.44638
11
5.1873
21
-3.45013
0
LINE
8
BLACK
6
CONTINUOUS
10
5.1873
20
-3.45013
11
5.18723
21
-3.45016
0
LINE
8
BLACK
6
CONTINUOUS
10
5.18723
20
-3.45016
11
5.18718
21
-3.4502
0
LINE
8
BLACK
6
CONTINUOUS
10
5.18718
20
-3.4502
11
5.18156
21
-3.45208
0
LINE
8
BLACK
6
CONTINUOUS
10
5.18156
20
-3.45208
11
5.18151
21
-3.45207
0
LINE
8
BLACK
6
CONTINUOUS
10
5.18151
20
-3.45207
11
5.18146
21
-3.45209
0
LINE
8
BLACK
6
CONTINUOUS
10
5.18146
20
-3.45209
11
5.15334
21
-3.45209
0
LINE
8
BLACK
6
CONTINUOUS
10
5.15334
20
-3.45209
11
5.15313
21
-3.45201
0
LINE
8
BLACK
6
CONTINUOUS
10
5.15313
20
-3.45201
11
5.15305
21
-3.4518
0
LINE
8
BLACK
6
CONTINUOUS
10
5.15305
20
-3.4518
11
5.15313
21
-3.45159
0
LINE
8
BLACK
6
CONTINUOUS
10
5.15313
20
-3.45159
11
5.15334
21
-3.4515
0
LINE
8
BLACK
6
CONTINUOUS
10
5.15334
20
-3.4515
11
5.18142
21
-3.4515
0
LINE
8
BLACK
6
CONTINUOUS
10
5.18142
20
-3.4515
11
5.18693
21
-3.44967
0
LINE
8
BLACK
6
CONTINUOUS
10
5.18693
20
-3.44967
11
5.19058
21
-3.44601
0
LINE
8
BLACK
6
CONTINUOUS
10
5.19058
20
-3.44601
11
5.19242
21
-3.4405
0
LINE
8
BLACK
6
CONTINUOUS
10
5.19242
20
-3.4405
11
5.19242
21
-3.4368
0
LINE
8
BLACK
6
CONTINUOUS
10
5.19242
20
-3.4368
11
5.1925
21
-3.43659
0
LINE
8
BLACK
6
CONTINUOUS
10
5.1925
20
-3.43659
11
5.19271
21
-3.4365
0
LINE
8
BLACK
6
CONTINUOUS
10
5.19271
20
-3.4365
11
5.19292
21
-3.43659
0
LINE
8
BLACK
6
CONTINUOUS
10
6.32295
20
-3.28223
11
6.32364
21
-3.2839
0
LINE
8
BLACK
6
CONTINUOUS
10
6.32364
20
-3.2839
11
6.32364
21
-3.43547
0
LINE
8
BLACK
6
CONTINUOUS
10
6.32364
20
-3.43547
11
6.32295
21
-3.43714
0
LINE
8
BLACK
6
CONTINUOUS
10
6.32295
20
-3.43714
11
6.32128
21
-3.43783
0
LINE
8
BLACK
6
CONTINUOUS
10
6.32128
20
-3.43783
11
6.31961
21
-3.43714
0
LINE
8
BLACK
6
CONTINUOUS
10
6.31961
20
-3.43714
11
6.31892
21
-3.43547
0
LINE
8
BLACK
6
CONTINUOUS
10
6.31892
20
-3.43547
11
6.31892
21
-3.28626
0
LINE
8
BLACK
6
CONTINUOUS
10
6.31892
20
-3.28626
11
5.94212
21
-3.28626
0
LINE
8
BLACK
6
CONTINUOUS
10
5.94212
20
-3.28626
11
5.90159
21
-3.32678
0
LINE
8
BLACK
6
CONTINUOUS
10
5.90159
20
-3.32678
11
5.90159
21
-3.43547
0
LINE
8
BLACK
6
CONTINUOUS
10
5.90159
20
-3.43547
11
5.9009
21
-3.43714
0
LINE
8
BLACK
6
CONTINUOUS
10
5.9009
20
-3.43714
11
5.89923
21
-3.43783
0
LINE
8
BLACK
6
CONTINUOUS
10
5.89923
20
-3.43783
11
5.89756
21
-3.43714
0
LINE
8
BLACK
6
CONTINUOUS
10
5.89756
20
-3.43714
11
5.89687
21
-3.43547
0
LINE
8
BLACK
6
CONTINUOUS
10
5.89687
20
-3.43547
11
5.89687
21
-3.3258
0
LINE
8
BLACK
6
CONTINUOUS
10
5.89687
20
-3.3258
11
5.89756
21
-3.32413
0
LINE
8
BLACK
6
CONTINUOUS
10
5.89756
20
-3.32413
11
5.93947
21
-3.28223
0
LINE
8
BLACK
6
CONTINUOUS
10
5.93947
20
-3.28223
11
5.93996
21
-3.28202
0
LINE
8
BLACK
6
CONTINUOUS
10
5.93996
20
-3.28202
11
5.94114
21
-3.28154
0
LINE
8
BLACK
6
CONTINUOUS
10
5.94114
20
-3.28154
11
6.32128
21
-3.28154
0
LINE
8
BLACK
6
CONTINUOUS
10
6.32128
20
-3.28154
11
6.32295
21
-3.28223
0
LINE
8
BLACK
6
CONTINUOUS
10
6.70779
20
-3.41153
11
6.70793
21
-3.41154
0
LINE
8
BLACK
6
CONTINUOUS
10
6.70793
20
-3.41154
11
6.70834
21
-3.41201
0
LINE
8
BLACK
6
CONTINUOUS
10
6.70834
20
-3.41201
11
6.70881
21
-3.41241
0
LINE
8
BLACK
6
CONTINUOUS
10
6.70881
20
-3.41241
11
6.70882
21
-3.41256
0
LINE
8
BLACK
6
CONTINUOUS
10
6.70882
20
-3.41256
11
6.70891
21
-3.41267
0
LINE
8
BLACK
6
CONTINUOUS
10
6.70891
20
-3.41267
11
6.71548
21
-3.43237
0
LINE
8
BLACK
6
CONTINUOUS
10
6.71548
20
-3.43237
11
6.71537
21
-3.43385
0
LINE
8
BLACK
6
CONTINUOUS
10
6.71537
20
-3.43385
11
6.71424
21
-3.43483
0
LINE
8
BLACK
6
CONTINUOUS
10
6.71424
20
-3.43483
11
6.71276
21
-3.43473
0
LINE
8
BLACK
6
CONTINUOUS
10
6.71276
20
-3.43473
11
6.71178
21
-3.4336
0
LINE
8
BLACK
6
CONTINUOUS
10
6.71178
20
-3.4336
11
6.71035
21
-3.4293
0
LINE
8
BLACK
6
CONTINUOUS
10
6.71035
20
-3.4293
11
6.70378
21
-3.4293
0
LINE
8
BLACK
6
CONTINUOUS
10
6.70378
20
-3.4293
11
6.70234
21
-3.4336
0
LINE
8
BLACK
6
CONTINUOUS
10
6.70234
20
-3.4336
11
6.70137
21
-3.43473
0
LINE
8
BLACK
6
CONTINUOUS
10
6.70137
20
-3.43473
11
6.69988
21
-3.43483
0
LINE
8
BLACK
6
CONTINUOUS
10
6.69988
20
-3.43483
11
6.69875
21
-3.43385
0
LINE
8
BLACK
6
CONTINUOUS
10
6.69875
20
-3.43385
11
6.69864
21
-3.43237
0
LINE
8
BLACK
6
CONTINUOUS
10
6.69864
20
-3.43237
11
6.70521
21
-3.41267
0
LINE
8
BLACK
6
CONTINUOUS
10
6.70521
20
-3.41267
11
6.70531
21
-3.41256
0
LINE
8
BLACK
6
CONTINUOUS
10
6.70531
20
-3.41256
11
6.70532
21
-3.41241
0
LINE
8
BLACK
6
CONTINUOUS
10
6.70532
20
-3.41241
11
6.70578
21
-3.41201
0
LINE
8
BLACK
6
CONTINUOUS
10
6.70578
20
-3.41201
11
6.70619
21
-3.41154
0
LINE
8
BLACK
6
CONTINUOUS
10
6.70619
20
-3.41154
11
6.70633
21
-3.41153
0
LINE
8
BLACK
6
CONTINUOUS
10
6.70633
20
-3.41153
11
6.70644
21
-3.41143
0
LINE
8
BLACK
6
CONTINUOUS
10
6.70644
20
-3.41143
11
6.70706
21
-3.41148
0
LINE
8
BLACK
6
CONTINUOUS
10
6.70706
20
-3.41148
11
6.70768
21
-3.41143
0
LINE
8
BLACK
6
CONTINUOUS
10
6.70768
20
-3.41143
11
6.70779
21
-3.41153
0
LINE
8
BLACK
6
CONTINUOUS
10
6.70508
20
-3.4254
11
6.70905
21
-3.4254
0
LINE
8
BLACK
6
CONTINUOUS
10
6.70905
20
-3.4254
11
6.70706
21
-3.41945
0
LINE
8
BLACK
6
CONTINUOUS
10
6.70706
20
-3.41945
11
6.70508
21
-3.4254
0
LINE
8
BLACK
6
CONTINUOUS
10
5.28591
20
-3.42465
11
5.28746
21
-3.42594
0
LINE
8
BLACK
6
CONTINUOUS
10
5.28746
20
-3.42594
11
5.28781
21
-3.42793
0
LINE
8
BLACK
6
CONTINUOUS
10
5.28781
20
-3.42793
11
5.2868
21
-3.42968
0
LINE
8
BLACK
6
CONTINUOUS
10
5.2868
20
-3.42968
11
5.2849
21
-3.43037
0
LINE
8
BLACK
6
CONTINUOUS
10
5.2849
20
-3.43037
11
5.2249
21
-3.43037
0
LINE
8
BLACK
6
CONTINUOUS
10
5.2249
20
-3.43037
11
5.22389
21
-3.4302
0
LINE
8
BLACK
6
CONTINUOUS
10
5.22389
20
-3.4302
11
5.22234
21
-3.4289
0
LINE
8
BLACK
6
CONTINUOUS
10
5.22234
20
-3.4289
11
5.22199
21
-3.42691
0
LINE
8
BLACK
6
CONTINUOUS
10
5.22199
20
-3.42691
11
5.223
21
-3.42516
0
LINE
8
BLACK
6
CONTINUOUS
10
5.223
20
-3.42516
11
5.2249
21
-3.42447
0
LINE
8
BLACK
6
CONTINUOUS
10
5.2249
20
-3.42447
11
5.2849
21
-3.42447
0
LINE
8
BLACK
6
CONTINUOUS
10
5.2849
20
-3.42447
11
5.28591
21
-3.42465
0
LINE
8
BLACK
6
CONTINUOUS
10
6.39437
20
-3.33313
11
6.39506
21
-3.3348
0
LINE
8
BLACK
6
CONTINUOUS
10
6.39506
20
-3.3348
11
6.39506
21
-3.41748
0
LINE
8
BLACK
6
CONTINUOUS
10
6.39506
20
-3.41748
11
6.42931
21
-3.41748
0
LINE
8
BLACK
6
CONTINUOUS
10
6.42931
20
-3.41748
11
6.43098
21
-3.41817
0
LINE
8
BLACK
6
CONTINUOUS
10
6.43098
20
-3.41817
11
6.43167
21
-3.41984
0
LINE
8
BLACK
6
CONTINUOUS
10
6.43167
20
-3.41984
11
6.43098
21
-3.42151
0
LINE
8
BLACK
6
CONTINUOUS
10
6.43098
20
-3.42151
11
6.42931
21
-3.4222
0
LINE
8
BLACK
6
CONTINUOUS
10
6.42931
20
-3.4222
11
6.3927
21
-3.4222
0
LINE
8
BLACK
6
CONTINUOUS
10
6.3927
20
-3.4222
11
6.39103
21
-3.42151
0
LINE
8
BLACK
6
CONTINUOUS
10
6.39103
20
-3.42151
11
6.39033
21
-3.41984
0
LINE
8
BLACK
6
CONTINUOUS
10
6.39033
20
-3.41984
11
6.39033
21
-3.3348
0
LINE
8
BLACK
6
CONTINUOUS
10
6.39033
20
-3.3348
11
6.39103
21
-3.33313
0
LINE
8
BLACK
6
CONTINUOUS
10
6.39103
20
-3.33313
11
6.3927
21
-3.33244
0
LINE
8
BLACK
6
CONTINUOUS
10
6.3927
20
-3.33244
11
6.39437
21
-3.33313
0
LINE
8
BLACK
6
CONTINUOUS
10
6.47882
20
-3.42151
11
6.47813
21
-3.41984
0
LINE
8
BLACK
6
CONTINUOUS
10
6.47813
20
-3.41984
11
6.47882
21
-3.41817
0
LINE
8
BLACK
6
CONTINUOUS
10
6.47882
20
-3.41817
11
6.48049
21
-3.41748
0
LINE
8
BLACK
6
CONTINUOUS
10
6.48049
20
-3.41748
11
6.51474
21
-3.41748
0
LINE
8
BLACK
6
CONTINUOUS
10
6.51474
20
-3.41748
11
6.51474
21
-3.36236
0
LINE
8
BLACK
6
CONTINUOUS
10
6.51474
20
-3.36236
11
6.51544
21
-3.36069
0
LINE
8
BLACK
6
CONTINUOUS
10
6.51544
20
-3.36069
11
6.51711
21
-3.36
0
LINE
8
BLACK
6
CONTINUOUS
10
6.51711
20
-3.36
11
6.51878
21
-3.36069
0
LINE
8
BLACK
6
CONTINUOUS
10
6.51878
20
-3.36069
11
6.51947
21
-3.36236
0
LINE
8
BLACK
6
CONTINUOUS
10
6.51947
20
-3.36236
11
6.51947
21
-3.41984
0
LINE
8
BLACK
6
CONTINUOUS
10
6.51947
20
-3.41984
11
6.51878
21
-3.42151
0
LINE
8
BLACK
6
CONTINUOUS
10
6.51878
20
-3.42151
11
6.51711
21
-3.4222
0
LINE
8
BLACK
6
CONTINUOUS
10
6.51711
20
-3.4222
11
6.48049
21
-3.4222
0
LINE
8
BLACK
6
CONTINUOUS
10
6.48049
20
-3.4222
11
6.47882
21
-3.42151
0
LINE
8
BLACK
6
CONTINUOUS
10
5.78886
20
-3.41809
11
5.78817
21
-3.41642
0
LINE
8
BLACK
6
CONTINUOUS
10
5.78817
20
-3.41642
11
5.78817
21
-3.24713
0
LINE
8
BLACK
6
CONTINUOUS
10
5.78817
20
-3.24713
11
5.78886
21
-3.24546
0
LINE
8
BLACK
6
CONTINUOUS
10
5.78886
20
-3.24546
11
5.79053
21
-3.24476
0
LINE
8
BLACK
6
CONTINUOUS
10
5.79053
20
-3.24476
11
5.7922
21
-3.24546
0
LINE
8
BLACK
6
CONTINUOUS
10
5.7922
20
-3.24546
11
5.79289
21
-3.24713
0
LINE
8
BLACK
6
CONTINUOUS
10
5.79289
20
-3.24713
11
5.79289
21
-3.41406
0
LINE
8
BLACK
6
CONTINUOUS
10
5.79289
20
-3.41406
11
5.86691
21
-3.41406
0
LINE
8
BLACK
6
CONTINUOUS
10
5.86691
20
-3.41406
11
5.86691
21
-3.24713
0
LINE
8
BLACK
6
CONTINUOUS
10
5.86691
20
-3.24713
11
5.8676
21
-3.24546
0
LINE
8
BLACK
6
CONTINUOUS
10
5.8676
20
-3.24546
11
5.86927
21
-3.24476
0
LINE
8
BLACK
6
CONTINUOUS
10
5.86927
20
-3.24476
11
5.87094
21
-3.24546
0
LINE
8
BLACK
6
CONTINUOUS
10
5.87094
20
-3.24546
11
5.87163
21
-3.24713
0
LINE
8
BLACK
6
CONTINUOUS
10
5.87163
20
-3.24713
11
5.87163
21
-3.41642
0
LINE
8
BLACK
6
CONTINUOUS
10
5.87163
20
-3.41642
11
5.87094
21
-3.41809
0
LINE
8
BLACK
6
CONTINUOUS
10
5.87094
20
-3.41809
11
5.86927
21
-3.41878
0
LINE
8
BLACK
6
CONTINUOUS
10
5.86927
20
-3.41878
11
5.79053
21
-3.41878
0
LINE
8
BLACK
6
CONTINUOUS
10
5.79053
20
-3.41878
11
5.78886
21
-3.41809
0
LINE
8
BLACK
6
CONTINUOUS
10
5.22657
20
-3.35075
11
5.22726
21
-3.35242
0
LINE
8
BLACK
6
CONTINUOUS
10
5.22726
20
-3.35242
11
5.22726
21
-3.38242
0
LINE
8
BLACK
6
CONTINUOUS
10
5.22726
20
-3.38242
11
5.22657
21
-3.38409
0
LINE
8
BLACK
6
CONTINUOUS
10
5.22657
20
-3.38409
11
5.2249
21
-3.38478
0
LINE
8
BLACK
6
CONTINUOUS
10
5.2249
20
-3.38478
11
5.22323
21
-3.38409
0
LINE
8
BLACK
6
CONTINUOUS
10
5.22323
20
-3.38409
11
5.22254
21
-3.38242
0
LINE
8
BLACK
6
CONTINUOUS
10
5.22254
20
-3.38242
11
5.22254
21
-3.35242
0
LINE
8
BLACK
6
CONTINUOUS
10
5.22254
20
-3.35242
11
5.22323
21
-3.35075
0
LINE
8
BLACK
6
CONTINUOUS
10
5.22323
20
-3.35075
11
5.2249
21
-3.35006
0
LINE
8
BLACK
6
CONTINUOUS
10
5.2249
20
-3.35006
11
5.22657
21
-3.35075
0
LINE
8
BLACK
6
CONTINUOUS
10
5.28657
20
-3.35075
11
5.28726
21
-3.35242
0
LINE
8
BLACK
6
CONTINUOUS
10
5.28726
20
-3.35242
11
5.28726
21
-3.38242
0
LINE
8
BLACK
6
CONTINUOUS
10
5.28726
20
-3.38242
11
5.28657
21
-3.38409
0
LINE
8
BLACK
6
CONTINUOUS
10
5.28657
20
-3.38409
11
5.2849
21
-3.38478
0
LINE
8
BLACK
6
CONTINUOUS
10
5.2849
20
-3.38478
11
5.28323
21
-3.38409
0
LINE
8
BLACK
6
CONTINUOUS
10
5.28323
20
-3.38409
11
5.28254
21
-3.38242
0
LINE
8
BLACK
6
CONTINUOUS
10
5.28254
20
-3.38242
11
5.28254
21
-3.35242
0
LINE
8
BLACK
6
CONTINUOUS
10
5.28254
20
-3.35242
11
5.28323
21
-3.35075
0
LINE
8
BLACK
6
CONTINUOUS
10
5.28323
20
-3.35075
11
5.2849
21
-3.35006
0
LINE
8
BLACK
6
CONTINUOUS
10
5.2849
20
-3.35006
11
5.28657
21
-3.35075
0
LINE
8
BLACK
6
CONTINUOUS
10
5.72031
20
-3.37727
11
5.721
21
-3.37894
0
LINE
8
BLACK
6
CONTINUOUS
10
5.721
20
-3.37894
11
5.72031
21
-3.38061
0
LINE
8
BLACK
6
CONTINUOUS
10
5.72031
20
-3.38061
11
5.71864
21
-3.3813
0
LINE
8
BLACK
6
CONTINUOUS
10
5.71864
20
-3.3813
11
5.64778
21
-3.3813
0
LINE
8
BLACK
6
CONTINUOUS
10
5.64778
20
-3.3813
11
5.64611
21
-3.38061
0
LINE
8
BLACK
6
CONTINUOUS
10
5.64611
20
-3.38061
11
5.64541
21
-3.37894
0
LINE
8
BLACK
6
CONTINUOUS
10
5.64541
20
-3.37894
11
5.64611
21
-3.37727
0
LINE
8
BLACK
6
CONTINUOUS
10
5.64611
20
-3.37727
11
5.64778
21
-3.37657
0
LINE
8
BLACK
6
CONTINUOUS
10
5.64778
20
-3.37657
11
5.71864
21
-3.37657
0
LINE
8
BLACK
6
CONTINUOUS
10
5.71864
20
-3.37657
11
5.72031
21
-3.37727
0
LINE
8
BLACK
6
CONTINUOUS
10
5.58591
20
-3.37465
11
5.58746
21
-3.37594
0
LINE
8
BLACK
6
CONTINUOUS
10
5.58746
20
-3.37594
11
5.58781
21
-3.37793
0
LINE
8
BLACK
6
CONTINUOUS
10
5.58781
20
-3.37793
11
5.5868
21
-3.37968
0
LINE
8
BLACK
6
CONTINUOUS
10
5.5868
20
-3.37968
11
5.5849
21
-3.38037
0
LINE
8
BLACK
6
CONTINUOUS
10
5.5849
20
-3.38037
11
5.5249
21
-3.38037
0
LINE
8
BLACK
6
CONTINUOUS
10
5.5249
20
-3.38037
11
5.52389
21
-3.3802
0
LINE
8
BLACK
6
CONTINUOUS
10
5.52389
20
-3.3802
11
5.52234
21
-3.3789
0
LINE
8
BLACK
6
CONTINUOUS
10
5.52234
20
-3.3789
11
5.52199
21
-3.37691
0
LINE
8
BLACK
6
CONTINUOUS
10
5.52199
20
-3.37691
11
5.523
21
-3.37516
0
LINE
8
BLACK
6
CONTINUOUS
10
5.523
20
-3.37516
11
5.5249
21
-3.37447
0
LINE
8
BLACK
6
CONTINUOUS
10
5.5249
20
-3.37447
11
5.5849
21
-3.37447
0
LINE
8
BLACK
6
CONTINUOUS
10
5.5849
20
-3.37447
11
5.58591
21
-3.37465
0
LINE
8
BLACK
6
CONTINUOUS
10
5.67716
20
-3.32146
11
5.67785
21
-3.32336
0
LINE
8
BLACK
6
CONTINUOUS
10
5.67785
20
-3.32336
11
5.67785
21
-3.35523
0
LINE
8
BLACK
6
CONTINUOUS
10
5.67785
20
-3.35523
11
5.67767
21
-3.35624
0
LINE
8
BLACK
6
CONTINUOUS
10
5.67767
20
-3.35624
11
5.67756
21
-3.35638
0
LINE
8
BLACK
6
CONTINUOUS
10
5.67756
20
-3.35638
11
5.67754
21
-3.35655
0
LINE
8
BLACK
6
CONTINUOUS
10
5.67754
20
-3.35655
11
5.67566
21
-3.3603
0
LINE
8
BLACK
6
CONTINUOUS
10
5.67566
20
-3.3603
11
5.67514
21
-3.36101
0
LINE
8
BLACK
6
CONTINUOUS
10
5.67514
20
-3.36101
11
5.67511
21
-3.36107
0
LINE
8
BLACK
6
CONTINUOUS
10
5.67511
20
-3.36107
11
5.67324
21
-3.36294
0
LINE
8
BLACK
6
CONTINUOUS
10
5.67324
20
-3.36294
11
5.67251
21
-3.36345
0
LINE
8
BLACK
6
CONTINUOUS
10
5.67251
20
-3.36345
11
5.67247
21
-3.3635
0
LINE
8
BLACK
6
CONTINUOUS
10
5.67247
20
-3.3635
11
5.66872
21
-3.36537
0
LINE
8
BLACK
6
CONTINUOUS
10
5.66872
20
-3.36537
11
5.66774
21
-3.36566
0
LINE
8
BLACK
6
CONTINUOUS
10
5.66774
20
-3.36566
11
5.66756
21
-3.36562
0
LINE
8
BLACK
6
CONTINUOUS
10
5.66756
20
-3.36562
11
5.6674
21
-3.36568
0
LINE
8
BLACK
6
CONTINUOUS
10
5.6674
20
-3.36568
11
5.6599
21
-3.36568
0
LINE
8
BLACK
6
CONTINUOUS
10
5.6599
20
-3.36568
11
5.65889
21
-3.36551
0
LINE
8
BLACK
6
CONTINUOUS
10
5.65889
20
-3.36551
11
5.65875
21
-3.36539
0
LINE
8
BLACK
6
CONTINUOUS
10
5.65875
20
-3.36539
11
5.65858
21
-3.36537
0
LINE
8
BLACK
6
CONTINUOUS
10
5.65858
20
-3.36537
11
5.65483
21
-3.3635
0
LINE
8
BLACK
6
CONTINUOUS
10
5.65483
20
-3.3635
11
5.65412
21
-3.36297
0
LINE
8
BLACK
6
CONTINUOUS
10
5.65412
20
-3.36297
11
5.65406
21
-3.36294
0
LINE
8
BLACK
6
CONTINUOUS
10
5.65406
20
-3.36294
11
5.65219
21
-3.36107
0
LINE
8
BLACK
6
CONTINUOUS
10
5.65219
20
-3.36107
11
5.65168
21
-3.36035
0
LINE
8
BLACK
6
CONTINUOUS
10
5.65168
20
-3.36035
11
5.65163
21
-3.3603
0
LINE
8
BLACK
6
CONTINUOUS
10
5.65163
20
-3.3603
11
5.64976
21
-3.35655
0
LINE
8
BLACK
6
CONTINUOUS
10
5.64976
20
-3.35655
11
5.64947
21
-3.35557
0
LINE
8
BLACK
6
CONTINUOUS
10
5.64947
20
-3.35557
11
5.64951
21
-3.3554
0
LINE
8
BLACK
6
CONTINUOUS
10
5.64951
20
-3.3554
11
5.64945
21
-3.35523
0
LINE
8
BLACK
6
CONTINUOUS
10
5.64945
20
-3.35523
11
5.64945
21
-3.32336
0
LINE
8
BLACK
6
CONTINUOUS
10
5.64945
20
-3.32336
11
5.64963
21
-3.32235
0
LINE
8
BLACK
6
CONTINUOUS
10
5.64963
20
-3.32235
11
5.65092
21
-3.3208
0
LINE
8
BLACK
6
CONTINUOUS
10
5.65092
20
-3.3208
11
5.65291
21
-3.32045
0
LINE
8
BLACK
6
CONTINUOUS
10
5.65291
20
-3.32045
11
5.65466
21
-3.32146
0
LINE
8
BLACK
6
CONTINUOUS
10
5.65466
20
-3.32146
11
5.65535
21
-3.32336
0
LINE
8
BLACK
6
CONTINUOUS
10
5.65535
20
-3.32336
11
5.65535
21
-3.35454
0
LINE
8
BLACK
6
CONTINUOUS
10
5.65535
20
-3.35454
11
5.6567
21
-3.35723
0
LINE
8
BLACK
6
CONTINUOUS
10
5.6567
20
-3.35723
11
5.6579
21
-3.35843
0
LINE
8
BLACK
6
CONTINUOUS
10
5.6579
20
-3.35843
11
5.6606
21
-3.35978
0
LINE
8
BLACK
6
CONTINUOUS
10
5.6606
20
-3.35978
11
5.6667
21
-3.35978
0
LINE
8
BLACK
6
CONTINUOUS
10
5.6667
20
-3.35978
11
5.6694
21
-3.35843
0
LINE
8
BLACK
6
CONTINUOUS
10
5.6694
20
-3.35843
11
5.6706
21
-3.35723
0
LINE
8
BLACK
6
CONTINUOUS
10
5.6706
20
-3.35723
11
5.67195
21
-3.35454
0
LINE
8
BLACK
6
CONTINUOUS
10
5.67195
20
-3.35454
11
5.67195
21
-3.32336
0
LINE
8
BLACK
6
CONTINUOUS
10
5.67195
20
-3.32336
11
5.67212
21
-3.32235
0
LINE
8
BLACK
6
CONTINUOUS
10
5.67212
20
-3.32235
11
5.67342
21
-3.3208
0
LINE
8
BLACK
6
CONTINUOUS
10
5.67342
20
-3.3208
11
5.67541
21
-3.32045
0
LINE
8
BLACK
6
CONTINUOUS
10
5.67541
20
-3.32045
11
5.67716
21
-3.32146
0
LINE
8
BLACK
6
CONTINUOUS
10
5.62494
20
-3.32054
11
5.62511
21
-3.32053
0
LINE
8
BLACK
6
CONTINUOUS
10
5.62511
20
-3.32053
11
5.6258
21
-3.32103
0
LINE
8
BLACK
6
CONTINUOUS
10
5.6258
20
-3.32103
11
5.62654
21
-3.32146
0
LINE
8
BLACK
6
CONTINUOUS
10
5.62654
20
-3.32146
11
5.6266
21
-3.32162
0
LINE
8
BLACK
6
CONTINUOUS
10
5.6266
20
-3.32162
11
5.62674
21
-3.32172
0
LINE
8
BLACK
6
CONTINUOUS
10
5.62674
20
-3.32172
11
5.63032
21
-3.3271
0
LINE
8
BLACK
6
CONTINUOUS
10
5.63032
20
-3.3271
11
5.63353
21
-3.33031
0
LINE
8
BLACK
6
CONTINUOUS
10
5.63353
20
-3.33031
11
5.63685
21
-3.33197
0
LINE
8
BLACK
6
CONTINUOUS
10
5.63685
20
-3.33197
11
5.63767
21
-3.33258
0
LINE
8
BLACK
6
CONTINUOUS
10
5.63767
20
-3.33258
11
5.63848
21
-3.33443
0
LINE
8
BLACK
6
CONTINUOUS
10
5.63848
20
-3.33443
11
5.6379
21
-3.33637
0
LINE
8
BLACK
6
CONTINUOUS
10
5.6379
20
-3.33637
11
5.63621
21
-3.33748
0
LINE
8
BLACK
6
CONTINUOUS
10
5.63621
20
-3.33748
11
5.63421
21
-3.33725
0
LINE
8
BLACK
6
CONTINUOUS
10
5.63421
20
-3.33725
11
5.63046
21
-3.33538
0
LINE
8
BLACK
6
CONTINUOUS
10
5.63046
20
-3.33538
11
5.62975
21
-3.33485
0
LINE
8
BLACK
6
CONTINUOUS
10
5.62975
20
-3.33485
11
5.62969
21
-3.33482
0
LINE
8
BLACK
6
CONTINUOUS
10
5.62969
20
-3.33482
11
5.62723
21
-3.33236
0
LINE
8
BLACK
6
CONTINUOUS
10
5.62723
20
-3.33236
11
5.62723
21
-3.35978
0
LINE
8
BLACK
6
CONTINUOUS
10
5.62723
20
-3.35978
11
5.63553
21
-3.35978
0
LINE
8
BLACK
6
CONTINUOUS
10
5.63553
20
-3.35978
11
5.63654
21
-3.35996
0
LINE
8
BLACK
6
CONTINUOUS
10
5.63654
20
-3.35996
11
5.63808
21
-3.36126
0
LINE
8
BLACK
6
CONTINUOUS
10
5.63808
20
-3.36126
11
5.63844
21
-3.36324
0
LINE
8
BLACK
6
CONTINUOUS
10
5.63844
20
-3.36324
11
5.63743
21
-3.36499
0
LINE
8
BLACK
6
CONTINUOUS
10
5.63743
20
-3.36499
11
5.63553
21
-3.36568
0
LINE
8
BLACK
6
CONTINUOUS
10
5.63553
20
-3.36568
11
5.61303
21
-3.36568
0
LINE
8
BLACK
6
CONTINUOUS
10
5.61303
20
-3.36568
11
5.61202
21
-3.36551
0
LINE
8
BLACK
6
CONTINUOUS
10
5.61202
20
-3.36551
11
5.61047
21
-3.36421
0
LINE
8
BLACK
6
CONTINUOUS
10
5.61047
20
-3.36421
11
5.61012
21
-3.36222
0
LINE
8
BLACK
6
CONTINUOUS
10
5.61012
20
-3.36222
11
5.61113
21
-3.36047
0
LINE
8
BLACK
6
CONTINUOUS
10
5.61113
20
-3.36047
11
5.61303
21
-3.35978
0
LINE
8
BLACK
6
CONTINUOUS
10
5.61303
20
-3.35978
11
5.62133
21
-3.35978
0
LINE
8
BLACK
6
CONTINUOUS
10
5.62133
20
-3.35978
11
5.62133
21
-3.32336
0
LINE
8
BLACK
6
CONTINUOUS
10
5.62133
20
-3.32336
11
5.6215
21
-3.32235
0
LINE
8
BLACK
6
CONTINUOUS
10
5.6215
20
-3.32235
11
5.62161
21
-3.32222
0
LINE
8
BLACK
6
CONTINUOUS
10
5.62161
20
-3.32222
11
5.62163
21
-3.32205
0
LINE
8
BLACK
6
CONTINUOUS
10
5.62163
20
-3.32205
11
5.62225
21
-3.32146
0
LINE
8
BLACK
6
CONTINUOUS
10
5.62225
20
-3.32146
11
5.6228
21
-3.3208
0
LINE
8
BLACK
6
CONTINUOUS
10
5.6228
20
-3.3208
11
5.62297
21
-3.32077
0
LINE
8
BLACK
6
CONTINUOUS
10
5.62297
20
-3.32077
11
5.62309
21
-3.32066
0
LINE
8
BLACK
6
CONTINUOUS
10
5.62309
20
-3.32066
11
5.62395
21
-3.3206
0
LINE
8
BLACK
6
CONTINUOUS
10
5.62395
20
-3.3206
11
5.62479
21
-3.32045
0
LINE
8
BLACK
6
CONTINUOUS
10
5.62479
20
-3.32045
11
5.62494
21
-3.32054
0
LINE
8
BLACK
6
CONTINUOUS
10
5.43516
20
-3.35471
11
5.43585
21
-3.35638
0
LINE
8
BLACK
6
CONTINUOUS
10
5.43585
20
-3.35638
11
5.43516
21
-3.35805
0
LINE
8
BLACK
6
CONTINUOUS
10
5.43516
20
-3.35805
11
5.43349
21
-3.35874
0
LINE
8
BLACK
6
CONTINUOUS
10
5.43349
20
-3.35874
11
5.38608
21
-3.35874
0
LINE
8
BLACK
6
CONTINUOUS
10
5.38608
20
-3.35874
11
5.38441
21
-3.35805
0
LINE
8
BLACK
6
CONTINUOUS
10
5.38441
20
-3.35805
11
5.38372
21
-3.35638
0
LINE
8
BLACK
6
CONTINUOUS
10
5.38372
20
-3.35638
11
5.38441
21
-3.35471
0
LINE
8
BLACK
6
CONTINUOUS
10
5.38441
20
-3.35471
11
5.38608
21
-3.35402
0
LINE
8
BLACK
6
CONTINUOUS
10
5.38608
20
-3.35402
11
5.43349
21
-3.35402
0
LINE
8
BLACK
6
CONTINUOUS
10
5.43349
20
-3.35402
11
5.43516
21
-3.35471
0
LINE
8
BLACK
6
CONTINUOUS
10
5.81934
20
-3.32807
11
5.82045
21
-3.32976
0
LINE
8
BLACK
6
CONTINUOUS
10
5.82045
20
-3.32976
11
5.82022
21
-3.33176
0
LINE
8
BLACK
6
CONTINUOUS
10
5.82022
20
-3.33176
11
5.81835
21
-3.33551
0
LINE
8
BLACK
6
CONTINUOUS
10
5.81835
20
-3.33551
11
5.81782
21
-3.33622
0
LINE
8
BLACK
6
CONTINUOUS
10
5.81782
20
-3.33622
11
5.8178
21
-3.33628
0
LINE
8
BLACK
6
CONTINUOUS
10
5.8178
20
-3.33628
11
5.81534
21
-3.33874
0
LINE
8
BLACK
6
CONTINUOUS
10
5.81534
20
-3.33874
11
5.84275
21
-3.33874
0
LINE
8
BLACK
6
CONTINUOUS
10
5.84275
20
-3.33874
11
5.84275
21
-3.33044
0
LINE
8
BLACK
6
CONTINUOUS
10
5.84275
20
-3.33044
11
5.84293
21
-3.32943
0
LINE
8
BLACK
6
CONTINUOUS
10
5.84293
20
-3.32943
11
5.84423
21
-3.32789
0
LINE
8
BLACK
6
CONTINUOUS
10
5.84423
20
-3.32789
11
5.84622
21
-3.32754
0
LINE
8
BLACK
6
CONTINUOUS
10
5.84622
20
-3.32754
11
5.84797
21
-3.32855
0
LINE
8
BLACK
6
CONTINUOUS
10
5.84797
20
-3.32855
11
5.84866
21
-3.33044
0
LINE
8
BLACK
6
CONTINUOUS
10
5.84866
20
-3.33044
11
5.84866
21
-3.35294
0
LINE
8
BLACK
6
CONTINUOUS
10
5.84866
20
-3.35294
11
5.84848
21
-3.35395
0
LINE
8
BLACK
6
CONTINUOUS
10
5.84848
20
-3.35395
11
5.84718
21
-3.3555
0
LINE
8
BLACK
6
CONTINUOUS
10
5.84718
20
-3.3555
11
5.84519
21
-3.35585
0
LINE
8
BLACK
6
CONTINUOUS
10
5.84519
20
-3.35585
11
5.84344
21
-3.35484
0
LINE
8
BLACK
6
CONTINUOUS
10
5.84344
20
-3.35484
11
5.84275
21
-3.35294
0
LINE
8
BLACK
6
CONTINUOUS
10
5.84275
20
-3.35294
11
5.84275
21
-3.34465
0
LINE
8
BLACK
6
CONTINUOUS
10
5.84275
20
-3.34465
11
5.80633
21
-3.34465
0
LINE
8
BLACK
6
CONTINUOUS
10
5.80633
20
-3.34465
11
5.80532
21
-3.34447
0
LINE
8
BLACK
6
CONTINUOUS
10
5.80532
20
-3.34447
11
5.80519
21
-3.34436
0
LINE
8
BLACK
6
CONTINUOUS
10
5.80519
20
-3.34436
11
5.80503
21
-3.34434
0
LINE
8
BLACK
6
CONTINUOUS
10
5.80503
20
-3.34434
11
5.80443
21
-3.34372
0
LINE
8
BLACK
6
CONTINUOUS
10
5.80443
20
-3.34372
11
5.80378
21
-3.34317
0
LINE
8
BLACK
6
CONTINUOUS
10
5.80378
20
-3.34317
11
5.80375
21
-3.343
0
LINE
8
BLACK
6
CONTINUOUS
10
5.80375
20
-3.343
11
5.80363
21
-3.34288
0
LINE
8
BLACK
6
CONTINUOUS
10
5.80363
20
-3.34288
11
5.80357
21
-3.34202
0
LINE
8
BLACK
6
CONTINUOUS
10
5.80357
20
-3.34202
11
5.80343
21
-3.34118
0
LINE
8
BLACK
6
CONTINUOUS
10
5.80343
20
-3.34118
11
5.80351
21
-3.34103
0
LINE
8
BLACK
6
CONTINUOUS
10
5.80351
20
-3.34103
11
5.8035
21
-3.34086
0
LINE
8
BLACK
6
CONTINUOUS
10
5.8035
20
-3.34086
11
5.80401
21
-3.34017
0
LINE
8
BLACK
6
CONTINUOUS
10
5.80401
20
-3.34017
11
5.80444
21
-3.33943
0
LINE
8
BLACK
6
CONTINUOUS
10
5.80444
20
-3.33943
11
5.8046
21
-3.33937
0
LINE
8
BLACK
6
CONTINUOUS
10
5.8046
20
-3.33937
11
5.8047
21
-3.33924
0
LINE
8
BLACK
6
CONTINUOUS
10
5.8047
20
-3.33924
11
5.81008
21
-3.33565
0
LINE
8
BLACK
6
CONTINUOUS
10
5.81008
20
-3.33565
11
5.81328
21
-3.33244
0
LINE
8
BLACK
6
CONTINUOUS
10
5.81328
20
-3.33244
11
5.81494
21
-3.32912
0
LINE
8
BLACK
6
CONTINUOUS
10
5.81494
20
-3.32912
11
5.81555
21
-3.3283
0
LINE
8
BLACK
6
CONTINUOUS
10
5.81555
20
-3.3283
11
5.81741
21
-3.3275
0
LINE
8
BLACK
6
CONTINUOUS
10
5.81741
20
-3.3275
11
5.81934
21
-3.32807
0
LINE
8
BLACK
6
CONTINUOUS
10
5.77091
20
-3.33965
11
5.77246
21
-3.34094
0
LINE
8
BLACK
6
CONTINUOUS
10
5.77246
20
-3.34094
11
5.77281
21
-3.34293
0
LINE
8
BLACK
6
CONTINUOUS
10
5.77281
20
-3.34293
11
5.7718
21
-3.34468
0
LINE
8
BLACK
6
CONTINUOUS
10
5.7718
20
-3.34468
11
5.7699
21
-3.34537
0
LINE
8
BLACK
6
CONTINUOUS
10
5.7699
20
-3.34537
11
5.7099
21
-3.34537
0
LINE
8
BLACK
6
CONTINUOUS
10
5.7099
20
-3.34537
11
5.70889
21
-3.3452
0
LINE
8
BLACK
6
CONTINUOUS
10
5.70889
20
-3.3452
11
5.70734
21
-3.3439
0
LINE
8
BLACK
6
CONTINUOUS
10
5.70734
20
-3.3439
11
5.70699
21
-3.34191
0
LINE
8
BLACK
6
CONTINUOUS
10
5.70699
20
-3.34191
11
5.708
21
-3.34016
0
LINE
8
BLACK
6
CONTINUOUS
10
5.708
20
-3.34016
11
5.7099
21
-3.33947
0
LINE
8
BLACK
6
CONTINUOUS
10
5.7099
20
-3.33947
11
5.7699
21
-3.33947
0
LINE
8
BLACK
6
CONTINUOUS
10
5.7699
20
-3.33947
11
5.77091
21
-3.33965
0
LINE
8
BLACK
6
CONTINUOUS
10
5.40247
20
-3.29146
11
5.40316
21
-3.29336
0
LINE
8
BLACK
6
CONTINUOUS
10
5.40316
20
-3.29336
11
5.40316
21
-3.33273
0
LINE
8
BLACK
6
CONTINUOUS
10
5.40316
20
-3.33273
11
5.4031
21
-3.33312
0
LINE
8
BLACK
6
CONTINUOUS
10
5.4031
20
-3.33312
11
5.40312
21
-3.33324
0
LINE
8
BLACK
6
CONTINUOUS
10
5.40312
20
-3.33324
11
5.40305
21
-3.33336
0
LINE
8
BLACK
6
CONTINUOUS
10
5.40305
20
-3.33336
11
5.40299
21
-3.33374
0
LINE
8
BLACK
6
CONTINUOUS
10
5.40299
20
-3.33374
11
5.40249
21
-3.33433
0
LINE
8
BLACK
6
CONTINUOUS
10
5.40249
20
-3.33433
11
5.40211
21
-3.33499
0
LINE
8
BLACK
6
CONTINUOUS
10
5.40211
20
-3.33499
11
5.40186
21
-3.33508
0
LINE
8
BLACK
6
CONTINUOUS
10
5.40186
20
-3.33508
11
5.40169
21
-3.33529
0
LINE
8
BLACK
6
CONTINUOUS
10
5.40169
20
-3.33529
11
5.40093
21
-3.33542
0
LINE
8
BLACK
6
CONTINUOUS
10
5.40093
20
-3.33542
11
5.40021
21
-3.33568
0
LINE
8
BLACK
6
CONTINUOUS
10
5.40021
20
-3.33568
11
5.38146
21
-3.33568
0
LINE
8
BLACK
6
CONTINUOUS
10
5.38146
20
-3.33568
11
5.38045
21
-3.33551
0
LINE
8
BLACK
6
CONTINUOUS
10
5.38045
20
-3.33551
11
5.37891
21
-3.33421
0
LINE
8
BLACK
6
CONTINUOUS
10
5.37891
20
-3.33421
11
5.37856
21
-3.33222
0
LINE
8
BLACK
6
CONTINUOUS
10
5.37856
20
-3.33222
11
5.37957
21
-3.33047
0
LINE
8
BLACK
6
CONTINUOUS
10
5.37957
20
-3.33047
11
5.38146
21
-3.32978
0
LINE
8
BLACK
6
CONTINUOUS
10
5.38146
20
-3.32978
11
5.39726
21
-3.32978
0
LINE
8
BLACK
6
CONTINUOUS
10
5.39726
20
-3.32978
11
5.39726
21
-3.29336
0
LINE
8
BLACK
6
CONTINUOUS
10
5.39726
20
-3.29336
11
5.39744
21
-3.29235
0
LINE
8
BLACK
6
CONTINUOUS
10
5.39744
20
-3.29235
11
5.39873
21
-3.2908
0
LINE
8
BLACK
6
CONTINUOUS
10
5.39873
20
-3.2908
11
5.40072
21
-3.29045
0
LINE
8
BLACK
6
CONTINUOUS
10
5.40072
20
-3.29045
11
5.40247
21
-3.29146
0
LINE
8
BLACK
6
CONTINUOUS
10
5.35963
20
-3.29054
11
5.3598
21
-3.29053
0
LINE
8
BLACK
6
CONTINUOUS
10
5.3598
20
-3.29053
11
5.36049
21
-3.29103
0
LINE
8
BLACK
6
CONTINUOUS
10
5.36049
20
-3.29103
11
5.36123
21
-3.29146
0
LINE
8
BLACK
6
CONTINUOUS
10
5.36123
20
-3.29146
11
5.36129
21
-3.29162
0
LINE
8
BLACK
6
CONTINUOUS
10
5.36129
20
-3.29162
11
5.36142
21
-3.29172
0
LINE
8
BLACK
6
CONTINUOUS
10
5.36142
20
-3.29172
11
5.36501
21
-3.2971
0
LINE
8
BLACK
6
CONTINUOUS
10
5.36501
20
-3.2971
11
5.36821
21
-3.30031
0
LINE
8
BLACK
6
CONTINUOUS
10
5.36821
20
-3.30031
11
5.37154
21
-3.30197
0
LINE
8
BLACK
6
CONTINUOUS
10
5.37154
20
-3.30197
11
5.37236
21
-3.30258
0
LINE
8
BLACK
6
CONTINUOUS
10
5.37236
20
-3.30258
11
5.37316
21
-3.30443
0
LINE
8
BLACK
6
CONTINUOUS
10
5.37316
20
-3.30443
11
5.37259
21
-3.30637
0
LINE
8
BLACK
6
CONTINUOUS
10
5.37259
20
-3.30637
11
5.3709
21
-3.30748
0
LINE
8
BLACK
6
CONTINUOUS
10
5.3709
20
-3.30748
11
5.36889
21
-3.30725
0
LINE
8
BLACK
6
CONTINUOUS
10
5.36889
20
-3.30725
11
5.36514
21
-3.30538
0
LINE
8
BLACK
6
CONTINUOUS
10
5.36514
20
-3.30538
11
5.36444
21
-3.30485
0
LINE
8
BLACK
6
CONTINUOUS
10
5.36444
20
-3.30485
11
5.36438
21
-3.30482
0
LINE
8
BLACK
6
CONTINUOUS
10
5.36438
20
-3.30482
11
5.36192
21
-3.30236
0
LINE
8
BLACK
6
CONTINUOUS
10
5.36192
20
-3.30236
11
5.36192
21
-3.32978
0
LINE
8
BLACK
6
CONTINUOUS
10
5.36192
20
-3.32978
11
5.37021
21
-3.32978
0
LINE
8
BLACK
6
CONTINUOUS
10
5.37021
20
-3.32978
11
5.37122
21
-3.32996
0
LINE
8
BLACK
6
CONTINUOUS
10
5.37122
20
-3.32996
11
5.37277
21
-3.33126
0
LINE
8
BLACK
6
CONTINUOUS
10
5.37277
20
-3.33126
11
5.37312
21
-3.33324
0
LINE
8
BLACK
6
CONTINUOUS
10
5.37312
20
-3.33324
11
5.37211
21
-3.33499
0
LINE
8
BLACK
6
CONTINUOUS
10
5.37211
20
-3.33499
11
5.37021
21
-3.33568
0
LINE
8
BLACK
6
CONTINUOUS
10
5.37021
20
-3.33568
11
5.34772
21
-3.33568
0
LINE
8
BLACK
6
CONTINUOUS
10
5.34772
20
-3.33568
11
5.34671
21
-3.33551
0
LINE
8
BLACK
6
CONTINUOUS
10
5.34671
20
-3.33551
11
5.34516
21
-3.33421
0
LINE
8
BLACK
6
CONTINUOUS
10
5.34516
20
-3.33421
11
5.34481
21
-3.33222
0
LINE
8
BLACK
6
CONTINUOUS
10
5.34481
20
-3.33222
11
5.34582
21
-3.33047
0
LINE
8
BLACK
6
CONTINUOUS
10
5.34582
20
-3.33047
11
5.34772
21
-3.32978
0
LINE
8
BLACK
6
CONTINUOUS
10
5.34772
20
-3.32978
11
5.35601
21
-3.32978
0
LINE
8
BLACK
6
CONTINUOUS
10
5.35601
20
-3.32978
11
5.35601
21
-3.29336
0
LINE
8
BLACK
6
CONTINUOUS
10
5.35601
20
-3.29336
11
5.35619
21
-3.29235
0
LINE
8
BLACK
6
CONTINUOUS
10
5.35619
20
-3.29235
11
5.3563
21
-3.29222
0
LINE
8
BLACK
6
CONTINUOUS
10
5.3563
20
-3.29222
11
5.35632
21
-3.29205
0
LINE
8
BLACK
6
CONTINUOUS
10
5.35632
20
-3.29205
11
5.35694
21
-3.29146
0
LINE
8
BLACK
6
CONTINUOUS
10
5.35694
20
-3.29146
11
5.35749
21
-3.2908
0
LINE
8
BLACK
6
CONTINUOUS
10
5.35749
20
-3.2908
11
5.35766
21
-3.29077
0
LINE
8
BLACK
6
CONTINUOUS
10
5.35766
20
-3.29077
11
5.35778
21
-3.29066
0
LINE
8
BLACK
6
CONTINUOUS
10
5.35778
20
-3.29066
11
5.35863
21
-3.2906
0
LINE
8
BLACK
6
CONTINUOUS
10
5.35863
20
-3.2906
11
5.35948
21
-3.29045
0
LINE
8
BLACK
6
CONTINUOUS
10
5.35948
20
-3.29045
11
5.35963
21
-3.29054
0
LINE
8
BLACK
6
CONTINUOUS
10
5.50591
20
-3.32465
11
5.50746
21
-3.32594
0
LINE
8
BLACK
6
CONTINUOUS
10
5.50746
20
-3.32594
11
5.50781
21
-3.32793
0
LINE
8
BLACK
6
CONTINUOUS
10
5.50781
20
-3.32793
11
5.5068
21
-3.32968
0
LINE
8
BLACK
6
CONTINUOUS
10
5.5068
20
-3.32968
11
5.5049
21
-3.33037
0
LINE
8
BLACK
6
CONTINUOUS
10
5.5049
20
-3.33037
11
5.4449
21
-3.33037
0
LINE
8
BLACK
6
CONTINUOUS
10
5.4449
20
-3.33037
11
5.44389
21
-3.3302
0
LINE
8
BLACK
6
CONTINUOUS
10
5.44389
20
-3.3302
11
5.44234
21
-3.3289
0
LINE
8
BLACK
6
CONTINUOUS
10
5.44234
20
-3.3289
11
5.44199
21
-3.32691
0
LINE
8
BLACK
6
CONTINUOUS
10
5.44199
20
-3.32691
11
5.443
21
-3.32516
0
LINE
8
BLACK
6
CONTINUOUS
10
5.443
20
-3.32516
11
5.4449
21
-3.32447
0
LINE
8
BLACK
6
CONTINUOUS
10
5.4449
20
-3.32447
11
5.5049
21
-3.32447
0
LINE
8
BLACK
6
CONTINUOUS
10
5.5049
20
-3.32447
11
5.50591
21
-3.32465
0
LINE
8
BLACK
6
CONTINUOUS
10
5.21019
20
-3.24798
11
5.21089
21
-3.24965
0
LINE
8
BLACK
6
CONTINUOUS
10
5.21089
20
-3.24965
11
5.21089
21
-3.32248
0
LINE
8
BLACK
6
CONTINUOUS
10
5.21089
20
-3.32248
11
5.21019
21
-3.32415
0
LINE
8
BLACK
6
CONTINUOUS
10
5.21019
20
-3.32415
11
5.20852
21
-3.32484
0
LINE
8
BLACK
6
CONTINUOUS
10
5.20852
20
-3.32484
11
5.20685
21
-3.32415
0
LINE
8
BLACK
6
CONTINUOUS
10
5.20685
20
-3.32415
11
5.20616
21
-3.32248
0
LINE
8
BLACK
6
CONTINUOUS
10
5.20616
20
-3.32248
11
5.20616
21
-3.25201
0
LINE
8
BLACK
6
CONTINUOUS
10
5.20616
20
-3.25201
11
5.16364
21
-3.25201
0
LINE
8
BLACK
6
CONTINUOUS
10
5.16364
20
-3.25201
11
5.16364
21
-3.32248
0
LINE
8
BLACK
6
CONTINUOUS
10
5.16364
20
-3.32248
11
5.16295
21
-3.32415
0
LINE
8
BLACK
6
CONTINUOUS
10
5.16295
20
-3.32415
11
5.16128
21
-3.32484
0
LINE
8
BLACK
6
CONTINUOUS
10
5.16128
20
-3.32484
11
5.15961
21
-3.32415
0
LINE
8
BLACK
6
CONTINUOUS
10
5.15961
20
-3.32415
11
5.15892
21
-3.32248
0
LINE
8
BLACK
6
CONTINUOUS
10
5.15892
20
-3.32248
11
5.15892
21
-3.24965
0
LINE
8
BLACK
6
CONTINUOUS
10
5.15892
20
-3.24965
11
5.15961
21
-3.24798
0
LINE
8
BLACK
6
CONTINUOUS
10
5.15961
20
-3.24798
11
5.16128
21
-3.24728
0
LINE
8
BLACK
6
CONTINUOUS
10
5.16128
20
-3.24728
11
5.20852
21
-3.24728
0
LINE
8
BLACK
6
CONTINUOUS
10
5.20852
20
-3.24728
11
5.21019
21
-3.24798
0
LINE
8
BLACK
6
CONTINUOUS
10
5.84609
20
-3.29006
11
5.84622
21
-3.29004
0
LINE
8
BLACK
6
CONTINUOUS
10
5.84622
20
-3.29004
11
5.84633
21
-3.29011
0
LINE
8
BLACK
6
CONTINUOUS
10
5.84633
20
-3.29011
11
5.84671
21
-3.29017
0
LINE
8
BLACK
6
CONTINUOUS
10
5.84671
20
-3.29017
11
5.8473
21
-3.29067
0
LINE
8
BLACK
6
CONTINUOUS
10
5.8473
20
-3.29067
11
5.84797
21
-3.29105
0
LINE
8
BLACK
6
CONTINUOUS
10
5.84797
20
-3.29105
11
5.84806
21
-3.2913
0
LINE
8
BLACK
6
CONTINUOUS
10
5.84806
20
-3.2913
11
5.84826
21
-3.29147
0
LINE
8
BLACK
6
CONTINUOUS
10
5.84826
20
-3.29147
11
5.84839
21
-3.29223
0
LINE
8
BLACK
6
CONTINUOUS
10
5.84839
20
-3.29223
11
5.84866
21
-3.29295
0
LINE
8
BLACK
6
CONTINUOUS
10
5.84866
20
-3.29295
11
5.84866
21
-3.30232
0
LINE
8
BLACK
6
CONTINUOUS
10
5.84866
20
-3.30232
11
5.8485
21
-3.30319
0
LINE
8
BLACK
6
CONTINUOUS
10
5.8485
20
-3.30319
11
5.84851
21
-3.30326
0
LINE
8
BLACK
6
CONTINUOUS
10
5.84851
20
-3.30326
11
5.84663
21
-3.30888
0
LINE
8
BLACK
6
CONTINUOUS
10
5.84663
20
-3.30888
11
5.84614
21
-3.30978
0
LINE
8
BLACK
6
CONTINUOUS
10
5.84614
20
-3.30978
11
5.84599
21
-3.30988
0
LINE
8
BLACK
6
CONTINUOUS
10
5.84599
20
-3.30988
11
5.84592
21
-3.31004
0
LINE
8
BLACK
6
CONTINUOUS
10
5.84592
20
-3.31004
11
5.84217
21
-3.31378
0
LINE
8
BLACK
6
CONTINUOUS
10
5.84217
20
-3.31378
11
5.84144
21
-3.31429
0
LINE
8
BLACK
6
CONTINUOUS
10
5.84144
20
-3.31429
11
5.8414
21
-3.31434
0
LINE
8
BLACK
6
CONTINUOUS
10
5.8414
20
-3.31434
11
5.83765
21
-3.31621
0
LINE
8
BLACK
6
CONTINUOUS
10
5.83765
20
-3.31621
11
5.83716
21
-3.31636
0
LINE
8
BLACK
6
CONTINUOUS
10
5.83716
20
-3.31636
11
5.83705
21
-3.31644
0
LINE
8
BLACK
6
CONTINUOUS
10
5.83705
20
-3.31644
11
5.82955
21
-3.31831
0
LINE
8
BLACK
6
CONTINUOUS
10
5.82955
20
-3.31831
11
5.82896
21
-3.31835
0
LINE
8
BLACK
6
CONTINUOUS
10
5.82896
20
-3.31835
11
5.82883
21
-3.3184
0
LINE
8
BLACK
6
CONTINUOUS
10
5.82883
20
-3.3184
11
5.82321
21
-3.3184
0
LINE
8
BLACK
6
CONTINUOUS
10
5.82321
20
-3.3184
11
5.82263
21
-3.3183
0
LINE
8
BLACK
6
CONTINUOUS
10
5.82263
20
-3.3183
11
5.82249
21
-3.31831
0
LINE
8
BLACK
6
CONTINUOUS
10
5.82249
20
-3.31831
11
5.81499
21
-3.31644
0
LINE
8
BLACK
6
CONTINUOUS
10
5.81499
20
-3.31644
11
5.81453
21
-3.31623
0
LINE
8
BLACK
6
CONTINUOUS
10
5.81453
20
-3.31623
11
5.81439
21
-3.31621
0
LINE
8
BLACK
6
CONTINUOUS
10
5.81439
20
-3.31621
11
5.81064
21
-3.31434
0
LINE
8
BLACK
6
CONTINUOUS
10
5.81064
20
-3.31434
11
5.80993
21
-3.31381
0
LINE
8
BLACK
6
CONTINUOUS
10
5.80993
20
-3.31381
11
5.80987
21
-3.31378
0
LINE
8
BLACK
6
CONTINUOUS
10
5.80987
20
-3.31378
11
5.80612
21
-3.31004
0
LINE
8
BLACK
6
CONTINUOUS
10
5.80612
20
-3.31004
11
5.80553
21
-3.30919
0
LINE
8
BLACK
6
CONTINUOUS
10
5.80553
20
-3.30919
11
5.80552
21
-3.30902
0
LINE
8
BLACK
6
CONTINUOUS
10
5.80552
20
-3.30902
11
5.80541
21
-3.30888
0
LINE
8
BLACK
6
CONTINUOUS
10
5.80541
20
-3.30888
11
5.80353
21
-3.30326
0
LINE
8
BLACK
6
CONTINUOUS
10
5.80353
20
-3.30326
11
5.8034
21
-3.30238
0
LINE
8
BLACK
6
CONTINUOUS
10
5.8034
20
-3.30238
11
5.80338
21
-3.30232
0
LINE
8
BLACK
6
CONTINUOUS
10
5.80338
20
-3.30232
11
5.80338
21
-3.29295
0
LINE
8
BLACK
6
CONTINUOUS
10
5.80338
20
-3.29295
11
5.80345
21
-3.29257
0
LINE
8
BLACK
6
CONTINUOUS
10
5.80345
20
-3.29257
11
5.80343
21
-3.29244
0
LINE
8
BLACK
6
CONTINUOUS
10
5.80343
20
-3.29244
11
5.80349
21
-3.29232
0
LINE
8
BLACK
6
CONTINUOUS
10
5.80349
20
-3.29232
11
5.80356
21
-3.29194
0
LINE
8
BLACK
6
CONTINUOUS
10
5.80356
20
-3.29194
11
5.80405
21
-3.29135
0
LINE
8
BLACK
6
CONTINUOUS
10
5.80405
20
-3.29135
11
5.80444
21
-3.29069
0
LINE
8
BLACK
6
CONTINUOUS
10
5.80444
20
-3.29069
11
5.80469
21
-3.2906
0
LINE
8
BLACK
6
CONTINUOUS
10
5.80469
20
-3.2906
11
5.80486
21
-3.29039
0
LINE
8
BLACK
6
CONTINUOUS
10
5.80486
20
-3.29039
11
5.80561
21
-3.29026
0
LINE
8
BLACK
6
CONTINUOUS
10
5.80561
20
-3.29026
11
5.80633
21
-3.29
0
LINE
8
BLACK
6
CONTINUOUS
10
5.80633
20
-3.29
11
5.8457
21
-3.29
0
LINE
8
BLACK
6
CONTINUOUS
10
5.8457
20
-3.29
11
5.84609
21
-3.29006
0
LINE
8
BLACK
6
CONTINUOUS
10
5.80929
20
-3.2959
11
5.80929
21
-3.30184
0
LINE
8
BLACK
6
CONTINUOUS
10
5.80929
20
-3.30184
11
5.81079
21
-3.30635
0
LINE
8
BLACK
6
CONTINUOUS
10
5.81079
20
-3.30635
11
5.81371
21
-3.30927
0
LINE
8
BLACK
6
CONTINUOUS
10
5.81371
20
-3.30927
11
5.81674
21
-3.31079
0
LINE
8
BLACK
6
CONTINUOUS
10
5.81674
20
-3.31079
11
5.82357
21
-3.31249
0
LINE
8
BLACK
6
CONTINUOUS
10
5.82357
20
-3.31249
11
5.82847
21
-3.31249
0
LINE
8
BLACK
6
CONTINUOUS
10
5.82847
20
-3.31249
11
5.8353
21
-3.31079
0
LINE
8
BLACK
6
CONTINUOUS
10
5.8353
20
-3.31079
11
5.83833
21
-3.30927
0
LINE
8
BLACK
6
CONTINUOUS
10
5.83833
20
-3.30927
11
5.84125
21
-3.30635
0
LINE
8
BLACK
6
CONTINUOUS
10
5.84125
20
-3.30635
11
5.84275
21
-3.30184
0
LINE
8
BLACK
6
CONTINUOUS
10
5.84275
20
-3.30184
11
5.84275
21
-3.2959
0
LINE
8
BLACK
6
CONTINUOUS
10
5.84275
20
-3.2959
11
5.80929
21
-3.2959
0
LINE
8
BLACK
6
CONTINUOUS
10
5.58591
20
-3.30965
11
5.58746
21
-3.31094
0
LINE
8
BLACK
6
CONTINUOUS
10
5.58746
20
-3.31094
11
5.58781
21
-3.31293
0
LINE
8
BLACK
6
CONTINUOUS
10
5.58781
20
-3.31293
11
5.5868
21
-3.31468
0
LINE
8
BLACK
6
CONTINUOUS
10
5.5868
20
-3.31468
11
5.5849
21
-3.31537
0
LINE
8
BLACK
6
CONTINUOUS
10
5.5849
20
-3.31537
11
5.5249
21
-3.31537
0
LINE
8
BLACK
6
CONTINUOUS
10
5.5249
20
-3.31537
11
5.52389
21
-3.3152
0
LINE
8
BLACK
6
CONTINUOUS
10
5.52389
20
-3.3152
11
5.52234
21
-3.3139
0
LINE
8
BLACK
6
CONTINUOUS
10
5.52234
20
-3.3139
11
5.52199
21
-3.31191
0
LINE
8
BLACK
6
CONTINUOUS
10
5.52199
20
-3.31191
11
5.523
21
-3.31016
0
LINE
8
BLACK
6
CONTINUOUS
10
5.523
20
-3.31016
11
5.5249
21
-3.30947
0
LINE
8
BLACK
6
CONTINUOUS
10
5.5249
20
-3.30947
11
5.5849
21
-3.30947
0
LINE
8
BLACK
6
CONTINUOUS
10
5.5849
20
-3.30947
11
5.58591
21
-3.30965
0
LINE
8
BLACK
6
CONTINUOUS
10
5.28591
20
-3.30465
11
5.28746
21
-3.30594
0
LINE
8
BLACK
6
CONTINUOUS
10
5.28746
20
-3.30594
11
5.28781
21
-3.30793
0
LINE
8
BLACK
6
CONTINUOUS
10
5.28781
20
-3.30793
11
5.2868
21
-3.30968
0
LINE
8
BLACK
6
CONTINUOUS
10
5.2868
20
-3.30968
11
5.2849
21
-3.31037
0
LINE
8
BLACK
6
CONTINUOUS
10
5.2849
20
-3.31037
11
5.2249
21
-3.31037
0
LINE
8
BLACK
6
CONTINUOUS
10
5.2249
20
-3.31037
11
5.22389
21
-3.3102
0
LINE
8
BLACK
6
CONTINUOUS
10
5.22389
20
-3.3102
11
5.22234
21
-3.3089
0
LINE
8
BLACK
6
CONTINUOUS
10
5.22234
20
-3.3089
11
5.22199
21
-3.30691
0
LINE
8
BLACK
6
CONTINUOUS
10
5.22199
20
-3.30691
11
5.223
21
-3.30516
0
LINE
8
BLACK
6
CONTINUOUS
10
5.223
20
-3.30516
11
5.2249
21
-3.30447
0
LINE
8
BLACK
6
CONTINUOUS
10
5.2249
20
-3.30447
11
5.2849
21
-3.30447
0
LINE
8
BLACK
6
CONTINUOUS
10
5.2849
20
-3.30447
11
5.28591
21
-3.30465
0
LINE
8
BLACK
6
CONTINUOUS
10
6.46878
20
-3.21833
11
6.46947
21
-3.22
0
LINE
8
BLACK
6
CONTINUOUS
10
6.46947
20
-3.22
11
6.46947
21
-3.30504
0
LINE
8
BLACK
6
CONTINUOUS
10
6.46947
20
-3.30504
11
6.46878
21
-3.30671
0
LINE
8
BLACK
6
CONTINUOUS
10
6.46878
20
-3.30671
11
6.46711
21
-3.3074
0
LINE
8
BLACK
6
CONTINUOUS
10
6.46711
20
-3.3074
11
6.46544
21
-3.30671
0
LINE
8
BLACK
6
CONTINUOUS
10
6.46544
20
-3.30671
11
6.46474
21
-3.30504
0
LINE
8
BLACK
6
CONTINUOUS
10
6.46474
20
-3.30504
11
6.46474
21
-3.22236
0
LINE
8
BLACK
6
CONTINUOUS
10
6.46474
20
-3.22236
11
6.43049
21
-3.22236
0
LINE
8
BLACK
6
CONTINUOUS
10
6.43049
20
-3.22236
11
6.42882
21
-3.22167
0
LINE
8
BLACK
6
CONTINUOUS
10
6.42882
20
-3.22167
11
6.42813
21
-3.22
0
LINE
8
BLACK
6
CONTINUOUS
10
6.42813
20
-3.22
11
6.42882
21
-3.21833
0
LINE
8
BLACK
6
CONTINUOUS
10
6.42882
20
-3.21833
11
6.43049
21
-3.21764
0
LINE
8
BLACK
6
CONTINUOUS
10
6.43049
20
-3.21764
11
6.46711
21
-3.21764
0
LINE
8
BLACK
6
CONTINUOUS
10
6.46711
20
-3.21764
11
6.46878
21
-3.21833
0
LINE
8
BLACK
6
CONTINUOUS
10
5.77157
20
-3.26575
11
5.77226
21
-3.26742
0
LINE
8
BLACK
6
CONTINUOUS
10
5.77226
20
-3.26742
11
5.77226
21
-3.29742
0
LINE
8
BLACK
6
CONTINUOUS
10
5.77226
20
-3.29742
11
5.77157
21
-3.29909
0
LINE
8
BLACK
6
CONTINUOUS
10
5.77157
20
-3.29909
11
5.7699
21
-3.29978
0
LINE
8
BLACK
6
CONTINUOUS
10
5.7699
20
-3.29978
11
5.76823
21
-3.29909
0
LINE
8
BLACK
6
CONTINUOUS
10
5.76823
20
-3.29909
11
5.76754
21
-3.29742
0
LINE
8
BLACK
6
CONTINUOUS
10
5.76754
20
-3.29742
11
5.76754
21
-3.26742
0
LINE
8
BLACK
6
CONTINUOUS
10
5.76754
20
-3.26742
11
5.76823
21
-3.26575
0
LINE
8
BLACK
6
CONTINUOUS
10
5.76823
20
-3.26575
11
5.7699
21
-3.26506
0
LINE
8
BLACK
6
CONTINUOUS
10
5.7699
20
-3.26506
11
5.77157
21
-3.26575
0
LINE
8
BLACK
6
CONTINUOUS
10
5.71157
20
-3.26575
11
5.71226
21
-3.26742
0
LINE
8
BLACK
6
CONTINUOUS
10
5.71226
20
-3.26742
11
5.71226
21
-3.29742
0
LINE
8
BLACK
6
CONTINUOUS
10
5.71226
20
-3.29742
11
5.71157
21
-3.29909
0
LINE
8
BLACK
6
CONTINUOUS
10
5.71157
20
-3.29909
11
5.7099
21
-3.29978
0
LINE
8
BLACK
6
CONTINUOUS
10
5.7099
20
-3.29978
11
5.70823
21
-3.29909
0
LINE
8
BLACK
6
CONTINUOUS
10
5.70823
20
-3.29909
11
5.70754
21
-3.29742
0
LINE
8
BLACK
6
CONTINUOUS
10
5.70754
20
-3.29742
11
5.70754
21
-3.26742
0
LINE
8
BLACK
6
CONTINUOUS
10
5.70754
20
-3.26742
11
5.70823
21
-3.26575
0
LINE
8
BLACK
6
CONTINUOUS
10
5.70823
20
-3.26575
11
5.7099
21
-3.26506
0
LINE
8
BLACK
6
CONTINUOUS
10
5.7099
20
-3.26506
11
5.71157
21
-3.26575
0
LINE
8
BLACK
6
CONTINUOUS
10
5.67591
20
-3.28465
11
5.67746
21
-3.28594
0
LINE
8
BLACK
6
CONTINUOUS
10
5.67746
20
-3.28594
11
5.67781
21
-3.28793
0
LINE
8
BLACK
6
CONTINUOUS
10
5.67781
20
-3.28793
11
5.6768
21
-3.28968
0
LINE
8
BLACK
6
CONTINUOUS
10
5.6768
20
-3.28968
11
5.6749
21
-3.29037
0
LINE
8
BLACK
6
CONTINUOUS
10
5.6749
20
-3.29037
11
5.6149
21
-3.29037
0
LINE
8
BLACK
6
CONTINUOUS
10
5.6149
20
-3.29037
11
5.61389
21
-3.2902
0
LINE
8
BLACK
6
CONTINUOUS
10
5.61389
20
-3.2902
11
5.61234
21
-3.2889
0
LINE
8
BLACK
6
CONTINUOUS
10
5.61234
20
-3.2889
11
5.61199
21
-3.28691
0
LINE
8
BLACK
6
CONTINUOUS
10
5.61199
20
-3.28691
11
5.613
21
-3.28516
0
LINE
8
BLACK
6
CONTINUOUS
10
5.613
20
-3.28516
11
5.6149
21
-3.28447
0
LINE
8
BLACK
6
CONTINUOUS
10
5.6149
20
-3.28447
11
5.6749
21
-3.28447
0
LINE
8
BLACK
6
CONTINUOUS
10
5.6749
20
-3.28447
11
5.67591
21
-3.28465
0
LINE
8
BLACK
6
CONTINUOUS
10
5.44657
20
-3.25075
11
5.44726
21
-3.25242
0
LINE
8
BLACK
6
CONTINUOUS
10
5.44726
20
-3.25242
11
5.44726
21
-3.28242
0
LINE
8
BLACK
6
CONTINUOUS
10
5.44726
20
-3.28242
11
5.44657
21
-3.28409
0
LINE
8
BLACK
6
CONTINUOUS
10
5.44657
20
-3.28409
11
5.4449
21
-3.28478
0
LINE
8
BLACK
6
CONTINUOUS
10
5.4449
20
-3.28478
11
5.44323
21
-3.28409
0
LINE
8
BLACK
6
CONTINUOUS
10
5.44323
20
-3.28409
11
5.44254
21
-3.28242
0
LINE
8
BLACK
6
CONTINUOUS
10
5.44254
20
-3.28242
11
5.44254
21
-3.25242
0
LINE
8
BLACK
6
CONTINUOUS
10
5.44254
20
-3.25242
11
5.44323
21
-3.25075
0
LINE
8
BLACK
6
CONTINUOUS
10
5.44323
20
-3.25075
11
5.4449
21
-3.25006
0
LINE
8
BLACK
6
CONTINUOUS
10
5.4449
20
-3.25006
11
5.44657
21
-3.25075
0
LINE
8
BLACK
6
CONTINUOUS
10
5.50657
20
-3.25075
11
5.50726
21
-3.25242
0
LINE
8
BLACK
6
CONTINUOUS
10
5.50726
20
-3.25242
11
5.50726
21
-3.28242
0
LINE
8
BLACK
6
CONTINUOUS
10
5.50726
20
-3.28242
11
5.50657
21
-3.28409
0
LINE
8
BLACK
6
CONTINUOUS
10
5.50657
20
-3.28409
11
5.5049
21
-3.28478
0
LINE
8
BLACK
6
CONTINUOUS
10
5.5049
20
-3.28478
11
5.50323
21
-3.28409
0
LINE
8
BLACK
6
CONTINUOUS
10
5.50323
20
-3.28409
11
5.50254
21
-3.28242
0
LINE
8
BLACK
6
CONTINUOUS
10
5.50254
20
-3.28242
11
5.50254
21
-3.25242
0
LINE
8
BLACK
6
CONTINUOUS
10
5.50254
20
-3.25242
11
5.50323
21
-3.25075
0
LINE
8
BLACK
6
CONTINUOUS
10
5.50323
20
-3.25075
11
5.5049
21
-3.25006
0
LINE
8
BLACK
6
CONTINUOUS
10
5.5049
20
-3.25006
11
5.50657
21
-3.25075
0
LINE
8
BLACK
6
CONTINUOUS
10
5.02155
20
-3.27315
11
5.02298
21
-3.27512
0
LINE
8
BLACK
6
CONTINUOUS
10
5.02298
20
-3.27512
11
5.02298
21
-3.27756
0
LINE
8
BLACK
6
CONTINUOUS
10
5.02298
20
-3.27756
11
5.02155
21
-3.27952
0
LINE
8
BLACK
6
CONTINUOUS
10
5.02155
20
-3.27952
11
5.01923
21
-3.28028
0
LINE
8
BLACK
6
CONTINUOUS
10
5.01923
20
-3.28028
11
4.97002
21
-3.28028
0
LINE
8
BLACK
6
CONTINUOUS
10
4.97002
20
-3.28028
11
4.96771
21
-3.27952
0
LINE
8
BLACK
6
CONTINUOUS
10
4.96771
20
-3.27952
11
4.96628
21
-3.27756
0
LINE
8
BLACK
6
CONTINUOUS
10
4.96628
20
-3.27756
11
4.96628
21
-3.27512
0
LINE
8
BLACK
6
CONTINUOUS
10
4.96628
20
-3.27512
11
4.96771
21
-3.27315
0
LINE
8
BLACK
6
CONTINUOUS
10
4.96771
20
-3.27315
11
4.97002
21
-3.2724
0
LINE
8
BLACK
6
CONTINUOUS
10
4.97002
20
-3.2724
11
5.01923
21
-3.2724
0
LINE
8
BLACK
6
CONTINUOUS
10
5.01923
20
-3.2724
11
5.02155
21
-3.27315
0
LINE
8
BLACK
6
CONTINUOUS
10
6.38098
20
-3.21833
11
6.38167
21
-3.22
0
LINE
8
BLACK
6
CONTINUOUS
10
6.38167
20
-3.22
11
6.38098
21
-3.22167
0
LINE
8
BLACK
6
CONTINUOUS
10
6.38098
20
-3.22167
11
6.37931
21
-3.22236
0
LINE
8
BLACK
6
CONTINUOUS
10
6.37931
20
-3.22236
11
6.34506
21
-3.22236
0
LINE
8
BLACK
6
CONTINUOUS
10
6.34506
20
-3.22236
11
6.34506
21
-3.27748
0
LINE
8
BLACK
6
CONTINUOUS
10
6.34506
20
-3.27748
11
6.34437
21
-3.27915
0
LINE
8
BLACK
6
CONTINUOUS
10
6.34437
20
-3.27915
11
6.3427
21
-3.27984
0
LINE
8
BLACK
6
CONTINUOUS
10
6.3427
20
-3.27984
11
6.34103
21
-3.27915
0
LINE
8
BLACK
6
CONTINUOUS
10
6.34103
20
-3.27915
11
6.34033
21
-3.27748
0
LINE
8
BLACK
6
CONTINUOUS
10
6.34033
20
-3.27748
11
6.34033
21
-3.22
0
LINE
8
BLACK
6
CONTINUOUS
10
6.34033
20
-3.22
11
6.34103
21
-3.21833
0
LINE
8
BLACK
6
CONTINUOUS
10
6.34103
20
-3.21833
11
6.3427
21
-3.21764
0
LINE
8
BLACK
6
CONTINUOUS
10
6.3427
20
-3.21764
11
6.37931
21
-3.21764
0
LINE
8
BLACK
6
CONTINUOUS
10
6.37931
20
-3.21764
11
6.38098
21
-3.21833
0
LINE
8
BLACK
6
CONTINUOUS
10
6.31091
20
-3.26715
11
6.31246
21
-3.26844
0
LINE
8
BLACK
6
CONTINUOUS
10
6.31246
20
-3.26844
11
6.31281
21
-3.27043
0
LINE
8
BLACK
6
CONTINUOUS
10
6.31281
20
-3.27043
11
6.3118
21
-3.27218
0
LINE
8
BLACK
6
CONTINUOUS
10
6.3118
20
-3.27218
11
6.3099
21
-3.27287
0
LINE
8
BLACK
6
CONTINUOUS
10
6.3099
20
-3.27287
11
6.2499
21
-3.27287
0
LINE
8
BLACK
6
CONTINUOUS
10
6.2499
20
-3.27287
11
6.24889
21
-3.2727
0
LINE
8
BLACK
6
CONTINUOUS
10
6.24889
20
-3.2727
11
6.24734
21
-3.2714
0
LINE
8
BLACK
6
CONTINUOUS
10
6.24734
20
-3.2714
11
6.24699
21
-3.26941
0
LINE
8
BLACK
6
CONTINUOUS
10
6.24699
20
-3.26941
11
6.248
21
-3.26766
0
LINE
8
BLACK
6
CONTINUOUS
10
6.248
20
-3.26766
11
6.2499
21
-3.26697
0
LINE
8
BLACK
6
CONTINUOUS
10
6.2499
20
-3.26697
11
6.3099
21
-3.26697
0
LINE
8
BLACK
6
CONTINUOUS
10
6.3099
20
-3.26697
11
6.31091
21
-3.26715
0
LINE
8
BLACK
6
CONTINUOUS
10
5.96591
20
-3.26465
11
5.96746
21
-3.26594
0
LINE
8
BLACK
6
CONTINUOUS
10
5.96746
20
-3.26594
11
5.96781
21
-3.26793
0
LINE
8
BLACK
6
CONTINUOUS
10
5.96781
20
-3.26793
11
5.9668
21
-3.26968
0
LINE
8
BLACK
6
CONTINUOUS
10
5.9668
20
-3.26968
11
5.9649
21
-3.27037
0
LINE
8
BLACK
6
CONTINUOUS
10
5.9649
20
-3.27037
11
5.9049
21
-3.27037
0
LINE
8
BLACK
6
CONTINUOUS
10
5.9049
20
-3.27037
11
5.90389
21
-3.2702
0
LINE
8
BLACK
6
CONTINUOUS
10
5.90389
20
-3.2702
11
5.90234
21
-3.2689
0
LINE
8
BLACK
6
CONTINUOUS
10
5.90234
20
-3.2689
11
5.90199
21
-3.26691
0
LINE
8
BLACK
6
CONTINUOUS
10
5.90199
20
-3.26691
11
5.903
21
-3.26516
0
LINE
8
BLACK
6
CONTINUOUS
10
5.903
20
-3.26516
11
5.9049
21
-3.26447
0
LINE
8
BLACK
6
CONTINUOUS
10
5.9049
20
-3.26447
11
5.9649
21
-3.26447
0
LINE
8
BLACK
6
CONTINUOUS
10
5.9649
20
-3.26447
11
5.96591
21
-3.26465
0
LINE
8
BLACK
6
CONTINUOUS
10
5.52657
20
-3.23575
11
5.52726
21
-3.23742
0
LINE
8
BLACK
6
CONTINUOUS
10
5.52726
20
-3.23742
11
5.52726
21
-3.26742
0
LINE
8
BLACK
6
CONTINUOUS
10
5.52726
20
-3.26742
11
5.52657
21
-3.26909
0
LINE
8
BLACK
6
CONTINUOUS
10
5.52657
20
-3.26909
11
5.5249
21
-3.26978
0
LINE
8
BLACK
6
CONTINUOUS
10
5.5249
20
-3.26978
11
5.52323
21
-3.26909
0
LINE
8
BLACK
6
CONTINUOUS
10
5.52323
20
-3.26909
11
5.52254
21
-3.26742
0
LINE
8
BLACK
6
CONTINUOUS
10
5.52254
20
-3.26742
11
5.52254
21
-3.23742
0
LINE
8
BLACK
6
CONTINUOUS
10
5.52254
20
-3.23742
11
5.52323
21
-3.23575
0
LINE
8
BLACK
6
CONTINUOUS
10
5.52323
20
-3.23575
11
5.5249
21
-3.23506
0
LINE
8
BLACK
6
CONTINUOUS
10
5.5249
20
-3.23506
11
5.52657
21
-3.23575
0
LINE
8
BLACK
6
CONTINUOUS
10
5.58657
20
-3.23575
11
5.58726
21
-3.23742
0
LINE
8
BLACK
6
CONTINUOUS
10
5.58726
20
-3.23742
11
5.58726
21
-3.26742
0
LINE
8
BLACK
6
CONTINUOUS
10
5.58726
20
-3.26742
11
5.58657
21
-3.26909
0
LINE
8
BLACK
6
CONTINUOUS
10
5.58657
20
-3.26909
11
5.5849
21
-3.26978
0
LINE
8
BLACK
6
CONTINUOUS
10
5.5849
20
-3.26978
11
5.58323
21
-3.26909
0
LINE
8
BLACK
6
CONTINUOUS
10
5.58323
20
-3.26909
11
5.58254
21
-3.26742
0
LINE
8
BLACK
6
CONTINUOUS
10
5.58254
20
-3.26742
11
5.58254
21
-3.23742
0
LINE
8
BLACK
6
CONTINUOUS
10
5.58254
20
-3.23742
11
5.58323
21
-3.23575
0
LINE
8
BLACK
6
CONTINUOUS
10
5.58323
20
-3.23575
11
5.5849
21
-3.23506
0
LINE
8
BLACK
6
CONTINUOUS
10
5.5849
20
-3.23506
11
5.58657
21
-3.23575
0
LINE
8
BLACK
6
CONTINUOUS
10
5.30591
20
-3.26215
11
5.30746
21
-3.26344
0
LINE
8
BLACK
6
CONTINUOUS
10
5.30746
20
-3.26344
11
5.30781
21
-3.26543
0
LINE
8
BLACK
6
CONTINUOUS
10
5.30781
20
-3.26543
11
5.3068
21
-3.26718
0
LINE
8
BLACK
6
CONTINUOUS
10
5.3068
20
-3.26718
11
5.3049
21
-3.26787
0
LINE
8
BLACK
6
CONTINUOUS
10
5.3049
20
-3.26787
11
5.2449
21
-3.26787
0
LINE
8
BLACK
6
CONTINUOUS
10
5.2449
20
-3.26787
11
5.24389
21
-3.2677
0
LINE
8
BLACK
6
CONTINUOUS
10
5.24389
20
-3.2677
11
5.24234
21
-3.2664
0
LINE
8
BLACK
6
CONTINUOUS
10
5.24234
20
-3.2664
11
5.24199
21
-3.26441
0
LINE
8
BLACK
6
CONTINUOUS
10
5.24199
20
-3.26441
11
5.243
21
-3.26266
0
LINE
8
BLACK
6
CONTINUOUS
10
5.243
20
-3.26266
11
5.2449
21
-3.26197
0
LINE
8
BLACK
6
CONTINUOUS
10
5.2449
20
-3.26197
11
5.3049
21
-3.26197
0
LINE
8
BLACK
6
CONTINUOUS
10
5.3049
20
-3.26197
11
5.30591
21
-3.26215
0
LINE
8
BLACK
6
CONTINUOUS
10
6.05966
20
-3.19302
11
6.06035
21
-3.19492
0
LINE
8
BLACK
6
CONTINUOUS
10
6.06035
20
-3.19492
11
6.06035
21
-3.25492
0
LINE
8
BLACK
6
CONTINUOUS
10
6.06035
20
-3.25492
11
6.06018
21
-3.25593
0
LINE
8
BLACK
6
CONTINUOUS
10
6.06018
20
-3.25593
11
6.05888
21
-3.25748
0
LINE
8
BLACK
6
CONTINUOUS
10
6.05888
20
-3.25748
11
6.05689
21
-3.25783
0
LINE
8
BLACK
6
CONTINUOUS
10
6.05689
20
-3.25783
11
6.05514
21
-3.25682
0
LINE
8
BLACK
6
CONTINUOUS
10
6.05514
20
-3.25682
11
6.05445
21
-3.25492
0
LINE
8
BLACK
6
CONTINUOUS
10
6.05445
20
-3.25492
11
6.05445
21
-3.19492
0
LINE
8
BLACK
6
CONTINUOUS
10
6.05445
20
-3.19492
11
6.05463
21
-3.19391
0
LINE
8
BLACK
6
CONTINUOUS
10
6.05463
20
-3.19391
11
6.05593
21
-3.19236
0
LINE
8
BLACK
6
CONTINUOUS
10
6.05593
20
-3.19236
11
6.05791
21
-3.19201
0
LINE
8
BLACK
6
CONTINUOUS
10
6.05791
20
-3.19201
11
6.05966
21
-3.19302
0
LINE
8
BLACK
6
CONTINUOUS
10
6.17966
20
-3.19302
11
6.18035
21
-3.19492
0
LINE
8
BLACK
6
CONTINUOUS
10
6.18035
20
-3.19492
11
6.18035
21
-3.25492
0
LINE
8
BLACK
6
CONTINUOUS
10
6.18035
20
-3.25492
11
6.18018
21
-3.25593
0
LINE
8
BLACK
6
CONTINUOUS
10
6.18018
20
-3.25593
11
6.17888
21
-3.25748
0
LINE
8
BLACK
6
CONTINUOUS
10
6.17888
20
-3.25748
11
6.17689
21
-3.25783
0
LINE
8
BLACK
6
CONTINUOUS
10
6.17689
20
-3.25783
11
6.17514
21
-3.25682
0
LINE
8
BLACK
6
CONTINUOUS
10
6.17514
20
-3.25682
11
6.17445
21
-3.25492
0
LINE
8
BLACK
6
CONTINUOUS
10
6.17445
20
-3.25492
11
6.17445
21
-3.19492
0
LINE
8
BLACK
6
CONTINUOUS
10
6.17445
20
-3.19492
11
6.17463
21
-3.19391
0
LINE
8
BLACK
6
CONTINUOUS
10
6.17463
20
-3.19391
11
6.17593
21
-3.19236
0
LINE
8
BLACK
6
CONTINUOUS
10
6.17593
20
-3.19236
11
6.17791
21
-3.19201
0
LINE
8
BLACK
6
CONTINUOUS
10
6.17791
20
-3.19201
11
6.17966
21
-3.19302
0
LINE
8
BLACK
6
CONTINUOUS
10
6.13407
20
-3.25325
11
6.13476
21
-3.25492
0
LINE
8
BLACK
6
CONTINUOUS
10
6.13476
20
-3.25492
11
6.13407
21
-3.25659
0
LINE
8
BLACK
6
CONTINUOUS
10
6.13407
20
-3.25659
11
6.1324
21
-3.25728
0
LINE
8
BLACK
6
CONTINUOUS
10
6.1324
20
-3.25728
11
6.1024
21
-3.25728
0
LINE
8
BLACK
6
CONTINUOUS
10
6.1024
20
-3.25728
11
6.10073
21
-3.25659
0
LINE
8
BLACK
6
CONTINUOUS
10
6.10073
20
-3.25659
11
6.10004
21
-3.25492
0
LINE
8
BLACK
6
CONTINUOUS
10
6.10004
20
-3.25492
11
6.10073
21
-3.25325
0
LINE
8
BLACK
6
CONTINUOUS
10
6.10073
20
-3.25325
11
6.1024
21
-3.25256
0
LINE
8
BLACK
6
CONTINUOUS
10
6.1024
20
-3.25256
11
6.1324
21
-3.25256
0
LINE
8
BLACK
6
CONTINUOUS
10
6.1324
20
-3.25256
11
6.13407
21
-3.25325
0
LINE
8
BLACK
6
CONTINUOUS
10
5.67657
20
-3.21075
11
5.67726
21
-3.21242
0
LINE
8
BLACK
6
CONTINUOUS
10
5.67726
20
-3.21242
11
5.67726
21
-3.24242
0
LINE
8
BLACK
6
CONTINUOUS
10
5.67726
20
-3.24242
11
5.67657
21
-3.24409
0
LINE
8
BLACK
6
CONTINUOUS
10
5.67657
20
-3.24409
11
5.6749
21
-3.24478
0
LINE
8
BLACK
6
CONTINUOUS
10
5.6749
20
-3.24478
11
5.67323
21
-3.24409
0
LINE
8
BLACK
6
CONTINUOUS
10
5.67323
20
-3.24409
11
5.67254
21
-3.24242
0
LINE
8
BLACK
6
CONTINUOUS
10
5.67254
20
-3.24242
11
5.67254
21
-3.21242
0
LINE
8
BLACK
6
CONTINUOUS
10
5.67254
20
-3.21242
11
5.67323
21
-3.21075
0
LINE
8
BLACK
6
CONTINUOUS
10
5.67323
20
-3.21075
11
5.6749
21
-3.21006
0
LINE
8
BLACK
6
CONTINUOUS
10
5.6749
20
-3.21006
11
5.67657
21
-3.21075
0
LINE
8
BLACK
6
CONTINUOUS
10
5.61657
20
-3.21075
11
5.61726
21
-3.21242
0
LINE
8
BLACK
6
CONTINUOUS
10
5.61726
20
-3.21242
11
5.61726
21
-3.24242
0
LINE
8
BLACK
6
CONTINUOUS
10
5.61726
20
-3.24242
11
5.61657
21
-3.24409
0
LINE
8
BLACK
6
CONTINUOUS
10
5.61657
20
-3.24409
11
5.6149
21
-3.24478
0
LINE
8
BLACK
6
CONTINUOUS
10
5.6149
20
-3.24478
11
5.61323
21
-3.24409
0
LINE
8
BLACK
6
CONTINUOUS
10
5.61323
20
-3.24409
11
5.61254
21
-3.24242
0
LINE
8
BLACK
6
CONTINUOUS
10
5.61254
20
-3.24242
11
5.61254
21
-3.21242
0
LINE
8
BLACK
6
CONTINUOUS
10
5.61254
20
-3.21242
11
5.61323
21
-3.21075
0
LINE
8
BLACK
6
CONTINUOUS
10
5.61323
20
-3.21075
11
5.6149
21
-3.21006
0
LINE
8
BLACK
6
CONTINUOUS
10
5.6149
20
-3.21006
11
5.61657
21
-3.21075
0
LINE
8
BLACK
6
CONTINUOUS
10
5.16961
20
-3.22687
11
5.16892
21
-3.2252
0
LINE
8
BLACK
6
CONTINUOUS
10
5.16892
20
-3.2252
11
5.16892
21
-3.15236
0
LINE
8
BLACK
6
CONTINUOUS
10
5.16892
20
-3.15236
11
5.16961
21
-3.15069
0
LINE
8
BLACK
6
CONTINUOUS
10
5.16961
20
-3.15069
11
5.17128
21
-3.15
0
LINE
8
BLACK
6
CONTINUOUS
10
5.17128
20
-3.15
11
5.17295
21
-3.15069
0
LINE
8
BLACK
6
CONTINUOUS
10
5.17295
20
-3.15069
11
5.17364
21
-3.15236
0
LINE
8
BLACK
6
CONTINUOUS
10
5.17364
20
-3.15236
11
5.17364
21
-3.22283
0
LINE
8
BLACK
6
CONTINUOUS
10
5.17364
20
-3.22283
11
5.21616
21
-3.22283
0
LINE
8
BLACK
6
CONTINUOUS
10
5.21616
20
-3.22283
11
5.21616
21
-3.15236
0
LINE
8
BLACK
6
CONTINUOUS
10
5.21616
20
-3.15236
11
5.21685
21
-3.15069
0
LINE
8
BLACK
6
CONTINUOUS
10
5.21685
20
-3.15069
11
5.21852
21
-3.15
0
LINE
8
BLACK
6
CONTINUOUS
10
5.21852
20
-3.15
11
5.22019
21
-3.15069
0
LINE
8
BLACK
6
CONTINUOUS
10
5.22019
20
-3.15069
11
5.22089
21
-3.15236
0
LINE
8
BLACK
6
CONTINUOUS
10
5.22089
20
-3.15236
11
5.22089
21
-3.2252
0
LINE
8
BLACK
6
CONTINUOUS
10
5.22089
20
-3.2252
11
5.22019
21
-3.22687
0
LINE
8
BLACK
6
CONTINUOUS
10
5.22019
20
-3.22687
11
5.21852
21
-3.22756
0
LINE
8
BLACK
6
CONTINUOUS
10
5.21852
20
-3.22756
11
5.17128
21
-3.22756
0
LINE
8
BLACK
6
CONTINUOUS
10
5.17128
20
-3.22756
11
5.16961
21
-3.22687
0
LINE
8
BLACK
6
CONTINUOUS
10
6.31157
20
-3.19325
11
6.31226
21
-3.19492
0
LINE
8
BLACK
6
CONTINUOUS
10
6.31226
20
-3.19492
11
6.31226
21
-3.22492
0
LINE
8
BLACK
6
CONTINUOUS
10
6.31226
20
-3.22492
11
6.31157
21
-3.22659
0
LINE
8
BLACK
6
CONTINUOUS
10
6.31157
20
-3.22659
11
6.3099
21
-3.22728
0
LINE
8
BLACK
6
CONTINUOUS
10
6.3099
20
-3.22728
11
6.30823
21
-3.22659
0
LINE
8
BLACK
6
CONTINUOUS
10
6.30823
20
-3.22659
11
6.30754
21
-3.22492
0
LINE
8
BLACK
6
CONTINUOUS
10
6.30754
20
-3.22492
11
6.30754
21
-3.19492
0
LINE
8
BLACK
6
CONTINUOUS
10
6.30754
20
-3.19492
11
6.30823
21
-3.19325
0
LINE
8
BLACK
6
CONTINUOUS
10
6.30823
20
-3.19325
11
6.3099
21
-3.19256
0
LINE
8
BLACK
6
CONTINUOUS
10
6.3099
20
-3.19256
11
6.31157
21
-3.19325
0
LINE
8
BLACK
6
CONTINUOUS
10
6.25157
20
-3.19325
11
6.25226
21
-3.19492
0
LINE
8
BLACK
6
CONTINUOUS
10
6.25226
20
-3.19492
11
6.25226
21
-3.22492
0
LINE
8
BLACK
6
CONTINUOUS
10
6.25226
20
-3.22492
11
6.25157
21
-3.22659
0
LINE
8
BLACK
6
CONTINUOUS
10
6.25157
20
-3.22659
11
6.2499
21
-3.22728
0
LINE
8
BLACK
6
CONTINUOUS
10
6.2499
20
-3.22728
11
6.24823
21
-3.22659
0
LINE
8
BLACK
6
CONTINUOUS
10
6.24823
20
-3.22659
11
6.24754
21
-3.22492
0
LINE
8
BLACK
6
CONTINUOUS
10
6.24754
20
-3.22492
11
6.24754
21
-3.19492
0
LINE
8
BLACK
6
CONTINUOUS
10
6.24754
20
-3.19492
11
6.24823
21
-3.19325
0
LINE
8
BLACK
6
CONTINUOUS
10
6.24823
20
-3.19325
11
6.2499
21
-3.19256
0
LINE
8
BLACK
6
CONTINUOUS
10
6.2499
20
-3.19256
11
6.25157
21
-3.19325
0
LINE
8
BLACK
6
CONTINUOUS
10
5.77091
20
-3.21965
11
5.77246
21
-3.22094
0
LINE
8
BLACK
6
CONTINUOUS
10
5.77246
20
-3.22094
11
5.77281
21
-3.22293
0
LINE
8
BLACK
6
CONTINUOUS
10
5.77281
20
-3.22293
11
5.7718
21
-3.22468
0
LINE
8
BLACK
6
CONTINUOUS
10
5.7718
20
-3.22468
11
5.7699
21
-3.22537
0
LINE
8
BLACK
6
CONTINUOUS
10
5.7699
20
-3.22537
11
5.7099
21
-3.22537
0
LINE
8
BLACK
6
CONTINUOUS
10
5.7099
20
-3.22537
11
5.70889
21
-3.2252
0
LINE
8
BLACK
6
CONTINUOUS
10
5.70889
20
-3.2252
11
5.70734
21
-3.2239
0
LINE
8
BLACK
6
CONTINUOUS
10
5.70734
20
-3.2239
11
5.70699
21
-3.22191
0
LINE
8
BLACK
6
CONTINUOUS
10
5.70699
20
-3.22191
11
5.708
21
-3.22016
0
LINE
8
BLACK
6
CONTINUOUS
10
5.708
20
-3.22016
11
5.7099
21
-3.21947
0
LINE
8
BLACK
6
CONTINUOUS
10
5.7099
20
-3.21947
11
5.7699
21
-3.21947
0
LINE
8
BLACK
6
CONTINUOUS
10
5.7699
20
-3.21947
11
5.77091
21
-3.21965
0
LINE
8
BLACK
6
CONTINUOUS
10
5.96657
20
-3.19075
11
5.96726
21
-3.19242
0
LINE
8
BLACK
6
CONTINUOUS
10
5.96726
20
-3.19242
11
5.96726
21
-3.22242
0
LINE
8
BLACK
6
CONTINUOUS
10
5.96726
20
-3.22242
11
5.96657
21
-3.22409
0
LINE
8
BLACK
6
CONTINUOUS
10
5.96657
20
-3.22409
11
5.9649
21
-3.22478
0
LINE
8
BLACK
6
CONTINUOUS
10
5.9649
20
-3.22478
11
5.96323
21
-3.22409
0
LINE
8
BLACK
6
CONTINUOUS
10
5.96323
20
-3.22409
11
5.96254
21
-3.22242
0
LINE
8
BLACK
6
CONTINUOUS
10
5.96254
20
-3.22242
11
5.96254
21
-3.19242
0
LINE
8
BLACK
6
CONTINUOUS
10
5.96254
20
-3.19242
11
5.96323
21
-3.19075
0
LINE
8
BLACK
6
CONTINUOUS
10
5.96323
20
-3.19075
11
5.9649
21
-3.19006
0
LINE
8
BLACK
6
CONTINUOUS
10
5.9649
20
-3.19006
11
5.96657
21
-3.19075
0
LINE
8
BLACK
6
CONTINUOUS
10
5.90657
20
-3.19075
11
5.90726
21
-3.19242
0
LINE
8
BLACK
6
CONTINUOUS
10
5.90726
20
-3.19242
11
5.90726
21
-3.22242
0
LINE
8
BLACK
6
CONTINUOUS
10
5.90726
20
-3.22242
11
5.90657
21
-3.22409
0
LINE
8
BLACK
6
CONTINUOUS
10
5.90657
20
-3.22409
11
5.9049
21
-3.22478
0
LINE
8
BLACK
6
CONTINUOUS
10
5.9049
20
-3.22478
11
5.90323
21
-3.22409
0
LINE
8
BLACK
6
CONTINUOUS
10
5.90323
20
-3.22409
11
5.90254
21
-3.22242
0
LINE
8
BLACK
6
CONTINUOUS
10
5.90254
20
-3.22242
11
5.90254
21
-3.19242
0
LINE
8
BLACK
6
CONTINUOUS
10
5.90254
20
-3.19242
11
5.90323
21
-3.19075
0
LINE
8
BLACK
6
CONTINUOUS
10
5.90323
20
-3.19075
11
5.9049
21
-3.19006
0
LINE
8
BLACK
6
CONTINUOUS
10
5.9049
20
-3.19006
11
5.90657
21
-3.19075
0
LINE
8
BLACK
6
CONTINUOUS
10
5.24657
20
-3.18825
11
5.24726
21
-3.18992
0
LINE
8
BLACK
6
CONTINUOUS
10
5.24726
20
-3.18992
11
5.24726
21
-3.21992
0
LINE
8
BLACK
6
CONTINUOUS
10
5.24726
20
-3.21992
11
5.24657
21
-3.22159
0
LINE
8
BLACK
6
CONTINUOUS
10
5.24657
20
-3.22159
11
5.2449
21
-3.22228
0
LINE
8
BLACK
6
CONTINUOUS
10
5.2449
20
-3.22228
11
5.24323
21
-3.22159
0
LINE
8
BLACK
6
CONTINUOUS
10
5.24323
20
-3.22159
11
5.24254
21
-3.21992
0
LINE
8
BLACK
6
CONTINUOUS
10
5.24254
20
-3.21992
11
5.24254
21
-3.18992
0
LINE
8
BLACK
6
CONTINUOUS
10
5.24254
20
-3.18992
11
5.24323
21
-3.18825
0
LINE
8
BLACK
6
CONTINUOUS
10
5.24323
20
-3.18825
11
5.2449
21
-3.18756
0
LINE
8
BLACK
6
CONTINUOUS
10
5.2449
20
-3.18756
11
5.24657
21
-3.18825
0
LINE
8
BLACK
6
CONTINUOUS
10
5.30657
20
-3.18825
11
5.30726
21
-3.18992
0
LINE
8
BLACK
6
CONTINUOUS
10
5.30726
20
-3.18992
11
5.30726
21
-3.21992
0
LINE
8
BLACK
6
CONTINUOUS
10
5.30726
20
-3.21992
11
5.30657
21
-3.22159
0
LINE
8
BLACK
6
CONTINUOUS
10
5.30657
20
-3.22159
11
5.3049
21
-3.22228
0
LINE
8
BLACK
6
CONTINUOUS
10
5.3049
20
-3.22228
11
5.30323
21
-3.22159
0
LINE
8
BLACK
6
CONTINUOUS
10
5.30323
20
-3.22159
11
5.30254
21
-3.21992
0
LINE
8
BLACK
6
CONTINUOUS
10
5.30254
20
-3.21992
11
5.30254
21
-3.18992
0
LINE
8
BLACK
6
CONTINUOUS
10
5.30254
20
-3.18992
11
5.30323
21
-3.18825
0
LINE
8
BLACK
6
CONTINUOUS
10
5.30323
20
-3.18825
11
5.3049
21
-3.18756
0
LINE
8
BLACK
6
CONTINUOUS
10
5.3049
20
-3.18756
11
5.30657
21
-3.18825
0
LINE
8
BLACK
6
CONTINUOUS
10
5.50591
20
-3.20465
11
5.50746
21
-3.20594
0
LINE
8
BLACK
6
CONTINUOUS
10
5.50746
20
-3.20594
11
5.50781
21
-3.20793
0
LINE
8
BLACK
6
CONTINUOUS
10
5.50781
20
-3.20793
11
5.5068
21
-3.20968
0
LINE
8
BLACK
6
CONTINUOUS
10
5.5068
20
-3.20968
11
5.5049
21
-3.21037
0
LINE
8
BLACK
6
CONTINUOUS
10
5.5049
20
-3.21037
11
5.4449
21
-3.21037
0
LINE
8
BLACK
6
CONTINUOUS
10
5.4449
20
-3.21037
11
5.44389
21
-3.2102
0
LINE
8
BLACK
6
CONTINUOUS
10
5.44389
20
-3.2102
11
5.44234
21
-3.2089
0
LINE
8
BLACK
6
CONTINUOUS
10
5.44234
20
-3.2089
11
5.44199
21
-3.20691
0
LINE
8
BLACK
6
CONTINUOUS
10
5.44199
20
-3.20691
11
5.443
21
-3.20516
0
LINE
8
BLACK
6
CONTINUOUS
10
5.443
20
-3.20516
11
5.4449
21
-3.20447
0
LINE
8
BLACK
6
CONTINUOUS
10
5.4449
20
-3.20447
11
5.5049
21
-3.20447
0
LINE
8
BLACK
6
CONTINUOUS
10
5.5049
20
-3.20447
11
5.50591
21
-3.20465
0
LINE
8
BLACK
6
CONTINUOUS
10
6.13407
20
-3.19325
11
6.13476
21
-3.19492
0
LINE
8
BLACK
6
CONTINUOUS
10
6.13476
20
-3.19492
11
6.13407
21
-3.19659
0
LINE
8
BLACK
6
CONTINUOUS
10
6.13407
20
-3.19659
11
6.1324
21
-3.19728
0
LINE
8
BLACK
6
CONTINUOUS
10
6.1324
20
-3.19728
11
6.1024
21
-3.19728
0
LINE
8
BLACK
6
CONTINUOUS
10
6.1024
20
-3.19728
11
6.10073
21
-3.19659
0
LINE
8
BLACK
6
CONTINUOUS
10
6.10073
20
-3.19659
11
6.10004
21
-3.19492
0
LINE
8
BLACK
6
CONTINUOUS
10
6.10004
20
-3.19492
11
6.10073
21
-3.19325
0
LINE
8
BLACK
6
CONTINUOUS
10
6.10073
20
-3.19325
11
6.1024
21
-3.19256
0
LINE
8
BLACK
6
CONTINUOUS
10
6.1024
20
-3.19256
11
6.1324
21
-3.19256
0
LINE
8
BLACK
6
CONTINUOUS
10
6.1324
20
-3.19256
11
6.13407
21
-3.19325
0
LINE
8
BLACK
6
CONTINUOUS
10
5.58591
20
-3.18965
11
5.58746
21
-3.19094
0
LINE
8
BLACK
6
CONTINUOUS
10
5.58746
20
-3.19094
11
5.58781
21
-3.19293
0
LINE
8
BLACK
6
CONTINUOUS
10
5.58781
20
-3.19293
11
5.5868
21
-3.19468
0
LINE
8
BLACK
6
CONTINUOUS
10
5.5868
20
-3.19468
11
5.5849
21
-3.19537
0
LINE
8
BLACK
6
CONTINUOUS
10
5.5849
20
-3.19537
11
5.5249
21
-3.19537
0
LINE
8
BLACK
6
CONTINUOUS
10
5.5249
20
-3.19537
11
5.52389
21
-3.1952
0
LINE
8
BLACK
6
CONTINUOUS
10
5.52389
20
-3.1952
11
5.52234
21
-3.1939
0
LINE
8
BLACK
6
CONTINUOUS
10
5.52234
20
-3.1939
11
5.52199
21
-3.19191
0
LINE
8
BLACK
6
CONTINUOUS
10
5.52199
20
-3.19191
11
5.523
21
-3.19016
0
LINE
8
BLACK
6
CONTINUOUS
10
5.523
20
-3.19016
11
5.5249
21
-3.18947
0
LINE
8
BLACK
6
CONTINUOUS
10
5.5249
20
-3.18947
11
5.5849
21
-3.18947
0
LINE
8
BLACK
6
CONTINUOUS
10
5.5849
20
-3.18947
11
5.58591
21
-3.18965
0
LINE
8
BLACK
6
CONTINUOUS
10
5.53029
20
-3.13501
11
5.53098
21
-3.1369
0
LINE
8
BLACK
6
CONTINUOUS
10
5.53098
20
-3.1369
11
5.53098
21
-3.16455
0
LINE
8
BLACK
6
CONTINUOUS
10
5.53098
20
-3.16455
11
5.53248
21
-3.16906
0
LINE
8
BLACK
6
CONTINUOUS
10
5.53248
20
-3.16906
11
5.53524
21
-3.17182
0
LINE
8
BLACK
6
CONTINUOUS
10
5.53524
20
-3.17182
11
5.53975
21
-3.17332
0
LINE
8
BLACK
6
CONTINUOUS
10
5.53975
20
-3.17332
11
5.54302
21
-3.17332
0
LINE
8
BLACK
6
CONTINUOUS
10
5.54302
20
-3.17332
11
5.54403
21
-3.1735
0
LINE
8
BLACK
6
CONTINUOUS
10
5.54403
20
-3.1735
11
5.54558
21
-3.1748
0
LINE
8
BLACK
6
CONTINUOUS
10
5.54558
20
-3.1748
11
5.54593
21
-3.17679
0
LINE
8
BLACK
6
CONTINUOUS
10
5.54593
20
-3.17679
11
5.54492
21
-3.17854
0
LINE
8
BLACK
6
CONTINUOUS
10
5.54492
20
-3.17854
11
5.54302
21
-3.17923
0
LINE
8
BLACK
6
CONTINUOUS
10
5.54302
20
-3.17923
11
5.53927
21
-3.17923
0
LINE
8
BLACK
6
CONTINUOUS
10
5.53927
20
-3.17923
11
5.5384
21
-3.17907
0
LINE
8
BLACK
6
CONTINUOUS
10
5.5384
20
-3.17907
11
5.53834
21
-3.17908
0
LINE
8
BLACK
6
CONTINUOUS
10
5.53834
20
-3.17908
11
5.53272
21
-3.1772
0
LINE
8
BLACK
6
CONTINUOUS
10
5.53272
20
-3.1772
11
5.53181
21
-3.17671
0
LINE
8
BLACK
6
CONTINUOUS
10
5.53181
20
-3.17671
11
5.53172
21
-3.17656
0
LINE
8
BLACK
6
CONTINUOUS
10
5.53172
20
-3.17656
11
5.53156
21
-3.17649
0
LINE
8
BLACK
6
CONTINUOUS
10
5.53156
20
-3.17649
11
5.52781
21
-3.17274
0
LINE
8
BLACK
6
CONTINUOUS
10
5.52781
20
-3.17274
11
5.52722
21
-3.1719
0
LINE
8
BLACK
6
CONTINUOUS
10
5.52722
20
-3.1719
11
5.52721
21
-3.17172
0
LINE
8
BLACK
6
CONTINUOUS
10
5.52721
20
-3.17172
11
5.5271
21
-3.17158
0
LINE
8
BLACK
6
CONTINUOUS
10
5.5271
20
-3.17158
11
5.52522
21
-3.16596
0
LINE
8
BLACK
6
CONTINUOUS
10
5.52522
20
-3.16596
11
5.52509
21
-3.16509
0
LINE
8
BLACK
6
CONTINUOUS
10
5.52509
20
-3.16509
11
5.52507
21
-3.16503
0
LINE
8
BLACK
6
CONTINUOUS
10
5.52507
20
-3.16503
11
5.52507
21
-3.1369
0
LINE
8
BLACK
6
CONTINUOUS
10
5.52507
20
-3.1369
11
5.52525
21
-3.13589
0
LINE
8
BLACK
6
CONTINUOUS
10
5.52525
20
-3.13589
11
5.52655
21
-3.13435
0
LINE
8
BLACK
6
CONTINUOUS
10
5.52655
20
-3.13435
11
5.52854
21
-3.134
0
LINE
8
BLACK
6
CONTINUOUS
10
5.52854
20
-3.134
11
5.53029
21
-3.13501
0
LINE
8
BLACK
6
CONTINUOUS
10
6.13904
20
-3.13413
11
6.14058
21
-3.13543
0
LINE
8
BLACK
6
CONTINUOUS
10
6.14058
20
-3.13543
11
6.14093
21
-3.13742
0
LINE
8
BLACK
6
CONTINUOUS
10
6.14093
20
-3.13742
11
6.13992
21
-3.13917
0
LINE
8
BLACK
6
CONTINUOUS
10
6.13992
20
-3.13917
11
6.13803
21
-3.13986
0
LINE
8
BLACK
6
CONTINUOUS
10
6.13803
20
-3.13986
11
6.12016
21
-3.13986
0
LINE
8
BLACK
6
CONTINUOUS
10
6.12016
20
-3.13986
11
6.129
21
-3.14996
0
LINE
8
BLACK
6
CONTINUOUS
10
6.129
20
-3.14996
11
6.12923
21
-3.15034
0
LINE
8
BLACK
6
CONTINUOUS
10
6.12923
20
-3.15034
11
6.12934
21
-3.15043
0
LINE
8
BLACK
6
CONTINUOUS
10
6.12934
20
-3.15043
11
6.12936
21
-3.15055
0
LINE
8
BLACK
6
CONTINUOUS
10
6.12936
20
-3.15055
11
6.12953
21
-3.15084
0
LINE
8
BLACK
6
CONTINUOUS
10
6.12953
20
-3.15084
11
6.12955
21
-3.15163
0
LINE
8
BLACK
6
CONTINUOUS
10
6.12955
20
-3.15163
11
6.12969
21
-3.15242
0
LINE
8
BLACK
6
CONTINUOUS
10
6.12969
20
-3.15242
11
6.12957
21
-3.15262
0
LINE
8
BLACK
6
CONTINUOUS
10
6.12957
20
-3.15262
11
6.12957
21
-3.15286
0
LINE
8
BLACK
6
CONTINUOUS
10
6.12957
20
-3.15286
11
6.12907
21
-3.15348
0
LINE
8
BLACK
6
CONTINUOUS
10
6.12907
20
-3.15348
11
6.12868
21
-3.15416
0
LINE
8
BLACK
6
CONTINUOUS
10
6.12868
20
-3.15416
11
6.12845
21
-3.15425
0
LINE
8
BLACK
6
CONTINUOUS
10
6.12845
20
-3.15425
11
6.12831
21
-3.15443
0
LINE
8
BLACK
6
CONTINUOUS
10
6.12831
20
-3.15443
11
6.12753
21
-3.15458
0
LINE
8
BLACK
6
CONTINUOUS
10
6.12753
20
-3.15458
11
6.12678
21
-3.15486
0
LINE
8
BLACK
6
CONTINUOUS
10
6.12678
20
-3.15486
11
6.12185
21
-3.15486
0
LINE
8
BLACK
6
CONTINUOUS
10
6.12185
20
-3.15486
11
6.11915
21
-3.1562
0
LINE
8
BLACK
6
CONTINUOUS
10
6.11915
20
-3.1562
11
6.11796
21
-3.1574
0
LINE
8
BLACK
6
CONTINUOUS
10
6.11796
20
-3.1574
11
6.11661
21
-3.1601
0
LINE
8
BLACK
6
CONTINUOUS
10
6.11661
20
-3.1601
11
6.11661
21
-3.16808
0
LINE
8
BLACK
6
CONTINUOUS
10
6.11661
20
-3.16808
11
6.11796
21
-3.17078
0
LINE
8
BLACK
6
CONTINUOUS
10
6.11796
20
-3.17078
11
6.11915
21
-3.17197
0
LINE
8
BLACK
6
CONTINUOUS
10
6.11915
20
-3.17197
11
6.12185
21
-3.17332
0
LINE
8
BLACK
6
CONTINUOUS
10
6.12185
20
-3.17332
11
6.13171
21
-3.17332
0
LINE
8
BLACK
6
CONTINUOUS
10
6.13171
20
-3.17332
11
6.1344
21
-3.17197
0
LINE
8
BLACK
6
CONTINUOUS
10
6.1344
20
-3.17197
11
6.13594
21
-3.17044
0
LINE
8
BLACK
6
CONTINUOUS
10
6.13594
20
-3.17044
11
6.13678
21
-3.16985
0
LINE
8
BLACK
6
CONTINUOUS
10
6.13678
20
-3.16985
11
6.13879
21
-3.16967
0
LINE
8
BLACK
6
CONTINUOUS
10
6.13879
20
-3.16967
11
6.14045
21
-3.17083
0
LINE
8
BLACK
6
CONTINUOUS
10
6.14045
20
-3.17083
11
6.14097
21
-3.17278
0
LINE
8
BLACK
6
CONTINUOUS
10
6.14097
20
-3.17278
11
6.14011
21
-3.17461
0
LINE
8
BLACK
6
CONTINUOUS
10
6.14011
20
-3.17461
11
6.13824
21
-3.17649
0
LINE
8
BLACK
6
CONTINUOUS
10
6.13824
20
-3.17649
11
6.13752
21
-3.17699
0
LINE
8
BLACK
6
CONTINUOUS
10
6.13752
20
-3.17699
11
6.13747
21
-3.17704
0
LINE
8
BLACK
6
CONTINUOUS
10
6.13747
20
-3.17704
11
6.13372
21
-3.17892
0
LINE
8
BLACK
6
CONTINUOUS
10
6.13372
20
-3.17892
11
6.13274
21
-3.17921
0
LINE
8
BLACK
6
CONTINUOUS
10
6.13274
20
-3.17921
11
6.13257
21
-3.17917
0
LINE
8
BLACK
6
CONTINUOUS
10
6.13257
20
-3.17917
11
6.1324
21
-3.17923
0
LINE
8
BLACK
6
CONTINUOUS
10
6.1324
20
-3.17923
11
6.12115
21
-3.17923
0
LINE
8
BLACK
6
CONTINUOUS
10
6.12115
20
-3.17923
11
6.12014
21
-3.17905
0
LINE
8
BLACK
6
CONTINUOUS
10
6.12014
20
-3.17905
11
6.12001
21
-3.17894
0
LINE
8
BLACK
6
CONTINUOUS
10
6.12001
20
-3.17894
11
6.11983
21
-3.17892
0
LINE
8
BLACK
6
CONTINUOUS
10
6.11983
20
-3.17892
11
6.11608
21
-3.17704
0
LINE
8
BLACK
6
CONTINUOUS
10
6.11608
20
-3.17704
11
6.11537
21
-3.17652
0
LINE
8
BLACK
6
CONTINUOUS
10
6.11537
20
-3.17652
11
6.11532
21
-3.17649
0
LINE
8
BLACK
6
CONTINUOUS
10
6.11532
20
-3.17649
11
6.11344
21
-3.17461
0
LINE
8
BLACK
6
CONTINUOUS
10
6.11344
20
-3.17461
11
6.11294
21
-3.17389
0
LINE
8
BLACK
6
CONTINUOUS
10
6.11294
20
-3.17389
11
6.11289
21
-3.17385
0
LINE
8
BLACK
6
CONTINUOUS
10
6.11289
20
-3.17385
11
6.11101
21
-3.1701
0
LINE
8
BLACK
6
CONTINUOUS
10
6.11101
20
-3.1701
11
6.11072
21
-3.16911
0
LINE
8
BLACK
6
CONTINUOUS
10
6.11072
20
-3.16911
11
6.11076
21
-3.16894
0
LINE
8
BLACK
6
CONTINUOUS
10
6.11076
20
-3.16894
11
6.1107
21
-3.16878
0
LINE
8
BLACK
6
CONTINUOUS
10
6.1107
20
-3.16878
11
6.1107
21
-3.1594
0
LINE
8
BLACK
6
CONTINUOUS
10
6.1107
20
-3.1594
11
6.11088
21
-3.15839
0
LINE
8
BLACK
6
CONTINUOUS
10
6.11088
20
-3.15839
11
6.11099
21
-3.15826
0
LINE
8
BLACK
6
CONTINUOUS
10
6.11099
20
-3.15826
11
6.11101
21
-3.15808
0
LINE
8
BLACK
6
CONTINUOUS
10
6.11101
20
-3.15808
11
6.11289
21
-3.15433
0
LINE
8
BLACK
6
CONTINUOUS
10
6.11289
20
-3.15433
11
6.11341
21
-3.15362
0
LINE
8
BLACK
6
CONTINUOUS
10
6.11341
20
-3.15362
11
6.11344
21
-3.15356
0
LINE
8
BLACK
6
CONTINUOUS
10
6.11344
20
-3.15356
11
6.11532
21
-3.15169
0
LINE
8
BLACK
6
CONTINUOUS
10
6.11532
20
-3.15169
11
6.11604
21
-3.15118
0
LINE
8
BLACK
6
CONTINUOUS
10
6.11604
20
-3.15118
11
6.11608
21
-3.15114
0
LINE
8
BLACK
6
CONTINUOUS
10
6.11608
20
-3.15114
11
6.11983
21
-3.14926
0
LINE
8
BLACK
6
CONTINUOUS
10
6.11983
20
-3.14926
11
6.1204
21
-3.14909
0
LINE
8
BLACK
6
CONTINUOUS
10
6.1204
20
-3.14909
11
6.11143
21
-3.13885
0
LINE
8
BLACK
6
CONTINUOUS
10
6.11143
20
-3.13885
11
6.1112
21
-3.13847
0
LINE
8
BLACK
6
CONTINUOUS
10
6.1112
20
-3.13847
11
6.1111
21
-3.13838
0
LINE
8
BLACK
6
CONTINUOUS
10
6.1111
20
-3.13838
11
6.11108
21
-3.13826
0
LINE
8
BLACK
6
CONTINUOUS
10
6.11108
20
-3.13826
11
6.1109
21
-3.13797
0
LINE
8
BLACK
6
CONTINUOUS
10
6.1109
20
-3.13797
11
6.11089
21
-3.13718
0
LINE
8
BLACK
6
CONTINUOUS
10
6.11089
20
-3.13718
11
6.11075
21
-3.13639
0
LINE
8
BLACK
6
CONTINUOUS
10
6.11075
20
-3.13639
11
6.11086
21
-3.13619
0
LINE
8
BLACK
6
CONTINUOUS
10
6.11086
20
-3.13619
11
6.11086
21
-3.13595
0
LINE
8
BLACK
6
CONTINUOUS
10
6.11086
20
-3.13595
11
6.11136
21
-3.13533
0
LINE
8
BLACK
6
CONTINUOUS
10
6.11136
20
-3.13533
11
6.11176
21
-3.13464
0
LINE
8
BLACK
6
CONTINUOUS
10
6.11176
20
-3.13464
11
6.11198
21
-3.13456
0
LINE
8
BLACK
6
CONTINUOUS
10
6.11198
20
-3.13456
11
6.11213
21
-3.13438
0
LINE
8
BLACK
6
CONTINUOUS
10
6.11213
20
-3.13438
11
6.11291
21
-3.13422
0
LINE
8
BLACK
6
CONTINUOUS
10
6.11291
20
-3.13422
11
6.11365
21
-3.13395
0
LINE
8
BLACK
6
CONTINUOUS
10
6.11365
20
-3.13395
11
6.13803
21
-3.13395
0
LINE
8
BLACK
6
CONTINUOUS
10
6.13803
20
-3.13395
11
6.13904
21
-3.13413
0
LINE
8
BLACK
6
CONTINUOUS
10
6.15529
20
-3.13501
11
6.15598
21
-3.1369
0
LINE
8
BLACK
6
CONTINUOUS
10
6.15598
20
-3.1369
11
6.15598
21
-3.16455
0
LINE
8
BLACK
6
CONTINUOUS
10
6.15598
20
-3.16455
11
6.15748
21
-3.16906
0
LINE
8
BLACK
6
CONTINUOUS
10
6.15748
20
-3.16906
11
6.16024
21
-3.17182
0
LINE
8
BLACK
6
CONTINUOUS
10
6.16024
20
-3.17182
11
6.16475
21
-3.17332
0
LINE
8
BLACK
6
CONTINUOUS
10
6.16475
20
-3.17332
11
6.16802
21
-3.17332
0
LINE
8
BLACK
6
CONTINUOUS
10
6.16802
20
-3.17332
11
6.16903
21
-3.1735
0
LINE
8
BLACK
6
CONTINUOUS
10
6.16903
20
-3.1735
11
6.17058
21
-3.1748
0
LINE
8
BLACK
6
CONTINUOUS
10
6.17058
20
-3.1748
11
6.17093
21
-3.17679
0
LINE
8
BLACK
6
CONTINUOUS
10
6.17093
20
-3.17679
11
6.16992
21
-3.17854
0
LINE
8
BLACK
6
CONTINUOUS
10
6.16992
20
-3.17854
11
6.16802
21
-3.17923
0
LINE
8
BLACK
6
CONTINUOUS
10
6.16802
20
-3.17923
11
6.16427
21
-3.17923
0
LINE
8
BLACK
6
CONTINUOUS
10
6.16427
20
-3.17923
11
6.1634
21
-3.17907
0
LINE
8
BLACK
6
CONTINUOUS
10
6.1634
20
-3.17907
11
6.16334
21
-3.17908
0
LINE
8
BLACK
6
CONTINUOUS
10
6.16334
20
-3.17908
11
6.15772
21
-3.1772
0
LINE
8
BLACK
6
CONTINUOUS
10
6.15772
20
-3.1772
11
6.15681
21
-3.17671
0
LINE
8
BLACK
6
CONTINUOUS
10
6.15681
20
-3.17671
11
6.15672
21
-3.17656
0
LINE
8
BLACK
6
CONTINUOUS
10
6.15672
20
-3.17656
11
6.15656
21
-3.17649
0
LINE
8
BLACK
6
CONTINUOUS
10
6.15656
20
-3.17649
11
6.15281
21
-3.17274
0
LINE
8
BLACK
6
CONTINUOUS
10
6.15281
20
-3.17274
11
6.15222
21
-3.1719
0
LINE
8
BLACK
6
CONTINUOUS
10
6.15222
20
-3.1719
11
6.15221
21
-3.17172
0
LINE
8
BLACK
6
CONTINUOUS
10
6.15221
20
-3.17172
11
6.1521
21
-3.17158
0
LINE
8
BLACK
6
CONTINUOUS
10
6.1521
20
-3.17158
11
6.15022
21
-3.16596
0
LINE
8
BLACK
6
CONTINUOUS
10
6.15022
20
-3.16596
11
6.15009
21
-3.16509
0
LINE
8
BLACK
6
CONTINUOUS
10
6.15009
20
-3.16509
11
6.15007
21
-3.16503
0
LINE
8
BLACK
6
CONTINUOUS
10
6.15007
20
-3.16503
11
6.15007
21
-3.1369
0
LINE
8
BLACK
6
CONTINUOUS
10
6.15007
20
-3.1369
11
6.15025
21
-3.13589
0
LINE
8
BLACK
6
CONTINUOUS
10
6.15025
20
-3.13589
11
6.15155
21
-3.13435
0
LINE
8
BLACK
6
CONTINUOUS
10
6.15155
20
-3.13435
11
6.15354
21
-3.134
0
LINE
8
BLACK
6
CONTINUOUS
10
6.15354
20
-3.134
11
6.15529
21
-3.13501
0
LINE
8
BLACK
6
CONTINUOUS
10
5.50943
20
-3.13398
11
5.5095
21
-3.13396
0
LINE
8
BLACK
6
CONTINUOUS
10
5.5095
20
-3.13396
11
5.50961
21
-3.13401
0
LINE
8
BLACK
6
CONTINUOUS
10
5.50961
20
-3.13401
11
5.51029
21
-3.13413
0
LINE
8
BLACK
6
CONTINUOUS
10
5.51029
20
-3.13413
11
5.51077
21
-3.13453
0
LINE
8
BLACK
6
CONTINUOUS
10
5.51077
20
-3.13453
11
5.51134
21
-3.13479
0
LINE
8
BLACK
6
CONTINUOUS
10
5.51134
20
-3.13479
11
5.51152
21
-3.13516
0
LINE
8
BLACK
6
CONTINUOUS
10
5.51152
20
-3.13516
11
5.51183
21
-3.13543
0
LINE
8
BLACK
6
CONTINUOUS
10
5.51183
20
-3.13543
11
5.51194
21
-3.13605
0
LINE
8
BLACK
6
CONTINUOUS
10
5.51194
20
-3.13605
11
5.51222
21
-3.13661
0
LINE
8
BLACK
6
CONTINUOUS
10
5.51222
20
-3.13661
11
5.51409
21
-3.15536
0
LINE
8
BLACK
6
CONTINUOUS
10
5.51409
20
-3.15536
11
5.51401
21
-3.15638
0
LINE
8
BLACK
6
CONTINUOUS
10
5.51401
20
-3.15638
11
5.514
21
-3.1564
0
LINE
8
BLACK
6
CONTINUOUS
10
5.514
20
-3.1564
11
5.514
21
-3.15642
0
LINE
8
BLACK
6
CONTINUOUS
10
5.514
20
-3.15642
11
5.51344
21
-3.15723
0
LINE
8
BLACK
6
CONTINUOUS
10
5.51344
20
-3.15723
11
5.51288
21
-3.15805
0
LINE
8
BLACK
6
CONTINUOUS
10
5.51288
20
-3.15805
11
5.51286
21
-3.15806
0
LINE
8
BLACK
6
CONTINUOUS
10
5.51286
20
-3.15806
11
5.51285
21
-3.15807
0
LINE
8
BLACK
6
CONTINUOUS
10
5.51285
20
-3.15807
11
5.51189
21
-3.15833
0
LINE
8
BLACK
6
CONTINUOUS
10
5.51189
20
-3.15833
11
5.51093
21
-3.1586
0
LINE
8
BLACK
6
CONTINUOUS
10
5.51093
20
-3.1586
11
5.51091
21
-3.15859
0
LINE
8
BLACK
6
CONTINUOUS
10
5.51091
20
-3.15859
11
5.51089
21
-3.15859
0
LINE
8
BLACK
6
CONTINUOUS
10
5.51089
20
-3.15859
11
5.51
21
-3.15817
0
LINE
8
BLACK
6
CONTINUOUS
10
5.51
20
-3.15817
11
5.50909
21
-3.15777
0
LINE
8
BLACK
6
CONTINUOUS
10
5.50909
20
-3.15777
11
5.50908
21
-3.15775
0
LINE
8
BLACK
6
CONTINUOUS
10
5.50908
20
-3.15775
11
5.50906
21
-3.15774
0
LINE
8
BLACK
6
CONTINUOUS
10
5.50906
20
-3.15774
11
5.50753
21
-3.1562
0
LINE
8
BLACK
6
CONTINUOUS
10
5.50753
20
-3.1562
11
5.50483
21
-3.15486
0
LINE
8
BLACK
6
CONTINUOUS
10
5.50483
20
-3.15486
11
5.49685
21
-3.15486
0
LINE
8
BLACK
6
CONTINUOUS
10
5.49685
20
-3.15486
11
5.49415
21
-3.1562
0
LINE
8
BLACK
6
CONTINUOUS
10
5.49415
20
-3.1562
11
5.49296
21
-3.1574
0
LINE
8
BLACK
6
CONTINUOUS
10
5.49296
20
-3.1574
11
5.49161
21
-3.1601
0
LINE
8
BLACK
6
CONTINUOUS
10
5.49161
20
-3.1601
11
5.49161
21
-3.16808
0
LINE
8
BLACK
6
CONTINUOUS
10
5.49161
20
-3.16808
11
5.49296
21
-3.17078
0
LINE
8
BLACK
6
CONTINUOUS
10
5.49296
20
-3.17078
11
5.49415
21
-3.17197
0
LINE
8
BLACK
6
CONTINUOUS
10
5.49415
20
-3.17197
11
5.49685
21
-3.17332
0
LINE
8
BLACK
6
CONTINUOUS
10
5.49685
20
-3.17332
11
5.50483
21
-3.17332
0
LINE
8
BLACK
6
CONTINUOUS
10
5.50483
20
-3.17332
11
5.50753
21
-3.17197
0
LINE
8
BLACK
6
CONTINUOUS
10
5.50753
20
-3.17197
11
5.50906
21
-3.17044
0
LINE
8
BLACK
6
CONTINUOUS
10
5.50906
20
-3.17044
11
5.5099
21
-3.16985
0
LINE
8
BLACK
6
CONTINUOUS
10
5.5099
20
-3.16985
11
5.51192
21
-3.16967
0
LINE
8
BLACK
6
CONTINUOUS
10
5.51192
20
-3.16967
11
5.51357
21
-3.17083
0
LINE
8
BLACK
6
CONTINUOUS
10
5.51357
20
-3.17083
11
5.51409
21
-3.17278
0
LINE
8
BLACK
6
CONTINUOUS
10
5.51409
20
-3.17278
11
5.51324
21
-3.17461
0
LINE
8
BLACK
6
CONTINUOUS
10
5.51324
20
-3.17461
11
5.51137
21
-3.17649
0
LINE
8
BLACK
6
CONTINUOUS
10
5.51137
20
-3.17649
11
5.51064
21
-3.17699
0
LINE
8
BLACK
6
CONTINUOUS
10
5.51064
20
-3.17699
11
5.5106
21
-3.17704
0
LINE
8
BLACK
6
CONTINUOUS
10
5.5106
20
-3.17704
11
5.50685
21
-3.17892
0
LINE
8
BLACK
6
CONTINUOUS
10
5.50685
20
-3.17892
11
5.50587
21
-3.17921
0
LINE
8
BLACK
6
CONTINUOUS
10
5.50587
20
-3.17921
11
5.50569
21
-3.17917
0
LINE
8
BLACK
6
CONTINUOUS
10
5.50569
20
-3.17917
11
5.50553
21
-3.17923
0
LINE
8
BLACK
6
CONTINUOUS
10
5.50553
20
-3.17923
11
5.49615
21
-3.17923
0
LINE
8
BLACK
6
CONTINUOUS
10
5.49615
20
-3.17923
11
5.49514
21
-3.17905
0
LINE
8
BLACK
6
CONTINUOUS
10
5.49514
20
-3.17905
11
5.49501
21
-3.17894
0
LINE
8
BLACK
6
CONTINUOUS
10
5.49501
20
-3.17894
11
5.49483
21
-3.17892
0
LINE
8
BLACK
6
CONTINUOUS
10
5.49483
20
-3.17892
11
5.49108
21
-3.17704
0
LINE
8
BLACK
6
CONTINUOUS
10
5.49108
20
-3.17704
11
5.49037
21
-3.17652
0
LINE
8
BLACK
6
CONTINUOUS
10
5.49037
20
-3.17652
11
5.49032
21
-3.17649
0
LINE
8
BLACK
6
CONTINUOUS
10
5.49032
20
-3.17649
11
5.48844
21
-3.17461
0
LINE
8
BLACK
6
CONTINUOUS
10
5.48844
20
-3.17461
11
5.48794
21
-3.17389
0
LINE
8
BLACK
6
CONTINUOUS
10
5.48794
20
-3.17389
11
5.48789
21
-3.17385
0
LINE
8
BLACK
6
CONTINUOUS
10
5.48789
20
-3.17385
11
5.48601
21
-3.1701
0
LINE
8
BLACK
6
CONTINUOUS
10
5.48601
20
-3.1701
11
5.48572
21
-3.16911
0
LINE
8
BLACK
6
CONTINUOUS
10
5.48572
20
-3.16911
11
5.48576
21
-3.16894
0
LINE
8
BLACK
6
CONTINUOUS
10
5.48576
20
-3.16894
11
5.4857
21
-3.16878
0
LINE
8
BLACK
6
CONTINUOUS
10
5.4857
20
-3.16878
11
5.4857
21
-3.1594
0
LINE
8
BLACK
6
CONTINUOUS
10
5.4857
20
-3.1594
11
5.48588
21
-3.15839
0
LINE
8
BLACK
6
CONTINUOUS
10
5.48588
20
-3.15839
11
5.48599
21
-3.15826
0
LINE
8
BLACK
6
CONTINUOUS
10
5.48599
20
-3.15826
11
5.48601
21
-3.15808
0
LINE
8
BLACK
6
CONTINUOUS
10
5.48601
20
-3.15808
11
5.48789
21
-3.15433
0
LINE
8
BLACK
6
CONTINUOUS
10
5.48789
20
-3.15433
11
5.48841
21
-3.15362
0
LINE
8
BLACK
6
CONTINUOUS
10
5.48841
20
-3.15362
11
5.48844
21
-3.15356
0
LINE
8
BLACK
6
CONTINUOUS
10
5.48844
20
-3.15356
11
5.49032
21
-3.15169
0
LINE
8
BLACK
6
CONTINUOUS
10
5.49032
20
-3.15169
11
5.49104
21
-3.15118
0
LINE
8
BLACK
6
CONTINUOUS
10
5.49104
20
-3.15118
11
5.49108
21
-3.15114
0
LINE
8
BLACK
6
CONTINUOUS
10
5.49108
20
-3.15114
11
5.49483
21
-3.14926
0
LINE
8
BLACK
6
CONTINUOUS
10
5.49483
20
-3.14926
11
5.49582
21
-3.14897
0
LINE
8
BLACK
6
CONTINUOUS
10
5.49582
20
-3.14897
11
5.49599
21
-3.14901
0
LINE
8
BLACK
6
CONTINUOUS
10
5.49599
20
-3.14901
11
5.49615
21
-3.14895
0
LINE
8
BLACK
6
CONTINUOUS
10
5.49615
20
-3.14895
11
5.50553
21
-3.14895
0
LINE
8
BLACK
6
CONTINUOUS
10
5.50553
20
-3.14895
11
5.50654
21
-3.14913
0
LINE
8
BLACK
6
CONTINUOUS
10
5.50654
20
-3.14913
11
5.50667
21
-3.14924
0
LINE
8
BLACK
6
CONTINUOUS
10
5.50667
20
-3.14924
11
5.50685
21
-3.14926
0
LINE
8
BLACK
6
CONTINUOUS
10
5.50685
20
-3.14926
11
5.50758
21
-3.14963
0
LINE
8
BLACK
6
CONTINUOUS
10
5.50758
20
-3.14963
11
5.50661
21
-3.13986
0
LINE
8
BLACK
6
CONTINUOUS
10
5.50661
20
-3.13986
11
5.49053
21
-3.13986
0
LINE
8
BLACK
6
CONTINUOUS
10
5.49053
20
-3.13986
11
5.48952
21
-3.13968
0
LINE
8
BLACK
6
CONTINUOUS
10
5.48952
20
-3.13968
11
5.48797
21
-3.13838
0
LINE
8
BLACK
6
CONTINUOUS
10
5.48797
20
-3.13838
11
5.48762
21
-3.13639
0
LINE
8
BLACK
6
CONTINUOUS
10
5.48762
20
-3.13639
11
5.48863
21
-3.13464
0
LINE
8
BLACK
6
CONTINUOUS
10
5.48863
20
-3.13464
11
5.49053
21
-3.13395
0
LINE
8
BLACK
6
CONTINUOUS
10
5.49053
20
-3.13395
11
5.50928
21
-3.13395
0
LINE
8
BLACK
6
CONTINUOUS
10
5.50928
20
-3.13395
11
5.50943
21
-3.13398
0
LINE
8
BLACK
6
CONTINUOUS
10
5.67591
20
-3.16465
11
5.67746
21
-3.16594
0
LINE
8
BLACK
6
CONTINUOUS
10
5.67746
20
-3.16594
11
5.67781
21
-3.16793
0
LINE
8
BLACK
6
CONTINUOUS
10
5.67781
20
-3.16793
11
5.6768
21
-3.16968
0
LINE
8
BLACK
6
CONTINUOUS
10
5.6768
20
-3.16968
11
5.6749
21
-3.17037
0
LINE
8
BLACK
6
CONTINUOUS
10
5.6749
20
-3.17037
11
5.6149
21
-3.17037
0
LINE
8
BLACK
6
CONTINUOUS
10
5.6149
20
-3.17037
11
5.61389
21
-3.1702
0
LINE
8
BLACK
6
CONTINUOUS
10
5.61389
20
-3.1702
11
5.61234
21
-3.1689
0
LINE
8
BLACK
6
CONTINUOUS
10
5.61234
20
-3.1689
11
5.61199
21
-3.16691
0
LINE
8
BLACK
6
CONTINUOUS
10
5.61199
20
-3.16691
11
5.613
21
-3.16516
0
LINE
8
BLACK
6
CONTINUOUS
10
5.613
20
-3.16516
11
5.6149
21
-3.16447
0
LINE
8
BLACK
6
CONTINUOUS
10
5.6149
20
-3.16447
11
5.6749
21
-3.16447
0
LINE
8
BLACK
6
CONTINUOUS
10
5.6749
20
-3.16447
11
5.67591
21
-3.16465
0
LINE
8
BLACK
6
CONTINUOUS
10
6.43091
20
-3.15965
11
6.43246
21
-3.16094
0
LINE
8
BLACK
6
CONTINUOUS
10
6.43246
20
-3.16094
11
6.43281
21
-3.16293
0
LINE
8
BLACK
6
CONTINUOUS
10
6.43281
20
-3.16293
11
6.4318
21
-3.16468
0
LINE
8
BLACK
6
CONTINUOUS
10
6.4318
20
-3.16468
11
6.4299
21
-3.16537
0
LINE
8
BLACK
6
CONTINUOUS
10
6.4299
20
-3.16537
11
6.3699
21
-3.16537
0
LINE
8
BLACK
6
CONTINUOUS
10
6.3699
20
-3.16537
11
6.36889
21
-3.1652
0
LINE
8
BLACK
6
CONTINUOUS
10
6.36889
20
-3.1652
11
6.36734
21
-3.1639
0
LINE
8
BLACK
6
CONTINUOUS
10
6.36734
20
-3.1639
11
6.36699
21
-3.16191
0
LINE
8
BLACK
6
CONTINUOUS
10
6.36699
20
-3.16191
11
6.368
21
-3.16016
0
LINE
8
BLACK
6
CONTINUOUS
10
6.368
20
-3.16016
11
6.3699
21
-3.15947
0
LINE
8
BLACK
6
CONTINUOUS
10
6.3699
20
-3.15947
11
6.4299
21
-3.15947
0
LINE
8
BLACK
6
CONTINUOUS
10
6.4299
20
-3.15947
11
6.43091
21
-3.15965
0
LINE
8
BLACK
6
CONTINUOUS
10
6.31091
20
-3.14715
11
6.31246
21
-3.14844
0
LINE
8
BLACK
6
CONTINUOUS
10
6.31246
20
-3.14844
11
6.31281
21
-3.15043
0
LINE
8
BLACK
6
CONTINUOUS
10
6.31281
20
-3.15043
11
6.3118
21
-3.15218
0
LINE
8
BLACK
6
CONTINUOUS
10
6.3118
20
-3.15218
11
6.3099
21
-3.15287
0
LINE
8
BLACK
6
CONTINUOUS
10
6.3099
20
-3.15287
11
6.2499
21
-3.15287
0
LINE
8
BLACK
6
CONTINUOUS
10
6.2499
20
-3.15287
11
6.24889
21
-3.1527
0
LINE
8
BLACK
6
CONTINUOUS
10
6.24889
20
-3.1527
11
6.24734
21
-3.1514
0
LINE
8
BLACK
6
CONTINUOUS
10
6.24734
20
-3.1514
11
6.24699
21
-3.14941
0
LINE
8
BLACK
6
CONTINUOUS
10
6.24699
20
-3.14941
11
6.248
21
-3.14766
0
LINE
8
BLACK
6
CONTINUOUS
10
6.248
20
-3.14766
11
6.2499
21
-3.14697
0
LINE
8
BLACK
6
CONTINUOUS
10
6.2499
20
-3.14697
11
6.3099
21
-3.14697
0
LINE
8
BLACK
6
CONTINUOUS
10
6.3099
20
-3.14697
11
6.31091
21
-3.14715
0
LINE
8
BLACK
6
CONTINUOUS
10
5.96591
20
-3.14465
11
5.96746
21
-3.14594
0
LINE
8
BLACK
6
CONTINUOUS
10
5.96746
20
-3.14594
11
5.96781
21
-3.14793
0
LINE
8
BLACK
6
CONTINUOUS
10
5.96781
20
-3.14793
11
5.9668
21
-3.14968
0
LINE
8
BLACK
6
CONTINUOUS
10
5.9668
20
-3.14968
11
5.9649
21
-3.15037
0
LINE
8
BLACK
6
CONTINUOUS
10
5.9649
20
-3.15037
11
5.9049
21
-3.15037
0
LINE
8
BLACK
6
CONTINUOUS
10
5.9049
20
-3.15037
11
5.90389
21
-3.1502
0
LINE
8
BLACK
6
CONTINUOUS
10
5.90389
20
-3.1502
11
5.90234
21
-3.1489
0
LINE
8
BLACK
6
CONTINUOUS
10
5.90234
20
-3.1489
11
5.90199
21
-3.14691
0
LINE
8
BLACK
6
CONTINUOUS
10
5.90199
20
-3.14691
11
5.903
21
-3.14516
0
LINE
8
BLACK
6
CONTINUOUS
10
5.903
20
-3.14516
11
5.9049
21
-3.14447
0
LINE
8
BLACK
6
CONTINUOUS
10
5.9049
20
-3.14447
11
5.9649
21
-3.14447
0
LINE
8
BLACK
6
CONTINUOUS
10
5.9649
20
-3.14447
11
5.96591
21
-3.14465
0
LINE
8
BLACK
6
CONTINUOUS
10
5.30591
20
-3.14215
11
5.30746
21
-3.14344
0
LINE
8
BLACK
6
CONTINUOUS
10
5.30746
20
-3.14344
11
5.30781
21
-3.14543
0
LINE
8
BLACK
6
CONTINUOUS
10
5.30781
20
-3.14543
11
5.3068
21
-3.14718
0
LINE
8
BLACK
6
CONTINUOUS
10
5.3068
20
-3.14718
11
5.3049
21
-3.14787
0
LINE
8
BLACK
6
CONTINUOUS
10
5.3049
20
-3.14787
11
5.2449
21
-3.14787
0
LINE
8
BLACK
6
CONTINUOUS
10
5.2449
20
-3.14787
11
5.24389
21
-3.1477
0
LINE
8
BLACK
6
CONTINUOUS
10
5.24389
20
-3.1477
11
5.24234
21
-3.1464
0
LINE
8
BLACK
6
CONTINUOUS
10
5.24234
20
-3.1464
11
5.24199
21
-3.14441
0
LINE
8
BLACK
6
CONTINUOUS
10
5.24199
20
-3.14441
11
5.243
21
-3.14266
0
LINE
8
BLACK
6
CONTINUOUS
10
5.243
20
-3.14266
11
5.2449
21
-3.14197
0
LINE
8
BLACK
6
CONTINUOUS
10
5.2449
20
-3.14197
11
5.3049
21
-3.14197
0
LINE
8
BLACK
6
CONTINUOUS
10
5.3049
20
-3.14197
11
5.30591
21
-3.14215
0
LINE
8
BLACK
6
CONTINUOUS
10
6.43157
20
-3.08575
11
6.43226
21
-3.08742
0
LINE
8
BLACK
6
CONTINUOUS
10
6.43226
20
-3.08742
11
6.43226
21
-3.11742
0
LINE
8
BLACK
6
CONTINUOUS
10
6.43226
20
-3.11742
11
6.43157
21
-3.11909
0
LINE
8
BLACK
6
CONTINUOUS
10
6.43157
20
-3.11909
11
6.4299
21
-3.11978
0
LINE
8
BLACK
6
CONTINUOUS
10
6.4299
20
-3.11978
11
6.42823
21
-3.11909
0
LINE
8
BLACK
6
CONTINUOUS
10
6.42823
20
-3.11909
11
6.42754
21
-3.11742
0
LINE
8
BLACK
6
CONTINUOUS
10
6.42754
20
-3.11742
11
6.42754
21
-3.08742
0
LINE
8
BLACK
6
CONTINUOUS
10
6.42754
20
-3.08742
11
6.42823
21
-3.08575
0
LINE
8
BLACK
6
CONTINUOUS
10
6.42823
20
-3.08575
11
6.4299
21
-3.08506
0
LINE
8
BLACK
6
CONTINUOUS
10
6.4299
20
-3.08506
11
6.43157
21
-3.08575
0
LINE
8
BLACK
6
CONTINUOUS
10
6.37157
20
-3.08575
11
6.37226
21
-3.08742
0
LINE
8
BLACK
6
CONTINUOUS
10
6.37226
20
-3.08742
11
6.37226
21
-3.11742
0
LINE
8
BLACK
6
CONTINUOUS
10
6.37226
20
-3.11742
11
6.37157
21
-3.11909
0
LINE
8
BLACK
6
CONTINUOUS
10
6.37157
20
-3.11909
11
6.3699
21
-3.11978
0
LINE
8
BLACK
6
CONTINUOUS
10
6.3699
20
-3.11978
11
6.36823
21
-3.11909
0
LINE
8
BLACK
6
CONTINUOUS
10
6.36823
20
-3.11909
11
6.36754
21
-3.11742
0
LINE
8
BLACK
6
CONTINUOUS
10
6.36754
20
-3.11742
11
6.36754
21
-3.08742
0
LINE
8
BLACK
6
CONTINUOUS
10
6.36754
20
-3.08742
11
6.36823
21
-3.08575
0
LINE
8
BLACK
6
CONTINUOUS
10
6.36823
20
-3.08575
11
6.3699
21
-3.08506
0
LINE
8
BLACK
6
CONTINUOUS
10
6.3699
20
-3.08506
11
6.37157
21
-3.08575
0
LINE
8
BLACK
6
CONTINUOUS
10
5.99719
20
-3.07224
11
5.99719
21
-3.11122
0
LINE
8
BLACK
6
CONTINUOUS
10
5.99719
20
-3.11122
11
5.99649
21
-3.11289
0
LINE
8
BLACK
6
CONTINUOUS
10
5.99649
20
-3.11289
11
5.99482
21
-3.11358
0
LINE
8
BLACK
6
CONTINUOUS
10
5.99482
20
-3.11358
11
5.99315
21
-3.11289
0
LINE
8
BLACK
6
CONTINUOUS
10
5.99315
20
-3.11289
11
5.99246
21
-3.11122
0
LINE
8
BLACK
6
CONTINUOUS
10
5.99246
20
-3.11122
11
5.99246
21
-3.07461
0
LINE
8
BLACK
6
CONTINUOUS
10
5.99246
20
-3.07461
11
5.92396
21
-3.07461
0
LINE
8
BLACK
6
CONTINUOUS
10
5.92396
20
-3.07461
11
5.92229
21
-3.07391
0
LINE
8
BLACK
6
CONTINUOUS
10
5.92229
20
-3.07391
11
5.92159
21
-3.07224
0
LINE
8
BLACK
6
CONTINUOUS
10
5.92159
20
-3.07224
11
5.92159
21
-3.01516
0
LINE
8
BLACK
6
CONTINUOUS
10
5.92159
20
-3.01516
11
5.92229
21
-3.01349
0
LINE
8
BLACK
6
CONTINUOUS
10
5.92229
20
-3.01349
11
5.92396
21
-3.0128
0
LINE
8
BLACK
6
CONTINUOUS
10
5.92396
20
-3.0128
11
5.92563
21
-3.01349
0
LINE
8
BLACK
6
CONTINUOUS
10
5.92563
20
-3.01349
11
5.92632
21
-3.01516
0
LINE
8
BLACK
6
CONTINUOUS
10
5.92632
20
-3.01516
11
5.92632
21
-3.06988
0
LINE
8
BLACK
6
CONTINUOUS
10
5.92632
20
-3.06988
11
5.99482
21
-3.06988
0
LINE
8
BLACK
6
CONTINUOUS
10
5.99482
20
-3.06988
11
5.99649
21
-3.07057
0
LINE
8
BLACK
6
CONTINUOUS
10
5.99649
20
-3.07057
11
5.99719
21
-3.07224
0
LINE
8
BLACK
6
CONTINUOUS
10
5.32297
20
-3.07224
11
5.32297
21
-3.11122
0
LINE
8
BLACK
6
CONTINUOUS
10
5.32297
20
-3.11122
11
5.32228
21
-3.11289
0
LINE
8
BLACK
6
CONTINUOUS
10
5.32228
20
-3.11289
11
5.32061
21
-3.11358
0
LINE
8
BLACK
6
CONTINUOUS
10
5.32061
20
-3.11358
11
5.31894
21
-3.11289
0
LINE
8
BLACK
6
CONTINUOUS
10
5.31894
20
-3.11289
11
5.31825
21
-3.11122
0
LINE
8
BLACK
6
CONTINUOUS
10
5.31825
20
-3.11122
11
5.31825
21
-3.07461
0
LINE
8
BLACK
6
CONTINUOUS
10
5.31825
20
-3.07461
11
5.24974
21
-3.07461
0
LINE
8
BLACK
6
CONTINUOUS
10
5.24974
20
-3.07461
11
5.24807
21
-3.07391
0
LINE
8
BLACK
6
CONTINUOUS
10
5.24807
20
-3.07391
11
5.24738
21
-3.07224
0
LINE
8
BLACK
6
CONTINUOUS
10
5.24738
20
-3.07224
11
5.24738
21
-3.01516
0
LINE
8
BLACK
6
CONTINUOUS
10
5.24738
20
-3.01516
11
5.24807
21
-3.01349
0
LINE
8
BLACK
6
CONTINUOUS
10
5.24807
20
-3.01349
11
5.24974
21
-3.0128
0
LINE
8
BLACK
6
CONTINUOUS
10
5.24974
20
-3.0128
11
5.25141
21
-3.01349
0
LINE
8
BLACK
6
CONTINUOUS
10
5.25141
20
-3.01349
11
5.25211
21
-3.01516
0
LINE
8
BLACK
6
CONTINUOUS
10
5.25211
20
-3.01516
11
5.25211
21
-3.06988
0
LINE
8
BLACK
6
CONTINUOUS
10
5.25211
20
-3.06988
11
5.32061
21
-3.06988
0
LINE
8
BLACK
6
CONTINUOUS
10
5.32061
20
-3.06988
11
5.32228
21
-3.07057
0
LINE
8
BLACK
6
CONTINUOUS
10
5.32228
20
-3.07057
11
5.32297
21
-3.07224
0
LINE
8
BLACK
6
CONTINUOUS
10
6.28331
20
-3.07391
11
6.28262
21
-3.07224
0
LINE
8
BLACK
6
CONTINUOUS
10
6.28262
20
-3.07224
11
6.28331
21
-3.07057
0
LINE
8
BLACK
6
CONTINUOUS
10
6.28331
20
-3.07057
11
6.28498
21
-3.06988
0
LINE
8
BLACK
6
CONTINUOUS
10
6.28498
20
-3.06988
11
6.35348
21
-3.06988
0
LINE
8
BLACK
6
CONTINUOUS
10
6.35348
20
-3.06988
11
6.35348
21
-3.01516
0
LINE
8
BLACK
6
CONTINUOUS
10
6.35348
20
-3.01516
11
6.35418
21
-3.01349
0
LINE
8
BLACK
6
CONTINUOUS
10
6.35418
20
-3.01349
11
6.35585
21
-3.0128
0
LINE
8
BLACK
6
CONTINUOUS
10
6.35585
20
-3.0128
11
6.35752
21
-3.01349
0
LINE
8
BLACK
6
CONTINUOUS
10
6.35752
20
-3.01349
11
6.35821
21
-3.01516
0
LINE
8
BLACK
6
CONTINUOUS
10
6.35821
20
-3.01516
11
6.35821
21
-3.07224
0
LINE
8
BLACK
6
CONTINUOUS
10
6.35821
20
-3.07224
11
6.35752
21
-3.07391
0
LINE
8
BLACK
6
CONTINUOUS
10
6.35752
20
-3.07391
11
6.35585
21
-3.07461
0
LINE
8
BLACK
6
CONTINUOUS
10
6.35585
20
-3.07461
11
6.28498
21
-3.07461
0
LINE
8
BLACK
6
CONTINUOUS
10
6.28498
20
-3.07461
11
6.28331
21
-3.07391
0
LINE
8
BLACK
6
CONTINUOUS
10
5.70752
20
-3.07391
11
5.70683
21
-3.07224
0
LINE
8
BLACK
6
CONTINUOUS
10
5.70683
20
-3.07224
11
5.70752
21
-3.07057
0
LINE
8
BLACK
6
CONTINUOUS
10
5.70752
20
-3.07057
11
5.70919
21
-3.06988
0
LINE
8
BLACK
6
CONTINUOUS
10
5.70919
20
-3.06988
11
5.7777
21
-3.06988
0
LINE
8
BLACK
6
CONTINUOUS
10
5.7777
20
-3.06988
11
5.7777
21
-3.01516
0
LINE
8
BLACK
6
CONTINUOUS
10
5.7777
20
-3.01516
11
5.77839
21
-3.01349
0
LINE
8
BLACK
6
CONTINUOUS
10
5.77839
20
-3.01349
11
5.78006
21
-3.0128
0
LINE
8
BLACK
6
CONTINUOUS
10
5.78006
20
-3.0128
11
5.78173
21
-3.01349
0
LINE
8
BLACK
6
CONTINUOUS
10
5.78173
20
-3.01349
11
5.78242
21
-3.01516
0
LINE
8
BLACK
6
CONTINUOUS
10
5.78242
20
-3.01516
11
5.78242
21
-3.07224
0
LINE
8
BLACK
6
CONTINUOUS
10
5.78242
20
-3.07224
11
5.78173
21
-3.07391
0
LINE
8
BLACK
6
CONTINUOUS
10
5.78173
20
-3.07391
11
5.78006
21
-3.07461
0
LINE
8
BLACK
6
CONTINUOUS
10
5.78006
20
-3.07461
11
5.70919
21
-3.07461
0
LINE
8
BLACK
6
CONTINUOUS
10
5.70919
20
-3.07461
11
5.70752
21
-3.07391
0
LINE
8
BLACK
6
CONTINUOUS
10
6.43091
20
-3.03965
11
6.43246
21
-3.04094
0
LINE
8
BLACK
6
CONTINUOUS
10
6.43246
20
-3.04094
11
6.43281
21
-3.04293
0
LINE
8
BLACK
6
CONTINUOUS
10
6.43281
20
-3.04293
11
6.4318
21
-3.04468
0
LINE
8
BLACK
6
CONTINUOUS
10
6.4318
20
-3.04468
11
6.4299
21
-3.04537
0
LINE
8
BLACK
6
CONTINUOUS
10
6.4299
20
-3.04537
11
6.3699
21
-3.04537
0
LINE
8
BLACK
6
CONTINUOUS
10
6.3699
20
-3.04537
11
6.36889
21
-3.0452
0
LINE
8
BLACK
6
CONTINUOUS
10
6.36889
20
-3.0452
11
6.36734
21
-3.0439
0
LINE
8
BLACK
6
CONTINUOUS
10
6.36734
20
-3.0439
11
6.36699
21
-3.04191
0
LINE
8
BLACK
6
CONTINUOUS
10
6.36699
20
-3.04191
11
6.368
21
-3.04016
0
LINE
8
BLACK
6
CONTINUOUS
10
6.368
20
-3.04016
11
6.3699
21
-3.03947
0
LINE
8
BLACK
6
CONTINUOUS
10
6.3699
20
-3.03947
11
6.4299
21
-3.03947
0
LINE
8
BLACK
6
CONTINUOUS
10
6.4299
20
-3.03947
11
6.43091
21
-3.03965
0
LINE
8
BLACK
6
CONTINUOUS
10
6.30752
20
-2.90246
11
6.30821
21
-2.90413
0
LINE
8
BLACK
6
CONTINUOUS
10
6.30821
20
-2.90413
11
6.30752
21
-2.9058
0
LINE
8
BLACK
6
CONTINUOUS
10
6.30752
20
-2.9058
11
6.30585
21
-2.9065
0
LINE
8
BLACK
6
CONTINUOUS
10
6.30585
20
-2.9065
11
5.97396
21
-2.9065
0
LINE
8
BLACK
6
CONTINUOUS
10
5.97396
20
-2.9065
11
5.97229
21
-2.9058
0
LINE
8
BLACK
6
CONTINUOUS
10
5.97229
20
-2.9058
11
5.97159
21
-2.90413
0
LINE
8
BLACK
6
CONTINUOUS
10
5.97159
20
-2.90413
11
5.97229
21
-2.90246
0
LINE
8
BLACK
6
CONTINUOUS
10
5.97229
20
-2.90246
11
5.97396
21
-2.90177
0
LINE
8
BLACK
6
CONTINUOUS
10
5.97396
20
-2.90177
11
6.30585
21
-2.90177
0
LINE
8
BLACK
6
CONTINUOUS
10
6.30585
20
-2.90177
11
6.30752
21
-2.90246
0
LINE
8
BLACK
6
CONTINUOUS
10
5.73173
20
-2.90246
11
5.73242
21
-2.90413
0
LINE
8
BLACK
6
CONTINUOUS
10
5.73242
20
-2.90413
11
5.73173
21
-2.9058
0
LINE
8
BLACK
6
CONTINUOUS
10
5.73173
20
-2.9058
11
5.73006
21
-2.9065
0
LINE
8
BLACK
6
CONTINUOUS
10
5.73006
20
-2.9065
11
5.29974
21
-2.9065
0
LINE
8
BLACK
6
CONTINUOUS
10
5.29974
20
-2.9065
11
5.29807
21
-2.9058
0
LINE
8
BLACK
6
CONTINUOUS
10
5.29807
20
-2.9058
11
5.29738
21
-2.90413
0
LINE
8
BLACK
6
CONTINUOUS
10
5.29738
20
-2.90413
11
5.29807
21
-2.90246
0
LINE
8
BLACK
6
CONTINUOUS
10
5.29807
20
-2.90246
11
5.29974
21
-2.90177
0
LINE
8
BLACK
6
CONTINUOUS
10
5.29974
20
-2.90177
11
5.73006
21
-2.90177
0
LINE
8
BLACK
6
CONTINUOUS
10
5.73006
20
-2.90177
11
5.73173
21
-2.90246
0
LINE
8
BLACK
6
CONTINUOUS
10
5.93862
20
-4.30454
11
5.94188
21
-4.30237
0
LINE
8
BLACK
6
CONTINUOUS
10
5.94188
20
-4.30237
11
5.94571
21
-4.3016
0
LINE
8
BLACK
6
CONTINUOUS
10
5.94571
20
-4.3016
11
5.94955
21
-4.30237
0
LINE
8
BLACK
6
CONTINUOUS
10
5.94955
20
-4.30237
11
5.9528
21
-4.30454
0
LINE
8
BLACK
6
CONTINUOUS
10
5.9528
20
-4.30454
11
5.95497
21
-4.30779
0
LINE
8
BLACK
6
CONTINUOUS
10
5.95497
20
-4.30779
11
5.95574
21
-4.31163
0
LINE
8
BLACK
6
CONTINUOUS
10
5.95574
20
-4.31163
11
5.95497
21
-4.31546
0
LINE
8
BLACK
6
CONTINUOUS
10
5.95497
20
-4.31546
11
5.9528
21
-4.31872
0
LINE
8
BLACK
6
CONTINUOUS
10
5.9528
20
-4.31872
11
5.94955
21
-4.32089
0
LINE
8
BLACK
6
CONTINUOUS
10
5.94955
20
-4.32089
11
5.94571
21
-4.32165
0
LINE
8
BLACK
6
CONTINUOUS
10
5.94571
20
-4.32165
11
5.94188
21
-4.32089
0
LINE
8
BLACK
6
CONTINUOUS
10
5.94188
20
-4.32089
11
5.93862
21
-4.31872
0
LINE
8
BLACK
6
CONTINUOUS
10
5.93862
20
-4.31872
11
5.93645
21
-4.31546
0
LINE
8
BLACK
6
CONTINUOUS
10
5.93645
20
-4.31546
11
5.93569
21
-4.31163
0
LINE
8
BLACK
6
CONTINUOUS
10
5.93569
20
-4.31163
11
5.93645
21
-4.30779
0
LINE
8
BLACK
6
CONTINUOUS
10
5.93645
20
-4.30779
11
5.93862
21
-4.30454
0
LINE
8
BLACK
6
CONTINUOUS
10
5.94437
20
-4.31575
11
5.94705
21
-4.31575
0
LINE
8
BLACK
6
CONTINUOUS
10
5.94705
20
-4.31575
11
5.94921
21
-4.31417
0
LINE
8
BLACK
6
CONTINUOUS
10
5.94921
20
-4.31417
11
5.95004
21
-4.31163
0
LINE
8
BLACK
6
CONTINUOUS
10
5.95004
20
-4.31163
11
5.94921
21
-4.30908
0
LINE
8
BLACK
6
CONTINUOUS
10
5.94921
20
-4.30908
11
5.94705
21
-4.30751
0
LINE
8
BLACK
6
CONTINUOUS
10
5.94705
20
-4.30751
11
5.94437
21
-4.30751
0
LINE
8
BLACK
6
CONTINUOUS
10
5.94437
20
-4.30751
11
5.94221
21
-4.30908
0
LINE
8
BLACK
6
CONTINUOUS
10
5.94221
20
-4.30908
11
5.94138
21
-4.31163
0
LINE
8
BLACK
6
CONTINUOUS
10
5.94138
20
-4.31163
11
5.94221
21
-4.31417
0
LINE
8
BLACK
6
CONTINUOUS
10
5.94221
20
-4.31417
11
5.94437
21
-4.31575
0
LINE
8
BLACK
6
CONTINUOUS
10
6.37263
20
-4.22801
11
6.37582
21
-4.2116
0
LINE
8
BLACK
6
CONTINUOUS
10
6.37582
20
-4.2116
11
6.38048
21
-4.19554
0
LINE
8
BLACK
6
CONTINUOUS
10
6.38048
20
-4.19554
11
6.38658
21
-4.17998
0
LINE
8
BLACK
6
CONTINUOUS
10
6.38658
20
-4.17998
11
6.39406
21
-4.16503
0
LINE
8
BLACK
6
CONTINUOUS
10
6.39406
20
-4.16503
11
6.40287
21
-4.15082
0
LINE
8
BLACK
6
CONTINUOUS
10
6.40287
20
-4.15082
11
6.41293
21
-4.13747
0
LINE
8
BLACK
6
CONTINUOUS
10
6.41293
20
-4.13747
11
6.42416
21
-4.12509
0
LINE
8
BLACK
6
CONTINUOUS
10
6.42416
20
-4.12509
11
6.43647
21
-4.11378
0
LINE
8
BLACK
6
CONTINUOUS
10
6.43647
20
-4.11378
11
6.44975
21
-4.10362
0
LINE
8
BLACK
6
CONTINUOUS
10
6.44975
20
-4.10362
11
6.46389
21
-4.09472
0
LINE
8
BLACK
6
CONTINUOUS
10
6.46389
20
-4.09472
11
6.47879
21
-4.08713
0
LINE
8
BLACK
6
CONTINUOUS
10
6.47879
20
-4.08713
11
6.49431
21
-4.08092
0
LINE
8
BLACK
6
CONTINUOUS
10
6.49431
20
-4.08092
11
6.51033
21
-4.07614
0
LINE
8
BLACK
6
CONTINUOUS
10
6.51033
20
-4.07614
11
6.52671
21
-4.07284
0
LINE
8
BLACK
6
CONTINUOUS
10
6.52671
20
-4.07284
11
6.54333
21
-4.07103
0
LINE
8
BLACK
6
CONTINUOUS
10
6.54333
20
-4.07103
11
6.56005
21
-4.07074
0
LINE
8
BLACK
6
CONTINUOUS
10
6.56005
20
-4.07074
11
6.57672
21
-4.07197
0
LINE
8
BLACK
6
CONTINUOUS
10
6.57672
20
-4.07197
11
6.59321
21
-4.0747
0
LINE
8
BLACK
6
CONTINUOUS
10
6.59321
20
-4.0747
11
6.60939
21
-4.07891
0
LINE
8
BLACK
6
CONTINUOUS
10
6.60939
20
-4.07891
11
6.62511
21
-4.08457
0
LINE
8
BLACK
6
CONTINUOUS
10
6.62511
20
-4.08457
11
6.64026
21
-4.09164
0
LINE
8
BLACK
6
CONTINUOUS
10
6.64026
20
-4.09164
11
6.65471
21
-4.10005
0
LINE
8
BLACK
6
CONTINUOUS
10
6.65471
20
-4.10005
11
6.66834
21
-4.10973
0
LINE
8
BLACK
6
CONTINUOUS
10
6.66834
20
-4.10973
11
6.68103
21
-4.12061
0
LINE
8
BLACK
6
CONTINUOUS
10
6.68103
20
-4.12061
11
6.69268
21
-4.13259
0
LINE
8
BLACK
6
CONTINUOUS
10
6.69268
20
-4.13259
11
6.7032
21
-4.14558
0
LINE
8
BLACK
6
CONTINUOUS
10
6.7032
20
-4.14558
11
6.7125
21
-4.15947
0
LINE
8
BLACK
6
CONTINUOUS
10
6.7125
20
-4.15947
11
6.72051
21
-4.17415
0
LINE
8
BLACK
6
CONTINUOUS
10
6.72051
20
-4.17415
11
6.72715
21
-4.18949
0
LINE
8
BLACK
6
CONTINUOUS
10
6.72715
20
-4.18949
11
6.73237
21
-4.20537
0
LINE
8
BLACK
6
CONTINUOUS
10
6.73237
20
-4.20537
11
6.73613
21
-4.22166
0
LINE
8
BLACK
6
CONTINUOUS
10
6.73613
20
-4.22166
11
6.7384
21
-4.23822
0
LINE
8
BLACK
6
CONTINUOUS
10
6.7384
20
-4.23822
11
6.73915
21
-4.25492
0
LINE
8
BLACK
6
CONTINUOUS
10
6.73915
20
-4.25492
11
6.73911
21
-4.25878
0
LINE
8
BLACK
6
CONTINUOUS
10
6.73911
20
-4.25878
11
6.73801
21
-4.27546
0
LINE
8
BLACK
6
CONTINUOUS
10
6.73801
20
-4.27546
11
6.73539
21
-4.29197
0
LINE
8
BLACK
6
CONTINUOUS
10
6.73539
20
-4.29197
11
6.73129
21
-4.30818
0
LINE
8
BLACK
6
CONTINUOUS
10
6.73129
20
-4.30818
11
6.72574
21
-4.32394
0
LINE
8
BLACK
6
CONTINUOUS
10
6.72574
20
-4.32394
11
6.71878
21
-4.33914
0
LINE
8
BLACK
6
CONTINUOUS
10
6.71878
20
-4.33914
11
6.71047
21
-4.35365
0
LINE
8
BLACK
6
CONTINUOUS
10
6.71047
20
-4.35365
11
6.70088
21
-4.36734
0
LINE
8
BLACK
6
CONTINUOUS
10
6.70088
20
-4.36734
11
6.69009
21
-4.38011
0
LINE
8
BLACK
6
CONTINUOUS
10
6.69009
20
-4.38011
11
6.67819
21
-4.39185
0
LINE
8
BLACK
6
CONTINUOUS
10
6.67819
20
-4.39185
11
6.66527
21
-4.40246
0
LINE
8
BLACK
6
CONTINUOUS
10
6.66527
20
-4.40246
11
6.65145
21
-4.41185
0
LINE
8
BLACK
6
CONTINUOUS
10
6.65145
20
-4.41185
11
6.63683
21
-4.41996
0
LINE
8
BLACK
6
CONTINUOUS
10
6.63683
20
-4.41996
11
6.62153
21
-4.4267
0
LINE
8
BLACK
6
CONTINUOUS
10
6.62153
20
-4.4267
11
6.60569
21
-4.43204
0
LINE
8
BLACK
6
CONTINUOUS
10
6.60569
20
-4.43204
11
6.58943
21
-4.43591
0
LINE
8
BLACK
6
CONTINUOUS
10
6.58943
20
-4.43591
11
6.57288
21
-4.43829
0
LINE
8
BLACK
6
CONTINUOUS
10
6.57288
20
-4.43829
11
6.55619
21
-4.43917
0
LINE
8
BLACK
6
CONTINUOUS
10
6.55619
20
-4.43917
11
6.53948
21
-4.43853
0
LINE
8
BLACK
6
CONTINUOUS
10
6.53948
20
-4.43853
11
6.52291
21
-4.43637
0
LINE
8
BLACK
6
CONTINUOUS
10
6.52291
20
-4.43637
11
6.50659
21
-4.43273
0
LINE
8
BLACK
6
CONTINUOUS
10
6.50659
20
-4.43273
11
6.49068
21
-4.42762
0
LINE
8
BLACK
6
CONTINUOUS
10
6.49068
20
-4.42762
11
6.47529
21
-4.42109
0
LINE
8
BLACK
6
CONTINUOUS
10
6.47529
20
-4.42109
11
6.46056
21
-4.41319
0
LINE
8
BLACK
6
CONTINUOUS
10
6.46056
20
-4.41319
11
6.4466
21
-4.40398
0
LINE
8
BLACK
6
CONTINUOUS
10
6.4466
20
-4.40398
11
6.43354
21
-4.39356
0
LINE
8
BLACK
6
CONTINUOUS
10
6.43354
20
-4.39356
11
6.42147
21
-4.38199
0
LINE
8
BLACK
6
CONTINUOUS
10
6.42147
20
-4.38199
11
6.4105
21
-4.36937
0
LINE
8
BLACK
6
CONTINUOUS
10
6.4105
20
-4.36937
11
6.40073
21
-4.35581
0
LINE
8
BLACK
6
CONTINUOUS
10
6.40073
20
-4.35581
11
6.39222
21
-4.34142
0
LINE
8
BLACK
6
CONTINUOUS
10
6.39222
20
-4.34142
11
6.38505
21
-4.32632
0
LINE
8
BLACK
6
CONTINUOUS
10
6.38505
20
-4.32632
11
6.37927
21
-4.31063
0
LINE
8
BLACK
6
CONTINUOUS
10
6.37927
20
-4.31063
11
6.37495
21
-4.29449
0
LINE
8
BLACK
6
CONTINUOUS
10
6.37495
20
-4.29449
11
6.3721
21
-4.27801
0
LINE
8
BLACK
6
CONTINUOUS
10
6.3721
20
-4.27801
11
6.37076
21
-4.26135
0
LINE
8
BLACK
6
CONTINUOUS
10
6.37076
20
-4.26135
11
6.37076
21
-4.26119
0
LINE
8
BLACK
6
CONTINUOUS
10
6.37076
20
-4.26119
11
6.37094
21
-4.24464
0
LINE
8
BLACK
6
CONTINUOUS
10
6.37094
20
-4.24464
11
6.37263
21
-4.22801
0
LINE
8
BLACK
6
CONTINUOUS
10
6.37937
20
-4.29351
11
6.38359
21
-4.30926
0
LINE
8
BLACK
6
CONTINUOUS
10
6.38359
20
-4.30926
11
6.38922
21
-4.32457
0
LINE
8
BLACK
6
CONTINUOUS
10
6.38922
20
-4.32457
11
6.39622
21
-4.33929
0
LINE
8
BLACK
6
CONTINUOUS
10
6.39622
20
-4.33929
11
6.40452
21
-4.35333
0
LINE
8
BLACK
6
CONTINUOUS
10
6.40452
20
-4.35333
11
6.41406
21
-4.36655
0
LINE
8
BLACK
6
CONTINUOUS
10
6.41406
20
-4.36655
11
6.42475
21
-4.37886
0
LINE
8
BLACK
6
CONTINUOUS
10
6.42475
20
-4.37886
11
6.43652
21
-4.39014
0
LINE
8
BLACK
6
CONTINUOUS
10
6.43652
20
-4.39014
11
6.44927
21
-4.40032
0
LINE
8
BLACK
6
CONTINUOUS
10
6.44927
20
-4.40032
11
6.46288
21
-4.40929
0
LINE
8
BLACK
6
CONTINUOUS
10
6.46288
20
-4.40929
11
6.47725
21
-4.417
0
LINE
8
BLACK
6
CONTINUOUS
10
6.47725
20
-4.417
11
6.49226
21
-4.42337
0
LINE
8
BLACK
6
CONTINUOUS
10
6.49226
20
-4.42337
11
6.50778
21
-4.42835
0
LINE
8
BLACK
6
CONTINUOUS
10
6.50778
20
-4.42835
11
6.52369
21
-4.43191
0
LINE
8
BLACK
6
CONTINUOUS
10
6.52369
20
-4.43191
11
6.53986
21
-4.43401
0
LINE
8
BLACK
6
CONTINUOUS
10
6.53986
20
-4.43401
11
6.55616
21
-4.43464
0
LINE
8
BLACK
6
CONTINUOUS
10
6.55616
20
-4.43464
11
6.57244
21
-4.43378
0
LINE
8
BLACK
6
CONTINUOUS
10
6.57244
20
-4.43378
11
6.58858
21
-4.43146
0
LINE
8
BLACK
6
CONTINUOUS
10
6.58858
20
-4.43146
11
6.60444
21
-4.42768
0
LINE
8
BLACK
6
CONTINUOUS
10
6.60444
20
-4.42768
11
6.61989
21
-4.42248
0
LINE
8
BLACK
6
CONTINUOUS
10
6.61989
20
-4.42248
11
6.63481
21
-4.4159
0
LINE
8
BLACK
6
CONTINUOUS
10
6.63481
20
-4.4159
11
6.64907
21
-4.40799
0
LINE
8
BLACK
6
CONTINUOUS
10
6.64907
20
-4.40799
11
6.66256
21
-4.39883
0
LINE
8
BLACK
6
CONTINUOUS
10
6.66256
20
-4.39883
11
6.67516
21
-4.38848
0
LINE
8
BLACK
6
CONTINUOUS
10
6.67516
20
-4.38848
11
6.68677
21
-4.37703
0
LINE
8
BLACK
6
CONTINUOUS
10
6.68677
20
-4.37703
11
6.69729
21
-4.36458
0
LINE
8
BLACK
6
CONTINUOUS
10
6.69729
20
-4.36458
11
6.70664
21
-4.35122
0
LINE
8
BLACK
6
CONTINUOUS
10
6.70664
20
-4.35122
11
6.71475
21
-4.33707
0
LINE
8
BLACK
6
CONTINUOUS
10
6.71475
20
-4.33707
11
6.72153
21
-4.32225
0
LINE
8
BLACK
6
CONTINUOUS
10
6.72153
20
-4.32225
11
6.72695
21
-4.30687
0
LINE
8
BLACK
6
CONTINUOUS
10
6.72695
20
-4.30687
11
6.73095
21
-4.29106
0
LINE
8
BLACK
6
CONTINUOUS
10
6.73095
20
-4.29106
11
6.7335
21
-4.27495
0
LINE
8
BLACK
6
CONTINUOUS
10
6.7335
20
-4.27495
11
6.73458
21
-4.25868
0
LINE
8
BLACK
6
CONTINUOUS
10
6.73458
20
-4.25868
11
6.73462
21
-4.25492
0
LINE
8
BLACK
6
CONTINUOUS
10
6.73462
20
-4.25492
11
6.73388
21
-4.23863
0
LINE
8
BLACK
6
CONTINUOUS
10
6.73388
20
-4.23863
11
6.73167
21
-4.22248
0
LINE
8
BLACK
6
CONTINUOUS
10
6.73167
20
-4.22248
11
6.728
21
-4.20659
0
LINE
8
BLACK
6
CONTINUOUS
10
6.728
20
-4.20659
11
6.72291
21
-4.1911
0
LINE
8
BLACK
6
CONTINUOUS
10
6.72291
20
-4.1911
11
6.71643
21
-4.17614
0
LINE
8
BLACK
6
CONTINUOUS
10
6.71643
20
-4.17614
11
6.70863
21
-4.16182
0
LINE
8
BLACK
6
CONTINUOUS
10
6.70863
20
-4.16182
11
6.69956
21
-4.14827
0
LINE
8
BLACK
6
CONTINUOUS
10
6.69956
20
-4.14827
11
6.6893
21
-4.1356
0
LINE
8
BLACK
6
CONTINUOUS
10
6.6893
20
-4.1356
11
6.67793
21
-4.12391
0
LINE
8
BLACK
6
CONTINUOUS
10
6.67793
20
-4.12391
11
6.66555
21
-4.1133
0
LINE
8
BLACK
6
CONTINUOUS
10
6.66555
20
-4.1133
11
6.65226
21
-4.10386
0
LINE
8
BLACK
6
CONTINUOUS
10
6.65226
20
-4.10386
11
6.63816
21
-4.09565
0
LINE
8
BLACK
6
CONTINUOUS
10
6.63816
20
-4.09565
11
6.62339
21
-4.08876
0
LINE
8
BLACK
6
CONTINUOUS
10
6.62339
20
-4.08876
11
6.60805
21
-4.08324
0
LINE
8
BLACK
6
CONTINUOUS
10
6.60805
20
-4.08324
11
6.59227
21
-4.07913
0
LINE
8
BLACK
6
CONTINUOUS
10
6.59227
20
-4.07913
11
6.57618
21
-4.07647
0
LINE
8
BLACK
6
CONTINUOUS
10
6.57618
20
-4.07647
11
6.55992
21
-4.07527
0
LINE
8
BLACK
6
CONTINUOUS
10
6.55992
20
-4.07527
11
6.54362
21
-4.07556
0
LINE
8
BLACK
6
CONTINUOUS
10
6.54362
20
-4.07556
11
6.52741
21
-4.07732
0
LINE
8
BLACK
6
CONTINUOUS
10
6.52741
20
-4.07732
11
6.51142
21
-4.08054
0
LINE
8
BLACK
6
CONTINUOUS
10
6.51142
20
-4.08054
11
6.4958
21
-4.0852
0
LINE
8
BLACK
6
CONTINUOUS
10
6.4958
20
-4.0852
11
6.48066
21
-4.09125
0
LINE
8
BLACK
6
CONTINUOUS
10
6.48066
20
-4.09125
11
6.46613
21
-4.09866
0
LINE
8
BLACK
6
CONTINUOUS
10
6.46613
20
-4.09866
11
6.45233
21
-4.10734
0
LINE
8
BLACK
6
CONTINUOUS
10
6.45233
20
-4.10734
11
6.43938
21
-4.11725
0
LINE
8
BLACK
6
CONTINUOUS
10
6.43938
20
-4.11725
11
6.42738
21
-4.12828
0
LINE
8
BLACK
6
CONTINUOUS
10
6.42738
20
-4.12828
11
6.41643
21
-4.14036
0
LINE
8
BLACK
6
CONTINUOUS
10
6.41643
20
-4.14036
11
6.40661
21
-4.15339
0
LINE
8
BLACK
6
CONTINUOUS
10
6.40661
20
-4.15339
11
6.39802
21
-4.16724
0
LINE
8
BLACK
6
CONTINUOUS
10
6.39802
20
-4.16724
11
6.39072
21
-4.18182
0
LINE
8
BLACK
6
CONTINUOUS
10
6.39072
20
-4.18182
11
6.38477
21
-4.197
0
LINE
8
BLACK
6
CONTINUOUS
10
6.38477
20
-4.197
11
6.38022
21
-4.21266
0
LINE
8
BLACK
6
CONTINUOUS
10
6.38022
20
-4.21266
11
6.37711
21
-4.22867
0
LINE
8
BLACK
6
CONTINUOUS
10
6.37711
20
-4.22867
11
6.37546
21
-4.24489
0
LINE
8
BLACK
6
CONTINUOUS
10
6.37546
20
-4.24489
11
6.37529
21
-4.26119
0
LINE
8
BLACK
6
CONTINUOUS
10
6.37529
20
-4.26119
11
6.3766
21
-4.27745
0
LINE
8
BLACK
6
CONTINUOUS
10
6.3766
20
-4.27745
11
6.37937
21
-4.29351
0
LINE
8
BLACK
6
CONTINUOUS
10
4.93294
20
-3.62341
11
4.93696
21
-3.62502
0
LINE
8
BLACK
6
CONTINUOUS
10
4.93696
20
-3.62502
11
4.94013
21
-3.62796
0
LINE
8
BLACK
6
CONTINUOUS
10
4.94013
20
-3.62796
11
4.94203
21
-3.63184
0
LINE
8
BLACK
6
CONTINUOUS
10
4.94203
20
-3.63184
11
4.9424
21
-3.63615
0
LINE
8
BLACK
6
CONTINUOUS
10
4.9424
20
-3.63615
11
4.9412
21
-3.64031
0
LINE
8
BLACK
6
CONTINUOUS
10
4.9412
20
-3.64031
11
4.93858
21
-3.64375
0
LINE
8
BLACK
6
CONTINUOUS
10
4.93858
20
-3.64375
11
4.9349
21
-3.64602
0
LINE
8
BLACK
6
CONTINUOUS
10
4.9349
20
-3.64602
11
4.93065
21
-3.64681
0
LINE
8
BLACK
6
CONTINUOUS
10
4.93065
20
-3.64681
11
4.89915
21
-3.64681
0
LINE
8
BLACK
6
CONTINUOUS
10
4.89915
20
-3.64681
11
4.89686
21
-3.64659
0
LINE
8
BLACK
6
CONTINUOUS
10
4.89686
20
-3.64659
11
4.89284
21
-3.64498
0
LINE
8
BLACK
6
CONTINUOUS
10
4.89284
20
-3.64498
11
4.88967
21
-3.64204
0
LINE
8
BLACK
6
CONTINUOUS
10
4.88967
20
-3.64204
11
4.88777
21
-3.63816
0
LINE
8
BLACK
6
CONTINUOUS
10
4.88777
20
-3.63816
11
4.8874
21
-3.63385
0
LINE
8
BLACK
6
CONTINUOUS
10
4.8874
20
-3.63385
11
4.8886
21
-3.62969
0
LINE
8
BLACK
6
CONTINUOUS
10
4.8886
20
-3.62969
11
4.89122
21
-3.62625
0
LINE
8
BLACK
6
CONTINUOUS
10
4.89122
20
-3.62625
11
4.8949
21
-3.62398
0
LINE
8
BLACK
6
CONTINUOUS
10
4.8949
20
-3.62398
11
4.89915
21
-3.62319
0
LINE
8
BLACK
6
CONTINUOUS
10
4.89915
20
-3.62319
11
4.93065
21
-3.62319
0
LINE
8
BLACK
6
CONTINUOUS
10
4.93065
20
-3.62319
11
4.93294
21
-3.62341
0
LINE
8
BLACK
6
CONTINUOUS
10
4.93294
20
-3.28326
11
4.93696
21
-3.28486
0
LINE
8
BLACK
6
CONTINUOUS
10
4.93696
20
-3.28486
11
4.94013
21
-3.2878
0
LINE
8
BLACK
6
CONTINUOUS
10
4.94013
20
-3.2878
11
4.94203
21
-3.29169
0
LINE
8
BLACK
6
CONTINUOUS
10
4.94203
20
-3.29169
11
4.9424
21
-3.296
0
LINE
8
BLACK
6
CONTINUOUS
10
4.9424
20
-3.296
11
4.9412
21
-3.30015
0
LINE
8
BLACK
6
CONTINUOUS
10
4.9412
20
-3.30015
11
4.93858
21
-3.30359
0
LINE
8
BLACK
6
CONTINUOUS
10
4.93858
20
-3.30359
11
4.9349
21
-3.30586
0
LINE
8
BLACK
6
CONTINUOUS
10
4.9349
20
-3.30586
11
4.93065
21
-3.30665
0
LINE
8
BLACK
6
CONTINUOUS
10
4.93065
20
-3.30665
11
4.89915
21
-3.30665
0
LINE
8
BLACK
6
CONTINUOUS
10
4.89915
20
-3.30665
11
4.89686
21
-3.30643
0
LINE
8
BLACK
6
CONTINUOUS
10
4.89686
20
-3.30643
11
4.89284
21
-3.30483
0
LINE
8
BLACK
6
CONTINUOUS
10
4.89284
20
-3.30483
11
4.88967
21
-3.30188
0
LINE
8
BLACK
6
CONTINUOUS
10
4.88967
20
-3.30188
11
4.88777
21
-3.298
0
LINE
8
BLACK
6
CONTINUOUS
10
4.88777
20
-3.298
11
4.8874
21
-3.29369
0
LINE
8
BLACK
6
CONTINUOUS
10
4.8874
20
-3.29369
11
4.8886
21
-3.28954
0
LINE
8
BLACK
6
CONTINUOUS
10
4.8886
20
-3.28954
11
4.89122
21
-3.28609
0
LINE
8
BLACK
6
CONTINUOUS
10
4.89122
20
-3.28609
11
4.8949
21
-3.28382
0
LINE
8
BLACK
6
CONTINUOUS
10
4.8949
20
-3.28382
11
4.89915
21
-3.28303
0
LINE
8
BLACK
6
CONTINUOUS
10
4.89915
20
-3.28303
11
4.93065
21
-3.28303
0
LINE
8
BLACK
6
CONTINUOUS
10
4.93065
20
-3.28303
11
4.93294
21
-3.28326
0
LINE
8
BLACK
6
CONTINUOUS
10
5.10342
20
-3.62341
11
5.10743
21
-3.62502
0
LINE
8
BLACK
6
CONTINUOUS
10
5.10743
20
-3.62502
11
5.1106
21
-3.62796
0
LINE
8
BLACK
6
CONTINUOUS
10
5.1106
20
-3.62796
11
5.1125
21
-3.63184
0
LINE
8
BLACK
6
CONTINUOUS
10
5.1125
20
-3.63184
11
5.11288
21
-3.63615
0
LINE
8
BLACK
6
CONTINUOUS
10
5.11288
20
-3.63615
11
5.11167
21
-3.64031
0
LINE
8
BLACK
6
CONTINUOUS
10
5.11167
20
-3.64031
11
5.10906
21
-3.64375
0
LINE
8
BLACK
6
CONTINUOUS
10
5.10906
20
-3.64375
11
5.10537
21
-3.64602
0
LINE
8
BLACK
6
CONTINUOUS
10
5.10537
20
-3.64602
11
5.10112
21
-3.64681
0
LINE
8
BLACK
6
CONTINUOUS
10
5.10112
20
-3.64681
11
5.05781
21
-3.64681
0
LINE
8
BLACK
6
CONTINUOUS
10
5.05781
20
-3.64681
11
5.05552
21
-3.64659
0
LINE
8
BLACK
6
CONTINUOUS
10
5.05552
20
-3.64659
11
5.0515
21
-3.64498
0
LINE
8
BLACK
6
CONTINUOUS
10
5.0515
20
-3.64498
11
5.04833
21
-3.64204
0
LINE
8
BLACK
6
CONTINUOUS
10
5.04833
20
-3.64204
11
5.04643
21
-3.63816
0
LINE
8
BLACK
6
CONTINUOUS
10
5.04643
20
-3.63816
11
5.04606
21
-3.63385
0
LINE
8
BLACK
6
CONTINUOUS
10
5.04606
20
-3.63385
11
5.04726
21
-3.62969
0
LINE
8
BLACK
6
CONTINUOUS
10
5.04726
20
-3.62969
11
5.04988
21
-3.62625
0
LINE
8
BLACK
6
CONTINUOUS
10
5.04988
20
-3.62625
11
5.05356
21
-3.62398
0
LINE
8
BLACK
6
CONTINUOUS
10
5.05356
20
-3.62398
11
5.05781
21
-3.62319
0
LINE
8
BLACK
6
CONTINUOUS
10
5.05781
20
-3.62319
11
5.10112
21
-3.62319
0
LINE
8
BLACK
6
CONTINUOUS
10
5.10112
20
-3.62319
11
5.10342
21
-3.62341
0
LINE
8
BLACK
6
CONTINUOUS
10
5.10342
20
-3.28326
11
5.10743
21
-3.28486
0
LINE
8
BLACK
6
CONTINUOUS
10
5.10743
20
-3.28486
11
5.1106
21
-3.2878
0
LINE
8
BLACK
6
CONTINUOUS
10
5.1106
20
-3.2878
11
5.1125
21
-3.29169
0
LINE
8
BLACK
6
CONTINUOUS
10
5.1125
20
-3.29169
11
5.11288
21
-3.296
0
LINE
8
BLACK
6
CONTINUOUS
10
5.11288
20
-3.296
11
5.11167
21
-3.30015
0
LINE
8
BLACK
6
CONTINUOUS
10
5.11167
20
-3.30015
11
5.10906
21
-3.30359
0
LINE
8
BLACK
6
CONTINUOUS
10
5.10906
20
-3.30359
11
5.10537
21
-3.30586
0
LINE
8
BLACK
6
CONTINUOUS
10
5.10537
20
-3.30586
11
5.10112
21
-3.30665
0
LINE
8
BLACK
6
CONTINUOUS
10
5.10112
20
-3.30665
11
5.05781
21
-3.30665
0
LINE
8
BLACK
6
CONTINUOUS
10
5.05781
20
-3.30665
11
5.05552
21
-3.30643
0
LINE
8
BLACK
6
CONTINUOUS
10
5.05552
20
-3.30643
11
5.0515
21
-3.30483
0
LINE
8
BLACK
6
CONTINUOUS
10
5.0515
20
-3.30483
11
5.04833
21
-3.30188
0
LINE
8
BLACK
6
CONTINUOUS
10
5.04833
20
-3.30188
11
5.04643
21
-3.298
0
LINE
8
BLACK
6
CONTINUOUS
10
5.04643
20
-3.298
11
5.04606
21
-3.29369
0
LINE
8
BLACK
6
CONTINUOUS
10
5.04606
20
-3.29369
11
5.04726
21
-3.28954
0
LINE
8
BLACK
6
CONTINUOUS
10
5.04726
20
-3.28954
11
5.04988
21
-3.28609
0
LINE
8
BLACK
6
CONTINUOUS
10
5.04988
20
-3.28609
11
5.05356
21
-3.28382
0
LINE
8
BLACK
6
CONTINUOUS
10
5.05356
20
-3.28382
11
5.05781
21
-3.28303
0
LINE
8
BLACK
6
CONTINUOUS
10
5.05781
20
-3.28303
11
5.10112
21
-3.28303
0
LINE
8
BLACK
6
CONTINUOUS
10
5.10112
20
-3.28303
11
5.10342
21
-3.28326
  0
ENDSEC
  0
EOF
