  0
SECTION
  2
HEADER
  9
$ANGBASE
  50
0.0
  9
$ANGDIR
  70
1
  9
$MEASUREMENT
  70
0
  0
ENDSEC
  0
SECTION
  2
TABLES
  0
TABLE
  2
LTYPE
  70
4
  0
LTYPE
  5
40F
  2
CONTINUOUS
  70
0
  3
Solid line
  72
65
  73
0
  40
0.0
  0
LTYPE
  5
410
  2
DASHDOT
 70
0
  3
Dash Dot ____ _ ____ _
 72
65
 73
4
 40
2.0
 49
1.25
 49
-0.25
 49
0.25
 49
-0.25
  0
LTYPE
  5
411
  2
DASHED
 70
0
  3
Dashed __ __ __ __ __
 72
65
 73
2
 40
0.75
 49
0.5
 49
-0.25
  0
LTYPE
  5
43B
  2
DOTTED
 70
0
  3
Dotted .  .  .  .
 72
65
 73
2
 40
0.2
 49
0.0
 49
-0.2
  0
ENDTAB
  0
TABLE
  2
STYLE
  70
4
  0
STYLE
  2
KICAD
  70
0
  40
0
  41
1
  42
1
  50
0
  71
0
  3
isocp.shx
  0
STYLE
  2
KICADB
  70
0
  40
0
  41
1
  42
1
  50
0
  71
0
  3
isocp.shx
  0
STYLE
  2
KICADI
  70
0
  40
0
  41
1
  42
1
  50
15
  71
0
  3
isocp.shx
  0
STYLE
  2
KICADBI
  70
0
  40
0
  41
1
  42
1
  50
15
  71
0
  3
isocp.shx
  0
ENDTAB
  0
TABLE
  2
LAYER
  70
1
  0
LAYER
  2
BLACK
  70
0
  62
7
  6
CONTINUOUS
  0
ENDTAB
  0
ENDSEC
  0
SECTION
  2
ENTITIES
0
LINE
8
BLACK
6
CONTINUOUS
10
5.30359
20
-4.72702
11
5.30492
21
-4.72729
0
LINE
8
BLACK
6
CONTINUOUS
10
5.30492
20
-4.72729
11
5.31054
21
-4.7301
0
LINE
8
BLACK
6
CONTINUOUS
10
5.31054
20
-4.7301
11
5.31283
21
-4.73213
0
LINE
8
BLACK
6
CONTINUOUS
10
5.31283
20
-4.73213
11
5.31379
21
-4.73503
0
LINE
8
BLACK
6
CONTINUOUS
10
5.31379
20
-4.73503
11
5.31318
21
-4.73803
0
LINE
8
BLACK
6
CONTINUOUS
10
5.31318
20
-4.73803
11
5.31115
21
-4.74031
0
LINE
8
BLACK
6
CONTINUOUS
10
5.31115
20
-4.74031
11
5.30825
21
-4.74128
0
LINE
8
BLACK
6
CONTINUOUS
10
5.30825
20
-4.74128
11
5.30526
21
-4.74067
0
LINE
8
BLACK
6
CONTINUOUS
10
5.30526
20
-4.74067
11
5.30088
21
-4.73848
0
LINE
8
BLACK
6
CONTINUOUS
10
5.30088
20
-4.73848
11
5.2948
21
-4.73848
0
LINE
8
BLACK
6
CONTINUOUS
10
5.2948
20
-4.73848
11
5.28859
21
-4.74055
0
LINE
8
BLACK
6
CONTINUOUS
10
5.28859
20
-4.74055
11
5.28463
21
-4.74451
0
LINE
8
BLACK
6
CONTINUOUS
10
5.28463
20
-4.74451
11
5.28254
21
-4.74869
0
LINE
8
BLACK
6
CONTINUOUS
10
5.28254
20
-4.74869
11
5.28006
21
-4.75861
0
LINE
8
BLACK
6
CONTINUOUS
10
5.28006
20
-4.75861
11
5.28006
21
-4.76559
0
LINE
8
BLACK
6
CONTINUOUS
10
5.28006
20
-4.76559
11
5.28254
21
-4.77551
0
LINE
8
BLACK
6
CONTINUOUS
10
5.28254
20
-4.77551
11
5.28463
21
-4.77969
0
LINE
8
BLACK
6
CONTINUOUS
10
5.28463
20
-4.77969
11
5.28859
21
-4.78365
0
LINE
8
BLACK
6
CONTINUOUS
10
5.28859
20
-4.78365
11
5.2948
21
-4.78572
0
LINE
8
BLACK
6
CONTINUOUS
10
5.2948
20
-4.78572
11
5.2985
21
-4.78572
0
LINE
8
BLACK
6
CONTINUOUS
10
5.2985
20
-4.78572
11
5.30471
21
-4.78365
0
LINE
8
BLACK
6
CONTINUOUS
10
5.30471
20
-4.78365
11
5.30481
21
-4.78356
0
LINE
8
BLACK
6
CONTINUOUS
10
5.30481
20
-4.78356
11
5.30481
21
-4.77222
0
LINE
8
BLACK
6
CONTINUOUS
10
5.30481
20
-4.77222
11
5.29946
21
-4.77222
0
LINE
8
BLACK
6
CONTINUOUS
10
5.29946
20
-4.77222
11
5.29651
21
-4.77143
0
LINE
8
BLACK
6
CONTINUOUS
10
5.29651
20
-4.77143
11
5.29435
21
-4.76927
0
LINE
8
BLACK
6
CONTINUOUS
10
5.29435
20
-4.76927
11
5.29356
21
-4.76632
0
LINE
8
BLACK
6
CONTINUOUS
10
5.29356
20
-4.76632
11
5.29435
21
-4.76337
0
LINE
8
BLACK
6
CONTINUOUS
10
5.29435
20
-4.76337
11
5.29651
21
-4.7612
0
LINE
8
BLACK
6
CONTINUOUS
10
5.29651
20
-4.7612
11
5.29946
21
-4.76041
0
LINE
8
BLACK
6
CONTINUOUS
10
5.29946
20
-4.76041
11
5.31071
21
-4.76041
0
LINE
8
BLACK
6
CONTINUOUS
10
5.31071
20
-4.76041
11
5.31366
21
-4.7612
0
LINE
8
BLACK
6
CONTINUOUS
10
5.31366
20
-4.7612
11
5.31583
21
-4.76337
0
LINE
8
BLACK
6
CONTINUOUS
10
5.31583
20
-4.76337
11
5.31662
21
-4.76632
0
LINE
8
BLACK
6
CONTINUOUS
10
5.31662
20
-4.76632
11
5.31662
21
-4.786
0
LINE
8
BLACK
6
CONTINUOUS
10
5.31662
20
-4.786
11
5.31642
21
-4.78675
0
LINE
8
BLACK
6
CONTINUOUS
10
5.31642
20
-4.78675
11
5.31642
21
-4.78753
0
LINE
8
BLACK
6
CONTINUOUS
10
5.31642
20
-4.78753
11
5.31603
21
-4.7882
0
LINE
8
BLACK
6
CONTINUOUS
10
5.31603
20
-4.7882
11
5.31583
21
-4.78896
0
LINE
8
BLACK
6
CONTINUOUS
10
5.31583
20
-4.78896
11
5.31528
21
-4.78951
0
LINE
8
BLACK
6
CONTINUOUS
10
5.31528
20
-4.78951
11
5.31489
21
-4.79018
0
LINE
8
BLACK
6
CONTINUOUS
10
5.31489
20
-4.79018
11
5.31208
21
-4.79299
0
LINE
8
BLACK
6
CONTINUOUS
10
5.31208
20
-4.79299
11
5.3109
21
-4.79367
0
LINE
8
BLACK
6
CONTINUOUS
10
5.3109
20
-4.79367
11
5.30977
21
-4.79442
0
LINE
8
BLACK
6
CONTINUOUS
10
5.30977
20
-4.79442
11
5.30133
21
-4.79723
0
LINE
8
BLACK
6
CONTINUOUS
10
5.30133
20
-4.79723
11
5.30038
21
-4.79729
0
LINE
8
BLACK
6
CONTINUOUS
10
5.30038
20
-4.79729
11
5.29946
21
-4.79753
0
LINE
8
BLACK
6
CONTINUOUS
10
5.29946
20
-4.79753
11
5.29384
21
-4.79753
0
LINE
8
BLACK
6
CONTINUOUS
10
5.29384
20
-4.79753
11
5.29292
21
-4.79729
0
LINE
8
BLACK
6
CONTINUOUS
10
5.29292
20
-4.79729
11
5.29197
21
-4.79723
0
LINE
8
BLACK
6
CONTINUOUS
10
5.29197
20
-4.79723
11
5.28353
21
-4.79442
0
LINE
8
BLACK
6
CONTINUOUS
10
5.28353
20
-4.79442
11
5.2824
21
-4.79367
0
LINE
8
BLACK
6
CONTINUOUS
10
5.2824
20
-4.79367
11
5.28123
21
-4.79299
0
LINE
8
BLACK
6
CONTINUOUS
10
5.28123
20
-4.79299
11
5.2756
21
-4.78737
0
LINE
8
BLACK
6
CONTINUOUS
10
5.2756
20
-4.78737
11
5.27513
21
-4.78654
0
LINE
8
BLACK
6
CONTINUOUS
10
5.27513
20
-4.78654
11
5.2745
21
-4.78583
0
LINE
8
BLACK
6
CONTINUOUS
10
5.2745
20
-4.78583
11
5.27168
21
-4.78021
0
LINE
8
BLACK
6
CONTINUOUS
10
5.27168
20
-4.78021
11
5.27155
21
-4.77957
0
LINE
8
BLACK
6
CONTINUOUS
10
5.27155
20
-4.77957
11
5.27124
21
-4.779
0
LINE
8
BLACK
6
CONTINUOUS
10
5.27124
20
-4.779
11
5.26842
21
-4.76775
0
LINE
8
BLACK
6
CONTINUOUS
10
5.26842
20
-4.76775
11
5.26844
21
-4.76702
0
LINE
8
BLACK
6
CONTINUOUS
10
5.26844
20
-4.76702
11
5.26825
21
-4.76632
0
LINE
8
BLACK
6
CONTINUOUS
10
5.26825
20
-4.76632
11
5.26825
21
-4.75788
0
LINE
8
BLACK
6
CONTINUOUS
10
5.26825
20
-4.75788
11
5.26844
21
-4.75718
0
LINE
8
BLACK
6
CONTINUOUS
10
5.26844
20
-4.75718
11
5.26842
21
-4.75645
0
LINE
8
BLACK
6
CONTINUOUS
10
5.26842
20
-4.75645
11
5.27124
21
-4.7452
0
LINE
8
BLACK
6
CONTINUOUS
10
5.27124
20
-4.7452
11
5.27155
21
-4.74463
0
LINE
8
BLACK
6
CONTINUOUS
10
5.27155
20
-4.74463
11
5.27168
21
-4.74399
0
LINE
8
BLACK
6
CONTINUOUS
10
5.27168
20
-4.74399
11
5.2745
21
-4.73837
0
LINE
8
BLACK
6
CONTINUOUS
10
5.2745
20
-4.73837
11
5.27513
21
-4.73766
0
LINE
8
BLACK
6
CONTINUOUS
10
5.27513
20
-4.73766
11
5.2756
21
-4.73683
0
LINE
8
BLACK
6
CONTINUOUS
10
5.2756
20
-4.73683
11
5.28123
21
-4.73121
0
LINE
8
BLACK
6
CONTINUOUS
10
5.28123
20
-4.73121
11
5.2824
21
-4.73053
0
LINE
8
BLACK
6
CONTINUOUS
10
5.2824
20
-4.73053
11
5.28353
21
-4.72978
0
LINE
8
BLACK
6
CONTINUOUS
10
5.28353
20
-4.72978
11
5.29197
21
-4.72697
0
LINE
8
BLACK
6
CONTINUOUS
10
5.29197
20
-4.72697
11
5.29292
21
-4.72691
0
LINE
8
BLACK
6
CONTINUOUS
10
5.29292
20
-4.72691
11
5.29384
21
-4.72667
0
LINE
8
BLACK
6
CONTINUOUS
10
5.29384
20
-4.72667
11
5.30228
21
-4.72667
0
LINE
8
BLACK
6
CONTINUOUS
10
5.30228
20
-4.72667
11
5.30359
21
-4.72702
0
LINE
8
BLACK
6
CONTINUOUS
10
5.35983
20
-4.72702
11
5.36116
21
-4.72729
0
LINE
8
BLACK
6
CONTINUOUS
10
5.36116
20
-4.72729
11
5.36678
21
-4.7301
0
LINE
8
BLACK
6
CONTINUOUS
10
5.36678
20
-4.7301
11
5.36749
21
-4.73073
0
LINE
8
BLACK
6
CONTINUOUS
10
5.36749
20
-4.73073
11
5.36832
21
-4.73121
0
LINE
8
BLACK
6
CONTINUOUS
10
5.36832
20
-4.73121
11
5.37113
21
-4.73402
0
LINE
8
BLACK
6
CONTINUOUS
10
5.37113
20
-4.73402
11
5.37161
21
-4.73484
0
LINE
8
BLACK
6
CONTINUOUS
10
5.37161
20
-4.73484
11
5.37224
21
-4.73556
0
LINE
8
BLACK
6
CONTINUOUS
10
5.37224
20
-4.73556
11
5.37505
21
-4.74118
0
LINE
8
BLACK
6
CONTINUOUS
10
5.37505
20
-4.74118
11
5.37532
21
-4.74251
0
LINE
8
BLACK
6
CONTINUOUS
10
5.37532
20
-4.74251
11
5.37567
21
-4.74382
0
LINE
8
BLACK
6
CONTINUOUS
10
5.37567
20
-4.74382
11
5.37567
21
-4.75226
0
LINE
8
BLACK
6
CONTINUOUS
10
5.37567
20
-4.75226
11
5.37532
21
-4.75357
0
LINE
8
BLACK
6
CONTINUOUS
10
5.37532
20
-4.75357
11
5.37505
21
-4.7549
0
LINE
8
BLACK
6
CONTINUOUS
10
5.37505
20
-4.7549
11
5.37224
21
-4.76052
0
LINE
8
BLACK
6
CONTINUOUS
10
5.37224
20
-4.76052
11
5.37161
21
-4.76123
0
LINE
8
BLACK
6
CONTINUOUS
10
5.37161
20
-4.76123
11
5.37113
21
-4.76206
0
LINE
8
BLACK
6
CONTINUOUS
10
5.37113
20
-4.76206
11
5.36832
21
-4.76487
0
LINE
8
BLACK
6
CONTINUOUS
10
5.36832
20
-4.76487
11
5.36749
21
-4.76534
0
LINE
8
BLACK
6
CONTINUOUS
10
5.36749
20
-4.76534
11
5.36678
21
-4.76598
0
LINE
8
BLACK
6
CONTINUOUS
10
5.36678
20
-4.76598
11
5.36116
21
-4.76879
0
LINE
8
BLACK
6
CONTINUOUS
10
5.36116
20
-4.76879
11
5.35983
21
-4.76906
0
LINE
8
BLACK
6
CONTINUOUS
10
5.35983
20
-4.76906
11
5.35852
21
-4.76941
0
LINE
8
BLACK
6
CONTINUOUS
10
5.35852
20
-4.76941
11
5.34193
21
-4.76941
0
LINE
8
BLACK
6
CONTINUOUS
10
5.34193
20
-4.76941
11
5.34193
21
-4.79163
0
LINE
8
BLACK
6
CONTINUOUS
10
5.34193
20
-4.79163
11
5.34114
21
-4.79458
0
LINE
8
BLACK
6
CONTINUOUS
10
5.34114
20
-4.79458
11
5.33897
21
-4.79674
0
LINE
8
BLACK
6
CONTINUOUS
10
5.33897
20
-4.79674
11
5.33602
21
-4.79753
0
LINE
8
BLACK
6
CONTINUOUS
10
5.33602
20
-4.79753
11
5.33307
21
-4.79674
0
LINE
8
BLACK
6
CONTINUOUS
10
5.33307
20
-4.79674
11
5.33091
21
-4.79458
0
LINE
8
BLACK
6
CONTINUOUS
10
5.33091
20
-4.79458
11
5.33012
21
-4.79163
0
LINE
8
BLACK
6
CONTINUOUS
10
5.33012
20
-4.79163
11
5.33012
21
-4.73257
0
LINE
8
BLACK
6
CONTINUOUS
10
5.33012
20
-4.73257
11
5.33091
21
-4.72962
0
LINE
8
BLACK
6
CONTINUOUS
10
5.33091
20
-4.72962
11
5.33307
21
-4.72746
0
LINE
8
BLACK
6
CONTINUOUS
10
5.33307
20
-4.72746
11
5.33602
21
-4.72667
0
LINE
8
BLACK
6
CONTINUOUS
10
5.33602
20
-4.72667
11
5.35852
21
-4.72667
0
LINE
8
BLACK
6
CONTINUOUS
10
5.35852
20
-4.72667
11
5.35983
21
-4.72702
0
LINE
8
BLACK
6
CONTINUOUS
10
5.34193
20
-4.7576
11
5.35712
21
-4.7576
0
LINE
8
BLACK
6
CONTINUOUS
10
5.35712
20
-4.7576
11
5.36064
21
-4.75584
0
LINE
8
BLACK
6
CONTINUOUS
10
5.36064
20
-4.75584
11
5.3621
21
-4.75438
0
LINE
8
BLACK
6
CONTINUOUS
10
5.3621
20
-4.75438
11
5.36386
21
-4.75086
0
LINE
8
BLACK
6
CONTINUOUS
10
5.36386
20
-4.75086
11
5.36386
21
-4.74521
0
LINE
8
BLACK
6
CONTINUOUS
10
5.36386
20
-4.74521
11
5.3621
21
-4.74169
0
LINE
8
BLACK
6
CONTINUOUS
10
5.3621
20
-4.74169
11
5.36064
21
-4.74024
0
LINE
8
BLACK
6
CONTINUOUS
10
5.36064
20
-4.74024
11
5.35712
21
-4.73848
0
LINE
8
BLACK
6
CONTINUOUS
10
5.35712
20
-4.73848
11
5.34193
21
-4.73848
0
LINE
8
BLACK
6
CONTINUOUS
10
5.34193
20
-4.73848
11
5.34193
21
-4.7576
0
LINE
8
BLACK
6
CONTINUOUS
10
5.41849
20
-4.72691
11
5.41944
21
-4.72697
0
LINE
8
BLACK
6
CONTINUOUS
10
5.41944
20
-4.72697
11
5.42788
21
-4.72978
0
LINE
8
BLACK
6
CONTINUOUS
10
5.42788
20
-4.72978
11
5.43043
21
-4.73147
0
LINE
8
BLACK
6
CONTINUOUS
10
5.43043
20
-4.73147
11
5.4318
21
-4.7342
0
LINE
8
BLACK
6
CONTINUOUS
10
5.4318
20
-4.7342
11
5.43161
21
-4.73725
0
LINE
8
BLACK
6
CONTINUOUS
10
5.43161
20
-4.73725
11
5.42993
21
-4.7398
0
LINE
8
BLACK
6
CONTINUOUS
10
5.42993
20
-4.7398
11
5.42719
21
-4.74117
0
LINE
8
BLACK
6
CONTINUOUS
10
5.42719
20
-4.74117
11
5.42414
21
-4.74099
0
LINE
8
BLACK
6
CONTINUOUS
10
5.42414
20
-4.74099
11
5.41661
21
-4.73848
0
LINE
8
BLACK
6
CONTINUOUS
10
5.41661
20
-4.73848
11
5.40491
21
-4.73848
0
LINE
8
BLACK
6
CONTINUOUS
10
5.40491
20
-4.73848
11
5.40139
21
-4.74024
0
LINE
8
BLACK
6
CONTINUOUS
10
5.40139
20
-4.74024
11
5.39993
21
-4.74169
0
LINE
8
BLACK
6
CONTINUOUS
10
5.39993
20
-4.74169
11
5.39817
21
-4.74521
0
LINE
8
BLACK
6
CONTINUOUS
10
5.39817
20
-4.74521
11
5.39817
21
-4.74805
0
LINE
8
BLACK
6
CONTINUOUS
10
5.39817
20
-4.74805
11
5.39993
21
-4.75157
0
LINE
8
BLACK
6
CONTINUOUS
10
5.39993
20
-4.75157
11
5.40139
21
-4.75303
0
LINE
8
BLACK
6
CONTINUOUS
10
5.40139
20
-4.75303
11
5.40557
21
-4.75512
0
LINE
8
BLACK
6
CONTINUOUS
10
5.40557
20
-4.75512
11
5.41619
21
-4.75778
0
LINE
8
BLACK
6
CONTINUOUS
10
5.41619
20
-4.75778
11
5.41676
21
-4.75809
0
LINE
8
BLACK
6
CONTINUOUS
10
5.41676
20
-4.75809
11
5.4174
21
-4.75822
0
LINE
8
BLACK
6
CONTINUOUS
10
5.4174
20
-4.75822
11
5.42303
21
-4.76104
0
LINE
8
BLACK
6
CONTINUOUS
10
5.42303
20
-4.76104
11
5.42374
21
-4.76167
0
LINE
8
BLACK
6
CONTINUOUS
10
5.42374
20
-4.76167
11
5.42456
21
-4.76214
0
LINE
8
BLACK
6
CONTINUOUS
10
5.42456
20
-4.76214
11
5.42737
21
-4.76495
0
LINE
8
BLACK
6
CONTINUOUS
10
5.42737
20
-4.76495
11
5.42785
21
-4.76578
0
LINE
8
BLACK
6
CONTINUOUS
10
5.42785
20
-4.76578
11
5.42848
21
-4.76649
0
LINE
8
BLACK
6
CONTINUOUS
10
5.42848
20
-4.76649
11
5.43129
21
-4.77211
0
LINE
8
BLACK
6
CONTINUOUS
10
5.43129
20
-4.77211
11
5.43156
21
-4.77344
0
LINE
8
BLACK
6
CONTINUOUS
10
5.43156
20
-4.77344
11
5.43192
21
-4.77475
0
LINE
8
BLACK
6
CONTINUOUS
10
5.43192
20
-4.77475
11
5.43192
21
-4.78038
0
LINE
8
BLACK
6
CONTINUOUS
10
5.43192
20
-4.78038
11
5.43156
21
-4.78169
0
LINE
8
BLACK
6
CONTINUOUS
10
5.43156
20
-4.78169
11
5.43129
21
-4.78302
0
LINE
8
BLACK
6
CONTINUOUS
10
5.43129
20
-4.78302
11
5.42848
21
-4.78864
0
LINE
8
BLACK
6
CONTINUOUS
10
5.42848
20
-4.78864
11
5.42785
21
-4.78936
0
LINE
8
BLACK
6
CONTINUOUS
10
5.42785
20
-4.78936
11
5.42737
21
-4.79018
0
LINE
8
BLACK
6
CONTINUOUS
10
5.42737
20
-4.79018
11
5.42456
21
-4.79299
0
LINE
8
BLACK
6
CONTINUOUS
10
5.42456
20
-4.79299
11
5.42374
21
-4.79347
0
LINE
8
BLACK
6
CONTINUOUS
10
5.42374
20
-4.79347
11
5.42303
21
-4.7941
0
LINE
8
BLACK
6
CONTINUOUS
10
5.42303
20
-4.7941
11
5.4174
21
-4.79691
0
LINE
8
BLACK
6
CONTINUOUS
10
5.4174
20
-4.79691
11
5.41607
21
-4.79718
0
LINE
8
BLACK
6
CONTINUOUS
10
5.41607
20
-4.79718
11
5.41476
21
-4.79753
0
LINE
8
BLACK
6
CONTINUOUS
10
5.41476
20
-4.79753
11
5.4007
21
-4.79753
0
LINE
8
BLACK
6
CONTINUOUS
10
5.4007
20
-4.79753
11
5.39978
21
-4.79729
0
LINE
8
BLACK
6
CONTINUOUS
10
5.39978
20
-4.79729
11
5.39883
21
-4.79723
0
LINE
8
BLACK
6
CONTINUOUS
10
5.39883
20
-4.79723
11
5.3904
21
-4.79442
0
LINE
8
BLACK
6
CONTINUOUS
10
5.3904
20
-4.79442
11
5.38785
21
-4.79273
0
LINE
8
BLACK
6
CONTINUOUS
10
5.38785
20
-4.79273
11
5.38648
21
-4.79
0
LINE
8
BLACK
6
CONTINUOUS
10
5.38648
20
-4.79
11
5.38666
21
-4.78695
0
LINE
8
BLACK
6
CONTINUOUS
10
5.38666
20
-4.78695
11
5.38835
21
-4.7844
0
LINE
8
BLACK
6
CONTINUOUS
10
5.38835
20
-4.7844
11
5.39108
21
-4.78303
0
LINE
8
BLACK
6
CONTINUOUS
10
5.39108
20
-4.78303
11
5.39413
21
-4.78321
0
LINE
8
BLACK
6
CONTINUOUS
10
5.39413
20
-4.78321
11
5.40166
21
-4.78572
0
LINE
8
BLACK
6
CONTINUOUS
10
5.40166
20
-4.78572
11
5.41337
21
-4.78572
0
LINE
8
BLACK
6
CONTINUOUS
10
5.41337
20
-4.78572
11
5.41689
21
-4.78396
0
LINE
8
BLACK
6
CONTINUOUS
10
5.41689
20
-4.78396
11
5.41834
21
-4.7825
0
LINE
8
BLACK
6
CONTINUOUS
10
5.41834
20
-4.7825
11
5.4201
21
-4.77898
0
LINE
8
BLACK
6
CONTINUOUS
10
5.4201
20
-4.77898
11
5.4201
21
-4.77615
0
LINE
8
BLACK
6
CONTINUOUS
10
5.4201
20
-4.77615
11
5.41834
21
-4.77263
0
LINE
8
BLACK
6
CONTINUOUS
10
5.41834
20
-4.77263
11
5.41689
21
-4.77117
0
LINE
8
BLACK
6
CONTINUOUS
10
5.41689
20
-4.77117
11
5.4127
21
-4.76908
0
LINE
8
BLACK
6
CONTINUOUS
10
5.4127
20
-4.76908
11
5.40208
21
-4.76642
0
LINE
8
BLACK
6
CONTINUOUS
10
5.40208
20
-4.76642
11
5.40151
21
-4.76611
0
LINE
8
BLACK
6
CONTINUOUS
10
5.40151
20
-4.76611
11
5.40087
21
-4.76598
0
LINE
8
BLACK
6
CONTINUOUS
10
5.40087
20
-4.76598
11
5.39525
21
-4.76316
0
LINE
8
BLACK
6
CONTINUOUS
10
5.39525
20
-4.76316
11
5.39454
21
-4.76253
0
LINE
8
BLACK
6
CONTINUOUS
10
5.39454
20
-4.76253
11
5.39371
21
-4.76206
0
LINE
8
BLACK
6
CONTINUOUS
10
5.39371
20
-4.76206
11
5.3909
21
-4.75925
0
LINE
8
BLACK
6
CONTINUOUS
10
5.3909
20
-4.75925
11
5.39042
21
-4.75842
0
LINE
8
BLACK
6
CONTINUOUS
10
5.39042
20
-4.75842
11
5.38979
21
-4.75771
0
LINE
8
BLACK
6
CONTINUOUS
10
5.38979
20
-4.75771
11
5.38698
21
-4.75209
0
LINE
8
BLACK
6
CONTINUOUS
10
5.38698
20
-4.75209
11
5.38671
21
-4.75076
0
LINE
8
BLACK
6
CONTINUOUS
10
5.38671
20
-4.75076
11
5.38636
21
-4.74944
0
LINE
8
BLACK
6
CONTINUOUS
10
5.38636
20
-4.74944
11
5.38636
21
-4.74382
0
LINE
8
BLACK
6
CONTINUOUS
10
5.38636
20
-4.74382
11
5.38671
21
-4.74251
0
LINE
8
BLACK
6
CONTINUOUS
10
5.38671
20
-4.74251
11
5.38698
21
-4.74118
0
LINE
8
BLACK
6
CONTINUOUS
10
5.38698
20
-4.74118
11
5.38979
21
-4.73556
0
LINE
8
BLACK
6
CONTINUOUS
10
5.38979
20
-4.73556
11
5.39042
21
-4.73484
0
LINE
8
BLACK
6
CONTINUOUS
10
5.39042
20
-4.73484
11
5.3909
21
-4.73402
0
LINE
8
BLACK
6
CONTINUOUS
10
5.3909
20
-4.73402
11
5.39371
21
-4.73121
0
LINE
8
BLACK
6
CONTINUOUS
10
5.39371
20
-4.73121
11
5.39454
21
-4.73073
0
LINE
8
BLACK
6
CONTINUOUS
10
5.39454
20
-4.73073
11
5.39525
21
-4.7301
0
LINE
8
BLACK
6
CONTINUOUS
10
5.39525
20
-4.7301
11
5.40087
21
-4.72729
0
LINE
8
BLACK
6
CONTINUOUS
10
5.40087
20
-4.72729
11
5.4022
21
-4.72702
0
LINE
8
BLACK
6
CONTINUOUS
10
5.4022
20
-4.72702
11
5.40351
21
-4.72667
0
LINE
8
BLACK
6
CONTINUOUS
10
5.40351
20
-4.72667
11
5.41757
21
-4.72667
0
LINE
8
BLACK
6
CONTINUOUS
10
5.41757
20
-4.72667
11
5.41849
21
-4.72691
0
LINE
8
BLACK
6
CONTINUOUS
10
5.47232
20
-4.72702
11
5.47364
21
-4.72729
0
LINE
8
BLACK
6
CONTINUOUS
10
5.47364
20
-4.72729
11
5.47927
21
-4.7301
0
LINE
8
BLACK
6
CONTINUOUS
10
5.47927
20
-4.7301
11
5.47954
21
-4.73034
0
LINE
8
BLACK
6
CONTINUOUS
10
5.47954
20
-4.73034
11
5.47988
21
-4.73046
0
LINE
8
BLACK
6
CONTINUOUS
10
5.47988
20
-4.73046
11
5.48067
21
-4.73134
0
LINE
8
BLACK
6
CONTINUOUS
10
5.48067
20
-4.73134
11
5.48156
21
-4.73213
0
LINE
8
BLACK
6
CONTINUOUS
10
5.48156
20
-4.73213
11
5.48167
21
-4.73247
0
LINE
8
BLACK
6
CONTINUOUS
10
5.48167
20
-4.73247
11
5.48191
21
-4.73274
0
LINE
8
BLACK
6
CONTINUOUS
10
5.48191
20
-4.73274
11
5.48472
21
-4.73837
0
LINE
8
BLACK
6
CONTINUOUS
10
5.48472
20
-4.73837
11
5.48499
21
-4.7397
0
LINE
8
BLACK
6
CONTINUOUS
10
5.48499
20
-4.7397
11
5.48535
21
-4.74101
0
LINE
8
BLACK
6
CONTINUOUS
10
5.48535
20
-4.74101
11
5.48535
21
-4.74382
0
LINE
8
BLACK
6
CONTINUOUS
10
5.48535
20
-4.74382
11
5.48499
21
-4.74513
0
LINE
8
BLACK
6
CONTINUOUS
10
5.48499
20
-4.74513
11
5.48472
21
-4.74646
0
LINE
8
BLACK
6
CONTINUOUS
10
5.48472
20
-4.74646
11
5.48191
21
-4.75209
0
LINE
8
BLACK
6
CONTINUOUS
10
5.48191
20
-4.75209
11
5.48128
21
-4.7528
0
LINE
8
BLACK
6
CONTINUOUS
10
5.48128
20
-4.7528
11
5.4808
21
-4.75362
0
LINE
8
BLACK
6
CONTINUOUS
10
5.4808
20
-4.75362
11
5.47799
21
-4.75643
0
LINE
8
BLACK
6
CONTINUOUS
10
5.47799
20
-4.75643
11
5.47748
21
-4.75673
0
LINE
8
BLACK
6
CONTINUOUS
10
5.47748
20
-4.75673
11
5.47709
21
-4.75717
0
LINE
8
BLACK
6
CONTINUOUS
10
5.47709
20
-4.75717
11
5.47292
21
-4.75995
0
LINE
8
BLACK
6
CONTINUOUS
10
5.47292
20
-4.75995
11
5.47293
21
-4.75997
0
LINE
8
BLACK
6
CONTINUOUS
10
5.47293
20
-4.75997
11
5.48268
21
-4.77167
0
LINE
8
BLACK
6
CONTINUOUS
10
5.48268
20
-4.77167
11
5.48478
21
-4.76536
0
LINE
8
BLACK
6
CONTINUOUS
10
5.48478
20
-4.76536
11
5.48478
21
-4.76069
0
LINE
8
BLACK
6
CONTINUOUS
10
5.48478
20
-4.76069
11
5.48557
21
-4.75774
0
LINE
8
BLACK
6
CONTINUOUS
10
5.48557
20
-4.75774
11
5.48774
21
-4.75558
0
LINE
8
BLACK
6
CONTINUOUS
10
5.48774
20
-4.75558
11
5.49069
21
-4.75479
0
LINE
8
BLACK
6
CONTINUOUS
10
5.49069
20
-4.75479
11
5.49364
21
-4.75558
0
LINE
8
BLACK
6
CONTINUOUS
10
5.49364
20
-4.75558
11
5.4958
21
-4.75774
0
LINE
8
BLACK
6
CONTINUOUS
10
5.4958
20
-4.75774
11
5.49659
21
-4.76069
0
LINE
8
BLACK
6
CONTINUOUS
10
5.49659
20
-4.76069
11
5.49659
21
-4.76632
0
LINE
8
BLACK
6
CONTINUOUS
10
5.49659
20
-4.76632
11
5.49635
21
-4.76724
0
LINE
8
BLACK
6
CONTINUOUS
10
5.49635
20
-4.76724
11
5.49629
21
-4.76819
0
LINE
8
BLACK
6
CONTINUOUS
10
5.49629
20
-4.76819
11
5.49348
21
-4.77662
0
LINE
8
BLACK
6
CONTINUOUS
10
5.49348
20
-4.77662
11
5.49296
21
-4.77742
0
LINE
8
BLACK
6
CONTINUOUS
10
5.49296
20
-4.77742
11
5.4926
21
-4.7783
0
LINE
8
BLACK
6
CONTINUOUS
10
5.4926
20
-4.7783
11
5.49085
21
-4.78063
0
LINE
8
BLACK
6
CONTINUOUS
10
5.49085
20
-4.78063
11
5.49419
21
-4.78396
0
LINE
8
BLACK
6
CONTINUOUS
10
5.49419
20
-4.78396
11
5.49771
21
-4.78572
0
LINE
8
BLACK
6
CONTINUOUS
10
5.49771
20
-4.78572
11
5.49913
21
-4.78572
0
LINE
8
BLACK
6
CONTINUOUS
10
5.49913
20
-4.78572
11
5.50208
21
-4.78651
0
LINE
8
BLACK
6
CONTINUOUS
10
5.50208
20
-4.78651
11
5.50424
21
-4.78867
0
LINE
8
BLACK
6
CONTINUOUS
10
5.50424
20
-4.78867
11
5.50503
21
-4.79163
0
LINE
8
BLACK
6
CONTINUOUS
10
5.50503
20
-4.79163
11
5.50424
21
-4.79458
0
LINE
8
BLACK
6
CONTINUOUS
10
5.50424
20
-4.79458
11
5.50208
21
-4.79674
0
LINE
8
BLACK
6
CONTINUOUS
10
5.50208
20
-4.79674
11
5.49913
21
-4.79753
0
LINE
8
BLACK
6
CONTINUOUS
10
5.49913
20
-4.79753
11
5.49631
21
-4.79753
0
LINE
8
BLACK
6
CONTINUOUS
10
5.49631
20
-4.79753
11
5.495
21
-4.79718
0
LINE
8
BLACK
6
CONTINUOUS
10
5.495
20
-4.79718
11
5.49367
21
-4.79691
0
LINE
8
BLACK
6
CONTINUOUS
10
5.49367
20
-4.79691
11
5.48805
21
-4.7941
0
LINE
8
BLACK
6
CONTINUOUS
10
5.48805
20
-4.7941
11
5.48734
21
-4.79347
0
LINE
8
BLACK
6
CONTINUOUS
10
5.48734
20
-4.79347
11
5.48651
21
-4.79299
0
LINE
8
BLACK
6
CONTINUOUS
10
5.48651
20
-4.79299
11
5.48365
21
-4.79012
0
LINE
8
BLACK
6
CONTINUOUS
10
5.48365
20
-4.79012
11
5.48362
21
-4.79018
0
LINE
8
BLACK
6
CONTINUOUS
10
5.48362
20
-4.79018
11
5.4808
21
-4.79299
0
LINE
8
BLACK
6
CONTINUOUS
10
5.4808
20
-4.79299
11
5.47998
21
-4.79347
0
LINE
8
BLACK
6
CONTINUOUS
10
5.47998
20
-4.79347
11
5.47927
21
-4.7941
0
LINE
8
BLACK
6
CONTINUOUS
10
5.47927
20
-4.7941
11
5.47364
21
-4.79691
0
LINE
8
BLACK
6
CONTINUOUS
10
5.47364
20
-4.79691
11
5.47232
21
-4.79718
0
LINE
8
BLACK
6
CONTINUOUS
10
5.47232
20
-4.79718
11
5.471
21
-4.79753
0
LINE
8
BLACK
6
CONTINUOUS
10
5.471
20
-4.79753
11
5.46257
21
-4.79753
0
LINE
8
BLACK
6
CONTINUOUS
10
5.46257
20
-4.79753
11
5.46126
21
-4.79718
0
LINE
8
BLACK
6
CONTINUOUS
10
5.46126
20
-4.79718
11
5.45993
21
-4.79691
0
LINE
8
BLACK
6
CONTINUOUS
10
5.45993
20
-4.79691
11
5.4543
21
-4.7941
0
LINE
8
BLACK
6
CONTINUOUS
10
5.4543
20
-4.7941
11
5.45359
21
-4.79347
0
LINE
8
BLACK
6
CONTINUOUS
10
5.45359
20
-4.79347
11
5.45277
21
-4.79299
0
LINE
8
BLACK
6
CONTINUOUS
10
5.45277
20
-4.79299
11
5.44996
21
-4.79018
0
LINE
8
BLACK
6
CONTINUOUS
10
5.44996
20
-4.79018
11
5.44948
21
-4.78936
0
LINE
8
BLACK
6
CONTINUOUS
10
5.44948
20
-4.78936
11
5.44885
21
-4.78864
0
LINE
8
BLACK
6
CONTINUOUS
10
5.44885
20
-4.78864
11
5.44604
21
-4.78302
0
LINE
8
BLACK
6
CONTINUOUS
10
5.44604
20
-4.78302
11
5.44576
21
-4.78169
0
LINE
8
BLACK
6
CONTINUOUS
10
5.44576
20
-4.78169
11
5.44541
21
-4.78038
0
LINE
8
BLACK
6
CONTINUOUS
10
5.44541
20
-4.78038
11
5.44541
21
-4.77194
0
LINE
8
BLACK
6
CONTINUOUS
10
5.44541
20
-4.77194
11
5.44576
21
-4.77063
0
LINE
8
BLACK
6
CONTINUOUS
10
5.44576
20
-4.77063
11
5.44604
21
-4.7693
0
LINE
8
BLACK
6
CONTINUOUS
10
5.44604
20
-4.7693
11
5.44885
21
-4.76368
0
LINE
8
BLACK
6
CONTINUOUS
10
5.44885
20
-4.76368
11
5.44948
21
-4.76297
0
LINE
8
BLACK
6
CONTINUOUS
10
5.44948
20
-4.76297
11
5.44996
21
-4.76214
0
LINE
8
BLACK
6
CONTINUOUS
10
5.44996
20
-4.76214
11
5.45277
21
-4.75933
0
LINE
8
BLACK
6
CONTINUOUS
10
5.45277
20
-4.75933
11
5.45328
21
-4.75903
0
LINE
8
BLACK
6
CONTINUOUS
10
5.45328
20
-4.75903
11
5.45367
21
-4.75859
0
LINE
8
BLACK
6
CONTINUOUS
10
5.45367
20
-4.75859
11
5.45682
21
-4.75649
0
LINE
8
BLACK
6
CONTINUOUS
10
5.45682
20
-4.75649
11
5.45415
21
-4.7485
0
LINE
8
BLACK
6
CONTINUOUS
10
5.45415
20
-4.7485
11
5.4541
21
-4.74755
0
LINE
8
BLACK
6
CONTINUOUS
10
5.4541
20
-4.74755
11
5.45385
21
-4.74663
0
LINE
8
BLACK
6
CONTINUOUS
10
5.45385
20
-4.74663
11
5.45385
21
-4.74101
0
LINE
8
BLACK
6
CONTINUOUS
10
5.45385
20
-4.74101
11
5.4542
21
-4.7397
0
LINE
8
BLACK
6
CONTINUOUS
10
5.4542
20
-4.7397
11
5.45447
21
-4.73837
0
LINE
8
BLACK
6
CONTINUOUS
10
5.45447
20
-4.73837
11
5.45729
21
-4.73274
0
LINE
8
BLACK
6
CONTINUOUS
10
5.45729
20
-4.73274
11
5.45753
21
-4.73247
0
LINE
8
BLACK
6
CONTINUOUS
10
5.45753
20
-4.73247
11
5.45764
21
-4.73213
0
LINE
8
BLACK
6
CONTINUOUS
10
5.45764
20
-4.73213
11
5.45853
21
-4.73134
0
LINE
8
BLACK
6
CONTINUOUS
10
5.45853
20
-4.73134
11
5.45931
21
-4.73046
0
LINE
8
BLACK
6
CONTINUOUS
10
5.45931
20
-4.73046
11
5.45966
21
-4.73034
0
LINE
8
BLACK
6
CONTINUOUS
10
5.45966
20
-4.73034
11
5.45993
21
-4.7301
0
LINE
8
BLACK
6
CONTINUOUS
10
5.45993
20
-4.7301
11
5.46555
21
-4.72729
0
LINE
8
BLACK
6
CONTINUOUS
10
5.46555
20
-4.72729
11
5.46688
21
-4.72702
0
LINE
8
BLACK
6
CONTINUOUS
10
5.46688
20
-4.72702
11
5.46819
21
-4.72667
0
LINE
8
BLACK
6
CONTINUOUS
10
5.46819
20
-4.72667
11
5.471
21
-4.72667
0
LINE
8
BLACK
6
CONTINUOUS
10
5.471
20
-4.72667
11
5.47232
21
-4.72702
0
LINE
8
BLACK
6
CONTINUOUS
10
5.46071
20
-4.76809
11
5.45898
21
-4.76982
0
LINE
8
BLACK
6
CONTINUOUS
10
5.45898
20
-4.76982
11
5.45722
21
-4.77334
0
LINE
8
BLACK
6
CONTINUOUS
10
5.45722
20
-4.77334
11
5.45722
21
-4.77898
0
LINE
8
BLACK
6
CONTINUOUS
10
5.45722
20
-4.77898
11
5.45898
21
-4.7825
0
LINE
8
BLACK
6
CONTINUOUS
10
5.45898
20
-4.7825
11
5.46044
21
-4.78396
0
LINE
8
BLACK
6
CONTINUOUS
10
5.46044
20
-4.78396
11
5.46396
21
-4.78572
0
LINE
8
BLACK
6
CONTINUOUS
10
5.46396
20
-4.78572
11
5.46961
21
-4.78572
0
LINE
8
BLACK
6
CONTINUOUS
10
5.46961
20
-4.78572
11
5.47313
21
-4.78396
0
LINE
8
BLACK
6
CONTINUOUS
10
5.47313
20
-4.78396
11
5.47497
21
-4.78212
0
LINE
8
BLACK
6
CONTINUOUS
10
5.47497
20
-4.78212
11
5.47547
21
-4.78146
0
LINE
8
BLACK
6
CONTINUOUS
10
5.47547
20
-4.78146
11
5.46366
21
-4.76729
0
LINE
8
BLACK
6
CONTINUOUS
10
5.46366
20
-4.76729
11
5.46352
21
-4.76699
0
LINE
8
BLACK
6
CONTINUOUS
10
5.46352
20
-4.76699
11
5.46328
21
-4.76678
0
LINE
8
BLACK
6
CONTINUOUS
10
5.46328
20
-4.76678
11
5.46309
21
-4.7665
0
LINE
8
BLACK
6
CONTINUOUS
10
5.46309
20
-4.7665
11
5.46071
21
-4.76809
0
LINE
8
BLACK
6
CONTINUOUS
10
5.46697
20
-4.73979
11
5.46566
21
-4.7424
0
LINE
8
BLACK
6
CONTINUOUS
10
5.46566
20
-4.7424
11
5.46566
21
-4.74567
0
LINE
8
BLACK
6
CONTINUOUS
10
5.46566
20
-4.74567
11
5.467
21
-4.7497
0
LINE
8
BLACK
6
CONTINUOUS
10
5.467
20
-4.7497
11
5.47005
21
-4.74767
0
LINE
8
BLACK
6
CONTINUOUS
10
5.47005
20
-4.74767
11
5.47177
21
-4.74595
0
LINE
8
BLACK
6
CONTINUOUS
10
5.47177
20
-4.74595
11
5.47353
21
-4.74243
0
LINE
8
BLACK
6
CONTINUOUS
10
5.47353
20
-4.74243
11
5.47353
21
-4.7424
0
LINE
8
BLACK
6
CONTINUOUS
10
5.47353
20
-4.7424
11
5.47223
21
-4.73979
0
LINE
8
BLACK
6
CONTINUOUS
10
5.47223
20
-4.73979
11
5.46961
21
-4.73848
0
LINE
8
BLACK
6
CONTINUOUS
10
5.46961
20
-4.73848
11
5.46959
21
-4.73848
0
LINE
8
BLACK
6
CONTINUOUS
10
5.46959
20
-4.73848
11
5.46697
21
-4.73979
0
LINE
8
BLACK
6
CONTINUOUS
10
5.54785
20
-4.72691
11
5.5488
21
-4.72697
0
LINE
8
BLACK
6
CONTINUOUS
10
5.5488
20
-4.72697
11
5.55724
21
-4.72978
0
LINE
8
BLACK
6
CONTINUOUS
10
5.55724
20
-4.72978
11
5.55979
21
-4.73147
0
LINE
8
BLACK
6
CONTINUOUS
10
5.55979
20
-4.73147
11
5.56115
21
-4.7342
0
LINE
8
BLACK
6
CONTINUOUS
10
5.56115
20
-4.7342
11
5.56097
21
-4.73725
0
LINE
8
BLACK
6
CONTINUOUS
10
5.56097
20
-4.73725
11
5.55929
21
-4.7398
0
LINE
8
BLACK
6
CONTINUOUS
10
5.55929
20
-4.7398
11
5.55655
21
-4.74117
0
LINE
8
BLACK
6
CONTINUOUS
10
5.55655
20
-4.74117
11
5.5535
21
-4.74099
0
LINE
8
BLACK
6
CONTINUOUS
10
5.5535
20
-4.74099
11
5.54597
21
-4.73848
0
LINE
8
BLACK
6
CONTINUOUS
10
5.54597
20
-4.73848
11
5.53427
21
-4.73848
0
LINE
8
BLACK
6
CONTINUOUS
10
5.53427
20
-4.73848
11
5.53075
21
-4.74024
0
LINE
8
BLACK
6
CONTINUOUS
10
5.53075
20
-4.74024
11
5.52929
21
-4.74169
0
LINE
8
BLACK
6
CONTINUOUS
10
5.52929
20
-4.74169
11
5.52753
21
-4.74521
0
LINE
8
BLACK
6
CONTINUOUS
10
5.52753
20
-4.74521
11
5.52753
21
-4.74805
0
LINE
8
BLACK
6
CONTINUOUS
10
5.52753
20
-4.74805
11
5.52929
21
-4.75157
0
LINE
8
BLACK
6
CONTINUOUS
10
5.52929
20
-4.75157
11
5.53075
21
-4.75303
0
LINE
8
BLACK
6
CONTINUOUS
10
5.53075
20
-4.75303
11
5.53493
21
-4.75512
0
LINE
8
BLACK
6
CONTINUOUS
10
5.53493
20
-4.75512
11
5.54555
21
-4.75778
0
LINE
8
BLACK
6
CONTINUOUS
10
5.54555
20
-4.75778
11
5.54612
21
-4.75809
0
LINE
8
BLACK
6
CONTINUOUS
10
5.54612
20
-4.75809
11
5.54676
21
-4.75822
0
LINE
8
BLACK
6
CONTINUOUS
10
5.54676
20
-4.75822
11
5.55239
21
-4.76104
0
LINE
8
BLACK
6
CONTINUOUS
10
5.55239
20
-4.76104
11
5.5531
21
-4.76167
0
LINE
8
BLACK
6
CONTINUOUS
10
5.5531
20
-4.76167
11
5.55392
21
-4.76214
0
LINE
8
BLACK
6
CONTINUOUS
10
5.55392
20
-4.76214
11
5.55673
21
-4.76495
0
LINE
8
BLACK
6
CONTINUOUS
10
5.55673
20
-4.76495
11
5.55721
21
-4.76578
0
LINE
8
BLACK
6
CONTINUOUS
10
5.55721
20
-4.76578
11
5.55784
21
-4.76649
0
LINE
8
BLACK
6
CONTINUOUS
10
5.55784
20
-4.76649
11
5.56065
21
-4.77211
0
LINE
8
BLACK
6
CONTINUOUS
10
5.56065
20
-4.77211
11
5.56092
21
-4.77344
0
LINE
8
BLACK
6
CONTINUOUS
10
5.56092
20
-4.77344
11
5.56127
21
-4.77475
0
LINE
8
BLACK
6
CONTINUOUS
10
5.56127
20
-4.77475
11
5.56127
21
-4.78038
0
LINE
8
BLACK
6
CONTINUOUS
10
5.56127
20
-4.78038
11
5.56092
21
-4.78169
0
LINE
8
BLACK
6
CONTINUOUS
10
5.56092
20
-4.78169
11
5.56065
21
-4.78302
0
LINE
8
BLACK
6
CONTINUOUS
10
5.56065
20
-4.78302
11
5.55784
21
-4.78864
0
LINE
8
BLACK
6
CONTINUOUS
10
5.55784
20
-4.78864
11
5.55721
21
-4.78936
0
LINE
8
BLACK
6
CONTINUOUS
10
5.55721
20
-4.78936
11
5.55673
21
-4.79018
0
LINE
8
BLACK
6
CONTINUOUS
10
5.55673
20
-4.79018
11
5.55392
21
-4.79299
0
LINE
8
BLACK
6
CONTINUOUS
10
5.55392
20
-4.79299
11
5.5531
21
-4.79347
0
LINE
8
BLACK
6
CONTINUOUS
10
5.5531
20
-4.79347
11
5.55239
21
-4.7941
0
LINE
8
BLACK
6
CONTINUOUS
10
5.55239
20
-4.7941
11
5.54676
21
-4.79691
0
LINE
8
BLACK
6
CONTINUOUS
10
5.54676
20
-4.79691
11
5.54543
21
-4.79718
0
LINE
8
BLACK
6
CONTINUOUS
10
5.54543
20
-4.79718
11
5.54412
21
-4.79753
0
LINE
8
BLACK
6
CONTINUOUS
10
5.54412
20
-4.79753
11
5.53006
21
-4.79753
0
LINE
8
BLACK
6
CONTINUOUS
10
5.53006
20
-4.79753
11
5.52914
21
-4.79729
0
LINE
8
BLACK
6
CONTINUOUS
10
5.52914
20
-4.79729
11
5.52819
21
-4.79723
0
LINE
8
BLACK
6
CONTINUOUS
10
5.52819
20
-4.79723
11
5.51976
21
-4.79442
0
LINE
8
BLACK
6
CONTINUOUS
10
5.51976
20
-4.79442
11
5.5172
21
-4.79273
0
LINE
8
BLACK
6
CONTINUOUS
10
5.5172
20
-4.79273
11
5.51584
21
-4.79
0
LINE
8
BLACK
6
CONTINUOUS
10
5.51584
20
-4.79
11
5.51602
21
-4.78695
0
LINE
8
BLACK
6
CONTINUOUS
10
5.51602
20
-4.78695
11
5.5177
21
-4.7844
0
LINE
8
BLACK
6
CONTINUOUS
10
5.5177
20
-4.7844
11
5.52044
21
-4.78303
0
LINE
8
BLACK
6
CONTINUOUS
10
5.52044
20
-4.78303
11
5.52349
21
-4.78321
0
LINE
8
BLACK
6
CONTINUOUS
10
5.52349
20
-4.78321
11
5.53102
21
-4.78572
0
LINE
8
BLACK
6
CONTINUOUS
10
5.53102
20
-4.78572
11
5.54273
21
-4.78572
0
LINE
8
BLACK
6
CONTINUOUS
10
5.54273
20
-4.78572
11
5.54625
21
-4.78396
0
LINE
8
BLACK
6
CONTINUOUS
10
5.54625
20
-4.78396
11
5.5477
21
-4.7825
0
LINE
8
BLACK
6
CONTINUOUS
10
5.5477
20
-4.7825
11
5.54946
21
-4.77898
0
LINE
8
BLACK
6
CONTINUOUS
10
5.54946
20
-4.77898
11
5.54946
21
-4.77615
0
LINE
8
BLACK
6
CONTINUOUS
10
5.54946
20
-4.77615
11
5.5477
21
-4.77263
0
LINE
8
BLACK
6
CONTINUOUS
10
5.5477
20
-4.77263
11
5.54625
21
-4.77117
0
LINE
8
BLACK
6
CONTINUOUS
10
5.54625
20
-4.77117
11
5.54206
21
-4.76908
0
LINE
8
BLACK
6
CONTINUOUS
10
5.54206
20
-4.76908
11
5.53144
21
-4.76642
0
LINE
8
BLACK
6
CONTINUOUS
10
5.53144
20
-4.76642
11
5.53087
21
-4.76611
0
LINE
8
BLACK
6
CONTINUOUS
10
5.53087
20
-4.76611
11
5.53023
21
-4.76598
0
LINE
8
BLACK
6
CONTINUOUS
10
5.53023
20
-4.76598
11
5.52461
21
-4.76316
0
LINE
8
BLACK
6
CONTINUOUS
10
5.52461
20
-4.76316
11
5.52389
21
-4.76253
0
LINE
8
BLACK
6
CONTINUOUS
10
5.52389
20
-4.76253
11
5.52307
21
-4.76206
0
LINE
8
BLACK
6
CONTINUOUS
10
5.52307
20
-4.76206
11
5.52026
21
-4.75925
0
LINE
8
BLACK
6
CONTINUOUS
10
5.52026
20
-4.75925
11
5.51978
21
-4.75842
0
LINE
8
BLACK
6
CONTINUOUS
10
5.51978
20
-4.75842
11
5.51915
21
-4.75771
0
LINE
8
BLACK
6
CONTINUOUS
10
5.51915
20
-4.75771
11
5.51634
21
-4.75209
0
LINE
8
BLACK
6
CONTINUOUS
10
5.51634
20
-4.75209
11
5.51607
21
-4.75076
0
LINE
8
BLACK
6
CONTINUOUS
10
5.51607
20
-4.75076
11
5.51572
21
-4.74944
0
LINE
8
BLACK
6
CONTINUOUS
10
5.51572
20
-4.74944
11
5.51572
21
-4.74382
0
LINE
8
BLACK
6
CONTINUOUS
10
5.51572
20
-4.74382
11
5.51607
21
-4.74251
0
LINE
8
BLACK
6
CONTINUOUS
10
5.51607
20
-4.74251
11
5.51634
21
-4.74118
0
LINE
8
BLACK
6
CONTINUOUS
10
5.51634
20
-4.74118
11
5.51915
21
-4.73556
0
LINE
8
BLACK
6
CONTINUOUS
10
5.51915
20
-4.73556
11
5.51978
21
-4.73484
0
LINE
8
BLACK
6
CONTINUOUS
10
5.51978
20
-4.73484
11
5.52026
21
-4.73402
0
LINE
8
BLACK
6
CONTINUOUS
10
5.52026
20
-4.73402
11
5.52307
21
-4.73121
0
LINE
8
BLACK
6
CONTINUOUS
10
5.52307
20
-4.73121
11
5.52389
21
-4.73073
0
LINE
8
BLACK
6
CONTINUOUS
10
5.52389
20
-4.73073
11
5.52461
21
-4.7301
0
LINE
8
BLACK
6
CONTINUOUS
10
5.52461
20
-4.7301
11
5.53023
21
-4.72729
0
LINE
8
BLACK
6
CONTINUOUS
10
5.53023
20
-4.72729
11
5.53156
21
-4.72702
0
LINE
8
BLACK
6
CONTINUOUS
10
5.53156
20
-4.72702
11
5.53287
21
-4.72667
0
LINE
8
BLACK
6
CONTINUOUS
10
5.53287
20
-4.72667
11
5.54693
21
-4.72667
0
LINE
8
BLACK
6
CONTINUOUS
10
5.54693
20
-4.72667
11
5.54785
21
-4.72691
0
LINE
8
BLACK
6
CONTINUOUS
10
5.66237
20
-4.72746
11
5.66453
21
-4.72962
0
LINE
8
BLACK
6
CONTINUOUS
10
5.66453
20
-4.72962
11
5.66532
21
-4.73257
0
LINE
8
BLACK
6
CONTINUOUS
10
5.66532
20
-4.73257
11
5.66453
21
-4.73552
0
LINE
8
BLACK
6
CONTINUOUS
10
5.66453
20
-4.73552
11
5.66237
21
-4.73769
0
LINE
8
BLACK
6
CONTINUOUS
10
5.66237
20
-4.73769
11
5.65942
21
-4.73848
0
LINE
8
BLACK
6
CONTINUOUS
10
5.65942
20
-4.73848
11
5.6372
21
-4.73848
0
LINE
8
BLACK
6
CONTINUOUS
10
5.6372
20
-4.73848
11
5.6372
21
-4.75479
0
LINE
8
BLACK
6
CONTINUOUS
10
5.6372
20
-4.75479
11
5.65098
21
-4.75479
0
LINE
8
BLACK
6
CONTINUOUS
10
5.65098
20
-4.75479
11
5.65393
21
-4.75558
0
LINE
8
BLACK
6
CONTINUOUS
10
5.65393
20
-4.75558
11
5.6561
21
-4.75774
0
LINE
8
BLACK
6
CONTINUOUS
10
5.6561
20
-4.75774
11
5.65689
21
-4.76069
0
LINE
8
BLACK
6
CONTINUOUS
10
5.65689
20
-4.76069
11
5.6561
21
-4.76365
0
LINE
8
BLACK
6
CONTINUOUS
10
5.6561
20
-4.76365
11
5.65393
21
-4.76581
0
LINE
8
BLACK
6
CONTINUOUS
10
5.65393
20
-4.76581
11
5.65098
21
-4.7666
0
LINE
8
BLACK
6
CONTINUOUS
10
5.65098
20
-4.7666
11
5.6372
21
-4.7666
0
LINE
8
BLACK
6
CONTINUOUS
10
5.6372
20
-4.7666
11
5.6372
21
-4.79163
0
LINE
8
BLACK
6
CONTINUOUS
10
5.6372
20
-4.79163
11
5.63641
21
-4.79458
0
LINE
8
BLACK
6
CONTINUOUS
10
5.63641
20
-4.79458
11
5.63425
21
-4.79674
0
LINE
8
BLACK
6
CONTINUOUS
10
5.63425
20
-4.79674
11
5.6313
21
-4.79753
0
LINE
8
BLACK
6
CONTINUOUS
10
5.6313
20
-4.79753
11
5.62834
21
-4.79674
0
LINE
8
BLACK
6
CONTINUOUS
10
5.62834
20
-4.79674
11
5.62618
21
-4.79458
0
LINE
8
BLACK
6
CONTINUOUS
10
5.62618
20
-4.79458
11
5.62539
21
-4.79163
0
LINE
8
BLACK
6
CONTINUOUS
10
5.62539
20
-4.79163
11
5.62539
21
-4.73257
0
LINE
8
BLACK
6
CONTINUOUS
10
5.62539
20
-4.73257
11
5.62618
21
-4.72962
0
LINE
8
BLACK
6
CONTINUOUS
10
5.62618
20
-4.72962
11
5.62834
21
-4.72746
0
LINE
8
BLACK
6
CONTINUOUS
10
5.62834
20
-4.72746
11
5.6313
21
-4.72667
0
LINE
8
BLACK
6
CONTINUOUS
10
5.6313
20
-4.72667
11
5.65942
21
-4.72667
0
LINE
8
BLACK
6
CONTINUOUS
10
5.65942
20
-4.72667
11
5.66237
21
-4.72746
0
LINE
8
BLACK
6
CONTINUOUS
10
5.71299
20
-4.72746
11
5.71515
21
-4.72962
0
LINE
8
BLACK
6
CONTINUOUS
10
5.71515
20
-4.72962
11
5.71594
21
-4.73257
0
LINE
8
BLACK
6
CONTINUOUS
10
5.71594
20
-4.73257
11
5.71515
21
-4.73552
0
LINE
8
BLACK
6
CONTINUOUS
10
5.71515
20
-4.73552
11
5.71299
21
-4.73769
0
LINE
8
BLACK
6
CONTINUOUS
10
5.71299
20
-4.73769
11
5.71004
21
-4.73848
0
LINE
8
BLACK
6
CONTINUOUS
10
5.71004
20
-4.73848
11
5.68782
21
-4.73848
0
LINE
8
BLACK
6
CONTINUOUS
10
5.68782
20
-4.73848
11
5.68782
21
-4.75479
0
LINE
8
BLACK
6
CONTINUOUS
10
5.68782
20
-4.75479
11
5.7016
21
-4.75479
0
LINE
8
BLACK
6
CONTINUOUS
10
5.7016
20
-4.75479
11
5.70455
21
-4.75558
0
LINE
8
BLACK
6
CONTINUOUS
10
5.70455
20
-4.75558
11
5.70671
21
-4.75774
0
LINE
8
BLACK
6
CONTINUOUS
10
5.70671
20
-4.75774
11
5.70751
21
-4.76069
0
LINE
8
BLACK
6
CONTINUOUS
10
5.70751
20
-4.76069
11
5.70671
21
-4.76365
0
LINE
8
BLACK
6
CONTINUOUS
10
5.70671
20
-4.76365
11
5.70455
21
-4.76581
0
LINE
8
BLACK
6
CONTINUOUS
10
5.70455
20
-4.76581
11
5.7016
21
-4.7666
0
LINE
8
BLACK
6
CONTINUOUS
10
5.7016
20
-4.7666
11
5.68782
21
-4.7666
0
LINE
8
BLACK
6
CONTINUOUS
10
5.68782
20
-4.7666
11
5.68782
21
-4.78572
0
LINE
8
BLACK
6
CONTINUOUS
10
5.68782
20
-4.78572
11
5.71004
21
-4.78572
0
LINE
8
BLACK
6
CONTINUOUS
10
5.71004
20
-4.78572
11
5.71299
21
-4.78651
0
LINE
8
BLACK
6
CONTINUOUS
10
5.71299
20
-4.78651
11
5.71515
21
-4.78867
0
LINE
8
BLACK
6
CONTINUOUS
10
5.71515
20
-4.78867
11
5.71594
21
-4.79163
0
LINE
8
BLACK
6
CONTINUOUS
10
5.71594
20
-4.79163
11
5.71515
21
-4.79458
0
LINE
8
BLACK
6
CONTINUOUS
10
5.71515
20
-4.79458
11
5.71299
21
-4.79674
0
LINE
8
BLACK
6
CONTINUOUS
10
5.71299
20
-4.79674
11
5.71004
21
-4.79753
0
LINE
8
BLACK
6
CONTINUOUS
10
5.71004
20
-4.79753
11
5.68192
21
-4.79753
0
LINE
8
BLACK
6
CONTINUOUS
10
5.68192
20
-4.79753
11
5.67896
21
-4.79674
0
LINE
8
BLACK
6
CONTINUOUS
10
5.67896
20
-4.79674
11
5.6768
21
-4.79458
0
LINE
8
BLACK
6
CONTINUOUS
10
5.6768
20
-4.79458
11
5.67601
21
-4.79163
0
LINE
8
BLACK
6
CONTINUOUS
10
5.67601
20
-4.79163
11
5.67601
21
-4.73257
0
LINE
8
BLACK
6
CONTINUOUS
10
5.67601
20
-4.73257
11
5.6768
21
-4.72962
0
LINE
8
BLACK
6
CONTINUOUS
10
5.6768
20
-4.72962
11
5.67896
21
-4.72746
0
LINE
8
BLACK
6
CONTINUOUS
10
5.67896
20
-4.72746
11
5.68192
21
-4.72667
0
LINE
8
BLACK
6
CONTINUOUS
10
5.68192
20
-4.72667
11
5.71004
21
-4.72667
0
LINE
8
BLACK
6
CONTINUOUS
10
5.71004
20
-4.72667
11
5.71299
21
-4.72746
0
LINE
8
BLACK
6
CONTINUOUS
10
5.76361
20
-4.72746
11
5.76577
21
-4.72962
0
LINE
8
BLACK
6
CONTINUOUS
10
5.76577
20
-4.72962
11
5.76629
21
-4.73155
0
LINE
8
BLACK
6
CONTINUOUS
10
5.76629
20
-4.73155
11
5.76667
21
-4.72984
0
LINE
8
BLACK
6
CONTINUOUS
10
5.76667
20
-4.72984
11
5.76873
21
-4.72759
0
LINE
8
BLACK
6
CONTINUOUS
10
5.76873
20
-4.72759
11
5.77165
21
-4.72667
0
LINE
8
BLACK
6
CONTINUOUS
10
5.77165
20
-4.72667
11
5.77463
21
-4.72734
0
LINE
8
BLACK
6
CONTINUOUS
10
5.77463
20
-4.72734
11
5.77689
21
-4.7294
0
LINE
8
BLACK
6
CONTINUOUS
10
5.77689
20
-4.7294
11
5.79159
21
-4.75251
0
LINE
8
BLACK
6
CONTINUOUS
10
5.79159
20
-4.75251
11
5.80629
21
-4.7294
0
LINE
8
BLACK
6
CONTINUOUS
10
5.80629
20
-4.7294
11
5.80854
21
-4.72734
0
LINE
8
BLACK
6
CONTINUOUS
10
5.80854
20
-4.72734
11
5.81153
21
-4.72667
0
LINE
8
BLACK
6
CONTINUOUS
10
5.81153
20
-4.72667
11
5.81444
21
-4.72759
0
LINE
8
BLACK
6
CONTINUOUS
10
5.81444
20
-4.72759
11
5.81651
21
-4.72984
0
LINE
8
BLACK
6
CONTINUOUS
10
5.81651
20
-4.72984
11
5.81717
21
-4.73283
0
LINE
8
BLACK
6
CONTINUOUS
10
5.81717
20
-4.73283
11
5.81626
21
-4.73574
0
LINE
8
BLACK
6
CONTINUOUS
10
5.81626
20
-4.73574
11
5.79749
21
-4.76523
0
LINE
8
BLACK
6
CONTINUOUS
10
5.79749
20
-4.76523
11
5.79749
21
-4.79163
0
LINE
8
BLACK
6
CONTINUOUS
10
5.79749
20
-4.79163
11
5.7967
21
-4.79458
0
LINE
8
BLACK
6
CONTINUOUS
10
5.7967
20
-4.79458
11
5.79454
21
-4.79674
0
LINE
8
BLACK
6
CONTINUOUS
10
5.79454
20
-4.79674
11
5.79159
21
-4.79753
0
LINE
8
BLACK
6
CONTINUOUS
10
5.79159
20
-4.79753
11
5.78864
21
-4.79674
0
LINE
8
BLACK
6
CONTINUOUS
10
5.78864
20
-4.79674
11
5.78647
21
-4.79458
0
LINE
8
BLACK
6
CONTINUOUS
10
5.78647
20
-4.79458
11
5.78568
21
-4.79163
0
LINE
8
BLACK
6
CONTINUOUS
10
5.78568
20
-4.79163
11
5.78568
21
-4.76523
0
LINE
8
BLACK
6
CONTINUOUS
10
5.78568
20
-4.76523
11
5.76692
21
-4.73574
0
LINE
8
BLACK
6
CONTINUOUS
10
5.76692
20
-4.73574
11
5.76627
21
-4.73367
0
LINE
8
BLACK
6
CONTINUOUS
10
5.76627
20
-4.73367
11
5.76577
21
-4.73552
0
LINE
8
BLACK
6
CONTINUOUS
10
5.76577
20
-4.73552
11
5.76361
21
-4.73769
0
LINE
8
BLACK
6
CONTINUOUS
10
5.76361
20
-4.73769
11
5.76066
21
-4.73848
0
LINE
8
BLACK
6
CONTINUOUS
10
5.76066
20
-4.73848
11
5.74969
21
-4.73848
0
LINE
8
BLACK
6
CONTINUOUS
10
5.74969
20
-4.73848
11
5.74969
21
-4.79163
0
LINE
8
BLACK
6
CONTINUOUS
10
5.74969
20
-4.79163
11
5.7489
21
-4.79458
0
LINE
8
BLACK
6
CONTINUOUS
10
5.7489
20
-4.79458
11
5.74674
21
-4.79674
0
LINE
8
BLACK
6
CONTINUOUS
10
5.74674
20
-4.79674
11
5.74378
21
-4.79753
0
LINE
8
BLACK
6
CONTINUOUS
10
5.74378
20
-4.79753
11
5.74083
21
-4.79674
0
LINE
8
BLACK
6
CONTINUOUS
10
5.74083
20
-4.79674
11
5.73867
21
-4.79458
0
LINE
8
BLACK
6
CONTINUOUS
10
5.73867
20
-4.79458
11
5.73788
21
-4.79163
0
LINE
8
BLACK
6
CONTINUOUS
10
5.73788
20
-4.79163
11
5.73788
21
-4.73848
0
LINE
8
BLACK
6
CONTINUOUS
10
5.73788
20
-4.73848
11
5.72691
21
-4.73848
0
LINE
8
BLACK
6
CONTINUOUS
10
5.72691
20
-4.73848
11
5.72396
21
-4.73769
0
LINE
8
BLACK
6
CONTINUOUS
10
5.72396
20
-4.73769
11
5.7218
21
-4.73552
0
LINE
8
BLACK
6
CONTINUOUS
10
5.7218
20
-4.73552
11
5.721
21
-4.73257
0
LINE
8
BLACK
6
CONTINUOUS
10
5.721
20
-4.73257
11
5.7218
21
-4.72962
0
LINE
8
BLACK
6
CONTINUOUS
10
5.7218
20
-4.72962
11
5.72396
21
-4.72746
0
LINE
8
BLACK
6
CONTINUOUS
10
5.72396
20
-4.72746
11
5.72691
21
-4.72667
0
LINE
8
BLACK
6
CONTINUOUS
10
5.72691
20
-4.72667
11
5.76066
21
-4.72667
0
LINE
8
BLACK
6
CONTINUOUS
10
5.76066
20
-4.72667
11
5.76361
21
-4.72746
0
LINE
8
BLACK
6
CONTINUOUS
10
6.16921
20
-4.72746
11
6.17137
21
-4.72962
0
LINE
8
BLACK
6
CONTINUOUS
10
6.17137
20
-4.72962
11
6.17216
21
-4.73257
0
LINE
8
BLACK
6
CONTINUOUS
10
6.17216
20
-4.73257
11
6.17216
21
-4.78038
0
LINE
8
BLACK
6
CONTINUOUS
10
6.17216
20
-4.78038
11
6.17181
21
-4.78169
0
LINE
8
BLACK
6
CONTINUOUS
10
6.17181
20
-4.78169
11
6.17154
21
-4.78302
0
LINE
8
BLACK
6
CONTINUOUS
10
6.17154
20
-4.78302
11
6.16873
21
-4.78864
0
LINE
8
BLACK
6
CONTINUOUS
10
6.16873
20
-4.78864
11
6.1681
21
-4.78936
0
LINE
8
BLACK
6
CONTINUOUS
10
6.1681
20
-4.78936
11
6.16762
21
-4.79018
0
LINE
8
BLACK
6
CONTINUOUS
10
6.16762
20
-4.79018
11
6.16481
21
-4.79299
0
LINE
8
BLACK
6
CONTINUOUS
10
6.16481
20
-4.79299
11
6.16399
21
-4.79347
0
LINE
8
BLACK
6
CONTINUOUS
10
6.16399
20
-4.79347
11
6.16327
21
-4.7941
0
LINE
8
BLACK
6
CONTINUOUS
10
6.16327
20
-4.7941
11
6.15765
21
-4.79691
0
LINE
8
BLACK
6
CONTINUOUS
10
6.15765
20
-4.79691
11
6.15632
21
-4.79718
0
LINE
8
BLACK
6
CONTINUOUS
10
6.15632
20
-4.79718
11
6.15501
21
-4.79753
0
LINE
8
BLACK
6
CONTINUOUS
10
6.15501
20
-4.79753
11
6.14376
21
-4.79753
0
LINE
8
BLACK
6
CONTINUOUS
10
6.14376
20
-4.79753
11
6.14245
21
-4.79718
0
LINE
8
BLACK
6
CONTINUOUS
10
6.14245
20
-4.79718
11
6.14112
21
-4.79691
0
LINE
8
BLACK
6
CONTINUOUS
10
6.14112
20
-4.79691
11
6.1355
21
-4.7941
0
LINE
8
BLACK
6
CONTINUOUS
10
6.1355
20
-4.7941
11
6.13478
21
-4.79347
0
LINE
8
BLACK
6
CONTINUOUS
10
6.13478
20
-4.79347
11
6.13396
21
-4.79299
0
LINE
8
BLACK
6
CONTINUOUS
10
6.13396
20
-4.79299
11
6.13115
21
-4.79018
0
LINE
8
BLACK
6
CONTINUOUS
10
6.13115
20
-4.79018
11
6.13067
21
-4.78936
0
LINE
8
BLACK
6
CONTINUOUS
10
6.13067
20
-4.78936
11
6.13004
21
-4.78864
0
LINE
8
BLACK
6
CONTINUOUS
10
6.13004
20
-4.78864
11
6.12723
21
-4.78302
0
LINE
8
BLACK
6
CONTINUOUS
10
6.12723
20
-4.78302
11
6.12696
21
-4.78169
0
LINE
8
BLACK
6
CONTINUOUS
10
6.12696
20
-4.78169
11
6.12661
21
-4.78038
0
LINE
8
BLACK
6
CONTINUOUS
10
6.12661
20
-4.78038
11
6.12661
21
-4.73257
0
LINE
8
BLACK
6
CONTINUOUS
10
6.12661
20
-4.73257
11
6.1274
21
-4.72962
0
LINE
8
BLACK
6
CONTINUOUS
10
6.1274
20
-4.72962
11
6.12956
21
-4.72746
0
LINE
8
BLACK
6
CONTINUOUS
10
6.12956
20
-4.72746
11
6.13251
21
-4.72667
0
LINE
8
BLACK
6
CONTINUOUS
10
6.13251
20
-4.72667
11
6.13547
21
-4.72746
0
LINE
8
BLACK
6
CONTINUOUS
10
6.13547
20
-4.72746
11
6.13763
21
-4.72962
0
LINE
8
BLACK
6
CONTINUOUS
10
6.13763
20
-4.72962
11
6.13842
21
-4.73257
0
LINE
8
BLACK
6
CONTINUOUS
10
6.13842
20
-4.73257
11
6.13842
21
-4.77898
0
LINE
8
BLACK
6
CONTINUOUS
10
6.13842
20
-4.77898
11
6.14018
21
-4.7825
0
LINE
8
BLACK
6
CONTINUOUS
10
6.14018
20
-4.7825
11
6.14163
21
-4.78396
0
LINE
8
BLACK
6
CONTINUOUS
10
6.14163
20
-4.78396
11
6.14516
21
-4.78572
0
LINE
8
BLACK
6
CONTINUOUS
10
6.14516
20
-4.78572
11
6.15362
21
-4.78572
0
LINE
8
BLACK
6
CONTINUOUS
10
6.15362
20
-4.78572
11
6.15714
21
-4.78396
0
LINE
8
BLACK
6
CONTINUOUS
10
6.15714
20
-4.78396
11
6.15859
21
-4.7825
0
LINE
8
BLACK
6
CONTINUOUS
10
6.15859
20
-4.7825
11
6.16035
21
-4.77898
0
LINE
8
BLACK
6
CONTINUOUS
10
6.16035
20
-4.77898
11
6.16035
21
-4.73257
0
LINE
8
BLACK
6
CONTINUOUS
10
6.16035
20
-4.73257
11
6.16114
21
-4.72962
0
LINE
8
BLACK
6
CONTINUOUS
10
6.16114
20
-4.72962
11
6.16331
21
-4.72746
0
LINE
8
BLACK
6
CONTINUOUS
10
6.16331
20
-4.72746
11
6.16626
21
-4.72667
0
LINE
8
BLACK
6
CONTINUOUS
10
6.16626
20
-4.72667
11
6.16921
21
-4.72746
0
LINE
8
BLACK
6
CONTINUOUS
10
6.29857
20
-4.72746
11
6.30073
21
-4.72962
0
LINE
8
BLACK
6
CONTINUOUS
10
6.30073
20
-4.72962
11
6.30152
21
-4.73257
0
LINE
8
BLACK
6
CONTINUOUS
10
6.30152
20
-4.73257
11
6.30152
21
-4.79163
0
LINE
8
BLACK
6
CONTINUOUS
10
6.30152
20
-4.79163
11
6.30073
21
-4.79458
0
LINE
8
BLACK
6
CONTINUOUS
10
6.30073
20
-4.79458
11
6.29857
21
-4.79674
0
LINE
8
BLACK
6
CONTINUOUS
10
6.29857
20
-4.79674
11
6.29562
21
-4.79753
0
LINE
8
BLACK
6
CONTINUOUS
10
6.29562
20
-4.79753
11
6.29266
21
-4.79674
0
LINE
8
BLACK
6
CONTINUOUS
10
6.29266
20
-4.79674
11
6.2905
21
-4.79458
0
LINE
8
BLACK
6
CONTINUOUS
10
6.2905
20
-4.79458
11
6.28971
21
-4.79163
0
LINE
8
BLACK
6
CONTINUOUS
10
6.28971
20
-4.79163
11
6.28971
21
-4.73257
0
LINE
8
BLACK
6
CONTINUOUS
10
6.28971
20
-4.73257
11
6.2905
21
-4.72962
0
LINE
8
BLACK
6
CONTINUOUS
10
6.2905
20
-4.72962
11
6.29266
21
-4.72746
0
LINE
8
BLACK
6
CONTINUOUS
10
6.29266
20
-4.72746
11
6.29562
21
-4.72667
0
LINE
8
BLACK
6
CONTINUOUS
10
6.29562
20
-4.72667
11
6.29857
21
-4.72746
0
LINE
8
BLACK
6
CONTINUOUS
10
6.34473
20
-4.72702
11
6.34606
21
-4.72729
0
LINE
8
BLACK
6
CONTINUOUS
10
6.34606
20
-4.72729
11
6.35169
21
-4.7301
0
LINE
8
BLACK
6
CONTINUOUS
10
6.35169
20
-4.7301
11
6.3524
21
-4.73073
0
LINE
8
BLACK
6
CONTINUOUS
10
6.3524
20
-4.73073
11
6.35322
21
-4.73121
0
LINE
8
BLACK
6
CONTINUOUS
10
6.35322
20
-4.73121
11
6.35604
21
-4.73402
0
LINE
8
BLACK
6
CONTINUOUS
10
6.35604
20
-4.73402
11
6.35651
21
-4.73484
0
LINE
8
BLACK
6
CONTINUOUS
10
6.35651
20
-4.73484
11
6.35714
21
-4.73556
0
LINE
8
BLACK
6
CONTINUOUS
10
6.35714
20
-4.73556
11
6.35995
21
-4.74118
0
LINE
8
BLACK
6
CONTINUOUS
10
6.35995
20
-4.74118
11
6.36023
21
-4.74251
0
LINE
8
BLACK
6
CONTINUOUS
10
6.36023
20
-4.74251
11
6.36058
21
-4.74382
0
LINE
8
BLACK
6
CONTINUOUS
10
6.36058
20
-4.74382
11
6.36058
21
-4.74944
0
LINE
8
BLACK
6
CONTINUOUS
10
6.36058
20
-4.74944
11
6.36033
21
-4.75036
0
LINE
8
BLACK
6
CONTINUOUS
10
6.36033
20
-4.75036
11
6.36027
21
-4.75131
0
LINE
8
BLACK
6
CONTINUOUS
10
6.36027
20
-4.75131
11
6.35746
21
-4.75975
0
LINE
8
BLACK
6
CONTINUOUS
10
6.35746
20
-4.75975
11
6.35671
21
-4.76088
0
LINE
8
BLACK
6
CONTINUOUS
10
6.35671
20
-4.76088
11
6.35604
21
-4.76206
0
LINE
8
BLACK
6
CONTINUOUS
10
6.35604
20
-4.76206
11
6.33237
21
-4.78572
0
LINE
8
BLACK
6
CONTINUOUS
10
6.33237
20
-4.78572
11
6.35467
21
-4.78572
0
LINE
8
BLACK
6
CONTINUOUS
10
6.35467
20
-4.78572
11
6.35762
21
-4.78651
0
LINE
8
BLACK
6
CONTINUOUS
10
6.35762
20
-4.78651
11
6.35979
21
-4.78867
0
LINE
8
BLACK
6
CONTINUOUS
10
6.35979
20
-4.78867
11
6.36058
21
-4.79163
0
LINE
8
BLACK
6
CONTINUOUS
10
6.36058
20
-4.79163
11
6.35979
21
-4.79458
0
LINE
8
BLACK
6
CONTINUOUS
10
6.35979
20
-4.79458
11
6.35762
21
-4.79674
0
LINE
8
BLACK
6
CONTINUOUS
10
6.35762
20
-4.79674
11
6.35467
21
-4.79753
0
LINE
8
BLACK
6
CONTINUOUS
10
6.35467
20
-4.79753
11
6.31811
21
-4.79753
0
LINE
8
BLACK
6
CONTINUOUS
10
6.31811
20
-4.79753
11
6.31736
21
-4.79733
0
LINE
8
BLACK
6
CONTINUOUS
10
6.31736
20
-4.79733
11
6.31659
21
-4.79733
0
LINE
8
BLACK
6
CONTINUOUS
10
6.31659
20
-4.79733
11
6.31591
21
-4.79694
0
LINE
8
BLACK
6
CONTINUOUS
10
6.31591
20
-4.79694
11
6.31516
21
-4.79674
0
LINE
8
BLACK
6
CONTINUOUS
10
6.31516
20
-4.79674
11
6.31461
21
-4.79619
0
LINE
8
BLACK
6
CONTINUOUS
10
6.31461
20
-4.79619
11
6.31394
21
-4.7958
0
LINE
8
BLACK
6
CONTINUOUS
10
6.31394
20
-4.7958
11
6.31355
21
-4.79513
0
LINE
8
BLACK
6
CONTINUOUS
10
6.31355
20
-4.79513
11
6.313
21
-4.79458
0
LINE
8
BLACK
6
CONTINUOUS
10
6.313
20
-4.79458
11
6.3128
21
-4.79383
0
LINE
8
BLACK
6
CONTINUOUS
10
6.3128
20
-4.79383
11
6.31241
21
-4.79316
0
LINE
8
BLACK
6
CONTINUOUS
10
6.31241
20
-4.79316
11
6.31241
21
-4.79238
0
LINE
8
BLACK
6
CONTINUOUS
10
6.31241
20
-4.79238
11
6.31221
21
-4.79163
0
LINE
8
BLACK
6
CONTINUOUS
10
6.31221
20
-4.79163
11
6.31241
21
-4.79088
0
LINE
8
BLACK
6
CONTINUOUS
10
6.31241
20
-4.79088
11
6.31241
21
-4.7901
0
LINE
8
BLACK
6
CONTINUOUS
10
6.31241
20
-4.7901
11
6.3128
21
-4.78943
0
LINE
8
BLACK
6
CONTINUOUS
10
6.3128
20
-4.78943
11
6.313
21
-4.78867
0
LINE
8
BLACK
6
CONTINUOUS
10
6.313
20
-4.78867
11
6.31355
21
-4.78812
0
LINE
8
BLACK
6
CONTINUOUS
10
6.31355
20
-4.78812
11
6.31394
21
-4.78745
0
LINE
8
BLACK
6
CONTINUOUS
10
6.31394
20
-4.78745
11
6.3467
21
-4.75469
0
LINE
8
BLACK
6
CONTINUOUS
10
6.3467
20
-4.75469
11
6.34877
21
-4.74849
0
LINE
8
BLACK
6
CONTINUOUS
10
6.34877
20
-4.74849
11
6.34877
21
-4.74521
0
LINE
8
BLACK
6
CONTINUOUS
10
6.34877
20
-4.74521
11
6.34701
21
-4.74169
0
LINE
8
BLACK
6
CONTINUOUS
10
6.34701
20
-4.74169
11
6.34555
21
-4.74024
0
LINE
8
BLACK
6
CONTINUOUS
10
6.34555
20
-4.74024
11
6.34203
21
-4.73848
0
LINE
8
BLACK
6
CONTINUOUS
10
6.34203
20
-4.73848
11
6.33076
21
-4.73848
0
LINE
8
BLACK
6
CONTINUOUS
10
6.33076
20
-4.73848
11
6.32724
21
-4.74024
0
LINE
8
BLACK
6
CONTINUOUS
10
6.32724
20
-4.74024
11
6.3251
21
-4.74237
0
LINE
8
BLACK
6
CONTINUOUS
10
6.3251
20
-4.74237
11
6.32245
21
-4.7439
0
LINE
8
BLACK
6
CONTINUOUS
10
6.32245
20
-4.7439
11
6.3194
21
-4.7439
0
LINE
8
BLACK
6
CONTINUOUS
10
6.3194
20
-4.7439
11
6.31675
21
-4.74237
0
LINE
8
BLACK
6
CONTINUOUS
10
6.31675
20
-4.74237
11
6.31522
21
-4.73972
0
LINE
8
BLACK
6
CONTINUOUS
10
6.31522
20
-4.73972
11
6.31522
21
-4.73667
0
LINE
8
BLACK
6
CONTINUOUS
10
6.31522
20
-4.73667
11
6.31675
21
-4.73402
0
LINE
8
BLACK
6
CONTINUOUS
10
6.31675
20
-4.73402
11
6.31956
21
-4.73121
0
LINE
8
BLACK
6
CONTINUOUS
10
6.31956
20
-4.73121
11
6.32039
21
-4.73073
0
LINE
8
BLACK
6
CONTINUOUS
10
6.32039
20
-4.73073
11
6.3211
21
-4.7301
0
LINE
8
BLACK
6
CONTINUOUS
10
6.3211
20
-4.7301
11
6.32672
21
-4.72729
0
LINE
8
BLACK
6
CONTINUOUS
10
6.32672
20
-4.72729
11
6.32805
21
-4.72702
0
LINE
8
BLACK
6
CONTINUOUS
10
6.32805
20
-4.72702
11
6.32936
21
-4.72667
0
LINE
8
BLACK
6
CONTINUOUS
10
6.32936
20
-4.72667
11
6.34342
21
-4.72667
0
LINE
8
BLACK
6
CONTINUOUS
10
6.34342
20
-4.72667
11
6.34473
21
-4.72702
0
LINE
8
BLACK
6
CONTINUOUS
10
6.4034
20
-4.72691
11
6.40435
21
-4.72697
0
LINE
8
BLACK
6
CONTINUOUS
10
6.40435
20
-4.72697
11
6.41278
21
-4.72978
0
LINE
8
BLACK
6
CONTINUOUS
10
6.41278
20
-4.72978
11
6.41392
21
-4.73053
0
LINE
8
BLACK
6
CONTINUOUS
10
6.41392
20
-4.73053
11
6.41509
21
-4.73121
0
LINE
8
BLACK
6
CONTINUOUS
10
6.41509
20
-4.73121
11
6.4179
21
-4.73402
0
LINE
8
BLACK
6
CONTINUOUS
10
6.4179
20
-4.73402
11
6.41943
21
-4.73667
0
LINE
8
BLACK
6
CONTINUOUS
10
6.41943
20
-4.73667
11
6.41943
21
-4.73972
0
LINE
8
BLACK
6
CONTINUOUS
10
6.41943
20
-4.73972
11
6.4179
21
-4.74237
0
LINE
8
BLACK
6
CONTINUOUS
10
6.4179
20
-4.74237
11
6.41526
21
-4.7439
0
LINE
8
BLACK
6
CONTINUOUS
10
6.41526
20
-4.7439
11
6.4122
21
-4.7439
0
LINE
8
BLACK
6
CONTINUOUS
10
6.4122
20
-4.7439
11
6.40955
21
-4.74237
0
LINE
8
BLACK
6
CONTINUOUS
10
6.40955
20
-4.74237
11
6.40773
21
-4.74055
0
LINE
8
BLACK
6
CONTINUOUS
10
6.40773
20
-4.74055
11
6.40152
21
-4.73848
0
LINE
8
BLACK
6
CONTINUOUS
10
6.40152
20
-4.73848
11
6.39781
21
-4.73848
0
LINE
8
BLACK
6
CONTINUOUS
10
6.39781
20
-4.73848
11
6.39161
21
-4.74055
0
LINE
8
BLACK
6
CONTINUOUS
10
6.39161
20
-4.74055
11
6.38765
21
-4.74451
0
LINE
8
BLACK
6
CONTINUOUS
10
6.38765
20
-4.74451
11
6.38555
21
-4.74869
0
LINE
8
BLACK
6
CONTINUOUS
10
6.38555
20
-4.74869
11
6.38307
21
-4.75861
0
LINE
8
BLACK
6
CONTINUOUS
10
6.38307
20
-4.75861
11
6.38307
21
-4.76559
0
LINE
8
BLACK
6
CONTINUOUS
10
6.38307
20
-4.76559
11
6.38555
21
-4.77551
0
LINE
8
BLACK
6
CONTINUOUS
10
6.38555
20
-4.77551
11
6.38765
21
-4.77969
0
LINE
8
BLACK
6
CONTINUOUS
10
6.38765
20
-4.77969
11
6.39161
21
-4.78365
0
LINE
8
BLACK
6
CONTINUOUS
10
6.39161
20
-4.78365
11
6.39781
21
-4.78572
0
LINE
8
BLACK
6
CONTINUOUS
10
6.39781
20
-4.78572
11
6.40152
21
-4.78572
0
LINE
8
BLACK
6
CONTINUOUS
10
6.40152
20
-4.78572
11
6.40773
21
-4.78365
0
LINE
8
BLACK
6
CONTINUOUS
10
6.40773
20
-4.78365
11
6.40955
21
-4.78183
0
LINE
8
BLACK
6
CONTINUOUS
10
6.40955
20
-4.78183
11
6.4122
21
-4.7803
0
LINE
8
BLACK
6
CONTINUOUS
10
6.4122
20
-4.7803
11
6.41526
21
-4.7803
0
LINE
8
BLACK
6
CONTINUOUS
10
6.41526
20
-4.7803
11
6.4179
21
-4.78183
0
LINE
8
BLACK
6
CONTINUOUS
10
6.4179
20
-4.78183
11
6.41943
21
-4.78447
0
LINE
8
BLACK
6
CONTINUOUS
10
6.41943
20
-4.78447
11
6.41943
21
-4.78753
0
LINE
8
BLACK
6
CONTINUOUS
10
6.41943
20
-4.78753
11
6.4179
21
-4.79018
0
LINE
8
BLACK
6
CONTINUOUS
10
6.4179
20
-4.79018
11
6.41509
21
-4.79299
0
LINE
8
BLACK
6
CONTINUOUS
10
6.41509
20
-4.79299
11
6.41392
21
-4.79367
0
LINE
8
BLACK
6
CONTINUOUS
10
6.41392
20
-4.79367
11
6.41278
21
-4.79442
0
LINE
8
BLACK
6
CONTINUOUS
10
6.41278
20
-4.79442
11
6.40435
21
-4.79723
0
LINE
8
BLACK
6
CONTINUOUS
10
6.40435
20
-4.79723
11
6.4034
21
-4.79729
0
LINE
8
BLACK
6
CONTINUOUS
10
6.4034
20
-4.79729
11
6.40248
21
-4.79753
0
LINE
8
BLACK
6
CONTINUOUS
10
6.40248
20
-4.79753
11
6.39685
21
-4.79753
0
LINE
8
BLACK
6
CONTINUOUS
10
6.39685
20
-4.79753
11
6.39594
21
-4.79729
0
LINE
8
BLACK
6
CONTINUOUS
10
6.39594
20
-4.79729
11
6.39499
21
-4.79723
0
LINE
8
BLACK
6
CONTINUOUS
10
6.39499
20
-4.79723
11
6.38655
21
-4.79442
0
LINE
8
BLACK
6
CONTINUOUS
10
6.38655
20
-4.79442
11
6.38542
21
-4.79367
0
LINE
8
BLACK
6
CONTINUOUS
10
6.38542
20
-4.79367
11
6.38424
21
-4.79299
0
LINE
8
BLACK
6
CONTINUOUS
10
6.38424
20
-4.79299
11
6.37862
21
-4.78737
0
LINE
8
BLACK
6
CONTINUOUS
10
6.37862
20
-4.78737
11
6.37814
21
-4.78654
0
LINE
8
BLACK
6
CONTINUOUS
10
6.37814
20
-4.78654
11
6.37751
21
-4.78583
0
LINE
8
BLACK
6
CONTINUOUS
10
6.37751
20
-4.78583
11
6.3747
21
-4.78021
0
LINE
8
BLACK
6
CONTINUOUS
10
6.3747
20
-4.78021
11
6.37457
21
-4.77957
0
LINE
8
BLACK
6
CONTINUOUS
10
6.37457
20
-4.77957
11
6.37425
21
-4.779
0
LINE
8
BLACK
6
CONTINUOUS
10
6.37425
20
-4.779
11
6.37144
21
-4.76775
0
LINE
8
BLACK
6
CONTINUOUS
10
6.37144
20
-4.76775
11
6.37145
21
-4.76702
0
LINE
8
BLACK
6
CONTINUOUS
10
6.37145
20
-4.76702
11
6.37126
21
-4.76632
0
LINE
8
BLACK
6
CONTINUOUS
10
6.37126
20
-4.76632
11
6.37126
21
-4.75788
0
LINE
8
BLACK
6
CONTINUOUS
10
6.37126
20
-4.75788
11
6.37145
21
-4.75718
0
LINE
8
BLACK
6
CONTINUOUS
10
6.37145
20
-4.75718
11
6.37144
21
-4.75645
0
LINE
8
BLACK
6
CONTINUOUS
10
6.37144
20
-4.75645
11
6.37425
21
-4.7452
0
LINE
8
BLACK
6
CONTINUOUS
10
6.37425
20
-4.7452
11
6.37457
21
-4.74463
0
LINE
8
BLACK
6
CONTINUOUS
10
6.37457
20
-4.74463
11
6.3747
21
-4.74399
0
LINE
8
BLACK
6
CONTINUOUS
10
6.3747
20
-4.74399
11
6.37751
21
-4.73837
0
LINE
8
BLACK
6
CONTINUOUS
10
6.37751
20
-4.73837
11
6.37814
21
-4.73766
0
LINE
8
BLACK
6
CONTINUOUS
10
6.37814
20
-4.73766
11
6.37862
21
-4.73683
0
LINE
8
BLACK
6
CONTINUOUS
10
6.37862
20
-4.73683
11
6.38424
21
-4.73121
0
LINE
8
BLACK
6
CONTINUOUS
10
6.38424
20
-4.73121
11
6.38542
21
-4.73053
0
LINE
8
BLACK
6
CONTINUOUS
10
6.38542
20
-4.73053
11
6.38655
21
-4.72978
0
LINE
8
BLACK
6
CONTINUOUS
10
6.38655
20
-4.72978
11
6.39499
21
-4.72697
0
LINE
8
BLACK
6
CONTINUOUS
10
6.39499
20
-4.72697
11
6.39594
21
-4.72691
0
LINE
8
BLACK
6
CONTINUOUS
10
6.39594
20
-4.72691
11
6.39685
21
-4.72667
0
LINE
8
BLACK
6
CONTINUOUS
10
6.39685
20
-4.72667
11
6.40248
21
-4.72667
0
LINE
8
BLACK
6
CONTINUOUS
10
6.40248
20
-4.72667
11
6.4034
21
-4.72691
0
LINE
8
BLACK
6
CONTINUOUS
10
6.2314
20
-4.72766
11
6.23342
21
-4.72995
0
LINE
8
BLACK
6
CONTINUOUS
10
6.23342
20
-4.72995
11
6.23402
21
-4.73295
0
LINE
8
BLACK
6
CONTINUOUS
10
6.23402
20
-4.73295
11
6.23304
21
-4.73585
0
LINE
8
BLACK
6
CONTINUOUS
10
6.23304
20
-4.73585
11
6.21554
21
-4.7621
0
LINE
8
BLACK
6
CONTINUOUS
10
6.21554
20
-4.7621
11
6.23304
21
-4.78835
0
LINE
8
BLACK
6
CONTINUOUS
10
6.23304
20
-4.78835
11
6.23402
21
-4.79125
0
LINE
8
BLACK
6
CONTINUOUS
10
6.23402
20
-4.79125
11
6.23342
21
-4.79424
0
LINE
8
BLACK
6
CONTINUOUS
10
6.23342
20
-4.79424
11
6.2314
21
-4.79654
0
LINE
8
BLACK
6
CONTINUOUS
10
6.2314
20
-4.79654
11
6.22851
21
-4.79752
0
LINE
8
BLACK
6
CONTINUOUS
10
6.22851
20
-4.79752
11
6.22551
21
-4.79692
0
LINE
8
BLACK
6
CONTINUOUS
10
6.22551
20
-4.79692
11
6.22321
21
-4.7949
0
LINE
8
BLACK
6
CONTINUOUS
10
6.22321
20
-4.7949
11
6.20844
21
-4.77275
0
LINE
8
BLACK
6
CONTINUOUS
10
6.20844
20
-4.77275
11
6.19367
21
-4.7949
0
LINE
8
BLACK
6
CONTINUOUS
10
6.19367
20
-4.7949
11
6.19137
21
-4.79692
0
LINE
8
BLACK
6
CONTINUOUS
10
6.19137
20
-4.79692
11
6.18838
21
-4.79752
0
LINE
8
BLACK
6
CONTINUOUS
10
6.18838
20
-4.79752
11
6.18548
21
-4.79654
0
LINE
8
BLACK
6
CONTINUOUS
10
6.18548
20
-4.79654
11
6.18346
21
-4.79424
0
LINE
8
BLACK
6
CONTINUOUS
10
6.18346
20
-4.79424
11
6.18286
21
-4.79125
0
LINE
8
BLACK
6
CONTINUOUS
10
6.18286
20
-4.79125
11
6.18384
21
-4.78835
0
LINE
8
BLACK
6
CONTINUOUS
10
6.18384
20
-4.78835
11
6.20134
21
-4.7621
0
LINE
8
BLACK
6
CONTINUOUS
10
6.20134
20
-4.7621
11
6.18384
21
-4.73585
0
LINE
8
BLACK
6
CONTINUOUS
10
6.18384
20
-4.73585
11
6.18286
21
-4.73295
0
LINE
8
BLACK
6
CONTINUOUS
10
6.18286
20
-4.73295
11
6.18346
21
-4.72995
0
LINE
8
BLACK
6
CONTINUOUS
10
6.18346
20
-4.72995
11
6.18548
21
-4.72766
0
LINE
8
BLACK
6
CONTINUOUS
10
6.18548
20
-4.72766
11
6.18838
21
-4.72668
0
LINE
8
BLACK
6
CONTINUOUS
10
6.18838
20
-4.72668
11
6.19137
21
-4.72728
0
LINE
8
BLACK
6
CONTINUOUS
10
6.19137
20
-4.72728
11
6.19367
21
-4.7293
0
LINE
8
BLACK
6
CONTINUOUS
10
6.19367
20
-4.7293
11
6.20844
21
-4.75145
0
LINE
8
BLACK
6
CONTINUOUS
10
6.20844
20
-4.75145
11
6.22321
21
-4.7293
0
LINE
8
BLACK
6
CONTINUOUS
10
6.22321
20
-4.7293
11
6.22551
21
-4.72728
0
LINE
8
BLACK
6
CONTINUOUS
10
6.22551
20
-4.72728
11
6.22851
21
-4.72668
0
LINE
8
BLACK
6
CONTINUOUS
10
6.22851
20
-4.72668
11
6.2314
21
-4.72766
0
LINE
8
BLACK
6
CONTINUOUS
10
5.59343
20
-4.72695
11
5.59379
21
-4.72697
0
LINE
8
BLACK
6
CONTINUOUS
10
5.59379
20
-4.72697
11
5.59478
21
-4.72762
0
LINE
8
BLACK
6
CONTINUOUS
10
5.59478
20
-4.72762
11
5.59584
21
-4.72815
0
LINE
8
BLACK
6
CONTINUOUS
10
5.59584
20
-4.72815
11
5.59604
21
-4.72845
0
LINE
8
BLACK
6
CONTINUOUS
10
5.59604
20
-4.72845
11
5.59634
21
-4.72865
0
LINE
8
BLACK
6
CONTINUOUS
10
5.59634
20
-4.72865
11
5.59688
21
-4.72971
0
LINE
8
BLACK
6
CONTINUOUS
10
5.59688
20
-4.72971
11
5.59753
21
-4.7307
0
LINE
8
BLACK
6
CONTINUOUS
10
5.59753
20
-4.7307
11
5.61721
21
-4.78976
0
LINE
8
BLACK
6
CONTINUOUS
10
5.61721
20
-4.78976
11
5.6174
21
-4.79281
0
LINE
8
BLACK
6
CONTINUOUS
10
5.6174
20
-4.79281
11
5.61603
21
-4.79555
0
LINE
8
BLACK
6
CONTINUOUS
10
5.61603
20
-4.79555
11
5.61348
21
-4.79723
0
LINE
8
BLACK
6
CONTINUOUS
10
5.61348
20
-4.79723
11
5.61043
21
-4.79741
0
LINE
8
BLACK
6
CONTINUOUS
10
5.61043
20
-4.79741
11
5.60769
21
-4.79605
0
LINE
8
BLACK
6
CONTINUOUS
10
5.60769
20
-4.79605
11
5.60601
21
-4.79349
0
LINE
8
BLACK
6
CONTINUOUS
10
5.60601
20
-4.79349
11
5.60173
21
-4.78066
0
LINE
8
BLACK
6
CONTINUOUS
10
5.60173
20
-4.78066
11
5.58212
21
-4.78066
0
LINE
8
BLACK
6
CONTINUOUS
10
5.58212
20
-4.78066
11
5.57784
21
-4.79349
0
LINE
8
BLACK
6
CONTINUOUS
10
5.57784
20
-4.79349
11
5.57616
21
-4.79605
0
LINE
8
BLACK
6
CONTINUOUS
10
5.57616
20
-4.79605
11
5.57343
21
-4.79741
0
LINE
8
BLACK
6
CONTINUOUS
10
5.57343
20
-4.79741
11
5.57037
21
-4.79723
0
LINE
8
BLACK
6
CONTINUOUS
10
5.57037
20
-4.79723
11
5.56782
21
-4.79555
0
LINE
8
BLACK
6
CONTINUOUS
10
5.56782
20
-4.79555
11
5.56646
21
-4.79281
0
LINE
8
BLACK
6
CONTINUOUS
10
5.56646
20
-4.79281
11
5.56664
21
-4.78976
0
LINE
8
BLACK
6
CONTINUOUS
10
5.56664
20
-4.78976
11
5.58632
21
-4.7307
0
LINE
8
BLACK
6
CONTINUOUS
10
5.58632
20
-4.7307
11
5.58698
21
-4.72971
0
LINE
8
BLACK
6
CONTINUOUS
10
5.58698
20
-4.72971
11
5.58751
21
-4.72865
0
LINE
8
BLACK
6
CONTINUOUS
10
5.58751
20
-4.72865
11
5.58781
21
-4.72845
0
LINE
8
BLACK
6
CONTINUOUS
10
5.58781
20
-4.72845
11
5.58801
21
-4.72815
0
LINE
8
BLACK
6
CONTINUOUS
10
5.58801
20
-4.72815
11
5.58907
21
-4.72762
0
LINE
8
BLACK
6
CONTINUOUS
10
5.58907
20
-4.72762
11
5.59006
21
-4.72697
0
LINE
8
BLACK
6
CONTINUOUS
10
5.59006
20
-4.72697
11
5.59042
21
-4.72695
0
LINE
8
BLACK
6
CONTINUOUS
10
5.59042
20
-4.72695
11
5.59074
21
-4.72679
0
LINE
8
BLACK
6
CONTINUOUS
10
5.59074
20
-4.72679
11
5.59193
21
-4.72686
0
LINE
8
BLACK
6
CONTINUOUS
10
5.59193
20
-4.72686
11
5.59311
21
-4.72679
0
LINE
8
BLACK
6
CONTINUOUS
10
5.59311
20
-4.72679
11
5.59343
21
-4.72695
0
LINE
8
BLACK
6
CONTINUOUS
10
5.58606
20
-4.76885
11
5.59779
21
-4.76885
0
LINE
8
BLACK
6
CONTINUOUS
10
5.59779
20
-4.76885
11
5.59193
21
-4.75125
0
LINE
8
BLACK
6
CONTINUOUS
10
5.59193
20
-4.75125
11
5.58606
21
-4.76885
0
LINE
8
BLACK
6
CONTINUOUS
10
6.09465
20
-4.72695
11
6.09501
21
-4.72697
0
LINE
8
BLACK
6
CONTINUOUS
10
6.09501
20
-4.72697
11
6.096
21
-4.72762
0
LINE
8
BLACK
6
CONTINUOUS
10
6.096
20
-4.72762
11
6.09706
21
-4.72815
0
LINE
8
BLACK
6
CONTINUOUS
10
6.09706
20
-4.72815
11
6.09726
21
-4.72845
0
LINE
8
BLACK
6
CONTINUOUS
10
6.09726
20
-4.72845
11
6.09756
21
-4.72865
0
LINE
8
BLACK
6
CONTINUOUS
10
6.09756
20
-4.72865
11
6.09809
21
-4.72971
0
LINE
8
BLACK
6
CONTINUOUS
10
6.09809
20
-4.72971
11
6.09874
21
-4.7307
0
LINE
8
BLACK
6
CONTINUOUS
10
6.09874
20
-4.7307
11
6.11843
21
-4.78976
0
LINE
8
BLACK
6
CONTINUOUS
10
6.11843
20
-4.78976
11
6.11861
21
-4.79281
0
LINE
8
BLACK
6
CONTINUOUS
10
6.11861
20
-4.79281
11
6.11725
21
-4.79555
0
LINE
8
BLACK
6
CONTINUOUS
10
6.11725
20
-4.79555
11
6.11469
21
-4.79723
0
LINE
8
BLACK
6
CONTINUOUS
10
6.11469
20
-4.79723
11
6.11164
21
-4.79741
0
LINE
8
BLACK
6
CONTINUOUS
10
6.11164
20
-4.79741
11
6.10891
21
-4.79605
0
LINE
8
BLACK
6
CONTINUOUS
10
6.10891
20
-4.79605
11
6.10722
21
-4.79349
0
LINE
8
BLACK
6
CONTINUOUS
10
6.10722
20
-4.79349
11
6.10295
21
-4.78066
0
LINE
8
BLACK
6
CONTINUOUS
10
6.10295
20
-4.78066
11
6.08334
21
-4.78066
0
LINE
8
BLACK
6
CONTINUOUS
10
6.08334
20
-4.78066
11
6.07906
21
-4.79349
0
LINE
8
BLACK
6
CONTINUOUS
10
6.07906
20
-4.79349
11
6.07738
21
-4.79605
0
LINE
8
BLACK
6
CONTINUOUS
10
6.07738
20
-4.79605
11
6.07464
21
-4.79741
0
LINE
8
BLACK
6
CONTINUOUS
10
6.07464
20
-4.79741
11
6.07159
21
-4.79723
0
LINE
8
BLACK
6
CONTINUOUS
10
6.07159
20
-4.79723
11
6.06904
21
-4.79555
0
LINE
8
BLACK
6
CONTINUOUS
10
6.06904
20
-4.79555
11
6.06767
21
-4.79281
0
LINE
8
BLACK
6
CONTINUOUS
10
6.06767
20
-4.79281
11
6.06785
21
-4.78976
0
LINE
8
BLACK
6
CONTINUOUS
10
6.06785
20
-4.78976
11
6.08754
21
-4.7307
0
LINE
8
BLACK
6
CONTINUOUS
10
6.08754
20
-4.7307
11
6.08819
21
-4.72971
0
LINE
8
BLACK
6
CONTINUOUS
10
6.08819
20
-4.72971
11
6.08872
21
-4.72865
0
LINE
8
BLACK
6
CONTINUOUS
10
6.08872
20
-4.72865
11
6.08903
21
-4.72845
0
LINE
8
BLACK
6
CONTINUOUS
10
6.08903
20
-4.72845
11
6.08922
21
-4.72815
0
LINE
8
BLACK
6
CONTINUOUS
10
6.08922
20
-4.72815
11
6.09029
21
-4.72762
0
LINE
8
BLACK
6
CONTINUOUS
10
6.09029
20
-4.72762
11
6.09127
21
-4.72697
0
LINE
8
BLACK
6
CONTINUOUS
10
6.09127
20
-4.72697
11
6.09164
21
-4.72695
0
LINE
8
BLACK
6
CONTINUOUS
10
6.09164
20
-4.72695
11
6.09196
21
-4.72679
0
LINE
8
BLACK
6
CONTINUOUS
10
6.09196
20
-4.72679
11
6.09314
21
-4.72686
0
LINE
8
BLACK
6
CONTINUOUS
10
6.09314
20
-4.72686
11
6.09433
21
-4.72679
0
LINE
8
BLACK
6
CONTINUOUS
10
6.09433
20
-4.72679
11
6.09465
21
-4.72695
0
LINE
8
BLACK
6
CONTINUOUS
10
6.08728
20
-4.76885
11
6.09901
21
-4.76885
0
LINE
8
BLACK
6
CONTINUOUS
10
6.09901
20
-4.76885
11
6.09314
21
-4.75125
0
LINE
8
BLACK
6
CONTINUOUS
10
6.09314
20
-4.75125
11
6.08728
21
-4.76885
0
LINE
8
BLACK
6
CONTINUOUS
10
5.57693
20
-4.6347
11
5.57826
21
-4.63497
0
LINE
8
BLACK
6
CONTINUOUS
10
5.57826
20
-4.63497
11
5.58388
21
-4.63779
0
LINE
8
BLACK
6
CONTINUOUS
10
5.58388
20
-4.63779
11
5.58459
21
-4.63842
0
LINE
8
BLACK
6
CONTINUOUS
10
5.58459
20
-4.63842
11
5.58542
21
-4.63889
0
LINE
8
BLACK
6
CONTINUOUS
10
5.58542
20
-4.63889
11
5.58823
21
-4.64171
0
LINE
8
BLACK
6
CONTINUOUS
10
5.58823
20
-4.64171
11
5.5887
21
-4.64253
0
LINE
8
BLACK
6
CONTINUOUS
10
5.5887
20
-4.64253
11
5.58934
21
-4.64324
0
LINE
8
BLACK
6
CONTINUOUS
10
5.58934
20
-4.64324
11
5.59215
21
-4.64886
0
LINE
8
BLACK
6
CONTINUOUS
10
5.59215
20
-4.64886
11
5.59242
21
-4.65019
0
LINE
8
BLACK
6
CONTINUOUS
10
5.59242
20
-4.65019
11
5.59277
21
-4.65151
0
LINE
8
BLACK
6
CONTINUOUS
10
5.59277
20
-4.65151
11
5.59277
21
-4.66838
0
LINE
8
BLACK
6
CONTINUOUS
10
5.59277
20
-4.66838
11
5.59242
21
-4.66969
0
LINE
8
BLACK
6
CONTINUOUS
10
5.59242
20
-4.66969
11
5.59215
21
-4.67102
0
LINE
8
BLACK
6
CONTINUOUS
10
5.59215
20
-4.67102
11
5.58934
21
-4.67664
0
LINE
8
BLACK
6
CONTINUOUS
10
5.58934
20
-4.67664
11
5.5887
21
-4.67736
0
LINE
8
BLACK
6
CONTINUOUS
10
5.5887
20
-4.67736
11
5.58823
21
-4.67818
0
LINE
8
BLACK
6
CONTINUOUS
10
5.58823
20
-4.67818
11
5.58542
21
-4.68099
0
LINE
8
BLACK
6
CONTINUOUS
10
5.58542
20
-4.68099
11
5.58459
21
-4.68147
0
LINE
8
BLACK
6
CONTINUOUS
10
5.58459
20
-4.68147
11
5.58388
21
-4.6821
0
LINE
8
BLACK
6
CONTINUOUS
10
5.58388
20
-4.6821
11
5.57826
21
-4.68491
0
LINE
8
BLACK
6
CONTINUOUS
10
5.57826
20
-4.68491
11
5.57693
21
-4.68518
0
LINE
8
BLACK
6
CONTINUOUS
10
5.57693
20
-4.68518
11
5.57562
21
-4.68553
0
LINE
8
BLACK
6
CONTINUOUS
10
5.57562
20
-4.68553
11
5.56465
21
-4.68553
0
LINE
8
BLACK
6
CONTINUOUS
10
5.56465
20
-4.68553
11
5.56465
21
-4.69931
0
LINE
8
BLACK
6
CONTINUOUS
10
5.56465
20
-4.69931
11
5.56386
21
-4.70226
0
LINE
8
BLACK
6
CONTINUOUS
10
5.56386
20
-4.70226
11
5.5617
21
-4.70443
0
LINE
8
BLACK
6
CONTINUOUS
10
5.5617
20
-4.70443
11
5.55874
21
-4.70522
0
LINE
8
BLACK
6
CONTINUOUS
10
5.55874
20
-4.70522
11
5.55579
21
-4.70443
0
LINE
8
BLACK
6
CONTINUOUS
10
5.55579
20
-4.70443
11
5.55363
21
-4.70226
0
LINE
8
BLACK
6
CONTINUOUS
10
5.55363
20
-4.70226
11
5.55284
21
-4.69931
0
LINE
8
BLACK
6
CONTINUOUS
10
5.55284
20
-4.69931
11
5.55284
21
-4.64026
0
LINE
8
BLACK
6
CONTINUOUS
10
5.55284
20
-4.64026
11
5.55363
21
-4.6373
0
LINE
8
BLACK
6
CONTINUOUS
10
5.55363
20
-4.6373
11
5.55579
21
-4.63514
0
LINE
8
BLACK
6
CONTINUOUS
10
5.55579
20
-4.63514
11
5.55874
21
-4.63435
0
LINE
8
BLACK
6
CONTINUOUS
10
5.55874
20
-4.63435
11
5.5615
21
-4.63509
0
LINE
8
BLACK
6
CONTINUOUS
10
5.5615
20
-4.63509
11
5.56173
21
-4.63497
0
LINE
8
BLACK
6
CONTINUOUS
10
5.56173
20
-4.63497
11
5.56306
21
-4.6347
0
LINE
8
BLACK
6
CONTINUOUS
10
5.56306
20
-4.6347
11
5.56437
21
-4.63435
0
LINE
8
BLACK
6
CONTINUOUS
10
5.56437
20
-4.63435
11
5.57562
21
-4.63435
0
LINE
8
BLACK
6
CONTINUOUS
10
5.57562
20
-4.63435
11
5.57693
21
-4.6347
0
LINE
8
BLACK
6
CONTINUOUS
10
5.56465
20
-4.64672
11
5.56465
21
-4.67317
0
LINE
8
BLACK
6
CONTINUOUS
10
5.56465
20
-4.67317
11
5.56576
21
-4.67372
0
LINE
8
BLACK
6
CONTINUOUS
10
5.56576
20
-4.67372
11
5.57422
21
-4.67372
0
LINE
8
BLACK
6
CONTINUOUS
10
5.57422
20
-4.67372
11
5.57774
21
-4.67196
0
LINE
8
BLACK
6
CONTINUOUS
10
5.57774
20
-4.67196
11
5.5792
21
-4.6705
0
LINE
8
BLACK
6
CONTINUOUS
10
5.5792
20
-4.6705
11
5.58096
21
-4.66698
0
LINE
8
BLACK
6
CONTINUOUS
10
5.58096
20
-4.66698
11
5.58096
21
-4.6529
0
LINE
8
BLACK
6
CONTINUOUS
10
5.58096
20
-4.6529
11
5.5792
21
-4.64938
0
LINE
8
BLACK
6
CONTINUOUS
10
5.5792
20
-4.64938
11
5.57774
21
-4.64792
0
LINE
8
BLACK
6
CONTINUOUS
10
5.57774
20
-4.64792
11
5.57422
21
-4.64616
0
LINE
8
BLACK
6
CONTINUOUS
10
5.57422
20
-4.64616
11
5.56576
21
-4.64616
0
LINE
8
BLACK
6
CONTINUOUS
10
5.56576
20
-4.64616
11
5.56465
21
-4.64672
0
LINE
8
BLACK
6
CONTINUOUS
10
5.4464
20
-4.63514
11
5.44856
21
-4.6373
0
LINE
8
BLACK
6
CONTINUOUS
10
5.44856
20
-4.6373
11
5.44935
21
-4.64026
0
LINE
8
BLACK
6
CONTINUOUS
10
5.44935
20
-4.64026
11
5.44935
21
-4.67963
0
LINE
8
BLACK
6
CONTINUOUS
10
5.44935
20
-4.67963
11
5.44856
21
-4.68258
0
LINE
8
BLACK
6
CONTINUOUS
10
5.44856
20
-4.68258
11
5.4464
21
-4.68474
0
LINE
8
BLACK
6
CONTINUOUS
10
5.4464
20
-4.68474
11
5.44345
21
-4.68553
0
LINE
8
BLACK
6
CONTINUOUS
10
5.44345
20
-4.68553
11
5.44049
21
-4.68474
0
LINE
8
BLACK
6
CONTINUOUS
10
5.44049
20
-4.68474
11
5.43966
21
-4.68391
0
LINE
8
BLACK
6
CONTINUOUS
10
5.43966
20
-4.68391
11
5.43765
21
-4.68491
0
LINE
8
BLACK
6
CONTINUOUS
10
5.43765
20
-4.68491
11
5.43632
21
-4.68518
0
LINE
8
BLACK
6
CONTINUOUS
10
5.43632
20
-4.68518
11
5.43501
21
-4.68553
0
LINE
8
BLACK
6
CONTINUOUS
10
5.43501
20
-4.68553
11
5.42657
21
-4.68553
0
LINE
8
BLACK
6
CONTINUOUS
10
5.42657
20
-4.68553
11
5.42526
21
-4.68518
0
LINE
8
BLACK
6
CONTINUOUS
10
5.42526
20
-4.68518
11
5.42393
21
-4.68491
0
LINE
8
BLACK
6
CONTINUOUS
10
5.42393
20
-4.68491
11
5.41831
21
-4.6821
0
LINE
8
BLACK
6
CONTINUOUS
10
5.41831
20
-4.6821
11
5.41804
21
-4.68186
0
LINE
8
BLACK
6
CONTINUOUS
10
5.41804
20
-4.68186
11
5.41769
21
-4.68174
0
LINE
8
BLACK
6
CONTINUOUS
10
5.41769
20
-4.68174
11
5.41691
21
-4.68086
0
LINE
8
BLACK
6
CONTINUOUS
10
5.41691
20
-4.68086
11
5.41602
21
-4.68007
0
LINE
8
BLACK
6
CONTINUOUS
10
5.41602
20
-4.68007
11
5.41591
21
-4.67973
0
LINE
8
BLACK
6
CONTINUOUS
10
5.41591
20
-4.67973
11
5.41567
21
-4.67946
0
LINE
8
BLACK
6
CONTINUOUS
10
5.41567
20
-4.67946
11
5.41285
21
-4.67383
0
LINE
8
BLACK
6
CONTINUOUS
10
5.41285
20
-4.67383
11
5.41258
21
-4.6725
0
LINE
8
BLACK
6
CONTINUOUS
10
5.41258
20
-4.6725
11
5.41223
21
-4.67119
0
LINE
8
BLACK
6
CONTINUOUS
10
5.41223
20
-4.67119
11
5.41223
21
-4.64026
0
LINE
8
BLACK
6
CONTINUOUS
10
5.41223
20
-4.64026
11
5.41302
21
-4.6373
0
LINE
8
BLACK
6
CONTINUOUS
10
5.41302
20
-4.6373
11
5.41518
21
-4.63514
0
LINE
8
BLACK
6
CONTINUOUS
10
5.41518
20
-4.63514
11
5.41814
21
-4.63435
0
LINE
8
BLACK
6
CONTINUOUS
10
5.41814
20
-4.63435
11
5.42109
21
-4.63514
0
LINE
8
BLACK
6
CONTINUOUS
10
5.42109
20
-4.63514
11
5.42325
21
-4.6373
0
LINE
8
BLACK
6
CONTINUOUS
10
5.42325
20
-4.6373
11
5.42404
21
-4.64026
0
LINE
8
BLACK
6
CONTINUOUS
10
5.42404
20
-4.64026
11
5.42404
21
-4.6698
0
LINE
8
BLACK
6
CONTINUOUS
10
5.42404
20
-4.6698
11
5.42535
21
-4.67241
0
LINE
8
BLACK
6
CONTINUOUS
10
5.42535
20
-4.67241
11
5.42797
21
-4.67372
0
LINE
8
BLACK
6
CONTINUOUS
10
5.42797
20
-4.67372
11
5.43362
21
-4.67372
0
LINE
8
BLACK
6
CONTINUOUS
10
5.43362
20
-4.67372
11
5.43714
21
-4.67196
0
LINE
8
BLACK
6
CONTINUOUS
10
5.43714
20
-4.67196
11
5.43754
21
-4.67156
0
LINE
8
BLACK
6
CONTINUOUS
10
5.43754
20
-4.67156
11
5.43754
21
-4.64026
0
LINE
8
BLACK
6
CONTINUOUS
10
5.43754
20
-4.64026
11
5.43833
21
-4.6373
0
LINE
8
BLACK
6
CONTINUOUS
10
5.43833
20
-4.6373
11
5.44049
21
-4.63514
0
LINE
8
BLACK
6
CONTINUOUS
10
5.44049
20
-4.63514
11
5.44345
21
-4.63435
0
LINE
8
BLACK
6
CONTINUOUS
10
5.44345
20
-4.63435
11
5.4464
21
-4.63514
0
LINE
8
BLACK
6
CONTINUOUS
10
5.47452
20
-4.61546
11
5.47668
21
-4.61762
0
LINE
8
BLACK
6
CONTINUOUS
10
5.47668
20
-4.61762
11
5.47747
21
-4.62057
0
LINE
8
BLACK
6
CONTINUOUS
10
5.47747
20
-4.62057
11
5.47747
21
-4.63435
0
LINE
8
BLACK
6
CONTINUOUS
10
5.47747
20
-4.63435
11
5.48563
21
-4.63435
0
LINE
8
BLACK
6
CONTINUOUS
10
5.48563
20
-4.63435
11
5.48858
21
-4.63514
0
LINE
8
BLACK
6
CONTINUOUS
10
5.48858
20
-4.63514
11
5.49074
21
-4.6373
0
LINE
8
BLACK
6
CONTINUOUS
10
5.49074
20
-4.6373
11
5.49153
21
-4.64026
0
LINE
8
BLACK
6
CONTINUOUS
10
5.49153
20
-4.64026
11
5.49074
21
-4.64321
0
LINE
8
BLACK
6
CONTINUOUS
10
5.49074
20
-4.64321
11
5.48858
21
-4.64537
0
LINE
8
BLACK
6
CONTINUOUS
10
5.48858
20
-4.64537
11
5.48563
21
-4.64616
0
LINE
8
BLACK
6
CONTINUOUS
10
5.48563
20
-4.64616
11
5.47747
21
-4.64616
0
LINE
8
BLACK
6
CONTINUOUS
10
5.47747
20
-4.64616
11
5.47747
21
-4.6698
0
LINE
8
BLACK
6
CONTINUOUS
10
5.47747
20
-4.6698
11
5.47878
21
-4.67241
0
LINE
8
BLACK
6
CONTINUOUS
10
5.47878
20
-4.67241
11
5.4814
21
-4.67372
0
LINE
8
BLACK
6
CONTINUOUS
10
5.4814
20
-4.67372
11
5.48563
21
-4.67372
0
LINE
8
BLACK
6
CONTINUOUS
10
5.48563
20
-4.67372
11
5.48858
21
-4.67451
0
LINE
8
BLACK
6
CONTINUOUS
10
5.48858
20
-4.67451
11
5.49074
21
-4.67667
0
LINE
8
BLACK
6
CONTINUOUS
10
5.49074
20
-4.67667
11
5.49153
21
-4.67963
0
LINE
8
BLACK
6
CONTINUOUS
10
5.49153
20
-4.67963
11
5.49074
21
-4.68258
0
LINE
8
BLACK
6
CONTINUOUS
10
5.49074
20
-4.68258
11
5.48858
21
-4.68474
0
LINE
8
BLACK
6
CONTINUOUS
10
5.48858
20
-4.68474
11
5.48563
21
-4.68553
0
LINE
8
BLACK
6
CONTINUOUS
10
5.48563
20
-4.68553
11
5.48
21
-4.68553
0
LINE
8
BLACK
6
CONTINUOUS
10
5.48
20
-4.68553
11
5.47869
21
-4.68518
0
LINE
8
BLACK
6
CONTINUOUS
10
5.47869
20
-4.68518
11
5.47736
21
-4.68491
0
LINE
8
BLACK
6
CONTINUOUS
10
5.47736
20
-4.68491
11
5.47174
21
-4.6821
0
LINE
8
BLACK
6
CONTINUOUS
10
5.47174
20
-4.6821
11
5.47147
21
-4.68186
0
LINE
8
BLACK
6
CONTINUOUS
10
5.47147
20
-4.68186
11
5.47113
21
-4.68174
0
LINE
8
BLACK
6
CONTINUOUS
10
5.47113
20
-4.68174
11
5.47034
21
-4.68086
0
LINE
8
BLACK
6
CONTINUOUS
10
5.47034
20
-4.68086
11
5.46945
21
-4.68007
0
LINE
8
BLACK
6
CONTINUOUS
10
5.46945
20
-4.68007
11
5.46934
21
-4.67973
0
LINE
8
BLACK
6
CONTINUOUS
10
5.46934
20
-4.67973
11
5.4691
21
-4.67946
0
LINE
8
BLACK
6
CONTINUOUS
10
5.4691
20
-4.67946
11
5.46629
21
-4.67383
0
LINE
8
BLACK
6
CONTINUOUS
10
5.46629
20
-4.67383
11
5.46601
21
-4.6725
0
LINE
8
BLACK
6
CONTINUOUS
10
5.46601
20
-4.6725
11
5.46566
21
-4.67119
0
LINE
8
BLACK
6
CONTINUOUS
10
5.46566
20
-4.67119
11
5.46566
21
-4.64616
0
LINE
8
BLACK
6
CONTINUOUS
10
5.46566
20
-4.64616
11
5.46313
21
-4.64616
0
LINE
8
BLACK
6
CONTINUOUS
10
5.46313
20
-4.64616
11
5.46018
21
-4.64537
0
LINE
8
BLACK
6
CONTINUOUS
10
5.46018
20
-4.64537
11
5.45802
21
-4.64321
0
LINE
8
BLACK
6
CONTINUOUS
10
5.45802
20
-4.64321
11
5.45723
21
-4.64026
0
LINE
8
BLACK
6
CONTINUOUS
10
5.45723
20
-4.64026
11
5.45802
21
-4.6373
0
LINE
8
BLACK
6
CONTINUOUS
10
5.45802
20
-4.6373
11
5.46018
21
-4.63514
0
LINE
8
BLACK
6
CONTINUOUS
10
5.46018
20
-4.63514
11
5.46313
21
-4.63435
0
LINE
8
BLACK
6
CONTINUOUS
10
5.46313
20
-4.63435
11
5.46566
21
-4.63435
0
LINE
8
BLACK
6
CONTINUOUS
10
5.46566
20
-4.63435
11
5.46566
21
-4.62057
0
LINE
8
BLACK
6
CONTINUOUS
10
5.46566
20
-4.62057
11
5.46645
21
-4.61762
0
LINE
8
BLACK
6
CONTINUOUS
10
5.46645
20
-4.61762
11
5.46861
21
-4.61546
0
LINE
8
BLACK
6
CONTINUOUS
10
5.46861
20
-4.61546
11
5.47157
21
-4.61467
0
LINE
8
BLACK
6
CONTINUOUS
10
5.47157
20
-4.61467
11
5.47452
21
-4.61546
0
LINE
8
BLACK
6
CONTINUOUS
10
5.5235
20
-4.6347
11
5.52483
21
-4.63497
0
LINE
8
BLACK
6
CONTINUOUS
10
5.52483
20
-4.63497
11
5.53045
21
-4.63779
0
LINE
8
BLACK
6
CONTINUOUS
10
5.53045
20
-4.63779
11
5.53116
21
-4.63842
0
LINE
8
BLACK
6
CONTINUOUS
10
5.53116
20
-4.63842
11
5.53199
21
-4.63889
0
LINE
8
BLACK
6
CONTINUOUS
10
5.53199
20
-4.63889
11
5.5348
21
-4.64171
0
LINE
8
BLACK
6
CONTINUOUS
10
5.5348
20
-4.64171
11
5.53527
21
-4.64253
0
LINE
8
BLACK
6
CONTINUOUS
10
5.53527
20
-4.64253
11
5.5359
21
-4.64324
0
LINE
8
BLACK
6
CONTINUOUS
10
5.5359
20
-4.64324
11
5.53872
21
-4.64886
0
LINE
8
BLACK
6
CONTINUOUS
10
5.53872
20
-4.64886
11
5.53899
21
-4.65019
0
LINE
8
BLACK
6
CONTINUOUS
10
5.53899
20
-4.65019
11
5.53934
21
-4.65151
0
LINE
8
BLACK
6
CONTINUOUS
10
5.53934
20
-4.65151
11
5.53934
21
-4.66838
0
LINE
8
BLACK
6
CONTINUOUS
10
5.53934
20
-4.66838
11
5.53899
21
-4.66969
0
LINE
8
BLACK
6
CONTINUOUS
10
5.53899
20
-4.66969
11
5.53872
21
-4.67102
0
LINE
8
BLACK
6
CONTINUOUS
10
5.53872
20
-4.67102
11
5.5359
21
-4.67664
0
LINE
8
BLACK
6
CONTINUOUS
10
5.5359
20
-4.67664
11
5.53527
21
-4.67736
0
LINE
8
BLACK
6
CONTINUOUS
10
5.53527
20
-4.67736
11
5.5348
21
-4.67818
0
LINE
8
BLACK
6
CONTINUOUS
10
5.5348
20
-4.67818
11
5.53199
21
-4.68099
0
LINE
8
BLACK
6
CONTINUOUS
10
5.53199
20
-4.68099
11
5.53116
21
-4.68147
0
LINE
8
BLACK
6
CONTINUOUS
10
5.53116
20
-4.68147
11
5.53045
21
-4.6821
0
LINE
8
BLACK
6
CONTINUOUS
10
5.53045
20
-4.6821
11
5.52483
21
-4.68491
0
LINE
8
BLACK
6
CONTINUOUS
10
5.52483
20
-4.68491
11
5.5235
21
-4.68518
0
LINE
8
BLACK
6
CONTINUOUS
10
5.5235
20
-4.68518
11
5.52219
21
-4.68553
0
LINE
8
BLACK
6
CONTINUOUS
10
5.52219
20
-4.68553
11
5.51375
21
-4.68553
0
LINE
8
BLACK
6
CONTINUOUS
10
5.51375
20
-4.68553
11
5.51244
21
-4.68518
0
LINE
8
BLACK
6
CONTINUOUS
10
5.51244
20
-4.68518
11
5.51111
21
-4.68491
0
LINE
8
BLACK
6
CONTINUOUS
10
5.51111
20
-4.68491
11
5.50548
21
-4.6821
0
LINE
8
BLACK
6
CONTINUOUS
10
5.50548
20
-4.6821
11
5.50477
21
-4.68147
0
LINE
8
BLACK
6
CONTINUOUS
10
5.50477
20
-4.68147
11
5.50395
21
-4.68099
0
LINE
8
BLACK
6
CONTINUOUS
10
5.50395
20
-4.68099
11
5.50114
21
-4.67818
0
LINE
8
BLACK
6
CONTINUOUS
10
5.50114
20
-4.67818
11
5.50066
21
-4.67736
0
LINE
8
BLACK
6
CONTINUOUS
10
5.50066
20
-4.67736
11
5.50003
21
-4.67664
0
LINE
8
BLACK
6
CONTINUOUS
10
5.50003
20
-4.67664
11
5.49722
21
-4.67102
0
LINE
8
BLACK
6
CONTINUOUS
10
5.49722
20
-4.67102
11
5.49695
21
-4.66969
0
LINE
8
BLACK
6
CONTINUOUS
10
5.49695
20
-4.66969
11
5.4966
21
-4.66838
0
LINE
8
BLACK
6
CONTINUOUS
10
5.4966
20
-4.66838
11
5.4966
21
-4.65151
0
LINE
8
BLACK
6
CONTINUOUS
10
5.4966
20
-4.65151
11
5.49695
21
-4.65019
0
LINE
8
BLACK
6
CONTINUOUS
10
5.49695
20
-4.65019
11
5.49722
21
-4.64886
0
LINE
8
BLACK
6
CONTINUOUS
10
5.49722
20
-4.64886
11
5.50003
21
-4.64324
0
LINE
8
BLACK
6
CONTINUOUS
10
5.50003
20
-4.64324
11
5.50066
21
-4.64253
0
LINE
8
BLACK
6
CONTINUOUS
10
5.50066
20
-4.64253
11
5.50114
21
-4.64171
0
LINE
8
BLACK
6
CONTINUOUS
10
5.50114
20
-4.64171
11
5.50395
21
-4.63889
0
LINE
8
BLACK
6
CONTINUOUS
10
5.50395
20
-4.63889
11
5.50477
21
-4.63842
0
LINE
8
BLACK
6
CONTINUOUS
10
5.50477
20
-4.63842
11
5.50548
21
-4.63779
0
LINE
8
BLACK
6
CONTINUOUS
10
5.50548
20
-4.63779
11
5.51111
21
-4.63497
0
LINE
8
BLACK
6
CONTINUOUS
10
5.51111
20
-4.63497
11
5.51244
21
-4.6347
0
LINE
8
BLACK
6
CONTINUOUS
10
5.51244
20
-4.6347
11
5.51375
21
-4.63435
0
LINE
8
BLACK
6
CONTINUOUS
10
5.51375
20
-4.63435
11
5.52219
21
-4.63435
0
LINE
8
BLACK
6
CONTINUOUS
10
5.52219
20
-4.63435
11
5.5235
21
-4.6347
0
LINE
8
BLACK
6
CONTINUOUS
10
5.51162
20
-4.64792
11
5.51017
21
-4.64938
0
LINE
8
BLACK
6
CONTINUOUS
10
5.51017
20
-4.64938
11
5.50841
21
-4.6529
0
LINE
8
BLACK
6
CONTINUOUS
10
5.50841
20
-4.6529
11
5.50841
21
-4.66698
0
LINE
8
BLACK
6
CONTINUOUS
10
5.50841
20
-4.66698
11
5.51017
21
-4.6705
0
LINE
8
BLACK
6
CONTINUOUS
10
5.51017
20
-4.6705
11
5.51162
21
-4.67196
0
LINE
8
BLACK
6
CONTINUOUS
10
5.51162
20
-4.67196
11
5.51514
21
-4.67372
0
LINE
8
BLACK
6
CONTINUOUS
10
5.51514
20
-4.67372
11
5.52079
21
-4.67372
0
LINE
8
BLACK
6
CONTINUOUS
10
5.52079
20
-4.67372
11
5.52431
21
-4.67196
0
LINE
8
BLACK
6
CONTINUOUS
10
5.52431
20
-4.67196
11
5.52577
21
-4.6705
0
LINE
8
BLACK
6
CONTINUOUS
10
5.52577
20
-4.6705
11
5.52753
21
-4.66698
0
LINE
8
BLACK
6
CONTINUOUS
10
5.52753
20
-4.66698
11
5.52753
21
-4.6529
0
LINE
8
BLACK
6
CONTINUOUS
10
5.52753
20
-4.6529
11
5.52577
21
-4.64938
0
LINE
8
BLACK
6
CONTINUOUS
10
5.52577
20
-4.64938
11
5.52431
21
-4.64792
0
LINE
8
BLACK
6
CONTINUOUS
10
5.52431
20
-4.64792
11
5.52079
21
-4.64616
0
LINE
8
BLACK
6
CONTINUOUS
10
5.52079
20
-4.64616
11
5.51514
21
-4.64616
0
LINE
8
BLACK
6
CONTINUOUS
10
5.51514
20
-4.64616
11
5.51162
21
-4.64792
0
LINE
8
BLACK
6
CONTINUOUS
10
5.61513
20
-4.63514
11
5.61729
21
-4.6373
0
LINE
8
BLACK
6
CONTINUOUS
10
5.61729
20
-4.6373
11
5.61808
21
-4.64026
0
LINE
8
BLACK
6
CONTINUOUS
10
5.61808
20
-4.64026
11
5.61808
21
-4.67963
0
LINE
8
BLACK
6
CONTINUOUS
10
5.61808
20
-4.67963
11
5.61729
21
-4.68258
0
LINE
8
BLACK
6
CONTINUOUS
10
5.61729
20
-4.68258
11
5.61513
21
-4.68474
0
LINE
8
BLACK
6
CONTINUOUS
10
5.61513
20
-4.68474
11
5.61217
21
-4.68553
0
LINE
8
BLACK
6
CONTINUOUS
10
5.61217
20
-4.68553
11
5.60922
21
-4.68474
0
LINE
8
BLACK
6
CONTINUOUS
10
5.60922
20
-4.68474
11
5.60706
21
-4.68258
0
LINE
8
BLACK
6
CONTINUOUS
10
5.60706
20
-4.68258
11
5.60627
21
-4.67963
0
LINE
8
BLACK
6
CONTINUOUS
10
5.60627
20
-4.67963
11
5.60627
21
-4.64026
0
LINE
8
BLACK
6
CONTINUOUS
10
5.60627
20
-4.64026
11
5.60706
21
-4.6373
0
LINE
8
BLACK
6
CONTINUOUS
10
5.60706
20
-4.6373
11
5.60922
21
-4.63514
0
LINE
8
BLACK
6
CONTINUOUS
10
5.60922
20
-4.63514
11
5.61217
21
-4.63435
0
LINE
8
BLACK
6
CONTINUOUS
10
5.61217
20
-4.63435
11
5.61513
21
-4.63514
0
LINE
8
BLACK
6
CONTINUOUS
10
5.68941
20
-4.6347
11
5.69074
21
-4.63497
0
LINE
8
BLACK
6
CONTINUOUS
10
5.69074
20
-4.63497
11
5.69637
21
-4.63779
0
LINE
8
BLACK
6
CONTINUOUS
10
5.69637
20
-4.63779
11
5.69708
21
-4.63842
0
LINE
8
BLACK
6
CONTINUOUS
10
5.69708
20
-4.63842
11
5.6979
21
-4.63889
0
LINE
8
BLACK
6
CONTINUOUS
10
5.6979
20
-4.63889
11
5.70072
21
-4.64171
0
LINE
8
BLACK
6
CONTINUOUS
10
5.70072
20
-4.64171
11
5.70119
21
-4.64253
0
LINE
8
BLACK
6
CONTINUOUS
10
5.70119
20
-4.64253
11
5.70182
21
-4.64324
0
LINE
8
BLACK
6
CONTINUOUS
10
5.70182
20
-4.64324
11
5.70463
21
-4.64886
0
LINE
8
BLACK
6
CONTINUOUS
10
5.70463
20
-4.64886
11
5.70491
21
-4.65019
0
LINE
8
BLACK
6
CONTINUOUS
10
5.70491
20
-4.65019
11
5.70526
21
-4.65151
0
LINE
8
BLACK
6
CONTINUOUS
10
5.70526
20
-4.65151
11
5.70526
21
-4.66838
0
LINE
8
BLACK
6
CONTINUOUS
10
5.70526
20
-4.66838
11
5.70491
21
-4.66969
0
LINE
8
BLACK
6
CONTINUOUS
10
5.70491
20
-4.66969
11
5.70463
21
-4.67102
0
LINE
8
BLACK
6
CONTINUOUS
10
5.70463
20
-4.67102
11
5.70182
21
-4.67664
0
LINE
8
BLACK
6
CONTINUOUS
10
5.70182
20
-4.67664
11
5.70119
21
-4.67736
0
LINE
8
BLACK
6
CONTINUOUS
10
5.70119
20
-4.67736
11
5.70072
21
-4.67818
0
LINE
8
BLACK
6
CONTINUOUS
10
5.70072
20
-4.67818
11
5.6979
21
-4.68099
0
LINE
8
BLACK
6
CONTINUOUS
10
5.6979
20
-4.68099
11
5.69708
21
-4.68147
0
LINE
8
BLACK
6
CONTINUOUS
10
5.69708
20
-4.68147
11
5.69637
21
-4.6821
0
LINE
8
BLACK
6
CONTINUOUS
10
5.69637
20
-4.6821
11
5.69074
21
-4.68491
0
LINE
8
BLACK
6
CONTINUOUS
10
5.69074
20
-4.68491
11
5.68941
21
-4.68518
0
LINE
8
BLACK
6
CONTINUOUS
10
5.68941
20
-4.68518
11
5.6881
21
-4.68553
0
LINE
8
BLACK
6
CONTINUOUS
10
5.6881
20
-4.68553
11
5.67967
21
-4.68553
0
LINE
8
BLACK
6
CONTINUOUS
10
5.67967
20
-4.68553
11
5.67836
21
-4.68518
0
LINE
8
BLACK
6
CONTINUOUS
10
5.67836
20
-4.68518
11
5.67703
21
-4.68491
0
LINE
8
BLACK
6
CONTINUOUS
10
5.67703
20
-4.68491
11
5.6714
21
-4.6821
0
LINE
8
BLACK
6
CONTINUOUS
10
5.6714
20
-4.6821
11
5.67069
21
-4.68147
0
LINE
8
BLACK
6
CONTINUOUS
10
5.67069
20
-4.68147
11
5.66987
21
-4.68099
0
LINE
8
BLACK
6
CONTINUOUS
10
5.66987
20
-4.68099
11
5.66705
21
-4.67818
0
LINE
8
BLACK
6
CONTINUOUS
10
5.66705
20
-4.67818
11
5.66658
21
-4.67736
0
LINE
8
BLACK
6
CONTINUOUS
10
5.66658
20
-4.67736
11
5.66595
21
-4.67664
0
LINE
8
BLACK
6
CONTINUOUS
10
5.66595
20
-4.67664
11
5.66314
21
-4.67102
0
LINE
8
BLACK
6
CONTINUOUS
10
5.66314
20
-4.67102
11
5.66286
21
-4.66969
0
LINE
8
BLACK
6
CONTINUOUS
10
5.66286
20
-4.66969
11
5.66251
21
-4.66838
0
LINE
8
BLACK
6
CONTINUOUS
10
5.66251
20
-4.66838
11
5.66251
21
-4.65151
0
LINE
8
BLACK
6
CONTINUOUS
10
5.66251
20
-4.65151
11
5.66286
21
-4.65019
0
LINE
8
BLACK
6
CONTINUOUS
10
5.66286
20
-4.65019
11
5.66314
21
-4.64886
0
LINE
8
BLACK
6
CONTINUOUS
10
5.66314
20
-4.64886
11
5.66595
21
-4.64324
0
LINE
8
BLACK
6
CONTINUOUS
10
5.66595
20
-4.64324
11
5.66658
21
-4.64253
0
LINE
8
BLACK
6
CONTINUOUS
10
5.66658
20
-4.64253
11
5.66705
21
-4.64171
0
LINE
8
BLACK
6
CONTINUOUS
10
5.66705
20
-4.64171
11
5.66987
21
-4.63889
0
LINE
8
BLACK
6
CONTINUOUS
10
5.66987
20
-4.63889
11
5.67069
21
-4.63842
0
LINE
8
BLACK
6
CONTINUOUS
10
5.67069
20
-4.63842
11
5.6714
21
-4.63779
0
LINE
8
BLACK
6
CONTINUOUS
10
5.6714
20
-4.63779
11
5.67703
21
-4.63497
0
LINE
8
BLACK
6
CONTINUOUS
10
5.67703
20
-4.63497
11
5.67836
21
-4.6347
0
LINE
8
BLACK
6
CONTINUOUS
10
5.67836
20
-4.6347
11
5.67967
21
-4.63435
0
LINE
8
BLACK
6
CONTINUOUS
10
5.67967
20
-4.63435
11
5.6881
21
-4.63435
0
LINE
8
BLACK
6
CONTINUOUS
10
5.6881
20
-4.63435
11
5.68941
21
-4.6347
0
LINE
8
BLACK
6
CONTINUOUS
10
5.67754
20
-4.64792
11
5.67608
21
-4.64938
0
LINE
8
BLACK
6
CONTINUOUS
10
5.67608
20
-4.64938
11
5.67432
21
-4.6529
0
LINE
8
BLACK
6
CONTINUOUS
10
5.67432
20
-4.6529
11
5.67432
21
-4.66698
0
LINE
8
BLACK
6
CONTINUOUS
10
5.67432
20
-4.66698
11
5.67608
21
-4.6705
0
LINE
8
BLACK
6
CONTINUOUS
10
5.67608
20
-4.6705
11
5.67754
21
-4.67196
0
LINE
8
BLACK
6
CONTINUOUS
10
5.67754
20
-4.67196
11
5.68106
21
-4.67372
0
LINE
8
BLACK
6
CONTINUOUS
10
5.68106
20
-4.67372
11
5.68671
21
-4.67372
0
LINE
8
BLACK
6
CONTINUOUS
10
5.68671
20
-4.67372
11
5.69023
21
-4.67196
0
LINE
8
BLACK
6
CONTINUOUS
10
5.69023
20
-4.67196
11
5.69169
21
-4.6705
0
LINE
8
BLACK
6
CONTINUOUS
10
5.69169
20
-4.6705
11
5.69345
21
-4.66698
0
LINE
8
BLACK
6
CONTINUOUS
10
5.69345
20
-4.66698
11
5.69345
21
-4.6529
0
LINE
8
BLACK
6
CONTINUOUS
10
5.69345
20
-4.6529
11
5.69169
21
-4.64938
0
LINE
8
BLACK
6
CONTINUOUS
10
5.69169
20
-4.64938
11
5.69023
21
-4.64792
0
LINE
8
BLACK
6
CONTINUOUS
10
5.69023
20
-4.64792
11
5.68671
21
-4.64616
0
LINE
8
BLACK
6
CONTINUOUS
10
5.68671
20
-4.64616
11
5.68106
21
-4.64616
0
LINE
8
BLACK
6
CONTINUOUS
10
5.68106
20
-4.64616
11
5.67754
21
-4.64792
0
LINE
8
BLACK
6
CONTINUOUS
10
5.72761
20
-4.61546
11
5.72978
21
-4.61762
0
LINE
8
BLACK
6
CONTINUOUS
10
5.72978
20
-4.61762
11
5.73057
21
-4.62057
0
LINE
8
BLACK
6
CONTINUOUS
10
5.73057
20
-4.62057
11
5.73057
21
-4.63435
0
LINE
8
BLACK
6
CONTINUOUS
10
5.73057
20
-4.63435
11
5.73872
21
-4.63435
0
LINE
8
BLACK
6
CONTINUOUS
10
5.73872
20
-4.63435
11
5.74167
21
-4.63514
0
LINE
8
BLACK
6
CONTINUOUS
10
5.74167
20
-4.63514
11
5.74384
21
-4.6373
0
LINE
8
BLACK
6
CONTINUOUS
10
5.74384
20
-4.6373
11
5.74463
21
-4.64026
0
LINE
8
BLACK
6
CONTINUOUS
10
5.74463
20
-4.64026
11
5.74384
21
-4.64321
0
LINE
8
BLACK
6
CONTINUOUS
10
5.74384
20
-4.64321
11
5.74167
21
-4.64537
0
LINE
8
BLACK
6
CONTINUOUS
10
5.74167
20
-4.64537
11
5.73872
21
-4.64616
0
LINE
8
BLACK
6
CONTINUOUS
10
5.73872
20
-4.64616
11
5.73057
21
-4.64616
0
LINE
8
BLACK
6
CONTINUOUS
10
5.73057
20
-4.64616
11
5.73057
21
-4.6698
0
LINE
8
BLACK
6
CONTINUOUS
10
5.73057
20
-4.6698
11
5.73187
21
-4.67241
0
LINE
8
BLACK
6
CONTINUOUS
10
5.73187
20
-4.67241
11
5.73449
21
-4.67372
0
LINE
8
BLACK
6
CONTINUOUS
10
5.73449
20
-4.67372
11
5.73872
21
-4.67372
0
LINE
8
BLACK
6
CONTINUOUS
10
5.73872
20
-4.67372
11
5.74167
21
-4.67451
0
LINE
8
BLACK
6
CONTINUOUS
10
5.74167
20
-4.67451
11
5.74384
21
-4.67667
0
LINE
8
BLACK
6
CONTINUOUS
10
5.74384
20
-4.67667
11
5.74463
21
-4.67963
0
LINE
8
BLACK
6
CONTINUOUS
10
5.74463
20
-4.67963
11
5.74384
21
-4.68258
0
LINE
8
BLACK
6
CONTINUOUS
10
5.74384
20
-4.68258
11
5.74167
21
-4.68474
0
LINE
8
BLACK
6
CONTINUOUS
10
5.74167
20
-4.68474
11
5.73872
21
-4.68553
0
LINE
8
BLACK
6
CONTINUOUS
10
5.73872
20
-4.68553
11
5.7331
21
-4.68553
0
LINE
8
BLACK
6
CONTINUOUS
10
5.7331
20
-4.68553
11
5.73179
21
-4.68518
0
LINE
8
BLACK
6
CONTINUOUS
10
5.73179
20
-4.68518
11
5.73046
21
-4.68491
0
LINE
8
BLACK
6
CONTINUOUS
10
5.73046
20
-4.68491
11
5.72483
21
-4.6821
0
LINE
8
BLACK
6
CONTINUOUS
10
5.72483
20
-4.6821
11
5.72456
21
-4.68186
0
LINE
8
BLACK
6
CONTINUOUS
10
5.72456
20
-4.68186
11
5.72422
21
-4.68174
0
LINE
8
BLACK
6
CONTINUOUS
10
5.72422
20
-4.68174
11
5.72343
21
-4.68086
0
LINE
8
BLACK
6
CONTINUOUS
10
5.72343
20
-4.68086
11
5.72254
21
-4.68007
0
LINE
8
BLACK
6
CONTINUOUS
10
5.72254
20
-4.68007
11
5.72243
21
-4.67973
0
LINE
8
BLACK
6
CONTINUOUS
10
5.72243
20
-4.67973
11
5.72219
21
-4.67946
0
LINE
8
BLACK
6
CONTINUOUS
10
5.72219
20
-4.67946
11
5.71938
21
-4.67383
0
LINE
8
BLACK
6
CONTINUOUS
10
5.71938
20
-4.67383
11
5.71911
21
-4.6725
0
LINE
8
BLACK
6
CONTINUOUS
10
5.71911
20
-4.6725
11
5.71876
21
-4.67119
0
LINE
8
BLACK
6
CONTINUOUS
10
5.71876
20
-4.67119
11
5.71876
21
-4.64616
0
LINE
8
BLACK
6
CONTINUOUS
10
5.71876
20
-4.64616
11
5.71622
21
-4.64616
0
LINE
8
BLACK
6
CONTINUOUS
10
5.71622
20
-4.64616
11
5.71327
21
-4.64537
0
LINE
8
BLACK
6
CONTINUOUS
10
5.71327
20
-4.64537
11
5.71111
21
-4.64321
0
LINE
8
BLACK
6
CONTINUOUS
10
5.71111
20
-4.64321
11
5.71032
21
-4.64026
0
LINE
8
BLACK
6
CONTINUOUS
10
5.71032
20
-4.64026
11
5.71111
21
-4.6373
0
LINE
8
BLACK
6
CONTINUOUS
10
5.71111
20
-4.6373
11
5.71327
21
-4.63514
0
LINE
8
BLACK
6
CONTINUOUS
10
5.71327
20
-4.63514
11
5.71622
21
-4.63435
0
LINE
8
BLACK
6
CONTINUOUS
10
5.71622
20
-4.63435
11
5.71876
21
-4.63435
0
LINE
8
BLACK
6
CONTINUOUS
10
5.71876
20
-4.63435
11
5.71876
21
-4.62057
0
LINE
8
BLACK
6
CONTINUOUS
10
5.71876
20
-4.62057
11
5.71955
21
-4.61762
0
LINE
8
BLACK
6
CONTINUOUS
10
5.71955
20
-4.61762
11
5.72171
21
-4.61546
0
LINE
8
BLACK
6
CONTINUOUS
10
5.72171
20
-4.61546
11
5.72466
21
-4.61467
0
LINE
8
BLACK
6
CONTINUOUS
10
5.72466
20
-4.61467
11
5.72761
21
-4.61546
0
LINE
8
BLACK
6
CONTINUOUS
10
5.64325
20
-4.61546
11
5.64541
21
-4.61762
0
LINE
8
BLACK
6
CONTINUOUS
10
5.64541
20
-4.61762
11
5.6462
21
-4.62057
0
LINE
8
BLACK
6
CONTINUOUS
10
5.6462
20
-4.62057
11
5.6462
21
-4.6698
0
LINE
8
BLACK
6
CONTINUOUS
10
5.6462
20
-4.6698
11
5.64751
21
-4.67241
0
LINE
8
BLACK
6
CONTINUOUS
10
5.64751
20
-4.67241
11
5.65137
21
-4.67435
0
LINE
8
BLACK
6
CONTINUOUS
10
5.65137
20
-4.67435
11
5.65366
21
-4.67637
0
LINE
8
BLACK
6
CONTINUOUS
10
5.65366
20
-4.67637
11
5.65463
21
-4.67927
0
LINE
8
BLACK
6
CONTINUOUS
10
5.65463
20
-4.67927
11
5.65401
21
-4.68227
0
LINE
8
BLACK
6
CONTINUOUS
10
5.65401
20
-4.68227
11
5.65199
21
-4.68456
0
LINE
8
BLACK
6
CONTINUOUS
10
5.65199
20
-4.68456
11
5.64909
21
-4.68552
0
LINE
8
BLACK
6
CONTINUOUS
10
5.64909
20
-4.68552
11
5.64609
21
-4.68491
0
LINE
8
BLACK
6
CONTINUOUS
10
5.64609
20
-4.68491
11
5.64047
21
-4.6821
0
LINE
8
BLACK
6
CONTINUOUS
10
5.64047
20
-4.6821
11
5.6402
21
-4.68186
0
LINE
8
BLACK
6
CONTINUOUS
10
5.6402
20
-4.68186
11
5.63985
21
-4.68174
0
LINE
8
BLACK
6
CONTINUOUS
10
5.63985
20
-4.68174
11
5.63907
21
-4.68086
0
LINE
8
BLACK
6
CONTINUOUS
10
5.63907
20
-4.68086
11
5.63818
21
-4.68007
0
LINE
8
BLACK
6
CONTINUOUS
10
5.63818
20
-4.68007
11
5.63807
21
-4.67973
0
LINE
8
BLACK
6
CONTINUOUS
10
5.63807
20
-4.67973
11
5.63783
21
-4.67946
0
LINE
8
BLACK
6
CONTINUOUS
10
5.63783
20
-4.67946
11
5.63501
21
-4.67383
0
LINE
8
BLACK
6
CONTINUOUS
10
5.63501
20
-4.67383
11
5.63474
21
-4.6725
0
LINE
8
BLACK
6
CONTINUOUS
10
5.63474
20
-4.6725
11
5.63439
21
-4.67119
0
LINE
8
BLACK
6
CONTINUOUS
10
5.63439
20
-4.67119
11
5.63439
21
-4.62057
0
LINE
8
BLACK
6
CONTINUOUS
10
5.63439
20
-4.62057
11
5.63518
21
-4.61762
0
LINE
8
BLACK
6
CONTINUOUS
10
5.63518
20
-4.61762
11
5.63734
21
-4.61546
0
LINE
8
BLACK
6
CONTINUOUS
10
5.63734
20
-4.61546
11
5.6403
21
-4.61467
0
LINE
8
BLACK
6
CONTINUOUS
10
5.6403
20
-4.61467
11
5.64325
21
-4.61546
0
LINE
8
BLACK
6
CONTINUOUS
10
5.38027
20
-4.61495
11
5.38063
21
-4.61497
0
LINE
8
BLACK
6
CONTINUOUS
10
5.38063
20
-4.61497
11
5.38162
21
-4.61562
0
LINE
8
BLACK
6
CONTINUOUS
10
5.38162
20
-4.61562
11
5.38268
21
-4.61615
0
LINE
8
BLACK
6
CONTINUOUS
10
5.38268
20
-4.61615
11
5.38288
21
-4.61645
0
LINE
8
BLACK
6
CONTINUOUS
10
5.38288
20
-4.61645
11
5.38319
21
-4.61665
0
LINE
8
BLACK
6
CONTINUOUS
10
5.38319
20
-4.61665
11
5.38372
21
-4.61771
0
LINE
8
BLACK
6
CONTINUOUS
10
5.38372
20
-4.61771
11
5.38437
21
-4.6187
0
LINE
8
BLACK
6
CONTINUOUS
10
5.38437
20
-4.6187
11
5.40405
21
-4.67776
0
LINE
8
BLACK
6
CONTINUOUS
10
5.40405
20
-4.67776
11
5.40424
21
-4.68081
0
LINE
8
BLACK
6
CONTINUOUS
10
5.40424
20
-4.68081
11
5.40287
21
-4.68355
0
LINE
8
BLACK
6
CONTINUOUS
10
5.40287
20
-4.68355
11
5.40032
21
-4.68523
0
LINE
8
BLACK
6
CONTINUOUS
10
5.40032
20
-4.68523
11
5.39727
21
-4.68541
0
LINE
8
BLACK
6
CONTINUOUS
10
5.39727
20
-4.68541
11
5.39453
21
-4.68405
0
LINE
8
BLACK
6
CONTINUOUS
10
5.39453
20
-4.68405
11
5.39285
21
-4.68149
0
LINE
8
BLACK
6
CONTINUOUS
10
5.39285
20
-4.68149
11
5.38857
21
-4.66866
0
LINE
8
BLACK
6
CONTINUOUS
10
5.38857
20
-4.66866
11
5.36896
21
-4.66866
0
LINE
8
BLACK
6
CONTINUOUS
10
5.36896
20
-4.66866
11
5.36468
21
-4.68149
0
LINE
8
BLACK
6
CONTINUOUS
10
5.36468
20
-4.68149
11
5.363
21
-4.68405
0
LINE
8
BLACK
6
CONTINUOUS
10
5.363
20
-4.68405
11
5.36027
21
-4.68541
0
LINE
8
BLACK
6
CONTINUOUS
10
5.36027
20
-4.68541
11
5.35721
21
-4.68523
0
LINE
8
BLACK
6
CONTINUOUS
10
5.35721
20
-4.68523
11
5.35466
21
-4.68355
0
LINE
8
BLACK
6
CONTINUOUS
10
5.35466
20
-4.68355
11
5.3533
21
-4.68081
0
LINE
8
BLACK
6
CONTINUOUS
10
5.3533
20
-4.68081
11
5.35348
21
-4.67776
0
LINE
8
BLACK
6
CONTINUOUS
10
5.35348
20
-4.67776
11
5.37316
21
-4.6187
0
LINE
8
BLACK
6
CONTINUOUS
10
5.37316
20
-4.6187
11
5.37382
21
-4.61771
0
LINE
8
BLACK
6
CONTINUOUS
10
5.37382
20
-4.61771
11
5.37435
21
-4.61665
0
LINE
8
BLACK
6
CONTINUOUS
10
5.37435
20
-4.61665
11
5.37465
21
-4.61645
0
LINE
8
BLACK
6
CONTINUOUS
10
5.37465
20
-4.61645
11
5.37485
21
-4.61615
0
LINE
8
BLACK
6
CONTINUOUS
10
5.37485
20
-4.61615
11
5.37591
21
-4.61562
0
LINE
8
BLACK
6
CONTINUOUS
10
5.37591
20
-4.61562
11
5.3769
21
-4.61497
0
LINE
8
BLACK
6
CONTINUOUS
10
5.3769
20
-4.61497
11
5.37726
21
-4.61495
0
LINE
8
BLACK
6
CONTINUOUS
10
5.37726
20
-4.61495
11
5.37758
21
-4.61479
0
LINE
8
BLACK
6
CONTINUOUS
10
5.37758
20
-4.61479
11
5.37877
21
-4.61486
0
LINE
8
BLACK
6
CONTINUOUS
10
5.37877
20
-4.61486
11
5.37995
21
-4.61479
0
LINE
8
BLACK
6
CONTINUOUS
10
5.37995
20
-4.61479
11
5.38027
21
-4.61495
0
LINE
8
BLACK
6
CONTINUOUS
10
5.3729
20
-4.65685
11
5.38463
21
-4.65685
0
LINE
8
BLACK
6
CONTINUOUS
10
5.38463
20
-4.65685
11
5.37877
21
-4.63925
0
LINE
8
BLACK
6
CONTINUOUS
10
5.37877
20
-4.63925
11
5.3729
21
-4.65685
0
LINE
8
BLACK
6
CONTINUOUS
10
5.61293
20
-4.61487
11
5.6137
21
-4.61487
0
LINE
8
BLACK
6
CONTINUOUS
10
5.6137
20
-4.61487
11
5.6137
21
-4.61487
0
LINE
8
BLACK
6
CONTINUOUS
10
5.6137
20
-4.61487
11
5.61438
21
-4.61526
0
LINE
8
BLACK
6
CONTINUOUS
10
5.61438
20
-4.61526
11
5.61513
21
-4.61546
0
LINE
8
BLACK
6
CONTINUOUS
10
5.61513
20
-4.61546
11
5.61568
21
-4.61601
0
LINE
8
BLACK
6
CONTINUOUS
10
5.61568
20
-4.61601
11
5.61635
21
-4.6164
0
LINE
8
BLACK
6
CONTINUOUS
10
5.61635
20
-4.6164
11
5.61635
21
-4.6164
0
LINE
8
BLACK
6
CONTINUOUS
10
5.61635
20
-4.6164
11
5.61916
21
-4.61921
0
LINE
8
BLACK
6
CONTINUOUS
10
5.61916
20
-4.61921
11
5.62069
21
-4.62186
0
LINE
8
BLACK
6
CONTINUOUS
10
5.62069
20
-4.62186
11
5.62069
21
-4.62186
0
LINE
8
BLACK
6
CONTINUOUS
10
5.62069
20
-4.62186
11
5.62069
21
-4.62491
0
LINE
8
BLACK
6
CONTINUOUS
10
5.62069
20
-4.62491
11
5.61995
21
-4.6262
0
LINE
8
BLACK
6
CONTINUOUS
10
5.61995
20
-4.6262
11
5.61916
21
-4.62756
0
LINE
8
BLACK
6
CONTINUOUS
10
5.61916
20
-4.62756
11
5.61916
21
-4.62756
0
LINE
8
BLACK
6
CONTINUOUS
10
5.61916
20
-4.62756
11
5.61635
21
-4.63037
0
LINE
8
BLACK
6
CONTINUOUS
10
5.61635
20
-4.63037
11
5.61568
21
-4.63076
0
LINE
8
BLACK
6
CONTINUOUS
10
5.61568
20
-4.63076
11
5.61513
21
-4.63131
0
LINE
8
BLACK
6
CONTINUOUS
10
5.61513
20
-4.63131
11
5.61438
21
-4.63151
0
LINE
8
BLACK
6
CONTINUOUS
10
5.61438
20
-4.63151
11
5.6137
21
-4.6319
0
LINE
8
BLACK
6
CONTINUOUS
10
5.6137
20
-4.6319
11
5.61293
21
-4.6319
0
LINE
8
BLACK
6
CONTINUOUS
10
5.61293
20
-4.6319
11
5.61217
21
-4.6321
0
LINE
8
BLACK
6
CONTINUOUS
10
5.61217
20
-4.6321
11
5.61142
21
-4.6319
0
LINE
8
BLACK
6
CONTINUOUS
10
5.61142
20
-4.6319
11
5.61065
21
-4.6319
0
LINE
8
BLACK
6
CONTINUOUS
10
5.61065
20
-4.6319
11
5.61065
21
-4.6319
0
LINE
8
BLACK
6
CONTINUOUS
10
5.61065
20
-4.6319
11
5.60997
21
-4.63151
0
LINE
8
BLACK
6
CONTINUOUS
10
5.60997
20
-4.63151
11
5.60922
21
-4.63131
0
LINE
8
BLACK
6
CONTINUOUS
10
5.60922
20
-4.63131
11
5.60867
21
-4.63076
0
LINE
8
BLACK
6
CONTINUOUS
10
5.60867
20
-4.63076
11
5.608
21
-4.63037
0
LINE
8
BLACK
6
CONTINUOUS
10
5.608
20
-4.63037
11
5.608
21
-4.63037
0
LINE
8
BLACK
6
CONTINUOUS
10
5.608
20
-4.63037
11
5.60519
21
-4.62756
0
LINE
8
BLACK
6
CONTINUOUS
10
5.60519
20
-4.62756
11
5.6044
21
-4.6262
0
LINE
8
BLACK
6
CONTINUOUS
10
5.6044
20
-4.6262
11
5.60366
21
-4.62491
0
LINE
8
BLACK
6
CONTINUOUS
10
5.60366
20
-4.62491
11
5.60366
21
-4.62186
0
LINE
8
BLACK
6
CONTINUOUS
10
5.60366
20
-4.62186
11
5.60366
21
-4.62186
0
LINE
8
BLACK
6
CONTINUOUS
10
5.60366
20
-4.62186
11
5.60519
21
-4.61921
0
LINE
8
BLACK
6
CONTINUOUS
10
5.60519
20
-4.61921
11
5.608
21
-4.6164
0
LINE
8
BLACK
6
CONTINUOUS
10
5.608
20
-4.6164
11
5.608
21
-4.6164
0
LINE
8
BLACK
6
CONTINUOUS
10
5.608
20
-4.6164
11
5.608
21
-4.6164
0
LINE
8
BLACK
6
CONTINUOUS
10
5.608
20
-4.6164
11
5.60867
21
-4.61601
0
LINE
8
BLACK
6
CONTINUOUS
10
5.60867
20
-4.61601
11
5.60922
21
-4.61546
0
LINE
8
BLACK
6
CONTINUOUS
10
5.60922
20
-4.61546
11
5.60997
21
-4.61526
0
LINE
8
BLACK
6
CONTINUOUS
10
5.60997
20
-4.61526
11
5.61065
21
-4.61487
0
LINE
8
BLACK
6
CONTINUOUS
10
5.61065
20
-4.61487
11
5.61142
21
-4.61487
0
LINE
8
BLACK
6
CONTINUOUS
10
5.61142
20
-4.61487
11
5.61217
21
-4.61467
0
LINE
8
BLACK
6
CONTINUOUS
10
5.61217
20
-4.61467
11
5.61293
21
-4.61487
0
LINE
8
BLACK
6
CONTINUOUS
10
5.80835
20
-3.76268
11
5.8099
21
-3.76398
0
LINE
8
BLACK
6
CONTINUOUS
10
5.8099
20
-3.76398
11
5.81025
21
-3.76597
0
LINE
8
BLACK
6
CONTINUOUS
10
5.81025
20
-3.76597
11
5.80924
21
-3.76772
0
LINE
8
BLACK
6
CONTINUOUS
10
5.80924
20
-3.76772
11
5.80734
21
-3.76841
0
LINE
8
BLACK
6
CONTINUOUS
10
5.80734
20
-3.76841
11
5.79154
21
-3.76841
0
LINE
8
BLACK
6
CONTINUOUS
10
5.79154
20
-3.76841
11
5.79154
21
-3.78125
0
LINE
8
BLACK
6
CONTINUOUS
10
5.79154
20
-3.78125
11
5.80171
21
-3.78125
0
LINE
8
BLACK
6
CONTINUOUS
10
5.80171
20
-3.78125
11
5.80272
21
-3.78143
0
LINE
8
BLACK
6
CONTINUOUS
10
5.80272
20
-3.78143
11
5.80427
21
-3.78273
0
LINE
8
BLACK
6
CONTINUOUS
10
5.80427
20
-3.78273
11
5.80462
21
-3.78472
0
LINE
8
BLACK
6
CONTINUOUS
10
5.80462
20
-3.78472
11
5.80361
21
-3.78647
0
LINE
8
BLACK
6
CONTINUOUS
10
5.80361
20
-3.78647
11
5.80171
21
-3.78716
0
LINE
8
BLACK
6
CONTINUOUS
10
5.80171
20
-3.78716
11
5.79154
21
-3.78716
0
LINE
8
BLACK
6
CONTINUOUS
10
5.79154
20
-3.78716
11
5.79154
21
-3.80187
0
LINE
8
BLACK
6
CONTINUOUS
10
5.79154
20
-3.80187
11
5.80734
21
-3.80187
0
LINE
8
BLACK
6
CONTINUOUS
10
5.80734
20
-3.80187
11
5.80835
21
-3.80205
0
LINE
8
BLACK
6
CONTINUOUS
10
5.80835
20
-3.80205
11
5.8099
21
-3.80335
0
LINE
8
BLACK
6
CONTINUOUS
10
5.8099
20
-3.80335
11
5.81025
21
-3.80534
0
LINE
8
BLACK
6
CONTINUOUS
10
5.81025
20
-3.80534
11
5.80924
21
-3.80709
0
LINE
8
BLACK
6
CONTINUOUS
10
5.80924
20
-3.80709
11
5.80734
21
-3.80778
0
LINE
8
BLACK
6
CONTINUOUS
10
5.80734
20
-3.80778
11
5.78859
21
-3.80778
0
LINE
8
BLACK
6
CONTINUOUS
10
5.78859
20
-3.80778
11
5.78821
21
-3.80771
0
LINE
8
BLACK
6
CONTINUOUS
10
5.78821
20
-3.80771
11
5.78808
21
-3.80774
0
LINE
8
BLACK
6
CONTINUOUS
10
5.78808
20
-3.80774
11
5.78796
21
-3.80767
0
LINE
8
BLACK
6
CONTINUOUS
10
5.78796
20
-3.80767
11
5.78758
21
-3.8076
0
LINE
8
BLACK
6
CONTINUOUS
10
5.78758
20
-3.8076
11
5.78699
21
-3.80711
0
LINE
8
BLACK
6
CONTINUOUS
10
5.78699
20
-3.80711
11
5.78633
21
-3.80673
0
LINE
8
BLACK
6
CONTINUOUS
10
5.78633
20
-3.80673
11
5.78624
21
-3.80648
0
LINE
8
BLACK
6
CONTINUOUS
10
5.78624
20
-3.80648
11
5.78603
21
-3.8063
0
LINE
8
BLACK
6
CONTINUOUS
10
5.78603
20
-3.8063
11
5.7859
21
-3.80555
0
LINE
8
BLACK
6
CONTINUOUS
10
5.7859
20
-3.80555
11
5.78564
21
-3.80483
0
LINE
8
BLACK
6
CONTINUOUS
10
5.78564
20
-3.80483
11
5.78564
21
-3.76546
0
LINE
8
BLACK
6
CONTINUOUS
10
5.78564
20
-3.76546
11
5.78571
21
-3.76507
0
LINE
8
BLACK
6
CONTINUOUS
10
5.78571
20
-3.76507
11
5.78568
21
-3.76494
0
LINE
8
BLACK
6
CONTINUOUS
10
5.78568
20
-3.76494
11
5.78575
21
-3.76483
0
LINE
8
BLACK
6
CONTINUOUS
10
5.78575
20
-3.76483
11
5.78582
21
-3.76445
0
LINE
8
BLACK
6
CONTINUOUS
10
5.78582
20
-3.76445
11
5.78631
21
-3.76386
0
LINE
8
BLACK
6
CONTINUOUS
10
5.78631
20
-3.76386
11
5.78669
21
-3.7632
0
LINE
8
BLACK
6
CONTINUOUS
10
5.78669
20
-3.7632
11
5.78694
21
-3.7631
0
LINE
8
BLACK
6
CONTINUOUS
10
5.78694
20
-3.7631
11
5.78711
21
-3.7629
0
LINE
8
BLACK
6
CONTINUOUS
10
5.78711
20
-3.7629
11
5.78787
21
-3.76277
0
LINE
8
BLACK
6
CONTINUOUS
10
5.78787
20
-3.76277
11
5.78859
21
-3.7625
0
LINE
8
BLACK
6
CONTINUOUS
10
5.78859
20
-3.7625
11
5.80734
21
-3.7625
0
LINE
8
BLACK
6
CONTINUOUS
10
5.80734
20
-3.7625
11
5.80835
21
-3.76268
0
LINE
8
BLACK
6
CONTINUOUS
10
5.83393
20
-3.76258
11
5.8341
21
-3.76255
0
LINE
8
BLACK
6
CONTINUOUS
10
5.8341
20
-3.76255
11
5.83484
21
-3.76298
0
LINE
8
BLACK
6
CONTINUOUS
10
5.83484
20
-3.76298
11
5.83562
21
-3.76332
0
LINE
8
BLACK
6
CONTINUOUS
10
5.83562
20
-3.76332
11
5.8357
21
-3.76347
0
LINE
8
BLACK
6
CONTINUOUS
10
5.8357
20
-3.76347
11
5.83585
21
-3.76356
0
LINE
8
BLACK
6
CONTINUOUS
10
5.83585
20
-3.76356
11
5.83614
21
-3.76436
0
LINE
8
BLACK
6
CONTINUOUS
10
5.83614
20
-3.76436
11
5.83652
21
-3.76513
0
LINE
8
BLACK
6
CONTINUOUS
10
5.83652
20
-3.76513
11
5.83648
21
-3.7653
0
LINE
8
BLACK
6
CONTINUOUS
10
5.83648
20
-3.7653
11
5.83654
21
-3.76546
0
LINE
8
BLACK
6
CONTINUOUS
10
5.83654
20
-3.76546
11
5.83654
21
-3.80187
0
LINE
8
BLACK
6
CONTINUOUS
10
5.83654
20
-3.80187
11
5.84483
21
-3.80187
0
LINE
8
BLACK
6
CONTINUOUS
10
5.84483
20
-3.80187
11
5.84584
21
-3.80205
0
LINE
8
BLACK
6
CONTINUOUS
10
5.84584
20
-3.80205
11
5.84739
21
-3.80335
0
LINE
8
BLACK
6
CONTINUOUS
10
5.84739
20
-3.80335
11
5.84774
21
-3.80534
0
LINE
8
BLACK
6
CONTINUOUS
10
5.84774
20
-3.80534
11
5.84673
21
-3.80709
0
LINE
8
BLACK
6
CONTINUOUS
10
5.84673
20
-3.80709
11
5.84483
21
-3.80778
0
LINE
8
BLACK
6
CONTINUOUS
10
5.84483
20
-3.80778
11
5.82234
21
-3.80778
0
LINE
8
BLACK
6
CONTINUOUS
10
5.82234
20
-3.80778
11
5.82133
21
-3.8076
0
LINE
8
BLACK
6
CONTINUOUS
10
5.82133
20
-3.8076
11
5.81978
21
-3.8063
0
LINE
8
BLACK
6
CONTINUOUS
10
5.81978
20
-3.8063
11
5.81943
21
-3.80431
0
LINE
8
BLACK
6
CONTINUOUS
10
5.81943
20
-3.80431
11
5.82044
21
-3.80257
0
LINE
8
BLACK
6
CONTINUOUS
10
5.82044
20
-3.80257
11
5.82234
21
-3.80187
0
LINE
8
BLACK
6
CONTINUOUS
10
5.82234
20
-3.80187
11
5.83063
21
-3.80187
0
LINE
8
BLACK
6
CONTINUOUS
10
5.83063
20
-3.80187
11
5.83063
21
-3.77446
0
LINE
8
BLACK
6
CONTINUOUS
10
5.83063
20
-3.77446
11
5.82817
21
-3.77692
0
LINE
8
BLACK
6
CONTINUOUS
10
5.82817
20
-3.77692
11
5.82745
21
-3.77743
0
LINE
8
BLACK
6
CONTINUOUS
10
5.82745
20
-3.77743
11
5.82741
21
-3.77747
0
LINE
8
BLACK
6
CONTINUOUS
10
5.82741
20
-3.77747
11
5.82366
21
-3.77935
0
LINE
8
BLACK
6
CONTINUOUS
10
5.82366
20
-3.77935
11
5.82267
21
-3.77964
0
LINE
8
BLACK
6
CONTINUOUS
10
5.82267
20
-3.77964
11
5.82071
21
-3.77917
0
LINE
8
BLACK
6
CONTINUOUS
10
5.82071
20
-3.77917
11
5.81951
21
-3.77755
0
LINE
8
BLACK
6
CONTINUOUS
10
5.81951
20
-3.77755
11
5.81963
21
-3.77553
0
LINE
8
BLACK
6
CONTINUOUS
10
5.81963
20
-3.77553
11
5.82102
21
-3.77406
0
LINE
8
BLACK
6
CONTINUOUS
10
5.82102
20
-3.77406
11
5.82434
21
-3.7724
0
LINE
8
BLACK
6
CONTINUOUS
10
5.82434
20
-3.7724
11
5.82754
21
-3.7692
0
LINE
8
BLACK
6
CONTINUOUS
10
5.82754
20
-3.7692
11
5.83113
21
-3.76382
0
LINE
8
BLACK
6
CONTINUOUS
10
5.83113
20
-3.76382
11
5.83184
21
-3.76308
0
LINE
8
BLACK
6
CONTINUOUS
10
5.83184
20
-3.76308
11
5.832
21
-3.76303
0
LINE
8
BLACK
6
CONTINUOUS
10
5.832
20
-3.76303
11
5.83211
21
-3.7629
0
LINE
8
BLACK
6
CONTINUOUS
10
5.83211
20
-3.7629
11
5.83295
21
-3.76275
0
LINE
8
BLACK
6
CONTINUOUS
10
5.83295
20
-3.76275
11
5.83377
21
-3.76251
0
LINE
8
BLACK
6
CONTINUOUS
10
5.83377
20
-3.76251
11
5.83393
21
-3.76258
0
LINE
8
BLACK
6
CONTINUOUS
10
5.76283
20
-3.76272
11
5.76375
21
-3.76286
0
LINE
8
BLACK
6
CONTINUOUS
10
5.76375
20
-3.76286
11
5.76381
21
-3.76292
0
LINE
8
BLACK
6
CONTINUOUS
10
5.76381
20
-3.76292
11
5.76389
21
-3.76294
0
LINE
8
BLACK
6
CONTINUOUS
10
5.76389
20
-3.76294
11
5.76447
21
-3.76367
0
LINE
8
BLACK
6
CONTINUOUS
10
5.76447
20
-3.76367
11
5.76509
21
-3.76437
0
LINE
8
BLACK
6
CONTINUOUS
10
5.76509
20
-3.76437
11
5.76509
21
-3.76446
0
LINE
8
BLACK
6
CONTINUOUS
10
5.76509
20
-3.76446
11
5.76514
21
-3.76452
0
LINE
8
BLACK
6
CONTINUOUS
10
5.76514
20
-3.76452
11
5.77827
21
-3.80389
0
LINE
8
BLACK
6
CONTINUOUS
10
5.77827
20
-3.80389
11
5.77842
21
-3.80491
0
LINE
8
BLACK
6
CONTINUOUS
10
5.77842
20
-3.80491
11
5.77768
21
-3.80679
0
LINE
8
BLACK
6
CONTINUOUS
10
5.77768
20
-3.80679
11
5.7759
21
-3.80775
0
LINE
8
BLACK
6
CONTINUOUS
10
5.7759
20
-3.80775
11
5.77392
21
-3.80734
0
LINE
8
BLACK
6
CONTINUOUS
10
5.77392
20
-3.80734
11
5.77267
21
-3.80576
0
LINE
8
BLACK
6
CONTINUOUS
10
5.77267
20
-3.80576
11
5.76959
21
-3.79653
0
LINE
8
BLACK
6
CONTINUOUS
10
5.76959
20
-3.79653
11
5.7551
21
-3.79653
0
LINE
8
BLACK
6
CONTINUOUS
10
5.7551
20
-3.79653
11
5.75202
21
-3.80576
0
LINE
8
BLACK
6
CONTINUOUS
10
5.75202
20
-3.80576
11
5.75153
21
-3.80666
0
LINE
8
BLACK
6
CONTINUOUS
10
5.75153
20
-3.80666
11
5.74981
21
-3.80772
0
LINE
8
BLACK
6
CONTINUOUS
10
5.74981
20
-3.80772
11
5.74781
21
-3.80742
0
LINE
8
BLACK
6
CONTINUOUS
10
5.74781
20
-3.80742
11
5.74647
21
-3.80591
0
LINE
8
BLACK
6
CONTINUOUS
10
5.74647
20
-3.80591
11
5.74642
21
-3.80389
0
LINE
8
BLACK
6
CONTINUOUS
10
5.74642
20
-3.80389
11
5.75954
21
-3.76452
0
LINE
8
BLACK
6
CONTINUOUS
10
5.75954
20
-3.76452
11
5.76003
21
-3.76362
0
LINE
8
BLACK
6
CONTINUOUS
10
5.76003
20
-3.76362
11
5.7601
21
-3.76358
0
LINE
8
BLACK
6
CONTINUOUS
10
5.7601
20
-3.76358
11
5.76013
21
-3.7635
0
LINE
8
BLACK
6
CONTINUOUS
10
5.76013
20
-3.7635
11
5.76096
21
-3.76305
0
LINE
8
BLACK
6
CONTINUOUS
10
5.76096
20
-3.76305
11
5.76175
21
-3.76256
0
LINE
8
BLACK
6
CONTINUOUS
10
5.76175
20
-3.76256
11
5.76184
21
-3.76258
0
LINE
8
BLACK
6
CONTINUOUS
10
5.76184
20
-3.76258
11
5.76191
21
-3.76254
0
LINE
8
BLACK
6
CONTINUOUS
10
5.76191
20
-3.76254
11
5.76283
21
-3.76272
0
LINE
8
BLACK
6
CONTINUOUS
10
5.75707
20
-3.79063
11
5.76762
21
-3.79063
0
LINE
8
BLACK
6
CONTINUOUS
10
5.76762
20
-3.79063
11
5.76234
21
-3.77479
0
LINE
8
BLACK
6
CONTINUOUS
10
5.76234
20
-3.77479
11
5.75707
21
-3.79063
0
LINE
8
BLACK
6
CONTINUOUS
10
6.50529
20
-3.17109
11
6.50541
21
-3.17107
0
LINE
8
BLACK
6
CONTINUOUS
10
6.50541
20
-3.17107
11
6.50553
21
-3.17113
0
LINE
8
BLACK
6
CONTINUOUS
10
6.50553
20
-3.17113
11
6.50591
21
-3.1712
0
LINE
8
BLACK
6
CONTINUOUS
10
6.50591
20
-3.1712
11
6.5065
21
-3.17169
0
LINE
8
BLACK
6
CONTINUOUS
10
6.5065
20
-3.17169
11
6.50716
21
-3.17208
0
LINE
8
BLACK
6
CONTINUOUS
10
6.50716
20
-3.17208
11
6.50725
21
-3.17233
0
LINE
8
BLACK
6
CONTINUOUS
10
6.50725
20
-3.17233
11
6.50746
21
-3.1725
0
LINE
8
BLACK
6
CONTINUOUS
10
6.50746
20
-3.1725
11
6.50759
21
-3.17326
0
LINE
8
BLACK
6
CONTINUOUS
10
6.50759
20
-3.17326
11
6.50785
21
-3.17398
0
LINE
8
BLACK
6
CONTINUOUS
10
6.50785
20
-3.17398
11
6.50785
21
-4.55193
0
LINE
8
BLACK
6
CONTINUOUS
10
6.50785
20
-4.55193
11
6.50779
21
-4.55231
0
LINE
8
BLACK
6
CONTINUOUS
10
6.50779
20
-4.55231
11
6.50781
21
-4.55244
0
LINE
8
BLACK
6
CONTINUOUS
10
6.50781
20
-4.55244
11
6.50774
21
-4.55256
0
LINE
8
BLACK
6
CONTINUOUS
10
6.50774
20
-4.55256
11
6.50768
21
-4.55294
0
LINE
8
BLACK
6
CONTINUOUS
10
6.50768
20
-4.55294
11
6.50718
21
-4.55353
0
LINE
8
BLACK
6
CONTINUOUS
10
6.50718
20
-4.55353
11
6.5068
21
-4.55419
0
LINE
8
BLACK
6
CONTINUOUS
10
6.5068
20
-4.55419
11
6.50655
21
-4.55428
0
LINE
8
BLACK
6
CONTINUOUS
10
6.50655
20
-4.55428
11
6.50638
21
-4.55449
0
LINE
8
BLACK
6
CONTINUOUS
10
6.50638
20
-4.55449
11
6.50562
21
-4.55462
0
LINE
8
BLACK
6
CONTINUOUS
10
6.50562
20
-4.55462
11
6.5049
21
-4.55488
0
LINE
8
BLACK
6
CONTINUOUS
10
6.5049
20
-4.55488
11
5.12695
21
-4.55488
0
LINE
8
BLACK
6
CONTINUOUS
10
5.12695
20
-4.55488
11
5.12657
21
-4.55481
0
LINE
8
BLACK
6
CONTINUOUS
10
5.12657
20
-4.55481
11
5.12644
21
-4.55484
0
LINE
8
BLACK
6
CONTINUOUS
10
5.12644
20
-4.55484
11
5.12632
21
-4.55477
0
LINE
8
BLACK
6
CONTINUOUS
10
5.12632
20
-4.55477
11
5.12594
21
-4.5547
0
LINE
8
BLACK
6
CONTINUOUS
10
5.12594
20
-4.5547
11
5.12535
21
-4.55421
0
LINE
8
BLACK
6
CONTINUOUS
10
5.12535
20
-4.55421
11
5.12469
21
-4.55383
0
LINE
8
BLACK
6
CONTINUOUS
10
5.12469
20
-4.55383
11
5.1246
21
-4.55358
0
LINE
8
BLACK
6
CONTINUOUS
10
5.1246
20
-4.55358
11
5.12439
21
-4.55341
0
LINE
8
BLACK
6
CONTINUOUS
10
5.12439
20
-4.55341
11
5.12426
21
-4.55265
0
LINE
8
BLACK
6
CONTINUOUS
10
5.12426
20
-4.55265
11
5.124
21
-4.55193
0
LINE
8
BLACK
6
CONTINUOUS
10
5.124
20
-4.55193
11
5.124
21
-3.17398
0
LINE
8
BLACK
6
CONTINUOUS
10
5.124
20
-3.17398
11
5.12406
21
-3.17359
0
LINE
8
BLACK
6
CONTINUOUS
10
5.12406
20
-3.17359
11
5.12404
21
-3.17346
0
LINE
8
BLACK
6
CONTINUOUS
10
5.12404
20
-3.17346
11
5.12411
21
-3.17335
0
LINE
8
BLACK
6
CONTINUOUS
10
5.12411
20
-3.17335
11
5.12417
21
-3.17297
0
LINE
8
BLACK
6
CONTINUOUS
10
5.12417
20
-3.17297
11
5.12467
21
-3.17238
0
LINE
8
BLACK
6
CONTINUOUS
10
5.12467
20
-3.17238
11
5.12505
21
-3.17171
0
LINE
8
BLACK
6
CONTINUOUS
10
5.12505
20
-3.17171
11
5.1253
21
-3.17162
0
LINE
8
BLACK
6
CONTINUOUS
10
5.1253
20
-3.17162
11
5.12547
21
-3.17142
0
LINE
8
BLACK
6
CONTINUOUS
10
5.12547
20
-3.17142
11
5.12623
21
-3.17129
0
LINE
8
BLACK
6
CONTINUOUS
10
5.12623
20
-3.17129
11
5.12695
21
-3.17102
0
LINE
8
BLACK
6
CONTINUOUS
10
5.12695
20
-3.17102
11
6.5049
21
-3.17102
0
LINE
8
BLACK
6
CONTINUOUS
10
6.5049
20
-3.17102
11
6.50529
21
-3.17109
0
LINE
8
BLACK
6
CONTINUOUS
10
5.1299
20
-3.17693
11
5.1299
21
-4.54898
0
LINE
8
BLACK
6
CONTINUOUS
10
5.1299
20
-4.54898
11
6.50195
21
-4.54898
0
LINE
8
BLACK
6
CONTINUOUS
10
6.50195
20
-4.54898
11
6.50195
21
-3.17693
0
LINE
8
BLACK
6
CONTINUOUS
10
6.50195
20
-3.17693
11
5.1299
21
-3.17693
0
LINE
8
BLACK
6
CONTINUOUS
10
6.69819
20
-4.47751
11
6.69914
21
-4.47757
0
LINE
8
BLACK
6
CONTINUOUS
10
6.69914
20
-4.47757
11
6.70758
21
-4.48038
0
LINE
8
BLACK
6
CONTINUOUS
10
6.70758
20
-4.48038
11
6.70871
21
-4.48113
0
LINE
8
BLACK
6
CONTINUOUS
10
6.70871
20
-4.48113
11
6.70989
21
-4.48181
0
LINE
8
BLACK
6
CONTINUOUS
10
6.70989
20
-4.48181
11
6.71551
21
-4.48743
0
LINE
8
BLACK
6
CONTINUOUS
10
6.71551
20
-4.48743
11
6.71619
21
-4.48861
0
LINE
8
BLACK
6
CONTINUOUS
10
6.71619
20
-4.48861
11
6.71694
21
-4.48974
0
LINE
8
BLACK
6
CONTINUOUS
10
6.71694
20
-4.48974
11
6.71975
21
-4.49818
0
LINE
8
BLACK
6
CONTINUOUS
10
6.71975
20
-4.49818
11
6.71981
21
-4.49913
0
LINE
8
BLACK
6
CONTINUOUS
10
6.71981
20
-4.49913
11
6.72005
21
-4.50004
0
LINE
8
BLACK
6
CONTINUOUS
10
6.72005
20
-4.50004
11
6.72005
21
-4.50567
0
LINE
8
BLACK
6
CONTINUOUS
10
6.72005
20
-4.50567
11
6.71926
21
-4.50862
0
LINE
8
BLACK
6
CONTINUOUS
10
6.71926
20
-4.50862
11
6.7171
21
-4.51078
0
LINE
8
BLACK
6
CONTINUOUS
10
6.7171
20
-4.51078
11
6.71415
21
-4.51157
0
LINE
8
BLACK
6
CONTINUOUS
10
6.71415
20
-4.51157
11
6.71119
21
-4.51078
0
LINE
8
BLACK
6
CONTINUOUS
10
6.71119
20
-4.51078
11
6.70903
21
-4.50862
0
LINE
8
BLACK
6
CONTINUOUS
10
6.70903
20
-4.50862
11
6.70824
21
-4.50567
0
LINE
8
BLACK
6
CONTINUOUS
10
6.70824
20
-4.50567
11
6.70824
21
-4.501
0
LINE
8
BLACK
6
CONTINUOUS
10
6.70824
20
-4.501
11
6.70617
21
-4.4948
0
LINE
8
BLACK
6
CONTINUOUS
10
6.70617
20
-4.4948
11
6.70252
21
-4.49115
0
LINE
8
BLACK
6
CONTINUOUS
10
6.70252
20
-4.49115
11
6.69632
21
-4.48908
0
LINE
8
BLACK
6
CONTINUOUS
10
6.69632
20
-4.48908
11
6.65509
21
-4.48908
0
LINE
8
BLACK
6
CONTINUOUS
10
6.65509
20
-4.48908
11
6.65214
21
-4.48829
0
LINE
8
BLACK
6
CONTINUOUS
10
6.65214
20
-4.48829
11
6.64998
21
-4.48612
0
LINE
8
BLACK
6
CONTINUOUS
10
6.64998
20
-4.48612
11
6.64919
21
-4.48317
0
LINE
8
BLACK
6
CONTINUOUS
10
6.64919
20
-4.48317
11
6.64998
21
-4.48022
0
LINE
8
BLACK
6
CONTINUOUS
10
6.64998
20
-4.48022
11
6.65214
21
-4.47806
0
LINE
8
BLACK
6
CONTINUOUS
10
6.65214
20
-4.47806
11
6.65509
21
-4.47727
0
LINE
8
BLACK
6
CONTINUOUS
10
6.65509
20
-4.47727
11
6.69727
21
-4.47727
0
LINE
8
BLACK
6
CONTINUOUS
10
6.69727
20
-4.47727
11
6.69819
21
-4.47751
0
LINE
8
BLACK
6
CONTINUOUS
10
6.71806
20
-4.4197
11
6.71975
21
-4.42225
0
LINE
8
BLACK
6
CONTINUOUS
10
6.71975
20
-4.42225
11
6.71993
21
-4.4253
0
LINE
8
BLACK
6
CONTINUOUS
10
6.71993
20
-4.4253
11
6.71857
21
-4.42804
0
LINE
8
BLACK
6
CONTINUOUS
10
6.71857
20
-4.42804
11
6.71601
21
-4.42972
0
LINE
8
BLACK
6
CONTINUOUS
10
6.71601
20
-4.42972
11
6.70318
21
-4.434
0
LINE
8
BLACK
6
CONTINUOUS
10
6.70318
20
-4.434
11
6.70318
21
-4.45361
0
LINE
8
BLACK
6
CONTINUOUS
10
6.70318
20
-4.45361
11
6.71601
21
-4.45788
0
LINE
8
BLACK
6
CONTINUOUS
10
6.71601
20
-4.45788
11
6.71857
21
-4.45957
0
LINE
8
BLACK
6
CONTINUOUS
10
6.71857
20
-4.45957
11
6.71993
21
-4.4623
0
LINE
8
BLACK
6
CONTINUOUS
10
6.71993
20
-4.4623
11
6.71975
21
-4.46535
0
LINE
8
BLACK
6
CONTINUOUS
10
6.71975
20
-4.46535
11
6.71806
21
-4.46791
0
LINE
8
BLACK
6
CONTINUOUS
10
6.71806
20
-4.46791
11
6.71533
21
-4.46927
0
LINE
8
BLACK
6
CONTINUOUS
10
6.71533
20
-4.46927
11
6.71228
21
-4.46909
0
LINE
8
BLACK
6
CONTINUOUS
10
6.71228
20
-4.46909
11
6.65322
21
-4.4494
0
LINE
8
BLACK
6
CONTINUOUS
10
6.65322
20
-4.4494
11
6.65223
21
-4.44875
0
LINE
8
BLACK
6
CONTINUOUS
10
6.65223
20
-4.44875
11
6.65117
21
-4.44822
0
LINE
8
BLACK
6
CONTINUOUS
10
6.65117
20
-4.44822
11
6.65097
21
-4.44792
0
LINE
8
BLACK
6
CONTINUOUS
10
6.65097
20
-4.44792
11
6.65067
21
-4.44772
0
LINE
8
BLACK
6
CONTINUOUS
10
6.65067
20
-4.44772
11
6.65014
21
-4.44666
0
LINE
8
BLACK
6
CONTINUOUS
10
6.65014
20
-4.44666
11
6.64949
21
-4.44567
0
LINE
8
BLACK
6
CONTINUOUS
10
6.64949
20
-4.44567
11
6.64947
21
-4.44531
0
LINE
8
BLACK
6
CONTINUOUS
10
6.64947
20
-4.44531
11
6.64931
21
-4.44499
0
LINE
8
BLACK
6
CONTINUOUS
10
6.64931
20
-4.44499
11
6.64938
21
-4.4438
0
LINE
8
BLACK
6
CONTINUOUS
10
6.64938
20
-4.4438
11
6.64931
21
-4.44262
0
LINE
8
BLACK
6
CONTINUOUS
10
6.64931
20
-4.44262
11
6.64947
21
-4.44229
0
LINE
8
BLACK
6
CONTINUOUS
10
6.64947
20
-4.44229
11
6.64949
21
-4.44193
0
LINE
8
BLACK
6
CONTINUOUS
10
6.64949
20
-4.44193
11
6.65014
21
-4.44094
0
LINE
8
BLACK
6
CONTINUOUS
10
6.65014
20
-4.44094
11
6.65067
21
-4.43988
0
LINE
8
BLACK
6
CONTINUOUS
10
6.65067
20
-4.43988
11
6.65097
21
-4.43968
0
LINE
8
BLACK
6
CONTINUOUS
10
6.65097
20
-4.43968
11
6.65117
21
-4.43938
0
LINE
8
BLACK
6
CONTINUOUS
10
6.65117
20
-4.43938
11
6.65223
21
-4.43885
0
LINE
8
BLACK
6
CONTINUOUS
10
6.65223
20
-4.43885
11
6.65322
21
-4.4382
0
LINE
8
BLACK
6
CONTINUOUS
10
6.65322
20
-4.4382
11
6.71228
21
-4.41851
0
LINE
8
BLACK
6
CONTINUOUS
10
6.71228
20
-4.41851
11
6.71533
21
-4.41833
0
LINE
8
BLACK
6
CONTINUOUS
10
6.71533
20
-4.41833
11
6.71806
21
-4.4197
0
LINE
8
BLACK
6
CONTINUOUS
10
6.67377
20
-4.4438
11
6.69137
21
-4.44967
0
LINE
8
BLACK
6
CONTINUOUS
10
6.69137
20
-4.44967
11
6.69137
21
-4.43793
0
LINE
8
BLACK
6
CONTINUOUS
10
6.69137
20
-4.43793
11
6.67377
21
-4.4438
0
LINE
8
BLACK
6
CONTINUOUS
10
6.56297
20
-4.41619
11
6.56513
21
-4.41835
0
LINE
8
BLACK
6
CONTINUOUS
10
6.56513
20
-4.41835
11
6.56592
21
-4.4213
0
LINE
8
BLACK
6
CONTINUOUS
10
6.56592
20
-4.4213
11
6.56592
21
-4.43227
0
LINE
8
BLACK
6
CONTINUOUS
10
6.56592
20
-4.43227
11
6.61907
21
-4.43227
0
LINE
8
BLACK
6
CONTINUOUS
10
6.61907
20
-4.43227
11
6.62202
21
-4.43306
0
LINE
8
BLACK
6
CONTINUOUS
10
6.62202
20
-4.43306
11
6.62418
21
-4.43522
0
LINE
8
BLACK
6
CONTINUOUS
10
6.62418
20
-4.43522
11
6.62497
21
-4.43818
0
LINE
8
BLACK
6
CONTINUOUS
10
6.62497
20
-4.43818
11
6.62418
21
-4.44113
0
LINE
8
BLACK
6
CONTINUOUS
10
6.62418
20
-4.44113
11
6.62202
21
-4.44329
0
LINE
8
BLACK
6
CONTINUOUS
10
6.62202
20
-4.44329
11
6.61907
21
-4.44408
0
LINE
8
BLACK
6
CONTINUOUS
10
6.61907
20
-4.44408
11
6.56592
21
-4.44408
0
LINE
8
BLACK
6
CONTINUOUS
10
6.56592
20
-4.44408
11
6.56592
21
-4.45505
0
LINE
8
BLACK
6
CONTINUOUS
10
6.56592
20
-4.45505
11
6.56513
21
-4.458
0
LINE
8
BLACK
6
CONTINUOUS
10
6.56513
20
-4.458
11
6.56297
21
-4.46016
0
LINE
8
BLACK
6
CONTINUOUS
10
6.56297
20
-4.46016
11
6.56001
21
-4.46096
0
LINE
8
BLACK
6
CONTINUOUS
10
6.56001
20
-4.46096
11
6.55706
21
-4.46016
0
LINE
8
BLACK
6
CONTINUOUS
10
6.55706
20
-4.46016
11
6.5549
21
-4.458
0
LINE
8
BLACK
6
CONTINUOUS
10
6.5549
20
-4.458
11
6.55411
21
-4.45505
0
LINE
8
BLACK
6
CONTINUOUS
10
6.55411
20
-4.45505
11
6.55411
21
-4.4213
0
LINE
8
BLACK
6
CONTINUOUS
10
6.55411
20
-4.4213
11
6.5549
21
-4.41835
0
LINE
8
BLACK
6
CONTINUOUS
10
6.5549
20
-4.41835
11
6.55706
21
-4.41619
0
LINE
8
BLACK
6
CONTINUOUS
10
6.55706
20
-4.41619
11
6.56001
21
-4.4154
0
LINE
8
BLACK
6
CONTINUOUS
10
6.56001
20
-4.4154
11
6.56297
21
-4.41619
0
LINE
8
BLACK
6
CONTINUOUS
10
6.66489
20
-4.36651
11
6.66642
21
-4.36916
0
LINE
8
BLACK
6
CONTINUOUS
10
6.66642
20
-4.36916
11
6.66642
21
-4.37221
0
LINE
8
BLACK
6
CONTINUOUS
10
6.66642
20
-4.37221
11
6.66489
21
-4.37486
0
LINE
8
BLACK
6
CONTINUOUS
10
6.66489
20
-4.37486
11
6.66307
21
-4.37669
0
LINE
8
BLACK
6
CONTINUOUS
10
6.66307
20
-4.37669
11
6.661
21
-4.38289
0
LINE
8
BLACK
6
CONTINUOUS
10
6.661
20
-4.38289
11
6.661
21
-4.3866
0
LINE
8
BLACK
6
CONTINUOUS
10
6.661
20
-4.3866
11
6.66307
21
-4.39281
0
LINE
8
BLACK
6
CONTINUOUS
10
6.66307
20
-4.39281
11
6.66703
21
-4.39677
0
LINE
8
BLACK
6
CONTINUOUS
10
6.66703
20
-4.39677
11
6.67121
21
-4.39886
0
LINE
8
BLACK
6
CONTINUOUS
10
6.67121
20
-4.39886
11
6.68113
21
-4.40134
0
LINE
8
BLACK
6
CONTINUOUS
10
6.68113
20
-4.40134
11
6.68811
21
-4.40134
0
LINE
8
BLACK
6
CONTINUOUS
10
6.68811
20
-4.40134
11
6.69802
21
-4.39886
0
LINE
8
BLACK
6
CONTINUOUS
10
6.69802
20
-4.39886
11
6.70221
21
-4.39677
0
LINE
8
BLACK
6
CONTINUOUS
10
6.70221
20
-4.39677
11
6.70617
21
-4.39281
0
LINE
8
BLACK
6
CONTINUOUS
10
6.70617
20
-4.39281
11
6.70824
21
-4.3866
0
LINE
8
BLACK
6
CONTINUOUS
10
6.70824
20
-4.3866
11
6.70824
21
-4.38289
0
LINE
8
BLACK
6
CONTINUOUS
10
6.70824
20
-4.38289
11
6.70617
21
-4.37669
0
LINE
8
BLACK
6
CONTINUOUS
10
6.70617
20
-4.37669
11
6.70435
21
-4.37486
0
LINE
8
BLACK
6
CONTINUOUS
10
6.70435
20
-4.37486
11
6.70282
21
-4.37221
0
LINE
8
BLACK
6
CONTINUOUS
10
6.70282
20
-4.37221
11
6.70282
21
-4.36916
0
LINE
8
BLACK
6
CONTINUOUS
10
6.70282
20
-4.36916
11
6.70435
21
-4.36651
0
LINE
8
BLACK
6
CONTINUOUS
10
6.70435
20
-4.36651
11
6.70699
21
-4.36498
0
LINE
8
BLACK
6
CONTINUOUS
10
6.70699
20
-4.36498
11
6.71005
21
-4.36498
0
LINE
8
BLACK
6
CONTINUOUS
10
6.71005
20
-4.36498
11
6.7127
21
-4.36651
0
LINE
8
BLACK
6
CONTINUOUS
10
6.7127
20
-4.36651
11
6.71551
21
-4.36932
0
LINE
8
BLACK
6
CONTINUOUS
10
6.71551
20
-4.36932
11
6.71619
21
-4.3705
0
LINE
8
BLACK
6
CONTINUOUS
10
6.71619
20
-4.3705
11
6.71694
21
-4.37163
0
LINE
8
BLACK
6
CONTINUOUS
10
6.71694
20
-4.37163
11
6.71975
21
-4.38007
0
LINE
8
BLACK
6
CONTINUOUS
10
6.71975
20
-4.38007
11
6.71981
21
-4.38102
0
LINE
8
BLACK
6
CONTINUOUS
10
6.71981
20
-4.38102
11
6.72005
21
-4.38193
0
LINE
8
BLACK
6
CONTINUOUS
10
6.72005
20
-4.38193
11
6.72005
21
-4.38756
0
LINE
8
BLACK
6
CONTINUOUS
10
6.72005
20
-4.38756
11
6.71981
21
-4.38848
0
LINE
8
BLACK
6
CONTINUOUS
10
6.71981
20
-4.38848
11
6.71975
21
-4.38943
0
LINE
8
BLACK
6
CONTINUOUS
10
6.71975
20
-4.38943
11
6.71694
21
-4.39786
0
LINE
8
BLACK
6
CONTINUOUS
10
6.71694
20
-4.39786
11
6.71619
21
-4.399
0
LINE
8
BLACK
6
CONTINUOUS
10
6.71619
20
-4.399
11
6.71551
21
-4.40017
0
LINE
8
BLACK
6
CONTINUOUS
10
6.71551
20
-4.40017
11
6.70989
21
-4.4058
0
LINE
8
BLACK
6
CONTINUOUS
10
6.70989
20
-4.4058
11
6.70906
21
-4.40627
0
LINE
8
BLACK
6
CONTINUOUS
10
6.70906
20
-4.40627
11
6.70835
21
-4.4069
0
LINE
8
BLACK
6
CONTINUOUS
10
6.70835
20
-4.4069
11
6.70273
21
-4.40971
0
LINE
8
BLACK
6
CONTINUOUS
10
6.70273
20
-4.40971
11
6.70209
21
-4.40984
0
LINE
8
BLACK
6
CONTINUOUS
10
6.70209
20
-4.40984
11
6.70152
21
-4.41016
0
LINE
8
BLACK
6
CONTINUOUS
10
6.70152
20
-4.41016
11
6.69027
21
-4.41297
0
LINE
8
BLACK
6
CONTINUOUS
10
6.69027
20
-4.41297
11
6.68954
21
-4.41296
0
LINE
8
BLACK
6
CONTINUOUS
10
6.68954
20
-4.41296
11
6.68884
21
-4.41315
0
LINE
8
BLACK
6
CONTINUOUS
10
6.68884
20
-4.41315
11
6.6804
21
-4.41315
0
LINE
8
BLACK
6
CONTINUOUS
10
6.6804
20
-4.41315
11
6.6797
21
-4.41296
0
LINE
8
BLACK
6
CONTINUOUS
10
6.6797
20
-4.41296
11
6.67897
21
-4.41297
0
LINE
8
BLACK
6
CONTINUOUS
10
6.67897
20
-4.41297
11
6.66772
21
-4.41016
0
LINE
8
BLACK
6
CONTINUOUS
10
6.66772
20
-4.41016
11
6.66715
21
-4.40984
0
LINE
8
BLACK
6
CONTINUOUS
10
6.66715
20
-4.40984
11
6.66651
21
-4.40971
0
LINE
8
BLACK
6
CONTINUOUS
10
6.66651
20
-4.40971
11
6.66089
21
-4.4069
0
LINE
8
BLACK
6
CONTINUOUS
10
6.66089
20
-4.4069
11
6.66018
21
-4.40627
0
LINE
8
BLACK
6
CONTINUOUS
10
6.66018
20
-4.40627
11
6.65935
21
-4.4058
0
LINE
8
BLACK
6
CONTINUOUS
10
6.65935
20
-4.4058
11
6.65373
21
-4.40017
0
LINE
8
BLACK
6
CONTINUOUS
10
6.65373
20
-4.40017
11
6.65305
21
-4.399
0
LINE
8
BLACK
6
CONTINUOUS
10
6.65305
20
-4.399
11
6.6523
21
-4.39786
0
LINE
8
BLACK
6
CONTINUOUS
10
6.6523
20
-4.39786
11
6.64949
21
-4.38943
0
LINE
8
BLACK
6
CONTINUOUS
10
6.64949
20
-4.38943
11
6.64943
21
-4.38848
0
LINE
8
BLACK
6
CONTINUOUS
10
6.64943
20
-4.38848
11
6.64919
21
-4.38756
0
LINE
8
BLACK
6
CONTINUOUS
10
6.64919
20
-4.38756
11
6.64919
21
-4.38193
0
LINE
8
BLACK
6
CONTINUOUS
10
6.64919
20
-4.38193
11
6.64943
21
-4.38102
0
LINE
8
BLACK
6
CONTINUOUS
10
6.64943
20
-4.38102
11
6.64949
21
-4.38007
0
LINE
8
BLACK
6
CONTINUOUS
10
6.64949
20
-4.38007
11
6.6523
21
-4.37163
0
LINE
8
BLACK
6
CONTINUOUS
10
6.6523
20
-4.37163
11
6.65305
21
-4.3705
0
LINE
8
BLACK
6
CONTINUOUS
10
6.65305
20
-4.3705
11
6.65373
21
-4.36932
0
LINE
8
BLACK
6
CONTINUOUS
10
6.65373
20
-4.36932
11
6.65654
21
-4.36651
0
LINE
8
BLACK
6
CONTINUOUS
10
6.65654
20
-4.36651
11
6.65919
21
-4.36498
0
LINE
8
BLACK
6
CONTINUOUS
10
6.65919
20
-4.36498
11
6.66224
21
-4.36498
0
LINE
8
BLACK
6
CONTINUOUS
10
6.66224
20
-4.36498
11
6.66489
21
-4.36651
0
LINE
8
BLACK
6
CONTINUOUS
10
6.56297
20
-4.36838
11
6.56513
21
-4.37055
0
LINE
8
BLACK
6
CONTINUOUS
10
6.56513
20
-4.37055
11
6.56592
21
-4.3735
0
LINE
8
BLACK
6
CONTINUOUS
10
6.56592
20
-4.3735
11
6.56592
21
-4.39571
0
LINE
8
BLACK
6
CONTINUOUS
10
6.56592
20
-4.39571
11
6.58223
21
-4.39571
0
LINE
8
BLACK
6
CONTINUOUS
10
6.58223
20
-4.39571
11
6.58223
21
-4.38193
0
LINE
8
BLACK
6
CONTINUOUS
10
6.58223
20
-4.38193
11
6.58302
21
-4.37898
0
LINE
8
BLACK
6
CONTINUOUS
10
6.58302
20
-4.37898
11
6.58518
21
-4.37682
0
LINE
8
BLACK
6
CONTINUOUS
10
6.58518
20
-4.37682
11
6.58813
21
-4.37603
0
LINE
8
BLACK
6
CONTINUOUS
10
6.58813
20
-4.37603
11
6.59109
21
-4.37682
0
LINE
8
BLACK
6
CONTINUOUS
10
6.59109
20
-4.37682
11
6.59325
21
-4.37898
0
LINE
8
BLACK
6
CONTINUOUS
10
6.59325
20
-4.37898
11
6.59404
21
-4.38193
0
LINE
8
BLACK
6
CONTINUOUS
10
6.59404
20
-4.38193
11
6.59404
21
-4.39571
0
LINE
8
BLACK
6
CONTINUOUS
10
6.59404
20
-4.39571
11
6.61907
21
-4.39571
0
LINE
8
BLACK
6
CONTINUOUS
10
6.61907
20
-4.39571
11
6.62202
21
-4.39651
0
LINE
8
BLACK
6
CONTINUOUS
10
6.62202
20
-4.39651
11
6.62418
21
-4.39867
0
LINE
8
BLACK
6
CONTINUOUS
10
6.62418
20
-4.39867
11
6.62497
21
-4.40162
0
LINE
8
BLACK
6
CONTINUOUS
10
6.62497
20
-4.40162
11
6.62418
21
-4.40457
0
LINE
8
BLACK
6
CONTINUOUS
10
6.62418
20
-4.40457
11
6.62202
21
-4.40673
0
LINE
8
BLACK
6
CONTINUOUS
10
6.62202
20
-4.40673
11
6.61907
21
-4.40753
0
LINE
8
BLACK
6
CONTINUOUS
10
6.61907
20
-4.40753
11
6.58813
21
-4.40753
0
LINE
8
BLACK
6
CONTINUOUS
10
6.58813
20
-4.40753
11
6.56001
21
-4.40753
0
LINE
8
BLACK
6
CONTINUOUS
10
6.56001
20
-4.40753
11
6.55706
21
-4.40673
0
LINE
8
BLACK
6
CONTINUOUS
10
6.55706
20
-4.40673
11
6.5549
21
-4.40457
0
LINE
8
BLACK
6
CONTINUOUS
10
6.5549
20
-4.40457
11
6.55411
21
-4.40162
0
LINE
8
BLACK
6
CONTINUOUS
10
6.55411
20
-4.40162
11
6.55411
21
-4.3735
0
LINE
8
BLACK
6
CONTINUOUS
10
6.55411
20
-4.3735
11
6.5549
21
-4.37055
0
LINE
8
BLACK
6
CONTINUOUS
10
6.5549
20
-4.37055
11
6.55706
21
-4.36838
0
LINE
8
BLACK
6
CONTINUOUS
10
6.55706
20
-4.36838
11
6.56001
21
-4.36759
0
LINE
8
BLACK
6
CONTINUOUS
10
6.56001
20
-4.36759
11
6.56297
21
-4.36838
0
LINE
8
BLACK
6
CONTINUOUS
10
6.61419
20
-4.31155
11
6.61497
21
-4.31155
0
LINE
8
BLACK
6
CONTINUOUS
10
6.61497
20
-4.31155
11
6.61565
21
-4.31194
0
LINE
8
BLACK
6
CONTINUOUS
10
6.61565
20
-4.31194
11
6.6164
21
-4.31214
0
LINE
8
BLACK
6
CONTINUOUS
10
6.6164
20
-4.31214
11
6.61695
21
-4.31269
0
LINE
8
BLACK
6
CONTINUOUS
10
6.61695
20
-4.31269
11
6.61762
21
-4.31308
0
LINE
8
BLACK
6
CONTINUOUS
10
6.61762
20
-4.31308
11
6.62043
21
-4.31589
0
LINE
8
BLACK
6
CONTINUOUS
10
6.62043
20
-4.31589
11
6.62111
21
-4.31707
0
LINE
8
BLACK
6
CONTINUOUS
10
6.62111
20
-4.31707
11
6.62186
21
-4.3182
0
LINE
8
BLACK
6
CONTINUOUS
10
6.62186
20
-4.3182
11
6.62467
21
-4.32664
0
LINE
8
BLACK
6
CONTINUOUS
10
6.62467
20
-4.32664
11
6.62473
21
-4.32759
0
LINE
8
BLACK
6
CONTINUOUS
10
6.62473
20
-4.32759
11
6.62497
21
-4.3285
0
LINE
8
BLACK
6
CONTINUOUS
10
6.62497
20
-4.3285
11
6.62497
21
-4.33413
0
LINE
8
BLACK
6
CONTINUOUS
10
6.62497
20
-4.33413
11
6.62473
21
-4.33505
0
LINE
8
BLACK
6
CONTINUOUS
10
6.62473
20
-4.33505
11
6.62467
21
-4.336
0
LINE
8
BLACK
6
CONTINUOUS
10
6.62467
20
-4.336
11
6.62186
21
-4.34443
0
LINE
8
BLACK
6
CONTINUOUS
10
6.62186
20
-4.34443
11
6.62111
21
-4.34556
0
LINE
8
BLACK
6
CONTINUOUS
10
6.62111
20
-4.34556
11
6.62043
21
-4.34674
0
LINE
8
BLACK
6
CONTINUOUS
10
6.62043
20
-4.34674
11
6.61481
21
-4.35236
0
LINE
8
BLACK
6
CONTINUOUS
10
6.61481
20
-4.35236
11
6.61398
21
-4.35284
0
LINE
8
BLACK
6
CONTINUOUS
10
6.61398
20
-4.35284
11
6.61327
21
-4.35347
0
LINE
8
BLACK
6
CONTINUOUS
10
6.61327
20
-4.35347
11
6.60765
21
-4.35628
0
LINE
8
BLACK
6
CONTINUOUS
10
6.60765
20
-4.35628
11
6.60701
21
-4.35641
0
LINE
8
BLACK
6
CONTINUOUS
10
6.60701
20
-4.35641
11
6.60644
21
-4.35673
0
LINE
8
BLACK
6
CONTINUOUS
10
6.60644
20
-4.35673
11
6.59519
21
-4.35954
0
LINE
8
BLACK
6
CONTINUOUS
10
6.59519
20
-4.35954
11
6.59446
21
-4.35953
0
LINE
8
BLACK
6
CONTINUOUS
10
6.59446
20
-4.35953
11
6.59376
21
-4.35972
0
LINE
8
BLACK
6
CONTINUOUS
10
6.59376
20
-4.35972
11
6.58532
21
-4.35972
0
LINE
8
BLACK
6
CONTINUOUS
10
6.58532
20
-4.35972
11
6.58462
21
-4.35953
0
LINE
8
BLACK
6
CONTINUOUS
10
6.58462
20
-4.35953
11
6.58389
21
-4.35954
0
LINE
8
BLACK
6
CONTINUOUS
10
6.58389
20
-4.35954
11
6.57264
21
-4.35673
0
LINE
8
BLACK
6
CONTINUOUS
10
6.57264
20
-4.35673
11
6.57207
21
-4.35641
0
LINE
8
BLACK
6
CONTINUOUS
10
6.57207
20
-4.35641
11
6.57143
21
-4.35628
0
LINE
8
BLACK
6
CONTINUOUS
10
6.57143
20
-4.35628
11
6.56581
21
-4.35347
0
LINE
8
BLACK
6
CONTINUOUS
10
6.56581
20
-4.35347
11
6.5651
21
-4.35284
0
LINE
8
BLACK
6
CONTINUOUS
10
6.5651
20
-4.35284
11
6.56427
21
-4.35236
0
LINE
8
BLACK
6
CONTINUOUS
10
6.56427
20
-4.35236
11
6.55865
21
-4.34674
0
LINE
8
BLACK
6
CONTINUOUS
10
6.55865
20
-4.34674
11
6.55797
21
-4.34556
0
LINE
8
BLACK
6
CONTINUOUS
10
6.55797
20
-4.34556
11
6.55722
21
-4.34443
0
LINE
8
BLACK
6
CONTINUOUS
10
6.55722
20
-4.34443
11
6.55441
21
-4.336
0
LINE
8
BLACK
6
CONTINUOUS
10
6.55441
20
-4.336
11
6.55435
21
-4.33505
0
LINE
8
BLACK
6
CONTINUOUS
10
6.55435
20
-4.33505
11
6.55411
21
-4.33413
0
LINE
8
BLACK
6
CONTINUOUS
10
6.55411
20
-4.33413
11
6.55411
21
-4.32569
0
LINE
8
BLACK
6
CONTINUOUS
10
6.55411
20
-4.32569
11
6.55446
21
-4.32438
0
LINE
8
BLACK
6
CONTINUOUS
10
6.55446
20
-4.32438
11
6.55473
21
-4.32305
0
LINE
8
BLACK
6
CONTINUOUS
10
6.55473
20
-4.32305
11
6.55754
21
-4.31743
0
LINE
8
BLACK
6
CONTINUOUS
10
6.55754
20
-4.31743
11
6.55957
21
-4.31514
0
LINE
8
BLACK
6
CONTINUOUS
10
6.55957
20
-4.31514
11
6.56247
21
-4.31417
0
LINE
8
BLACK
6
CONTINUOUS
10
6.56247
20
-4.31417
11
6.56547
21
-4.31479
0
LINE
8
BLACK
6
CONTINUOUS
10
6.56547
20
-4.31479
11
6.56775
21
-4.31681
0
LINE
8
BLACK
6
CONTINUOUS
10
6.56775
20
-4.31681
11
6.56872
21
-4.31971
0
LINE
8
BLACK
6
CONTINUOUS
10
6.56872
20
-4.31971
11
6.56811
21
-4.32271
0
LINE
8
BLACK
6
CONTINUOUS
10
6.56811
20
-4.32271
11
6.56592
21
-4.32709
0
LINE
8
BLACK
6
CONTINUOUS
10
6.56592
20
-4.32709
11
6.56592
21
-4.33317
0
LINE
8
BLACK
6
CONTINUOUS
10
6.56592
20
-4.33317
11
6.56799
21
-4.33937
0
LINE
8
BLACK
6
CONTINUOUS
10
6.56799
20
-4.33937
11
6.57195
21
-4.34334
0
LINE
8
BLACK
6
CONTINUOUS
10
6.57195
20
-4.34334
11
6.57613
21
-4.34543
0
LINE
8
BLACK
6
CONTINUOUS
10
6.57613
20
-4.34543
11
6.58605
21
-4.34791
0
LINE
8
BLACK
6
CONTINUOUS
10
6.58605
20
-4.34791
11
6.59303
21
-4.34791
0
LINE
8
BLACK
6
CONTINUOUS
10
6.59303
20
-4.34791
11
6.60295
21
-4.34543
0
LINE
8
BLACK
6
CONTINUOUS
10
6.60295
20
-4.34543
11
6.60713
21
-4.34334
0
LINE
8
BLACK
6
CONTINUOUS
10
6.60713
20
-4.34334
11
6.61109
21
-4.33937
0
LINE
8
BLACK
6
CONTINUOUS
10
6.61109
20
-4.33937
11
6.61316
21
-4.33317
0
LINE
8
BLACK
6
CONTINUOUS
10
6.61316
20
-4.33317
11
6.61316
21
-4.32946
0
LINE
8
BLACK
6
CONTINUOUS
10
6.61316
20
-4.32946
11
6.61109
21
-4.32326
0
LINE
8
BLACK
6
CONTINUOUS
10
6.61109
20
-4.32326
11
6.611
21
-4.32316
0
LINE
8
BLACK
6
CONTINUOUS
10
6.611
20
-4.32316
11
6.59966
21
-4.32316
0
LINE
8
BLACK
6
CONTINUOUS
10
6.59966
20
-4.32316
11
6.59966
21
-4.3285
0
LINE
8
BLACK
6
CONTINUOUS
10
6.59966
20
-4.3285
11
6.59887
21
-4.33146
0
LINE
8
BLACK
6
CONTINUOUS
10
6.59887
20
-4.33146
11
6.59671
21
-4.33362
0
LINE
8
BLACK
6
CONTINUOUS
10
6.59671
20
-4.33362
11
6.59376
21
-4.33441
0
LINE
8
BLACK
6
CONTINUOUS
10
6.59376
20
-4.33441
11
6.59081
21
-4.33362
0
LINE
8
BLACK
6
CONTINUOUS
10
6.59081
20
-4.33362
11
6.58864
21
-4.33146
0
LINE
8
BLACK
6
CONTINUOUS
10
6.58864
20
-4.33146
11
6.58785
21
-4.3285
0
LINE
8
BLACK
6
CONTINUOUS
10
6.58785
20
-4.3285
11
6.58785
21
-4.31726
0
LINE
8
BLACK
6
CONTINUOUS
10
6.58785
20
-4.31726
11
6.58864
21
-4.3143
0
LINE
8
BLACK
6
CONTINUOUS
10
6.58864
20
-4.3143
11
6.59081
21
-4.31214
0
LINE
8
BLACK
6
CONTINUOUS
10
6.59081
20
-4.31214
11
6.59376
21
-4.31135
0
LINE
8
BLACK
6
CONTINUOUS
10
6.59376
20
-4.31135
11
6.61344
21
-4.31135
0
LINE
8
BLACK
6
CONTINUOUS
10
6.61344
20
-4.31135
11
6.61419
21
-4.31155
0
LINE
8
BLACK
6
CONTINUOUS
10
6.7171
20
-4.30652
11
6.71926
21
-4.30868
0
LINE
8
BLACK
6
CONTINUOUS
10
6.71926
20
-4.30868
11
6.72005
21
-4.31163
0
LINE
8
BLACK
6
CONTINUOUS
10
6.72005
20
-4.31163
11
6.71926
21
-4.31458
0
LINE
8
BLACK
6
CONTINUOUS
10
6.71926
20
-4.31458
11
6.7171
21
-4.31675
0
LINE
8
BLACK
6
CONTINUOUS
10
6.7171
20
-4.31675
11
6.71415
21
-4.31754
0
LINE
8
BLACK
6
CONTINUOUS
10
6.71415
20
-4.31754
11
6.68912
21
-4.31754
0
LINE
8
BLACK
6
CONTINUOUS
10
6.68912
20
-4.31754
11
6.68912
21
-4.33947
0
LINE
8
BLACK
6
CONTINUOUS
10
6.68912
20
-4.33947
11
6.71415
21
-4.33947
0
LINE
8
BLACK
6
CONTINUOUS
10
6.71415
20
-4.33947
11
6.7171
21
-4.34026
0
LINE
8
BLACK
6
CONTINUOUS
10
6.7171
20
-4.34026
11
6.71926
21
-4.34242
0
LINE
8
BLACK
6
CONTINUOUS
10
6.71926
20
-4.34242
11
6.72005
21
-4.34538
0
LINE
8
BLACK
6
CONTINUOUS
10
6.72005
20
-4.34538
11
6.71926
21
-4.34833
0
LINE
8
BLACK
6
CONTINUOUS
10
6.71926
20
-4.34833
11
6.7171
21
-4.35049
0
LINE
8
BLACK
6
CONTINUOUS
10
6.7171
20
-4.35049
11
6.71415
21
-4.35128
0
LINE
8
BLACK
6
CONTINUOUS
10
6.71415
20
-4.35128
11
6.68321
21
-4.35128
0
LINE
8
BLACK
6
CONTINUOUS
10
6.68321
20
-4.35128
11
6.65509
21
-4.35128
0
LINE
8
BLACK
6
CONTINUOUS
10
6.65509
20
-4.35128
11
6.65214
21
-4.35049
0
LINE
8
BLACK
6
CONTINUOUS
10
6.65214
20
-4.35049
11
6.64998
21
-4.34833
0
LINE
8
BLACK
6
CONTINUOUS
10
6.64998
20
-4.34833
11
6.64919
21
-4.34538
0
LINE
8
BLACK
6
CONTINUOUS
10
6.64919
20
-4.34538
11
6.64998
21
-4.34242
0
LINE
8
BLACK
6
CONTINUOUS
10
6.64998
20
-4.34242
11
6.65214
21
-4.34026
0
LINE
8
BLACK
6
CONTINUOUS
10
6.65214
20
-4.34026
11
6.65509
21
-4.33947
0
LINE
8
BLACK
6
CONTINUOUS
10
6.65509
20
-4.33947
11
6.67731
21
-4.33947
0
LINE
8
BLACK
6
CONTINUOUS
10
6.67731
20
-4.33947
11
6.67731
21
-4.31754
0
LINE
8
BLACK
6
CONTINUOUS
10
6.67731
20
-4.31754
11
6.65509
21
-4.31754
0
LINE
8
BLACK
6
CONTINUOUS
10
6.65509
20
-4.31754
11
6.65214
21
-4.31675
0
LINE
8
BLACK
6
CONTINUOUS
10
6.65214
20
-4.31675
11
6.64998
21
-4.31458
0
LINE
8
BLACK
6
CONTINUOUS
10
6.64998
20
-4.31458
11
6.64919
21
-4.31163
0
LINE
8
BLACK
6
CONTINUOUS
10
6.64919
20
-4.31163
11
6.64998
21
-4.30868
0
LINE
8
BLACK
6
CONTINUOUS
10
6.64998
20
-4.30868
11
6.65214
21
-4.30652
0
LINE
8
BLACK
6
CONTINUOUS
10
6.65214
20
-4.30652
11
6.65509
21
-4.30573
0
LINE
8
BLACK
6
CONTINUOUS
10
6.65509
20
-4.30573
11
6.71415
21
-4.30573
0
LINE
8
BLACK
6
CONTINUOUS
10
6.71415
20
-4.30573
11
6.7171
21
-4.30652
0
LINE
8
BLACK
6
CONTINUOUS
10
6.58101
20
-4.25265
11
6.58234
21
-4.25292
0
LINE
8
BLACK
6
CONTINUOUS
10
6.58234
20
-4.25292
11
6.58796
21
-4.25573
0
LINE
8
BLACK
6
CONTINUOUS
10
6.58796
20
-4.25573
11
6.58867
21
-4.25636
0
LINE
8
BLACK
6
CONTINUOUS
10
6.58867
20
-4.25636
11
6.5895
21
-4.25684
0
LINE
8
BLACK
6
CONTINUOUS
10
6.5895
20
-4.25684
11
6.59231
21
-4.25965
0
LINE
8
BLACK
6
CONTINUOUS
10
6.59231
20
-4.25965
11
6.59279
21
-4.26047
0
LINE
8
BLACK
6
CONTINUOUS
10
6.59279
20
-4.26047
11
6.59342
21
-4.26118
0
LINE
8
BLACK
6
CONTINUOUS
10
6.59342
20
-4.26118
11
6.59623
21
-4.26681
0
LINE
8
BLACK
6
CONTINUOUS
10
6.59623
20
-4.26681
11
6.5965
21
-4.26814
0
LINE
8
BLACK
6
CONTINUOUS
10
6.5965
20
-4.26814
11
6.59685
21
-4.26945
0
LINE
8
BLACK
6
CONTINUOUS
10
6.59685
20
-4.26945
11
6.59685
21
-4.28604
0
LINE
8
BLACK
6
CONTINUOUS
10
6.59685
20
-4.28604
11
6.61907
21
-4.28604
0
LINE
8
BLACK
6
CONTINUOUS
10
6.61907
20
-4.28604
11
6.62202
21
-4.28683
0
LINE
8
BLACK
6
CONTINUOUS
10
6.62202
20
-4.28683
11
6.62418
21
-4.28899
0
LINE
8
BLACK
6
CONTINUOUS
10
6.62418
20
-4.28899
11
6.62497
21
-4.29195
0
LINE
8
BLACK
6
CONTINUOUS
10
6.62497
20
-4.29195
11
6.62418
21
-4.2949
0
LINE
8
BLACK
6
CONTINUOUS
10
6.62418
20
-4.2949
11
6.62202
21
-4.29706
0
LINE
8
BLACK
6
CONTINUOUS
10
6.62202
20
-4.29706
11
6.61907
21
-4.29785
0
LINE
8
BLACK
6
CONTINUOUS
10
6.61907
20
-4.29785
11
6.59095
21
-4.29785
0
LINE
8
BLACK
6
CONTINUOUS
10
6.59095
20
-4.29785
11
6.56001
21
-4.29785
0
LINE
8
BLACK
6
CONTINUOUS
10
6.56001
20
-4.29785
11
6.55706
21
-4.29706
0
LINE
8
BLACK
6
CONTINUOUS
10
6.55706
20
-4.29706
11
6.5549
21
-4.2949
0
LINE
8
BLACK
6
CONTINUOUS
10
6.5549
20
-4.2949
11
6.55411
21
-4.29195
0
LINE
8
BLACK
6
CONTINUOUS
10
6.55411
20
-4.29195
11
6.55411
21
-4.26945
0
LINE
8
BLACK
6
CONTINUOUS
10
6.55411
20
-4.26945
11
6.55446
21
-4.26814
0
LINE
8
BLACK
6
CONTINUOUS
10
6.55446
20
-4.26814
11
6.55473
21
-4.26681
0
LINE
8
BLACK
6
CONTINUOUS
10
6.55473
20
-4.26681
11
6.55754
21
-4.26118
0
LINE
8
BLACK
6
CONTINUOUS
10
6.55754
20
-4.26118
11
6.55817
21
-4.26047
0
LINE
8
BLACK
6
CONTINUOUS
10
6.55817
20
-4.26047
11
6.55865
21
-4.25965
0
LINE
8
BLACK
6
CONTINUOUS
10
6.55865
20
-4.25965
11
6.56146
21
-4.25684
0
LINE
8
BLACK
6
CONTINUOUS
10
6.56146
20
-4.25684
11
6.56228
21
-4.25636
0
LINE
8
BLACK
6
CONTINUOUS
10
6.56228
20
-4.25636
11
6.563
21
-4.25573
0
LINE
8
BLACK
6
CONTINUOUS
10
6.563
20
-4.25573
11
6.56862
21
-4.25292
0
LINE
8
BLACK
6
CONTINUOUS
10
6.56862
20
-4.25292
11
6.56995
21
-4.25265
0
LINE
8
BLACK
6
CONTINUOUS
10
6.56995
20
-4.25265
11
6.57126
21
-4.25229
0
LINE
8
BLACK
6
CONTINUOUS
10
6.57126
20
-4.25229
11
6.5797
21
-4.25229
0
LINE
8
BLACK
6
CONTINUOUS
10
6.5797
20
-4.25229
11
6.58101
21
-4.25265
0
LINE
8
BLACK
6
CONTINUOUS
10
6.56914
20
-4.26587
11
6.56768
21
-4.26732
0
LINE
8
BLACK
6
CONTINUOUS
10
6.56768
20
-4.26732
11
6.56592
21
-4.27084
0
LINE
8
BLACK
6
CONTINUOUS
10
6.56592
20
-4.27084
11
6.56592
21
-4.28604
0
LINE
8
BLACK
6
CONTINUOUS
10
6.56592
20
-4.28604
11
6.58504
21
-4.28604
0
LINE
8
BLACK
6
CONTINUOUS
10
6.58504
20
-4.28604
11
6.58504
21
-4.27084
0
LINE
8
BLACK
6
CONTINUOUS
10
6.58504
20
-4.27084
11
6.58328
21
-4.26732
0
LINE
8
BLACK
6
CONTINUOUS
10
6.58328
20
-4.26732
11
6.58182
21
-4.26587
0
LINE
8
BLACK
6
CONTINUOUS
10
6.58182
20
-4.26587
11
6.5783
21
-4.26411
0
LINE
8
BLACK
6
CONTINUOUS
10
6.5783
20
-4.26411
11
6.57266
21
-4.26411
0
LINE
8
BLACK
6
CONTINUOUS
10
6.57266
20
-4.26411
11
6.56914
21
-4.26587
0
LINE
8
BLACK
6
CONTINUOUS
10
6.69517
20
-4.24123
11
6.69589
21
-4.24122
0
LINE
8
BLACK
6
CONTINUOUS
10
6.69589
20
-4.24122
11
6.70714
21
-4.24403
0
LINE
8
BLACK
6
CONTINUOUS
10
6.70714
20
-4.24403
11
6.70719
21
-4.24406
0
LINE
8
BLACK
6
CONTINUOUS
10
6.70719
20
-4.24406
11
6.70724
21
-4.24406
0
LINE
8
BLACK
6
CONTINUOUS
10
6.70724
20
-4.24406
11
6.70852
21
-4.2448
0
LINE
8
BLACK
6
CONTINUOUS
10
6.70852
20
-4.2448
11
6.70982
21
-4.24552
0
LINE
8
BLACK
6
CONTINUOUS
10
6.70982
20
-4.24552
11
6.70984
21
-4.24556
0
LINE
8
BLACK
6
CONTINUOUS
10
6.70984
20
-4.24556
11
6.70989
21
-4.24559
0
LINE
8
BLACK
6
CONTINUOUS
10
6.70989
20
-4.24559
11
6.71551
21
-4.25121
0
LINE
8
BLACK
6
CONTINUOUS
10
6.71551
20
-4.25121
11
6.71599
21
-4.25204
0
LINE
8
BLACK
6
CONTINUOUS
10
6.71599
20
-4.25204
11
6.71662
21
-4.25275
0
LINE
8
BLACK
6
CONTINUOUS
10
6.71662
20
-4.25275
11
6.71943
21
-4.25837
0
LINE
8
BLACK
6
CONTINUOUS
10
6.71943
20
-4.25837
11
6.7197
21
-4.2597
0
LINE
8
BLACK
6
CONTINUOUS
10
6.7197
20
-4.2597
11
6.72005
21
-4.26101
0
LINE
8
BLACK
6
CONTINUOUS
10
6.72005
20
-4.26101
11
6.72005
21
-4.27226
0
LINE
8
BLACK
6
CONTINUOUS
10
6.72005
20
-4.27226
11
6.7197
21
-4.27357
0
LINE
8
BLACK
6
CONTINUOUS
10
6.7197
20
-4.27357
11
6.71943
21
-4.2749
0
LINE
8
BLACK
6
CONTINUOUS
10
6.71943
20
-4.2749
11
6.71662
21
-4.28053
0
LINE
8
BLACK
6
CONTINUOUS
10
6.71662
20
-4.28053
11
6.71599
21
-4.28124
0
LINE
8
BLACK
6
CONTINUOUS
10
6.71599
20
-4.28124
11
6.71551
21
-4.28206
0
LINE
8
BLACK
6
CONTINUOUS
10
6.71551
20
-4.28206
11
6.70989
21
-4.28769
0
LINE
8
BLACK
6
CONTINUOUS
10
6.70989
20
-4.28769
11
6.70984
21
-4.28771
0
LINE
8
BLACK
6
CONTINUOUS
10
6.70984
20
-4.28771
11
6.70982
21
-4.28775
0
LINE
8
BLACK
6
CONTINUOUS
10
6.70982
20
-4.28775
11
6.70852
21
-4.28847
0
LINE
8
BLACK
6
CONTINUOUS
10
6.70852
20
-4.28847
11
6.70724
21
-4.28921
0
LINE
8
BLACK
6
CONTINUOUS
10
6.70724
20
-4.28921
11
6.70719
21
-4.28921
0
LINE
8
BLACK
6
CONTINUOUS
10
6.70719
20
-4.28921
11
6.70714
21
-4.28924
0
LINE
8
BLACK
6
CONTINUOUS
10
6.70714
20
-4.28924
11
6.69589
21
-4.29205
0
LINE
8
BLACK
6
CONTINUOUS
10
6.69589
20
-4.29205
11
6.69517
21
-4.29204
0
LINE
8
BLACK
6
CONTINUOUS
10
6.69517
20
-4.29204
11
6.69446
21
-4.29223
0
LINE
8
BLACK
6
CONTINUOUS
10
6.69446
20
-4.29223
11
6.67478
21
-4.29223
0
LINE
8
BLACK
6
CONTINUOUS
10
6.67478
20
-4.29223
11
6.67407
21
-4.29204
0
LINE
8
BLACK
6
CONTINUOUS
10
6.67407
20
-4.29204
11
6.67334
21
-4.29205
0
LINE
8
BLACK
6
CONTINUOUS
10
6.67334
20
-4.29205
11
6.6621
21
-4.28924
0
LINE
8
BLACK
6
CONTINUOUS
10
6.6621
20
-4.28924
11
6.66205
21
-4.28921
0
LINE
8
BLACK
6
CONTINUOUS
10
6.66205
20
-4.28921
11
6.662
21
-4.28921
0
LINE
8
BLACK
6
CONTINUOUS
10
6.662
20
-4.28921
11
6.66072
21
-4.28847
0
LINE
8
BLACK
6
CONTINUOUS
10
6.66072
20
-4.28847
11
6.65942
21
-4.28775
0
LINE
8
BLACK
6
CONTINUOUS
10
6.65942
20
-4.28775
11
6.6594
21
-4.28771
0
LINE
8
BLACK
6
CONTINUOUS
10
6.6594
20
-4.28771
11
6.65935
21
-4.28769
0
LINE
8
BLACK
6
CONTINUOUS
10
6.65935
20
-4.28769
11
6.65373
21
-4.28206
0
LINE
8
BLACK
6
CONTINUOUS
10
6.65373
20
-4.28206
11
6.65325
21
-4.28124
0
LINE
8
BLACK
6
CONTINUOUS
10
6.65325
20
-4.28124
11
6.65262
21
-4.28053
0
LINE
8
BLACK
6
CONTINUOUS
10
6.65262
20
-4.28053
11
6.64981
21
-4.2749
0
LINE
8
BLACK
6
CONTINUOUS
10
6.64981
20
-4.2749
11
6.64954
21
-4.27357
0
LINE
8
BLACK
6
CONTINUOUS
10
6.64954
20
-4.27357
11
6.64919
21
-4.27226
0
LINE
8
BLACK
6
CONTINUOUS
10
6.64919
20
-4.27226
11
6.64919
21
-4.26101
0
LINE
8
BLACK
6
CONTINUOUS
10
6.64919
20
-4.26101
11
6.64954
21
-4.2597
0
LINE
8
BLACK
6
CONTINUOUS
10
6.64954
20
-4.2597
11
6.64981
21
-4.25837
0
LINE
8
BLACK
6
CONTINUOUS
10
6.64981
20
-4.25837
11
6.65262
21
-4.25275
0
LINE
8
BLACK
6
CONTINUOUS
10
6.65262
20
-4.25275
11
6.65325
21
-4.25204
0
LINE
8
BLACK
6
CONTINUOUS
10
6.65325
20
-4.25204
11
6.65373
21
-4.25121
0
LINE
8
BLACK
6
CONTINUOUS
10
6.65373
20
-4.25121
11
6.65935
21
-4.24559
0
LINE
8
BLACK
6
CONTINUOUS
10
6.65935
20
-4.24559
11
6.6594
21
-4.24556
0
LINE
8
BLACK
6
CONTINUOUS
10
6.6594
20
-4.24556
11
6.65942
21
-4.24552
0
LINE
8
BLACK
6
CONTINUOUS
10
6.65942
20
-4.24552
11
6.66072
21
-4.2448
0
LINE
8
BLACK
6
CONTINUOUS
10
6.66072
20
-4.2448
11
6.662
21
-4.24406
0
LINE
8
BLACK
6
CONTINUOUS
10
6.662
20
-4.24406
11
6.66205
21
-4.24406
0
LINE
8
BLACK
6
CONTINUOUS
10
6.66205
20
-4.24406
11
6.6621
21
-4.24403
0
LINE
8
BLACK
6
CONTINUOUS
10
6.6621
20
-4.24403
11
6.67334
21
-4.24122
0
LINE
8
BLACK
6
CONTINUOUS
10
6.67334
20
-4.24122
11
6.67407
21
-4.24123
0
LINE
8
BLACK
6
CONTINUOUS
10
6.67407
20
-4.24123
11
6.67478
21
-4.24105
0
LINE
8
BLACK
6
CONTINUOUS
10
6.67478
20
-4.24105
11
6.69446
21
-4.24105
0
LINE
8
BLACK
6
CONTINUOUS
10
6.69446
20
-4.24105
11
6.69517
21
-4.24123
0
LINE
8
BLACK
6
CONTINUOUS
10
6.66655
20
-4.2551
11
6.66276
21
-4.25889
0
LINE
8
BLACK
6
CONTINUOUS
10
6.66276
20
-4.25889
11
6.661
21
-4.26241
0
LINE
8
BLACK
6
CONTINUOUS
10
6.661
20
-4.26241
11
6.661
21
-4.27087
0
LINE
8
BLACK
6
CONTINUOUS
10
6.661
20
-4.27087
11
6.66276
21
-4.27439
0
LINE
8
BLACK
6
CONTINUOUS
10
6.66276
20
-4.27439
11
6.66655
21
-4.27818
0
LINE
8
BLACK
6
CONTINUOUS
10
6.66655
20
-4.27818
11
6.6755
21
-4.28042
0
LINE
8
BLACK
6
CONTINUOUS
10
6.6755
20
-4.28042
11
6.69373
21
-4.28042
0
LINE
8
BLACK
6
CONTINUOUS
10
6.69373
20
-4.28042
11
6.70269
21
-4.27818
0
LINE
8
BLACK
6
CONTINUOUS
10
6.70269
20
-4.27818
11
6.70648
21
-4.27439
0
LINE
8
BLACK
6
CONTINUOUS
10
6.70648
20
-4.27439
11
6.70824
21
-4.27087
0
LINE
8
BLACK
6
CONTINUOUS
10
6.70824
20
-4.27087
11
6.70824
21
-4.26241
0
LINE
8
BLACK
6
CONTINUOUS
10
6.70824
20
-4.26241
11
6.70648
21
-4.25889
0
LINE
8
BLACK
6
CONTINUOUS
10
6.70648
20
-4.25889
11
6.70269
21
-4.2551
0
LINE
8
BLACK
6
CONTINUOUS
10
6.70269
20
-4.2551
11
6.69373
21
-4.25286
0
LINE
8
BLACK
6
CONTINUOUS
10
6.69373
20
-4.25286
11
6.6755
21
-4.25286
0
LINE
8
BLACK
6
CONTINUOUS
10
6.6755
20
-4.25286
11
6.66655
21
-4.2551
0
LINE
8
BLACK
6
CONTINUOUS
10
6.60913
20
-4.1964
11
6.61046
21
-4.19668
0
LINE
8
BLACK
6
CONTINUOUS
10
6.61046
20
-4.19668
11
6.61608
21
-4.19949
0
LINE
8
BLACK
6
CONTINUOUS
10
6.61608
20
-4.19949
11
6.6168
21
-4.20012
0
LINE
8
BLACK
6
CONTINUOUS
10
6.6168
20
-4.20012
11
6.61762
21
-4.20059
0
LINE
8
BLACK
6
CONTINUOUS
10
6.61762
20
-4.20059
11
6.62043
21
-4.20341
0
LINE
8
BLACK
6
CONTINUOUS
10
6.62043
20
-4.20341
11
6.62091
21
-4.20423
0
LINE
8
BLACK
6
CONTINUOUS
10
6.62091
20
-4.20423
11
6.62154
21
-4.20494
0
LINE
8
BLACK
6
CONTINUOUS
10
6.62154
20
-4.20494
11
6.62435
21
-4.21056
0
LINE
8
BLACK
6
CONTINUOUS
10
6.62435
20
-4.21056
11
6.62462
21
-4.21189
0
LINE
8
BLACK
6
CONTINUOUS
10
6.62462
20
-4.21189
11
6.62497
21
-4.21321
0
LINE
8
BLACK
6
CONTINUOUS
10
6.62497
20
-4.21321
11
6.62497
21
-4.22727
0
LINE
8
BLACK
6
CONTINUOUS
10
6.62497
20
-4.22727
11
6.62473
21
-4.22818
0
LINE
8
BLACK
6
CONTINUOUS
10
6.62473
20
-4.22818
11
6.62467
21
-4.22913
0
LINE
8
BLACK
6
CONTINUOUS
10
6.62467
20
-4.22913
11
6.62186
21
-4.23757
0
LINE
8
BLACK
6
CONTINUOUS
10
6.62186
20
-4.23757
11
6.62017
21
-4.24012
0
LINE
8
BLACK
6
CONTINUOUS
10
6.62017
20
-4.24012
11
6.61744
21
-4.24149
0
LINE
8
BLACK
6
CONTINUOUS
10
6.61744
20
-4.24149
11
6.61439
21
-4.24131
0
LINE
8
BLACK
6
CONTINUOUS
10
6.61439
20
-4.24131
11
6.61184
21
-4.23962
0
LINE
8
BLACK
6
CONTINUOUS
10
6.61184
20
-4.23962
11
6.61047
21
-4.23689
0
LINE
8
BLACK
6
CONTINUOUS
10
6.61047
20
-4.23689
11
6.61065
21
-4.23384
0
LINE
8
BLACK
6
CONTINUOUS
10
6.61065
20
-4.23384
11
6.61316
21
-4.22631
0
LINE
8
BLACK
6
CONTINUOUS
10
6.61316
20
-4.22631
11
6.61316
21
-4.2146
0
LINE
8
BLACK
6
CONTINUOUS
10
6.61316
20
-4.2146
11
6.6114
21
-4.21108
0
LINE
8
BLACK
6
CONTINUOUS
10
6.6114
20
-4.21108
11
6.60995
21
-4.20962
0
LINE
8
BLACK
6
CONTINUOUS
10
6.60995
20
-4.20962
11
6.60643
21
-4.20786
0
LINE
8
BLACK
6
CONTINUOUS
10
6.60643
20
-4.20786
11
6.60359
21
-4.20786
0
LINE
8
BLACK
6
CONTINUOUS
10
6.60359
20
-4.20786
11
6.60007
21
-4.20962
0
LINE
8
BLACK
6
CONTINUOUS
10
6.60007
20
-4.20962
11
6.59861
21
-4.21108
0
LINE
8
BLACK
6
CONTINUOUS
10
6.59861
20
-4.21108
11
6.59652
21
-4.21527
0
LINE
8
BLACK
6
CONTINUOUS
10
6.59652
20
-4.21527
11
6.59386
21
-4.22589
0
LINE
8
BLACK
6
CONTINUOUS
10
6.59386
20
-4.22589
11
6.59355
21
-4.22646
0
LINE
8
BLACK
6
CONTINUOUS
10
6.59355
20
-4.22646
11
6.59342
21
-4.2271
0
LINE
8
BLACK
6
CONTINUOUS
10
6.59342
20
-4.2271
11
6.5906
21
-4.23272
0
LINE
8
BLACK
6
CONTINUOUS
10
6.5906
20
-4.23272
11
6.58997
21
-4.23343
0
LINE
8
BLACK
6
CONTINUOUS
10
6.58997
20
-4.23343
11
6.5895
21
-4.23425
0
LINE
8
BLACK
6
CONTINUOUS
10
6.5895
20
-4.23425
11
6.58669
21
-4.23707
0
LINE
8
BLACK
6
CONTINUOUS
10
6.58669
20
-4.23707
11
6.58586
21
-4.23754
0
LINE
8
BLACK
6
CONTINUOUS
10
6.58586
20
-4.23754
11
6.58515
21
-4.23817
0
LINE
8
BLACK
6
CONTINUOUS
10
6.58515
20
-4.23817
11
6.57953
21
-4.24099
0
LINE
8
BLACK
6
CONTINUOUS
10
6.57953
20
-4.24099
11
6.5782
21
-4.24126
0
LINE
8
BLACK
6
CONTINUOUS
10
6.5782
20
-4.24126
11
6.57689
21
-4.24161
0
LINE
8
BLACK
6
CONTINUOUS
10
6.57689
20
-4.24161
11
6.57126
21
-4.24161
0
LINE
8
BLACK
6
CONTINUOUS
10
6.57126
20
-4.24161
11
6.56995
21
-4.24126
0
LINE
8
BLACK
6
CONTINUOUS
10
6.56995
20
-4.24126
11
6.56862
21
-4.24099
0
LINE
8
BLACK
6
CONTINUOUS
10
6.56862
20
-4.24099
11
6.563
21
-4.23817
0
LINE
8
BLACK
6
CONTINUOUS
10
6.563
20
-4.23817
11
6.56228
21
-4.23754
0
LINE
8
BLACK
6
CONTINUOUS
10
6.56228
20
-4.23754
11
6.56146
21
-4.23707
0
LINE
8
BLACK
6
CONTINUOUS
10
6.56146
20
-4.23707
11
6.55865
21
-4.23425
0
LINE
8
BLACK
6
CONTINUOUS
10
6.55865
20
-4.23425
11
6.55817
21
-4.23343
0
LINE
8
BLACK
6
CONTINUOUS
10
6.55817
20
-4.23343
11
6.55754
21
-4.23272
0
LINE
8
BLACK
6
CONTINUOUS
10
6.55754
20
-4.23272
11
6.55473
21
-4.2271
0
LINE
8
BLACK
6
CONTINUOUS
10
6.55473
20
-4.2271
11
6.55446
21
-4.22577
0
LINE
8
BLACK
6
CONTINUOUS
10
6.55446
20
-4.22577
11
6.55411
21
-4.22445
0
LINE
8
BLACK
6
CONTINUOUS
10
6.55411
20
-4.22445
11
6.55411
21
-4.21039
0
LINE
8
BLACK
6
CONTINUOUS
10
6.55411
20
-4.21039
11
6.55435
21
-4.20948
0
LINE
8
BLACK
6
CONTINUOUS
10
6.55435
20
-4.20948
11
6.55441
21
-4.20853
0
LINE
8
BLACK
6
CONTINUOUS
10
6.55441
20
-4.20853
11
6.55722
21
-4.20009
0
LINE
8
BLACK
6
CONTINUOUS
10
6.55722
20
-4.20009
11
6.55891
21
-4.19754
0
LINE
8
BLACK
6
CONTINUOUS
10
6.55891
20
-4.19754
11
6.56164
21
-4.19617
0
LINE
8
BLACK
6
CONTINUOUS
10
6.56164
20
-4.19617
11
6.56469
21
-4.19635
0
LINE
8
BLACK
6
CONTINUOUS
10
6.56469
20
-4.19635
11
6.56724
21
-4.19804
0
LINE
8
BLACK
6
CONTINUOUS
10
6.56724
20
-4.19804
11
6.56861
21
-4.20077
0
LINE
8
BLACK
6
CONTINUOUS
10
6.56861
20
-4.20077
11
6.56843
21
-4.20382
0
LINE
8
BLACK
6
CONTINUOUS
10
6.56843
20
-4.20382
11
6.56592
21
-4.21135
0
LINE
8
BLACK
6
CONTINUOUS
10
6.56592
20
-4.21135
11
6.56592
21
-4.22306
0
LINE
8
BLACK
6
CONTINUOUS
10
6.56592
20
-4.22306
11
6.56768
21
-4.22658
0
LINE
8
BLACK
6
CONTINUOUS
10
6.56768
20
-4.22658
11
6.56914
21
-4.22804
0
LINE
8
BLACK
6
CONTINUOUS
10
6.56914
20
-4.22804
11
6.57266
21
-4.2298
0
LINE
8
BLACK
6
CONTINUOUS
10
6.57266
20
-4.2298
11
6.57549
21
-4.2298
0
LINE
8
BLACK
6
CONTINUOUS
10
6.57549
20
-4.2298
11
6.57901
21
-4.22804
0
LINE
8
BLACK
6
CONTINUOUS
10
6.57901
20
-4.22804
11
6.58047
21
-4.22658
0
LINE
8
BLACK
6
CONTINUOUS
10
6.58047
20
-4.22658
11
6.58256
21
-4.22239
0
LINE
8
BLACK
6
CONTINUOUS
10
6.58256
20
-4.22239
11
6.58522
21
-4.21177
0
LINE
8
BLACK
6
CONTINUOUS
10
6.58522
20
-4.21177
11
6.58553
21
-4.2112
0
LINE
8
BLACK
6
CONTINUOUS
10
6.58553
20
-4.2112
11
6.58566
21
-4.21056
0
LINE
8
BLACK
6
CONTINUOUS
10
6.58566
20
-4.21056
11
6.58848
21
-4.20494
0
LINE
8
BLACK
6
CONTINUOUS
10
6.58848
20
-4.20494
11
6.58911
21
-4.20423
0
LINE
8
BLACK
6
CONTINUOUS
10
6.58911
20
-4.20423
11
6.58958
21
-4.20341
0
LINE
8
BLACK
6
CONTINUOUS
10
6.58958
20
-4.20341
11
6.5924
21
-4.20059
0
LINE
8
BLACK
6
CONTINUOUS
10
6.5924
20
-4.20059
11
6.59322
21
-4.20012
0
LINE
8
BLACK
6
CONTINUOUS
10
6.59322
20
-4.20012
11
6.59393
21
-4.19949
0
LINE
8
BLACK
6
CONTINUOUS
10
6.59393
20
-4.19949
11
6.59955
21
-4.19668
0
LINE
8
BLACK
6
CONTINUOUS
10
6.59955
20
-4.19668
11
6.60088
21
-4.1964
0
LINE
8
BLACK
6
CONTINUOUS
10
6.60088
20
-4.1964
11
6.6022
21
-4.19605
0
LINE
8
BLACK
6
CONTINUOUS
10
6.6022
20
-4.19605
11
6.60782
21
-4.19605
0
LINE
8
BLACK
6
CONTINUOUS
10
6.60782
20
-4.19605
11
6.60913
21
-4.1964
0
LINE
8
BLACK
6
CONTINUOUS
10
6.67288
20
-4.14005
11
6.67383
21
-4.14011
0
LINE
8
BLACK
6
CONTINUOUS
10
6.67383
20
-4.14011
11
6.68227
21
-4.14292
0
LINE
8
BLACK
6
CONTINUOUS
10
6.68227
20
-4.14292
11
6.6834
21
-4.14367
0
LINE
8
BLACK
6
CONTINUOUS
10
6.6834
20
-4.14367
11
6.68458
21
-4.14435
0
LINE
8
BLACK
6
CONTINUOUS
10
6.68458
20
-4.14435
11
6.70824
21
-4.16801
0
LINE
8
BLACK
6
CONTINUOUS
10
6.70824
20
-4.16801
11
6.70824
21
-4.14571
0
LINE
8
BLACK
6
CONTINUOUS
10
6.70824
20
-4.14571
11
6.70903
21
-4.14276
0
LINE
8
BLACK
6
CONTINUOUS
10
6.70903
20
-4.14276
11
6.71119
21
-4.1406
0
LINE
8
BLACK
6
CONTINUOUS
10
6.71119
20
-4.1406
11
6.71415
21
-4.13981
0
LINE
8
BLACK
6
CONTINUOUS
10
6.71415
20
-4.13981
11
6.7171
21
-4.1406
0
LINE
8
BLACK
6
CONTINUOUS
10
6.7171
20
-4.1406
11
6.71926
21
-4.14276
0
LINE
8
BLACK
6
CONTINUOUS
10
6.71926
20
-4.14276
11
6.72005
21
-4.14571
0
LINE
8
BLACK
6
CONTINUOUS
10
6.72005
20
-4.14571
11
6.72005
21
-4.18227
0
LINE
8
BLACK
6
CONTINUOUS
10
6.72005
20
-4.18227
11
6.71985
21
-4.18302
0
LINE
8
BLACK
6
CONTINUOUS
10
6.71985
20
-4.18302
11
6.71985
21
-4.1838
0
LINE
8
BLACK
6
CONTINUOUS
10
6.71985
20
-4.1838
11
6.71946
21
-4.18447
0
LINE
8
BLACK
6
CONTINUOUS
10
6.71946
20
-4.18447
11
6.71926
21
-4.18522
0
LINE
8
BLACK
6
CONTINUOUS
10
6.71926
20
-4.18522
11
6.71871
21
-4.18577
0
LINE
8
BLACK
6
CONTINUOUS
10
6.71871
20
-4.18577
11
6.71832
21
-4.18645
0
LINE
8
BLACK
6
CONTINUOUS
10
6.71832
20
-4.18645
11
6.71765
21
-4.18684
0
LINE
8
BLACK
6
CONTINUOUS
10
6.71765
20
-4.18684
11
6.7171
21
-4.18739
0
LINE
8
BLACK
6
CONTINUOUS
10
6.7171
20
-4.18739
11
6.71635
21
-4.18759
0
LINE
8
BLACK
6
CONTINUOUS
10
6.71635
20
-4.18759
11
6.71568
21
-4.18798
0
LINE
8
BLACK
6
CONTINUOUS
10
6.71568
20
-4.18798
11
6.7149
21
-4.18798
0
LINE
8
BLACK
6
CONTINUOUS
10
6.7149
20
-4.18798
11
6.71415
21
-4.18818
0
LINE
8
BLACK
6
CONTINUOUS
10
6.71415
20
-4.18818
11
6.7134
21
-4.18798
0
LINE
8
BLACK
6
CONTINUOUS
10
6.7134
20
-4.18798
11
6.71262
21
-4.18798
0
LINE
8
BLACK
6
CONTINUOUS
10
6.71262
20
-4.18798
11
6.71194
21
-4.18759
0
LINE
8
BLACK
6
CONTINUOUS
10
6.71194
20
-4.18759
11
6.71119
21
-4.18739
0
LINE
8
BLACK
6
CONTINUOUS
10
6.71119
20
-4.18739
11
6.71064
21
-4.18684
0
LINE
8
BLACK
6
CONTINUOUS
10
6.71064
20
-4.18684
11
6.70997
21
-4.18645
0
LINE
8
BLACK
6
CONTINUOUS
10
6.70997
20
-4.18645
11
6.67721
21
-4.15369
0
LINE
8
BLACK
6
CONTINUOUS
10
6.67721
20
-4.15369
11
6.67101
21
-4.15162
0
LINE
8
BLACK
6
CONTINUOUS
10
6.67101
20
-4.15162
11
6.66773
21
-4.15162
0
LINE
8
BLACK
6
CONTINUOUS
10
6.66773
20
-4.15162
11
6.66421
21
-4.15338
0
LINE
8
BLACK
6
CONTINUOUS
10
6.66421
20
-4.15338
11
6.66276
21
-4.15484
0
LINE
8
BLACK
6
CONTINUOUS
10
6.66276
20
-4.15484
11
6.661
21
-4.15836
0
LINE
8
BLACK
6
CONTINUOUS
10
6.661
20
-4.15836
11
6.661
21
-4.16963
0
LINE
8
BLACK
6
CONTINUOUS
10
6.661
20
-4.16963
11
6.66276
21
-4.17315
0
LINE
8
BLACK
6
CONTINUOUS
10
6.66276
20
-4.17315
11
6.66489
21
-4.17528
0
LINE
8
BLACK
6
CONTINUOUS
10
6.66489
20
-4.17528
11
6.66642
21
-4.17793
0
LINE
8
BLACK
6
CONTINUOUS
10
6.66642
20
-4.17793
11
6.66642
21
-4.18099
0
LINE
8
BLACK
6
CONTINUOUS
10
6.66642
20
-4.18099
11
6.66489
21
-4.18364
0
LINE
8
BLACK
6
CONTINUOUS
10
6.66489
20
-4.18364
11
6.66224
21
-4.18516
0
LINE
8
BLACK
6
CONTINUOUS
10
6.66224
20
-4.18516
11
6.65919
21
-4.18516
0
LINE
8
BLACK
6
CONTINUOUS
10
6.65919
20
-4.18516
11
6.65654
21
-4.18364
0
LINE
8
BLACK
6
CONTINUOUS
10
6.65654
20
-4.18364
11
6.65373
21
-4.18082
0
LINE
8
BLACK
6
CONTINUOUS
10
6.65373
20
-4.18082
11
6.65325
21
-4.18
0
LINE
8
BLACK
6
CONTINUOUS
10
6.65325
20
-4.18
11
6.65262
21
-4.17929
0
LINE
8
BLACK
6
CONTINUOUS
10
6.65262
20
-4.17929
11
6.64981
21
-4.17366
0
LINE
8
BLACK
6
CONTINUOUS
10
6.64981
20
-4.17366
11
6.64954
21
-4.17233
0
LINE
8
BLACK
6
CONTINUOUS
10
6.64954
20
-4.17233
11
6.64919
21
-4.17102
0
LINE
8
BLACK
6
CONTINUOUS
10
6.64919
20
-4.17102
11
6.64919
21
-4.15696
0
LINE
8
BLACK
6
CONTINUOUS
10
6.64919
20
-4.15696
11
6.64954
21
-4.15565
0
LINE
8
BLACK
6
CONTINUOUS
10
6.64954
20
-4.15565
11
6.64981
21
-4.15432
0
LINE
8
BLACK
6
CONTINUOUS
10
6.64981
20
-4.15432
11
6.65262
21
-4.1487
0
LINE
8
BLACK
6
CONTINUOUS
10
6.65262
20
-4.1487
11
6.65325
21
-4.14799
0
LINE
8
BLACK
6
CONTINUOUS
10
6.65325
20
-4.14799
11
6.65373
21
-4.14716
0
LINE
8
BLACK
6
CONTINUOUS
10
6.65373
20
-4.14716
11
6.65654
21
-4.14435
0
LINE
8
BLACK
6
CONTINUOUS
10
6.65654
20
-4.14435
11
6.65736
21
-4.14388
0
LINE
8
BLACK
6
CONTINUOUS
10
6.65736
20
-4.14388
11
6.65807
21
-4.14324
0
LINE
8
BLACK
6
CONTINUOUS
10
6.65807
20
-4.14324
11
6.6637
21
-4.14043
0
LINE
8
BLACK
6
CONTINUOUS
10
6.6637
20
-4.14043
11
6.66503
21
-4.14016
0
LINE
8
BLACK
6
CONTINUOUS
10
6.66503
20
-4.14016
11
6.66634
21
-4.13981
0
LINE
8
BLACK
6
CONTINUOUS
10
6.66634
20
-4.13981
11
6.67196
21
-4.13981
0
LINE
8
BLACK
6
CONTINUOUS
10
6.67196
20
-4.13981
11
6.67288
21
-4.14005
0
LINE
8
BLACK
6
CONTINUOUS
10
6.59727
20
-4.14
11
6.598
21
-4.13999
0
LINE
8
BLACK
6
CONTINUOUS
10
6.598
20
-4.13999
11
6.60925
21
-4.1428
0
LINE
8
BLACK
6
CONTINUOUS
10
6.60925
20
-4.1428
11
6.60982
21
-4.14311
0
LINE
8
BLACK
6
CONTINUOUS
10
6.60982
20
-4.14311
11
6.61046
21
-4.14324
0
LINE
8
BLACK
6
CONTINUOUS
10
6.61046
20
-4.14324
11
6.61608
21
-4.14606
0
LINE
8
BLACK
6
CONTINUOUS
10
6.61608
20
-4.14606
11
6.6168
21
-4.14669
0
LINE
8
BLACK
6
CONTINUOUS
10
6.6168
20
-4.14669
11
6.61762
21
-4.14716
0
LINE
8
BLACK
6
CONTINUOUS
10
6.61762
20
-4.14716
11
6.62043
21
-4.14997
0
LINE
8
BLACK
6
CONTINUOUS
10
6.62043
20
-4.14997
11
6.62091
21
-4.1508
0
LINE
8
BLACK
6
CONTINUOUS
10
6.62091
20
-4.1508
11
6.62154
21
-4.15151
0
LINE
8
BLACK
6
CONTINUOUS
10
6.62154
20
-4.15151
11
6.62435
21
-4.15713
0
LINE
8
BLACK
6
CONTINUOUS
10
6.62435
20
-4.15713
11
6.62462
21
-4.15846
0
LINE
8
BLACK
6
CONTINUOUS
10
6.62462
20
-4.15846
11
6.62497
21
-4.15977
0
LINE
8
BLACK
6
CONTINUOUS
10
6.62497
20
-4.15977
11
6.62497
21
-4.1654
0
LINE
8
BLACK
6
CONTINUOUS
10
6.62497
20
-4.1654
11
6.62462
21
-4.16671
0
LINE
8
BLACK
6
CONTINUOUS
10
6.62462
20
-4.16671
11
6.62435
21
-4.16804
0
LINE
8
BLACK
6
CONTINUOUS
10
6.62435
20
-4.16804
11
6.62154
21
-4.17366
0
LINE
8
BLACK
6
CONTINUOUS
10
6.62154
20
-4.17366
11
6.62091
21
-4.17438
0
LINE
8
BLACK
6
CONTINUOUS
10
6.62091
20
-4.17438
11
6.62043
21
-4.1752
0
LINE
8
BLACK
6
CONTINUOUS
10
6.62043
20
-4.1752
11
6.61762
21
-4.17801
0
LINE
8
BLACK
6
CONTINUOUS
10
6.61762
20
-4.17801
11
6.6168
21
-4.17849
0
LINE
8
BLACK
6
CONTINUOUS
10
6.6168
20
-4.17849
11
6.61608
21
-4.17912
0
LINE
8
BLACK
6
CONTINUOUS
10
6.61608
20
-4.17912
11
6.61046
21
-4.18193
0
LINE
8
BLACK
6
CONTINUOUS
10
6.61046
20
-4.18193
11
6.60982
21
-4.18206
0
LINE
8
BLACK
6
CONTINUOUS
10
6.60982
20
-4.18206
11
6.60925
21
-4.18238
0
LINE
8
BLACK
6
CONTINUOUS
10
6.60925
20
-4.18238
11
6.598
21
-4.18519
0
LINE
8
BLACK
6
CONTINUOUS
10
6.598
20
-4.18519
11
6.59727
21
-4.18518
0
LINE
8
BLACK
6
CONTINUOUS
10
6.59727
20
-4.18518
11
6.59657
21
-4.18537
0
LINE
8
BLACK
6
CONTINUOUS
10
6.59657
20
-4.18537
11
6.58251
21
-4.18537
0
LINE
8
BLACK
6
CONTINUOUS
10
6.58251
20
-4.18537
11
6.58181
21
-4.18518
0
LINE
8
BLACK
6
CONTINUOUS
10
6.58181
20
-4.18518
11
6.58108
21
-4.18519
0
LINE
8
BLACK
6
CONTINUOUS
10
6.58108
20
-4.18519
11
6.56983
21
-4.18238
0
LINE
8
BLACK
6
CONTINUOUS
10
6.56983
20
-4.18238
11
6.56926
21
-4.18206
0
LINE
8
BLACK
6
CONTINUOUS
10
6.56926
20
-4.18206
11
6.56862
21
-4.18193
0
LINE
8
BLACK
6
CONTINUOUS
10
6.56862
20
-4.18193
11
6.563
21
-4.17912
0
LINE
8
BLACK
6
CONTINUOUS
10
6.563
20
-4.17912
11
6.56228
21
-4.17849
0
LINE
8
BLACK
6
CONTINUOUS
10
6.56228
20
-4.17849
11
6.56146
21
-4.17801
0
LINE
8
BLACK
6
CONTINUOUS
10
6.56146
20
-4.17801
11
6.55865
21
-4.1752
0
LINE
8
BLACK
6
CONTINUOUS
10
6.55865
20
-4.1752
11
6.55817
21
-4.17438
0
LINE
8
BLACK
6
CONTINUOUS
10
6.55817
20
-4.17438
11
6.55754
21
-4.17366
0
LINE
8
BLACK
6
CONTINUOUS
10
6.55754
20
-4.17366
11
6.55473
21
-4.16804
0
LINE
8
BLACK
6
CONTINUOUS
10
6.55473
20
-4.16804
11
6.55446
21
-4.16671
0
LINE
8
BLACK
6
CONTINUOUS
10
6.55446
20
-4.16671
11
6.55411
21
-4.1654
0
LINE
8
BLACK
6
CONTINUOUS
10
6.55411
20
-4.1654
11
6.55411
21
-4.15977
0
LINE
8
BLACK
6
CONTINUOUS
10
6.55411
20
-4.15977
11
6.55446
21
-4.15846
0
LINE
8
BLACK
6
CONTINUOUS
10
6.55446
20
-4.15846
11
6.55473
21
-4.15713
0
LINE
8
BLACK
6
CONTINUOUS
10
6.55473
20
-4.15713
11
6.55754
21
-4.15151
0
LINE
8
BLACK
6
CONTINUOUS
10
6.55754
20
-4.15151
11
6.55817
21
-4.1508
0
LINE
8
BLACK
6
CONTINUOUS
10
6.55817
20
-4.1508
11
6.55865
21
-4.14997
0
LINE
8
BLACK
6
CONTINUOUS
10
6.55865
20
-4.14997
11
6.56146
21
-4.14716
0
LINE
8
BLACK
6
CONTINUOUS
10
6.56146
20
-4.14716
11
6.56228
21
-4.14669
0
LINE
8
BLACK
6
CONTINUOUS
10
6.56228
20
-4.14669
11
6.563
21
-4.14606
0
LINE
8
BLACK
6
CONTINUOUS
10
6.563
20
-4.14606
11
6.56862
21
-4.14324
0
LINE
8
BLACK
6
CONTINUOUS
10
6.56862
20
-4.14324
11
6.56926
21
-4.14311
0
LINE
8
BLACK
6
CONTINUOUS
10
6.56926
20
-4.14311
11
6.56983
21
-4.1428
0
LINE
8
BLACK
6
CONTINUOUS
10
6.56983
20
-4.1428
11
6.58108
21
-4.13999
0
LINE
8
BLACK
6
CONTINUOUS
10
6.58108
20
-4.13999
11
6.58181
21
-4.14
0
LINE
8
BLACK
6
CONTINUOUS
10
6.58181
20
-4.14
11
6.58251
21
-4.13981
0
LINE
8
BLACK
6
CONTINUOUS
10
6.58251
20
-4.13981
11
6.59657
21
-4.13981
0
LINE
8
BLACK
6
CONTINUOUS
10
6.59657
20
-4.13981
11
6.59727
21
-4.14
0
LINE
8
BLACK
6
CONTINUOUS
10
6.57332
20
-4.1541
11
6.56914
21
-4.15619
0
LINE
8
BLACK
6
CONTINUOUS
10
6.56914
20
-4.15619
11
6.56768
21
-4.15765
0
LINE
8
BLACK
6
CONTINUOUS
10
6.56768
20
-4.15765
11
6.56592
21
-4.16117
0
LINE
8
BLACK
6
CONTINUOUS
10
6.56592
20
-4.16117
11
6.56592
21
-4.16401
0
LINE
8
BLACK
6
CONTINUOUS
10
6.56592
20
-4.16401
11
6.56768
21
-4.16753
0
LINE
8
BLACK
6
CONTINUOUS
10
6.56768
20
-4.16753
11
6.56914
21
-4.16898
0
LINE
8
BLACK
6
CONTINUOUS
10
6.56914
20
-4.16898
11
6.57332
21
-4.17108
0
LINE
8
BLACK
6
CONTINUOUS
10
6.57332
20
-4.17108
11
6.58324
21
-4.17355
0
LINE
8
BLACK
6
CONTINUOUS
10
6.58324
20
-4.17355
11
6.59584
21
-4.17355
0
LINE
8
BLACK
6
CONTINUOUS
10
6.59584
20
-4.17355
11
6.60576
21
-4.17108
0
LINE
8
BLACK
6
CONTINUOUS
10
6.60576
20
-4.17108
11
6.60995
21
-4.16898
0
LINE
8
BLACK
6
CONTINUOUS
10
6.60995
20
-4.16898
11
6.6114
21
-4.16753
0
LINE
8
BLACK
6
CONTINUOUS
10
6.6114
20
-4.16753
11
6.61316
21
-4.16401
0
LINE
8
BLACK
6
CONTINUOUS
10
6.61316
20
-4.16401
11
6.61316
21
-4.16117
0
LINE
8
BLACK
6
CONTINUOUS
10
6.61316
20
-4.16117
11
6.6114
21
-4.15765
0
LINE
8
BLACK
6
CONTINUOUS
10
6.6114
20
-4.15765
11
6.60995
21
-4.15619
0
LINE
8
BLACK
6
CONTINUOUS
10
6.60995
20
-4.15619
11
6.60576
21
-4.1541
0
LINE
8
BLACK
6
CONTINUOUS
10
6.60576
20
-4.1541
11
6.59584
21
-4.15162
0
LINE
8
BLACK
6
CONTINUOUS
10
6.59584
20
-4.15162
11
6.58324
21
-4.15162
0
LINE
8
BLACK
6
CONTINUOUS
10
6.58324
20
-4.15162
11
6.57332
21
-4.1541
0
LINE
8
BLACK
6
CONTINUOUS
10
6.62202
20
-4.08436
11
6.62418
21
-4.08652
0
LINE
8
BLACK
6
CONTINUOUS
10
6.62418
20
-4.08652
11
6.62497
21
-4.08947
0
LINE
8
BLACK
6
CONTINUOUS
10
6.62497
20
-4.08947
11
6.62497
21
-4.12322
0
LINE
8
BLACK
6
CONTINUOUS
10
6.62497
20
-4.12322
11
6.62418
21
-4.12617
0
LINE
8
BLACK
6
CONTINUOUS
10
6.62418
20
-4.12617
11
6.62202
21
-4.12833
0
LINE
8
BLACK
6
CONTINUOUS
10
6.62202
20
-4.12833
11
6.61907
21
-4.12912
0
LINE
8
BLACK
6
CONTINUOUS
10
6.61907
20
-4.12912
11
6.61612
21
-4.12833
0
LINE
8
BLACK
6
CONTINUOUS
10
6.61612
20
-4.12833
11
6.61395
21
-4.12617
0
LINE
8
BLACK
6
CONTINUOUS
10
6.61395
20
-4.12617
11
6.61316
21
-4.12322
0
LINE
8
BLACK
6
CONTINUOUS
10
6.61316
20
-4.12322
11
6.61316
21
-4.11225
0
LINE
8
BLACK
6
CONTINUOUS
10
6.61316
20
-4.11225
11
6.57708
21
-4.11225
0
LINE
8
BLACK
6
CONTINUOUS
10
6.57708
20
-4.11225
11
6.57825
21
-4.11342
0
LINE
8
BLACK
6
CONTINUOUS
10
6.57825
20
-4.11342
11
6.57872
21
-4.11424
0
LINE
8
BLACK
6
CONTINUOUS
10
6.57872
20
-4.11424
11
6.57936
21
-4.11495
0
LINE
8
BLACK
6
CONTINUOUS
10
6.57936
20
-4.11495
11
6.58217
21
-4.12058
0
LINE
8
BLACK
6
CONTINUOUS
10
6.58217
20
-4.12058
11
6.58278
21
-4.12357
0
LINE
8
BLACK
6
CONTINUOUS
10
6.58278
20
-4.12357
11
6.58181
21
-4.12647
0
LINE
8
BLACK
6
CONTINUOUS
10
6.58181
20
-4.12647
11
6.57953
21
-4.1285
0
LINE
8
BLACK
6
CONTINUOUS
10
6.57953
20
-4.1285
11
6.57653
21
-4.12911
0
LINE
8
BLACK
6
CONTINUOUS
10
6.57653
20
-4.12911
11
6.57363
21
-4.12815
0
LINE
8
BLACK
6
CONTINUOUS
10
6.57363
20
-4.12815
11
6.5716
21
-4.12586
0
LINE
8
BLACK
6
CONTINUOUS
10
6.5716
20
-4.12586
11
6.56922
21
-4.12109
0
LINE
8
BLACK
6
CONTINUOUS
10
6.56922
20
-4.12109
11
6.56469
21
-4.11656
0
LINE
8
BLACK
6
CONTINUOUS
10
6.56469
20
-4.11656
11
6.55674
21
-4.11126
0
LINE
8
BLACK
6
CONTINUOUS
10
6.55674
20
-4.11126
11
6.55585
21
-4.11025
0
LINE
8
BLACK
6
CONTINUOUS
10
6.55585
20
-4.11025
11
6.5549
21
-4.1093
0
LINE
8
BLACK
6
CONTINUOUS
10
6.5549
20
-4.1093
11
6.55485
21
-4.10911
0
LINE
8
BLACK
6
CONTINUOUS
10
6.55485
20
-4.10911
11
6.55472
21
-4.10896
0
LINE
8
BLACK
6
CONTINUOUS
10
6.55472
20
-4.10896
11
6.55446
21
-4.10764
0
LINE
8
BLACK
6
CONTINUOUS
10
6.55446
20
-4.10764
11
6.55411
21
-4.10634
0
LINE
8
BLACK
6
CONTINUOUS
10
6.55411
20
-4.10634
11
6.55416
21
-4.10616
0
LINE
8
BLACK
6
CONTINUOUS
10
6.55416
20
-4.10616
11
6.55412
21
-4.10596
0
LINE
8
BLACK
6
CONTINUOUS
10
6.55412
20
-4.10596
11
6.55455
21
-4.10469
0
LINE
8
BLACK
6
CONTINUOUS
10
6.55455
20
-4.10469
11
6.5549
21
-4.10339
0
LINE
8
BLACK
6
CONTINUOUS
10
6.5549
20
-4.10339
11
6.55504
21
-4.10325
0
LINE
8
BLACK
6
CONTINUOUS
10
6.55504
20
-4.10325
11
6.5551
21
-4.10307
0
LINE
8
BLACK
6
CONTINUOUS
10
6.5551
20
-4.10307
11
6.55611
21
-4.10218
0
LINE
8
BLACK
6
CONTINUOUS
10
6.55611
20
-4.10218
11
6.55706
21
-4.10123
0
LINE
8
BLACK
6
CONTINUOUS
10
6.55706
20
-4.10123
11
6.55725
21
-4.10118
0
LINE
8
BLACK
6
CONTINUOUS
10
6.55725
20
-4.10118
11
6.5574
21
-4.10105
0
LINE
8
BLACK
6
CONTINUOUS
10
6.5574
20
-4.10105
11
6.55871
21
-4.10079
0
LINE
8
BLACK
6
CONTINUOUS
10
6.55871
20
-4.10079
11
6.56001
21
-4.10044
0
LINE
8
BLACK
6
CONTINUOUS
10
6.56001
20
-4.10044
11
6.61316
21
-4.10044
0
LINE
8
BLACK
6
CONTINUOUS
10
6.61316
20
-4.10044
11
6.61316
21
-4.08947
0
LINE
8
BLACK
6
CONTINUOUS
10
6.61316
20
-4.08947
11
6.61395
21
-4.08652
0
LINE
8
BLACK
6
CONTINUOUS
10
6.61395
20
-4.08652
11
6.61612
21
-4.08436
0
LINE
8
BLACK
6
CONTINUOUS
10
6.61612
20
-4.08436
11
6.61907
21
-4.08357
0
LINE
8
BLACK
6
CONTINUOUS
10
6.61907
20
-4.08357
11
6.62202
21
-4.08436
0
LINE
8
BLACK
6
CONTINUOUS
10
6.69235
20
-4.08375
11
6.69308
21
-4.08374
0
LINE
8
BLACK
6
CONTINUOUS
10
6.69308
20
-4.08374
11
6.70433
21
-4.08655
0
LINE
8
BLACK
6
CONTINUOUS
10
6.70433
20
-4.08655
11
6.7049
21
-4.08687
0
LINE
8
BLACK
6
CONTINUOUS
10
6.7049
20
-4.08687
11
6.70554
21
-4.087
0
LINE
8
BLACK
6
CONTINUOUS
10
6.70554
20
-4.087
11
6.71116
21
-4.08981
0
LINE
8
BLACK
6
CONTINUOUS
10
6.71116
20
-4.08981
11
6.71187
21
-4.09044
0
LINE
8
BLACK
6
CONTINUOUS
10
6.71187
20
-4.09044
11
6.7127
21
-4.09092
0
LINE
8
BLACK
6
CONTINUOUS
10
6.7127
20
-4.09092
11
6.71551
21
-4.09373
0
LINE
8
BLACK
6
CONTINUOUS
10
6.71551
20
-4.09373
11
6.71599
21
-4.09456
0
LINE
8
BLACK
6
CONTINUOUS
10
6.71599
20
-4.09456
11
6.71662
21
-4.09527
0
LINE
8
BLACK
6
CONTINUOUS
10
6.71662
20
-4.09527
11
6.71943
21
-4.10089
0
LINE
8
BLACK
6
CONTINUOUS
10
6.71943
20
-4.10089
11
6.7197
21
-4.10222
0
LINE
8
BLACK
6
CONTINUOUS
10
6.7197
20
-4.10222
11
6.72005
21
-4.10353
0
LINE
8
BLACK
6
CONTINUOUS
10
6.72005
20
-4.10353
11
6.72005
21
-4.10916
0
LINE
8
BLACK
6
CONTINUOUS
10
6.72005
20
-4.10916
11
6.7197
21
-4.11047
0
LINE
8
BLACK
6
CONTINUOUS
10
6.7197
20
-4.11047
11
6.71943
21
-4.1118
0
LINE
8
BLACK
6
CONTINUOUS
10
6.71943
20
-4.1118
11
6.71662
21
-4.11742
0
LINE
8
BLACK
6
CONTINUOUS
10
6.71662
20
-4.11742
11
6.71599
21
-4.11813
0
LINE
8
BLACK
6
CONTINUOUS
10
6.71599
20
-4.11813
11
6.71551
21
-4.11896
0
LINE
8
BLACK
6
CONTINUOUS
10
6.71551
20
-4.11896
11
6.7127
21
-4.12177
0
LINE
8
BLACK
6
CONTINUOUS
10
6.7127
20
-4.12177
11
6.71187
21
-4.12224
0
LINE
8
BLACK
6
CONTINUOUS
10
6.71187
20
-4.12224
11
6.71116
21
-4.12287
0
LINE
8
BLACK
6
CONTINUOUS
10
6.71116
20
-4.12287
11
6.70554
21
-4.12569
0
LINE
8
BLACK
6
CONTINUOUS
10
6.70554
20
-4.12569
11
6.7049
21
-4.12582
0
LINE
8
BLACK
6
CONTINUOUS
10
6.7049
20
-4.12582
11
6.70433
21
-4.12613
0
LINE
8
BLACK
6
CONTINUOUS
10
6.70433
20
-4.12613
11
6.69308
21
-4.12895
0
LINE
8
BLACK
6
CONTINUOUS
10
6.69308
20
-4.12895
11
6.69235
21
-4.12893
0
LINE
8
BLACK
6
CONTINUOUS
10
6.69235
20
-4.12893
11
6.69165
21
-4.12912
0
LINE
8
BLACK
6
CONTINUOUS
10
6.69165
20
-4.12912
11
6.67759
21
-4.12912
0
LINE
8
BLACK
6
CONTINUOUS
10
6.67759
20
-4.12912
11
6.67688
21
-4.12893
0
LINE
8
BLACK
6
CONTINUOUS
10
6.67688
20
-4.12893
11
6.67616
21
-4.12895
0
LINE
8
BLACK
6
CONTINUOUS
10
6.67616
20
-4.12895
11
6.66491
21
-4.12613
0
LINE
8
BLACK
6
CONTINUOUS
10
6.66491
20
-4.12613
11
6.66434
21
-4.12582
0
LINE
8
BLACK
6
CONTINUOUS
10
6.66434
20
-4.12582
11
6.6637
21
-4.12569
0
LINE
8
BLACK
6
CONTINUOUS
10
6.6637
20
-4.12569
11
6.65807
21
-4.12287
0
LINE
8
BLACK
6
CONTINUOUS
10
6.65807
20
-4.12287
11
6.65736
21
-4.12224
0
LINE
8
BLACK
6
CONTINUOUS
10
6.65736
20
-4.12224
11
6.65654
21
-4.12177
0
LINE
8
BLACK
6
CONTINUOUS
10
6.65654
20
-4.12177
11
6.65373
21
-4.11896
0
LINE
8
BLACK
6
CONTINUOUS
10
6.65373
20
-4.11896
11
6.65325
21
-4.11813
0
LINE
8
BLACK
6
CONTINUOUS
10
6.65325
20
-4.11813
11
6.65262
21
-4.11742
0
LINE
8
BLACK
6
CONTINUOUS
10
6.65262
20
-4.11742
11
6.64981
21
-4.1118
0
LINE
8
BLACK
6
CONTINUOUS
10
6.64981
20
-4.1118
11
6.64954
21
-4.11047
0
LINE
8
BLACK
6
CONTINUOUS
10
6.64954
20
-4.11047
11
6.64919
21
-4.10916
0
LINE
8
BLACK
6
CONTINUOUS
10
6.64919
20
-4.10916
11
6.64919
21
-4.10353
0
LINE
8
BLACK
6
CONTINUOUS
10
6.64919
20
-4.10353
11
6.64954
21
-4.10222
0
LINE
8
BLACK
6
CONTINUOUS
10
6.64954
20
-4.10222
11
6.64981
21
-4.10089
0
LINE
8
BLACK
6
CONTINUOUS
10
6.64981
20
-4.10089
11
6.65262
21
-4.09527
0
LINE
8
BLACK
6
CONTINUOUS
10
6.65262
20
-4.09527
11
6.65325
21
-4.09456
0
LINE
8
BLACK
6
CONTINUOUS
10
6.65325
20
-4.09456
11
6.65373
21
-4.09373
0
LINE
8
BLACK
6
CONTINUOUS
10
6.65373
20
-4.09373
11
6.65654
21
-4.09092
0
LINE
8
BLACK
6
CONTINUOUS
10
6.65654
20
-4.09092
11
6.65736
21
-4.09044
0
LINE
8
BLACK
6
CONTINUOUS
10
6.65736
20
-4.09044
11
6.65807
21
-4.08981
0
LINE
8
BLACK
6
CONTINUOUS
10
6.65807
20
-4.08981
11
6.6637
21
-4.087
0
LINE
8
BLACK
6
CONTINUOUS
10
6.6637
20
-4.087
11
6.66434
21
-4.08687
0
LINE
8
BLACK
6
CONTINUOUS
10
6.66434
20
-4.08687
11
6.66491
21
-4.08655
0
LINE
8
BLACK
6
CONTINUOUS
10
6.66491
20
-4.08655
11
6.67616
21
-4.08374
0
LINE
8
BLACK
6
CONTINUOUS
10
6.67616
20
-4.08374
11
6.67689
21
-4.08375
0
LINE
8
BLACK
6
CONTINUOUS
10
6.67689
20
-4.08375
11
6.67759
21
-4.08357
0
LINE
8
BLACK
6
CONTINUOUS
10
6.67759
20
-4.08357
11
6.69165
21
-4.08357
0
LINE
8
BLACK
6
CONTINUOUS
10
6.69165
20
-4.08357
11
6.69235
21
-4.08375
0
LINE
8
BLACK
6
CONTINUOUS
10
6.6684
20
-4.09786
11
6.66421
21
-4.09995
0
LINE
8
BLACK
6
CONTINUOUS
10
6.66421
20
-4.09995
11
6.66276
21
-4.10141
0
LINE
8
BLACK
6
CONTINUOUS
10
6.66276
20
-4.10141
11
6.661
21
-4.10493
0
LINE
8
BLACK
6
CONTINUOUS
10
6.661
20
-4.10493
11
6.661
21
-4.10776
0
LINE
8
BLACK
6
CONTINUOUS
10
6.661
20
-4.10776
11
6.66276
21
-4.11128
0
LINE
8
BLACK
6
CONTINUOUS
10
6.66276
20
-4.11128
11
6.66421
21
-4.11274
0
LINE
8
BLACK
6
CONTINUOUS
10
6.66421
20
-4.11274
11
6.6684
21
-4.11483
0
LINE
8
BLACK
6
CONTINUOUS
10
6.6684
20
-4.11483
11
6.67832
21
-4.11731
0
LINE
8
BLACK
6
CONTINUOUS
10
6.67832
20
-4.11731
11
6.69092
21
-4.11731
0
LINE
8
BLACK
6
CONTINUOUS
10
6.69092
20
-4.11731
11
6.70084
21
-4.11483
0
LINE
8
BLACK
6
CONTINUOUS
10
6.70084
20
-4.11483
11
6.70502
21
-4.11274
0
LINE
8
BLACK
6
CONTINUOUS
10
6.70502
20
-4.11274
11
6.70648
21
-4.11128
0
LINE
8
BLACK
6
CONTINUOUS
10
6.70648
20
-4.11128
11
6.70824
21
-4.10776
0
LINE
8
BLACK
6
CONTINUOUS
10
6.70824
20
-4.10776
11
6.70824
21
-4.10493
0
LINE
8
BLACK
6
CONTINUOUS
10
6.70824
20
-4.10493
11
6.70648
21
-4.10141
0
LINE
8
BLACK
6
CONTINUOUS
10
6.70648
20
-4.10141
11
6.70502
21
-4.09995
0
LINE
8
BLACK
6
CONTINUOUS
10
6.70502
20
-4.09995
11
6.70084
21
-4.09786
0
LINE
8
BLACK
6
CONTINUOUS
10
6.70084
20
-4.09786
11
6.69092
21
-4.09538
0
LINE
8
BLACK
6
CONTINUOUS
10
6.69092
20
-4.09538
11
6.67832
21
-4.09538
0
LINE
8
BLACK
6
CONTINUOUS
10
6.67832
20
-4.09538
11
6.6684
21
-4.09786
0
LINE
8
BLACK
6
CONTINUOUS
10
6.67288
20
-4.02757
11
6.67383
21
-4.02763
0
LINE
8
BLACK
6
CONTINUOUS
10
6.67383
20
-4.02763
11
6.68227
21
-4.03044
0
LINE
8
BLACK
6
CONTINUOUS
10
6.68227
20
-4.03044
11
6.6834
21
-4.03119
0
LINE
8
BLACK
6
CONTINUOUS
10
6.6834
20
-4.03119
11
6.68458
21
-4.03186
0
LINE
8
BLACK
6
CONTINUOUS
10
6.68458
20
-4.03186
11
6.70824
21
-4.05553
0
LINE
8
BLACK
6
CONTINUOUS
10
6.70824
20
-4.05553
11
6.70824
21
-4.03323
0
LINE
8
BLACK
6
CONTINUOUS
10
6.70824
20
-4.03323
11
6.70903
21
-4.03028
0
LINE
8
BLACK
6
CONTINUOUS
10
6.70903
20
-4.03028
11
6.71119
21
-4.02811
0
LINE
8
BLACK
6
CONTINUOUS
10
6.71119
20
-4.02811
11
6.71415
21
-4.02732
0
LINE
8
BLACK
6
CONTINUOUS
10
6.71415
20
-4.02732
11
6.7171
21
-4.02811
0
LINE
8
BLACK
6
CONTINUOUS
10
6.7171
20
-4.02811
11
6.71926
21
-4.03028
0
LINE
8
BLACK
6
CONTINUOUS
10
6.71926
20
-4.03028
11
6.72005
21
-4.03323
0
LINE
8
BLACK
6
CONTINUOUS
10
6.72005
20
-4.03323
11
6.72005
21
-4.06979
0
LINE
8
BLACK
6
CONTINUOUS
10
6.72005
20
-4.06979
11
6.71985
21
-4.07054
0
LINE
8
BLACK
6
CONTINUOUS
10
6.71985
20
-4.07054
11
6.71985
21
-4.07131
0
LINE
8
BLACK
6
CONTINUOUS
10
6.71985
20
-4.07131
11
6.71946
21
-4.07199
0
LINE
8
BLACK
6
CONTINUOUS
10
6.71946
20
-4.07199
11
6.71926
21
-4.07274
0
LINE
8
BLACK
6
CONTINUOUS
10
6.71926
20
-4.07274
11
6.71871
21
-4.07329
0
LINE
8
BLACK
6
CONTINUOUS
10
6.71871
20
-4.07329
11
6.71832
21
-4.07396
0
LINE
8
BLACK
6
CONTINUOUS
10
6.71832
20
-4.07396
11
6.71765
21
-4.07435
0
LINE
8
BLACK
6
CONTINUOUS
10
6.71765
20
-4.07435
11
6.7171
21
-4.0749
0
LINE
8
BLACK
6
CONTINUOUS
10
6.7171
20
-4.0749
11
6.71635
21
-4.0751
0
LINE
8
BLACK
6
CONTINUOUS
10
6.71635
20
-4.0751
11
6.71568
21
-4.07549
0
LINE
8
BLACK
6
CONTINUOUS
10
6.71568
20
-4.07549
11
6.7149
21
-4.07549
0
LINE
8
BLACK
6
CONTINUOUS
10
6.7149
20
-4.07549
11
6.71415
21
-4.07569
0
LINE
8
BLACK
6
CONTINUOUS
10
6.71415
20
-4.07569
11
6.7134
21
-4.07549
0
LINE
8
BLACK
6
CONTINUOUS
10
6.7134
20
-4.07549
11
6.71262
21
-4.07549
0
LINE
8
BLACK
6
CONTINUOUS
10
6.71262
20
-4.07549
11
6.71194
21
-4.0751
0
LINE
8
BLACK
6
CONTINUOUS
10
6.71194
20
-4.0751
11
6.71119
21
-4.0749
0
LINE
8
BLACK
6
CONTINUOUS
10
6.71119
20
-4.0749
11
6.71064
21
-4.07435
0
LINE
8
BLACK
6
CONTINUOUS
10
6.71064
20
-4.07435
11
6.70997
21
-4.07396
0
LINE
8
BLACK
6
CONTINUOUS
10
6.70997
20
-4.07396
11
6.67721
21
-4.0412
0
LINE
8
BLACK
6
CONTINUOUS
10
6.67721
20
-4.0412
11
6.67101
21
-4.03913
0
LINE
8
BLACK
6
CONTINUOUS
10
6.67101
20
-4.03913
11
6.66773
21
-4.03913
0
LINE
8
BLACK
6
CONTINUOUS
10
6.66773
20
-4.03913
11
6.66421
21
-4.04089
0
LINE
8
BLACK
6
CONTINUOUS
10
6.66421
20
-4.04089
11
6.66276
21
-4.04235
0
LINE
8
BLACK
6
CONTINUOUS
10
6.66276
20
-4.04235
11
6.661
21
-4.04587
0
LINE
8
BLACK
6
CONTINUOUS
10
6.661
20
-4.04587
11
6.661
21
-4.05714
0
LINE
8
BLACK
6
CONTINUOUS
10
6.661
20
-4.05714
11
6.66276
21
-4.06066
0
LINE
8
BLACK
6
CONTINUOUS
10
6.66276
20
-4.06066
11
6.66489
21
-4.0628
0
LINE
8
BLACK
6
CONTINUOUS
10
6.66489
20
-4.0628
11
6.66642
21
-4.06545
0
LINE
8
BLACK
6
CONTINUOUS
10
6.66642
20
-4.06545
11
6.66642
21
-4.0685
0
LINE
8
BLACK
6
CONTINUOUS
10
6.66642
20
-4.0685
11
6.66489
21
-4.07115
0
LINE
8
BLACK
6
CONTINUOUS
10
6.66489
20
-4.07115
11
6.66224
21
-4.07268
0
LINE
8
BLACK
6
CONTINUOUS
10
6.66224
20
-4.07268
11
6.65919
21
-4.07268
0
LINE
8
BLACK
6
CONTINUOUS
10
6.65919
20
-4.07268
11
6.65654
21
-4.07115
0
LINE
8
BLACK
6
CONTINUOUS
10
6.65654
20
-4.07115
11
6.65373
21
-4.06834
0
LINE
8
BLACK
6
CONTINUOUS
10
6.65373
20
-4.06834
11
6.65325
21
-4.06751
0
LINE
8
BLACK
6
CONTINUOUS
10
6.65325
20
-4.06751
11
6.65262
21
-4.0668
0
LINE
8
BLACK
6
CONTINUOUS
10
6.65262
20
-4.0668
11
6.64981
21
-4.06118
0
LINE
8
BLACK
6
CONTINUOUS
10
6.64981
20
-4.06118
11
6.64954
21
-4.05985
0
LINE
8
BLACK
6
CONTINUOUS
10
6.64954
20
-4.05985
11
6.64919
21
-4.05854
0
LINE
8
BLACK
6
CONTINUOUS
10
6.64919
20
-4.05854
11
6.64919
21
-4.04448
0
LINE
8
BLACK
6
CONTINUOUS
10
6.64919
20
-4.04448
11
6.64954
21
-4.04317
0
LINE
8
BLACK
6
CONTINUOUS
10
6.64954
20
-4.04317
11
6.64981
21
-4.04184
0
LINE
8
BLACK
6
CONTINUOUS
10
6.64981
20
-4.04184
11
6.65262
21
-4.03621
0
LINE
8
BLACK
6
CONTINUOUS
10
6.65262
20
-4.03621
11
6.65325
21
-4.0355
0
LINE
8
BLACK
6
CONTINUOUS
10
6.65325
20
-4.0355
11
6.65373
21
-4.03468
0
LINE
8
BLACK
6
CONTINUOUS
10
6.65373
20
-4.03468
11
6.65654
21
-4.03186
0
LINE
8
BLACK
6
CONTINUOUS
10
6.65654
20
-4.03186
11
6.65736
21
-4.03139
0
LINE
8
BLACK
6
CONTINUOUS
10
6.65736
20
-4.03139
11
6.65807
21
-4.03076
0
LINE
8
BLACK
6
CONTINUOUS
10
6.65807
20
-4.03076
11
6.6637
21
-4.02795
0
LINE
8
BLACK
6
CONTINUOUS
10
6.6637
20
-4.02795
11
6.66503
21
-4.02767
0
LINE
8
BLACK
6
CONTINUOUS
10
6.66503
20
-4.02767
11
6.66634
21
-4.02732
0
LINE
8
BLACK
6
CONTINUOUS
10
6.66634
20
-4.02732
11
6.67196
21
-4.02732
0
LINE
8
BLACK
6
CONTINUOUS
10
6.67196
20
-4.02732
11
6.67288
21
-4.02757
0
LINE
8
BLACK
6
CONTINUOUS
10
6.60913
20
-4.02486
11
6.61046
21
-4.02513
0
LINE
8
BLACK
6
CONTINUOUS
10
6.61046
20
-4.02513
11
6.61608
21
-4.02795
0
LINE
8
BLACK
6
CONTINUOUS
10
6.61608
20
-4.02795
11
6.6168
21
-4.02858
0
LINE
8
BLACK
6
CONTINUOUS
10
6.6168
20
-4.02858
11
6.61762
21
-4.02905
0
LINE
8
BLACK
6
CONTINUOUS
10
6.61762
20
-4.02905
11
6.62043
21
-4.03186
0
LINE
8
BLACK
6
CONTINUOUS
10
6.62043
20
-4.03186
11
6.62091
21
-4.03269
0
LINE
8
BLACK
6
CONTINUOUS
10
6.62091
20
-4.03269
11
6.62154
21
-4.0334
0
LINE
8
BLACK
6
CONTINUOUS
10
6.62154
20
-4.0334
11
6.62435
21
-4.03902
0
LINE
8
BLACK
6
CONTINUOUS
10
6.62435
20
-4.03902
11
6.62462
21
-4.04035
0
LINE
8
BLACK
6
CONTINUOUS
10
6.62462
20
-4.04035
11
6.62497
21
-4.04166
0
LINE
8
BLACK
6
CONTINUOUS
10
6.62497
20
-4.04166
11
6.62497
21
-4.06416
0
LINE
8
BLACK
6
CONTINUOUS
10
6.62497
20
-4.06416
11
6.62418
21
-4.06711
0
LINE
8
BLACK
6
CONTINUOUS
10
6.62418
20
-4.06711
11
6.62202
21
-4.06928
0
LINE
8
BLACK
6
CONTINUOUS
10
6.62202
20
-4.06928
11
6.61907
21
-4.07007
0
LINE
8
BLACK
6
CONTINUOUS
10
6.61907
20
-4.07007
11
6.58813
21
-4.07007
0
LINE
8
BLACK
6
CONTINUOUS
10
6.58813
20
-4.07007
11
6.56001
21
-4.07007
0
LINE
8
BLACK
6
CONTINUOUS
10
6.56001
20
-4.07007
11
6.55706
21
-4.06928
0
LINE
8
BLACK
6
CONTINUOUS
10
6.55706
20
-4.06928
11
6.5549
21
-4.06711
0
LINE
8
BLACK
6
CONTINUOUS
10
6.5549
20
-4.06711
11
6.55411
21
-4.06416
0
LINE
8
BLACK
6
CONTINUOUS
10
6.55411
20
-4.06416
11
6.55411
21
-4.04448
0
LINE
8
BLACK
6
CONTINUOUS
10
6.55411
20
-4.04448
11
6.55446
21
-4.04317
0
LINE
8
BLACK
6
CONTINUOUS
10
6.55446
20
-4.04317
11
6.55473
21
-4.04184
0
LINE
8
BLACK
6
CONTINUOUS
10
6.55473
20
-4.04184
11
6.55754
21
-4.03621
0
LINE
8
BLACK
6
CONTINUOUS
10
6.55754
20
-4.03621
11
6.55817
21
-4.0355
0
LINE
8
BLACK
6
CONTINUOUS
10
6.55817
20
-4.0355
11
6.55865
21
-4.03468
0
LINE
8
BLACK
6
CONTINUOUS
10
6.55865
20
-4.03468
11
6.56146
21
-4.03186
0
LINE
8
BLACK
6
CONTINUOUS
10
6.56146
20
-4.03186
11
6.56228
21
-4.03139
0
LINE
8
BLACK
6
CONTINUOUS
10
6.56228
20
-4.03139
11
6.563
21
-4.03076
0
LINE
8
BLACK
6
CONTINUOUS
10
6.563
20
-4.03076
11
6.56862
21
-4.02795
0
LINE
8
BLACK
6
CONTINUOUS
10
6.56862
20
-4.02795
11
6.56995
21
-4.02767
0
LINE
8
BLACK
6
CONTINUOUS
10
6.56995
20
-4.02767
11
6.57126
21
-4.02732
0
LINE
8
BLACK
6
CONTINUOUS
10
6.57126
20
-4.02732
11
6.57689
21
-4.02732
0
LINE
8
BLACK
6
CONTINUOUS
10
6.57689
20
-4.02732
11
6.5782
21
-4.02767
0
LINE
8
BLACK
6
CONTINUOUS
10
6.5782
20
-4.02767
11
6.57953
21
-4.02795
0
LINE
8
BLACK
6
CONTINUOUS
10
6.57953
20
-4.02795
11
6.58515
21
-4.03076
0
LINE
8
BLACK
6
CONTINUOUS
10
6.58515
20
-4.03076
11
6.58586
21
-4.03139
0
LINE
8
BLACK
6
CONTINUOUS
10
6.58586
20
-4.03139
11
6.58669
21
-4.03186
0
LINE
8
BLACK
6
CONTINUOUS
10
6.58669
20
-4.03186
11
6.58674
21
-4.03192
0
LINE
8
BLACK
6
CONTINUOUS
10
6.58674
20
-4.03192
11
6.58677
21
-4.03186
0
LINE
8
BLACK
6
CONTINUOUS
10
6.58677
20
-4.03186
11
6.58958
21
-4.02905
0
LINE
8
BLACK
6
CONTINUOUS
10
6.58958
20
-4.02905
11
6.59041
21
-4.02858
0
LINE
8
BLACK
6
CONTINUOUS
10
6.59041
20
-4.02858
11
6.59112
21
-4.02795
0
LINE
8
BLACK
6
CONTINUOUS
10
6.59112
20
-4.02795
11
6.59674
21
-4.02513
0
LINE
8
BLACK
6
CONTINUOUS
10
6.59674
20
-4.02513
11
6.59807
21
-4.02486
0
LINE
8
BLACK
6
CONTINUOUS
10
6.59807
20
-4.02486
11
6.59938
21
-4.02451
0
LINE
8
BLACK
6
CONTINUOUS
10
6.59938
20
-4.02451
11
6.60782
21
-4.02451
0
LINE
8
BLACK
6
CONTINUOUS
10
6.60782
20
-4.02451
11
6.60913
21
-4.02486
0
LINE
8
BLACK
6
CONTINUOUS
10
6.56914
20
-4.04089
11
6.56768
21
-4.04235
0
LINE
8
BLACK
6
CONTINUOUS
10
6.56768
20
-4.04235
11
6.56592
21
-4.04587
0
LINE
8
BLACK
6
CONTINUOUS
10
6.56592
20
-4.04587
11
6.56592
21
-4.05826
0
LINE
8
BLACK
6
CONTINUOUS
10
6.56592
20
-4.05826
11
6.58223
21
-4.05826
0
LINE
8
BLACK
6
CONTINUOUS
10
6.58223
20
-4.05826
11
6.58223
21
-4.04587
0
LINE
8
BLACK
6
CONTINUOUS
10
6.58223
20
-4.04587
11
6.58047
21
-4.04235
0
LINE
8
BLACK
6
CONTINUOUS
10
6.58047
20
-4.04235
11
6.57901
21
-4.04089
0
LINE
8
BLACK
6
CONTINUOUS
10
6.57901
20
-4.04089
11
6.57549
21
-4.03913
0
LINE
8
BLACK
6
CONTINUOUS
10
6.57549
20
-4.03913
11
6.57266
21
-4.03913
0
LINE
8
BLACK
6
CONTINUOUS
10
6.57266
20
-4.03913
11
6.56914
21
-4.04089
0
LINE
8
BLACK
6
CONTINUOUS
10
6.59726
20
-4.03808
11
6.59611
21
-4.03923
0
LINE
8
BLACK
6
CONTINUOUS
10
6.59611
20
-4.03923
11
6.59404
21
-4.04544
0
LINE
8
BLACK
6
CONTINUOUS
10
6.59404
20
-4.04544
11
6.59404
21
-4.05826
0
LINE
8
BLACK
6
CONTINUOUS
10
6.59404
20
-4.05826
11
6.61316
21
-4.05826
0
LINE
8
BLACK
6
CONTINUOUS
10
6.61316
20
-4.05826
11
6.61316
21
-4.04306
0
LINE
8
BLACK
6
CONTINUOUS
10
6.61316
20
-4.04306
11
6.6114
21
-4.03954
0
LINE
8
BLACK
6
CONTINUOUS
10
6.6114
20
-4.03954
11
6.60995
21
-4.03808
0
LINE
8
BLACK
6
CONTINUOUS
10
6.60995
20
-4.03808
11
6.60643
21
-4.03632
0
LINE
8
BLACK
6
CONTINUOUS
10
6.60643
20
-4.03632
11
6.60078
21
-4.03632
0
LINE
8
BLACK
6
CONTINUOUS
10
6.60078
20
-4.03632
11
6.59726
21
-4.03808
0
LINE
8
BLACK
6
CONTINUOUS
10
6.7171
20
-3.97187
11
6.71926
21
-3.97403
0
LINE
8
BLACK
6
CONTINUOUS
10
6.71926
20
-3.97403
11
6.72005
21
-3.97699
0
LINE
8
BLACK
6
CONTINUOUS
10
6.72005
20
-3.97699
11
6.72005
21
-4.01073
0
LINE
8
BLACK
6
CONTINUOUS
10
6.72005
20
-4.01073
11
6.71926
21
-4.01368
0
LINE
8
BLACK
6
CONTINUOUS
10
6.71926
20
-4.01368
11
6.7171
21
-4.01585
0
LINE
8
BLACK
6
CONTINUOUS
10
6.7171
20
-4.01585
11
6.71415
21
-4.01664
0
LINE
8
BLACK
6
CONTINUOUS
10
6.71415
20
-4.01664
11
6.71119
21
-4.01585
0
LINE
8
BLACK
6
CONTINUOUS
10
6.71119
20
-4.01585
11
6.70903
21
-4.01368
0
LINE
8
BLACK
6
CONTINUOUS
10
6.70903
20
-4.01368
11
6.70824
21
-4.01073
0
LINE
8
BLACK
6
CONTINUOUS
10
6.70824
20
-4.01073
11
6.70824
21
-3.99976
0
LINE
8
BLACK
6
CONTINUOUS
10
6.70824
20
-3.99976
11
6.67216
21
-3.99976
0
LINE
8
BLACK
6
CONTINUOUS
10
6.67216
20
-3.99976
11
6.67333
21
-4.00093
0
LINE
8
BLACK
6
CONTINUOUS
10
6.67333
20
-4.00093
11
6.6738
21
-4.00175
0
LINE
8
BLACK
6
CONTINUOUS
10
6.6738
20
-4.00175
11
6.67443
21
-4.00247
0
LINE
8
BLACK
6
CONTINUOUS
10
6.67443
20
-4.00247
11
6.67725
21
-4.00809
0
LINE
8
BLACK
6
CONTINUOUS
10
6.67725
20
-4.00809
11
6.67786
21
-4.01108
0
LINE
8
BLACK
6
CONTINUOUS
10
6.67786
20
-4.01108
11
6.67689
21
-4.01398
0
LINE
8
BLACK
6
CONTINUOUS
10
6.67689
20
-4.01398
11
6.67461
21
-4.01601
0
LINE
8
BLACK
6
CONTINUOUS
10
6.67461
20
-4.01601
11
6.67161
21
-4.01663
0
LINE
8
BLACK
6
CONTINUOUS
10
6.67161
20
-4.01663
11
6.66871
21
-4.01566
0
LINE
8
BLACK
6
CONTINUOUS
10
6.66871
20
-4.01566
11
6.66668
21
-4.01337
0
LINE
8
BLACK
6
CONTINUOUS
10
6.66668
20
-4.01337
11
6.6643
21
-4.00861
0
LINE
8
BLACK
6
CONTINUOUS
10
6.6643
20
-4.00861
11
6.65977
21
-4.00407
0
LINE
8
BLACK
6
CONTINUOUS
10
6.65977
20
-4.00407
11
6.65182
21
-3.99877
0
LINE
8
BLACK
6
CONTINUOUS
10
6.65182
20
-3.99877
11
6.65093
21
-3.99776
0
LINE
8
BLACK
6
CONTINUOUS
10
6.65093
20
-3.99776
11
6.64998
21
-3.99681
0
LINE
8
BLACK
6
CONTINUOUS
10
6.64998
20
-3.99681
11
6.64993
21
-3.99662
0
LINE
8
BLACK
6
CONTINUOUS
10
6.64993
20
-3.99662
11
6.6498
21
-3.99648
0
LINE
8
BLACK
6
CONTINUOUS
10
6.6498
20
-3.99648
11
6.64953
21
-3.99516
0
LINE
8
BLACK
6
CONTINUOUS
10
6.64953
20
-3.99516
11
6.64919
21
-3.99386
0
LINE
8
BLACK
6
CONTINUOUS
10
6.64919
20
-3.99386
11
6.64924
21
-3.99367
0
LINE
8
BLACK
6
CONTINUOUS
10
6.64924
20
-3.99367
11
6.6492
21
-3.99348
0
LINE
8
BLACK
6
CONTINUOUS
10
6.6492
20
-3.99348
11
6.64963
21
-3.9922
0
LINE
8
BLACK
6
CONTINUOUS
10
6.64963
20
-3.9922
11
6.64998
21
-3.99091
0
LINE
8
BLACK
6
CONTINUOUS
10
6.64998
20
-3.99091
11
6.65012
21
-3.99077
0
LINE
8
BLACK
6
CONTINUOUS
10
6.65012
20
-3.99077
11
6.65018
21
-3.99058
0
LINE
8
BLACK
6
CONTINUOUS
10
6.65018
20
-3.99058
11
6.65119
21
-3.98969
0
LINE
8
BLACK
6
CONTINUOUS
10
6.65119
20
-3.98969
11
6.65214
21
-3.98874
0
LINE
8
BLACK
6
CONTINUOUS
10
6.65214
20
-3.98874
11
6.65233
21
-3.98869
0
LINE
8
BLACK
6
CONTINUOUS
10
6.65233
20
-3.98869
11
6.65247
21
-3.98856
0
LINE
8
BLACK
6
CONTINUOUS
10
6.65247
20
-3.98856
11
6.65379
21
-3.9883
0
LINE
8
BLACK
6
CONTINUOUS
10
6.65379
20
-3.9883
11
6.65509
21
-3.98795
0
LINE
8
BLACK
6
CONTINUOUS
10
6.65509
20
-3.98795
11
6.70824
21
-3.98795
0
LINE
8
BLACK
6
CONTINUOUS
10
6.70824
20
-3.98795
11
6.70824
21
-3.97699
0
LINE
8
BLACK
6
CONTINUOUS
10
6.70824
20
-3.97699
11
6.70903
21
-3.97403
0
LINE
8
BLACK
6
CONTINUOUS
10
6.70903
20
-3.97403
11
6.71119
21
-3.97187
0
LINE
8
BLACK
6
CONTINUOUS
10
6.71119
20
-3.97187
11
6.71415
21
-3.97108
0
LINE
8
BLACK
6
CONTINUOUS
10
6.71415
20
-3.97108
11
6.7171
21
-3.97187
0
LINE
8
BLACK
6
CONTINUOUS
10
6.59122
20
-3.84702
11
6.59255
21
-3.84729
0
LINE
8
BLACK
6
CONTINUOUS
10
6.59255
20
-3.84729
11
6.59817
21
-3.8501
0
LINE
8
BLACK
6
CONTINUOUS
10
6.59817
20
-3.8501
11
6.59888
21
-3.85073
0
LINE
8
BLACK
6
CONTINUOUS
10
6.59888
20
-3.85073
11
6.59971
21
-3.85121
0
LINE
8
BLACK
6
CONTINUOUS
10
6.59971
20
-3.85121
11
6.60252
21
-3.85402
0
LINE
8
BLACK
6
CONTINUOUS
10
6.60252
20
-3.85402
11
6.60299
21
-3.85484
0
LINE
8
BLACK
6
CONTINUOUS
10
6.60299
20
-3.85484
11
6.60363
21
-3.85556
0
LINE
8
BLACK
6
CONTINUOUS
10
6.60363
20
-3.85556
11
6.60644
21
-3.86118
0
LINE
8
BLACK
6
CONTINUOUS
10
6.60644
20
-3.86118
11
6.60671
21
-3.86251
0
LINE
8
BLACK
6
CONTINUOUS
10
6.60671
20
-3.86251
11
6.60706
21
-3.86382
0
LINE
8
BLACK
6
CONTINUOUS
10
6.60706
20
-3.86382
11
6.60706
21
-3.87226
0
LINE
8
BLACK
6
CONTINUOUS
10
6.60706
20
-3.87226
11
6.60671
21
-3.87357
0
LINE
8
BLACK
6
CONTINUOUS
10
6.60671
20
-3.87357
11
6.60644
21
-3.8749
0
LINE
8
BLACK
6
CONTINUOUS
10
6.60644
20
-3.8749
11
6.60363
21
-3.88052
0
LINE
8
BLACK
6
CONTINUOUS
10
6.60363
20
-3.88052
11
6.60299
21
-3.88123
0
LINE
8
BLACK
6
CONTINUOUS
10
6.60299
20
-3.88123
11
6.60252
21
-3.88206
0
LINE
8
BLACK
6
CONTINUOUS
10
6.60252
20
-3.88206
11
6.59971
21
-3.88487
0
LINE
8
BLACK
6
CONTINUOUS
10
6.59971
20
-3.88487
11
6.59888
21
-3.88534
0
LINE
8
BLACK
6
CONTINUOUS
10
6.59888
20
-3.88534
11
6.59817
21
-3.88598
0
LINE
8
BLACK
6
CONTINUOUS
10
6.59817
20
-3.88598
11
6.59255
21
-3.88879
0
LINE
8
BLACK
6
CONTINUOUS
10
6.59255
20
-3.88879
11
6.5924
21
-3.88882
0
LINE
8
BLACK
6
CONTINUOUS
10
6.5924
20
-3.88882
11
6.60599
21
-3.90824
0
LINE
8
BLACK
6
CONTINUOUS
10
6.60599
20
-3.90824
11
6.60704
21
-3.91111
0
LINE
8
BLACK
6
CONTINUOUS
10
6.60704
20
-3.91111
11
6.60651
21
-3.91412
0
LINE
8
BLACK
6
CONTINUOUS
10
6.60651
20
-3.91412
11
6.60454
21
-3.91647
0
LINE
8
BLACK
6
CONTINUOUS
10
6.60454
20
-3.91647
11
6.60167
21
-3.91751
0
LINE
8
BLACK
6
CONTINUOUS
10
6.60167
20
-3.91751
11
6.59866
21
-3.91698
0
LINE
8
BLACK
6
CONTINUOUS
10
6.59866
20
-3.91698
11
6.59632
21
-3.91501
0
LINE
8
BLACK
6
CONTINUOUS
10
6.59632
20
-3.91501
11
6.5784
21
-3.88941
0
LINE
8
BLACK
6
CONTINUOUS
10
6.5784
20
-3.88941
11
6.57332
21
-3.88941
0
LINE
8
BLACK
6
CONTINUOUS
10
6.57332
20
-3.88941
11
6.57332
21
-3.91163
0
LINE
8
BLACK
6
CONTINUOUS
10
6.57332
20
-3.91163
11
6.57252
21
-3.91458
0
LINE
8
BLACK
6
CONTINUOUS
10
6.57252
20
-3.91458
11
6.57036
21
-3.91674
0
LINE
8
BLACK
6
CONTINUOUS
10
6.57036
20
-3.91674
11
6.56741
21
-3.91753
0
LINE
8
BLACK
6
CONTINUOUS
10
6.56741
20
-3.91753
11
6.56446
21
-3.91674
0
LINE
8
BLACK
6
CONTINUOUS
10
6.56446
20
-3.91674
11
6.5623
21
-3.91458
0
LINE
8
BLACK
6
CONTINUOUS
10
6.5623
20
-3.91458
11
6.5615
21
-3.91163
0
LINE
8
BLACK
6
CONTINUOUS
10
6.5615
20
-3.91163
11
6.5615
21
-3.85257
0
LINE
8
BLACK
6
CONTINUOUS
10
6.5615
20
-3.85257
11
6.5623
21
-3.84962
0
LINE
8
BLACK
6
CONTINUOUS
10
6.5623
20
-3.84962
11
6.56446
21
-3.84746
0
LINE
8
BLACK
6
CONTINUOUS
10
6.56446
20
-3.84746
11
6.56741
21
-3.84667
0
LINE
8
BLACK
6
CONTINUOUS
10
6.56741
20
-3.84667
11
6.58991
21
-3.84667
0
LINE
8
BLACK
6
CONTINUOUS
10
6.58991
20
-3.84667
11
6.59122
21
-3.84702
0
LINE
8
BLACK
6
CONTINUOUS
10
6.57332
20
-3.8776
11
6.58851
21
-3.8776
0
LINE
8
BLACK
6
CONTINUOUS
10
6.58851
20
-3.8776
11
6.59203
21
-3.87584
0
LINE
8
BLACK
6
CONTINUOUS
10
6.59203
20
-3.87584
11
6.59349
21
-3.87438
0
LINE
8
BLACK
6
CONTINUOUS
10
6.59349
20
-3.87438
11
6.59525
21
-3.87086
0
LINE
8
BLACK
6
CONTINUOUS
10
6.59525
20
-3.87086
11
6.59525
21
-3.86521
0
LINE
8
BLACK
6
CONTINUOUS
10
6.59525
20
-3.86521
11
6.59349
21
-3.86169
0
LINE
8
BLACK
6
CONTINUOUS
10
6.59349
20
-3.86169
11
6.59203
21
-3.86024
0
LINE
8
BLACK
6
CONTINUOUS
10
6.59203
20
-3.86024
11
6.58851
21
-3.85848
0
LINE
8
BLACK
6
CONTINUOUS
10
6.58851
20
-3.85848
11
6.57332
21
-3.85848
0
LINE
8
BLACK
6
CONTINUOUS
10
6.57332
20
-3.85848
11
6.57332
21
-3.8776
0
LINE
8
BLACK
6
CONTINUOUS
10
6.65473
20
-3.84746
11
6.65689
21
-3.84962
0
LINE
8
BLACK
6
CONTINUOUS
10
6.65689
20
-3.84962
11
6.65768
21
-3.85257
0
LINE
8
BLACK
6
CONTINUOUS
10
6.65768
20
-3.85257
11
6.65689
21
-3.85552
0
LINE
8
BLACK
6
CONTINUOUS
10
6.65689
20
-3.85552
11
6.65473
21
-3.85769
0
LINE
8
BLACK
6
CONTINUOUS
10
6.65473
20
-3.85769
11
6.65177
21
-3.85848
0
LINE
8
BLACK
6
CONTINUOUS
10
6.65177
20
-3.85848
11
6.64081
21
-3.85848
0
LINE
8
BLACK
6
CONTINUOUS
10
6.64081
20
-3.85848
11
6.64081
21
-3.91163
0
LINE
8
BLACK
6
CONTINUOUS
10
6.64081
20
-3.91163
11
6.64002
21
-3.91458
0
LINE
8
BLACK
6
CONTINUOUS
10
6.64002
20
-3.91458
11
6.63785
21
-3.91674
0
LINE
8
BLACK
6
CONTINUOUS
10
6.63785
20
-3.91674
11
6.6349
21
-3.91753
0
LINE
8
BLACK
6
CONTINUOUS
10
6.6349
20
-3.91753
11
6.63195
21
-3.91674
0
LINE
8
BLACK
6
CONTINUOUS
10
6.63195
20
-3.91674
11
6.62979
21
-3.91458
0
LINE
8
BLACK
6
CONTINUOUS
10
6.62979
20
-3.91458
11
6.629
21
-3.91163
0
LINE
8
BLACK
6
CONTINUOUS
10
6.629
20
-3.91163
11
6.629
21
-3.85848
0
LINE
8
BLACK
6
CONTINUOUS
10
6.629
20
-3.85848
11
6.61803
21
-3.85848
0
LINE
8
BLACK
6
CONTINUOUS
10
6.61803
20
-3.85848
11
6.61508
21
-3.85769
0
LINE
8
BLACK
6
CONTINUOUS
10
6.61508
20
-3.85769
11
6.61291
21
-3.85552
0
LINE
8
BLACK
6
CONTINUOUS
10
6.61291
20
-3.85552
11
6.61212
21
-3.85257
0
LINE
8
BLACK
6
CONTINUOUS
10
6.61212
20
-3.85257
11
6.61291
21
-3.84962
0
LINE
8
BLACK
6
CONTINUOUS
10
6.61291
20
-3.84962
11
6.61508
21
-3.84746
0
LINE
8
BLACK
6
CONTINUOUS
10
6.61508
20
-3.84746
11
6.61803
21
-3.84667
0
LINE
8
BLACK
6
CONTINUOUS
10
6.61803
20
-3.84667
11
6.65177
21
-3.84667
0
LINE
8
BLACK
6
CONTINUOUS
10
6.65177
20
-3.84667
11
6.65473
21
-3.84746
0
LINE
8
BLACK
6
CONTINUOUS
10
6.67441
20
-3.84746
11
6.67657
21
-3.84962
0
LINE
8
BLACK
6
CONTINUOUS
10
6.67657
20
-3.84962
11
6.67736
21
-3.85257
0
LINE
8
BLACK
6
CONTINUOUS
10
6.67736
20
-3.85257
11
6.67736
21
-3.87206
0
LINE
8
BLACK
6
CONTINUOUS
10
6.67736
20
-3.87206
11
6.70103
21
-3.8484
0
LINE
8
BLACK
6
CONTINUOUS
10
6.70103
20
-3.8484
11
6.70368
21
-3.84687
0
LINE
8
BLACK
6
CONTINUOUS
10
6.70368
20
-3.84687
11
6.70673
21
-3.84687
0
LINE
8
BLACK
6
CONTINUOUS
10
6.70673
20
-3.84687
11
6.70938
21
-3.8484
0
LINE
8
BLACK
6
CONTINUOUS
10
6.70938
20
-3.8484
11
6.71091
21
-3.85104
0
LINE
8
BLACK
6
CONTINUOUS
10
6.71091
20
-3.85104
11
6.71091
21
-3.8541
0
LINE
8
BLACK
6
CONTINUOUS
10
6.71091
20
-3.8541
11
6.70938
21
-3.85675
0
LINE
8
BLACK
6
CONTINUOUS
10
6.70938
20
-3.85675
11
6.68769
21
-3.87844
0
LINE
8
BLACK
6
CONTINUOUS
10
6.68769
20
-3.87844
11
6.70993
21
-3.90808
0
LINE
8
BLACK
6
CONTINUOUS
10
6.70993
20
-3.90808
11
6.71107
21
-3.91092
0
LINE
8
BLACK
6
CONTINUOUS
10
6.71107
20
-3.91092
11
6.71064
21
-3.91395
0
LINE
8
BLACK
6
CONTINUOUS
10
6.71064
20
-3.91395
11
6.70875
21
-3.91635
0
LINE
8
BLACK
6
CONTINUOUS
10
6.70875
20
-3.91635
11
6.70591
21
-3.91749
0
LINE
8
BLACK
6
CONTINUOUS
10
6.70591
20
-3.91749
11
6.70289
21
-3.91706
0
LINE
8
BLACK
6
CONTINUOUS
10
6.70289
20
-3.91706
11
6.70048
21
-3.91517
0
LINE
8
BLACK
6
CONTINUOUS
10
6.70048
20
-3.91517
11
6.67926
21
-3.88687
0
LINE
8
BLACK
6
CONTINUOUS
10
6.67926
20
-3.88687
11
6.67736
21
-3.88876
0
LINE
8
BLACK
6
CONTINUOUS
10
6.67736
20
-3.88876
11
6.67736
21
-3.91163
0
LINE
8
BLACK
6
CONTINUOUS
10
6.67736
20
-3.91163
11
6.67657
21
-3.91458
0
LINE
8
BLACK
6
CONTINUOUS
10
6.67657
20
-3.91458
11
6.67441
21
-3.91674
0
LINE
8
BLACK
6
CONTINUOUS
10
6.67441
20
-3.91674
11
6.67146
21
-3.91753
0
LINE
8
BLACK
6
CONTINUOUS
10
6.67146
20
-3.91753
11
6.66851
21
-3.91674
0
LINE
8
BLACK
6
CONTINUOUS
10
6.66851
20
-3.91674
11
6.66635
21
-3.91458
0
LINE
8
BLACK
6
CONTINUOUS
10
6.66635
20
-3.91458
11
6.66555
21
-3.91163
0
LINE
8
BLACK
6
CONTINUOUS
10
6.66555
20
-3.91163
11
6.66555
21
-3.85257
0
LINE
8
BLACK
6
CONTINUOUS
10
6.66555
20
-3.85257
11
6.66635
21
-3.84962
0
LINE
8
BLACK
6
CONTINUOUS
10
6.66635
20
-3.84962
11
6.66851
21
-3.84746
0
LINE
8
BLACK
6
CONTINUOUS
10
6.66851
20
-3.84746
11
6.67146
21
-3.84667
0
LINE
8
BLACK
6
CONTINUOUS
10
6.67146
20
-3.84667
11
6.67441
21
-3.84746
0
LINE
8
BLACK
6
CONTINUOUS
10
5.09726
20
-3.74808
11
5.09728
21
-3.74808
0
LINE
8
BLACK
6
CONTINUOUS
10
5.09728
20
-3.74808
11
5.09874
21
-3.74848
0
LINE
8
BLACK
6
CONTINUOUS
10
5.09874
20
-3.74848
11
5.1002
21
-3.74887
0
LINE
8
BLACK
6
CONTINUOUS
10
5.1002
20
-3.74887
11
5.10021
21
-3.74888
0
LINE
8
BLACK
6
CONTINUOUS
10
5.10021
20
-3.74888
11
5.10023
21
-3.74888
0
LINE
8
BLACK
6
CONTINUOUS
10
5.10023
20
-3.74888
11
5.1013
21
-3.74996
0
LINE
8
BLACK
6
CONTINUOUS
10
5.1013
20
-3.74996
11
5.10237
21
-3.75103
0
LINE
8
BLACK
6
CONTINUOUS
10
5.10237
20
-3.75103
11
5.10237
21
-3.75104
0
LINE
8
BLACK
6
CONTINUOUS
10
5.10237
20
-3.75104
11
5.10238
21
-3.75105
0
LINE
8
BLACK
6
CONTINUOUS
10
5.10238
20
-3.75105
11
5.10276
21
-3.75252
0
LINE
8
BLACK
6
CONTINUOUS
10
5.10276
20
-3.75252
11
5.10316
21
-3.75398
0
LINE
8
BLACK
6
CONTINUOUS
10
5.10316
20
-3.75398
11
5.10315
21
-3.754
0
LINE
8
BLACK
6
CONTINUOUS
10
5.10315
20
-3.754
11
5.10316
21
-3.75401
0
LINE
8
BLACK
6
CONTINUOUS
10
5.10316
20
-3.75401
11
5.10276
21
-3.75547
0
LINE
8
BLACK
6
CONTINUOUS
10
5.10276
20
-3.75547
11
5.10237
21
-3.75693
0
LINE
8
BLACK
6
CONTINUOUS
10
5.10237
20
-3.75693
11
5.10236
21
-3.75694
0
LINE
8
BLACK
6
CONTINUOUS
10
5.10236
20
-3.75694
11
5.10235
21
-3.75696
0
LINE
8
BLACK
6
CONTINUOUS
10
5.10235
20
-3.75696
11
5.10128
21
-3.75802
0
LINE
8
BLACK
6
CONTINUOUS
10
5.10128
20
-3.75802
11
5.1002
21
-3.7591
0
LINE
8
BLACK
6
CONTINUOUS
10
5.1002
20
-3.7591
11
5.10019
21
-3.7591
0
LINE
8
BLACK
6
CONTINUOUS
10
5.10019
20
-3.7591
11
5.10018
21
-3.75911
0
LINE
8
BLACK
6
CONTINUOUS
10
5.10018
20
-3.75911
11
5.06043
21
-3.78182
0
LINE
8
BLACK
6
CONTINUOUS
10
5.06043
20
-3.78182
11
5.09725
21
-3.78182
0
LINE
8
BLACK
6
CONTINUOUS
10
5.09725
20
-3.78182
11
5.1002
21
-3.78261
0
LINE
8
BLACK
6
CONTINUOUS
10
5.1002
20
-3.78261
11
5.10237
21
-3.78477
0
LINE
8
BLACK
6
CONTINUOUS
10
5.10237
20
-3.78477
11
5.10316
21
-3.78773
0
LINE
8
BLACK
6
CONTINUOUS
10
5.10316
20
-3.78773
11
5.10237
21
-3.79068
0
LINE
8
BLACK
6
CONTINUOUS
10
5.10237
20
-3.79068
11
5.1002
21
-3.79284
0
LINE
8
BLACK
6
CONTINUOUS
10
5.1002
20
-3.79284
11
5.09725
21
-3.79363
0
LINE
8
BLACK
6
CONTINUOUS
10
5.09725
20
-3.79363
11
5.0382
21
-3.79363
0
LINE
8
BLACK
6
CONTINUOUS
10
5.0382
20
-3.79363
11
5.03818
21
-3.79363
0
LINE
8
BLACK
6
CONTINUOUS
10
5.03818
20
-3.79363
11
5.03817
21
-3.79363
0
LINE
8
BLACK
6
CONTINUOUS
10
5.03817
20
-3.79363
11
5.0367
21
-3.79323
0
LINE
8
BLACK
6
CONTINUOUS
10
5.0367
20
-3.79323
11
5.03524
21
-3.79284
0
LINE
8
BLACK
6
CONTINUOUS
10
5.03524
20
-3.79284
11
5.03523
21
-3.79283
0
LINE
8
BLACK
6
CONTINUOUS
10
5.03523
20
-3.79283
11
5.03522
21
-3.79283
0
LINE
8
BLACK
6
CONTINUOUS
10
5.03522
20
-3.79283
11
5.03415
21
-3.79175
0
LINE
8
BLACK
6
CONTINUOUS
10
5.03415
20
-3.79175
11
5.03308
21
-3.79068
0
LINE
8
BLACK
6
CONTINUOUS
10
5.03308
20
-3.79068
11
5.03308
21
-3.79067
0
LINE
8
BLACK
6
CONTINUOUS
10
5.03308
20
-3.79067
11
5.03307
21
-3.79066
0
LINE
8
BLACK
6
CONTINUOUS
10
5.03307
20
-3.79066
11
5.03268
21
-3.78919
0
LINE
8
BLACK
6
CONTINUOUS
10
5.03268
20
-3.78919
11
5.03229
21
-3.78773
0
LINE
8
BLACK
6
CONTINUOUS
10
5.03229
20
-3.78773
11
5.03229
21
-3.78771
0
LINE
8
BLACK
6
CONTINUOUS
10
5.03229
20
-3.78771
11
5.03229
21
-3.7877
0
LINE
8
BLACK
6
CONTINUOUS
10
5.03229
20
-3.7877
11
5.03269
21
-3.78624
0
LINE
8
BLACK
6
CONTINUOUS
10
5.03269
20
-3.78624
11
5.03308
21
-3.78477
0
LINE
8
BLACK
6
CONTINUOUS
10
5.03308
20
-3.78477
11
5.03309
21
-3.78477
0
LINE
8
BLACK
6
CONTINUOUS
10
5.03309
20
-3.78477
11
5.03309
21
-3.78475
0
LINE
8
BLACK
6
CONTINUOUS
10
5.03309
20
-3.78475
11
5.03417
21
-3.78369
0
LINE
8
BLACK
6
CONTINUOUS
10
5.03417
20
-3.78369
11
5.03524
21
-3.78261
0
LINE
8
BLACK
6
CONTINUOUS
10
5.03524
20
-3.78261
11
5.03526
21
-3.78261
0
LINE
8
BLACK
6
CONTINUOUS
10
5.03526
20
-3.78261
11
5.03527
21
-3.7826
0
LINE
8
BLACK
6
CONTINUOUS
10
5.03527
20
-3.7826
11
5.07501
21
-3.75989
0
LINE
8
BLACK
6
CONTINUOUS
10
5.07501
20
-3.75989
11
5.0382
21
-3.75989
0
LINE
8
BLACK
6
CONTINUOUS
10
5.0382
20
-3.75989
11
5.03524
21
-3.7591
0
LINE
8
BLACK
6
CONTINUOUS
10
5.03524
20
-3.7591
11
5.03308
21
-3.75693
0
LINE
8
BLACK
6
CONTINUOUS
10
5.03308
20
-3.75693
11
5.03229
21
-3.75398
0
LINE
8
BLACK
6
CONTINUOUS
10
5.03229
20
-3.75398
11
5.03308
21
-3.75103
0
LINE
8
BLACK
6
CONTINUOUS
10
5.03308
20
-3.75103
11
5.03524
21
-3.74887
0
LINE
8
BLACK
6
CONTINUOUS
10
5.03524
20
-3.74887
11
5.0382
21
-3.74808
0
LINE
8
BLACK
6
CONTINUOUS
10
5.0382
20
-3.74808
11
5.09725
21
-3.74808
0
LINE
8
BLACK
6
CONTINUOUS
10
5.09725
20
-3.74808
11
5.09726
21
-3.74808
0
LINE
8
BLACK
6
CONTINUOUS
10
6.76673
20
-3.69859
11
6.76751
21
-3.69859
0
LINE
8
BLACK
6
CONTINUOUS
10
6.76751
20
-3.69859
11
6.76818
21
-3.69898
0
LINE
8
BLACK
6
CONTINUOUS
10
6.76818
20
-3.69898
11
6.76894
21
-3.69918
0
LINE
8
BLACK
6
CONTINUOUS
10
6.76894
20
-3.69918
11
6.76949
21
-3.69973
0
LINE
8
BLACK
6
CONTINUOUS
10
6.76949
20
-3.69973
11
6.77016
21
-3.70012
0
LINE
8
BLACK
6
CONTINUOUS
10
6.77016
20
-3.70012
11
6.77297
21
-3.70293
0
LINE
8
BLACK
6
CONTINUOUS
10
6.77297
20
-3.70293
11
6.77365
21
-3.7041
0
LINE
8
BLACK
6
CONTINUOUS
10
6.77365
20
-3.7041
11
6.7744
21
-3.70524
0
LINE
8
BLACK
6
CONTINUOUS
10
6.7744
20
-3.70524
11
6.77721
21
-3.71367
0
LINE
8
BLACK
6
CONTINUOUS
10
6.77721
20
-3.71367
11
6.77727
21
-3.71462
0
LINE
8
BLACK
6
CONTINUOUS
10
6.77727
20
-3.71462
11
6.77751
21
-3.71554
0
LINE
8
BLACK
6
CONTINUOUS
10
6.77751
20
-3.71554
11
6.77751
21
-3.72116
0
LINE
8
BLACK
6
CONTINUOUS
10
6.77751
20
-3.72116
11
6.77727
21
-3.72208
0
LINE
8
BLACK
6
CONTINUOUS
10
6.77727
20
-3.72208
11
6.77721
21
-3.72303
0
LINE
8
BLACK
6
CONTINUOUS
10
6.77721
20
-3.72303
11
6.7744
21
-3.73147
0
LINE
8
BLACK
6
CONTINUOUS
10
6.7744
20
-3.73147
11
6.77365
21
-3.7326
0
LINE
8
BLACK
6
CONTINUOUS
10
6.77365
20
-3.7326
11
6.77297
21
-3.73378
0
LINE
8
BLACK
6
CONTINUOUS
10
6.77297
20
-3.73378
11
6.76735
21
-3.7394
0
LINE
8
BLACK
6
CONTINUOUS
10
6.76735
20
-3.7394
11
6.76652
21
-3.73988
0
LINE
8
BLACK
6
CONTINUOUS
10
6.76652
20
-3.73988
11
6.76581
21
-3.74051
0
LINE
8
BLACK
6
CONTINUOUS
10
6.76581
20
-3.74051
11
6.76019
21
-3.74332
0
LINE
8
BLACK
6
CONTINUOUS
10
6.76019
20
-3.74332
11
6.75955
21
-3.74345
0
LINE
8
BLACK
6
CONTINUOUS
10
6.75955
20
-3.74345
11
6.75898
21
-3.74377
0
LINE
8
BLACK
6
CONTINUOUS
10
6.75898
20
-3.74377
11
6.74773
21
-3.74658
0
LINE
8
BLACK
6
CONTINUOUS
10
6.74773
20
-3.74658
11
6.747
21
-3.74657
0
LINE
8
BLACK
6
CONTINUOUS
10
6.747
20
-3.74657
11
6.7463
21
-3.74675
0
LINE
8
BLACK
6
CONTINUOUS
10
6.7463
20
-3.74675
11
6.73786
21
-3.74675
0
LINE
8
BLACK
6
CONTINUOUS
10
6.73786
20
-3.74675
11
6.73716
21
-3.74657
0
LINE
8
BLACK
6
CONTINUOUS
10
6.73716
20
-3.74657
11
6.73643
21
-3.74658
0
LINE
8
BLACK
6
CONTINUOUS
10
6.73643
20
-3.74658
11
6.72518
21
-3.74377
0
LINE
8
BLACK
6
CONTINUOUS
10
6.72518
20
-3.74377
11
6.72461
21
-3.74345
0
LINE
8
BLACK
6
CONTINUOUS
10
6.72461
20
-3.74345
11
6.72397
21
-3.74332
0
LINE
8
BLACK
6
CONTINUOUS
10
6.72397
20
-3.74332
11
6.71835
21
-3.74051
0
LINE
8
BLACK
6
CONTINUOUS
10
6.71835
20
-3.74051
11
6.71764
21
-3.73988
0
LINE
8
BLACK
6
CONTINUOUS
10
6.71764
20
-3.73988
11
6.71681
21
-3.7394
0
LINE
8
BLACK
6
CONTINUOUS
10
6.71681
20
-3.7394
11
6.71119
21
-3.73378
0
LINE
8
BLACK
6
CONTINUOUS
10
6.71119
20
-3.73378
11
6.71051
21
-3.7326
0
LINE
8
BLACK
6
CONTINUOUS
10
6.71051
20
-3.7326
11
6.70976
21
-3.73147
0
LINE
8
BLACK
6
CONTINUOUS
10
6.70976
20
-3.73147
11
6.70695
21
-3.72303
0
LINE
8
BLACK
6
CONTINUOUS
10
6.70695
20
-3.72303
11
6.70689
21
-3.72208
0
LINE
8
BLACK
6
CONTINUOUS
10
6.70689
20
-3.72208
11
6.70665
21
-3.72116
0
LINE
8
BLACK
6
CONTINUOUS
10
6.70665
20
-3.72116
11
6.70665
21
-3.71273
0
LINE
8
BLACK
6
CONTINUOUS
10
6.70665
20
-3.71273
11
6.707
21
-3.71142
0
LINE
8
BLACK
6
CONTINUOUS
10
6.707
20
-3.71142
11
6.70727
21
-3.71009
0
LINE
8
BLACK
6
CONTINUOUS
10
6.70727
20
-3.71009
11
6.71008
21
-3.70446
0
LINE
8
BLACK
6
CONTINUOUS
10
6.71008
20
-3.70446
11
6.71211
21
-3.70218
0
LINE
8
BLACK
6
CONTINUOUS
10
6.71211
20
-3.70218
11
6.71501
21
-3.70121
0
LINE
8
BLACK
6
CONTINUOUS
10
6.71501
20
-3.70121
11
6.71801
21
-3.70182
0
LINE
8
BLACK
6
CONTINUOUS
10
6.71801
20
-3.70182
11
6.72029
21
-3.70385
0
LINE
8
BLACK
6
CONTINUOUS
10
6.72029
20
-3.70385
11
6.72126
21
-3.70675
0
LINE
8
BLACK
6
CONTINUOUS
10
6.72126
20
-3.70675
11
6.72065
21
-3.70974
0
LINE
8
BLACK
6
CONTINUOUS
10
6.72065
20
-3.70974
11
6.71846
21
-3.71412
0
LINE
8
BLACK
6
CONTINUOUS
10
6.71846
20
-3.71412
11
6.71846
21
-3.72021
0
LINE
8
BLACK
6
CONTINUOUS
10
6.71846
20
-3.72021
11
6.72053
21
-3.72641
0
LINE
8
BLACK
6
CONTINUOUS
10
6.72053
20
-3.72641
11
6.72449
21
-3.73037
0
LINE
8
BLACK
6
CONTINUOUS
10
6.72449
20
-3.73037
11
6.72867
21
-3.73247
0
LINE
8
BLACK
6
CONTINUOUS
10
6.72867
20
-3.73247
11
6.73859
21
-3.73494
0
LINE
8
BLACK
6
CONTINUOUS
10
6.73859
20
-3.73494
11
6.74557
21
-3.73494
0
LINE
8
BLACK
6
CONTINUOUS
10
6.74557
20
-3.73494
11
6.75549
21
-3.73247
0
LINE
8
BLACK
6
CONTINUOUS
10
6.75549
20
-3.73247
11
6.75967
21
-3.73037
0
LINE
8
BLACK
6
CONTINUOUS
10
6.75967
20
-3.73037
11
6.76363
21
-3.72641
0
LINE
8
BLACK
6
CONTINUOUS
10
6.76363
20
-3.72641
11
6.7657
21
-3.72021
0
LINE
8
BLACK
6
CONTINUOUS
10
6.7657
20
-3.72021
11
6.7657
21
-3.7165
0
LINE
8
BLACK
6
CONTINUOUS
10
6.7657
20
-3.7165
11
6.76363
21
-3.71029
0
LINE
8
BLACK
6
CONTINUOUS
10
6.76363
20
-3.71029
11
6.76354
21
-3.7102
0
LINE
8
BLACK
6
CONTINUOUS
10
6.76354
20
-3.7102
11
6.7522
21
-3.7102
0
LINE
8
BLACK
6
CONTINUOUS
10
6.7522
20
-3.7102
11
6.7522
21
-3.71554
0
LINE
8
BLACK
6
CONTINUOUS
10
6.7522
20
-3.71554
11
6.75141
21
-3.71849
0
LINE
8
BLACK
6
CONTINUOUS
10
6.75141
20
-3.71849
11
6.74925
21
-3.72065
0
LINE
8
BLACK
6
CONTINUOUS
10
6.74925
20
-3.72065
11
6.7463
21
-3.72145
0
LINE
8
BLACK
6
CONTINUOUS
10
6.7463
20
-3.72145
11
6.74335
21
-3.72065
0
LINE
8
BLACK
6
CONTINUOUS
10
6.74335
20
-3.72065
11
6.74118
21
-3.71849
0
LINE
8
BLACK
6
CONTINUOUS
10
6.74118
20
-3.71849
11
6.74039
21
-3.71554
0
LINE
8
BLACK
6
CONTINUOUS
10
6.74039
20
-3.71554
11
6.74039
21
-3.70429
0
LINE
8
BLACK
6
CONTINUOUS
10
6.74039
20
-3.70429
11
6.74118
21
-3.70134
0
LINE
8
BLACK
6
CONTINUOUS
10
6.74118
20
-3.70134
11
6.74335
21
-3.69918
0
LINE
8
BLACK
6
CONTINUOUS
10
6.74335
20
-3.69918
11
6.7463
21
-3.69839
0
LINE
8
BLACK
6
CONTINUOUS
10
6.7463
20
-3.69839
11
6.76598
21
-3.69839
0
LINE
8
BLACK
6
CONTINUOUS
10
6.76598
20
-3.69839
11
6.76673
21
-3.69859
0
LINE
8
BLACK
6
CONTINUOUS
10
5.07827
20
-3.68359
11
5.079
21
-3.68357
0
LINE
8
BLACK
6
CONTINUOUS
10
5.079
20
-3.68357
11
5.09025
21
-3.68639
0
LINE
8
BLACK
6
CONTINUOUS
10
5.09025
20
-3.68639
11
5.09029
21
-3.68641
0
LINE
8
BLACK
6
CONTINUOUS
10
5.09029
20
-3.68641
11
5.09034
21
-3.68641
0
LINE
8
BLACK
6
CONTINUOUS
10
5.09034
20
-3.68641
11
5.09163
21
-3.68715
0
LINE
8
BLACK
6
CONTINUOUS
10
5.09163
20
-3.68715
11
5.09292
21
-3.68787
0
LINE
8
BLACK
6
CONTINUOUS
10
5.09292
20
-3.68787
11
5.09295
21
-3.68791
0
LINE
8
BLACK
6
CONTINUOUS
10
5.09295
20
-3.68791
11
5.09299
21
-3.68794
0
LINE
8
BLACK
6
CONTINUOUS
10
5.09299
20
-3.68794
11
5.09861
21
-3.69356
0
LINE
8
BLACK
6
CONTINUOUS
10
5.09861
20
-3.69356
11
5.09909
21
-3.69439
0
LINE
8
BLACK
6
CONTINUOUS
10
5.09909
20
-3.69439
11
5.09972
21
-3.6951
0
LINE
8
BLACK
6
CONTINUOUS
10
5.09972
20
-3.6951
11
5.10253
21
-3.70072
0
LINE
8
BLACK
6
CONTINUOUS
10
5.10253
20
-3.70072
11
5.10281
21
-3.70205
0
LINE
8
BLACK
6
CONTINUOUS
10
5.10281
20
-3.70205
11
5.10316
21
-3.70336
0
LINE
8
BLACK
6
CONTINUOUS
10
5.10316
20
-3.70336
11
5.10316
21
-3.71461
0
LINE
8
BLACK
6
CONTINUOUS
10
5.10316
20
-3.71461
11
5.10281
21
-3.71592
0
LINE
8
BLACK
6
CONTINUOUS
10
5.10281
20
-3.71592
11
5.10253
21
-3.71725
0
LINE
8
BLACK
6
CONTINUOUS
10
5.10253
20
-3.71725
11
5.09972
21
-3.72288
0
LINE
8
BLACK
6
CONTINUOUS
10
5.09972
20
-3.72288
11
5.09909
21
-3.72359
0
LINE
8
BLACK
6
CONTINUOUS
10
5.09909
20
-3.72359
11
5.09861
21
-3.72441
0
LINE
8
BLACK
6
CONTINUOUS
10
5.09861
20
-3.72441
11
5.09299
21
-3.73004
0
LINE
8
BLACK
6
CONTINUOUS
10
5.09299
20
-3.73004
11
5.09295
21
-3.73006
0
LINE
8
BLACK
6
CONTINUOUS
10
5.09295
20
-3.73006
11
5.09292
21
-3.73011
0
LINE
8
BLACK
6
CONTINUOUS
10
5.09292
20
-3.73011
11
5.09163
21
-3.73082
0
LINE
8
BLACK
6
CONTINUOUS
10
5.09163
20
-3.73082
11
5.09034
21
-3.73156
0
LINE
8
BLACK
6
CONTINUOUS
10
5.09034
20
-3.73156
11
5.09029
21
-3.73156
0
LINE
8
BLACK
6
CONTINUOUS
10
5.09029
20
-3.73156
11
5.09025
21
-3.73159
0
LINE
8
BLACK
6
CONTINUOUS
10
5.09025
20
-3.73159
11
5.079
21
-3.7344
0
LINE
8
BLACK
6
CONTINUOUS
10
5.079
20
-3.7344
11
5.07827
21
-3.73439
0
LINE
8
BLACK
6
CONTINUOUS
10
5.07827
20
-3.73439
11
5.07757
21
-3.73458
0
LINE
8
BLACK
6
CONTINUOUS
10
5.07757
20
-3.73458
11
5.05788
21
-3.73458
0
LINE
8
BLACK
6
CONTINUOUS
10
5.05788
20
-3.73458
11
5.05718
21
-3.73439
0
LINE
8
BLACK
6
CONTINUOUS
10
5.05718
20
-3.73439
11
5.05645
21
-3.7344
0
LINE
8
BLACK
6
CONTINUOUS
10
5.05645
20
-3.7344
11
5.0452
21
-3.73159
0
LINE
8
BLACK
6
CONTINUOUS
10
5.0452
20
-3.73159
11
5.04516
21
-3.73156
0
LINE
8
BLACK
6
CONTINUOUS
10
5.04516
20
-3.73156
11
5.0451
21
-3.73156
0
LINE
8
BLACK
6
CONTINUOUS
10
5.0451
20
-3.73156
11
5.04382
21
-3.73082
0
LINE
8
BLACK
6
CONTINUOUS
10
5.04382
20
-3.73082
11
5.04253
21
-3.73011
0
LINE
8
BLACK
6
CONTINUOUS
10
5.04253
20
-3.73011
11
5.0425
21
-3.73006
0
LINE
8
BLACK
6
CONTINUOUS
10
5.0425
20
-3.73006
11
5.04246
21
-3.73004
0
LINE
8
BLACK
6
CONTINUOUS
10
5.04246
20
-3.73004
11
5.03683
21
-3.72441
0
LINE
8
BLACK
6
CONTINUOUS
10
5.03683
20
-3.72441
11
5.03636
21
-3.72359
0
LINE
8
BLACK
6
CONTINUOUS
10
5.03636
20
-3.72359
11
5.03573
21
-3.72288
0
LINE
8
BLACK
6
CONTINUOUS
10
5.03573
20
-3.72288
11
5.03291
21
-3.71725
0
LINE
8
BLACK
6
CONTINUOUS
10
5.03291
20
-3.71725
11
5.03264
21
-3.71592
0
LINE
8
BLACK
6
CONTINUOUS
10
5.03264
20
-3.71592
11
5.03229
21
-3.71461
0
LINE
8
BLACK
6
CONTINUOUS
10
5.03229
20
-3.71461
11
5.03229
21
-3.70336
0
LINE
8
BLACK
6
CONTINUOUS
10
5.03229
20
-3.70336
11
5.03264
21
-3.70205
0
LINE
8
BLACK
6
CONTINUOUS
10
5.03264
20
-3.70205
11
5.03291
21
-3.70072
0
LINE
8
BLACK
6
CONTINUOUS
10
5.03291
20
-3.70072
11
5.03573
21
-3.6951
0
LINE
8
BLACK
6
CONTINUOUS
10
5.03573
20
-3.6951
11
5.03636
21
-3.69439
0
LINE
8
BLACK
6
CONTINUOUS
10
5.03636
20
-3.69439
11
5.03683
21
-3.69356
0
LINE
8
BLACK
6
CONTINUOUS
10
5.03683
20
-3.69356
11
5.04246
21
-3.68794
0
LINE
8
BLACK
6
CONTINUOUS
10
5.04246
20
-3.68794
11
5.0425
21
-3.68791
0
LINE
8
BLACK
6
CONTINUOUS
10
5.0425
20
-3.68791
11
5.04253
21
-3.68787
0
LINE
8
BLACK
6
CONTINUOUS
10
5.04253
20
-3.68787
11
5.04382
21
-3.68715
0
LINE
8
BLACK
6
CONTINUOUS
10
5.04382
20
-3.68715
11
5.0451
21
-3.68641
0
LINE
8
BLACK
6
CONTINUOUS
10
5.0451
20
-3.68641
11
5.04516
21
-3.68641
0
LINE
8
BLACK
6
CONTINUOUS
10
5.04516
20
-3.68641
11
5.0452
21
-3.68639
0
LINE
8
BLACK
6
CONTINUOUS
10
5.0452
20
-3.68639
11
5.05645
21
-3.68357
0
LINE
8
BLACK
6
CONTINUOUS
10
5.05645
20
-3.68357
11
5.05718
21
-3.68359
0
LINE
8
BLACK
6
CONTINUOUS
10
5.05718
20
-3.68359
11
5.05788
21
-3.6834
0
LINE
8
BLACK
6
CONTINUOUS
10
5.05788
20
-3.6834
11
5.07757
21
-3.6834
0
LINE
8
BLACK
6
CONTINUOUS
10
5.07757
20
-3.6834
11
5.07827
21
-3.68359
0
LINE
8
BLACK
6
CONTINUOUS
10
5.04965
20
-3.69745
11
5.04586
21
-3.70124
0
LINE
8
BLACK
6
CONTINUOUS
10
5.04586
20
-3.70124
11
5.0441
21
-3.70476
0
LINE
8
BLACK
6
CONTINUOUS
10
5.0441
20
-3.70476
11
5.0441
21
-3.71322
0
LINE
8
BLACK
6
CONTINUOUS
10
5.0441
20
-3.71322
11
5.04586
21
-3.71674
0
LINE
8
BLACK
6
CONTINUOUS
10
5.04586
20
-3.71674
11
5.04965
21
-3.72053
0
LINE
8
BLACK
6
CONTINUOUS
10
5.04965
20
-3.72053
11
5.05861
21
-3.72277
0
LINE
8
BLACK
6
CONTINUOUS
10
5.05861
20
-3.72277
11
5.07684
21
-3.72277
0
LINE
8
BLACK
6
CONTINUOUS
10
5.07684
20
-3.72277
11
5.0858
21
-3.72053
0
LINE
8
BLACK
6
CONTINUOUS
10
5.0858
20
-3.72053
11
5.08959
21
-3.71674
0
LINE
8
BLACK
6
CONTINUOUS
10
5.08959
20
-3.71674
11
5.09135
21
-3.71322
0
LINE
8
BLACK
6
CONTINUOUS
10
5.09135
20
-3.71322
11
5.09135
21
-3.70476
0
LINE
8
BLACK
6
CONTINUOUS
10
5.09135
20
-3.70476
11
5.08959
21
-3.70124
0
LINE
8
BLACK
6
CONTINUOUS
10
5.08959
20
-3.70124
11
5.0858
21
-3.69745
0
LINE
8
BLACK
6
CONTINUOUS
10
5.0858
20
-3.69745
11
5.07684
21
-3.69521
0
LINE
8
BLACK
6
CONTINUOUS
10
5.07684
20
-3.69521
11
5.05861
21
-3.69521
0
LINE
8
BLACK
6
CONTINUOUS
10
5.05861
20
-3.69521
11
5.04965
21
-3.69745
0
LINE
8
BLACK
6
CONTINUOUS
10
6.77456
20
-3.64575
11
6.77672
21
-3.64791
0
LINE
8
BLACK
6
CONTINUOUS
10
6.77672
20
-3.64791
11
6.77751
21
-3.65086
0
LINE
8
BLACK
6
CONTINUOUS
10
6.77751
20
-3.65086
11
6.77751
21
-3.67898
0
LINE
8
BLACK
6
CONTINUOUS
10
6.77751
20
-3.67898
11
6.77672
21
-3.68193
0
LINE
8
BLACK
6
CONTINUOUS
10
6.77672
20
-3.68193
11
6.77456
21
-3.6841
0
LINE
8
BLACK
6
CONTINUOUS
10
6.77456
20
-3.6841
11
6.77161
21
-3.68489
0
LINE
8
BLACK
6
CONTINUOUS
10
6.77161
20
-3.68489
11
6.74067
21
-3.68489
0
LINE
8
BLACK
6
CONTINUOUS
10
6.74067
20
-3.68489
11
6.71255
21
-3.68489
0
LINE
8
BLACK
6
CONTINUOUS
10
6.71255
20
-3.68489
11
6.7096
21
-3.6841
0
LINE
8
BLACK
6
CONTINUOUS
10
6.7096
20
-3.6841
11
6.70744
21
-3.68193
0
LINE
8
BLACK
6
CONTINUOUS
10
6.70744
20
-3.68193
11
6.70665
21
-3.67898
0
LINE
8
BLACK
6
CONTINUOUS
10
6.70665
20
-3.67898
11
6.70665
21
-3.65086
0
LINE
8
BLACK
6
CONTINUOUS
10
6.70665
20
-3.65086
11
6.70744
21
-3.64791
0
LINE
8
BLACK
6
CONTINUOUS
10
6.70744
20
-3.64791
11
6.7096
21
-3.64575
0
LINE
8
BLACK
6
CONTINUOUS
10
6.7096
20
-3.64575
11
6.71255
21
-3.64495
0
LINE
8
BLACK
6
CONTINUOUS
10
6.71255
20
-3.64495
11
6.71551
21
-3.64575
0
LINE
8
BLACK
6
CONTINUOUS
10
6.71551
20
-3.64575
11
6.71767
21
-3.64791
0
LINE
8
BLACK
6
CONTINUOUS
10
6.71767
20
-3.64791
11
6.71846
21
-3.65086
0
LINE
8
BLACK
6
CONTINUOUS
10
6.71846
20
-3.65086
11
6.71846
21
-3.67308
0
LINE
8
BLACK
6
CONTINUOUS
10
6.71846
20
-3.67308
11
6.73477
21
-3.67308
0
LINE
8
BLACK
6
CONTINUOUS
10
6.73477
20
-3.67308
11
6.73477
21
-3.6593
0
LINE
8
BLACK
6
CONTINUOUS
10
6.73477
20
-3.6593
11
6.73556
21
-3.65634
0
LINE
8
BLACK
6
CONTINUOUS
10
6.73556
20
-3.65634
11
6.73772
21
-3.65418
0
LINE
8
BLACK
6
CONTINUOUS
10
6.73772
20
-3.65418
11
6.74067
21
-3.65339
0
LINE
8
BLACK
6
CONTINUOUS
10
6.74067
20
-3.65339
11
6.74363
21
-3.65418
0
LINE
8
BLACK
6
CONTINUOUS
10
6.74363
20
-3.65418
11
6.74579
21
-3.65634
0
LINE
8
BLACK
6
CONTINUOUS
10
6.74579
20
-3.65634
11
6.74658
21
-3.6593
0
LINE
8
BLACK
6
CONTINUOUS
10
6.74658
20
-3.6593
11
6.74658
21
-3.67308
0
LINE
8
BLACK
6
CONTINUOUS
10
6.74658
20
-3.67308
11
6.7657
21
-3.67308
0
LINE
8
BLACK
6
CONTINUOUS
10
6.7657
20
-3.67308
11
6.7657
21
-3.65086
0
LINE
8
BLACK
6
CONTINUOUS
10
6.7657
20
-3.65086
11
6.76649
21
-3.64791
0
LINE
8
BLACK
6
CONTINUOUS
10
6.76649
20
-3.64791
11
6.76865
21
-3.64575
0
LINE
8
BLACK
6
CONTINUOUS
10
6.76865
20
-3.64575
11
6.77161
21
-3.64495
0
LINE
8
BLACK
6
CONTINUOUS
10
6.77161
20
-3.64495
11
6.77456
21
-3.64575
0
LINE
8
BLACK
6
CONTINUOUS
10
6.75263
20
-3.58328
11
6.75335
21
-3.58326
0
LINE
8
BLACK
6
CONTINUOUS
10
6.75335
20
-3.58326
11
6.7646
21
-3.58608
0
LINE
8
BLACK
6
CONTINUOUS
10
6.7646
20
-3.58608
11
6.76465
21
-3.5861
0
LINE
8
BLACK
6
CONTINUOUS
10
6.76465
20
-3.5861
11
6.7647
21
-3.5861
0
LINE
8
BLACK
6
CONTINUOUS
10
6.7647
20
-3.5861
11
6.76598
21
-3.58684
0
LINE
8
BLACK
6
CONTINUOUS
10
6.76598
20
-3.58684
11
6.76728
21
-3.58756
0
LINE
8
BLACK
6
CONTINUOUS
10
6.76728
20
-3.58756
11
6.7673
21
-3.5876
0
LINE
8
BLACK
6
CONTINUOUS
10
6.7673
20
-3.5876
11
6.76735
21
-3.58763
0
LINE
8
BLACK
6
CONTINUOUS
10
6.76735
20
-3.58763
11
6.77297
21
-3.59325
0
LINE
8
BLACK
6
CONTINUOUS
10
6.77297
20
-3.59325
11
6.77345
21
-3.59408
0
LINE
8
BLACK
6
CONTINUOUS
10
6.77345
20
-3.59408
11
6.77408
21
-3.59479
0
LINE
8
BLACK
6
CONTINUOUS
10
6.77408
20
-3.59479
11
6.77689
21
-3.60041
0
LINE
8
BLACK
6
CONTINUOUS
10
6.77689
20
-3.60041
11
6.77716
21
-3.60174
0
LINE
8
BLACK
6
CONTINUOUS
10
6.77716
20
-3.60174
11
6.77751
21
-3.60305
0
LINE
8
BLACK
6
CONTINUOUS
10
6.77751
20
-3.60305
11
6.77751
21
-3.6143
0
LINE
8
BLACK
6
CONTINUOUS
10
6.77751
20
-3.6143
11
6.77716
21
-3.61561
0
LINE
8
BLACK
6
CONTINUOUS
10
6.77716
20
-3.61561
11
6.77689
21
-3.61694
0
LINE
8
BLACK
6
CONTINUOUS
10
6.77689
20
-3.61694
11
6.77408
21
-3.62257
0
LINE
8
BLACK
6
CONTINUOUS
10
6.77408
20
-3.62257
11
6.77345
21
-3.62328
0
LINE
8
BLACK
6
CONTINUOUS
10
6.77345
20
-3.62328
11
6.77297
21
-3.6241
0
LINE
8
BLACK
6
CONTINUOUS
10
6.77297
20
-3.6241
11
6.76735
21
-3.62973
0
LINE
8
BLACK
6
CONTINUOUS
10
6.76735
20
-3.62973
11
6.7673
21
-3.62975
0
LINE
8
BLACK
6
CONTINUOUS
10
6.7673
20
-3.62975
11
6.76728
21
-3.6298
0
LINE
8
BLACK
6
CONTINUOUS
10
6.76728
20
-3.6298
11
6.76598
21
-3.63052
0
LINE
8
BLACK
6
CONTINUOUS
10
6.76598
20
-3.63052
11
6.7647
21
-3.63126
0
LINE
8
BLACK
6
CONTINUOUS
10
6.7647
20
-3.63126
11
6.76465
21
-3.63126
0
LINE
8
BLACK
6
CONTINUOUS
10
6.76465
20
-3.63126
11
6.7646
21
-3.63128
0
LINE
8
BLACK
6
CONTINUOUS
10
6.7646
20
-3.63128
11
6.75335
21
-3.63409
0
LINE
8
BLACK
6
CONTINUOUS
10
6.75335
20
-3.63409
11
6.75263
21
-3.63408
0
LINE
8
BLACK
6
CONTINUOUS
10
6.75263
20
-3.63408
11
6.75192
21
-3.63427
0
LINE
8
BLACK
6
CONTINUOUS
10
6.75192
20
-3.63427
11
6.73224
21
-3.63427
0
LINE
8
BLACK
6
CONTINUOUS
10
6.73224
20
-3.63427
11
6.73153
21
-3.63408
0
LINE
8
BLACK
6
CONTINUOUS
10
6.73153
20
-3.63408
11
6.73081
21
-3.63409
0
LINE
8
BLACK
6
CONTINUOUS
10
6.73081
20
-3.63409
11
6.71956
21
-3.63128
0
LINE
8
BLACK
6
CONTINUOUS
10
6.71956
20
-3.63128
11
6.71951
21
-3.63126
0
LINE
8
BLACK
6
CONTINUOUS
10
6.71951
20
-3.63126
11
6.71946
21
-3.63126
0
LINE
8
BLACK
6
CONTINUOUS
10
6.71946
20
-3.63126
11
6.71818
21
-3.63051
0
LINE
8
BLACK
6
CONTINUOUS
10
6.71818
20
-3.63051
11
6.71688
21
-3.6298
0
LINE
8
BLACK
6
CONTINUOUS
10
6.71688
20
-3.6298
11
6.71686
21
-3.62975
0
LINE
8
BLACK
6
CONTINUOUS
10
6.71686
20
-3.62975
11
6.71681
21
-3.62973
0
LINE
8
BLACK
6
CONTINUOUS
10
6.71681
20
-3.62973
11
6.71119
21
-3.6241
0
LINE
8
BLACK
6
CONTINUOUS
10
6.71119
20
-3.6241
11
6.71071
21
-3.62328
0
LINE
8
BLACK
6
CONTINUOUS
10
6.71071
20
-3.62328
11
6.71008
21
-3.62257
0
LINE
8
BLACK
6
CONTINUOUS
10
6.71008
20
-3.62257
11
6.70727
21
-3.61694
0
LINE
8
BLACK
6
CONTINUOUS
10
6.70727
20
-3.61694
11
6.707
21
-3.61561
0
LINE
8
BLACK
6
CONTINUOUS
10
6.707
20
-3.61561
11
6.70665
21
-3.6143
0
LINE
8
BLACK
6
CONTINUOUS
10
6.70665
20
-3.6143
11
6.70665
21
-3.60305
0
LINE
8
BLACK
6
CONTINUOUS
10
6.70665
20
-3.60305
11
6.707
21
-3.60174
0
LINE
8
BLACK
6
CONTINUOUS
10
6.707
20
-3.60174
11
6.70727
21
-3.60041
0
LINE
8
BLACK
6
CONTINUOUS
10
6.70727
20
-3.60041
11
6.71008
21
-3.59479
0
LINE
8
BLACK
6
CONTINUOUS
10
6.71008
20
-3.59479
11
6.71071
21
-3.59408
0
LINE
8
BLACK
6
CONTINUOUS
10
6.71071
20
-3.59408
11
6.71119
21
-3.59325
0
LINE
8
BLACK
6
CONTINUOUS
10
6.71119
20
-3.59325
11
6.71681
21
-3.58763
0
LINE
8
BLACK
6
CONTINUOUS
10
6.71681
20
-3.58763
11
6.71686
21
-3.5876
0
LINE
8
BLACK
6
CONTINUOUS
10
6.71686
20
-3.5876
11
6.71688
21
-3.58756
0
LINE
8
BLACK
6
CONTINUOUS
10
6.71688
20
-3.58756
11
6.71818
21
-3.58684
0
LINE
8
BLACK
6
CONTINUOUS
10
6.71818
20
-3.58684
11
6.71946
21
-3.5861
0
LINE
8
BLACK
6
CONTINUOUS
10
6.71946
20
-3.5861
11
6.71951
21
-3.5861
0
LINE
8
BLACK
6
CONTINUOUS
10
6.71951
20
-3.5861
11
6.71956
21
-3.58608
0
LINE
8
BLACK
6
CONTINUOUS
10
6.71956
20
-3.58608
11
6.73081
21
-3.58326
0
LINE
8
BLACK
6
CONTINUOUS
10
6.73081
20
-3.58326
11
6.73153
21
-3.58328
0
LINE
8
BLACK
6
CONTINUOUS
10
6.73153
20
-3.58328
11
6.73224
21
-3.58309
0
LINE
8
BLACK
6
CONTINUOUS
10
6.73224
20
-3.58309
11
6.75192
21
-3.58309
0
LINE
8
BLACK
6
CONTINUOUS
10
6.75192
20
-3.58309
11
6.75263
21
-3.58328
0
LINE
8
BLACK
6
CONTINUOUS
10
6.72401
20
-3.59714
11
6.72022
21
-3.60093
0
LINE
8
BLACK
6
CONTINUOUS
10
6.72022
20
-3.60093
11
6.71846
21
-3.60445
0
LINE
8
BLACK
6
CONTINUOUS
10
6.71846
20
-3.60445
11
6.71846
21
-3.61291
0
LINE
8
BLACK
6
CONTINUOUS
10
6.71846
20
-3.61291
11
6.72022
21
-3.61643
0
LINE
8
BLACK
6
CONTINUOUS
10
6.72022
20
-3.61643
11
6.72401
21
-3.62022
0
LINE
8
BLACK
6
CONTINUOUS
10
6.72401
20
-3.62022
11
6.73296
21
-3.62246
0
LINE
8
BLACK
6
CONTINUOUS
10
6.73296
20
-3.62246
11
6.7512
21
-3.62246
0
LINE
8
BLACK
6
CONTINUOUS
10
6.7512
20
-3.62246
11
6.76015
21
-3.62022
0
LINE
8
BLACK
6
CONTINUOUS
10
6.76015
20
-3.62022
11
6.76394
21
-3.61643
0
LINE
8
BLACK
6
CONTINUOUS
10
6.76394
20
-3.61643
11
6.7657
21
-3.61291
0
LINE
8
BLACK
6
CONTINUOUS
10
6.7657
20
-3.61291
11
6.7657
21
-3.60445
0
LINE
8
BLACK
6
CONTINUOUS
10
6.7657
20
-3.60445
11
6.76394
21
-3.60093
0
LINE
8
BLACK
6
CONTINUOUS
10
6.76394
20
-3.60093
11
6.76015
21
-3.59714
0
LINE
8
BLACK
6
CONTINUOUS
10
6.76015
20
-3.59714
11
6.7512
21
-3.5949
0
LINE
8
BLACK
6
CONTINUOUS
10
6.7512
20
-3.5949
11
6.73296
21
-3.5949
0
LINE
8
BLACK
6
CONTINUOUS
10
6.73296
20
-3.5949
11
6.72401
21
-3.59714
0
LINE
8
BLACK
6
CONTINUOUS
10
6.71551
20
-3.50636
11
6.71767
21
-3.50853
0
LINE
8
BLACK
6
CONTINUOUS
10
6.71767
20
-3.50853
11
6.71846
21
-3.51148
0
LINE
8
BLACK
6
CONTINUOUS
10
6.71846
20
-3.51148
11
6.71846
21
-3.52245
0
LINE
8
BLACK
6
CONTINUOUS
10
6.71846
20
-3.52245
11
6.77161
21
-3.52245
0
LINE
8
BLACK
6
CONTINUOUS
10
6.77161
20
-3.52245
11
6.77456
21
-3.52324
0
LINE
8
BLACK
6
CONTINUOUS
10
6.77456
20
-3.52324
11
6.77672
21
-3.5254
0
LINE
8
BLACK
6
CONTINUOUS
10
6.77672
20
-3.5254
11
6.77751
21
-3.52835
0
LINE
8
BLACK
6
CONTINUOUS
10
6.77751
20
-3.52835
11
6.77672
21
-3.5313
0
LINE
8
BLACK
6
CONTINUOUS
10
6.77672
20
-3.5313
11
6.77456
21
-3.53347
0
LINE
8
BLACK
6
CONTINUOUS
10
6.77456
20
-3.53347
11
6.77161
21
-3.53426
0
LINE
8
BLACK
6
CONTINUOUS
10
6.77161
20
-3.53426
11
6.71846
21
-3.53426
0
LINE
8
BLACK
6
CONTINUOUS
10
6.71846
20
-3.53426
11
6.71846
21
-3.54522
0
LINE
8
BLACK
6
CONTINUOUS
10
6.71846
20
-3.54522
11
6.71767
21
-3.54818
0
LINE
8
BLACK
6
CONTINUOUS
10
6.71767
20
-3.54818
11
6.71551
21
-3.55034
0
LINE
8
BLACK
6
CONTINUOUS
10
6.71551
20
-3.55034
11
6.71255
21
-3.55113
0
LINE
8
BLACK
6
CONTINUOUS
10
6.71255
20
-3.55113
11
6.7096
21
-3.55034
0
LINE
8
BLACK
6
CONTINUOUS
10
6.7096
20
-3.55034
11
6.70744
21
-3.54818
0
LINE
8
BLACK
6
CONTINUOUS
10
6.70744
20
-3.54818
11
6.70665
21
-3.54522
0
LINE
8
BLACK
6
CONTINUOUS
10
6.70665
20
-3.54522
11
6.70665
21
-3.51148
0
LINE
8
BLACK
6
CONTINUOUS
10
6.70665
20
-3.51148
11
6.70744
21
-3.50853
0
LINE
8
BLACK
6
CONTINUOUS
10
6.70744
20
-3.50853
11
6.7096
21
-3.50636
0
LINE
8
BLACK
6
CONTINUOUS
10
6.7096
20
-3.50636
11
6.71255
21
-3.50557
0
LINE
8
BLACK
6
CONTINUOUS
10
6.71255
20
-3.50557
11
6.71551
21
-3.50636
0
LINE
8
BLACK
6
CONTINUOUS
10
6.73355
20
-3.45249
11
6.73488
21
-3.45277
0
LINE
8
BLACK
6
CONTINUOUS
10
6.73488
20
-3.45277
11
6.7405
21
-3.45558
0
LINE
8
BLACK
6
CONTINUOUS
10
6.7405
20
-3.45558
11
6.74121
21
-3.45621
0
LINE
8
BLACK
6
CONTINUOUS
10
6.74121
20
-3.45621
11
6.74204
21
-3.45668
0
LINE
8
BLACK
6
CONTINUOUS
10
6.74204
20
-3.45668
11
6.74485
21
-3.4595
0
LINE
8
BLACK
6
CONTINUOUS
10
6.74485
20
-3.4595
11
6.74532
21
-3.46032
0
LINE
8
BLACK
6
CONTINUOUS
10
6.74532
20
-3.46032
11
6.74596
21
-3.46103
0
LINE
8
BLACK
6
CONTINUOUS
10
6.74596
20
-3.46103
11
6.74877
21
-3.46666
0
LINE
8
BLACK
6
CONTINUOUS
10
6.74877
20
-3.46666
11
6.74904
21
-3.46799
0
LINE
8
BLACK
6
CONTINUOUS
10
6.74904
20
-3.46799
11
6.74939
21
-3.4693
0
LINE
8
BLACK
6
CONTINUOUS
10
6.74939
20
-3.4693
11
6.74939
21
-3.48589
0
LINE
8
BLACK
6
CONTINUOUS
10
6.74939
20
-3.48589
11
6.77161
21
-3.48589
0
LINE
8
BLACK
6
CONTINUOUS
10
6.77161
20
-3.48589
11
6.77456
21
-3.48668
0
LINE
8
BLACK
6
CONTINUOUS
10
6.77456
20
-3.48668
11
6.77672
21
-3.48884
0
LINE
8
BLACK
6
CONTINUOUS
10
6.77672
20
-3.48884
11
6.77751
21
-3.49179
0
LINE
8
BLACK
6
CONTINUOUS
10
6.77751
20
-3.49179
11
6.77672
21
-3.49475
0
LINE
8
BLACK
6
CONTINUOUS
10
6.77672
20
-3.49475
11
6.77456
21
-3.49691
0
LINE
8
BLACK
6
CONTINUOUS
10
6.77456
20
-3.49691
11
6.77161
21
-3.4977
0
LINE
8
BLACK
6
CONTINUOUS
10
6.77161
20
-3.4977
11
6.74349
21
-3.4977
0
LINE
8
BLACK
6
CONTINUOUS
10
6.74349
20
-3.4977
11
6.71255
21
-3.4977
0
LINE
8
BLACK
6
CONTINUOUS
10
6.71255
20
-3.4977
11
6.7096
21
-3.49691
0
LINE
8
BLACK
6
CONTINUOUS
10
6.7096
20
-3.49691
11
6.70744
21
-3.49475
0
LINE
8
BLACK
6
CONTINUOUS
10
6.70744
20
-3.49475
11
6.70665
21
-3.49179
0
LINE
8
BLACK
6
CONTINUOUS
10
6.70665
20
-3.49179
11
6.70665
21
-3.4693
0
LINE
8
BLACK
6
CONTINUOUS
10
6.70665
20
-3.4693
11
6.707
21
-3.46799
0
LINE
8
BLACK
6
CONTINUOUS
10
6.707
20
-3.46799
11
6.70727
21
-3.46666
0
LINE
8
BLACK
6
CONTINUOUS
10
6.70727
20
-3.46666
11
6.71008
21
-3.46103
0
LINE
8
BLACK
6
CONTINUOUS
10
6.71008
20
-3.46103
11
6.71071
21
-3.46032
0
LINE
8
BLACK
6
CONTINUOUS
10
6.71071
20
-3.46032
11
6.71119
21
-3.4595
0
LINE
8
BLACK
6
CONTINUOUS
10
6.71119
20
-3.4595
11
6.714
21
-3.45668
0
LINE
8
BLACK
6
CONTINUOUS
10
6.714
20
-3.45668
11
6.71482
21
-3.45621
0
LINE
8
BLACK
6
CONTINUOUS
10
6.71482
20
-3.45621
11
6.71554
21
-3.45558
0
LINE
8
BLACK
6
CONTINUOUS
10
6.71554
20
-3.45558
11
6.72116
21
-3.45277
0
LINE
8
BLACK
6
CONTINUOUS
10
6.72116
20
-3.45277
11
6.72249
21
-3.45249
0
LINE
8
BLACK
6
CONTINUOUS
10
6.72249
20
-3.45249
11
6.7238
21
-3.45214
0
LINE
8
BLACK
6
CONTINUOUS
10
6.7238
20
-3.45214
11
6.73224
21
-3.45214
0
LINE
8
BLACK
6
CONTINUOUS
10
6.73224
20
-3.45214
11
6.73355
21
-3.45249
0
LINE
8
BLACK
6
CONTINUOUS
10
6.72167
20
-3.46571
11
6.72022
21
-3.46717
0
LINE
8
BLACK
6
CONTINUOUS
10
6.72022
20
-3.46717
11
6.71846
21
-3.47069
0
LINE
8
BLACK
6
CONTINUOUS
10
6.71846
20
-3.47069
11
6.71846
21
-3.48589
0
LINE
8
BLACK
6
CONTINUOUS
10
6.71846
20
-3.48589
11
6.73758
21
-3.48589
0
LINE
8
BLACK
6
CONTINUOUS
10
6.73758
20
-3.48589
11
6.73758
21
-3.47069
0
LINE
8
BLACK
6
CONTINUOUS
10
6.73758
20
-3.47069
11
6.73582
21
-3.46717
0
LINE
8
BLACK
6
CONTINUOUS
10
6.73582
20
-3.46717
11
6.73436
21
-3.46571
0
LINE
8
BLACK
6
CONTINUOUS
10
6.73436
20
-3.46571
11
6.73084
21
-3.46395
0
LINE
8
BLACK
6
CONTINUOUS
10
6.73084
20
-3.46395
11
6.72519
21
-3.46395
0
LINE
8
BLACK
6
CONTINUOUS
10
6.72519
20
-3.46395
11
6.72167
21
-3.46571
0
LINE
8
BLACK
6
CONTINUOUS
10
6.77456
20
-3.3995
11
6.77672
21
-3.40166
0
LINE
8
BLACK
6
CONTINUOUS
10
6.77672
20
-3.40166
11
6.77751
21
-3.40462
0
LINE
8
BLACK
6
CONTINUOUS
10
6.77751
20
-3.40462
11
6.77751
21
-3.43274
0
LINE
8
BLACK
6
CONTINUOUS
10
6.77751
20
-3.43274
11
6.77672
21
-3.43569
0
LINE
8
BLACK
6
CONTINUOUS
10
6.77672
20
-3.43569
11
6.77456
21
-3.43785
0
LINE
8
BLACK
6
CONTINUOUS
10
6.77456
20
-3.43785
11
6.77161
21
-3.43864
0
LINE
8
BLACK
6
CONTINUOUS
10
6.77161
20
-3.43864
11
6.71255
21
-3.43864
0
LINE
8
BLACK
6
CONTINUOUS
10
6.71255
20
-3.43864
11
6.7096
21
-3.43785
0
LINE
8
BLACK
6
CONTINUOUS
10
6.7096
20
-3.43785
11
6.70744
21
-3.43569
0
LINE
8
BLACK
6
CONTINUOUS
10
6.70744
20
-3.43569
11
6.70665
21
-3.43274
0
LINE
8
BLACK
6
CONTINUOUS
10
6.70665
20
-3.43274
11
6.70744
21
-3.42979
0
LINE
8
BLACK
6
CONTINUOUS
10
6.70744
20
-3.42979
11
6.7096
21
-3.42762
0
LINE
8
BLACK
6
CONTINUOUS
10
6.7096
20
-3.42762
11
6.71255
21
-3.42683
0
LINE
8
BLACK
6
CONTINUOUS
10
6.71255
20
-3.42683
11
6.7657
21
-3.42683
0
LINE
8
BLACK
6
CONTINUOUS
10
6.7657
20
-3.42683
11
6.7657
21
-3.40462
0
LINE
8
BLACK
6
CONTINUOUS
10
6.7657
20
-3.40462
11
6.76649
21
-3.40166
0
LINE
8
BLACK
6
CONTINUOUS
10
6.76649
20
-3.40166
11
6.76865
21
-3.3995
0
LINE
8
BLACK
6
CONTINUOUS
10
6.76865
20
-3.3995
11
6.77161
21
-3.39871
0
LINE
8
BLACK
6
CONTINUOUS
10
6.77161
20
-3.39871
11
6.77456
21
-3.3995
0
LINE
8
BLACK
6
CONTINUOUS
10
6.63981
20
-3.22202
11
6.64114
21
-3.22229
0
LINE
8
BLACK
6
CONTINUOUS
10
6.64114
20
-3.22229
11
6.64676
21
-3.2251
0
LINE
8
BLACK
6
CONTINUOUS
10
6.64676
20
-3.2251
11
6.64747
21
-3.22573
0
LINE
8
BLACK
6
CONTINUOUS
10
6.64747
20
-3.22573
11
6.6483
21
-3.22621
0
LINE
8
BLACK
6
CONTINUOUS
10
6.6483
20
-3.22621
11
6.65111
21
-3.22902
0
LINE
8
BLACK
6
CONTINUOUS
10
6.65111
20
-3.22902
11
6.65158
21
-3.22984
0
LINE
8
BLACK
6
CONTINUOUS
10
6.65158
20
-3.22984
11
6.65221
21
-3.23056
0
LINE
8
BLACK
6
CONTINUOUS
10
6.65221
20
-3.23056
11
6.65503
21
-3.23618
0
LINE
8
BLACK
6
CONTINUOUS
10
6.65503
20
-3.23618
11
6.6553
21
-3.23751
0
LINE
8
BLACK
6
CONTINUOUS
10
6.6553
20
-3.23751
11
6.65565
21
-3.23882
0
LINE
8
BLACK
6
CONTINUOUS
10
6.65565
20
-3.23882
11
6.65565
21
-3.24726
0
LINE
8
BLACK
6
CONTINUOUS
10
6.65565
20
-3.24726
11
6.6553
21
-3.24857
0
LINE
8
BLACK
6
CONTINUOUS
10
6.6553
20
-3.24857
11
6.65503
21
-3.2499
0
LINE
8
BLACK
6
CONTINUOUS
10
6.65503
20
-3.2499
11
6.65221
21
-3.25552
0
LINE
8
BLACK
6
CONTINUOUS
10
6.65221
20
-3.25552
11
6.65158
21
-3.25623
0
LINE
8
BLACK
6
CONTINUOUS
10
6.65158
20
-3.25623
11
6.65111
21
-3.25706
0
LINE
8
BLACK
6
CONTINUOUS
10
6.65111
20
-3.25706
11
6.6483
21
-3.25987
0
LINE
8
BLACK
6
CONTINUOUS
10
6.6483
20
-3.25987
11
6.64747
21
-3.26034
0
LINE
8
BLACK
6
CONTINUOUS
10
6.64747
20
-3.26034
11
6.64676
21
-3.26098
0
LINE
8
BLACK
6
CONTINUOUS
10
6.64676
20
-3.26098
11
6.64114
21
-3.26379
0
LINE
8
BLACK
6
CONTINUOUS
10
6.64114
20
-3.26379
11
6.64099
21
-3.26382
0
LINE
8
BLACK
6
CONTINUOUS
10
6.64099
20
-3.26382
11
6.65458
21
-3.28324
0
LINE
8
BLACK
6
CONTINUOUS
10
6.65458
20
-3.28324
11
6.65563
21
-3.28611
0
LINE
8
BLACK
6
CONTINUOUS
10
6.65563
20
-3.28611
11
6.6551
21
-3.28912
0
LINE
8
BLACK
6
CONTINUOUS
10
6.6551
20
-3.28912
11
6.65313
21
-3.29147
0
LINE
8
BLACK
6
CONTINUOUS
10
6.65313
20
-3.29147
11
6.65026
21
-3.29251
0
LINE
8
BLACK
6
CONTINUOUS
10
6.65026
20
-3.29251
11
6.64725
21
-3.29198
0
LINE
8
BLACK
6
CONTINUOUS
10
6.64725
20
-3.29198
11
6.64491
21
-3.29001
0
LINE
8
BLACK
6
CONTINUOUS
10
6.64491
20
-3.29001
11
6.62698
21
-3.26441
0
LINE
8
BLACK
6
CONTINUOUS
10
6.62698
20
-3.26441
11
6.6219
21
-3.26441
0
LINE
8
BLACK
6
CONTINUOUS
10
6.6219
20
-3.26441
11
6.6219
21
-3.28663
0
LINE
8
BLACK
6
CONTINUOUS
10
6.6219
20
-3.28663
11
6.62111
21
-3.28958
0
LINE
8
BLACK
6
CONTINUOUS
10
6.62111
20
-3.28958
11
6.61895
21
-3.29174
0
LINE
8
BLACK
6
CONTINUOUS
10
6.61895
20
-3.29174
11
6.616
21
-3.29253
0
LINE
8
BLACK
6
CONTINUOUS
10
6.616
20
-3.29253
11
6.61305
21
-3.29174
0
LINE
8
BLACK
6
CONTINUOUS
10
6.61305
20
-3.29174
11
6.61088
21
-3.28958
0
LINE
8
BLACK
6
CONTINUOUS
10
6.61088
20
-3.28958
11
6.61009
21
-3.28663
0
LINE
8
BLACK
6
CONTINUOUS
10
6.61009
20
-3.28663
11
6.61009
21
-3.22757
0
LINE
8
BLACK
6
CONTINUOUS
10
6.61009
20
-3.22757
11
6.61088
21
-3.22462
0
LINE
8
BLACK
6
CONTINUOUS
10
6.61088
20
-3.22462
11
6.61305
21
-3.22246
0
LINE
8
BLACK
6
CONTINUOUS
10
6.61305
20
-3.22246
11
6.616
21
-3.22167
0
LINE
8
BLACK
6
CONTINUOUS
10
6.616
20
-3.22167
11
6.6385
21
-3.22167
0
LINE
8
BLACK
6
CONTINUOUS
10
6.6385
20
-3.22167
11
6.63981
21
-3.22202
0
LINE
8
BLACK
6
CONTINUOUS
10
6.6219
20
-3.2526
11
6.6371
21
-3.2526
0
LINE
8
BLACK
6
CONTINUOUS
10
6.6371
20
-3.2526
11
6.64062
21
-3.25084
0
LINE
8
BLACK
6
CONTINUOUS
10
6.64062
20
-3.25084
11
6.64208
21
-3.24938
0
LINE
8
BLACK
6
CONTINUOUS
10
6.64208
20
-3.24938
11
6.64384
21
-3.24586
0
LINE
8
BLACK
6
CONTINUOUS
10
6.64384
20
-3.24586
11
6.64384
21
-3.24021
0
LINE
8
BLACK
6
CONTINUOUS
10
6.64384
20
-3.24021
11
6.64208
21
-3.23669
0
LINE
8
BLACK
6
CONTINUOUS
10
6.64208
20
-3.23669
11
6.64062
21
-3.23524
0
LINE
8
BLACK
6
CONTINUOUS
10
6.64062
20
-3.23524
11
6.6371
21
-3.23348
0
LINE
8
BLACK
6
CONTINUOUS
10
6.6371
20
-3.23348
11
6.6219
21
-3.23348
0
LINE
8
BLACK
6
CONTINUOUS
10
6.6219
20
-3.23348
11
6.6219
21
-3.2526
0
LINE
8
BLACK
6
CONTINUOUS
10
6.71566
20
-3.222
11
6.71692
21
-3.22222
0
LINE
8
BLACK
6
CONTINUOUS
10
6.71692
20
-3.22222
11
6.71712
21
-3.22239
0
LINE
8
BLACK
6
CONTINUOUS
10
6.71712
20
-3.22239
11
6.71738
21
-3.22246
0
LINE
8
BLACK
6
CONTINUOUS
10
6.71738
20
-3.22246
11
6.71828
21
-3.22336
0
LINE
8
BLACK
6
CONTINUOUS
10
6.71828
20
-3.22336
11
6.71926
21
-3.22419
0
LINE
8
BLACK
6
CONTINUOUS
10
6.71926
20
-3.22419
11
6.71935
21
-3.22443
0
LINE
8
BLACK
6
CONTINUOUS
10
6.71935
20
-3.22443
11
6.71954
21
-3.22462
0
LINE
8
BLACK
6
CONTINUOUS
10
6.71954
20
-3.22462
11
6.71987
21
-3.22586
0
LINE
8
BLACK
6
CONTINUOUS
10
6.71987
20
-3.22586
11
6.72031
21
-3.22706
0
LINE
8
BLACK
6
CONTINUOUS
10
6.72031
20
-3.22706
11
6.72026
21
-3.22732
0
LINE
8
BLACK
6
CONTINUOUS
10
6.72026
20
-3.22732
11
6.72033
21
-3.22757
0
LINE
8
BLACK
6
CONTINUOUS
10
6.72033
20
-3.22757
11
6.72033
21
-3.28663
0
LINE
8
BLACK
6
CONTINUOUS
10
6.72033
20
-3.28663
11
6.71954
21
-3.28958
0
LINE
8
BLACK
6
CONTINUOUS
10
6.71954
20
-3.28958
11
6.71738
21
-3.29174
0
LINE
8
BLACK
6
CONTINUOUS
10
6.71738
20
-3.29174
11
6.71442
21
-3.29253
0
LINE
8
BLACK
6
CONTINUOUS
10
6.71442
20
-3.29253
11
6.71147
21
-3.29174
0
LINE
8
BLACK
6
CONTINUOUS
10
6.71147
20
-3.29174
11
6.70931
21
-3.28958
0
LINE
8
BLACK
6
CONTINUOUS
10
6.70931
20
-3.28958
11
6.70852
21
-3.28663
0
LINE
8
BLACK
6
CONTINUOUS
10
6.70852
20
-3.28663
11
6.70852
21
-3.25419
0
LINE
8
BLACK
6
CONTINUOUS
10
6.70852
20
-3.25419
11
6.70009
21
-3.27225
0
LINE
8
BLACK
6
CONTINUOUS
10
6.70009
20
-3.27225
11
6.69975
21
-3.27265
0
LINE
8
BLACK
6
CONTINUOUS
10
6.69975
20
-3.27265
11
6.69958
21
-3.27314
0
LINE
8
BLACK
6
CONTINUOUS
10
6.69958
20
-3.27314
11
6.69879
21
-3.2738
0
LINE
8
BLACK
6
CONTINUOUS
10
6.69879
20
-3.2738
11
6.69812
21
-3.27459
0
LINE
8
BLACK
6
CONTINUOUS
10
6.69812
20
-3.27459
11
6.69763
21
-3.27477
0
LINE
8
BLACK
6
CONTINUOUS
10
6.69763
20
-3.27477
11
6.69724
21
-3.27511
0
LINE
8
BLACK
6
CONTINUOUS
10
6.69724
20
-3.27511
11
6.69622
21
-3.27529
0
LINE
8
BLACK
6
CONTINUOUS
10
6.69622
20
-3.27529
11
6.69525
21
-3.27564
0
LINE
8
BLACK
6
CONTINUOUS
10
6.69525
20
-3.27564
11
6.69474
21
-3.27555
0
LINE
8
BLACK
6
CONTINUOUS
10
6.69474
20
-3.27555
11
6.69423
21
-3.27564
0
LINE
8
BLACK
6
CONTINUOUS
10
6.69423
20
-3.27564
11
6.69326
21
-3.27528
0
LINE
8
BLACK
6
CONTINUOUS
10
6.69326
20
-3.27528
11
6.69224
21
-3.27511
0
LINE
8
BLACK
6
CONTINUOUS
10
6.69224
20
-3.27511
11
6.69184
21
-3.27477
0
LINE
8
BLACK
6
CONTINUOUS
10
6.69184
20
-3.27477
11
6.69135
21
-3.27459
0
LINE
8
BLACK
6
CONTINUOUS
10
6.69135
20
-3.27459
11
6.69069
21
-3.2738
0
LINE
8
BLACK
6
CONTINUOUS
10
6.69069
20
-3.2738
11
6.6899
21
-3.27314
0
LINE
8
BLACK
6
CONTINUOUS
10
6.6899
20
-3.27314
11
6.68972
21
-3.27265
0
LINE
8
BLACK
6
CONTINUOUS
10
6.68972
20
-3.27265
11
6.68939
21
-3.27225
0
LINE
8
BLACK
6
CONTINUOUS
10
6.68939
20
-3.27225
11
6.68096
21
-3.25419
0
LINE
8
BLACK
6
CONTINUOUS
10
6.68096
20
-3.25419
11
6.68096
21
-3.28663
0
LINE
8
BLACK
6
CONTINUOUS
10
6.68096
20
-3.28663
11
6.68017
21
-3.28958
0
LINE
8
BLACK
6
CONTINUOUS
10
6.68017
20
-3.28958
11
6.67801
21
-3.29174
0
LINE
8
BLACK
6
CONTINUOUS
10
6.67801
20
-3.29174
11
6.67505
21
-3.29253
0
LINE
8
BLACK
6
CONTINUOUS
10
6.67505
20
-3.29253
11
6.6721
21
-3.29174
0
LINE
8
BLACK
6
CONTINUOUS
10
6.6721
20
-3.29174
11
6.66994
21
-3.28958
0
LINE
8
BLACK
6
CONTINUOUS
10
6.66994
20
-3.28958
11
6.66915
21
-3.28663
0
LINE
8
BLACK
6
CONTINUOUS
10
6.66915
20
-3.28663
11
6.66915
21
-3.22757
0
LINE
8
BLACK
6
CONTINUOUS
10
6.66915
20
-3.22757
11
6.66922
21
-3.22732
0
LINE
8
BLACK
6
CONTINUOUS
10
6.66922
20
-3.22732
11
6.66917
21
-3.22706
0
LINE
8
BLACK
6
CONTINUOUS
10
6.66917
20
-3.22706
11
6.66961
21
-3.22586
0
LINE
8
BLACK
6
CONTINUOUS
10
6.66961
20
-3.22586
11
6.66994
21
-3.22462
0
LINE
8
BLACK
6
CONTINUOUS
10
6.66994
20
-3.22462
11
6.67012
21
-3.22443
0
LINE
8
BLACK
6
CONTINUOUS
10
6.67012
20
-3.22443
11
6.67021
21
-3.22419
0
LINE
8
BLACK
6
CONTINUOUS
10
6.67021
20
-3.22419
11
6.6712
21
-3.22336
0
LINE
8
BLACK
6
CONTINUOUS
10
6.6712
20
-3.22336
11
6.6721
21
-3.22246
0
LINE
8
BLACK
6
CONTINUOUS
10
6.6721
20
-3.22246
11
6.67235
21
-3.22239
0
LINE
8
BLACK
6
CONTINUOUS
10
6.67235
20
-3.22239
11
6.67256
21
-3.22222
0
LINE
8
BLACK
6
CONTINUOUS
10
6.67256
20
-3.22222
11
6.67382
21
-3.222
0
LINE
8
BLACK
6
CONTINUOUS
10
6.67382
20
-3.222
11
6.67505
21
-3.22167
0
LINE
8
BLACK
6
CONTINUOUS
10
6.67505
20
-3.22167
11
6.67531
21
-3.22173
0
LINE
8
BLACK
6
CONTINUOUS
10
6.67531
20
-3.22173
11
6.67557
21
-3.22169
0
LINE
8
BLACK
6
CONTINUOUS
10
6.67557
20
-3.22169
11
6.67677
21
-3.22213
0
LINE
8
BLACK
6
CONTINUOUS
10
6.67677
20
-3.22213
11
6.67801
21
-3.22246
0
LINE
8
BLACK
6
CONTINUOUS
10
6.67801
20
-3.22246
11
6.67819
21
-3.22264
0
LINE
8
BLACK
6
CONTINUOUS
10
6.67819
20
-3.22264
11
6.67844
21
-3.22273
0
LINE
8
BLACK
6
CONTINUOUS
10
6.67844
20
-3.22273
11
6.67926
21
-3.22371
0
LINE
8
BLACK
6
CONTINUOUS
10
6.67926
20
-3.22371
11
6.68017
21
-3.22462
0
LINE
8
BLACK
6
CONTINUOUS
10
6.68017
20
-3.22462
11
6.68024
21
-3.22487
0
LINE
8
BLACK
6
CONTINUOUS
10
6.68024
20
-3.22487
11
6.6804
21
-3.22507
0
LINE
8
BLACK
6
CONTINUOUS
10
6.6804
20
-3.22507
11
6.69474
21
-3.25579
0
LINE
8
BLACK
6
CONTINUOUS
10
6.69474
20
-3.25579
11
6.70907
21
-3.22507
0
LINE
8
BLACK
6
CONTINUOUS
10
6.70907
20
-3.22507
11
6.70924
21
-3.22487
0
LINE
8
BLACK
6
CONTINUOUS
10
6.70924
20
-3.22487
11
6.70931
21
-3.22462
0
LINE
8
BLACK
6
CONTINUOUS
10
6.70931
20
-3.22462
11
6.71021
21
-3.22371
0
LINE
8
BLACK
6
CONTINUOUS
10
6.71021
20
-3.22371
11
6.71104
21
-3.22273
0
LINE
8
BLACK
6
CONTINUOUS
10
6.71104
20
-3.22273
11
6.71128
21
-3.22264
0
LINE
8
BLACK
6
CONTINUOUS
10
6.71128
20
-3.22264
11
6.71147
21
-3.22246
0
LINE
8
BLACK
6
CONTINUOUS
10
6.71147
20
-3.22246
11
6.71271
21
-3.22213
0
LINE
8
BLACK
6
CONTINUOUS
10
6.71271
20
-3.22213
11
6.71391
21
-3.22169
0
LINE
8
BLACK
6
CONTINUOUS
10
6.71391
20
-3.22169
11
6.71417
21
-3.22173
0
LINE
8
BLACK
6
CONTINUOUS
10
6.71417
20
-3.22173
11
6.71442
21
-3.22167
0
LINE
8
BLACK
6
CONTINUOUS
10
6.71442
20
-3.22167
11
6.71566
21
-3.222
0
LINE
8
BLACK
6
CONTINUOUS
10
6.57814
20
-3.22195
11
6.5785
21
-3.22197
0
LINE
8
BLACK
6
CONTINUOUS
10
6.5785
20
-3.22197
11
6.57949
21
-3.22262
0
LINE
8
BLACK
6
CONTINUOUS
10
6.57949
20
-3.22262
11
6.58055
21
-3.22315
0
LINE
8
BLACK
6
CONTINUOUS
10
6.58055
20
-3.22315
11
6.58075
21
-3.22345
0
LINE
8
BLACK
6
CONTINUOUS
10
6.58075
20
-3.22345
11
6.58105
21
-3.22365
0
LINE
8
BLACK
6
CONTINUOUS
10
6.58105
20
-3.22365
11
6.58158
21
-3.22471
0
LINE
8
BLACK
6
CONTINUOUS
10
6.58158
20
-3.22471
11
6.58223
21
-3.2257
0
LINE
8
BLACK
6
CONTINUOUS
10
6.58223
20
-3.2257
11
6.60192
21
-3.28476
0
LINE
8
BLACK
6
CONTINUOUS
10
6.60192
20
-3.28476
11
6.6021
21
-3.28781
0
LINE
8
BLACK
6
CONTINUOUS
10
6.6021
20
-3.28781
11
6.60073
21
-3.29055
0
LINE
8
BLACK
6
CONTINUOUS
10
6.60073
20
-3.29055
11
6.59818
21
-3.29223
0
LINE
8
BLACK
6
CONTINUOUS
10
6.59818
20
-3.29223
11
6.59513
21
-3.29241
0
LINE
8
BLACK
6
CONTINUOUS
10
6.59513
20
-3.29241
11
6.5924
21
-3.29105
0
LINE
8
BLACK
6
CONTINUOUS
10
6.5924
20
-3.29105
11
6.59071
21
-3.28849
0
LINE
8
BLACK
6
CONTINUOUS
10
6.59071
20
-3.28849
11
6.58643
21
-3.27566
0
LINE
8
BLACK
6
CONTINUOUS
10
6.58643
20
-3.27566
11
6.56682
21
-3.27566
0
LINE
8
BLACK
6
CONTINUOUS
10
6.56682
20
-3.27566
11
6.56255
21
-3.28849
0
LINE
8
BLACK
6
CONTINUOUS
10
6.56255
20
-3.28849
11
6.56086
21
-3.29105
0
LINE
8
BLACK
6
CONTINUOUS
10
6.56086
20
-3.29105
11
6.55813
21
-3.29241
0
LINE
8
BLACK
6
CONTINUOUS
10
6.55813
20
-3.29241
11
6.55508
21
-3.29223
0
LINE
8
BLACK
6
CONTINUOUS
10
6.55508
20
-3.29223
11
6.55252
21
-3.29055
0
LINE
8
BLACK
6
CONTINUOUS
10
6.55252
20
-3.29055
11
6.55116
21
-3.28781
0
LINE
8
BLACK
6
CONTINUOUS
10
6.55116
20
-3.28781
11
6.55134
21
-3.28476
0
LINE
8
BLACK
6
CONTINUOUS
10
6.55134
20
-3.28476
11
6.57103
21
-3.2257
0
LINE
8
BLACK
6
CONTINUOUS
10
6.57103
20
-3.2257
11
6.57168
21
-3.22471
0
LINE
8
BLACK
6
CONTINUOUS
10
6.57168
20
-3.22471
11
6.57221
21
-3.22365
0
LINE
8
BLACK
6
CONTINUOUS
10
6.57221
20
-3.22365
11
6.57251
21
-3.22345
0
LINE
8
BLACK
6
CONTINUOUS
10
6.57251
20
-3.22345
11
6.57271
21
-3.22315
0
LINE
8
BLACK
6
CONTINUOUS
10
6.57271
20
-3.22315
11
6.57377
21
-3.22262
0
LINE
8
BLACK
6
CONTINUOUS
10
6.57377
20
-3.22262
11
6.57476
21
-3.22197
0
LINE
8
BLACK
6
CONTINUOUS
10
6.57476
20
-3.22197
11
6.57512
21
-3.22195
0
LINE
8
BLACK
6
CONTINUOUS
10
6.57512
20
-3.22195
11
6.57544
21
-3.22179
0
LINE
8
BLACK
6
CONTINUOUS
10
6.57544
20
-3.22179
11
6.57663
21
-3.22186
0
LINE
8
BLACK
6
CONTINUOUS
10
6.57663
20
-3.22186
11
6.57781
21
-3.22179
0
LINE
8
BLACK
6
CONTINUOUS
10
6.57781
20
-3.22179
11
6.57814
21
-3.22195
0
LINE
8
BLACK
6
CONTINUOUS
10
6.57076
20
-3.26385
11
6.5825
21
-3.26385
0
LINE
8
BLACK
6
CONTINUOUS
10
6.5825
20
-3.26385
11
6.57663
21
-3.24625
0
LINE
8
BLACK
6
CONTINUOUS
10
6.57663
20
-3.24625
11
6.57076
21
-3.26385
0
LINE
8
BLACK
6
CONTINUOUS
10
5.37879
20
-3.03866
11
5.38012
21
-3.03893
0
LINE
8
BLACK
6
CONTINUOUS
10
5.38012
20
-3.03893
11
5.38575
21
-3.04175
0
LINE
8
BLACK
6
CONTINUOUS
10
5.38575
20
-3.04175
11
5.38646
21
-3.04238
0
LINE
8
BLACK
6
CONTINUOUS
10
5.38646
20
-3.04238
11
5.38728
21
-3.04285
0
LINE
8
BLACK
6
CONTINUOUS
10
5.38728
20
-3.04285
11
5.39009
21
-3.04566
0
LINE
8
BLACK
6
CONTINUOUS
10
5.39009
20
-3.04566
11
5.39057
21
-3.04649
0
LINE
8
BLACK
6
CONTINUOUS
10
5.39057
20
-3.04649
11
5.3912
21
-3.0472
0
LINE
8
BLACK
6
CONTINUOUS
10
5.3912
20
-3.0472
11
5.39401
21
-3.05282
0
LINE
8
BLACK
6
CONTINUOUS
10
5.39401
20
-3.05282
11
5.39428
21
-3.05415
0
LINE
8
BLACK
6
CONTINUOUS
10
5.39428
20
-3.05415
11
5.39464
21
-3.05546
0
LINE
8
BLACK
6
CONTINUOUS
10
5.39464
20
-3.05546
11
5.39464
21
-3.07234
0
LINE
8
BLACK
6
CONTINUOUS
10
5.39464
20
-3.07234
11
5.39428
21
-3.07365
0
LINE
8
BLACK
6
CONTINUOUS
10
5.39428
20
-3.07365
11
5.39401
21
-3.07498
0
LINE
8
BLACK
6
CONTINUOUS
10
5.39401
20
-3.07498
11
5.3912
21
-3.0806
0
LINE
8
BLACK
6
CONTINUOUS
10
5.3912
20
-3.0806
11
5.39057
21
-3.08131
0
LINE
8
BLACK
6
CONTINUOUS
10
5.39057
20
-3.08131
11
5.39009
21
-3.08214
0
LINE
8
BLACK
6
CONTINUOUS
10
5.39009
20
-3.08214
11
5.38728
21
-3.08495
0
LINE
8
BLACK
6
CONTINUOUS
10
5.38728
20
-3.08495
11
5.38646
21
-3.08542
0
LINE
8
BLACK
6
CONTINUOUS
10
5.38646
20
-3.08542
11
5.38575
21
-3.08606
0
LINE
8
BLACK
6
CONTINUOUS
10
5.38575
20
-3.08606
11
5.38012
21
-3.08887
0
LINE
8
BLACK
6
CONTINUOUS
10
5.38012
20
-3.08887
11
5.37879
21
-3.08914
0
LINE
8
BLACK
6
CONTINUOUS
10
5.37879
20
-3.08914
11
5.37748
21
-3.08949
0
LINE
8
BLACK
6
CONTINUOUS
10
5.37748
20
-3.08949
11
5.36651
21
-3.08949
0
LINE
8
BLACK
6
CONTINUOUS
10
5.36651
20
-3.08949
11
5.36651
21
-3.10327
0
LINE
8
BLACK
6
CONTINUOUS
10
5.36651
20
-3.10327
11
5.36572
21
-3.10622
0
LINE
8
BLACK
6
CONTINUOUS
10
5.36572
20
-3.10622
11
5.36356
21
-3.10838
0
LINE
8
BLACK
6
CONTINUOUS
10
5.36356
20
-3.10838
11
5.36061
21
-3.10918
0
LINE
8
BLACK
6
CONTINUOUS
10
5.36061
20
-3.10918
11
5.35766
21
-3.10838
0
LINE
8
BLACK
6
CONTINUOUS
10
5.35766
20
-3.10838
11
5.35549
21
-3.10622
0
LINE
8
BLACK
6
CONTINUOUS
10
5.35549
20
-3.10622
11
5.3547
21
-3.10327
0
LINE
8
BLACK
6
CONTINUOUS
10
5.3547
20
-3.10327
11
5.3547
21
-3.04422
0
LINE
8
BLACK
6
CONTINUOUS
10
5.3547
20
-3.04422
11
5.35549
21
-3.04126
0
LINE
8
BLACK
6
CONTINUOUS
10
5.35549
20
-3.04126
11
5.35766
21
-3.0391
0
LINE
8
BLACK
6
CONTINUOUS
10
5.35766
20
-3.0391
11
5.36061
21
-3.03831
0
LINE
8
BLACK
6
CONTINUOUS
10
5.36061
20
-3.03831
11
5.36336
21
-3.03905
0
LINE
8
BLACK
6
CONTINUOUS
10
5.36336
20
-3.03905
11
5.36359
21
-3.03893
0
LINE
8
BLACK
6
CONTINUOUS
10
5.36359
20
-3.03893
11
5.36492
21
-3.03866
0
LINE
8
BLACK
6
CONTINUOUS
10
5.36492
20
-3.03866
11
5.36623
21
-3.03831
0
LINE
8
BLACK
6
CONTINUOUS
10
5.36623
20
-3.03831
11
5.37748
21
-3.03831
0
LINE
8
BLACK
6
CONTINUOUS
10
5.37748
20
-3.03831
11
5.37879
21
-3.03866
0
LINE
8
BLACK
6
CONTINUOUS
10
5.36651
20
-3.05068
11
5.36651
21
-3.07712
0
LINE
8
BLACK
6
CONTINUOUS
10
5.36651
20
-3.07712
11
5.36763
21
-3.07768
0
LINE
8
BLACK
6
CONTINUOUS
10
5.36763
20
-3.07768
11
5.37609
21
-3.07768
0
LINE
8
BLACK
6
CONTINUOUS
10
5.37609
20
-3.07768
11
5.37961
21
-3.07592
0
LINE
8
BLACK
6
CONTINUOUS
10
5.37961
20
-3.07592
11
5.38106
21
-3.07446
0
LINE
8
BLACK
6
CONTINUOUS
10
5.38106
20
-3.07446
11
5.38283
21
-3.07094
0
LINE
8
BLACK
6
CONTINUOUS
10
5.38283
20
-3.07094
11
5.38283
21
-3.05686
0
LINE
8
BLACK
6
CONTINUOUS
10
5.38283
20
-3.05686
11
5.38106
21
-3.05334
0
LINE
8
BLACK
6
CONTINUOUS
10
5.38106
20
-3.05334
11
5.37961
21
-3.05188
0
LINE
8
BLACK
6
CONTINUOUS
10
5.37961
20
-3.05188
11
5.37609
21
-3.05012
0
LINE
8
BLACK
6
CONTINUOUS
10
5.37609
20
-3.05012
11
5.36763
21
-3.05012
0
LINE
8
BLACK
6
CONTINUOUS
10
5.36763
20
-3.05012
11
5.36651
21
-3.05068
0
LINE
8
BLACK
6
CONTINUOUS
10
5.51792
20
-3.03893
11
5.52354
21
-3.04175
0
LINE
8
BLACK
6
CONTINUOUS
10
5.52354
20
-3.04175
11
5.52381
21
-3.04199
0
LINE
8
BLACK
6
CONTINUOUS
10
5.52381
20
-3.04199
11
5.52416
21
-3.0421
0
LINE
8
BLACK
6
CONTINUOUS
10
5.52416
20
-3.0421
11
5.52494
21
-3.04299
0
LINE
8
BLACK
6
CONTINUOUS
10
5.52494
20
-3.04299
11
5.52583
21
-3.04377
0
LINE
8
BLACK
6
CONTINUOUS
10
5.52583
20
-3.04377
11
5.52594
21
-3.04412
0
LINE
8
BLACK
6
CONTINUOUS
10
5.52594
20
-3.04412
11
5.52618
21
-3.04439
0
LINE
8
BLACK
6
CONTINUOUS
10
5.52618
20
-3.04439
11
5.529
21
-3.05001
0
LINE
8
BLACK
6
CONTINUOUS
10
5.529
20
-3.05001
11
5.52927
21
-3.05134
0
LINE
8
BLACK
6
CONTINUOUS
10
5.52927
20
-3.05134
11
5.52962
21
-3.05265
0
LINE
8
BLACK
6
CONTINUOUS
10
5.52962
20
-3.05265
11
5.52962
21
-3.10327
0
LINE
8
BLACK
6
CONTINUOUS
10
5.52962
20
-3.10327
11
5.52883
21
-3.10622
0
LINE
8
BLACK
6
CONTINUOUS
10
5.52883
20
-3.10622
11
5.52667
21
-3.10838
0
LINE
8
BLACK
6
CONTINUOUS
10
5.52667
20
-3.10838
11
5.52371
21
-3.10918
0
LINE
8
BLACK
6
CONTINUOUS
10
5.52371
20
-3.10918
11
5.52076
21
-3.10838
0
LINE
8
BLACK
6
CONTINUOUS
10
5.52076
20
-3.10838
11
5.5186
21
-3.10622
0
LINE
8
BLACK
6
CONTINUOUS
10
5.5186
20
-3.10622
11
5.51781
21
-3.10327
0
LINE
8
BLACK
6
CONTINUOUS
10
5.51781
20
-3.10327
11
5.51781
21
-3.05405
0
LINE
8
BLACK
6
CONTINUOUS
10
5.51781
20
-3.05405
11
5.5165
21
-3.05143
0
LINE
8
BLACK
6
CONTINUOUS
10
5.5165
20
-3.05143
11
5.51264
21
-3.0495
0
LINE
8
BLACK
6
CONTINUOUS
10
5.51264
20
-3.0495
11
5.51035
21
-3.04747
0
LINE
8
BLACK
6
CONTINUOUS
10
5.51035
20
-3.04747
11
5.50938
21
-3.04457
0
LINE
8
BLACK
6
CONTINUOUS
10
5.50938
20
-3.04457
11
5.51
21
-3.04157
0
LINE
8
BLACK
6
CONTINUOUS
10
5.51
20
-3.04157
11
5.51202
21
-3.03929
0
LINE
8
BLACK
6
CONTINUOUS
10
5.51202
20
-3.03929
11
5.51492
21
-3.03832
0
LINE
8
BLACK
6
CONTINUOUS
10
5.51492
20
-3.03832
11
5.51792
21
-3.03893
0
LINE
8
BLACK
6
CONTINUOUS
10
5.68415
20
-3.0391
11
5.68631
21
-3.04126
0
LINE
8
BLACK
6
CONTINUOUS
10
5.68631
20
-3.04126
11
5.6871
21
-3.04422
0
LINE
8
BLACK
6
CONTINUOUS
10
5.6871
20
-3.04422
11
5.6871
21
-3.10327
0
LINE
8
BLACK
6
CONTINUOUS
10
5.6871
20
-3.10327
11
5.68631
21
-3.10622
0
LINE
8
BLACK
6
CONTINUOUS
10
5.68631
20
-3.10622
11
5.68415
21
-3.10838
0
LINE
8
BLACK
6
CONTINUOUS
10
5.68415
20
-3.10838
11
5.68119
21
-3.10918
0
LINE
8
BLACK
6
CONTINUOUS
10
5.68119
20
-3.10918
11
5.6587
21
-3.10918
0
LINE
8
BLACK
6
CONTINUOUS
10
5.6587
20
-3.10918
11
5.65739
21
-3.10882
0
LINE
8
BLACK
6
CONTINUOUS
10
5.65739
20
-3.10882
11
5.65606
21
-3.10855
0
LINE
8
BLACK
6
CONTINUOUS
10
5.65606
20
-3.10855
11
5.65043
21
-3.10574
0
LINE
8
BLACK
6
CONTINUOUS
10
5.65043
20
-3.10574
11
5.64972
21
-3.10511
0
LINE
8
BLACK
6
CONTINUOUS
10
5.64972
20
-3.10511
11
5.6489
21
-3.10463
0
LINE
8
BLACK
6
CONTINUOUS
10
5.6489
20
-3.10463
11
5.64608
21
-3.10182
0
LINE
8
BLACK
6
CONTINUOUS
10
5.64608
20
-3.10182
11
5.64561
21
-3.101
0
LINE
8
BLACK
6
CONTINUOUS
10
5.64561
20
-3.101
11
5.64498
21
-3.10029
0
LINE
8
BLACK
6
CONTINUOUS
10
5.64498
20
-3.10029
11
5.64217
21
-3.09466
0
LINE
8
BLACK
6
CONTINUOUS
10
5.64217
20
-3.09466
11
5.64189
21
-3.09333
0
LINE
8
BLACK
6
CONTINUOUS
10
5.64189
20
-3.09333
11
5.64154
21
-3.09202
0
LINE
8
BLACK
6
CONTINUOUS
10
5.64154
20
-3.09202
11
5.64154
21
-3.08359
0
LINE
8
BLACK
6
CONTINUOUS
10
5.64154
20
-3.08359
11
5.64189
21
-3.08227
0
LINE
8
BLACK
6
CONTINUOUS
10
5.64189
20
-3.08227
11
5.64217
21
-3.08094
0
LINE
8
BLACK
6
CONTINUOUS
10
5.64217
20
-3.08094
11
5.64498
21
-3.07532
0
LINE
8
BLACK
6
CONTINUOUS
10
5.64498
20
-3.07532
11
5.64561
21
-3.07461
0
LINE
8
BLACK
6
CONTINUOUS
10
5.64561
20
-3.07461
11
5.64608
21
-3.07379
0
LINE
8
BLACK
6
CONTINUOUS
10
5.64608
20
-3.07379
11
5.6489
21
-3.07097
0
LINE
8
BLACK
6
CONTINUOUS
10
5.6489
20
-3.07097
11
5.64972
21
-3.0705
0
LINE
8
BLACK
6
CONTINUOUS
10
5.64972
20
-3.0705
11
5.65043
21
-3.06987
0
LINE
8
BLACK
6
CONTINUOUS
10
5.65043
20
-3.06987
11
5.65606
21
-3.06705
0
LINE
8
BLACK
6
CONTINUOUS
10
5.65606
20
-3.06705
11
5.65739
21
-3.06678
0
LINE
8
BLACK
6
CONTINUOUS
10
5.65739
20
-3.06678
11
5.6587
21
-3.06643
0
LINE
8
BLACK
6
CONTINUOUS
10
5.6587
20
-3.06643
11
5.67529
21
-3.06643
0
LINE
8
BLACK
6
CONTINUOUS
10
5.67529
20
-3.06643
11
5.67529
21
-3.04422
0
LINE
8
BLACK
6
CONTINUOUS
10
5.67529
20
-3.04422
11
5.67608
21
-3.04126
0
LINE
8
BLACK
6
CONTINUOUS
10
5.67608
20
-3.04126
11
5.67824
21
-3.0391
0
LINE
8
BLACK
6
CONTINUOUS
10
5.67824
20
-3.0391
11
5.68119
21
-3.03831
0
LINE
8
BLACK
6
CONTINUOUS
10
5.68119
20
-3.03831
11
5.68415
21
-3.0391
0
LINE
8
BLACK
6
CONTINUOUS
10
5.65657
20
-3.08
11
5.65511
21
-3.08146
0
LINE
8
BLACK
6
CONTINUOUS
10
5.65511
20
-3.08146
11
5.65335
21
-3.08498
0
LINE
8
BLACK
6
CONTINUOUS
10
5.65335
20
-3.08498
11
5.65335
21
-3.09063
0
LINE
8
BLACK
6
CONTINUOUS
10
5.65335
20
-3.09063
11
5.65511
21
-3.09415
0
LINE
8
BLACK
6
CONTINUOUS
10
5.65511
20
-3.09415
11
5.65657
21
-3.0956
0
LINE
8
BLACK
6
CONTINUOUS
10
5.65657
20
-3.0956
11
5.66009
21
-3.09736
0
LINE
8
BLACK
6
CONTINUOUS
10
5.66009
20
-3.09736
11
5.67529
21
-3.09736
0
LINE
8
BLACK
6
CONTINUOUS
10
5.67529
20
-3.09736
11
5.67529
21
-3.07824
0
LINE
8
BLACK
6
CONTINUOUS
10
5.67529
20
-3.07824
11
5.66009
21
-3.07824
0
LINE
8
BLACK
6
CONTINUOUS
10
5.66009
20
-3.07824
11
5.65657
21
-3.08
0
LINE
8
BLACK
6
CONTINUOUS
10
5.43504
20
-3.03866
11
5.43637
21
-3.03893
0
LINE
8
BLACK
6
CONTINUOUS
10
5.43637
20
-3.03893
11
5.44199
21
-3.04175
0
LINE
8
BLACK
6
CONTINUOUS
10
5.44199
20
-3.04175
11
5.44226
21
-3.04199
0
LINE
8
BLACK
6
CONTINUOUS
10
5.44226
20
-3.04199
11
5.4426
21
-3.0421
0
LINE
8
BLACK
6
CONTINUOUS
10
5.4426
20
-3.0421
11
5.44339
21
-3.04299
0
LINE
8
BLACK
6
CONTINUOUS
10
5.44339
20
-3.04299
11
5.44428
21
-3.04377
0
LINE
8
BLACK
6
CONTINUOUS
10
5.44428
20
-3.04377
11
5.44439
21
-3.04412
0
LINE
8
BLACK
6
CONTINUOUS
10
5.44439
20
-3.04412
11
5.44463
21
-3.04439
0
LINE
8
BLACK
6
CONTINUOUS
10
5.44463
20
-3.04439
11
5.44744
21
-3.05001
0
LINE
8
BLACK
6
CONTINUOUS
10
5.44744
20
-3.05001
11
5.44772
21
-3.05134
0
LINE
8
BLACK
6
CONTINUOUS
10
5.44772
20
-3.05134
11
5.44807
21
-3.05265
0
LINE
8
BLACK
6
CONTINUOUS
10
5.44807
20
-3.05265
11
5.44807
21
-3.05828
0
LINE
8
BLACK
6
CONTINUOUS
10
5.44807
20
-3.05828
11
5.44772
21
-3.05959
0
LINE
8
BLACK
6
CONTINUOUS
10
5.44772
20
-3.05959
11
5.44744
21
-3.06092
0
LINE
8
BLACK
6
CONTINUOUS
10
5.44744
20
-3.06092
11
5.44463
21
-3.06654
0
LINE
8
BLACK
6
CONTINUOUS
10
5.44463
20
-3.06654
11
5.44439
21
-3.06681
0
LINE
8
BLACK
6
CONTINUOUS
10
5.44439
20
-3.06681
11
5.44428
21
-3.06715
0
LINE
8
BLACK
6
CONTINUOUS
10
5.44428
20
-3.06715
11
5.44339
21
-3.06794
0
LINE
8
BLACK
6
CONTINUOUS
10
5.44339
20
-3.06794
11
5.4426
21
-3.06883
0
LINE
8
BLACK
6
CONTINUOUS
10
5.4426
20
-3.06883
11
5.44226
21
-3.06894
0
LINE
8
BLACK
6
CONTINUOUS
10
5.44226
20
-3.06894
11
5.44199
21
-3.06918
0
LINE
8
BLACK
6
CONTINUOUS
10
5.44199
20
-3.06918
11
5.43637
21
-3.07199
0
LINE
8
BLACK
6
CONTINUOUS
10
5.43637
20
-3.07199
11
5.43504
21
-3.07227
0
LINE
8
BLACK
6
CONTINUOUS
10
5.43504
20
-3.07227
11
5.43372
21
-3.07262
0
LINE
8
BLACK
6
CONTINUOUS
10
5.43372
20
-3.07262
11
5.42106
21
-3.07262
0
LINE
8
BLACK
6
CONTINUOUS
10
5.42106
20
-3.07262
11
5.41995
21
-3.07317
0
LINE
8
BLACK
6
CONTINUOUS
10
5.41995
20
-3.07317
11
5.41995
21
-3.07375
0
LINE
8
BLACK
6
CONTINUOUS
10
5.41995
20
-3.07375
11
5.42125
21
-3.07637
0
LINE
8
BLACK
6
CONTINUOUS
10
5.42125
20
-3.07637
11
5.42387
21
-3.07768
0
LINE
8
BLACK
6
CONTINUOUS
10
5.42387
20
-3.07768
11
5.43233
21
-3.07768
0
LINE
8
BLACK
6
CONTINUOUS
10
5.43233
20
-3.07768
11
5.43671
21
-3.07549
0
LINE
8
BLACK
6
CONTINUOUS
10
5.43671
20
-3.07549
11
5.4397
21
-3.07488
0
LINE
8
BLACK
6
CONTINUOUS
10
5.4397
20
-3.07488
11
5.4426
21
-3.07585
0
LINE
8
BLACK
6
CONTINUOUS
10
5.4426
20
-3.07585
11
5.44463
21
-3.07813
0
LINE
8
BLACK
6
CONTINUOUS
10
5.44463
20
-3.07813
11
5.44524
21
-3.08113
0
LINE
8
BLACK
6
CONTINUOUS
10
5.44524
20
-3.08113
11
5.44428
21
-3.08403
0
LINE
8
BLACK
6
CONTINUOUS
10
5.44428
20
-3.08403
11
5.44199
21
-3.08606
0
LINE
8
BLACK
6
CONTINUOUS
10
5.44199
20
-3.08606
11
5.43637
21
-3.08887
0
LINE
8
BLACK
6
CONTINUOUS
10
5.43637
20
-3.08887
11
5.43504
21
-3.08914
0
LINE
8
BLACK
6
CONTINUOUS
10
5.43504
20
-3.08914
11
5.43372
21
-3.08949
0
LINE
8
BLACK
6
CONTINUOUS
10
5.43372
20
-3.08949
11
5.42248
21
-3.08949
0
LINE
8
BLACK
6
CONTINUOUS
10
5.42248
20
-3.08949
11
5.42117
21
-3.08914
0
LINE
8
BLACK
6
CONTINUOUS
10
5.42117
20
-3.08914
11
5.41984
21
-3.08887
0
LINE
8
BLACK
6
CONTINUOUS
10
5.41984
20
-3.08887
11
5.41421
21
-3.08606
0
LINE
8
BLACK
6
CONTINUOUS
10
5.41421
20
-3.08606
11
5.41394
21
-3.08582
0
LINE
8
BLACK
6
CONTINUOUS
10
5.41394
20
-3.08582
11
5.4136
21
-3.0857
0
LINE
8
BLACK
6
CONTINUOUS
10
5.4136
20
-3.0857
11
5.41281
21
-3.08481
0
LINE
8
BLACK
6
CONTINUOUS
10
5.41281
20
-3.08481
11
5.41192
21
-3.08403
0
LINE
8
BLACK
6
CONTINUOUS
10
5.41192
20
-3.08403
11
5.41181
21
-3.08368
0
LINE
8
BLACK
6
CONTINUOUS
10
5.41181
20
-3.08368
11
5.41157
21
-3.08341
0
LINE
8
BLACK
6
CONTINUOUS
10
5.41157
20
-3.08341
11
5.40876
21
-3.07779
0
LINE
8
BLACK
6
CONTINUOUS
10
5.40876
20
-3.07779
11
5.40849
21
-3.07646
0
LINE
8
BLACK
6
CONTINUOUS
10
5.40849
20
-3.07646
11
5.40813
21
-3.07515
0
LINE
8
BLACK
6
CONTINUOUS
10
5.40813
20
-3.07515
11
5.40813
21
-3.04422
0
LINE
8
BLACK
6
CONTINUOUS
10
5.40813
20
-3.04422
11
5.40893
21
-3.04126
0
LINE
8
BLACK
6
CONTINUOUS
10
5.40893
20
-3.04126
11
5.41109
21
-3.0391
0
LINE
8
BLACK
6
CONTINUOUS
10
5.41109
20
-3.0391
11
5.41404
21
-3.03831
0
LINE
8
BLACK
6
CONTINUOUS
10
5.41404
20
-3.03831
11
5.41679
21
-3.03905
0
LINE
8
BLACK
6
CONTINUOUS
10
5.41679
20
-3.03905
11
5.41702
21
-3.03893
0
LINE
8
BLACK
6
CONTINUOUS
10
5.41702
20
-3.03893
11
5.41835
21
-3.03866
0
LINE
8
BLACK
6
CONTINUOUS
10
5.41835
20
-3.03866
11
5.41966
21
-3.03831
0
LINE
8
BLACK
6
CONTINUOUS
10
5.41966
20
-3.03831
11
5.43372
21
-3.03831
0
LINE
8
BLACK
6
CONTINUOUS
10
5.43372
20
-3.03831
11
5.43504
21
-3.03866
0
LINE
8
BLACK
6
CONTINUOUS
10
5.41995
20
-3.05068
11
5.41995
21
-3.06081
0
LINE
8
BLACK
6
CONTINUOUS
10
5.41995
20
-3.06081
11
5.43233
21
-3.06081
0
LINE
8
BLACK
6
CONTINUOUS
10
5.43233
20
-3.06081
11
5.43495
21
-3.0595
0
LINE
8
BLACK
6
CONTINUOUS
10
5.43495
20
-3.0595
11
5.43626
21
-3.05688
0
LINE
8
BLACK
6
CONTINUOUS
10
5.43626
20
-3.05688
11
5.43626
21
-3.05405
0
LINE
8
BLACK
6
CONTINUOUS
10
5.43626
20
-3.05405
11
5.43495
21
-3.05143
0
LINE
8
BLACK
6
CONTINUOUS
10
5.43495
20
-3.05143
11
5.43233
21
-3.05012
0
LINE
8
BLACK
6
CONTINUOUS
10
5.43233
20
-3.05012
11
5.42106
21
-3.05012
0
LINE
8
BLACK
6
CONTINUOUS
10
5.42106
20
-3.05012
11
5.41995
21
-3.05068
0
LINE
8
BLACK
6
CONTINUOUS
10
5.48565
20
-3.03866
11
5.48698
21
-3.03893
0
LINE
8
BLACK
6
CONTINUOUS
10
5.48698
20
-3.03893
11
5.49261
21
-3.04175
0
LINE
8
BLACK
6
CONTINUOUS
10
5.49261
20
-3.04175
11
5.49332
21
-3.04238
0
LINE
8
BLACK
6
CONTINUOUS
10
5.49332
20
-3.04238
11
5.49414
21
-3.04285
0
LINE
8
BLACK
6
CONTINUOUS
10
5.49414
20
-3.04285
11
5.49696
21
-3.04566
0
LINE
8
BLACK
6
CONTINUOUS
10
5.49696
20
-3.04566
11
5.49743
21
-3.04649
0
LINE
8
BLACK
6
CONTINUOUS
10
5.49743
20
-3.04649
11
5.49806
21
-3.0472
0
LINE
8
BLACK
6
CONTINUOUS
10
5.49806
20
-3.0472
11
5.50087
21
-3.05282
0
LINE
8
BLACK
6
CONTINUOUS
10
5.50087
20
-3.05282
11
5.50115
21
-3.05415
0
LINE
8
BLACK
6
CONTINUOUS
10
5.50115
20
-3.05415
11
5.5015
21
-3.05546
0
LINE
8
BLACK
6
CONTINUOUS
10
5.5015
20
-3.05546
11
5.5015
21
-3.07234
0
LINE
8
BLACK
6
CONTINUOUS
10
5.5015
20
-3.07234
11
5.50115
21
-3.07365
0
LINE
8
BLACK
6
CONTINUOUS
10
5.50115
20
-3.07365
11
5.50087
21
-3.07498
0
LINE
8
BLACK
6
CONTINUOUS
10
5.50087
20
-3.07498
11
5.49806
21
-3.0806
0
LINE
8
BLACK
6
CONTINUOUS
10
5.49806
20
-3.0806
11
5.49743
21
-3.08131
0
LINE
8
BLACK
6
CONTINUOUS
10
5.49743
20
-3.08131
11
5.49696
21
-3.08214
0
LINE
8
BLACK
6
CONTINUOUS
10
5.49696
20
-3.08214
11
5.49414
21
-3.08495
0
LINE
8
BLACK
6
CONTINUOUS
10
5.49414
20
-3.08495
11
5.49332
21
-3.08542
0
LINE
8
BLACK
6
CONTINUOUS
10
5.49332
20
-3.08542
11
5.49261
21
-3.08606
0
LINE
8
BLACK
6
CONTINUOUS
10
5.49261
20
-3.08606
11
5.48698
21
-3.08887
0
LINE
8
BLACK
6
CONTINUOUS
10
5.48698
20
-3.08887
11
5.48565
21
-3.08914
0
LINE
8
BLACK
6
CONTINUOUS
10
5.48565
20
-3.08914
11
5.48434
21
-3.08949
0
LINE
8
BLACK
6
CONTINUOUS
10
5.48434
20
-3.08949
11
5.47591
21
-3.08949
0
LINE
8
BLACK
6
CONTINUOUS
10
5.47591
20
-3.08949
11
5.4746
21
-3.08914
0
LINE
8
BLACK
6
CONTINUOUS
10
5.4746
20
-3.08914
11
5.47327
21
-3.08887
0
LINE
8
BLACK
6
CONTINUOUS
10
5.47327
20
-3.08887
11
5.46764
21
-3.08606
0
LINE
8
BLACK
6
CONTINUOUS
10
5.46764
20
-3.08606
11
5.46693
21
-3.08542
0
LINE
8
BLACK
6
CONTINUOUS
10
5.46693
20
-3.08542
11
5.46611
21
-3.08495
0
LINE
8
BLACK
6
CONTINUOUS
10
5.46611
20
-3.08495
11
5.46329
21
-3.08214
0
LINE
8
BLACK
6
CONTINUOUS
10
5.46329
20
-3.08214
11
5.46282
21
-3.08131
0
LINE
8
BLACK
6
CONTINUOUS
10
5.46282
20
-3.08131
11
5.46219
21
-3.0806
0
LINE
8
BLACK
6
CONTINUOUS
10
5.46219
20
-3.0806
11
5.45938
21
-3.07498
0
LINE
8
BLACK
6
CONTINUOUS
10
5.45938
20
-3.07498
11
5.4591
21
-3.07365
0
LINE
8
BLACK
6
CONTINUOUS
10
5.4591
20
-3.07365
11
5.45875
21
-3.07234
0
LINE
8
BLACK
6
CONTINUOUS
10
5.45875
20
-3.07234
11
5.45875
21
-3.05546
0
LINE
8
BLACK
6
CONTINUOUS
10
5.45875
20
-3.05546
11
5.4591
21
-3.05415
0
LINE
8
BLACK
6
CONTINUOUS
10
5.4591
20
-3.05415
11
5.45938
21
-3.05282
0
LINE
8
BLACK
6
CONTINUOUS
10
5.45938
20
-3.05282
11
5.46219
21
-3.0472
0
LINE
8
BLACK
6
CONTINUOUS
10
5.46219
20
-3.0472
11
5.46282
21
-3.04649
0
LINE
8
BLACK
6
CONTINUOUS
10
5.46282
20
-3.04649
11
5.46329
21
-3.04566
0
LINE
8
BLACK
6
CONTINUOUS
10
5.46329
20
-3.04566
11
5.46611
21
-3.04285
0
LINE
8
BLACK
6
CONTINUOUS
10
5.46611
20
-3.04285
11
5.46693
21
-3.04238
0
LINE
8
BLACK
6
CONTINUOUS
10
5.46693
20
-3.04238
11
5.46764
21
-3.04175
0
LINE
8
BLACK
6
CONTINUOUS
10
5.46764
20
-3.04175
11
5.47327
21
-3.03893
0
LINE
8
BLACK
6
CONTINUOUS
10
5.47327
20
-3.03893
11
5.4746
21
-3.03866
0
LINE
8
BLACK
6
CONTINUOUS
10
5.4746
20
-3.03866
11
5.47591
21
-3.03831
0
LINE
8
BLACK
6
CONTINUOUS
10
5.47591
20
-3.03831
11
5.48434
21
-3.03831
0
LINE
8
BLACK
6
CONTINUOUS
10
5.48434
20
-3.03831
11
5.48565
21
-3.03866
0
LINE
8
BLACK
6
CONTINUOUS
10
5.47378
20
-3.05188
11
5.47232
21
-3.05334
0
LINE
8
BLACK
6
CONTINUOUS
10
5.47232
20
-3.05334
11
5.47056
21
-3.05686
0
LINE
8
BLACK
6
CONTINUOUS
10
5.47056
20
-3.05686
11
5.47056
21
-3.07094
0
LINE
8
BLACK
6
CONTINUOUS
10
5.47056
20
-3.07094
11
5.47232
21
-3.07446
0
LINE
8
BLACK
6
CONTINUOUS
10
5.47232
20
-3.07446
11
5.47378
21
-3.07592
0
LINE
8
BLACK
6
CONTINUOUS
10
5.47378
20
-3.07592
11
5.4773
21
-3.07768
0
LINE
8
BLACK
6
CONTINUOUS
10
5.4773
20
-3.07768
11
5.48295
21
-3.07768
0
LINE
8
BLACK
6
CONTINUOUS
10
5.48295
20
-3.07768
11
5.48647
21
-3.07592
0
LINE
8
BLACK
6
CONTINUOUS
10
5.48647
20
-3.07592
11
5.48793
21
-3.07446
0
LINE
8
BLACK
6
CONTINUOUS
10
5.48793
20
-3.07446
11
5.48969
21
-3.07094
0
LINE
8
BLACK
6
CONTINUOUS
10
5.48969
20
-3.07094
11
5.48969
21
-3.05686
0
LINE
8
BLACK
6
CONTINUOUS
10
5.48969
20
-3.05686
11
5.48793
21
-3.05334
0
LINE
8
BLACK
6
CONTINUOUS
10
5.48793
20
-3.05334
11
5.48647
21
-3.05188
0
LINE
8
BLACK
6
CONTINUOUS
10
5.48647
20
-3.05188
11
5.48295
21
-3.05012
0
LINE
8
BLACK
6
CONTINUOUS
10
5.48295
20
-3.05012
11
5.4773
21
-3.05012
0
LINE
8
BLACK
6
CONTINUOUS
10
5.4773
20
-3.05012
11
5.47378
21
-3.05188
0
LINE
8
BLACK
6
CONTINUOUS
10
5.61783
20
-3.03866
11
5.61916
21
-3.03893
0
LINE
8
BLACK
6
CONTINUOUS
10
5.61916
20
-3.03893
11
5.62478
21
-3.04175
0
LINE
8
BLACK
6
CONTINUOUS
10
5.62478
20
-3.04175
11
5.62505
21
-3.04199
0
LINE
8
BLACK
6
CONTINUOUS
10
5.62505
20
-3.04199
11
5.62539
21
-3.0421
0
LINE
8
BLACK
6
CONTINUOUS
10
5.62539
20
-3.0421
11
5.62618
21
-3.04299
0
LINE
8
BLACK
6
CONTINUOUS
10
5.62618
20
-3.04299
11
5.62707
21
-3.04377
0
LINE
8
BLACK
6
CONTINUOUS
10
5.62707
20
-3.04377
11
5.62718
21
-3.04412
0
LINE
8
BLACK
6
CONTINUOUS
10
5.62718
20
-3.04412
11
5.62742
21
-3.04439
0
LINE
8
BLACK
6
CONTINUOUS
10
5.62742
20
-3.04439
11
5.63023
21
-3.05001
0
LINE
8
BLACK
6
CONTINUOUS
10
5.63023
20
-3.05001
11
5.63051
21
-3.05134
0
LINE
8
BLACK
6
CONTINUOUS
10
5.63051
20
-3.05134
11
5.63086
21
-3.05265
0
LINE
8
BLACK
6
CONTINUOUS
10
5.63086
20
-3.05265
11
5.63086
21
-3.05828
0
LINE
8
BLACK
6
CONTINUOUS
10
5.63086
20
-3.05828
11
5.63051
21
-3.05959
0
LINE
8
BLACK
6
CONTINUOUS
10
5.63051
20
-3.05959
11
5.63023
21
-3.06092
0
LINE
8
BLACK
6
CONTINUOUS
10
5.63023
20
-3.06092
11
5.62742
21
-3.06654
0
LINE
8
BLACK
6
CONTINUOUS
10
5.62742
20
-3.06654
11
5.62718
21
-3.06681
0
LINE
8
BLACK
6
CONTINUOUS
10
5.62718
20
-3.06681
11
5.62707
21
-3.06715
0
LINE
8
BLACK
6
CONTINUOUS
10
5.62707
20
-3.06715
11
5.62618
21
-3.06794
0
LINE
8
BLACK
6
CONTINUOUS
10
5.62618
20
-3.06794
11
5.62539
21
-3.06883
0
LINE
8
BLACK
6
CONTINUOUS
10
5.62539
20
-3.06883
11
5.62505
21
-3.06894
0
LINE
8
BLACK
6
CONTINUOUS
10
5.62505
20
-3.06894
11
5.62478
21
-3.06918
0
LINE
8
BLACK
6
CONTINUOUS
10
5.62478
20
-3.06918
11
5.61916
21
-3.07199
0
LINE
8
BLACK
6
CONTINUOUS
10
5.61916
20
-3.07199
11
5.61783
21
-3.07227
0
LINE
8
BLACK
6
CONTINUOUS
10
5.61783
20
-3.07227
11
5.61651
21
-3.07262
0
LINE
8
BLACK
6
CONTINUOUS
10
5.61651
20
-3.07262
11
5.60385
21
-3.07262
0
LINE
8
BLACK
6
CONTINUOUS
10
5.60385
20
-3.07262
11
5.60274
21
-3.07317
0
LINE
8
BLACK
6
CONTINUOUS
10
5.60274
20
-3.07317
11
5.60274
21
-3.07375
0
LINE
8
BLACK
6
CONTINUOUS
10
5.60274
20
-3.07375
11
5.60404
21
-3.07637
0
LINE
8
BLACK
6
CONTINUOUS
10
5.60404
20
-3.07637
11
5.60666
21
-3.07768
0
LINE
8
BLACK
6
CONTINUOUS
10
5.60666
20
-3.07768
11
5.61512
21
-3.07768
0
LINE
8
BLACK
6
CONTINUOUS
10
5.61512
20
-3.07768
11
5.6195
21
-3.07549
0
LINE
8
BLACK
6
CONTINUOUS
10
5.6195
20
-3.07549
11
5.62249
21
-3.07488
0
LINE
8
BLACK
6
CONTINUOUS
10
5.62249
20
-3.07488
11
5.62539
21
-3.07585
0
LINE
8
BLACK
6
CONTINUOUS
10
5.62539
20
-3.07585
11
5.62742
21
-3.07813
0
LINE
8
BLACK
6
CONTINUOUS
10
5.62742
20
-3.07813
11
5.62803
21
-3.08113
0
LINE
8
BLACK
6
CONTINUOUS
10
5.62803
20
-3.08113
11
5.62707
21
-3.08403
0
LINE
8
BLACK
6
CONTINUOUS
10
5.62707
20
-3.08403
11
5.62478
21
-3.08606
0
LINE
8
BLACK
6
CONTINUOUS
10
5.62478
20
-3.08606
11
5.61916
21
-3.08887
0
LINE
8
BLACK
6
CONTINUOUS
10
5.61916
20
-3.08887
11
5.61783
21
-3.08914
0
LINE
8
BLACK
6
CONTINUOUS
10
5.61783
20
-3.08914
11
5.61651
21
-3.08949
0
LINE
8
BLACK
6
CONTINUOUS
10
5.61651
20
-3.08949
11
5.60527
21
-3.08949
0
LINE
8
BLACK
6
CONTINUOUS
10
5.60527
20
-3.08949
11
5.60395
21
-3.08914
0
LINE
8
BLACK
6
CONTINUOUS
10
5.60395
20
-3.08914
11
5.60262
21
-3.08887
0
LINE
8
BLACK
6
CONTINUOUS
10
5.60262
20
-3.08887
11
5.597
21
-3.08606
0
LINE
8
BLACK
6
CONTINUOUS
10
5.597
20
-3.08606
11
5.59673
21
-3.08582
0
LINE
8
BLACK
6
CONTINUOUS
10
5.59673
20
-3.08582
11
5.59639
21
-3.0857
0
LINE
8
BLACK
6
CONTINUOUS
10
5.59639
20
-3.0857
11
5.5956
21
-3.08481
0
LINE
8
BLACK
6
CONTINUOUS
10
5.5956
20
-3.08481
11
5.59471
21
-3.08403
0
LINE
8
BLACK
6
CONTINUOUS
10
5.59471
20
-3.08403
11
5.5946
21
-3.08368
0
LINE
8
BLACK
6
CONTINUOUS
10
5.5946
20
-3.08368
11
5.59436
21
-3.08341
0
LINE
8
BLACK
6
CONTINUOUS
10
5.59436
20
-3.08341
11
5.59155
21
-3.07779
0
LINE
8
BLACK
6
CONTINUOUS
10
5.59155
20
-3.07779
11
5.59128
21
-3.07646
0
LINE
8
BLACK
6
CONTINUOUS
10
5.59128
20
-3.07646
11
5.59092
21
-3.07515
0
LINE
8
BLACK
6
CONTINUOUS
10
5.59092
20
-3.07515
11
5.59092
21
-3.04422
0
LINE
8
BLACK
6
CONTINUOUS
10
5.59092
20
-3.04422
11
5.59172
21
-3.04126
0
LINE
8
BLACK
6
CONTINUOUS
10
5.59172
20
-3.04126
11
5.59388
21
-3.0391
0
LINE
8
BLACK
6
CONTINUOUS
10
5.59388
20
-3.0391
11
5.59683
21
-3.03831
0
LINE
8
BLACK
6
CONTINUOUS
10
5.59683
20
-3.03831
11
5.59958
21
-3.03905
0
LINE
8
BLACK
6
CONTINUOUS
10
5.59958
20
-3.03905
11
5.59981
21
-3.03893
0
LINE
8
BLACK
6
CONTINUOUS
10
5.59981
20
-3.03893
11
5.60114
21
-3.03866
0
LINE
8
BLACK
6
CONTINUOUS
10
5.60114
20
-3.03866
11
5.60245
21
-3.03831
0
LINE
8
BLACK
6
CONTINUOUS
10
5.60245
20
-3.03831
11
5.61651
21
-3.03831
0
LINE
8
BLACK
6
CONTINUOUS
10
5.61651
20
-3.03831
11
5.61783
21
-3.03866
0
LINE
8
BLACK
6
CONTINUOUS
10
5.60274
20
-3.05068
11
5.60274
21
-3.06081
0
LINE
8
BLACK
6
CONTINUOUS
10
5.60274
20
-3.06081
11
5.61512
21
-3.06081
0
LINE
8
BLACK
6
CONTINUOUS
10
5.61512
20
-3.06081
11
5.61774
21
-3.0595
0
LINE
8
BLACK
6
CONTINUOUS
10
5.61774
20
-3.0595
11
5.61905
21
-3.05688
0
LINE
8
BLACK
6
CONTINUOUS
10
5.61905
20
-3.05688
11
5.61905
21
-3.05405
0
LINE
8
BLACK
6
CONTINUOUS
10
5.61905
20
-3.05405
11
5.61774
21
-3.05143
0
LINE
8
BLACK
6
CONTINUOUS
10
5.61774
20
-3.05143
11
5.61512
21
-3.05012
0
LINE
8
BLACK
6
CONTINUOUS
10
5.61512
20
-3.05012
11
5.60385
21
-3.05012
0
LINE
8
BLACK
6
CONTINUOUS
10
5.60385
20
-3.05012
11
5.60274
21
-3.05068
0
LINE
8
BLACK
6
CONTINUOUS
10
5.57759
20
-3.0196
11
5.57961
21
-3.02189
0
LINE
8
BLACK
6
CONTINUOUS
10
5.57961
20
-3.02189
11
5.58023
21
-3.02488
0
LINE
8
BLACK
6
CONTINUOUS
10
5.58023
20
-3.02488
11
5.57926
21
-3.02778
0
LINE
8
BLACK
6
CONTINUOUS
10
5.57926
20
-3.02778
11
5.57697
21
-3.02981
0
LINE
8
BLACK
6
CONTINUOUS
10
5.57697
20
-3.02981
11
5.57221
21
-3.0322
0
LINE
8
BLACK
6
CONTINUOUS
10
5.57221
20
-3.0322
11
5.57093
21
-3.03347
0
LINE
8
BLACK
6
CONTINUOUS
10
5.57093
20
-3.03347
11
5.56658
21
-3.04433
0
LINE
8
BLACK
6
CONTINUOUS
10
5.56658
20
-3.04433
11
5.57989
21
-3.0816
0
LINE
8
BLACK
6
CONTINUOUS
10
5.57989
20
-3.0816
11
5.58014
21
-3.08465
0
LINE
8
BLACK
6
CONTINUOUS
10
5.58014
20
-3.08465
11
5.57883
21
-3.08741
0
LINE
8
BLACK
6
CONTINUOUS
10
5.57883
20
-3.08741
11
5.57632
21
-3.08915
0
LINE
8
BLACK
6
CONTINUOUS
10
5.57632
20
-3.08915
11
5.57327
21
-3.08939
0
LINE
8
BLACK
6
CONTINUOUS
10
5.57327
20
-3.08939
11
5.57051
21
-3.08809
0
LINE
8
BLACK
6
CONTINUOUS
10
5.57051
20
-3.08809
11
5.56877
21
-3.08557
0
LINE
8
BLACK
6
CONTINUOUS
10
5.56877
20
-3.08557
11
5.56027
21
-3.06177
0
LINE
8
BLACK
6
CONTINUOUS
10
5.56027
20
-3.06177
11
5.55177
21
-3.08557
0
LINE
8
BLACK
6
CONTINUOUS
10
5.55177
20
-3.08557
11
5.55003
21
-3.08809
0
LINE
8
BLACK
6
CONTINUOUS
10
5.55003
20
-3.08809
11
5.54727
21
-3.08939
0
LINE
8
BLACK
6
CONTINUOUS
10
5.54727
20
-3.08939
11
5.54422
21
-3.08915
0
LINE
8
BLACK
6
CONTINUOUS
10
5.54422
20
-3.08915
11
5.54171
21
-3.08741
0
LINE
8
BLACK
6
CONTINUOUS
10
5.54171
20
-3.08741
11
5.5404
21
-3.08465
0
LINE
8
BLACK
6
CONTINUOUS
10
5.5404
20
-3.08465
11
5.54065
21
-3.0816
0
LINE
8
BLACK
6
CONTINUOUS
10
5.54065
20
-3.0816
11
5.55471
21
-3.04223
0
LINE
8
BLACK
6
CONTINUOUS
10
5.55471
20
-3.04223
11
5.55477
21
-3.04214
0
LINE
8
BLACK
6
CONTINUOUS
10
5.55477
20
-3.04214
11
5.55479
21
-3.04202
0
LINE
8
BLACK
6
CONTINUOUS
10
5.55479
20
-3.04202
11
5.56041
21
-3.02796
0
LINE
8
BLACK
6
CONTINUOUS
10
5.56041
20
-3.02796
11
5.56113
21
-3.02701
0
LINE
8
BLACK
6
CONTINUOUS
10
5.56113
20
-3.02701
11
5.56172
21
-3.02598
0
LINE
8
BLACK
6
CONTINUOUS
10
5.56172
20
-3.02598
11
5.56453
21
-3.02317
0
LINE
8
BLACK
6
CONTINUOUS
10
5.56453
20
-3.02317
11
5.56536
21
-3.02269
0
LINE
8
BLACK
6
CONTINUOUS
10
5.56536
20
-3.02269
11
5.56607
21
-3.02206
0
LINE
8
BLACK
6
CONTINUOUS
10
5.56607
20
-3.02206
11
5.57169
21
-3.01925
0
LINE
8
BLACK
6
CONTINUOUS
10
5.57169
20
-3.01925
11
5.57469
21
-3.01864
0
LINE
8
BLACK
6
CONTINUOUS
10
5.57469
20
-3.01864
11
5.57759
21
-3.0196
0
LINE
8
BLACK
6
CONTINUOUS
10
5.42965
20
-2.9331
11
5.43181
21
-2.93526
0
LINE
8
BLACK
6
CONTINUOUS
10
5.43181
20
-2.93526
11
5.4326
21
-2.93822
0
LINE
8
BLACK
6
CONTINUOUS
10
5.4326
20
-2.93822
11
5.4326
21
-2.97759
0
LINE
8
BLACK
6
CONTINUOUS
10
5.4326
20
-2.97759
11
5.43181
21
-2.98054
0
LINE
8
BLACK
6
CONTINUOUS
10
5.43181
20
-2.98054
11
5.42965
21
-2.9827
0
LINE
8
BLACK
6
CONTINUOUS
10
5.42965
20
-2.9827
11
5.42669
21
-2.98349
0
LINE
8
BLACK
6
CONTINUOUS
10
5.42669
20
-2.98349
11
5.42374
21
-2.9827
0
LINE
8
BLACK
6
CONTINUOUS
10
5.42374
20
-2.9827
11
5.42197
21
-2.98093
0
LINE
8
BLACK
6
CONTINUOUS
10
5.42197
20
-2.98093
11
5.41809
21
-2.98287
0
LINE
8
BLACK
6
CONTINUOUS
10
5.41809
20
-2.98287
11
5.41676
21
-2.98314
0
LINE
8
BLACK
6
CONTINUOUS
10
5.41676
20
-2.98314
11
5.41545
21
-2.98349
0
LINE
8
BLACK
6
CONTINUOUS
10
5.41545
20
-2.98349
11
5.40982
21
-2.98349
0
LINE
8
BLACK
6
CONTINUOUS
10
5.40982
20
-2.98349
11
5.40687
21
-2.9827
0
LINE
8
BLACK
6
CONTINUOUS
10
5.40687
20
-2.9827
11
5.40471
21
-2.98054
0
LINE
8
BLACK
6
CONTINUOUS
10
5.40471
20
-2.98054
11
5.4042
21
-2.97864
0
LINE
8
BLACK
6
CONTINUOUS
10
5.4042
20
-2.97864
11
5.40369
21
-2.98054
0
LINE
8
BLACK
6
CONTINUOUS
10
5.40369
20
-2.98054
11
5.40153
21
-2.9827
0
LINE
8
BLACK
6
CONTINUOUS
10
5.40153
20
-2.9827
11
5.39857
21
-2.98349
0
LINE
8
BLACK
6
CONTINUOUS
10
5.39857
20
-2.98349
11
5.39604
21
-2.98349
0
LINE
8
BLACK
6
CONTINUOUS
10
5.39604
20
-2.98349
11
5.39604
21
-2.98883
0
LINE
8
BLACK
6
CONTINUOUS
10
5.39604
20
-2.98883
11
5.39569
21
-2.99015
0
LINE
8
BLACK
6
CONTINUOUS
10
5.39569
20
-2.99015
11
5.39542
21
-2.99148
0
LINE
8
BLACK
6
CONTINUOUS
10
5.39542
20
-2.99148
11
5.39261
21
-2.9971
0
LINE
8
BLACK
6
CONTINUOUS
10
5.39261
20
-2.9971
11
5.39237
21
-2.99737
0
LINE
8
BLACK
6
CONTINUOUS
10
5.39237
20
-2.99737
11
5.39225
21
-2.99771
0
LINE
8
BLACK
6
CONTINUOUS
10
5.39225
20
-2.99771
11
5.39137
21
-2.9985
0
LINE
8
BLACK
6
CONTINUOUS
10
5.39137
20
-2.9985
11
5.39058
21
-2.99939
0
LINE
8
BLACK
6
CONTINUOUS
10
5.39058
20
-2.99939
11
5.39024
21
-2.9995
0
LINE
8
BLACK
6
CONTINUOUS
10
5.39024
20
-2.9995
11
5.38997
21
-2.99974
0
LINE
8
BLACK
6
CONTINUOUS
10
5.38997
20
-2.99974
11
5.38434
21
-3.00255
0
LINE
8
BLACK
6
CONTINUOUS
10
5.38434
20
-3.00255
11
5.38301
21
-3.00282
0
LINE
8
BLACK
6
CONTINUOUS
10
5.38301
20
-3.00282
11
5.3817
21
-3.00318
0
LINE
8
BLACK
6
CONTINUOUS
10
5.3817
20
-3.00318
11
5.37608
21
-3.00318
0
LINE
8
BLACK
6
CONTINUOUS
10
5.37608
20
-3.00318
11
5.37312
21
-3.00238
0
LINE
8
BLACK
6
CONTINUOUS
10
5.37312
20
-3.00238
11
5.37096
21
-3.00022
0
LINE
8
BLACK
6
CONTINUOUS
10
5.37096
20
-3.00022
11
5.37017
21
-2.99727
0
LINE
8
BLACK
6
CONTINUOUS
10
5.37017
20
-2.99727
11
5.37096
21
-2.99432
0
LINE
8
BLACK
6
CONTINUOUS
10
5.37096
20
-2.99432
11
5.37312
21
-2.99216
0
LINE
8
BLACK
6
CONTINUOUS
10
5.37312
20
-2.99216
11
5.37608
21
-2.99137
0
LINE
8
BLACK
6
CONTINUOUS
10
5.37608
20
-2.99137
11
5.38031
21
-2.99137
0
LINE
8
BLACK
6
CONTINUOUS
10
5.38031
20
-2.99137
11
5.38292
21
-2.99006
0
LINE
8
BLACK
6
CONTINUOUS
10
5.38292
20
-2.99006
11
5.38423
21
-2.98744
0
LINE
8
BLACK
6
CONTINUOUS
10
5.38423
20
-2.98744
11
5.38423
21
-2.98349
0
LINE
8
BLACK
6
CONTINUOUS
10
5.38423
20
-2.98349
11
5.37608
21
-2.98349
0
LINE
8
BLACK
6
CONTINUOUS
10
5.37608
20
-2.98349
11
5.37312
21
-2.9827
0
LINE
8
BLACK
6
CONTINUOUS
10
5.37312
20
-2.9827
11
5.37096
21
-2.98054
0
LINE
8
BLACK
6
CONTINUOUS
10
5.37096
20
-2.98054
11
5.37017
21
-2.97759
0
LINE
8
BLACK
6
CONTINUOUS
10
5.37017
20
-2.97759
11
5.37096
21
-2.97463
0
LINE
8
BLACK
6
CONTINUOUS
10
5.37096
20
-2.97463
11
5.37312
21
-2.97247
0
LINE
8
BLACK
6
CONTINUOUS
10
5.37312
20
-2.97247
11
5.37608
21
-2.97168
0
LINE
8
BLACK
6
CONTINUOUS
10
5.37608
20
-2.97168
11
5.38423
21
-2.97168
0
LINE
8
BLACK
6
CONTINUOUS
10
5.38423
20
-2.97168
11
5.38423
21
-2.93822
0
LINE
8
BLACK
6
CONTINUOUS
10
5.38423
20
-2.93822
11
5.38502
21
-2.93526
0
LINE
8
BLACK
6
CONTINUOUS
10
5.38502
20
-2.93526
11
5.38718
21
-2.9331
0
LINE
8
BLACK
6
CONTINUOUS
10
5.38718
20
-2.9331
11
5.39014
21
-2.93231
0
LINE
8
BLACK
6
CONTINUOUS
10
5.39014
20
-2.93231
11
5.39309
21
-2.9331
0
LINE
8
BLACK
6
CONTINUOUS
10
5.39309
20
-2.9331
11
5.39525
21
-2.93526
0
LINE
8
BLACK
6
CONTINUOUS
10
5.39525
20
-2.93526
11
5.39604
21
-2.93822
0
LINE
8
BLACK
6
CONTINUOUS
10
5.39604
20
-2.93822
11
5.39604
21
-2.97168
0
LINE
8
BLACK
6
CONTINUOUS
10
5.39604
20
-2.97168
11
5.39857
21
-2.97168
0
LINE
8
BLACK
6
CONTINUOUS
10
5.39857
20
-2.97168
11
5.40153
21
-2.97247
0
LINE
8
BLACK
6
CONTINUOUS
10
5.40153
20
-2.97247
11
5.40369
21
-2.97463
0
LINE
8
BLACK
6
CONTINUOUS
10
5.40369
20
-2.97463
11
5.4042
21
-2.97654
0
LINE
8
BLACK
6
CONTINUOUS
10
5.4042
20
-2.97654
11
5.40471
21
-2.97463
0
LINE
8
BLACK
6
CONTINUOUS
10
5.40471
20
-2.97463
11
5.40687
21
-2.97247
0
LINE
8
BLACK
6
CONTINUOUS
10
5.40687
20
-2.97247
11
5.40982
21
-2.97168
0
LINE
8
BLACK
6
CONTINUOUS
10
5.40982
20
-2.97168
11
5.41405
21
-2.97168
0
LINE
8
BLACK
6
CONTINUOUS
10
5.41405
20
-2.97168
11
5.41757
21
-2.96992
0
LINE
8
BLACK
6
CONTINUOUS
10
5.41757
20
-2.96992
11
5.41903
21
-2.96846
0
LINE
8
BLACK
6
CONTINUOUS
10
5.41903
20
-2.96846
11
5.42079
21
-2.96494
0
LINE
8
BLACK
6
CONTINUOUS
10
5.42079
20
-2.96494
11
5.42079
21
-2.93822
0
LINE
8
BLACK
6
CONTINUOUS
10
5.42079
20
-2.93822
11
5.42158
21
-2.93526
0
LINE
8
BLACK
6
CONTINUOUS
10
5.42158
20
-2.93526
11
5.42374
21
-2.9331
0
LINE
8
BLACK
6
CONTINUOUS
10
5.42374
20
-2.9331
11
5.42669
21
-2.93231
0
LINE
8
BLACK
6
CONTINUOUS
10
5.42669
20
-2.93231
11
5.42965
21
-2.9331
0
LINE
8
BLACK
6
CONTINUOUS
10
5.50393
20
-2.93266
11
5.50526
21
-2.93293
0
LINE
8
BLACK
6
CONTINUOUS
10
5.50526
20
-2.93293
11
5.51089
21
-2.93575
0
LINE
8
BLACK
6
CONTINUOUS
10
5.51089
20
-2.93575
11
5.51116
21
-2.93599
0
LINE
8
BLACK
6
CONTINUOUS
10
5.51116
20
-2.93599
11
5.5115
21
-2.9361
0
LINE
8
BLACK
6
CONTINUOUS
10
5.5115
20
-2.9361
11
5.51229
21
-2.93699
0
LINE
8
BLACK
6
CONTINUOUS
10
5.51229
20
-2.93699
11
5.51318
21
-2.93777
0
LINE
8
BLACK
6
CONTINUOUS
10
5.51318
20
-2.93777
11
5.51329
21
-2.93812
0
LINE
8
BLACK
6
CONTINUOUS
10
5.51329
20
-2.93812
11
5.51353
21
-2.93839
0
LINE
8
BLACK
6
CONTINUOUS
10
5.51353
20
-2.93839
11
5.51634
21
-2.94401
0
LINE
8
BLACK
6
CONTINUOUS
10
5.51634
20
-2.94401
11
5.51661
21
-2.94534
0
LINE
8
BLACK
6
CONTINUOUS
10
5.51661
20
-2.94534
11
5.51696
21
-2.94665
0
LINE
8
BLACK
6
CONTINUOUS
10
5.51696
20
-2.94665
11
5.51696
21
-2.97168
0
LINE
8
BLACK
6
CONTINUOUS
10
5.51696
20
-2.97168
11
5.5195
21
-2.97168
0
LINE
8
BLACK
6
CONTINUOUS
10
5.5195
20
-2.97168
11
5.52245
21
-2.97247
0
LINE
8
BLACK
6
CONTINUOUS
10
5.52245
20
-2.97247
11
5.52461
21
-2.97463
0
LINE
8
BLACK
6
CONTINUOUS
10
5.52461
20
-2.97463
11
5.5254
21
-2.97759
0
LINE
8
BLACK
6
CONTINUOUS
10
5.5254
20
-2.97759
11
5.52461
21
-2.98054
0
LINE
8
BLACK
6
CONTINUOUS
10
5.52461
20
-2.98054
11
5.52245
21
-2.9827
0
LINE
8
BLACK
6
CONTINUOUS
10
5.52245
20
-2.9827
11
5.5195
21
-2.98349
0
LINE
8
BLACK
6
CONTINUOUS
10
5.5195
20
-2.98349
11
5.51696
21
-2.98349
0
LINE
8
BLACK
6
CONTINUOUS
10
5.51696
20
-2.98349
11
5.51696
21
-2.99727
0
LINE
8
BLACK
6
CONTINUOUS
10
5.51696
20
-2.99727
11
5.51617
21
-3.00022
0
LINE
8
BLACK
6
CONTINUOUS
10
5.51617
20
-3.00022
11
5.51401
21
-3.00238
0
LINE
8
BLACK
6
CONTINUOUS
10
5.51401
20
-3.00238
11
5.51106
21
-3.00318
0
LINE
8
BLACK
6
CONTINUOUS
10
5.51106
20
-3.00318
11
5.50811
21
-3.00238
0
LINE
8
BLACK
6
CONTINUOUS
10
5.50811
20
-3.00238
11
5.50594
21
-3.00022
0
LINE
8
BLACK
6
CONTINUOUS
10
5.50594
20
-3.00022
11
5.50515
21
-2.99727
0
LINE
8
BLACK
6
CONTINUOUS
10
5.50515
20
-2.99727
11
5.50515
21
-2.98349
0
LINE
8
BLACK
6
CONTINUOUS
10
5.50515
20
-2.98349
11
5.497
21
-2.98349
0
LINE
8
BLACK
6
CONTINUOUS
10
5.497
20
-2.98349
11
5.49405
21
-2.9827
0
LINE
8
BLACK
6
CONTINUOUS
10
5.49405
20
-2.9827
11
5.49188
21
-2.98054
0
LINE
8
BLACK
6
CONTINUOUS
10
5.49188
20
-2.98054
11
5.49109
21
-2.97759
0
LINE
8
BLACK
6
CONTINUOUS
10
5.49109
20
-2.97759
11
5.49188
21
-2.97463
0
LINE
8
BLACK
6
CONTINUOUS
10
5.49188
20
-2.97463
11
5.49405
21
-2.97247
0
LINE
8
BLACK
6
CONTINUOUS
10
5.49405
20
-2.97247
11
5.497
21
-2.97168
0
LINE
8
BLACK
6
CONTINUOUS
10
5.497
20
-2.97168
11
5.50515
21
-2.97168
0
LINE
8
BLACK
6
CONTINUOUS
10
5.50515
20
-2.97168
11
5.50515
21
-2.94805
0
LINE
8
BLACK
6
CONTINUOUS
10
5.50515
20
-2.94805
11
5.50385
21
-2.94543
0
LINE
8
BLACK
6
CONTINUOUS
10
5.50385
20
-2.94543
11
5.50123
21
-2.94412
0
LINE
8
BLACK
6
CONTINUOUS
10
5.50123
20
-2.94412
11
5.497
21
-2.94412
0
LINE
8
BLACK
6
CONTINUOUS
10
5.497
20
-2.94412
11
5.49405
21
-2.94333
0
LINE
8
BLACK
6
CONTINUOUS
10
5.49405
20
-2.94333
11
5.49188
21
-2.94117
0
LINE
8
BLACK
6
CONTINUOUS
10
5.49188
20
-2.94117
11
5.49109
21
-2.93822
0
LINE
8
BLACK
6
CONTINUOUS
10
5.49109
20
-2.93822
11
5.49188
21
-2.93526
0
LINE
8
BLACK
6
CONTINUOUS
10
5.49188
20
-2.93526
11
5.49405
21
-2.9331
0
LINE
8
BLACK
6
CONTINUOUS
10
5.49405
20
-2.9331
11
5.497
21
-2.93231
0
LINE
8
BLACK
6
CONTINUOUS
10
5.497
20
-2.93231
11
5.50262
21
-2.93231
0
LINE
8
BLACK
6
CONTINUOUS
10
5.50262
20
-2.93231
11
5.50393
21
-2.93266
0
LINE
8
BLACK
6
CONTINUOUS
10
5.59556
20
-2.9331
11
5.59773
21
-2.93526
0
LINE
8
BLACK
6
CONTINUOUS
10
5.59773
20
-2.93526
11
5.59852
21
-2.93822
0
LINE
8
BLACK
6
CONTINUOUS
10
5.59852
20
-2.93822
11
5.59852
21
-2.99727
0
LINE
8
BLACK
6
CONTINUOUS
10
5.59852
20
-2.99727
11
5.59773
21
-3.00022
0
LINE
8
BLACK
6
CONTINUOUS
10
5.59773
20
-3.00022
11
5.59556
21
-3.00238
0
LINE
8
BLACK
6
CONTINUOUS
10
5.59556
20
-3.00238
11
5.59261
21
-3.00318
0
LINE
8
BLACK
6
CONTINUOUS
10
5.59261
20
-3.00318
11
5.58966
21
-3.00238
0
LINE
8
BLACK
6
CONTINUOUS
10
5.58966
20
-3.00238
11
5.5875
21
-3.00022
0
LINE
8
BLACK
6
CONTINUOUS
10
5.5875
20
-3.00022
11
5.58671
21
-2.99727
0
LINE
8
BLACK
6
CONTINUOUS
10
5.58671
20
-2.99727
11
5.58671
21
-2.93822
0
LINE
8
BLACK
6
CONTINUOUS
10
5.58671
20
-2.93822
11
5.5875
21
-2.93526
0
LINE
8
BLACK
6
CONTINUOUS
10
5.5875
20
-2.93526
11
5.58966
21
-2.9331
0
LINE
8
BLACK
6
CONTINUOUS
10
5.58966
20
-2.9331
11
5.59261
21
-2.93231
0
LINE
8
BLACK
6
CONTINUOUS
10
5.59261
20
-2.93231
11
5.59556
21
-2.9331
0
LINE
8
BLACK
6
CONTINUOUS
10
5.68914
20
-2.93256
11
5.69009
21
-2.93261
0
LINE
8
BLACK
6
CONTINUOUS
10
5.69009
20
-2.93261
11
5.69853
21
-2.93543
0
LINE
8
BLACK
6
CONTINUOUS
10
5.69853
20
-2.93543
11
5.70108
21
-2.93711
0
LINE
8
BLACK
6
CONTINUOUS
10
5.70108
20
-2.93711
11
5.70245
21
-2.93984
0
LINE
8
BLACK
6
CONTINUOUS
10
5.70245
20
-2.93984
11
5.70226
21
-2.9429
0
LINE
8
BLACK
6
CONTINUOUS
10
5.70226
20
-2.9429
11
5.70058
21
-2.94545
0
LINE
8
BLACK
6
CONTINUOUS
10
5.70058
20
-2.94545
11
5.69784
21
-2.94681
0
LINE
8
BLACK
6
CONTINUOUS
10
5.69784
20
-2.94681
11
5.69479
21
-2.94663
0
LINE
8
BLACK
6
CONTINUOUS
10
5.69479
20
-2.94663
11
5.68727
21
-2.94412
0
LINE
8
BLACK
6
CONTINUOUS
10
5.68727
20
-2.94412
11
5.67556
21
-2.94412
0
LINE
8
BLACK
6
CONTINUOUS
10
5.67556
20
-2.94412
11
5.67204
21
-2.94588
0
LINE
8
BLACK
6
CONTINUOUS
10
5.67204
20
-2.94588
11
5.67058
21
-2.94734
0
LINE
8
BLACK
6
CONTINUOUS
10
5.67058
20
-2.94734
11
5.66882
21
-2.95086
0
LINE
8
BLACK
6
CONTINUOUS
10
5.66882
20
-2.95086
11
5.66882
21
-2.95369
0
LINE
8
BLACK
6
CONTINUOUS
10
5.66882
20
-2.95369
11
5.67058
21
-2.95721
0
LINE
8
BLACK
6
CONTINUOUS
10
5.67058
20
-2.95721
11
5.67204
21
-2.95867
0
LINE
8
BLACK
6
CONTINUOUS
10
5.67204
20
-2.95867
11
5.67622
21
-2.96076
0
LINE
8
BLACK
6
CONTINUOUS
10
5.67622
20
-2.96076
11
5.68684
21
-2.96342
0
LINE
8
BLACK
6
CONTINUOUS
10
5.68684
20
-2.96342
11
5.68741
21
-2.96374
0
LINE
8
BLACK
6
CONTINUOUS
10
5.68741
20
-2.96374
11
5.68805
21
-2.96387
0
LINE
8
BLACK
6
CONTINUOUS
10
5.68805
20
-2.96387
11
5.69368
21
-2.96668
0
LINE
8
BLACK
6
CONTINUOUS
10
5.69368
20
-2.96668
11
5.69439
21
-2.96731
0
LINE
8
BLACK
6
CONTINUOUS
10
5.69439
20
-2.96731
11
5.69521
21
-2.96779
0
LINE
8
BLACK
6
CONTINUOUS
10
5.69521
20
-2.96779
11
5.69802
21
-2.9706
0
LINE
8
BLACK
6
CONTINUOUS
10
5.69802
20
-2.9706
11
5.6985
21
-2.97142
0
LINE
8
BLACK
6
CONTINUOUS
10
5.6985
20
-2.97142
11
5.69913
21
-2.97213
0
LINE
8
BLACK
6
CONTINUOUS
10
5.69913
20
-2.97213
11
5.70194
21
-2.97776
0
LINE
8
BLACK
6
CONTINUOUS
10
5.70194
20
-2.97776
11
5.70222
21
-2.97909
0
LINE
8
BLACK
6
CONTINUOUS
10
5.70222
20
-2.97909
11
5.70257
21
-2.9804
0
LINE
8
BLACK
6
CONTINUOUS
10
5.70257
20
-2.9804
11
5.70257
21
-2.98602
0
LINE
8
BLACK
6
CONTINUOUS
10
5.70257
20
-2.98602
11
5.70221
21
-2.98733
0
LINE
8
BLACK
6
CONTINUOUS
10
5.70221
20
-2.98733
11
5.70194
21
-2.98866
0
LINE
8
BLACK
6
CONTINUOUS
10
5.70194
20
-2.98866
11
5.69913
21
-2.99429
0
LINE
8
BLACK
6
CONTINUOUS
10
5.69913
20
-2.99429
11
5.6985
21
-2.995
0
LINE
8
BLACK
6
CONTINUOUS
10
5.6985
20
-2.995
11
5.69802
21
-2.99582
0
LINE
8
BLACK
6
CONTINUOUS
10
5.69802
20
-2.99582
11
5.69521
21
-2.99863
0
LINE
8
BLACK
6
CONTINUOUS
10
5.69521
20
-2.99863
11
5.69439
21
-2.99911
0
LINE
8
BLACK
6
CONTINUOUS
10
5.69439
20
-2.99911
11
5.69368
21
-2.99974
0
LINE
8
BLACK
6
CONTINUOUS
10
5.69368
20
-2.99974
11
5.68805
21
-3.00255
0
LINE
8
BLACK
6
CONTINUOUS
10
5.68805
20
-3.00255
11
5.68672
21
-3.00282
0
LINE
8
BLACK
6
CONTINUOUS
10
5.68672
20
-3.00282
11
5.68541
21
-3.00318
0
LINE
8
BLACK
6
CONTINUOUS
10
5.68541
20
-3.00318
11
5.67135
21
-3.00318
0
LINE
8
BLACK
6
CONTINUOUS
10
5.67135
20
-3.00318
11
5.67043
21
-3.00293
0
LINE
8
BLACK
6
CONTINUOUS
10
5.67043
20
-3.00293
11
5.66948
21
-3.00287
0
LINE
8
BLACK
6
CONTINUOUS
10
5.66948
20
-3.00287
11
5.66105
21
-3.00006
0
LINE
8
BLACK
6
CONTINUOUS
10
5.66105
20
-3.00006
11
5.6585
21
-2.99838
0
LINE
8
BLACK
6
CONTINUOUS
10
5.6585
20
-2.99838
11
5.65713
21
-2.99564
0
LINE
8
BLACK
6
CONTINUOUS
10
5.65713
20
-2.99564
11
5.65731
21
-2.99259
0
LINE
8
BLACK
6
CONTINUOUS
10
5.65731
20
-2.99259
11
5.659
21
-2.99004
0
LINE
8
BLACK
6
CONTINUOUS
10
5.659
20
-2.99004
11
5.66173
21
-2.98867
0
LINE
8
BLACK
6
CONTINUOUS
10
5.66173
20
-2.98867
11
5.66478
21
-2.98886
0
LINE
8
BLACK
6
CONTINUOUS
10
5.66478
20
-2.98886
11
5.67231
21
-2.99137
0
LINE
8
BLACK
6
CONTINUOUS
10
5.67231
20
-2.99137
11
5.68402
21
-2.99137
0
LINE
8
BLACK
6
CONTINUOUS
10
5.68402
20
-2.99137
11
5.68754
21
-2.9896
0
LINE
8
BLACK
6
CONTINUOUS
10
5.68754
20
-2.9896
11
5.689
21
-2.98815
0
LINE
8
BLACK
6
CONTINUOUS
10
5.689
20
-2.98815
11
5.69076
21
-2.98463
0
LINE
8
BLACK
6
CONTINUOUS
10
5.69076
20
-2.98463
11
5.69076
21
-2.98179
0
LINE
8
BLACK
6
CONTINUOUS
10
5.69076
20
-2.98179
11
5.689
21
-2.97827
0
LINE
8
BLACK
6
CONTINUOUS
10
5.689
20
-2.97827
11
5.68754
21
-2.97681
0
LINE
8
BLACK
6
CONTINUOUS
10
5.68754
20
-2.97681
11
5.68335
21
-2.97472
0
LINE
8
BLACK
6
CONTINUOUS
10
5.68335
20
-2.97472
11
5.67273
21
-2.97207
0
LINE
8
BLACK
6
CONTINUOUS
10
5.67273
20
-2.97207
11
5.67216
21
-2.97175
0
LINE
8
BLACK
6
CONTINUOUS
10
5.67216
20
-2.97175
11
5.67152
21
-2.97162
0
LINE
8
BLACK
6
CONTINUOUS
10
5.67152
20
-2.97162
11
5.6659
21
-2.96881
0
LINE
8
BLACK
6
CONTINUOUS
10
5.6659
20
-2.96881
11
5.66519
21
-2.96818
0
LINE
8
BLACK
6
CONTINUOUS
10
5.66519
20
-2.96818
11
5.66436
21
-2.9677
0
LINE
8
BLACK
6
CONTINUOUS
10
5.66436
20
-2.9677
11
5.66155
21
-2.96489
0
LINE
8
BLACK
6
CONTINUOUS
10
5.66155
20
-2.96489
11
5.66108
21
-2.96406
0
LINE
8
BLACK
6
CONTINUOUS
10
5.66108
20
-2.96406
11
5.66045
21
-2.96335
0
LINE
8
BLACK
6
CONTINUOUS
10
5.66045
20
-2.96335
11
5.65763
21
-2.95773
0
LINE
8
BLACK
6
CONTINUOUS
10
5.65763
20
-2.95773
11
5.65736
21
-2.9564
0
LINE
8
BLACK
6
CONTINUOUS
10
5.65736
20
-2.9564
11
5.65701
21
-2.95509
0
LINE
8
BLACK
6
CONTINUOUS
10
5.65701
20
-2.95509
11
5.65701
21
-2.94946
0
LINE
8
BLACK
6
CONTINUOUS
10
5.65701
20
-2.94946
11
5.65736
21
-2.94815
0
LINE
8
BLACK
6
CONTINUOUS
10
5.65736
20
-2.94815
11
5.65763
21
-2.94682
0
LINE
8
BLACK
6
CONTINUOUS
10
5.65763
20
-2.94682
11
5.66045
21
-2.9412
0
LINE
8
BLACK
6
CONTINUOUS
10
5.66045
20
-2.9412
11
5.66108
21
-2.94049
0
LINE
8
BLACK
6
CONTINUOUS
10
5.66108
20
-2.94049
11
5.66155
21
-2.93966
0
LINE
8
BLACK
6
CONTINUOUS
10
5.66155
20
-2.93966
11
5.66436
21
-2.93685
0
LINE
8
BLACK
6
CONTINUOUS
10
5.66436
20
-2.93685
11
5.66519
21
-2.93638
0
LINE
8
BLACK
6
CONTINUOUS
10
5.66519
20
-2.93638
11
5.6659
21
-2.93575
0
LINE
8
BLACK
6
CONTINUOUS
10
5.6659
20
-2.93575
11
5.67152
21
-2.93293
0
LINE
8
BLACK
6
CONTINUOUS
10
5.67152
20
-2.93293
11
5.67285
21
-2.93266
0
LINE
8
BLACK
6
CONTINUOUS
10
5.67285
20
-2.93266
11
5.67416
21
-2.93231
0
LINE
8
BLACK
6
CONTINUOUS
10
5.67416
20
-2.93231
11
5.68822
21
-2.93231
0
LINE
8
BLACK
6
CONTINUOUS
10
5.68822
20
-2.93231
11
5.68914
21
-2.93256
0
LINE
8
BLACK
6
CONTINUOUS
10
5.75586
20
-2.9331
11
5.75802
21
-2.93526
0
LINE
8
BLACK
6
CONTINUOUS
10
5.75802
20
-2.93526
11
5.75881
21
-2.93822
0
LINE
8
BLACK
6
CONTINUOUS
10
5.75881
20
-2.93822
11
5.75881
21
-2.99727
0
LINE
8
BLACK
6
CONTINUOUS
10
5.75881
20
-2.99727
11
5.75802
21
-3.00022
0
LINE
8
BLACK
6
CONTINUOUS
10
5.75802
20
-3.00022
11
5.75586
21
-3.00238
0
LINE
8
BLACK
6
CONTINUOUS
10
5.75586
20
-3.00238
11
5.7529
21
-3.00318
0
LINE
8
BLACK
6
CONTINUOUS
10
5.7529
20
-3.00318
11
5.73041
21
-3.00318
0
LINE
8
BLACK
6
CONTINUOUS
10
5.73041
20
-3.00318
11
5.7291
21
-3.00282
0
LINE
8
BLACK
6
CONTINUOUS
10
5.7291
20
-3.00282
11
5.72777
21
-3.00255
0
LINE
8
BLACK
6
CONTINUOUS
10
5.72777
20
-3.00255
11
5.72214
21
-2.99974
0
LINE
8
BLACK
6
CONTINUOUS
10
5.72214
20
-2.99974
11
5.72143
21
-2.99911
0
LINE
8
BLACK
6
CONTINUOUS
10
5.72143
20
-2.99911
11
5.72061
21
-2.99863
0
LINE
8
BLACK
6
CONTINUOUS
10
5.72061
20
-2.99863
11
5.71779
21
-2.99582
0
LINE
8
BLACK
6
CONTINUOUS
10
5.71779
20
-2.99582
11
5.71732
21
-2.995
0
LINE
8
BLACK
6
CONTINUOUS
10
5.71732
20
-2.995
11
5.71669
21
-2.99429
0
LINE
8
BLACK
6
CONTINUOUS
10
5.71669
20
-2.99429
11
5.71388
21
-2.98866
0
LINE
8
BLACK
6
CONTINUOUS
10
5.71388
20
-2.98866
11
5.7136
21
-2.98733
0
LINE
8
BLACK
6
CONTINUOUS
10
5.7136
20
-2.98733
11
5.71325
21
-2.98602
0
LINE
8
BLACK
6
CONTINUOUS
10
5.71325
20
-2.98602
11
5.71325
21
-2.97759
0
LINE
8
BLACK
6
CONTINUOUS
10
5.71325
20
-2.97759
11
5.7136
21
-2.97627
0
LINE
8
BLACK
6
CONTINUOUS
10
5.7136
20
-2.97627
11
5.71388
21
-2.97494
0
LINE
8
BLACK
6
CONTINUOUS
10
5.71388
20
-2.97494
11
5.71669
21
-2.96932
0
LINE
8
BLACK
6
CONTINUOUS
10
5.71669
20
-2.96932
11
5.71732
21
-2.96861
0
LINE
8
BLACK
6
CONTINUOUS
10
5.71732
20
-2.96861
11
5.71779
21
-2.96779
0
LINE
8
BLACK
6
CONTINUOUS
10
5.71779
20
-2.96779
11
5.72061
21
-2.96497
0
LINE
8
BLACK
6
CONTINUOUS
10
5.72061
20
-2.96497
11
5.72143
21
-2.9645
0
LINE
8
BLACK
6
CONTINUOUS
10
5.72143
20
-2.9645
11
5.72214
21
-2.96387
0
LINE
8
BLACK
6
CONTINUOUS
10
5.72214
20
-2.96387
11
5.72777
21
-2.96105
0
LINE
8
BLACK
6
CONTINUOUS
10
5.72777
20
-2.96105
11
5.7291
21
-2.96078
0
LINE
8
BLACK
6
CONTINUOUS
10
5.7291
20
-2.96078
11
5.73041
21
-2.96043
0
LINE
8
BLACK
6
CONTINUOUS
10
5.73041
20
-2.96043
11
5.747
21
-2.96043
0
LINE
8
BLACK
6
CONTINUOUS
10
5.747
20
-2.96043
11
5.747
21
-2.93822
0
LINE
8
BLACK
6
CONTINUOUS
10
5.747
20
-2.93822
11
5.74779
21
-2.93526
0
LINE
8
BLACK
6
CONTINUOUS
10
5.74779
20
-2.93526
11
5.74995
21
-2.9331
0
LINE
8
BLACK
6
CONTINUOUS
10
5.74995
20
-2.9331
11
5.7529
21
-2.93231
0
LINE
8
BLACK
6
CONTINUOUS
10
5.7529
20
-2.93231
11
5.75586
21
-2.9331
0
LINE
8
BLACK
6
CONTINUOUS
10
5.72828
20
-2.974
11
5.72682
21
-2.97546
0
LINE
8
BLACK
6
CONTINUOUS
10
5.72682
20
-2.97546
11
5.72506
21
-2.97898
0
LINE
8
BLACK
6
CONTINUOUS
10
5.72506
20
-2.97898
11
5.72506
21
-2.98463
0
LINE
8
BLACK
6
CONTINUOUS
10
5.72506
20
-2.98463
11
5.72682
21
-2.98815
0
LINE
8
BLACK
6
CONTINUOUS
10
5.72682
20
-2.98815
11
5.72828
21
-2.9896
0
LINE
8
BLACK
6
CONTINUOUS
10
5.72828
20
-2.9896
11
5.7318
21
-2.99137
0
LINE
8
BLACK
6
CONTINUOUS
10
5.7318
20
-2.99137
11
5.747
21
-2.99137
0
LINE
8
BLACK
6
CONTINUOUS
10
5.747
20
-2.99137
11
5.747
21
-2.97224
0
LINE
8
BLACK
6
CONTINUOUS
10
5.747
20
-2.97224
11
5.7318
21
-2.97224
0
LINE
8
BLACK
6
CONTINUOUS
10
5.7318
20
-2.97224
11
5.72828
21
-2.974
0
LINE
8
BLACK
6
CONTINUOUS
10
5.796
20
-2.93256
11
5.79695
21
-2.93261
0
LINE
8
BLACK
6
CONTINUOUS
10
5.79695
20
-2.93261
11
5.80539
21
-2.93543
0
LINE
8
BLACK
6
CONTINUOUS
10
5.80539
20
-2.93543
11
5.80652
21
-2.93617
0
LINE
8
BLACK
6
CONTINUOUS
10
5.80652
20
-2.93617
11
5.8077
21
-2.93685
0
LINE
8
BLACK
6
CONTINUOUS
10
5.8077
20
-2.93685
11
5.81332
21
-2.94248
0
LINE
8
BLACK
6
CONTINUOUS
10
5.81332
20
-2.94248
11
5.8138
21
-2.9433
0
LINE
8
BLACK
6
CONTINUOUS
10
5.8138
20
-2.9433
11
5.81443
21
-2.94401
0
LINE
8
BLACK
6
CONTINUOUS
10
5.81443
20
-2.94401
11
5.81724
21
-2.94964
0
LINE
8
BLACK
6
CONTINUOUS
10
5.81724
20
-2.94964
11
5.81737
21
-2.95027
0
LINE
8
BLACK
6
CONTINUOUS
10
5.81737
20
-2.95027
11
5.81769
21
-2.95084
0
LINE
8
BLACK
6
CONTINUOUS
10
5.81769
20
-2.95084
11
5.8205
21
-2.96209
0
LINE
8
BLACK
6
CONTINUOUS
10
5.8205
20
-2.96209
11
5.82049
21
-2.96282
0
LINE
8
BLACK
6
CONTINUOUS
10
5.82049
20
-2.96282
11
5.82068
21
-2.96352
0
LINE
8
BLACK
6
CONTINUOUS
10
5.82068
20
-2.96352
11
5.82068
21
-2.97196
0
LINE
8
BLACK
6
CONTINUOUS
10
5.82068
20
-2.97196
11
5.82049
21
-2.97267
0
LINE
8
BLACK
6
CONTINUOUS
10
5.82049
20
-2.97267
11
5.8205
21
-2.97339
0
LINE
8
BLACK
6
CONTINUOUS
10
5.8205
20
-2.97339
11
5.81769
21
-2.98464
0
LINE
8
BLACK
6
CONTINUOUS
10
5.81769
20
-2.98464
11
5.81737
21
-2.98521
0
LINE
8
BLACK
6
CONTINUOUS
10
5.81737
20
-2.98521
11
5.81724
21
-2.98585
0
LINE
8
BLACK
6
CONTINUOUS
10
5.81724
20
-2.98585
11
5.81443
21
-2.99148
0
LINE
8
BLACK
6
CONTINUOUS
10
5.81443
20
-2.99148
11
5.8138
21
-2.99219
0
LINE
8
BLACK
6
CONTINUOUS
10
5.8138
20
-2.99219
11
5.81332
21
-2.99301
0
LINE
8
BLACK
6
CONTINUOUS
10
5.81332
20
-2.99301
11
5.8077
21
-2.99863
0
LINE
8
BLACK
6
CONTINUOUS
10
5.8077
20
-2.99863
11
5.80652
21
-2.99931
0
LINE
8
BLACK
6
CONTINUOUS
10
5.80652
20
-2.99931
11
5.80539
21
-3.00006
0
LINE
8
BLACK
6
CONTINUOUS
10
5.80539
20
-3.00006
11
5.79695
21
-3.00287
0
LINE
8
BLACK
6
CONTINUOUS
10
5.79695
20
-3.00287
11
5.796
21
-3.00293
0
LINE
8
BLACK
6
CONTINUOUS
10
5.796
20
-3.00293
11
5.79509
21
-3.00318
0
LINE
8
BLACK
6
CONTINUOUS
10
5.79509
20
-3.00318
11
5.78665
21
-3.00318
0
LINE
8
BLACK
6
CONTINUOUS
10
5.78665
20
-3.00318
11
5.78534
21
-3.00282
0
LINE
8
BLACK
6
CONTINUOUS
10
5.78534
20
-3.00282
11
5.78401
21
-3.00255
0
LINE
8
BLACK
6
CONTINUOUS
10
5.78401
20
-3.00255
11
5.77838
21
-2.99974
0
LINE
8
BLACK
6
CONTINUOUS
10
5.77838
20
-2.99974
11
5.7761
21
-2.99771
0
LINE
8
BLACK
6
CONTINUOUS
10
5.7761
20
-2.99771
11
5.77513
21
-2.99481
0
LINE
8
BLACK
6
CONTINUOUS
10
5.77513
20
-2.99481
11
5.77574
21
-2.99182
0
LINE
8
BLACK
6
CONTINUOUS
10
5.77574
20
-2.99182
11
5.77777
21
-2.98953
0
LINE
8
BLACK
6
CONTINUOUS
10
5.77777
20
-2.98953
11
5.78067
21
-2.98856
0
LINE
8
BLACK
6
CONTINUOUS
10
5.78067
20
-2.98856
11
5.78367
21
-2.98918
0
LINE
8
BLACK
6
CONTINUOUS
10
5.78367
20
-2.98918
11
5.78804
21
-2.99137
0
LINE
8
BLACK
6
CONTINUOUS
10
5.78804
20
-2.99137
11
5.79413
21
-2.99137
0
LINE
8
BLACK
6
CONTINUOUS
10
5.79413
20
-2.99137
11
5.80033
21
-2.9893
0
LINE
8
BLACK
6
CONTINUOUS
10
5.80033
20
-2.9893
11
5.80429
21
-2.98534
0
LINE
8
BLACK
6
CONTINUOUS
10
5.80429
20
-2.98534
11
5.80639
21
-2.98115
0
LINE
8
BLACK
6
CONTINUOUS
10
5.80639
20
-2.98115
11
5.80887
21
-2.97123
0
LINE
8
BLACK
6
CONTINUOUS
10
5.80887
20
-2.97123
11
5.80887
21
-2.96425
0
LINE
8
BLACK
6
CONTINUOUS
10
5.80887
20
-2.96425
11
5.80639
21
-2.95434
0
LINE
8
BLACK
6
CONTINUOUS
10
5.80639
20
-2.95434
11
5.80429
21
-2.95015
0
LINE
8
BLACK
6
CONTINUOUS
10
5.80429
20
-2.95015
11
5.80033
21
-2.94619
0
LINE
8
BLACK
6
CONTINUOUS
10
5.80033
20
-2.94619
11
5.79413
21
-2.94412
0
LINE
8
BLACK
6
CONTINUOUS
10
5.79413
20
-2.94412
11
5.79042
21
-2.94412
0
LINE
8
BLACK
6
CONTINUOUS
10
5.79042
20
-2.94412
11
5.78422
21
-2.94619
0
LINE
8
BLACK
6
CONTINUOUS
10
5.78422
20
-2.94619
11
5.78412
21
-2.94629
0
LINE
8
BLACK
6
CONTINUOUS
10
5.78412
20
-2.94629
11
5.78412
21
-2.95762
0
LINE
8
BLACK
6
CONTINUOUS
10
5.78412
20
-2.95762
11
5.78946
21
-2.95762
0
LINE
8
BLACK
6
CONTINUOUS
10
5.78946
20
-2.95762
11
5.79241
21
-2.95841
0
LINE
8
BLACK
6
CONTINUOUS
10
5.79241
20
-2.95841
11
5.79458
21
-2.96057
0
LINE
8
BLACK
6
CONTINUOUS
10
5.79458
20
-2.96057
11
5.79537
21
-2.96352
0
LINE
8
BLACK
6
CONTINUOUS
10
5.79537
20
-2.96352
11
5.79458
21
-2.96648
0
LINE
8
BLACK
6
CONTINUOUS
10
5.79458
20
-2.96648
11
5.79241
21
-2.96864
0
LINE
8
BLACK
6
CONTINUOUS
10
5.79241
20
-2.96864
11
5.78946
21
-2.96943
0
LINE
8
BLACK
6
CONTINUOUS
10
5.78946
20
-2.96943
11
5.77821
21
-2.96943
0
LINE
8
BLACK
6
CONTINUOUS
10
5.77821
20
-2.96943
11
5.77526
21
-2.96864
0
LINE
8
BLACK
6
CONTINUOUS
10
5.77526
20
-2.96864
11
5.7731
21
-2.96648
0
LINE
8
BLACK
6
CONTINUOUS
10
5.7731
20
-2.96648
11
5.77231
21
-2.96352
0
LINE
8
BLACK
6
CONTINUOUS
10
5.77231
20
-2.96352
11
5.77231
21
-2.94384
0
LINE
8
BLACK
6
CONTINUOUS
10
5.77231
20
-2.94384
11
5.77251
21
-2.94309
0
LINE
8
BLACK
6
CONTINUOUS
10
5.77251
20
-2.94309
11
5.77251
21
-2.94231
0
LINE
8
BLACK
6
CONTINUOUS
10
5.77251
20
-2.94231
11
5.7729
21
-2.94164
0
LINE
8
BLACK
6
CONTINUOUS
10
5.7729
20
-2.94164
11
5.7731
21
-2.94089
0
LINE
8
BLACK
6
CONTINUOUS
10
5.7731
20
-2.94089
11
5.77365
21
-2.94034
0
LINE
8
BLACK
6
CONTINUOUS
10
5.77365
20
-2.94034
11
5.77404
21
-2.93966
0
LINE
8
BLACK
6
CONTINUOUS
10
5.77404
20
-2.93966
11
5.77685
21
-2.93685
0
LINE
8
BLACK
6
CONTINUOUS
10
5.77685
20
-2.93685
11
5.77802
21
-2.93617
0
LINE
8
BLACK
6
CONTINUOUS
10
5.77802
20
-2.93617
11
5.77916
21
-2.93543
0
LINE
8
BLACK
6
CONTINUOUS
10
5.77916
20
-2.93543
11
5.78759
21
-2.93261
0
LINE
8
BLACK
6
CONTINUOUS
10
5.78759
20
-2.93261
11
5.78854
21
-2.93256
0
LINE
8
BLACK
6
CONTINUOUS
10
5.78854
20
-2.93256
11
5.78946
21
-2.93231
0
LINE
8
BLACK
6
CONTINUOUS
10
5.78946
20
-2.93231
11
5.79509
21
-2.93231
0
LINE
8
BLACK
6
CONTINUOUS
10
5.79509
20
-2.93231
11
5.796
21
-2.93256
0
LINE
8
BLACK
6
CONTINUOUS
10
5.99624
20
-2.93256
11
5.99719
21
-2.93261
0
LINE
8
BLACK
6
CONTINUOUS
10
5.99719
20
-2.93261
11
6.00563
21
-2.93543
0
LINE
8
BLACK
6
CONTINUOUS
10
6.00563
20
-2.93543
11
6.00818
21
-2.93711
0
LINE
8
BLACK
6
CONTINUOUS
10
6.00818
20
-2.93711
11
6.00955
21
-2.93984
0
LINE
8
BLACK
6
CONTINUOUS
10
6.00955
20
-2.93984
11
6.00936
21
-2.9429
0
LINE
8
BLACK
6
CONTINUOUS
10
6.00936
20
-2.9429
11
6.00768
21
-2.94545
0
LINE
8
BLACK
6
CONTINUOUS
10
6.00768
20
-2.94545
11
6.00494
21
-2.94681
0
LINE
8
BLACK
6
CONTINUOUS
10
6.00494
20
-2.94681
11
6.00189
21
-2.94663
0
LINE
8
BLACK
6
CONTINUOUS
10
6.00189
20
-2.94663
11
5.99437
21
-2.94412
0
LINE
8
BLACK
6
CONTINUOUS
10
5.99437
20
-2.94412
11
5.98266
21
-2.94412
0
LINE
8
BLACK
6
CONTINUOUS
10
5.98266
20
-2.94412
11
5.97914
21
-2.94588
0
LINE
8
BLACK
6
CONTINUOUS
10
5.97914
20
-2.94588
11
5.97768
21
-2.94734
0
LINE
8
BLACK
6
CONTINUOUS
10
5.97768
20
-2.94734
11
5.97592
21
-2.95086
0
LINE
8
BLACK
6
CONTINUOUS
10
5.97592
20
-2.95086
11
5.97592
21
-2.95369
0
LINE
8
BLACK
6
CONTINUOUS
10
5.97592
20
-2.95369
11
5.97768
21
-2.95721
0
LINE
8
BLACK
6
CONTINUOUS
10
5.97768
20
-2.95721
11
5.97914
21
-2.95867
0
LINE
8
BLACK
6
CONTINUOUS
10
5.97914
20
-2.95867
11
5.98333
21
-2.96076
0
LINE
8
BLACK
6
CONTINUOUS
10
5.98333
20
-2.96076
11
5.99394
21
-2.96342
0
LINE
8
BLACK
6
CONTINUOUS
10
5.99394
20
-2.96342
11
5.99451
21
-2.96374
0
LINE
8
BLACK
6
CONTINUOUS
10
5.99451
20
-2.96374
11
5.99515
21
-2.96387
0
LINE
8
BLACK
6
CONTINUOUS
10
5.99515
20
-2.96387
11
6.00078
21
-2.96668
0
LINE
8
BLACK
6
CONTINUOUS
10
6.00078
20
-2.96668
11
6.00149
21
-2.96731
0
LINE
8
BLACK
6
CONTINUOUS
10
6.00149
20
-2.96731
11
6.00231
21
-2.96779
0
LINE
8
BLACK
6
CONTINUOUS
10
6.00231
20
-2.96779
11
6.00512
21
-2.9706
0
LINE
8
BLACK
6
CONTINUOUS
10
6.00512
20
-2.9706
11
6.0056
21
-2.97142
0
LINE
8
BLACK
6
CONTINUOUS
10
6.0056
20
-2.97142
11
6.00623
21
-2.97213
0
LINE
8
BLACK
6
CONTINUOUS
10
6.00623
20
-2.97213
11
6.00904
21
-2.97776
0
LINE
8
BLACK
6
CONTINUOUS
10
6.00904
20
-2.97776
11
6.00932
21
-2.97909
0
LINE
8
BLACK
6
CONTINUOUS
10
6.00932
20
-2.97909
11
6.00967
21
-2.9804
0
LINE
8
BLACK
6
CONTINUOUS
10
6.00967
20
-2.9804
11
6.00967
21
-2.98602
0
LINE
8
BLACK
6
CONTINUOUS
10
6.00967
20
-2.98602
11
6.00932
21
-2.98733
0
LINE
8
BLACK
6
CONTINUOUS
10
6.00932
20
-2.98733
11
6.00904
21
-2.98866
0
LINE
8
BLACK
6
CONTINUOUS
10
6.00904
20
-2.98866
11
6.00623
21
-2.99429
0
LINE
8
BLACK
6
CONTINUOUS
10
6.00623
20
-2.99429
11
6.0056
21
-2.995
0
LINE
8
BLACK
6
CONTINUOUS
10
6.0056
20
-2.995
11
6.00512
21
-2.99582
0
LINE
8
BLACK
6
CONTINUOUS
10
6.00512
20
-2.99582
11
6.00231
21
-2.99863
0
LINE
8
BLACK
6
CONTINUOUS
10
6.00231
20
-2.99863
11
6.00149
21
-2.99911
0
LINE
8
BLACK
6
CONTINUOUS
10
6.00149
20
-2.99911
11
6.00078
21
-2.99974
0
LINE
8
BLACK
6
CONTINUOUS
10
6.00078
20
-2.99974
11
5.99515
21
-3.00255
0
LINE
8
BLACK
6
CONTINUOUS
10
5.99515
20
-3.00255
11
5.99382
21
-3.00282
0
LINE
8
BLACK
6
CONTINUOUS
10
5.99382
20
-3.00282
11
5.99251
21
-3.00318
0
LINE
8
BLACK
6
CONTINUOUS
10
5.99251
20
-3.00318
11
5.97845
21
-3.00318
0
LINE
8
BLACK
6
CONTINUOUS
10
5.97845
20
-3.00318
11
5.97753
21
-3.00293
0
LINE
8
BLACK
6
CONTINUOUS
10
5.97753
20
-3.00293
11
5.97658
21
-3.00287
0
LINE
8
BLACK
6
CONTINUOUS
10
5.97658
20
-3.00287
11
5.96815
21
-3.00006
0
LINE
8
BLACK
6
CONTINUOUS
10
5.96815
20
-3.00006
11
5.9656
21
-2.99838
0
LINE
8
BLACK
6
CONTINUOUS
10
5.9656
20
-2.99838
11
5.96423
21
-2.99564
0
LINE
8
BLACK
6
CONTINUOUS
10
5.96423
20
-2.99564
11
5.96441
21
-2.99259
0
LINE
8
BLACK
6
CONTINUOUS
10
5.96441
20
-2.99259
11
5.9661
21
-2.99004
0
LINE
8
BLACK
6
CONTINUOUS
10
5.9661
20
-2.99004
11
5.96883
21
-2.98867
0
LINE
8
BLACK
6
CONTINUOUS
10
5.96883
20
-2.98867
11
5.97188
21
-2.98886
0
LINE
8
BLACK
6
CONTINUOUS
10
5.97188
20
-2.98886
11
5.97941
21
-2.99137
0
LINE
8
BLACK
6
CONTINUOUS
10
5.97941
20
-2.99137
11
5.99112
21
-2.99137
0
LINE
8
BLACK
6
CONTINUOUS
10
5.99112
20
-2.99137
11
5.99464
21
-2.9896
0
LINE
8
BLACK
6
CONTINUOUS
10
5.99464
20
-2.9896
11
5.9961
21
-2.98815
0
LINE
8
BLACK
6
CONTINUOUS
10
5.9961
20
-2.98815
11
5.99786
21
-2.98463
0
LINE
8
BLACK
6
CONTINUOUS
10
5.99786
20
-2.98463
11
5.99786
21
-2.98179
0
LINE
8
BLACK
6
CONTINUOUS
10
5.99786
20
-2.98179
11
5.9961
21
-2.97827
0
LINE
8
BLACK
6
CONTINUOUS
10
5.9961
20
-2.97827
11
5.99464
21
-2.97681
0
LINE
8
BLACK
6
CONTINUOUS
10
5.99464
20
-2.97681
11
5.99045
21
-2.97472
0
LINE
8
BLACK
6
CONTINUOUS
10
5.99045
20
-2.97472
11
5.97983
21
-2.97207
0
LINE
8
BLACK
6
CONTINUOUS
10
5.97983
20
-2.97207
11
5.97926
21
-2.97175
0
LINE
8
BLACK
6
CONTINUOUS
10
5.97926
20
-2.97175
11
5.97862
21
-2.97162
0
LINE
8
BLACK
6
CONTINUOUS
10
5.97862
20
-2.97162
11
5.973
21
-2.96881
0
LINE
8
BLACK
6
CONTINUOUS
10
5.973
20
-2.96881
11
5.97229
21
-2.96818
0
LINE
8
BLACK
6
CONTINUOUS
10
5.97229
20
-2.96818
11
5.97146
21
-2.9677
0
LINE
8
BLACK
6
CONTINUOUS
10
5.97146
20
-2.9677
11
5.96865
21
-2.96489
0
LINE
8
BLACK
6
CONTINUOUS
10
5.96865
20
-2.96489
11
5.96818
21
-2.96406
0
LINE
8
BLACK
6
CONTINUOUS
10
5.96818
20
-2.96406
11
5.96755
21
-2.96335
0
LINE
8
BLACK
6
CONTINUOUS
10
5.96755
20
-2.96335
11
5.96473
21
-2.95773
0
LINE
8
BLACK
6
CONTINUOUS
10
5.96473
20
-2.95773
11
5.96446
21
-2.9564
0
LINE
8
BLACK
6
CONTINUOUS
10
5.96446
20
-2.9564
11
5.96411
21
-2.95509
0
LINE
8
BLACK
6
CONTINUOUS
10
5.96411
20
-2.95509
11
5.96411
21
-2.94946
0
LINE
8
BLACK
6
CONTINUOUS
10
5.96411
20
-2.94946
11
5.96446
21
-2.94815
0
LINE
8
BLACK
6
CONTINUOUS
10
5.96446
20
-2.94815
11
5.96473
21
-2.94682
0
LINE
8
BLACK
6
CONTINUOUS
10
5.96473
20
-2.94682
11
5.96755
21
-2.9412
0
LINE
8
BLACK
6
CONTINUOUS
10
5.96755
20
-2.9412
11
5.96818
21
-2.94049
0
LINE
8
BLACK
6
CONTINUOUS
10
5.96818
20
-2.94049
11
5.96865
21
-2.93966
0
LINE
8
BLACK
6
CONTINUOUS
10
5.96865
20
-2.93966
11
5.97146
21
-2.93685
0
LINE
8
BLACK
6
CONTINUOUS
10
5.97146
20
-2.93685
11
5.97229
21
-2.93638
0
LINE
8
BLACK
6
CONTINUOUS
10
5.97229
20
-2.93638
11
5.973
21
-2.93575
0
LINE
8
BLACK
6
CONTINUOUS
10
5.973
20
-2.93575
11
5.97862
21
-2.93293
0
LINE
8
BLACK
6
CONTINUOUS
10
5.97862
20
-2.93293
11
5.97995
21
-2.93266
0
LINE
8
BLACK
6
CONTINUOUS
10
5.97995
20
-2.93266
11
5.98126
21
-2.93231
0
LINE
8
BLACK
6
CONTINUOUS
10
5.98126
20
-2.93231
11
5.99532
21
-2.93231
0
LINE
8
BLACK
6
CONTINUOUS
10
5.99532
20
-2.93231
11
5.99624
21
-2.93256
0
LINE
8
BLACK
6
CONTINUOUS
10
6.13607
20
-2.9331
11
6.13823
21
-2.93526
0
LINE
8
BLACK
6
CONTINUOUS
10
6.13823
20
-2.93526
11
6.13903
21
-2.93822
0
LINE
8
BLACK
6
CONTINUOUS
10
6.13903
20
-2.93822
11
6.13903
21
-2.99137
0
LINE
8
BLACK
6
CONTINUOUS
10
6.13903
20
-2.99137
11
6.14999
21
-2.99137
0
LINE
8
BLACK
6
CONTINUOUS
10
6.14999
20
-2.99137
11
6.15295
21
-2.99216
0
LINE
8
BLACK
6
CONTINUOUS
10
6.15295
20
-2.99216
11
6.15511
21
-2.99432
0
LINE
8
BLACK
6
CONTINUOUS
10
6.15511
20
-2.99432
11
6.1559
21
-2.99727
0
LINE
8
BLACK
6
CONTINUOUS
10
6.1559
20
-2.99727
11
6.15511
21
-3.00022
0
LINE
8
BLACK
6
CONTINUOUS
10
6.15511
20
-3.00022
11
6.15295
21
-3.00238
0
LINE
8
BLACK
6
CONTINUOUS
10
6.15295
20
-3.00238
11
6.14999
21
-3.00318
0
LINE
8
BLACK
6
CONTINUOUS
10
6.14999
20
-3.00318
11
6.13312
21
-3.00318
0
LINE
8
BLACK
6
CONTINUOUS
10
6.13312
20
-3.00318
11
6.11625
21
-3.00318
0
LINE
8
BLACK
6
CONTINUOUS
10
6.11625
20
-3.00318
11
6.11329
21
-3.00238
0
LINE
8
BLACK
6
CONTINUOUS
10
6.11329
20
-3.00238
11
6.11113
21
-3.00022
0
LINE
8
BLACK
6
CONTINUOUS
10
6.11113
20
-3.00022
11
6.11061
21
-2.99829
0
LINE
8
BLACK
6
CONTINUOUS
10
6.11061
20
-2.99829
11
6.11024
21
-3
0
LINE
8
BLACK
6
CONTINUOUS
10
6.11024
20
-3
11
6.10817
21
-3.00225
0
LINE
8
BLACK
6
CONTINUOUS
10
6.10817
20
-3.00225
11
6.10525
21
-3.00317
0
LINE
8
BLACK
6
CONTINUOUS
10
6.10525
20
-3.00317
11
6.10227
21
-3.00251
0
LINE
8
BLACK
6
CONTINUOUS
10
6.10227
20
-3.00251
11
6.10002
21
-3.00044
0
LINE
8
BLACK
6
CONTINUOUS
10
6.10002
20
-3.00044
11
6.08531
21
-2.97734
0
LINE
8
BLACK
6
CONTINUOUS
10
6.08531
20
-2.97734
11
6.07061
21
-3.00044
0
LINE
8
BLACK
6
CONTINUOUS
10
6.07061
20
-3.00044
11
6.06836
21
-3.00251
0
LINE
8
BLACK
6
CONTINUOUS
10
6.06836
20
-3.00251
11
6.06537
21
-3.00317
0
LINE
8
BLACK
6
CONTINUOUS
10
6.06537
20
-3.00317
11
6.06246
21
-3.00225
0
LINE
8
BLACK
6
CONTINUOUS
10
6.06246
20
-3.00225
11
6.06039
21
-3
0
LINE
8
BLACK
6
CONTINUOUS
10
6.06039
20
-3
11
6.05973
21
-2.99702
0
LINE
8
BLACK
6
CONTINUOUS
10
6.05973
20
-2.99702
11
6.06065
21
-2.9941
0
LINE
8
BLACK
6
CONTINUOUS
10
6.06065
20
-2.9941
11
6.07941
21
-2.96462
0
LINE
8
BLACK
6
CONTINUOUS
10
6.07941
20
-2.96462
11
6.07941
21
-2.93822
0
LINE
8
BLACK
6
CONTINUOUS
10
6.07941
20
-2.93822
11
6.0802
21
-2.93526
0
LINE
8
BLACK
6
CONTINUOUS
10
6.0802
20
-2.93526
11
6.08236
21
-2.9331
0
LINE
8
BLACK
6
CONTINUOUS
10
6.08236
20
-2.9331
11
6.08531
21
-2.93231
0
LINE
8
BLACK
6
CONTINUOUS
10
6.08531
20
-2.93231
11
6.08827
21
-2.9331
0
LINE
8
BLACK
6
CONTINUOUS
10
6.08827
20
-2.9331
11
6.09043
21
-2.93526
0
LINE
8
BLACK
6
CONTINUOUS
10
6.09043
20
-2.93526
11
6.09122
21
-2.93822
0
LINE
8
BLACK
6
CONTINUOUS
10
6.09122
20
-2.93822
11
6.09122
21
-2.96462
0
LINE
8
BLACK
6
CONTINUOUS
10
6.09122
20
-2.96462
11
6.10998
21
-2.9941
0
LINE
8
BLACK
6
CONTINUOUS
10
6.10998
20
-2.9941
11
6.11063
21
-2.99618
0
LINE
8
BLACK
6
CONTINUOUS
10
6.11063
20
-2.99618
11
6.11113
21
-2.99432
0
LINE
8
BLACK
6
CONTINUOUS
10
6.11113
20
-2.99432
11
6.11329
21
-2.99216
0
LINE
8
BLACK
6
CONTINUOUS
10
6.11329
20
-2.99216
11
6.11625
21
-2.99137
0
LINE
8
BLACK
6
CONTINUOUS
10
6.11625
20
-2.99137
11
6.12721
21
-2.99137
0
LINE
8
BLACK
6
CONTINUOUS
10
6.12721
20
-2.99137
11
6.12721
21
-2.93822
0
LINE
8
BLACK
6
CONTINUOUS
10
6.12721
20
-2.93822
11
6.12801
21
-2.93526
0
LINE
8
BLACK
6
CONTINUOUS
10
6.12801
20
-2.93526
11
6.13017
21
-2.9331
0
LINE
8
BLACK
6
CONTINUOUS
10
6.13017
20
-2.9331
11
6.13312
21
-2.93231
0
LINE
8
BLACK
6
CONTINUOUS
10
6.13312
20
-2.93231
11
6.13607
21
-2.9331
0
LINE
8
BLACK
6
CONTINUOUS
10
6.19794
20
-2.9331
11
6.2001
21
-2.93526
0
LINE
8
BLACK
6
CONTINUOUS
10
6.2001
20
-2.93526
11
6.20089
21
-2.93822
0
LINE
8
BLACK
6
CONTINUOUS
10
6.20089
20
-2.93822
11
6.20089
21
-2.99727
0
LINE
8
BLACK
6
CONTINUOUS
10
6.20089
20
-2.99727
11
6.2001
21
-3.00022
0
LINE
8
BLACK
6
CONTINUOUS
10
6.2001
20
-3.00022
11
6.19794
21
-3.00238
0
LINE
8
BLACK
6
CONTINUOUS
10
6.19794
20
-3.00238
11
6.19499
21
-3.00318
0
LINE
8
BLACK
6
CONTINUOUS
10
6.19499
20
-3.00318
11
6.16687
21
-3.00318
0
LINE
8
BLACK
6
CONTINUOUS
10
6.16687
20
-3.00318
11
6.16391
21
-3.00238
0
LINE
8
BLACK
6
CONTINUOUS
10
6.16391
20
-3.00238
11
6.16175
21
-3.00022
0
LINE
8
BLACK
6
CONTINUOUS
10
6.16175
20
-3.00022
11
6.16096
21
-2.99727
0
LINE
8
BLACK
6
CONTINUOUS
10
6.16096
20
-2.99727
11
6.16175
21
-2.99432
0
LINE
8
BLACK
6
CONTINUOUS
10
6.16175
20
-2.99432
11
6.16391
21
-2.99216
0
LINE
8
BLACK
6
CONTINUOUS
10
6.16391
20
-2.99216
11
6.16687
21
-2.99137
0
LINE
8
BLACK
6
CONTINUOUS
10
6.16687
20
-2.99137
11
6.18908
21
-2.99137
0
LINE
8
BLACK
6
CONTINUOUS
10
6.18908
20
-2.99137
11
6.18908
21
-2.97505
0
LINE
8
BLACK
6
CONTINUOUS
10
6.18908
20
-2.97505
11
6.1753
21
-2.97505
0
LINE
8
BLACK
6
CONTINUOUS
10
6.1753
20
-2.97505
11
6.17235
21
-2.97426
0
LINE
8
BLACK
6
CONTINUOUS
10
6.17235
20
-2.97426
11
6.17019
21
-2.9721
0
LINE
8
BLACK
6
CONTINUOUS
10
6.17019
20
-2.9721
11
6.1694
21
-2.96915
0
LINE
8
BLACK
6
CONTINUOUS
10
6.1694
20
-2.96915
11
6.17019
21
-2.9662
0
LINE
8
BLACK
6
CONTINUOUS
10
6.17019
20
-2.9662
11
6.17235
21
-2.96403
0
LINE
8
BLACK
6
CONTINUOUS
10
6.17235
20
-2.96403
11
6.1753
21
-2.96324
0
LINE
8
BLACK
6
CONTINUOUS
10
6.1753
20
-2.96324
11
6.18908
21
-2.96324
0
LINE
8
BLACK
6
CONTINUOUS
10
6.18908
20
-2.96324
11
6.18908
21
-2.94412
0
LINE
8
BLACK
6
CONTINUOUS
10
6.18908
20
-2.94412
11
6.16687
21
-2.94412
0
LINE
8
BLACK
6
CONTINUOUS
10
6.16687
20
-2.94412
11
6.16391
21
-2.94333
0
LINE
8
BLACK
6
CONTINUOUS
10
6.16391
20
-2.94333
11
6.16175
21
-2.94117
0
LINE
8
BLACK
6
CONTINUOUS
10
6.16175
20
-2.94117
11
6.16096
21
-2.93822
0
LINE
8
BLACK
6
CONTINUOUS
10
6.16096
20
-2.93822
11
6.16175
21
-2.93526
0
LINE
8
BLACK
6
CONTINUOUS
10
6.16175
20
-2.93526
11
6.16391
21
-2.9331
0
LINE
8
BLACK
6
CONTINUOUS
10
6.16391
20
-2.9331
11
6.16687
21
-2.93231
0
LINE
8
BLACK
6
CONTINUOUS
10
6.16687
20
-2.93231
11
6.19499
21
-2.93231
0
LINE
8
BLACK
6
CONTINUOUS
10
6.19499
20
-2.93231
11
6.19794
21
-2.9331
0
LINE
8
BLACK
6
CONTINUOUS
10
6.24856
20
-2.9331
11
6.25072
21
-2.93526
0
LINE
8
BLACK
6
CONTINUOUS
10
6.25072
20
-2.93526
11
6.25151
21
-2.93822
0
LINE
8
BLACK
6
CONTINUOUS
10
6.25151
20
-2.93822
11
6.25151
21
-2.99727
0
LINE
8
BLACK
6
CONTINUOUS
10
6.25151
20
-2.99727
11
6.25072
21
-3.00022
0
LINE
8
BLACK
6
CONTINUOUS
10
6.25072
20
-3.00022
11
6.24856
21
-3.00238
0
LINE
8
BLACK
6
CONTINUOUS
10
6.24856
20
-3.00238
11
6.24561
21
-3.00318
0
LINE
8
BLACK
6
CONTINUOUS
10
6.24561
20
-3.00318
11
6.21748
21
-3.00318
0
LINE
8
BLACK
6
CONTINUOUS
10
6.21748
20
-3.00318
11
6.21453
21
-3.00238
0
LINE
8
BLACK
6
CONTINUOUS
10
6.21453
20
-3.00238
11
6.21237
21
-3.00022
0
LINE
8
BLACK
6
CONTINUOUS
10
6.21237
20
-3.00022
11
6.21158
21
-2.99727
0
LINE
8
BLACK
6
CONTINUOUS
10
6.21158
20
-2.99727
11
6.21237
21
-2.99432
0
LINE
8
BLACK
6
CONTINUOUS
10
6.21237
20
-2.99432
11
6.21453
21
-2.99216
0
LINE
8
BLACK
6
CONTINUOUS
10
6.21453
20
-2.99216
11
6.21748
21
-2.99137
0
LINE
8
BLACK
6
CONTINUOUS
10
6.21748
20
-2.99137
11
6.2397
21
-2.99137
0
LINE
8
BLACK
6
CONTINUOUS
10
6.2397
20
-2.99137
11
6.2397
21
-2.97505
0
LINE
8
BLACK
6
CONTINUOUS
10
6.2397
20
-2.97505
11
6.22592
21
-2.97505
0
LINE
8
BLACK
6
CONTINUOUS
10
6.22592
20
-2.97505
11
6.22297
21
-2.97426
0
LINE
8
BLACK
6
CONTINUOUS
10
6.22297
20
-2.97426
11
6.22081
21
-2.9721
0
LINE
8
BLACK
6
CONTINUOUS
10
6.22081
20
-2.9721
11
6.22002
21
-2.96915
0
LINE
8
BLACK
6
CONTINUOUS
10
6.22002
20
-2.96915
11
6.22081
21
-2.9662
0
LINE
8
BLACK
6
CONTINUOUS
10
6.22081
20
-2.9662
11
6.22297
21
-2.96403
0
LINE
8
BLACK
6
CONTINUOUS
10
6.22297
20
-2.96403
11
6.22592
21
-2.96324
0
LINE
8
BLACK
6
CONTINUOUS
10
6.22592
20
-2.96324
11
6.2397
21
-2.96324
0
LINE
8
BLACK
6
CONTINUOUS
10
6.2397
20
-2.96324
11
6.2397
21
-2.93822
0
LINE
8
BLACK
6
CONTINUOUS
10
6.2397
20
-2.93822
11
6.24049
21
-2.93526
0
LINE
8
BLACK
6
CONTINUOUS
10
6.24049
20
-2.93526
11
6.24265
21
-2.9331
0
LINE
8
BLACK
6
CONTINUOUS
10
6.24265
20
-2.9331
11
6.24561
21
-2.93231
0
LINE
8
BLACK
6
CONTINUOUS
10
6.24561
20
-2.93231
11
6.24856
21
-2.9331
0
LINE
8
BLACK
6
CONTINUOUS
10
6.34776
20
-2.93256
11
6.34871
21
-2.93261
0
LINE
8
BLACK
6
CONTINUOUS
10
6.34871
20
-2.93261
11
6.35715
21
-2.93543
0
LINE
8
BLACK
6
CONTINUOUS
10
6.35715
20
-2.93543
11
6.3597
21
-2.93711
0
LINE
8
BLACK
6
CONTINUOUS
10
6.3597
20
-2.93711
11
6.36107
21
-2.93984
0
LINE
8
BLACK
6
CONTINUOUS
10
6.36107
20
-2.93984
11
6.36088
21
-2.9429
0
LINE
8
BLACK
6
CONTINUOUS
10
6.36088
20
-2.9429
11
6.3592
21
-2.94545
0
LINE
8
BLACK
6
CONTINUOUS
10
6.3592
20
-2.94545
11
6.35646
21
-2.94681
0
LINE
8
BLACK
6
CONTINUOUS
10
6.35646
20
-2.94681
11
6.35341
21
-2.94663
0
LINE
8
BLACK
6
CONTINUOUS
10
6.35341
20
-2.94663
11
6.34588
21
-2.94412
0
LINE
8
BLACK
6
CONTINUOUS
10
6.34588
20
-2.94412
11
6.33418
21
-2.94412
0
LINE
8
BLACK
6
CONTINUOUS
10
6.33418
20
-2.94412
11
6.33066
21
-2.94588
0
LINE
8
BLACK
6
CONTINUOUS
10
6.33066
20
-2.94588
11
6.3292
21
-2.94734
0
LINE
8
BLACK
6
CONTINUOUS
10
6.3292
20
-2.94734
11
6.32744
21
-2.95086
0
LINE
8
BLACK
6
CONTINUOUS
10
6.32744
20
-2.95086
11
6.32744
21
-2.95369
0
LINE
8
BLACK
6
CONTINUOUS
10
6.32744
20
-2.95369
11
6.3292
21
-2.95721
0
LINE
8
BLACK
6
CONTINUOUS
10
6.3292
20
-2.95721
11
6.33066
21
-2.95867
0
LINE
8
BLACK
6
CONTINUOUS
10
6.33066
20
-2.95867
11
6.33484
21
-2.96076
0
LINE
8
BLACK
6
CONTINUOUS
10
6.33484
20
-2.96076
11
6.34546
21
-2.96342
0
LINE
8
BLACK
6
CONTINUOUS
10
6.34546
20
-2.96342
11
6.34603
21
-2.96374
0
LINE
8
BLACK
6
CONTINUOUS
10
6.34603
20
-2.96374
11
6.34667
21
-2.96387
0
LINE
8
BLACK
6
CONTINUOUS
10
6.34667
20
-2.96387
11
6.3523
21
-2.96668
0
LINE
8
BLACK
6
CONTINUOUS
10
6.3523
20
-2.96668
11
6.35301
21
-2.96731
0
LINE
8
BLACK
6
CONTINUOUS
10
6.35301
20
-2.96731
11
6.35383
21
-2.96779
0
LINE
8
BLACK
6
CONTINUOUS
10
6.35383
20
-2.96779
11
6.35664
21
-2.9706
0
LINE
8
BLACK
6
CONTINUOUS
10
6.35664
20
-2.9706
11
6.35712
21
-2.97142
0
LINE
8
BLACK
6
CONTINUOUS
10
6.35712
20
-2.97142
11
6.35775
21
-2.97213
0
LINE
8
BLACK
6
CONTINUOUS
10
6.35775
20
-2.97213
11
6.36056
21
-2.97776
0
LINE
8
BLACK
6
CONTINUOUS
10
6.36056
20
-2.97776
11
6.36083
21
-2.97909
0
LINE
8
BLACK
6
CONTINUOUS
10
6.36083
20
-2.97909
11
6.36118
21
-2.9804
0
LINE
8
BLACK
6
CONTINUOUS
10
6.36118
20
-2.9804
11
6.36118
21
-2.98602
0
LINE
8
BLACK
6
CONTINUOUS
10
6.36118
20
-2.98602
11
6.36083
21
-2.98733
0
LINE
8
BLACK
6
CONTINUOUS
10
6.36083
20
-2.98733
11
6.36056
21
-2.98866
0
LINE
8
BLACK
6
CONTINUOUS
10
6.36056
20
-2.98866
11
6.35775
21
-2.99429
0
LINE
8
BLACK
6
CONTINUOUS
10
6.35775
20
-2.99429
11
6.35712
21
-2.995
0
LINE
8
BLACK
6
CONTINUOUS
10
6.35712
20
-2.995
11
6.35664
21
-2.99582
0
LINE
8
BLACK
6
CONTINUOUS
10
6.35664
20
-2.99582
11
6.35383
21
-2.99863
0
LINE
8
BLACK
6
CONTINUOUS
10
6.35383
20
-2.99863
11
6.35301
21
-2.99911
0
LINE
8
BLACK
6
CONTINUOUS
10
6.35301
20
-2.99911
11
6.3523
21
-2.99974
0
LINE
8
BLACK
6
CONTINUOUS
10
6.3523
20
-2.99974
11
6.34667
21
-3.00255
0
LINE
8
BLACK
6
CONTINUOUS
10
6.34667
20
-3.00255
11
6.34534
21
-3.00282
0
LINE
8
BLACK
6
CONTINUOUS
10
6.34534
20
-3.00282
11
6.34403
21
-3.00318
0
LINE
8
BLACK
6
CONTINUOUS
10
6.34403
20
-3.00318
11
6.32997
21
-3.00318
0
LINE
8
BLACK
6
CONTINUOUS
10
6.32997
20
-3.00318
11
6.32905
21
-3.00293
0
LINE
8
BLACK
6
CONTINUOUS
10
6.32905
20
-3.00293
11
6.3281
21
-3.00287
0
LINE
8
BLACK
6
CONTINUOUS
10
6.3281
20
-3.00287
11
6.31967
21
-3.00006
0
LINE
8
BLACK
6
CONTINUOUS
10
6.31967
20
-3.00006
11
6.31712
21
-2.99838
0
LINE
8
BLACK
6
CONTINUOUS
10
6.31712
20
-2.99838
11
6.31575
21
-2.99564
0
LINE
8
BLACK
6
CONTINUOUS
10
6.31575
20
-2.99564
11
6.31593
21
-2.99259
0
LINE
8
BLACK
6
CONTINUOUS
10
6.31593
20
-2.99259
11
6.31762
21
-2.99004
0
LINE
8
BLACK
6
CONTINUOUS
10
6.31762
20
-2.99004
11
6.32035
21
-2.98867
0
LINE
8
BLACK
6
CONTINUOUS
10
6.32035
20
-2.98867
11
6.3234
21
-2.98886
0
LINE
8
BLACK
6
CONTINUOUS
10
6.3234
20
-2.98886
11
6.33093
21
-2.99137
0
LINE
8
BLACK
6
CONTINUOUS
10
6.33093
20
-2.99137
11
6.34264
21
-2.99137
0
LINE
8
BLACK
6
CONTINUOUS
10
6.34264
20
-2.99137
11
6.34616
21
-2.9896
0
LINE
8
BLACK
6
CONTINUOUS
10
6.34616
20
-2.9896
11
6.34761
21
-2.98815
0
LINE
8
BLACK
6
CONTINUOUS
10
6.34761
20
-2.98815
11
6.34937
21
-2.98463
0
LINE
8
BLACK
6
CONTINUOUS
10
6.34937
20
-2.98463
11
6.34937
21
-2.98179
0
LINE
8
BLACK
6
CONTINUOUS
10
6.34937
20
-2.98179
11
6.34761
21
-2.97827
0
LINE
8
BLACK
6
CONTINUOUS
10
6.34761
20
-2.97827
11
6.34616
21
-2.97681
0
LINE
8
BLACK
6
CONTINUOUS
10
6.34616
20
-2.97681
11
6.34197
21
-2.97472
0
LINE
8
BLACK
6
CONTINUOUS
10
6.34197
20
-2.97472
11
6.33135
21
-2.97207
0
LINE
8
BLACK
6
CONTINUOUS
10
6.33135
20
-2.97207
11
6.33078
21
-2.97175
0
LINE
8
BLACK
6
CONTINUOUS
10
6.33078
20
-2.97175
11
6.33014
21
-2.97162
0
LINE
8
BLACK
6
CONTINUOUS
10
6.33014
20
-2.97162
11
6.32452
21
-2.96881
0
LINE
8
BLACK
6
CONTINUOUS
10
6.32452
20
-2.96881
11
6.32381
21
-2.96818
0
LINE
8
BLACK
6
CONTINUOUS
10
6.32381
20
-2.96818
11
6.32298
21
-2.9677
0
LINE
8
BLACK
6
CONTINUOUS
10
6.32298
20
-2.9677
11
6.32017
21
-2.96489
0
LINE
8
BLACK
6
CONTINUOUS
10
6.32017
20
-2.96489
11
6.31969
21
-2.96406
0
LINE
8
BLACK
6
CONTINUOUS
10
6.31969
20
-2.96406
11
6.31906
21
-2.96335
0
LINE
8
BLACK
6
CONTINUOUS
10
6.31906
20
-2.96335
11
6.31625
21
-2.95773
0
LINE
8
BLACK
6
CONTINUOUS
10
6.31625
20
-2.95773
11
6.31598
21
-2.9564
0
LINE
8
BLACK
6
CONTINUOUS
10
6.31598
20
-2.9564
11
6.31563
21
-2.95509
0
LINE
8
BLACK
6
CONTINUOUS
10
6.31563
20
-2.95509
11
6.31563
21
-2.94946
0
LINE
8
BLACK
6
CONTINUOUS
10
6.31563
20
-2.94946
11
6.31598
21
-2.94815
0
LINE
8
BLACK
6
CONTINUOUS
10
6.31598
20
-2.94815
11
6.31625
21
-2.94682
0
LINE
8
BLACK
6
CONTINUOUS
10
6.31625
20
-2.94682
11
6.31906
21
-2.9412
0
LINE
8
BLACK
6
CONTINUOUS
10
6.31906
20
-2.9412
11
6.31969
21
-2.94049
0
LINE
8
BLACK
6
CONTINUOUS
10
6.31969
20
-2.94049
11
6.32017
21
-2.93966
0
LINE
8
BLACK
6
CONTINUOUS
10
6.32017
20
-2.93966
11
6.32298
21
-2.93685
0
LINE
8
BLACK
6
CONTINUOUS
10
6.32298
20
-2.93685
11
6.32381
21
-2.93638
0
LINE
8
BLACK
6
CONTINUOUS
10
6.32381
20
-2.93638
11
6.32452
21
-2.93575
0
LINE
8
BLACK
6
CONTINUOUS
10
6.32452
20
-2.93575
11
6.33014
21
-2.93293
0
LINE
8
BLACK
6
CONTINUOUS
10
6.33014
20
-2.93293
11
6.33147
21
-2.93266
0
LINE
8
BLACK
6
CONTINUOUS
10
6.33147
20
-2.93266
11
6.33278
21
-2.93231
0
LINE
8
BLACK
6
CONTINUOUS
10
6.33278
20
-2.93231
11
6.34684
21
-2.93231
0
LINE
8
BLACK
6
CONTINUOUS
10
6.34684
20
-2.93231
11
6.34776
21
-2.93256
0
LINE
8
BLACK
6
CONTINUOUS
10
6.30653
20
-2.93261
11
6.30908
21
-2.9343
0
LINE
8
BLACK
6
CONTINUOUS
10
6.30908
20
-2.9343
11
6.31045
21
-2.93703
0
LINE
8
BLACK
6
CONTINUOUS
10
6.31045
20
-2.93703
11
6.31026
21
-2.94008
0
LINE
8
BLACK
6
CONTINUOUS
10
6.31026
20
-2.94008
11
6.29058
21
-2.99914
0
LINE
8
BLACK
6
CONTINUOUS
10
6.29058
20
-2.99914
11
6.28992
21
-3.00013
0
LINE
8
BLACK
6
CONTINUOUS
10
6.28992
20
-3.00013
11
6.28939
21
-3.00119
0
LINE
8
BLACK
6
CONTINUOUS
10
6.28939
20
-3.00119
11
6.28909
21
-3.00139
0
LINE
8
BLACK
6
CONTINUOUS
10
6.28909
20
-3.00139
11
6.28889
21
-3.00169
0
LINE
8
BLACK
6
CONTINUOUS
10
6.28889
20
-3.00169
11
6.28783
21
-3.00222
0
LINE
8
BLACK
6
CONTINUOUS
10
6.28783
20
-3.00222
11
6.28684
21
-3.00287
0
LINE
8
BLACK
6
CONTINUOUS
10
6.28684
20
-3.00287
11
6.28648
21
-3.00289
0
LINE
8
BLACK
6
CONTINUOUS
10
6.28648
20
-3.00289
11
6.28616
21
-3.00306
0
LINE
8
BLACK
6
CONTINUOUS
10
6.28616
20
-3.00306
11
6.28498
21
-3.00299
0
LINE
8
BLACK
6
CONTINUOUS
10
6.28498
20
-3.00299
11
6.28379
21
-3.00306
0
LINE
8
BLACK
6
CONTINUOUS
10
6.28379
20
-3.00306
11
6.28347
21
-3.00289
0
LINE
8
BLACK
6
CONTINUOUS
10
6.28347
20
-3.00289
11
6.28311
21
-3.00287
0
LINE
8
BLACK
6
CONTINUOUS
10
6.28311
20
-3.00287
11
6.28212
21
-3.00222
0
LINE
8
BLACK
6
CONTINUOUS
10
6.28212
20
-3.00222
11
6.28106
21
-3.00169
0
LINE
8
BLACK
6
CONTINUOUS
10
6.28106
20
-3.00169
11
6.28086
21
-3.00139
0
LINE
8
BLACK
6
CONTINUOUS
10
6.28086
20
-3.00139
11
6.28056
21
-3.00119
0
LINE
8
BLACK
6
CONTINUOUS
10
6.28056
20
-3.00119
11
6.28003
21
-3.00013
0
LINE
8
BLACK
6
CONTINUOUS
10
6.28003
20
-3.00013
11
6.27937
21
-2.99914
0
LINE
8
BLACK
6
CONTINUOUS
10
6.27937
20
-2.99914
11
6.25969
21
-2.94008
0
LINE
8
BLACK
6
CONTINUOUS
10
6.25969
20
-2.94008
11
6.25951
21
-2.93703
0
LINE
8
BLACK
6
CONTINUOUS
10
6.25951
20
-2.93703
11
6.26087
21
-2.9343
0
LINE
8
BLACK
6
CONTINUOUS
10
6.26087
20
-2.9343
11
6.26342
21
-2.93261
0
LINE
8
BLACK
6
CONTINUOUS
10
6.26342
20
-2.93261
11
6.26647
21
-2.93243
0
LINE
8
BLACK
6
CONTINUOUS
10
6.26647
20
-2.93243
11
6.26921
21
-2.9338
0
LINE
8
BLACK
6
CONTINUOUS
10
6.26921
20
-2.9338
11
6.27089
21
-2.93635
0
LINE
8
BLACK
6
CONTINUOUS
10
6.27089
20
-2.93635
11
6.27517
21
-2.94918
0
LINE
8
BLACK
6
CONTINUOUS
10
6.27517
20
-2.94918
11
6.29478
21
-2.94918
0
LINE
8
BLACK
6
CONTINUOUS
10
6.29478
20
-2.94918
11
6.29906
21
-2.93635
0
LINE
8
BLACK
6
CONTINUOUS
10
6.29906
20
-2.93635
11
6.30074
21
-2.9338
0
LINE
8
BLACK
6
CONTINUOUS
10
6.30074
20
-2.9338
11
6.30348
21
-2.93243
0
LINE
8
BLACK
6
CONTINUOUS
10
6.30348
20
-2.93243
11
6.30653
21
-2.93261
0
LINE
8
BLACK
6
CONTINUOUS
10
6.28498
20
-2.9786
11
6.29084
21
-2.96099
0
LINE
8
BLACK
6
CONTINUOUS
10
6.29084
20
-2.96099
11
6.27911
21
-2.96099
0
LINE
8
BLACK
6
CONTINUOUS
10
6.27911
20
-2.96099
11
6.28498
21
-2.9786
0
LINE
8
BLACK
6
CONTINUOUS
10
5.93635
20
-2.93251
11
5.93779
21
-2.93251
0
LINE
8
BLACK
6
CONTINUOUS
10
5.93779
20
-2.93251
11
5.93787
21
-2.93255
0
LINE
8
BLACK
6
CONTINUOUS
10
5.93787
20
-2.93255
11
5.93796
21
-2.93256
0
LINE
8
BLACK
6
CONTINUOUS
10
5.93796
20
-2.93256
11
5.93919
21
-2.93331
0
LINE
8
BLACK
6
CONTINUOUS
10
5.93919
20
-2.93331
11
5.94044
21
-2.93403
0
LINE
8
BLACK
6
CONTINUOUS
10
5.94044
20
-2.93403
11
5.94048
21
-2.93411
0
LINE
8
BLACK
6
CONTINUOUS
10
5.94048
20
-2.93411
11
5.94056
21
-2.93416
0
LINE
8
BLACK
6
CONTINUOUS
10
5.94056
20
-2.93416
11
5.94125
21
-2.93543
0
LINE
8
BLACK
6
CONTINUOUS
10
5.94125
20
-2.93543
11
5.94197
21
-2.93668
0
LINE
8
BLACK
6
CONTINUOUS
10
5.94197
20
-2.93668
11
5.94197
21
-2.93677
0
LINE
8
BLACK
6
CONTINUOUS
10
5.94197
20
-2.93677
11
5.94201
21
-2.93685
0
LINE
8
BLACK
6
CONTINUOUS
10
5.94201
20
-2.93685
11
5.95608
21
-2.9959
0
LINE
8
BLACK
6
CONTINUOUS
10
5.95608
20
-2.9959
11
5.95599
21
-2.99896
0
LINE
8
BLACK
6
CONTINUOUS
10
5.95599
20
-2.99896
11
5.95439
21
-3.00156
0
LINE
8
BLACK
6
CONTINUOUS
10
5.95439
20
-3.00156
11
5.9517
21
-3.00302
0
LINE
8
BLACK
6
CONTINUOUS
10
5.9517
20
-3.00302
11
5.94864
21
-3.00293
0
LINE
8
BLACK
6
CONTINUOUS
10
5.94864
20
-3.00293
11
5.94604
21
-3.00133
0
LINE
8
BLACK
6
CONTINUOUS
10
5.94604
20
-3.00133
11
5.94459
21
-2.99864
0
LINE
8
BLACK
6
CONTINUOUS
10
5.94459
20
-2.99864
11
5.93595
21
-2.96235
0
LINE
8
BLACK
6
CONTINUOUS
10
5.93595
20
-2.96235
11
5.93073
21
-2.98192
0
LINE
8
BLACK
6
CONTINUOUS
10
5.93073
20
-2.98192
11
5.93072
21
-2.98193
0
LINE
8
BLACK
6
CONTINUOUS
10
5.93072
20
-2.98193
11
5.93072
21
-2.98193
0
LINE
8
BLACK
6
CONTINUOUS
10
5.93072
20
-2.98193
11
5.92996
21
-2.98325
0
LINE
8
BLACK
6
CONTINUOUS
10
5.92996
20
-2.98325
11
5.9292
21
-2.98457
0
LINE
8
BLACK
6
CONTINUOUS
10
5.9292
20
-2.98457
11
5.9292
21
-2.98457
0
LINE
8
BLACK
6
CONTINUOUS
10
5.9292
20
-2.98457
11
5.92919
21
-2.98458
0
LINE
8
BLACK
6
CONTINUOUS
10
5.92919
20
-2.98458
11
5.92787
21
-2.98534
0
LINE
8
BLACK
6
CONTINUOUS
10
5.92787
20
-2.98534
11
5.92656
21
-2.9861
0
LINE
8
BLACK
6
CONTINUOUS
10
5.92656
20
-2.9861
11
5.92655
21
-2.9861
0
LINE
8
BLACK
6
CONTINUOUS
10
5.92655
20
-2.9861
11
5.92654
21
-2.9861
0
LINE
8
BLACK
6
CONTINUOUS
10
5.92654
20
-2.9861
11
5.92502
21
-2.9861
0
LINE
8
BLACK
6
CONTINUOUS
10
5.92502
20
-2.9861
11
5.9235
21
-2.9861
0
LINE
8
BLACK
6
CONTINUOUS
10
5.9235
20
-2.9861
11
5.92349
21
-2.9861
0
LINE
8
BLACK
6
CONTINUOUS
10
5.92349
20
-2.9861
11
5.92349
21
-2.9861
0
LINE
8
BLACK
6
CONTINUOUS
10
5.92349
20
-2.9861
11
5.92217
21
-2.98534
0
LINE
8
BLACK
6
CONTINUOUS
10
5.92217
20
-2.98534
11
5.92085
21
-2.98458
0
LINE
8
BLACK
6
CONTINUOUS
10
5.92085
20
-2.98458
11
5.92085
21
-2.98457
0
LINE
8
BLACK
6
CONTINUOUS
10
5.92085
20
-2.98457
11
5.92084
21
-2.98457
0
LINE
8
BLACK
6
CONTINUOUS
10
5.92084
20
-2.98457
11
5.92008
21
-2.98325
0
LINE
8
BLACK
6
CONTINUOUS
10
5.92008
20
-2.98325
11
5.91932
21
-2.98193
0
LINE
8
BLACK
6
CONTINUOUS
10
5.91932
20
-2.98193
11
5.91932
21
-2.98193
0
LINE
8
BLACK
6
CONTINUOUS
10
5.91932
20
-2.98193
11
5.91931
21
-2.98192
0
LINE
8
BLACK
6
CONTINUOUS
10
5.91931
20
-2.98192
11
5.9141
21
-2.96235
0
LINE
8
BLACK
6
CONTINUOUS
10
5.9141
20
-2.96235
11
5.90546
21
-2.99864
0
LINE
8
BLACK
6
CONTINUOUS
10
5.90546
20
-2.99864
11
5.904
21
-3.00133
0
LINE
8
BLACK
6
CONTINUOUS
10
5.904
20
-3.00133
11
5.9014
21
-3.00293
0
LINE
8
BLACK
6
CONTINUOUS
10
5.9014
20
-3.00293
11
5.89834
21
-3.00302
0
LINE
8
BLACK
6
CONTINUOUS
10
5.89834
20
-3.00302
11
5.89565
21
-3.00156
0
LINE
8
BLACK
6
CONTINUOUS
10
5.89565
20
-3.00156
11
5.89405
21
-2.99896
0
LINE
8
BLACK
6
CONTINUOUS
10
5.89405
20
-2.99896
11
5.89397
21
-2.9959
0
LINE
8
BLACK
6
CONTINUOUS
10
5.89397
20
-2.9959
11
5.90803
21
-2.93685
0
LINE
8
BLACK
6
CONTINUOUS
10
5.90803
20
-2.93685
11
5.90807
21
-2.93677
0
LINE
8
BLACK
6
CONTINUOUS
10
5.90807
20
-2.93677
11
5.90807
21
-2.93668
0
LINE
8
BLACK
6
CONTINUOUS
10
5.90807
20
-2.93668
11
5.90879
21
-2.93543
0
LINE
8
BLACK
6
CONTINUOUS
10
5.90879
20
-2.93543
11
5.90948
21
-2.93416
0
LINE
8
BLACK
6
CONTINUOUS
10
5.90948
20
-2.93416
11
5.90956
21
-2.93411
0
LINE
8
BLACK
6
CONTINUOUS
10
5.90956
20
-2.93411
11
5.9096
21
-2.93403
0
LINE
8
BLACK
6
CONTINUOUS
10
5.9096
20
-2.93403
11
5.91085
21
-2.93331
0
LINE
8
BLACK
6
CONTINUOUS
10
5.91085
20
-2.93331
11
5.91208
21
-2.93256
0
LINE
8
BLACK
6
CONTINUOUS
10
5.91208
20
-2.93256
11
5.91217
21
-2.93255
0
LINE
8
BLACK
6
CONTINUOUS
10
5.91217
20
-2.93255
11
5.91225
21
-2.93251
0
LINE
8
BLACK
6
CONTINUOUS
10
5.91225
20
-2.93251
11
5.9137
21
-2.93251
0
LINE
8
BLACK
6
CONTINUOUS
10
5.9137
20
-2.93251
11
5.91514
21
-2.93247
0
LINE
8
BLACK
6
CONTINUOUS
10
5.91514
20
-2.93247
11
5.91522
21
-2.93251
0
LINE
8
BLACK
6
CONTINUOUS
10
5.91522
20
-2.93251
11
5.91531
21
-2.93251
0
LINE
8
BLACK
6
CONTINUOUS
10
5.91531
20
-2.93251
11
5.91656
21
-2.93324
0
LINE
8
BLACK
6
CONTINUOUS
10
5.91656
20
-2.93324
11
5.91783
21
-2.93392
0
LINE
8
BLACK
6
CONTINUOUS
10
5.91783
20
-2.93392
11
5.91788
21
-2.934
0
LINE
8
BLACK
6
CONTINUOUS
10
5.91788
20
-2.934
11
5.91795
21
-2.93404
0
LINE
8
BLACK
6
CONTINUOUS
10
5.91795
20
-2.93404
11
5.91867
21
-2.9353
0
LINE
8
BLACK
6
CONTINUOUS
10
5.91867
20
-2.9353
11
5.91943
21
-2.93653
0
LINE
8
BLACK
6
CONTINUOUS
10
5.91943
20
-2.93653
11
5.91943
21
-2.93662
0
LINE
8
BLACK
6
CONTINUOUS
10
5.91943
20
-2.93662
11
5.91948
21
-2.93669
0
LINE
8
BLACK
6
CONTINUOUS
10
5.91948
20
-2.93669
11
5.92502
21
-2.95748
0
LINE
8
BLACK
6
CONTINUOUS
10
5.92502
20
-2.95748
11
5.93056
21
-2.93669
0
LINE
8
BLACK
6
CONTINUOUS
10
5.93056
20
-2.93669
11
5.93061
21
-2.93662
0
LINE
8
BLACK
6
CONTINUOUS
10
5.93061
20
-2.93662
11
5.93061
21
-2.93653
0
LINE
8
BLACK
6
CONTINUOUS
10
5.93061
20
-2.93653
11
5.93137
21
-2.9353
0
LINE
8
BLACK
6
CONTINUOUS
10
5.93137
20
-2.9353
11
5.93209
21
-2.93404
0
LINE
8
BLACK
6
CONTINUOUS
10
5.93209
20
-2.93404
11
5.93217
21
-2.934
0
LINE
8
BLACK
6
CONTINUOUS
10
5.93217
20
-2.934
11
5.93221
21
-2.93392
0
LINE
8
BLACK
6
CONTINUOUS
10
5.93221
20
-2.93392
11
5.93348
21
-2.93324
0
LINE
8
BLACK
6
CONTINUOUS
10
5.93348
20
-2.93324
11
5.93473
21
-2.93251
0
LINE
8
BLACK
6
CONTINUOUS
10
5.93473
20
-2.93251
11
5.93482
21
-2.93251
0
LINE
8
BLACK
6
CONTINUOUS
10
5.93482
20
-2.93251
11
5.9349
21
-2.93247
0
LINE
8
BLACK
6
CONTINUOUS
10
5.9349
20
-2.93247
11
5.93635
21
-2.93251
0
LINE
8
BLACK
6
CONTINUOUS
10
5.24803
20
-2.93266
11
5.24936
21
-2.93293
0
LINE
8
BLACK
6
CONTINUOUS
10
5.24936
20
-2.93293
11
5.25498
21
-2.93575
0
LINE
8
BLACK
6
CONTINUOUS
10
5.25498
20
-2.93575
11
5.25525
21
-2.93599
0
LINE
8
BLACK
6
CONTINUOUS
10
5.25525
20
-2.93599
11
5.2556
21
-2.9361
0
LINE
8
BLACK
6
CONTINUOUS
10
5.2556
20
-2.9361
11
5.25638
21
-2.93699
0
LINE
8
BLACK
6
CONTINUOUS
10
5.25638
20
-2.93699
11
5.25727
21
-2.93777
0
LINE
8
BLACK
6
CONTINUOUS
10
5.25727
20
-2.93777
11
5.25738
21
-2.93812
0
LINE
8
BLACK
6
CONTINUOUS
10
5.25738
20
-2.93812
11
5.25762
21
-2.93839
0
LINE
8
BLACK
6
CONTINUOUS
10
5.25762
20
-2.93839
11
5.26044
21
-2.94401
0
LINE
8
BLACK
6
CONTINUOUS
10
5.26044
20
-2.94401
11
5.26071
21
-2.94534
0
LINE
8
BLACK
6
CONTINUOUS
10
5.26071
20
-2.94534
11
5.26106
21
-2.94665
0
LINE
8
BLACK
6
CONTINUOUS
10
5.26106
20
-2.94665
11
5.26106
21
-2.96915
0
LINE
8
BLACK
6
CONTINUOUS
10
5.26106
20
-2.96915
11
5.26071
21
-2.97046
0
LINE
8
BLACK
6
CONTINUOUS
10
5.26071
20
-2.97046
11
5.26044
21
-2.97179
0
LINE
8
BLACK
6
CONTINUOUS
10
5.26044
20
-2.97179
11
5.25762
21
-2.97741
0
LINE
8
BLACK
6
CONTINUOUS
10
5.25762
20
-2.97741
11
5.25738
21
-2.97768
0
LINE
8
BLACK
6
CONTINUOUS
10
5.25738
20
-2.97768
11
5.25727
21
-2.97803
0
LINE
8
BLACK
6
CONTINUOUS
10
5.25727
20
-2.97803
11
5.25638
21
-2.97881
0
LINE
8
BLACK
6
CONTINUOUS
10
5.25638
20
-2.97881
11
5.2556
21
-2.9797
0
LINE
8
BLACK
6
CONTINUOUS
10
5.2556
20
-2.9797
11
5.25525
21
-2.97982
0
LINE
8
BLACK
6
CONTINUOUS
10
5.25525
20
-2.97982
11
5.25498
21
-2.98006
0
LINE
8
BLACK
6
CONTINUOUS
10
5.25498
20
-2.98006
11
5.24936
21
-2.98287
0
LINE
8
BLACK
6
CONTINUOUS
10
5.24936
20
-2.98287
11
5.24803
21
-2.98314
0
LINE
8
BLACK
6
CONTINUOUS
10
5.24803
20
-2.98314
11
5.24672
21
-2.98349
0
LINE
8
BLACK
6
CONTINUOUS
10
5.24672
20
-2.98349
11
5.23547
21
-2.98349
0
LINE
8
BLACK
6
CONTINUOUS
10
5.23547
20
-2.98349
11
5.23416
21
-2.98314
0
LINE
8
BLACK
6
CONTINUOUS
10
5.23416
20
-2.98314
11
5.23283
21
-2.98287
0
LINE
8
BLACK
6
CONTINUOUS
10
5.23283
20
-2.98287
11
5.2272
21
-2.98006
0
LINE
8
BLACK
6
CONTINUOUS
10
5.2272
20
-2.98006
11
5.22693
21
-2.97982
0
LINE
8
BLACK
6
CONTINUOUS
10
5.22693
20
-2.97982
11
5.22659
21
-2.9797
0
LINE
8
BLACK
6
CONTINUOUS
10
5.22659
20
-2.9797
11
5.2258
21
-2.97881
0
LINE
8
BLACK
6
CONTINUOUS
10
5.2258
20
-2.97881
11
5.22492
21
-2.97803
0
LINE
8
BLACK
6
CONTINUOUS
10
5.22492
20
-2.97803
11
5.2248
21
-2.97768
0
LINE
8
BLACK
6
CONTINUOUS
10
5.2248
20
-2.97768
11
5.22456
21
-2.97741
0
LINE
8
BLACK
6
CONTINUOUS
10
5.22456
20
-2.97741
11
5.22175
21
-2.97179
0
LINE
8
BLACK
6
CONTINUOUS
10
5.22175
20
-2.97179
11
5.22148
21
-2.97046
0
LINE
8
BLACK
6
CONTINUOUS
10
5.22148
20
-2.97046
11
5.22113
21
-2.96915
0
LINE
8
BLACK
6
CONTINUOUS
10
5.22113
20
-2.96915
11
5.22113
21
-2.96352
0
LINE
8
BLACK
6
CONTINUOUS
10
5.22113
20
-2.96352
11
5.22138
21
-2.96259
0
LINE
8
BLACK
6
CONTINUOUS
10
5.22138
20
-2.96259
11
5.22144
21
-2.96163
0
LINE
8
BLACK
6
CONTINUOUS
10
5.22144
20
-2.96163
11
5.22177
21
-2.96114
0
LINE
8
BLACK
6
CONTINUOUS
10
5.22177
20
-2.96114
11
5.22192
21
-2.96057
0
LINE
8
BLACK
6
CONTINUOUS
10
5.22192
20
-2.96057
11
5.2226
21
-2.95989
0
LINE
8
BLACK
6
CONTINUOUS
10
5.2226
20
-2.95989
11
5.22313
21
-2.95909
0
LINE
8
BLACK
6
CONTINUOUS
10
5.22313
20
-2.95909
11
5.22366
21
-2.95883
0
LINE
8
BLACK
6
CONTINUOUS
10
5.22366
20
-2.95883
11
5.22408
21
-2.95841
0
LINE
8
BLACK
6
CONTINUOUS
10
5.22408
20
-2.95841
11
5.22501
21
-2.95816
0
LINE
8
BLACK
6
CONTINUOUS
10
5.22501
20
-2.95816
11
5.22587
21
-2.95773
0
LINE
8
BLACK
6
CONTINUOUS
10
5.22587
20
-2.95773
11
5.24925
21
-2.95306
0
LINE
8
BLACK
6
CONTINUOUS
10
5.24925
20
-2.95306
11
5.24925
21
-2.94805
0
LINE
8
BLACK
6
CONTINUOUS
10
5.24925
20
-2.94805
11
5.24794
21
-2.94543
0
LINE
8
BLACK
6
CONTINUOUS
10
5.24794
20
-2.94543
11
5.24532
21
-2.94412
0
LINE
8
BLACK
6
CONTINUOUS
10
5.24532
20
-2.94412
11
5.23686
21
-2.94412
0
LINE
8
BLACK
6
CONTINUOUS
10
5.23686
20
-2.94412
11
5.23249
21
-2.94631
0
LINE
8
BLACK
6
CONTINUOUS
10
5.23249
20
-2.94631
11
5.22949
21
-2.94692
0
LINE
8
BLACK
6
CONTINUOUS
10
5.22949
20
-2.94692
11
5.22659
21
-2.94596
0
LINE
8
BLACK
6
CONTINUOUS
10
5.22659
20
-2.94596
11
5.22456
21
-2.94367
0
LINE
8
BLACK
6
CONTINUOUS
10
5.22456
20
-2.94367
11
5.22395
21
-2.94067
0
LINE
8
BLACK
6
CONTINUOUS
10
5.22395
20
-2.94067
11
5.22492
21
-2.93777
0
LINE
8
BLACK
6
CONTINUOUS
10
5.22492
20
-2.93777
11
5.2272
21
-2.93575
0
LINE
8
BLACK
6
CONTINUOUS
10
5.2272
20
-2.93575
11
5.23283
21
-2.93293
0
LINE
8
BLACK
6
CONTINUOUS
10
5.23283
20
-2.93293
11
5.23416
21
-2.93266
0
LINE
8
BLACK
6
CONTINUOUS
10
5.23416
20
-2.93266
11
5.23547
21
-2.93231
0
LINE
8
BLACK
6
CONTINUOUS
10
5.23547
20
-2.93231
11
5.24672
21
-2.93231
0
LINE
8
BLACK
6
CONTINUOUS
10
5.24672
20
-2.93231
11
5.24803
21
-2.93266
0
LINE
8
BLACK
6
CONTINUOUS
10
5.23322
20
-2.96831
11
5.23425
21
-2.97037
0
LINE
8
BLACK
6
CONTINUOUS
10
5.23425
20
-2.97037
11
5.23686
21
-2.97168
0
LINE
8
BLACK
6
CONTINUOUS
10
5.23686
20
-2.97168
11
5.24532
21
-2.97168
0
LINE
8
BLACK
6
CONTINUOUS
10
5.24532
20
-2.97168
11
5.24794
21
-2.97037
0
LINE
8
BLACK
6
CONTINUOUS
10
5.24794
20
-2.97037
11
5.24925
21
-2.96775
0
LINE
8
BLACK
6
CONTINUOUS
10
5.24925
20
-2.96775
11
5.24925
21
-2.9651
0
LINE
8
BLACK
6
CONTINUOUS
10
5.24925
20
-2.9651
11
5.23322
21
-2.96831
0
LINE
8
BLACK
6
CONTINUOUS
10
5.29583
20
-2.93266
11
5.29716
21
-2.93293
0
LINE
8
BLACK
6
CONTINUOUS
10
5.29716
20
-2.93293
11
5.30279
21
-2.93575
0
LINE
8
BLACK
6
CONTINUOUS
10
5.30279
20
-2.93575
11
5.3035
21
-2.93638
0
LINE
8
BLACK
6
CONTINUOUS
10
5.3035
20
-2.93638
11
5.30432
21
-2.93685
0
LINE
8
BLACK
6
CONTINUOUS
10
5.30432
20
-2.93685
11
5.30714
21
-2.93966
0
LINE
8
BLACK
6
CONTINUOUS
10
5.30714
20
-2.93966
11
5.30761
21
-2.94049
0
LINE
8
BLACK
6
CONTINUOUS
10
5.30761
20
-2.94049
11
5.30824
21
-2.9412
0
LINE
8
BLACK
6
CONTINUOUS
10
5.30824
20
-2.9412
11
5.31105
21
-2.94682
0
LINE
8
BLACK
6
CONTINUOUS
10
5.31105
20
-2.94682
11
5.31133
21
-2.94815
0
LINE
8
BLACK
6
CONTINUOUS
10
5.31133
20
-2.94815
11
5.31168
21
-2.94946
0
LINE
8
BLACK
6
CONTINUOUS
10
5.31168
20
-2.94946
11
5.31168
21
-2.96634
0
LINE
8
BLACK
6
CONTINUOUS
10
5.31168
20
-2.96634
11
5.31133
21
-2.96765
0
LINE
8
BLACK
6
CONTINUOUS
10
5.31133
20
-2.96765
11
5.31105
21
-2.96898
0
LINE
8
BLACK
6
CONTINUOUS
10
5.31105
20
-2.96898
11
5.30824
21
-2.9746
0
LINE
8
BLACK
6
CONTINUOUS
10
5.30824
20
-2.9746
11
5.30761
21
-2.97531
0
LINE
8
BLACK
6
CONTINUOUS
10
5.30761
20
-2.97531
11
5.30714
21
-2.97614
0
LINE
8
BLACK
6
CONTINUOUS
10
5.30714
20
-2.97614
11
5.30432
21
-2.97895
0
LINE
8
BLACK
6
CONTINUOUS
10
5.30432
20
-2.97895
11
5.3035
21
-2.97942
0
LINE
8
BLACK
6
CONTINUOUS
10
5.3035
20
-2.97942
11
5.30279
21
-2.98006
0
LINE
8
BLACK
6
CONTINUOUS
10
5.30279
20
-2.98006
11
5.29716
21
-2.98287
0
LINE
8
BLACK
6
CONTINUOUS
10
5.29716
20
-2.98287
11
5.29583
21
-2.98314
0
LINE
8
BLACK
6
CONTINUOUS
10
5.29583
20
-2.98314
11
5.29452
21
-2.98349
0
LINE
8
BLACK
6
CONTINUOUS
10
5.29452
20
-2.98349
11
5.28327
21
-2.98349
0
LINE
8
BLACK
6
CONTINUOUS
10
5.28327
20
-2.98349
11
5.28196
21
-2.98314
0
LINE
8
BLACK
6
CONTINUOUS
10
5.28196
20
-2.98314
11
5.28063
21
-2.98287
0
LINE
8
BLACK
6
CONTINUOUS
10
5.28063
20
-2.98287
11
5.27501
21
-2.98006
0
LINE
8
BLACK
6
CONTINUOUS
10
5.27501
20
-2.98006
11
5.27272
21
-2.97803
0
LINE
8
BLACK
6
CONTINUOUS
10
5.27272
20
-2.97803
11
5.27176
21
-2.97513
0
LINE
8
BLACK
6
CONTINUOUS
10
5.27176
20
-2.97513
11
5.27237
21
-2.97213
0
LINE
8
BLACK
6
CONTINUOUS
10
5.27237
20
-2.97213
11
5.2744
21
-2.96985
0
LINE
8
BLACK
6
CONTINUOUS
10
5.2744
20
-2.96985
11
5.2773
21
-2.96888
0
LINE
8
BLACK
6
CONTINUOUS
10
5.2773
20
-2.96888
11
5.28029
21
-2.96949
0
LINE
8
BLACK
6
CONTINUOUS
10
5.28029
20
-2.96949
11
5.28467
21
-2.97168
0
LINE
8
BLACK
6
CONTINUOUS
10
5.28467
20
-2.97168
11
5.29313
21
-2.97168
0
LINE
8
BLACK
6
CONTINUOUS
10
5.29313
20
-2.97168
11
5.29665
21
-2.96992
0
LINE
8
BLACK
6
CONTINUOUS
10
5.29665
20
-2.96992
11
5.29811
21
-2.96846
0
LINE
8
BLACK
6
CONTINUOUS
10
5.29811
20
-2.96846
11
5.29987
21
-2.96494
0
LINE
8
BLACK
6
CONTINUOUS
10
5.29987
20
-2.96494
11
5.29987
21
-2.95086
0
LINE
8
BLACK
6
CONTINUOUS
10
5.29987
20
-2.95086
11
5.29811
21
-2.94734
0
LINE
8
BLACK
6
CONTINUOUS
10
5.29811
20
-2.94734
11
5.29665
21
-2.94588
0
LINE
8
BLACK
6
CONTINUOUS
10
5.29665
20
-2.94588
11
5.29313
21
-2.94412
0
LINE
8
BLACK
6
CONTINUOUS
10
5.29313
20
-2.94412
11
5.28467
21
-2.94412
0
LINE
8
BLACK
6
CONTINUOUS
10
5.28467
20
-2.94412
11
5.28029
21
-2.94631
0
LINE
8
BLACK
6
CONTINUOUS
10
5.28029
20
-2.94631
11
5.2773
21
-2.94692
0
LINE
8
BLACK
6
CONTINUOUS
10
5.2773
20
-2.94692
11
5.2744
21
-2.94596
0
LINE
8
BLACK
6
CONTINUOUS
10
5.2744
20
-2.94596
11
5.27237
21
-2.94367
0
LINE
8
BLACK
6
CONTINUOUS
10
5.27237
20
-2.94367
11
5.27176
21
-2.94067
0
LINE
8
BLACK
6
CONTINUOUS
10
5.27176
20
-2.94067
11
5.27272
21
-2.93777
0
LINE
8
BLACK
6
CONTINUOUS
10
5.27272
20
-2.93777
11
5.27501
21
-2.93575
0
LINE
8
BLACK
6
CONTINUOUS
10
5.27501
20
-2.93575
11
5.28063
21
-2.93293
0
LINE
8
BLACK
6
CONTINUOUS
10
5.28063
20
-2.93293
11
5.28196
21
-2.93266
0
LINE
8
BLACK
6
CONTINUOUS
10
5.28196
20
-2.93266
11
5.28327
21
-2.93231
0
LINE
8
BLACK
6
CONTINUOUS
10
5.28327
20
-2.93231
11
5.29452
21
-2.93231
0
LINE
8
BLACK
6
CONTINUOUS
10
5.29452
20
-2.93231
11
5.29583
21
-2.93266
0
LINE
8
BLACK
6
CONTINUOUS
10
5.35208
20
-2.93266
11
5.35341
21
-2.93293
0
LINE
8
BLACK
6
CONTINUOUS
10
5.35341
20
-2.93293
11
5.35903
21
-2.93575
0
LINE
8
BLACK
6
CONTINUOUS
10
5.35903
20
-2.93575
11
5.3593
21
-2.93599
0
LINE
8
BLACK
6
CONTINUOUS
10
5.3593
20
-2.93599
11
5.35964
21
-2.9361
0
LINE
8
BLACK
6
CONTINUOUS
10
5.35964
20
-2.9361
11
5.36043
21
-2.93699
0
LINE
8
BLACK
6
CONTINUOUS
10
5.36043
20
-2.93699
11
5.36132
21
-2.93777
0
LINE
8
BLACK
6
CONTINUOUS
10
5.36132
20
-2.93777
11
5.36143
21
-2.93812
0
LINE
8
BLACK
6
CONTINUOUS
10
5.36143
20
-2.93812
11
5.36167
21
-2.93839
0
LINE
8
BLACK
6
CONTINUOUS
10
5.36167
20
-2.93839
11
5.36449
21
-2.94401
0
LINE
8
BLACK
6
CONTINUOUS
10
5.36449
20
-2.94401
11
5.36476
21
-2.94534
0
LINE
8
BLACK
6
CONTINUOUS
10
5.36476
20
-2.94534
11
5.36511
21
-2.94665
0
LINE
8
BLACK
6
CONTINUOUS
10
5.36511
20
-2.94665
11
5.36511
21
-2.95228
0
LINE
8
BLACK
6
CONTINUOUS
10
5.36511
20
-2.95228
11
5.36476
21
-2.95359
0
LINE
8
BLACK
6
CONTINUOUS
10
5.36476
20
-2.95359
11
5.36449
21
-2.95492
0
LINE
8
BLACK
6
CONTINUOUS
10
5.36449
20
-2.95492
11
5.36167
21
-2.96054
0
LINE
8
BLACK
6
CONTINUOUS
10
5.36167
20
-2.96054
11
5.36143
21
-2.96081
0
LINE
8
BLACK
6
CONTINUOUS
10
5.36143
20
-2.96081
11
5.36132
21
-2.96115
0
LINE
8
BLACK
6
CONTINUOUS
10
5.36132
20
-2.96115
11
5.36043
21
-2.96194
0
LINE
8
BLACK
6
CONTINUOUS
10
5.36043
20
-2.96194
11
5.35964
21
-2.96283
0
LINE
8
BLACK
6
CONTINUOUS
10
5.35964
20
-2.96283
11
5.3593
21
-2.96294
0
LINE
8
BLACK
6
CONTINUOUS
10
5.3593
20
-2.96294
11
5.35903
21
-2.96318
0
LINE
8
BLACK
6
CONTINUOUS
10
5.35903
20
-2.96318
11
5.35341
21
-2.96599
0
LINE
8
BLACK
6
CONTINUOUS
10
5.35341
20
-2.96599
11
5.35208
21
-2.96627
0
LINE
8
BLACK
6
CONTINUOUS
10
5.35208
20
-2.96627
11
5.35077
21
-2.96662
0
LINE
8
BLACK
6
CONTINUOUS
10
5.35077
20
-2.96662
11
5.3381
21
-2.96662
0
LINE
8
BLACK
6
CONTINUOUS
10
5.3381
20
-2.96662
11
5.33699
21
-2.96717
0
LINE
8
BLACK
6
CONTINUOUS
10
5.33699
20
-2.96717
11
5.33699
21
-2.96775
0
LINE
8
BLACK
6
CONTINUOUS
10
5.33699
20
-2.96775
11
5.3383
21
-2.97037
0
LINE
8
BLACK
6
CONTINUOUS
10
5.3383
20
-2.97037
11
5.34091
21
-2.97168
0
LINE
8
BLACK
6
CONTINUOUS
10
5.34091
20
-2.97168
11
5.34937
21
-2.97168
0
LINE
8
BLACK
6
CONTINUOUS
10
5.34937
20
-2.97168
11
5.35375
21
-2.96949
0
LINE
8
BLACK
6
CONTINUOUS
10
5.35375
20
-2.96949
11
5.35674
21
-2.96888
0
LINE
8
BLACK
6
CONTINUOUS
10
5.35674
20
-2.96888
11
5.35964
21
-2.96985
0
LINE
8
BLACK
6
CONTINUOUS
10
5.35964
20
-2.96985
11
5.36167
21
-2.97213
0
LINE
8
BLACK
6
CONTINUOUS
10
5.36167
20
-2.97213
11
5.36229
21
-2.97513
0
LINE
8
BLACK
6
CONTINUOUS
10
5.36229
20
-2.97513
11
5.36132
21
-2.97803
0
LINE
8
BLACK
6
CONTINUOUS
10
5.36132
20
-2.97803
11
5.35903
21
-2.98006
0
LINE
8
BLACK
6
CONTINUOUS
10
5.35903
20
-2.98006
11
5.35341
21
-2.98287
0
LINE
8
BLACK
6
CONTINUOUS
10
5.35341
20
-2.98287
11
5.35208
21
-2.98314
0
LINE
8
BLACK
6
CONTINUOUS
10
5.35208
20
-2.98314
11
5.35077
21
-2.98349
0
LINE
8
BLACK
6
CONTINUOUS
10
5.35077
20
-2.98349
11
5.33952
21
-2.98349
0
LINE
8
BLACK
6
CONTINUOUS
10
5.33952
20
-2.98349
11
5.33821
21
-2.98314
0
LINE
8
BLACK
6
CONTINUOUS
10
5.33821
20
-2.98314
11
5.33688
21
-2.98287
0
LINE
8
BLACK
6
CONTINUOUS
10
5.33688
20
-2.98287
11
5.33125
21
-2.98006
0
LINE
8
BLACK
6
CONTINUOUS
10
5.33125
20
-2.98006
11
5.33098
21
-2.97982
0
LINE
8
BLACK
6
CONTINUOUS
10
5.33098
20
-2.97982
11
5.33064
21
-2.9797
0
LINE
8
BLACK
6
CONTINUOUS
10
5.33064
20
-2.9797
11
5.32985
21
-2.97881
0
LINE
8
BLACK
6
CONTINUOUS
10
5.32985
20
-2.97881
11
5.32897
21
-2.97803
0
LINE
8
BLACK
6
CONTINUOUS
10
5.32897
20
-2.97803
11
5.32885
21
-2.97768
0
LINE
8
BLACK
6
CONTINUOUS
10
5.32885
20
-2.97768
11
5.32861
21
-2.97741
0
LINE
8
BLACK
6
CONTINUOUS
10
5.32861
20
-2.97741
11
5.3258
21
-2.97179
0
LINE
8
BLACK
6
CONTINUOUS
10
5.3258
20
-2.97179
11
5.32553
21
-2.97046
0
LINE
8
BLACK
6
CONTINUOUS
10
5.32553
20
-2.97046
11
5.32518
21
-2.96915
0
LINE
8
BLACK
6
CONTINUOUS
10
5.32518
20
-2.96915
11
5.32518
21
-2.93822
0
LINE
8
BLACK
6
CONTINUOUS
10
5.32518
20
-2.93822
11
5.32597
21
-2.93526
0
LINE
8
BLACK
6
CONTINUOUS
10
5.32597
20
-2.93526
11
5.32813
21
-2.9331
0
LINE
8
BLACK
6
CONTINUOUS
10
5.32813
20
-2.9331
11
5.33108
21
-2.93231
0
LINE
8
BLACK
6
CONTINUOUS
10
5.33108
20
-2.93231
11
5.33384
21
-2.93305
0
LINE
8
BLACK
6
CONTINUOUS
10
5.33384
20
-2.93305
11
5.33406
21
-2.93293
0
LINE
8
BLACK
6
CONTINUOUS
10
5.33406
20
-2.93293
11
5.33539
21
-2.93266
0
LINE
8
BLACK
6
CONTINUOUS
10
5.33539
20
-2.93266
11
5.33671
21
-2.93231
0
LINE
8
BLACK
6
CONTINUOUS
10
5.33671
20
-2.93231
11
5.35077
21
-2.93231
0
LINE
8
BLACK
6
CONTINUOUS
10
5.35077
20
-2.93231
11
5.35208
21
-2.93266
0
LINE
8
BLACK
6
CONTINUOUS
10
5.33699
20
-2.94468
11
5.33699
21
-2.95481
0
LINE
8
BLACK
6
CONTINUOUS
10
5.33699
20
-2.95481
11
5.34937
21
-2.95481
0
LINE
8
BLACK
6
CONTINUOUS
10
5.34937
20
-2.95481
11
5.35199
21
-2.9535
0
LINE
8
BLACK
6
CONTINUOUS
10
5.35199
20
-2.9535
11
5.3533
21
-2.95088
0
LINE
8
BLACK
6
CONTINUOUS
10
5.3533
20
-2.95088
11
5.3533
21
-2.94805
0
LINE
8
BLACK
6
CONTINUOUS
10
5.3533
20
-2.94805
11
5.35199
21
-2.94543
0
LINE
8
BLACK
6
CONTINUOUS
10
5.35199
20
-2.94543
11
5.34937
21
-2.94412
0
LINE
8
BLACK
6
CONTINUOUS
10
5.34937
20
-2.94412
11
5.3381
21
-2.94412
0
LINE
8
BLACK
6
CONTINUOUS
10
5.3381
20
-2.94412
11
5.33699
21
-2.94468
0
LINE
8
BLACK
6
CONTINUOUS
10
5.473
20
-2.93266
11
5.47433
21
-2.93293
0
LINE
8
BLACK
6
CONTINUOUS
10
5.47433
20
-2.93293
11
5.47995
21
-2.93575
0
LINE
8
BLACK
6
CONTINUOUS
10
5.47995
20
-2.93575
11
5.48022
21
-2.93599
0
LINE
8
BLACK
6
CONTINUOUS
10
5.48022
20
-2.93599
11
5.48057
21
-2.9361
0
LINE
8
BLACK
6
CONTINUOUS
10
5.48057
20
-2.9361
11
5.48135
21
-2.93699
0
LINE
8
BLACK
6
CONTINUOUS
10
5.48135
20
-2.93699
11
5.48224
21
-2.93777
0
LINE
8
BLACK
6
CONTINUOUS
10
5.48224
20
-2.93777
11
5.48236
21
-2.93812
0
LINE
8
BLACK
6
CONTINUOUS
10
5.48236
20
-2.93812
11
5.4826
21
-2.93839
0
LINE
8
BLACK
6
CONTINUOUS
10
5.4826
20
-2.93839
11
5.48541
21
-2.94401
0
LINE
8
BLACK
6
CONTINUOUS
10
5.48541
20
-2.94401
11
5.48568
21
-2.94534
0
LINE
8
BLACK
6
CONTINUOUS
10
5.48568
20
-2.94534
11
5.48603
21
-2.94665
0
LINE
8
BLACK
6
CONTINUOUS
10
5.48603
20
-2.94665
11
5.48603
21
-2.96915
0
LINE
8
BLACK
6
CONTINUOUS
10
5.48603
20
-2.96915
11
5.48568
21
-2.97046
0
LINE
8
BLACK
6
CONTINUOUS
10
5.48568
20
-2.97046
11
5.48541
21
-2.97179
0
LINE
8
BLACK
6
CONTINUOUS
10
5.48541
20
-2.97179
11
5.4826
21
-2.97741
0
LINE
8
BLACK
6
CONTINUOUS
10
5.4826
20
-2.97741
11
5.48236
21
-2.97768
0
LINE
8
BLACK
6
CONTINUOUS
10
5.48236
20
-2.97768
11
5.48224
21
-2.97803
0
LINE
8
BLACK
6
CONTINUOUS
10
5.48224
20
-2.97803
11
5.48135
21
-2.97881
0
LINE
8
BLACK
6
CONTINUOUS
10
5.48135
20
-2.97881
11
5.48057
21
-2.9797
0
LINE
8
BLACK
6
CONTINUOUS
10
5.48057
20
-2.9797
11
5.48022
21
-2.97982
0
LINE
8
BLACK
6
CONTINUOUS
10
5.48022
20
-2.97982
11
5.47995
21
-2.98006
0
LINE
8
BLACK
6
CONTINUOUS
10
5.47995
20
-2.98006
11
5.47433
21
-2.98287
0
LINE
8
BLACK
6
CONTINUOUS
10
5.47433
20
-2.98287
11
5.473
21
-2.98314
0
LINE
8
BLACK
6
CONTINUOUS
10
5.473
20
-2.98314
11
5.47169
21
-2.98349
0
LINE
8
BLACK
6
CONTINUOUS
10
5.47169
20
-2.98349
11
5.46044
21
-2.98349
0
LINE
8
BLACK
6
CONTINUOUS
10
5.46044
20
-2.98349
11
5.45913
21
-2.98314
0
LINE
8
BLACK
6
CONTINUOUS
10
5.45913
20
-2.98314
11
5.4578
21
-2.98287
0
LINE
8
BLACK
6
CONTINUOUS
10
5.4578
20
-2.98287
11
5.45217
21
-2.98006
0
LINE
8
BLACK
6
CONTINUOUS
10
5.45217
20
-2.98006
11
5.4519
21
-2.97982
0
LINE
8
BLACK
6
CONTINUOUS
10
5.4519
20
-2.97982
11
5.45156
21
-2.9797
0
LINE
8
BLACK
6
CONTINUOUS
10
5.45156
20
-2.9797
11
5.45078
21
-2.97881
0
LINE
8
BLACK
6
CONTINUOUS
10
5.45078
20
-2.97881
11
5.44989
21
-2.97803
0
LINE
8
BLACK
6
CONTINUOUS
10
5.44989
20
-2.97803
11
5.44977
21
-2.97768
0
LINE
8
BLACK
6
CONTINUOUS
10
5.44977
20
-2.97768
11
5.44953
21
-2.97741
0
LINE
8
BLACK
6
CONTINUOUS
10
5.44953
20
-2.97741
11
5.44672
21
-2.97179
0
LINE
8
BLACK
6
CONTINUOUS
10
5.44672
20
-2.97179
11
5.44645
21
-2.97046
0
LINE
8
BLACK
6
CONTINUOUS
10
5.44645
20
-2.97046
11
5.4461
21
-2.96915
0
LINE
8
BLACK
6
CONTINUOUS
10
5.4461
20
-2.96915
11
5.4461
21
-2.96352
0
LINE
8
BLACK
6
CONTINUOUS
10
5.4461
20
-2.96352
11
5.44635
21
-2.96259
0
LINE
8
BLACK
6
CONTINUOUS
10
5.44635
20
-2.96259
11
5.44641
21
-2.96163
0
LINE
8
BLACK
6
CONTINUOUS
10
5.44641
20
-2.96163
11
5.44674
21
-2.96114
0
LINE
8
BLACK
6
CONTINUOUS
10
5.44674
20
-2.96114
11
5.44689
21
-2.96057
0
LINE
8
BLACK
6
CONTINUOUS
10
5.44689
20
-2.96057
11
5.44757
21
-2.95989
0
LINE
8
BLACK
6
CONTINUOUS
10
5.44757
20
-2.95989
11
5.44811
21
-2.95909
0
LINE
8
BLACK
6
CONTINUOUS
10
5.44811
20
-2.95909
11
5.44863
21
-2.95883
0
LINE
8
BLACK
6
CONTINUOUS
10
5.44863
20
-2.95883
11
5.44905
21
-2.95841
0
LINE
8
BLACK
6
CONTINUOUS
10
5.44905
20
-2.95841
11
5.44998
21
-2.95816
0
LINE
8
BLACK
6
CONTINUOUS
10
5.44998
20
-2.95816
11
5.45085
21
-2.95773
0
LINE
8
BLACK
6
CONTINUOUS
10
5.45085
20
-2.95773
11
5.47422
21
-2.95306
0
LINE
8
BLACK
6
CONTINUOUS
10
5.47422
20
-2.95306
11
5.47422
21
-2.94805
0
LINE
8
BLACK
6
CONTINUOUS
10
5.47422
20
-2.94805
11
5.47291
21
-2.94543
0
LINE
8
BLACK
6
CONTINUOUS
10
5.47291
20
-2.94543
11
5.47029
21
-2.94412
0
LINE
8
BLACK
6
CONTINUOUS
10
5.47029
20
-2.94412
11
5.46183
21
-2.94412
0
LINE
8
BLACK
6
CONTINUOUS
10
5.46183
20
-2.94412
11
5.45746
21
-2.94631
0
LINE
8
BLACK
6
CONTINUOUS
10
5.45746
20
-2.94631
11
5.45446
21
-2.94692
0
LINE
8
BLACK
6
CONTINUOUS
10
5.45446
20
-2.94692
11
5.45156
21
-2.94596
0
LINE
8
BLACK
6
CONTINUOUS
10
5.45156
20
-2.94596
11
5.44953
21
-2.94367
0
LINE
8
BLACK
6
CONTINUOUS
10
5.44953
20
-2.94367
11
5.44892
21
-2.94067
0
LINE
8
BLACK
6
CONTINUOUS
10
5.44892
20
-2.94067
11
5.44989
21
-2.93777
0
LINE
8
BLACK
6
CONTINUOUS
10
5.44989
20
-2.93777
11
5.45217
21
-2.93575
0
LINE
8
BLACK
6
CONTINUOUS
10
5.45217
20
-2.93575
11
5.4578
21
-2.93293
0
LINE
8
BLACK
6
CONTINUOUS
10
5.4578
20
-2.93293
11
5.45913
21
-2.93266
0
LINE
8
BLACK
6
CONTINUOUS
10
5.45913
20
-2.93266
11
5.46044
21
-2.93231
0
LINE
8
BLACK
6
CONTINUOUS
10
5.46044
20
-2.93231
11
5.47169
21
-2.93231
0
LINE
8
BLACK
6
CONTINUOUS
10
5.47169
20
-2.93231
11
5.473
21
-2.93266
0
LINE
8
BLACK
6
CONTINUOUS
10
5.45819
20
-2.96831
11
5.45922
21
-2.97037
0
LINE
8
BLACK
6
CONTINUOUS
10
5.45922
20
-2.97037
11
5.46183
21
-2.97168
0
LINE
8
BLACK
6
CONTINUOUS
10
5.46183
20
-2.97168
11
5.47029
21
-2.97168
0
LINE
8
BLACK
6
CONTINUOUS
10
5.47029
20
-2.97168
11
5.47291
21
-2.97037
0
LINE
8
BLACK
6
CONTINUOUS
10
5.47291
20
-2.97037
11
5.47422
21
-2.96775
0
LINE
8
BLACK
6
CONTINUOUS
10
5.47422
20
-2.96775
11
5.47422
21
-2.9651
0
LINE
8
BLACK
6
CONTINUOUS
10
5.47422
20
-2.9651
11
5.45819
21
-2.96831
0
LINE
8
BLACK
6
CONTINUOUS
10
5.56744
20
-2.9331
11
5.5696
21
-2.93526
0
LINE
8
BLACK
6
CONTINUOUS
10
5.5696
20
-2.93526
11
5.5704
21
-2.93822
0
LINE
8
BLACK
6
CONTINUOUS
10
5.5704
20
-2.93822
11
5.5704
21
-2.97759
0
LINE
8
BLACK
6
CONTINUOUS
10
5.5704
20
-2.97759
11
5.5696
21
-2.98054
0
LINE
8
BLACK
6
CONTINUOUS
10
5.5696
20
-2.98054
11
5.56744
21
-2.9827
0
LINE
8
BLACK
6
CONTINUOUS
10
5.56744
20
-2.9827
11
5.56449
21
-2.98349
0
LINE
8
BLACK
6
CONTINUOUS
10
5.56449
20
-2.98349
11
5.56154
21
-2.9827
0
LINE
8
BLACK
6
CONTINUOUS
10
5.56154
20
-2.9827
11
5.5607
21
-2.98186
0
LINE
8
BLACK
6
CONTINUOUS
10
5.5607
20
-2.98186
11
5.55869
21
-2.98287
0
LINE
8
BLACK
6
CONTINUOUS
10
5.55869
20
-2.98287
11
5.55736
21
-2.98314
0
LINE
8
BLACK
6
CONTINUOUS
10
5.55736
20
-2.98314
11
5.55605
21
-2.98349
0
LINE
8
BLACK
6
CONTINUOUS
10
5.55605
20
-2.98349
11
5.54762
21
-2.98349
0
LINE
8
BLACK
6
CONTINUOUS
10
5.54762
20
-2.98349
11
5.54631
21
-2.98314
0
LINE
8
BLACK
6
CONTINUOUS
10
5.54631
20
-2.98314
11
5.54498
21
-2.98287
0
LINE
8
BLACK
6
CONTINUOUS
10
5.54498
20
-2.98287
11
5.53935
21
-2.98006
0
LINE
8
BLACK
6
CONTINUOUS
10
5.53935
20
-2.98006
11
5.53908
21
-2.97982
0
LINE
8
BLACK
6
CONTINUOUS
10
5.53908
20
-2.97982
11
5.53874
21
-2.9797
0
LINE
8
BLACK
6
CONTINUOUS
10
5.53874
20
-2.9797
11
5.53795
21
-2.97881
0
LINE
8
BLACK
6
CONTINUOUS
10
5.53795
20
-2.97881
11
5.53706
21
-2.97803
0
LINE
8
BLACK
6
CONTINUOUS
10
5.53706
20
-2.97803
11
5.53695
21
-2.97768
0
LINE
8
BLACK
6
CONTINUOUS
10
5.53695
20
-2.97768
11
5.53671
21
-2.97741
0
LINE
8
BLACK
6
CONTINUOUS
10
5.53671
20
-2.97741
11
5.5339
21
-2.97179
0
LINE
8
BLACK
6
CONTINUOUS
10
5.5339
20
-2.97179
11
5.53363
21
-2.97046
0
LINE
8
BLACK
6
CONTINUOUS
10
5.53363
20
-2.97046
11
5.53327
21
-2.96915
0
LINE
8
BLACK
6
CONTINUOUS
10
5.53327
20
-2.96915
11
5.53327
21
-2.93822
0
LINE
8
BLACK
6
CONTINUOUS
10
5.53327
20
-2.93822
11
5.53407
21
-2.93526
0
LINE
8
BLACK
6
CONTINUOUS
10
5.53407
20
-2.93526
11
5.53623
21
-2.9331
0
LINE
8
BLACK
6
CONTINUOUS
10
5.53623
20
-2.9331
11
5.53918
21
-2.93231
0
LINE
8
BLACK
6
CONTINUOUS
10
5.53918
20
-2.93231
11
5.54213
21
-2.9331
0
LINE
8
BLACK
6
CONTINUOUS
10
5.54213
20
-2.9331
11
5.54429
21
-2.93526
0
LINE
8
BLACK
6
CONTINUOUS
10
5.54429
20
-2.93526
11
5.54509
21
-2.93822
0
LINE
8
BLACK
6
CONTINUOUS
10
5.54509
20
-2.93822
11
5.54509
21
-2.96775
0
LINE
8
BLACK
6
CONTINUOUS
10
5.54509
20
-2.96775
11
5.54639
21
-2.97037
0
LINE
8
BLACK
6
CONTINUOUS
10
5.54639
20
-2.97037
11
5.54901
21
-2.97168
0
LINE
8
BLACK
6
CONTINUOUS
10
5.54901
20
-2.97168
11
5.55466
21
-2.97168
0
LINE
8
BLACK
6
CONTINUOUS
10
5.55466
20
-2.97168
11
5.55818
21
-2.96992
0
LINE
8
BLACK
6
CONTINUOUS
10
5.55818
20
-2.96992
11
5.55858
21
-2.96951
0
LINE
8
BLACK
6
CONTINUOUS
10
5.55858
20
-2.96951
11
5.55858
21
-2.93822
0
LINE
8
BLACK
6
CONTINUOUS
10
5.55858
20
-2.93822
11
5.55938
21
-2.93526
0
LINE
8
BLACK
6
CONTINUOUS
10
5.55938
20
-2.93526
11
5.56154
21
-2.9331
0
LINE
8
BLACK
6
CONTINUOUS
10
5.56154
20
-2.9331
11
5.56449
21
-2.93231
0
LINE
8
BLACK
6
CONTINUOUS
10
5.56449
20
-2.93231
11
5.56744
21
-2.9331
0
CIRCLE
8
BLACK
10
6.60309
20
-4.65311
40
0.00688976
0
CIRCLE
8
BLACK
10
5.02671
20
-4.65311
40
0.00688976
0
CIRCLE
8
BLACK
10
6.60309
20
-3.07673
40
0.00688976
0
CIRCLE
8
BLACK
10
5.98128
20
-3.86295
40
0.00688976
0
CIRCLE
8
BLACK
10
5.02671
20
-3.07673
40
0.00688976
0
CIRCLE
8
BLACK
10
5.05978
20
-3.35114
40
0.00688976
0
CIRCLE
8
BLACK
10
5.05978
20
-3.5787
40
0.00688976
0
LINE
8
BLACK
6
CONTINUOUS
10
4.93282
20
-3.62339
11
4.93687
21
-3.62496
0
LINE
8
BLACK
6
CONTINUOUS
10
4.93687
20
-3.62496
11
4.94008
21
-3.62788
0
LINE
8
BLACK
6
CONTINUOUS
10
4.94008
20
-3.62788
11
4.94201
21
-3.63177
0
LINE
8
BLACK
6
CONTINUOUS
10
4.94201
20
-3.63177
11
4.94241
21
-3.63609
0
LINE
8
BLACK
6
CONTINUOUS
10
4.94241
20
-3.63609
11
4.94122
21
-3.64026
0
LINE
8
BLACK
6
CONTINUOUS
10
4.94122
20
-3.64026
11
4.93861
21
-3.64373
0
LINE
8
BLACK
6
CONTINUOUS
10
4.93861
20
-3.64373
11
4.93492
21
-3.64601
0
LINE
8
BLACK
6
CONTINUOUS
10
4.93492
20
-3.64601
11
4.93065
21
-3.64681
0
LINE
8
BLACK
6
CONTINUOUS
10
4.93065
20
-3.64681
11
4.89915
21
-3.64681
0
LINE
8
BLACK
6
CONTINUOUS
10
4.89915
20
-3.64681
11
4.89698
21
-3.64661
0
LINE
8
BLACK
6
CONTINUOUS
10
4.89698
20
-3.64661
11
4.89294
21
-3.64504
0
LINE
8
BLACK
6
CONTINUOUS
10
4.89294
20
-3.64504
11
4.88973
21
-3.64212
0
LINE
8
BLACK
6
CONTINUOUS
10
4.88973
20
-3.64212
11
4.88779
21
-3.63823
0
LINE
8
BLACK
6
CONTINUOUS
10
4.88779
20
-3.63823
11
4.88739
21
-3.63391
0
LINE
8
BLACK
6
CONTINUOUS
10
4.88739
20
-3.63391
11
4.88858
21
-3.62974
0
LINE
8
BLACK
6
CONTINUOUS
10
4.88858
20
-3.62974
11
4.8912
21
-3.62627
0
LINE
8
BLACK
6
CONTINUOUS
10
4.8912
20
-3.62627
11
4.89489
21
-3.62399
0
LINE
8
BLACK
6
CONTINUOUS
10
4.89489
20
-3.62399
11
4.89915
21
-3.62319
0
LINE
8
BLACK
6
CONTINUOUS
10
4.89915
20
-3.62319
11
4.93065
21
-3.62319
0
LINE
8
BLACK
6
CONTINUOUS
10
4.93065
20
-3.62319
11
4.93282
21
-3.62339
0
LINE
8
BLACK
6
CONTINUOUS
10
4.93282
20
-3.28323
11
4.93687
21
-3.2848
0
LINE
8
BLACK
6
CONTINUOUS
10
4.93687
20
-3.2848
11
4.94008
21
-3.28772
0
LINE
8
BLACK
6
CONTINUOUS
10
4.94008
20
-3.28772
11
4.94201
21
-3.29161
0
LINE
8
BLACK
6
CONTINUOUS
10
4.94201
20
-3.29161
11
4.94241
21
-3.29593
0
LINE
8
BLACK
6
CONTINUOUS
10
4.94241
20
-3.29593
11
4.94122
21
-3.30011
0
LINE
8
BLACK
6
CONTINUOUS
10
4.94122
20
-3.30011
11
4.93861
21
-3.30357
0
LINE
8
BLACK
6
CONTINUOUS
10
4.93861
20
-3.30357
11
4.93492
21
-3.30586
0
LINE
8
BLACK
6
CONTINUOUS
10
4.93492
20
-3.30586
11
4.93065
21
-3.30665
0
LINE
8
BLACK
6
CONTINUOUS
10
4.93065
20
-3.30665
11
4.89915
21
-3.30665
0
LINE
8
BLACK
6
CONTINUOUS
10
4.89915
20
-3.30665
11
4.89698
21
-3.30645
0
LINE
8
BLACK
6
CONTINUOUS
10
4.89698
20
-3.30645
11
4.89294
21
-3.30488
0
LINE
8
BLACK
6
CONTINUOUS
10
4.89294
20
-3.30488
11
4.88973
21
-3.30196
0
LINE
8
BLACK
6
CONTINUOUS
10
4.88973
20
-3.30196
11
4.88779
21
-3.29807
0
LINE
8
BLACK
6
CONTINUOUS
10
4.88779
20
-3.29807
11
4.88739
21
-3.29375
0
LINE
8
BLACK
6
CONTINUOUS
10
4.88739
20
-3.29375
11
4.88858
21
-3.28958
0
LINE
8
BLACK
6
CONTINUOUS
10
4.88858
20
-3.28958
11
4.8912
21
-3.28611
0
LINE
8
BLACK
6
CONTINUOUS
10
4.8912
20
-3.28611
11
4.89489
21
-3.28383
0
LINE
8
BLACK
6
CONTINUOUS
10
4.89489
20
-3.28383
11
4.89915
21
-3.28303
0
LINE
8
BLACK
6
CONTINUOUS
10
4.89915
20
-3.28303
11
4.93065
21
-3.28303
0
LINE
8
BLACK
6
CONTINUOUS
10
4.93065
20
-3.28303
11
4.93282
21
-3.28323
0
LINE
8
BLACK
6
CONTINUOUS
10
5.10329
20
-3.62339
11
5.10734
21
-3.62496
0
LINE
8
BLACK
6
CONTINUOUS
10
5.10734
20
-3.62496
11
5.11055
21
-3.62788
0
LINE
8
BLACK
6
CONTINUOUS
10
5.11055
20
-3.62788
11
5.11248
21
-3.63177
0
LINE
8
BLACK
6
CONTINUOUS
10
5.11248
20
-3.63177
11
5.11288
21
-3.63609
0
LINE
8
BLACK
6
CONTINUOUS
10
5.11288
20
-3.63609
11
5.11169
21
-3.64026
0
LINE
8
BLACK
6
CONTINUOUS
10
5.11169
20
-3.64026
11
5.10908
21
-3.64373
0
LINE
8
BLACK
6
CONTINUOUS
10
5.10908
20
-3.64373
11
5.10539
21
-3.64601
0
LINE
8
BLACK
6
CONTINUOUS
10
5.10539
20
-3.64601
11
5.10112
21
-3.64681
0
LINE
8
BLACK
6
CONTINUOUS
10
5.10112
20
-3.64681
11
5.05781
21
-3.64681
0
LINE
8
BLACK
6
CONTINUOUS
10
5.05781
20
-3.64681
11
5.05564
21
-3.64661
0
LINE
8
BLACK
6
CONTINUOUS
10
5.05564
20
-3.64661
11
5.0516
21
-3.64504
0
LINE
8
BLACK
6
CONTINUOUS
10
5.0516
20
-3.64504
11
5.04839
21
-3.64212
0
LINE
8
BLACK
6
CONTINUOUS
10
5.04839
20
-3.64212
11
5.04645
21
-3.63823
0
LINE
8
BLACK
6
CONTINUOUS
10
5.04645
20
-3.63823
11
5.04605
21
-3.63391
0
LINE
8
BLACK
6
CONTINUOUS
10
5.04605
20
-3.63391
11
5.04724
21
-3.62974
0
LINE
8
BLACK
6
CONTINUOUS
10
5.04724
20
-3.62974
11
5.04986
21
-3.62627
0
LINE
8
BLACK
6
CONTINUOUS
10
5.04986
20
-3.62627
11
5.05355
21
-3.62399
0
LINE
8
BLACK
6
CONTINUOUS
10
5.05355
20
-3.62399
11
5.05781
21
-3.62319
0
LINE
8
BLACK
6
CONTINUOUS
10
5.05781
20
-3.62319
11
5.10112
21
-3.62319
0
LINE
8
BLACK
6
CONTINUOUS
10
5.10112
20
-3.62319
11
5.10329
21
-3.62339
0
LINE
8
BLACK
6
CONTINUOUS
10
5.10329
20
-3.28323
11
5.10734
21
-3.2848
0
LINE
8
BLACK
6
CONTINUOUS
10
5.10734
20
-3.2848
11
5.11055
21
-3.28772
0
LINE
8
BLACK
6
CONTINUOUS
10
5.11055
20
-3.28772
11
5.11248
21
-3.29161
0
LINE
8
BLACK
6
CONTINUOUS
10
5.11248
20
-3.29161
11
5.11288
21
-3.29593
0
LINE
8
BLACK
6
CONTINUOUS
10
5.11288
20
-3.29593
11
5.11169
21
-3.30011
0
LINE
8
BLACK
6
CONTINUOUS
10
5.11169
20
-3.30011
11
5.10908
21
-3.30357
0
LINE
8
BLACK
6
CONTINUOUS
10
5.10908
20
-3.30357
11
5.10539
21
-3.30586
0
LINE
8
BLACK
6
CONTINUOUS
10
5.10539
20
-3.30586
11
5.10112
21
-3.30665
0
LINE
8
BLACK
6
CONTINUOUS
10
5.10112
20
-3.30665
11
5.05781
21
-3.30665
0
LINE
8
BLACK
6
CONTINUOUS
10
5.05781
20
-3.30665
11
5.05564
21
-3.30645
0
LINE
8
BLACK
6
CONTINUOUS
10
5.05564
20
-3.30645
11
5.0516
21
-3.30488
0
LINE
8
BLACK
6
CONTINUOUS
10
5.0516
20
-3.30488
11
5.04839
21
-3.30196
0
LINE
8
BLACK
6
CONTINUOUS
10
5.04839
20
-3.30196
11
5.04645
21
-3.29807
0
LINE
8
BLACK
6
CONTINUOUS
10
5.04645
20
-3.29807
11
5.04605
21
-3.29375
0
LINE
8
BLACK
6
CONTINUOUS
10
5.04605
20
-3.29375
11
5.04724
21
-3.28958
0
LINE
8
BLACK
6
CONTINUOUS
10
5.04724
20
-3.28958
11
5.04986
21
-3.28611
0
LINE
8
BLACK
6
CONTINUOUS
10
5.04986
20
-3.28611
11
5.05355
21
-3.28383
0
LINE
8
BLACK
6
CONTINUOUS
10
5.05355
20
-3.28383
11
5.05781
21
-3.28303
0
LINE
8
BLACK
6
CONTINUOUS
10
5.05781
20
-3.28303
11
5.10112
21
-3.28303
0
LINE
8
BLACK
6
CONTINUOUS
10
5.10112
20
-3.28303
11
5.10329
21
-3.28323
0
CIRCLE
8
BLACK
10
6.63616
20
-3.76992
40
0.00688976
0
CIRCLE
8
BLACK
10
6.63616
20
-3.63492
40
0.00688976
0
CIRCLE
8
BLACK
10
6.63616
20
-3.49992
40
0.00688976
0
CIRCLE
8
BLACK
10
6.63616
20
-3.36307
40
0.00688976
0
CIRCLE
8
BLACK
10
4.96864
20
-3.73992
40
0.00688976
  0
ENDSEC
  0
EOF
