  0
SECTION
  2
HEADER
  9
$ANGBASE
  50
0.0
  9
$ANGDIR
  70
1
  9
$MEASUREMENT
  70
0
  0
ENDSEC
  0
SECTION
  2
TABLES
  0
TABLE
  2
LTYPE
  70
4
  0
LTYPE
  5
40F
  2
CONTINUOUS
  70
0
  3
Solid line
  72
65
  73
0
  40
0.0
  0
LTYPE
  5
410
  2
DASHDOT
 70
0
  3
Dash Dot ____ _ ____ _
 72
65
 73
4
 40
2.0
 49
1.25
 49
-0.25
 49
0.25
 49
-0.25
  0
LTYPE
  5
411
  2
DASHED
 70
0
  3
Dashed __ __ __ __ __
 72
65
 73
2
 40
0.75
 49
0.5
 49
-0.25
  0
LTYPE
  5
43B
  2
DOTTED
 70
0
  3
Dotted .  .  .  .
 72
65
 73
2
 40
0.2
 49
0.0
 49
-0.2
  0
ENDTAB
  0
TABLE
  2
STYLE
  70
4
  0
STYLE
  2
KICAD
  70
0
  40
0
  41
1
  42
1
  50
0
  71
0
  3
isocp.shx
  0
STYLE
  2
KICADB
  70
0
  40
0
  41
1
  42
1
  50
0
  71
0
  3
isocp.shx
  0
STYLE
  2
KICADI
  70
0
  40
0
  41
1
  42
1
  50
15
  71
0
  3
isocp.shx
  0
STYLE
  2
KICADBI
  70
0
  40
0
  41
1
  42
1
  50
15
  71
0
  3
isocp.shx
  0
ENDTAB
  0
TABLE
  2
LAYER
  70
1
  0
LAYER
  2
BLACK
  70
0
  62
7
  6
CONTINUOUS
  0
ENDTAB
  0
ENDSEC
  0
SECTION
  2
ENTITIES
0
LINE
8
BLACK
6
CONTINUOUS
10
4.8129407086614169
20
-4.887632519685039
11
4.8130905511811024
21
-4.8883858267716533
0
LINE
8
BLACK
6
CONTINUOUS
10
4.8130905511811024
20
-4.8883858267716533
11
4.8130905511811024
21
-5.0054567716535434
0
LINE
8
BLACK
6
CONTINUOUS
10
4.8130905511811024
20
-5.0054567716535434
11
4.8545636220472437
21
-4.9838672834645665
0
LINE
8
BLACK
6
CONTINUOUS
10
4.8545636220472437
20
-4.9838672834645665
11
4.8553010236220473
21
-4.9836523228346454
0
LINE
8
BLACK
6
CONTINUOUS
10
4.8553010236220473
20
-4.9836523228346454
11
4.8567379133858264
21
-4.9841053937007871
0
LINE
8
BLACK
6
CONTINUOUS
10
4.8567379133858264
20
-4.9841053937007871
11
4.8574335826771655
21
-4.9854417716535435
0
LINE
8
BLACK
6
CONTINUOUS
10
4.8574335826771655
20
-4.9854417716535435
11
4.8569805511811026
21
-4.9868787007874014
0
LINE
8
BLACK
6
CONTINUOUS
10
4.8569805511811026
20
-4.9868787007874014
11
4.8563815354330711
21
-4.9873594488188973
0
LINE
8
BLACK
6
CONTINUOUS
10
4.8563815354330711
20
-4.9873594488188973
11
4.8191666929133854
21
-5.0067322834645669
0
LINE
8
BLACK
6
CONTINUOUS
10
4.8191666929133854
20
-5.0067322834645669
11
6.8106364960629922
21
-5.0067322834645669
0
LINE
8
BLACK
6
CONTINUOUS
10
6.8106364960629922
20
-5.0067322834645669
11
6.7734216141732286
21
-4.9873594488188973
0
LINE
8
BLACK
6
CONTINUOUS
10
6.7734216141732286
20
-4.9873594488188973
11
6.7728225984251971
21
-4.9868786614173226
0
LINE
8
BLACK
6
CONTINUOUS
10
6.7728225984251971
20
-4.9868786614173226
11
6.7723695275590545
21
-4.9854417716535435
0
LINE
8
BLACK
6
CONTINUOUS
10
6.7723695275590545
20
-4.9854417716535435
11
6.7730652362204724
21
-4.9841053937007871
0
LINE
8
BLACK
6
CONTINUOUS
10
6.7730652362204724
20
-4.9841053937007871
11
6.7745021259842515
21
-4.9836523228346454
0
LINE
8
BLACK
6
CONTINUOUS
10
6.7745021259842515
20
-4.9836523228346454
11
6.7752394881889764
21
-4.9838672440944878
0
LINE
8
BLACK
6
CONTINUOUS
10
6.7752394881889764
20
-4.9838672440944878
11
6.8167125984251964
21
-5.0054567716535434
0
LINE
8
BLACK
6
CONTINUOUS
10
6.8167125984251964
20
-5.0054567716535434
11
6.8167125984251964
21
-4.8883858267716533
0
LINE
8
BLACK
6
CONTINUOUS
10
6.8167125984251964
20
-4.8883858267716533
11
6.8168624409448819
21
-4.887632519685039
0
LINE
8
BLACK
6
CONTINUOUS
10
6.8168624409448819
20
-4.887632519685039
11
6.8179277952755903
21
-4.8865671653543306
0
LINE
8
BLACK
6
CONTINUOUS
10
6.8179277952755903
20
-4.8865671653543306
11
6.8194344094488191
21
-4.8865671653543306
0
LINE
8
BLACK
6
CONTINUOUS
10
6.8194344094488191
20
-4.8865671653543306
11
6.8204997637795275
21
-4.887632519685039
0
LINE
8
BLACK
6
CONTINUOUS
10
6.8204997637795275
20
-4.887632519685039
11
6.8206496062992121
21
-4.8883858267716533
0
LINE
8
BLACK
6
CONTINUOUS
10
6.8206496062992121
20
-4.8883858267716533
11
6.8206496062992121
21
-5.0317881889763783
0
LINE
8
BLACK
6
CONTINUOUS
10
6.8206496062992121
20
-5.0317881889763783
11
6.8204997637795275
21
-5.0325414960629917
0
LINE
8
BLACK
6
CONTINUOUS
10
6.8204997637795275
20
-5.0325414960629917
11
6.8194344094488191
21
-5.033606850393701
0
LINE
8
BLACK
6
CONTINUOUS
10
6.8194344094488191
20
-5.033606850393701
11
6.8179277952755903
21
-5.033606850393701
0
LINE
8
BLACK
6
CONTINUOUS
10
6.8179277952755903
20
-5.033606850393701
11
6.8168624409448819
21
-5.0325414960629917
0
LINE
8
BLACK
6
CONTINUOUS
10
6.8168624409448819
20
-5.0325414960629917
11
6.8167125984251964
21
-5.0317881889763783
0
LINE
8
BLACK
6
CONTINUOUS
10
6.8167125984251964
20
-5.0317881889763783
11
6.8167125984251964
21
-5.0119447637795274
0
LINE
8
BLACK
6
CONTINUOUS
10
6.8167125984251964
20
-5.0119447637795274
11
6.7752394881889764
21
-5.0335343307086617
0
LINE
8
BLACK
6
CONTINUOUS
10
6.7752394881889764
20
-5.0335343307086617
11
6.7745021259842515
21
-5.0337492519685041
0
LINE
8
BLACK
6
CONTINUOUS
10
6.7745021259842515
20
-5.0337492519685041
11
6.7730652362204724
21
-5.0332961811023624
0
LINE
8
BLACK
6
CONTINUOUS
10
6.7730652362204724
20
-5.0332961811023624
11
6.7723695275590545
21
-5.031959803149606
0
LINE
8
BLACK
6
CONTINUOUS
10
6.7723695275590545
20
-5.031959803149606
11
6.7728225984251971
21
-5.0305229133858269
0
LINE
8
BLACK
6
CONTINUOUS
10
6.7728225984251971
20
-5.0305229133858269
11
6.7734216141732286
21
-5.0300421259842523
0
LINE
8
BLACK
6
CONTINUOUS
10
6.7734216141732286
20
-5.0300421259842523
11
6.8106364960629922
21
-5.0106692913385826
0
LINE
8
BLACK
6
CONTINUOUS
10
6.8106364960629922
20
-5.0106692913385826
11
4.8191666929133854
21
-5.0106692913385826
0
LINE
8
BLACK
6
CONTINUOUS
10
4.8191666929133854
20
-5.0106692913385826
11
4.8563815354330711
21
-5.0300421259842523
0
LINE
8
BLACK
6
CONTINUOUS
10
4.8563815354330711
20
-5.0300421259842523
11
4.8569805511811026
21
-5.0305228740157482
0
LINE
8
BLACK
6
CONTINUOUS
10
4.8569805511811026
20
-5.0305228740157482
11
4.8574335826771655
21
-5.031959803149606
0
LINE
8
BLACK
6
CONTINUOUS
10
4.8574335826771655
20
-5.031959803149606
11
4.8567379133858264
21
-5.0332961811023624
0
LINE
8
BLACK
6
CONTINUOUS
10
4.8567379133858264
20
-5.0332961811023624
11
4.8553010236220473
21
-5.0337492519685041
0
LINE
8
BLACK
6
CONTINUOUS
10
4.8553010236220473
20
-5.0337492519685041
11
4.8545636220472437
21
-5.033534291338583
0
LINE
8
BLACK
6
CONTINUOUS
10
4.8545636220472437
20
-5.033534291338583
11
4.8130905511811024
21
-5.0119447637795274
0
LINE
8
BLACK
6
CONTINUOUS
10
4.8130905511811024
20
-5.0119447637795274
11
4.8130905511811024
21
-5.0317881889763783
0
LINE
8
BLACK
6
CONTINUOUS
10
4.8130905511811024
20
-5.0317881889763783
11
4.8129407086614169
21
-5.0325414960629917
0
LINE
8
BLACK
6
CONTINUOUS
10
4.8129407086614169
20
-5.0325414960629917
11
4.8118753543307085
21
-5.033606850393701
0
LINE
8
BLACK
6
CONTINUOUS
10
4.8118753543307085
20
-5.033606850393701
11
4.8103687401574806
21
-5.033606850393701
0
LINE
8
BLACK
6
CONTINUOUS
10
4.8103687401574806
20
-5.033606850393701
11
4.8093033858267713
21
-5.0325414960629917
0
LINE
8
BLACK
6
CONTINUOUS
10
4.8093033858267713
20
-5.0325414960629917
11
4.8091535433070867
21
-5.0317881889763783
0
LINE
8
BLACK
6
CONTINUOUS
10
4.8091535433070867
20
-5.0317881889763783
11
4.8091535433070867
21
-4.8883858267716533
0
LINE
8
BLACK
6
CONTINUOUS
10
4.8091535433070867
20
-4.8883858267716533
11
4.8093033858267713
21
-4.887632519685039
0
LINE
8
BLACK
6
CONTINUOUS
10
4.8093033858267713
20
-4.887632519685039
11
4.8103687401574806
21
-4.8865671653543306
0
LINE
8
BLACK
6
CONTINUOUS
10
4.8103687401574806
20
-4.8865671653543306
11
4.8118753543307085
21
-4.8865671653543306
0
LINE
8
BLACK
6
CONTINUOUS
10
4.8118753543307085
20
-4.8865671653543306
11
4.8129407086614169
21
-4.887632519685039
0
LINE
8
BLACK
6
CONTINUOUS
10
5.7104907480314964
20
-4.9390653543307081
11
5.7115551574803147
21
-4.9395062598425197
0
LINE
8
BLACK
6
CONTINUOUS
10
5.7115551574803147
20
-4.9395062598425197
11
5.7123698031496062
21
-4.9403209055118111
0
LINE
8
BLACK
6
CONTINUOUS
10
5.7123698031496062
20
-4.9403209055118111
11
5.7128107086614168
21
-4.9413853149606295
0
LINE
8
BLACK
6
CONTINUOUS
10
5.7128107086614168
20
-4.9413853149606295
11
5.7128107086614168
21
-4.9425374409448821
0
LINE
8
BLACK
6
CONTINUOUS
10
5.7128107086614168
20
-4.9425374409448821
11
5.7123698031496062
21
-4.9436018503937005
0
LINE
8
BLACK
6
CONTINUOUS
10
5.7123698031496062
20
-4.9436018503937005
11
5.7115551574803147
21
-4.9444164960629919
0
LINE
8
BLACK
6
CONTINUOUS
10
5.7115551574803147
20
-4.9444164960629919
11
5.7104907480314964
21
-4.9448574015748035
0
LINE
8
BLACK
6
CONTINUOUS
10
5.7104907480314964
20
-4.9448574015748035
11
5.7099146850393696
21
-4.9449141338582674
0
LINE
8
BLACK
6
CONTINUOUS
10
5.7099146850393696
20
-4.9449141338582674
11
5.6938392519685035
21
-4.9449141338582674
0
LINE
8
BLACK
6
CONTINUOUS
10
5.6938392519685035
20
-4.9449141338582674
11
5.6928621259842522
21
-4.9546853937007871
0
LINE
8
BLACK
6
CONTINUOUS
10
5.6928621259842522
20
-4.9546853937007871
11
5.6935960629921256
21
-4.9543184645669287
0
LINE
8
BLACK
6
CONTINUOUS
10
5.6935960629921256
20
-4.9543184645669287
11
5.6941366535433069
21
-4.9541115748031492
0
LINE
8
BLACK
6
CONTINUOUS
10
5.6941366535433069
20
-4.9541115748031492
11
5.694242519685039
21
-4.9541040157480314
0
LINE
8
BLACK
6
CONTINUOUS
10
5.694242519685039
20
-4.9541040157480314
11
5.6943405118110233
21
-4.9540634645669286
0
LINE
8
BLACK
6
CONTINUOUS
10
5.6943405118110233
20
-4.9540634645669286
11
5.6949165748031492
21
-4.9540067322834647
0
LINE
8
BLACK
6
CONTINUOUS
10
5.6949165748031492
20
-4.9540067322834647
11
5.7042903937007869
21
-4.9540067322834647
0
LINE
8
BLACK
6
CONTINUOUS
10
5.7042903937007869
20
-4.9540067322834647
11
5.7048664566929128
21
-4.9540634645669286
0
LINE
8
BLACK
6
CONTINUOUS
10
5.7048664566929128
20
-4.9540634645669286
11
5.7049644488188971
21
-4.9541040551181101
0
LINE
8
BLACK
6
CONTINUOUS
10
5.7049644488188971
20
-4.9541040551181101
11
5.7050702755905514
21
-4.9541115748031492
0
LINE
8
BLACK
6
CONTINUOUS
10
5.7050702755905514
20
-4.9541115748031492
11
5.7056109055118105
21
-4.9543184645669287
0
LINE
8
BLACK
6
CONTINUOUS
10
5.7056109055118105
20
-4.9543184645669287
11
5.7093604330708656
21
-4.9561932283464563
0
LINE
8
BLACK
6
CONTINUOUS
10
5.7093604330708656
20
-4.9561932283464563
11
5.7096084251968504
21
-4.9563492913385829
0
LINE
8
BLACK
6
CONTINUOUS
10
5.7096084251968504
20
-4.9563492913385829
11
5.7096803937007872
21
-4.9563791338582677
0
LINE
8
BLACK
6
CONTINUOUS
10
5.7096803937007872
20
-4.9563791338582677
11
5.7097613385826769
21
-4.9564455905511808
0
LINE
8
BLACK
6
CONTINUOUS
10
5.7097613385826769
20
-4.9564455905511808
11
5.7098503149606294
21
-4.9565015748031493
0
LINE
8
BLACK
6
CONTINUOUS
10
5.7098503149606294
20
-4.9565015748031493
11
5.7099014566929132
21
-4.9565605511811022
0
LINE
8
BLACK
6
CONTINUOUS
10
5.7099014566929132
20
-4.9565605511811022
11
5.710127834645669
21
-4.9567463385826773
0
LINE
8
BLACK
6
CONTINUOUS
10
5.710127834645669
20
-4.9567463385826773
11
5.7120025984251965
21
-4.9586211023622049
0
LINE
8
BLACK
6
CONTINUOUS
10
5.7120025984251965
20
-4.9586211023622049
11
5.7121883464566929
21
-4.9588474409448819
0
LINE
8
BLACK
6
CONTINUOUS
10
5.7121883464566929
20
-4.9588474409448819
11
5.7122473622047245
21
-4.9588986220472444
0
LINE
8
BLACK
6
CONTINUOUS
10
5.7122473622047245
20
-4.9588986220472444
11
5.7123033070866143
21
-4.9589875590551182
0
LINE
8
BLACK
6
CONTINUOUS
10
5.7123033070866143
20
-4.9589875590551182
11
5.7123698031496062
21
-4.9590685433070867
0
LINE
8
BLACK
6
CONTINUOUS
10
5.7123698031496062
20
-4.9590685433070867
11
5.7123996062992122
21
-4.9591404724409447
0
LINE
8
BLACK
6
CONTINUOUS
10
5.7123996062992122
20
-4.9591404724409447
11
5.7125557086614176
21
-4.9593885039370074
0
LINE
8
BLACK
6
CONTINUOUS
10
5.7125557086614176
20
-4.9593885039370074
11
5.7144304724409452
21
-4.9631380314960625
0
LINE
8
BLACK
6
CONTINUOUS
10
5.7144304724409452
20
-4.9631380314960625
11
5.7146373622047246
21
-4.9636786220472437
0
LINE
8
BLACK
6
CONTINUOUS
10
5.7146373622047246
20
-4.9636786220472437
11
5.7146448818897637
21
-4.9637844881889759
0
LINE
8
BLACK
6
CONTINUOUS
10
5.7146448818897637
20
-4.9637844881889759
11
5.7146854724409444
21
-4.9638824803149602
0
LINE
8
BLACK
6
CONTINUOUS
10
5.7146854724409444
20
-4.9638824803149602
11
5.7147422047244092
21
-4.9644585433070869
0
LINE
8
BLACK
6
CONTINUOUS
10
5.7147422047244092
20
-4.9644585433070869
11
5.7147422047244092
21
-4.9738323622047247
0
LINE
8
BLACK
6
CONTINUOUS
10
5.7147422047244092
20
-4.9738323622047247
11
5.7146854724409444
21
-4.9744084251968506
0
LINE
8
BLACK
6
CONTINUOUS
10
5.7146854724409444
20
-4.9744084251968506
11
5.7146448818897637
21
-4.9745063779527561
0
LINE
8
BLACK
6
CONTINUOUS
10
5.7146448818897637
20
-4.9745063779527561
11
5.7146373622047246
21
-4.974612283464567
0
LINE
8
BLACK
6
CONTINUOUS
10
5.7146373622047246
20
-4.974612283464567
11
5.7144304724409452
21
-4.9751528740157482
0
LINE
8
BLACK
6
CONTINUOUS
10
5.7144304724409452
20
-4.9751528740157482
11
5.7125557086614176
21
-4.9789024015748033
0
LINE
8
BLACK
6
CONTINUOUS
10
5.7125557086614176
20
-4.9789024015748033
11
5.7123996456692909
21
-4.979150275590551
0
LINE
8
BLACK
6
CONTINUOUS
10
5.7123996456692909
20
-4.979150275590551
11
5.7123698425196849
21
-4.9792223228346453
0
LINE
8
BLACK
6
CONTINUOUS
10
5.7123698425196849
20
-4.9792223228346453
11
5.7123033070866143
21
-4.9793033464566925
0
LINE
8
BLACK
6
CONTINUOUS
10
5.7123033070866143
20
-4.9793033464566925
11
5.7122473622047245
21
-4.9793922834645672
0
LINE
8
BLACK
6
CONTINUOUS
10
5.7122473622047245
20
-4.9793922834645672
11
5.7121883464566929
21
-4.97944342519685
0
LINE
8
BLACK
6
CONTINUOUS
10
5.7121883464566929
20
-4.97944342519685
11
5.7120025984251965
21
-4.9796698031496058
0
LINE
8
BLACK
6
CONTINUOUS
10
5.7120025984251965
20
-4.9796698031496058
11
5.7101278740157477
21
-4.9815445669291334
0
LINE
8
BLACK
6
CONTINUOUS
10
5.7101278740157477
20
-4.9815445669291334
11
5.7099014960629919
21
-4.9817303149606298
0
LINE
8
BLACK
6
CONTINUOUS
10
5.7099014960629919
20
-4.9817303149606298
11
5.7098503149606294
21
-4.9817893700787401
0
LINE
8
BLACK
6
CONTINUOUS
10
5.7098503149606294
20
-4.9817893700787401
11
5.7097613385826769
21
-4.9818453543307086
0
LINE
8
BLACK
6
CONTINUOUS
10
5.7097613385826769
20
-4.9818453543307086
11
5.7096803937007872
21
-4.9819118110236218
0
LINE
8
BLACK
6
CONTINUOUS
10
5.7096803937007872
20
-4.9819118110236218
11
5.7096084251968504
21
-4.9819416141732287
0
LINE
8
BLACK
6
CONTINUOUS
10
5.7096084251968504
20
-4.9819416141732287
11
5.7093604330708656
21
-4.9820977165354332
0
LINE
8
BLACK
6
CONTINUOUS
10
5.7093604330708656
20
-4.9820977165354332
11
5.7056109055118105
21
-4.9839724803149608
0
LINE
8
BLACK
6
CONTINUOUS
10
5.7056109055118105
20
-4.9839724803149608
11
5.7050702755905514
21
-4.9841793700787402
0
LINE
8
BLACK
6
CONTINUOUS
10
5.7050702755905514
20
-4.9841793700787402
11
5.7049644488188971
21
-4.9841868503937006
0
LINE
8
BLACK
6
CONTINUOUS
10
5.7049644488188971
20
-4.9841868503937006
11
5.7048664566929128
21
-4.9842274803149609
0
LINE
8
BLACK
6
CONTINUOUS
10
5.7048664566929128
20
-4.9842274803149609
11
5.7042903937007869
21
-4.9842842125984248
0
LINE
8
BLACK
6
CONTINUOUS
10
5.7042903937007869
20
-4.9842842125984248
11
5.6949165748031492
21
-4.9842842125984248
0
LINE
8
BLACK
6
CONTINUOUS
10
5.6949165748031492
20
-4.9842842125984248
11
5.6943405118110233
21
-4.9842274803149609
0
LINE
8
BLACK
6
CONTINUOUS
10
5.6943405118110233
20
-4.9842274803149609
11
5.694242519685039
21
-4.9841868897637793
0
LINE
8
BLACK
6
CONTINUOUS
10
5.694242519685039
20
-4.9841868897637793
11
5.6941366535433069
21
-4.9841793700787402
0
LINE
8
BLACK
6
CONTINUOUS
10
5.6941366535433069
20
-4.9841793700787402
11
5.6935960629921256
21
-4.9839724803149608
0
LINE
8
BLACK
6
CONTINUOUS
10
5.6935960629921256
20
-4.9839724803149608
11
5.6898465354330705
21
-4.9820977165354332
0
LINE
8
BLACK
6
CONTINUOUS
10
5.6898465354330705
20
-4.9820977165354332
11
5.6895985039370078
21
-4.9819416141732287
0
LINE
8
BLACK
6
CONTINUOUS
10
5.6895985039370078
20
-4.9819416141732287
11
5.6895265748031498
21
-4.9819118110236218
0
LINE
8
BLACK
6
CONTINUOUS
10
5.6895265748031498
20
-4.9819118110236218
11
5.6894455905511814
21
-4.9818453543307086
0
LINE
8
BLACK
6
CONTINUOUS
10
5.6894455905511814
20
-4.9818453543307086
11
5.6893566535433067
21
-4.9817893700787401
0
LINE
8
BLACK
6
CONTINUOUS
10
5.6893566535433067
20
-4.9817893700787401
11
5.6893054330708663
21
-4.9817303149606298
0
LINE
8
BLACK
6
CONTINUOUS
10
5.6893054330708663
20
-4.9817303149606298
11
5.6890790944881893
21
-4.9815445669291334
0
LINE
8
BLACK
6
CONTINUOUS
10
5.6890790944881893
20
-4.9815445669291334
11
5.6872043307086617
21
-4.9796697637795271
0
LINE
8
BLACK
6
CONTINUOUS
10
5.6872043307086617
20
-4.9796697637795271
11
5.6868371259842521
21
-4.9792223228346453
0
LINE
8
BLACK
6
CONTINUOUS
10
5.6868371259842521
20
-4.9792223228346453
11
5.6863962598425193
21
-4.9781579133858269
0
LINE
8
BLACK
6
CONTINUOUS
10
5.6863962598425193
20
-4.9781579133858269
11
5.6863962598425193
21
-4.977005826771653
0
LINE
8
BLACK
6
CONTINUOUS
10
5.6863962598425193
20
-4.977005826771653
11
5.6868371653543308
21
-4.9759414173228347
0
LINE
8
BLACK
6
CONTINUOUS
10
5.6868371653543308
20
-4.9759414173228347
11
5.687651850393701
21
-4.9751267322834645
0
LINE
8
BLACK
6
CONTINUOUS
10
5.687651850393701
20
-4.9751267322834645
11
5.6887162598425194
21
-4.9746858661417326
0
LINE
8
BLACK
6
CONTINUOUS
10
5.6887162598425194
20
-4.9746858661417326
11
5.6898683464566924
21
-4.9746858661417326
0
LINE
8
BLACK
6
CONTINUOUS
10
5.6898683464566924
20
-4.9746858661417326
11
5.6909327559055116
21
-4.9751267716535432
0
LINE
8
BLACK
6
CONTINUOUS
10
5.6909327559055116
20
-4.9751267716535432
11
5.6913802362204722
21
-4.9754940157480316
0
LINE
8
BLACK
6
CONTINUOUS
10
5.6913802362204722
20
-4.9754940157480316
11
5.6929161417322831
21
-4.9770299606299213
0
LINE
8
BLACK
6
CONTINUOUS
10
5.6929161417322831
20
-4.9770299606299213
11
5.6956136220472438
21
-4.9783787007874016
0
LINE
8
BLACK
6
CONTINUOUS
10
5.6956136220472438
20
-4.9783787007874016
11
5.7035933464566924
21
-4.9783787007874016
0
LINE
8
BLACK
6
CONTINUOUS
10
5.7035933464566924
20
-4.9783787007874016
11
5.7062907874015742
21
-4.9770299606299213
0
LINE
8
BLACK
6
CONTINUOUS
10
5.7062907874015742
20
-4.9770299606299213
11
5.7074879133858269
21
-4.9758327952755907
0
LINE
8
BLACK
6
CONTINUOUS
10
5.7074879133858269
20
-4.9758327952755907
11
5.708836692913386
21
-4.9731353149606301
0
LINE
8
BLACK
6
CONTINUOUS
10
5.708836692913386
20
-4.9731353149606301
11
5.708836692913386
21
-4.9651555905511806
0
LINE
8
BLACK
6
CONTINUOUS
10
5.708836692913386
20
-4.9651555905511806
11
5.7074879527559057
21
-4.96245811023622
0
LINE
8
BLACK
6
CONTINUOUS
10
5.7074879527559057
20
-4.96245811023622
11
5.706290826771653
21
-4.9612609842519682
0
LINE
8
BLACK
6
CONTINUOUS
10
5.706290826771653
20
-4.9612609842519682
11
5.7035933464566924
21
-4.9599122440944878
0
LINE
8
BLACK
6
CONTINUOUS
10
5.7035933464566924
20
-4.9599122440944878
11
5.6956136220472438
21
-4.9599122440944878
0
LINE
8
BLACK
6
CONTINUOUS
10
5.6956136220472438
20
-4.9599122440944878
11
5.6929161417322831
21
-4.9612609842519682
0
LINE
8
BLACK
6
CONTINUOUS
10
5.6929161417322831
20
-4.9612609842519682
11
5.6913801968503934
21
-4.9627969291338578
0
LINE
8
BLACK
6
CONTINUOUS
10
5.6913801968503934
20
-4.9627969291338578
11
5.6909327559055116
21
-4.9631641338582675
0
LINE
8
BLACK
6
CONTINUOUS
10
5.6909327559055116
20
-4.9631641338582675
11
5.6907953937007871
21
-4.9632210236220473
0
LINE
8
BLACK
6
CONTINUOUS
10
5.6907953937007871
20
-4.9632210236220473
11
5.6906803149606295
21
-4.9633151968503935
0
LINE
8
BLACK
6
CONTINUOUS
10
5.6906803149606295
20
-4.9633151968503935
11
5.6902669291338581
21
-4.963439881889764
0
LINE
8
BLACK
6
CONTINUOUS
10
5.6902669291338581
20
-4.963439881889764
11
5.6898683070866136
21
-4.963605039370079
0
LINE
8
BLACK
6
CONTINUOUS
10
5.6898683070866136
20
-4.963605039370079
11
5.6897196850393703
21
-4.963605039370079
0
LINE
8
BLACK
6
CONTINUOUS
10
5.6897196850393703
20
-4.963605039370079
11
5.6895773228346451
21
-4.963647992125984
0
LINE
8
BLACK
6
CONTINUOUS
10
5.6895773228346451
20
-4.963647992125984
11
5.6891477952755904
21
-4.963605039370079
0
LINE
8
BLACK
6
CONTINUOUS
10
5.6891477952755904
20
-4.963605039370079
11
5.6887162598425194
21
-4.963605039370079
0
LINE
8
BLACK
6
CONTINUOUS
10
5.6887162598425194
20
-4.963605039370079
11
5.6885788976377949
21
-4.9635481102362204
0
LINE
8
BLACK
6
CONTINUOUS
10
5.6885788976377949
20
-4.9635481102362204
11
5.6884309055118107
21
-4.9635333464566926
0
LINE
8
BLACK
6
CONTINUOUS
10
5.6884309055118107
20
-4.9635333464566926
11
5.6880505118110234
21
-4.9633292913385825
0
LINE
8
BLACK
6
CONTINUOUS
10
5.6880505118110234
20
-4.9633292913385825
11
5.6876518110236223
21
-4.9631641338582675
0
LINE
8
BLACK
6
CONTINUOUS
10
5.6876518110236223
20
-4.9631641338582675
11
5.687546614173228
21
-4.9630589370078741
0
LINE
8
BLACK
6
CONTINUOUS
10
5.687546614173228
20
-4.9630589370078741
11
5.6874156692913385
21
-4.9629887007874016
0
LINE
8
BLACK
6
CONTINUOUS
10
5.6874156692913385
20
-4.9629887007874016
11
5.6871424015748033
21
-4.9626547244094485
0
LINE
8
BLACK
6
CONTINUOUS
10
5.6871424015748033
20
-4.9626547244094485
11
5.6868371653543308
21
-4.962349488188976
0
LINE
8
BLACK
6
CONTINUOUS
10
5.6868371653543308
20
-4.962349488188976
11
5.6867802362204722
21
-4.9622121259842515
0
LINE
8
BLACK
6
CONTINUOUS
10
5.6867802362204722
20
-4.9622121259842515
11
5.6866861023622048
21
-4.962097047244094
0
LINE
8
BLACK
6
CONTINUOUS
10
5.6866861023622048
20
-4.962097047244094
11
5.6865613779527555
21
-4.9616836614173225
0
LINE
8
BLACK
6
CONTINUOUS
10
5.6865613779527555
20
-4.9616836614173225
11
5.6863962598425193
21
-4.9612850393700789
0
LINE
8
BLACK
6
CONTINUOUS
10
5.6863962598425193
20
-4.9612850393700789
11
5.6863962598425193
21
-4.961136377952756
0
LINE
8
BLACK
6
CONTINUOUS
10
5.6863962598425193
20
-4.961136377952756
11
5.6863533070866144
21
-4.9609940551181104
0
LINE
8
BLACK
6
CONTINUOUS
10
5.6863533070866144
20
-4.9609940551181104
11
5.686354173228346
21
-4.960415196850394
0
LINE
8
BLACK
6
CONTINUOUS
10
5.686354173228346
20
-4.960415196850394
11
5.6882289370078736
21
-4.9416675590551176
0
LINE
8
BLACK
6
CONTINUOUS
10
5.6882289370078736
20
-4.9416675590551176
11
5.6882710236220468
21
-4.9414575984251972
0
LINE
8
BLACK
6
CONTINUOUS
10
5.6882710236220468
20
-4.9414575984251972
11
5.6882710236220468
21
-4.9413853149606295
0
LINE
8
BLACK
6
CONTINUOUS
10
5.6882710236220468
20
-4.9413853149606295
11
5.6882990944881886
21
-4.9413174803149609
0
LINE
8
BLACK
6
CONTINUOUS
10
5.6882990944881886
20
-4.9413174803149609
11
5.6883427165354332
21
-4.9410999999999996
0
LINE
8
BLACK
6
CONTINUOUS
10
5.6883427165354332
20
-4.9410999999999996
11
5.6885467322834646
21
-4.9407196850393698
0
LINE
8
BLACK
6
CONTINUOUS
10
5.6885467322834646
20
-4.9407196850393698
11
5.6887119291338584
21
-4.9403209055118111
0
LINE
8
BLACK
6
CONTINUOUS
10
5.6887119291338584
20
-4.9403209055118111
11
5.688817086614173
21
-4.9402157086614169
0
LINE
8
BLACK
6
CONTINUOUS
10
5.688817086614173
20
-4.9402157086614169
11
5.6888873622047242
21
-4.9400847637795273
0
LINE
8
BLACK
6
CONTINUOUS
10
5.6888873622047242
20
-4.9400847637795273
11
5.6892212992125986
21
-4.9398114960629922
0
LINE
8
BLACK
6
CONTINUOUS
10
5.6892212992125986
20
-4.9398114960629922
11
5.6895265748031498
21
-4.9395062598425197
0
LINE
8
BLACK
6
CONTINUOUS
10
5.6895265748031498
20
-4.9395062598425197
11
5.6896638976377956
21
-4.9394493307086611
0
LINE
8
BLACK
6
CONTINUOUS
10
5.6896638976377956
20
-4.9394493307086611
11
5.689779015748031
21
-4.9393551968503937
0
LINE
8
BLACK
6
CONTINUOUS
10
5.689779015748031
20
-4.9393551968503937
11
5.6901922834645671
21
-4.9392304724409444
0
LINE
8
BLACK
6
CONTINUOUS
10
5.6901922834645671
20
-4.9392304724409444
11
5.6905909842519682
21
-4.9390653543307081
0
LINE
8
BLACK
6
CONTINUOUS
10
5.6905909842519682
20
-4.9390653543307081
11
5.6908116535433066
21
-4.939043582677165
0
LINE
8
BLACK
6
CONTINUOUS
10
5.6908116535433066
20
-4.939043582677165
11
5.6908820078740154
21
-4.9390224015748032
0
LINE
8
BLACK
6
CONTINUOUS
10
5.6908820078740154
20
-4.9390224015748032
11
5.6909539763779522
21
-4.9390295669291335
0
LINE
8
BLACK
6
CONTINUOUS
10
5.6909539763779522
20
-4.9390295669291335
11
5.6911670472440941
21
-4.9390086220472442
0
LINE
8
BLACK
6
CONTINUOUS
10
5.6911670472440941
20
-4.9390086220472442
11
5.7099146850393696
21
-4.9390086220472442
0
LINE
8
BLACK
6
CONTINUOUS
10
5.7099146850393696
20
-4.9390086220472442
11
5.7104907480314964
21
-4.9390653543307081
0
LINE
8
BLACK
6
CONTINUOUS
10
5.7383198425196849
20
-4.9390653543307081
11
5.7386122440944884
21
-4.9390653543307081
0
LINE
8
BLACK
6
CONTINUOUS
10
5.7386122440944884
20
-4.9390653543307081
11
5.7388794881889762
21
-4.939176062992126
0
LINE
8
BLACK
6
CONTINUOUS
10
5.7388794881889762
20
-4.939176062992126
11
5.7391633070866144
21
-4.9392322047244095
0
LINE
8
BLACK
6
CONTINUOUS
10
5.7391633070866144
20
-4.9392322047244095
11
5.7394065748031498
21
-4.9393943700787402
0
LINE
8
BLACK
6
CONTINUOUS
10
5.7394065748031498
20
-4.9393943700787402
11
5.7396766535433068
21
-4.9395062598425197
0
LINE
8
BLACK
6
CONTINUOUS
10
5.7396766535433068
20
-4.9395062598425197
11
5.7398811023622045
21
-4.9397107086614174
0
LINE
8
BLACK
6
CONTINUOUS
10
5.7398811023622045
20
-4.9397107086614174
11
5.7401219291338581
21
-4.9398712598425192
0
LINE
8
BLACK
6
CONTINUOUS
10
5.7401219291338581
20
-4.9398712598425192
11
5.7402846456692913
21
-4.9401142519685042
0
LINE
8
BLACK
6
CONTINUOUS
10
5.7402846456692913
20
-4.9401142519685042
11
5.7404912992125983
21
-4.9403209055118111
0
LINE
8
BLACK
6
CONTINUOUS
10
5.7404912992125983
20
-4.9403209055118111
11
5.7406019685039364
21
-4.9405881102362201
0
LINE
8
BLACK
6
CONTINUOUS
10
5.7406019685039364
20
-4.9405881102362201
11
5.7407629921259842
21
-4.9408285433070862
0
LINE
8
BLACK
6
CONTINUOUS
10
5.7407629921259842
20
-4.9408285433070862
11
5.7408203149606294
21
-4.9411151968503937
0
LINE
8
BLACK
6
CONTINUOUS
10
5.7408203149606294
20
-4.9411151968503937
11
5.7409322047244089
21
-4.9413853149606295
0
LINE
8
BLACK
6
CONTINUOUS
10
5.7409322047244089
20
-4.9413853149606295
11
5.7409883070866137
21
-4.9419552362204726
0
LINE
8
BLACK
6
CONTINUOUS
10
5.7409883070866137
20
-4.9419552362204726
11
5.7409889370078737
21
-4.9419582677165357
0
LINE
8
BLACK
6
CONTINUOUS
10
5.7409889370078737
20
-4.9419582677165357
11
5.7409887007874012
21
-4.9419592913385824
0
LINE
8
BLACK
6
CONTINUOUS
10
5.7409887007874012
20
-4.9419592913385824
11
5.7409889370078737
21
-4.9419613779527554
0
LINE
8
BLACK
6
CONTINUOUS
10
5.7409889370078737
20
-4.9419613779527554
11
5.7409889370078737
21
-4.9783787007874016
0
LINE
8
BLACK
6
CONTINUOUS
10
5.7409889370078737
20
-4.9783787007874016
11
5.749284763779527
21
-4.9783787007874016
0
LINE
8
BLACK
6
CONTINUOUS
10
5.749284763779527
20
-4.9783787007874016
11
5.7498608267716538
21
-4.9784354330708664
0
LINE
8
BLACK
6
CONTINUOUS
10
5.7498608267716538
20
-4.9784354330708664
11
5.7509252362204721
21
-4.9788763385826771
0
LINE
8
BLACK
6
CONTINUOUS
10
5.7509252362204721
20
-4.9788763385826771
11
5.7517398818897636
21
-4.9796909842519685
0
LINE
8
BLACK
6
CONTINUOUS
10
5.7517398818897636
20
-4.9796909842519685
11
5.7521807874015742
21
-4.9807553937007869
0
LINE
8
BLACK
6
CONTINUOUS
10
5.7521807874015742
20
-4.9807553937007869
11
5.7521807874015742
21
-4.9819075196850395
0
LINE
8
BLACK
6
CONTINUOUS
10
5.7521807874015742
20
-4.9819075196850395
11
5.7517398818897636
21
-4.9829719291338579
0
LINE
8
BLACK
6
CONTINUOUS
10
5.7517398818897636
20
-4.9829719291338579
11
5.7509252362204721
21
-4.9837865748031493
0
LINE
8
BLACK
6
CONTINUOUS
10
5.7509252362204721
20
-4.9837865748031493
11
5.7498608267716538
21
-4.9842274803149609
0
LINE
8
BLACK
6
CONTINUOUS
10
5.7498608267716538
20
-4.9842274803149609
11
5.749284763779527
21
-4.9842842125984248
0
LINE
8
BLACK
6
CONTINUOUS
10
5.749284763779527
20
-4.9842842125984248
11
5.7267875984251964
21
-4.9842842125984248
0
LINE
8
BLACK
6
CONTINUOUS
10
5.7267875984251964
20
-4.9842842125984248
11
5.7262115354330705
21
-4.9842274803149609
0
LINE
8
BLACK
6
CONTINUOUS
10
5.7262115354330705
20
-4.9842274803149609
11
5.7251471259842521
21
-4.9837865748031493
0
LINE
8
BLACK
6
CONTINUOUS
10
5.7251471259842521
20
-4.9837865748031493
11
5.7243324803149607
21
-4.9829719291338579
0
LINE
8
BLACK
6
CONTINUOUS
10
5.7243324803149607
20
-4.9829719291338579
11
5.7238915748031491
21
-4.9819075196850395
0
LINE
8
BLACK
6
CONTINUOUS
10
5.7238915748031491
20
-4.9819075196850395
11
5.7238915748031491
21
-4.9807553937007869
0
LINE
8
BLACK
6
CONTINUOUS
10
5.7238915748031491
20
-4.9807553937007869
11
5.7243324803149607
21
-4.9796909842519685
0
LINE
8
BLACK
6
CONTINUOUS
10
5.7243324803149607
20
-4.9796909842519685
11
5.7251471259842521
21
-4.9788763385826771
0
LINE
8
BLACK
6
CONTINUOUS
10
5.7251471259842521
20
-4.9788763385826771
11
5.7262115354330705
21
-4.9784354330708664
0
LINE
8
BLACK
6
CONTINUOUS
10
5.7262115354330705
20
-4.9784354330708664
11
5.7267875984251964
21
-4.9783787007874016
0
LINE
8
BLACK
6
CONTINUOUS
10
5.7267875984251964
20
-4.9783787007874016
11
5.7350834251968505
21
-4.9783787007874016
0
LINE
8
BLACK
6
CONTINUOUS
10
5.7350834251968505
20
-4.9783787007874016
11
5.7350834251968505
21
-4.9509647244094488
0
LINE
8
BLACK
6
CONTINUOUS
10
5.7350834251968505
20
-4.9509647244094488
11
5.7326250393700784
21
-4.9534231102362201
0
LINE
8
BLACK
6
CONTINUOUS
10
5.7326250393700784
20
-4.9534231102362201
11
5.7323986614173226
21
-4.9536088582677165
0
LINE
8
BLACK
6
CONTINUOUS
10
5.7323986614173226
20
-4.9536088582677165
11
5.7323475196850389
21
-4.953667874015748
0
LINE
8
BLACK
6
CONTINUOUS
10
5.7323475196850389
20
-4.953667874015748
11
5.7322585433070863
21
-4.9537238188976378
0
LINE
8
BLACK
6
CONTINUOUS
10
5.7322585433070863
20
-4.9537238188976378
11
5.7321775984251966
21
-4.9537903149606297
0
LINE
8
BLACK
6
CONTINUOUS
10
5.7321775984251966
20
-4.9537903149606297
11
5.7321056299212598
21
-4.9538201181102357
0
LINE
8
BLACK
6
CONTINUOUS
10
5.7321056299212598
20
-4.9538201181102357
11
5.731857637795275
21
-4.9539762204724411
0
LINE
8
BLACK
6
CONTINUOUS
10
5.731857637795275
20
-4.9539762204724411
11
5.7281081102362199
21
-4.9558509842519687
0
LINE
8
BLACK
6
CONTINUOUS
10
5.7281081102362199
20
-4.9558509842519687
11
5.7275674803149608
21
-4.9560578740157482
0
LINE
8
BLACK
6
CONTINUOUS
10
5.7275674803149608
20
-4.9560578740157482
11
5.7264182677165349
21
-4.9561395275590554
0
LINE
8
BLACK
6
CONTINUOUS
10
5.7264182677165349
20
-4.9561395275590554
11
5.7253253149606298
21
-4.9557751968503938
0
LINE
8
BLACK
6
CONTINUOUS
10
5.7253253149606298
20
-4.9557751968503938
11
5.7244549212598423
21
-4.955020354330709
0
LINE
8
BLACK
6
CONTINUOUS
10
5.7244549212598423
20
-4.955020354330709
11
5.7239396850393698
21
-4.9539898425196851
0
LINE
8
BLACK
6
CONTINUOUS
10
5.7239396850393698
20
-4.9539898425196851
11
5.7238580314960625
21
-4.9528406299212602
0
LINE
8
BLACK
6
CONTINUOUS
10
5.7238580314960625
20
-4.9528406299212602
11
5.7242223622047241
21
-4.9517476771653541
0
LINE
8
BLACK
6
CONTINUOUS
10
5.7242223622047241
20
-4.9517476771653541
11
5.724977204724409
21
-4.9508772834645667
0
LINE
8
BLACK
6
CONTINUOUS
10
5.724977204724409
20
-4.9508772834645667
11
5.7254670866141728
21
-4.9505689370078736
0
LINE
8
BLACK
6
CONTINUOUS
10
5.7254670866141728
20
-4.9505689370078736
11
5.7287880314960633
21
-4.9489084645669292
0
LINE
8
BLACK
6
CONTINUOUS
10
5.7287880314960633
20
-4.9489084645669292
11
5.7319919291338586
21
-4.945704566929134
0
LINE
8
BLACK
6
CONTINUOUS
10
5.7319919291338586
20
-4.945704566929134
11
5.7355793307086609
21
-4.9403234645669292
0
LINE
8
BLACK
6
CONTINUOUS
10
5.7355793307086609
20
-4.9403234645669292
11
5.7355806692913385
21
-4.9403217716535428
0
LINE
8
BLACK
6
CONTINUOUS
10
5.7355806692913385
20
-4.9403217716535428
11
5.735581062992126
21
-4.9403209055118111
0
LINE
8
BLACK
6
CONTINUOUS
10
5.735581062992126
20
-4.9403209055118111
11
5.7355830708661415
21
-4.940318858267716
0
LINE
8
BLACK
6
CONTINUOUS
10
5.7355830708661415
20
-4.940318858267716
11
5.7359461023622043
21
-4.9398756299212598
0
LINE
8
BLACK
6
CONTINUOUS
10
5.7359461023622043
20
-4.9398756299212598
11
5.736188976377953
21
-4.9397129527559054
0
LINE
8
BLACK
6
CONTINUOUS
10
5.736188976377953
20
-4.9397129527559054
11
5.7363957086614175
21
-4.9395062598425197
0
LINE
8
BLACK
6
CONTINUOUS
10
5.7363957086614175
20
-4.9395062598425197
11
5.736662992125984
21
-4.9393955118110231
0
LINE
8
BLACK
6
CONTINUOUS
10
5.736662992125984
20
-4.9393955118110231
11
5.7369033858267713
21
-4.9392345669291338
0
LINE
8
BLACK
6
CONTINUOUS
10
5.7369033858267713
20
-4.9392345669291338
11
5.73719
21
-4.9391772047244089
0
LINE
8
BLACK
6
CONTINUOUS
10
5.73719
20
-4.9391772047244089
11
5.7374601181102358
21
-4.9390653543307081
0
LINE
8
BLACK
6
CONTINUOUS
10
5.7374601181102358
20
-4.9390653543307081
11
5.7377494094488188
21
-4.9390653543307081
0
LINE
8
BLACK
6
CONTINUOUS
10
5.7377494094488188
20
-4.9390653543307081
11
5.738033070866142
21
-4.9390086220472442
0
LINE
8
BLACK
6
CONTINUOUS
10
5.738033070866142
20
-4.9390086220472442
11
5.7383198425196849
21
-4.9390653543307081
0
LINE
8
BLACK
6
CONTINUOUS
10
5.7967299606299214
20
-4.9390653543307081
11
5.7968279527559057
21
-4.9391059448818897
0
LINE
8
BLACK
6
CONTINUOUS
10
5.7968279527559057
20
-4.9391059448818897
11
5.7969337795275591
21
-4.9391134645669288
0
LINE
8
BLACK
6
CONTINUOUS
10
5.7969337795275591
20
-4.9391134645669288
11
5.7974744094488191
21
-4.9393203543307083
0
LINE
8
BLACK
6
CONTINUOUS
10
5.7974744094488191
20
-4.9393203543307083
11
5.8012239370078742
21
-4.9411951181102358
0
LINE
8
BLACK
6
CONTINUOUS
10
5.8012239370078742
20
-4.9411951181102358
11
5.8014719291338581
21
-4.9413511811023625
0
LINE
8
BLACK
6
CONTINUOUS
10
5.8014719291338581
20
-4.9413511811023625
11
5.8015438976377949
21
-4.9413810236220472
0
LINE
8
BLACK
6
CONTINUOUS
10
5.8015438976377949
20
-4.9413810236220472
11
5.8016248425196846
21
-4.9414474803149604
0
LINE
8
BLACK
6
CONTINUOUS
10
5.8016248425196846
20
-4.9414474803149604
11
5.801713818897638
21
-4.9415034645669289
0
LINE
8
BLACK
6
CONTINUOUS
10
5.801713818897638
20
-4.9415034645669289
11
5.8017649606299209
21
-4.9415624409448817
0
LINE
8
BLACK
6
CONTINUOUS
10
5.8017649606299209
20
-4.9415624409448817
11
5.8019913385826767
21
-4.9417482283464569
0
LINE
8
BLACK
6
CONTINUOUS
10
5.8019913385826767
20
-4.9417482283464569
11
5.8038661023622042
21
-4.9436229921259844
0
LINE
8
BLACK
6
CONTINUOUS
10
5.8038661023622042
20
-4.9436229921259844
11
5.8040518503937006
21
-4.9438493307086615
0
LINE
8
BLACK
6
CONTINUOUS
10
5.8040518503937006
20
-4.9438493307086615
11
5.8041108661417322
21
-4.9439005118110231
0
LINE
8
BLACK
6
CONTINUOUS
10
5.8041108661417322
20
-4.9439005118110231
11
5.804166811023622
21
-4.9439894488188978
0
LINE
8
BLACK
6
CONTINUOUS
10
5.804166811023622
20
-4.9439894488188978
11
5.8042333070866139
21
-4.9440704330708662
0
LINE
8
BLACK
6
CONTINUOUS
10
5.8042333070866139
20
-4.9440704330708662
11
5.8042631102362208
21
-4.9441423622047243
0
LINE
8
BLACK
6
CONTINUOUS
10
5.8042631102362208
20
-4.9441423622047243
11
5.8044192125984253
21
-4.9443903937007869
0
LINE
8
BLACK
6
CONTINUOUS
10
5.8044192125984253
20
-4.9443903937007869
11
5.8062939763779529
21
-4.948139921259842
0
LINE
8
BLACK
6
CONTINUOUS
10
5.8062939763779529
20
-4.948139921259842
11
5.8063100787401574
21
-4.9481820078740153
0
LINE
8
BLACK
6
CONTINUOUS
10
5.8063100787401574
20
-4.9481820078740153
11
5.80632279527559
21
-4.9481991732283461
0
LINE
8
BLACK
6
CONTINUOUS
10
5.80632279527559
20
-4.9481991732283461
11
5.8064090944881892
21
-4.948440748031496
0
LINE
8
BLACK
6
CONTINUOUS
10
5.8064090944881892
20
-4.948440748031496
11
5.8065008661417323
21
-4.9486805118110233
0
LINE
8
BLACK
6
CONTINUOUS
10
5.8065008661417323
20
-4.9486805118110233
11
5.806502362204724
21
-4.9487017716535435
0
LINE
8
BLACK
6
CONTINUOUS
10
5.806502362204724
20
-4.9487017716535435
11
5.8065175590551181
21
-4.9487442913385822
0
LINE
8
BLACK
6
CONTINUOUS
10
5.8065175590551181
20
-4.9487442913385822
11
5.8083923228346457
21
-4.9562433464566924
0
LINE
8
BLACK
6
CONTINUOUS
10
5.8083923228346457
20
-4.9562433464566924
11
5.8084070866141735
21
-4.956343188976378
0
LINE
8
BLACK
6
CONTINUOUS
10
5.8084070866141735
20
-4.956343188976378
11
5.8084237401574805
21
-4.9563834251968499
0
LINE
8
BLACK
6
CONTINUOUS
10
5.8084237401574805
20
-4.9563834251968499
11
5.8084450787401574
21
-4.9566004330708662
0
LINE
8
BLACK
6
CONTINUOUS
10
5.8084450787401574
20
-4.9566004330708662
11
5.8084769685039372
21
-4.9568159448818898
0
LINE
8
BLACK
6
CONTINUOUS
10
5.8084769685039372
20
-4.9568159448818898
11
5.8084705511811023
21
-4.9568589370078735
0
LINE
8
BLACK
6
CONTINUOUS
10
5.8084705511811023
20
-4.9568589370078735
11
5.8084804724409445
21
-4.9569594881889767
0
LINE
8
BLACK
6
CONTINUOUS
10
5.8084804724409445
20
-4.9569594881889767
11
5.8084804724409445
21
-4.9663333070866145
0
LINE
8
BLACK
6
CONTINUOUS
10
5.8084804724409445
20
-4.9663333070866145
11
5.8084705511811023
21
-4.966433818897638
0
LINE
8
BLACK
6
CONTINUOUS
10
5.8084705511811023
20
-4.966433818897638
11
5.8084769685039372
21
-4.9664768503937005
0
LINE
8
BLACK
6
CONTINUOUS
10
5.8084769685039372
20
-4.9664768503937005
11
5.8084450787401574
21
-4.9666923228346453
0
LINE
8
BLACK
6
CONTINUOUS
10
5.8084450787401574
20
-4.9666923228346453
11
5.8084237401574805
21
-4.9669093700787403
0
LINE
8
BLACK
6
CONTINUOUS
10
5.8084237401574805
20
-4.9669093700787403
11
5.8084070866141735
21
-4.9669495669291335
0
LINE
8
BLACK
6
CONTINUOUS
10
5.8084070866141735
20
-4.9669495669291335
11
5.8083923228346457
21
-4.9670494488188979
0
LINE
8
BLACK
6
CONTINUOUS
10
5.8083923228346457
20
-4.9670494488188979
11
5.8065175590551181
21
-4.9745485039370081
0
LINE
8
BLACK
6
CONTINUOUS
10
5.8065175590551181
20
-4.9745485039370081
11
5.806502362204724
21
-4.974590984251968
0
LINE
8
BLACK
6
CONTINUOUS
10
5.806502362204724
20
-4.974590984251968
11
5.8065008661417323
21
-4.974612283464567
0
LINE
8
BLACK
6
CONTINUOUS
10
5.8065008661417323
20
-4.974612283464567
11
5.8064090944881892
21
-4.9748520078740155
0
LINE
8
BLACK
6
CONTINUOUS
10
5.8064090944881892
20
-4.9748520078740155
11
5.80632279527559
21
-4.9750936220472441
0
LINE
8
BLACK
6
CONTINUOUS
10
5.80632279527559
20
-4.9750936220472441
11
5.8063100787401574
21
-4.9751107480314962
0
LINE
8
BLACK
6
CONTINUOUS
10
5.8063100787401574
20
-4.9751107480314962
11
5.8062939763779529
21
-4.9751528740157482
0
LINE
8
BLACK
6
CONTINUOUS
10
5.8062939763779529
20
-4.9751528740157482
11
5.8044192125984253
21
-4.9789024015748033
0
LINE
8
BLACK
6
CONTINUOUS
10
5.8044192125984253
20
-4.9789024015748033
11
5.8042631496062995
21
-4.979150275590551
0
LINE
8
BLACK
6
CONTINUOUS
10
5.8042631496062995
20
-4.979150275590551
11
5.8042333464566926
21
-4.9792223228346453
0
LINE
8
BLACK
6
CONTINUOUS
10
5.8042333464566926
20
-4.9792223228346453
11
5.804166811023622
21
-4.9793033464566925
0
LINE
8
BLACK
6
CONTINUOUS
10
5.804166811023622
20
-4.9793033464566925
11
5.8041108661417322
21
-4.9793922834645672
0
LINE
8
BLACK
6
CONTINUOUS
10
5.8041108661417322
20
-4.9793922834645672
11
5.8040518503937006
21
-4.97944342519685
0
LINE
8
BLACK
6
CONTINUOUS
10
5.8040518503937006
20
-4.97944342519685
11
5.8038661023622042
21
-4.9796698031496058
0
LINE
8
BLACK
6
CONTINUOUS
10
5.8038661023622042
20
-4.9796698031496058
11
5.8019913779527554
21
-4.9815445669291334
0
LINE
8
BLACK
6
CONTINUOUS
10
5.8019913779527554
20
-4.9815445669291334
11
5.8017649999999996
21
-4.9817303149606298
0
LINE
8
BLACK
6
CONTINUOUS
10
5.8017649999999996
20
-4.9817303149606298
11
5.801713818897638
21
-4.9817893700787401
0
LINE
8
BLACK
6
CONTINUOUS
10
5.801713818897638
20
-4.9817893700787401
11
5.8016248425196846
21
-4.9818453543307086
0
LINE
8
BLACK
6
CONTINUOUS
10
5.8016248425196846
20
-4.9818453543307086
11
5.8015438976377949
21
-4.9819118110236218
0
LINE
8
BLACK
6
CONTINUOUS
10
5.8015438976377949
20
-4.9819118110236218
11
5.8014719291338581
21
-4.9819416141732287
0
LINE
8
BLACK
6
CONTINUOUS
10
5.8014719291338581
20
-4.9819416141732287
11
5.8012239370078742
21
-4.9820977165354332
0
LINE
8
BLACK
6
CONTINUOUS
10
5.8012239370078742
20
-4.9820977165354332
11
5.7974744094488191
21
-4.9839724803149608
0
LINE
8
BLACK
6
CONTINUOUS
10
5.7974744094488191
20
-4.9839724803149608
11
5.7969337795275591
21
-4.9841793700787402
0
LINE
8
BLACK
6
CONTINUOUS
10
5.7969337795275591
20
-4.9841793700787402
11
5.7968279527559057
21
-4.9841868503937006
0
LINE
8
BLACK
6
CONTINUOUS
10
5.7968279527559057
20
-4.9841868503937006
11
5.7967299606299214
21
-4.9842274803149609
0
LINE
8
BLACK
6
CONTINUOUS
10
5.7967299606299214
20
-4.9842274803149609
11
5.7961538976377955
21
-4.9842842125984248
0
LINE
8
BLACK
6
CONTINUOUS
10
5.7961538976377955
20
-4.9842842125984248
11
5.7924043700787404
21
-4.9842842125984248
0
LINE
8
BLACK
6
CONTINUOUS
10
5.7924043700787404
20
-4.9842842125984248
11
5.7918283070866137
21
-4.9842274803149609
0
LINE
8
BLACK
6
CONTINUOUS
10
5.7918283070866137
20
-4.9842274803149609
11
5.7917303149606294
21
-4.9841868897637793
0
LINE
8
BLACK
6
CONTINUOUS
10
5.7917303149606294
20
-4.9841868897637793
11
5.7916244488188973
21
-4.9841793700787402
0
LINE
8
BLACK
6
CONTINUOUS
10
5.7916244488188973
20
-4.9841793700787402
11
5.791083858267716
21
-4.9839724803149608
0
LINE
8
BLACK
6
CONTINUOUS
10
5.791083858267716
20
-4.9839724803149608
11
5.7873343307086609
21
-4.9820977165354332
0
LINE
8
BLACK
6
CONTINUOUS
10
5.7873343307086609
20
-4.9820977165354332
11
5.7870862992125982
21
-4.9819416141732287
0
LINE
8
BLACK
6
CONTINUOUS
10
5.7870862992125982
20
-4.9819416141732287
11
5.7870143700787402
21
-4.9819118110236218
0
LINE
8
BLACK
6
CONTINUOUS
10
5.7870143700787402
20
-4.9819118110236218
11
5.7869333858267717
21
-4.9818453543307086
0
LINE
8
BLACK
6
CONTINUOUS
10
5.7869333858267717
20
-4.9818453543307086
11
5.7868444488188979
21
-4.9817893700787401
0
LINE
8
BLACK
6
CONTINUOUS
10
5.7868444488188979
20
-4.9817893700787401
11
5.7867932283464567
21
-4.9817303149606298
0
LINE
8
BLACK
6
CONTINUOUS
10
5.7867932283464567
20
-4.9817303149606298
11
5.7865668897637796
21
-4.9815445669291334
0
LINE
8
BLACK
6
CONTINUOUS
10
5.7865668897637796
20
-4.9815445669291334
11
5.7846921259842521
21
-4.9796697637795271
0
LINE
8
BLACK
6
CONTINUOUS
10
5.7846921259842521
20
-4.9796697637795271
11
5.7845063779527557
21
-4.97944342519685
0
LINE
8
BLACK
6
CONTINUOUS
10
5.7845063779527557
20
-4.97944342519685
11
5.7844474015748029
21
-4.9793922834645672
0
LINE
8
BLACK
6
CONTINUOUS
10
5.7844474015748029
20
-4.9793922834645672
11
5.7843914173228344
21
-4.9793033464566925
0
LINE
8
BLACK
6
CONTINUOUS
10
5.7843914173228344
20
-4.9793033464566925
11
5.7843249212598424
21
-4.9792223228346453
0
LINE
8
BLACK
6
CONTINUOUS
10
5.7843249212598424
20
-4.9792223228346453
11
5.7842950787401577
21
-4.979150275590551
0
LINE
8
BLACK
6
CONTINUOUS
10
5.7842950787401577
20
-4.979150275590551
11
5.7841390551181098
21
-4.9789024015748033
0
LINE
8
BLACK
6
CONTINUOUS
10
5.7841390551181098
20
-4.9789024015748033
11
5.7822642913385822
21
-4.9751528740157482
0
LINE
8
BLACK
6
CONTINUOUS
10
5.7822642913385822
20
-4.9751528740157482
11
5.782248149606299
21
-4.9751107480314962
0
LINE
8
BLACK
6
CONTINUOUS
10
5.782248149606299
20
-4.9751107480314962
11
5.782235472440945
21
-4.9750936220472441
0
LINE
8
BLACK
6
CONTINUOUS
10
5.782235472440945
20
-4.9750936220472441
11
5.7821490157480318
21
-4.9748516535433067
0
LINE
8
BLACK
6
CONTINUOUS
10
5.7821490157480318
20
-4.9748516535433067
11
5.7820574015748027
21
-4.9746122440944882
0
LINE
8
BLACK
6
CONTINUOUS
10
5.7820574015748027
20
-4.9746122440944882
11
5.7820558661417323
21
-4.974590984251968
0
LINE
8
BLACK
6
CONTINUOUS
10
5.7820558661417323
20
-4.974590984251968
11
5.782040708661417
21
-4.9745485039370081
0
LINE
8
BLACK
6
CONTINUOUS
10
5.782040708661417
20
-4.9745485039370081
11
5.7801659448818894
21
-4.9670494488188979
0
LINE
8
BLACK
6
CONTINUOUS
10
5.7801659448818894
20
-4.9670494488188979
11
5.7801511417322837
21
-4.9669495669291335
0
LINE
8
BLACK
6
CONTINUOUS
10
5.7801511417322837
20
-4.9669495669291335
11
5.7801345275590545
21
-4.9669093700787403
0
LINE
8
BLACK
6
CONTINUOUS
10
5.7801345275590545
20
-4.9669093700787403
11
5.780113149606299
21
-4.9666923228346453
0
LINE
8
BLACK
6
CONTINUOUS
10
5.780113149606299
20
-4.9666923228346453
11
5.7800812992125987
21
-4.9664768503937005
0
LINE
8
BLACK
6
CONTINUOUS
10
5.7800812992125987
20
-4.9664768503937005
11
5.780087677165354
21
-4.966433818897638
0
LINE
8
BLACK
6
CONTINUOUS
10
5.780087677165354
20
-4.966433818897638
11
5.7800777952755906
21
-4.9663333070866145
0
LINE
8
BLACK
6
CONTINUOUS
10
5.7800777952755906
20
-4.9663333070866145
11
5.7800777952755906
21
-4.9569594881889767
0
LINE
8
BLACK
6
CONTINUOUS
10
5.7800777952755906
20
-4.9569594881889767
11
5.780087677165354
21
-4.9568589370078735
0
LINE
8
BLACK
6
CONTINUOUS
10
5.780087677165354
20
-4.9568589370078735
11
5.7800812992125987
21
-4.9568159448818898
0
LINE
8
BLACK
6
CONTINUOUS
10
5.7800812992125987
20
-4.9568159448818898
11
5.780113149606299
21
-4.9566004330708662
0
LINE
8
BLACK
6
CONTINUOUS
10
5.780113149606299
20
-4.9566004330708662
11
5.7801345275590545
21
-4.9563834251968499
0
LINE
8
BLACK
6
CONTINUOUS
10
5.7801345275590545
20
-4.9563834251968499
11
5.7801511417322837
21
-4.956343188976378
0
LINE
8
BLACK
6
CONTINUOUS
10
5.7801511417322837
20
-4.956343188976378
11
5.7801659448818894
21
-4.9562433464566924
0
LINE
8
BLACK
6
CONTINUOUS
10
5.7801659448818894
20
-4.9562433464566924
11
5.782040708661417
21
-4.9487442913385822
0
LINE
8
BLACK
6
CONTINUOUS
10
5.782040708661417
20
-4.9487442913385822
11
5.7820558661417323
21
-4.9487017716535435
0
LINE
8
BLACK
6
CONTINUOUS
10
5.7820558661417323
20
-4.9487017716535435
11
5.7820574015748027
21
-4.9486805511811021
0
LINE
8
BLACK
6
CONTINUOUS
10
5.7820574015748027
20
-4.9486805511811021
11
5.7821490157480318
21
-4.9484411023622048
0
LINE
8
BLACK
6
CONTINUOUS
10
5.7821490157480318
20
-4.9484411023622048
11
5.782235472440945
21
-4.9481991732283461
0
LINE
8
BLACK
6
CONTINUOUS
10
5.782235472440945
20
-4.9481991732283461
11
5.782248149606299
21
-4.9481820078740153
0
LINE
8
BLACK
6
CONTINUOUS
10
5.782248149606299
20
-4.9481820078740153
11
5.7822642913385822
21
-4.948139921259842
0
LINE
8
BLACK
6
CONTINUOUS
10
5.7822642913385822
20
-4.948139921259842
11
5.7841390551181098
21
-4.9443903937007869
0
LINE
8
BLACK
6
CONTINUOUS
10
5.7841390551181098
20
-4.9443903937007869
11
5.7842951181102364
21
-4.9441423622047243
0
LINE
8
BLACK
6
CONTINUOUS
10
5.7842951181102364
20
-4.9441423622047243
11
5.7843249606299212
21
-4.9440704330708662
0
LINE
8
BLACK
6
CONTINUOUS
10
5.7843249606299212
20
-4.9440704330708662
11
5.7843914173228344
21
-4.9439894488188978
0
LINE
8
BLACK
6
CONTINUOUS
10
5.7843914173228344
20
-4.9439894488188978
11
5.7844474015748029
21
-4.9439005118110231
0
LINE
8
BLACK
6
CONTINUOUS
10
5.7844474015748029
20
-4.9439005118110231
11
5.7845063779527557
21
-4.9438493307086615
0
LINE
8
BLACK
6
CONTINUOUS
10
5.7845063779527557
20
-4.9438493307086615
11
5.7846921653543308
21
-4.9436229921259844
0
LINE
8
BLACK
6
CONTINUOUS
10
5.7846921653543308
20
-4.9436229921259844
11
5.7865669291338584
21
-4.9417482283464569
0
LINE
8
BLACK
6
CONTINUOUS
10
5.7865669291338584
20
-4.9417482283464569
11
5.7867932677165355
21
-4.9415624409448817
0
LINE
8
BLACK
6
CONTINUOUS
10
5.7867932677165355
20
-4.9415624409448817
11
5.7868444488188979
21
-4.9415034645669289
0
LINE
8
BLACK
6
CONTINUOUS
10
5.7868444488188979
20
-4.9415034645669289
11
5.7869333858267717
21
-4.9414474803149604
0
LINE
8
BLACK
6
CONTINUOUS
10
5.7869333858267717
20
-4.9414474803149604
11
5.7870143700787402
21
-4.9413810236220472
0
LINE
8
BLACK
6
CONTINUOUS
10
5.7870143700787402
20
-4.9413810236220472
11
5.7870862992125982
21
-4.9413511811023625
0
LINE
8
BLACK
6
CONTINUOUS
10
5.7870862992125982
20
-4.9413511811023625
11
5.7873343307086609
21
-4.9411951181102358
0
LINE
8
BLACK
6
CONTINUOUS
10
5.7873343307086609
20
-4.9411951181102358
11
5.791083858267716
21
-4.9393203543307083
0
LINE
8
BLACK
6
CONTINUOUS
10
5.791083858267716
20
-4.9393203543307083
11
5.7916244488188973
21
-4.9391134645669288
0
LINE
8
BLACK
6
CONTINUOUS
10
5.7916244488188973
20
-4.9391134645669288
11
5.7917303149606294
21
-4.9391059055118109
0
LINE
8
BLACK
6
CONTINUOUS
10
5.7917303149606294
20
-4.9391059055118109
11
5.7918283070866137
21
-4.9390653543307081
0
LINE
8
BLACK
6
CONTINUOUS
10
5.7918283070866137
20
-4.9390653543307081
11
5.7924043700787404
21
-4.9390086220472442
0
LINE
8
BLACK
6
CONTINUOUS
10
5.7924043700787404
20
-4.9390086220472442
11
5.7961538976377955
21
-4.9390086220472442
0
LINE
8
BLACK
6
CONTINUOUS
10
5.7961538976377955
20
-4.9390086220472442
11
5.7967299606299214
21
-4.9390653543307081
0
LINE
8
BLACK
6
CONTINUOUS
10
5.7904039370078735
20
-4.9462628740157477
11
5.7892068110236217
21
-4.9474599999999995
0
LINE
8
BLACK
6
CONTINUOUS
10
5.7892068110236217
20
-4.9474599999999995
11
5.7876912992125984
21
-4.9504909842519682
0
LINE
8
BLACK
6
CONTINUOUS
10
5.7876912992125984
20
-4.9504909842519682
11
5.7859833070866138
21
-4.9573230314960632
0
LINE
8
BLACK
6
CONTINUOUS
10
5.7859833070866138
20
-4.9573230314960632
11
5.7859833070866138
21
-4.965969763779527
0
LINE
8
BLACK
6
CONTINUOUS
10
5.7859833070866138
20
-4.965969763779527
11
5.7876912992125984
21
-4.9728018110236221
0
LINE
8
BLACK
6
CONTINUOUS
10
5.7876912992125984
20
-4.9728018110236221
11
5.7892068110236217
21
-4.9758327952755907
0
LINE
8
BLACK
6
CONTINUOUS
10
5.7892068110236217
20
-4.9758327952755907
11
5.7904039370078735
21
-4.9770299606299213
0
LINE
8
BLACK
6
CONTINUOUS
10
5.7904039370078735
20
-4.9770299606299213
11
5.7931014173228341
21
-4.9783787007874016
0
LINE
8
BLACK
6
CONTINUOUS
10
5.7931014173228341
20
-4.9783787007874016
11
5.795456850393701
21
-4.9783787007874016
0
LINE
8
BLACK
6
CONTINUOUS
10
5.795456850393701
20
-4.9783787007874016
11
5.7981542913385828
21
-4.9770299606299213
0
LINE
8
BLACK
6
CONTINUOUS
10
5.7981542913385828
20
-4.9770299606299213
11
5.7993514173228347
21
-4.9758327952755907
0
LINE
8
BLACK
6
CONTINUOUS
10
5.7993514173228347
20
-4.9758327952755907
11
5.8008669291338579
21
-4.9728018110236221
0
LINE
8
BLACK
6
CONTINUOUS
10
5.8008669291338579
20
-4.9728018110236221
11
5.8025749606299213
21
-4.965969763779527
0
LINE
8
BLACK
6
CONTINUOUS
10
5.8025749606299213
20
-4.965969763779527
11
5.8025749606299213
21
-4.9573230314960632
0
LINE
8
BLACK
6
CONTINUOUS
10
5.8025749606299213
20
-4.9573230314960632
11
5.8008669291338579
21
-4.9504909842519682
0
LINE
8
BLACK
6
CONTINUOUS
10
5.8008669291338579
20
-4.9504909842519682
11
5.7993514566929134
21
-4.9474599999999995
0
LINE
8
BLACK
6
CONTINUOUS
10
5.7993514566929134
20
-4.9474599999999995
11
5.7981543307086616
21
-4.9462628740157477
0
LINE
8
BLACK
6
CONTINUOUS
10
5.7981543307086616
20
-4.9462628740157477
11
5.795456850393701
21
-4.9449141338582674
0
LINE
8
BLACK
6
CONTINUOUS
10
5.795456850393701
20
-4.9449141338582674
11
5.7931014173228341
21
-4.9449141338582674
0
LINE
8
BLACK
6
CONTINUOUS
10
5.7931014173228341
20
-4.9449141338582674
11
5.7904039370078735
21
-4.9462628740157477
0
LINE
8
BLACK
6
CONTINUOUS
10
5.7670777952755907
20
-4.9748283858267719
11
5.7677981102362201
21
-4.9751267322834645
0
LINE
8
BLACK
6
CONTINUOUS
10
5.7677981102362201
20
-4.9751267322834645
11
5.7677981496062989
21
-4.9751267716535432
0
LINE
8
BLACK
6
CONTINUOUS
10
5.7677981496062989
20
-4.9751267716535432
11
5.7682456299212594
21
-4.9754940157480316
0
LINE
8
BLACK
6
CONTINUOUS
10
5.7682456299212594
20
-4.9754940157480316
11
5.7701203543307082
21
-4.9773687795275592
0
LINE
8
BLACK
6
CONTINUOUS
10
5.7701203543307082
20
-4.9773687795275592
11
5.7704875984251967
21
-4.9778162598425197
0
LINE
8
BLACK
6
CONTINUOUS
10
5.7704875984251967
20
-4.9778162598425197
11
5.7709266535433068
21
-4.9788763385826771
0
LINE
8
BLACK
6
CONTINUOUS
10
5.7709266535433068
20
-4.9788763385826771
11
5.7709284645669294
21
-4.9788806692913381
0
LINE
8
BLACK
6
CONTINUOUS
10
5.7709284645669294
20
-4.9788806692913381
11
5.7709284645669294
21
-4.980032755905512
0
LINE
8
BLACK
6
CONTINUOUS
10
5.7709284645669294
20
-4.980032755905512
11
5.7704875590551179
21
-4.9810971653543303
0
LINE
8
BLACK
6
CONTINUOUS
10
5.7704875590551179
20
-4.9810971653543303
11
5.7701203543307082
21
-4.9815446062992121
0
LINE
8
BLACK
6
CONTINUOUS
10
5.7701203543307082
20
-4.9815446062992121
11
5.7682455905511807
21
-4.9834193700787397
0
LINE
8
BLACK
6
CONTINUOUS
10
5.7682455905511807
20
-4.9834193700787397
11
5.7677981496062989
21
-4.9837865748031493
0
LINE
8
BLACK
6
CONTINUOUS
10
5.7677981496062989
20
-4.9837865748031493
11
5.7667337401574805
21
-4.9842274803149609
0
LINE
8
BLACK
6
CONTINUOUS
10
5.7667337401574805
20
-4.9842274803149609
11
5.7667337007874018
21
-4.9842274803149609
0
LINE
8
BLACK
6
CONTINUOUS
10
5.7667337007874018
20
-4.9842274803149609
11
5.7655816535433067
21
-4.9842274803149609
0
LINE
8
BLACK
6
CONTINUOUS
10
5.7655816535433067
20
-4.9842274803149609
11
5.7655816141732279
21
-4.9842274803149609
0
LINE
8
BLACK
6
CONTINUOUS
10
5.7655816141732279
20
-4.9842274803149609
11
5.7645172047244095
21
-4.9837865748031493
0
LINE
8
BLACK
6
CONTINUOUS
10
5.7645172047244095
20
-4.9837865748031493
11
5.7640697637795277
21
-4.9834193700787397
0
LINE
8
BLACK
6
CONTINUOUS
10
5.7640697637795277
20
-4.9834193700787397
11
5.7621950000000002
21
-4.9815446062992121
0
LINE
8
BLACK
6
CONTINUOUS
10
5.7621950000000002
20
-4.9815446062992121
11
5.7618277952755905
21
-4.9810971653543303
0
LINE
8
BLACK
6
CONTINUOUS
10
5.7618277952755905
20
-4.9810971653543303
11
5.7615851968503939
21
-4.9805114566929136
0
LINE
8
BLACK
6
CONTINUOUS
10
5.7615851968503939
20
-4.9805114566929136
11
5.761386889763779
21
-4.980032755905512
0
LINE
8
BLACK
6
CONTINUOUS
10
5.761386889763779
20
-4.980032755905512
11
5.761386889763779
21
-4.9788806692913381
0
LINE
8
BLACK
6
CONTINUOUS
10
5.761386889763779
20
-4.9788806692913381
11
5.7618277559055118
21
-4.9778162598425197
0
LINE
8
BLACK
6
CONTINUOUS
10
5.7618277559055118
20
-4.9778162598425197
11
5.7621949606299214
21
-4.9773688188976379
0
LINE
8
BLACK
6
CONTINUOUS
10
5.7621949606299214
20
-4.9773688188976379
11
5.764069724409449
21
-4.9754940157480316
0
LINE
8
BLACK
6
CONTINUOUS
10
5.764069724409449
20
-4.9754940157480316
11
5.7645172047244095
21
-4.9751267716535432
0
LINE
8
BLACK
6
CONTINUOUS
10
5.7645172047244095
20
-4.9751267716535432
11
5.7645172440944883
21
-4.9751267322834645
0
LINE
8
BLACK
6
CONTINUOUS
10
5.7645172440944883
20
-4.9751267322834645
11
5.7652375590551177
21
-4.9748283858267719
0
LINE
8
BLACK
6
CONTINUOUS
10
5.7652375590551177
20
-4.9748283858267719
11
5.7655816141732279
21
-4.9746858661417326
0
LINE
8
BLACK
6
CONTINUOUS
10
5.7655816141732279
20
-4.9746858661417326
11
5.7667337007874018
21
-4.9746858661417326
0
LINE
8
BLACK
6
CONTINUOUS
10
5.7667337007874018
20
-4.9746858661417326
11
5.7667337401574805
21
-4.9746858661417326
0
LINE
8
BLACK
6
CONTINUOUS
10
5.7667337401574805
20
-4.9746858661417326
11
5.7670777952755907
21
-4.9748283858267719
0
LINE
8
BLACK
6
CONTINUOUS
10
5.8642215354330709
20
-4.952188700787401
11
5.8643195275590552
21
-4.9522292913385826
0
LINE
8
BLACK
6
CONTINUOUS
10
5.8643195275590552
20
-4.9522292913385826
11
5.8644253543307086
21
-4.9522368110236217
0
LINE
8
BLACK
6
CONTINUOUS
10
5.8644253543307086
20
-4.9522368110236217
11
5.8649659842519686
21
-4.9524437007874011
0
LINE
8
BLACK
6
CONTINUOUS
10
5.8649659842519686
20
-4.9524437007874011
11
5.8687155118110237
21
-4.9543184645669287
0
LINE
8
BLACK
6
CONTINUOUS
10
5.8687155118110237
20
-4.9543184645669287
11
5.8688118503937003
21
-4.9543790944881891
0
LINE
8
BLACK
6
CONTINUOUS
10
5.8688118503937003
20
-4.9543790944881891
11
5.8688572834645667
21
-4.9543942519685036
0
LINE
8
BLACK
6
CONTINUOUS
10
5.8688572834645667
20
-4.9543942519685036
11
5.8689138188976377
21
-4.9544432677165355
0
LINE
8
BLACK
6
CONTINUOUS
10
5.8689138188976377
20
-4.9544432677165355
11
5.8692053937007875
21
-4.9546268110236218
0
LINE
8
BLACK
6
CONTINUOUS
10
5.8692053937007875
20
-4.9546268110236218
11
5.8692697637795277
21
-4.9547010236220475
0
LINE
8
BLACK
6
CONTINUOUS
10
5.8692697637795277
20
-4.9547010236220475
11
5.8693341338582679
21
-4.9546268110236218
0
LINE
8
BLACK
6
CONTINUOUS
10
5.8693341338582679
20
-4.9546268110236218
11
5.8696256692913389
21
-4.9544432677165355
0
LINE
8
BLACK
6
CONTINUOUS
10
5.8696256692913389
20
-4.9544432677165355
11
5.8696822440944878
21
-4.9543942519685036
0
LINE
8
BLACK
6
CONTINUOUS
10
5.8696822440944878
20
-4.9543942519685036
11
5.8697276377952754
21
-4.9543790944881891
0
LINE
8
BLACK
6
CONTINUOUS
10
5.8697276377952754
20
-4.9543790944881891
11
5.8698240157480317
21
-4.9543184645669287
0
LINE
8
BLACK
6
CONTINUOUS
10
5.8698240157480317
20
-4.9543184645669287
11
5.8735735433070868
21
-4.9524437007874011
0
LINE
8
BLACK
6
CONTINUOUS
10
5.8735735433070868
20
-4.9524437007874011
11
5.8741141338582672
21
-4.9522368110236217
0
LINE
8
BLACK
6
CONTINUOUS
10
5.8741141338582672
20
-4.9522368110236217
11
5.8742200000000002
21
-4.9522292519685038
0
LINE
8
BLACK
6
CONTINUOUS
10
5.8742200000000002
20
-4.9522292519685038
11
5.8743179921259845
21
-4.952188700787401
0
LINE
8
BLACK
6
CONTINUOUS
10
5.8743179921259845
20
-4.952188700787401
11
5.8748940551181104
21
-4.9521319685039371
0
LINE
8
BLACK
6
CONTINUOUS
10
5.8748940551181104
20
-4.9521319685039371
11
5.880518346456693
21
-4.9521319685039371
0
LINE
8
BLACK
6
CONTINUOUS
10
5.880518346456693
20
-4.9521319685039371
11
5.8810944094488189
21
-4.952188700787401
0
LINE
8
BLACK
6
CONTINUOUS
10
5.8810944094488189
20
-4.952188700787401
11
5.8811924015748032
21
-4.9522292913385826
0
LINE
8
BLACK
6
CONTINUOUS
10
5.8811924015748032
20
-4.9522292913385826
11
5.8812982283464565
21
-4.9522368110236217
0
LINE
8
BLACK
6
CONTINUOUS
10
5.8812982283464565
20
-4.9522368110236217
11
5.8818388582677166
21
-4.9524437007874011
0
LINE
8
BLACK
6
CONTINUOUS
10
5.8818388582677166
20
-4.9524437007874011
11
5.8855884251968504
21
-4.9543184645669287
0
LINE
8
BLACK
6
CONTINUOUS
10
5.8855884251968504
20
-4.9543184645669287
11
5.8856847244094483
21
-4.9543790944881891
0
LINE
8
BLACK
6
CONTINUOUS
10
5.8856847244094483
20
-4.9543790944881891
11
5.8857301968503934
21
-4.9543942519685036
0
LINE
8
BLACK
6
CONTINUOUS
10
5.8857301968503934
20
-4.9543942519685036
11
5.8857867716535432
21
-4.9544433070866143
0
LINE
8
BLACK
6
CONTINUOUS
10
5.8857867716535432
20
-4.9544433070866143
11
5.8860782677165355
21
-4.9546268110236218
0
LINE
8
BLACK
6
CONTINUOUS
10
5.8860782677165355
20
-4.9546268110236218
11
5.8863207480314959
21
-4.9549064173228343
0
LINE
8
BLACK
6
CONTINUOUS
10
5.8863207480314959
20
-4.9549064173228343
11
5.8866005905511809
21
-4.9551490944881893
0
LINE
8
BLACK
6
CONTINUOUS
10
5.8866005905511809
20
-4.9551490944881893
11
5.8867840944881884
21
-4.9554406299212594
0
LINE
8
BLACK
6
CONTINUOUS
10
5.8867840944881884
20
-4.9554406299212594
11
5.8868331496062991
21
-4.9554972047244092
0
LINE
8
BLACK
6
CONTINUOUS
10
5.8868331496062991
20
-4.9554972047244092
11
5.8868482677165357
21
-4.9555425984251968
0
LINE
8
BLACK
6
CONTINUOUS
10
5.8868482677165357
20
-4.9555425984251968
11
5.886908937007874
21
-4.9556389763779523
0
LINE
8
BLACK
6
CONTINUOUS
10
5.886908937007874
20
-4.9556389763779523
11
5.8887837007874015
21
-4.9593885039370074
0
LINE
8
BLACK
6
CONTINUOUS
10
5.8887837007874015
20
-4.9593885039370074
11
5.888990590551181
21
-4.9599290944881886
0
LINE
8
BLACK
6
CONTINUOUS
10
5.888990590551181
20
-4.9599290944881886
11
5.8889981102362201
21
-4.9600349606299208
0
LINE
8
BLACK
6
CONTINUOUS
10
5.8889981102362201
20
-4.9600349606299208
11
5.8890387007874017
21
-4.960132952755905
0
LINE
8
BLACK
6
CONTINUOUS
10
5.8890387007874017
20
-4.960132952755905
11
5.8890954330708656
21
-4.9607090157480318
0
LINE
8
BLACK
6
CONTINUOUS
10
5.8890954330708656
20
-4.9607090157480318
11
5.8890954330708656
21
-4.9813314566929137
0
LINE
8
BLACK
6
CONTINUOUS
10
5.8890954330708656
20
-4.9813314566929137
11
5.8890387007874017
21
-4.9819075196850395
0
LINE
8
BLACK
6
CONTINUOUS
10
5.8890387007874017
20
-4.9819075196850395
11
5.8885977952755901
21
-4.9829719291338579
0
LINE
8
BLACK
6
CONTINUOUS
10
5.8885977952755901
20
-4.9829719291338579
11
5.8877831496062987
21
-4.9837865748031493
0
LINE
8
BLACK
6
CONTINUOUS
10
5.8877831496062987
20
-4.9837865748031493
11
5.8867187401574803
21
-4.9842274803149609
0
LINE
8
BLACK
6
CONTINUOUS
10
5.8867187401574803
20
-4.9842274803149609
11
5.8855666141732286
21
-4.9842274803149609
0
LINE
8
BLACK
6
CONTINUOUS
10
5.8855666141732286
20
-4.9842274803149609
11
5.8845022047244093
21
-4.9837865748031493
0
LINE
8
BLACK
6
CONTINUOUS
10
5.8845022047244093
20
-4.9837865748031493
11
5.8836875590551179
21
-4.9829719291338579
0
LINE
8
BLACK
6
CONTINUOUS
10
5.8836875590551179
20
-4.9829719291338579
11
5.8832466535433072
21
-4.9819075196850395
0
LINE
8
BLACK
6
CONTINUOUS
10
5.8832466535433072
20
-4.9819075196850395
11
5.8831899212598424
21
-4.9813314566929137
0
LINE
8
BLACK
6
CONTINUOUS
10
5.8831899212598424
20
-4.9813314566929137
11
5.8831899212598424
21
-4.9614060629921255
0
LINE
8
BLACK
6
CONTINUOUS
10
5.8831899212598424
20
-4.9614060629921255
11
5.8820670472440941
21
-4.9591603149606298
0
LINE
8
BLACK
6
CONTINUOUS
10
5.8820670472440941
20
-4.9591603149606298
11
5.8798212992125984
21
-4.9580374803149603
0
LINE
8
BLACK
6
CONTINUOUS
10
5.8798212992125984
20
-4.9580374803149603
11
5.8755911023622049
21
-4.9580374803149603
0
LINE
8
BLACK
6
CONTINUOUS
10
5.8755911023622049
20
-4.9580374803149603
11
5.8733453543307084
21
-4.9591603149606298
0
LINE
8
BLACK
6
CONTINUOUS
10
5.8733453543307084
20
-4.9591603149606298
11
5.8722225196850388
21
-4.9614060629921255
0
LINE
8
BLACK
6
CONTINUOUS
10
5.8722225196850388
20
-4.9614060629921255
11
5.8722225196850388
21
-4.9813314566929137
0
LINE
8
BLACK
6
CONTINUOUS
10
5.8722225196850388
20
-4.9813314566929137
11
5.8721657874015749
21
-4.9819075196850395
0
LINE
8
BLACK
6
CONTINUOUS
10
5.8721657874015749
20
-4.9819075196850395
11
5.8717248818897634
21
-4.9829719291338579
0
LINE
8
BLACK
6
CONTINUOUS
10
5.8717248818897634
20
-4.9829719291338579
11
5.8709102362204719
21
-4.9837865748031493
0
LINE
8
BLACK
6
CONTINUOUS
10
5.8709102362204719
20
-4.9837865748031493
11
5.8698458267716536
21
-4.9842274803149609
0
LINE
8
BLACK
6
CONTINUOUS
10
5.8698458267716536
20
-4.9842274803149609
11
5.8686937007874018
21
-4.9842274803149609
0
LINE
8
BLACK
6
CONTINUOUS
10
5.8686937007874018
20
-4.9842274803149609
11
5.8676292913385826
21
-4.9837865748031493
0
LINE
8
BLACK
6
CONTINUOUS
10
5.8676292913385826
20
-4.9837865748031493
11
5.8668146456692911
21
-4.9829719291338579
0
LINE
8
BLACK
6
CONTINUOUS
10
5.8668146456692911
20
-4.9829719291338579
11
5.8663737401574805
21
-4.9819075196850395
0
LINE
8
BLACK
6
CONTINUOUS
10
5.8663737401574805
20
-4.9819075196850395
11
5.8663170078740157
21
-4.9813314566929137
0
LINE
8
BLACK
6
CONTINUOUS
10
5.8663170078740157
20
-4.9813314566929137
11
5.8663170078740157
21
-4.9614060629921255
0
LINE
8
BLACK
6
CONTINUOUS
10
5.8663170078740157
20
-4.9614060629921255
11
5.8651941338582674
21
-4.9591603149606298
0
LINE
8
BLACK
6
CONTINUOUS
10
5.8651941338582674
20
-4.9591603149606298
11
5.8629484251968504
21
-4.9580374803149603
0
LINE
8
BLACK
6
CONTINUOUS
10
5.8629484251968504
20
-4.9580374803149603
11
5.8587182283464569
21
-4.9580374803149603
0
LINE
8
BLACK
6
CONTINUOUS
10
5.8587182283464569
20
-4.9580374803149603
11
5.8560207480314963
21
-4.9593862204724406
0
LINE
8
BLACK
6
CONTINUOUS
10
5.8560207480314963
20
-4.9593862204724406
11
5.8553496456692908
21
-4.9600573228346452
0
LINE
8
BLACK
6
CONTINUOUS
10
5.8553496456692908
20
-4.9600573228346452
11
5.8553496456692908
21
-4.9813314566929137
0
LINE
8
BLACK
6
CONTINUOUS
10
5.8553496456692908
20
-4.9813314566929137
11
5.8552929133858269
21
-4.9819075196850395
0
LINE
8
BLACK
6
CONTINUOUS
10
5.8552929133858269
20
-4.9819075196850395
11
5.8548520078740154
21
-4.9829719291338579
0
LINE
8
BLACK
6
CONTINUOUS
10
5.8548520078740154
20
-4.9829719291338579
11
5.8540373622047239
21
-4.9837865748031493
0
LINE
8
BLACK
6
CONTINUOUS
10
5.8540373622047239
20
-4.9837865748031493
11
5.8529729527559056
21
-4.9842274803149609
0
LINE
8
BLACK
6
CONTINUOUS
10
5.8529729527559056
20
-4.9842274803149609
11
5.8518208267716538
21
-4.9842274803149609
0
LINE
8
BLACK
6
CONTINUOUS
10
5.8518208267716538
20
-4.9842274803149609
11
5.8507564173228346
21
-4.9837865748031493
0
LINE
8
BLACK
6
CONTINUOUS
10
5.8507564173228346
20
-4.9837865748031493
11
5.8499417716535431
21
-4.9829719291338579
0
LINE
8
BLACK
6
CONTINUOUS
10
5.8499417716535431
20
-4.9829719291338579
11
5.8495008661417325
21
-4.9819075196850395
0
LINE
8
BLACK
6
CONTINUOUS
10
5.8495008661417325
20
-4.9819075196850395
11
5.8494441338582677
21
-4.9813314566929137
0
LINE
8
BLACK
6
CONTINUOUS
10
5.8494441338582677
20
-4.9813314566929137
11
5.8494441338582677
21
-4.9550847244094491
0
LINE
8
BLACK
6
CONTINUOUS
10
5.8494441338582677
20
-4.9550847244094491
11
5.8495008661417325
21
-4.9545086614173224
0
LINE
8
BLACK
6
CONTINUOUS
10
5.8495008661417325
20
-4.9545086614173224
11
5.8499417716535431
21
-4.953444251968504
0
LINE
8
BLACK
6
CONTINUOUS
10
5.8499417716535431
20
-4.953444251968504
11
5.8507564173228346
21
-4.9526296062992126
0
LINE
8
BLACK
6
CONTINUOUS
10
5.8507564173228346
20
-4.9526296062992126
11
5.8518208267716538
21
-4.952188700787401
0
LINE
8
BLACK
6
CONTINUOUS
10
5.8518208267716538
20
-4.952188700787401
11
5.8529729527559056
21
-4.952188700787401
0
LINE
8
BLACK
6
CONTINUOUS
10
5.8529729527559056
20
-4.952188700787401
11
5.8540373622047239
21
-4.9526296062992126
0
LINE
8
BLACK
6
CONTINUOUS
10
5.8540373622047239
20
-4.9526296062992126
11
5.8548011811023617
21
-4.9533934251968503
0
LINE
8
BLACK
6
CONTINUOUS
10
5.8548011811023617
20
-4.9533934251968503
11
5.8567006692913388
21
-4.9524437007874011
0
LINE
8
BLACK
6
CONTINUOUS
10
5.8567006692913388
20
-4.9524437007874011
11
5.8572412598425192
21
-4.9522368110236217
0
LINE
8
BLACK
6
CONTINUOUS
10
5.8572412598425192
20
-4.9522368110236217
11
5.8573471259842522
21
-4.9522292519685038
0
LINE
8
BLACK
6
CONTINUOUS
10
5.8573471259842522
20
-4.9522292519685038
11
5.8574451181102365
21
-4.952188700787401
0
LINE
8
BLACK
6
CONTINUOUS
10
5.8574451181102365
20
-4.952188700787401
11
5.8580211811023624
21
-4.9521319685039371
0
LINE
8
BLACK
6
CONTINUOUS
10
5.8580211811023624
20
-4.9521319685039371
11
5.863645472440945
21
-4.9521319685039371
0
LINE
8
BLACK
6
CONTINUOUS
10
5.863645472440945
20
-4.9521319685039371
11
5.8642215354330709
21
-4.952188700787401
0
LINE
8
BLACK
6
CONTINUOUS
10
5.9167149606299212
20
-4.952188700787401
11
5.9168129527559055
21
-4.9522292913385826
0
LINE
8
BLACK
6
CONTINUOUS
10
5.9168129527559055
20
-4.9522292913385826
11
5.9169187795275588
21
-4.9522368110236217
0
LINE
8
BLACK
6
CONTINUOUS
10
5.9169187795275588
20
-4.9522368110236217
11
5.9174594094488189
21
-4.9524437007874011
0
LINE
8
BLACK
6
CONTINUOUS
10
5.9174594094488189
20
-4.9524437007874011
11
5.921208937007874
21
-4.9543184645669287
0
LINE
8
BLACK
6
CONTINUOUS
10
5.921208937007874
20
-4.9543184645669287
11
5.9213052755905506
21
-4.9543790944881891
0
LINE
8
BLACK
6
CONTINUOUS
10
5.9213052755905506
20
-4.9543790944881891
11
5.921350708661417
21
-4.9543942519685036
0
LINE
8
BLACK
6
CONTINUOUS
10
5.921350708661417
20
-4.9543942519685036
11
5.921407244094488
21
-4.9544432677165355
0
LINE
8
BLACK
6
CONTINUOUS
10
5.921407244094488
20
-4.9544432677165355
11
5.9216988188976378
21
-4.9546268110236218
0
LINE
8
BLACK
6
CONTINUOUS
10
5.9216988188976378
20
-4.9546268110236218
11
5.921763188976378
21
-4.9547010236220475
0
LINE
8
BLACK
6
CONTINUOUS
10
5.921763188976378
20
-4.9547010236220475
11
5.9218275590551182
21
-4.9546268110236218
0
LINE
8
BLACK
6
CONTINUOUS
10
5.9218275590551182
20
-4.9546268110236218
11
5.9221190944881892
21
-4.9544432677165355
0
LINE
8
BLACK
6
CONTINUOUS
10
5.9221190944881892
20
-4.9544432677165355
11
5.9221756692913381
21
-4.9543942519685036
0
LINE
8
BLACK
6
CONTINUOUS
10
5.9221756692913381
20
-4.9543942519685036
11
5.9222210629921257
21
-4.9543790944881891
0
LINE
8
BLACK
6
CONTINUOUS
10
5.9222210629921257
20
-4.9543790944881891
11
5.922317440944882
21
-4.9543184645669287
0
LINE
8
BLACK
6
CONTINUOUS
10
5.922317440944882
20
-4.9543184645669287
11
5.9260669685039371
21
-4.9524437007874011
0
LINE
8
BLACK
6
CONTINUOUS
10
5.9260669685039371
20
-4.9524437007874011
11
5.9266075590551184
21
-4.9522368110236217
0
LINE
8
BLACK
6
CONTINUOUS
10
5.9266075590551184
20
-4.9522368110236217
11
5.9267134251968505
21
-4.9522292519685038
0
LINE
8
BLACK
6
CONTINUOUS
10
5.9267134251968505
20
-4.9522292519685038
11
5.9268114173228348
21
-4.952188700787401
0
LINE
8
BLACK
6
CONTINUOUS
10
5.9268114173228348
20
-4.952188700787401
11
5.9273874803149607
21
-4.9521319685039371
0
LINE
8
BLACK
6
CONTINUOUS
10
5.9273874803149607
20
-4.9521319685039371
11
5.9330117716535433
21
-4.9521319685039371
0
LINE
8
BLACK
6
CONTINUOUS
10
5.9330117716535433
20
-4.9521319685039371
11
5.9335878346456692
21
-4.952188700787401
0
LINE
8
BLACK
6
CONTINUOUS
10
5.9335878346456692
20
-4.952188700787401
11
5.9336858267716535
21
-4.9522292913385826
0
LINE
8
BLACK
6
CONTINUOUS
10
5.9336858267716535
20
-4.9522292913385826
11
5.9337916535433068
21
-4.9522368110236217
0
LINE
8
BLACK
6
CONTINUOUS
10
5.9337916535433068
20
-4.9522368110236217
11
5.9343322834645669
21
-4.9524437007874011
0
LINE
8
BLACK
6
CONTINUOUS
10
5.9343322834645669
20
-4.9524437007874011
11
5.9380818503937007
21
-4.9543184645669287
0
LINE
8
BLACK
6
CONTINUOUS
10
5.9380818503937007
20
-4.9543184645669287
11
5.9381781496062986
21
-4.9543790944881891
0
LINE
8
BLACK
6
CONTINUOUS
10
5.9381781496062986
20
-4.9543790944881891
11
5.9382236220472437
21
-4.9543942519685036
0
LINE
8
BLACK
6
CONTINUOUS
10
5.9382236220472437
20
-4.9543942519685036
11
5.9382801968503935
21
-4.9544433070866143
0
LINE
8
BLACK
6
CONTINUOUS
10
5.9382801968503935
20
-4.9544433070866143
11
5.9385716929133858
21
-4.9546268110236218
0
LINE
8
BLACK
6
CONTINUOUS
10
5.9385716929133858
20
-4.9546268110236218
11
5.9388141732283461
21
-4.9549064173228343
0
LINE
8
BLACK
6
CONTINUOUS
10
5.9388141732283461
20
-4.9549064173228343
11
5.9390940157480312
21
-4.9551490944881893
0
LINE
8
BLACK
6
CONTINUOUS
10
5.9390940157480312
20
-4.9551490944881893
11
5.9392775196850396
21
-4.9554406299212594
0
LINE
8
BLACK
6
CONTINUOUS
10
5.9392775196850396
20
-4.9554406299212594
11
5.9393265748031494
21
-4.9554972047244092
0
LINE
8
BLACK
6
CONTINUOUS
10
5.9393265748031494
20
-4.9554972047244092
11
5.939341692913386
21
-4.9555425984251968
0
LINE
8
BLACK
6
CONTINUOUS
10
5.939341692913386
20
-4.9555425984251968
11
5.9394023622047243
21
-4.9556389763779523
0
LINE
8
BLACK
6
CONTINUOUS
10
5.9394023622047243
20
-4.9556389763779523
11
5.9412771259842518
21
-4.9593885039370074
0
LINE
8
BLACK
6
CONTINUOUS
10
5.9412771259842518
20
-4.9593885039370074
11
5.9414840157480313
21
-4.9599290944881886
0
LINE
8
BLACK
6
CONTINUOUS
10
5.9414840157480313
20
-4.9599290944881886
11
5.9414915354330704
21
-4.9600349606299208
0
LINE
8
BLACK
6
CONTINUOUS
10
5.9414915354330704
20
-4.9600349606299208
11
5.941532125984252
21
-4.960132952755905
0
LINE
8
BLACK
6
CONTINUOUS
10
5.941532125984252
20
-4.960132952755905
11
5.9415888582677168
21
-4.9607090157480318
0
LINE
8
BLACK
6
CONTINUOUS
10
5.9415888582677168
20
-4.9607090157480318
11
5.9415888582677168
21
-4.9813314566929137
0
LINE
8
BLACK
6
CONTINUOUS
10
5.9415888582677168
20
-4.9813314566929137
11
5.941532125984252
21
-4.9819075196850395
0
LINE
8
BLACK
6
CONTINUOUS
10
5.941532125984252
20
-4.9819075196850395
11
5.9410912204724404
21
-4.9829719291338579
0
LINE
8
BLACK
6
CONTINUOUS
10
5.9410912204724404
20
-4.9829719291338579
11
5.9402765748031499
21
-4.9837865748031493
0
LINE
8
BLACK
6
CONTINUOUS
10
5.9402765748031499
20
-4.9837865748031493
11
5.9392121653543306
21
-4.9842274803149609
0
LINE
8
BLACK
6
CONTINUOUS
10
5.9392121653543306
20
-4.9842274803149609
11
5.9380600393700789
21
-4.9842274803149609
0
LINE
8
BLACK
6
CONTINUOUS
10
5.9380600393700789
20
-4.9842274803149609
11
5.9369956299212596
21
-4.9837865748031493
0
LINE
8
BLACK
6
CONTINUOUS
10
5.9369956299212596
20
-4.9837865748031493
11
5.9361809842519682
21
-4.9829719291338579
0
LINE
8
BLACK
6
CONTINUOUS
10
5.9361809842519682
20
-4.9829719291338579
11
5.9357400787401575
21
-4.9819075196850395
0
LINE
8
BLACK
6
CONTINUOUS
10
5.9357400787401575
20
-4.9819075196850395
11
5.9356833464566927
21
-4.9813314566929137
0
LINE
8
BLACK
6
CONTINUOUS
10
5.9356833464566927
20
-4.9813314566929137
11
5.9356833464566927
21
-4.9614060629921255
0
LINE
8
BLACK
6
CONTINUOUS
10
5.9356833464566927
20
-4.9614060629921255
11
5.9345604724409444
21
-4.9591603149606298
0
LINE
8
BLACK
6
CONTINUOUS
10
5.9345604724409444
20
-4.9591603149606298
11
5.9323147244094487
21
-4.9580374803149603
0
LINE
8
BLACK
6
CONTINUOUS
10
5.9323147244094487
20
-4.9580374803149603
11
5.9280845275590552
21
-4.9580374803149603
0
LINE
8
BLACK
6
CONTINUOUS
10
5.9280845275590552
20
-4.9580374803149603
11
5.9258387795275587
21
-4.9591603149606298
0
LINE
8
BLACK
6
CONTINUOUS
10
5.9258387795275587
20
-4.9591603149606298
11
5.92471594488189
21
-4.9614060629921255
0
LINE
8
BLACK
6
CONTINUOUS
10
5.92471594488189
20
-4.9614060629921255
11
5.92471594488189
21
-4.9813314566929137
0
LINE
8
BLACK
6
CONTINUOUS
10
5.92471594488189
20
-4.9813314566929137
11
5.9246592125984252
21
-4.9819075196850395
0
LINE
8
BLACK
6
CONTINUOUS
10
5.9246592125984252
20
-4.9819075196850395
11
5.9242183070866137
21
-4.9829719291338579
0
LINE
8
BLACK
6
CONTINUOUS
10
5.9242183070866137
20
-4.9829719291338579
11
5.9234036614173231
21
-4.9837865748031493
0
LINE
8
BLACK
6
CONTINUOUS
10
5.9234036614173231
20
-4.9837865748031493
11
5.9223392519685039
21
-4.9842274803149609
0
LINE
8
BLACK
6
CONTINUOUS
10
5.9223392519685039
20
-4.9842274803149609
11
5.9211871259842521
21
-4.9842274803149609
0
LINE
8
BLACK
6
CONTINUOUS
10
5.9211871259842521
20
-4.9842274803149609
11
5.9201227165354329
21
-4.9837865748031493
0
LINE
8
BLACK
6
CONTINUOUS
10
5.9201227165354329
20
-4.9837865748031493
11
5.9193080708661414
21
-4.9829719291338579
0
LINE
8
BLACK
6
CONTINUOUS
10
5.9193080708661414
20
-4.9829719291338579
11
5.9188671653543308
21
-4.9819075196850395
0
LINE
8
BLACK
6
CONTINUOUS
10
5.9188671653543308
20
-4.9819075196850395
11
5.918810433070866
21
-4.9813314566929137
0
LINE
8
BLACK
6
CONTINUOUS
10
5.918810433070866
20
-4.9813314566929137
11
5.918810433070866
21
-4.9614060629921255
0
LINE
8
BLACK
6
CONTINUOUS
10
5.918810433070866
20
-4.9614060629921255
11
5.9176875590551177
21
-4.9591603149606298
0
LINE
8
BLACK
6
CONTINUOUS
10
5.9176875590551177
20
-4.9591603149606298
11
5.9154418503937007
21
-4.9580374803149603
0
LINE
8
BLACK
6
CONTINUOUS
10
5.9154418503937007
20
-4.9580374803149603
11
5.9112116535433072
21
-4.9580374803149603
0
LINE
8
BLACK
6
CONTINUOUS
10
5.9112116535433072
20
-4.9580374803149603
11
5.9085141732283466
21
-4.9593862204724406
0
LINE
8
BLACK
6
CONTINUOUS
10
5.9085141732283466
20
-4.9593862204724406
11
5.907843070866142
21
-4.9600573228346452
0
LINE
8
BLACK
6
CONTINUOUS
10
5.907843070866142
20
-4.9600573228346452
11
5.907843070866142
21
-4.9813314566929137
0
LINE
8
BLACK
6
CONTINUOUS
10
5.907843070866142
20
-4.9813314566929137
11
5.9077863385826772
21
-4.9819075196850395
0
LINE
8
BLACK
6
CONTINUOUS
10
5.9077863385826772
20
-4.9819075196850395
11
5.9073454330708657
21
-4.9829719291338579
0
LINE
8
BLACK
6
CONTINUOUS
10
5.9073454330708657
20
-4.9829719291338579
11
5.9065307874015751
21
-4.9837865748031493
0
LINE
8
BLACK
6
CONTINUOUS
10
5.9065307874015751
20
-4.9837865748031493
11
5.9054663779527559
21
-4.9842274803149609
0
LINE
8
BLACK
6
CONTINUOUS
10
5.9054663779527559
20
-4.9842274803149609
11
5.9043142519685041
21
-4.9842274803149609
0
LINE
8
BLACK
6
CONTINUOUS
10
5.9043142519685041
20
-4.9842274803149609
11
5.9032498425196849
21
-4.9837865748031493
0
LINE
8
BLACK
6
CONTINUOUS
10
5.9032498425196849
20
-4.9837865748031493
11
5.9024351968503934
21
-4.9829719291338579
0
LINE
8
BLACK
6
CONTINUOUS
10
5.9024351968503934
20
-4.9829719291338579
11
5.9019942913385828
21
-4.9819075196850395
0
LINE
8
BLACK
6
CONTINUOUS
10
5.9019942913385828
20
-4.9819075196850395
11
5.901937559055118
21
-4.9813314566929137
0
LINE
8
BLACK
6
CONTINUOUS
10
5.901937559055118
20
-4.9813314566929137
11
5.901937559055118
21
-4.9550847244094491
0
LINE
8
BLACK
6
CONTINUOUS
10
5.901937559055118
20
-4.9550847244094491
11
5.9019942913385828
21
-4.9545086614173224
0
LINE
8
BLACK
6
CONTINUOUS
10
5.9019942913385828
20
-4.9545086614173224
11
5.9024351968503934
21
-4.953444251968504
0
LINE
8
BLACK
6
CONTINUOUS
10
5.9024351968503934
20
-4.953444251968504
11
5.9032498425196849
21
-4.9526296062992126
0
LINE
8
BLACK
6
CONTINUOUS
10
5.9032498425196849
20
-4.9526296062992126
11
5.9043142519685041
21
-4.952188700787401
0
LINE
8
BLACK
6
CONTINUOUS
10
5.9043142519685041
20
-4.952188700787401
11
5.9054663779527559
21
-4.952188700787401
0
LINE
8
BLACK
6
CONTINUOUS
10
5.9054663779527559
20
-4.952188700787401
11
5.9065307874015751
21
-4.9526296062992126
0
LINE
8
BLACK
6
CONTINUOUS
10
5.9065307874015751
20
-4.9526296062992126
11
5.9072946062992129
21
-4.9533934251968503
0
LINE
8
BLACK
6
CONTINUOUS
10
5.9072946062992129
20
-4.9533934251968503
11
5.9091940944881891
21
-4.9524437007874011
0
LINE
8
BLACK
6
CONTINUOUS
10
5.9091940944881891
20
-4.9524437007874011
11
5.9097346850393704
21
-4.9522368110236217
0
LINE
8
BLACK
6
CONTINUOUS
10
5.9097346850393704
20
-4.9522368110236217
11
5.9098405511811025
21
-4.9522292519685038
0
LINE
8
BLACK
6
CONTINUOUS
10
5.9098405511811025
20
-4.9522292519685038
11
5.9099385433070868
21
-4.952188700787401
0
LINE
8
BLACK
6
CONTINUOUS
10
5.9099385433070868
20
-4.952188700787401
11
5.9105146062992127
21
-4.9521319685039371
0
LINE
8
BLACK
6
CONTINUOUS
10
5.9105146062992127
20
-4.9521319685039371
11
5.9161388976377953
21
-4.9521319685039371
0
LINE
8
BLACK
6
CONTINUOUS
10
5.9161388976377953
20
-4.9521319685039371
11
5.9167149606299212
21
-4.952188700787401
0
LINE
8
BLACK
6
CONTINUOUS
10
4.7921903149606297
20
-2.8593230708661417
11
4.7932556692913382
21
-2.8603884251968505
0
LINE
8
BLACK
6
CONTINUOUS
10
4.7932556692913382
20
-2.8603884251968505
11
4.7932556692913382
21
-2.8618950393700788
0
LINE
8
BLACK
6
CONTINUOUS
10
4.7932556692913382
20
-2.8618950393700788
11
4.7921903149606297
21
-2.8629603937007873
0
LINE
8
BLACK
6
CONTINUOUS
10
4.7921903149606297
20
-2.8629603937007873
11
4.7914370078740154
21
-2.8631102362204723
0
LINE
8
BLACK
6
CONTINUOUS
10
4.7914370078740154
20
-2.8631102362204723
11
4.644366062992126
21
-2.8631102362204723
0
LINE
8
BLACK
6
CONTINUOUS
10
4.644366062992126
20
-2.8631102362204723
11
4.6659555511811019
21
-2.9045833070866141
0
LINE
8
BLACK
6
CONTINUOUS
10
4.6659555511811019
20
-2.9045833070866141
11
4.6661705118110239
21
-2.9053207086614172
0
LINE
8
BLACK
6
CONTINUOUS
10
4.6661705118110239
20
-2.9053207086614172
11
4.6657174409448814
21
-2.9067575984251968
0
LINE
8
BLACK
6
CONTINUOUS
10
4.6657174409448814
20
-2.9067575984251968
11
4.6643810629921258
21
-2.9074532677165354
0
LINE
8
BLACK
6
CONTINUOUS
10
4.6643810629921258
20
-2.9074532677165354
11
4.662944133858268
21
-2.9070002362204725
0
LINE
8
BLACK
6
CONTINUOUS
10
4.662944133858268
20
-2.9070002362204725
11
4.6624633858267712
21
-2.906401220472441
0
LINE
8
BLACK
6
CONTINUOUS
10
4.6624633858267712
20
-2.906401220472441
11
4.6430905511811025
21
-2.869186338582677
0
LINE
8
BLACK
6
CONTINUOUS
10
4.6430905511811025
20
-2.869186338582677
11
4.6430905511811025
21
-4.8606561417322833
0
LINE
8
BLACK
6
CONTINUOUS
10
4.6430905511811025
20
-4.8606561417322833
11
4.6624633858267712
21
-4.8234412992125986
0
LINE
8
BLACK
6
CONTINUOUS
10
4.6624633858267712
20
-4.8234412992125986
11
4.662944133858268
21
-4.822842283464567
0
LINE
8
BLACK
6
CONTINUOUS
10
4.662944133858268
20
-4.822842283464567
11
4.6643810629921258
21
-4.8223892519685041
0
LINE
8
BLACK
6
CONTINUOUS
10
4.6643810629921258
20
-4.8223892519685041
11
4.6657174409448814
21
-4.8230849212598423
0
LINE
8
BLACK
6
CONTINUOUS
10
4.6657174409448814
20
-4.8230849212598423
11
4.6661705118110239
21
-4.8245218110236223
0
LINE
8
BLACK
6
CONTINUOUS
10
4.6661705118110239
20
-4.8245218110236223
11
4.6659555511811019
21
-4.8252592125984251
0
LINE
8
BLACK
6
CONTINUOUS
10
4.6659555511811019
20
-4.8252592125984251
11
4.644366062992126
21
-4.8667322834645672
0
LINE
8
BLACK
6
CONTINUOUS
10
4.644366062992126
20
-4.8667322834645672
11
4.7914370078740154
21
-4.8667322834645672
0
LINE
8
BLACK
6
CONTINUOUS
10
4.7914370078740154
20
-4.8667322834645672
11
4.7921903149606297
21
-4.8668821259842519
0
LINE
8
BLACK
6
CONTINUOUS
10
4.7921903149606297
20
-4.8668821259842519
11
4.7932556692913382
21
-4.8679474803149603
0
LINE
8
BLACK
6
CONTINUOUS
10
4.7932556692913382
20
-4.8679474803149603
11
4.7932556692913382
21
-4.869454094488189
0
LINE
8
BLACK
6
CONTINUOUS
10
4.7932556692913382
20
-4.869454094488189
11
4.7921903149606297
21
-4.8705194488188974
0
LINE
8
BLACK
6
CONTINUOUS
10
4.7921903149606297
20
-4.8705194488188974
11
4.7914370078740154
21
-4.870669291338583
0
LINE
8
BLACK
6
CONTINUOUS
10
4.7914370078740154
20
-4.870669291338583
11
4.6180346456692911
21
-4.870669291338583
0
LINE
8
BLACK
6
CONTINUOUS
10
4.6180346456692911
20
-4.870669291338583
11
4.6172813385826768
21
-4.8705194488188974
0
LINE
8
BLACK
6
CONTINUOUS
10
4.6172813385826768
20
-4.8705194488188974
11
4.6162159842519683
21
-4.869454094488189
0
LINE
8
BLACK
6
CONTINUOUS
10
4.6162159842519683
20
-4.869454094488189
11
4.6162159842519683
21
-4.8679474803149603
0
LINE
8
BLACK
6
CONTINUOUS
10
4.6162159842519683
20
-4.8679474803149603
11
4.6172813385826768
21
-4.8668821259842519
0
LINE
8
BLACK
6
CONTINUOUS
10
4.6172813385826768
20
-4.8668821259842519
11
4.6180346456692911
21
-4.8667322834645672
0
LINE
8
BLACK
6
CONTINUOUS
10
4.6180346456692911
20
-4.8667322834645672
11
4.6378780314960633
21
-4.8667322834645672
0
LINE
8
BLACK
6
CONTINUOUS
10
4.6378780314960633
20
-4.8667322834645672
11
4.6162885039370076
21
-4.8252591732283463
0
LINE
8
BLACK
6
CONTINUOUS
10
4.6162885039370076
20
-4.8252591732283463
11
4.6160735826771653
21
-4.8245218110236223
0
LINE
8
BLACK
6
CONTINUOUS
10
4.6160735826771653
20
-4.8245218110236223
11
4.6165266535433069
21
-4.8230849212598423
0
LINE
8
BLACK
6
CONTINUOUS
10
4.6165266535433069
20
-4.8230849212598423
11
4.6178630314960625
21
-4.8223892125984253
0
LINE
8
BLACK
6
CONTINUOUS
10
4.6178630314960625
20
-4.8223892125984253
11
4.6192999212598425
21
-4.822842283464567
0
LINE
8
BLACK
6
CONTINUOUS
10
4.6192999212598425
20
-4.822842283464567
11
4.6197807086614171
21
-4.8234412992125986
0
LINE
8
BLACK
6
CONTINUOUS
10
4.6197807086614171
20
-4.8234412992125986
11
4.6391535433070867
21
-4.8606561811023621
0
LINE
8
BLACK
6
CONTINUOUS
10
4.6391535433070867
20
-4.8606561811023621
11
4.6391535433070867
21
-2.8691862992125983
0
LINE
8
BLACK
6
CONTINUOUS
10
4.6391535433070867
20
-2.8691862992125983
11
4.6197807086614171
21
-2.906401220472441
0
LINE
8
BLACK
6
CONTINUOUS
10
4.6197807086614171
20
-2.906401220472441
11
4.6192999212598425
21
-2.9070002362204725
0
LINE
8
BLACK
6
CONTINUOUS
10
4.6192999212598425
20
-2.9070002362204725
11
4.6178630314960625
21
-2.9074533070866142
0
LINE
8
BLACK
6
CONTINUOUS
10
4.6178630314960625
20
-2.9074533070866142
11
4.6165266535433069
21
-2.9067575984251968
0
LINE
8
BLACK
6
CONTINUOUS
10
4.6165266535433069
20
-2.9067575984251968
11
4.6160735826771653
21
-2.9053207086614172
0
LINE
8
BLACK
6
CONTINUOUS
10
4.6160735826771653
20
-2.9053207086614172
11
4.6162885039370076
21
-2.9045833464566928
0
LINE
8
BLACK
6
CONTINUOUS
10
4.6162885039370076
20
-2.9045833464566928
11
4.6378780314960633
21
-2.8631102362204723
0
LINE
8
BLACK
6
CONTINUOUS
10
4.6378780314960633
20
-2.8631102362204723
11
4.6180346456692911
21
-2.8631102362204723
0
LINE
8
BLACK
6
CONTINUOUS
10
4.6180346456692911
20
-2.8631102362204723
11
4.6172813385826768
21
-2.8629603937007873
0
LINE
8
BLACK
6
CONTINUOUS
10
4.6172813385826768
20
-2.8629603937007873
11
4.6162159842519683
21
-2.8618950393700788
0
LINE
8
BLACK
6
CONTINUOUS
10
4.6162159842519683
20
-2.8618950393700788
11
4.6162159842519683
21
-2.8603884251968505
0
LINE
8
BLACK
6
CONTINUOUS
10
4.6162159842519683
20
-2.8603884251968505
11
4.6172813385826768
21
-2.8593230708661417
0
LINE
8
BLACK
6
CONTINUOUS
10
4.6172813385826768
20
-2.8593230708661417
11
4.6180346456692911
21
-2.8591732283464566
0
LINE
8
BLACK
6
CONTINUOUS
10
4.6180346456692911
20
-2.8591732283464566
11
4.7914370078740154
21
-2.8591732283464566
0
LINE
8
BLACK
6
CONTINUOUS
10
4.7914370078740154
20
-2.8591732283464566
11
4.7921903149606297
21
-2.8593230708661417
0
LINE
8
BLACK
6
CONTINUOUS
10
7.1143328346456691
20
-2.87885062992126
11
7.1153981889763775
21
-2.8799159842519684
0
LINE
8
BLACK
6
CONTINUOUS
10
7.1153981889763775
20
-2.8799159842519684
11
7.1153981889763775
21
-2.8814225984251967
0
LINE
8
BLACK
6
CONTINUOUS
10
7.1153981889763775
20
-2.8814225984251967
11
7.1143328346456691
21
-2.8824879527559055
0
LINE
8
BLACK
6
CONTINUOUS
10
7.1143328346456691
20
-2.8824879527559055
11
7.1135795275590548
21
-2.8826377952755906
0
LINE
8
BLACK
6
CONTINUOUS
10
7.1135795275590548
20
-2.8826377952755906
11
7.0937361417322835
21
-2.8826377952755906
0
LINE
8
BLACK
6
CONTINUOUS
10
7.0937361417322835
20
-2.8826377952755906
11
7.1153256299212595
21
-2.9241108661417323
0
LINE
8
BLACK
6
CONTINUOUS
10
7.1153256299212595
20
-2.9241108661417323
11
7.1155405905511806
21
-2.9248482677165355
0
LINE
8
BLACK
6
CONTINUOUS
10
7.1155405905511806
20
-2.9248482677165355
11
7.1150875196850389
21
-2.926285157480315
0
LINE
8
BLACK
6
CONTINUOUS
10
7.1150875196850389
20
-2.926285157480315
11
7.1137511417322834
21
-2.9269808267716533
0
LINE
8
BLACK
6
CONTINUOUS
10
7.1137511417322834
20
-2.9269808267716533
11
7.1123142125984247
21
-2.9265277952755904
0
LINE
8
BLACK
6
CONTINUOUS
10
7.1123142125984247
20
-2.9265277952755904
11
7.1118334645669288
21
-2.9259287795275588
0
LINE
8
BLACK
6
CONTINUOUS
10
7.1118334645669288
20
-2.9259287795275588
11
7.09246062992126
21
-2.8887138976377953
0
LINE
8
BLACK
6
CONTINUOUS
10
7.09246062992126
20
-2.8887138976377953
11
7.09246062992126
21
-4.8411285826771655
0
LINE
8
BLACK
6
CONTINUOUS
10
7.09246062992126
20
-4.8411285826771655
11
7.1118334645669288
21
-4.8039137401574799
0
LINE
8
BLACK
6
CONTINUOUS
10
7.1118334645669288
20
-4.8039137401574799
11
7.1123142125984247
21
-4.8033147244094483
0
LINE
8
BLACK
6
CONTINUOUS
10
7.1123142125984247
20
-4.8033147244094483
11
7.1137511417322834
21
-4.8028616929133854
0
LINE
8
BLACK
6
CONTINUOUS
10
7.1137511417322834
20
-4.8028616929133854
11
7.1150875196850389
21
-4.8035573622047245
0
LINE
8
BLACK
6
CONTINUOUS
10
7.1150875196850389
20
-4.8035573622047245
11
7.1155405905511806
21
-4.8049942519685036
0
LINE
8
BLACK
6
CONTINUOUS
10
7.1155405905511806
20
-4.8049942519685036
11
7.1153256299212595
21
-4.8057316535433072
0
LINE
8
BLACK
6
CONTINUOUS
10
7.1153256299212595
20
-4.8057316535433072
11
7.0937361417322835
21
-4.8472047244094485
0
LINE
8
BLACK
6
CONTINUOUS
10
7.0937361417322835
20
-4.8472047244094485
11
7.1135795275590548
21
-4.8472047244094485
0
LINE
8
BLACK
6
CONTINUOUS
10
7.1135795275590548
20
-4.8472047244094485
11
7.1143328346456691
21
-4.847354566929134
0
LINE
8
BLACK
6
CONTINUOUS
10
7.1143328346456691
20
-4.847354566929134
11
7.1153981889763775
21
-4.8484199212598424
0
LINE
8
BLACK
6
CONTINUOUS
10
7.1153981889763775
20
-4.8484199212598424
11
7.1153981889763775
21
-4.8499265354330712
0
LINE
8
BLACK
6
CONTINUOUS
10
7.1153981889763775
20
-4.8499265354330712
11
7.1143328346456691
21
-4.8509918897637796
0
LINE
8
BLACK
6
CONTINUOUS
10
7.1143328346456691
20
-4.8509918897637796
11
7.1135795275590548
21
-4.8511417322834642
0
LINE
8
BLACK
6
CONTINUOUS
10
7.1135795275590548
20
-4.8511417322834642
11
6.8149015748031498
21
-4.8511417322834642
0
LINE
8
BLACK
6
CONTINUOUS
10
6.8149015748031498
20
-4.8511417322834642
11
6.8141482677165355
21
-4.8509918897637796
0
LINE
8
BLACK
6
CONTINUOUS
10
6.8141482677165355
20
-4.8509918897637796
11
6.8130829133858271
21
-4.8499265354330712
0
LINE
8
BLACK
6
CONTINUOUS
10
6.8130829133858271
20
-4.8499265354330712
11
6.8130829133858271
21
-4.8484199212598424
0
LINE
8
BLACK
6
CONTINUOUS
10
6.8130829133858271
20
-4.8484199212598424
11
6.8141482677165355
21
-4.847354566929134
0
LINE
8
BLACK
6
CONTINUOUS
10
6.8141482677165355
20
-4.847354566929134
11
6.8149015748031498
21
-4.8472047244094485
0
LINE
8
BLACK
6
CONTINUOUS
10
6.8149015748031498
20
-4.8472047244094485
11
7.0872481102362199
21
-4.8472047244094485
0
LINE
8
BLACK
6
CONTINUOUS
10
7.0872481102362199
20
-4.8472047244094485
11
7.0656585826771652
21
-4.8057316141732285
0
LINE
8
BLACK
6
CONTINUOUS
10
7.0656585826771652
20
-4.8057316141732285
11
7.0654436614173228
21
-4.8049942519685036
0
LINE
8
BLACK
6
CONTINUOUS
10
7.0654436614173228
20
-4.8049942519685036
11
7.0658967322834645
21
-4.8035573622047245
0
LINE
8
BLACK
6
CONTINUOUS
10
7.0658967322834645
20
-4.8035573622047245
11
7.06723311023622
21
-4.8028616535433066
0
LINE
8
BLACK
6
CONTINUOUS
10
7.06723311023622
20
-4.8028616535433066
11
7.06867
21
-4.8033147244094483
0
LINE
8
BLACK
6
CONTINUOUS
10
7.06867
20
-4.8033147244094483
11
7.0691507874015747
21
-4.8039137401574799
0
LINE
8
BLACK
6
CONTINUOUS
10
7.0691507874015747
20
-4.8039137401574799
11
7.0885236220472443
21
-4.8411286220472443
0
LINE
8
BLACK
6
CONTINUOUS
10
7.0885236220472443
20
-4.8411286220472443
11
7.0885236220472443
21
-2.8887138582677165
0
LINE
8
BLACK
6
CONTINUOUS
10
7.0885236220472443
20
-2.8887138582677165
11
7.0691507874015747
21
-2.9259287795275588
0
LINE
8
BLACK
6
CONTINUOUS
10
7.0691507874015747
20
-2.9259287795275588
11
7.06867
21
-2.9265277952755904
0
LINE
8
BLACK
6
CONTINUOUS
10
7.06867
20
-2.9265277952755904
11
7.06723311023622
21
-2.926980866141732
0
LINE
8
BLACK
6
CONTINUOUS
10
7.06723311023622
20
-2.926980866141732
11
7.0658967322834645
21
-2.926285157480315
0
LINE
8
BLACK
6
CONTINUOUS
10
7.0658967322834645
20
-2.926285157480315
11
7.0654436614173228
21
-2.9248482677165355
0
LINE
8
BLACK
6
CONTINUOUS
10
7.0654436614173228
20
-2.9248482677165355
11
7.0656585826771652
21
-2.9241109055118111
0
LINE
8
BLACK
6
CONTINUOUS
10
7.0656585826771652
20
-2.9241109055118111
11
7.0872481102362199
21
-2.8826377952755906
0
LINE
8
BLACK
6
CONTINUOUS
10
7.0872481102362199
20
-2.8826377952755906
11
6.8149015748031498
21
-2.8826377952755906
0
LINE
8
BLACK
6
CONTINUOUS
10
6.8149015748031498
20
-2.8826377952755906
11
6.8141482677165355
21
-2.8824879527559055
0
LINE
8
BLACK
6
CONTINUOUS
10
6.8141482677165355
20
-2.8824879527559055
11
6.8130829133858271
21
-2.8814225984251967
0
LINE
8
BLACK
6
CONTINUOUS
10
6.8130829133858271
20
-2.8814225984251967
11
6.8130829133858271
21
-2.8799159842519684
0
LINE
8
BLACK
6
CONTINUOUS
10
6.8130829133858271
20
-2.8799159842519684
11
6.8141482677165355
21
-2.87885062992126
0
LINE
8
BLACK
6
CONTINUOUS
10
6.8141482677165355
20
-2.87885062992126
11
6.8149015748031498
21
-2.8787007874015749
0
LINE
8
BLACK
6
CONTINUOUS
10
6.8149015748031498
20
-2.8787007874015749
11
7.1135795275590548
21
-2.8787007874015749
0
LINE
8
BLACK
6
CONTINUOUS
10
7.1135795275590548
20
-2.8787007874015749
11
7.1143328346456691
21
-2.87885062992126
0
LINE
8
BLACK
6
CONTINUOUS
10
5.0477513779527561
20
-4.5292848425196848
11
5.0614831496062989
21
-4.5324190157480313
0
LINE
8
BLACK
6
CONTINUOUS
10
5.0614831496062989
20
-4.5324190157480313
11
5.0747776377952754
21
-4.5370709842519688
0
LINE
8
BLACK
6
CONTINUOUS
10
5.0747776377952754
20
-4.5370709842519688
11
5.0874676771653542
21
-4.5431821653543309
0
LINE
8
BLACK
6
CONTINUOUS
10
5.0874676771653542
20
-4.5431821653543309
11
5.0993937007874015
21
-4.5506757874015751
0
LINE
8
BLACK
6
CONTINUOUS
10
5.0993937007874015
20
-4.5506757874015751
11
5.1104057480314964
21
-4.5594575984251966
0
LINE
8
BLACK
6
CONTINUOUS
10
5.1104057480314964
20
-4.5594575984251966
11
5.1203652362204721
21
-4.5694170866141732
0
LINE
8
BLACK
6
CONTINUOUS
10
5.1203652362204721
20
-4.5694170866141732
11
5.1291470472440945
21
-4.5804291338582672
0
LINE
8
BLACK
6
CONTINUOUS
10
5.1291470472440945
20
-4.5804291338582672
11
5.1366406692913387
21
-4.5923551574803145
0
LINE
8
BLACK
6
CONTINUOUS
10
5.1366406692913387
20
-4.5923551574803145
11
5.1427518503937009
21
-4.6050451968503934
0
LINE
8
BLACK
6
CONTINUOUS
10
5.1427518503937009
20
-4.6050451968503934
11
5.1474038188976374
21
-4.6183396850393699
0
LINE
8
BLACK
6
CONTINUOUS
10
5.1474038188976374
20
-4.6183396850393699
11
5.150537992125984
21
-4.6320714566929135
0
LINE
8
BLACK
6
CONTINUOUS
10
5.150537992125984
20
-4.6320714566929135
11
5.1521150000000002
21
-4.6460677952755907
0
LINE
8
BLACK
6
CONTINUOUS
10
5.1521150000000002
20
-4.6460677952755907
11
5.1521150000000002
21
-4.6601526771653541
0
LINE
8
BLACK
6
CONTINUOUS
10
5.1521150000000002
20
-4.6601526771653541
11
5.150537992125984
21
-4.6741490157480312
0
LINE
8
BLACK
6
CONTINUOUS
10
5.150537992125984
20
-4.6741490157480312
11
5.1474038188976374
21
-4.6878807874015749
0
LINE
8
BLACK
6
CONTINUOUS
10
5.1474038188976374
20
-4.6878807874015749
11
5.1427518503937009
21
-4.7011752755905514
0
LINE
8
BLACK
6
CONTINUOUS
10
5.1427518503937009
20
-4.7011752755905514
11
5.1366406692913387
21
-4.7138653149606302
0
LINE
8
BLACK
6
CONTINUOUS
10
5.1366406692913387
20
-4.7138653149606302
11
5.1291470472440945
21
-4.7257913385826766
0
LINE
8
BLACK
6
CONTINUOUS
10
5.1291470472440945
20
-4.7257913385826766
11
5.1203652362204721
21
-4.7368033858267715
0
LINE
8
BLACK
6
CONTINUOUS
10
5.1203652362204721
20
-4.7368033858267715
11
5.1104057480314964
21
-4.7467628740157481
0
LINE
8
BLACK
6
CONTINUOUS
10
5.1104057480314964
20
-4.7467628740157481
11
5.0993937007874015
21
-4.7555446850393697
0
LINE
8
BLACK
6
CONTINUOUS
10
5.0993937007874015
20
-4.7555446850393697
11
5.0874676771653542
21
-4.7630383070866138
0
LINE
8
BLACK
6
CONTINUOUS
10
5.0874676771653542
20
-4.7630383070866138
11
5.0747776377952754
21
-4.769149488188976
0
LINE
8
BLACK
6
CONTINUOUS
10
5.0747776377952754
20
-4.769149488188976
11
5.0614831496062989
21
-4.7738014566929134
0
LINE
8
BLACK
6
CONTINUOUS
10
5.0614831496062989
20
-4.7738014566929134
11
5.0477513779527561
21
-4.77693562992126
0
LINE
8
BLACK
6
CONTINUOUS
10
5.0477513779527561
20
-4.77693562992126
11
5.033755039370079
21
-4.7785126377952754
0
LINE
8
BLACK
6
CONTINUOUS
10
5.033755039370079
20
-4.7785126377952754
11
5.0196701574803146
21
-4.7785126377952754
0
LINE
8
BLACK
6
CONTINUOUS
10
5.0196701574803146
20
-4.7785126377952754
11
5.0056738188976375
21
-4.77693562992126
0
LINE
8
BLACK
6
CONTINUOUS
10
5.0056738188976375
20
-4.77693562992126
11
4.9919420472440947
21
-4.7738014566929134
0
LINE
8
BLACK
6
CONTINUOUS
10
4.9919420472440947
20
-4.7738014566929134
11
4.9786475590551182
21
-4.769149488188976
0
LINE
8
BLACK
6
CONTINUOUS
10
4.9786475590551182
20
-4.769149488188976
11
4.9659575196850394
21
-4.7630383070866138
0
LINE
8
BLACK
6
CONTINUOUS
10
4.9659575196850394
20
-4.7630383070866138
11
4.9540314960629921
21
-4.7555446850393697
0
LINE
8
BLACK
6
CONTINUOUS
10
4.9540314960629921
20
-4.7555446850393697
11
4.9430194488188972
21
-4.7467628740157481
0
LINE
8
BLACK
6
CONTINUOUS
10
4.9430194488188972
20
-4.7467628740157481
11
4.9330599606299215
21
-4.7368033858267715
0
LINE
8
BLACK
6
CONTINUOUS
10
4.9330599606299215
20
-4.7368033858267715
11
4.9242781496062991
21
-4.7257913385826766
0
LINE
8
BLACK
6
CONTINUOUS
10
4.9242781496062991
20
-4.7257913385826766
11
4.9167845275590549
21
-4.7138653149606302
0
LINE
8
BLACK
6
CONTINUOUS
10
4.9167845275590549
20
-4.7138653149606302
11
4.9106733464566927
21
-4.7011752755905514
0
LINE
8
BLACK
6
CONTINUOUS
10
4.9106733464566927
20
-4.7011752755905514
11
4.9060213779527562
21
-4.6878807874015749
0
LINE
8
BLACK
6
CONTINUOUS
10
4.9060213779527562
20
-4.6878807874015749
11
4.9028872047244096
21
-4.6741490157480312
0
LINE
8
BLACK
6
CONTINUOUS
10
4.9028872047244096
20
-4.6741490157480312
11
4.9013101968503934
21
-4.6601526771653541
0
LINE
8
BLACK
6
CONTINUOUS
10
4.9013101968503934
20
-4.6601526771653541
11
4.9013101968503934
21
-4.6468990551181104
0
LINE
8
BLACK
6
CONTINUOUS
10
4.9013101968503934
20
-4.6468990551181104
11
4.9013101968503934
21
-4.6460677952755907
0
LINE
8
BLACK
6
CONTINUOUS
10
4.9013101968503934
20
-4.6460677952755907
11
4.9028872047244096
21
-4.6320714566929135
0
LINE
8
BLACK
6
CONTINUOUS
10
4.9028872047244096
20
-4.6320714566929135
11
4.9060213779527562
21
-4.6183396850393699
0
LINE
8
BLACK
6
CONTINUOUS
10
4.9060213779527562
20
-4.6183396850393699
11
4.9106733464566927
21
-4.6050451968503934
0
LINE
8
BLACK
6
CONTINUOUS
10
4.9106733464566927
20
-4.6050451968503934
11
4.9167845275590549
21
-4.5923551574803145
0
LINE
8
BLACK
6
CONTINUOUS
10
4.9167845275590549
20
-4.5923551574803145
11
4.9242781496062991
21
-4.5804291338582672
0
LINE
8
BLACK
6
CONTINUOUS
10
4.9242781496062991
20
-4.5804291338582672
11
4.9330599606299215
21
-4.5694170866141732
0
LINE
8
BLACK
6
CONTINUOUS
10
4.9330599606299215
20
-4.5694170866141732
11
4.9430194488188972
21
-4.5594575984251966
0
LINE
8
BLACK
6
CONTINUOUS
10
4.9430194488188972
20
-4.5594575984251966
11
4.9540314960629921
21
-4.5506757874015751
0
LINE
8
BLACK
6
CONTINUOUS
10
4.9540314960629921
20
-4.5506757874015751
11
4.9659575196850394
21
-4.5431821653543309
0
LINE
8
BLACK
6
CONTINUOUS
10
4.9659575196850394
20
-4.5431821653543309
11
4.9786475590551182
21
-4.5370709842519688
0
LINE
8
BLACK
6
CONTINUOUS
10
4.9786475590551182
20
-4.5370709842519688
11
4.9919420472440947
21
-4.5324190157480313
0
LINE
8
BLACK
6
CONTINUOUS
10
4.9919420472440947
20
-4.5324190157480313
11
5.0056738188976375
21
-4.5292848425196848
0
LINE
8
BLACK
6
CONTINUOUS
10
5.0056738188976375
20
-4.5292848425196848
11
5.0196701574803146
21
-4.5277078346456694
0
LINE
8
BLACK
6
CONTINUOUS
10
5.0196701574803146
20
-4.5277078346456694
11
5.033755039370079
21
-4.5277078346456694
0
LINE
8
BLACK
6
CONTINUOUS
10
5.033755039370079
20
-4.5277078346456694
11
5.0477513779527561
21
-4.5292848425196848
0
LINE
8
BLACK
6
CONTINUOUS
10
4.9161125984251965
20
-4.6593214173228343
11
4.9175034645669289
21
-4.67166562992126
0
LINE
8
BLACK
6
CONTINUOUS
10
4.9175034645669289
20
-4.67166562992126
11
4.9202677165354327
21
-4.6837764960629924
0
LINE
8
BLACK
6
CONTINUOUS
10
4.9202677165354327
20
-4.6837764960629924
11
4.9243705511811022
21
-4.6955016929133855
0
LINE
8
BLACK
6
CONTINUOUS
10
4.9243705511811022
20
-4.6955016929133855
11
4.9297603937007874
21
-4.7066938188976373
0
LINE
8
BLACK
6
CONTINUOUS
10
4.9297603937007874
20
-4.7066938188976373
11
4.9363694488188976
21
-4.7172121259842514
0
LINE
8
BLACK
6
CONTINUOUS
10
4.9363694488188976
20
-4.7172121259842514
11
4.9441146456692913
21
-4.7269242913385829
0
LINE
8
BLACK
6
CONTINUOUS
10
4.9441146456692913
20
-4.7269242913385829
11
4.9528985433070867
21
-4.7357081889763775
0
LINE
8
BLACK
6
CONTINUOUS
10
4.9528985433070867
20
-4.7357081889763775
11
4.9626107086614173
21
-4.7434533858267711
0
LINE
8
BLACK
6
CONTINUOUS
10
4.9626107086614173
20
-4.7434533858267711
11
4.9731290157480315
21
-4.7500624409448822
0
LINE
8
BLACK
6
CONTINUOUS
10
4.9731290157480315
20
-4.7500624409448822
11
4.9843211417322832
21
-4.7554522834645665
0
LINE
8
BLACK
6
CONTINUOUS
10
4.9843211417322832
20
-4.7554522834645665
11
4.9960463385826772
21
-4.759555118110236
0
LINE
8
BLACK
6
CONTINUOUS
10
4.9960463385826772
20
-4.759555118110236
11
5.0081572047244096
21
-4.7623193700787398
0
LINE
8
BLACK
6
CONTINUOUS
10
5.0081572047244096
20
-4.7623193700787398
11
5.0205014173228344
21
-4.7637102362204722
0
LINE
8
BLACK
6
CONTINUOUS
10
5.0205014173228344
20
-4.7637102362204722
11
5.0329237795275592
21
-4.7637102362204722
0
LINE
8
BLACK
6
CONTINUOUS
10
5.0329237795275592
20
-4.7637102362204722
11
5.045267992125984
21
-4.7623193700787398
0
LINE
8
BLACK
6
CONTINUOUS
10
5.045267992125984
20
-4.7623193700787398
11
5.0573788582677164
21
-4.759555118110236
0
LINE
8
BLACK
6
CONTINUOUS
10
5.0573788582677164
20
-4.759555118110236
11
5.0691040551181104
21
-4.7554522834645665
0
LINE
8
BLACK
6
CONTINUOUS
10
5.0691040551181104
20
-4.7554522834645665
11
5.0802961811023621
21
-4.7500624409448822
0
LINE
8
BLACK
6
CONTINUOUS
10
5.0802961811023621
20
-4.7500624409448822
11
5.0908144881889763
21
-4.7434533858267711
0
LINE
8
BLACK
6
CONTINUOUS
10
5.0908144881889763
20
-4.7434533858267711
11
5.1005266535433069
21
-4.7357081889763775
0
LINE
8
BLACK
6
CONTINUOUS
10
5.1005266535433069
20
-4.7357081889763775
11
5.1093105511811023
21
-4.7269242913385829
0
LINE
8
BLACK
6
CONTINUOUS
10
5.1093105511811023
20
-4.7269242913385829
11
5.117055748031496
21
-4.7172121259842514
0
LINE
8
BLACK
6
CONTINUOUS
10
5.117055748031496
20
-4.7172121259842514
11
5.1236648031496062
21
-4.7066938188976373
0
LINE
8
BLACK
6
CONTINUOUS
10
5.1236648031496062
20
-4.7066938188976373
11
5.1290546456692914
21
-4.6955016929133855
0
LINE
8
BLACK
6
CONTINUOUS
10
5.1290546456692914
20
-4.6955016929133855
11
5.1331574803149609
21
-4.6837764960629924
0
LINE
8
BLACK
6
CONTINUOUS
10
5.1331574803149609
20
-4.6837764960629924
11
5.1359217322834647
21
-4.67166562992126
0
LINE
8
BLACK
6
CONTINUOUS
10
5.1359217322834647
20
-4.67166562992126
11
5.1373125984251971
21
-4.6593214173228343
0
LINE
8
BLACK
6
CONTINUOUS
10
5.1373125984251971
20
-4.6593214173228343
11
5.1373125984251971
21
-4.6468990551181104
0
LINE
8
BLACK
6
CONTINUOUS
10
5.1373125984251971
20
-4.6468990551181104
11
5.1359217322834647
21
-4.6345548425196847
0
LINE
8
BLACK
6
CONTINUOUS
10
5.1359217322834647
20
-4.6345548425196847
11
5.1331574803149609
21
-4.6224439763779523
0
LINE
8
BLACK
6
CONTINUOUS
10
5.1331574803149609
20
-4.6224439763779523
11
5.1290546456692914
21
-4.6107187795275593
0
LINE
8
BLACK
6
CONTINUOUS
10
5.1290546456692914
20
-4.6107187795275593
11
5.1236648031496062
21
-4.5995266535433066
0
LINE
8
BLACK
6
CONTINUOUS
10
5.1236648031496062
20
-4.5995266535433066
11
5.117055748031496
21
-4.5890083464566924
0
LINE
8
BLACK
6
CONTINUOUS
10
5.117055748031496
20
-4.5890083464566924
11
5.1093105511811023
21
-4.5792961811023618
0
LINE
8
BLACK
6
CONTINUOUS
10
5.1093105511811023
20
-4.5792961811023618
11
5.1005266535433069
21
-4.5705122834645664
0
LINE
8
BLACK
6
CONTINUOUS
10
5.1005266535433069
20
-4.5705122834645664
11
5.0908144881889763
21
-4.5627670866141727
0
LINE
8
BLACK
6
CONTINUOUS
10
5.0908144881889763
20
-4.5627670866141727
11
5.0802961811023621
21
-4.5561580314960626
0
LINE
8
BLACK
6
CONTINUOUS
10
5.0802961811023621
20
-4.5561580314960626
11
5.0691040551181104
21
-4.5507681889763782
0
LINE
8
BLACK
6
CONTINUOUS
10
5.0691040551181104
20
-4.5507681889763782
11
5.0573788582677164
21
-4.5466653543307087
0
LINE
8
BLACK
6
CONTINUOUS
10
5.0573788582677164
20
-4.5466653543307087
11
5.045267992125984
21
-4.5439011023622049
0
LINE
8
BLACK
6
CONTINUOUS
10
5.045267992125984
20
-4.5439011023622049
11
5.0329237795275592
21
-4.5425102362204726
0
LINE
8
BLACK
6
CONTINUOUS
10
5.0329237795275592
20
-4.5425102362204726
11
5.0205014173228344
21
-4.5425102362204726
0
LINE
8
BLACK
6
CONTINUOUS
10
5.0205014173228344
20
-4.5425102362204726
11
5.0081572047244096
21
-4.5439011023622049
0
LINE
8
BLACK
6
CONTINUOUS
10
5.0081572047244096
20
-4.5439011023622049
11
4.9960463385826772
21
-4.5466653543307087
0
LINE
8
BLACK
6
CONTINUOUS
10
4.9960463385826772
20
-4.5466653543307087
11
4.9843211417322832
21
-4.5507681889763782
0
LINE
8
BLACK
6
CONTINUOUS
10
4.9843211417322832
20
-4.5507681889763782
11
4.9731290157480315
21
-4.5561580314960626
0
LINE
8
BLACK
6
CONTINUOUS
10
4.9731290157480315
20
-4.5561580314960626
11
4.9626107086614173
21
-4.5627670866141727
0
LINE
8
BLACK
6
CONTINUOUS
10
4.9626107086614173
20
-4.5627670866141727
11
4.9528985433070867
21
-4.5705122834645664
0
LINE
8
BLACK
6
CONTINUOUS
10
4.9528985433070867
20
-4.5705122834645664
11
4.9441146456692913
21
-4.5792961811023618
0
LINE
8
BLACK
6
CONTINUOUS
10
4.9441146456692913
20
-4.5792961811023618
11
4.9363694488188976
21
-4.5890083464566924
0
LINE
8
BLACK
6
CONTINUOUS
10
4.9363694488188976
20
-4.5890083464566924
11
4.9297603937007874
21
-4.5995266535433066
0
LINE
8
BLACK
6
CONTINUOUS
10
4.9297603937007874
20
-4.5995266535433066
11
4.9243705511811022
21
-4.6107187795275593
0
LINE
8
BLACK
6
CONTINUOUS
10
4.9243705511811022
20
-4.6107187795275593
11
4.9202677165354327
21
-4.6224439763779523
0
LINE
8
BLACK
6
CONTINUOUS
10
4.9202677165354327
20
-4.6224439763779523
11
4.9175034645669289
21
-4.6345548425196847
0
LINE
8
BLACK
6
CONTINUOUS
10
4.9175034645669289
20
-4.6345548425196847
11
4.9161125984251965
21
-4.6468990551181104
0
LINE
8
BLACK
6
CONTINUOUS
10
4.9161125984251965
20
-4.6468990551181104
11
4.9161125984251965
21
-4.6593214173228343
0
LINE
8
BLACK
6
CONTINUOUS
10
6.5596489370078741
20
-2.7118987401574803
11
6.6011220472440941
21
-2.7334882677165355
0
LINE
8
BLACK
6
CONTINUOUS
10
6.6011220472440941
20
-2.7334882677165355
11
6.6011220472440941
21
-2.7136448818897638
0
LINE
8
BLACK
6
CONTINUOUS
10
6.6011220472440941
20
-2.7136448818897638
11
6.6012718897637797
21
-2.7128915748031495
0
LINE
8
BLACK
6
CONTINUOUS
10
6.6012718897637797
20
-2.7128915748031495
11
6.6023372440944881
21
-2.711826220472441
0
LINE
8
BLACK
6
CONTINUOUS
10
6.6023372440944881
20
-2.711826220472441
11
6.6038438582677168
21
-2.711826220472441
0
LINE
8
BLACK
6
CONTINUOUS
10
6.6038438582677168
20
-2.711826220472441
11
6.6049092125984252
21
-2.7128915748031495
0
LINE
8
BLACK
6
CONTINUOUS
10
6.6049092125984252
20
-2.7128915748031495
11
6.6050590551181099
21
-2.7136448818897638
0
LINE
8
BLACK
6
CONTINUOUS
10
6.6050590551181099
20
-2.7136448818897638
11
6.6050590551181099
21
-2.9513298818897638
0
LINE
8
BLACK
6
CONTINUOUS
10
6.6050590551181099
20
-2.9513298818897638
11
6.6101329921259842
21
-2.9513298818897638
0
LINE
8
BLACK
6
CONTINUOUS
10
6.6101329921259842
20
-2.9513298818897638
11
6.6241293307086613
21
-2.9529068897637796
0
LINE
8
BLACK
6
CONTINUOUS
10
6.6241293307086613
20
-2.9529068897637796
11
6.6378611023622049
21
-2.9560410629921261
0
LINE
8
BLACK
6
CONTINUOUS
10
6.6378611023622049
20
-2.9560410629921261
11
6.6511555905511806
21
-2.9606930314960631
0
LINE
8
BLACK
6
CONTINUOUS
10
6.6511555905511806
20
-2.9606930314960631
11
6.6638456299212594
21
-2.9668042125984253
0
LINE
8
BLACK
6
CONTINUOUS
10
6.6638456299212594
20
-2.9668042125984253
11
6.6757716535433067
21
-2.9742978346456694
0
LINE
8
BLACK
6
CONTINUOUS
10
6.6757716535433067
20
-2.9742978346456694
11
6.6867837007874016
21
-2.9830796456692914
0
LINE
8
BLACK
6
CONTINUOUS
10
6.6867837007874016
20
-2.9830796456692914
11
6.6967431889763782
21
-2.9930391338582676
0
LINE
8
BLACK
6
CONTINUOUS
10
6.6967431889763782
20
-2.9930391338582676
11
6.7055249999999997
21
-3.004051181102362
0
LINE
8
BLACK
6
CONTINUOUS
10
6.7055249999999997
20
-3.004051181102362
11
6.7130186220472439
21
-3.0159772047244093
0
LINE
8
BLACK
6
CONTINUOUS
10
6.7130186220472439
20
-3.0159772047244093
11
6.7191298031496061
21
-3.0286672440944882
0
LINE
8
BLACK
6
CONTINUOUS
10
6.7191298031496061
20
-3.0286672440944882
11
6.7237817716535435
21
-3.0419617322834647
0
LINE
8
BLACK
6
CONTINUOUS
10
6.7237817716535435
20
-3.0419617322834647
11
6.72691594488189
21
-3.0556935039370079
0
LINE
8
BLACK
6
CONTINUOUS
10
6.72691594488189
20
-3.0556935039370079
11
6.7284929527559054
21
-3.069689842519685
0
LINE
8
BLACK
6
CONTINUOUS
10
6.7284929527559054
20
-3.069689842519685
11
6.7284929527559054
21
-3.0747637795275589
0
LINE
8
BLACK
6
CONTINUOUS
10
6.7284929527559054
20
-3.0747637795275589
11
6.9281779527559051
21
-3.0747637795275589
0
LINE
8
BLACK
6
CONTINUOUS
10
6.9281779527559051
20
-3.0747637795275589
11
6.9289312598425195
21
-3.0749136220472439
0
LINE
8
BLACK
6
CONTINUOUS
10
6.9289312598425195
20
-3.0749136220472439
11
6.9299966141732279
21
-3.0759789763779528
0
LINE
8
BLACK
6
CONTINUOUS
10
6.9299966141732279
20
-3.0759789763779528
11
6.9299966141732279
21
-3.0774855905511811
0
LINE
8
BLACK
6
CONTINUOUS
10
6.9299966141732279
20
-3.0774855905511811
11
6.9289312598425195
21
-3.0785509448818895
0
LINE
8
BLACK
6
CONTINUOUS
10
6.9289312598425195
20
-3.0785509448818895
11
6.9281779527559051
21
-3.0787007874015746
0
LINE
8
BLACK
6
CONTINUOUS
10
6.9281779527559051
20
-3.0787007874015746
11
6.9083345669291338
21
-3.0787007874015746
0
LINE
8
BLACK
6
CONTINUOUS
10
6.9083345669291338
20
-3.0787007874015746
11
6.9299240551181098
21
-3.1201738582677163
0
LINE
8
BLACK
6
CONTINUOUS
10
6.9299240551181098
20
-3.1201738582677163
11
6.9301390157480309
21
-3.1209112598425195
0
LINE
8
BLACK
6
CONTINUOUS
10
6.9301390157480309
20
-3.1209112598425195
11
6.9296859448818893
21
-3.122348149606299
0
LINE
8
BLACK
6
CONTINUOUS
10
6.9296859448818893
20
-3.122348149606299
11
6.9283495669291337
21
-3.1230438188976377
0
LINE
8
BLACK
6
CONTINUOUS
10
6.9283495669291337
20
-3.1230438188976377
11
6.926912637795275
21
-3.1225907874015748
0
LINE
8
BLACK
6
CONTINUOUS
10
6.926912637795275
20
-3.1225907874015748
11
6.9264318897637791
21
-3.1219917716535432
0
LINE
8
BLACK
6
CONTINUOUS
10
6.9264318897637791
20
-3.1219917716535432
11
6.9070590551181104
21
-3.0847768897637793
0
LINE
8
BLACK
6
CONTINUOUS
10
6.9070590551181104
20
-3.0847768897637793
11
6.9070590551181104
21
-4.6450655905511811
0
LINE
8
BLACK
6
CONTINUOUS
10
6.9070590551181104
20
-4.6450655905511811
11
6.9264318897637791
21
-4.6078507480314963
0
LINE
8
BLACK
6
CONTINUOUS
10
6.9264318897637791
20
-4.6078507480314963
11
6.926912637795275
21
-4.6072517322834647
0
LINE
8
BLACK
6
CONTINUOUS
10
6.926912637795275
20
-4.6072517322834647
11
6.9283495669291337
21
-4.6067987007874018
0
LINE
8
BLACK
6
CONTINUOUS
10
6.9283495669291337
20
-4.6067987007874018
11
6.9296859448818893
21
-4.6074943700787401
0
LINE
8
BLACK
6
CONTINUOUS
10
6.9296859448818893
20
-4.6074943700787401
11
6.9301390157480309
21
-4.6089312598425192
0
LINE
8
BLACK
6
CONTINUOUS
10
6.9301390157480309
20
-4.6089312598425192
11
6.9299240551181098
21
-4.6096686614173228
0
LINE
8
BLACK
6
CONTINUOUS
10
6.9299240551181098
20
-4.6096686614173228
11
6.9083345669291338
21
-4.6511417322834641
0
LINE
8
BLACK
6
CONTINUOUS
10
6.9083345669291338
20
-4.6511417322834641
11
6.9281779527559051
21
-4.6511417322834641
0
LINE
8
BLACK
6
CONTINUOUS
10
6.9281779527559051
20
-4.6511417322834641
11
6.9289312598425195
21
-4.6512915748031496
0
LINE
8
BLACK
6
CONTINUOUS
10
6.9289312598425195
20
-4.6512915748031496
11
6.9299966141732279
21
-4.652356929133858
0
LINE
8
BLACK
6
CONTINUOUS
10
6.9299966141732279
20
-4.652356929133858
11
6.9299966141732279
21
-4.6538635433070867
0
LINE
8
BLACK
6
CONTINUOUS
10
6.9299966141732279
20
-4.6538635433070867
11
6.9289312598425195
21
-4.6549288976377952
0
LINE
8
BLACK
6
CONTINUOUS
10
6.9289312598425195
20
-4.6549288976377952
11
6.9281779527559051
21
-4.6550787401574798
0
LINE
8
BLACK
6
CONTINUOUS
10
6.9281779527559051
20
-4.6550787401574798
11
6.7284929527559054
21
-4.6550787401574798
0
LINE
8
BLACK
6
CONTINUOUS
10
6.7284929527559054
20
-4.6550787401574798
11
6.7284929527559054
21
-4.6601526771653541
0
LINE
8
BLACK
6
CONTINUOUS
10
6.7284929527559054
20
-4.6601526771653541
11
6.72691594488189
21
-4.6741490157480312
0
LINE
8
BLACK
6
CONTINUOUS
10
6.72691594488189
20
-4.6741490157480312
11
6.7237817716535435
21
-4.6878807874015749
0
LINE
8
BLACK
6
CONTINUOUS
10
6.7237817716535435
20
-4.6878807874015749
11
6.7191298031496061
21
-4.7011752755905514
0
LINE
8
BLACK
6
CONTINUOUS
10
6.7191298031496061
20
-4.7011752755905514
11
6.7130186220472439
21
-4.7138653149606302
0
LINE
8
BLACK
6
CONTINUOUS
10
6.7130186220472439
20
-4.7138653149606302
11
6.7055249999999997
21
-4.7257913385826766
0
LINE
8
BLACK
6
CONTINUOUS
10
6.7055249999999997
20
-4.7257913385826766
11
6.6967431889763782
21
-4.7368033858267715
0
LINE
8
BLACK
6
CONTINUOUS
10
6.6967431889763782
20
-4.7368033858267715
11
6.6867837007874016
21
-4.7467628740157481
0
LINE
8
BLACK
6
CONTINUOUS
10
6.6867837007874016
20
-4.7467628740157481
11
6.6757716535433067
21
-4.7555446850393697
0
LINE
8
BLACK
6
CONTINUOUS
10
6.6757716535433067
20
-4.7555446850393697
11
6.6638456299212594
21
-4.7630383070866138
0
LINE
8
BLACK
6
CONTINUOUS
10
6.6638456299212594
20
-4.7630383070866138
11
6.6511555905511806
21
-4.769149488188976
0
LINE
8
BLACK
6
CONTINUOUS
10
6.6511555905511806
20
-4.769149488188976
11
6.6378611023622049
21
-4.7738014566929134
0
LINE
8
BLACK
6
CONTINUOUS
10
6.6378611023622049
20
-4.7738014566929134
11
6.6241293307086613
21
-4.77693562992126
0
LINE
8
BLACK
6
CONTINUOUS
10
6.6241293307086613
20
-4.77693562992126
11
6.6101329921259842
21
-4.7785126377952754
0
LINE
8
BLACK
6
CONTINUOUS
10
6.6101329921259842
20
-4.7785126377952754
11
6.5960481102362207
21
-4.7785126377952754
0
LINE
8
BLACK
6
CONTINUOUS
10
6.5960481102362207
20
-4.7785126377952754
11
6.5820517716535427
21
-4.77693562992126
0
LINE
8
BLACK
6
CONTINUOUS
10
6.5820517716535427
20
-4.77693562992126
11
6.5683199999999999
21
-4.7738014566929134
0
LINE
8
BLACK
6
CONTINUOUS
10
6.5683199999999999
20
-4.7738014566929134
11
6.5550255118110234
21
-4.769149488188976
0
LINE
8
BLACK
6
CONTINUOUS
10
6.5550255118110234
20
-4.769149488188976
11
6.5423354724409446
21
-4.7630383070866138
0
LINE
8
BLACK
6
CONTINUOUS
10
6.5423354724409446
20
-4.7630383070866138
11
6.5304094488188973
21
-4.7555446850393697
0
LINE
8
BLACK
6
CONTINUOUS
10
6.5304094488188973
20
-4.7555446850393697
11
6.5193974015748033
21
-4.7467628740157481
0
LINE
8
BLACK
6
CONTINUOUS
10
6.5193974015748033
20
-4.7467628740157481
11
6.5094379133858267
21
-4.7368033858267715
0
LINE
8
BLACK
6
CONTINUOUS
10
6.5094379133858267
20
-4.7368033858267715
11
6.5006561023622043
21
-4.7257913385826766
0
LINE
8
BLACK
6
CONTINUOUS
10
6.5006561023622043
20
-4.7257913385826766
11
6.4931624803149601
21
-4.7138653149606302
0
LINE
8
BLACK
6
CONTINUOUS
10
6.4931624803149601
20
-4.7138653149606302
11
6.4870512992125979
21
-4.7011752755905514
0
LINE
8
BLACK
6
CONTINUOUS
10
6.4870512992125979
20
-4.7011752755905514
11
6.4823993307086614
21
-4.6878807874015749
0
LINE
8
BLACK
6
CONTINUOUS
10
6.4823993307086614
20
-4.6878807874015749
11
6.4792651574803148
21
-4.6741490157480312
0
LINE
8
BLACK
6
CONTINUOUS
10
6.4792651574803148
20
-4.6741490157480312
11
6.4776881496062995
21
-4.6601526771653541
0
LINE
8
BLACK
6
CONTINUOUS
10
6.4776881496062995
20
-4.6601526771653541
11
6.4776881496062995
21
-4.6468990551181104
0
LINE
8
BLACK
6
CONTINUOUS
10
6.4776881496062995
20
-4.6468990551181104
11
6.4776881496062995
21
-4.6460677952755907
0
LINE
8
BLACK
6
CONTINUOUS
10
6.4776881496062995
20
-4.6460677952755907
11
6.4792651574803148
21
-4.6320714566929135
0
LINE
8
BLACK
6
CONTINUOUS
10
6.4792651574803148
20
-4.6320714566929135
11
6.4823993307086614
21
-4.6183396850393699
0
LINE
8
BLACK
6
CONTINUOUS
10
6.4823993307086614
20
-4.6183396850393699
11
6.4870512992125979
21
-4.6050451968503934
0
LINE
8
BLACK
6
CONTINUOUS
10
6.4870512992125979
20
-4.6050451968503934
11
6.4931624803149601
21
-4.5923551574803145
0
LINE
8
BLACK
6
CONTINUOUS
10
6.4931624803149601
20
-4.5923551574803145
11
6.5006561023622043
21
-4.5804291338582672
0
LINE
8
BLACK
6
CONTINUOUS
10
6.5006561023622043
20
-4.5804291338582672
11
6.5094379133858267
21
-4.5694170866141732
0
LINE
8
BLACK
6
CONTINUOUS
10
6.5094379133858267
20
-4.5694170866141732
11
6.5193974015748033
21
-4.5594575984251966
0
LINE
8
BLACK
6
CONTINUOUS
10
6.5193974015748033
20
-4.5594575984251966
11
6.5304094488188973
21
-4.5506757874015751
0
LINE
8
BLACK
6
CONTINUOUS
10
6.5304094488188973
20
-4.5506757874015751
11
6.5423354724409446
21
-4.5431821653543309
0
LINE
8
BLACK
6
CONTINUOUS
10
6.5423354724409446
20
-4.5431821653543309
11
6.5550255118110234
21
-4.5370709842519688
0
LINE
8
BLACK
6
CONTINUOUS
10
6.5550255118110234
20
-4.5370709842519688
11
6.5683199999999999
21
-4.5324190157480313
0
LINE
8
BLACK
6
CONTINUOUS
10
6.5683199999999999
20
-4.5324190157480313
11
6.5820517716535427
21
-4.5292848425196848
0
LINE
8
BLACK
6
CONTINUOUS
10
6.5820517716535427
20
-4.5292848425196848
11
6.5960481102362207
21
-4.5277078346456694
0
LINE
8
BLACK
6
CONTINUOUS
10
6.5960481102362207
20
-4.5277078346456694
11
6.6101329921259842
21
-4.5277078346456694
0
LINE
8
BLACK
6
CONTINUOUS
10
6.6101329921259842
20
-4.5277078346456694
11
6.6241293307086613
21
-4.5292848425196848
0
LINE
8
BLACK
6
CONTINUOUS
10
6.6241293307086613
20
-4.5292848425196848
11
6.6378611023622049
21
-4.5324190157480313
0
LINE
8
BLACK
6
CONTINUOUS
10
6.6378611023622049
20
-4.5324190157480313
11
6.6511555905511806
21
-4.5370709842519688
0
LINE
8
BLACK
6
CONTINUOUS
10
6.6511555905511806
20
-4.5370709842519688
11
6.6638456299212594
21
-4.5431821653543309
0
LINE
8
BLACK
6
CONTINUOUS
10
6.6638456299212594
20
-4.5431821653543309
11
6.6757716535433067
21
-4.5506757874015751
0
LINE
8
BLACK
6
CONTINUOUS
10
6.6757716535433067
20
-4.5506757874015751
11
6.6867837007874016
21
-4.5594575984251966
0
LINE
8
BLACK
6
CONTINUOUS
10
6.6867837007874016
20
-4.5594575984251966
11
6.6967431889763782
21
-4.5694170866141732
0
LINE
8
BLACK
6
CONTINUOUS
10
6.6967431889763782
20
-4.5694170866141732
11
6.7055249999999997
21
-4.5804291338582672
0
LINE
8
BLACK
6
CONTINUOUS
10
6.7055249999999997
20
-4.5804291338582672
11
6.7130186220472439
21
-4.5923551574803145
0
LINE
8
BLACK
6
CONTINUOUS
10
6.7130186220472439
20
-4.5923551574803145
11
6.7191298031496061
21
-4.6050451968503934
0
LINE
8
BLACK
6
CONTINUOUS
10
6.7191298031496061
20
-4.6050451968503934
11
6.7237817716535435
21
-4.6183396850393699
0
LINE
8
BLACK
6
CONTINUOUS
10
6.7237817716535435
20
-4.6183396850393699
11
6.72691594488189
21
-4.6320714566929135
0
LINE
8
BLACK
6
CONTINUOUS
10
6.72691594488189
20
-4.6320714566929135
11
6.7284929527559054
21
-4.6460677952755907
0
LINE
8
BLACK
6
CONTINUOUS
10
6.7284929527559054
20
-4.6460677952755907
11
6.7284929527559054
21
-4.6511417322834641
0
LINE
8
BLACK
6
CONTINUOUS
10
6.7284929527559054
20
-4.6511417322834641
11
6.9018465354330711
21
-4.6511417322834641
0
LINE
8
BLACK
6
CONTINUOUS
10
6.9018465354330711
20
-4.6511417322834641
11
6.8802570078740155
21
-4.609668622047244
0
LINE
8
BLACK
6
CONTINUOUS
10
6.8802570078740155
20
-4.609668622047244
11
6.8800420866141732
21
-4.6089312598425192
0
LINE
8
BLACK
6
CONTINUOUS
10
6.8800420866141732
20
-4.6089312598425192
11
6.8804951574803148
21
-4.6074943700787401
0
LINE
8
BLACK
6
CONTINUOUS
10
6.8804951574803148
20
-4.6074943700787401
11
6.8818315354330704
21
-4.6067986614173231
0
LINE
8
BLACK
6
CONTINUOUS
10
6.8818315354330704
20
-4.6067986614173231
11
6.8832684251968503
21
-4.6072517322834647
0
LINE
8
BLACK
6
CONTINUOUS
10
6.8832684251968503
20
-4.6072517322834647
11
6.883749212598425
21
-4.6078507480314963
0
LINE
8
BLACK
6
CONTINUOUS
10
6.883749212598425
20
-4.6078507480314963
11
6.9031220472440946
21
-4.6450656299212598
0
LINE
8
BLACK
6
CONTINUOUS
10
6.9031220472440946
20
-4.6450656299212598
11
6.9031220472440946
21
-3.0847768503937005
0
LINE
8
BLACK
6
CONTINUOUS
10
6.9031220472440946
20
-3.0847768503937005
11
6.883749212598425
21
-3.1219917716535432
0
LINE
8
BLACK
6
CONTINUOUS
10
6.883749212598425
20
-3.1219917716535432
11
6.8832684251968503
21
-3.1225907874015748
0
LINE
8
BLACK
6
CONTINUOUS
10
6.8832684251968503
20
-3.1225907874015748
11
6.8818315354330704
21
-3.1230438582677165
0
LINE
8
BLACK
6
CONTINUOUS
10
6.8818315354330704
20
-3.1230438582677165
11
6.8804951574803148
21
-3.122348149606299
0
LINE
8
BLACK
6
CONTINUOUS
10
6.8804951574803148
20
-3.122348149606299
11
6.8800420866141732
21
-3.1209112598425195
0
LINE
8
BLACK
6
CONTINUOUS
10
6.8800420866141732
20
-3.1209112598425195
11
6.8802570078740155
21
-3.1201738976377951
0
LINE
8
BLACK
6
CONTINUOUS
10
6.8802570078740155
20
-3.1201738976377951
11
6.9018465354330711
21
-3.0787007874015746
0
LINE
8
BLACK
6
CONTINUOUS
10
6.9018465354330711
20
-3.0787007874015746
11
6.7284929527559054
21
-3.0787007874015746
0
LINE
8
BLACK
6
CONTINUOUS
10
6.7284929527559054
20
-3.0787007874015746
11
6.7284929527559054
21
-3.0837747244094489
0
LINE
8
BLACK
6
CONTINUOUS
10
6.7284929527559054
20
-3.0837747244094489
11
6.72691594488189
21
-3.097771062992126
0
LINE
8
BLACK
6
CONTINUOUS
10
6.72691594488189
20
-3.097771062992126
11
6.7237817716535435
21
-3.1115028346456692
0
LINE
8
BLACK
6
CONTINUOUS
10
6.7237817716535435
20
-3.1115028346456692
11
6.7191298031496061
21
-3.1247973228346457
0
LINE
8
BLACK
6
CONTINUOUS
10
6.7191298031496061
20
-3.1247973228346457
11
6.7130186220472439
21
-3.1374873622047241
0
LINE
8
BLACK
6
CONTINUOUS
10
6.7130186220472439
20
-3.1374873622047241
11
6.7055249999999997
21
-3.1494133858267714
0
LINE
8
BLACK
6
CONTINUOUS
10
6.7055249999999997
20
-3.1494133858267714
11
6.6967431889763782
21
-3.1604254330708659
0
LINE
8
BLACK
6
CONTINUOUS
10
6.6967431889763782
20
-3.1604254330708659
11
6.6867837007874016
21
-3.1703849212598425
0
LINE
8
BLACK
6
CONTINUOUS
10
6.6867837007874016
20
-3.1703849212598425
11
6.6757716535433067
21
-3.1791667322834645
0
LINE
8
BLACK
6
CONTINUOUS
10
6.6757716535433067
20
-3.1791667322834645
11
6.6638456299212594
21
-3.1866603543307086
0
LINE
8
BLACK
6
CONTINUOUS
10
6.6638456299212594
20
-3.1866603543307086
11
6.6511555905511806
21
-3.1927715354330708
0
LINE
8
BLACK
6
CONTINUOUS
10
6.6511555905511806
20
-3.1927715354330708
11
6.6378611023622049
21
-3.1974235039370078
0
LINE
8
BLACK
6
CONTINUOUS
10
6.6378611023622049
20
-3.1974235039370078
11
6.6241293307086613
21
-3.2005576771653543
0
LINE
8
BLACK
6
CONTINUOUS
10
6.6241293307086613
20
-3.2005576771653543
11
6.6101329921259842
21
-3.2021346850393702
0
LINE
8
BLACK
6
CONTINUOUS
10
6.6101329921259842
20
-3.2021346850393702
11
6.5960481102362207
21
-3.2021346850393702
0
LINE
8
BLACK
6
CONTINUOUS
10
6.5960481102362207
20
-3.2021346850393702
11
6.5820517716535427
21
-3.2005576771653543
0
LINE
8
BLACK
6
CONTINUOUS
10
6.5820517716535427
20
-3.2005576771653543
11
6.5683199999999999
21
-3.1974235039370078
0
LINE
8
BLACK
6
CONTINUOUS
10
6.5683199999999999
20
-3.1974235039370078
11
6.5550255118110234
21
-3.1927715354330708
0
LINE
8
BLACK
6
CONTINUOUS
10
6.5550255118110234
20
-3.1927715354330708
11
6.5423354724409446
21
-3.1866603543307086
0
LINE
8
BLACK
6
CONTINUOUS
10
6.5423354724409446
20
-3.1866603543307086
11
6.5304094488188973
21
-3.1791667322834645
0
LINE
8
BLACK
6
CONTINUOUS
10
6.5304094488188973
20
-3.1791667322834645
11
6.5193974015748033
21
-3.1703849212598425
0
LINE
8
BLACK
6
CONTINUOUS
10
6.5193974015748033
20
-3.1703849212598425
11
6.5094379133858267
21
-3.1604254330708659
0
LINE
8
BLACK
6
CONTINUOUS
10
6.5094379133858267
20
-3.1604254330708659
11
6.5006561023622043
21
-3.1494133858267714
0
LINE
8
BLACK
6
CONTINUOUS
10
6.5006561023622043
20
-3.1494133858267714
11
6.4931624803149601
21
-3.1374873622047241
0
LINE
8
BLACK
6
CONTINUOUS
10
6.4931624803149601
20
-3.1374873622047241
11
6.4870512992125979
21
-3.1247973228346457
0
LINE
8
BLACK
6
CONTINUOUS
10
6.4870512992125979
20
-3.1247973228346457
11
6.4823993307086614
21
-3.1115028346456692
0
LINE
8
BLACK
6
CONTINUOUS
10
6.4823993307086614
20
-3.1115028346456692
11
6.4792651574803148
21
-3.097771062992126
0
LINE
8
BLACK
6
CONTINUOUS
10
6.4792651574803148
20
-3.097771062992126
11
6.4776881496062995
21
-3.0837747244094489
0
LINE
8
BLACK
6
CONTINUOUS
10
6.4776881496062995
20
-3.0837747244094489
11
6.4776881496062995
21
-3.0705211023622048
0
LINE
8
BLACK
6
CONTINUOUS
10
6.4776881496062995
20
-3.0705211023622048
11
6.4776881496062995
21
-3.069689842519685
0
LINE
8
BLACK
6
CONTINUOUS
10
6.4776881496062995
20
-3.069689842519685
11
6.4792651574803148
21
-3.0556935039370079
0
LINE
8
BLACK
6
CONTINUOUS
10
6.4792651574803148
20
-3.0556935039370079
11
6.4823993307086614
21
-3.0419617322834647
0
LINE
8
BLACK
6
CONTINUOUS
10
6.4823993307086614
20
-3.0419617322834647
11
6.4870512992125979
21
-3.0286672440944882
0
LINE
8
BLACK
6
CONTINUOUS
10
6.4870512992125979
20
-3.0286672440944882
11
6.4931624803149601
21
-3.0159772047244093
0
LINE
8
BLACK
6
CONTINUOUS
10
6.4931624803149601
20
-3.0159772047244093
11
6.5006561023622043
21
-3.004051181102362
0
LINE
8
BLACK
6
CONTINUOUS
10
6.5006561023622043
20
-3.004051181102362
11
6.5094379133858267
21
-2.9930391338582676
0
LINE
8
BLACK
6
CONTINUOUS
10
6.5094379133858267
20
-2.9930391338582676
11
6.5193974015748033
21
-2.9830796456692914
0
LINE
8
BLACK
6
CONTINUOUS
10
6.5193974015748033
20
-2.9830796456692914
11
6.5304094488188973
21
-2.9742978346456694
0
LINE
8
BLACK
6
CONTINUOUS
10
6.5304094488188973
20
-2.9742978346456694
11
6.5423354724409446
21
-2.9668042125984253
0
LINE
8
BLACK
6
CONTINUOUS
10
6.5423354724409446
20
-2.9668042125984253
11
6.5550255118110234
21
-2.9606930314960631
0
LINE
8
BLACK
6
CONTINUOUS
10
6.5550255118110234
20
-2.9606930314960631
11
6.5683199999999999
21
-2.9560410629921261
0
LINE
8
BLACK
6
CONTINUOUS
10
6.5683199999999999
20
-2.9560410629921261
11
6.5820517716535427
21
-2.9529068897637796
0
LINE
8
BLACK
6
CONTINUOUS
10
6.5820517716535427
20
-2.9529068897637796
11
6.5960481102362207
21
-2.9513298818897638
0
LINE
8
BLACK
6
CONTINUOUS
10
6.5960481102362207
20
-2.9513298818897638
11
6.6011220472440941
21
-2.9513298818897638
0
LINE
8
BLACK
6
CONTINUOUS
10
6.6011220472440941
20
-2.9513298818897638
11
6.6011220472440941
21
-2.7399762598425195
0
LINE
8
BLACK
6
CONTINUOUS
10
6.6011220472440941
20
-2.7399762598425195
11
6.5596489370078741
21
-2.7615658267716534
0
LINE
8
BLACK
6
CONTINUOUS
10
6.5596489370078741
20
-2.7615658267716534
11
6.5589115748031492
21
-2.7617807480314962
0
LINE
8
BLACK
6
CONTINUOUS
10
6.5589115748031492
20
-2.7617807480314962
11
6.5574746850393701
21
-2.7613276771653541
0
LINE
8
BLACK
6
CONTINUOUS
10
6.5574746850393701
20
-2.7613276771653541
11
6.5567789763779523
21
-2.7599912992125986
0
LINE
8
BLACK
6
CONTINUOUS
10
6.5567789763779523
20
-2.7599912992125986
11
6.5572320472440939
21
-2.758554409448819
0
LINE
8
BLACK
6
CONTINUOUS
10
6.5572320472440939
20
-2.758554409448819
11
6.5578310629921255
21
-2.7580736220472439
0
LINE
8
BLACK
6
CONTINUOUS
10
6.5578310629921255
20
-2.7580736220472439
11
6.5950459448818899
21
-2.7387007874015747
0
LINE
8
BLACK
6
CONTINUOUS
10
6.5950459448818899
20
-2.7387007874015747
11
5.0347572440944877
21
-2.7387007874015747
0
LINE
8
BLACK
6
CONTINUOUS
10
5.0347572440944877
20
-2.7387007874015747
11
5.0719720866141733
21
-2.7580736220472439
0
LINE
8
BLACK
6
CONTINUOUS
10
5.0719720866141733
20
-2.7580736220472439
11
5.0725711023622049
21
-2.7585543700787403
0
LINE
8
BLACK
6
CONTINUOUS
10
5.0725711023622049
20
-2.7585543700787403
11
5.0730241338582678
21
-2.7599912992125986
0
LINE
8
BLACK
6
CONTINUOUS
10
5.0730241338582678
20
-2.7599912992125986
11
5.0723284645669287
21
-2.7613276771653541
0
LINE
8
BLACK
6
CONTINUOUS
10
5.0723284645669287
20
-2.7613276771653541
11
5.0708915748031496
21
-2.7617807480314962
0
LINE
8
BLACK
6
CONTINUOUS
10
5.0708915748031496
20
-2.7617807480314962
11
5.0701541732283459
21
-2.7615657874015747
0
LINE
8
BLACK
6
CONTINUOUS
10
5.0701541732283459
20
-2.7615657874015747
11
5.0286811023622047
21
-2.7399762598425195
0
LINE
8
BLACK
6
CONTINUOUS
10
5.0286811023622047
20
-2.7399762598425195
11
5.0286811023622047
21
-2.9513298818897638
0
LINE
8
BLACK
6
CONTINUOUS
10
5.0286811023622047
20
-2.9513298818897638
11
5.033755039370079
21
-2.9513298818897638
0
LINE
8
BLACK
6
CONTINUOUS
10
5.033755039370079
20
-2.9513298818897638
11
5.0477513779527561
21
-2.9529068897637796
0
LINE
8
BLACK
6
CONTINUOUS
10
5.0477513779527561
20
-2.9529068897637796
11
5.0614831496062989
21
-2.9560410629921261
0
LINE
8
BLACK
6
CONTINUOUS
10
5.0614831496062989
20
-2.9560410629921261
11
5.0747776377952754
21
-2.9606930314960631
0
LINE
8
BLACK
6
CONTINUOUS
10
5.0747776377952754
20
-2.9606930314960631
11
5.0874676771653542
21
-2.9668042125984253
0
LINE
8
BLACK
6
CONTINUOUS
10
5.0874676771653542
20
-2.9668042125984253
11
5.0993937007874015
21
-2.9742978346456694
0
LINE
8
BLACK
6
CONTINUOUS
10
5.0993937007874015
20
-2.9742978346456694
11
5.1104057480314964
21
-2.9830796456692914
0
LINE
8
BLACK
6
CONTINUOUS
10
5.1104057480314964
20
-2.9830796456692914
11
5.1203652362204721
21
-2.9930391338582676
0
LINE
8
BLACK
6
CONTINUOUS
10
5.1203652362204721
20
-2.9930391338582676
11
5.1291470472440945
21
-3.004051181102362
0
LINE
8
BLACK
6
CONTINUOUS
10
5.1291470472440945
20
-3.004051181102362
11
5.1366406692913387
21
-3.0159772047244093
0
LINE
8
BLACK
6
CONTINUOUS
10
5.1366406692913387
20
-3.0159772047244093
11
5.1427518503937009
21
-3.0286672440944882
0
LINE
8
BLACK
6
CONTINUOUS
10
5.1427518503937009
20
-3.0286672440944882
11
5.1474038188976374
21
-3.0419617322834647
0
LINE
8
BLACK
6
CONTINUOUS
10
5.1474038188976374
20
-3.0419617322834647
11
5.150537992125984
21
-3.0556935039370079
0
LINE
8
BLACK
6
CONTINUOUS
10
5.150537992125984
20
-3.0556935039370079
11
5.1521150000000002
21
-3.069689842519685
0
LINE
8
BLACK
6
CONTINUOUS
10
5.1521150000000002
20
-3.069689842519685
11
5.1521150000000002
21
-3.0837747244094489
0
LINE
8
BLACK
6
CONTINUOUS
10
5.1521150000000002
20
-3.0837747244094489
11
5.150537992125984
21
-3.097771062992126
0
LINE
8
BLACK
6
CONTINUOUS
10
5.150537992125984
20
-3.097771062992126
11
5.1474038188976374
21
-3.1115028346456692
0
LINE
8
BLACK
6
CONTINUOUS
10
5.1474038188976374
20
-3.1115028346456692
11
5.1427518503937009
21
-3.1247973228346457
0
LINE
8
BLACK
6
CONTINUOUS
10
5.1427518503937009
20
-3.1247973228346457
11
5.1366406692913387
21
-3.1374873622047241
0
LINE
8
BLACK
6
CONTINUOUS
10
5.1366406692913387
20
-3.1374873622047241
11
5.1291470472440945
21
-3.1494133858267714
0
LINE
8
BLACK
6
CONTINUOUS
10
5.1291470472440945
20
-3.1494133858267714
11
5.1203652362204721
21
-3.1604254330708659
0
LINE
8
BLACK
6
CONTINUOUS
10
5.1203652362204721
20
-3.1604254330708659
11
5.1104057480314964
21
-3.1703849212598425
0
LINE
8
BLACK
6
CONTINUOUS
10
5.1104057480314964
20
-3.1703849212598425
11
5.0993937007874015
21
-3.1791667322834645
0
LINE
8
BLACK
6
CONTINUOUS
10
5.0993937007874015
20
-3.1791667322834645
11
5.0874676771653542
21
-3.1866603543307086
0
LINE
8
BLACK
6
CONTINUOUS
10
5.0874676771653542
20
-3.1866603543307086
11
5.0747776377952754
21
-3.1927715354330708
0
LINE
8
BLACK
6
CONTINUOUS
10
5.0747776377952754
20
-3.1927715354330708
11
5.0614831496062989
21
-3.1974235039370078
0
LINE
8
BLACK
6
CONTINUOUS
10
5.0614831496062989
20
-3.1974235039370078
11
5.0477513779527561
21
-3.2005576771653543
0
LINE
8
BLACK
6
CONTINUOUS
10
5.0477513779527561
20
-3.2005576771653543
11
5.033755039370079
21
-3.2021346850393702
0
LINE
8
BLACK
6
CONTINUOUS
10
5.033755039370079
20
-3.2021346850393702
11
5.0196701574803146
21
-3.2021346850393702
0
LINE
8
BLACK
6
CONTINUOUS
10
5.0196701574803146
20
-3.2021346850393702
11
5.0056738188976375
21
-3.2005576771653543
0
LINE
8
BLACK
6
CONTINUOUS
10
5.0056738188976375
20
-3.2005576771653543
11
4.9919420472440947
21
-3.1974235039370078
0
LINE
8
BLACK
6
CONTINUOUS
10
4.9919420472440947
20
-3.1974235039370078
11
4.9786475590551182
21
-3.1927715354330708
0
LINE
8
BLACK
6
CONTINUOUS
10
4.9786475590551182
20
-3.1927715354330708
11
4.9659575196850394
21
-3.1866603543307086
0
LINE
8
BLACK
6
CONTINUOUS
10
4.9659575196850394
20
-3.1866603543307086
11
4.9540314960629921
21
-3.1791667322834645
0
LINE
8
BLACK
6
CONTINUOUS
10
4.9540314960629921
20
-3.1791667322834645
11
4.9430194488188972
21
-3.1703849212598425
0
LINE
8
BLACK
6
CONTINUOUS
10
4.9430194488188972
20
-3.1703849212598425
11
4.9330599606299215
21
-3.1604254330708659
0
LINE
8
BLACK
6
CONTINUOUS
10
4.9330599606299215
20
-3.1604254330708659
11
4.9242781496062991
21
-3.1494133858267714
0
LINE
8
BLACK
6
CONTINUOUS
10
4.9242781496062991
20
-3.1494133858267714
11
4.9167845275590549
21
-3.1374873622047241
0
LINE
8
BLACK
6
CONTINUOUS
10
4.9167845275590549
20
-3.1374873622047241
11
4.9106733464566927
21
-3.1247973228346457
0
LINE
8
BLACK
6
CONTINUOUS
10
4.9106733464566927
20
-3.1247973228346457
11
4.9060213779527562
21
-3.1115028346456692
0
LINE
8
BLACK
6
CONTINUOUS
10
4.9060213779527562
20
-3.1115028346456692
11
4.9028872047244096
21
-3.097771062992126
0
LINE
8
BLACK
6
CONTINUOUS
10
4.9028872047244096
20
-3.097771062992126
11
4.9013101968503934
21
-3.0837747244094489
0
LINE
8
BLACK
6
CONTINUOUS
10
4.9013101968503934
20
-3.0837747244094489
11
4.9013101968503934
21
-3.0705211023622048
0
LINE
8
BLACK
6
CONTINUOUS
10
4.9013101968503934
20
-3.0705211023622048
11
4.9013101968503934
21
-3.069689842519685
0
LINE
8
BLACK
6
CONTINUOUS
10
4.9013101968503934
20
-3.069689842519685
11
4.9028872047244096
21
-3.0556935039370079
0
LINE
8
BLACK
6
CONTINUOUS
10
4.9028872047244096
20
-3.0556935039370079
11
4.9060213779527562
21
-3.0419617322834647
0
LINE
8
BLACK
6
CONTINUOUS
10
4.9060213779527562
20
-3.0419617322834647
11
4.9106733464566927
21
-3.0286672440944882
0
LINE
8
BLACK
6
CONTINUOUS
10
4.9106733464566927
20
-3.0286672440944882
11
4.9167845275590549
21
-3.0159772047244093
0
LINE
8
BLACK
6
CONTINUOUS
10
4.9167845275590549
20
-3.0159772047244093
11
4.9242781496062991
21
-3.004051181102362
0
LINE
8
BLACK
6
CONTINUOUS
10
4.9242781496062991
20
-3.004051181102362
11
4.9330599606299215
21
-2.9930391338582676
0
LINE
8
BLACK
6
CONTINUOUS
10
4.9330599606299215
20
-2.9930391338582676
11
4.9430194488188972
21
-2.9830796456692914
0
LINE
8
BLACK
6
CONTINUOUS
10
4.9430194488188972
20
-2.9830796456692914
11
4.9540314960629921
21
-2.9742978346456694
0
LINE
8
BLACK
6
CONTINUOUS
10
4.9540314960629921
20
-2.9742978346456694
11
4.9659575196850394
21
-2.9668042125984253
0
LINE
8
BLACK
6
CONTINUOUS
10
4.9659575196850394
20
-2.9668042125984253
11
4.9786475590551182
21
-2.9606930314960631
0
LINE
8
BLACK
6
CONTINUOUS
10
4.9786475590551182
20
-2.9606930314960631
11
4.9919420472440947
21
-2.9560410629921261
0
LINE
8
BLACK
6
CONTINUOUS
10
4.9919420472440947
20
-2.9560410629921261
11
5.0056738188976375
21
-2.9529068897637796
0
LINE
8
BLACK
6
CONTINUOUS
10
5.0056738188976375
20
-2.9529068897637796
11
5.0196701574803146
21
-2.9513298818897638
0
LINE
8
BLACK
6
CONTINUOUS
10
5.0196701574803146
20
-2.9513298818897638
11
5.0247440944881889
21
-2.9513298818897638
0
LINE
8
BLACK
6
CONTINUOUS
10
5.0247440944881889
20
-2.9513298818897638
11
5.0247440944881889
21
-2.7136448818897638
0
LINE
8
BLACK
6
CONTINUOUS
10
5.0247440944881889
20
-2.7136448818897638
11
5.0248939370078736
21
-2.7128915748031495
0
LINE
8
BLACK
6
CONTINUOUS
10
5.0248939370078736
20
-2.7128915748031495
11
5.0259592913385829
21
-2.711826220472441
0
LINE
8
BLACK
6
CONTINUOUS
10
5.0259592913385829
20
-2.711826220472441
11
5.0274659055118107
21
-2.711826220472441
0
LINE
8
BLACK
6
CONTINUOUS
10
5.0274659055118107
20
-2.711826220472441
11
5.0285312598425191
21
-2.7128915748031495
0
LINE
8
BLACK
6
CONTINUOUS
10
5.0285312598425191
20
-2.7128915748031495
11
5.0286811023622047
21
-2.7136448818897638
0
LINE
8
BLACK
6
CONTINUOUS
10
5.0286811023622047
20
-2.7136448818897638
11
5.0286811023622047
21
-2.7334882677165355
0
LINE
8
BLACK
6
CONTINUOUS
10
5.0286811023622047
20
-2.7334882677165355
11
5.0701541732283459
21
-2.7118987795275591
0
LINE
8
BLACK
6
CONTINUOUS
10
5.0701541732283459
20
-2.7118987795275591
11
5.0708915748031496
21
-2.7116838188976375
0
LINE
8
BLACK
6
CONTINUOUS
10
5.0708915748031496
20
-2.7116838188976375
11
5.0723284645669287
21
-2.7121368897637796
0
LINE
8
BLACK
6
CONTINUOUS
10
5.0723284645669287
20
-2.7121368897637796
11
5.0730241338582678
21
-2.7134732677165352
0
LINE
8
BLACK
6
CONTINUOUS
10
5.0730241338582678
20
-2.7134732677165352
11
5.0725711023622049
21
-2.7149101968503935
0
LINE
8
BLACK
6
CONTINUOUS
10
5.0725711023622049
20
-2.7149101968503935
11
5.0719720866141733
21
-2.7153909448818898
0
LINE
8
BLACK
6
CONTINUOUS
10
5.0719720866141733
20
-2.7153909448818898
11
5.0347572440944877
21
-2.734763779527559
0
LINE
8
BLACK
6
CONTINUOUS
10
5.0347572440944877
20
-2.734763779527559
11
6.5950459448818899
21
-2.734763779527559
0
LINE
8
BLACK
6
CONTINUOUS
10
6.5950459448818899
20
-2.734763779527559
11
6.5578310629921255
21
-2.7153909448818898
0
LINE
8
BLACK
6
CONTINUOUS
10
6.5578310629921255
20
-2.7153909448818898
11
6.5572320472440939
21
-2.7149101574803147
0
LINE
8
BLACK
6
CONTINUOUS
10
6.5572320472440939
20
-2.7149101574803147
11
6.5567789763779523
21
-2.7134732677165352
0
LINE
8
BLACK
6
CONTINUOUS
10
6.5567789763779523
20
-2.7134732677165352
11
6.5574746850393701
21
-2.7121368897637796
0
LINE
8
BLACK
6
CONTINUOUS
10
6.5574746850393701
20
-2.7121368897637796
11
6.5589115748031492
21
-2.7116838188976375
0
LINE
8
BLACK
6
CONTINUOUS
10
6.5589115748031492
20
-2.7116838188976375
11
6.5596489370078741
21
-2.7118987401574803
0
LINE
8
BLACK
6
CONTINUOUS
10
6.4924905511811026
20
-4.6593214173228343
11
6.4938814173228341
21
-4.67166562992126
0
LINE
8
BLACK
6
CONTINUOUS
10
6.4938814173228341
20
-4.67166562992126
11
6.4966456692913388
21
-4.6837764960629924
0
LINE
8
BLACK
6
CONTINUOUS
10
6.4966456692913388
20
-4.6837764960629924
11
6.5007485039370074
21
-4.6955016929133855
0
LINE
8
BLACK
6
CONTINUOUS
10
6.5007485039370074
20
-4.6955016929133855
11
6.5061383464566926
21
-4.7066938188976373
0
LINE
8
BLACK
6
CONTINUOUS
10
6.5061383464566926
20
-4.7066938188976373
11
6.5127474015748028
21
-4.7172121259842514
0
LINE
8
BLACK
6
CONTINUOUS
10
6.5127474015748028
20
-4.7172121259842514
11
6.5204925984251965
21
-4.7269242913385829
0
LINE
8
BLACK
6
CONTINUOUS
10
6.5204925984251965
20
-4.7269242913385829
11
6.5292764960629919
21
-4.7357081889763775
0
LINE
8
BLACK
6
CONTINUOUS
10
6.5292764960629919
20
-4.7357081889763775
11
6.5389886614173225
21
-4.7434533858267711
0
LINE
8
BLACK
6
CONTINUOUS
10
6.5389886614173225
20
-4.7434533858267711
11
6.5495069685039367
21
-4.7500624409448822
0
LINE
8
BLACK
6
CONTINUOUS
10
6.5495069685039367
20
-4.7500624409448822
11
6.5606990944881884
21
-4.7554522834645665
0
LINE
8
BLACK
6
CONTINUOUS
10
6.5606990944881884
20
-4.7554522834645665
11
6.5724242913385824
21
-4.759555118110236
0
LINE
8
BLACK
6
CONTINUOUS
10
6.5724242913385824
20
-4.759555118110236
11
6.5845351574803148
21
-4.7623193700787398
0
LINE
8
BLACK
6
CONTINUOUS
10
6.5845351574803148
20
-4.7623193700787398
11
6.5968793700787396
21
-4.7637102362204722
0
LINE
8
BLACK
6
CONTINUOUS
10
6.5968793700787396
20
-4.7637102362204722
11
6.6093017322834644
21
-4.7637102362204722
0
LINE
8
BLACK
6
CONTINUOUS
10
6.6093017322834644
20
-4.7637102362204722
11
6.6216459448818892
21
-4.7623193700787398
0
LINE
8
BLACK
6
CONTINUOUS
10
6.6216459448818892
20
-4.7623193700787398
11
6.6337568110236216
21
-4.759555118110236
0
LINE
8
BLACK
6
CONTINUOUS
10
6.6337568110236216
20
-4.759555118110236
11
6.6454820078740156
21
-4.7554522834645665
0
LINE
8
BLACK
6
CONTINUOUS
10
6.6454820078740156
20
-4.7554522834645665
11
6.6566741338582673
21
-4.7500624409448822
0
LINE
8
BLACK
6
CONTINUOUS
10
6.6566741338582673
20
-4.7500624409448822
11
6.6671924409448815
21
-4.7434533858267711
0
LINE
8
BLACK
6
CONTINUOUS
10
6.6671924409448815
20
-4.7434533858267711
11
6.6769046062992121
21
-4.7357081889763775
0
LINE
8
BLACK
6
CONTINUOUS
10
6.6769046062992121
20
-4.7357081889763775
11
6.6856885039370075
21
-4.7269242913385829
0
LINE
8
BLACK
6
CONTINUOUS
10
6.6856885039370075
20
-4.7269242913385829
11
6.6934337007874012
21
-4.7172121259842514
0
LINE
8
BLACK
6
CONTINUOUS
10
6.6934337007874012
20
-4.7172121259842514
11
6.7000427559055113
21
-4.7066938188976373
0
LINE
8
BLACK
6
CONTINUOUS
10
6.7000427559055113
20
-4.7066938188976373
11
6.7054325984251966
21
-4.6955016929133855
0
LINE
8
BLACK
6
CONTINUOUS
10
6.7054325984251966
20
-4.6955016929133855
11
6.7095354330708661
21
-4.6837764960629924
0
LINE
8
BLACK
6
CONTINUOUS
10
6.7095354330708661
20
-4.6837764960629924
11
6.7122996850393699
21
-4.67166562992126
0
LINE
8
BLACK
6
CONTINUOUS
10
6.7122996850393699
20
-4.67166562992126
11
6.7136905511811023
21
-4.6593214173228343
0
LINE
8
BLACK
6
CONTINUOUS
10
6.7136905511811023
20
-4.6593214173228343
11
6.7136905511811023
21
-4.6550787401574798
0
LINE
8
BLACK
6
CONTINUOUS
10
6.7136905511811023
20
-4.6550787401574798
11
6.6227755905511811
21
-4.6550787401574798
0
LINE
8
BLACK
6
CONTINUOUS
10
6.6227755905511811
20
-4.6550787401574798
11
6.6220222834645668
21
-4.6549288976377952
0
LINE
8
BLACK
6
CONTINUOUS
10
6.6220222834645668
20
-4.6549288976377952
11
6.6209569291338584
21
-4.6538635433070867
0
LINE
8
BLACK
6
CONTINUOUS
10
6.6209569291338584
20
-4.6538635433070867
11
6.6209569291338584
21
-4.652356929133858
0
LINE
8
BLACK
6
CONTINUOUS
10
6.6209569291338584
20
-4.652356929133858
11
6.6220222834645668
21
-4.6512915748031496
0
LINE
8
BLACK
6
CONTINUOUS
10
6.6220222834645668
20
-4.6512915748031496
11
6.6227755905511811
21
-4.6511417322834641
0
LINE
8
BLACK
6
CONTINUOUS
10
6.6227755905511811
20
-4.6511417322834641
11
6.7136905511811023
21
-4.6511417322834641
0
LINE
8
BLACK
6
CONTINUOUS
10
6.7136905511811023
20
-4.6511417322834641
11
6.7136905511811023
21
-4.6468990551181104
0
LINE
8
BLACK
6
CONTINUOUS
10
6.7136905511811023
20
-4.6468990551181104
11
6.7122996850393699
21
-4.6345548425196847
0
LINE
8
BLACK
6
CONTINUOUS
10
6.7122996850393699
20
-4.6345548425196847
11
6.7095354330708661
21
-4.6224439763779523
0
LINE
8
BLACK
6
CONTINUOUS
10
6.7095354330708661
20
-4.6224439763779523
11
6.7054325984251966
21
-4.6107187795275593
0
LINE
8
BLACK
6
CONTINUOUS
10
6.7054325984251966
20
-4.6107187795275593
11
6.7000427559055113
21
-4.5995266535433066
0
LINE
8
BLACK
6
CONTINUOUS
10
6.7000427559055113
20
-4.5995266535433066
11
6.6934337007874012
21
-4.5890083464566924
0
LINE
8
BLACK
6
CONTINUOUS
10
6.6934337007874012
20
-4.5890083464566924
11
6.6856885039370075
21
-4.5792961811023618
0
LINE
8
BLACK
6
CONTINUOUS
10
6.6856885039370075
20
-4.5792961811023618
11
6.6769046062992121
21
-4.5705122834645664
0
LINE
8
BLACK
6
CONTINUOUS
10
6.6769046062992121
20
-4.5705122834645664
11
6.6671924409448815
21
-4.5627670866141727
0
LINE
8
BLACK
6
CONTINUOUS
10
6.6671924409448815
20
-4.5627670866141727
11
6.6566741338582673
21
-4.5561580314960626
0
LINE
8
BLACK
6
CONTINUOUS
10
6.6566741338582673
20
-4.5561580314960626
11
6.6454820078740156
21
-4.5507681889763782
0
LINE
8
BLACK
6
CONTINUOUS
10
6.6454820078740156
20
-4.5507681889763782
11
6.6337568110236216
21
-4.5466653543307087
0
LINE
8
BLACK
6
CONTINUOUS
10
6.6337568110236216
20
-4.5466653543307087
11
6.6216459448818892
21
-4.5439011023622049
0
LINE
8
BLACK
6
CONTINUOUS
10
6.6216459448818892
20
-4.5439011023622049
11
6.6093017322834644
21
-4.5425102362204726
0
LINE
8
BLACK
6
CONTINUOUS
10
6.6093017322834644
20
-4.5425102362204726
11
6.5968793700787396
21
-4.5425102362204726
0
LINE
8
BLACK
6
CONTINUOUS
10
6.5968793700787396
20
-4.5425102362204726
11
6.5845351574803148
21
-4.5439011023622049
0
LINE
8
BLACK
6
CONTINUOUS
10
6.5845351574803148
20
-4.5439011023622049
11
6.5724242913385824
21
-4.5466653543307087
0
LINE
8
BLACK
6
CONTINUOUS
10
6.5724242913385824
20
-4.5466653543307087
11
6.5606990944881884
21
-4.5507681889763782
0
LINE
8
BLACK
6
CONTINUOUS
10
6.5606990944881884
20
-4.5507681889763782
11
6.5495069685039367
21
-4.5561580314960626
0
LINE
8
BLACK
6
CONTINUOUS
10
6.5495069685039367
20
-4.5561580314960626
11
6.5389886614173225
21
-4.5627670866141727
0
LINE
8
BLACK
6
CONTINUOUS
10
6.5389886614173225
20
-4.5627670866141727
11
6.5292764960629919
21
-4.5705122834645664
0
LINE
8
BLACK
6
CONTINUOUS
10
6.5292764960629919
20
-4.5705122834645664
11
6.5204925984251965
21
-4.5792961811023618
0
LINE
8
BLACK
6
CONTINUOUS
10
6.5204925984251965
20
-4.5792961811023618
11
6.5127474015748028
21
-4.5890083464566924
0
LINE
8
BLACK
6
CONTINUOUS
10
6.5127474015748028
20
-4.5890083464566924
11
6.5061383464566926
21
-4.5995266535433066
0
LINE
8
BLACK
6
CONTINUOUS
10
6.5061383464566926
20
-4.5995266535433066
11
6.5007485039370074
21
-4.6107187795275593
0
LINE
8
BLACK
6
CONTINUOUS
10
6.5007485039370074
20
-4.6107187795275593
11
6.4966456692913388
21
-4.6224439763779523
0
LINE
8
BLACK
6
CONTINUOUS
10
6.4966456692913388
20
-4.6224439763779523
11
6.4938814173228341
21
-4.6345548425196847
0
LINE
8
BLACK
6
CONTINUOUS
10
6.4938814173228341
20
-4.6345548425196847
11
6.4924905511811026
21
-4.6468990551181104
0
LINE
8
BLACK
6
CONTINUOUS
10
6.4924905511811026
20
-4.6468990551181104
11
6.4924905511811026
21
-4.6593214173228343
0
LINE
8
BLACK
6
CONTINUOUS
10
4.9161125984251965
20
-3.0829434645669291
11
4.9175034645669289
21
-3.0952876771653544
0
LINE
8
BLACK
6
CONTINUOUS
10
4.9175034645669289
20
-3.0952876771653544
11
4.9202677165354327
21
-3.1073985433070868
0
LINE
8
BLACK
6
CONTINUOUS
10
4.9202677165354327
20
-3.1073985433070868
11
4.9243705511811022
21
-3.1191237401574803
0
LINE
8
BLACK
6
CONTINUOUS
10
4.9243705511811022
20
-3.1191237401574803
11
4.9297603937007874
21
-3.1303158661417321
0
LINE
8
BLACK
6
CONTINUOUS
10
4.9297603937007874
20
-3.1303158661417321
11
4.9363694488188976
21
-3.1408341732283462
0
LINE
8
BLACK
6
CONTINUOUS
10
4.9363694488188976
20
-3.1408341732283462
11
4.9441146456692913
21
-3.1505463385826773
0
LINE
8
BLACK
6
CONTINUOUS
10
4.9441146456692913
20
-3.1505463385826773
11
4.9528985433070867
21
-3.1593302362204723
0
LINE
8
BLACK
6
CONTINUOUS
10
4.9528985433070867
20
-3.1593302362204723
11
4.9626107086614173
21
-3.1670754330708659
0
LINE
8
BLACK
6
CONTINUOUS
10
4.9626107086614173
20
-3.1670754330708659
11
4.9731290157480315
21
-3.1736844881889765
0
LINE
8
BLACK
6
CONTINUOUS
10
4.9731290157480315
20
-3.1736844881889765
11
4.9843211417322832
21
-3.1790743307086613
0
LINE
8
BLACK
6
CONTINUOUS
10
4.9843211417322832
20
-3.1790743307086613
11
4.9960463385826772
21
-3.1831771653543308
0
LINE
8
BLACK
6
CONTINUOUS
10
4.9960463385826772
20
-3.1831771653543308
11
5.0081572047244096
21
-3.1859414173228346
0
LINE
8
BLACK
6
CONTINUOUS
10
5.0081572047244096
20
-3.1859414173228346
11
5.0205014173228344
21
-3.187332283464567
0
LINE
8
BLACK
6
CONTINUOUS
10
5.0205014173228344
20
-3.187332283464567
11
5.0329237795275592
21
-3.187332283464567
0
LINE
8
BLACK
6
CONTINUOUS
10
5.0329237795275592
20
-3.187332283464567
11
5.045267992125984
21
-3.1859414173228346
0
LINE
8
BLACK
6
CONTINUOUS
10
5.045267992125984
20
-3.1859414173228346
11
5.0573788582677164
21
-3.1831771653543308
0
LINE
8
BLACK
6
CONTINUOUS
10
5.0573788582677164
20
-3.1831771653543308
11
5.0691040551181104
21
-3.1790743307086613
0
LINE
8
BLACK
6
CONTINUOUS
10
5.0691040551181104
20
-3.1790743307086613
11
5.0802961811023621
21
-3.1736844881889765
0
LINE
8
BLACK
6
CONTINUOUS
10
5.0802961811023621
20
-3.1736844881889765
11
5.0908144881889763
21
-3.1670754330708659
0
LINE
8
BLACK
6
CONTINUOUS
10
5.0908144881889763
20
-3.1670754330708659
11
5.1005266535433069
21
-3.1593302362204723
0
LINE
8
BLACK
6
CONTINUOUS
10
5.1005266535433069
20
-3.1593302362204723
11
5.1093105511811023
21
-3.1505463385826773
0
LINE
8
BLACK
6
CONTINUOUS
10
5.1093105511811023
20
-3.1505463385826773
11
5.117055748031496
21
-3.1408341732283462
0
LINE
8
BLACK
6
CONTINUOUS
10
5.117055748031496
20
-3.1408341732283462
11
5.1236648031496062
21
-3.1303158661417321
0
LINE
8
BLACK
6
CONTINUOUS
10
5.1236648031496062
20
-3.1303158661417321
11
5.1290546456692914
21
-3.1191237401574803
0
LINE
8
BLACK
6
CONTINUOUS
10
5.1290546456692914
20
-3.1191237401574803
11
5.1331574803149609
21
-3.1073985433070868
0
LINE
8
BLACK
6
CONTINUOUS
10
5.1331574803149609
20
-3.1073985433070868
11
5.1359217322834647
21
-3.0952876771653544
0
LINE
8
BLACK
6
CONTINUOUS
10
5.1359217322834647
20
-3.0952876771653544
11
5.1373125984251971
21
-3.0829434645669291
0
LINE
8
BLACK
6
CONTINUOUS
10
5.1373125984251971
20
-3.0829434645669291
11
5.1373125984251971
21
-3.0705211023622048
0
LINE
8
BLACK
6
CONTINUOUS
10
5.1373125984251971
20
-3.0705211023622048
11
5.1359217322834647
21
-3.0581768897637795
0
LINE
8
BLACK
6
CONTINUOUS
10
5.1359217322834647
20
-3.0581768897637795
11
5.1331574803149609
21
-3.0460660236220471
0
LINE
8
BLACK
6
CONTINUOUS
10
5.1331574803149609
20
-3.0460660236220471
11
5.1290546456692914
21
-3.0343408267716536
0
LINE
8
BLACK
6
CONTINUOUS
10
5.1290546456692914
20
-3.0343408267716536
11
5.1236648031496062
21
-3.0231487007874014
0
LINE
8
BLACK
6
CONTINUOUS
10
5.1236648031496062
20
-3.0231487007874014
11
5.117055748031496
21
-3.0126303937007872
0
LINE
8
BLACK
6
CONTINUOUS
10
5.117055748031496
20
-3.0126303937007872
11
5.1093105511811023
21
-3.0029182283464566
0
LINE
8
BLACK
6
CONTINUOUS
10
5.1093105511811023
20
-3.0029182283464566
11
5.1005266535433069
21
-2.9941343307086612
0
LINE
8
BLACK
6
CONTINUOUS
10
5.1005266535433069
20
-2.9941343307086612
11
5.0908144881889763
21
-2.9863891338582675
0
LINE
8
BLACK
6
CONTINUOUS
10
5.0908144881889763
20
-2.9863891338582675
11
5.0802961811023621
21
-2.9797800787401574
0
LINE
8
BLACK
6
CONTINUOUS
10
5.0802961811023621
20
-2.9797800787401574
11
5.0691040551181104
21
-2.9743902362204722
0
LINE
8
BLACK
6
CONTINUOUS
10
5.0691040551181104
20
-2.9743902362204722
11
5.0573788582677164
21
-2.9702874015748031
0
LINE
8
BLACK
6
CONTINUOUS
10
5.0573788582677164
20
-2.9702874015748031
11
5.045267992125984
21
-2.9675231496062993
0
LINE
8
BLACK
6
CONTINUOUS
10
5.045267992125984
20
-2.9675231496062993
11
5.0329237795275592
21
-2.9661322834645669
0
LINE
8
BLACK
6
CONTINUOUS
10
5.0329237795275592
20
-2.9661322834645669
11
5.0286811023622047
21
-2.9661322834645669
0
LINE
8
BLACK
6
CONTINUOUS
10
5.0286811023622047
20
-2.9661322834645669
11
5.0286811023622047
21
-3.057047244094488
0
LINE
8
BLACK
6
CONTINUOUS
10
5.0286811023622047
20
-3.057047244094488
11
5.0285312598425191
21
-3.0578005511811024
0
LINE
8
BLACK
6
CONTINUOUS
10
5.0285312598425191
20
-3.0578005511811024
11
5.0274659055118107
21
-3.0588659055118108
0
LINE
8
BLACK
6
CONTINUOUS
10
5.0274659055118107
20
-3.0588659055118108
11
5.0259592913385829
21
-3.0588659055118108
0
LINE
8
BLACK
6
CONTINUOUS
10
5.0259592913385829
20
-3.0588659055118108
11
5.0248939370078736
21
-3.0578005511811024
0
LINE
8
BLACK
6
CONTINUOUS
10
5.0248939370078736
20
-3.0578005511811024
11
5.0247440944881889
21
-3.057047244094488
0
LINE
8
BLACK
6
CONTINUOUS
10
5.0247440944881889
20
-3.057047244094488
11
5.0247440944881889
21
-2.9661322834645669
0
LINE
8
BLACK
6
CONTINUOUS
10
5.0247440944881889
20
-2.9661322834645669
11
5.0205014173228344
21
-2.9661322834645669
0
LINE
8
BLACK
6
CONTINUOUS
10
5.0205014173228344
20
-2.9661322834645669
11
5.0081572047244096
21
-2.9675231496062993
0
LINE
8
BLACK
6
CONTINUOUS
10
5.0081572047244096
20
-2.9675231496062993
11
4.9960463385826772
21
-2.9702874015748031
0
LINE
8
BLACK
6
CONTINUOUS
10
4.9960463385826772
20
-2.9702874015748031
11
4.9843211417322832
21
-2.9743902362204722
0
LINE
8
BLACK
6
CONTINUOUS
10
4.9843211417322832
20
-2.9743902362204722
11
4.9731290157480315
21
-2.9797800787401574
0
LINE
8
BLACK
6
CONTINUOUS
10
4.9731290157480315
20
-2.9797800787401574
11
4.9626107086614173
21
-2.9863891338582675
0
LINE
8
BLACK
6
CONTINUOUS
10
4.9626107086614173
20
-2.9863891338582675
11
4.9528985433070867
21
-2.9941343307086612
0
LINE
8
BLACK
6
CONTINUOUS
10
4.9528985433070867
20
-2.9941343307086612
11
4.9441146456692913
21
-3.0029182283464566
0
LINE
8
BLACK
6
CONTINUOUS
10
4.9441146456692913
20
-3.0029182283464566
11
4.9363694488188976
21
-3.0126303937007872
0
LINE
8
BLACK
6
CONTINUOUS
10
4.9363694488188976
20
-3.0126303937007872
11
4.9297603937007874
21
-3.0231487007874014
0
LINE
8
BLACK
6
CONTINUOUS
10
4.9297603937007874
20
-3.0231487007874014
11
4.9243705511811022
21
-3.0343408267716536
0
LINE
8
BLACK
6
CONTINUOUS
10
4.9243705511811022
20
-3.0343408267716536
11
4.9202677165354327
21
-3.0460660236220471
0
LINE
8
BLACK
6
CONTINUOUS
10
4.9202677165354327
20
-3.0460660236220471
11
4.9175034645669289
21
-3.0581768897637795
0
LINE
8
BLACK
6
CONTINUOUS
10
4.9175034645669289
20
-3.0581768897637795
11
4.9161125984251965
21
-3.0705211023622048
0
LINE
8
BLACK
6
CONTINUOUS
10
4.9161125984251965
20
-3.0705211023622048
11
4.9161125984251965
21
-3.0829434645669291
0
LINE
8
BLACK
6
CONTINUOUS
10
6.4924905511811026
20
-3.0829434645669291
11
6.4938814173228341
21
-3.0952876771653544
0
LINE
8
BLACK
6
CONTINUOUS
10
6.4938814173228341
20
-3.0952876771653544
11
6.4966456692913388
21
-3.1073985433070868
0
LINE
8
BLACK
6
CONTINUOUS
10
6.4966456692913388
20
-3.1073985433070868
11
6.5007485039370074
21
-3.1191237401574803
0
LINE
8
BLACK
6
CONTINUOUS
10
6.5007485039370074
20
-3.1191237401574803
11
6.5061383464566926
21
-3.1303158661417321
0
LINE
8
BLACK
6
CONTINUOUS
10
6.5061383464566926
20
-3.1303158661417321
11
6.5127474015748028
21
-3.1408341732283462
0
LINE
8
BLACK
6
CONTINUOUS
10
6.5127474015748028
20
-3.1408341732283462
11
6.5204925984251965
21
-3.1505463385826773
0
LINE
8
BLACK
6
CONTINUOUS
10
6.5204925984251965
20
-3.1505463385826773
11
6.5292764960629919
21
-3.1593302362204723
0
LINE
8
BLACK
6
CONTINUOUS
10
6.5292764960629919
20
-3.1593302362204723
11
6.5389886614173225
21
-3.1670754330708659
0
LINE
8
BLACK
6
CONTINUOUS
10
6.5389886614173225
20
-3.1670754330708659
11
6.5495069685039367
21
-3.1736844881889765
0
LINE
8
BLACK
6
CONTINUOUS
10
6.5495069685039367
20
-3.1736844881889765
11
6.5606990944881884
21
-3.1790743307086613
0
LINE
8
BLACK
6
CONTINUOUS
10
6.5606990944881884
20
-3.1790743307086613
11
6.5724242913385824
21
-3.1831771653543308
0
LINE
8
BLACK
6
CONTINUOUS
10
6.5724242913385824
20
-3.1831771653543308
11
6.5845351574803148
21
-3.1859414173228346
0
LINE
8
BLACK
6
CONTINUOUS
10
6.5845351574803148
20
-3.1859414173228346
11
6.5968793700787396
21
-3.187332283464567
0
LINE
8
BLACK
6
CONTINUOUS
10
6.5968793700787396
20
-3.187332283464567
11
6.6093017322834644
21
-3.187332283464567
0
LINE
8
BLACK
6
CONTINUOUS
10
6.6093017322834644
20
-3.187332283464567
11
6.6216459448818892
21
-3.1859414173228346
0
LINE
8
BLACK
6
CONTINUOUS
10
6.6216459448818892
20
-3.1859414173228346
11
6.6337568110236216
21
-3.1831771653543308
0
LINE
8
BLACK
6
CONTINUOUS
10
6.6337568110236216
20
-3.1831771653543308
11
6.6454820078740156
21
-3.1790743307086613
0
LINE
8
BLACK
6
CONTINUOUS
10
6.6454820078740156
20
-3.1790743307086613
11
6.6566741338582673
21
-3.1736844881889765
0
LINE
8
BLACK
6
CONTINUOUS
10
6.6566741338582673
20
-3.1736844881889765
11
6.6671924409448815
21
-3.1670754330708659
0
LINE
8
BLACK
6
CONTINUOUS
10
6.6671924409448815
20
-3.1670754330708659
11
6.6769046062992121
21
-3.1593302362204723
0
LINE
8
BLACK
6
CONTINUOUS
10
6.6769046062992121
20
-3.1593302362204723
11
6.6856885039370075
21
-3.1505463385826773
0
LINE
8
BLACK
6
CONTINUOUS
10
6.6856885039370075
20
-3.1505463385826773
11
6.6934337007874012
21
-3.1408341732283462
0
LINE
8
BLACK
6
CONTINUOUS
10
6.6934337007874012
20
-3.1408341732283462
11
6.7000427559055113
21
-3.1303158661417321
0
LINE
8
BLACK
6
CONTINUOUS
10
6.7000427559055113
20
-3.1303158661417321
11
6.7054325984251966
21
-3.1191237401574803
0
LINE
8
BLACK
6
CONTINUOUS
10
6.7054325984251966
20
-3.1191237401574803
11
6.7095354330708661
21
-3.1073985433070868
0
LINE
8
BLACK
6
CONTINUOUS
10
6.7095354330708661
20
-3.1073985433070868
11
6.7122996850393699
21
-3.0952876771653544
0
LINE
8
BLACK
6
CONTINUOUS
10
6.7122996850393699
20
-3.0952876771653544
11
6.7136905511811023
21
-3.0829434645669291
0
LINE
8
BLACK
6
CONTINUOUS
10
6.7136905511811023
20
-3.0829434645669291
11
6.7136905511811023
21
-3.0787007874015746
0
LINE
8
BLACK
6
CONTINUOUS
10
6.7136905511811023
20
-3.0787007874015746
11
6.6227755905511811
21
-3.0787007874015746
0
LINE
8
BLACK
6
CONTINUOUS
10
6.6227755905511811
20
-3.0787007874015746
11
6.6220222834645668
21
-3.0785509448818895
0
LINE
8
BLACK
6
CONTINUOUS
10
6.6220222834645668
20
-3.0785509448818895
11
6.6209569291338584
21
-3.0774855905511811
0
LINE
8
BLACK
6
CONTINUOUS
10
6.6209569291338584
20
-3.0774855905511811
11
6.6209569291338584
21
-3.0759789763779528
0
LINE
8
BLACK
6
CONTINUOUS
10
6.6209569291338584
20
-3.0759789763779528
11
6.6220222834645668
21
-3.0749136220472439
0
LINE
8
BLACK
6
CONTINUOUS
10
6.6220222834645668
20
-3.0749136220472439
11
6.6227755905511811
21
-3.0747637795275589
0
LINE
8
BLACK
6
CONTINUOUS
10
6.6227755905511811
20
-3.0747637795275589
11
6.7136905511811023
21
-3.0747637795275589
0
LINE
8
BLACK
6
CONTINUOUS
10
6.7136905511811023
20
-3.0747637795275589
11
6.7136905511811023
21
-3.0705211023622048
0
LINE
8
BLACK
6
CONTINUOUS
10
6.7136905511811023
20
-3.0705211023622048
11
6.7122996850393699
21
-3.0581768897637795
0
LINE
8
BLACK
6
CONTINUOUS
10
6.7122996850393699
20
-3.0581768897637795
11
6.7095354330708661
21
-3.0460660236220471
0
LINE
8
BLACK
6
CONTINUOUS
10
6.7095354330708661
20
-3.0460660236220471
11
6.7054325984251966
21
-3.0343408267716536
0
LINE
8
BLACK
6
CONTINUOUS
10
6.7054325984251966
20
-3.0343408267716536
11
6.7000427559055113
21
-3.0231487007874014
0
LINE
8
BLACK
6
CONTINUOUS
10
6.7000427559055113
20
-3.0231487007874014
11
6.6934337007874012
21
-3.0126303937007872
0
LINE
8
BLACK
6
CONTINUOUS
10
6.6934337007874012
20
-3.0126303937007872
11
6.6856885039370075
21
-3.0029182283464566
0
LINE
8
BLACK
6
CONTINUOUS
10
6.6856885039370075
20
-3.0029182283464566
11
6.6769046062992121
21
-2.9941343307086612
0
LINE
8
BLACK
6
CONTINUOUS
10
6.6769046062992121
20
-2.9941343307086612
11
6.6671924409448815
21
-2.9863891338582675
0
LINE
8
BLACK
6
CONTINUOUS
10
6.6671924409448815
20
-2.9863891338582675
11
6.6566741338582673
21
-2.9797800787401574
0
LINE
8
BLACK
6
CONTINUOUS
10
6.6566741338582673
20
-2.9797800787401574
11
6.6454820078740156
21
-2.9743902362204722
0
LINE
8
BLACK
6
CONTINUOUS
10
6.6454820078740156
20
-2.9743902362204722
11
6.6337568110236216
21
-2.9702874015748031
0
LINE
8
BLACK
6
CONTINUOUS
10
6.6337568110236216
20
-2.9702874015748031
11
6.6216459448818892
21
-2.9675231496062993
0
LINE
8
BLACK
6
CONTINUOUS
10
6.6216459448818892
20
-2.9675231496062993
11
6.6093017322834644
21
-2.9661322834645669
0
LINE
8
BLACK
6
CONTINUOUS
10
6.6093017322834644
20
-2.9661322834645669
11
6.6050590551181099
21
-2.9661322834645669
0
LINE
8
BLACK
6
CONTINUOUS
10
6.6050590551181099
20
-2.9661322834645669
11
6.6050590551181099
21
-3.057047244094488
0
LINE
8
BLACK
6
CONTINUOUS
10
6.6050590551181099
20
-3.057047244094488
11
6.6049092125984252
21
-3.0578005511811024
0
LINE
8
BLACK
6
CONTINUOUS
10
6.6049092125984252
20
-3.0578005511811024
11
6.6038438582677168
21
-3.0588659055118108
0
LINE
8
BLACK
6
CONTINUOUS
10
6.6038438582677168
20
-3.0588659055118108
11
6.6023372440944881
21
-3.0588659055118108
0
LINE
8
BLACK
6
CONTINUOUS
10
6.6023372440944881
20
-3.0588659055118108
11
6.6012718897637797
21
-3.0578005511811024
0
LINE
8
BLACK
6
CONTINUOUS
10
6.6012718897637797
20
-3.0578005511811024
11
6.6011220472440941
21
-3.057047244094488
0
LINE
8
BLACK
6
CONTINUOUS
10
6.6011220472440941
20
-3.057047244094488
11
6.6011220472440941
21
-2.9661322834645669
0
LINE
8
BLACK
6
CONTINUOUS
10
6.6011220472440941
20
-2.9661322834645669
11
6.5968793700787396
21
-2.9661322834645669
0
LINE
8
BLACK
6
CONTINUOUS
10
6.5968793700787396
20
-2.9661322834645669
11
6.5845351574803148
21
-2.9675231496062993
0
LINE
8
BLACK
6
CONTINUOUS
10
6.5845351574803148
20
-2.9675231496062993
11
6.5724242913385824
21
-2.9702874015748031
0
LINE
8
BLACK
6
CONTINUOUS
10
6.5724242913385824
20
-2.9702874015748031
11
6.5606990944881884
21
-2.9743902362204722
0
LINE
8
BLACK
6
CONTINUOUS
10
6.5606990944881884
20
-2.9743902362204722
11
6.5495069685039367
21
-2.9797800787401574
0
LINE
8
BLACK
6
CONTINUOUS
10
6.5495069685039367
20
-2.9797800787401574
11
6.5389886614173225
21
-2.9863891338582675
0
LINE
8
BLACK
6
CONTINUOUS
10
6.5389886614173225
20
-2.9863891338582675
11
6.5292764960629919
21
-2.9941343307086612
0
LINE
8
BLACK
6
CONTINUOUS
10
6.5292764960629919
20
-2.9941343307086612
11
6.5204925984251965
21
-3.0029182283464566
0
LINE
8
BLACK
6
CONTINUOUS
10
6.5204925984251965
20
-3.0029182283464566
11
6.5127474015748028
21
-3.0126303937007872
0
LINE
8
BLACK
6
CONTINUOUS
10
6.5127474015748028
20
-3.0126303937007872
11
6.5061383464566926
21
-3.0231487007874014
0
LINE
8
BLACK
6
CONTINUOUS
10
6.5061383464566926
20
-3.0231487007874014
11
6.5007485039370074
21
-3.0343408267716536
0
LINE
8
BLACK
6
CONTINUOUS
10
6.5007485039370074
20
-3.0343408267716536
11
6.4966456692913388
21
-3.0460660236220471
0
LINE
8
BLACK
6
CONTINUOUS
10
6.4966456692913388
20
-3.0460660236220471
11
6.4938814173228341
21
-3.0581768897637795
0
LINE
8
BLACK
6
CONTINUOUS
10
6.4938814173228341
20
-3.0581768897637795
11
6.4924905511811026
21
-3.0705211023622048
0
LINE
8
BLACK
6
CONTINUOUS
10
6.4924905511811026
20
-3.0705211023622048
11
6.4924905511811026
21
-3.0829434645669291
0
LINE
8
BLACK
6
CONTINUOUS
10
4.6068296850393704
20
-3.9651373228346456
11
4.6069276771653538
21
-3.9651779133858267
0
LINE
8
BLACK
6
CONTINUOUS
10
4.6069276771653538
20
-3.9651779133858267
11
4.6070335039370081
21
-3.9651854330708662
0
LINE
8
BLACK
6
CONTINUOUS
10
4.6070335039370081
20
-3.9651854330708662
11
4.6075741338582672
21
-3.9653923228346457
0
LINE
8
BLACK
6
CONTINUOUS
10
4.6075741338582672
20
-3.9653923228346457
11
4.6113236614173223
21
-3.9672670866141733
0
LINE
8
BLACK
6
CONTINUOUS
10
4.6113236614173223
20
-3.9672670866141733
11
4.6115715354330709
21
-3.9674231102362203
0
LINE
8
BLACK
6
CONTINUOUS
10
4.6115715354330709
20
-3.9674231102362203
11
4.6116435826771651
21
-3.9674529527559055
0
LINE
8
BLACK
6
CONTINUOUS
10
4.6116435826771651
20
-3.9674529527559055
11
4.6117246062992123
21
-3.9675194488188974
0
LINE
8
BLACK
6
CONTINUOUS
10
4.6117246062992123
20
-3.9675194488188974
11
4.6118135433070861
21
-3.9675754330708659
0
LINE
8
BLACK
6
CONTINUOUS
10
4.6118135433070861
20
-3.9675754330708659
11
4.6118646850393699
21
-3.9676344094488187
0
LINE
8
BLACK
6
CONTINUOUS
10
4.6118646850393699
20
-3.9676344094488187
11
4.6120910236220469
21
-3.9678201574803147
0
LINE
8
BLACK
6
CONTINUOUS
10
4.6120910236220469
20
-3.9678201574803147
11
4.6139658267716532
21
-3.9696949212598422
0
LINE
8
BLACK
6
CONTINUOUS
10
4.6139658267716532
20
-3.9696949212598422
11
4.6141515748031496
21
-3.9699212598425198
0
LINE
8
BLACK
6
CONTINUOUS
10
4.6141515748031496
20
-3.9699212598425198
11
4.61421062992126
21
-3.9699724803149605
0
LINE
8
BLACK
6
CONTINUOUS
10
4.61421062992126
20
-3.9699724803149605
11
4.6142666141732285
21
-3.9700614173228344
0
LINE
8
BLACK
6
CONTINUOUS
10
4.6142666141732285
20
-3.9700614173228344
11
4.6143330708661416
21
-3.9701424015748032
0
LINE
8
BLACK
6
CONTINUOUS
10
4.6143330708661416
20
-3.9701424015748032
11
4.6143628740157476
21
-3.9702143307086613
0
LINE
8
BLACK
6
CONTINUOUS
10
4.6143628740157476
20
-3.9702143307086613
11
4.6145189763779531
21
-3.9704623622047244
0
LINE
8
BLACK
6
CONTINUOUS
10
4.6145189763779531
20
-3.9704623622047244
11
4.6163937401574806
21
-3.9742118897637795
0
LINE
8
BLACK
6
CONTINUOUS
10
4.6163937401574806
20
-3.9742118897637795
11
4.6166006299212601
21
-3.9747524803149608
0
LINE
8
BLACK
6
CONTINUOUS
10
4.6166006299212601
20
-3.9747524803149608
11
4.6166081496062992
21
-3.9748583464566929
0
LINE
8
BLACK
6
CONTINUOUS
10
4.6166081496062992
20
-3.9748583464566929
11
4.6166487401574798
21
-3.9749563385826772
0
LINE
8
BLACK
6
CONTINUOUS
10
4.6166487401574798
20
-3.9749563385826772
11
4.6167054724409446
21
-3.975532401574803
0
LINE
8
BLACK
6
CONTINUOUS
10
4.6167054724409446
20
-3.975532401574803
11
4.6167054724409446
21
-3.9849062204724408
0
LINE
8
BLACK
6
CONTINUOUS
10
4.6167054724409446
20
-3.9849062204724408
11
4.6166487401574798
21
-3.9854822834645667
0
LINE
8
BLACK
6
CONTINUOUS
10
4.6166487401574798
20
-3.9854822834645667
11
4.6166081496062992
21
-3.9855802362204722
0
LINE
8
BLACK
6
CONTINUOUS
10
4.6166081496062992
20
-3.9855802362204722
11
4.6166006299212601
21
-3.9856861417322835
0
LINE
8
BLACK
6
CONTINUOUS
10
4.6166006299212601
20
-3.9856861417322835
11
4.6163937401574806
21
-3.9862267322834644
0
LINE
8
BLACK
6
CONTINUOUS
10
4.6163937401574806
20
-3.9862267322834644
11
4.6145189763779531
21
-3.9899762598425195
0
LINE
8
BLACK
6
CONTINUOUS
10
4.6145189763779531
20
-3.9899762598425195
11
4.6143628740157476
21
-3.9902242519685038
0
LINE
8
BLACK
6
CONTINUOUS
10
4.6143628740157476
20
-3.9902242519685038
11
4.6143330708661416
21
-3.990296220472441
0
LINE
8
BLACK
6
CONTINUOUS
10
4.6143330708661416
20
-3.990296220472441
11
4.6142666141732285
21
-3.9903771653543307
0
LINE
8
BLACK
6
CONTINUOUS
10
4.6142666141732285
20
-3.9903771653543307
11
4.61421062992126
21
-3.9904661417322833
0
LINE
8
BLACK
6
CONTINUOUS
10
4.61421062992126
20
-3.9904661417322833
11
4.6141515748031496
21
-3.9905173228346458
0
LINE
8
BLACK
6
CONTINUOUS
10
4.6141515748031496
20
-3.9905173228346458
11
4.6139658267716532
21
-3.9907437007874016
0
LINE
8
BLACK
6
CONTINUOUS
10
4.6139658267716532
20
-3.9907437007874016
11
4.6120910236220469
21
-3.9926184645669291
0
LINE
8
BLACK
6
CONTINUOUS
10
4.6120910236220469
20
-3.9926184645669291
11
4.6116435826771651
21
-3.9929856692913384
0
LINE
8
BLACK
6
CONTINUOUS
10
4.6116435826771651
20
-3.9929856692913384
11
4.6105791732283468
21
-3.9934265354330707
0
LINE
8
BLACK
6
CONTINUOUS
10
4.6105791732283468
20
-3.9934265354330707
11
4.6094270866141729
21
-3.9934265354330707
0
LINE
8
BLACK
6
CONTINUOUS
10
4.6094270866141729
20
-3.9934265354330707
11
4.6083626771653545
21
-3.9929856299212596
0
LINE
8
BLACK
6
CONTINUOUS
10
4.6083626771653545
20
-3.9929856299212596
11
4.6075479921259843
21
-3.9921709448818898
0
LINE
8
BLACK
6
CONTINUOUS
10
4.6075479921259843
20
-3.9921709448818898
11
4.6071071259842515
21
-3.9911065354330706
0
LINE
8
BLACK
6
CONTINUOUS
10
4.6071071259842515
20
-3.9911065354330706
11
4.6071071259842515
21
-3.9899544488188976
0
LINE
8
BLACK
6
CONTINUOUS
10
4.6071071259842515
20
-3.9899544488188976
11
4.6075480314960631
21
-3.9888900393700788
0
LINE
8
BLACK
6
CONTINUOUS
10
4.6075480314960631
20
-3.9888900393700788
11
4.6079152755905515
21
-3.9884425590551178
0
LINE
8
BLACK
6
CONTINUOUS
10
4.6079152755905515
20
-3.9884425590551178
11
4.6094512204724412
21
-3.9869066141732281
0
LINE
8
BLACK
6
CONTINUOUS
10
4.6094512204724412
20
-3.9869066141732281
11
4.6107999606299215
21
-3.9842091732283462
0
LINE
8
BLACK
6
CONTINUOUS
10
4.6107999606299215
20
-3.9842091732283462
11
4.6107999606299215
21
-3.9762294488188976
0
LINE
8
BLACK
6
CONTINUOUS
10
4.6107999606299215
20
-3.9762294488188976
11
4.6094512204724412
21
-3.973531968503937
0
LINE
8
BLACK
6
CONTINUOUS
10
4.6094512204724412
20
-3.973531968503937
11
4.6082540551181097
21
-3.9723348425196852
0
LINE
8
BLACK
6
CONTINUOUS
10
4.6082540551181097
20
-3.9723348425196852
11
4.6055565748031491
21
-3.9709861023622048
0
LINE
8
BLACK
6
CONTINUOUS
10
4.6055565748031491
20
-3.9709861023622048
11
4.5975768503937005
21
-3.9709861023622048
0
LINE
8
BLACK
6
CONTINUOUS
10
4.5975768503937005
20
-3.9709861023622048
11
4.5948793700787398
21
-3.9723348425196852
0
LINE
8
BLACK
6
CONTINUOUS
10
4.5948793700787398
20
-3.9723348425196852
11
4.593682244094488
21
-3.973531968503937
0
LINE
8
BLACK
6
CONTINUOUS
10
4.593682244094488
20
-3.973531968503937
11
4.5923335039370077
21
-3.9762294488188976
0
LINE
8
BLACK
6
CONTINUOUS
10
4.5923335039370077
20
-3.9762294488188976
11
4.5923335039370077
21
-3.9842091732283462
0
LINE
8
BLACK
6
CONTINUOUS
10
4.5923335039370077
20
-3.9842091732283462
11
4.593682244094488
21
-3.9869066535433069
0
LINE
8
BLACK
6
CONTINUOUS
10
4.593682244094488
20
-3.9869066535433069
11
4.5952181889763777
21
-3.9884425984251966
0
LINE
8
BLACK
6
CONTINUOUS
10
4.5952181889763777
20
-3.9884425984251966
11
4.5955853937007873
21
-3.9888900393700788
0
LINE
8
BLACK
6
CONTINUOUS
10
4.5955853937007873
20
-3.9888900393700788
11
4.5956422834645672
21
-3.9890273622047245
0
LINE
8
BLACK
6
CONTINUOUS
10
4.5956422834645672
20
-3.9890273622047245
11
4.5957364566929133
21
-3.9891424803149604
0
LINE
8
BLACK
6
CONTINUOUS
10
4.5957364566929133
20
-3.9891424803149604
11
4.595861141732283
21
-3.989555748031496
0
LINE
8
BLACK
6
CONTINUOUS
10
4.595861141732283
20
-3.989555748031496
11
4.596026299212598
21
-3.9899544488188976
0
LINE
8
BLACK
6
CONTINUOUS
10
4.596026299212598
20
-3.9899544488188976
11
4.596026299212598
21
-3.9901031102362206
0
LINE
8
BLACK
6
CONTINUOUS
10
4.596026299212598
20
-3.9901031102362206
11
4.5960692519685038
21
-3.9902454724409449
0
LINE
8
BLACK
6
CONTINUOUS
10
4.5960692519685038
20
-3.9902454724409449
11
4.596026299212598
21
-3.9906749606299212
0
LINE
8
BLACK
6
CONTINUOUS
10
4.596026299212598
20
-3.9906749606299212
11
4.596026299212598
21
-3.9911065354330706
0
LINE
8
BLACK
6
CONTINUOUS
10
4.596026299212598
20
-3.9911065354330706
11
4.5959693700787403
21
-3.9912438582677163
0
LINE
8
BLACK
6
CONTINUOUS
10
4.5959693700787403
20
-3.9912438582677163
11
4.5959546062992125
21
-3.9913918897637792
0
LINE
8
BLACK
6
CONTINUOUS
10
4.5959546062992125
20
-3.9913918897637792
11
4.5957504724409448
21
-3.9917723228346458
0
LINE
8
BLACK
6
CONTINUOUS
10
4.5957504724409448
20
-3.9917723228346458
11
4.5955853937007873
21
-3.9921709448818898
0
LINE
8
BLACK
6
CONTINUOUS
10
4.5955853937007873
20
-3.9921709448818898
11
4.5954802362204727
21
-3.9922760629921257
0
LINE
8
BLACK
6
CONTINUOUS
10
4.5954802362204727
20
-3.9922760629921257
11
4.5954099606299215
21
-3.992407125984252
0
LINE
8
BLACK
6
CONTINUOUS
10
4.5954099606299215
20
-3.992407125984252
11
4.5950757480314959
21
-3.9926805511811021
0
LINE
8
BLACK
6
CONTINUOUS
10
4.5950757480314959
20
-3.9926805511811021
11
4.5947707086614171
21
-3.9929856299212596
0
LINE
8
BLACK
6
CONTINUOUS
10
4.5947707086614171
20
-3.9929856299212596
11
4.5946334251968501
21
-3.9930424803149607
0
LINE
8
BLACK
6
CONTINUOUS
10
4.5946334251968501
20
-3.9930424803149607
11
4.5945183070866138
21
-3.9931366929133856
0
LINE
8
BLACK
6
CONTINUOUS
10
4.5945183070866138
20
-3.9931366929133856
11
4.5941048818897636
21
-3.9932614173228345
0
LINE
8
BLACK
6
CONTINUOUS
10
4.5941048818897636
20
-3.9932614173228345
11
4.5937062992125979
21
-3.9934265354330707
0
LINE
8
BLACK
6
CONTINUOUS
10
4.5937062992125979
20
-3.9934265354330707
11
4.5935576771653546
21
-3.9934265354330707
0
LINE
8
BLACK
6
CONTINUOUS
10
4.5935576771653546
20
-3.9934265354330707
11
4.5934153149606294
21
-3.9934694881889761
0
LINE
8
BLACK
6
CONTINUOUS
10
4.5934153149606294
20
-3.9934694881889761
11
4.592836456692913
21
-3.993468622047244
0
LINE
8
BLACK
6
CONTINUOUS
10
4.592836456692913
20
-3.993468622047244
11
4.5740888188976374
21
-3.9915938582677164
0
LINE
8
BLACK
6
CONTINUOUS
10
4.5740888188976374
20
-3.9915938582677164
11
4.5738788976377949
21
-3.9915517716535431
0
LINE
8
BLACK
6
CONTINUOUS
10
4.5738788976377949
20
-3.9915517716535431
11
4.5738065748031493
21
-3.9915517716535431
0
LINE
8
BLACK
6
CONTINUOUS
10
4.5738065748031493
20
-3.9915517716535431
11
4.5737387401574798
21
-3.9915236614173226
0
LINE
8
BLACK
6
CONTINUOUS
10
4.5737387401574798
20
-3.9915236614173226
11
4.5735212598425194
21
-3.9914800787401572
0
LINE
8
BLACK
6
CONTINUOUS
10
4.5735212598425194
20
-3.9914800787401572
11
4.5731409448818896
21
-3.991276023622047
0
LINE
8
BLACK
6
CONTINUOUS
10
4.5731409448818896
20
-3.991276023622047
11
4.572742165354331
21
-3.991110866141732
0
LINE
8
BLACK
6
CONTINUOUS
10
4.572742165354331
20
-3.991110866141732
11
4.5726369685039367
21
-3.9910056692913387
0
LINE
8
BLACK
6
CONTINUOUS
10
4.5726369685039367
20
-3.9910056692913387
11
4.5725060236220472
21
-3.9909354330708662
0
LINE
8
BLACK
6
CONTINUOUS
10
4.5725060236220472
20
-3.9909354330708662
11
4.572232755905512
21
-3.9906014566929131
0
LINE
8
BLACK
6
CONTINUOUS
10
4.572232755905512
20
-3.9906014566929131
11
4.5719275196850395
21
-3.990296220472441
0
LINE
8
BLACK
6
CONTINUOUS
10
4.5719275196850395
20
-3.990296220472441
11
4.5718705905511809
21
-3.9901588582677165
0
LINE
8
BLACK
6
CONTINUOUS
10
4.5718705905511809
20
-3.9901588582677165
11
4.5717764566929135
21
-3.990043779527559
0
LINE
8
BLACK
6
CONTINUOUS
10
4.5717764566929135
20
-3.990043779527559
11
4.5716517322834642
21
-3.9896304724409446
0
LINE
8
BLACK
6
CONTINUOUS
10
4.5716517322834642
20
-3.9896304724409446
11
4.571486614173228
21
-3.9892318110236218
0
LINE
8
BLACK
6
CONTINUOUS
10
4.571486614173228
20
-3.9892318110236218
11
4.5714648425196849
21
-3.9890111023622046
0
LINE
8
BLACK
6
CONTINUOUS
10
4.5714648425196849
20
-3.9890111023622046
11
4.5714436614173231
21
-3.9889407874015745
0
LINE
8
BLACK
6
CONTINUOUS
10
4.5714436614173231
20
-3.9889407874015745
11
4.5714508267716534
21
-3.988868779527559
0
LINE
8
BLACK
6
CONTINUOUS
10
4.5714508267716534
20
-3.988868779527559
11
4.5714298818897641
21
-3.9886557480314959
0
LINE
8
BLACK
6
CONTINUOUS
10
4.5714298818897641
20
-3.9886557480314959
11
4.5714298818897641
21
-3.9699081102362204
0
LINE
8
BLACK
6
CONTINUOUS
10
4.5714298818897641
20
-3.9699081102362204
11
4.571486614173228
21
-3.9693320472440945
0
LINE
8
BLACK
6
CONTINUOUS
10
4.571486614173228
20
-3.9693320472440945
11
4.5719275196850395
21
-3.9682676377952757
0
LINE
8
BLACK
6
CONTINUOUS
10
4.5719275196850395
20
-3.9682676377952757
11
4.572742165354331
21
-3.9674529921259842
0
LINE
8
BLACK
6
CONTINUOUS
10
4.572742165354331
20
-3.9674529921259842
11
4.5738065748031493
21
-3.9670120866141731
0
LINE
8
BLACK
6
CONTINUOUS
10
4.5738065748031493
20
-3.9670120866141731
11
4.5749587007874011
21
-3.9670120866141731
0
LINE
8
BLACK
6
CONTINUOUS
10
4.5749587007874011
20
-3.9670120866141731
11
4.5760231102362203
21
-3.9674529921259842
0
LINE
8
BLACK
6
CONTINUOUS
10
4.5760231102362203
20
-3.9674529921259842
11
4.5768377559055118
21
-3.9682676377952757
0
LINE
8
BLACK
6
CONTINUOUS
10
4.5768377559055118
20
-3.9682676377952757
11
4.5772786614173224
21
-3.9693320472440945
0
LINE
8
BLACK
6
CONTINUOUS
10
4.5772786614173224
20
-3.9693320472440945
11
4.5773353937007872
21
-3.9699081102362204
0
LINE
8
BLACK
6
CONTINUOUS
10
4.5773353937007872
20
-3.9699081102362204
11
4.5773353937007872
21
-3.9859835039370077
0
LINE
8
BLACK
6
CONTINUOUS
10
4.5773353937007872
20
-3.9859835039370077
11
4.5871066535433069
21
-3.9869606299212599
0
LINE
8
BLACK
6
CONTINUOUS
10
4.5871066535433069
20
-3.9869606299212599
11
4.5867397244094485
21
-3.9862267322834644
0
LINE
8
BLACK
6
CONTINUOUS
10
4.5867397244094485
20
-3.9862267322834644
11
4.5865328346456691
21
-3.9856861023622048
0
LINE
8
BLACK
6
CONTINUOUS
10
4.5865328346456691
20
-3.9856861023622048
11
4.58652531496063
21
-3.9855802755905509
0
LINE
8
BLACK
6
CONTINUOUS
10
4.58652531496063
20
-3.9855802755905509
11
4.5864847244094484
21
-3.9854822834645667
0
LINE
8
BLACK
6
CONTINUOUS
10
4.5864847244094484
20
-3.9854822834645667
11
4.5864279921259845
21
-3.9849062204724408
0
LINE
8
BLACK
6
CONTINUOUS
10
4.5864279921259845
20
-3.9849062204724408
11
4.5864279921259845
21
-3.975532401574803
0
LINE
8
BLACK
6
CONTINUOUS
10
4.5864279921259845
20
-3.975532401574803
11
4.5864847244094484
21
-3.9749563385826772
0
LINE
8
BLACK
6
CONTINUOUS
10
4.5864847244094484
20
-3.9749563385826772
11
4.58652531496063
21
-3.9748583070866141
0
LINE
8
BLACK
6
CONTINUOUS
10
4.58652531496063
20
-3.9748583070866141
11
4.5865328346456691
21
-3.9747525196850391
0
LINE
8
BLACK
6
CONTINUOUS
10
4.5865328346456691
20
-3.9747525196850391
11
4.5867397244094485
21
-3.9742118897637795
0
LINE
8
BLACK
6
CONTINUOUS
10
4.5867397244094485
20
-3.9742118897637795
11
4.5886144881889761
21
-3.9704623622047244
0
LINE
8
BLACK
6
CONTINUOUS
10
4.5886144881889761
20
-3.9704623622047244
11
4.5887705511811019
21
-3.9702143307086613
0
LINE
8
BLACK
6
CONTINUOUS
10
4.5887705511811019
20
-3.9702143307086613
11
4.5888003937007875
21
-3.9701424015748032
0
LINE
8
BLACK
6
CONTINUOUS
10
4.5888003937007875
20
-3.9701424015748032
11
4.5888668503937007
21
-3.9700614173228344
0
LINE
8
BLACK
6
CONTINUOUS
10
4.5888668503937007
20
-3.9700614173228344
11
4.5889228346456692
21
-3.9699724803149605
0
LINE
8
BLACK
6
CONTINUOUS
10
4.5889228346456692
20
-3.9699724803149605
11
4.588981811023622
21
-3.9699212992125985
0
LINE
8
BLACK
6
CONTINUOUS
10
4.588981811023622
20
-3.9699212992125985
11
4.5891675984251972
21
-3.969694960629921
0
LINE
8
BLACK
6
CONTINUOUS
10
4.5891675984251972
20
-3.969694960629921
11
4.5910423622047247
21
-3.9678201968503934
0
LINE
8
BLACK
6
CONTINUOUS
10
4.5910423622047247
20
-3.9678201968503934
11
4.5912687007874018
21
-3.9676344094488187
0
LINE
8
BLACK
6
CONTINUOUS
10
4.5912687007874018
20
-3.9676344094488187
11
4.5913198818897634
21
-3.9675754330708659
0
LINE
8
BLACK
6
CONTINUOUS
10
4.5913198818897634
20
-3.9675754330708659
11
4.5914088188976381
21
-3.9675194488188974
0
LINE
8
BLACK
6
CONTINUOUS
10
4.5914088188976381
20
-3.9675194488188974
11
4.5914898031496065
21
-3.9674529921259842
0
LINE
8
BLACK
6
CONTINUOUS
10
4.5914898031496065
20
-3.9674529921259842
11
4.5915617322834645
21
-3.967423149606299
0
LINE
8
BLACK
6
CONTINUOUS
10
4.5915617322834645
20
-3.967423149606299
11
4.5918097637795272
21
-3.9672670866141733
0
LINE
8
BLACK
6
CONTINUOUS
10
4.5918097637795272
20
-3.9672670866141733
11
4.5955592913385823
21
-3.9653923228346457
0
LINE
8
BLACK
6
CONTINUOUS
10
4.5955592913385823
20
-3.9653923228346457
11
4.5960998818897636
21
-3.9651854330708662
0
LINE
8
BLACK
6
CONTINUOUS
10
4.5960998818897636
20
-3.9651854330708662
11
4.5962057480314957
21
-3.9651778740157479
0
LINE
8
BLACK
6
CONTINUOUS
10
4.5962057480314957
20
-3.9651778740157479
11
4.59630374015748
21
-3.9651373228346456
0
LINE
8
BLACK
6
CONTINUOUS
10
4.59630374015748
20
-3.9651373228346456
11
4.5968798031496059
21
-3.9650805905511812
0
LINE
8
BLACK
6
CONTINUOUS
10
4.5968798031496059
20
-3.9650805905511812
11
4.6062536220472436
21
-3.9650805905511812
0
LINE
8
BLACK
6
CONTINUOUS
10
4.6062536220472436
20
-3.9650805905511812
11
4.6068296850393704
21
-3.9651373228346456
0
LINE
8
BLACK
6
CONTINUOUS
10
7.0561997637795271
20
-3.9651373228346456
11
7.0562977559055113
21
-3.9651779133858267
0
LINE
8
BLACK
6
CONTINUOUS
10
7.0562977559055113
20
-3.9651779133858267
11
7.0564035826771656
21
-3.9651854330708662
0
LINE
8
BLACK
6
CONTINUOUS
10
7.0564035826771656
20
-3.9651854330708662
11
7.0569442125984247
21
-3.9653923228346457
0
LINE
8
BLACK
6
CONTINUOUS
10
7.0569442125984247
20
-3.9653923228346457
11
7.0606937401574799
21
-3.9672670866141733
0
LINE
8
BLACK
6
CONTINUOUS
10
7.0606937401574799
20
-3.9672670866141733
11
7.0609416141732284
21
-3.9674231102362203
0
LINE
8
BLACK
6
CONTINUOUS
10
7.0609416141732284
20
-3.9674231102362203
11
7.0610136614173227
21
-3.9674529527559055
0
LINE
8
BLACK
6
CONTINUOUS
10
7.0610136614173227
20
-3.9674529527559055
11
7.0610946850393699
21
-3.9675194488188974
0
LINE
8
BLACK
6
CONTINUOUS
10
7.0610946850393699
20
-3.9675194488188974
11
7.0611836220472437
21
-3.9675754330708659
0
LINE
8
BLACK
6
CONTINUOUS
10
7.0611836220472437
20
-3.9675754330708659
11
7.0612347637795274
21
-3.9676344094488187
0
LINE
8
BLACK
6
CONTINUOUS
10
7.0612347637795274
20
-3.9676344094488187
11
7.0614611023622045
21
-3.9678201574803147
0
LINE
8
BLACK
6
CONTINUOUS
10
7.0614611023622045
20
-3.9678201574803147
11
7.0633359055118108
21
-3.9696949212598422
0
LINE
8
BLACK
6
CONTINUOUS
10
7.0633359055118108
20
-3.9696949212598422
11
7.0635216535433072
21
-3.9699212598425198
0
LINE
8
BLACK
6
CONTINUOUS
10
7.0635216535433072
20
-3.9699212598425198
11
7.0635807086614175
21
-3.9699724803149605
0
LINE
8
BLACK
6
CONTINUOUS
10
7.0635807086614175
20
-3.9699724803149605
11
7.063636692913386
21
-3.9700614173228344
0
LINE
8
BLACK
6
CONTINUOUS
10
7.063636692913386
20
-3.9700614173228344
11
7.0637031496062992
21
-3.9701424015748032
0
LINE
8
BLACK
6
CONTINUOUS
10
7.0637031496062992
20
-3.9701424015748032
11
7.0637329527559052
21
-3.9702143307086613
0
LINE
8
BLACK
6
CONTINUOUS
10
7.0637329527559052
20
-3.9702143307086613
11
7.0638890551181097
21
-3.9704623622047244
0
LINE
8
BLACK
6
CONTINUOUS
10
7.0638890551181097
20
-3.9704623622047244
11
7.0657638188976373
21
-3.9742118897637795
0
LINE
8
BLACK
6
CONTINUOUS
10
7.0657638188976373
20
-3.9742118897637795
11
7.0659707086614167
21
-3.9747524803149608
0
LINE
8
BLACK
6
CONTINUOUS
10
7.0659707086614167
20
-3.9747524803149608
11
7.0659782283464567
21
-3.9748583464566929
0
LINE
8
BLACK
6
CONTINUOUS
10
7.0659782283464567
20
-3.9748583464566929
11
7.0660188188976374
21
-3.9749563385826772
0
LINE
8
BLACK
6
CONTINUOUS
10
7.0660188188976374
20
-3.9749563385826772
11
7.0660755511811022
21
-3.975532401574803
0
LINE
8
BLACK
6
CONTINUOUS
10
7.0660755511811022
20
-3.975532401574803
11
7.0660755511811022
21
-3.9849062204724408
0
LINE
8
BLACK
6
CONTINUOUS
10
7.0660755511811022
20
-3.9849062204724408
11
7.0660188188976374
21
-3.9854822834645667
0
LINE
8
BLACK
6
CONTINUOUS
10
7.0660188188976374
20
-3.9854822834645667
11
7.0659782283464567
21
-3.9855802362204722
0
LINE
8
BLACK
6
CONTINUOUS
10
7.0659782283464567
20
-3.9855802362204722
11
7.0659707086614167
21
-3.9856861417322835
0
LINE
8
BLACK
6
CONTINUOUS
10
7.0659707086614167
20
-3.9856861417322835
11
7.0657638188976373
21
-3.9862267322834644
0
LINE
8
BLACK
6
CONTINUOUS
10
7.0657638188976373
20
-3.9862267322834644
11
7.0638890551181097
21
-3.9899762598425195
0
LINE
8
BLACK
6
CONTINUOUS
10
7.0638890551181097
20
-3.9899762598425195
11
7.0637329527559052
21
-3.9902242519685038
0
LINE
8
BLACK
6
CONTINUOUS
10
7.0637329527559052
20
-3.9902242519685038
11
7.0637031496062992
21
-3.990296220472441
0
LINE
8
BLACK
6
CONTINUOUS
10
7.0637031496062992
20
-3.990296220472441
11
7.063636692913386
21
-3.9903771653543307
0
LINE
8
BLACK
6
CONTINUOUS
10
7.063636692913386
20
-3.9903771653543307
11
7.0635807086614175
21
-3.9904661417322833
0
LINE
8
BLACK
6
CONTINUOUS
10
7.0635807086614175
20
-3.9904661417322833
11
7.0635216535433072
21
-3.9905173228346458
0
LINE
8
BLACK
6
CONTINUOUS
10
7.0635216535433072
20
-3.9905173228346458
11
7.0633359055118108
21
-3.9907437007874016
0
LINE
8
BLACK
6
CONTINUOUS
10
7.0633359055118108
20
-3.9907437007874016
11
7.0614611023622045
21
-3.9926184645669291
0
LINE
8
BLACK
6
CONTINUOUS
10
7.0614611023622045
20
-3.9926184645669291
11
7.0610136614173227
21
-3.9929856692913384
0
LINE
8
BLACK
6
CONTINUOUS
10
7.0610136614173227
20
-3.9929856692913384
11
7.0599492519685034
21
-3.9934265354330707
0
LINE
8
BLACK
6
CONTINUOUS
10
7.0599492519685034
20
-3.9934265354330707
11
7.0587971653543304
21
-3.9934265354330707
0
LINE
8
BLACK
6
CONTINUOUS
10
7.0587971653543304
20
-3.9934265354330707
11
7.0577327559055121
21
-3.9929856299212596
0
LINE
8
BLACK
6
CONTINUOUS
10
7.0577327559055121
20
-3.9929856299212596
11
7.0569180708661419
21
-3.9921709448818898
0
LINE
8
BLACK
6
CONTINUOUS
10
7.0569180708661419
20
-3.9921709448818898
11
7.0564772047244091
21
-3.9911065354330706
0
LINE
8
BLACK
6
CONTINUOUS
10
7.0564772047244091
20
-3.9911065354330706
11
7.0564772047244091
21
-3.9899544488188976
0
LINE
8
BLACK
6
CONTINUOUS
10
7.0564772047244091
20
-3.9899544488188976
11
7.0569181102362206
21
-3.9888900393700788
0
LINE
8
BLACK
6
CONTINUOUS
10
7.0569181102362206
20
-3.9888900393700788
11
7.0572853543307081
21
-3.9884425590551178
0
LINE
8
BLACK
6
CONTINUOUS
10
7.0572853543307081
20
-3.9884425590551178
11
7.0588212992125978
21
-3.9869066141732281
0
LINE
8
BLACK
6
CONTINUOUS
10
7.0588212992125978
20
-3.9869066141732281
11
7.0601700393700781
21
-3.9842091732283462
0
LINE
8
BLACK
6
CONTINUOUS
10
7.0601700393700781
20
-3.9842091732283462
11
7.0601700393700781
21
-3.9762294488188976
0
LINE
8
BLACK
6
CONTINUOUS
10
7.0601700393700781
20
-3.9762294488188976
11
7.0588212992125978
21
-3.973531968503937
0
LINE
8
BLACK
6
CONTINUOUS
10
7.0588212992125978
20
-3.973531968503937
11
7.0576241338582673
21
-3.9723348425196852
0
LINE
8
BLACK
6
CONTINUOUS
10
7.0576241338582673
20
-3.9723348425196852
11
7.0549266535433066
21
-3.9709861023622048
0
LINE
8
BLACK
6
CONTINUOUS
10
7.0549266535433066
20
-3.9709861023622048
11
7.046946929133858
21
-3.9709861023622048
0
LINE
8
BLACK
6
CONTINUOUS
10
7.046946929133858
20
-3.9709861023622048
11
7.0442494488188974
21
-3.9723348425196852
0
LINE
8
BLACK
6
CONTINUOUS
10
7.0442494488188974
20
-3.9723348425196852
11
7.0430523228346456
21
-3.973531968503937
0
LINE
8
BLACK
6
CONTINUOUS
10
7.0430523228346456
20
-3.973531968503937
11
7.0417035826771652
21
-3.9762294488188976
0
LINE
8
BLACK
6
CONTINUOUS
10
7.0417035826771652
20
-3.9762294488188976
11
7.0417035826771652
21
-3.9842091732283462
0
LINE
8
BLACK
6
CONTINUOUS
10
7.0417035826771652
20
-3.9842091732283462
11
7.0430523228346456
21
-3.9869066535433069
0
LINE
8
BLACK
6
CONTINUOUS
10
7.0430523228346456
20
-3.9869066535433069
11
7.0445882677165352
21
-3.9884425984251966
0
LINE
8
BLACK
6
CONTINUOUS
10
7.0445882677165352
20
-3.9884425984251966
11
7.0449554724409449
21
-3.9888900393700788
0
LINE
8
BLACK
6
CONTINUOUS
10
7.0449554724409449
20
-3.9888900393700788
11
7.0450123622047238
21
-3.9890273622047245
0
LINE
8
BLACK
6
CONTINUOUS
10
7.0450123622047238
20
-3.9890273622047245
11
7.0451065354330709
21
-3.9891424803149604
0
LINE
8
BLACK
6
CONTINUOUS
10
7.0451065354330709
20
-3.9891424803149604
11
7.0452312204724405
21
-3.989555748031496
0
LINE
8
BLACK
6
CONTINUOUS
10
7.0452312204724405
20
-3.989555748031496
11
7.0453963779527555
21
-3.9899544488188976
0
LINE
8
BLACK
6
CONTINUOUS
10
7.0453963779527555
20
-3.9899544488188976
11
7.0453963779527555
21
-3.9901031102362206
0
LINE
8
BLACK
6
CONTINUOUS
10
7.0453963779527555
20
-3.9901031102362206
11
7.0454393307086614
21
-3.9902454724409449
0
LINE
8
BLACK
6
CONTINUOUS
10
7.0454393307086614
20
-3.9902454724409449
11
7.0453963779527555
21
-3.9906749606299212
0
LINE
8
BLACK
6
CONTINUOUS
10
7.0453963779527555
20
-3.9906749606299212
11
7.0453963779527555
21
-3.9911065354330706
0
LINE
8
BLACK
6
CONTINUOUS
10
7.0453963779527555
20
-3.9911065354330706
11
7.0453394488188978
21
-3.9912438582677163
0
LINE
8
BLACK
6
CONTINUOUS
10
7.0453394488188978
20
-3.9912438582677163
11
7.04532468503937
21
-3.9913918897637792
0
LINE
8
BLACK
6
CONTINUOUS
10
7.04532468503937
20
-3.9913918897637792
11
7.0451205511811024
21
-3.9917723228346458
0
LINE
8
BLACK
6
CONTINUOUS
10
7.0451205511811024
20
-3.9917723228346458
11
7.0449554724409449
21
-3.9921709448818898
0
LINE
8
BLACK
6
CONTINUOUS
10
7.0449554724409449
20
-3.9921709448818898
11
7.0448503149606294
21
-3.9922760629921257
0
LINE
8
BLACK
6
CONTINUOUS
10
7.0448503149606294
20
-3.9922760629921257
11
7.044780039370079
21
-3.992407125984252
0
LINE
8
BLACK
6
CONTINUOUS
10
7.044780039370079
20
-3.992407125984252
11
7.0444458267716534
21
-3.9926805511811021
0
LINE
8
BLACK
6
CONTINUOUS
10
7.0444458267716534
20
-3.9926805511811021
11
7.0441407874015747
21
-3.9929856299212596
0
LINE
8
BLACK
6
CONTINUOUS
10
7.0441407874015747
20
-3.9929856299212596
11
7.0440035039370077
21
-3.9930424803149607
0
LINE
8
BLACK
6
CONTINUOUS
10
7.0440035039370077
20
-3.9930424803149607
11
7.0438883858267713
21
-3.9931366929133856
0
LINE
8
BLACK
6
CONTINUOUS
10
7.0438883858267713
20
-3.9931366929133856
11
7.0434749606299212
21
-3.9932614173228345
0
LINE
8
BLACK
6
CONTINUOUS
10
7.0434749606299212
20
-3.9932614173228345
11
7.0430763779527554
21
-3.9934265354330707
0
LINE
8
BLACK
6
CONTINUOUS
10
7.0430763779527554
20
-3.9934265354330707
11
7.0429277559055112
21
-3.9934265354330707
0
LINE
8
BLACK
6
CONTINUOUS
10
7.0429277559055112
20
-3.9934265354330707
11
7.0427853937007869
21
-3.9934694881889761
0
LINE
8
BLACK
6
CONTINUOUS
10
7.0427853937007869
20
-3.9934694881889761
11
7.0422065354330705
21
-3.993468622047244
0
LINE
8
BLACK
6
CONTINUOUS
10
7.0422065354330705
20
-3.993468622047244
11
7.023458897637795
21
-3.9915938582677164
0
LINE
8
BLACK
6
CONTINUOUS
10
7.023458897637795
20
-3.9915938582677164
11
7.0232489763779524
21
-3.9915517716535431
0
LINE
8
BLACK
6
CONTINUOUS
10
7.0232489763779524
20
-3.9915517716535431
11
7.0231766535433069
21
-3.9915517716535431
0
LINE
8
BLACK
6
CONTINUOUS
10
7.0231766535433069
20
-3.9915517716535431
11
7.0231088188976374
21
-3.9915236614173226
0
LINE
8
BLACK
6
CONTINUOUS
10
7.0231088188976374
20
-3.9915236614173226
11
7.022891338582677
21
-3.9914800787401572
0
LINE
8
BLACK
6
CONTINUOUS
10
7.022891338582677
20
-3.9914800787401572
11
7.0225110236220472
21
-3.991276023622047
0
LINE
8
BLACK
6
CONTINUOUS
10
7.0225110236220472
20
-3.991276023622047
11
7.0221122440944876
21
-3.991110866141732
0
LINE
8
BLACK
6
CONTINUOUS
10
7.0221122440944876
20
-3.991110866141732
11
7.0220070472440943
21
-3.9910056692913387
0
LINE
8
BLACK
6
CONTINUOUS
10
7.0220070472440943
20
-3.9910056692913387
11
7.0218761023622047
21
-3.9909354330708662
0
LINE
8
BLACK
6
CONTINUOUS
10
7.0218761023622047
20
-3.9909354330708662
11
7.0216028346456687
21
-3.9906014566929131
0
LINE
8
BLACK
6
CONTINUOUS
10
7.0216028346456687
20
-3.9906014566929131
11
7.0212975984251971
21
-3.990296220472441
0
LINE
8
BLACK
6
CONTINUOUS
10
7.0212975984251971
20
-3.990296220472441
11
7.0212406692913385
21
-3.9901588582677165
0
LINE
8
BLACK
6
CONTINUOUS
10
7.0212406692913385
20
-3.9901588582677165
11
7.0211465354330711
21
-3.990043779527559
0
LINE
8
BLACK
6
CONTINUOUS
10
7.0211465354330711
20
-3.990043779527559
11
7.0210218110236218
21
-3.9896304724409446
0
LINE
8
BLACK
6
CONTINUOUS
10
7.0210218110236218
20
-3.9896304724409446
11
7.0208566929133855
21
-3.9892318110236218
0
LINE
8
BLACK
6
CONTINUOUS
10
7.0208566929133855
20
-3.9892318110236218
11
7.0208349212598424
21
-3.9890111023622046
0
LINE
8
BLACK
6
CONTINUOUS
10
7.0208349212598424
20
-3.9890111023622046
11
7.0208137401574797
21
-3.9889407874015745
0
LINE
8
BLACK
6
CONTINUOUS
10
7.0208137401574797
20
-3.9889407874015745
11
7.0208209055118109
21
-3.988868779527559
0
LINE
8
BLACK
6
CONTINUOUS
10
7.0208209055118109
20
-3.988868779527559
11
7.0207999606299207
21
-3.9886557480314959
0
LINE
8
BLACK
6
CONTINUOUS
10
7.0207999606299207
20
-3.9886557480314959
11
7.0207999606299207
21
-3.9699081102362204
0
LINE
8
BLACK
6
CONTINUOUS
10
7.0207999606299207
20
-3.9699081102362204
11
7.0208566929133855
21
-3.9693320472440945
0
LINE
8
BLACK
6
CONTINUOUS
10
7.0208566929133855
20
-3.9693320472440945
11
7.0212975984251971
21
-3.9682676377952757
0
LINE
8
BLACK
6
CONTINUOUS
10
7.0212975984251971
20
-3.9682676377952757
11
7.0221122440944876
21
-3.9674529921259842
0
LINE
8
BLACK
6
CONTINUOUS
10
7.0221122440944876
20
-3.9674529921259842
11
7.0231766535433069
21
-3.9670120866141731
0
LINE
8
BLACK
6
CONTINUOUS
10
7.0231766535433069
20
-3.9670120866141731
11
7.0243287795275586
21
-3.9670120866141731
0
LINE
8
BLACK
6
CONTINUOUS
10
7.0243287795275586
20
-3.9670120866141731
11
7.0253931889763779
21
-3.9674529921259842
0
LINE
8
BLACK
6
CONTINUOUS
10
7.0253931889763779
20
-3.9674529921259842
11
7.0262078346456693
21
-3.9682676377952757
0
LINE
8
BLACK
6
CONTINUOUS
10
7.0262078346456693
20
-3.9682676377952757
11
7.02664874015748
21
-3.9693320472440945
0
LINE
8
BLACK
6
CONTINUOUS
10
7.02664874015748
20
-3.9693320472440945
11
7.0267054724409448
21
-3.9699081102362204
0
LINE
8
BLACK
6
CONTINUOUS
10
7.0267054724409448
20
-3.9699081102362204
11
7.0267054724409448
21
-3.9859835039370077
0
LINE
8
BLACK
6
CONTINUOUS
10
7.0267054724409448
20
-3.9859835039370077
11
7.0364767322834645
21
-3.9869606299212599
0
LINE
8
BLACK
6
CONTINUOUS
10
7.0364767322834645
20
-3.9869606299212599
11
7.0361098031496061
21
-3.9862267322834644
0
LINE
8
BLACK
6
CONTINUOUS
10
7.0361098031496061
20
-3.9862267322834644
11
7.0359029133858266
21
-3.9856861023622048
0
LINE
8
BLACK
6
CONTINUOUS
10
7.0359029133858266
20
-3.9856861023622048
11
7.0358953937007875
21
-3.9855802755905509
0
LINE
8
BLACK
6
CONTINUOUS
10
7.0358953937007875
20
-3.9855802755905509
11
7.035854803149606
21
-3.9854822834645667
0
LINE
8
BLACK
6
CONTINUOUS
10
7.035854803149606
20
-3.9854822834645667
11
7.0357980708661412
21
-3.9849062204724408
0
LINE
8
BLACK
6
CONTINUOUS
10
7.0357980708661412
20
-3.9849062204724408
11
7.0357980708661412
21
-3.975532401574803
0
LINE
8
BLACK
6
CONTINUOUS
10
7.0357980708661412
20
-3.975532401574803
11
7.035854803149606
21
-3.9749563385826772
0
LINE
8
BLACK
6
CONTINUOUS
10
7.035854803149606
20
-3.9749563385826772
11
7.0358953937007875
21
-3.9748583070866141
0
LINE
8
BLACK
6
CONTINUOUS
10
7.0358953937007875
20
-3.9748583070866141
11
7.0359029133858266
21
-3.9747525196850391
0
LINE
8
BLACK
6
CONTINUOUS
10
7.0359029133858266
20
-3.9747525196850391
11
7.0361098031496061
21
-3.9742118897637795
0
LINE
8
BLACK
6
CONTINUOUS
10
7.0361098031496061
20
-3.9742118897637795
11
7.0379845669291337
21
-3.9704623622047244
0
LINE
8
BLACK
6
CONTINUOUS
10
7.0379845669291337
20
-3.9704623622047244
11
7.0381406299212594
21
-3.9702143307086613
0
LINE
8
BLACK
6
CONTINUOUS
10
7.0381406299212594
20
-3.9702143307086613
11
7.0381704724409451
21
-3.9701424015748032
0
LINE
8
BLACK
6
CONTINUOUS
10
7.0381704724409451
20
-3.9701424015748032
11
7.0382369291338582
21
-3.9700614173228344
0
LINE
8
BLACK
6
CONTINUOUS
10
7.0382369291338582
20
-3.9700614173228344
11
7.0382929133858267
21
-3.9699724803149605
0
LINE
8
BLACK
6
CONTINUOUS
10
7.0382929133858267
20
-3.9699724803149605
11
7.0383518897637796
21
-3.9699212992125985
0
LINE
8
BLACK
6
CONTINUOUS
10
7.0383518897637796
20
-3.9699212992125985
11
7.0385376771653538
21
-3.969694960629921
0
LINE
8
BLACK
6
CONTINUOUS
10
7.0385376771653538
20
-3.969694960629921
11
7.0404124409448814
21
-3.9678201968503934
0
LINE
8
BLACK
6
CONTINUOUS
10
7.0404124409448814
20
-3.9678201968503934
11
7.0406387795275585
21
-3.9676344094488187
0
LINE
8
BLACK
6
CONTINUOUS
10
7.0406387795275585
20
-3.9676344094488187
11
7.0406899606299209
21
-3.9675754330708659
0
LINE
8
BLACK
6
CONTINUOUS
10
7.0406899606299209
20
-3.9675754330708659
11
7.0407788976377947
21
-3.9675194488188974
0
LINE
8
BLACK
6
CONTINUOUS
10
7.0407788976377947
20
-3.9675194488188974
11
7.0408598818897632
21
-3.9674529921259842
0
LINE
8
BLACK
6
CONTINUOUS
10
7.0408598818897632
20
-3.9674529921259842
11
7.0409318110236221
21
-3.967423149606299
0
LINE
8
BLACK
6
CONTINUOUS
10
7.0409318110236221
20
-3.967423149606299
11
7.0411798425196848
21
-3.9672670866141733
0
LINE
8
BLACK
6
CONTINUOUS
10
7.0411798425196848
20
-3.9672670866141733
11
7.0449293700787399
21
-3.9653923228346457
0
LINE
8
BLACK
6
CONTINUOUS
10
7.0449293700787399
20
-3.9653923228346457
11
7.0454699606299211
21
-3.9651854330708662
0
LINE
8
BLACK
6
CONTINUOUS
10
7.0454699606299211
20
-3.9651854330708662
11
7.0455758267716533
21
-3.9651778740157479
0
LINE
8
BLACK
6
CONTINUOUS
10
7.0455758267716533
20
-3.9651778740157479
11
7.0456738188976376
21
-3.9651373228346456
0
LINE
8
BLACK
6
CONTINUOUS
10
7.0456738188976376
20
-3.9651373228346456
11
7.0462498818897634
21
-3.9650805905511812
0
LINE
8
BLACK
6
CONTINUOUS
10
7.0462498818897634
20
-3.9650805905511812
11
7.0556237007874012
21
-3.9650805905511812
0
LINE
8
BLACK
6
CONTINUOUS
10
7.0556237007874012
20
-3.9650805905511812
11
7.0561997637795271
21
-3.9651373228346456
0
LINE
8
BLACK
6
CONTINUOUS
10
6.866238307086614
20
-3.9637034645669291
11
6.8670529527559054
21
-3.9645181102362206
0
LINE
8
BLACK
6
CONTINUOUS
10
6.8670529527559054
20
-3.9645181102362206
11
6.8674938582677161
21
-3.9655825196850394
0
LINE
8
BLACK
6
CONTINUOUS
10
6.8674938582677161
20
-3.9655825196850394
11
6.8675505905511809
21
-3.9661585826771653
0
LINE
8
BLACK
6
CONTINUOUS
10
6.8675505905511809
20
-3.9661585826771653
11
6.8675505905511809
21
-3.9688301181102363
0
LINE
8
BLACK
6
CONTINUOUS
10
6.8675505905511809
20
-3.9688301181102363
11
6.8777212204724405
21
-3.9688301181102363
0
LINE
8
BLACK
6
CONTINUOUS
10
6.8777212204724405
20
-3.9688301181102363
11
6.8782972834645664
21
-3.9688868503937007
0
LINE
8
BLACK
6
CONTINUOUS
10
6.8782972834645664
20
-3.9688868503937007
11
6.8793616929133856
21
-3.9693277559055118
0
LINE
8
BLACK
6
CONTINUOUS
10
6.8793616929133856
20
-3.9693277559055118
11
6.8801763385826771
21
-3.9701424015748032
0
LINE
8
BLACK
6
CONTINUOUS
10
6.8801763385826771
20
-3.9701424015748032
11
6.8806172440944877
21
-3.9712068110236221
0
LINE
8
BLACK
6
CONTINUOUS
10
6.8806172440944877
20
-3.9712068110236221
11
6.8806172440944877
21
-3.9723589370078738
0
LINE
8
BLACK
6
CONTINUOUS
10
6.8806172440944877
20
-3.9723589370078738
11
6.8801763385826771
21
-3.973423346456693
0
LINE
8
BLACK
6
CONTINUOUS
10
6.8801763385826771
20
-3.973423346456693
11
6.8793616929133856
21
-3.9742379921259841
0
LINE
8
BLACK
6
CONTINUOUS
10
6.8793616929133856
20
-3.9742379921259841
11
6.8782972834645664
21
-3.9746788976377951
0
LINE
8
BLACK
6
CONTINUOUS
10
6.8782972834645664
20
-3.9746788976377951
11
6.8777212204724405
21
-3.9747356299212599
0
LINE
8
BLACK
6
CONTINUOUS
10
6.8777212204724405
20
-3.9747356299212599
11
6.8675505905511809
21
-3.9747356299212599
0
LINE
8
BLACK
6
CONTINUOUS
10
6.8675505905511809
20
-3.9747356299212599
11
6.8675505905511809
21
-3.9905305118110235
0
LINE
8
BLACK
6
CONTINUOUS
10
6.8675505905511809
20
-3.9905305118110235
11
6.8675218503937003
21
-3.9908220472440945
0
LINE
8
BLACK
6
CONTINUOUS
10
6.8675218503937003
20
-3.9908220472440945
11
6.8675274015748027
21
-3.9908998031496061
0
LINE
8
BLACK
6
CONTINUOUS
10
6.8675274015748027
20
-3.9908998031496061
11
6.8675086614173226
21
-3.9909559055118109
0
LINE
8
BLACK
6
CONTINUOUS
10
6.8675086614173226
20
-3.9909559055118109
11
6.8674938582677161
21
-3.9911065748031493
0
LINE
8
BLACK
6
CONTINUOUS
10
6.8674938582677161
20
-3.9911065748031493
11
6.8673126771653541
21
-3.991543937007874
0
LINE
8
BLACK
6
CONTINUOUS
10
6.8673126771653541
20
-3.991543937007874
11
6.867163070866142
21
-3.9919927952755905
0
LINE
8
BLACK
6
CONTINUOUS
10
6.867163070866142
20
-3.9919927952755905
11
6.8670935433070861
21
-3.9920729133858268
0
LINE
8
BLACK
6
CONTINUOUS
10
6.8670935433070861
20
-3.9920729133858268
11
6.8670529527559054
21
-3.9921709842519686
0
LINE
8
BLACK
6
CONTINUOUS
10
6.8670529527559054
20
-3.9921709842519686
11
6.8667181889763782
21
-3.9925057086614171
0
LINE
8
BLACK
6
CONTINUOUS
10
6.8667181889763782
20
-3.9925057086614171
11
6.8664081889763775
21
-3.9928631889763779
0
LINE
8
BLACK
6
CONTINUOUS
10
6.8664081889763775
20
-3.9928631889763779
11
6.8663133070866138
21
-3.992910590551181
0
LINE
8
BLACK
6
CONTINUOUS
10
6.8663133070866138
20
-3.992910590551181
11
6.866238307086614
21
-3.9929856299212596
0
LINE
8
BLACK
6
CONTINUOUS
10
6.866238307086614
20
-3.9929856299212596
11
6.865800826771653
21
-3.993166811023622
0
LINE
8
BLACK
6
CONTINUOUS
10
6.865800826771653
20
-3.993166811023622
11
6.8653777165354333
21
-3.9933783858267717
0
LINE
8
BLACK
6
CONTINUOUS
10
6.8653777165354333
20
-3.9933783858267717
11
6.8652719685039365
21
-3.9933858661417321
0
LINE
8
BLACK
6
CONTINUOUS
10
6.8652719685039365
20
-3.9933858661417321
11
6.8651738976377947
21
-3.9934265354330707
0
LINE
8
BLACK
6
CONTINUOUS
10
6.8651738976377947
20
-3.9934265354330707
11
6.8647003543307088
21
-3.9934265354330707
0
LINE
8
BLACK
6
CONTINUOUS
10
6.8647003543307088
20
-3.9934265354330707
11
6.8642285039370075
21
-3.9934600787401573
0
LINE
8
BLACK
6
CONTINUOUS
10
6.8642285039370075
20
-3.9934600787401573
11
6.8640809842519683
21
-3.9934265354330707
0
LINE
8
BLACK
6
CONTINUOUS
10
6.8640809842519683
20
-3.9934265354330707
11
6.864021771653543
21
-3.9934265354330707
0
LINE
8
BLACK
6
CONTINUOUS
10
6.864021771653543
20
-3.9934265354330707
11
6.86394968503937
21
-3.9933966535433072
0
LINE
8
BLACK
6
CONTINUOUS
10
6.86394968503937
20
-3.9933966535433072
11
6.8636640551181101
21
-3.9933317322834645
0
LINE
8
BLACK
6
CONTINUOUS
10
6.8636640551181101
20
-3.9933317322834645
11
6.8355426377952755
21
-3.9839579133858267
0
LINE
8
BLACK
6
CONTINUOUS
10
6.8355426377952755
20
-3.9839579133858267
11
6.8350140551181102
21
-3.9837219291338584
0
LINE
8
BLACK
6
CONTINUOUS
10
6.8350140551181102
20
-3.9837219291338584
11
6.8341437007874015
21
-3.9829670472440943
0
LINE
8
BLACK
6
CONTINUOUS
10
6.8341437007874015
20
-3.9829670472440943
11
6.8336285039370077
21
-3.9819366141732284
0
LINE
8
BLACK
6
CONTINUOUS
10
6.8336285039370077
20
-3.9819366141732284
11
6.8335468110236217
21
-3.980787401574803
0
LINE
8
BLACK
6
CONTINUOUS
10
6.8335468110236217
20
-3.980787401574803
11
6.8339111417322833
21
-3.9796943700787399
0
LINE
8
BLACK
6
CONTINUOUS
10
6.8339111417322833
20
-3.9796943700787399
11
6.8346660236220469
21
-3.9788240157480312
0
LINE
8
BLACK
6
CONTINUOUS
10
6.8346660236220469
20
-3.9788240157480312
11
6.8356964566929133
21
-3.9783088188976379
0
LINE
8
BLACK
6
CONTINUOUS
10
6.8356964566929133
20
-3.9783088188976379
11
6.8368456692913382
21
-3.9782271259842519
0
LINE
8
BLACK
6
CONTINUOUS
10
6.8368456692913382
20
-3.9782271259842519
11
6.8374101181102365
21
-3.9783554724409447
0
LINE
8
BLACK
6
CONTINUOUS
10
6.8374101181102365
20
-3.9783554724409447
11
6.8616450787401577
21
-3.9864337795275588
0
LINE
8
BLACK
6
CONTINUOUS
10
6.8616450787401577
20
-3.9864337795275588
11
6.8616450787401577
21
-3.9747356299212599
0
LINE
8
BLACK
6
CONTINUOUS
10
6.8616450787401577
20
-3.9747356299212599
11
6.851474488188976
21
-3.9747356299212599
0
LINE
8
BLACK
6
CONTINUOUS
10
6.851474488188976
20
-3.9747356299212599
11
6.8508984251968501
21
-3.9746788976377951
0
LINE
8
BLACK
6
CONTINUOUS
10
6.8508984251968501
20
-3.9746788976377951
11
6.8498340157480317
21
-3.9742379921259841
0
LINE
8
BLACK
6
CONTINUOUS
10
6.8498340157480317
20
-3.9742379921259841
11
6.8490193700787403
21
-3.973423346456693
0
LINE
8
BLACK
6
CONTINUOUS
10
6.8490193700787403
20
-3.973423346456693
11
6.8485784645669288
21
-3.9723589370078738
0
LINE
8
BLACK
6
CONTINUOUS
10
6.8485784645669288
20
-3.9723589370078738
11
6.8485784645669288
21
-3.9712068110236221
0
LINE
8
BLACK
6
CONTINUOUS
10
6.8485784645669288
20
-3.9712068110236221
11
6.8490193700787403
21
-3.9701424015748032
0
LINE
8
BLACK
6
CONTINUOUS
10
6.8490193700787403
20
-3.9701424015748032
11
6.8498340157480317
21
-3.9693277559055118
0
LINE
8
BLACK
6
CONTINUOUS
10
6.8498340157480317
20
-3.9693277559055118
11
6.8508984251968501
21
-3.9688868503937007
0
LINE
8
BLACK
6
CONTINUOUS
10
6.8508984251968501
20
-3.9688868503937007
11
6.851474488188976
21
-3.9688301181102363
0
LINE
8
BLACK
6
CONTINUOUS
10
6.851474488188976
20
-3.9688301181102363
11
6.8616450787401577
21
-3.9688301181102363
0
LINE
8
BLACK
6
CONTINUOUS
10
6.8616450787401577
20
-3.9688301181102363
11
6.8616450787401577
21
-3.9661585826771653
0
LINE
8
BLACK
6
CONTINUOUS
10
6.8616450787401577
20
-3.9661585826771653
11
6.8617018110236216
21
-3.9655825196850394
0
LINE
8
BLACK
6
CONTINUOUS
10
6.8617018110236216
20
-3.9655825196850394
11
6.8621427165354332
21
-3.9645181102362206
0
LINE
8
BLACK
6
CONTINUOUS
10
6.8621427165354332
20
-3.9645181102362206
11
6.8629573622047246
21
-3.9637034645669291
0
LINE
8
BLACK
6
CONTINUOUS
10
6.8629573622047246
20
-3.9637034645669291
11
6.864021771653543
21
-3.963262559055118
0
LINE
8
BLACK
6
CONTINUOUS
10
6.864021771653543
20
-3.963262559055118
11
6.8651738976377947
21
-3.963262559055118
0
LINE
8
BLACK
6
CONTINUOUS
10
6.8651738976377947
20
-3.963262559055118
11
6.866238307086614
21
-3.9637034645669291
0
LINE
8
BLACK
6
CONTINUOUS
10
6.8628235826771649
20
-3.9275951574803147
11
6.8628666141732282
21
-3.927588779527559
0
LINE
8
BLACK
6
CONTINUOUS
10
6.8628666141732282
20
-3.927588779527559
11
6.8630820866141731
21
-3.9276206299212597
0
LINE
8
BLACK
6
CONTINUOUS
10
6.8630820866141731
20
-3.9276206299212597
11
6.8632991338582672
21
-3.9276420078740157
0
LINE
8
BLACK
6
CONTINUOUS
10
6.8632991338582672
20
-3.9276420078740157
11
6.8633393307086612
21
-3.927658622047244
0
LINE
8
BLACK
6
CONTINUOUS
10
6.8633393307086612
20
-3.927658622047244
11
6.8634392125984247
21
-3.9276734251968501
0
LINE
8
BLACK
6
CONTINUOUS
10
6.8634392125984247
20
-3.9276734251968501
11
6.8709382677165349
21
-3.9295481889763777
0
LINE
8
BLACK
6
CONTINUOUS
10
6.8709382677165349
20
-3.9295481889763777
11
6.8709807480314957
21
-3.929563346456693
0
LINE
8
BLACK
6
CONTINUOUS
10
6.8709807480314957
20
-3.929563346456693
11
6.8710020078740159
21
-3.9295648818897635
0
LINE
8
BLACK
6
CONTINUOUS
10
6.8710020078740159
20
-3.9295648818897635
11
6.8712414173228344
21
-3.9296564960629921
0
LINE
8
BLACK
6
CONTINUOUS
10
6.8712414173228344
20
-3.9296564960629921
11
6.8714833858267719
21
-3.9297429527559053
0
LINE
8
BLACK
6
CONTINUOUS
10
6.8714833858267719
20
-3.9297429527559053
11
6.8715005118110231
21
-3.9297556299212597
0
LINE
8
BLACK
6
CONTINUOUS
10
6.8715005118110231
20
-3.9297556299212597
11
6.8715426377952751
21
-3.9297717716535434
0
LINE
8
BLACK
6
CONTINUOUS
10
6.8715426377952751
20
-3.9297717716535434
11
6.8752921653543302
21
-3.931646535433071
0
LINE
8
BLACK
6
CONTINUOUS
10
6.8752921653543302
20
-3.931646535433071
11
6.8755400393700787
21
-3.931802559055118
0
LINE
8
BLACK
6
CONTINUOUS
10
6.8755400393700787
20
-3.931802559055118
11
6.875612086614173
21
-3.9318324015748032
0
LINE
8
BLACK
6
CONTINUOUS
10
6.875612086614173
20
-3.9318324015748032
11
6.8756931102362202
21
-3.9318988976377951
0
LINE
8
BLACK
6
CONTINUOUS
10
6.8756931102362202
20
-3.9318988976377951
11
6.875782047244094
21
-3.9319548818897636
0
LINE
8
BLACK
6
CONTINUOUS
10
6.875782047244094
20
-3.9319548818897636
11
6.8758331889763777
21
-3.9320138582677164
0
LINE
8
BLACK
6
CONTINUOUS
10
6.8758331889763777
20
-3.9320138582677164
11
6.8760595275590548
21
-3.9321996062992124
0
LINE
8
BLACK
6
CONTINUOUS
10
6.8760595275590548
20
-3.9321996062992124
11
6.8779343307086611
21
-3.9340743700787399
0
LINE
8
BLACK
6
CONTINUOUS
10
6.8779343307086611
20
-3.9340743700787399
11
6.8781200787401575
21
-3.934300708661417
0
LINE
8
BLACK
6
CONTINUOUS
10
6.8781200787401575
20
-3.934300708661417
11
6.8781791338582678
21
-3.9343519291338582
0
LINE
8
BLACK
6
CONTINUOUS
10
6.8781791338582678
20
-3.9343519291338582
11
6.8782351181102364
21
-3.9344408661417321
0
LINE
8
BLACK
6
CONTINUOUS
10
6.8782351181102364
20
-3.9344408661417321
11
6.8783015748031495
21
-3.9345218503937005
0
LINE
8
BLACK
6
CONTINUOUS
10
6.8783015748031495
20
-3.9345218503937005
11
6.8783313779527555
21
-3.934593779527559
0
LINE
8
BLACK
6
CONTINUOUS
10
6.8783313779527555
20
-3.934593779527559
11
6.87848748031496
21
-3.9348418110236221
0
LINE
8
BLACK
6
CONTINUOUS
10
6.87848748031496
20
-3.9348418110236221
11
6.8803622440944876
21
-3.9385913385826772
0
LINE
8
BLACK
6
CONTINUOUS
10
6.8803622440944876
20
-3.9385913385826772
11
6.880569133858268
21
-3.939131929133858
0
LINE
8
BLACK
6
CONTINUOUS
10
6.880569133858268
20
-3.939131929133858
11
6.8805766535433071
21
-3.9392377952755906
0
LINE
8
BLACK
6
CONTINUOUS
10
6.8805766535433071
20
-3.9392377952755906
11
6.8806172440944877
21
-3.9393357874015749
0
LINE
8
BLACK
6
CONTINUOUS
10
6.8806172440944877
20
-3.9393357874015749
11
6.8806739763779525
21
-3.9399118503937007
0
LINE
8
BLACK
6
CONTINUOUS
10
6.8806739763779525
20
-3.9399118503937007
11
6.8806739763779525
21
-3.9436613779527558
0
LINE
8
BLACK
6
CONTINUOUS
10
6.8806739763779525
20
-3.9436613779527558
11
6.8806172440944877
21
-3.9442374409448817
0
LINE
8
BLACK
6
CONTINUOUS
10
6.8806172440944877
20
-3.9442374409448817
11
6.8805766535433071
21
-3.9443353937007872
0
LINE
8
BLACK
6
CONTINUOUS
10
6.8805766535433071
20
-3.9443353937007872
11
6.880569133858268
21
-3.9444412992125981
0
LINE
8
BLACK
6
CONTINUOUS
10
6.880569133858268
20
-3.9444412992125981
11
6.8803622440944876
21
-3.9449818897637794
0
LINE
8
BLACK
6
CONTINUOUS
10
6.8803622440944876
20
-3.9449818897637794
11
6.87848748031496
21
-3.9487314173228345
0
LINE
8
BLACK
6
CONTINUOUS
10
6.87848748031496
20
-3.9487314173228345
11
6.8783313779527555
21
-3.9489794094488189
0
LINE
8
BLACK
6
CONTINUOUS
10
6.8783313779527555
20
-3.9489794094488189
11
6.8783015748031495
21
-3.9490513779527556
0
LINE
8
BLACK
6
CONTINUOUS
10
6.8783015748031495
20
-3.9490513779527556
11
6.8782351181102364
21
-3.9491323228346458
0
LINE
8
BLACK
6
CONTINUOUS
10
6.8782351181102364
20
-3.9491323228346458
11
6.8781791338582678
21
-3.9492212992125983
0
LINE
8
BLACK
6
CONTINUOUS
10
6.8781791338582678
20
-3.9492212992125983
11
6.8781200787401575
21
-3.9492724803149604
0
LINE
8
BLACK
6
CONTINUOUS
10
6.8781200787401575
20
-3.9492724803149604
11
6.8779343307086611
21
-3.9494988582677166
0
LINE
8
BLACK
6
CONTINUOUS
10
6.8779343307086611
20
-3.9494988582677166
11
6.8760595275590548
21
-3.9513736220472442
0
LINE
8
BLACK
6
CONTINUOUS
10
6.8760595275590548
20
-3.9513736220472442
11
6.8758331889763777
21
-3.9515593307086614
0
LINE
8
BLACK
6
CONTINUOUS
10
6.8758331889763777
20
-3.9515593307086614
11
6.875782047244094
21
-3.951618346456693
0
LINE
8
BLACK
6
CONTINUOUS
10
6.875782047244094
20
-3.951618346456693
11
6.8756931102362202
21
-3.9516742913385827
0
LINE
8
BLACK
6
CONTINUOUS
10
6.8756931102362202
20
-3.9516742913385827
11
6.875612086614173
21
-3.9517408267716534
0
LINE
8
BLACK
6
CONTINUOUS
10
6.875612086614173
20
-3.9517408267716534
11
6.8755400393700787
21
-3.9517706299212598
0
LINE
8
BLACK
6
CONTINUOUS
10
6.8755400393700787
20
-3.9517706299212598
11
6.8752921653543302
21
-3.9519266929133856
0
LINE
8
BLACK
6
CONTINUOUS
10
6.8752921653543302
20
-3.9519266929133856
11
6.8715426377952751
21
-3.9538014566929132
0
LINE
8
BLACK
6
CONTINUOUS
10
6.8715426377952751
20
-3.9538014566929132
11
6.8715005118110231
21
-3.9538175590551181
0
LINE
8
BLACK
6
CONTINUOUS
10
6.8715005118110231
20
-3.9538175590551181
11
6.8714833858267719
21
-3.9538302755905512
0
LINE
8
BLACK
6
CONTINUOUS
10
6.8714833858267719
20
-3.9538302755905512
11
6.8712414173228344
21
-3.9539166929133858
0
LINE
8
BLACK
6
CONTINUOUS
10
6.8712414173228344
20
-3.9539166929133858
11
6.8710020078740159
21
-3.9540083464566926
0
LINE
8
BLACK
6
CONTINUOUS
10
6.8710020078740159
20
-3.9540083464566926
11
6.8709807480314957
21
-3.9540098425196848
0
LINE
8
BLACK
6
CONTINUOUS
10
6.8709807480314957
20
-3.9540098425196848
11
6.8709382677165349
21
-3.9540250393700784
0
LINE
8
BLACK
6
CONTINUOUS
10
6.8709382677165349
20
-3.9540250393700784
11
6.8634392125984247
21
-3.9558998031496064
0
LINE
8
BLACK
6
CONTINUOUS
10
6.8634392125984247
20
-3.9558998031496064
11
6.8633393307086612
21
-3.9559145669291338
0
LINE
8
BLACK
6
CONTINUOUS
10
6.8633393307086612
20
-3.9559145669291338
11
6.8632991338582672
21
-3.9559312204724408
0
LINE
8
BLACK
6
CONTINUOUS
10
6.8632991338582672
20
-3.9559312204724408
11
6.8630820866141731
21
-3.9559525590551181
0
LINE
8
BLACK
6
CONTINUOUS
10
6.8630820866141731
20
-3.9559525590551181
11
6.8628666141732282
21
-3.9559844488188975
0
LINE
8
BLACK
6
CONTINUOUS
10
6.8628666141732282
20
-3.9559844488188975
11
6.8628235826771649
21
-3.9559780314960631
0
LINE
8
BLACK
6
CONTINUOUS
10
6.8628235826771649
20
-3.9559780314960631
11
6.8627230708661413
21
-3.9559879527559052
0
LINE
8
BLACK
6
CONTINUOUS
10
6.8627230708661413
20
-3.9559879527559052
11
6.8533492519685035
21
-3.9559879527559052
0
LINE
8
BLACK
6
CONTINUOUS
10
6.8533492519685035
20
-3.9559879527559052
11
6.8532487007874012
21
-3.9559780314960631
0
LINE
8
BLACK
6
CONTINUOUS
10
6.8532487007874012
20
-3.9559780314960631
11
6.8532057086614175
21
-3.9559844488188975
0
LINE
8
BLACK
6
CONTINUOUS
10
6.8532057086614175
20
-3.9559844488188975
11
6.8529901968503939
21
-3.9559525590551181
0
LINE
8
BLACK
6
CONTINUOUS
10
6.8529901968503939
20
-3.9559525590551181
11
6.8527731889763777
21
-3.9559312204724408
0
LINE
8
BLACK
6
CONTINUOUS
10
6.8527731889763777
20
-3.9559312204724408
11
6.8527329527559058
21
-3.9559145669291338
0
LINE
8
BLACK
6
CONTINUOUS
10
6.8527329527559058
20
-3.9559145669291338
11
6.8526331102362201
21
-3.9558998031496064
0
LINE
8
BLACK
6
CONTINUOUS
10
6.8526331102362201
20
-3.9558998031496064
11
6.8451340551181099
21
-3.9540250393700784
0
LINE
8
BLACK
6
CONTINUOUS
10
6.8451340551181099
20
-3.9540250393700784
11
6.8450915354330704
21
-3.9540098425196848
0
LINE
8
BLACK
6
CONTINUOUS
10
6.8450915354330704
20
-3.9540098425196848
11
6.845070275590551
21
-3.9540083464566926
0
LINE
8
BLACK
6
CONTINUOUS
10
6.845070275590551
20
-3.9540083464566926
11
6.8448305118110238
21
-3.9539165748031495
0
LINE
8
BLACK
6
CONTINUOUS
10
6.8448305118110238
20
-3.9539165748031495
11
6.8445889370078739
21
-3.9538302755905512
0
LINE
8
BLACK
6
CONTINUOUS
10
6.8445889370078739
20
-3.9538302755905512
11
6.844571771653543
21
-3.9538175590551181
0
LINE
8
BLACK
6
CONTINUOUS
10
6.844571771653543
20
-3.9538175590551181
11
6.8445296850393698
21
-3.9538014566929132
0
LINE
8
BLACK
6
CONTINUOUS
10
6.8445296850393698
20
-3.9538014566929132
11
6.8407801574803146
21
-3.9519266929133856
0
LINE
8
BLACK
6
CONTINUOUS
10
6.8407801574803146
20
-3.9519266929133856
11
6.840532125984252
21
-3.9517705905511811
0
LINE
8
BLACK
6
CONTINUOUS
10
6.840532125984252
20
-3.9517705905511811
11
6.840460196850394
21
-3.9517407874015746
0
LINE
8
BLACK
6
CONTINUOUS
10
6.840460196850394
20
-3.9517407874015746
11
6.8403792125984246
21
-3.9516742913385827
0
LINE
8
BLACK
6
CONTINUOUS
10
6.8403792125984246
20
-3.9516742913385827
11
6.8402902755905508
21
-3.951618346456693
0
LINE
8
BLACK
6
CONTINUOUS
10
6.8402902755905508
20
-3.951618346456693
11
6.8402390944881892
21
-3.9515593307086614
0
LINE
8
BLACK
6
CONTINUOUS
10
6.8402390944881892
20
-3.9515593307086614
11
6.8400127559055113
21
-3.9513735826771654
0
LINE
8
BLACK
6
CONTINUOUS
10
6.8400127559055113
20
-3.9513735826771654
11
6.8381379921259837
21
-3.9494988188976379
0
LINE
8
BLACK
6
CONTINUOUS
10
6.8381379921259837
20
-3.9494988188976379
11
6.8379522047244095
21
-3.9492724409448816
0
LINE
8
BLACK
6
CONTINUOUS
10
6.8379522047244095
20
-3.9492724409448816
11
6.8378932283464566
21
-3.9492212992125983
0
LINE
8
BLACK
6
CONTINUOUS
10
6.8378932283464566
20
-3.9492212992125983
11
6.8378372440944881
21
-3.9491323228346458
0
LINE
8
BLACK
6
CONTINUOUS
10
6.8378372440944881
20
-3.9491323228346458
11
6.837770787401575
21
-3.9490513779527556
0
LINE
8
BLACK
6
CONTINUOUS
10
6.837770787401575
20
-3.9490513779527556
11
6.8377409448818893
21
-3.9489794094488189
0
LINE
8
BLACK
6
CONTINUOUS
10
6.8377409448818893
20
-3.9489794094488189
11
6.8375848818897635
21
-3.9487314173228345
0
LINE
8
BLACK
6
CONTINUOUS
10
6.8375848818897635
20
-3.9487314173228345
11
6.835710118110236
21
-3.9449818897637794
0
LINE
8
BLACK
6
CONTINUOUS
10
6.835710118110236
20
-3.9449818897637794
11
6.8355032283464565
21
-3.9444412598425198
0
LINE
8
BLACK
6
CONTINUOUS
10
6.8355032283464565
20
-3.9444412598425198
11
6.8354957086614174
21
-3.944335433070866
0
LINE
8
BLACK
6
CONTINUOUS
10
6.8354957086614174
20
-3.944335433070866
11
6.8354551181102359
21
-3.9442374409448817
0
LINE
8
BLACK
6
CONTINUOUS
10
6.8354551181102359
20
-3.9442374409448817
11
6.8353983858267711
21
-3.9436613779527558
0
LINE
8
BLACK
6
CONTINUOUS
10
6.8353983858267711
20
-3.9436613779527558
11
6.8353983858267711
21
-3.9399118503937007
0
LINE
8
BLACK
6
CONTINUOUS
10
6.8353983858267711
20
-3.9399118503937007
11
6.8354551181102359
21
-3.9393357874015749
0
LINE
8
BLACK
6
CONTINUOUS
10
6.8354551181102359
20
-3.9393357874015749
11
6.8354957086614174
21
-3.9392377559055118
0
LINE
8
BLACK
6
CONTINUOUS
10
6.8354957086614174
20
-3.9392377559055118
11
6.8355032283464565
21
-3.9391319685039368
0
LINE
8
BLACK
6
CONTINUOUS
10
6.8355032283464565
20
-3.9391319685039368
11
6.835710118110236
21
-3.9385913385826772
0
LINE
8
BLACK
6
CONTINUOUS
10
6.835710118110236
20
-3.9385913385826772
11
6.8375848818897635
21
-3.9348418110236221
0
LINE
8
BLACK
6
CONTINUOUS
10
6.8375848818897635
20
-3.9348418110236221
11
6.8377409448818893
21
-3.934593779527559
0
LINE
8
BLACK
6
CONTINUOUS
10
6.8377409448818893
20
-3.934593779527559
11
6.837770787401575
21
-3.9345218503937005
0
LINE
8
BLACK
6
CONTINUOUS
10
6.837770787401575
20
-3.9345218503937005
11
6.8378372440944881
21
-3.9344408661417321
0
LINE
8
BLACK
6
CONTINUOUS
10
6.8378372440944881
20
-3.9344408661417321
11
6.8378932283464566
21
-3.9343519291338582
0
LINE
8
BLACK
6
CONTINUOUS
10
6.8378932283464566
20
-3.9343519291338582
11
6.8379522047244095
21
-3.9343007480314958
0
LINE
8
BLACK
6
CONTINUOUS
10
6.8379522047244095
20
-3.9343007480314958
11
6.8381379921259837
21
-3.9340744094488187
0
LINE
8
BLACK
6
CONTINUOUS
10
6.8381379921259837
20
-3.9340744094488187
11
6.8400127559055113
21
-3.9321996456692911
0
LINE
8
BLACK
6
CONTINUOUS
10
6.8400127559055113
20
-3.9321996456692911
11
6.8402390944881892
21
-3.9320138582677164
0
LINE
8
BLACK
6
CONTINUOUS
10
6.8402390944881892
20
-3.9320138582677164
11
6.8402902755905508
21
-3.9319548818897636
0
LINE
8
BLACK
6
CONTINUOUS
10
6.8402902755905508
20
-3.9319548818897636
11
6.8403792125984246
21
-3.9318988976377951
0
LINE
8
BLACK
6
CONTINUOUS
10
6.8403792125984246
20
-3.9318988976377951
11
6.840460196850394
21
-3.9318324409448819
0
LINE
8
BLACK
6
CONTINUOUS
10
6.840460196850394
20
-3.9318324409448819
11
6.840532125984252
21
-3.9318025984251967
0
LINE
8
BLACK
6
CONTINUOUS
10
6.840532125984252
20
-3.9318025984251967
11
6.8407801574803146
21
-3.931646535433071
0
LINE
8
BLACK
6
CONTINUOUS
10
6.8407801574803146
20
-3.931646535433071
11
6.8445296850393698
21
-3.9297717716535434
0
LINE
8
BLACK
6
CONTINUOUS
10
6.8445296850393698
20
-3.9297717716535434
11
6.844571771653543
21
-3.9297556299212597
0
LINE
8
BLACK
6
CONTINUOUS
10
6.844571771653543
20
-3.9297556299212597
11
6.8445889370078739
21
-3.9297429527559053
0
LINE
8
BLACK
6
CONTINUOUS
10
6.8445889370078739
20
-3.9297429527559053
11
6.8448305118110238
21
-3.9296566141732283
0
LINE
8
BLACK
6
CONTINUOUS
10
6.8448305118110238
20
-3.9296566141732283
11
6.845070275590551
21
-3.9295648818897635
0
LINE
8
BLACK
6
CONTINUOUS
10
6.845070275590551
20
-3.9295648818897635
11
6.8450915354330704
21
-3.929563346456693
0
LINE
8
BLACK
6
CONTINUOUS
10
6.8450915354330704
20
-3.929563346456693
11
6.8451340551181099
21
-3.9295481889763777
0
LINE
8
BLACK
6
CONTINUOUS
10
6.8451340551181099
20
-3.9295481889763777
11
6.8526331102362201
21
-3.9276734251968501
0
LINE
8
BLACK
6
CONTINUOUS
10
6.8526331102362201
20
-3.9276734251968501
11
6.8527329527559058
21
-3.927658622047244
0
LINE
8
BLACK
6
CONTINUOUS
10
6.8527329527559058
20
-3.927658622047244
11
6.8527731889763777
21
-3.9276420078740157
0
LINE
8
BLACK
6
CONTINUOUS
10
6.8527731889763777
20
-3.9276420078740157
11
6.8529901968503939
21
-3.9276206299212597
0
LINE
8
BLACK
6
CONTINUOUS
10
6.8529901968503939
20
-3.9276206299212597
11
6.8532057086614175
21
-3.927588779527559
0
LINE
8
BLACK
6
CONTINUOUS
10
6.8532057086614175
20
-3.927588779527559
11
6.8532487007874012
21
-3.9275951574803147
0
LINE
8
BLACK
6
CONTINUOUS
10
6.8532487007874012
20
-3.9275951574803147
11
6.8533492519685035
21
-3.9275852755905509
0
LINE
8
BLACK
6
CONTINUOUS
10
6.8533492519685035
20
-3.9275852755905509
11
6.8627230708661413
21
-3.9275852755905509
0
LINE
8
BLACK
6
CONTINUOUS
10
6.8627230708661413
20
-3.9275852755905509
11
6.8628235826771649
21
-3.9275951574803147
0
LINE
8
BLACK
6
CONTINUOUS
10
6.8468807480314959
20
-3.9351987795275591
11
6.8438497637795273
21
-3.9367142913385824
0
LINE
8
BLACK
6
CONTINUOUS
10
6.8438497637795273
20
-3.9367142913385824
11
6.8426526377952754
21
-3.9379114173228347
0
LINE
8
BLACK
6
CONTINUOUS
10
6.8426526377952754
20
-3.9379114173228347
11
6.8413038976377951
21
-3.9406088976377953
0
LINE
8
BLACK
6
CONTINUOUS
10
6.8413038976377951
20
-3.9406088976377953
11
6.8413038976377951
21
-3.9429643307086613
0
LINE
8
BLACK
6
CONTINUOUS
10
6.8413038976377951
20
-3.9429643307086613
11
6.8426526377952754
21
-3.9456618110236219
0
LINE
8
BLACK
6
CONTINUOUS
10
6.8426526377952754
20
-3.9456618110236219
11
6.8438497637795273
21
-3.9468589370078737
0
LINE
8
BLACK
6
CONTINUOUS
10
6.8438497637795273
20
-3.9468589370078737
11
6.8468807480314959
21
-3.9483744094488187
0
LINE
8
BLACK
6
CONTINUOUS
10
6.8468807480314959
20
-3.9483744094488187
11
6.8537127952755901
21
-3.9500824409448816
0
LINE
8
BLACK
6
CONTINUOUS
10
6.8537127952755901
20
-3.9500824409448816
11
6.8623595275590548
21
-3.9500824409448816
0
LINE
8
BLACK
6
CONTINUOUS
10
6.8623595275590548
20
-3.9500824409448816
11
6.8691915748031498
21
-3.9483744094488187
0
LINE
8
BLACK
6
CONTINUOUS
10
6.8691915748031498
20
-3.9483744094488187
11
6.8722225590551176
21
-3.9468588976377954
0
LINE
8
BLACK
6
CONTINUOUS
10
6.8722225590551176
20
-3.9468588976377954
11
6.873419724409449
21
-3.9456617716535431
0
LINE
8
BLACK
6
CONTINUOUS
10
6.873419724409449
20
-3.9456617716535431
11
6.8747684645669294
21
-3.9429643307086613
0
LINE
8
BLACK
6
CONTINUOUS
10
6.8747684645669294
20
-3.9429643307086613
11
6.8747684645669294
21
-3.9406088976377953
0
LINE
8
BLACK
6
CONTINUOUS
10
6.8747684645669294
20
-3.9406088976377953
11
6.873419724409449
21
-3.9379114173228347
0
LINE
8
BLACK
6
CONTINUOUS
10
6.873419724409449
20
-3.9379114173228347
11
6.8722225590551176
21
-3.9367142913385824
0
LINE
8
BLACK
6
CONTINUOUS
10
6.8722225590551176
20
-3.9367142913385824
11
6.8691915748031498
21
-3.9351987795275591
0
LINE
8
BLACK
6
CONTINUOUS
10
6.8691915748031498
20
-3.9351987795275591
11
6.8623595275590548
21
-3.9334907874015745
0
LINE
8
BLACK
6
CONTINUOUS
10
6.8623595275590548
20
-3.9334907874015745
11
6.8537127952755901
21
-3.9334907874015745
0
LINE
8
BLACK
6
CONTINUOUS
10
6.8537127952755901
20
-3.9334907874015745
11
6.8468807480314959
21
-3.9351987795275591
0
LINE
8
BLACK
6
CONTINUOUS
10
7.0482251574803145
20
-3.9275951574803147
11
7.0482681889763779
21
-3.927588779527559
0
LINE
8
BLACK
6
CONTINUOUS
10
7.0482681889763779
20
-3.927588779527559
11
7.0484836614173227
21
-3.9276206299212597
0
LINE
8
BLACK
6
CONTINUOUS
10
7.0484836614173227
20
-3.9276206299212597
11
7.0487007086614168
21
-3.9276420078740157
0
LINE
8
BLACK
6
CONTINUOUS
10
7.0487007086614168
20
-3.9276420078740157
11
7.0487409055118109
21
-3.927658622047244
0
LINE
8
BLACK
6
CONTINUOUS
10
7.0487409055118109
20
-3.927658622047244
11
7.0488407874015744
21
-3.9276734251968501
0
LINE
8
BLACK
6
CONTINUOUS
10
7.0488407874015744
20
-3.9276734251968501
11
7.0563398425196846
21
-3.9295481889763777
0
LINE
8
BLACK
6
CONTINUOUS
10
7.0563398425196846
20
-3.9295481889763777
11
7.0563823228346454
21
-3.929563346456693
0
LINE
8
BLACK
6
CONTINUOUS
10
7.0563823228346454
20
-3.929563346456693
11
7.0564035826771656
21
-3.9295648818897635
0
LINE
8
BLACK
6
CONTINUOUS
10
7.0564035826771656
20
-3.9295648818897635
11
7.0566429921259841
21
-3.9296564960629921
0
LINE
8
BLACK
6
CONTINUOUS
10
7.0566429921259841
20
-3.9296564960629921
11
7.0568849606299207
21
-3.9297429527559053
0
LINE
8
BLACK
6
CONTINUOUS
10
7.0568849606299207
20
-3.9297429527559053
11
7.0569020866141727
21
-3.9297556299212597
0
LINE
8
BLACK
6
CONTINUOUS
10
7.0569020866141727
20
-3.9297556299212597
11
7.0569442125984247
21
-3.9297717716535434
0
LINE
8
BLACK
6
CONTINUOUS
10
7.0569442125984247
20
-3.9297717716535434
11
7.0606937401574799
21
-3.931646535433071
0
LINE
8
BLACK
6
CONTINUOUS
10
7.0606937401574799
20
-3.931646535433071
11
7.0609416141732284
21
-3.931802559055118
0
LINE
8
BLACK
6
CONTINUOUS
10
7.0609416141732284
20
-3.931802559055118
11
7.0610136614173227
21
-3.9318324015748032
0
LINE
8
BLACK
6
CONTINUOUS
10
7.0610136614173227
20
-3.9318324015748032
11
7.0610946850393699
21
-3.9318988976377951
0
LINE
8
BLACK
6
CONTINUOUS
10
7.0610946850393699
20
-3.9318988976377951
11
7.0611836220472437
21
-3.9319548818897636
0
LINE
8
BLACK
6
CONTINUOUS
10
7.0611836220472437
20
-3.9319548818897636
11
7.0612347637795274
21
-3.9320138582677164
0
LINE
8
BLACK
6
CONTINUOUS
10
7.0612347637795274
20
-3.9320138582677164
11
7.0614611023622045
21
-3.9321996062992124
0
LINE
8
BLACK
6
CONTINUOUS
10
7.0614611023622045
20
-3.9321996062992124
11
7.0633359055118108
21
-3.9340743700787399
0
LINE
8
BLACK
6
CONTINUOUS
10
7.0633359055118108
20
-3.9340743700787399
11
7.0635216535433072
21
-3.934300708661417
0
LINE
8
BLACK
6
CONTINUOUS
10
7.0635216535433072
20
-3.934300708661417
11
7.0635807086614175
21
-3.9343519291338582
0
LINE
8
BLACK
6
CONTINUOUS
10
7.0635807086614175
20
-3.9343519291338582
11
7.063636692913386
21
-3.9344408661417321
0
LINE
8
BLACK
6
CONTINUOUS
10
7.063636692913386
20
-3.9344408661417321
11
7.0637031496062992
21
-3.9345218503937005
0
LINE
8
BLACK
6
CONTINUOUS
10
7.0637031496062992
20
-3.9345218503937005
11
7.0637329527559052
21
-3.934593779527559
0
LINE
8
BLACK
6
CONTINUOUS
10
7.0637329527559052
20
-3.934593779527559
11
7.0638890551181097
21
-3.9348418110236221
0
LINE
8
BLACK
6
CONTINUOUS
10
7.0638890551181097
20
-3.9348418110236221
11
7.0657638188976373
21
-3.9385913385826772
0
LINE
8
BLACK
6
CONTINUOUS
10
7.0657638188976373
20
-3.9385913385826772
11
7.0659707086614167
21
-3.939131929133858
0
LINE
8
BLACK
6
CONTINUOUS
10
7.0659707086614167
20
-3.939131929133858
11
7.0659782283464567
21
-3.9392377952755906
0
LINE
8
BLACK
6
CONTINUOUS
10
7.0659782283464567
20
-3.9392377952755906
11
7.0660188188976374
21
-3.9393357874015749
0
LINE
8
BLACK
6
CONTINUOUS
10
7.0660188188976374
20
-3.9393357874015749
11
7.0660755511811022
21
-3.9399118503937007
0
LINE
8
BLACK
6
CONTINUOUS
10
7.0660755511811022
20
-3.9399118503937007
11
7.0660755511811022
21
-3.9436613779527558
0
LINE
8
BLACK
6
CONTINUOUS
10
7.0660755511811022
20
-3.9436613779527558
11
7.0660188188976374
21
-3.9442374409448817
0
LINE
8
BLACK
6
CONTINUOUS
10
7.0660188188976374
20
-3.9442374409448817
11
7.0659782283464567
21
-3.9443353937007872
0
LINE
8
BLACK
6
CONTINUOUS
10
7.0659782283464567
20
-3.9443353937007872
11
7.0659707086614167
21
-3.9444412992125981
0
LINE
8
BLACK
6
CONTINUOUS
10
7.0659707086614167
20
-3.9444412992125981
11
7.0657638188976373
21
-3.9449818897637794
0
LINE
8
BLACK
6
CONTINUOUS
10
7.0657638188976373
20
-3.9449818897637794
11
7.0638890551181097
21
-3.9487314173228345
0
LINE
8
BLACK
6
CONTINUOUS
10
7.0638890551181097
20
-3.9487314173228345
11
7.0637329527559052
21
-3.9489794094488189
0
LINE
8
BLACK
6
CONTINUOUS
10
7.0637329527559052
20
-3.9489794094488189
11
7.0637031496062992
21
-3.9490513779527556
0
LINE
8
BLACK
6
CONTINUOUS
10
7.0637031496062992
20
-3.9490513779527556
11
7.063636692913386
21
-3.9491323228346458
0
LINE
8
BLACK
6
CONTINUOUS
10
7.063636692913386
20
-3.9491323228346458
11
7.0635807086614175
21
-3.9492212992125983
0
LINE
8
BLACK
6
CONTINUOUS
10
7.0635807086614175
20
-3.9492212992125983
11
7.0635216535433072
21
-3.9492724803149604
0
LINE
8
BLACK
6
CONTINUOUS
10
7.0635216535433072
20
-3.9492724803149604
11
7.0633359055118108
21
-3.9494988582677166
0
LINE
8
BLACK
6
CONTINUOUS
10
7.0633359055118108
20
-3.9494988582677166
11
7.0614611023622045
21
-3.9513736220472442
0
LINE
8
BLACK
6
CONTINUOUS
10
7.0614611023622045
20
-3.9513736220472442
11
7.0612347637795274
21
-3.9515593307086614
0
LINE
8
BLACK
6
CONTINUOUS
10
7.0612347637795274
20
-3.9515593307086614
11
7.0611836220472437
21
-3.951618346456693
0
LINE
8
BLACK
6
CONTINUOUS
10
7.0611836220472437
20
-3.951618346456693
11
7.0610946850393699
21
-3.9516742913385827
0
LINE
8
BLACK
6
CONTINUOUS
10
7.0610946850393699
20
-3.9516742913385827
11
7.0610136614173227
21
-3.9517408267716534
0
LINE
8
BLACK
6
CONTINUOUS
10
7.0610136614173227
20
-3.9517408267716534
11
7.0609416141732284
21
-3.9517706299212598
0
LINE
8
BLACK
6
CONTINUOUS
10
7.0609416141732284
20
-3.9517706299212598
11
7.0606937401574799
21
-3.9519266929133856
0
LINE
8
BLACK
6
CONTINUOUS
10
7.0606937401574799
20
-3.9519266929133856
11
7.0569442125984247
21
-3.9538014566929132
0
LINE
8
BLACK
6
CONTINUOUS
10
7.0569442125984247
20
-3.9538014566929132
11
7.0569020866141727
21
-3.9538175590551181
0
LINE
8
BLACK
6
CONTINUOUS
10
7.0569020866141727
20
-3.9538175590551181
11
7.0568849606299207
21
-3.9538302755905512
0
LINE
8
BLACK
6
CONTINUOUS
10
7.0568849606299207
20
-3.9538302755905512
11
7.0566429921259841
21
-3.9539166929133858
0
LINE
8
BLACK
6
CONTINUOUS
10
7.0566429921259841
20
-3.9539166929133858
11
7.0564035826771656
21
-3.9540083464566926
0
LINE
8
BLACK
6
CONTINUOUS
10
7.0564035826771656
20
-3.9540083464566926
11
7.0563823228346454
21
-3.9540098425196848
0
LINE
8
BLACK
6
CONTINUOUS
10
7.0563823228346454
20
-3.9540098425196848
11
7.0563398425196846
21
-3.9540250393700784
0
LINE
8
BLACK
6
CONTINUOUS
10
7.0563398425196846
20
-3.9540250393700784
11
7.0488407874015744
21
-3.9558998031496064
0
LINE
8
BLACK
6
CONTINUOUS
10
7.0488407874015744
20
-3.9558998031496064
11
7.0487409055118109
21
-3.9559145669291338
0
LINE
8
BLACK
6
CONTINUOUS
10
7.0487409055118109
20
-3.9559145669291338
11
7.0487007086614168
21
-3.9559312204724408
0
LINE
8
BLACK
6
CONTINUOUS
10
7.0487007086614168
20
-3.9559312204724408
11
7.0484836614173227
21
-3.9559525590551181
0
LINE
8
BLACK
6
CONTINUOUS
10
7.0484836614173227
20
-3.9559525590551181
11
7.0482681889763779
21
-3.9559844488188975
0
LINE
8
BLACK
6
CONTINUOUS
10
7.0482681889763779
20
-3.9559844488188975
11
7.0482251574803145
21
-3.9559780314960631
0
LINE
8
BLACK
6
CONTINUOUS
10
7.0482251574803145
20
-3.9559780314960631
11
7.048124645669291
21
-3.9559879527559052
0
LINE
8
BLACK
6
CONTINUOUS
10
7.048124645669291
20
-3.9559879527559052
11
7.0387508267716532
21
-3.9559879527559052
0
LINE
8
BLACK
6
CONTINUOUS
10
7.0387508267716532
20
-3.9559879527559052
11
7.0386502755905509
21
-3.9559780314960631
0
LINE
8
BLACK
6
CONTINUOUS
10
7.0386502755905509
20
-3.9559780314960631
11
7.0386072834645672
21
-3.9559844488188975
0
LINE
8
BLACK
6
CONTINUOUS
10
7.0386072834645672
20
-3.9559844488188975
11
7.0383917716535436
21
-3.9559525590551181
0
LINE
8
BLACK
6
CONTINUOUS
10
7.0383917716535436
20
-3.9559525590551181
11
7.0381747637795273
21
-3.9559312204724408
0
LINE
8
BLACK
6
CONTINUOUS
10
7.0381747637795273
20
-3.9559312204724408
11
7.0381345275590546
21
-3.9559145669291338
0
LINE
8
BLACK
6
CONTINUOUS
10
7.0381345275590546
20
-3.9559145669291338
11
7.0380346850393698
21
-3.9558998031496064
0
LINE
8
BLACK
6
CONTINUOUS
10
7.0380346850393698
20
-3.9558998031496064
11
7.0305356299212596
21
-3.9540250393700784
0
LINE
8
BLACK
6
CONTINUOUS
10
7.0305356299212596
20
-3.9540250393700784
11
7.03049311023622
21
-3.9540098425196848
0
LINE
8
BLACK
6
CONTINUOUS
10
7.03049311023622
20
-3.9540098425196848
11
7.0304718503937007
21
-3.9540083464566926
0
LINE
8
BLACK
6
CONTINUOUS
10
7.0304718503937007
20
-3.9540083464566926
11
7.0302320866141734
21
-3.9539165748031495
0
LINE
8
BLACK
6
CONTINUOUS
10
7.0302320866141734
20
-3.9539165748031495
11
7.0299905118110235
21
-3.9538302755905512
0
LINE
8
BLACK
6
CONTINUOUS
10
7.0299905118110235
20
-3.9538302755905512
11
7.0299733464566927
21
-3.9538175590551181
0
LINE
8
BLACK
6
CONTINUOUS
10
7.0299733464566927
20
-3.9538175590551181
11
7.0299312598425194
21
-3.9538014566929132
0
LINE
8
BLACK
6
CONTINUOUS
10
7.0299312598425194
20
-3.9538014566929132
11
7.0261817322834643
21
-3.9519266929133856
0
LINE
8
BLACK
6
CONTINUOUS
10
7.0261817322834643
20
-3.9519266929133856
11
7.0259337007874016
21
-3.9517705905511811
0
LINE
8
BLACK
6
CONTINUOUS
10
7.0259337007874016
20
-3.9517705905511811
11
7.0258617716535428
21
-3.9517407874015746
0
LINE
8
BLACK
6
CONTINUOUS
10
7.0258617716535428
20
-3.9517407874015746
11
7.0257807874015743
21
-3.9516742913385827
0
LINE
8
BLACK
6
CONTINUOUS
10
7.0257807874015743
20
-3.9516742913385827
11
7.0256918503937005
21
-3.951618346456693
0
LINE
8
BLACK
6
CONTINUOUS
10
7.0256918503937005
20
-3.951618346456693
11
7.025640669291338
21
-3.9515593307086614
0
LINE
8
BLACK
6
CONTINUOUS
10
7.025640669291338
20
-3.9515593307086614
11
7.0254143307086609
21
-3.9513735826771654
0
LINE
8
BLACK
6
CONTINUOUS
10
7.0254143307086609
20
-3.9513735826771654
11
7.0235395669291334
21
-3.9494988188976379
0
LINE
8
BLACK
6
CONTINUOUS
10
7.0235395669291334
20
-3.9494988188976379
11
7.0233537795275591
21
-3.9492724409448816
0
LINE
8
BLACK
6
CONTINUOUS
10
7.0233537795275591
20
-3.9492724409448816
11
7.0232948031496063
21
-3.9492212992125983
0
LINE
8
BLACK
6
CONTINUOUS
10
7.0232948031496063
20
-3.9492212992125983
11
7.0232388188976378
21
-3.9491323228346458
0
LINE
8
BLACK
6
CONTINUOUS
10
7.0232388188976378
20
-3.9491323228346458
11
7.0231723622047246
21
-3.9490513779527556
0
LINE
8
BLACK
6
CONTINUOUS
10
7.0231723622047246
20
-3.9490513779527556
11
7.023142519685039
21
-3.9489794094488189
0
LINE
8
BLACK
6
CONTINUOUS
10
7.023142519685039
20
-3.9489794094488189
11
7.0229864566929132
21
-3.9487314173228345
0
LINE
8
BLACK
6
CONTINUOUS
10
7.0229864566929132
20
-3.9487314173228345
11
7.0211116929133857
21
-3.9449818897637794
0
LINE
8
BLACK
6
CONTINUOUS
10
7.0211116929133857
20
-3.9449818897637794
11
7.0209048031496062
21
-3.9444412598425198
0
LINE
8
BLACK
6
CONTINUOUS
10
7.0209048031496062
20
-3.9444412598425198
11
7.0208972834645671
21
-3.944335433070866
0
LINE
8
BLACK
6
CONTINUOUS
10
7.0208972834645671
20
-3.944335433070866
11
7.0208566929133855
21
-3.9442374409448817
0
LINE
8
BLACK
6
CONTINUOUS
10
7.0208566929133855
20
-3.9442374409448817
11
7.0207999606299207
21
-3.9436613779527558
0
LINE
8
BLACK
6
CONTINUOUS
10
7.0207999606299207
20
-3.9436613779527558
11
7.0207999606299207
21
-3.9399118503937007
0
LINE
8
BLACK
6
CONTINUOUS
10
7.0207999606299207
20
-3.9399118503937007
11
7.0208566929133855
21
-3.9393357874015749
0
LINE
8
BLACK
6
CONTINUOUS
10
7.0208566929133855
20
-3.9393357874015749
11
7.0208972834645671
21
-3.9392377559055118
0
LINE
8
BLACK
6
CONTINUOUS
10
7.0208972834645671
20
-3.9392377559055118
11
7.0209048031496062
21
-3.9391319685039368
0
LINE
8
BLACK
6
CONTINUOUS
10
7.0209048031496062
20
-3.9391319685039368
11
7.0211116929133857
21
-3.9385913385826772
0
LINE
8
BLACK
6
CONTINUOUS
10
7.0211116929133857
20
-3.9385913385826772
11
7.0229864566929132
21
-3.9348418110236221
0
LINE
8
BLACK
6
CONTINUOUS
10
7.0229864566929132
20
-3.9348418110236221
11
7.023142519685039
21
-3.934593779527559
0
LINE
8
BLACK
6
CONTINUOUS
10
7.023142519685039
20
-3.934593779527559
11
7.0231723622047246
21
-3.9345218503937005
0
LINE
8
BLACK
6
CONTINUOUS
10
7.0231723622047246
20
-3.9345218503937005
11
7.0232388188976378
21
-3.9344408661417321
0
LINE
8
BLACK
6
CONTINUOUS
10
7.0232388188976378
20
-3.9344408661417321
11
7.0232948031496063
21
-3.9343519291338582
0
LINE
8
BLACK
6
CONTINUOUS
10
7.0232948031496063
20
-3.9343519291338582
11
7.0233537795275591
21
-3.9343007480314958
0
LINE
8
BLACK
6
CONTINUOUS
10
7.0233537795275591
20
-3.9343007480314958
11
7.0235395669291334
21
-3.9340744094488187
0
LINE
8
BLACK
6
CONTINUOUS
10
7.0235395669291334
20
-3.9340744094488187
11
7.0254143307086609
21
-3.9321996456692911
0
LINE
8
BLACK
6
CONTINUOUS
10
7.0254143307086609
20
-3.9321996456692911
11
7.025640669291338
21
-3.9320138582677164
0
LINE
8
BLACK
6
CONTINUOUS
10
7.025640669291338
20
-3.9320138582677164
11
7.0256918503937005
21
-3.9319548818897636
0
LINE
8
BLACK
6
CONTINUOUS
10
7.0256918503937005
20
-3.9319548818897636
11
7.0257807874015743
21
-3.9318988976377951
0
LINE
8
BLACK
6
CONTINUOUS
10
7.0257807874015743
20
-3.9318988976377951
11
7.0258617716535428
21
-3.9318324409448819
0
LINE
8
BLACK
6
CONTINUOUS
10
7.0258617716535428
20
-3.9318324409448819
11
7.0259337007874016
21
-3.9318025984251967
0
LINE
8
BLACK
6
CONTINUOUS
10
7.0259337007874016
20
-3.9318025984251967
11
7.0261817322834643
21
-3.931646535433071
0
LINE
8
BLACK
6
CONTINUOUS
10
7.0261817322834643
20
-3.931646535433071
11
7.0299312598425194
21
-3.9297717716535434
0
LINE
8
BLACK
6
CONTINUOUS
10
7.0299312598425194
20
-3.9297717716535434
11
7.0299733464566927
21
-3.9297556299212597
0
LINE
8
BLACK
6
CONTINUOUS
10
7.0299733464566927
20
-3.9297556299212597
11
7.0299905118110235
21
-3.9297429527559053
0
LINE
8
BLACK
6
CONTINUOUS
10
7.0299905118110235
20
-3.9297429527559053
11
7.0302320866141734
21
-3.9296566141732283
0
LINE
8
BLACK
6
CONTINUOUS
10
7.0302320866141734
20
-3.9296566141732283
11
7.0304718503937007
21
-3.9295648818897635
0
LINE
8
BLACK
6
CONTINUOUS
10
7.0304718503937007
20
-3.9295648818897635
11
7.03049311023622
21
-3.929563346456693
0
LINE
8
BLACK
6
CONTINUOUS
10
7.03049311023622
20
-3.929563346456693
11
7.0305356299212596
21
-3.9295481889763777
0
LINE
8
BLACK
6
CONTINUOUS
10
7.0305356299212596
20
-3.9295481889763777
11
7.0380346850393698
21
-3.9276734251968501
0
LINE
8
BLACK
6
CONTINUOUS
10
7.0380346850393698
20
-3.9276734251968501
11
7.0381345275590546
21
-3.927658622047244
0
LINE
8
BLACK
6
CONTINUOUS
10
7.0381345275590546
20
-3.927658622047244
11
7.0381747637795273
21
-3.9276420078740157
0
LINE
8
BLACK
6
CONTINUOUS
10
7.0381747637795273
20
-3.9276420078740157
11
7.0383917716535436
21
-3.9276206299212597
0
LINE
8
BLACK
6
CONTINUOUS
10
7.0383917716535436
20
-3.9276206299212597
11
7.0386072834645672
21
-3.927588779527559
0
LINE
8
BLACK
6
CONTINUOUS
10
7.0386072834645672
20
-3.927588779527559
11
7.0386502755905509
21
-3.9275951574803147
0
LINE
8
BLACK
6
CONTINUOUS
10
7.0386502755905509
20
-3.9275951574803147
11
7.0387508267716532
21
-3.9275852755905509
0
LINE
8
BLACK
6
CONTINUOUS
10
7.0387508267716532
20
-3.9275852755905509
11
7.048124645669291
21
-3.9275852755905509
0
LINE
8
BLACK
6
CONTINUOUS
10
7.048124645669291
20
-3.9275852755905509
11
7.0482251574803145
21
-3.9275951574803147
0
LINE
8
BLACK
6
CONTINUOUS
10
7.0322823228346456
20
-3.9351987795275591
11
7.0292513385826769
21
-3.9367142913385824
0
LINE
8
BLACK
6
CONTINUOUS
10
7.0292513385826769
20
-3.9367142913385824
11
7.0280542125984251
21
-3.9379114173228347
0
LINE
8
BLACK
6
CONTINUOUS
10
7.0280542125984251
20
-3.9379114173228347
11
7.0267054724409448
21
-3.9406088976377953
0
LINE
8
BLACK
6
CONTINUOUS
10
7.0267054724409448
20
-3.9406088976377953
11
7.0267054724409448
21
-3.9429643307086613
0
LINE
8
BLACK
6
CONTINUOUS
10
7.0267054724409448
20
-3.9429643307086613
11
7.0280542125984251
21
-3.9456618110236219
0
LINE
8
BLACK
6
CONTINUOUS
10
7.0280542125984251
20
-3.9456618110236219
11
7.0292513385826769
21
-3.9468589370078737
0
LINE
8
BLACK
6
CONTINUOUS
10
7.0292513385826769
20
-3.9468589370078737
11
7.0322823228346456
21
-3.9483744094488187
0
LINE
8
BLACK
6
CONTINUOUS
10
7.0322823228346456
20
-3.9483744094488187
11
7.0391143700787397
21
-3.9500824409448816
0
LINE
8
BLACK
6
CONTINUOUS
10
7.0391143700787397
20
-3.9500824409448816
11
7.0477611023622044
21
-3.9500824409448816
0
LINE
8
BLACK
6
CONTINUOUS
10
7.0477611023622044
20
-3.9500824409448816
11
7.0545931496062995
21
-3.9483744094488187
0
LINE
8
BLACK
6
CONTINUOUS
10
7.0545931496062995
20
-3.9483744094488187
11
7.0576241338582673
21
-3.9468588976377954
0
LINE
8
BLACK
6
CONTINUOUS
10
7.0576241338582673
20
-3.9468588976377954
11
7.0588212992125978
21
-3.9456617716535431
0
LINE
8
BLACK
6
CONTINUOUS
10
7.0588212992125978
20
-3.9456617716535431
11
7.0601700393700781
21
-3.9429643307086613
0
LINE
8
BLACK
6
CONTINUOUS
10
7.0601700393700781
20
-3.9429643307086613
11
7.0601700393700781
21
-3.9406088976377953
0
LINE
8
BLACK
6
CONTINUOUS
10
7.0601700393700781
20
-3.9406088976377953
11
7.0588212992125978
21
-3.9379114173228347
0
LINE
8
BLACK
6
CONTINUOUS
10
7.0588212992125978
20
-3.9379114173228347
11
7.0576241338582673
21
-3.9367142913385824
0
LINE
8
BLACK
6
CONTINUOUS
10
7.0576241338582673
20
-3.9367142913385824
11
7.0545931496062995
21
-3.9351987795275591
0
LINE
8
BLACK
6
CONTINUOUS
10
7.0545931496062995
20
-3.9351987795275591
11
7.0477611023622044
21
-3.9334907874015745
0
LINE
8
BLACK
6
CONTINUOUS
10
7.0477611023622044
20
-3.9334907874015745
11
7.0391143700787397
21
-3.9334907874015745
0
LINE
8
BLACK
6
CONTINUOUS
10
7.0391143700787397
20
-3.9334907874015745
11
7.0322823228346456
21
-3.9351987795275591
0
LINE
8
BLACK
6
CONTINUOUS
10
4.6153931889763777
20
-3.9280829133858268
11
4.6162078346456692
21
-3.9288975590551178
0
LINE
8
BLACK
6
CONTINUOUS
10
4.6162078346456692
20
-3.9288975590551178
11
4.6166487401574798
21
-3.9299619685039371
0
LINE
8
BLACK
6
CONTINUOUS
10
4.6166487401574798
20
-3.9299619685039371
11
4.6167054724409446
21
-3.930538031496063
0
LINE
8
BLACK
6
CONTINUOUS
10
4.6167054724409446
20
-3.930538031496063
11
4.6167054724409446
21
-3.9530351968503936
0
LINE
8
BLACK
6
CONTINUOUS
10
4.6167054724409446
20
-3.9530351968503936
11
4.6166487401574798
21
-3.9536112598425195
0
LINE
8
BLACK
6
CONTINUOUS
10
4.6166487401574798
20
-3.9536112598425195
11
4.6162078346456692
21
-3.9546756692913383
0
LINE
8
BLACK
6
CONTINUOUS
10
4.6162078346456692
20
-3.9546756692913383
11
4.6153931889763777
21
-3.9554903149606297
0
LINE
8
BLACK
6
CONTINUOUS
10
4.6153931889763777
20
-3.9554903149606297
11
4.6143287795275594
21
-3.9559312204724408
0
LINE
8
BLACK
6
CONTINUOUS
10
4.6143287795275594
20
-3.9559312204724408
11
4.6131766535433067
21
-3.9559312204724408
0
LINE
8
BLACK
6
CONTINUOUS
10
4.6131766535433067
20
-3.9559312204724408
11
4.6121122440944884
21
-3.9554903149606297
0
LINE
8
BLACK
6
CONTINUOUS
10
4.6121122440944884
20
-3.9554903149606297
11
4.6112975984251969
21
-3.9546756692913383
0
LINE
8
BLACK
6
CONTINUOUS
10
4.6112975984251969
20
-3.9546756692913383
11
4.6108566929133854
21
-3.9536112598425195
0
LINE
8
BLACK
6
CONTINUOUS
10
4.6108566929133854
20
-3.9536112598425195
11
4.6107999606299215
21
-3.9530351968503936
0
LINE
8
BLACK
6
CONTINUOUS
10
4.6107999606299215
20
-3.9530351968503936
11
4.6107999606299215
21
-3.9447393700787399
0
LINE
8
BLACK
6
CONTINUOUS
10
4.6107999606299215
20
-3.9447393700787399
11
4.5833859842519686
21
-3.9447393700787399
0
LINE
8
BLACK
6
CONTINUOUS
10
4.5833859842519686
20
-3.9447393700787399
11
4.5858443700787399
21
-3.9471977559055116
0
LINE
8
BLACK
6
CONTINUOUS
10
4.5858443700787399
20
-3.9471977559055116
11
4.5860301968503938
21
-3.9474241338582678
0
LINE
8
BLACK
6
CONTINUOUS
10
4.5860301968503938
20
-3.9474241338582678
11
4.5860891338582679
21
-3.9474752755905511
0
LINE
8
BLACK
6
CONTINUOUS
10
4.5860891338582679
20
-3.9474752755905511
11
4.5861450000000001
21
-3.9475640157480316
0
LINE
8
BLACK
6
CONTINUOUS
10
4.5861450000000001
20
-3.9475640157480316
11
4.5862116141732283
21
-3.9476451968503934
0
LINE
8
BLACK
6
CONTINUOUS
10
4.5862116141732283
20
-3.9476451968503934
11
4.5862414566929131
21
-3.9477173228346456
0
LINE
8
BLACK
6
CONTINUOUS
10
4.5862414566929131
20
-3.9477173228346456
11
4.5863974803149601
21
-3.947965157480315
0
LINE
8
BLACK
6
CONTINUOUS
10
4.5863974803149601
20
-3.947965157480315
11
4.5882722440944885
21
-3.9517146850393701
0
LINE
8
BLACK
6
CONTINUOUS
10
4.5882722440944885
20
-3.9517146850393701
11
4.588479133858268
21
-3.9522552755905509
0
LINE
8
BLACK
6
CONTINUOUS
10
4.588479133858268
20
-3.9522552755905509
11
4.5885607874015744
21
-3.9534044881889763
0
LINE
8
BLACK
6
CONTINUOUS
10
4.5885607874015744
20
-3.9534044881889763
11
4.5881964566929136
21
-3.9544974803149606
0
LINE
8
BLACK
6
CONTINUOUS
10
4.5881964566929136
20
-3.9544974803149606
11
4.5874416141732279
21
-3.9553678346456693
0
LINE
8
BLACK
6
CONTINUOUS
10
4.5874416141732279
20
-3.9553678346456693
11
4.586411102362205
21
-3.9558831102362202
0
LINE
8
BLACK
6
CONTINUOUS
10
4.586411102362205
20
-3.9558831102362202
11
4.5852618897637791
21
-3.9559647637795274
0
LINE
8
BLACK
6
CONTINUOUS
10
4.5852618897637791
20
-3.9559647637795274
11
4.584168937007874
21
-3.9556004330708658
0
LINE
8
BLACK
6
CONTINUOUS
10
4.584168937007874
20
-3.9556004330708658
11
4.5832985433070865
21
-3.954845590551181
0
LINE
8
BLACK
6
CONTINUOUS
10
4.5832985433070865
20
-3.954845590551181
11
4.5829901968503934
21
-3.9543557086614172
0
LINE
8
BLACK
6
CONTINUOUS
10
4.5829901968503934
20
-3.9543557086614172
11
4.5813297244094491
21
-3.9510347637795276
0
LINE
8
BLACK
6
CONTINUOUS
10
4.5813297244094491
20
-3.9510347637795276
11
4.5781257480314963
21
-3.9478307874015748
0
LINE
8
BLACK
6
CONTINUOUS
10
4.5781257480314963
20
-3.9478307874015748
11
4.572744724409449
21
-3.9442434645669291
0
LINE
8
BLACK
6
CONTINUOUS
10
4.572744724409449
20
-3.9442434645669291
11
4.5727430314960626
21
-3.9442420866141732
0
LINE
8
BLACK
6
CONTINUOUS
10
4.5727430314960626
20
-3.9442420866141732
11
4.572742165354331
21
-3.9442417322834644
0
LINE
8
BLACK
6
CONTINUOUS
10
4.572742165354331
20
-3.9442417322834644
11
4.5727401181102358
21
-3.9442396850393702
0
LINE
8
BLACK
6
CONTINUOUS
10
4.5727401181102358
20
-3.9442396850393702
11
4.5722968897637797
21
-3.9438766929133857
0
LINE
8
BLACK
6
CONTINUOUS
10
4.5722968897637797
20
-3.9438766929133857
11
4.5721342125984252
21
-3.9436337795275591
0
LINE
8
BLACK
6
CONTINUOUS
10
4.5721342125984252
20
-3.9436337795275591
11
4.5719275196850395
21
-3.943427086614173
0
LINE
8
BLACK
6
CONTINUOUS
10
4.5719275196850395
20
-3.943427086614173
11
4.5718167716535429
21
-3.9431597637795273
0
LINE
8
BLACK
6
CONTINUOUS
10
4.5718167716535429
20
-3.9431597637795273
11
4.5716558267716536
21
-3.9429194094488187
0
LINE
8
BLACK
6
CONTINUOUS
10
4.5716558267716536
20
-3.9429194094488187
11
4.5715984645669288
21
-3.9426327559055117
0
LINE
8
BLACK
6
CONTINUOUS
10
4.5715984645669288
20
-3.9426327559055117
11
4.571486614173228
21
-3.9423626771653542
0
LINE
8
BLACK
6
CONTINUOUS
10
4.571486614173228
20
-3.9423626771653542
11
4.571486614173228
21
-3.9420733464566928
0
LINE
8
BLACK
6
CONTINUOUS
10
4.571486614173228
20
-3.9420733464566928
11
4.5714298818897641
21
-3.9417897244094489
0
LINE
8
BLACK
6
CONTINUOUS
10
4.5714298818897641
20
-3.9417897244094489
11
4.571486614173228
21
-3.9415029133858268
0
LINE
8
BLACK
6
CONTINUOUS
10
4.571486614173228
20
-3.9415029133858268
11
4.571486614173228
21
-3.9412105511811024
0
LINE
8
BLACK
6
CONTINUOUS
10
4.571486614173228
20
-3.9412105511811024
11
4.5715973228346458
21
-3.9409432677165355
0
LINE
8
BLACK
6
CONTINUOUS
10
4.5715973228346458
20
-3.9409432677165355
11
4.5716534645669293
21
-3.9406594881889765
0
LINE
8
BLACK
6
CONTINUOUS
10
4.5716534645669293
20
-3.9406594881889765
11
4.57181562992126
21
-3.9404162204724407
0
LINE
8
BLACK
6
CONTINUOUS
10
4.57181562992126
20
-3.9404162204724407
11
4.5719275196850395
21
-3.9401461417322832
0
LINE
8
BLACK
6
CONTINUOUS
10
4.5719275196850395
20
-3.9401461417322832
11
4.5721320472440947
21
-3.9399415748031497
0
LINE
8
BLACK
6
CONTINUOUS
10
4.5721320472440947
20
-3.9399415748031497
11
4.5722925590551178
21
-3.9397008661417323
0
LINE
8
BLACK
6
CONTINUOUS
10
4.5722925590551178
20
-3.9397008661417323
11
4.5725354330708656
21
-3.9395381889763779
0
LINE
8
BLACK
6
CONTINUOUS
10
4.5725354330708656
20
-3.9395381889763779
11
4.572742165354331
21
-3.9393314960629922
0
LINE
8
BLACK
6
CONTINUOUS
10
4.572742165354331
20
-3.9393314960629922
11
4.5730094488188975
21
-3.939220748031496
0
LINE
8
BLACK
6
CONTINUOUS
10
4.5730094488188975
20
-3.939220748031496
11
4.5732498425196848
21
-3.9390598031496062
0
LINE
8
BLACK
6
CONTINUOUS
10
4.5732498425196848
20
-3.9390598031496062
11
4.5735364566929135
21
-3.9390024409448818
0
LINE
8
BLACK
6
CONTINUOUS
10
4.5735364566929135
20
-3.9390024409448818
11
4.5738065748031493
21
-3.9388905905511811
0
LINE
8
BLACK
6
CONTINUOUS
10
4.5738065748031493
20
-3.9388905905511811
11
4.5743764960629925
21
-3.9388344488188975
0
LINE
8
BLACK
6
CONTINUOUS
10
4.5743764960629925
20
-3.9388344488188975
11
4.5743795275590546
21
-3.9388338582677163
0
LINE
8
BLACK
6
CONTINUOUS
10
4.5743795275590546
20
-3.9388338582677163
11
4.5743805511811022
21
-3.93883405511811
0
LINE
8
BLACK
6
CONTINUOUS
10
4.5743805511811022
20
-3.93883405511811
11
4.5743826377952752
21
-3.9388338582677163
0
LINE
8
BLACK
6
CONTINUOUS
10
4.5743826377952752
20
-3.9388338582677163
11
4.6107999606299215
21
-3.9388338582677163
0
LINE
8
BLACK
6
CONTINUOUS
10
4.6107999606299215
20
-3.9388338582677163
11
4.6107999606299215
21
-3.930538031496063
0
LINE
8
BLACK
6
CONTINUOUS
10
4.6107999606299215
20
-3.930538031496063
11
4.6108566929133854
21
-3.9299619685039371
0
LINE
8
BLACK
6
CONTINUOUS
10
4.6108566929133854
20
-3.9299619685039371
11
4.6112975984251969
21
-3.9288975590551178
0
LINE
8
BLACK
6
CONTINUOUS
10
4.6112975984251969
20
-3.9288975590551178
11
4.6121122440944884
21
-3.9280829133858268
0
LINE
8
BLACK
6
CONTINUOUS
10
4.6121122440944884
20
-3.9280829133858268
11
4.6131766535433067
21
-3.9276420078740157
0
LINE
8
BLACK
6
CONTINUOUS
10
4.6131766535433067
20
-3.9276420078740157
11
4.6143287795275594
21
-3.9276420078740157
0
LINE
8
BLACK
6
CONTINUOUS
10
4.6143287795275594
20
-3.9276420078740157
11
4.6153931889763777
21
-3.9280829133858268
0
LINE
8
BLACK
6
CONTINUOUS
10
4.6135183464566927
20
-3.9093351968503938
11
4.6135184251968502
21
-3.9093352362204725
0
LINE
8
BLACK
6
CONTINUOUS
10
4.6135184251968502
20
-3.9093352362204725
11
4.613965866141732
21
-3.9097024409448817
0
LINE
8
BLACK
6
CONTINUOUS
10
4.613965866141732
20
-3.9097024409448817
11
4.6158406299212595
21
-3.9115772047244093
0
LINE
8
BLACK
6
CONTINUOUS
10
4.6158406299212595
20
-3.9115772047244093
11
4.6162078346456692
21
-3.9120246456692911
0
LINE
8
BLACK
6
CONTINUOUS
10
4.6162078346456692
20
-3.9120246456692911
11
4.6163494094488184
21
-3.9123664173228345
0
LINE
8
BLACK
6
CONTINUOUS
10
4.6163494094488184
20
-3.9123664173228345
11
4.6166487401574798
21
-3.9130890944881891
0
LINE
8
BLACK
6
CONTINUOUS
10
4.6166487401574798
20
-3.9130890944881891
11
4.6166487401574798
21
-3.9142411811023621
0
LINE
8
BLACK
6
CONTINUOUS
10
4.6166487401574798
20
-3.9142411811023621
11
4.6162078346456692
21
-3.9153055905511809
0
LINE
8
BLACK
6
CONTINUOUS
10
4.6162078346456692
20
-3.9153055905511809
11
4.6158406299212595
21
-3.9157530314960627
0
LINE
8
BLACK
6
CONTINUOUS
10
4.6158406299212595
20
-3.9157530314960627
11
4.613965866141732
21
-3.9176277952755902
0
LINE
8
BLACK
6
CONTINUOUS
10
4.613965866141732
20
-3.9176277952755902
11
4.6135184251968502
21
-3.9179949999999999
0
LINE
8
BLACK
6
CONTINUOUS
10
4.6135184251968502
20
-3.9179949999999999
11
4.6124540157480318
21
-3.918435905511811
0
LINE
8
BLACK
6
CONTINUOUS
10
4.6124540157480318
20
-3.918435905511811
11
4.6113019291338579
21
-3.918435905511811
0
LINE
8
BLACK
6
CONTINUOUS
10
4.6113019291338579
20
-3.918435905511811
11
4.6102375196850396
21
-3.9179950393700786
0
LINE
8
BLACK
6
CONTINUOUS
10
4.6102375196850396
20
-3.9179950393700786
11
4.609790039370079
21
-3.9176277952755902
0
LINE
8
BLACK
6
CONTINUOUS
10
4.609790039370079
20
-3.9176277952755902
11
4.6079152755905515
21
-3.9157530708661414
0
LINE
8
BLACK
6
CONTINUOUS
10
4.6079152755905515
20
-3.9157530708661414
11
4.6075480314960631
21
-3.9153055905511809
0
LINE
8
BLACK
6
CONTINUOUS
10
4.6075480314960631
20
-3.9153055905511809
11
4.6075479921259843
21
-3.9153055511811021
0
LINE
8
BLACK
6
CONTINUOUS
10
4.6075479921259843
20
-3.9153055511811021
11
4.6071071259842515
21
-3.9142411417322833
0
LINE
8
BLACK
6
CONTINUOUS
10
4.6071071259842515
20
-3.9142411417322833
11
4.6071071259842515
21
-3.9130890551181103
0
LINE
8
BLACK
6
CONTINUOUS
10
4.6071071259842515
20
-3.9130890551181103
11
4.6074064566929129
21
-3.9123664173228345
0
LINE
8
BLACK
6
CONTINUOUS
10
4.6074064566929129
20
-3.9123664173228345
11
4.6075479921259843
21
-3.9120246850393698
0
LINE
8
BLACK
6
CONTINUOUS
10
4.6075479921259843
20
-3.9120246850393698
11
4.6075480314960631
21
-3.9120246456692911
0
LINE
8
BLACK
6
CONTINUOUS
10
4.6075480314960631
20
-3.9120246456692911
11
4.6079152755905515
21
-3.9115771653543305
0
LINE
8
BLACK
6
CONTINUOUS
10
4.6079152755905515
20
-3.9115771653543305
11
4.609790039370079
21
-3.9097024409448817
0
LINE
8
BLACK
6
CONTINUOUS
10
4.609790039370079
20
-3.9097024409448817
11
4.6102375196850396
21
-3.9093351968503938
0
LINE
8
BLACK
6
CONTINUOUS
10
4.6102375196850396
20
-3.9093351968503938
11
4.6113019291338579
21
-3.9088943307086614
0
LINE
8
BLACK
6
CONTINUOUS
10
4.6113019291338579
20
-3.9088943307086614
11
4.6124540157480318
21
-3.9088943307086614
0
LINE
8
BLACK
6
CONTINUOUS
10
4.6124540157480318
20
-3.9088943307086614
11
4.6135183464566927
21
-3.9093351968503938
0
LINE
8
BLACK
6
CONTINUOUS
10
6.8774868503937006
20
-3.9093351968503938
11
6.8774869291338581
21
-3.9093352362204725
0
LINE
8
BLACK
6
CONTINUOUS
10
6.8774869291338581
20
-3.9093352362204725
11
6.8779343700787399
21
-3.9097024409448817
0
LINE
8
BLACK
6
CONTINUOUS
10
6.8779343700787399
20
-3.9097024409448817
11
6.8798091338582674
21
-3.9115772047244093
0
LINE
8
BLACK
6
CONTINUOUS
10
6.8798091338582674
20
-3.9115772047244093
11
6.8801763385826771
21
-3.9120246456692911
0
LINE
8
BLACK
6
CONTINUOUS
10
6.8801763385826771
20
-3.9120246456692911
11
6.8803179133858263
21
-3.9123664173228345
0
LINE
8
BLACK
6
CONTINUOUS
10
6.8803179133858263
20
-3.9123664173228345
11
6.8806172440944877
21
-3.9130890944881891
0
LINE
8
BLACK
6
CONTINUOUS
10
6.8806172440944877
20
-3.9130890944881891
11
6.8806172440944877
21
-3.9142411811023621
0
LINE
8
BLACK
6
CONTINUOUS
10
6.8806172440944877
20
-3.9142411811023621
11
6.8801763385826771
21
-3.9153055905511809
0
LINE
8
BLACK
6
CONTINUOUS
10
6.8801763385826771
20
-3.9153055905511809
11
6.8798091338582674
21
-3.9157530314960627
0
LINE
8
BLACK
6
CONTINUOUS
10
6.8798091338582674
20
-3.9157530314960627
11
6.8779343700787399
21
-3.9176277952755902
0
LINE
8
BLACK
6
CONTINUOUS
10
6.8779343700787399
20
-3.9176277952755902
11
6.8774869291338581
21
-3.9179949999999999
0
LINE
8
BLACK
6
CONTINUOUS
10
6.8774869291338581
20
-3.9179949999999999
11
6.8764225196850388
21
-3.918435905511811
0
LINE
8
BLACK
6
CONTINUOUS
10
6.8764225196850388
20
-3.918435905511811
11
6.8752704330708658
21
-3.918435905511811
0
LINE
8
BLACK
6
CONTINUOUS
10
6.8752704330708658
20
-3.918435905511811
11
6.8742060236220475
21
-3.9179950393700786
0
LINE
8
BLACK
6
CONTINUOUS
10
6.8742060236220475
20
-3.9179950393700786
11
6.873758543307086
21
-3.9176277952755902
0
LINE
8
BLACK
6
CONTINUOUS
10
6.873758543307086
20
-3.9176277952755902
11
6.8718837795275585
21
-3.9157530708661414
0
LINE
8
BLACK
6
CONTINUOUS
10
6.8718837795275585
20
-3.9157530708661414
11
6.8715165354330709
21
-3.9153055905511809
0
LINE
8
BLACK
6
CONTINUOUS
10
6.8715165354330709
20
-3.9153055905511809
11
6.8715164960629922
21
-3.9153055511811021
0
LINE
8
BLACK
6
CONTINUOUS
10
6.8715164960629922
20
-3.9153055511811021
11
6.8710756299212594
21
-3.9142411417322833
0
LINE
8
BLACK
6
CONTINUOUS
10
6.8710756299212594
20
-3.9142411417322833
11
6.8710756299212594
21
-3.9130890551181103
0
LINE
8
BLACK
6
CONTINUOUS
10
6.8710756299212594
20
-3.9130890551181103
11
6.8713749606299208
21
-3.9123664173228345
0
LINE
8
BLACK
6
CONTINUOUS
10
6.8713749606299208
20
-3.9123664173228345
11
6.8715164960629922
21
-3.9120246850393698
0
LINE
8
BLACK
6
CONTINUOUS
10
6.8715164960629922
20
-3.9120246850393698
11
6.8715165354330709
21
-3.9120246456692911
0
LINE
8
BLACK
6
CONTINUOUS
10
6.8715165354330709
20
-3.9120246456692911
11
6.8718837795275585
21
-3.9115771653543305
0
LINE
8
BLACK
6
CONTINUOUS
10
6.8718837795275585
20
-3.9115771653543305
11
6.873758543307086
21
-3.9097024409448817
0
LINE
8
BLACK
6
CONTINUOUS
10
6.873758543307086
20
-3.9097024409448817
11
6.8742060236220475
21
-3.9093351968503938
0
LINE
8
BLACK
6
CONTINUOUS
10
6.8742060236220475
20
-3.9093351968503938
11
6.8752704330708658
21
-3.9088943307086614
0
LINE
8
BLACK
6
CONTINUOUS
10
6.8752704330708658
20
-3.9088943307086614
11
6.8764225196850388
21
-3.9088943307086614
0
LINE
8
BLACK
6
CONTINUOUS
10
6.8764225196850388
20
-3.9088943307086614
11
6.8774868503937006
21
-3.9093351968503938
0
LINE
8
BLACK
6
CONTINUOUS
10
7.0628884251968502
20
-3.9093351968503938
11
7.0628885039370077
21
-3.9093352362204725
0
LINE
8
BLACK
6
CONTINUOUS
10
7.0628885039370077
20
-3.9093352362204725
11
7.0633359448818895
21
-3.9097024409448817
0
LINE
8
BLACK
6
CONTINUOUS
10
7.0633359448818895
20
-3.9097024409448817
11
7.0652107086614171
21
-3.9115772047244093
0
LINE
8
BLACK
6
CONTINUOUS
10
7.0652107086614171
20
-3.9115772047244093
11
7.0655779133858267
21
-3.9120246456692911
0
LINE
8
BLACK
6
CONTINUOUS
10
7.0655779133858267
20
-3.9120246456692911
11
7.065719488188976
21
-3.9123664173228345
0
LINE
8
BLACK
6
CONTINUOUS
10
7.065719488188976
20
-3.9123664173228345
11
7.0660188188976374
21
-3.9130890944881891
0
LINE
8
BLACK
6
CONTINUOUS
10
7.0660188188976374
20
-3.9130890944881891
11
7.0660188188976374
21
-3.9142411811023621
0
LINE
8
BLACK
6
CONTINUOUS
10
7.0660188188976374
20
-3.9142411811023621
11
7.0655779133858267
21
-3.9153055905511809
0
LINE
8
BLACK
6
CONTINUOUS
10
7.0655779133858267
20
-3.9153055905511809
11
7.0652107086614171
21
-3.9157530314960627
0
LINE
8
BLACK
6
CONTINUOUS
10
7.0652107086614171
20
-3.9157530314960627
11
7.0633359448818895
21
-3.9176277952755902
0
LINE
8
BLACK
6
CONTINUOUS
10
7.0633359448818895
20
-3.9176277952755902
11
7.0628885039370077
21
-3.9179949999999999
0
LINE
8
BLACK
6
CONTINUOUS
10
7.0628885039370077
20
-3.9179949999999999
11
7.0618240944881885
21
-3.918435905511811
0
LINE
8
BLACK
6
CONTINUOUS
10
7.0618240944881885
20
-3.918435905511811
11
7.0606720078740155
21
-3.918435905511811
0
LINE
8
BLACK
6
CONTINUOUS
10
7.0606720078740155
20
-3.918435905511811
11
7.0596075984251963
21
-3.9179950393700786
0
LINE
8
BLACK
6
CONTINUOUS
10
7.0596075984251963
20
-3.9179950393700786
11
7.0591601181102357
21
-3.9176277952755902
0
LINE
8
BLACK
6
CONTINUOUS
10
7.0591601181102357
20
-3.9176277952755902
11
7.0572853543307081
21
-3.9157530708661414
0
LINE
8
BLACK
6
CONTINUOUS
10
7.0572853543307081
20
-3.9157530708661414
11
7.0569181102362206
21
-3.9153055905511809
0
LINE
8
BLACK
6
CONTINUOUS
10
7.0569181102362206
20
-3.9153055905511809
11
7.0569180708661419
21
-3.9153055511811021
0
LINE
8
BLACK
6
CONTINUOUS
10
7.0569180708661419
20
-3.9153055511811021
11
7.0564772047244091
21
-3.9142411417322833
0
LINE
8
BLACK
6
CONTINUOUS
10
7.0564772047244091
20
-3.9142411417322833
11
7.0564772047244091
21
-3.9130890551181103
0
LINE
8
BLACK
6
CONTINUOUS
10
7.0564772047244091
20
-3.9130890551181103
11
7.0567765354330705
21
-3.9123664173228345
0
LINE
8
BLACK
6
CONTINUOUS
10
7.0567765354330705
20
-3.9123664173228345
11
7.0569180708661419
21
-3.9120246850393698
0
LINE
8
BLACK
6
CONTINUOUS
10
7.0569180708661419
20
-3.9120246850393698
11
7.0569181102362206
21
-3.9120246456692911
0
LINE
8
BLACK
6
CONTINUOUS
10
7.0569181102362206
20
-3.9120246456692911
11
7.0572853543307081
21
-3.9115771653543305
0
LINE
8
BLACK
6
CONTINUOUS
10
7.0572853543307081
20
-3.9115771653543305
11
7.0591601181102357
21
-3.9097024409448817
0
LINE
8
BLACK
6
CONTINUOUS
10
7.0591601181102357
20
-3.9097024409448817
11
7.0596075984251963
21
-3.9093351968503938
0
LINE
8
BLACK
6
CONTINUOUS
10
7.0596075984251963
20
-3.9093351968503938
11
7.0606720078740155
21
-3.9088943307086614
0
LINE
8
BLACK
6
CONTINUOUS
10
7.0606720078740155
20
-3.9088943307086614
11
7.0618240944881885
21
-3.9088943307086614
0
LINE
8
BLACK
6
CONTINUOUS
10
7.0618240944881885
20
-3.9088943307086614
11
7.0628884251968502
21
-3.9093351968503938
0
LINE
8
BLACK
6
CONTINUOUS
10
4.598855078740157
20
-3.8713522047244093
11
4.5988981102362203
21
-3.8713458267716536
0
LINE
8
BLACK
6
CONTINUOUS
10
4.5988981102362203
20
-3.8713458267716536
11
4.5991135826771652
21
-3.8713776771653543
0
LINE
8
BLACK
6
CONTINUOUS
10
4.5991135826771652
20
-3.8713776771653543
11
4.5993306299212593
21
-3.8713990551181103
0
LINE
8
BLACK
6
CONTINUOUS
10
4.5993306299212593
20
-3.8713990551181103
11
4.5993708267716533
21
-3.8714156692913386
0
LINE
8
BLACK
6
CONTINUOUS
10
4.5993708267716533
20
-3.8714156692913386
11
4.5994707086614168
21
-3.8714304724409447
0
LINE
8
BLACK
6
CONTINUOUS
10
4.5994707086614168
20
-3.8714304724409447
11
4.606969763779527
21
-3.8733052362204723
0
LINE
8
BLACK
6
CONTINUOUS
10
4.606969763779527
20
-3.8733052362204723
11
4.6070122440944878
21
-3.8733203937007872
0
LINE
8
BLACK
6
CONTINUOUS
10
4.6070122440944878
20
-3.8733203937007872
11
4.6070335039370081
21
-3.8733219291338581
0
LINE
8
BLACK
6
CONTINUOUS
10
4.6070335039370081
20
-3.8733219291338581
11
4.6072729133858266
21
-3.8734135433070866
0
LINE
8
BLACK
6
CONTINUOUS
10
4.6072729133858266
20
-3.8734135433070866
11
4.607514881889764
21
-3.8734999999999999
0
LINE
8
BLACK
6
CONTINUOUS
10
4.607514881889764
20
-3.8734999999999999
11
4.6075320078740161
21
-3.8735126771653543
0
LINE
8
BLACK
6
CONTINUOUS
10
4.6075320078740161
20
-3.8735126771653543
11
4.6075741338582672
21
-3.8735288188976376
0
LINE
8
BLACK
6
CONTINUOUS
10
4.6075741338582672
20
-3.8735288188976376
11
4.6113236614173223
21
-3.8754035826771651
0
LINE
8
BLACK
6
CONTINUOUS
10
4.6113236614173223
20
-3.8754035826771651
11
4.6115715354330709
21
-3.8755596062992126
0
LINE
8
BLACK
6
CONTINUOUS
10
4.6115715354330709
20
-3.8755596062992126
11
4.6116435826771651
21
-3.8755894488188973
0
LINE
8
BLACK
6
CONTINUOUS
10
4.6116435826771651
20
-3.8755894488188973
11
4.6117246062992123
21
-3.8756559448818897
0
LINE
8
BLACK
6
CONTINUOUS
10
4.6117246062992123
20
-3.8756559448818897
11
4.6118135433070861
21
-3.8757119291338582
0
LINE
8
BLACK
6
CONTINUOUS
10
4.6118135433070861
20
-3.8757119291338582
11
4.6118646850393699
21
-3.875770905511811
0
LINE
8
BLACK
6
CONTINUOUS
10
4.6118646850393699
20
-3.875770905511811
11
4.6120910236220469
21
-3.875956653543307
0
LINE
8
BLACK
6
CONTINUOUS
10
4.6120910236220469
20
-3.875956653543307
11
4.6139658267716532
21
-3.8778314173228345
0
LINE
8
BLACK
6
CONTINUOUS
10
4.6139658267716532
20
-3.8778314173228345
11
4.6141515748031496
21
-3.8780577559055116
0
LINE
8
BLACK
6
CONTINUOUS
10
4.6141515748031496
20
-3.8780577559055116
11
4.61421062992126
21
-3.8781089763779528
0
LINE
8
BLACK
6
CONTINUOUS
10
4.61421062992126
20
-3.8781089763779528
11
4.6142666141732285
21
-3.8781979133858266
0
LINE
8
BLACK
6
CONTINUOUS
10
4.6142666141732285
20
-3.8781979133858266
11
4.6143330708661416
21
-3.8782788976377951
0
LINE
8
BLACK
6
CONTINUOUS
10
4.6143330708661416
20
-3.8782788976377951
11
4.6143628740157476
21
-3.8783508267716535
0
LINE
8
BLACK
6
CONTINUOUS
10
4.6143628740157476
20
-3.8783508267716535
11
4.6145189763779531
21
-3.8785988582677167
0
LINE
8
BLACK
6
CONTINUOUS
10
4.6145189763779531
20
-3.8785988582677167
11
4.6163937401574806
21
-3.8823483858267718
0
LINE
8
BLACK
6
CONTINUOUS
10
4.6163937401574806
20
-3.8823483858267718
11
4.6166006299212601
21
-3.8828889763779526
0
LINE
8
BLACK
6
CONTINUOUS
10
4.6166006299212601
20
-3.8828889763779526
11
4.6166081496062992
21
-3.8829948425196847
0
LINE
8
BLACK
6
CONTINUOUS
10
4.6166081496062992
20
-3.8829948425196847
11
4.6166487401574798
21
-3.883092834645669
0
LINE
8
BLACK
6
CONTINUOUS
10
4.6166487401574798
20
-3.883092834645669
11
4.6167054724409446
21
-3.8836688976377953
0
LINE
8
BLACK
6
CONTINUOUS
10
4.6167054724409446
20
-3.8836688976377953
11
4.6167054724409446
21
-3.8874184251968504
0
LINE
8
BLACK
6
CONTINUOUS
10
4.6167054724409446
20
-3.8874184251968504
11
4.6166487401574798
21
-3.8879944881889763
0
LINE
8
BLACK
6
CONTINUOUS
10
4.6166487401574798
20
-3.8879944881889763
11
4.6166081496062992
21
-3.8880924409448818
0
LINE
8
BLACK
6
CONTINUOUS
10
4.6166081496062992
20
-3.8880924409448818
11
4.6166006299212601
21
-3.8881983464566927
0
LINE
8
BLACK
6
CONTINUOUS
10
4.6166006299212601
20
-3.8881983464566927
11
4.6163937401574806
21
-3.888738937007874
0
LINE
8
BLACK
6
CONTINUOUS
10
4.6163937401574806
20
-3.888738937007874
11
4.6145189763779531
21
-3.8924884645669291
0
LINE
8
BLACK
6
CONTINUOUS
10
4.6145189763779531
20
-3.8924884645669291
11
4.6143628740157476
21
-3.8927364566929135
0
LINE
8
BLACK
6
CONTINUOUS
10
4.6143628740157476
20
-3.8927364566929135
11
4.6143330708661416
21
-3.8928084251968502
0
LINE
8
BLACK
6
CONTINUOUS
10
4.6143330708661416
20
-3.8928084251968502
11
4.6142666141732285
21
-3.8928893700787399
0
LINE
8
BLACK
6
CONTINUOUS
10
4.6142666141732285
20
-3.8928893700787399
11
4.61421062992126
21
-3.8929783464566929
0
LINE
8
BLACK
6
CONTINUOUS
10
4.61421062992126
20
-3.8929783464566929
11
4.6141515748031496
21
-3.893029527559055
0
LINE
8
BLACK
6
CONTINUOUS
10
4.6141515748031496
20
-3.893029527559055
11
4.6139658267716532
21
-3.8932559055118108
0
LINE
8
BLACK
6
CONTINUOUS
10
4.6139658267716532
20
-3.8932559055118108
11
4.6120910236220469
21
-3.8951306692913383
0
LINE
8
BLACK
6
CONTINUOUS
10
4.6120910236220469
20
-3.8951306692913383
11
4.6118646850393699
21
-3.895316377952756
0
LINE
8
BLACK
6
CONTINUOUS
10
4.6118646850393699
20
-3.895316377952756
11
4.6118135433070861
21
-3.8953753937007871
0
LINE
8
BLACK
6
CONTINUOUS
10
4.6118135433070861
20
-3.8953753937007871
11
4.6117246062992123
21
-3.8954313385826769
0
LINE
8
BLACK
6
CONTINUOUS
10
4.6117246062992123
20
-3.8954313385826769
11
4.6116435826771651
21
-3.895497874015748
0
LINE
8
BLACK
6
CONTINUOUS
10
4.6116435826771651
20
-3.895497874015748
11
4.6115715354330709
21
-3.8955276771653544
0
LINE
8
BLACK
6
CONTINUOUS
10
4.6115715354330709
20
-3.8955276771653544
11
4.6113236614173223
21
-3.8956837401574802
0
LINE
8
BLACK
6
CONTINUOUS
10
4.6113236614173223
20
-3.8956837401574802
11
4.6075741338582672
21
-3.8975585039370078
0
LINE
8
BLACK
6
CONTINUOUS
10
4.6075741338582672
20
-3.8975585039370078
11
4.6075320078740161
21
-3.8975746062992127
0
LINE
8
BLACK
6
CONTINUOUS
10
4.6075320078740161
20
-3.8975746062992127
11
4.607514881889764
21
-3.8975873228346454
0
LINE
8
BLACK
6
CONTINUOUS
10
4.607514881889764
20
-3.8975873228346454
11
4.6072729133858266
21
-3.8976737401574804
0
LINE
8
BLACK
6
CONTINUOUS
10
4.6072729133858266
20
-3.8976737401574804
11
4.6070335039370081
21
-3.8977653937007872
0
LINE
8
BLACK
6
CONTINUOUS
10
4.6070335039370081
20
-3.8977653937007872
11
4.6070122440944878
21
-3.8977668897637794
0
LINE
8
BLACK
6
CONTINUOUS
10
4.6070122440944878
20
-3.8977668897637794
11
4.606969763779527
21
-3.897782086614173
0
LINE
8
BLACK
6
CONTINUOUS
10
4.606969763779527
20
-3.897782086614173
11
4.5994707086614168
21
-3.8996568503937006
0
LINE
8
BLACK
6
CONTINUOUS
10
4.5994707086614168
20
-3.8996568503937006
11
4.5993708267716533
21
-3.8996716141732284
0
LINE
8
BLACK
6
CONTINUOUS
10
4.5993708267716533
20
-3.8996716141732284
11
4.5993306299212593
21
-3.8996882677165354
0
LINE
8
BLACK
6
CONTINUOUS
10
4.5993306299212593
20
-3.8996882677165354
11
4.5991135826771652
21
-3.8997096062992127
0
LINE
8
BLACK
6
CONTINUOUS
10
4.5991135826771652
20
-3.8997096062992127
11
4.5988981102362203
21
-3.8997414960629921
0
LINE
8
BLACK
6
CONTINUOUS
10
4.5988981102362203
20
-3.8997414960629921
11
4.598855078740157
21
-3.8997350787401572
0
LINE
8
BLACK
6
CONTINUOUS
10
4.598855078740157
20
-3.8997350787401572
11
4.5987545669291334
21
-3.8997449999999998
0
LINE
8
BLACK
6
CONTINUOUS
10
4.5987545669291334
20
-3.8997449999999998
11
4.5893807480314956
21
-3.8997449999999998
0
LINE
8
BLACK
6
CONTINUOUS
10
4.5893807480314956
20
-3.8997449999999998
11
4.5892801968503933
21
-3.8997350787401572
0
LINE
8
BLACK
6
CONTINUOUS
10
4.5892801968503933
20
-3.8997350787401572
11
4.5892372047244097
21
-3.8997414960629921
0
LINE
8
BLACK
6
CONTINUOUS
10
4.5892372047244097
20
-3.8997414960629921
11
4.589021692913386
21
-3.8997096062992127
0
LINE
8
BLACK
6
CONTINUOUS
10
4.589021692913386
20
-3.8997096062992127
11
4.5888046850393698
21
-3.8996882677165354
0
LINE
8
BLACK
6
CONTINUOUS
10
4.5888046850393698
20
-3.8996882677165354
11
4.5887644488188979
21
-3.8996716141732284
0
LINE
8
BLACK
6
CONTINUOUS
10
4.5887644488188979
20
-3.8996716141732284
11
4.5886646062992122
21
-3.8996568503937006
0
LINE
8
BLACK
6
CONTINUOUS
10
4.5886646062992122
20
-3.8996568503937006
11
4.581165551181102
21
-3.897782086614173
0
LINE
8
BLACK
6
CONTINUOUS
10
4.581165551181102
20
-3.897782086614173
11
4.5811230314960625
21
-3.8977668897637794
0
LINE
8
BLACK
6
CONTINUOUS
10
4.5811230314960625
20
-3.8977668897637794
11
4.5811017716535432
21
-3.8977653937007872
0
LINE
8
BLACK
6
CONTINUOUS
10
4.5811017716535432
20
-3.8977653937007872
11
4.5808620078740159
21
-3.8976736220472441
0
LINE
8
BLACK
6
CONTINUOUS
10
4.5808620078740159
20
-3.8976736220472441
11
4.580620433070866
21
-3.8975873228346454
0
LINE
8
BLACK
6
CONTINUOUS
10
4.580620433070866
20
-3.8975873228346454
11
4.5806032677165351
21
-3.8975746062992127
0
LINE
8
BLACK
6
CONTINUOUS
10
4.5806032677165351
20
-3.8975746062992127
11
4.5805611811023619
21
-3.8975585039370078
0
LINE
8
BLACK
6
CONTINUOUS
10
4.5805611811023619
20
-3.8975585039370078
11
4.5768116535433068
21
-3.8956837401574802
0
LINE
8
BLACK
6
CONTINUOUS
10
4.5768116535433068
20
-3.8956837401574802
11
4.5765636220472441
21
-3.8955276377952757
0
LINE
8
BLACK
6
CONTINUOUS
10
4.5765636220472441
20
-3.8955276377952757
11
4.5764916929133861
21
-3.8954978346456692
0
LINE
8
BLACK
6
CONTINUOUS
10
4.5764916929133861
20
-3.8954978346456692
11
4.5764107086614176
21
-3.8954313385826769
0
LINE
8
BLACK
6
CONTINUOUS
10
4.5764107086614176
20
-3.8954313385826769
11
4.5763217716535429
21
-3.8953753937007871
0
LINE
8
BLACK
6
CONTINUOUS
10
4.5763217716535429
20
-3.8953753937007871
11
4.5762705905511813
21
-3.895316377952756
0
LINE
8
BLACK
6
CONTINUOUS
10
4.5762705905511813
20
-3.895316377952756
11
4.5760442519685034
21
-3.8951306299212596
0
LINE
8
BLACK
6
CONTINUOUS
10
4.5760442519685034
20
-3.8951306299212596
11
4.5741694881889758
21
-3.893255866141732
0
LINE
8
BLACK
6
CONTINUOUS
10
4.5741694881889758
20
-3.893255866141732
11
4.5739837007874016
21
-3.8930294881889762
0
LINE
8
BLACK
6
CONTINUOUS
10
4.5739837007874016
20
-3.8930294881889762
11
4.5739247244094487
21
-3.8929783464566929
0
LINE
8
BLACK
6
CONTINUOUS
10
4.5739247244094487
20
-3.8929783464566929
11
4.5738687401574802
21
-3.8928893700787399
0
LINE
8
BLACK
6
CONTINUOUS
10
4.5738687401574802
20
-3.8928893700787399
11
4.5738022834645671
21
-3.8928084251968502
0
LINE
8
BLACK
6
CONTINUOUS
10
4.5738022834645671
20
-3.8928084251968502
11
4.5737724409448814
21
-3.8927364566929135
0
LINE
8
BLACK
6
CONTINUOUS
10
4.5737724409448814
20
-3.8927364566929135
11
4.5736163779527557
21
-3.8924884645669291
0
LINE
8
BLACK
6
CONTINUOUS
10
4.5736163779527557
20
-3.8924884645669291
11
4.5717416141732281
21
-3.888738937007874
0
LINE
8
BLACK
6
CONTINUOUS
10
4.5717416141732281
20
-3.888738937007874
11
4.5715347244094486
21
-3.888198307086614
0
LINE
8
BLACK
6
CONTINUOUS
10
4.5715347244094486
20
-3.888198307086614
11
4.5715272047244095
21
-3.8880924803149606
0
LINE
8
BLACK
6
CONTINUOUS
10
4.5715272047244095
20
-3.8880924803149606
11
4.571486614173228
21
-3.8879944881889763
0
LINE
8
BLACK
6
CONTINUOUS
10
4.571486614173228
20
-3.8879944881889763
11
4.5714298818897641
21
-3.8874184251968504
0
LINE
8
BLACK
6
CONTINUOUS
10
4.5714298818897641
20
-3.8874184251968504
11
4.5714298818897641
21
-3.8836688976377953
0
LINE
8
BLACK
6
CONTINUOUS
10
4.5714298818897641
20
-3.8836688976377953
11
4.571486614173228
21
-3.883092834645669
0
LINE
8
BLACK
6
CONTINUOUS
10
4.571486614173228
20
-3.883092834645669
11
4.5715272047244095
21
-3.882994803149606
0
LINE
8
BLACK
6
CONTINUOUS
10
4.5715272047244095
20
-3.882994803149606
11
4.5715347244094486
21
-3.8828890157480314
0
LINE
8
BLACK
6
CONTINUOUS
10
4.5715347244094486
20
-3.8828890157480314
11
4.5717416141732281
21
-3.8823483858267718
0
LINE
8
BLACK
6
CONTINUOUS
10
4.5717416141732281
20
-3.8823483858267718
11
4.5736163779527557
21
-3.8785988582677167
0
LINE
8
BLACK
6
CONTINUOUS
10
4.5736163779527557
20
-3.8785988582677167
11
4.5737724409448814
21
-3.8783508267716535
0
LINE
8
BLACK
6
CONTINUOUS
10
4.5737724409448814
20
-3.8783508267716535
11
4.5738022834645671
21
-3.8782788976377951
0
LINE
8
BLACK
6
CONTINUOUS
10
4.5738022834645671
20
-3.8782788976377951
11
4.5738687401574802
21
-3.8781979133858266
0
LINE
8
BLACK
6
CONTINUOUS
10
4.5738687401574802
20
-3.8781979133858266
11
4.5739247244094487
21
-3.8781089763779528
0
LINE
8
BLACK
6
CONTINUOUS
10
4.5739247244094487
20
-3.8781089763779528
11
4.5739837007874016
21
-3.8780577952755904
0
LINE
8
BLACK
6
CONTINUOUS
10
4.5739837007874016
20
-3.8780577952755904
11
4.5741694881889758
21
-3.8778314566929133
0
LINE
8
BLACK
6
CONTINUOUS
10
4.5741694881889758
20
-3.8778314566929133
11
4.5760442519685034
21
-3.8759566929133857
0
LINE
8
BLACK
6
CONTINUOUS
10
4.5760442519685034
20
-3.8759566929133857
11
4.5762705905511813
21
-3.875770905511811
0
LINE
8
BLACK
6
CONTINUOUS
10
4.5762705905511813
20
-3.875770905511811
11
4.5763217716535429
21
-3.8757119291338582
0
LINE
8
BLACK
6
CONTINUOUS
10
4.5763217716535429
20
-3.8757119291338582
11
4.5764107086614176
21
-3.8756559448818897
0
LINE
8
BLACK
6
CONTINUOUS
10
4.5764107086614176
20
-3.8756559448818897
11
4.5764916929133861
21
-3.8755894881889761
0
LINE
8
BLACK
6
CONTINUOUS
10
4.5764916929133861
20
-3.8755894881889761
11
4.5765636220472441
21
-3.8755596456692913
0
LINE
8
BLACK
6
CONTINUOUS
10
4.5765636220472441
20
-3.8755596456692913
11
4.5768116535433068
21
-3.8754035826771651
0
LINE
8
BLACK
6
CONTINUOUS
10
4.5768116535433068
20
-3.8754035826771651
11
4.5805611811023619
21
-3.8735288188976376
0
LINE
8
BLACK
6
CONTINUOUS
10
4.5805611811023619
20
-3.8735288188976376
11
4.5806032677165351
21
-3.8735126771653543
0
LINE
8
BLACK
6
CONTINUOUS
10
4.5806032677165351
20
-3.8735126771653543
11
4.580620433070866
21
-3.8734999999999999
0
LINE
8
BLACK
6
CONTINUOUS
10
4.580620433070866
20
-3.8734999999999999
11
4.5808620078740159
21
-3.8734136614173229
0
LINE
8
BLACK
6
CONTINUOUS
10
4.5808620078740159
20
-3.8734136614173229
11
4.5811017716535432
21
-3.8733219291338581
0
LINE
8
BLACK
6
CONTINUOUS
10
4.5811017716535432
20
-3.8733219291338581
11
4.5811230314960625
21
-3.8733203937007872
0
LINE
8
BLACK
6
CONTINUOUS
10
4.5811230314960625
20
-3.8733203937007872
11
4.581165551181102
21
-3.8733052362204723
0
LINE
8
BLACK
6
CONTINUOUS
10
4.581165551181102
20
-3.8733052362204723
11
4.5886646062992122
21
-3.8714304724409447
0
LINE
8
BLACK
6
CONTINUOUS
10
4.5886646062992122
20
-3.8714304724409447
11
4.5887644488188979
21
-3.8714156692913386
0
LINE
8
BLACK
6
CONTINUOUS
10
4.5887644488188979
20
-3.8714156692913386
11
4.5888046850393698
21
-3.8713990551181103
0
LINE
8
BLACK
6
CONTINUOUS
10
4.5888046850393698
20
-3.8713990551181103
11
4.589021692913386
21
-3.8713776771653543
0
LINE
8
BLACK
6
CONTINUOUS
10
4.589021692913386
20
-3.8713776771653543
11
4.5892372047244097
21
-3.8713458267716536
0
LINE
8
BLACK
6
CONTINUOUS
10
4.5892372047244097
20
-3.8713458267716536
11
4.5892801968503933
21
-3.8713522047244093
0
LINE
8
BLACK
6
CONTINUOUS
10
4.5892801968503933
20
-3.8713522047244093
11
4.5893807480314956
21
-3.8713423228346455
0
LINE
8
BLACK
6
CONTINUOUS
10
4.5893807480314956
20
-3.8713423228346455
11
4.5987545669291334
21
-3.8713423228346455
0
LINE
8
BLACK
6
CONTINUOUS
10
4.5987545669291334
20
-3.8713423228346455
11
4.598855078740157
21
-3.8713522047244093
0
LINE
8
BLACK
6
CONTINUOUS
10
4.5829122440944881
20
-3.8789558267716533
11
4.5798812598425194
21
-3.880471338582677
0
LINE
8
BLACK
6
CONTINUOUS
10
4.5798812598425194
20
-3.880471338582677
11
4.5786841338582676
21
-3.8816684645669293
0
LINE
8
BLACK
6
CONTINUOUS
10
4.5786841338582676
20
-3.8816684645669293
11
4.5773353937007872
21
-3.8843659448818895
0
LINE
8
BLACK
6
CONTINUOUS
10
4.5773353937007872
20
-3.8843659448818895
11
4.5773353937007872
21
-3.8867213779527559
0
LINE
8
BLACK
6
CONTINUOUS
10
4.5773353937007872
20
-3.8867213779527559
11
4.5786841338582676
21
-3.8894188582677165
0
LINE
8
BLACK
6
CONTINUOUS
10
4.5786841338582676
20
-3.8894188582677165
11
4.5798812598425194
21
-3.8906159842519683
0
LINE
8
BLACK
6
CONTINUOUS
10
4.5798812598425194
20
-3.8906159842519683
11
4.5829122440944881
21
-3.8921314566929133
0
LINE
8
BLACK
6
CONTINUOUS
10
4.5829122440944881
20
-3.8921314566929133
11
4.5897442913385822
21
-3.8938394881889762
0
LINE
8
BLACK
6
CONTINUOUS
10
4.5897442913385822
20
-3.8938394881889762
11
4.5983910236220469
21
-3.8938394881889762
0
LINE
8
BLACK
6
CONTINUOUS
10
4.5983910236220469
20
-3.8938394881889762
11
4.6052230708661419
21
-3.8921314566929133
0
LINE
8
BLACK
6
CONTINUOUS
10
4.6052230708661419
20
-3.8921314566929133
11
4.6082540551181097
21
-3.8906159448818896
0
LINE
8
BLACK
6
CONTINUOUS
10
4.6082540551181097
20
-3.8906159448818896
11
4.6094512204724412
21
-3.8894188188976377
0
LINE
8
BLACK
6
CONTINUOUS
10
4.6094512204724412
20
-3.8894188188976377
11
4.6107999606299215
21
-3.8867213779527559
0
LINE
8
BLACK
6
CONTINUOUS
10
4.6107999606299215
20
-3.8867213779527559
11
4.6107999606299215
21
-3.8843659448818895
0
LINE
8
BLACK
6
CONTINUOUS
10
4.6107999606299215
20
-3.8843659448818895
11
4.6094512204724412
21
-3.8816684645669293
0
LINE
8
BLACK
6
CONTINUOUS
10
4.6094512204724412
20
-3.8816684645669293
11
4.6082540551181097
21
-3.880471338582677
0
LINE
8
BLACK
6
CONTINUOUS
10
4.6082540551181097
20
-3.880471338582677
11
4.6052230708661419
21
-3.8789558267716533
0
LINE
8
BLACK
6
CONTINUOUS
10
4.6052230708661419
20
-3.8789558267716533
11
4.5983910236220469
21
-3.8772478346456691
0
LINE
8
BLACK
6
CONTINUOUS
10
4.5983910236220469
20
-3.8772478346456691
11
4.5897442913385822
21
-3.8772478346456691
0
LINE
8
BLACK
6
CONTINUOUS
10
4.5897442913385822
20
-3.8772478346456691
11
4.5829122440944881
21
-3.8789558267716533
0
LINE
8
BLACK
6
CONTINUOUS
10
6.8628235826771649
20
-3.8713522047244093
11
6.8628666141732282
21
-3.8713458267716536
0
LINE
8
BLACK
6
CONTINUOUS
10
6.8628666141732282
20
-3.8713458267716536
11
6.8630820866141731
21
-3.8713776771653543
0
LINE
8
BLACK
6
CONTINUOUS
10
6.8630820866141731
20
-3.8713776771653543
11
6.8632991338582672
21
-3.8713990551181103
0
LINE
8
BLACK
6
CONTINUOUS
10
6.8632991338582672
20
-3.8713990551181103
11
6.8633393307086612
21
-3.8714156692913386
0
LINE
8
BLACK
6
CONTINUOUS
10
6.8633393307086612
20
-3.8714156692913386
11
6.8634392125984247
21
-3.8714304724409447
0
LINE
8
BLACK
6
CONTINUOUS
10
6.8634392125984247
20
-3.8714304724409447
11
6.8709382677165349
21
-3.8733052362204723
0
LINE
8
BLACK
6
CONTINUOUS
10
6.8709382677165349
20
-3.8733052362204723
11
6.8709807480314957
21
-3.8733203937007872
0
LINE
8
BLACK
6
CONTINUOUS
10
6.8709807480314957
20
-3.8733203937007872
11
6.8710020078740159
21
-3.8733219291338581
0
LINE
8
BLACK
6
CONTINUOUS
10
6.8710020078740159
20
-3.8733219291338581
11
6.8712414173228344
21
-3.8734135433070866
0
LINE
8
BLACK
6
CONTINUOUS
10
6.8712414173228344
20
-3.8734135433070866
11
6.8714833858267719
21
-3.8734999999999999
0
LINE
8
BLACK
6
CONTINUOUS
10
6.8714833858267719
20
-3.8734999999999999
11
6.8715005118110231
21
-3.8735126771653543
0
LINE
8
BLACK
6
CONTINUOUS
10
6.8715005118110231
20
-3.8735126771653543
11
6.8715426377952751
21
-3.8735288188976376
0
LINE
8
BLACK
6
CONTINUOUS
10
6.8715426377952751
20
-3.8735288188976376
11
6.8752921653543302
21
-3.8754035826771651
0
LINE
8
BLACK
6
CONTINUOUS
10
6.8752921653543302
20
-3.8754035826771651
11
6.8755400393700787
21
-3.8755596062992126
0
LINE
8
BLACK
6
CONTINUOUS
10
6.8755400393700787
20
-3.8755596062992126
11
6.875612086614173
21
-3.8755894488188973
0
LINE
8
BLACK
6
CONTINUOUS
10
6.875612086614173
20
-3.8755894488188973
11
6.8756931102362202
21
-3.8756559448818897
0
LINE
8
BLACK
6
CONTINUOUS
10
6.8756931102362202
20
-3.8756559448818897
11
6.875782047244094
21
-3.8757119291338582
0
LINE
8
BLACK
6
CONTINUOUS
10
6.875782047244094
20
-3.8757119291338582
11
6.8758331889763777
21
-3.875770905511811
0
LINE
8
BLACK
6
CONTINUOUS
10
6.8758331889763777
20
-3.875770905511811
11
6.8760595275590548
21
-3.875956653543307
0
LINE
8
BLACK
6
CONTINUOUS
10
6.8760595275590548
20
-3.875956653543307
11
6.8779343307086611
21
-3.8778314173228345
0
LINE
8
BLACK
6
CONTINUOUS
10
6.8779343307086611
20
-3.8778314173228345
11
6.8781200787401575
21
-3.8780577559055116
0
LINE
8
BLACK
6
CONTINUOUS
10
6.8781200787401575
20
-3.8780577559055116
11
6.8781791338582678
21
-3.8781089763779528
0
LINE
8
BLACK
6
CONTINUOUS
10
6.8781791338582678
20
-3.8781089763779528
11
6.8782351181102364
21
-3.8781979133858266
0
LINE
8
BLACK
6
CONTINUOUS
10
6.8782351181102364
20
-3.8781979133858266
11
6.8783015748031495
21
-3.8782788976377951
0
LINE
8
BLACK
6
CONTINUOUS
10
6.8783015748031495
20
-3.8782788976377951
11
6.8783313779527555
21
-3.8783508267716535
0
LINE
8
BLACK
6
CONTINUOUS
10
6.8783313779527555
20
-3.8783508267716535
11
6.87848748031496
21
-3.8785988582677167
0
LINE
8
BLACK
6
CONTINUOUS
10
6.87848748031496
20
-3.8785988582677167
11
6.8803622440944876
21
-3.8823483858267718
0
LINE
8
BLACK
6
CONTINUOUS
10
6.8803622440944876
20
-3.8823483858267718
11
6.880569133858268
21
-3.8828889763779526
0
LINE
8
BLACK
6
CONTINUOUS
10
6.880569133858268
20
-3.8828889763779526
11
6.8805766535433071
21
-3.8829948425196847
0
LINE
8
BLACK
6
CONTINUOUS
10
6.8805766535433071
20
-3.8829948425196847
11
6.8806172440944877
21
-3.883092834645669
0
LINE
8
BLACK
6
CONTINUOUS
10
6.8806172440944877
20
-3.883092834645669
11
6.8806739763779525
21
-3.8836688976377953
0
LINE
8
BLACK
6
CONTINUOUS
10
6.8806739763779525
20
-3.8836688976377953
11
6.8806739763779525
21
-3.8874184251968504
0
LINE
8
BLACK
6
CONTINUOUS
10
6.8806739763779525
20
-3.8874184251968504
11
6.8806172440944877
21
-3.8879944881889763
0
LINE
8
BLACK
6
CONTINUOUS
10
6.8806172440944877
20
-3.8879944881889763
11
6.8805766535433071
21
-3.8880924409448818
0
LINE
8
BLACK
6
CONTINUOUS
10
6.8805766535433071
20
-3.8880924409448818
11
6.880569133858268
21
-3.8881983464566927
0
LINE
8
BLACK
6
CONTINUOUS
10
6.880569133858268
20
-3.8881983464566927
11
6.8803622440944876
21
-3.888738937007874
0
LINE
8
BLACK
6
CONTINUOUS
10
6.8803622440944876
20
-3.888738937007874
11
6.87848748031496
21
-3.8924884645669291
0
LINE
8
BLACK
6
CONTINUOUS
10
6.87848748031496
20
-3.8924884645669291
11
6.8783313779527555
21
-3.8927364566929135
0
LINE
8
BLACK
6
CONTINUOUS
10
6.8783313779527555
20
-3.8927364566929135
11
6.8783015748031495
21
-3.8928084251968502
0
LINE
8
BLACK
6
CONTINUOUS
10
6.8783015748031495
20
-3.8928084251968502
11
6.8782351181102364
21
-3.8928893700787399
0
LINE
8
BLACK
6
CONTINUOUS
10
6.8782351181102364
20
-3.8928893700787399
11
6.8781791338582678
21
-3.8929783464566929
0
LINE
8
BLACK
6
CONTINUOUS
10
6.8781791338582678
20
-3.8929783464566929
11
6.8781200787401575
21
-3.893029527559055
0
LINE
8
BLACK
6
CONTINUOUS
10
6.8781200787401575
20
-3.893029527559055
11
6.8779343307086611
21
-3.8932559055118108
0
LINE
8
BLACK
6
CONTINUOUS
10
6.8779343307086611
20
-3.8932559055118108
11
6.8760595275590548
21
-3.8951306692913383
0
LINE
8
BLACK
6
CONTINUOUS
10
6.8760595275590548
20
-3.8951306692913383
11
6.8758331889763777
21
-3.895316377952756
0
LINE
8
BLACK
6
CONTINUOUS
10
6.8758331889763777
20
-3.895316377952756
11
6.875782047244094
21
-3.8953753937007871
0
LINE
8
BLACK
6
CONTINUOUS
10
6.875782047244094
20
-3.8953753937007871
11
6.8756931102362202
21
-3.8954313385826769
0
LINE
8
BLACK
6
CONTINUOUS
10
6.8756931102362202
20
-3.8954313385826769
11
6.875612086614173
21
-3.895497874015748
0
LINE
8
BLACK
6
CONTINUOUS
10
6.875612086614173
20
-3.895497874015748
11
6.8755400393700787
21
-3.8955276771653544
0
LINE
8
BLACK
6
CONTINUOUS
10
6.8755400393700787
20
-3.8955276771653544
11
6.8752921653543302
21
-3.8956837401574802
0
LINE
8
BLACK
6
CONTINUOUS
10
6.8752921653543302
20
-3.8956837401574802
11
6.8715426377952751
21
-3.8975585039370078
0
LINE
8
BLACK
6
CONTINUOUS
10
6.8715426377952751
20
-3.8975585039370078
11
6.8715005118110231
21
-3.8975746062992127
0
LINE
8
BLACK
6
CONTINUOUS
10
6.8715005118110231
20
-3.8975746062992127
11
6.8714833858267719
21
-3.8975873228346454
0
LINE
8
BLACK
6
CONTINUOUS
10
6.8714833858267719
20
-3.8975873228346454
11
6.8712414173228344
21
-3.8976737401574804
0
LINE
8
BLACK
6
CONTINUOUS
10
6.8712414173228344
20
-3.8976737401574804
11
6.8710020078740159
21
-3.8977653937007872
0
LINE
8
BLACK
6
CONTINUOUS
10
6.8710020078740159
20
-3.8977653937007872
11
6.8709807480314957
21
-3.8977668897637794
0
LINE
8
BLACK
6
CONTINUOUS
10
6.8709807480314957
20
-3.8977668897637794
11
6.8709382677165349
21
-3.897782086614173
0
LINE
8
BLACK
6
CONTINUOUS
10
6.8709382677165349
20
-3.897782086614173
11
6.8634392125984247
21
-3.8996568503937006
0
LINE
8
BLACK
6
CONTINUOUS
10
6.8634392125984247
20
-3.8996568503937006
11
6.8633393307086612
21
-3.8996716141732284
0
LINE
8
BLACK
6
CONTINUOUS
10
6.8633393307086612
20
-3.8996716141732284
11
6.8632991338582672
21
-3.8996882677165354
0
LINE
8
BLACK
6
CONTINUOUS
10
6.8632991338582672
20
-3.8996882677165354
11
6.8630820866141731
21
-3.8997096062992127
0
LINE
8
BLACK
6
CONTINUOUS
10
6.8630820866141731
20
-3.8997096062992127
11
6.8628666141732282
21
-3.8997414960629921
0
LINE
8
BLACK
6
CONTINUOUS
10
6.8628666141732282
20
-3.8997414960629921
11
6.8628235826771649
21
-3.8997350787401572
0
LINE
8
BLACK
6
CONTINUOUS
10
6.8628235826771649
20
-3.8997350787401572
11
6.8627230708661413
21
-3.8997449999999998
0
LINE
8
BLACK
6
CONTINUOUS
10
6.8627230708661413
20
-3.8997449999999998
11
6.8533492519685035
21
-3.8997449999999998
0
LINE
8
BLACK
6
CONTINUOUS
10
6.8533492519685035
20
-3.8997449999999998
11
6.8532487007874012
21
-3.8997350787401572
0
LINE
8
BLACK
6
CONTINUOUS
10
6.8532487007874012
20
-3.8997350787401572
11
6.8532057086614175
21
-3.8997414960629921
0
LINE
8
BLACK
6
CONTINUOUS
10
6.8532057086614175
20
-3.8997414960629921
11
6.8529901968503939
21
-3.8997096062992127
0
LINE
8
BLACK
6
CONTINUOUS
10
6.8529901968503939
20
-3.8997096062992127
11
6.8527731889763777
21
-3.8996882677165354
0
LINE
8
BLACK
6
CONTINUOUS
10
6.8527731889763777
20
-3.8996882677165354
11
6.8527329527559058
21
-3.8996716141732284
0
LINE
8
BLACK
6
CONTINUOUS
10
6.8527329527559058
20
-3.8996716141732284
11
6.8526331102362201
21
-3.8996568503937006
0
LINE
8
BLACK
6
CONTINUOUS
10
6.8526331102362201
20
-3.8996568503937006
11
6.8451340551181099
21
-3.897782086614173
0
LINE
8
BLACK
6
CONTINUOUS
10
6.8451340551181099
20
-3.897782086614173
11
6.8450915354330704
21
-3.8977668897637794
0
LINE
8
BLACK
6
CONTINUOUS
10
6.8450915354330704
20
-3.8977668897637794
11
6.845070275590551
21
-3.8977653937007872
0
LINE
8
BLACK
6
CONTINUOUS
10
6.845070275590551
20
-3.8977653937007872
11
6.8448305118110238
21
-3.8976736220472441
0
LINE
8
BLACK
6
CONTINUOUS
10
6.8448305118110238
20
-3.8976736220472441
11
6.8445889370078739
21
-3.8975873228346454
0
LINE
8
BLACK
6
CONTINUOUS
10
6.8445889370078739
20
-3.8975873228346454
11
6.844571771653543
21
-3.8975746062992127
0
LINE
8
BLACK
6
CONTINUOUS
10
6.844571771653543
20
-3.8975746062992127
11
6.8445296850393698
21
-3.8975585039370078
0
LINE
8
BLACK
6
CONTINUOUS
10
6.8445296850393698
20
-3.8975585039370078
11
6.8407801574803146
21
-3.8956837401574802
0
LINE
8
BLACK
6
CONTINUOUS
10
6.8407801574803146
20
-3.8956837401574802
11
6.840532125984252
21
-3.8955276377952757
0
LINE
8
BLACK
6
CONTINUOUS
10
6.840532125984252
20
-3.8955276377952757
11
6.840460196850394
21
-3.8954978346456692
0
LINE
8
BLACK
6
CONTINUOUS
10
6.840460196850394
20
-3.8954978346456692
11
6.8403792125984246
21
-3.8954313385826769
0
LINE
8
BLACK
6
CONTINUOUS
10
6.8403792125984246
20
-3.8954313385826769
11
6.8402902755905508
21
-3.8953753937007871
0
LINE
8
BLACK
6
CONTINUOUS
10
6.8402902755905508
20
-3.8953753937007871
11
6.8402390944881892
21
-3.895316377952756
0
LINE
8
BLACK
6
CONTINUOUS
10
6.8402390944881892
20
-3.895316377952756
11
6.8400127559055113
21
-3.8951306299212596
0
LINE
8
BLACK
6
CONTINUOUS
10
6.8400127559055113
20
-3.8951306299212596
11
6.8381379921259837
21
-3.893255866141732
0
LINE
8
BLACK
6
CONTINUOUS
10
6.8381379921259837
20
-3.893255866141732
11
6.8379522047244095
21
-3.8930294881889762
0
LINE
8
BLACK
6
CONTINUOUS
10
6.8379522047244095
20
-3.8930294881889762
11
6.8378932283464566
21
-3.8929783464566929
0
LINE
8
BLACK
6
CONTINUOUS
10
6.8378932283464566
20
-3.8929783464566929
11
6.8378372440944881
21
-3.8928893700787399
0
LINE
8
BLACK
6
CONTINUOUS
10
6.8378372440944881
20
-3.8928893700787399
11
6.837770787401575
21
-3.8928084251968502
0
LINE
8
BLACK
6
CONTINUOUS
10
6.837770787401575
20
-3.8928084251968502
11
6.8377409448818893
21
-3.8927364566929135
0
LINE
8
BLACK
6
CONTINUOUS
10
6.8377409448818893
20
-3.8927364566929135
11
6.8375848818897635
21
-3.8924884645669291
0
LINE
8
BLACK
6
CONTINUOUS
10
6.8375848818897635
20
-3.8924884645669291
11
6.835710118110236
21
-3.888738937007874
0
LINE
8
BLACK
6
CONTINUOUS
10
6.835710118110236
20
-3.888738937007874
11
6.8355032283464565
21
-3.888198307086614
0
LINE
8
BLACK
6
CONTINUOUS
10
6.8355032283464565
20
-3.888198307086614
11
6.8354957086614174
21
-3.8880924803149606
0
LINE
8
BLACK
6
CONTINUOUS
10
6.8354957086614174
20
-3.8880924803149606
11
6.8354551181102359
21
-3.8879944881889763
0
LINE
8
BLACK
6
CONTINUOUS
10
6.8354551181102359
20
-3.8879944881889763
11
6.8353983858267711
21
-3.8874184251968504
0
LINE
8
BLACK
6
CONTINUOUS
10
6.8353983858267711
20
-3.8874184251968504
11
6.8353983858267711
21
-3.8836688976377953
0
LINE
8
BLACK
6
CONTINUOUS
10
6.8353983858267711
20
-3.8836688976377953
11
6.8354551181102359
21
-3.883092834645669
0
LINE
8
BLACK
6
CONTINUOUS
10
6.8354551181102359
20
-3.883092834645669
11
6.8354957086614174
21
-3.882994803149606
0
LINE
8
BLACK
6
CONTINUOUS
10
6.8354957086614174
20
-3.882994803149606
11
6.8355032283464565
21
-3.8828890157480314
0
LINE
8
BLACK
6
CONTINUOUS
10
6.8355032283464565
20
-3.8828890157480314
11
6.835710118110236
21
-3.8823483858267718
0
LINE
8
BLACK
6
CONTINUOUS
10
6.835710118110236
20
-3.8823483858267718
11
6.8375848818897635
21
-3.8785988582677167
0
LINE
8
BLACK
6
CONTINUOUS
10
6.8375848818897635
20
-3.8785988582677167
11
6.8377409448818893
21
-3.8783508267716535
0
LINE
8
BLACK
6
CONTINUOUS
10
6.8377409448818893
20
-3.8783508267716535
11
6.837770787401575
21
-3.8782788976377951
0
LINE
8
BLACK
6
CONTINUOUS
10
6.837770787401575
20
-3.8782788976377951
11
6.8378372440944881
21
-3.8781979133858266
0
LINE
8
BLACK
6
CONTINUOUS
10
6.8378372440944881
20
-3.8781979133858266
11
6.8378932283464566
21
-3.8781089763779528
0
LINE
8
BLACK
6
CONTINUOUS
10
6.8378932283464566
20
-3.8781089763779528
11
6.8379522047244095
21
-3.8780577952755904
0
LINE
8
BLACK
6
CONTINUOUS
10
6.8379522047244095
20
-3.8780577952755904
11
6.8381379921259837
21
-3.8778314566929133
0
LINE
8
BLACK
6
CONTINUOUS
10
6.8381379921259837
20
-3.8778314566929133
11
6.8400127559055113
21
-3.8759566929133857
0
LINE
8
BLACK
6
CONTINUOUS
10
6.8400127559055113
20
-3.8759566929133857
11
6.8402390944881892
21
-3.875770905511811
0
LINE
8
BLACK
6
CONTINUOUS
10
6.8402390944881892
20
-3.875770905511811
11
6.8402902755905508
21
-3.8757119291338582
0
LINE
8
BLACK
6
CONTINUOUS
10
6.8402902755905508
20
-3.8757119291338582
11
6.8403792125984246
21
-3.8756559448818897
0
LINE
8
BLACK
6
CONTINUOUS
10
6.8403792125984246
20
-3.8756559448818897
11
6.840460196850394
21
-3.8755894881889761
0
LINE
8
BLACK
6
CONTINUOUS
10
6.840460196850394
20
-3.8755894881889761
11
6.840532125984252
21
-3.8755596456692913
0
LINE
8
BLACK
6
CONTINUOUS
10
6.840532125984252
20
-3.8755596456692913
11
6.8407801574803146
21
-3.8754035826771651
0
LINE
8
BLACK
6
CONTINUOUS
10
6.8407801574803146
20
-3.8754035826771651
11
6.8445296850393698
21
-3.8735288188976376
0
LINE
8
BLACK
6
CONTINUOUS
10
6.8445296850393698
20
-3.8735288188976376
11
6.844571771653543
21
-3.8735126771653543
0
LINE
8
BLACK
6
CONTINUOUS
10
6.844571771653543
20
-3.8735126771653543
11
6.8445889370078739
21
-3.8734999999999999
0
LINE
8
BLACK
6
CONTINUOUS
10
6.8445889370078739
20
-3.8734999999999999
11
6.8448305118110238
21
-3.8734136614173229
0
LINE
8
BLACK
6
CONTINUOUS
10
6.8448305118110238
20
-3.8734136614173229
11
6.845070275590551
21
-3.8733219291338581
0
LINE
8
BLACK
6
CONTINUOUS
10
6.845070275590551
20
-3.8733219291338581
11
6.8450915354330704
21
-3.8733203937007872
0
LINE
8
BLACK
6
CONTINUOUS
10
6.8450915354330704
20
-3.8733203937007872
11
6.8451340551181099
21
-3.8733052362204723
0
LINE
8
BLACK
6
CONTINUOUS
10
6.8451340551181099
20
-3.8733052362204723
11
6.8526331102362201
21
-3.8714304724409447
0
LINE
8
BLACK
6
CONTINUOUS
10
6.8526331102362201
20
-3.8714304724409447
11
6.8527329527559058
21
-3.8714156692913386
0
LINE
8
BLACK
6
CONTINUOUS
10
6.8527329527559058
20
-3.8714156692913386
11
6.8527731889763777
21
-3.8713990551181103
0
LINE
8
BLACK
6
CONTINUOUS
10
6.8527731889763777
20
-3.8713990551181103
11
6.8529901968503939
21
-3.8713776771653543
0
LINE
8
BLACK
6
CONTINUOUS
10
6.8529901968503939
20
-3.8713776771653543
11
6.8532057086614175
21
-3.8713458267716536
0
LINE
8
BLACK
6
CONTINUOUS
10
6.8532057086614175
20
-3.8713458267716536
11
6.8532487007874012
21
-3.8713522047244093
0
LINE
8
BLACK
6
CONTINUOUS
10
6.8532487007874012
20
-3.8713522047244093
11
6.8533492519685035
21
-3.8713423228346455
0
LINE
8
BLACK
6
CONTINUOUS
10
6.8533492519685035
20
-3.8713423228346455
11
6.8627230708661413
21
-3.8713423228346455
0
LINE
8
BLACK
6
CONTINUOUS
10
6.8627230708661413
20
-3.8713423228346455
11
6.8628235826771649
21
-3.8713522047244093
0
LINE
8
BLACK
6
CONTINUOUS
10
6.8468807480314959
20
-3.8789558267716533
11
6.8438497637795273
21
-3.880471338582677
0
LINE
8
BLACK
6
CONTINUOUS
10
6.8438497637795273
20
-3.880471338582677
11
6.8426526377952754
21
-3.8816684645669293
0
LINE
8
BLACK
6
CONTINUOUS
10
6.8426526377952754
20
-3.8816684645669293
11
6.8413038976377951
21
-3.8843659448818895
0
LINE
8
BLACK
6
CONTINUOUS
10
6.8413038976377951
20
-3.8843659448818895
11
6.8413038976377951
21
-3.8867213779527559
0
LINE
8
BLACK
6
CONTINUOUS
10
6.8413038976377951
20
-3.8867213779527559
11
6.8426526377952754
21
-3.8894188582677165
0
LINE
8
BLACK
6
CONTINUOUS
10
6.8426526377952754
20
-3.8894188582677165
11
6.8438497637795273
21
-3.8906159842519683
0
LINE
8
BLACK
6
CONTINUOUS
10
6.8438497637795273
20
-3.8906159842519683
11
6.8468807480314959
21
-3.8921314566929133
0
LINE
8
BLACK
6
CONTINUOUS
10
6.8468807480314959
20
-3.8921314566929133
11
6.8537127952755901
21
-3.8938394881889762
0
LINE
8
BLACK
6
CONTINUOUS
10
6.8537127952755901
20
-3.8938394881889762
11
6.8623595275590548
21
-3.8938394881889762
0
LINE
8
BLACK
6
CONTINUOUS
10
6.8623595275590548
20
-3.8938394881889762
11
6.8691915748031498
21
-3.8921314566929133
0
LINE
8
BLACK
6
CONTINUOUS
10
6.8691915748031498
20
-3.8921314566929133
11
6.8722225590551176
21
-3.8906159448818896
0
LINE
8
BLACK
6
CONTINUOUS
10
6.8722225590551176
20
-3.8906159448818896
11
6.873419724409449
21
-3.8894188188976377
0
LINE
8
BLACK
6
CONTINUOUS
10
6.873419724409449
20
-3.8894188188976377
11
6.8747684645669294
21
-3.8867213779527559
0
LINE
8
BLACK
6
CONTINUOUS
10
6.8747684645669294
20
-3.8867213779527559
11
6.8747684645669294
21
-3.8843659448818895
0
LINE
8
BLACK
6
CONTINUOUS
10
6.8747684645669294
20
-3.8843659448818895
11
6.873419724409449
21
-3.8816684645669293
0
LINE
8
BLACK
6
CONTINUOUS
10
6.873419724409449
20
-3.8816684645669293
11
6.8722225590551176
21
-3.880471338582677
0
LINE
8
BLACK
6
CONTINUOUS
10
6.8722225590551176
20
-3.880471338582677
11
6.8691915748031498
21
-3.8789558267716533
0
LINE
8
BLACK
6
CONTINUOUS
10
6.8691915748031498
20
-3.8789558267716533
11
6.8623595275590548
21
-3.8772478346456691
0
LINE
8
BLACK
6
CONTINUOUS
10
6.8623595275590548
20
-3.8772478346456691
11
6.8537127952755901
21
-3.8772478346456691
0
LINE
8
BLACK
6
CONTINUOUS
10
6.8537127952755901
20
-3.8772478346456691
11
6.8468807480314959
21
-3.8789558267716533
0
LINE
8
BLACK
6
CONTINUOUS
10
7.0482251574803145
20
-3.8713522047244093
11
7.0482681889763779
21
-3.8713458267716536
0
LINE
8
BLACK
6
CONTINUOUS
10
7.0482681889763779
20
-3.8713458267716536
11
7.0484836614173227
21
-3.8713776771653543
0
LINE
8
BLACK
6
CONTINUOUS
10
7.0484836614173227
20
-3.8713776771653543
11
7.0487007086614168
21
-3.8713990551181103
0
LINE
8
BLACK
6
CONTINUOUS
10
7.0487007086614168
20
-3.8713990551181103
11
7.0487409055118109
21
-3.8714156692913386
0
LINE
8
BLACK
6
CONTINUOUS
10
7.0487409055118109
20
-3.8714156692913386
11
7.0488407874015744
21
-3.8714304724409447
0
LINE
8
BLACK
6
CONTINUOUS
10
7.0488407874015744
20
-3.8714304724409447
11
7.0563398425196846
21
-3.8733052362204723
0
LINE
8
BLACK
6
CONTINUOUS
10
7.0563398425196846
20
-3.8733052362204723
11
7.0563823228346454
21
-3.8733203937007872
0
LINE
8
BLACK
6
CONTINUOUS
10
7.0563823228346454
20
-3.8733203937007872
11
7.0564035826771656
21
-3.8733219291338581
0
LINE
8
BLACK
6
CONTINUOUS
10
7.0564035826771656
20
-3.8733219291338581
11
7.0566429921259841
21
-3.8734135433070866
0
LINE
8
BLACK
6
CONTINUOUS
10
7.0566429921259841
20
-3.8734135433070866
11
7.0568849606299207
21
-3.8734999999999999
0
LINE
8
BLACK
6
CONTINUOUS
10
7.0568849606299207
20
-3.8734999999999999
11
7.0569020866141727
21
-3.8735126771653543
0
LINE
8
BLACK
6
CONTINUOUS
10
7.0569020866141727
20
-3.8735126771653543
11
7.0569442125984247
21
-3.8735288188976376
0
LINE
8
BLACK
6
CONTINUOUS
10
7.0569442125984247
20
-3.8735288188976376
11
7.0606937401574799
21
-3.8754035826771651
0
LINE
8
BLACK
6
CONTINUOUS
10
7.0606937401574799
20
-3.8754035826771651
11
7.0609416141732284
21
-3.8755596062992126
0
LINE
8
BLACK
6
CONTINUOUS
10
7.0609416141732284
20
-3.8755596062992126
11
7.0610136614173227
21
-3.8755894488188973
0
LINE
8
BLACK
6
CONTINUOUS
10
7.0610136614173227
20
-3.8755894488188973
11
7.0610946850393699
21
-3.8756559448818897
0
LINE
8
BLACK
6
CONTINUOUS
10
7.0610946850393699
20
-3.8756559448818897
11
7.0611836220472437
21
-3.8757119291338582
0
LINE
8
BLACK
6
CONTINUOUS
10
7.0611836220472437
20
-3.8757119291338582
11
7.0612347637795274
21
-3.875770905511811
0
LINE
8
BLACK
6
CONTINUOUS
10
7.0612347637795274
20
-3.875770905511811
11
7.0614611023622045
21
-3.875956653543307
0
LINE
8
BLACK
6
CONTINUOUS
10
7.0614611023622045
20
-3.875956653543307
11
7.0633359055118108
21
-3.8778314173228345
0
LINE
8
BLACK
6
CONTINUOUS
10
7.0633359055118108
20
-3.8778314173228345
11
7.0635216535433072
21
-3.8780577559055116
0
LINE
8
BLACK
6
CONTINUOUS
10
7.0635216535433072
20
-3.8780577559055116
11
7.0635807086614175
21
-3.8781089763779528
0
LINE
8
BLACK
6
CONTINUOUS
10
7.0635807086614175
20
-3.8781089763779528
11
7.063636692913386
21
-3.8781979133858266
0
LINE
8
BLACK
6
CONTINUOUS
10
7.063636692913386
20
-3.8781979133858266
11
7.0637031496062992
21
-3.8782788976377951
0
LINE
8
BLACK
6
CONTINUOUS
10
7.0637031496062992
20
-3.8782788976377951
11
7.0637329527559052
21
-3.8783508267716535
0
LINE
8
BLACK
6
CONTINUOUS
10
7.0637329527559052
20
-3.8783508267716535
11
7.0638890551181097
21
-3.8785988582677167
0
LINE
8
BLACK
6
CONTINUOUS
10
7.0638890551181097
20
-3.8785988582677167
11
7.0657638188976373
21
-3.8823483858267718
0
LINE
8
BLACK
6
CONTINUOUS
10
7.0657638188976373
20
-3.8823483858267718
11
7.0659707086614167
21
-3.8828889763779526
0
LINE
8
BLACK
6
CONTINUOUS
10
7.0659707086614167
20
-3.8828889763779526
11
7.0659782283464567
21
-3.8829948425196847
0
LINE
8
BLACK
6
CONTINUOUS
10
7.0659782283464567
20
-3.8829948425196847
11
7.0660188188976374
21
-3.883092834645669
0
LINE
8
BLACK
6
CONTINUOUS
10
7.0660188188976374
20
-3.883092834645669
11
7.0660755511811022
21
-3.8836688976377953
0
LINE
8
BLACK
6
CONTINUOUS
10
7.0660755511811022
20
-3.8836688976377953
11
7.0660755511811022
21
-3.8874184251968504
0
LINE
8
BLACK
6
CONTINUOUS
10
7.0660755511811022
20
-3.8874184251968504
11
7.0660188188976374
21
-3.8879944881889763
0
LINE
8
BLACK
6
CONTINUOUS
10
7.0660188188976374
20
-3.8879944881889763
11
7.0659782283464567
21
-3.8880924409448818
0
LINE
8
BLACK
6
CONTINUOUS
10
7.0659782283464567
20
-3.8880924409448818
11
7.0659707086614167
21
-3.8881983464566927
0
LINE
8
BLACK
6
CONTINUOUS
10
7.0659707086614167
20
-3.8881983464566927
11
7.0657638188976373
21
-3.888738937007874
0
LINE
8
BLACK
6
CONTINUOUS
10
7.0657638188976373
20
-3.888738937007874
11
7.0638890551181097
21
-3.8924884645669291
0
LINE
8
BLACK
6
CONTINUOUS
10
7.0638890551181097
20
-3.8924884645669291
11
7.0637329527559052
21
-3.8927364566929135
0
LINE
8
BLACK
6
CONTINUOUS
10
7.0637329527559052
20
-3.8927364566929135
11
7.0637031496062992
21
-3.8928084251968502
0
LINE
8
BLACK
6
CONTINUOUS
10
7.0637031496062992
20
-3.8928084251968502
11
7.063636692913386
21
-3.8928893700787399
0
LINE
8
BLACK
6
CONTINUOUS
10
7.063636692913386
20
-3.8928893700787399
11
7.0635807086614175
21
-3.8929783464566929
0
LINE
8
BLACK
6
CONTINUOUS
10
7.0635807086614175
20
-3.8929783464566929
11
7.0635216535433072
21
-3.893029527559055
0
LINE
8
BLACK
6
CONTINUOUS
10
7.0635216535433072
20
-3.893029527559055
11
7.0633359055118108
21
-3.8932559055118108
0
LINE
8
BLACK
6
CONTINUOUS
10
7.0633359055118108
20
-3.8932559055118108
11
7.0614611023622045
21
-3.8951306692913383
0
LINE
8
BLACK
6
CONTINUOUS
10
7.0614611023622045
20
-3.8951306692913383
11
7.0612347637795274
21
-3.895316377952756
0
LINE
8
BLACK
6
CONTINUOUS
10
7.0612347637795274
20
-3.895316377952756
11
7.0611836220472437
21
-3.8953753937007871
0
LINE
8
BLACK
6
CONTINUOUS
10
7.0611836220472437
20
-3.8953753937007871
11
7.0610946850393699
21
-3.8954313385826769
0
LINE
8
BLACK
6
CONTINUOUS
10
7.0610946850393699
20
-3.8954313385826769
11
7.0610136614173227
21
-3.895497874015748
0
LINE
8
BLACK
6
CONTINUOUS
10
7.0610136614173227
20
-3.895497874015748
11
7.0609416141732284
21
-3.8955276771653544
0
LINE
8
BLACK
6
CONTINUOUS
10
7.0609416141732284
20
-3.8955276771653544
11
7.0606937401574799
21
-3.8956837401574802
0
LINE
8
BLACK
6
CONTINUOUS
10
7.0606937401574799
20
-3.8956837401574802
11
7.0569442125984247
21
-3.8975585039370078
0
LINE
8
BLACK
6
CONTINUOUS
10
7.0569442125984247
20
-3.8975585039370078
11
7.0569020866141727
21
-3.8975746062992127
0
LINE
8
BLACK
6
CONTINUOUS
10
7.0569020866141727
20
-3.8975746062992127
11
7.0568849606299207
21
-3.8975873228346454
0
LINE
8
BLACK
6
CONTINUOUS
10
7.0568849606299207
20
-3.8975873228346454
11
7.0566429921259841
21
-3.8976737401574804
0
LINE
8
BLACK
6
CONTINUOUS
10
7.0566429921259841
20
-3.8976737401574804
11
7.0564035826771656
21
-3.8977653937007872
0
LINE
8
BLACK
6
CONTINUOUS
10
7.0564035826771656
20
-3.8977653937007872
11
7.0563823228346454
21
-3.8977668897637794
0
LINE
8
BLACK
6
CONTINUOUS
10
7.0563823228346454
20
-3.8977668897637794
11
7.0563398425196846
21
-3.897782086614173
0
LINE
8
BLACK
6
CONTINUOUS
10
7.0563398425196846
20
-3.897782086614173
11
7.0488407874015744
21
-3.8996568503937006
0
LINE
8
BLACK
6
CONTINUOUS
10
7.0488407874015744
20
-3.8996568503937006
11
7.0487409055118109
21
-3.8996716141732284
0
LINE
8
BLACK
6
CONTINUOUS
10
7.0487409055118109
20
-3.8996716141732284
11
7.0487007086614168
21
-3.8996882677165354
0
LINE
8
BLACK
6
CONTINUOUS
10
7.0487007086614168
20
-3.8996882677165354
11
7.0484836614173227
21
-3.8997096062992127
0
LINE
8
BLACK
6
CONTINUOUS
10
7.0484836614173227
20
-3.8997096062992127
11
7.0482681889763779
21
-3.8997414960629921
0
LINE
8
BLACK
6
CONTINUOUS
10
7.0482681889763779
20
-3.8997414960629921
11
7.0482251574803145
21
-3.8997350787401572
0
LINE
8
BLACK
6
CONTINUOUS
10
7.0482251574803145
20
-3.8997350787401572
11
7.048124645669291
21
-3.8997449999999998
0
LINE
8
BLACK
6
CONTINUOUS
10
7.048124645669291
20
-3.8997449999999998
11
7.0387508267716532
21
-3.8997449999999998
0
LINE
8
BLACK
6
CONTINUOUS
10
7.0387508267716532
20
-3.8997449999999998
11
7.0386502755905509
21
-3.8997350787401572
0
LINE
8
BLACK
6
CONTINUOUS
10
7.0386502755905509
20
-3.8997350787401572
11
7.0386072834645672
21
-3.8997414960629921
0
LINE
8
BLACK
6
CONTINUOUS
10
7.0386072834645672
20
-3.8997414960629921
11
7.0383917716535436
21
-3.8997096062992127
0
LINE
8
BLACK
6
CONTINUOUS
10
7.0383917716535436
20
-3.8997096062992127
11
7.0381747637795273
21
-3.8996882677165354
0
LINE
8
BLACK
6
CONTINUOUS
10
7.0381747637795273
20
-3.8996882677165354
11
7.0381345275590546
21
-3.8996716141732284
0
LINE
8
BLACK
6
CONTINUOUS
10
7.0381345275590546
20
-3.8996716141732284
11
7.0380346850393698
21
-3.8996568503937006
0
LINE
8
BLACK
6
CONTINUOUS
10
7.0380346850393698
20
-3.8996568503937006
11
7.0305356299212596
21
-3.897782086614173
0
LINE
8
BLACK
6
CONTINUOUS
10
7.0305356299212596
20
-3.897782086614173
11
7.03049311023622
21
-3.8977668897637794
0
LINE
8
BLACK
6
CONTINUOUS
10
7.03049311023622
20
-3.8977668897637794
11
7.0304718503937007
21
-3.8977653937007872
0
LINE
8
BLACK
6
CONTINUOUS
10
7.0304718503937007
20
-3.8977653937007872
11
7.0302320866141734
21
-3.8976736220472441
0
LINE
8
BLACK
6
CONTINUOUS
10
7.0302320866141734
20
-3.8976736220472441
11
7.0299905118110235
21
-3.8975873228346454
0
LINE
8
BLACK
6
CONTINUOUS
10
7.0299905118110235
20
-3.8975873228346454
11
7.0299733464566927
21
-3.8975746062992127
0
LINE
8
BLACK
6
CONTINUOUS
10
7.0299733464566927
20
-3.8975746062992127
11
7.0299312598425194
21
-3.8975585039370078
0
LINE
8
BLACK
6
CONTINUOUS
10
7.0299312598425194
20
-3.8975585039370078
11
7.0261817322834643
21
-3.8956837401574802
0
LINE
8
BLACK
6
CONTINUOUS
10
7.0261817322834643
20
-3.8956837401574802
11
7.0259337007874016
21
-3.8955276377952757
0
LINE
8
BLACK
6
CONTINUOUS
10
7.0259337007874016
20
-3.8955276377952757
11
7.0258617716535428
21
-3.8954978346456692
0
LINE
8
BLACK
6
CONTINUOUS
10
7.0258617716535428
20
-3.8954978346456692
11
7.0257807874015743
21
-3.8954313385826769
0
LINE
8
BLACK
6
CONTINUOUS
10
7.0257807874015743
20
-3.8954313385826769
11
7.0256918503937005
21
-3.8953753937007871
0
LINE
8
BLACK
6
CONTINUOUS
10
7.0256918503937005
20
-3.8953753937007871
11
7.025640669291338
21
-3.895316377952756
0
LINE
8
BLACK
6
CONTINUOUS
10
7.025640669291338
20
-3.895316377952756
11
7.0254143307086609
21
-3.8951306299212596
0
LINE
8
BLACK
6
CONTINUOUS
10
7.0254143307086609
20
-3.8951306299212596
11
7.0235395669291334
21
-3.893255866141732
0
LINE
8
BLACK
6
CONTINUOUS
10
7.0235395669291334
20
-3.893255866141732
11
7.0233537795275591
21
-3.8930294881889762
0
LINE
8
BLACK
6
CONTINUOUS
10
7.0233537795275591
20
-3.8930294881889762
11
7.0232948031496063
21
-3.8929783464566929
0
LINE
8
BLACK
6
CONTINUOUS
10
7.0232948031496063
20
-3.8929783464566929
11
7.0232388188976378
21
-3.8928893700787399
0
LINE
8
BLACK
6
CONTINUOUS
10
7.0232388188976378
20
-3.8928893700787399
11
7.0231723622047246
21
-3.8928084251968502
0
LINE
8
BLACK
6
CONTINUOUS
10
7.0231723622047246
20
-3.8928084251968502
11
7.023142519685039
21
-3.8927364566929135
0
LINE
8
BLACK
6
CONTINUOUS
10
7.023142519685039
20
-3.8927364566929135
11
7.0229864566929132
21
-3.8924884645669291
0
LINE
8
BLACK
6
CONTINUOUS
10
7.0229864566929132
20
-3.8924884645669291
11
7.0211116929133857
21
-3.888738937007874
0
LINE
8
BLACK
6
CONTINUOUS
10
7.0211116929133857
20
-3.888738937007874
11
7.0209048031496062
21
-3.888198307086614
0
LINE
8
BLACK
6
CONTINUOUS
10
7.0209048031496062
20
-3.888198307086614
11
7.0208972834645671
21
-3.8880924803149606
0
LINE
8
BLACK
6
CONTINUOUS
10
7.0208972834645671
20
-3.8880924803149606
11
7.0208566929133855
21
-3.8879944881889763
0
LINE
8
BLACK
6
CONTINUOUS
10
7.0208566929133855
20
-3.8879944881889763
11
7.0207999606299207
21
-3.8874184251968504
0
LINE
8
BLACK
6
CONTINUOUS
10
7.0207999606299207
20
-3.8874184251968504
11
7.0207999606299207
21
-3.8836688976377953
0
LINE
8
BLACK
6
CONTINUOUS
10
7.0207999606299207
20
-3.8836688976377953
11
7.0208566929133855
21
-3.883092834645669
0
LINE
8
BLACK
6
CONTINUOUS
10
7.0208566929133855
20
-3.883092834645669
11
7.0208972834645671
21
-3.882994803149606
0
LINE
8
BLACK
6
CONTINUOUS
10
7.0208972834645671
20
-3.882994803149606
11
7.0209048031496062
21
-3.8828890157480314
0
LINE
8
BLACK
6
CONTINUOUS
10
7.0209048031496062
20
-3.8828890157480314
11
7.0211116929133857
21
-3.8823483858267718
0
LINE
8
BLACK
6
CONTINUOUS
10
7.0211116929133857
20
-3.8823483858267718
11
7.0229864566929132
21
-3.8785988582677167
0
LINE
8
BLACK
6
CONTINUOUS
10
7.0229864566929132
20
-3.8785988582677167
11
7.023142519685039
21
-3.8783508267716535
0
LINE
8
BLACK
6
CONTINUOUS
10
7.023142519685039
20
-3.8783508267716535
11
7.0231723622047246
21
-3.8782788976377951
0
LINE
8
BLACK
6
CONTINUOUS
10
7.0231723622047246
20
-3.8782788976377951
11
7.0232388188976378
21
-3.8781979133858266
0
LINE
8
BLACK
6
CONTINUOUS
10
7.0232388188976378
20
-3.8781979133858266
11
7.0232948031496063
21
-3.8781089763779528
0
LINE
8
BLACK
6
CONTINUOUS
10
7.0232948031496063
20
-3.8781089763779528
11
7.0233537795275591
21
-3.8780577952755904
0
LINE
8
BLACK
6
CONTINUOUS
10
7.0233537795275591
20
-3.8780577952755904
11
7.0235395669291334
21
-3.8778314566929133
0
LINE
8
BLACK
6
CONTINUOUS
10
7.0235395669291334
20
-3.8778314566929133
11
7.0254143307086609
21
-3.8759566929133857
0
LINE
8
BLACK
6
CONTINUOUS
10
7.0254143307086609
20
-3.8759566929133857
11
7.025640669291338
21
-3.875770905511811
0
LINE
8
BLACK
6
CONTINUOUS
10
7.025640669291338
20
-3.875770905511811
11
7.0256918503937005
21
-3.8757119291338582
0
LINE
8
BLACK
6
CONTINUOUS
10
7.0256918503937005
20
-3.8757119291338582
11
7.0257807874015743
21
-3.8756559448818897
0
LINE
8
BLACK
6
CONTINUOUS
10
7.0257807874015743
20
-3.8756559448818897
11
7.0258617716535428
21
-3.8755894881889761
0
LINE
8
BLACK
6
CONTINUOUS
10
7.0258617716535428
20
-3.8755894881889761
11
7.0259337007874016
21
-3.8755596456692913
0
LINE
8
BLACK
6
CONTINUOUS
10
7.0259337007874016
20
-3.8755596456692913
11
7.0261817322834643
21
-3.8754035826771651
0
LINE
8
BLACK
6
CONTINUOUS
10
7.0261817322834643
20
-3.8754035826771651
11
7.0299312598425194
21
-3.8735288188976376
0
LINE
8
BLACK
6
CONTINUOUS
10
7.0299312598425194
20
-3.8735288188976376
11
7.0299733464566927
21
-3.8735126771653543
0
LINE
8
BLACK
6
CONTINUOUS
10
7.0299733464566927
20
-3.8735126771653543
11
7.0299905118110235
21
-3.8734999999999999
0
LINE
8
BLACK
6
CONTINUOUS
10
7.0299905118110235
20
-3.8734999999999999
11
7.0302320866141734
21
-3.8734136614173229
0
LINE
8
BLACK
6
CONTINUOUS
10
7.0302320866141734
20
-3.8734136614173229
11
7.0304718503937007
21
-3.8733219291338581
0
LINE
8
BLACK
6
CONTINUOUS
10
7.0304718503937007
20
-3.8733219291338581
11
7.03049311023622
21
-3.8733203937007872
0
LINE
8
BLACK
6
CONTINUOUS
10
7.03049311023622
20
-3.8733203937007872
11
7.0305356299212596
21
-3.8733052362204723
0
LINE
8
BLACK
6
CONTINUOUS
10
7.0305356299212596
20
-3.8733052362204723
11
7.0380346850393698
21
-3.8714304724409447
0
LINE
8
BLACK
6
CONTINUOUS
10
7.0380346850393698
20
-3.8714304724409447
11
7.0381345275590546
21
-3.8714156692913386
0
LINE
8
BLACK
6
CONTINUOUS
10
7.0381345275590546
20
-3.8714156692913386
11
7.0381747637795273
21
-3.8713990551181103
0
LINE
8
BLACK
6
CONTINUOUS
10
7.0381747637795273
20
-3.8713990551181103
11
7.0383917716535436
21
-3.8713776771653543
0
LINE
8
BLACK
6
CONTINUOUS
10
7.0383917716535436
20
-3.8713776771653543
11
7.0386072834645672
21
-3.8713458267716536
0
LINE
8
BLACK
6
CONTINUOUS
10
7.0386072834645672
20
-3.8713458267716536
11
7.0386502755905509
21
-3.8713522047244093
0
LINE
8
BLACK
6
CONTINUOUS
10
7.0386502755905509
20
-3.8713522047244093
11
7.0387508267716532
21
-3.8713423228346455
0
LINE
8
BLACK
6
CONTINUOUS
10
7.0387508267716532
20
-3.8713423228346455
11
7.048124645669291
21
-3.8713423228346455
0
LINE
8
BLACK
6
CONTINUOUS
10
7.048124645669291
20
-3.8713423228346455
11
7.0482251574803145
21
-3.8713522047244093
0
LINE
8
BLACK
6
CONTINUOUS
10
7.0322823228346456
20
-3.8789558267716533
11
7.0292513385826769
21
-3.880471338582677
0
LINE
8
BLACK
6
CONTINUOUS
10
7.0292513385826769
20
-3.880471338582677
11
7.0280542125984251
21
-3.8816684645669293
0
LINE
8
BLACK
6
CONTINUOUS
10
7.0280542125984251
20
-3.8816684645669293
11
7.0267054724409448
21
-3.8843659448818895
0
LINE
8
BLACK
6
CONTINUOUS
10
7.0267054724409448
20
-3.8843659448818895
11
7.0267054724409448
21
-3.8867213779527559
0
LINE
8
BLACK
6
CONTINUOUS
10
7.0267054724409448
20
-3.8867213779527559
11
7.0280542125984251
21
-3.8894188582677165
0
LINE
8
BLACK
6
CONTINUOUS
10
7.0280542125984251
20
-3.8894188582677165
11
7.0292513385826769
21
-3.8906159842519683
0
LINE
8
BLACK
6
CONTINUOUS
10
7.0292513385826769
20
-3.8906159842519683
11
7.0322823228346456
21
-3.8921314566929133
0
LINE
8
BLACK
6
CONTINUOUS
10
7.0322823228346456
20
-3.8921314566929133
11
7.0391143700787397
21
-3.8938394881889762
0
LINE
8
BLACK
6
CONTINUOUS
10
7.0391143700787397
20
-3.8938394881889762
11
7.0477611023622044
21
-3.8938394881889762
0
LINE
8
BLACK
6
CONTINUOUS
10
7.0477611023622044
20
-3.8938394881889762
11
7.0545931496062995
21
-3.8921314566929133
0
LINE
8
BLACK
6
CONTINUOUS
10
7.0545931496062995
20
-3.8921314566929133
11
7.0576241338582673
21
-3.8906159448818896
0
LINE
8
BLACK
6
CONTINUOUS
10
7.0576241338582673
20
-3.8906159448818896
11
7.0588212992125978
21
-3.8894188188976377
0
LINE
8
BLACK
6
CONTINUOUS
10
7.0588212992125978
20
-3.8894188188976377
11
7.0601700393700781
21
-3.8867213779527559
0
LINE
8
BLACK
6
CONTINUOUS
10
7.0601700393700781
20
-3.8867213779527559
11
7.0601700393700781
21
-3.8843659448818895
0
LINE
8
BLACK
6
CONTINUOUS
10
7.0601700393700781
20
-3.8843659448818895
11
7.0588212992125978
21
-3.8816684645669293
0
LINE
8
BLACK
6
CONTINUOUS
10
7.0588212992125978
20
-3.8816684645669293
11
7.0576241338582673
21
-3.880471338582677
0
LINE
8
BLACK
6
CONTINUOUS
10
7.0576241338582673
20
-3.880471338582677
11
7.0545931496062995
21
-3.8789558267716533
0
LINE
8
BLACK
6
CONTINUOUS
10
7.0545931496062995
20
-3.8789558267716533
11
7.0477611023622044
21
-3.8772478346456691
0
LINE
8
BLACK
6
CONTINUOUS
10
7.0477611023622044
20
-3.8772478346456691
11
7.0391143700787397
21
-3.8772478346456691
0
LINE
8
BLACK
6
CONTINUOUS
10
7.0391143700787397
20
-3.8772478346456691
11
7.0322823228346456
21
-3.8789558267716533
0
LINE
8
BLACK
6
CONTINUOUS
10
4.6143287795275594
20
-3.7907840944881888
11
4.6153931889763777
21
-3.7912249999999998
0
LINE
8
BLACK
6
CONTINUOUS
10
4.6153931889763777
20
-3.7912249999999998
11
4.6162078346456692
21
-3.7920396456692913
0
LINE
8
BLACK
6
CONTINUOUS
10
4.6162078346456692
20
-3.7920396456692913
11
4.6166487401574798
21
-3.7931040551181101
0
LINE
8
BLACK
6
CONTINUOUS
10
4.6166487401574798
20
-3.7931040551181101
11
4.6166487401574798
21
-3.7942561811023623
0
LINE
8
BLACK
6
CONTINUOUS
10
4.6166487401574798
20
-3.7942561811023623
11
4.6162078346456692
21
-3.7953205905511811
0
LINE
8
BLACK
6
CONTINUOUS
10
4.6162078346456692
20
-3.7953205905511811
11
4.6153931889763777
21
-3.7961352362204726
0
LINE
8
BLACK
6
CONTINUOUS
10
4.6153931889763777
20
-3.7961352362204726
11
4.6143287795275594
21
-3.7965761417322832
0
LINE
8
BLACK
6
CONTINUOUS
10
4.6143287795275594
20
-3.7965761417322832
11
4.6137527165354326
21
-3.796632874015748
0
LINE
8
BLACK
6
CONTINUOUS
10
4.6137527165354326
20
-3.796632874015748
11
4.5938273228346453
21
-3.796632874015748
0
LINE
8
BLACK
6
CONTINUOUS
10
4.5938273228346453
20
-3.796632874015748
11
4.5915815748031497
21
-3.7977557086614171
0
LINE
8
BLACK
6
CONTINUOUS
10
4.5915815748031497
20
-3.7977557086614171
11
4.5904587401574801
21
-3.8000014566929132
0
LINE
8
BLACK
6
CONTINUOUS
10
4.5904587401574801
20
-3.8000014566929132
11
4.5904587401574801
21
-3.8042316929133859
0
LINE
8
BLACK
6
CONTINUOUS
10
4.5904587401574801
20
-3.8042316929133859
11
4.5915815748031497
21
-3.8064774015748029
0
LINE
8
BLACK
6
CONTINUOUS
10
4.5915815748031497
20
-3.8064774015748029
11
4.5938273228346453
21
-3.8076002755905511
0
LINE
8
BLACK
6
CONTINUOUS
10
4.5938273228346453
20
-3.8076002755905511
11
4.6137527165354326
21
-3.8076002755905511
0
LINE
8
BLACK
6
CONTINUOUS
10
4.6137527165354326
20
-3.8076002755905511
11
4.6143287795275594
21
-3.8076570078740155
0
LINE
8
BLACK
6
CONTINUOUS
10
4.6143287795275594
20
-3.8076570078740155
11
4.6153931889763777
21
-3.8080979133858266
0
LINE
8
BLACK
6
CONTINUOUS
10
4.6153931889763777
20
-3.8080979133858266
11
4.6162078346456692
21
-3.8089125590551181
0
LINE
8
BLACK
6
CONTINUOUS
10
4.6162078346456692
20
-3.8089125590551181
11
4.6166487401574798
21
-3.8099769685039369
0
LINE
8
BLACK
6
CONTINUOUS
10
4.6166487401574798
20
-3.8099769685039369
11
4.6166487401574798
21
-3.811129094488189
0
LINE
8
BLACK
6
CONTINUOUS
10
4.6166487401574798
20
-3.811129094488189
11
4.6162078346456692
21
-3.8121935039370078
0
LINE
8
BLACK
6
CONTINUOUS
10
4.6162078346456692
20
-3.8121935039370078
11
4.6153931889763777
21
-3.8130081496062993
0
LINE
8
BLACK
6
CONTINUOUS
10
4.6153931889763777
20
-3.8130081496062993
11
4.6143287795275594
21
-3.8134490551181099
0
LINE
8
BLACK
6
CONTINUOUS
10
4.6143287795275594
20
-3.8134490551181099
11
4.6137527165354326
21
-3.8135057874015748
0
LINE
8
BLACK
6
CONTINUOUS
10
4.6137527165354326
20
-3.8135057874015748
11
4.5938273228346453
21
-3.8135057874015748
0
LINE
8
BLACK
6
CONTINUOUS
10
4.5938273228346453
20
-3.8135057874015748
11
4.5915815748031497
21
-3.8146286220472438
0
LINE
8
BLACK
6
CONTINUOUS
10
4.5915815748031497
20
-3.8146286220472438
11
4.5904587401574801
21
-3.81687437007874
0
LINE
8
BLACK
6
CONTINUOUS
10
4.5904587401574801
20
-3.81687437007874
11
4.5904587401574801
21
-3.8211045669291339
0
LINE
8
BLACK
6
CONTINUOUS
10
4.5904587401574801
20
-3.8211045669291339
11
4.5918074803149604
21
-3.8238020472440946
0
LINE
8
BLACK
6
CONTINUOUS
10
4.5918074803149604
20
-3.8238020472440946
11
4.592478582677165
21
-3.8244731496062991
0
LINE
8
BLACK
6
CONTINUOUS
10
4.592478582677165
20
-3.8244731496062991
11
4.6137527165354326
21
-3.8244731496062991
0
LINE
8
BLACK
6
CONTINUOUS
10
4.6137527165354326
20
-3.8244731496062991
11
4.6143287795275594
21
-3.8245298818897635
0
LINE
8
BLACK
6
CONTINUOUS
10
4.6143287795275594
20
-3.8245298818897635
11
4.6153931889763777
21
-3.8249707874015746
0
LINE
8
BLACK
6
CONTINUOUS
10
4.6153931889763777
20
-3.8249707874015746
11
4.6162078346456692
21
-3.825785433070866
0
LINE
8
BLACK
6
CONTINUOUS
10
4.6162078346456692
20
-3.825785433070866
11
4.6166487401574798
21
-3.8268498425196849
0
LINE
8
BLACK
6
CONTINUOUS
10
4.6166487401574798
20
-3.8268498425196849
11
4.6166487401574798
21
-3.828001968503937
0
LINE
8
BLACK
6
CONTINUOUS
10
4.6166487401574798
20
-3.828001968503937
11
4.6162078346456692
21
-3.8290663779527558
0
LINE
8
BLACK
6
CONTINUOUS
10
4.6162078346456692
20
-3.8290663779527558
11
4.6153931889763777
21
-3.8298810236220473
0
LINE
8
BLACK
6
CONTINUOUS
10
4.6153931889763777
20
-3.8298810236220473
11
4.6143287795275594
21
-3.8303219291338584
0
LINE
8
BLACK
6
CONTINUOUS
10
4.6143287795275594
20
-3.8303219291338584
11
4.6137527165354326
21
-3.8303786614173227
0
LINE
8
BLACK
6
CONTINUOUS
10
4.6137527165354326
20
-3.8303786614173227
11
4.5875059842519681
21
-3.8303786614173227
0
LINE
8
BLACK
6
CONTINUOUS
10
4.5875059842519681
20
-3.8303786614173227
11
4.5869299212598422
21
-3.8303219291338584
0
LINE
8
BLACK
6
CONTINUOUS
10
4.5869299212598422
20
-3.8303219291338584
11
4.5858655118110239
21
-3.8298810236220473
0
LINE
8
BLACK
6
CONTINUOUS
10
4.5858655118110239
20
-3.8298810236220473
11
4.5850508661417324
21
-3.8290663779527558
0
LINE
8
BLACK
6
CONTINUOUS
10
4.5850508661417324
20
-3.8290663779527558
11
4.5846099606299209
21
-3.828001968503937
0
LINE
8
BLACK
6
CONTINUOUS
10
4.5846099606299209
20
-3.828001968503937
11
4.5846099606299209
21
-3.8268498425196849
0
LINE
8
BLACK
6
CONTINUOUS
10
4.5846099606299209
20
-3.8268498425196849
11
4.5850508661417324
21
-3.825785433070866
0
LINE
8
BLACK
6
CONTINUOUS
10
4.5850508661417324
20
-3.825785433070866
11
4.5858146850393702
21
-3.8250215748031495
0
LINE
8
BLACK
6
CONTINUOUS
10
4.5858146850393702
20
-3.8250215748031495
11
4.584864960629921
21
-3.8231221259842521
0
LINE
8
BLACK
6
CONTINUOUS
10
4.584864960629921
20
-3.8231221259842521
11
4.5846580708661415
21
-3.822581496062992
0
LINE
8
BLACK
6
CONTINUOUS
10
4.5846580708661415
20
-3.822581496062992
11
4.5846505511811024
21
-3.8224756692913386
0
LINE
8
BLACK
6
CONTINUOUS
10
4.5846505511811024
20
-3.8224756692913386
11
4.5846099606299209
21
-3.8223776771653544
0
LINE
8
BLACK
6
CONTINUOUS
10
4.5846099606299209
20
-3.8223776771653544
11
4.584553228346457
21
-3.8218016141732281
0
LINE
8
BLACK
6
CONTINUOUS
10
4.584553228346457
20
-3.8218016141732281
11
4.584553228346457
21
-3.8161773228346454
0
LINE
8
BLACK
6
CONTINUOUS
10
4.584553228346457
20
-3.8161773228346454
11
4.5846099606299209
21
-3.8156012598425195
0
LINE
8
BLACK
6
CONTINUOUS
10
4.5846099606299209
20
-3.8156012598425195
11
4.5846505511811024
21
-3.8155032283464565
0
LINE
8
BLACK
6
CONTINUOUS
10
4.5846505511811024
20
-3.8155032283464565
11
4.5846580708661415
21
-3.8153974409448819
0
LINE
8
BLACK
6
CONTINUOUS
10
4.5846580708661415
20
-3.8153974409448819
11
4.584864960629921
21
-3.8148568110236218
0
LINE
8
BLACK
6
CONTINUOUS
10
4.584864960629921
20
-3.8148568110236218
11
4.5867397244094485
21
-3.8111072834645667
0
LINE
8
BLACK
6
CONTINUOUS
10
4.5867397244094485
20
-3.8111072834645667
11
4.586800354330709
21
-3.8110109055118109
0
LINE
8
BLACK
6
CONTINUOUS
10
4.586800354330709
20
-3.8110109055118109
11
4.5868155118110234
21
-3.8109655118110237
0
LINE
8
BLACK
6
CONTINUOUS
10
4.5868155118110234
20
-3.8109655118110237
11
4.5868645275590554
21
-3.8109089370078739
0
LINE
8
BLACK
6
CONTINUOUS
10
4.5868645275590554
20
-3.8109089370078739
11
4.5870480708661416
21
-3.8106174015748029
0
LINE
8
BLACK
6
CONTINUOUS
10
4.5870480708661416
20
-3.8106174015748029
11
4.5871222834645664
21
-3.8105530314960627
0
LINE
8
BLACK
6
CONTINUOUS
10
4.5871222834645664
20
-3.8105530314960627
11
4.5870480708661416
21
-3.8104886614173226
0
LINE
8
BLACK
6
CONTINUOUS
10
4.5870480708661416
20
-3.8104886614173226
11
4.5868645275590554
21
-3.8101970866141732
0
LINE
8
BLACK
6
CONTINUOUS
10
4.5868645275590554
20
-3.8101970866141732
11
4.5868155118110234
21
-3.8101405511811022
0
LINE
8
BLACK
6
CONTINUOUS
10
4.5868155118110234
20
-3.8101405511811022
11
4.586800354330709
21
-3.8100951181102363
0
LINE
8
BLACK
6
CONTINUOUS
10
4.586800354330709
20
-3.8100951181102363
11
4.5867397244094485
21
-3.8099987795275592
0
LINE
8
BLACK
6
CONTINUOUS
10
4.5867397244094485
20
-3.8099987795275592
11
4.584864960629921
21
-3.8062492519685041
0
LINE
8
BLACK
6
CONTINUOUS
10
4.584864960629921
20
-3.8062492519685041
11
4.5846580708661415
21
-3.805708622047244
0
LINE
8
BLACK
6
CONTINUOUS
10
4.5846580708661415
20
-3.805708622047244
11
4.5846505511811024
21
-3.8056027952755906
0
LINE
8
BLACK
6
CONTINUOUS
10
4.5846505511811024
20
-3.8056027952755906
11
4.5846099606299209
21
-3.8055048031496064
0
LINE
8
BLACK
6
CONTINUOUS
10
4.5846099606299209
20
-3.8055048031496064
11
4.584553228346457
21
-3.8049287401574801
0
LINE
8
BLACK
6
CONTINUOUS
10
4.584553228346457
20
-3.8049287401574801
11
4.584553228346457
21
-3.7993044488188974
0
LINE
8
BLACK
6
CONTINUOUS
10
4.584553228346457
20
-3.7993044488188974
11
4.5846099606299209
21
-3.7987283858267715
0
LINE
8
BLACK
6
CONTINUOUS
10
4.5846099606299209
20
-3.7987283858267715
11
4.5846505511811024
21
-3.7986303543307085
0
LINE
8
BLACK
6
CONTINUOUS
10
4.5846505511811024
20
-3.7986303543307085
11
4.5846580708661415
21
-3.7985245669291339
0
LINE
8
BLACK
6
CONTINUOUS
10
4.5846580708661415
20
-3.7985245669291339
11
4.584864960629921
21
-3.7979839370078738
0
LINE
8
BLACK
6
CONTINUOUS
10
4.584864960629921
20
-3.7979839370078738
11
4.5867397244094485
21
-3.79423437007874
0
LINE
8
BLACK
6
CONTINUOUS
10
4.5867397244094485
20
-3.79423437007874
11
4.586800354330709
21
-3.7941380314960629
0
LINE
8
BLACK
6
CONTINUOUS
10
4.586800354330709
20
-3.7941380314960629
11
4.5868155118110234
21
-3.794092598425197
0
LINE
8
BLACK
6
CONTINUOUS
10
4.5868155118110234
20
-3.794092598425197
11
4.5868645669291341
21
-3.7940359842519684
0
LINE
8
BLACK
6
CONTINUOUS
10
4.5868645669291341
20
-3.7940359842519684
11
4.5870480708661416
21
-3.7937445275590549
0
LINE
8
BLACK
6
CONTINUOUS
10
4.5870480708661416
20
-3.7937445275590549
11
4.5873276771653542
21
-3.7935020078740158
0
LINE
8
BLACK
6
CONTINUOUS
10
4.5873276771653542
20
-3.7935020078740158
11
4.5875703543307083
21
-3.7932222047244095
0
LINE
8
BLACK
6
CONTINUOUS
10
4.5875703543307083
20
-3.7932222047244095
11
4.5878618897637793
21
-3.7930386614173228
0
LINE
8
BLACK
6
CONTINUOUS
10
4.5878618897637793
20
-3.7930386614173228
11
4.5879184645669291
21
-3.7929896456692913
0
LINE
8
BLACK
6
CONTINUOUS
10
4.5879184645669291
20
-3.7929896456692913
11
4.5879638582677167
21
-3.7929744881889764
0
LINE
8
BLACK
6
CONTINUOUS
10
4.5879638582677167
20
-3.7929744881889764
11
4.5880602362204721
21
-3.7929138582677164
0
LINE
8
BLACK
6
CONTINUOUS
10
4.5880602362204721
20
-3.7929138582677164
11
4.5918097637795272
21
-3.7910390944881889
0
LINE
8
BLACK
6
CONTINUOUS
10
4.5918097637795272
20
-3.7910390944881889
11
4.5923503543307085
21
-3.7908322047244094
0
LINE
8
BLACK
6
CONTINUOUS
10
4.5923503543307085
20
-3.7908322047244094
11
4.5924562204724406
21
-3.7908246456692911
0
LINE
8
BLACK
6
CONTINUOUS
10
4.5924562204724406
20
-3.7908246456692911
11
4.5925542125984249
21
-3.7907840944881888
0
LINE
8
BLACK
6
CONTINUOUS
10
4.5925542125984249
20
-3.7907840944881888
11
4.5931302755905508
21
-3.7907273622047244
0
LINE
8
BLACK
6
CONTINUOUS
10
4.5931302755905508
20
-3.7907273622047244
11
4.6137527165354326
21
-3.7907273622047244
0
LINE
8
BLACK
6
CONTINUOUS
10
4.6137527165354326
20
-3.7907273622047244
11
4.6143287795275594
21
-3.7907840944881888
0
LINE
8
BLACK
6
CONTINUOUS
10
6.8782972834645664
20
-3.7907840944881888
11
6.8793616929133856
21
-3.7912249999999998
0
LINE
8
BLACK
6
CONTINUOUS
10
6.8793616929133856
20
-3.7912249999999998
11
6.8801763385826771
21
-3.7920396456692913
0
LINE
8
BLACK
6
CONTINUOUS
10
6.8801763385826771
20
-3.7920396456692913
11
6.8806172440944877
21
-3.7931040551181101
0
LINE
8
BLACK
6
CONTINUOUS
10
6.8806172440944877
20
-3.7931040551181101
11
6.8806172440944877
21
-3.7942561811023623
0
LINE
8
BLACK
6
CONTINUOUS
10
6.8806172440944877
20
-3.7942561811023623
11
6.8801763385826771
21
-3.7953205905511811
0
LINE
8
BLACK
6
CONTINUOUS
10
6.8801763385826771
20
-3.7953205905511811
11
6.8793616929133856
21
-3.7961352362204726
0
LINE
8
BLACK
6
CONTINUOUS
10
6.8793616929133856
20
-3.7961352362204726
11
6.8782972834645664
21
-3.7965761417322832
0
LINE
8
BLACK
6
CONTINUOUS
10
6.8782972834645664
20
-3.7965761417322832
11
6.8777212204724405
21
-3.796632874015748
0
LINE
8
BLACK
6
CONTINUOUS
10
6.8777212204724405
20
-3.796632874015748
11
6.8577958267716532
21
-3.796632874015748
0
LINE
8
BLACK
6
CONTINUOUS
10
6.8577958267716532
20
-3.796632874015748
11
6.8555500787401575
21
-3.7977557086614171
0
LINE
8
BLACK
6
CONTINUOUS
10
6.8555500787401575
20
-3.7977557086614171
11
6.854427244094488
21
-3.8000014566929132
0
LINE
8
BLACK
6
CONTINUOUS
10
6.854427244094488
20
-3.8000014566929132
11
6.854427244094488
21
-3.8042316929133859
0
LINE
8
BLACK
6
CONTINUOUS
10
6.854427244094488
20
-3.8042316929133859
11
6.8555500787401575
21
-3.8064774015748029
0
LINE
8
BLACK
6
CONTINUOUS
10
6.8555500787401575
20
-3.8064774015748029
11
6.8577958267716532
21
-3.8076002755905511
0
LINE
8
BLACK
6
CONTINUOUS
10
6.8577958267716532
20
-3.8076002755905511
11
6.8777212204724405
21
-3.8076002755905511
0
LINE
8
BLACK
6
CONTINUOUS
10
6.8777212204724405
20
-3.8076002755905511
11
6.8782972834645664
21
-3.8076570078740155
0
LINE
8
BLACK
6
CONTINUOUS
10
6.8782972834645664
20
-3.8076570078740155
11
6.8793616929133856
21
-3.8080979133858266
0
LINE
8
BLACK
6
CONTINUOUS
10
6.8793616929133856
20
-3.8080979133858266
11
6.8801763385826771
21
-3.8089125590551181
0
LINE
8
BLACK
6
CONTINUOUS
10
6.8801763385826771
20
-3.8089125590551181
11
6.8806172440944877
21
-3.8099769685039369
0
LINE
8
BLACK
6
CONTINUOUS
10
6.8806172440944877
20
-3.8099769685039369
11
6.8806172440944877
21
-3.811129094488189
0
LINE
8
BLACK
6
CONTINUOUS
10
6.8806172440944877
20
-3.811129094488189
11
6.8801763385826771
21
-3.8121935039370078
0
LINE
8
BLACK
6
CONTINUOUS
10
6.8801763385826771
20
-3.8121935039370078
11
6.8793616929133856
21
-3.8130081496062993
0
LINE
8
BLACK
6
CONTINUOUS
10
6.8793616929133856
20
-3.8130081496062993
11
6.8782972834645664
21
-3.8134490551181099
0
LINE
8
BLACK
6
CONTINUOUS
10
6.8782972834645664
20
-3.8134490551181099
11
6.8777212204724405
21
-3.8135057874015748
0
LINE
8
BLACK
6
CONTINUOUS
10
6.8777212204724405
20
-3.8135057874015748
11
6.8577958267716532
21
-3.8135057874015748
0
LINE
8
BLACK
6
CONTINUOUS
10
6.8577958267716532
20
-3.8135057874015748
11
6.8555500787401575
21
-3.8146286220472438
0
LINE
8
BLACK
6
CONTINUOUS
10
6.8555500787401575
20
-3.8146286220472438
11
6.854427244094488
21
-3.81687437007874
0
LINE
8
BLACK
6
CONTINUOUS
10
6.854427244094488
20
-3.81687437007874
11
6.854427244094488
21
-3.8211045669291339
0
LINE
8
BLACK
6
CONTINUOUS
10
6.854427244094488
20
-3.8211045669291339
11
6.8557759842519683
21
-3.8238020472440946
0
LINE
8
BLACK
6
CONTINUOUS
10
6.8557759842519683
20
-3.8238020472440946
11
6.8564470866141729
21
-3.8244731496062991
0
LINE
8
BLACK
6
CONTINUOUS
10
6.8564470866141729
20
-3.8244731496062991
11
6.8777212204724405
21
-3.8244731496062991
0
LINE
8
BLACK
6
CONTINUOUS
10
6.8777212204724405
20
-3.8244731496062991
11
6.8782972834645664
21
-3.8245298818897635
0
LINE
8
BLACK
6
CONTINUOUS
10
6.8782972834645664
20
-3.8245298818897635
11
6.8793616929133856
21
-3.8249707874015746
0
LINE
8
BLACK
6
CONTINUOUS
10
6.8793616929133856
20
-3.8249707874015746
11
6.8801763385826771
21
-3.825785433070866
0
LINE
8
BLACK
6
CONTINUOUS
10
6.8801763385826771
20
-3.825785433070866
11
6.8806172440944877
21
-3.8268498425196849
0
LINE
8
BLACK
6
CONTINUOUS
10
6.8806172440944877
20
-3.8268498425196849
11
6.8806172440944877
21
-3.828001968503937
0
LINE
8
BLACK
6
CONTINUOUS
10
6.8806172440944877
20
-3.828001968503937
11
6.8801763385826771
21
-3.8290663779527558
0
LINE
8
BLACK
6
CONTINUOUS
10
6.8801763385826771
20
-3.8290663779527558
11
6.8793616929133856
21
-3.8298810236220473
0
LINE
8
BLACK
6
CONTINUOUS
10
6.8793616929133856
20
-3.8298810236220473
11
6.8782972834645664
21
-3.8303219291338584
0
LINE
8
BLACK
6
CONTINUOUS
10
6.8782972834645664
20
-3.8303219291338584
11
6.8777212204724405
21
-3.8303786614173227
0
LINE
8
BLACK
6
CONTINUOUS
10
6.8777212204724405
20
-3.8303786614173227
11
6.851474488188976
21
-3.8303786614173227
0
LINE
8
BLACK
6
CONTINUOUS
10
6.851474488188976
20
-3.8303786614173227
11
6.8508984251968501
21
-3.8303219291338584
0
LINE
8
BLACK
6
CONTINUOUS
10
6.8508984251968501
20
-3.8303219291338584
11
6.8498340157480317
21
-3.8298810236220473
0
LINE
8
BLACK
6
CONTINUOUS
10
6.8498340157480317
20
-3.8298810236220473
11
6.8490193700787403
21
-3.8290663779527558
0
LINE
8
BLACK
6
CONTINUOUS
10
6.8490193700787403
20
-3.8290663779527558
11
6.8485784645669288
21
-3.828001968503937
0
LINE
8
BLACK
6
CONTINUOUS
10
6.8485784645669288
20
-3.828001968503937
11
6.8485784645669288
21
-3.8268498425196849
0
LINE
8
BLACK
6
CONTINUOUS
10
6.8485784645669288
20
-3.8268498425196849
11
6.8490193700787403
21
-3.825785433070866
0
LINE
8
BLACK
6
CONTINUOUS
10
6.8490193700787403
20
-3.825785433070866
11
6.8497831889763781
21
-3.8250215748031495
0
LINE
8
BLACK
6
CONTINUOUS
10
6.8497831889763781
20
-3.8250215748031495
11
6.8488334645669289
21
-3.8231221259842521
0
LINE
8
BLACK
6
CONTINUOUS
10
6.8488334645669289
20
-3.8231221259842521
11
6.8486265748031494
21
-3.822581496062992
0
LINE
8
BLACK
6
CONTINUOUS
10
6.8486265748031494
20
-3.822581496062992
11
6.8486190551181103
21
-3.8224756692913386
0
LINE
8
BLACK
6
CONTINUOUS
10
6.8486190551181103
20
-3.8224756692913386
11
6.8485784645669288
21
-3.8223776771653544
0
LINE
8
BLACK
6
CONTINUOUS
10
6.8485784645669288
20
-3.8223776771653544
11
6.8485217322834648
21
-3.8218016141732281
0
LINE
8
BLACK
6
CONTINUOUS
10
6.8485217322834648
20
-3.8218016141732281
11
6.8485217322834648
21
-3.8161773228346454
0
LINE
8
BLACK
6
CONTINUOUS
10
6.8485217322834648
20
-3.8161773228346454
11
6.8485784645669288
21
-3.8156012598425195
0
LINE
8
BLACK
6
CONTINUOUS
10
6.8485784645669288
20
-3.8156012598425195
11
6.8486190551181103
21
-3.8155032283464565
0
LINE
8
BLACK
6
CONTINUOUS
10
6.8486190551181103
20
-3.8155032283464565
11
6.8486265748031494
21
-3.8153974409448819
0
LINE
8
BLACK
6
CONTINUOUS
10
6.8486265748031494
20
-3.8153974409448819
11
6.8488334645669289
21
-3.8148568110236218
0
LINE
8
BLACK
6
CONTINUOUS
10
6.8488334645669289
20
-3.8148568110236218
11
6.8507082283464564
21
-3.8111072834645667
0
LINE
8
BLACK
6
CONTINUOUS
10
6.8507082283464564
20
-3.8111072834645667
11
6.850768858267716
21
-3.8110109055118109
0
LINE
8
BLACK
6
CONTINUOUS
10
6.850768858267716
20
-3.8110109055118109
11
6.8507840157480313
21
-3.8109655118110237
0
LINE
8
BLACK
6
CONTINUOUS
10
6.8507840157480313
20
-3.8109655118110237
11
6.8508330314960633
21
-3.8109089370078739
0
LINE
8
BLACK
6
CONTINUOUS
10
6.8508330314960633
20
-3.8109089370078739
11
6.8510165748031495
21
-3.8106174015748029
0
LINE
8
BLACK
6
CONTINUOUS
10
6.8510165748031495
20
-3.8106174015748029
11
6.8510907874015743
21
-3.8105530314960627
0
LINE
8
BLACK
6
CONTINUOUS
10
6.8510907874015743
20
-3.8105530314960627
11
6.8510165748031495
21
-3.8104886614173226
0
LINE
8
BLACK
6
CONTINUOUS
10
6.8510165748031495
20
-3.8104886614173226
11
6.8508330314960633
21
-3.8101970866141732
0
LINE
8
BLACK
6
CONTINUOUS
10
6.8508330314960633
20
-3.8101970866141732
11
6.8507840157480313
21
-3.8101405511811022
0
LINE
8
BLACK
6
CONTINUOUS
10
6.8507840157480313
20
-3.8101405511811022
11
6.850768858267716
21
-3.8100951181102363
0
LINE
8
BLACK
6
CONTINUOUS
10
6.850768858267716
20
-3.8100951181102363
11
6.8507082283464564
21
-3.8099987795275592
0
LINE
8
BLACK
6
CONTINUOUS
10
6.8507082283464564
20
-3.8099987795275592
11
6.8488334645669289
21
-3.8062492519685041
0
LINE
8
BLACK
6
CONTINUOUS
10
6.8488334645669289
20
-3.8062492519685041
11
6.8486265748031494
21
-3.805708622047244
0
LINE
8
BLACK
6
CONTINUOUS
10
6.8486265748031494
20
-3.805708622047244
11
6.8486190551181103
21
-3.8056027952755906
0
LINE
8
BLACK
6
CONTINUOUS
10
6.8486190551181103
20
-3.8056027952755906
11
6.8485784645669288
21
-3.8055048031496064
0
LINE
8
BLACK
6
CONTINUOUS
10
6.8485784645669288
20
-3.8055048031496064
11
6.8485217322834648
21
-3.8049287401574801
0
LINE
8
BLACK
6
CONTINUOUS
10
6.8485217322834648
20
-3.8049287401574801
11
6.8485217322834648
21
-3.7993044488188974
0
LINE
8
BLACK
6
CONTINUOUS
10
6.8485217322834648
20
-3.7993044488188974
11
6.8485784645669288
21
-3.7987283858267715
0
LINE
8
BLACK
6
CONTINUOUS
10
6.8485784645669288
20
-3.7987283858267715
11
6.8486190551181103
21
-3.7986303543307085
0
LINE
8
BLACK
6
CONTINUOUS
10
6.8486190551181103
20
-3.7986303543307085
11
6.8486265748031494
21
-3.7985245669291339
0
LINE
8
BLACK
6
CONTINUOUS
10
6.8486265748031494
20
-3.7985245669291339
11
6.8488334645669289
21
-3.7979839370078738
0
LINE
8
BLACK
6
CONTINUOUS
10
6.8488334645669289
20
-3.7979839370078738
11
6.8507082283464564
21
-3.79423437007874
0
LINE
8
BLACK
6
CONTINUOUS
10
6.8507082283464564
20
-3.79423437007874
11
6.850768858267716
21
-3.7941380314960629
0
LINE
8
BLACK
6
CONTINUOUS
10
6.850768858267716
20
-3.7941380314960629
11
6.8507840157480313
21
-3.794092598425197
0
LINE
8
BLACK
6
CONTINUOUS
10
6.8507840157480313
20
-3.794092598425197
11
6.850833070866142
21
-3.7940359842519684
0
LINE
8
BLACK
6
CONTINUOUS
10
6.850833070866142
20
-3.7940359842519684
11
6.8510165748031495
21
-3.7937445275590549
0
LINE
8
BLACK
6
CONTINUOUS
10
6.8510165748031495
20
-3.7937445275590549
11
6.851296181102362
21
-3.7935020078740158
0
LINE
8
BLACK
6
CONTINUOUS
10
6.851296181102362
20
-3.7935020078740158
11
6.8515388582677161
21
-3.7932222047244095
0
LINE
8
BLACK
6
CONTINUOUS
10
6.8515388582677161
20
-3.7932222047244095
11
6.8518303937007872
21
-3.7930386614173228
0
LINE
8
BLACK
6
CONTINUOUS
10
6.8518303937007872
20
-3.7930386614173228
11
6.851886968503937
21
-3.7929896456692913
0
LINE
8
BLACK
6
CONTINUOUS
10
6.851886968503937
20
-3.7929896456692913
11
6.8519323622047246
21
-3.7929744881889764
0
LINE
8
BLACK
6
CONTINUOUS
10
6.8519323622047246
20
-3.7929744881889764
11
6.85202874015748
21
-3.7929138582677164
0
LINE
8
BLACK
6
CONTINUOUS
10
6.85202874015748
20
-3.7929138582677164
11
6.8557782677165351
21
-3.7910390944881889
0
LINE
8
BLACK
6
CONTINUOUS
10
6.8557782677165351
20
-3.7910390944881889
11
6.8563188582677164
21
-3.7908322047244094
0
LINE
8
BLACK
6
CONTINUOUS
10
6.8563188582677164
20
-3.7908322047244094
11
6.8564247244094485
21
-3.7908246456692911
0
LINE
8
BLACK
6
CONTINUOUS
10
6.8564247244094485
20
-3.7908246456692911
11
6.8565227165354328
21
-3.7907840944881888
0
LINE
8
BLACK
6
CONTINUOUS
10
6.8565227165354328
20
-3.7907840944881888
11
6.8570987795275586
21
-3.7907273622047244
0
LINE
8
BLACK
6
CONTINUOUS
10
6.8570987795275586
20
-3.7907273622047244
11
6.8777212204724405
21
-3.7907273622047244
0
LINE
8
BLACK
6
CONTINUOUS
10
6.8777212204724405
20
-3.7907273622047244
11
6.8782972834645664
21
-3.7907840944881888
0
LINE
8
BLACK
6
CONTINUOUS
10
7.063698858267716
20
-3.7907840944881888
11
7.0647632677165353
21
-3.7912249999999998
0
LINE
8
BLACK
6
CONTINUOUS
10
7.0647632677165353
20
-3.7912249999999998
11
7.0655779133858267
21
-3.7920396456692913
0
LINE
8
BLACK
6
CONTINUOUS
10
7.0655779133858267
20
-3.7920396456692913
11
7.0660188188976374
21
-3.7931040551181101
0
LINE
8
BLACK
6
CONTINUOUS
10
7.0660188188976374
20
-3.7931040551181101
11
7.0660188188976374
21
-3.7942561811023623
0
LINE
8
BLACK
6
CONTINUOUS
10
7.0660188188976374
20
-3.7942561811023623
11
7.0655779133858267
21
-3.7953205905511811
0
LINE
8
BLACK
6
CONTINUOUS
10
7.0655779133858267
20
-3.7953205905511811
11
7.0647632677165353
21
-3.7961352362204726
0
LINE
8
BLACK
6
CONTINUOUS
10
7.0647632677165353
20
-3.7961352362204726
11
7.063698858267716
21
-3.7965761417322832
0
LINE
8
BLACK
6
CONTINUOUS
10
7.063698858267716
20
-3.7965761417322832
11
7.0631227952755902
21
-3.796632874015748
0
LINE
8
BLACK
6
CONTINUOUS
10
7.0631227952755902
20
-3.796632874015748
11
7.0431974015748029
21
-3.796632874015748
0
LINE
8
BLACK
6
CONTINUOUS
10
7.0431974015748029
20
-3.796632874015748
11
7.0409516535433072
21
-3.7977557086614171
0
LINE
8
BLACK
6
CONTINUOUS
10
7.0409516535433072
20
-3.7977557086614171
11
7.0398288188976377
21
-3.8000014566929132
0
LINE
8
BLACK
6
CONTINUOUS
10
7.0398288188976377
20
-3.8000014566929132
11
7.0398288188976377
21
-3.8042316929133859
0
LINE
8
BLACK
6
CONTINUOUS
10
7.0398288188976377
20
-3.8042316929133859
11
7.0409516535433072
21
-3.8064774015748029
0
LINE
8
BLACK
6
CONTINUOUS
10
7.0409516535433072
20
-3.8064774015748029
11
7.0431974015748029
21
-3.8076002755905511
0
LINE
8
BLACK
6
CONTINUOUS
10
7.0431974015748029
20
-3.8076002755905511
11
7.0631227952755902
21
-3.8076002755905511
0
LINE
8
BLACK
6
CONTINUOUS
10
7.0631227952755902
20
-3.8076002755905511
11
7.063698858267716
21
-3.8076570078740155
0
LINE
8
BLACK
6
CONTINUOUS
10
7.063698858267716
20
-3.8076570078740155
11
7.0647632677165353
21
-3.8080979133858266
0
LINE
8
BLACK
6
CONTINUOUS
10
7.0647632677165353
20
-3.8080979133858266
11
7.0655779133858267
21
-3.8089125590551181
0
LINE
8
BLACK
6
CONTINUOUS
10
7.0655779133858267
20
-3.8089125590551181
11
7.0660188188976374
21
-3.8099769685039369
0
LINE
8
BLACK
6
CONTINUOUS
10
7.0660188188976374
20
-3.8099769685039369
11
7.0660188188976374
21
-3.811129094488189
0
LINE
8
BLACK
6
CONTINUOUS
10
7.0660188188976374
20
-3.811129094488189
11
7.0655779133858267
21
-3.8121935039370078
0
LINE
8
BLACK
6
CONTINUOUS
10
7.0655779133858267
20
-3.8121935039370078
11
7.0647632677165353
21
-3.8130081496062993
0
LINE
8
BLACK
6
CONTINUOUS
10
7.0647632677165353
20
-3.8130081496062993
11
7.063698858267716
21
-3.8134490551181099
0
LINE
8
BLACK
6
CONTINUOUS
10
7.063698858267716
20
-3.8134490551181099
11
7.0631227952755902
21
-3.8135057874015748
0
LINE
8
BLACK
6
CONTINUOUS
10
7.0631227952755902
20
-3.8135057874015748
11
7.0431974015748029
21
-3.8135057874015748
0
LINE
8
BLACK
6
CONTINUOUS
10
7.0431974015748029
20
-3.8135057874015748
11
7.0409516535433072
21
-3.8146286220472438
0
LINE
8
BLACK
6
CONTINUOUS
10
7.0409516535433072
20
-3.8146286220472438
11
7.0398288188976377
21
-3.81687437007874
0
LINE
8
BLACK
6
CONTINUOUS
10
7.0398288188976377
20
-3.81687437007874
11
7.0398288188976377
21
-3.8211045669291339
0
LINE
8
BLACK
6
CONTINUOUS
10
7.0398288188976377
20
-3.8211045669291339
11
7.041177559055118
21
-3.8238020472440946
0
LINE
8
BLACK
6
CONTINUOUS
10
7.041177559055118
20
-3.8238020472440946
11
7.0418486614173226
21
-3.8244731496062991
0
LINE
8
BLACK
6
CONTINUOUS
10
7.0418486614173226
20
-3.8244731496062991
11
7.0631227952755902
21
-3.8244731496062991
0
LINE
8
BLACK
6
CONTINUOUS
10
7.0631227952755902
20
-3.8244731496062991
11
7.063698858267716
21
-3.8245298818897635
0
LINE
8
BLACK
6
CONTINUOUS
10
7.063698858267716
20
-3.8245298818897635
11
7.0647632677165353
21
-3.8249707874015746
0
LINE
8
BLACK
6
CONTINUOUS
10
7.0647632677165353
20
-3.8249707874015746
11
7.0655779133858267
21
-3.825785433070866
0
LINE
8
BLACK
6
CONTINUOUS
10
7.0655779133858267
20
-3.825785433070866
11
7.0660188188976374
21
-3.8268498425196849
0
LINE
8
BLACK
6
CONTINUOUS
10
7.0660188188976374
20
-3.8268498425196849
11
7.0660188188976374
21
-3.828001968503937
0
LINE
8
BLACK
6
CONTINUOUS
10
7.0660188188976374
20
-3.828001968503937
11
7.0655779133858267
21
-3.8290663779527558
0
LINE
8
BLACK
6
CONTINUOUS
10
7.0655779133858267
20
-3.8290663779527558
11
7.0647632677165353
21
-3.8298810236220473
0
LINE
8
BLACK
6
CONTINUOUS
10
7.0647632677165353
20
-3.8298810236220473
11
7.063698858267716
21
-3.8303219291338584
0
LINE
8
BLACK
6
CONTINUOUS
10
7.063698858267716
20
-3.8303219291338584
11
7.0631227952755902
21
-3.8303786614173227
0
LINE
8
BLACK
6
CONTINUOUS
10
7.0631227952755902
20
-3.8303786614173227
11
7.0368760629921256
21
-3.8303786614173227
0
LINE
8
BLACK
6
CONTINUOUS
10
7.0368760629921256
20
-3.8303786614173227
11
7.0362999999999998
21
-3.8303219291338584
0
LINE
8
BLACK
6
CONTINUOUS
10
7.0362999999999998
20
-3.8303219291338584
11
7.0352355905511805
21
-3.8298810236220473
0
LINE
8
BLACK
6
CONTINUOUS
10
7.0352355905511805
20
-3.8298810236220473
11
7.03442094488189
21
-3.8290663779527558
0
LINE
8
BLACK
6
CONTINUOUS
10
7.03442094488189
20
-3.8290663779527558
11
7.0339800393700784
21
-3.828001968503937
0
LINE
8
BLACK
6
CONTINUOUS
10
7.0339800393700784
20
-3.828001968503937
11
7.0339800393700784
21
-3.8268498425196849
0
LINE
8
BLACK
6
CONTINUOUS
10
7.0339800393700784
20
-3.8268498425196849
11
7.03442094488189
21
-3.825785433070866
0
LINE
8
BLACK
6
CONTINUOUS
10
7.03442094488189
20
-3.825785433070866
11
7.0351847637795277
21
-3.8250215748031495
0
LINE
8
BLACK
6
CONTINUOUS
10
7.0351847637795277
20
-3.8250215748031495
11
7.0342350393700785
21
-3.8231221259842521
0
LINE
8
BLACK
6
CONTINUOUS
10
7.0342350393700785
20
-3.8231221259842521
11
7.0340281496062991
21
-3.822581496062992
0
LINE
8
BLACK
6
CONTINUOUS
10
7.0340281496062991
20
-3.822581496062992
11
7.03402062992126
21
-3.8224756692913386
0
LINE
8
BLACK
6
CONTINUOUS
10
7.03402062992126
20
-3.8224756692913386
11
7.0339800393700784
21
-3.8223776771653544
0
LINE
8
BLACK
6
CONTINUOUS
10
7.0339800393700784
20
-3.8223776771653544
11
7.0339233070866136
21
-3.8218016141732281
0
LINE
8
BLACK
6
CONTINUOUS
10
7.0339233070866136
20
-3.8218016141732281
11
7.0339233070866136
21
-3.8161773228346454
0
LINE
8
BLACK
6
CONTINUOUS
10
7.0339233070866136
20
-3.8161773228346454
11
7.0339800393700784
21
-3.8156012598425195
0
LINE
8
BLACK
6
CONTINUOUS
10
7.0339800393700784
20
-3.8156012598425195
11
7.03402062992126
21
-3.8155032283464565
0
LINE
8
BLACK
6
CONTINUOUS
10
7.03402062992126
20
-3.8155032283464565
11
7.0340281496062991
21
-3.8153974409448819
0
LINE
8
BLACK
6
CONTINUOUS
10
7.0340281496062991
20
-3.8153974409448819
11
7.0342350393700785
21
-3.8148568110236218
0
LINE
8
BLACK
6
CONTINUOUS
10
7.0342350393700785
20
-3.8148568110236218
11
7.0361098031496061
21
-3.8111072834645667
0
LINE
8
BLACK
6
CONTINUOUS
10
7.0361098031496061
20
-3.8111072834645667
11
7.0361704330708656
21
-3.8110109055118109
0
LINE
8
BLACK
6
CONTINUOUS
10
7.0361704330708656
20
-3.8110109055118109
11
7.036185590551181
21
-3.8109655118110237
0
LINE
8
BLACK
6
CONTINUOUS
10
7.036185590551181
20
-3.8109655118110237
11
7.036234606299212
21
-3.8109089370078739
0
LINE
8
BLACK
6
CONTINUOUS
10
7.036234606299212
20
-3.8109089370078739
11
7.0364181496062992
21
-3.8106174015748029
0
LINE
8
BLACK
6
CONTINUOUS
10
7.0364181496062992
20
-3.8106174015748029
11
7.036492362204724
21
-3.8105530314960627
0
LINE
8
BLACK
6
CONTINUOUS
10
7.036492362204724
20
-3.8105530314960627
11
7.0364181496062992
21
-3.8104886614173226
0
LINE
8
BLACK
6
CONTINUOUS
10
7.0364181496062992
20
-3.8104886614173226
11
7.036234606299212
21
-3.8101970866141732
0
LINE
8
BLACK
6
CONTINUOUS
10
7.036234606299212
20
-3.8101970866141732
11
7.036185590551181
21
-3.8101405511811022
0
LINE
8
BLACK
6
CONTINUOUS
10
7.036185590551181
20
-3.8101405511811022
11
7.0361704330708656
21
-3.8100951181102363
0
LINE
8
BLACK
6
CONTINUOUS
10
7.0361704330708656
20
-3.8100951181102363
11
7.0361098031496061
21
-3.8099987795275592
0
LINE
8
BLACK
6
CONTINUOUS
10
7.0361098031496061
20
-3.8099987795275592
11
7.0342350393700785
21
-3.8062492519685041
0
LINE
8
BLACK
6
CONTINUOUS
10
7.0342350393700785
20
-3.8062492519685041
11
7.0340281496062991
21
-3.805708622047244
0
LINE
8
BLACK
6
CONTINUOUS
10
7.0340281496062991
20
-3.805708622047244
11
7.03402062992126
21
-3.8056027952755906
0
LINE
8
BLACK
6
CONTINUOUS
10
7.03402062992126
20
-3.8056027952755906
11
7.0339800393700784
21
-3.8055048031496064
0
LINE
8
BLACK
6
CONTINUOUS
10
7.0339800393700784
20
-3.8055048031496064
11
7.0339233070866136
21
-3.8049287401574801
0
LINE
8
BLACK
6
CONTINUOUS
10
7.0339233070866136
20
-3.8049287401574801
11
7.0339233070866136
21
-3.7993044488188974
0
LINE
8
BLACK
6
CONTINUOUS
10
7.0339233070866136
20
-3.7993044488188974
11
7.0339800393700784
21
-3.7987283858267715
0
LINE
8
BLACK
6
CONTINUOUS
10
7.0339800393700784
20
-3.7987283858267715
11
7.03402062992126
21
-3.7986303543307085
0
LINE
8
BLACK
6
CONTINUOUS
10
7.03402062992126
20
-3.7986303543307085
11
7.0340281496062991
21
-3.7985245669291339
0
LINE
8
BLACK
6
CONTINUOUS
10
7.0340281496062991
20
-3.7985245669291339
11
7.0342350393700785
21
-3.7979839370078738
0
LINE
8
BLACK
6
CONTINUOUS
10
7.0342350393700785
20
-3.7979839370078738
11
7.0361098031496061
21
-3.79423437007874
0
LINE
8
BLACK
6
CONTINUOUS
10
7.0361098031496061
20
-3.79423437007874
11
7.0361704330708656
21
-3.7941380314960629
0
LINE
8
BLACK
6
CONTINUOUS
10
7.0361704330708656
20
-3.7941380314960629
11
7.036185590551181
21
-3.794092598425197
0
LINE
8
BLACK
6
CONTINUOUS
10
7.036185590551181
20
-3.794092598425197
11
7.0362346456692908
21
-3.7940359842519684
0
LINE
8
BLACK
6
CONTINUOUS
10
7.0362346456692908
20
-3.7940359842519684
11
7.0364181496062992
21
-3.7937445275590549
0
LINE
8
BLACK
6
CONTINUOUS
10
7.0364181496062992
20
-3.7937445275590549
11
7.0366977559055117
21
-3.7935020078740158
0
LINE
8
BLACK
6
CONTINUOUS
10
7.0366977559055117
20
-3.7935020078740158
11
7.0369404330708658
21
-3.7932222047244095
0
LINE
8
BLACK
6
CONTINUOUS
10
7.0369404330708658
20
-3.7932222047244095
11
7.0372319685039368
21
-3.7930386614173228
0
LINE
8
BLACK
6
CONTINUOUS
10
7.0372319685039368
20
-3.7930386614173228
11
7.0372885433070866
21
-3.7929896456692913
0
LINE
8
BLACK
6
CONTINUOUS
10
7.0372885433070866
20
-3.7929896456692913
11
7.0373339370078742
21
-3.7929744881889764
0
LINE
8
BLACK
6
CONTINUOUS
10
7.0373339370078742
20
-3.7929744881889764
11
7.0374303149606297
21
-3.7929138582677164
0
LINE
8
BLACK
6
CONTINUOUS
10
7.0374303149606297
20
-3.7929138582677164
11
7.0411798425196848
21
-3.7910390944881889
0
LINE
8
BLACK
6
CONTINUOUS
10
7.0411798425196848
20
-3.7910390944881889
11
7.041720433070866
21
-3.7908322047244094
0
LINE
8
BLACK
6
CONTINUOUS
10
7.041720433070866
20
-3.7908322047244094
11
7.0418262992125982
21
-3.7908246456692911
0
LINE
8
BLACK
6
CONTINUOUS
10
7.0418262992125982
20
-3.7908246456692911
11
7.0419242913385824
21
-3.7907840944881888
0
LINE
8
BLACK
6
CONTINUOUS
10
7.0419242913385824
20
-3.7907840944881888
11
7.0425003543307083
21
-3.7907273622047244
0
LINE
8
BLACK
6
CONTINUOUS
10
7.0425003543307083
20
-3.7907273622047244
11
7.0631227952755902
21
-3.7907273622047244
0
LINE
8
BLACK
6
CONTINUOUS
10
7.0631227952755902
20
-3.7907273622047244
11
7.063698858267716
21
-3.7907840944881888
0
LINE
8
BLACK
6
CONTINUOUS
10
4.6143287795275594
20
-3.7382906692913385
11
4.6153931889763777
21
-3.7387315748031495
0
LINE
8
BLACK
6
CONTINUOUS
10
4.6153931889763777
20
-3.7387315748031495
11
4.6162078346456692
21
-3.739546220472441
0
LINE
8
BLACK
6
CONTINUOUS
10
4.6162078346456692
20
-3.739546220472441
11
4.6166487401574798
21
-3.7406106299212598
0
LINE
8
BLACK
6
CONTINUOUS
10
4.6166487401574798
20
-3.7406106299212598
11
4.6166487401574798
21
-3.7417627559055116
0
LINE
8
BLACK
6
CONTINUOUS
10
4.6166487401574798
20
-3.7417627559055116
11
4.6162078346456692
21
-3.7428271653543308
0
LINE
8
BLACK
6
CONTINUOUS
10
4.6162078346456692
20
-3.7428271653543308
11
4.6153931889763777
21
-3.7436418110236218
0
LINE
8
BLACK
6
CONTINUOUS
10
4.6153931889763777
20
-3.7436418110236218
11
4.6143287795275594
21
-3.7440827165354329
0
LINE
8
BLACK
6
CONTINUOUS
10
4.6143287795275594
20
-3.7440827165354329
11
4.6137527165354326
21
-3.7441394488188977
0
LINE
8
BLACK
6
CONTINUOUS
10
4.6137527165354326
20
-3.7441394488188977
11
4.5938273228346453
21
-3.7441394488188977
0
LINE
8
BLACK
6
CONTINUOUS
10
4.5938273228346453
20
-3.7441394488188977
11
4.5915815748031497
21
-3.7452622834645668
0
LINE
8
BLACK
6
CONTINUOUS
10
4.5915815748031497
20
-3.7452622834645668
11
4.5904587401574801
21
-3.7475080314960629
0
LINE
8
BLACK
6
CONTINUOUS
10
4.5904587401574801
20
-3.7475080314960629
11
4.5904587401574801
21
-3.7517382677165352
0
LINE
8
BLACK
6
CONTINUOUS
10
4.5904587401574801
20
-3.7517382677165352
11
4.5915815748031497
21
-3.7539839763779526
0
LINE
8
BLACK
6
CONTINUOUS
10
4.5915815748031497
20
-3.7539839763779526
11
4.5938273228346453
21
-3.7551068503937008
0
LINE
8
BLACK
6
CONTINUOUS
10
4.5938273228346453
20
-3.7551068503937008
11
4.6137527165354326
21
-3.7551068503937008
0
LINE
8
BLACK
6
CONTINUOUS
10
4.6137527165354326
20
-3.7551068503937008
11
4.6143287795275594
21
-3.7551635826771652
0
LINE
8
BLACK
6
CONTINUOUS
10
4.6143287795275594
20
-3.7551635826771652
11
4.6153931889763777
21
-3.7556044881889763
0
LINE
8
BLACK
6
CONTINUOUS
10
4.6153931889763777
20
-3.7556044881889763
11
4.6162078346456692
21
-3.7564191338582678
0
LINE
8
BLACK
6
CONTINUOUS
10
4.6162078346456692
20
-3.7564191338582678
11
4.6166487401574798
21
-3.7574835433070866
0
LINE
8
BLACK
6
CONTINUOUS
10
4.6166487401574798
20
-3.7574835433070866
11
4.6166487401574798
21
-3.7586356692913383
0
LINE
8
BLACK
6
CONTINUOUS
10
4.6166487401574798
20
-3.7586356692913383
11
4.6162078346456692
21
-3.7597000787401575
0
LINE
8
BLACK
6
CONTINUOUS
10
4.6162078346456692
20
-3.7597000787401575
11
4.6153931889763777
21
-3.7605147244094486
0
LINE
8
BLACK
6
CONTINUOUS
10
4.6153931889763777
20
-3.7605147244094486
11
4.6143287795275594
21
-3.7609556299212596
0
LINE
8
BLACK
6
CONTINUOUS
10
4.6143287795275594
20
-3.7609556299212596
11
4.6137527165354326
21
-3.7610123622047245
0
LINE
8
BLACK
6
CONTINUOUS
10
4.6137527165354326
20
-3.7610123622047245
11
4.5938273228346453
21
-3.7610123622047245
0
LINE
8
BLACK
6
CONTINUOUS
10
4.5938273228346453
20
-3.7610123622047245
11
4.5915815748031497
21
-3.7621351968503935
0
LINE
8
BLACK
6
CONTINUOUS
10
4.5915815748031497
20
-3.7621351968503935
11
4.5904587401574801
21
-3.7643809448818897
0
LINE
8
BLACK
6
CONTINUOUS
10
4.5904587401574801
20
-3.7643809448818897
11
4.5904587401574801
21
-3.7686111417322832
0
LINE
8
BLACK
6
CONTINUOUS
10
4.5904587401574801
20
-3.7686111417322832
11
4.5918074803149604
21
-3.7713086220472438
0
LINE
8
BLACK
6
CONTINUOUS
10
4.5918074803149604
20
-3.7713086220472438
11
4.592478582677165
21
-3.7719797244094488
0
LINE
8
BLACK
6
CONTINUOUS
10
4.592478582677165
20
-3.7719797244094488
11
4.6137527165354326
21
-3.7719797244094488
0
LINE
8
BLACK
6
CONTINUOUS
10
4.6137527165354326
20
-3.7719797244094488
11
4.6143287795275594
21
-3.7720364566929132
0
LINE
8
BLACK
6
CONTINUOUS
10
4.6143287795275594
20
-3.7720364566929132
11
4.6153931889763777
21
-3.7724773622047243
0
LINE
8
BLACK
6
CONTINUOUS
10
4.6153931889763777
20
-3.7724773622047243
11
4.6162078346456692
21
-3.7732920078740158
0
LINE
8
BLACK
6
CONTINUOUS
10
4.6162078346456692
20
-3.7732920078740158
11
4.6166487401574798
21
-3.7743564173228346
0
LINE
8
BLACK
6
CONTINUOUS
10
4.6166487401574798
20
-3.7743564173228346
11
4.6166487401574798
21
-3.7755085433070867
0
LINE
8
BLACK
6
CONTINUOUS
10
4.6166487401574798
20
-3.7755085433070867
11
4.6162078346456692
21
-3.7765729527559055
0
LINE
8
BLACK
6
CONTINUOUS
10
4.6162078346456692
20
-3.7765729527559055
11
4.6153931889763777
21
-3.7773875984251966
0
LINE
8
BLACK
6
CONTINUOUS
10
4.6153931889763777
20
-3.7773875984251966
11
4.6143287795275594
21
-3.7778285039370076
0
LINE
8
BLACK
6
CONTINUOUS
10
4.6143287795275594
20
-3.7778285039370076
11
4.6137527165354326
21
-3.7778852362204725
0
LINE
8
BLACK
6
CONTINUOUS
10
4.6137527165354326
20
-3.7778852362204725
11
4.5875059842519681
21
-3.7778852362204725
0
LINE
8
BLACK
6
CONTINUOUS
10
4.5875059842519681
20
-3.7778852362204725
11
4.5869299212598422
21
-3.7778285039370076
0
LINE
8
BLACK
6
CONTINUOUS
10
4.5869299212598422
20
-3.7778285039370076
11
4.5858655118110239
21
-3.7773875984251966
0
LINE
8
BLACK
6
CONTINUOUS
10
4.5858655118110239
20
-3.7773875984251966
11
4.5850508661417324
21
-3.7765729527559055
0
LINE
8
BLACK
6
CONTINUOUS
10
4.5850508661417324
20
-3.7765729527559055
11
4.5846099606299209
21
-3.7755085433070867
0
LINE
8
BLACK
6
CONTINUOUS
10
4.5846099606299209
20
-3.7755085433070867
11
4.5846099606299209
21
-3.7743564173228346
0
LINE
8
BLACK
6
CONTINUOUS
10
4.5846099606299209
20
-3.7743564173228346
11
4.5850508661417324
21
-3.7732920078740158
0
LINE
8
BLACK
6
CONTINUOUS
10
4.5850508661417324
20
-3.7732920078740158
11
4.5858146850393702
21
-3.7725281496062992
0
LINE
8
BLACK
6
CONTINUOUS
10
4.5858146850393702
20
-3.7725281496062992
11
4.584864960629921
21
-3.7706287007874013
0
LINE
8
BLACK
6
CONTINUOUS
10
4.584864960629921
20
-3.7706287007874013
11
4.5846580708661415
21
-3.7700880708661417
0
LINE
8
BLACK
6
CONTINUOUS
10
4.5846580708661415
20
-3.7700880708661417
11
4.5846505511811024
21
-3.7699822440944879
0
LINE
8
BLACK
6
CONTINUOUS
10
4.5846505511811024
20
-3.7699822440944879
11
4.5846099606299209
21
-3.7698842519685036
0
LINE
8
BLACK
6
CONTINUOUS
10
4.5846099606299209
20
-3.7698842519685036
11
4.584553228346457
21
-3.7693081889763778
0
LINE
8
BLACK
6
CONTINUOUS
10
4.584553228346457
20
-3.7693081889763778
11
4.584553228346457
21
-3.7636838976377951
0
LINE
8
BLACK
6
CONTINUOUS
10
4.584553228346457
20
-3.7636838976377951
11
4.5846099606299209
21
-3.7631078346456692
0
LINE
8
BLACK
6
CONTINUOUS
10
4.5846099606299209
20
-3.7631078346456692
11
4.5846505511811024
21
-3.7630098031496062
0
LINE
8
BLACK
6
CONTINUOUS
10
4.5846505511811024
20
-3.7630098031496062
11
4.5846580708661415
21
-3.7629040157480316
0
LINE
8
BLACK
6
CONTINUOUS
10
4.5846580708661415
20
-3.7629040157480316
11
4.584864960629921
21
-3.7623633858267715
0
LINE
8
BLACK
6
CONTINUOUS
10
4.584864960629921
20
-3.7623633858267715
11
4.5867397244094485
21
-3.7586138582677164
0
LINE
8
BLACK
6
CONTINUOUS
10
4.5867397244094485
20
-3.7586138582677164
11
4.586800354330709
21
-3.7585174803149606
0
LINE
8
BLACK
6
CONTINUOUS
10
4.586800354330709
20
-3.7585174803149606
11
4.5868155118110234
21
-3.758472086614173
0
LINE
8
BLACK
6
CONTINUOUS
10
4.5868155118110234
20
-3.758472086614173
11
4.5868645275590554
21
-3.7584155118110236
0
LINE
8
BLACK
6
CONTINUOUS
10
4.5868645275590554
20
-3.7584155118110236
11
4.5870480708661416
21
-3.7581239763779526
0
LINE
8
BLACK
6
CONTINUOUS
10
4.5870480708661416
20
-3.7581239763779526
11
4.5871222834645664
21
-3.7580596062992124
0
LINE
8
BLACK
6
CONTINUOUS
10
4.5871222834645664
20
-3.7580596062992124
11
4.5870480708661416
21
-3.7579952362204723
0
LINE
8
BLACK
6
CONTINUOUS
10
4.5870480708661416
20
-3.7579952362204723
11
4.5868645275590554
21
-3.7577036614173229
0
LINE
8
BLACK
6
CONTINUOUS
10
4.5868645275590554
20
-3.7577036614173229
11
4.5868155118110234
21
-3.7576471259842519
0
LINE
8
BLACK
6
CONTINUOUS
10
4.5868155118110234
20
-3.7576471259842519
11
4.586800354330709
21
-3.7576016929133855
0
LINE
8
BLACK
6
CONTINUOUS
10
4.586800354330709
20
-3.7576016929133855
11
4.5867397244094485
21
-3.7575053543307084
0
LINE
8
BLACK
6
CONTINUOUS
10
4.5867397244094485
20
-3.7575053543307084
11
4.584864960629921
21
-3.7537558267716533
0
LINE
8
BLACK
6
CONTINUOUS
10
4.584864960629921
20
-3.7537558267716533
11
4.5846580708661415
21
-3.7532151968503937
0
LINE
8
BLACK
6
CONTINUOUS
10
4.5846580708661415
20
-3.7532151968503937
11
4.5846505511811024
21
-3.7531093700787399
0
LINE
8
BLACK
6
CONTINUOUS
10
4.5846505511811024
20
-3.7531093700787399
11
4.5846099606299209
21
-3.7530113779527556
0
LINE
8
BLACK
6
CONTINUOUS
10
4.5846099606299209
20
-3.7530113779527556
11
4.584553228346457
21
-3.7524353149606298
0
LINE
8
BLACK
6
CONTINUOUS
10
4.584553228346457
20
-3.7524353149606298
11
4.584553228346457
21
-3.7468110236220471
0
LINE
8
BLACK
6
CONTINUOUS
10
4.584553228346457
20
-3.7468110236220471
11
4.5846099606299209
21
-3.7462349606299212
0
LINE
8
BLACK
6
CONTINUOUS
10
4.5846099606299209
20
-3.7462349606299212
11
4.5846505511811024
21
-3.7461369291338582
0
LINE
8
BLACK
6
CONTINUOUS
10
4.5846505511811024
20
-3.7461369291338582
11
4.5846580708661415
21
-3.7460311417322836
0
LINE
8
BLACK
6
CONTINUOUS
10
4.5846580708661415
20
-3.7460311417322836
11
4.584864960629921
21
-3.7454905118110235
0
LINE
8
BLACK
6
CONTINUOUS
10
4.584864960629921
20
-3.7454905118110235
11
4.5867397244094485
21
-3.7417409448818897
0
LINE
8
BLACK
6
CONTINUOUS
10
4.5867397244094485
20
-3.7417409448818897
11
4.586800354330709
21
-3.7416446062992126
0
LINE
8
BLACK
6
CONTINUOUS
10
4.586800354330709
20
-3.7416446062992126
11
4.5868155118110234
21
-3.7415991732283462
0
LINE
8
BLACK
6
CONTINUOUS
10
4.5868155118110234
20
-3.7415991732283462
11
4.5868645669291341
21
-3.7415425590551181
0
LINE
8
BLACK
6
CONTINUOUS
10
4.5868645669291341
20
-3.7415425590551181
11
4.5870480708661416
21
-3.7412511023622046
0
LINE
8
BLACK
6
CONTINUOUS
10
4.5870480708661416
20
-3.7412511023622046
11
4.5873276771653542
21
-3.7410085826771651
0
LINE
8
BLACK
6
CONTINUOUS
10
4.5873276771653542
20
-3.7410085826771651
11
4.5875703543307083
21
-3.7407287795275588
0
LINE
8
BLACK
6
CONTINUOUS
10
4.5875703543307083
20
-3.7407287795275588
11
4.5878618897637793
21
-3.7405452362204725
0
LINE
8
BLACK
6
CONTINUOUS
10
4.5878618897637793
20
-3.7405452362204725
11
4.5879184645669291
21
-3.740496220472441
0
LINE
8
BLACK
6
CONTINUOUS
10
4.5879184645669291
20
-3.740496220472441
11
4.5879638582677167
21
-3.7404810629921257
0
LINE
8
BLACK
6
CONTINUOUS
10
4.5879638582677167
20
-3.7404810629921257
11
4.5880602362204721
21
-3.7404204330708661
0
LINE
8
BLACK
6
CONTINUOUS
10
4.5880602362204721
20
-3.7404204330708661
11
4.5918097637795272
21
-3.7385456692913386
0
LINE
8
BLACK
6
CONTINUOUS
10
4.5918097637795272
20
-3.7385456692913386
11
4.5923503543307085
21
-3.7383387795275591
0
LINE
8
BLACK
6
CONTINUOUS
10
4.5923503543307085
20
-3.7383387795275591
11
4.5924562204724406
21
-3.7383312204724408
0
LINE
8
BLACK
6
CONTINUOUS
10
4.5924562204724406
20
-3.7383312204724408
11
4.5925542125984249
21
-3.7382906692913385
0
LINE
8
BLACK
6
CONTINUOUS
10
4.5925542125984249
20
-3.7382906692913385
11
4.5931302755905508
21
-3.7382339370078741
0
LINE
8
BLACK
6
CONTINUOUS
10
4.5931302755905508
20
-3.7382339370078741
11
4.6137527165354326
21
-3.7382339370078741
0
LINE
8
BLACK
6
CONTINUOUS
10
4.6137527165354326
20
-3.7382339370078741
11
4.6143287795275594
21
-3.7382906692913385
0
LINE
8
BLACK
6
CONTINUOUS
10
6.8782972834645664
20
-3.7382906692913385
11
6.8793616929133856
21
-3.7387315748031495
0
LINE
8
BLACK
6
CONTINUOUS
10
6.8793616929133856
20
-3.7387315748031495
11
6.8801763385826771
21
-3.739546220472441
0
LINE
8
BLACK
6
CONTINUOUS
10
6.8801763385826771
20
-3.739546220472441
11
6.8806172440944877
21
-3.7406106299212598
0
LINE
8
BLACK
6
CONTINUOUS
10
6.8806172440944877
20
-3.7406106299212598
11
6.8806172440944877
21
-3.7417627559055116
0
LINE
8
BLACK
6
CONTINUOUS
10
6.8806172440944877
20
-3.7417627559055116
11
6.8801763385826771
21
-3.7428271653543308
0
LINE
8
BLACK
6
CONTINUOUS
10
6.8801763385826771
20
-3.7428271653543308
11
6.8793616929133856
21
-3.7436418110236218
0
LINE
8
BLACK
6
CONTINUOUS
10
6.8793616929133856
20
-3.7436418110236218
11
6.8782972834645664
21
-3.7440827165354329
0
LINE
8
BLACK
6
CONTINUOUS
10
6.8782972834645664
20
-3.7440827165354329
11
6.8777212204724405
21
-3.7441394488188977
0
LINE
8
BLACK
6
CONTINUOUS
10
6.8777212204724405
20
-3.7441394488188977
11
6.8577958267716532
21
-3.7441394488188977
0
LINE
8
BLACK
6
CONTINUOUS
10
6.8577958267716532
20
-3.7441394488188977
11
6.8555500787401575
21
-3.7452622834645668
0
LINE
8
BLACK
6
CONTINUOUS
10
6.8555500787401575
20
-3.7452622834645668
11
6.854427244094488
21
-3.7475080314960629
0
LINE
8
BLACK
6
CONTINUOUS
10
6.854427244094488
20
-3.7475080314960629
11
6.854427244094488
21
-3.7517382677165352
0
LINE
8
BLACK
6
CONTINUOUS
10
6.854427244094488
20
-3.7517382677165352
11
6.8555500787401575
21
-3.7539839763779526
0
LINE
8
BLACK
6
CONTINUOUS
10
6.8555500787401575
20
-3.7539839763779526
11
6.8577958267716532
21
-3.7551068503937008
0
LINE
8
BLACK
6
CONTINUOUS
10
6.8577958267716532
20
-3.7551068503937008
11
6.8777212204724405
21
-3.7551068503937008
0
LINE
8
BLACK
6
CONTINUOUS
10
6.8777212204724405
20
-3.7551068503937008
11
6.8782972834645664
21
-3.7551635826771652
0
LINE
8
BLACK
6
CONTINUOUS
10
6.8782972834645664
20
-3.7551635826771652
11
6.8793616929133856
21
-3.7556044881889763
0
LINE
8
BLACK
6
CONTINUOUS
10
6.8793616929133856
20
-3.7556044881889763
11
6.8801763385826771
21
-3.7564191338582678
0
LINE
8
BLACK
6
CONTINUOUS
10
6.8801763385826771
20
-3.7564191338582678
11
6.8806172440944877
21
-3.7574835433070866
0
LINE
8
BLACK
6
CONTINUOUS
10
6.8806172440944877
20
-3.7574835433070866
11
6.8806172440944877
21
-3.7586356692913383
0
LINE
8
BLACK
6
CONTINUOUS
10
6.8806172440944877
20
-3.7586356692913383
11
6.8801763385826771
21
-3.7597000787401575
0
LINE
8
BLACK
6
CONTINUOUS
10
6.8801763385826771
20
-3.7597000787401575
11
6.8793616929133856
21
-3.7605147244094486
0
LINE
8
BLACK
6
CONTINUOUS
10
6.8793616929133856
20
-3.7605147244094486
11
6.8782972834645664
21
-3.7609556299212596
0
LINE
8
BLACK
6
CONTINUOUS
10
6.8782972834645664
20
-3.7609556299212596
11
6.8777212204724405
21
-3.7610123622047245
0
LINE
8
BLACK
6
CONTINUOUS
10
6.8777212204724405
20
-3.7610123622047245
11
6.8577958267716532
21
-3.7610123622047245
0
LINE
8
BLACK
6
CONTINUOUS
10
6.8577958267716532
20
-3.7610123622047245
11
6.8555500787401575
21
-3.7621351968503935
0
LINE
8
BLACK
6
CONTINUOUS
10
6.8555500787401575
20
-3.7621351968503935
11
6.854427244094488
21
-3.7643809448818897
0
LINE
8
BLACK
6
CONTINUOUS
10
6.854427244094488
20
-3.7643809448818897
11
6.854427244094488
21
-3.7686111417322832
0
LINE
8
BLACK
6
CONTINUOUS
10
6.854427244094488
20
-3.7686111417322832
11
6.8557759842519683
21
-3.7713086220472438
0
LINE
8
BLACK
6
CONTINUOUS
10
6.8557759842519683
20
-3.7713086220472438
11
6.8564470866141729
21
-3.7719797244094488
0
LINE
8
BLACK
6
CONTINUOUS
10
6.8564470866141729
20
-3.7719797244094488
11
6.8777212204724405
21
-3.7719797244094488
0
LINE
8
BLACK
6
CONTINUOUS
10
6.8777212204724405
20
-3.7719797244094488
11
6.8782972834645664
21
-3.7720364566929132
0
LINE
8
BLACK
6
CONTINUOUS
10
6.8782972834645664
20
-3.7720364566929132
11
6.8793616929133856
21
-3.7724773622047243
0
LINE
8
BLACK
6
CONTINUOUS
10
6.8793616929133856
20
-3.7724773622047243
11
6.8801763385826771
21
-3.7732920078740158
0
LINE
8
BLACK
6
CONTINUOUS
10
6.8801763385826771
20
-3.7732920078740158
11
6.8806172440944877
21
-3.7743564173228346
0
LINE
8
BLACK
6
CONTINUOUS
10
6.8806172440944877
20
-3.7743564173228346
11
6.8806172440944877
21
-3.7755085433070867
0
LINE
8
BLACK
6
CONTINUOUS
10
6.8806172440944877
20
-3.7755085433070867
11
6.8801763385826771
21
-3.7765729527559055
0
LINE
8
BLACK
6
CONTINUOUS
10
6.8801763385826771
20
-3.7765729527559055
11
6.8793616929133856
21
-3.7773875984251966
0
LINE
8
BLACK
6
CONTINUOUS
10
6.8793616929133856
20
-3.7773875984251966
11
6.8782972834645664
21
-3.7778285039370076
0
LINE
8
BLACK
6
CONTINUOUS
10
6.8782972834645664
20
-3.7778285039370076
11
6.8777212204724405
21
-3.7778852362204725
0
LINE
8
BLACK
6
CONTINUOUS
10
6.8777212204724405
20
-3.7778852362204725
11
6.851474488188976
21
-3.7778852362204725
0
LINE
8
BLACK
6
CONTINUOUS
10
6.851474488188976
20
-3.7778852362204725
11
6.8508984251968501
21
-3.7778285039370076
0
LINE
8
BLACK
6
CONTINUOUS
10
6.8508984251968501
20
-3.7778285039370076
11
6.8498340157480317
21
-3.7773875984251966
0
LINE
8
BLACK
6
CONTINUOUS
10
6.8498340157480317
20
-3.7773875984251966
11
6.8490193700787403
21
-3.7765729527559055
0
LINE
8
BLACK
6
CONTINUOUS
10
6.8490193700787403
20
-3.7765729527559055
11
6.8485784645669288
21
-3.7755085433070867
0
LINE
8
BLACK
6
CONTINUOUS
10
6.8485784645669288
20
-3.7755085433070867
11
6.8485784645669288
21
-3.7743564173228346
0
LINE
8
BLACK
6
CONTINUOUS
10
6.8485784645669288
20
-3.7743564173228346
11
6.8490193700787403
21
-3.7732920078740158
0
LINE
8
BLACK
6
CONTINUOUS
10
6.8490193700787403
20
-3.7732920078740158
11
6.8497831889763781
21
-3.7725281496062992
0
LINE
8
BLACK
6
CONTINUOUS
10
6.8497831889763781
20
-3.7725281496062992
11
6.8488334645669289
21
-3.7706287007874013
0
LINE
8
BLACK
6
CONTINUOUS
10
6.8488334645669289
20
-3.7706287007874013
11
6.8486265748031494
21
-3.7700880708661417
0
LINE
8
BLACK
6
CONTINUOUS
10
6.8486265748031494
20
-3.7700880708661417
11
6.8486190551181103
21
-3.7699822440944879
0
LINE
8
BLACK
6
CONTINUOUS
10
6.8486190551181103
20
-3.7699822440944879
11
6.8485784645669288
21
-3.7698842519685036
0
LINE
8
BLACK
6
CONTINUOUS
10
6.8485784645669288
20
-3.7698842519685036
11
6.8485217322834648
21
-3.7693081889763778
0
LINE
8
BLACK
6
CONTINUOUS
10
6.8485217322834648
20
-3.7693081889763778
11
6.8485217322834648
21
-3.7636838976377951
0
LINE
8
BLACK
6
CONTINUOUS
10
6.8485217322834648
20
-3.7636838976377951
11
6.8485784645669288
21
-3.7631078346456692
0
LINE
8
BLACK
6
CONTINUOUS
10
6.8485784645669288
20
-3.7631078346456692
11
6.8486190551181103
21
-3.7630098031496062
0
LINE
8
BLACK
6
CONTINUOUS
10
6.8486190551181103
20
-3.7630098031496062
11
6.8486265748031494
21
-3.7629040157480316
0
LINE
8
BLACK
6
CONTINUOUS
10
6.8486265748031494
20
-3.7629040157480316
11
6.8488334645669289
21
-3.7623633858267715
0
LINE
8
BLACK
6
CONTINUOUS
10
6.8488334645669289
20
-3.7623633858267715
11
6.8507082283464564
21
-3.7586138582677164
0
LINE
8
BLACK
6
CONTINUOUS
10
6.8507082283464564
20
-3.7586138582677164
11
6.850768858267716
21
-3.7585174803149606
0
LINE
8
BLACK
6
CONTINUOUS
10
6.850768858267716
20
-3.7585174803149606
11
6.8507840157480313
21
-3.758472086614173
0
LINE
8
BLACK
6
CONTINUOUS
10
6.8507840157480313
20
-3.758472086614173
11
6.8508330314960633
21
-3.7584155118110236
0
LINE
8
BLACK
6
CONTINUOUS
10
6.8508330314960633
20
-3.7584155118110236
11
6.8510165748031495
21
-3.7581239763779526
0
LINE
8
BLACK
6
CONTINUOUS
10
6.8510165748031495
20
-3.7581239763779526
11
6.8510907874015743
21
-3.7580596062992124
0
LINE
8
BLACK
6
CONTINUOUS
10
6.8510907874015743
20
-3.7580596062992124
11
6.8510165748031495
21
-3.7579952362204723
0
LINE
8
BLACK
6
CONTINUOUS
10
6.8510165748031495
20
-3.7579952362204723
11
6.8508330314960633
21
-3.7577036614173229
0
LINE
8
BLACK
6
CONTINUOUS
10
6.8508330314960633
20
-3.7577036614173229
11
6.8507840157480313
21
-3.7576471259842519
0
LINE
8
BLACK
6
CONTINUOUS
10
6.8507840157480313
20
-3.7576471259842519
11
6.850768858267716
21
-3.7576016929133855
0
LINE
8
BLACK
6
CONTINUOUS
10
6.850768858267716
20
-3.7576016929133855
11
6.8507082283464564
21
-3.7575053543307084
0
LINE
8
BLACK
6
CONTINUOUS
10
6.8507082283464564
20
-3.7575053543307084
11
6.8488334645669289
21
-3.7537558267716533
0
LINE
8
BLACK
6
CONTINUOUS
10
6.8488334645669289
20
-3.7537558267716533
11
6.8486265748031494
21
-3.7532151968503937
0
LINE
8
BLACK
6
CONTINUOUS
10
6.8486265748031494
20
-3.7532151968503937
11
6.8486190551181103
21
-3.7531093700787399
0
LINE
8
BLACK
6
CONTINUOUS
10
6.8486190551181103
20
-3.7531093700787399
11
6.8485784645669288
21
-3.7530113779527556
0
LINE
8
BLACK
6
CONTINUOUS
10
6.8485784645669288
20
-3.7530113779527556
11
6.8485217322834648
21
-3.7524353149606298
0
LINE
8
BLACK
6
CONTINUOUS
10
6.8485217322834648
20
-3.7524353149606298
11
6.8485217322834648
21
-3.7468110236220471
0
LINE
8
BLACK
6
CONTINUOUS
10
6.8485217322834648
20
-3.7468110236220471
11
6.8485784645669288
21
-3.7462349606299212
0
LINE
8
BLACK
6
CONTINUOUS
10
6.8485784645669288
20
-3.7462349606299212
11
6.8486190551181103
21
-3.7461369291338582
0
LINE
8
BLACK
6
CONTINUOUS
10
6.8486190551181103
20
-3.7461369291338582
11
6.8486265748031494
21
-3.7460311417322836
0
LINE
8
BLACK
6
CONTINUOUS
10
6.8486265748031494
20
-3.7460311417322836
11
6.8488334645669289
21
-3.7454905118110235
0
LINE
8
BLACK
6
CONTINUOUS
10
6.8488334645669289
20
-3.7454905118110235
11
6.8507082283464564
21
-3.7417409448818897
0
LINE
8
BLACK
6
CONTINUOUS
10
6.8507082283464564
20
-3.7417409448818897
11
6.850768858267716
21
-3.7416446062992126
0
LINE
8
BLACK
6
CONTINUOUS
10
6.850768858267716
20
-3.7416446062992126
11
6.8507840157480313
21
-3.7415991732283462
0
LINE
8
BLACK
6
CONTINUOUS
10
6.8507840157480313
20
-3.7415991732283462
11
6.850833070866142
21
-3.7415425590551181
0
LINE
8
BLACK
6
CONTINUOUS
10
6.850833070866142
20
-3.7415425590551181
11
6.8510165748031495
21
-3.7412511023622046
0
LINE
8
BLACK
6
CONTINUOUS
10
6.8510165748031495
20
-3.7412511023622046
11
6.851296181102362
21
-3.7410085826771651
0
LINE
8
BLACK
6
CONTINUOUS
10
6.851296181102362
20
-3.7410085826771651
11
6.8515388582677161
21
-3.7407287795275588
0
LINE
8
BLACK
6
CONTINUOUS
10
6.8515388582677161
20
-3.7407287795275588
11
6.8518303937007872
21
-3.7405452362204725
0
LINE
8
BLACK
6
CONTINUOUS
10
6.8518303937007872
20
-3.7405452362204725
11
6.851886968503937
21
-3.740496220472441
0
LINE
8
BLACK
6
CONTINUOUS
10
6.851886968503937
20
-3.740496220472441
11
6.8519323622047246
21
-3.7404810629921257
0
LINE
8
BLACK
6
CONTINUOUS
10
6.8519323622047246
20
-3.7404810629921257
11
6.85202874015748
21
-3.7404204330708661
0
LINE
8
BLACK
6
CONTINUOUS
10
6.85202874015748
20
-3.7404204330708661
11
6.8557782677165351
21
-3.7385456692913386
0
LINE
8
BLACK
6
CONTINUOUS
10
6.8557782677165351
20
-3.7385456692913386
11
6.8563188582677164
21
-3.7383387795275591
0
LINE
8
BLACK
6
CONTINUOUS
10
6.8563188582677164
20
-3.7383387795275591
11
6.8564247244094485
21
-3.7383312204724408
0
LINE
8
BLACK
6
CONTINUOUS
10
6.8564247244094485
20
-3.7383312204724408
11
6.8565227165354328
21
-3.7382906692913385
0
LINE
8
BLACK
6
CONTINUOUS
10
6.8565227165354328
20
-3.7382906692913385
11
6.8570987795275586
21
-3.7382339370078741
0
LINE
8
BLACK
6
CONTINUOUS
10
6.8570987795275586
20
-3.7382339370078741
11
6.8777212204724405
21
-3.7382339370078741
0
LINE
8
BLACK
6
CONTINUOUS
10
6.8777212204724405
20
-3.7382339370078741
11
6.8782972834645664
21
-3.7382906692913385
0
LINE
8
BLACK
6
CONTINUOUS
10
7.063698858267716
20
-3.7382906692913385
11
7.0647632677165353
21
-3.7387315748031495
0
LINE
8
BLACK
6
CONTINUOUS
10
7.0647632677165353
20
-3.7387315748031495
11
7.0655779133858267
21
-3.739546220472441
0
LINE
8
BLACK
6
CONTINUOUS
10
7.0655779133858267
20
-3.739546220472441
11
7.0660188188976374
21
-3.7406106299212598
0
LINE
8
BLACK
6
CONTINUOUS
10
7.0660188188976374
20
-3.7406106299212598
11
7.0660188188976374
21
-3.7417627559055116
0
LINE
8
BLACK
6
CONTINUOUS
10
7.0660188188976374
20
-3.7417627559055116
11
7.0655779133858267
21
-3.7428271653543308
0
LINE
8
BLACK
6
CONTINUOUS
10
7.0655779133858267
20
-3.7428271653543308
11
7.0647632677165353
21
-3.7436418110236218
0
LINE
8
BLACK
6
CONTINUOUS
10
7.0647632677165353
20
-3.7436418110236218
11
7.063698858267716
21
-3.7440827165354329
0
LINE
8
BLACK
6
CONTINUOUS
10
7.063698858267716
20
-3.7440827165354329
11
7.0631227952755902
21
-3.7441394488188977
0
LINE
8
BLACK
6
CONTINUOUS
10
7.0631227952755902
20
-3.7441394488188977
11
7.0431974015748029
21
-3.7441394488188977
0
LINE
8
BLACK
6
CONTINUOUS
10
7.0431974015748029
20
-3.7441394488188977
11
7.0409516535433072
21
-3.7452622834645668
0
LINE
8
BLACK
6
CONTINUOUS
10
7.0409516535433072
20
-3.7452622834645668
11
7.0398288188976377
21
-3.7475080314960629
0
LINE
8
BLACK
6
CONTINUOUS
10
7.0398288188976377
20
-3.7475080314960629
11
7.0398288188976377
21
-3.7517382677165352
0
LINE
8
BLACK
6
CONTINUOUS
10
7.0398288188976377
20
-3.7517382677165352
11
7.0409516535433072
21
-3.7539839763779526
0
LINE
8
BLACK
6
CONTINUOUS
10
7.0409516535433072
20
-3.7539839763779526
11
7.0431974015748029
21
-3.7551068503937008
0
LINE
8
BLACK
6
CONTINUOUS
10
7.0431974015748029
20
-3.7551068503937008
11
7.0631227952755902
21
-3.7551068503937008
0
LINE
8
BLACK
6
CONTINUOUS
10
7.0631227952755902
20
-3.7551068503937008
11
7.063698858267716
21
-3.7551635826771652
0
LINE
8
BLACK
6
CONTINUOUS
10
7.063698858267716
20
-3.7551635826771652
11
7.0647632677165353
21
-3.7556044881889763
0
LINE
8
BLACK
6
CONTINUOUS
10
7.0647632677165353
20
-3.7556044881889763
11
7.0655779133858267
21
-3.7564191338582678
0
LINE
8
BLACK
6
CONTINUOUS
10
7.0655779133858267
20
-3.7564191338582678
11
7.0660188188976374
21
-3.7574835433070866
0
LINE
8
BLACK
6
CONTINUOUS
10
7.0660188188976374
20
-3.7574835433070866
11
7.0660188188976374
21
-3.7586356692913383
0
LINE
8
BLACK
6
CONTINUOUS
10
7.0660188188976374
20
-3.7586356692913383
11
7.0655779133858267
21
-3.7597000787401575
0
LINE
8
BLACK
6
CONTINUOUS
10
7.0655779133858267
20
-3.7597000787401575
11
7.0647632677165353
21
-3.7605147244094486
0
LINE
8
BLACK
6
CONTINUOUS
10
7.0647632677165353
20
-3.7605147244094486
11
7.063698858267716
21
-3.7609556299212596
0
LINE
8
BLACK
6
CONTINUOUS
10
7.063698858267716
20
-3.7609556299212596
11
7.0631227952755902
21
-3.7610123622047245
0
LINE
8
BLACK
6
CONTINUOUS
10
7.0631227952755902
20
-3.7610123622047245
11
7.0431974015748029
21
-3.7610123622047245
0
LINE
8
BLACK
6
CONTINUOUS
10
7.0431974015748029
20
-3.7610123622047245
11
7.0409516535433072
21
-3.7621351968503935
0
LINE
8
BLACK
6
CONTINUOUS
10
7.0409516535433072
20
-3.7621351968503935
11
7.0398288188976377
21
-3.7643809448818897
0
LINE
8
BLACK
6
CONTINUOUS
10
7.0398288188976377
20
-3.7643809448818897
11
7.0398288188976377
21
-3.7686111417322832
0
LINE
8
BLACK
6
CONTINUOUS
10
7.0398288188976377
20
-3.7686111417322832
11
7.041177559055118
21
-3.7713086220472438
0
LINE
8
BLACK
6
CONTINUOUS
10
7.041177559055118
20
-3.7713086220472438
11
7.0418486614173226
21
-3.7719797244094488
0
LINE
8
BLACK
6
CONTINUOUS
10
7.0418486614173226
20
-3.7719797244094488
11
7.0631227952755902
21
-3.7719797244094488
0
LINE
8
BLACK
6
CONTINUOUS
10
7.0631227952755902
20
-3.7719797244094488
11
7.063698858267716
21
-3.7720364566929132
0
LINE
8
BLACK
6
CONTINUOUS
10
7.063698858267716
20
-3.7720364566929132
11
7.0647632677165353
21
-3.7724773622047243
0
LINE
8
BLACK
6
CONTINUOUS
10
7.0647632677165353
20
-3.7724773622047243
11
7.0655779133858267
21
-3.7732920078740158
0
LINE
8
BLACK
6
CONTINUOUS
10
7.0655779133858267
20
-3.7732920078740158
11
7.0660188188976374
21
-3.7743564173228346
0
LINE
8
BLACK
6
CONTINUOUS
10
7.0660188188976374
20
-3.7743564173228346
11
7.0660188188976374
21
-3.7755085433070867
0
LINE
8
BLACK
6
CONTINUOUS
10
7.0660188188976374
20
-3.7755085433070867
11
7.0655779133858267
21
-3.7765729527559055
0
LINE
8
BLACK
6
CONTINUOUS
10
7.0655779133858267
20
-3.7765729527559055
11
7.0647632677165353
21
-3.7773875984251966
0
LINE
8
BLACK
6
CONTINUOUS
10
7.0647632677165353
20
-3.7773875984251966
11
7.063698858267716
21
-3.7778285039370076
0
LINE
8
BLACK
6
CONTINUOUS
10
7.063698858267716
20
-3.7778285039370076
11
7.0631227952755902
21
-3.7778852362204725
0
LINE
8
BLACK
6
CONTINUOUS
10
7.0631227952755902
20
-3.7778852362204725
11
7.0368760629921256
21
-3.7778852362204725
0
LINE
8
BLACK
6
CONTINUOUS
10
7.0368760629921256
20
-3.7778852362204725
11
7.0362999999999998
21
-3.7778285039370076
0
LINE
8
BLACK
6
CONTINUOUS
10
7.0362999999999998
20
-3.7778285039370076
11
7.0352355905511805
21
-3.7773875984251966
0
LINE
8
BLACK
6
CONTINUOUS
10
7.0352355905511805
20
-3.7773875984251966
11
7.03442094488189
21
-3.7765729527559055
0
LINE
8
BLACK
6
CONTINUOUS
10
7.03442094488189
20
-3.7765729527559055
11
7.0339800393700784
21
-3.7755085433070867
0
LINE
8
BLACK
6
CONTINUOUS
10
7.0339800393700784
20
-3.7755085433070867
11
7.0339800393700784
21
-3.7743564173228346
0
LINE
8
BLACK
6
CONTINUOUS
10
7.0339800393700784
20
-3.7743564173228346
11
7.03442094488189
21
-3.7732920078740158
0
LINE
8
BLACK
6
CONTINUOUS
10
7.03442094488189
20
-3.7732920078740158
11
7.0351847637795277
21
-3.7725281496062992
0
LINE
8
BLACK
6
CONTINUOUS
10
7.0351847637795277
20
-3.7725281496062992
11
7.0342350393700785
21
-3.7706287007874013
0
LINE
8
BLACK
6
CONTINUOUS
10
7.0342350393700785
20
-3.7706287007874013
11
7.0340281496062991
21
-3.7700880708661417
0
LINE
8
BLACK
6
CONTINUOUS
10
7.0340281496062991
20
-3.7700880708661417
11
7.03402062992126
21
-3.7699822440944879
0
LINE
8
BLACK
6
CONTINUOUS
10
7.03402062992126
20
-3.7699822440944879
11
7.0339800393700784
21
-3.7698842519685036
0
LINE
8
BLACK
6
CONTINUOUS
10
7.0339800393700784
20
-3.7698842519685036
11
7.0339233070866136
21
-3.7693081889763778
0
LINE
8
BLACK
6
CONTINUOUS
10
7.0339233070866136
20
-3.7693081889763778
11
7.0339233070866136
21
-3.7636838976377951
0
LINE
8
BLACK
6
CONTINUOUS
10
7.0339233070866136
20
-3.7636838976377951
11
7.0339800393700784
21
-3.7631078346456692
0
LINE
8
BLACK
6
CONTINUOUS
10
7.0339800393700784
20
-3.7631078346456692
11
7.03402062992126
21
-3.7630098031496062
0
LINE
8
BLACK
6
CONTINUOUS
10
7.03402062992126
20
-3.7630098031496062
11
7.0340281496062991
21
-3.7629040157480316
0
LINE
8
BLACK
6
CONTINUOUS
10
7.0340281496062991
20
-3.7629040157480316
11
7.0342350393700785
21
-3.7623633858267715
0
LINE
8
BLACK
6
CONTINUOUS
10
7.0342350393700785
20
-3.7623633858267715
11
7.0361098031496061
21
-3.7586138582677164
0
LINE
8
BLACK
6
CONTINUOUS
10
7.0361098031496061
20
-3.7586138582677164
11
7.0361704330708656
21
-3.7585174803149606
0
LINE
8
BLACK
6
CONTINUOUS
10
7.0361704330708656
20
-3.7585174803149606
11
7.036185590551181
21
-3.758472086614173
0
LINE
8
BLACK
6
CONTINUOUS
10
7.036185590551181
20
-3.758472086614173
11
7.036234606299212
21
-3.7584155118110236
0
LINE
8
BLACK
6
CONTINUOUS
10
7.036234606299212
20
-3.7584155118110236
11
7.0364181496062992
21
-3.7581239763779526
0
LINE
8
BLACK
6
CONTINUOUS
10
7.0364181496062992
20
-3.7581239763779526
11
7.036492362204724
21
-3.7580596062992124
0
LINE
8
BLACK
6
CONTINUOUS
10
7.036492362204724
20
-3.7580596062992124
11
7.0364181496062992
21
-3.7579952362204723
0
LINE
8
BLACK
6
CONTINUOUS
10
7.0364181496062992
20
-3.7579952362204723
11
7.036234606299212
21
-3.7577036614173229
0
LINE
8
BLACK
6
CONTINUOUS
10
7.036234606299212
20
-3.7577036614173229
11
7.036185590551181
21
-3.7576471259842519
0
LINE
8
BLACK
6
CONTINUOUS
10
7.036185590551181
20
-3.7576471259842519
11
7.0361704330708656
21
-3.7576016929133855
0
LINE
8
BLACK
6
CONTINUOUS
10
7.0361704330708656
20
-3.7576016929133855
11
7.0361098031496061
21
-3.7575053543307084
0
LINE
8
BLACK
6
CONTINUOUS
10
7.0361098031496061
20
-3.7575053543307084
11
7.0342350393700785
21
-3.7537558267716533
0
LINE
8
BLACK
6
CONTINUOUS
10
7.0342350393700785
20
-3.7537558267716533
11
7.0340281496062991
21
-3.7532151968503937
0
LINE
8
BLACK
6
CONTINUOUS
10
7.0340281496062991
20
-3.7532151968503937
11
7.03402062992126
21
-3.7531093700787399
0
LINE
8
BLACK
6
CONTINUOUS
10
7.03402062992126
20
-3.7531093700787399
11
7.0339800393700784
21
-3.7530113779527556
0
LINE
8
BLACK
6
CONTINUOUS
10
7.0339800393700784
20
-3.7530113779527556
11
7.0339233070866136
21
-3.7524353149606298
0
LINE
8
BLACK
6
CONTINUOUS
10
7.0339233070866136
20
-3.7524353149606298
11
7.0339233070866136
21
-3.7468110236220471
0
LINE
8
BLACK
6
CONTINUOUS
10
7.0339233070866136
20
-3.7468110236220471
11
7.0339800393700784
21
-3.7462349606299212
0
LINE
8
BLACK
6
CONTINUOUS
10
7.0339800393700784
20
-3.7462349606299212
11
7.03402062992126
21
-3.7461369291338582
0
LINE
8
BLACK
6
CONTINUOUS
10
7.03402062992126
20
-3.7461369291338582
11
7.0340281496062991
21
-3.7460311417322836
0
LINE
8
BLACK
6
CONTINUOUS
10
7.0340281496062991
20
-3.7460311417322836
11
7.0342350393700785
21
-3.7454905118110235
0
LINE
8
BLACK
6
CONTINUOUS
10
7.0342350393700785
20
-3.7454905118110235
11
7.0361098031496061
21
-3.7417409448818897
0
LINE
8
BLACK
6
CONTINUOUS
10
7.0361098031496061
20
-3.7417409448818897
11
7.0361704330708656
21
-3.7416446062992126
0
LINE
8
BLACK
6
CONTINUOUS
10
7.0361704330708656
20
-3.7416446062992126
11
7.036185590551181
21
-3.7415991732283462
0
LINE
8
BLACK
6
CONTINUOUS
10
7.036185590551181
20
-3.7415991732283462
11
7.0362346456692908
21
-3.7415425590551181
0
LINE
8
BLACK
6
CONTINUOUS
10
7.0362346456692908
20
-3.7415425590551181
11
7.0364181496062992
21
-3.7412511023622046
0
LINE
8
BLACK
6
CONTINUOUS
10
7.0364181496062992
20
-3.7412511023622046
11
7.0366977559055117
21
-3.7410085826771651
0
LINE
8
BLACK
6
CONTINUOUS
10
7.0366977559055117
20
-3.7410085826771651
11
7.0369404330708658
21
-3.7407287795275588
0
LINE
8
BLACK
6
CONTINUOUS
10
7.0369404330708658
20
-3.7407287795275588
11
7.0372319685039368
21
-3.7405452362204725
0
LINE
8
BLACK
6
CONTINUOUS
10
7.0372319685039368
20
-3.7405452362204725
11
7.0372885433070866
21
-3.740496220472441
0
LINE
8
BLACK
6
CONTINUOUS
10
7.0372885433070866
20
-3.740496220472441
11
7.0373339370078742
21
-3.7404810629921257
0
LINE
8
BLACK
6
CONTINUOUS
10
7.0373339370078742
20
-3.7404810629921257
11
7.0374303149606297
21
-3.7404204330708661
0
LINE
8
BLACK
6
CONTINUOUS
10
7.0374303149606297
20
-3.7404204330708661
11
7.0411798425196848
21
-3.7385456692913386
0
LINE
8
BLACK
6
CONTINUOUS
10
7.0411798425196848
20
-3.7385456692913386
11
7.041720433070866
21
-3.7383387795275591
0
LINE
8
BLACK
6
CONTINUOUS
10
7.041720433070866
20
-3.7383387795275591
11
7.0418262992125982
21
-3.7383312204724408
0
LINE
8
BLACK
6
CONTINUOUS
10
7.0418262992125982
20
-3.7383312204724408
11
7.0419242913385824
21
-3.7382906692913385
0
LINE
8
BLACK
6
CONTINUOUS
10
7.0419242913385824
20
-3.7382906692913385
11
7.0425003543307083
21
-3.7382339370078741
0
LINE
8
BLACK
6
CONTINUOUS
10
7.0425003543307083
20
-3.7382339370078741
11
7.0631227952755902
21
-3.7382339370078741
0
LINE
8
BLACK
6
CONTINUOUS
10
7.0631227952755902
20
-3.7382339370078741
11
7.063698858267716
21
-3.7382906692913385
0
LINE
8
BLACK
6
CONTINUOUS
10
5.740487007874016
20
-2.6670968503937007
11
5.7405850000000003
21
-2.6671374409448818
0
LINE
8
BLACK
6
CONTINUOUS
10
5.7405850000000003
20
-2.6671374409448818
11
5.7406908267716537
21
-2.6671449606299213
0
LINE
8
BLACK
6
CONTINUOUS
10
5.7406908267716537
20
-2.6671449606299213
11
5.7412314566929137
21
-2.6673518503937008
0
LINE
8
BLACK
6
CONTINUOUS
10
5.7412314566929137
20
-2.6673518503937008
11
5.7449809842519688
21
-2.6692266141732284
0
LINE
8
BLACK
6
CONTINUOUS
10
5.7449809842519688
20
-2.6692266141732284
11
5.7452289763779527
21
-2.6693826771653542
0
LINE
8
BLACK
6
CONTINUOUS
10
5.7452289763779527
20
-2.6693826771653542
11
5.7453009448818895
21
-2.6694125196850393
0
LINE
8
BLACK
6
CONTINUOUS
10
5.7453009448818895
20
-2.6694125196850393
11
5.7453818897637792
21
-2.6694789763779525
0
LINE
8
BLACK
6
CONTINUOUS
10
5.7453818897637792
20
-2.6694789763779525
11
5.7454708661417317
21
-2.669534960629921
0
LINE
8
BLACK
6
CONTINUOUS
10
5.7454708661417317
20
-2.669534960629921
11
5.7455220078740155
21
-2.6695939370078738
0
LINE
8
BLACK
6
CONTINUOUS
10
5.7455220078740155
20
-2.6695939370078738
11
5.7457483858267713
21
-2.6697797244094486
0
LINE
8
BLACK
6
CONTINUOUS
10
5.7457483858267713
20
-2.6697797244094486
11
5.7476231496062988
21
-2.6716544881889761
0
LINE
8
BLACK
6
CONTINUOUS
10
5.7476231496062988
20
-2.6716544881889761
11
5.7478088976377952
21
-2.6718808267716536
0
LINE
8
BLACK
6
CONTINUOUS
10
5.7478088976377952
20
-2.6718808267716536
11
5.7478679133858268
21
-2.6719320078740156
0
LINE
8
BLACK
6
CONTINUOUS
10
5.7478679133858268
20
-2.6719320078740156
11
5.7479238582677166
21
-2.6720209448818899
0
LINE
8
BLACK
6
CONTINUOUS
10
5.7479238582677166
20
-2.6720209448818899
11
5.7479903543307085
21
-2.6721019291338584
0
LINE
8
BLACK
6
CONTINUOUS
10
5.7479903543307085
20
-2.6721019291338584
11
5.7480201574803145
21
-2.6721738582677164
0
LINE
8
BLACK
6
CONTINUOUS
10
5.7480201574803145
20
-2.6721738582677164
11
5.7481762598425199
21
-2.6724218897637795
0
LINE
8
BLACK
6
CONTINUOUS
10
5.7481762598425199
20
-2.6724218897637795
11
5.7500510236220475
21
-2.6761714173228346
0
LINE
8
BLACK
6
CONTINUOUS
10
5.7500510236220475
20
-2.6761714173228346
11
5.750067125984252
21
-2.6762135039370079
0
LINE
8
BLACK
6
CONTINUOUS
10
5.750067125984252
20
-2.6762135039370079
11
5.7500798425196846
21
-2.6762306692913387
0
LINE
8
BLACK
6
CONTINUOUS
10
5.7500798425196846
20
-2.6762306692913387
11
5.7501661417322829
21
-2.6764722440944881
0
LINE
8
BLACK
6
CONTINUOUS
10
5.7501661417322829
20
-2.6764722440944881
11
5.7502579133858269
21
-2.6767120078740159
0
LINE
8
BLACK
6
CONTINUOUS
10
5.7502579133858269
20
-2.6767120078740159
11
5.7502594094488186
21
-2.6767332677165352
0
LINE
8
BLACK
6
CONTINUOUS
10
5.7502594094488186
20
-2.6767332677165352
11
5.7502746062992127
21
-2.6767757874015747
0
LINE
8
BLACK
6
CONTINUOUS
10
5.7502746062992127
20
-2.6767757874015747
11
5.7521493700787403
21
-2.684274842519685
0
LINE
8
BLACK
6
CONTINUOUS
10
5.7521493700787403
20
-2.684274842519685
11
5.7521641338582672
21
-2.6843746850393702
0
LINE
8
BLACK
6
CONTINUOUS
10
5.7521641338582672
20
-2.6843746850393702
11
5.7521807874015742
21
-2.6844149212598425
0
LINE
8
BLACK
6
CONTINUOUS
10
5.7521807874015742
20
-2.6844149212598425
11
5.752202125984252
21
-2.6846319291338583
0
LINE
8
BLACK
6
CONTINUOUS
10
5.752202125984252
20
-2.6846319291338583
11
5.7522340157480309
21
-2.6848474409448819
0
LINE
8
BLACK
6
CONTINUOUS
10
5.7522340157480309
20
-2.6848474409448819
11
5.7522275984251969
21
-2.6848904330708661
0
LINE
8
BLACK
6
CONTINUOUS
10
5.7522275984251969
20
-2.6848904330708661
11
5.752237519685039
21
-2.6849909842519684
0
LINE
8
BLACK
6
CONTINUOUS
10
5.752237519685039
20
-2.6849909842519684
11
5.752237519685039
21
-2.6943648031496061
0
LINE
8
BLACK
6
CONTINUOUS
10
5.752237519685039
20
-2.6943648031496061
11
5.7522275984251969
21
-2.6944653149606297
0
LINE
8
BLACK
6
CONTINUOUS
10
5.7522275984251969
20
-2.6944653149606297
11
5.7522340157480309
21
-2.694508346456693
0
LINE
8
BLACK
6
CONTINUOUS
10
5.7522340157480309
20
-2.694508346456693
11
5.752202125984252
21
-2.6947238188976379
0
LINE
8
BLACK
6
CONTINUOUS
10
5.752202125984252
20
-2.6947238188976379
11
5.7521807874015742
21
-2.694940866141732
0
LINE
8
BLACK
6
CONTINUOUS
10
5.7521807874015742
20
-2.694940866141732
11
5.7521641338582672
21
-2.694981062992126
0
LINE
8
BLACK
6
CONTINUOUS
10
5.7521641338582672
20
-2.694981062992126
11
5.7521493700787403
21
-2.6950809448818895
0
LINE
8
BLACK
6
CONTINUOUS
10
5.7521493700787403
20
-2.6950809448818895
11
5.7502746062992127
21
-2.7025799999999998
0
LINE
8
BLACK
6
CONTINUOUS
10
5.7502746062992127
20
-2.7025799999999998
11
5.7502594094488186
21
-2.7026224803149606
0
LINE
8
BLACK
6
CONTINUOUS
10
5.7502594094488186
20
-2.7026224803149606
11
5.7502579133858269
21
-2.7026437795275591
0
LINE
8
BLACK
6
CONTINUOUS
10
5.7502579133858269
20
-2.7026437795275591
11
5.7501661417322829
21
-2.7028835039370076
0
LINE
8
BLACK
6
CONTINUOUS
10
5.7501661417322829
20
-2.7028835039370076
11
5.7500798425196846
21
-2.7031251181102363
0
LINE
8
BLACK
6
CONTINUOUS
10
5.7500798425196846
20
-2.7031251181102363
11
5.750067125984252
21
-2.7031422440944883
0
LINE
8
BLACK
6
CONTINUOUS
10
5.750067125984252
20
-2.7031422440944883
11
5.7500510236220475
21
-2.7031843700787399
0
LINE
8
BLACK
6
CONTINUOUS
10
5.7500510236220475
20
-2.7031843700787399
11
5.7481762598425199
21
-2.706933897637795
0
LINE
8
BLACK
6
CONTINUOUS
10
5.7481762598425199
20
-2.706933897637795
11
5.7480201968503932
21
-2.7071817716535431
0
LINE
8
BLACK
6
CONTINUOUS
10
5.7480201968503932
20
-2.7071817716535431
11
5.7479903937007872
21
-2.7072538188976378
0
LINE
8
BLACK
6
CONTINUOUS
10
5.7479903937007872
20
-2.7072538188976378
11
5.7479238582677166
21
-2.707334842519685
0
LINE
8
BLACK
6
CONTINUOUS
10
5.7479238582677166
20
-2.707334842519685
11
5.7478679133858268
21
-2.7074237795275589
0
LINE
8
BLACK
6
CONTINUOUS
10
5.7478679133858268
20
-2.7074237795275589
11
5.7478088976377952
21
-2.7074749212598426
0
LINE
8
BLACK
6
CONTINUOUS
10
5.7478088976377952
20
-2.7074749212598426
11
5.7476231496062988
21
-2.7077012992125984
0
LINE
8
BLACK
6
CONTINUOUS
10
5.7476231496062988
20
-2.7077012992125984
11
5.74574842519685
21
-2.7095760629921259
0
LINE
8
BLACK
6
CONTINUOUS
10
5.74574842519685
20
-2.7095760629921259
11
5.7455220472440942
21
-2.7097618110236219
0
LINE
8
BLACK
6
CONTINUOUS
10
5.7455220472440942
20
-2.7097618110236219
11
5.7454708661417317
21
-2.7098208661417322
0
LINE
8
BLACK
6
CONTINUOUS
10
5.7454708661417317
20
-2.7098208661417322
11
5.7453818897637792
21
-2.7098768503937007
0
LINE
8
BLACK
6
CONTINUOUS
10
5.7453818897637792
20
-2.7098768503937007
11
5.7453009448818895
21
-2.7099433070866139
0
LINE
8
BLACK
6
CONTINUOUS
10
5.7453009448818895
20
-2.7099433070866139
11
5.7452289763779527
21
-2.7099731102362203
0
LINE
8
BLACK
6
CONTINUOUS
10
5.7452289763779527
20
-2.7099731102362203
11
5.7449809842519688
21
-2.7101292125984253
0
LINE
8
BLACK
6
CONTINUOUS
10
5.7449809842519688
20
-2.7101292125984253
11
5.7412314566929137
21
-2.7120039763779529
0
LINE
8
BLACK
6
CONTINUOUS
10
5.7412314566929137
20
-2.7120039763779529
11
5.7406908267716537
21
-2.7122108661417323
0
LINE
8
BLACK
6
CONTINUOUS
10
5.7406908267716537
20
-2.7122108661417323
11
5.7405850000000003
21
-2.7122183464566927
0
LINE
8
BLACK
6
CONTINUOUS
10
5.7405850000000003
20
-2.7122183464566927
11
5.740487007874016
21
-2.7122589763779525
0
LINE
8
BLACK
6
CONTINUOUS
10
5.740487007874016
20
-2.7122589763779525
11
5.7399109448818892
21
-2.7123157086614174
0
LINE
8
BLACK
6
CONTINUOUS
10
5.7399109448818892
20
-2.7123157086614174
11
5.7361614173228341
21
-2.7123157086614174
0
LINE
8
BLACK
6
CONTINUOUS
10
5.7361614173228341
20
-2.7123157086614174
11
5.7355853543307083
21
-2.7122589763779525
0
LINE
8
BLACK
6
CONTINUOUS
10
5.7355853543307083
20
-2.7122589763779525
11
5.735487362204724
21
-2.7122183858267714
0
LINE
8
BLACK
6
CONTINUOUS
10
5.735487362204724
20
-2.7122183858267714
11
5.7353814960629919
21
-2.7122108661417323
0
LINE
8
BLACK
6
CONTINUOUS
10
5.7353814960629919
20
-2.7122108661417323
11
5.7348409055118106
21
-2.7120039763779529
0
LINE
8
BLACK
6
CONTINUOUS
10
5.7348409055118106
20
-2.7120039763779529
11
5.7310913779527555
21
-2.7101292125984253
0
LINE
8
BLACK
6
CONTINUOUS
10
5.7310913779527555
20
-2.7101292125984253
11
5.7308433464566928
21
-2.7099731102362203
0
LINE
8
BLACK
6
CONTINUOUS
10
5.7308433464566928
20
-2.7099731102362203
11
5.7307714173228348
21
-2.7099433070866139
0
LINE
8
BLACK
6
CONTINUOUS
10
5.7307714173228348
20
-2.7099433070866139
11
5.7306904330708663
21
-2.7098768503937007
0
LINE
8
BLACK
6
CONTINUOUS
10
5.7306904330708663
20
-2.7098768503937007
11
5.7306014960629916
21
-2.7098208661417322
0
LINE
8
BLACK
6
CONTINUOUS
10
5.7306014960629916
20
-2.7098208661417322
11
5.7305502755905513
21
-2.7097618110236219
0
LINE
8
BLACK
6
CONTINUOUS
10
5.7305502755905513
20
-2.7097618110236219
11
5.7303239370078742
21
-2.7095760629921259
0
LINE
8
BLACK
6
CONTINUOUS
10
5.7303239370078742
20
-2.7095760629921259
11
5.7284491732283467
21
-2.7077012598425196
0
LINE
8
BLACK
6
CONTINUOUS
10
5.7284491732283467
20
-2.7077012598425196
11
5.7282634251968503
21
-2.7074749212598426
0
LINE
8
BLACK
6
CONTINUOUS
10
5.7282634251968503
20
-2.7074749212598426
11
5.7282044488188975
21
-2.7074237795275589
0
LINE
8
BLACK
6
CONTINUOUS
10
5.7282044488188975
20
-2.7074237795275589
11
5.7281484645669289
21
-2.707334842519685
0
LINE
8
BLACK
6
CONTINUOUS
10
5.7281484645669289
20
-2.707334842519685
11
5.728081968503937
21
-2.7072538188976378
0
LINE
8
BLACK
6
CONTINUOUS
10
5.728081968503937
20
-2.7072538188976378
11
5.7280521259842514
21
-2.7071817716535431
0
LINE
8
BLACK
6
CONTINUOUS
10
5.7280521259842514
20
-2.7071817716535431
11
5.7278961023622044
21
-2.706933897637795
0
LINE
8
BLACK
6
CONTINUOUS
10
5.7278961023622044
20
-2.706933897637795
11
5.7260213385826768
21
-2.7031843700787399
0
LINE
8
BLACK
6
CONTINUOUS
10
5.7260213385826768
20
-2.7031843700787399
11
5.7260051968503936
21
-2.7031422440944883
0
LINE
8
BLACK
6
CONTINUOUS
10
5.7260051968503936
20
-2.7031422440944883
11
5.7259925196850396
21
-2.7031251181102363
0
LINE
8
BLACK
6
CONTINUOUS
10
5.7259925196850396
20
-2.7031251181102363
11
5.7259060629921255
21
-2.7028831496062993
0
LINE
8
BLACK
6
CONTINUOUS
10
5.7259060629921255
20
-2.7028831496062993
11
5.7258144488188973
21
-2.7026437401574803
0
LINE
8
BLACK
6
CONTINUOUS
10
5.7258144488188973
20
-2.7026437401574803
11
5.7258129133858269
21
-2.7026224803149606
0
LINE
8
BLACK
6
CONTINUOUS
10
5.7258129133858269
20
-2.7026224803149606
11
5.7257977559055115
21
-2.7025799999999998
0
LINE
8
BLACK
6
CONTINUOUS
10
5.7257977559055115
20
-2.7025799999999998
11
5.723922992125984
21
-2.6950809448818895
0
LINE
8
BLACK
6
CONTINUOUS
10
5.723922992125984
20
-2.6950809448818895
11
5.7239081889763774
21
-2.694981062992126
0
LINE
8
BLACK
6
CONTINUOUS
10
5.7239081889763774
20
-2.694981062992126
11
5.7238915748031491
21
-2.694940866141732
0
LINE
8
BLACK
6
CONTINUOUS
10
5.7238915748031491
20
-2.694940866141732
11
5.7238701968503936
21
-2.6947238188976379
0
LINE
8
BLACK
6
CONTINUOUS
10
5.7238701968503936
20
-2.6947238188976379
11
5.7238383464566924
21
-2.694508346456693
0
LINE
8
BLACK
6
CONTINUOUS
10
5.7238383464566924
20
-2.694508346456693
11
5.7238447244094486
21
-2.6944653149606297
0
LINE
8
BLACK
6
CONTINUOUS
10
5.7238447244094486
20
-2.6944653149606297
11
5.7238348425196852
21
-2.6943648031496061
0
LINE
8
BLACK
6
CONTINUOUS
10
5.7238348425196852
20
-2.6943648031496061
11
5.7238348425196852
21
-2.6849909842519684
0
LINE
8
BLACK
6
CONTINUOUS
10
5.7238348425196852
20
-2.6849909842519684
11
5.7238447244094486
21
-2.6848904330708661
0
LINE
8
BLACK
6
CONTINUOUS
10
5.7238447244094486
20
-2.6848904330708661
11
5.7238383464566924
21
-2.6848474409448819
0
LINE
8
BLACK
6
CONTINUOUS
10
5.7238383464566924
20
-2.6848474409448819
11
5.7238701968503936
21
-2.6846319291338583
0
LINE
8
BLACK
6
CONTINUOUS
10
5.7238701968503936
20
-2.6846319291338583
11
5.7238915748031491
21
-2.6844149212598425
0
LINE
8
BLACK
6
CONTINUOUS
10
5.7238915748031491
20
-2.6844149212598425
11
5.7239081889763774
21
-2.6843746850393702
0
LINE
8
BLACK
6
CONTINUOUS
10
5.7239081889763774
20
-2.6843746850393702
11
5.723922992125984
21
-2.684274842519685
0
LINE
8
BLACK
6
CONTINUOUS
10
5.723922992125984
20
-2.684274842519685
11
5.7257977559055115
21
-2.6767757874015747
0
LINE
8
BLACK
6
CONTINUOUS
10
5.7257977559055115
20
-2.6767757874015747
11
5.7258129133858269
21
-2.6767332677165352
0
LINE
8
BLACK
6
CONTINUOUS
10
5.7258129133858269
20
-2.6767332677165352
11
5.7258144488188973
21
-2.6767120472440946
0
LINE
8
BLACK
6
CONTINUOUS
10
5.7258144488188973
20
-2.6767120472440946
11
5.7259060629921255
21
-2.6764725984251969
0
LINE
8
BLACK
6
CONTINUOUS
10
5.7259060629921255
20
-2.6764725984251969
11
5.7259925196850396
21
-2.6762306692913387
0
LINE
8
BLACK
6
CONTINUOUS
10
5.7259925196850396
20
-2.6762306692913387
11
5.7260051968503936
21
-2.6762135039370079
0
LINE
8
BLACK
6
CONTINUOUS
10
5.7260051968503936
20
-2.6762135039370079
11
5.7260213385826768
21
-2.6761714173228346
0
LINE
8
BLACK
6
CONTINUOUS
10
5.7260213385826768
20
-2.6761714173228346
11
5.7278961023622044
21
-2.6724218897637795
0
LINE
8
BLACK
6
CONTINUOUS
10
5.7278961023622044
20
-2.6724218897637795
11
5.7280521653543301
21
-2.6721738582677164
0
LINE
8
BLACK
6
CONTINUOUS
10
5.7280521653543301
20
-2.6721738582677164
11
5.7280820078740158
21
-2.6721019291338584
0
LINE
8
BLACK
6
CONTINUOUS
10
5.7280820078740158
20
-2.6721019291338584
11
5.7281484645669289
21
-2.6720209448818899
0
LINE
8
BLACK
6
CONTINUOUS
10
5.7281484645669289
20
-2.6720209448818899
11
5.7282044488188975
21
-2.6719320078740156
0
LINE
8
BLACK
6
CONTINUOUS
10
5.7282044488188975
20
-2.6719320078740156
11
5.7282634251968503
21
-2.6718808267716536
0
LINE
8
BLACK
6
CONTINUOUS
10
5.7282634251968503
20
-2.6718808267716536
11
5.7284492125984254
21
-2.6716544881889761
0
LINE
8
BLACK
6
CONTINUOUS
10
5.7284492125984254
20
-2.6716544881889761
11
5.730323976377953
21
-2.6697797244094486
0
LINE
8
BLACK
6
CONTINUOUS
10
5.730323976377953
20
-2.6697797244094486
11
5.7305503149606301
21
-2.6695939370078738
0
LINE
8
BLACK
6
CONTINUOUS
10
5.7305503149606301
20
-2.6695939370078738
11
5.7306014960629916
21
-2.669534960629921
0
LINE
8
BLACK
6
CONTINUOUS
10
5.7306014960629916
20
-2.669534960629921
11
5.7306904330708663
21
-2.6694789763779525
0
LINE
8
BLACK
6
CONTINUOUS
10
5.7306904330708663
20
-2.6694789763779525
11
5.7307714173228348
21
-2.6694125196850393
0
LINE
8
BLACK
6
CONTINUOUS
10
5.7307714173228348
20
-2.6694125196850393
11
5.7308433464566928
21
-2.6693826771653542
0
LINE
8
BLACK
6
CONTINUOUS
10
5.7308433464566928
20
-2.6693826771653542
11
5.7310913779527555
21
-2.6692266141732284
0
LINE
8
BLACK
6
CONTINUOUS
10
5.7310913779527555
20
-2.6692266141732284
11
5.7348409055118106
21
-2.6673518503937008
0
LINE
8
BLACK
6
CONTINUOUS
10
5.7348409055118106
20
-2.6673518503937008
11
5.7353814960629919
21
-2.6671449606299213
0
LINE
8
BLACK
6
CONTINUOUS
10
5.7353814960629919
20
-2.6671449606299213
11
5.735487362204724
21
-2.6671374015748031
0
LINE
8
BLACK
6
CONTINUOUS
10
5.735487362204724
20
-2.6671374015748031
11
5.7355853543307083
21
-2.6670968503937007
0
LINE
8
BLACK
6
CONTINUOUS
10
5.7355853543307083
20
-2.6670968503937007
11
5.7361614173228341
21
-2.6670401181102363
0
LINE
8
BLACK
6
CONTINUOUS
10
5.7361614173228341
20
-2.6670401181102363
11
5.7399109448818892
21
-2.6670401181102363
0
LINE
8
BLACK
6
CONTINUOUS
10
5.7399109448818892
20
-2.6670401181102363
11
5.740487007874016
21
-2.6670968503937007
0
LINE
8
BLACK
6
CONTINUOUS
10
5.7341609842519681
20
-2.6742943700787403
11
5.7329638582677163
21
-2.6754914960629921
0
LINE
8
BLACK
6
CONTINUOUS
10
5.7329638582677163
20
-2.6754914960629921
11
5.731448346456693
21
-2.6785224803149608
0
LINE
8
BLACK
6
CONTINUOUS
10
5.731448346456693
20
-2.6785224803149608
11
5.7297403543307084
21
-2.6853545275590549
0
LINE
8
BLACK
6
CONTINUOUS
10
5.7297403543307084
20
-2.6853545275590549
11
5.7297403543307084
21
-2.6940012598425196
0
LINE
8
BLACK
6
CONTINUOUS
10
5.7297403543307084
20
-2.6940012598425196
11
5.731448346456693
21
-2.7008333070866142
0
LINE
8
BLACK
6
CONTINUOUS
10
5.731448346456693
20
-2.7008333070866142
11
5.7329638582677163
21
-2.7038642913385824
0
LINE
8
BLACK
6
CONTINUOUS
10
5.7329638582677163
20
-2.7038642913385824
11
5.7341609842519681
21
-2.7050614566929134
0
LINE
8
BLACK
6
CONTINUOUS
10
5.7341609842519681
20
-2.7050614566929134
11
5.7368584645669287
21
-2.7064101968503937
0
LINE
8
BLACK
6
CONTINUOUS
10
5.7368584645669287
20
-2.7064101968503937
11
5.7392138976377955
21
-2.7064101968503937
0
LINE
8
BLACK
6
CONTINUOUS
10
5.7392138976377955
20
-2.7064101968503937
11
5.7419113385826774
21
-2.7050614566929134
0
LINE
8
BLACK
6
CONTINUOUS
10
5.7419113385826774
20
-2.7050614566929134
11
5.7431084645669292
21
-2.7038642913385824
0
LINE
8
BLACK
6
CONTINUOUS
10
5.7431084645669292
20
-2.7038642913385824
11
5.7446239763779525
21
-2.7008333070866142
0
LINE
8
BLACK
6
CONTINUOUS
10
5.7446239763779525
20
-2.7008333070866142
11
5.7463320078740159
21
-2.6940012598425196
0
LINE
8
BLACK
6
CONTINUOUS
10
5.7463320078740159
20
-2.6940012598425196
11
5.7463320078740159
21
-2.6853545275590549
0
LINE
8
BLACK
6
CONTINUOUS
10
5.7463320078740159
20
-2.6853545275590549
11
5.7446239763779525
21
-2.6785224803149608
0
LINE
8
BLACK
6
CONTINUOUS
10
5.7446239763779525
20
-2.6785224803149608
11
5.743108503937008
21
-2.6754914960629921
0
LINE
8
BLACK
6
CONTINUOUS
10
5.743108503937008
20
-2.6754914960629921
11
5.7419113779527562
21
-2.6742943700787403
0
LINE
8
BLACK
6
CONTINUOUS
10
5.7419113779527562
20
-2.6742943700787403
11
5.7392138976377955
21
-2.6729456299212599
0
LINE
8
BLACK
6
CONTINUOUS
10
5.7392138976377955
20
-2.6729456299212599
11
5.7368584645669287
21
-2.6729456299212599
0
LINE
8
BLACK
6
CONTINUOUS
10
5.7368584645669287
20
-2.6729456299212599
11
5.7341609842519681
21
-2.6742943700787403
0
LINE
8
BLACK
6
CONTINUOUS
10
5.7967299606299214
20
-2.6670968503937007
11
5.7968279527559057
21
-2.6671374409448818
0
LINE
8
BLACK
6
CONTINUOUS
10
5.7968279527559057
20
-2.6671374409448818
11
5.7969337795275591
21
-2.6671449606299213
0
LINE
8
BLACK
6
CONTINUOUS
10
5.7969337795275591
20
-2.6671449606299213
11
5.7974744094488191
21
-2.6673518503937008
0
LINE
8
BLACK
6
CONTINUOUS
10
5.7974744094488191
20
-2.6673518503937008
11
5.8012239370078742
21
-2.6692266141732284
0
LINE
8
BLACK
6
CONTINUOUS
10
5.8012239370078742
20
-2.6692266141732284
11
5.8014719291338581
21
-2.6693826771653542
0
LINE
8
BLACK
6
CONTINUOUS
10
5.8014719291338581
20
-2.6693826771653542
11
5.8015438976377949
21
-2.6694125196850393
0
LINE
8
BLACK
6
CONTINUOUS
10
5.8015438976377949
20
-2.6694125196850393
11
5.8016248425196846
21
-2.6694789763779525
0
LINE
8
BLACK
6
CONTINUOUS
10
5.8016248425196846
20
-2.6694789763779525
11
5.801713818897638
21
-2.669534960629921
0
LINE
8
BLACK
6
CONTINUOUS
10
5.801713818897638
20
-2.669534960629921
11
5.8017649606299209
21
-2.6695939370078738
0
LINE
8
BLACK
6
CONTINUOUS
10
5.8017649606299209
20
-2.6695939370078738
11
5.8019913385826767
21
-2.6697797244094486
0
LINE
8
BLACK
6
CONTINUOUS
10
5.8019913385826767
20
-2.6697797244094486
11
5.8038661023622042
21
-2.6716544881889761
0
LINE
8
BLACK
6
CONTINUOUS
10
5.8038661023622042
20
-2.6716544881889761
11
5.8040518503937006
21
-2.6718808267716536
0
LINE
8
BLACK
6
CONTINUOUS
10
5.8040518503937006
20
-2.6718808267716536
11
5.8041108661417322
21
-2.6719320078740156
0
LINE
8
BLACK
6
CONTINUOUS
10
5.8041108661417322
20
-2.6719320078740156
11
5.804166811023622
21
-2.6720209448818899
0
LINE
8
BLACK
6
CONTINUOUS
10
5.804166811023622
20
-2.6720209448818899
11
5.8042333070866139
21
-2.6721019291338584
0
LINE
8
BLACK
6
CONTINUOUS
10
5.8042333070866139
20
-2.6721019291338584
11
5.8042631102362208
21
-2.6721738582677164
0
LINE
8
BLACK
6
CONTINUOUS
10
5.8042631102362208
20
-2.6721738582677164
11
5.8044192125984253
21
-2.6724218897637795
0
LINE
8
BLACK
6
CONTINUOUS
10
5.8044192125984253
20
-2.6724218897637795
11
5.8062939763779529
21
-2.6761714173228346
0
LINE
8
BLACK
6
CONTINUOUS
10
5.8062939763779529
20
-2.6761714173228346
11
5.8063100787401574
21
-2.6762135039370079
0
LINE
8
BLACK
6
CONTINUOUS
10
5.8063100787401574
20
-2.6762135039370079
11
5.80632279527559
21
-2.6762306692913387
0
LINE
8
BLACK
6
CONTINUOUS
10
5.80632279527559
20
-2.6762306692913387
11
5.8064090944881892
21
-2.6764722440944881
0
LINE
8
BLACK
6
CONTINUOUS
10
5.8064090944881892
20
-2.6764722440944881
11
5.8065008661417323
21
-2.6767120078740159
0
LINE
8
BLACK
6
CONTINUOUS
10
5.8065008661417323
20
-2.6767120078740159
11
5.806502362204724
21
-2.6767332677165352
0
LINE
8
BLACK
6
CONTINUOUS
10
5.806502362204724
20
-2.6767332677165352
11
5.8065175590551181
21
-2.6767757874015747
0
LINE
8
BLACK
6
CONTINUOUS
10
5.8065175590551181
20
-2.6767757874015747
11
5.8083923228346457
21
-2.684274842519685
0
LINE
8
BLACK
6
CONTINUOUS
10
5.8083923228346457
20
-2.684274842519685
11
5.8084070866141735
21
-2.6843746850393702
0
LINE
8
BLACK
6
CONTINUOUS
10
5.8084070866141735
20
-2.6843746850393702
11
5.8084237401574805
21
-2.6844149212598425
0
LINE
8
BLACK
6
CONTINUOUS
10
5.8084237401574805
20
-2.6844149212598425
11
5.8084450787401574
21
-2.6846319291338583
0
LINE
8
BLACK
6
CONTINUOUS
10
5.8084450787401574
20
-2.6846319291338583
11
5.8084769685039372
21
-2.6848474409448819
0
LINE
8
BLACK
6
CONTINUOUS
10
5.8084769685039372
20
-2.6848474409448819
11
5.8084705511811023
21
-2.6848904330708661
0
LINE
8
BLACK
6
CONTINUOUS
10
5.8084705511811023
20
-2.6848904330708661
11
5.8084804724409445
21
-2.6849909842519684
0
LINE
8
BLACK
6
CONTINUOUS
10
5.8084804724409445
20
-2.6849909842519684
11
5.8084804724409445
21
-2.6943648031496061
0
LINE
8
BLACK
6
CONTINUOUS
10
5.8084804724409445
20
-2.6943648031496061
11
5.8084705511811023
21
-2.6944653149606297
0
LINE
8
BLACK
6
CONTINUOUS
10
5.8084705511811023
20
-2.6944653149606297
11
5.8084769685039372
21
-2.694508346456693
0
LINE
8
BLACK
6
CONTINUOUS
10
5.8084769685039372
20
-2.694508346456693
11
5.8084450787401574
21
-2.6947238188976379
0
LINE
8
BLACK
6
CONTINUOUS
10
5.8084450787401574
20
-2.6947238188976379
11
5.8084237401574805
21
-2.694940866141732
0
LINE
8
BLACK
6
CONTINUOUS
10
5.8084237401574805
20
-2.694940866141732
11
5.8084070866141735
21
-2.694981062992126
0
LINE
8
BLACK
6
CONTINUOUS
10
5.8084070866141735
20
-2.694981062992126
11
5.8083923228346457
21
-2.6950809448818895
0
LINE
8
BLACK
6
CONTINUOUS
10
5.8083923228346457
20
-2.6950809448818895
11
5.8065175590551181
21
-2.7025799999999998
0
LINE
8
BLACK
6
CONTINUOUS
10
5.8065175590551181
20
-2.7025799999999998
11
5.806502362204724
21
-2.7026224803149606
0
LINE
8
BLACK
6
CONTINUOUS
10
5.806502362204724
20
-2.7026224803149606
11
5.8065008661417323
21
-2.7026437795275591
0
LINE
8
BLACK
6
CONTINUOUS
10
5.8065008661417323
20
-2.7026437795275591
11
5.8064090944881892
21
-2.7028835039370076
0
LINE
8
BLACK
6
CONTINUOUS
10
5.8064090944881892
20
-2.7028835039370076
11
5.80632279527559
21
-2.7031251181102363
0
LINE
8
BLACK
6
CONTINUOUS
10
5.80632279527559
20
-2.7031251181102363
11
5.8063100787401574
21
-2.7031422440944883
0
LINE
8
BLACK
6
CONTINUOUS
10
5.8063100787401574
20
-2.7031422440944883
11
5.8062939763779529
21
-2.7031843700787399
0
LINE
8
BLACK
6
CONTINUOUS
10
5.8062939763779529
20
-2.7031843700787399
11
5.8044192125984253
21
-2.706933897637795
0
LINE
8
BLACK
6
CONTINUOUS
10
5.8044192125984253
20
-2.706933897637795
11
5.8042631496062995
21
-2.7071817716535431
0
LINE
8
BLACK
6
CONTINUOUS
10
5.8042631496062995
20
-2.7071817716535431
11
5.8042333464566926
21
-2.7072538188976378
0
LINE
8
BLACK
6
CONTINUOUS
10
5.8042333464566926
20
-2.7072538188976378
11
5.804166811023622
21
-2.707334842519685
0
LINE
8
BLACK
6
CONTINUOUS
10
5.804166811023622
20
-2.707334842519685
11
5.8041108661417322
21
-2.7074237795275589
0
LINE
8
BLACK
6
CONTINUOUS
10
5.8041108661417322
20
-2.7074237795275589
11
5.8040518503937006
21
-2.7074749212598426
0
LINE
8
BLACK
6
CONTINUOUS
10
5.8040518503937006
20
-2.7074749212598426
11
5.8038661023622042
21
-2.7077012992125984
0
LINE
8
BLACK
6
CONTINUOUS
10
5.8038661023622042
20
-2.7077012992125984
11
5.8019913779527554
21
-2.7095760629921259
0
LINE
8
BLACK
6
CONTINUOUS
10
5.8019913779527554
20
-2.7095760629921259
11
5.8017649999999996
21
-2.7097618110236219
0
LINE
8
BLACK
6
CONTINUOUS
10
5.8017649999999996
20
-2.7097618110236219
11
5.801713818897638
21
-2.7098208661417322
0
LINE
8
BLACK
6
CONTINUOUS
10
5.801713818897638
20
-2.7098208661417322
11
5.8016248425196846
21
-2.7098768503937007
0
LINE
8
BLACK
6
CONTINUOUS
10
5.8016248425196846
20
-2.7098768503937007
11
5.8015438976377949
21
-2.7099433070866139
0
LINE
8
BLACK
6
CONTINUOUS
10
5.8015438976377949
20
-2.7099433070866139
11
5.8014719291338581
21
-2.7099731102362203
0
LINE
8
BLACK
6
CONTINUOUS
10
5.8014719291338581
20
-2.7099731102362203
11
5.8012239370078742
21
-2.7101292125984253
0
LINE
8
BLACK
6
CONTINUOUS
10
5.8012239370078742
20
-2.7101292125984253
11
5.7974744094488191
21
-2.7120039763779529
0
LINE
8
BLACK
6
CONTINUOUS
10
5.7974744094488191
20
-2.7120039763779529
11
5.7969337795275591
21
-2.7122108661417323
0
LINE
8
BLACK
6
CONTINUOUS
10
5.7969337795275591
20
-2.7122108661417323
11
5.7968279527559057
21
-2.7122183464566927
0
LINE
8
BLACK
6
CONTINUOUS
10
5.7968279527559057
20
-2.7122183464566927
11
5.7967299606299214
21
-2.7122589763779525
0
LINE
8
BLACK
6
CONTINUOUS
10
5.7967299606299214
20
-2.7122589763779525
11
5.7961538976377955
21
-2.7123157086614174
0
LINE
8
BLACK
6
CONTINUOUS
10
5.7961538976377955
20
-2.7123157086614174
11
5.7924043700787404
21
-2.7123157086614174
0
LINE
8
BLACK
6
CONTINUOUS
10
5.7924043700787404
20
-2.7123157086614174
11
5.7918283070866137
21
-2.7122589763779525
0
LINE
8
BLACK
6
CONTINUOUS
10
5.7918283070866137
20
-2.7122589763779525
11
5.7917303149606294
21
-2.7122183858267714
0
LINE
8
BLACK
6
CONTINUOUS
10
5.7917303149606294
20
-2.7122183858267714
11
5.7916244488188973
21
-2.7122108661417323
0
LINE
8
BLACK
6
CONTINUOUS
10
5.7916244488188973
20
-2.7122108661417323
11
5.791083858267716
21
-2.7120039763779529
0
LINE
8
BLACK
6
CONTINUOUS
10
5.791083858267716
20
-2.7120039763779529
11
5.7873343307086609
21
-2.7101292125984253
0
LINE
8
BLACK
6
CONTINUOUS
10
5.7873343307086609
20
-2.7101292125984253
11
5.7870862992125982
21
-2.7099731102362203
0
LINE
8
BLACK
6
CONTINUOUS
10
5.7870862992125982
20
-2.7099731102362203
11
5.7870143700787402
21
-2.7099433070866139
0
LINE
8
BLACK
6
CONTINUOUS
10
5.7870143700787402
20
-2.7099433070866139
11
5.7869333858267717
21
-2.7098768503937007
0
LINE
8
BLACK
6
CONTINUOUS
10
5.7869333858267717
20
-2.7098768503937007
11
5.7868444488188979
21
-2.7098208661417322
0
LINE
8
BLACK
6
CONTINUOUS
10
5.7868444488188979
20
-2.7098208661417322
11
5.7867932283464567
21
-2.7097618110236219
0
LINE
8
BLACK
6
CONTINUOUS
10
5.7867932283464567
20
-2.7097618110236219
11
5.7865668897637796
21
-2.7095760629921259
0
LINE
8
BLACK
6
CONTINUOUS
10
5.7865668897637796
20
-2.7095760629921259
11
5.7846921259842521
21
-2.7077012598425196
0
LINE
8
BLACK
6
CONTINUOUS
10
5.7846921259842521
20
-2.7077012598425196
11
5.7845063779527557
21
-2.7074749212598426
0
LINE
8
BLACK
6
CONTINUOUS
10
5.7845063779527557
20
-2.7074749212598426
11
5.7844474015748029
21
-2.7074237795275589
0
LINE
8
BLACK
6
CONTINUOUS
10
5.7844474015748029
20
-2.7074237795275589
11
5.7843914173228344
21
-2.707334842519685
0
LINE
8
BLACK
6
CONTINUOUS
10
5.7843914173228344
20
-2.707334842519685
11
5.7843249212598424
21
-2.7072538188976378
0
LINE
8
BLACK
6
CONTINUOUS
10
5.7843249212598424
20
-2.7072538188976378
11
5.7842950787401577
21
-2.7071817716535431
0
LINE
8
BLACK
6
CONTINUOUS
10
5.7842950787401577
20
-2.7071817716535431
11
5.7841390551181098
21
-2.706933897637795
0
LINE
8
BLACK
6
CONTINUOUS
10
5.7841390551181098
20
-2.706933897637795
11
5.7822642913385822
21
-2.7031843700787399
0
LINE
8
BLACK
6
CONTINUOUS
10
5.7822642913385822
20
-2.7031843700787399
11
5.782248149606299
21
-2.7031422440944883
0
LINE
8
BLACK
6
CONTINUOUS
10
5.782248149606299
20
-2.7031422440944883
11
5.782235472440945
21
-2.7031251181102363
0
LINE
8
BLACK
6
CONTINUOUS
10
5.782235472440945
20
-2.7031251181102363
11
5.7821490157480318
21
-2.7028831496062993
0
LINE
8
BLACK
6
CONTINUOUS
10
5.7821490157480318
20
-2.7028831496062993
11
5.7820574015748027
21
-2.7026437401574803
0
LINE
8
BLACK
6
CONTINUOUS
10
5.7820574015748027
20
-2.7026437401574803
11
5.7820558661417323
21
-2.7026224803149606
0
LINE
8
BLACK
6
CONTINUOUS
10
5.7820558661417323
20
-2.7026224803149606
11
5.782040708661417
21
-2.7025799999999998
0
LINE
8
BLACK
6
CONTINUOUS
10
5.782040708661417
20
-2.7025799999999998
11
5.7801659448818894
21
-2.6950809448818895
0
LINE
8
BLACK
6
CONTINUOUS
10
5.7801659448818894
20
-2.6950809448818895
11
5.7801511417322837
21
-2.694981062992126
0
LINE
8
BLACK
6
CONTINUOUS
10
5.7801511417322837
20
-2.694981062992126
11
5.7801345275590545
21
-2.694940866141732
0
LINE
8
BLACK
6
CONTINUOUS
10
5.7801345275590545
20
-2.694940866141732
11
5.780113149606299
21
-2.6947238188976379
0
LINE
8
BLACK
6
CONTINUOUS
10
5.780113149606299
20
-2.6947238188976379
11
5.7800812992125987
21
-2.694508346456693
0
LINE
8
BLACK
6
CONTINUOUS
10
5.7800812992125987
20
-2.694508346456693
11
5.780087677165354
21
-2.6944653149606297
0
LINE
8
BLACK
6
CONTINUOUS
10
5.780087677165354
20
-2.6944653149606297
11
5.7800777952755906
21
-2.6943648031496061
0
LINE
8
BLACK
6
CONTINUOUS
10
5.7800777952755906
20
-2.6943648031496061
11
5.7800777952755906
21
-2.6849909842519684
0
LINE
8
BLACK
6
CONTINUOUS
10
5.7800777952755906
20
-2.6849909842519684
11
5.780087677165354
21
-2.6848904330708661
0
LINE
8
BLACK
6
CONTINUOUS
10
5.780087677165354
20
-2.6848904330708661
11
5.7800812992125987
21
-2.6848474409448819
0
LINE
8
BLACK
6
CONTINUOUS
10
5.7800812992125987
20
-2.6848474409448819
11
5.780113149606299
21
-2.6846319291338583
0
LINE
8
BLACK
6
CONTINUOUS
10
5.780113149606299
20
-2.6846319291338583
11
5.7801345275590545
21
-2.6844149212598425
0
LINE
8
BLACK
6
CONTINUOUS
10
5.7801345275590545
20
-2.6844149212598425
11
5.7801511417322837
21
-2.6843746850393702
0
LINE
8
BLACK
6
CONTINUOUS
10
5.7801511417322837
20
-2.6843746850393702
11
5.7801659448818894
21
-2.684274842519685
0
LINE
8
BLACK
6
CONTINUOUS
10
5.7801659448818894
20
-2.684274842519685
11
5.782040708661417
21
-2.6767757874015747
0
LINE
8
BLACK
6
CONTINUOUS
10
5.782040708661417
20
-2.6767757874015747
11
5.7820558661417323
21
-2.6767332677165352
0
LINE
8
BLACK
6
CONTINUOUS
10
5.7820558661417323
20
-2.6767332677165352
11
5.7820574015748027
21
-2.6767120472440946
0
LINE
8
BLACK
6
CONTINUOUS
10
5.7820574015748027
20
-2.6767120472440946
11
5.7821490157480318
21
-2.6764725984251969
0
LINE
8
BLACK
6
CONTINUOUS
10
5.7821490157480318
20
-2.6764725984251969
11
5.782235472440945
21
-2.6762306692913387
0
LINE
8
BLACK
6
CONTINUOUS
10
5.782235472440945
20
-2.6762306692913387
11
5.782248149606299
21
-2.6762135039370079
0
LINE
8
BLACK
6
CONTINUOUS
10
5.782248149606299
20
-2.6762135039370079
11
5.7822642913385822
21
-2.6761714173228346
0
LINE
8
BLACK
6
CONTINUOUS
10
5.7822642913385822
20
-2.6761714173228346
11
5.7841390551181098
21
-2.6724218897637795
0
LINE
8
BLACK
6
CONTINUOUS
10
5.7841390551181098
20
-2.6724218897637795
11
5.7842951181102364
21
-2.6721738582677164
0
LINE
8
BLACK
6
CONTINUOUS
10
5.7842951181102364
20
-2.6721738582677164
11
5.7843249606299212
21
-2.6721019291338584
0
LINE
8
BLACK
6
CONTINUOUS
10
5.7843249606299212
20
-2.6721019291338584
11
5.7843914173228344
21
-2.6720209448818899
0
LINE
8
BLACK
6
CONTINUOUS
10
5.7843914173228344
20
-2.6720209448818899
11
5.7844474015748029
21
-2.6719320078740156
0
LINE
8
BLACK
6
CONTINUOUS
10
5.7844474015748029
20
-2.6719320078740156
11
5.7845063779527557
21
-2.6718808267716536
0
LINE
8
BLACK
6
CONTINUOUS
10
5.7845063779527557
20
-2.6718808267716536
11
5.7846921653543308
21
-2.6716544881889761
0
LINE
8
BLACK
6
CONTINUOUS
10
5.7846921653543308
20
-2.6716544881889761
11
5.7865669291338584
21
-2.6697797244094486
0
LINE
8
BLACK
6
CONTINUOUS
10
5.7865669291338584
20
-2.6697797244094486
11
5.7867932677165355
21
-2.6695939370078738
0
LINE
8
BLACK
6
CONTINUOUS
10
5.7867932677165355
20
-2.6695939370078738
11
5.7868444488188979
21
-2.669534960629921
0
LINE
8
BLACK
6
CONTINUOUS
10
5.7868444488188979
20
-2.669534960629921
11
5.7869333858267717
21
-2.6694789763779525
0
LINE
8
BLACK
6
CONTINUOUS
10
5.7869333858267717
20
-2.6694789763779525
11
5.7870143700787402
21
-2.6694125196850393
0
LINE
8
BLACK
6
CONTINUOUS
10
5.7870143700787402
20
-2.6694125196850393
11
5.7870862992125982
21
-2.6693826771653542
0
LINE
8
BLACK
6
CONTINUOUS
10
5.7870862992125982
20
-2.6693826771653542
11
5.7873343307086609
21
-2.6692266141732284
0
LINE
8
BLACK
6
CONTINUOUS
10
5.7873343307086609
20
-2.6692266141732284
11
5.791083858267716
21
-2.6673518503937008
0
LINE
8
BLACK
6
CONTINUOUS
10
5.791083858267716
20
-2.6673518503937008
11
5.7916244488188973
21
-2.6671449606299213
0
LINE
8
BLACK
6
CONTINUOUS
10
5.7916244488188973
20
-2.6671449606299213
11
5.7917303149606294
21
-2.6671374015748031
0
LINE
8
BLACK
6
CONTINUOUS
10
5.7917303149606294
20
-2.6671374015748031
11
5.7918283070866137
21
-2.6670968503937007
0
LINE
8
BLACK
6
CONTINUOUS
10
5.7918283070866137
20
-2.6670968503937007
11
5.7924043700787404
21
-2.6670401181102363
0
LINE
8
BLACK
6
CONTINUOUS
10
5.7924043700787404
20
-2.6670401181102363
11
5.7961538976377955
21
-2.6670401181102363
0
LINE
8
BLACK
6
CONTINUOUS
10
5.7961538976377955
20
-2.6670401181102363
11
5.7967299606299214
21
-2.6670968503937007
0
LINE
8
BLACK
6
CONTINUOUS
10
5.7904039370078735
20
-2.6742943700787403
11
5.7892068110236217
21
-2.6754914960629921
0
LINE
8
BLACK
6
CONTINUOUS
10
5.7892068110236217
20
-2.6754914960629921
11
5.7876912992125984
21
-2.6785224803149608
0
LINE
8
BLACK
6
CONTINUOUS
10
5.7876912992125984
20
-2.6785224803149608
11
5.7859833070866138
21
-2.6853545275590549
0
LINE
8
BLACK
6
CONTINUOUS
10
5.7859833070866138
20
-2.6853545275590549
11
5.7859833070866138
21
-2.6940012598425196
0
LINE
8
BLACK
6
CONTINUOUS
10
5.7859833070866138
20
-2.6940012598425196
11
5.7876912992125984
21
-2.7008333070866142
0
LINE
8
BLACK
6
CONTINUOUS
10
5.7876912992125984
20
-2.7008333070866142
11
5.7892068110236217
21
-2.7038642913385824
0
LINE
8
BLACK
6
CONTINUOUS
10
5.7892068110236217
20
-2.7038642913385824
11
5.7904039370078735
21
-2.7050614566929134
0
LINE
8
BLACK
6
CONTINUOUS
10
5.7904039370078735
20
-2.7050614566929134
11
5.7931014173228341
21
-2.7064101968503937
0
LINE
8
BLACK
6
CONTINUOUS
10
5.7931014173228341
20
-2.7064101968503937
11
5.795456850393701
21
-2.7064101968503937
0
LINE
8
BLACK
6
CONTINUOUS
10
5.795456850393701
20
-2.7064101968503937
11
5.7981542913385828
21
-2.7050614566929134
0
LINE
8
BLACK
6
CONTINUOUS
10
5.7981542913385828
20
-2.7050614566929134
11
5.7993514173228347
21
-2.7038642913385824
0
LINE
8
BLACK
6
CONTINUOUS
10
5.7993514173228347
20
-2.7038642913385824
11
5.8008669291338579
21
-2.7008333070866142
0
LINE
8
BLACK
6
CONTINUOUS
10
5.8008669291338579
20
-2.7008333070866142
11
5.8025749606299213
21
-2.6940012598425196
0
LINE
8
BLACK
6
CONTINUOUS
10
5.8025749606299213
20
-2.6940012598425196
11
5.8025749606299213
21
-2.6853545275590549
0
LINE
8
BLACK
6
CONTINUOUS
10
5.8025749606299213
20
-2.6853545275590549
11
5.8008669291338579
21
-2.6785224803149608
0
LINE
8
BLACK
6
CONTINUOUS
10
5.8008669291338579
20
-2.6785224803149608
11
5.7993514566929134
21
-2.6754914960629921
0
LINE
8
BLACK
6
CONTINUOUS
10
5.7993514566929134
20
-2.6754914960629921
11
5.7981543307086616
21
-2.6742943700787403
0
LINE
8
BLACK
6
CONTINUOUS
10
5.7981543307086616
20
-2.6742943700787403
11
5.795456850393701
21
-2.6729456299212599
0
LINE
8
BLACK
6
CONTINUOUS
10
5.795456850393701
20
-2.6729456299212599
11
5.7931014173228341
21
-2.6729456299212599
0
LINE
8
BLACK
6
CONTINUOUS
10
5.7931014173228341
20
-2.6729456299212599
11
5.7904039370078735
21
-2.6742943700787403
0
LINE
8
BLACK
6
CONTINUOUS
10
5.7001283858267717
20
-2.6655528740157481
11
5.7009987795275592
21
-2.6663077559055117
0
LINE
8
BLACK
6
CONTINUOUS
10
5.7009987795275592
20
-2.6663077559055117
11
5.701513976377953
21
-2.6673382283464568
0
LINE
8
BLACK
6
CONTINUOUS
10
5.701513976377953
20
-2.6673382283464568
11
5.7015956692913381
21
-2.6684874409448818
0
LINE
8
BLACK
6
CONTINUOUS
10
5.7015956692913381
20
-2.6684874409448818
11
5.7014673228346453
21
-2.6690518897637796
0
LINE
8
BLACK
6
CONTINUOUS
10
5.7014673228346453
20
-2.6690518897637796
11
5.6933890157480311
21
-2.6932868110236221
0
LINE
8
BLACK
6
CONTINUOUS
10
5.6933890157480311
20
-2.6932868110236221
11
5.7050871653543309
21
-2.6932868110236221
0
LINE
8
BLACK
6
CONTINUOUS
10
5.7050871653543309
20
-2.6932868110236221
11
5.7050871653543309
21
-2.6831162204724408
0
LINE
8
BLACK
6
CONTINUOUS
10
5.7050871653543309
20
-2.6831162204724408
11
5.7051438976377948
21
-2.6825401574803149
0
LINE
8
BLACK
6
CONTINUOUS
10
5.7051438976377948
20
-2.6825401574803149
11
5.7055848031496064
21
-2.6814757480314961
0
LINE
8
BLACK
6
CONTINUOUS
10
5.7055848031496064
20
-2.6814757480314961
11
5.7063994488188978
21
-2.6806611023622047
0
LINE
8
BLACK
6
CONTINUOUS
10
5.7063994488188978
20
-2.6806611023622047
11
5.7074638582677162
21
-2.6802201968503936
0
LINE
8
BLACK
6
CONTINUOUS
10
5.7074638582677162
20
-2.6802201968503936
11
5.7086159842519688
21
-2.6802201968503936
0
LINE
8
BLACK
6
CONTINUOUS
10
5.7086159842519688
20
-2.6802201968503936
11
5.7096803937007872
21
-2.6806611023622047
0
LINE
8
BLACK
6
CONTINUOUS
10
5.7096803937007872
20
-2.6806611023622047
11
5.7104950393700786
21
-2.6814757480314961
0
LINE
8
BLACK
6
CONTINUOUS
10
5.7104950393700786
20
-2.6814757480314961
11
5.7109359448818893
21
-2.6825401574803149
0
LINE
8
BLACK
6
CONTINUOUS
10
5.7109359448818893
20
-2.6825401574803149
11
5.7109926771653541
21
-2.6831162204724408
0
LINE
8
BLACK
6
CONTINUOUS
10
5.7109926771653541
20
-2.6831162204724408
11
5.7109926771653541
21
-2.6932868110236221
0
LINE
8
BLACK
6
CONTINUOUS
10
5.7109926771653541
20
-2.6932868110236221
11
5.7136642125984247
21
-2.6932868110236221
0
LINE
8
BLACK
6
CONTINUOUS
10
5.7136642125984247
20
-2.6932868110236221
11
5.7142402755905515
21
-2.6933435433070865
0
LINE
8
BLACK
6
CONTINUOUS
10
5.7142402755905515
20
-2.6933435433070865
11
5.7153046850393698
21
-2.6937844488188976
0
LINE
8
BLACK
6
CONTINUOUS
10
5.7153046850393698
20
-2.6937844488188976
11
5.7161193307086613
21
-2.694599094488189
0
LINE
8
BLACK
6
CONTINUOUS
10
5.7161193307086613
20
-2.694599094488189
11
5.7165602362204719
21
-2.6956635039370078
0
LINE
8
BLACK
6
CONTINUOUS
10
5.7165602362204719
20
-2.6956635039370078
11
5.7165602362204719
21
-2.6968156299212596
0
LINE
8
BLACK
6
CONTINUOUS
10
5.7165602362204719
20
-2.6968156299212596
11
5.7161193307086613
21
-2.6978800393700788
0
LINE
8
BLACK
6
CONTINUOUS
10
5.7161193307086613
20
-2.6978800393700788
11
5.7153046850393698
21
-2.6986946850393698
0
LINE
8
BLACK
6
CONTINUOUS
10
5.7153046850393698
20
-2.6986946850393698
11
5.7142402755905515
21
-2.6991355905511809
0
LINE
8
BLACK
6
CONTINUOUS
10
5.7142402755905515
20
-2.6991355905511809
11
5.7136642125984247
21
-2.6991923228346457
0
LINE
8
BLACK
6
CONTINUOUS
10
5.7136642125984247
20
-2.6991923228346457
11
5.7109926771653541
21
-2.6991923228346457
0
LINE
8
BLACK
6
CONTINUOUS
10
5.7109926771653541
20
-2.6991923228346457
11
5.7109926771653541
21
-2.7093629527559053
0
LINE
8
BLACK
6
CONTINUOUS
10
5.7109926771653541
20
-2.7093629527559053
11
5.7109359448818893
21
-2.7099390157480316
0
LINE
8
BLACK
6
CONTINUOUS
10
5.7109359448818893
20
-2.7099390157480316
11
5.7104950393700786
21
-2.7110034251968504
0
LINE
8
BLACK
6
CONTINUOUS
10
5.7104950393700786
20
-2.7110034251968504
11
5.7096803937007872
21
-2.7118180708661415
0
LINE
8
BLACK
6
CONTINUOUS
10
5.7096803937007872
20
-2.7118180708661415
11
5.7086159842519688
21
-2.7122589763779525
0
LINE
8
BLACK
6
CONTINUOUS
10
5.7086159842519688
20
-2.7122589763779525
11
5.7074638582677162
21
-2.7122589763779525
0
LINE
8
BLACK
6
CONTINUOUS
10
5.7074638582677162
20
-2.7122589763779525
11
5.7063994488188978
21
-2.7118180708661415
0
LINE
8
BLACK
6
CONTINUOUS
10
5.7063994488188978
20
-2.7118180708661415
11
5.7055848031496064
21
-2.7110034251968504
0
LINE
8
BLACK
6
CONTINUOUS
10
5.7055848031496064
20
-2.7110034251968504
11
5.7051438976377948
21
-2.7099390157480316
0
LINE
8
BLACK
6
CONTINUOUS
10
5.7051438976377948
20
-2.7099390157480316
11
5.7050871653543309
21
-2.7093629527559053
0
LINE
8
BLACK
6
CONTINUOUS
10
5.7050871653543309
20
-2.7093629527559053
11
5.7050871653543309
21
-2.6991923228346457
0
LINE
8
BLACK
6
CONTINUOUS
10
5.7050871653543309
20
-2.6991923228346457
11
5.6892922834645665
21
-2.6991923228346457
0
LINE
8
BLACK
6
CONTINUOUS
10
5.6892922834645665
20
-2.6991923228346457
11
5.6890007086614176
21
-2.6991635826771652
0
LINE
8
BLACK
6
CONTINUOUS
10
5.6890007086614176
20
-2.6991635826771652
11
5.6889229921259838
21
-2.6991691338582675
0
LINE
8
BLACK
6
CONTINUOUS
10
5.6889229921259838
20
-2.6991691338582675
11
5.6888668503937003
21
-2.6991503937007875
0
LINE
8
BLACK
6
CONTINUOUS
10
5.6888668503937003
20
-2.6991503937007875
11
5.6887162204724406
21
-2.6991355905511809
0
LINE
8
BLACK
6
CONTINUOUS
10
5.6887162204724406
20
-2.6991355905511809
11
5.6882788976377947
21
-2.6989544488188977
0
LINE
8
BLACK
6
CONTINUOUS
10
5.6882788976377947
20
-2.6989544488188977
11
5.6878299606299212
21
-2.6988048031496064
0
LINE
8
BLACK
6
CONTINUOUS
10
5.6878299606299212
20
-2.6988048031496064
11
5.6877497637795278
21
-2.6987352362204722
0
LINE
8
BLACK
6
CONTINUOUS
10
5.6877497637795278
20
-2.6987352362204722
11
5.6876518110236223
21
-2.6986946850393698
0
LINE
8
BLACK
6
CONTINUOUS
10
5.6876518110236223
20
-2.6986946850393698
11
5.6873171653543304
21
-2.6983600393700788
0
LINE
8
BLACK
6
CONTINUOUS
10
5.6873171653543304
20
-2.6983600393700788
11
5.6869596062992125
21
-2.6980499212598423
0
LINE
8
BLACK
6
CONTINUOUS
10
5.6869596062992125
20
-2.6980499212598423
11
5.6869121653543306
21
-2.6979550393700786
0
LINE
8
BLACK
6
CONTINUOUS
10
5.6869121653543306
20
-2.6979550393700786
11
5.6868371653543308
21
-2.6978800393700788
0
LINE
8
BLACK
6
CONTINUOUS
10
5.6868371653543308
20
-2.6978800393700788
11
5.6866559842519679
21
-2.6974426771653541
0
LINE
8
BLACK
6
CONTINUOUS
10
5.6866559842519679
20
-2.6974426771653541
11
5.6864444094488187
21
-2.6970194881889764
0
LINE
8
BLACK
6
CONTINUOUS
10
5.6864444094488187
20
-2.6970194881889764
11
5.6864368897637796
21
-2.6969137007874013
0
LINE
8
BLACK
6
CONTINUOUS
10
5.6864368897637796
20
-2.6969137007874013
11
5.6863962598425193
21
-2.6968156299212596
0
LINE
8
BLACK
6
CONTINUOUS
10
5.6863962598425193
20
-2.6968156299212596
11
5.6863962598425193
21
-2.6963421259842519
0
LINE
8
BLACK
6
CONTINUOUS
10
5.6863962598425193
20
-2.6963421259842519
11
5.6863627165354327
21
-2.695870275590551
0
LINE
8
BLACK
6
CONTINUOUS
10
5.6863627165354327
20
-2.695870275590551
11
5.6863962598425193
21
-2.6957227559055119
0
LINE
8
BLACK
6
CONTINUOUS
10
5.6863962598425193
20
-2.6957227559055119
11
5.6863962598425193
21
-2.6956635039370078
0
LINE
8
BLACK
6
CONTINUOUS
10
5.6863962598425193
20
-2.6956635039370078
11
5.6864261023622049
21
-2.6955913779527561
0
LINE
8
BLACK
6
CONTINUOUS
10
5.6864261023622049
20
-2.6955913779527561
11
5.6864910629921255
21
-2.6953058267716536
0
LINE
8
BLACK
6
CONTINUOUS
10
5.6864910629921255
20
-2.6953058267716536
11
5.6958648818897633
21
-2.6671843700787403
0
LINE
8
BLACK
6
CONTINUOUS
10
5.6958648818897633
20
-2.6671843700787403
11
5.6961008661417321
21
-2.6666558267716534
0
LINE
8
BLACK
6
CONTINUOUS
10
5.6961008661417321
20
-2.6666558267716534
11
5.6968557480314956
21
-2.6657854724409447
0
LINE
8
BLACK
6
CONTINUOUS
10
5.6968557480314956
20
-2.6657854724409447
11
5.697886181102362
21
-2.6652702362204725
0
LINE
8
BLACK
6
CONTINUOUS
10
5.697886181102362
20
-2.6652702362204725
11
5.6990353937007869
21
-2.6651885433070865
0
LINE
8
BLACK
6
CONTINUOUS
10
5.6990353937007869
20
-2.6651885433070865
11
5.7001283858267717
21
-2.6655528740157481
0
LINE
8
BLACK
6
CONTINUOUS
10
5.7670777952755907
20
-2.7028598818897636
11
5.7677981102362201
21
-2.7031582283464566
0
LINE
8
BLACK
6
CONTINUOUS
10
5.7677981102362201
20
-2.7031582283464566
11
5.7677981496062989
21
-2.7031582677165353
0
LINE
8
BLACK
6
CONTINUOUS
10
5.7677981496062989
20
-2.7031582677165353
11
5.7682456299212594
21
-2.7035255118110237
0
LINE
8
BLACK
6
CONTINUOUS
10
5.7682456299212594
20
-2.7035255118110237
11
5.7701203543307082
21
-2.7054002755905513
0
LINE
8
BLACK
6
CONTINUOUS
10
5.7701203543307082
20
-2.7054002755905513
11
5.7704875984251967
21
-2.7058477559055119
0
LINE
8
BLACK
6
CONTINUOUS
10
5.7704875984251967
20
-2.7058477559055119
11
5.7709266535433068
21
-2.7069078346456692
0
LINE
8
BLACK
6
CONTINUOUS
10
5.7709266535433068
20
-2.7069078346456692
11
5.7709284645669294
21
-2.7069121653543307
0
LINE
8
BLACK
6
CONTINUOUS
10
5.7709284645669294
20
-2.7069121653543307
11
5.7709284645669294
21
-2.7080642519685041
0
LINE
8
BLACK
6
CONTINUOUS
10
5.7709284645669294
20
-2.7080642519685041
11
5.7704875590551179
21
-2.7091286614173229
0
LINE
8
BLACK
6
CONTINUOUS
10
5.7704875590551179
20
-2.7091286614173229
11
5.7701203543307082
21
-2.7095761023622047
0
LINE
8
BLACK
6
CONTINUOUS
10
5.7701203543307082
20
-2.7095761023622047
11
5.7682455905511807
21
-2.7114508661417323
0
LINE
8
BLACK
6
CONTINUOUS
10
5.7682455905511807
20
-2.7114508661417323
11
5.7677981496062989
21
-2.7118180708661415
0
LINE
8
BLACK
6
CONTINUOUS
10
5.7677981496062989
20
-2.7118180708661415
11
5.7667337401574805
21
-2.7122589763779525
0
LINE
8
BLACK
6
CONTINUOUS
10
5.7667337401574805
20
-2.7122589763779525
11
5.7667337007874018
21
-2.7122589763779525
0
LINE
8
BLACK
6
CONTINUOUS
10
5.7667337007874018
20
-2.7122589763779525
11
5.7655816535433067
21
-2.7122589763779525
0
LINE
8
BLACK
6
CONTINUOUS
10
5.7655816535433067
20
-2.7122589763779525
11
5.7655816141732279
21
-2.7122589763779525
0
LINE
8
BLACK
6
CONTINUOUS
10
5.7655816141732279
20
-2.7122589763779525
11
5.7645172047244095
21
-2.7118180708661415
0
LINE
8
BLACK
6
CONTINUOUS
10
5.7645172047244095
20
-2.7118180708661415
11
5.7640697637795277
21
-2.7114508661417323
0
LINE
8
BLACK
6
CONTINUOUS
10
5.7640697637795277
20
-2.7114508661417323
11
5.7621950000000002
21
-2.7095761023622047
0
LINE
8
BLACK
6
CONTINUOUS
10
5.7621950000000002
20
-2.7095761023622047
11
5.7618277952755905
21
-2.7091286614173229
0
LINE
8
BLACK
6
CONTINUOUS
10
5.7618277952755905
20
-2.7091286614173229
11
5.7615851968503939
21
-2.7085429527559053
0
LINE
8
BLACK
6
CONTINUOUS
10
5.7615851968503939
20
-2.7085429527559053
11
5.761386889763779
21
-2.7080642519685041
0
LINE
8
BLACK
6
CONTINUOUS
10
5.761386889763779
20
-2.7080642519685041
11
5.761386889763779
21
-2.7069121653543307
0
LINE
8
BLACK
6
CONTINUOUS
10
5.761386889763779
20
-2.7069121653543307
11
5.7618277559055118
21
-2.7058477559055119
0
LINE
8
BLACK
6
CONTINUOUS
10
5.7618277559055118
20
-2.7058477559055119
11
5.7621949606299214
21
-2.70540031496063
0
LINE
8
BLACK
6
CONTINUOUS
10
5.7621949606299214
20
-2.70540031496063
11
5.764069724409449
21
-2.7035255118110237
0
LINE
8
BLACK
6
CONTINUOUS
10
5.764069724409449
20
-2.7035255118110237
11
5.7645172047244095
21
-2.7031582677165353
0
LINE
8
BLACK
6
CONTINUOUS
10
5.7645172047244095
20
-2.7031582677165353
11
5.7645172440944883
21
-2.7031582283464566
0
LINE
8
BLACK
6
CONTINUOUS
10
5.7645172440944883
20
-2.7031582283464566
11
5.7652375590551177
21
-2.7028598818897636
0
LINE
8
BLACK
6
CONTINUOUS
10
5.7652375590551177
20
-2.7028598818897636
11
5.7655816141732279
21
-2.7027173622047242
0
LINE
8
BLACK
6
CONTINUOUS
10
5.7655816141732279
20
-2.7027173622047242
11
5.7667337007874018
21
-2.7027173622047242
0
LINE
8
BLACK
6
CONTINUOUS
10
5.7667337007874018
20
-2.7027173622047242
11
5.7667337401574805
21
-2.7027173622047242
0
LINE
8
BLACK
6
CONTINUOUS
10
5.7667337401574805
20
-2.7027173622047242
11
5.7670777952755907
21
-2.7028598818897636
0
LINE
8
BLACK
6
CONTINUOUS
10
5.8642215354330709
20
-2.6802201968503936
11
5.8643195275590552
21
-2.6802607874015747
0
LINE
8
BLACK
6
CONTINUOUS
10
5.8643195275590552
20
-2.6802607874015747
11
5.8644253543307086
21
-2.6802683070866142
0
LINE
8
BLACK
6
CONTINUOUS
10
5.8644253543307086
20
-2.6802683070866142
11
5.8649659842519686
21
-2.6804751968503937
0
LINE
8
BLACK
6
CONTINUOUS
10
5.8649659842519686
20
-2.6804751968503937
11
5.8687155118110237
21
-2.6823499606299213
0
LINE
8
BLACK
6
CONTINUOUS
10
5.8687155118110237
20
-2.6823499606299213
11
5.8688118503937003
21
-2.6824105905511813
0
LINE
8
BLACK
6
CONTINUOUS
10
5.8688118503937003
20
-2.6824105905511813
11
5.8688572834645667
21
-2.6824257480314961
0
LINE
8
BLACK
6
CONTINUOUS
10
5.8688572834645667
20
-2.6824257480314961
11
5.8689138188976377
21
-2.6824747637795276
0
LINE
8
BLACK
6
CONTINUOUS
10
5.8689138188976377
20
-2.6824747637795276
11
5.8692053937007875
21
-2.6826583070866139
0
LINE
8
BLACK
6
CONTINUOUS
10
5.8692053937007875
20
-2.6826583070866139
11
5.8692697637795277
21
-2.6827325196850391
0
LINE
8
BLACK
6
CONTINUOUS
10
5.8692697637795277
20
-2.6827325196850391
11
5.8693341338582679
21
-2.6826583070866139
0
LINE
8
BLACK
6
CONTINUOUS
10
5.8693341338582679
20
-2.6826583070866139
11
5.8696256692913389
21
-2.6824747637795276
0
LINE
8
BLACK
6
CONTINUOUS
10
5.8696256692913389
20
-2.6824747637795276
11
5.8696822440944878
21
-2.6824257480314961
0
LINE
8
BLACK
6
CONTINUOUS
10
5.8696822440944878
20
-2.6824257480314961
11
5.8697276377952754
21
-2.6824105905511813
0
LINE
8
BLACK
6
CONTINUOUS
10
5.8697276377952754
20
-2.6824105905511813
11
5.8698240157480317
21
-2.6823499606299213
0
LINE
8
BLACK
6
CONTINUOUS
10
5.8698240157480317
20
-2.6823499606299213
11
5.8735735433070868
21
-2.6804751968503937
0
LINE
8
BLACK
6
CONTINUOUS
10
5.8735735433070868
20
-2.6804751968503937
11
5.8741141338582672
21
-2.6802683070866142
0
LINE
8
BLACK
6
CONTINUOUS
10
5.8741141338582672
20
-2.6802683070866142
11
5.8742200000000002
21
-2.6802607480314959
0
LINE
8
BLACK
6
CONTINUOUS
10
5.8742200000000002
20
-2.6802607480314959
11
5.8743179921259845
21
-2.6802201968503936
0
LINE
8
BLACK
6
CONTINUOUS
10
5.8743179921259845
20
-2.6802201968503936
11
5.8748940551181104
21
-2.6801634645669292
0
LINE
8
BLACK
6
CONTINUOUS
10
5.8748940551181104
20
-2.6801634645669292
11
5.880518346456693
21
-2.6801634645669292
0
LINE
8
BLACK
6
CONTINUOUS
10
5.880518346456693
20
-2.6801634645669292
11
5.8810944094488189
21
-2.6802201968503936
0
LINE
8
BLACK
6
CONTINUOUS
10
5.8810944094488189
20
-2.6802201968503936
11
5.8811924015748032
21
-2.6802607874015747
0
LINE
8
BLACK
6
CONTINUOUS
10
5.8811924015748032
20
-2.6802607874015747
11
5.8812982283464565
21
-2.6802683070866142
0
LINE
8
BLACK
6
CONTINUOUS
10
5.8812982283464565
20
-2.6802683070866142
11
5.8818388582677166
21
-2.6804751968503937
0
LINE
8
BLACK
6
CONTINUOUS
10
5.8818388582677166
20
-2.6804751968503937
11
5.8855884251968504
21
-2.6823499606299213
0
LINE
8
BLACK
6
CONTINUOUS
10
5.8855884251968504
20
-2.6823499606299213
11
5.8856847244094483
21
-2.6824105905511813
0
LINE
8
BLACK
6
CONTINUOUS
10
5.8856847244094483
20
-2.6824105905511813
11
5.8857301968503934
21
-2.6824257480314961
0
LINE
8
BLACK
6
CONTINUOUS
10
5.8857301968503934
20
-2.6824257480314961
11
5.8857867716535432
21
-2.6824748031496064
0
LINE
8
BLACK
6
CONTINUOUS
10
5.8857867716535432
20
-2.6824748031496064
11
5.8860782677165355
21
-2.6826583070866139
0
LINE
8
BLACK
6
CONTINUOUS
10
5.8860782677165355
20
-2.6826583070866139
11
5.8863207480314959
21
-2.6829379133858269
0
LINE
8
BLACK
6
CONTINUOUS
10
5.8863207480314959
20
-2.6829379133858269
11
5.8866005905511809
21
-2.683180590551181
0
LINE
8
BLACK
6
CONTINUOUS
10
5.8866005905511809
20
-2.683180590551181
11
5.8867840944881884
21
-2.683472125984252
0
LINE
8
BLACK
6
CONTINUOUS
10
5.8867840944881884
20
-2.683472125984252
11
5.8868331496062991
21
-2.6835287007874014
0
LINE
8
BLACK
6
CONTINUOUS
10
5.8868331496062991
20
-2.6835287007874014
11
5.8868482677165357
21
-2.683574094488189
0
LINE
8
BLACK
6
CONTINUOUS
10
5.8868482677165357
20
-2.683574094488189
11
5.886908937007874
21
-2.6836704724409448
0
LINE
8
BLACK
6
CONTINUOUS
10
5.886908937007874
20
-2.6836704724409448
11
5.8887837007874015
21
-2.6874199999999999
0
LINE
8
BLACK
6
CONTINUOUS
10
5.8887837007874015
20
-2.6874199999999999
11
5.888990590551181
21
-2.6879605905511812
0
LINE
8
BLACK
6
CONTINUOUS
10
5.888990590551181
20
-2.6879605905511812
11
5.8889981102362201
21
-2.6880664566929133
0
LINE
8
BLACK
6
CONTINUOUS
10
5.8889981102362201
20
-2.6880664566929133
11
5.8890387007874017
21
-2.6881644488188976
0
LINE
8
BLACK
6
CONTINUOUS
10
5.8890387007874017
20
-2.6881644488188976
11
5.8890954330708656
21
-2.6887405118110235
0
LINE
8
BLACK
6
CONTINUOUS
10
5.8890954330708656
20
-2.6887405118110235
11
5.8890954330708656
21
-2.7093629527559053
0
LINE
8
BLACK
6
CONTINUOUS
10
5.8890954330708656
20
-2.7093629527559053
11
5.8890387007874017
21
-2.7099390157480316
0
LINE
8
BLACK
6
CONTINUOUS
10
5.8890387007874017
20
-2.7099390157480316
11
5.8885977952755901
21
-2.7110034251968504
0
LINE
8
BLACK
6
CONTINUOUS
10
5.8885977952755901
20
-2.7110034251968504
11
5.8877831496062987
21
-2.7118180708661415
0
LINE
8
BLACK
6
CONTINUOUS
10
5.8877831496062987
20
-2.7118180708661415
11
5.8867187401574803
21
-2.7122589763779525
0
LINE
8
BLACK
6
CONTINUOUS
10
5.8867187401574803
20
-2.7122589763779525
11
5.8855666141732286
21
-2.7122589763779525
0
LINE
8
BLACK
6
CONTINUOUS
10
5.8855666141732286
20
-2.7122589763779525
11
5.8845022047244093
21
-2.7118180708661415
0
LINE
8
BLACK
6
CONTINUOUS
10
5.8845022047244093
20
-2.7118180708661415
11
5.8836875590551179
21
-2.7110034251968504
0
LINE
8
BLACK
6
CONTINUOUS
10
5.8836875590551179
20
-2.7110034251968504
11
5.8832466535433072
21
-2.7099390157480316
0
LINE
8
BLACK
6
CONTINUOUS
10
5.8832466535433072
20
-2.7099390157480316
11
5.8831899212598424
21
-2.7093629527559053
0
LINE
8
BLACK
6
CONTINUOUS
10
5.8831899212598424
20
-2.7093629527559053
11
5.8831899212598424
21
-2.6894375590551181
0
LINE
8
BLACK
6
CONTINUOUS
10
5.8831899212598424
20
-2.6894375590551181
11
5.8820670472440941
21
-2.6871918110236219
0
LINE
8
BLACK
6
CONTINUOUS
10
5.8820670472440941
20
-2.6871918110236219
11
5.8798212992125984
21
-2.6860689763779528
0
LINE
8
BLACK
6
CONTINUOUS
10
5.8798212992125984
20
-2.6860689763779528
11
5.8755911023622049
21
-2.6860689763779528
0
LINE
8
BLACK
6
CONTINUOUS
10
5.8755911023622049
20
-2.6860689763779528
11
5.8733453543307084
21
-2.6871918110236219
0
LINE
8
BLACK
6
CONTINUOUS
10
5.8733453543307084
20
-2.6871918110236219
11
5.8722225196850388
21
-2.6894375590551181
0
LINE
8
BLACK
6
CONTINUOUS
10
5.8722225196850388
20
-2.6894375590551181
11
5.8722225196850388
21
-2.7093629527559053
0
LINE
8
BLACK
6
CONTINUOUS
10
5.8722225196850388
20
-2.7093629527559053
11
5.8721657874015749
21
-2.7099390157480316
0
LINE
8
BLACK
6
CONTINUOUS
10
5.8721657874015749
20
-2.7099390157480316
11
5.8717248818897634
21
-2.7110034251968504
0
LINE
8
BLACK
6
CONTINUOUS
10
5.8717248818897634
20
-2.7110034251968504
11
5.8709102362204719
21
-2.7118180708661415
0
LINE
8
BLACK
6
CONTINUOUS
10
5.8709102362204719
20
-2.7118180708661415
11
5.8698458267716536
21
-2.7122589763779525
0
LINE
8
BLACK
6
CONTINUOUS
10
5.8698458267716536
20
-2.7122589763779525
11
5.8686937007874018
21
-2.7122589763779525
0
LINE
8
BLACK
6
CONTINUOUS
10
5.8686937007874018
20
-2.7122589763779525
11
5.8676292913385826
21
-2.7118180708661415
0
LINE
8
BLACK
6
CONTINUOUS
10
5.8676292913385826
20
-2.7118180708661415
11
5.8668146456692911
21
-2.7110034251968504
0
LINE
8
BLACK
6
CONTINUOUS
10
5.8668146456692911
20
-2.7110034251968504
11
5.8663737401574805
21
-2.7099390157480316
0
LINE
8
BLACK
6
CONTINUOUS
10
5.8663737401574805
20
-2.7099390157480316
11
5.8663170078740157
21
-2.7093629527559053
0
LINE
8
BLACK
6
CONTINUOUS
10
5.8663170078740157
20
-2.7093629527559053
11
5.8663170078740157
21
-2.6894375590551181
0
LINE
8
BLACK
6
CONTINUOUS
10
5.8663170078740157
20
-2.6894375590551181
11
5.8651941338582674
21
-2.6871918110236219
0
LINE
8
BLACK
6
CONTINUOUS
10
5.8651941338582674
20
-2.6871918110236219
11
5.8629484251968504
21
-2.6860689763779528
0
LINE
8
BLACK
6
CONTINUOUS
10
5.8629484251968504
20
-2.6860689763779528
11
5.8587182283464569
21
-2.6860689763779528
0
LINE
8
BLACK
6
CONTINUOUS
10
5.8587182283464569
20
-2.6860689763779528
11
5.8560207480314963
21
-2.6874177165354332
0
LINE
8
BLACK
6
CONTINUOUS
10
5.8560207480314963
20
-2.6874177165354332
11
5.8553496456692908
21
-2.6880888188976377
0
LINE
8
BLACK
6
CONTINUOUS
10
5.8553496456692908
20
-2.6880888188976377
11
5.8553496456692908
21
-2.7093629527559053
0
LINE
8
BLACK
6
CONTINUOUS
10
5.8553496456692908
20
-2.7093629527559053
11
5.8552929133858269
21
-2.7099390157480316
0
LINE
8
BLACK
6
CONTINUOUS
10
5.8552929133858269
20
-2.7099390157480316
11
5.8548520078740154
21
-2.7110034251968504
0
LINE
8
BLACK
6
CONTINUOUS
10
5.8548520078740154
20
-2.7110034251968504
11
5.8540373622047239
21
-2.7118180708661415
0
LINE
8
BLACK
6
CONTINUOUS
10
5.8540373622047239
20
-2.7118180708661415
11
5.8529729527559056
21
-2.7122589763779525
0
LINE
8
BLACK
6
CONTINUOUS
10
5.8529729527559056
20
-2.7122589763779525
11
5.8518208267716538
21
-2.7122589763779525
0
LINE
8
BLACK
6
CONTINUOUS
10
5.8518208267716538
20
-2.7122589763779525
11
5.8507564173228346
21
-2.7118180708661415
0
LINE
8
BLACK
6
CONTINUOUS
10
5.8507564173228346
20
-2.7118180708661415
11
5.8499417716535431
21
-2.7110034251968504
0
LINE
8
BLACK
6
CONTINUOUS
10
5.8499417716535431
20
-2.7110034251968504
11
5.8495008661417325
21
-2.7099390157480316
0
LINE
8
BLACK
6
CONTINUOUS
10
5.8495008661417325
20
-2.7099390157480316
11
5.8494441338582677
21
-2.7093629527559053
0
LINE
8
BLACK
6
CONTINUOUS
10
5.8494441338582677
20
-2.7093629527559053
11
5.8494441338582677
21
-2.6831162204724408
0
LINE
8
BLACK
6
CONTINUOUS
10
5.8494441338582677
20
-2.6831162204724408
11
5.8495008661417325
21
-2.6825401574803149
0
LINE
8
BLACK
6
CONTINUOUS
10
5.8495008661417325
20
-2.6825401574803149
11
5.8499417716535431
21
-2.6814757480314961
0
LINE
8
BLACK
6
CONTINUOUS
10
5.8499417716535431
20
-2.6814757480314961
11
5.8507564173228346
21
-2.6806611023622047
0
LINE
8
BLACK
6
CONTINUOUS
10
5.8507564173228346
20
-2.6806611023622047
11
5.8518208267716538
21
-2.6802201968503936
0
LINE
8
BLACK
6
CONTINUOUS
10
5.8518208267716538
20
-2.6802201968503936
11
5.8529729527559056
21
-2.6802201968503936
0
LINE
8
BLACK
6
CONTINUOUS
10
5.8529729527559056
20
-2.6802201968503936
11
5.8540373622047239
21
-2.6806611023622047
0
LINE
8
BLACK
6
CONTINUOUS
10
5.8540373622047239
20
-2.6806611023622047
11
5.8548011811023617
21
-2.6814249212598424
0
LINE
8
BLACK
6
CONTINUOUS
10
5.8548011811023617
20
-2.6814249212598424
11
5.8567006692913388
21
-2.6804751968503937
0
LINE
8
BLACK
6
CONTINUOUS
10
5.8567006692913388
20
-2.6804751968503937
11
5.8572412598425192
21
-2.6802683070866142
0
LINE
8
BLACK
6
CONTINUOUS
10
5.8572412598425192
20
-2.6802683070866142
11
5.8573471259842522
21
-2.6802607480314959
0
LINE
8
BLACK
6
CONTINUOUS
10
5.8573471259842522
20
-2.6802607480314959
11
5.8574451181102365
21
-2.6802201968503936
0
LINE
8
BLACK
6
CONTINUOUS
10
5.8574451181102365
20
-2.6802201968503936
11
5.8580211811023624
21
-2.6801634645669292
0
LINE
8
BLACK
6
CONTINUOUS
10
5.8580211811023624
20
-2.6801634645669292
11
5.863645472440945
21
-2.6801634645669292
0
LINE
8
BLACK
6
CONTINUOUS
10
5.863645472440945
20
-2.6801634645669292
11
5.8642215354330709
21
-2.6802201968503936
0
LINE
8
BLACK
6
CONTINUOUS
10
5.9167149606299212
20
-2.6802201968503936
11
5.9168129527559055
21
-2.6802607874015747
0
LINE
8
BLACK
6
CONTINUOUS
10
5.9168129527559055
20
-2.6802607874015747
11
5.9169187795275588
21
-2.6802683070866142
0
LINE
8
BLACK
6
CONTINUOUS
10
5.9169187795275588
20
-2.6802683070866142
11
5.9174594094488189
21
-2.6804751968503937
0
LINE
8
BLACK
6
CONTINUOUS
10
5.9174594094488189
20
-2.6804751968503937
11
5.921208937007874
21
-2.6823499606299213
0
LINE
8
BLACK
6
CONTINUOUS
10
5.921208937007874
20
-2.6823499606299213
11
5.9213052755905506
21
-2.6824105905511813
0
LINE
8
BLACK
6
CONTINUOUS
10
5.9213052755905506
20
-2.6824105905511813
11
5.921350708661417
21
-2.6824257480314961
0
LINE
8
BLACK
6
CONTINUOUS
10
5.921350708661417
20
-2.6824257480314961
11
5.921407244094488
21
-2.6824747637795276
0
LINE
8
BLACK
6
CONTINUOUS
10
5.921407244094488
20
-2.6824747637795276
11
5.9216988188976378
21
-2.6826583070866139
0
LINE
8
BLACK
6
CONTINUOUS
10
5.9216988188976378
20
-2.6826583070866139
11
5.921763188976378
21
-2.6827325196850391
0
LINE
8
BLACK
6
CONTINUOUS
10
5.921763188976378
20
-2.6827325196850391
11
5.9218275590551182
21
-2.6826583070866139
0
LINE
8
BLACK
6
CONTINUOUS
10
5.9218275590551182
20
-2.6826583070866139
11
5.9221190944881892
21
-2.6824747637795276
0
LINE
8
BLACK
6
CONTINUOUS
10
5.9221190944881892
20
-2.6824747637795276
11
5.9221756692913381
21
-2.6824257480314961
0
LINE
8
BLACK
6
CONTINUOUS
10
5.9221756692913381
20
-2.6824257480314961
11
5.9222210629921257
21
-2.6824105905511813
0
LINE
8
BLACK
6
CONTINUOUS
10
5.9222210629921257
20
-2.6824105905511813
11
5.922317440944882
21
-2.6823499606299213
0
LINE
8
BLACK
6
CONTINUOUS
10
5.922317440944882
20
-2.6823499606299213
11
5.9260669685039371
21
-2.6804751968503937
0
LINE
8
BLACK
6
CONTINUOUS
10
5.9260669685039371
20
-2.6804751968503937
11
5.9266075590551184
21
-2.6802683070866142
0
LINE
8
BLACK
6
CONTINUOUS
10
5.9266075590551184
20
-2.6802683070866142
11
5.9267134251968505
21
-2.6802607480314959
0
LINE
8
BLACK
6
CONTINUOUS
10
5.9267134251968505
20
-2.6802607480314959
11
5.9268114173228348
21
-2.6802201968503936
0
LINE
8
BLACK
6
CONTINUOUS
10
5.9268114173228348
20
-2.6802201968503936
11
5.9273874803149607
21
-2.6801634645669292
0
LINE
8
BLACK
6
CONTINUOUS
10
5.9273874803149607
20
-2.6801634645669292
11
5.9330117716535433
21
-2.6801634645669292
0
LINE
8
BLACK
6
CONTINUOUS
10
5.9330117716535433
20
-2.6801634645669292
11
5.9335878346456692
21
-2.6802201968503936
0
LINE
8
BLACK
6
CONTINUOUS
10
5.9335878346456692
20
-2.6802201968503936
11
5.9336858267716535
21
-2.6802607874015747
0
LINE
8
BLACK
6
CONTINUOUS
10
5.9336858267716535
20
-2.6802607874015747
11
5.9337916535433068
21
-2.6802683070866142
0
LINE
8
BLACK
6
CONTINUOUS
10
5.9337916535433068
20
-2.6802683070866142
11
5.9343322834645669
21
-2.6804751968503937
0
LINE
8
BLACK
6
CONTINUOUS
10
5.9343322834645669
20
-2.6804751968503937
11
5.9380818503937007
21
-2.6823499606299213
0
LINE
8
BLACK
6
CONTINUOUS
10
5.9380818503937007
20
-2.6823499606299213
11
5.9381781496062986
21
-2.6824105905511813
0
LINE
8
BLACK
6
CONTINUOUS
10
5.9381781496062986
20
-2.6824105905511813
11
5.9382236220472437
21
-2.6824257480314961
0
LINE
8
BLACK
6
CONTINUOUS
10
5.9382236220472437
20
-2.6824257480314961
11
5.9382801968503935
21
-2.6824748031496064
0
LINE
8
BLACK
6
CONTINUOUS
10
5.9382801968503935
20
-2.6824748031496064
11
5.9385716929133858
21
-2.6826583070866139
0
LINE
8
BLACK
6
CONTINUOUS
10
5.9385716929133858
20
-2.6826583070866139
11
5.9388141732283461
21
-2.6829379133858269
0
LINE
8
BLACK
6
CONTINUOUS
10
5.9388141732283461
20
-2.6829379133858269
11
5.9390940157480312
21
-2.683180590551181
0
LINE
8
BLACK
6
CONTINUOUS
10
5.9390940157480312
20
-2.683180590551181
11
5.9392775196850396
21
-2.683472125984252
0
LINE
8
BLACK
6
CONTINUOUS
10
5.9392775196850396
20
-2.683472125984252
11
5.9393265748031494
21
-2.6835287007874014
0
LINE
8
BLACK
6
CONTINUOUS
10
5.9393265748031494
20
-2.6835287007874014
11
5.939341692913386
21
-2.683574094488189
0
LINE
8
BLACK
6
CONTINUOUS
10
5.939341692913386
20
-2.683574094488189
11
5.9394023622047243
21
-2.6836704724409448
0
LINE
8
BLACK
6
CONTINUOUS
10
5.9394023622047243
20
-2.6836704724409448
11
5.9412771259842518
21
-2.6874199999999999
0
LINE
8
BLACK
6
CONTINUOUS
10
5.9412771259842518
20
-2.6874199999999999
11
5.9414840157480313
21
-2.6879605905511812
0
LINE
8
BLACK
6
CONTINUOUS
10
5.9414840157480313
20
-2.6879605905511812
11
5.9414915354330704
21
-2.6880664566929133
0
LINE
8
BLACK
6
CONTINUOUS
10
5.9414915354330704
20
-2.6880664566929133
11
5.941532125984252
21
-2.6881644488188976
0
LINE
8
BLACK
6
CONTINUOUS
10
5.941532125984252
20
-2.6881644488188976
11
5.9415888582677168
21
-2.6887405118110235
0
LINE
8
BLACK
6
CONTINUOUS
10
5.9415888582677168
20
-2.6887405118110235
11
5.9415888582677168
21
-2.7093629527559053
0
LINE
8
BLACK
6
CONTINUOUS
10
5.9415888582677168
20
-2.7093629527559053
11
5.941532125984252
21
-2.7099390157480316
0
LINE
8
BLACK
6
CONTINUOUS
10
5.941532125984252
20
-2.7099390157480316
11
5.9410912204724404
21
-2.7110034251968504
0
LINE
8
BLACK
6
CONTINUOUS
10
5.9410912204724404
20
-2.7110034251968504
11
5.9402765748031499
21
-2.7118180708661415
0
LINE
8
BLACK
6
CONTINUOUS
10
5.9402765748031499
20
-2.7118180708661415
11
5.9392121653543306
21
-2.7122589763779525
0
LINE
8
BLACK
6
CONTINUOUS
10
5.9392121653543306
20
-2.7122589763779525
11
5.9380600393700789
21
-2.7122589763779525
0
LINE
8
BLACK
6
CONTINUOUS
10
5.9380600393700789
20
-2.7122589763779525
11
5.9369956299212596
21
-2.7118180708661415
0
LINE
8
BLACK
6
CONTINUOUS
10
5.9369956299212596
20
-2.7118180708661415
11
5.9361809842519682
21
-2.7110034251968504
0
LINE
8
BLACK
6
CONTINUOUS
10
5.9361809842519682
20
-2.7110034251968504
11
5.9357400787401575
21
-2.7099390157480316
0
LINE
8
BLACK
6
CONTINUOUS
10
5.9357400787401575
20
-2.7099390157480316
11
5.9356833464566927
21
-2.7093629527559053
0
LINE
8
BLACK
6
CONTINUOUS
10
5.9356833464566927
20
-2.7093629527559053
11
5.9356833464566927
21
-2.6894375590551181
0
LINE
8
BLACK
6
CONTINUOUS
10
5.9356833464566927
20
-2.6894375590551181
11
5.9345604724409444
21
-2.6871918110236219
0
LINE
8
BLACK
6
CONTINUOUS
10
5.9345604724409444
20
-2.6871918110236219
11
5.9323147244094487
21
-2.6860689763779528
0
LINE
8
BLACK
6
CONTINUOUS
10
5.9323147244094487
20
-2.6860689763779528
11
5.9280845275590552
21
-2.6860689763779528
0
LINE
8
BLACK
6
CONTINUOUS
10
5.9280845275590552
20
-2.6860689763779528
11
5.9258387795275587
21
-2.6871918110236219
0
LINE
8
BLACK
6
CONTINUOUS
10
5.9258387795275587
20
-2.6871918110236219
11
5.92471594488189
21
-2.6894375590551181
0
LINE
8
BLACK
6
CONTINUOUS
10
5.92471594488189
20
-2.6894375590551181
11
5.92471594488189
21
-2.7093629527559053
0
LINE
8
BLACK
6
CONTINUOUS
10
5.92471594488189
20
-2.7093629527559053
11
5.9246592125984252
21
-2.7099390157480316
0
LINE
8
BLACK
6
CONTINUOUS
10
5.9246592125984252
20
-2.7099390157480316
11
5.9242183070866137
21
-2.7110034251968504
0
LINE
8
BLACK
6
CONTINUOUS
10
5.9242183070866137
20
-2.7110034251968504
11
5.9234036614173231
21
-2.7118180708661415
0
LINE
8
BLACK
6
CONTINUOUS
10
5.9234036614173231
20
-2.7118180708661415
11
5.9223392519685039
21
-2.7122589763779525
0
LINE
8
BLACK
6
CONTINUOUS
10
5.9223392519685039
20
-2.7122589763779525
11
5.9211871259842521
21
-2.7122589763779525
0
LINE
8
BLACK
6
CONTINUOUS
10
5.9211871259842521
20
-2.7122589763779525
11
5.9201227165354329
21
-2.7118180708661415
0
LINE
8
BLACK
6
CONTINUOUS
10
5.9201227165354329
20
-2.7118180708661415
11
5.9193080708661414
21
-2.7110034251968504
0
LINE
8
BLACK
6
CONTINUOUS
10
5.9193080708661414
20
-2.7110034251968504
11
5.9188671653543308
21
-2.7099390157480316
0
LINE
8
BLACK
6
CONTINUOUS
10
5.9188671653543308
20
-2.7099390157480316
11
5.918810433070866
21
-2.7093629527559053
0
LINE
8
BLACK
6
CONTINUOUS
10
5.918810433070866
20
-2.7093629527559053
11
5.918810433070866
21
-2.6894375590551181
0
LINE
8
BLACK
6
CONTINUOUS
10
5.918810433070866
20
-2.6894375590551181
11
5.9176875590551177
21
-2.6871918110236219
0
LINE
8
BLACK
6
CONTINUOUS
10
5.9176875590551177
20
-2.6871918110236219
11
5.9154418503937007
21
-2.6860689763779528
0
LINE
8
BLACK
6
CONTINUOUS
10
5.9154418503937007
20
-2.6860689763779528
11
5.9112116535433072
21
-2.6860689763779528
0
LINE
8
BLACK
6
CONTINUOUS
10
5.9112116535433072
20
-2.6860689763779528
11
5.9085141732283466
21
-2.6874177165354332
0
LINE
8
BLACK
6
CONTINUOUS
10
5.9085141732283466
20
-2.6874177165354332
11
5.907843070866142
21
-2.6880888188976377
0
LINE
8
BLACK
6
CONTINUOUS
10
5.907843070866142
20
-2.6880888188976377
11
5.907843070866142
21
-2.7093629527559053
0
LINE
8
BLACK
6
CONTINUOUS
10
5.907843070866142
20
-2.7093629527559053
11
5.9077863385826772
21
-2.7099390157480316
0
LINE
8
BLACK
6
CONTINUOUS
10
5.9077863385826772
20
-2.7099390157480316
11
5.9073454330708657
21
-2.7110034251968504
0
LINE
8
BLACK
6
CONTINUOUS
10
5.9073454330708657
20
-2.7110034251968504
11
5.9065307874015751
21
-2.7118180708661415
0
LINE
8
BLACK
6
CONTINUOUS
10
5.9065307874015751
20
-2.7118180708661415
11
5.9054663779527559
21
-2.7122589763779525
0
LINE
8
BLACK
6
CONTINUOUS
10
5.9054663779527559
20
-2.7122589763779525
11
5.9043142519685041
21
-2.7122589763779525
0
LINE
8
BLACK
6
CONTINUOUS
10
5.9043142519685041
20
-2.7122589763779525
11
5.9032498425196849
21
-2.7118180708661415
0
LINE
8
BLACK
6
CONTINUOUS
10
5.9032498425196849
20
-2.7118180708661415
11
5.9024351968503934
21
-2.7110034251968504
0
LINE
8
BLACK
6
CONTINUOUS
10
5.9024351968503934
20
-2.7110034251968504
11
5.9019942913385828
21
-2.7099390157480316
0
LINE
8
BLACK
6
CONTINUOUS
10
5.9019942913385828
20
-2.7099390157480316
11
5.901937559055118
21
-2.7093629527559053
0
LINE
8
BLACK
6
CONTINUOUS
10
5.901937559055118
20
-2.7093629527559053
11
5.901937559055118
21
-2.6831162204724408
0
LINE
8
BLACK
6
CONTINUOUS
10
5.901937559055118
20
-2.6831162204724408
11
5.9019942913385828
21
-2.6825401574803149
0
LINE
8
BLACK
6
CONTINUOUS
10
5.9019942913385828
20
-2.6825401574803149
11
5.9024351968503934
21
-2.6814757480314961
0
LINE
8
BLACK
6
CONTINUOUS
10
5.9024351968503934
20
-2.6814757480314961
11
5.9032498425196849
21
-2.6806611023622047
0
LINE
8
BLACK
6
CONTINUOUS
10
5.9032498425196849
20
-2.6806611023622047
11
5.9043142519685041
21
-2.6802201968503936
0
LINE
8
BLACK
6
CONTINUOUS
10
5.9043142519685041
20
-2.6802201968503936
11
5.9054663779527559
21
-2.6802201968503936
0
LINE
8
BLACK
6
CONTINUOUS
10
5.9054663779527559
20
-2.6802201968503936
11
5.9065307874015751
21
-2.6806611023622047
0
LINE
8
BLACK
6
CONTINUOUS
10
5.9065307874015751
20
-2.6806611023622047
11
5.9072946062992129
21
-2.6814249212598424
0
LINE
8
BLACK
6
CONTINUOUS
10
5.9072946062992129
20
-2.6814249212598424
11
5.9091940944881891
21
-2.6804751968503937
0
LINE
8
BLACK
6
CONTINUOUS
10
5.9091940944881891
20
-2.6804751968503937
11
5.9097346850393704
21
-2.6802683070866142
0
LINE
8
BLACK
6
CONTINUOUS
10
5.9097346850393704
20
-2.6802683070866142
11
5.9098405511811025
21
-2.6802607480314959
0
LINE
8
BLACK
6
CONTINUOUS
10
5.9098405511811025
20
-2.6802607480314959
11
5.9099385433070868
21
-2.6802201968503936
0
LINE
8
BLACK
6
CONTINUOUS
10
5.9099385433070868
20
-2.6802201968503936
11
5.9105146062992127
21
-2.6801634645669292
0
LINE
8
BLACK
6
CONTINUOUS
10
5.9105146062992127
20
-2.6801634645669292
11
5.9161388976377953
21
-2.6801634645669292
0
LINE
8
BLACK
6
CONTINUOUS
10
5.9161388976377953
20
-2.6801634645669292
11
5.9167149606299212
21
-2.6802201968503936
0
CIRCLE
8
BLACK
10
6.6030905511811024
20
-4.6531102362204724
40
0.0068897637795276
0
CIRCLE
8
BLACK
10
5.0267125984251964
20
-4.6531102362204724
40
0.0068897637795276
0
CIRCLE
8
BLACK
10
6.6030905511811024
20
-3.0767322834645667
40
0.0068897637795276
0
CIRCLE
8
BLACK
10
5.9812795275590549
20
-3.8629527559055119
40
0.0068897637795276
0
CIRCLE
8
BLACK
10
5.0267125984251964
20
-3.0767322834645667
40
0.0068897637795276
0
CIRCLE
8
BLACK
10
5.0597834645669293
20
-3.5787007874015746
40
0.0068897637795276
0
CIRCLE
8
BLACK
10
5.0597834645669293
20
-3.3511417322834647
40
0.0068897637795276
0
LINE
8
BLACK
6
CONTINUOUS
10
4.9321912598425195
20
-3.6232900393700787
11
4.9351694881889765
21
-3.6240880314960631
0
LINE
8
BLACK
6
CONTINUOUS
10
4.9351694881889765
20
-3.6240880314960631
11
4.9378396850393695
21
-3.6256296850393701
0
LINE
8
BLACK
6
CONTINUOUS
10
4.9378396850393695
20
-3.6256296850393701
11
4.9400199212598421
21
-3.6278099212598423
0
LINE
8
BLACK
6
CONTINUOUS
10
4.9400199212598421
20
-3.6278099212598423
11
4.9415615748031492
21
-3.6304801181102362
0
LINE
8
BLACK
6
CONTINUOUS
10
4.9415615748031492
20
-3.6304801181102362
11
4.9423595669291336
21
-3.6334583464566927
0
LINE
8
BLACK
6
CONTINUOUS
10
4.9423595669291336
20
-3.6334583464566927
11
4.9423595669291336
21
-3.6365416535433068
0
LINE
8
BLACK
6
CONTINUOUS
10
4.9423595669291336
20
-3.6365416535433068
11
4.9415615748031492
21
-3.6395198818897638
0
LINE
8
BLACK
6
CONTINUOUS
10
4.9415615748031492
20
-3.6395198818897638
11
4.9400199212598421
21
-3.6421900787401573
0
LINE
8
BLACK
6
CONTINUOUS
10
4.9400199212598421
20
-3.6421900787401573
11
4.9378396850393695
21
-3.6443703149606299
0
LINE
8
BLACK
6
CONTINUOUS
10
4.9378396850393695
20
-3.6443703149606299
11
4.9351694881889765
21
-3.645911968503937
0
LINE
8
BLACK
6
CONTINUOUS
10
4.9351694881889765
20
-3.645911968503937
11
4.9321912598425195
21
-3.6467099606299214
0
LINE
8
BLACK
6
CONTINUOUS
10
4.9321912598425195
20
-3.6467099606299214
11
4.9306496062992125
21
-3.646811023622047
0
LINE
8
BLACK
6
CONTINUOUS
10
4.9306496062992125
20
-3.646811023622047
11
4.8991535433070865
21
-3.646811023622047
0
LINE
8
BLACK
6
CONTINUOUS
10
4.8991535433070865
20
-3.646811023622047
11
4.8976118897637795
21
-3.6467099606299214
0
LINE
8
BLACK
6
CONTINUOUS
10
4.8976118897637795
20
-3.6467099606299214
11
4.8946336614173225
21
-3.645911968503937
0
LINE
8
BLACK
6
CONTINUOUS
10
4.8946336614173225
20
-3.645911968503937
11
4.8919634645669294
21
-3.6443703149606299
0
LINE
8
BLACK
6
CONTINUOUS
10
4.8919634645669294
20
-3.6443703149606299
11
4.8897832283464568
21
-3.6421900787401573
0
LINE
8
BLACK
6
CONTINUOUS
10
4.8897832283464568
20
-3.6421900787401573
11
4.8882415748031498
21
-3.6395198818897638
0
LINE
8
BLACK
6
CONTINUOUS
10
4.8882415748031498
20
-3.6395198818897638
11
4.8874435826771654
21
-3.6365416535433068
0
LINE
8
BLACK
6
CONTINUOUS
10
4.8874435826771654
20
-3.6365416535433068
11
4.8874435826771654
21
-3.6334583464566927
0
LINE
8
BLACK
6
CONTINUOUS
10
4.8874435826771654
20
-3.6334583464566927
11
4.8882415748031498
21
-3.6304801181102362
0
LINE
8
BLACK
6
CONTINUOUS
10
4.8882415748031498
20
-3.6304801181102362
11
4.8897832283464568
21
-3.6278099212598423
0
LINE
8
BLACK
6
CONTINUOUS
10
4.8897832283464568
20
-3.6278099212598423
11
4.8919634645669294
21
-3.6256296850393701
0
LINE
8
BLACK
6
CONTINUOUS
10
4.8919634645669294
20
-3.6256296850393701
11
4.8946336614173225
21
-3.6240880314960631
0
LINE
8
BLACK
6
CONTINUOUS
10
4.8946336614173225
20
-3.6240880314960631
11
4.8976118897637795
21
-3.6232900393700787
0
LINE
8
BLACK
6
CONTINUOUS
10
4.8976118897637795
20
-3.6232900393700787
11
4.8991535433070865
21
-3.6231889763779526
0
LINE
8
BLACK
6
CONTINUOUS
10
4.8991535433070865
20
-3.6231889763779526
11
4.9306496062992125
21
-3.6231889763779526
0
LINE
8
BLACK
6
CONTINUOUS
10
4.9306496062992125
20
-3.6231889763779526
11
4.9321912598425195
21
-3.6232900393700787
0
LINE
8
BLACK
6
CONTINUOUS
10
4.9321912598425195
20
-3.2831325590551179
11
4.9351694881889765
21
-3.2839305511811023
0
LINE
8
BLACK
6
CONTINUOUS
10
4.9351694881889765
20
-3.2839305511811023
11
4.9378396850393695
21
-3.2854722047244094
0
LINE
8
BLACK
6
CONTINUOUS
10
4.9378396850393695
20
-3.2854722047244094
11
4.9400199212598421
21
-3.287652440944882
0
LINE
8
BLACK
6
CONTINUOUS
10
4.9400199212598421
20
-3.287652440944882
11
4.9415615748031492
21
-3.2903226377952755
0
LINE
8
BLACK
6
CONTINUOUS
10
4.9415615748031492
20
-3.2903226377952755
11
4.9423595669291336
21
-3.293300866141732
0
LINE
8
BLACK
6
CONTINUOUS
10
4.9423595669291336
20
-3.293300866141732
11
4.9423595669291336
21
-3.2963841732283465
0
LINE
8
BLACK
6
CONTINUOUS
10
4.9423595669291336
20
-3.2963841732283465
11
4.9415615748031492
21
-3.2993624015748031
0
LINE
8
BLACK
6
CONTINUOUS
10
4.9415615748031492
20
-3.2993624015748031
11
4.9400199212598421
21
-3.3020325984251966
0
LINE
8
BLACK
6
CONTINUOUS
10
4.9400199212598421
20
-3.3020325984251966
11
4.9378396850393695
21
-3.3042128346456692
0
LINE
8
BLACK
6
CONTINUOUS
10
4.9378396850393695
20
-3.3042128346456692
11
4.9351694881889765
21
-3.3057544881889762
0
LINE
8
BLACK
6
CONTINUOUS
10
4.9351694881889765
20
-3.3057544881889762
11
4.9321912598425195
21
-3.3065524803149606
0
LINE
8
BLACK
6
CONTINUOUS
10
4.9321912598425195
20
-3.3065524803149606
11
4.9306496062992125
21
-3.3066535433070867
0
LINE
8
BLACK
6
CONTINUOUS
10
4.9306496062992125
20
-3.3066535433070867
11
4.8991535433070865
21
-3.3066535433070867
0
LINE
8
BLACK
6
CONTINUOUS
10
4.8991535433070865
20
-3.3066535433070867
11
4.8976118897637795
21
-3.3065524803149606
0
LINE
8
BLACK
6
CONTINUOUS
10
4.8976118897637795
20
-3.3065524803149606
11
4.8946336614173225
21
-3.3057544881889762
0
LINE
8
BLACK
6
CONTINUOUS
10
4.8946336614173225
20
-3.3057544881889762
11
4.8919634645669294
21
-3.3042128346456692
0
LINE
8
BLACK
6
CONTINUOUS
10
4.8919634645669294
20
-3.3042128346456692
11
4.8897832283464568
21
-3.3020325984251966
0
LINE
8
BLACK
6
CONTINUOUS
10
4.8897832283464568
20
-3.3020325984251966
11
4.8882415748031498
21
-3.2993624015748031
0
LINE
8
BLACK
6
CONTINUOUS
10
4.8882415748031498
20
-3.2993624015748031
11
4.8874435826771654
21
-3.2963841732283465
0
LINE
8
BLACK
6
CONTINUOUS
10
4.8874435826771654
20
-3.2963841732283465
11
4.8874435826771654
21
-3.293300866141732
0
LINE
8
BLACK
6
CONTINUOUS
10
4.8874435826771654
20
-3.293300866141732
11
4.8882415748031498
21
-3.2903226377952755
0
LINE
8
BLACK
6
CONTINUOUS
10
4.8882415748031498
20
-3.2903226377952755
11
4.8897832283464568
21
-3.287652440944882
0
LINE
8
BLACK
6
CONTINUOUS
10
4.8897832283464568
20
-3.287652440944882
11
4.8919634645669294
21
-3.2854722047244094
0
LINE
8
BLACK
6
CONTINUOUS
10
4.8919634645669294
20
-3.2854722047244094
11
4.8946336614173225
21
-3.2839305511811023
0
LINE
8
BLACK
6
CONTINUOUS
10
4.8946336614173225
20
-3.2839305511811023
11
4.8976118897637795
21
-3.2831325590551179
0
LINE
8
BLACK
6
CONTINUOUS
10
4.8976118897637795
20
-3.2831325590551179
11
4.8991535433070865
21
-3.2830314960629923
0
LINE
8
BLACK
6
CONTINUOUS
10
4.8991535433070865
20
-3.2830314960629923
11
4.9306496062992125
21
-3.2830314960629923
0
LINE
8
BLACK
6
CONTINUOUS
10
4.9306496062992125
20
-3.2830314960629923
11
4.9321912598425195
21
-3.2831325590551179
0
LINE
8
BLACK
6
CONTINUOUS
10
5.1026637007874012
20
-3.6232900393700787
11
5.1056419291338582
21
-3.6240880314960631
0
LINE
8
BLACK
6
CONTINUOUS
10
5.1056419291338582
20
-3.6240880314960631
11
5.1083121259842521
21
-3.6256296850393701
0
LINE
8
BLACK
6
CONTINUOUS
10
5.1083121259842521
20
-3.6256296850393701
11
5.1104923622047247
21
-3.6278099212598423
0
LINE
8
BLACK
6
CONTINUOUS
10
5.1104923622047247
20
-3.6278099212598423
11
5.1120340157480317
21
-3.6304801181102362
0
LINE
8
BLACK
6
CONTINUOUS
10
5.1120340157480317
20
-3.6304801181102362
11
5.1128320078740153
21
-3.6334583464566927
0
LINE
8
BLACK
6
CONTINUOUS
10
5.1128320078740153
20
-3.6334583464566927
11
5.1128320078740153
21
-3.6365416535433068
0
LINE
8
BLACK
6
CONTINUOUS
10
5.1128320078740153
20
-3.6365416535433068
11
5.1120340157480317
21
-3.6395198818897638
0
LINE
8
BLACK
6
CONTINUOUS
10
5.1120340157480317
20
-3.6395198818897638
11
5.1104923622047247
21
-3.6421900787401573
0
LINE
8
BLACK
6
CONTINUOUS
10
5.1104923622047247
20
-3.6421900787401573
11
5.1083121259842521
21
-3.6443703149606299
0
LINE
8
BLACK
6
CONTINUOUS
10
5.1083121259842521
20
-3.6443703149606299
11
5.1056419291338582
21
-3.645911968503937
0
LINE
8
BLACK
6
CONTINUOUS
10
5.1056419291338582
20
-3.645911968503937
11
5.1026637007874012
21
-3.6467099606299214
0
LINE
8
BLACK
6
CONTINUOUS
10
5.1026637007874012
20
-3.6467099606299214
11
5.1011220472440941
21
-3.646811023622047
0
LINE
8
BLACK
6
CONTINUOUS
10
5.1011220472440941
20
-3.646811023622047
11
5.057814960629921
21
-3.646811023622047
0
LINE
8
BLACK
6
CONTINUOUS
10
5.057814960629921
20
-3.646811023622047
11
5.0562733070866139
21
-3.6467099606299214
0
LINE
8
BLACK
6
CONTINUOUS
10
5.0562733070866139
20
-3.6467099606299214
11
5.0532950787401569
21
-3.645911968503937
0
LINE
8
BLACK
6
CONTINUOUS
10
5.0532950787401569
20
-3.645911968503937
11
5.0506248818897639
21
-3.6443703149606299
0
LINE
8
BLACK
6
CONTINUOUS
10
5.0506248818897639
20
-3.6443703149606299
11
5.0484446456692913
21
-3.6421900787401573
0
LINE
8
BLACK
6
CONTINUOUS
10
5.0484446456692913
20
-3.6421900787401573
11
5.0469029921259843
21
-3.6395198818897638
0
LINE
8
BLACK
6
CONTINUOUS
10
5.0469029921259843
20
-3.6395198818897638
11
5.0461049999999998
21
-3.6365416535433068
0
LINE
8
BLACK
6
CONTINUOUS
10
5.0461049999999998
20
-3.6365416535433068
11
5.0461049999999998
21
-3.6334583464566927
0
LINE
8
BLACK
6
CONTINUOUS
10
5.0461049999999998
20
-3.6334583464566927
11
5.0469029921259843
21
-3.6304801181102362
0
LINE
8
BLACK
6
CONTINUOUS
10
5.0469029921259843
20
-3.6304801181102362
11
5.0484446456692913
21
-3.6278099212598423
0
LINE
8
BLACK
6
CONTINUOUS
10
5.0484446456692913
20
-3.6278099212598423
11
5.0506248818897639
21
-3.6256296850393701
0
LINE
8
BLACK
6
CONTINUOUS
10
5.0506248818897639
20
-3.6256296850393701
11
5.0532950787401569
21
-3.6240880314960631
0
LINE
8
BLACK
6
CONTINUOUS
10
5.0532950787401569
20
-3.6240880314960631
11
5.0562733070866139
21
-3.6232900393700787
0
LINE
8
BLACK
6
CONTINUOUS
10
5.0562733070866139
20
-3.6232900393700787
11
5.057814960629921
21
-3.6231889763779526
0
LINE
8
BLACK
6
CONTINUOUS
10
5.057814960629921
20
-3.6231889763779526
11
5.1011220472440941
21
-3.6231889763779526
0
LINE
8
BLACK
6
CONTINUOUS
10
5.1011220472440941
20
-3.6231889763779526
11
5.1026637007874012
21
-3.6232900393700787
0
LINE
8
BLACK
6
CONTINUOUS
10
5.1026637007874012
20
-3.2831325590551179
11
5.1056419291338582
21
-3.2839305511811023
0
LINE
8
BLACK
6
CONTINUOUS
10
5.1056419291338582
20
-3.2839305511811023
11
5.1083121259842521
21
-3.2854722047244094
0
LINE
8
BLACK
6
CONTINUOUS
10
5.1083121259842521
20
-3.2854722047244094
11
5.1104923622047247
21
-3.287652440944882
0
LINE
8
BLACK
6
CONTINUOUS
10
5.1104923622047247
20
-3.287652440944882
11
5.1120340157480317
21
-3.2903226377952755
0
LINE
8
BLACK
6
CONTINUOUS
10
5.1120340157480317
20
-3.2903226377952755
11
5.1128320078740153
21
-3.293300866141732
0
LINE
8
BLACK
6
CONTINUOUS
10
5.1128320078740153
20
-3.293300866141732
11
5.1128320078740153
21
-3.2963841732283465
0
LINE
8
BLACK
6
CONTINUOUS
10
5.1128320078740153
20
-3.2963841732283465
11
5.1120340157480317
21
-3.2993624015748031
0
LINE
8
BLACK
6
CONTINUOUS
10
5.1120340157480317
20
-3.2993624015748031
11
5.1104923622047247
21
-3.3020325984251966
0
LINE
8
BLACK
6
CONTINUOUS
10
5.1104923622047247
20
-3.3020325984251966
11
5.1083121259842521
21
-3.3042128346456692
0
LINE
8
BLACK
6
CONTINUOUS
10
5.1083121259842521
20
-3.3042128346456692
11
5.1056419291338582
21
-3.3057544881889762
0
LINE
8
BLACK
6
CONTINUOUS
10
5.1056419291338582
20
-3.3057544881889762
11
5.1026637007874012
21
-3.3065524803149606
0
LINE
8
BLACK
6
CONTINUOUS
10
5.1026637007874012
20
-3.3065524803149606
11
5.1011220472440941
21
-3.3066535433070867
0
LINE
8
BLACK
6
CONTINUOUS
10
5.1011220472440941
20
-3.3066535433070867
11
5.057814960629921
21
-3.3066535433070867
0
LINE
8
BLACK
6
CONTINUOUS
10
5.057814960629921
20
-3.3066535433070867
11
5.0562733070866139
21
-3.3065524803149606
0
LINE
8
BLACK
6
CONTINUOUS
10
5.0562733070866139
20
-3.3065524803149606
11
5.0532950787401569
21
-3.3057544881889762
0
LINE
8
BLACK
6
CONTINUOUS
10
5.0532950787401569
20
-3.3057544881889762
11
5.0506248818897639
21
-3.3042128346456692
0
LINE
8
BLACK
6
CONTINUOUS
10
5.0506248818897639
20
-3.3042128346456692
11
5.0484446456692913
21
-3.3020325984251966
0
LINE
8
BLACK
6
CONTINUOUS
10
5.0484446456692913
20
-3.3020325984251966
11
5.0469029921259843
21
-3.2993624015748031
0
LINE
8
BLACK
6
CONTINUOUS
10
5.0469029921259843
20
-3.2993624015748031
11
5.0461049999999998
21
-3.2963841732283465
0
LINE
8
BLACK
6
CONTINUOUS
10
5.0461049999999998
20
-3.2963841732283465
11
5.0461049999999998
21
-3.293300866141732
0
LINE
8
BLACK
6
CONTINUOUS
10
5.0461049999999998
20
-3.293300866141732
11
5.0469029921259843
21
-3.2903226377952755
0
LINE
8
BLACK
6
CONTINUOUS
10
5.0469029921259843
20
-3.2903226377952755
11
5.0484446456692913
21
-3.287652440944882
0
LINE
8
BLACK
6
CONTINUOUS
10
5.0484446456692913
20
-3.287652440944882
11
5.0506248818897639
21
-3.2854722047244094
0
LINE
8
BLACK
6
CONTINUOUS
10
5.0506248818897639
20
-3.2854722047244094
11
5.0532950787401569
21
-3.2839305511811023
0
LINE
8
BLACK
6
CONTINUOUS
10
5.0532950787401569
20
-3.2839305511811023
11
5.0562733070866139
21
-3.2831325590551179
0
LINE
8
BLACK
6
CONTINUOUS
10
5.0562733070866139
20
-3.2831325590551179
11
5.057814960629921
21
-3.2830314960629923
0
LINE
8
BLACK
6
CONTINUOUS
10
5.057814960629921
20
-3.2830314960629923
11
5.1011220472440941
21
-3.2830314960629923
0
LINE
8
BLACK
6
CONTINUOUS
10
5.1011220472440941
20
-3.2830314960629923
11
5.1026637007874012
21
-3.2831325590551179
0
CIRCLE
8
BLACK
10
6.6361614173228345
20
-3.7699212598425196
40
0.0068897637795276
0
CIRCLE
8
BLACK
10
6.6361614173228345
20
-3.6349212598425198
40
0.0068897637795276
0
CIRCLE
8
BLACK
10
6.6361614173228345
20
-3.4999212598425196
40
0.0068897637795276
0
CIRCLE
8
BLACK
10
6.6361614173228345
20
-3.3630708661417321
40
0.0068897637795276
0
CIRCLE
8
BLACK
10
4.9686417322834648
20
-3.7399212598425198
40
0.0068897637795276
0
CIRCLE
8
BLACK
10
6.6030905511811024
20
-4.6531102362204724
40
0.0068897637795276
0
CIRCLE
8
BLACK
10
5.0267125984251964
20
-4.6531102362204724
40
0.0068897637795276
0
CIRCLE
8
BLACK
10
6.6030905511811024
20
-3.0767322834645667
40
0.0068897637795276
0
CIRCLE
8
BLACK
10
5.9812795275590549
20
-3.8629527559055119
40
0.0068897637795276
0
CIRCLE
8
BLACK
10
5.0267125984251964
20
-3.0767322834645667
40
0.0068897637795276
0
CIRCLE
8
BLACK
10
5.0597834645669293
20
-3.5787007874015746
40
0.0068897637795276
0
CIRCLE
8
BLACK
10
5.0597834645669293
20
-3.3511417322834647
40
0.0068897637795276
0
LINE
8
BLACK
6
CONTINUOUS
10
4.8991535433070865
20
-3.646811023622047
11
4.9306496062992125
21
-3.646811023622047
0
ARC
8
BLACK
10
4.9306496062992125
20
-3.6349999999999998
40
0.0118110236220472
50
-90.00000000
51
90.00000000
0
LINE
8
BLACK
6
CONTINUOUS
10
4.9306496062992125
20
-3.6231889763779526
11
4.8991535433070865
21
-3.6231889763779526
0
ARC
8
BLACK
10
4.8991535433070865
20
-3.6349999999999998
40
0.0118110236220472
50
90.00000000
51
270.00000000
0
LINE
8
BLACK
6
CONTINUOUS
10
4.8991535433070865
20
-3.3066535433070867
11
4.9306496062992125
21
-3.3066535433070867
0
ARC
8
BLACK
10
4.9306496062992125
20
-3.2948425196850395
40
0.0118110236220472
50
-90.00000000
51
90.00000000
0
LINE
8
BLACK
6
CONTINUOUS
10
4.9306496062992125
20
-3.2830314960629923
11
4.8991535433070865
21
-3.2830314960629923
0
ARC
8
BLACK
10
4.8991535433070865
20
-3.2948425196850395
40
0.0118110236220472
50
90.00000000
51
270.00000000
0
LINE
8
BLACK
6
CONTINUOUS
10
5.057814960629921
20
-3.646811023622047
11
5.1011220472440941
21
-3.646811023622047
0
ARC
8
BLACK
10
5.1011220472440941
20
-3.6349999999999998
40
0.0118110236220472
50
-90.00000000
51
90.00000000
0
LINE
8
BLACK
6
CONTINUOUS
10
5.1011220472440941
20
-3.6231889763779526
11
5.057814960629921
21
-3.6231889763779526
0
ARC
8
BLACK
10
5.057814960629921
20
-3.6349999999999998
40
0.0118110236220472
50
90.00000000
51
270.00000000
0
LINE
8
BLACK
6
CONTINUOUS
10
5.057814960629921
20
-3.3066535433070867
11
5.1011220472440941
21
-3.3066535433070867
0
ARC
8
BLACK
10
5.1011220472440941
20
-3.2948425196850395
40
0.0118110236220472
50
-90.00000000
51
90.00000000
0
LINE
8
BLACK
6
CONTINUOUS
10
5.1011220472440941
20
-3.2830314960629923
11
5.057814960629921
21
-3.2830314960629923
0
ARC
8
BLACK
10
5.057814960629921
20
-3.2948425196850395
40
0.0118110236220472
50
90.00000000
51
270.00000000
0
CIRCLE
8
BLACK
10
6.6361614173228345
20
-3.7699212598425196
40
0.0068897637795276
0
CIRCLE
8
BLACK
10
6.6361614173228345
20
-3.6349212598425198
40
0.0068897637795276
0
CIRCLE
8
BLACK
10
6.6361614173228345
20
-3.4999212598425196
40
0.0068897637795276
0
CIRCLE
8
BLACK
10
6.6361614173228345
20
-3.3630708661417321
40
0.0068897637795276
0
CIRCLE
8
BLACK
10
4.9686417322834648
20
-3.7399212598425198
40
0.0068897637795276
  0
ENDSEC
  0
EOF
