  0
SECTION
  2
HEADER
  9
$ANGBASE
  50
0.0
  9
$ANGDIR
  70
1
  9
$MEASUREMENT
  70
0
  0
ENDSEC
  0
SECTION
  2
TABLES
  0
TABLE
  2
LTYPE
  70
4
  0
LTYPE
  5
40F
  2
CONTINUOUS
  70
0
  3
Solid line
  72
65
  73
0
  40
0.0
  0
LTYPE
  5
410
  2
DASHDOT
 70
0
  3
Dash Dot ____ _ ____ _
 72
65
 73
4
 40
2.0
 49
1.25
 49
-0.25
 49
0.25
 49
-0.25
  0
LTYPE
  5
411
  2
DASHED
 70
0
  3
Dashed __ __ __ __ __
 72
65
 73
2
 40
0.75
 49
0.5
 49
-0.25
  0
LTYPE
  5
43B
  2
DOTTED
 70
0
  3
Dotted .  .  .  .
 72
65
 73
2
 40
0.2
 49
0.0
 49
-0.2
  0
ENDTAB
  0
TABLE
  2
STYLE
  70
4
  0
STYLE
  2
KICAD
  70
0
  40
0
  41
1
  42
1
  50
0
  71
0
  3
isocp.shx
  0
STYLE
  2
KICADB
  70
0
  40
0
  41
1
  42
1
  50
0
  71
0
  3
isocp.shx
  0
STYLE
  2
KICADI
  70
0
  40
0
  41
1
  42
1
  50
15
  71
0
  3
isocp.shx
  0
STYLE
  2
KICADBI
  70
0
  40
0
  41
1
  42
1
  50
15
  71
0
  3
isocp.shx
  0
ENDTAB
  0
TABLE
  2
LAYER
  70
1
  0
LAYER
  2
BLACK
  70
0
  62
7
  6
CONTINUOUS
  0
ENDTAB
  0
ENDSEC
  0
SECTION
  2
ENTITIES
0
LINE
8
BLACK
6
CONTINUOUS
10
6.3608842913385821
20
-4.8253766535433069
11
6.3621627165354333
21
-4.8266550787401572
0
LINE
8
BLACK
6
CONTINUOUS
10
6.3621627165354333
20
-4.8266550787401572
11
6.3621627165354333
21
-4.8284630314960628
0
LINE
8
BLACK
6
CONTINUOUS
10
6.3621627165354333
20
-4.8284630314960628
11
6.3608842913385821
21
-4.8297414566929131
0
LINE
8
BLACK
6
CONTINUOUS
10
6.3608842913385821
20
-4.8297414566929131
11
6.3599803149606302
21
-4.8299212598425196
0
LINE
8
BLACK
6
CONTINUOUS
10
6.3599803149606302
20
-4.8299212598425196
11
6.1265157480314958
21
-4.8299212598425196
0
LINE
8
BLACK
6
CONTINUOUS
10
6.1265157480314958
20
-4.8299212598425196
11
6.125611771653543
21
-4.8297414566929131
0
LINE
8
BLACK
6
CONTINUOUS
10
6.125611771653543
20
-4.8297414566929131
11
6.1243333464566927
21
-4.8284630314960628
0
LINE
8
BLACK
6
CONTINUOUS
10
6.1243333464566927
20
-4.8284630314960628
11
6.1243333464566927
21
-4.8266550787401572
0
LINE
8
BLACK
6
CONTINUOUS
10
6.1243333464566927
20
-4.8266550787401572
11
6.125611771653543
21
-4.8253766535433069
0
LINE
8
BLACK
6
CONTINUOUS
10
6.125611771653543
20
-4.8253766535433069
11
6.1265157480314958
21
-4.8251968503937004
0
LINE
8
BLACK
6
CONTINUOUS
10
6.1265157480314958
20
-4.8251968503937004
11
6.3599803149606302
21
-4.8251968503937004
0
LINE
8
BLACK
6
CONTINUOUS
10
6.3599803149606302
20
-4.8251968503937004
11
6.3608842913385821
21
-4.8253766535433069
0
LINE
8
BLACK
6
CONTINUOUS
10
5.8101756299212601
20
-4.8235262598425193
11
5.8114540551181104
21
-4.8248046850393695
0
LINE
8
BLACK
6
CONTINUOUS
10
5.8114540551181104
20
-4.8248046850393695
11
5.8114540551181104
21
-4.8266126377952752
0
LINE
8
BLACK
6
CONTINUOUS
10
5.8114540551181104
20
-4.8266126377952752
11
5.8101756299212601
21
-4.8278910629921254
0
LINE
8
BLACK
6
CONTINUOUS
10
5.8101756299212601
20
-4.8278910629921254
11
5.8092716535433073
21
-4.828070866141732
0
LINE
8
BLACK
6
CONTINUOUS
10
5.8092716535433073
20
-4.828070866141732
11
5.2805314960629923
21
-4.828070866141732
0
LINE
8
BLACK
6
CONTINUOUS
10
5.2805314960629923
20
-4.828070866141732
11
5.2796275196850395
21
-4.8278910629921254
0
LINE
8
BLACK
6
CONTINUOUS
10
5.2796275196850395
20
-4.8278910629921254
11
5.2783490944881892
21
-4.8266126377952752
0
LINE
8
BLACK
6
CONTINUOUS
10
5.2783490944881892
20
-4.8266126377952752
11
5.2783490944881892
21
-4.8248046850393695
0
LINE
8
BLACK
6
CONTINUOUS
10
5.2783490944881892
20
-4.8248046850393695
11
5.2796275196850395
21
-4.8235262598425193
0
LINE
8
BLACK
6
CONTINUOUS
10
5.2796275196850395
20
-4.8235262598425193
11
5.2805314960629923
21
-4.8233464566929136
0
LINE
8
BLACK
6
CONTINUOUS
10
5.2805314960629923
20
-4.8233464566929136
11
5.8092716535433073
21
-4.8233464566929136
0
LINE
8
BLACK
6
CONTINUOUS
10
5.8092716535433073
20
-4.8233464566929136
11
5.8101756299212601
21
-4.8235262598425193
0
LINE
8
BLACK
6
CONTINUOUS
10
6.0357661811023622
20
-4.5601404330708659
11
6.0370446062992125
21
-4.5614188582677162
0
LINE
8
BLACK
6
CONTINUOUS
10
6.0370446062992125
20
-4.5614188582677162
11
6.037224409448819
21
-4.562322834645669
0
LINE
8
BLACK
6
CONTINUOUS
10
6.037224409448819
20
-4.562322834645669
11
6.037224409448819
21
-4.7749212598425199
0
LINE
8
BLACK
6
CONTINUOUS
10
6.037224409448819
20
-4.7749212598425199
11
6.0370446062992125
21
-4.7758252362204727
0
LINE
8
BLACK
6
CONTINUOUS
10
6.0370446062992125
20
-4.7758252362204727
11
6.0357661811023622
21
-4.777103661417323
0
LINE
8
BLACK
6
CONTINUOUS
10
6.0357661811023622
20
-4.777103661417323
11
6.0339582283464566
21
-4.777103661417323
0
LINE
8
BLACK
6
CONTINUOUS
10
6.0339582283464566
20
-4.777103661417323
11
6.0326798031496063
21
-4.7758252362204727
0
LINE
8
BLACK
6
CONTINUOUS
10
6.0326798031496063
20
-4.7758252362204727
11
6.0324999999999998
21
-4.7749212598425199
0
LINE
8
BLACK
6
CONTINUOUS
10
6.0324999999999998
20
-4.7749212598425199
11
6.0324999999999998
21
-4.5646850393700786
0
LINE
8
BLACK
6
CONTINUOUS
10
6.0324999999999998
20
-4.5646850393700786
11
5.9073031496062987
21
-4.5646850393700786
0
LINE
8
BLACK
6
CONTINUOUS
10
5.9073031496062987
20
-4.5646850393700786
11
5.9073031496062987
21
-4.7749212598425199
0
LINE
8
BLACK
6
CONTINUOUS
10
5.9073031496062987
20
-4.7749212598425199
11
5.907123346456693
21
-4.7758252362204727
0
LINE
8
BLACK
6
CONTINUOUS
10
5.907123346456693
20
-4.7758252362204727
11
5.9058449212598427
21
-4.777103661417323
0
LINE
8
BLACK
6
CONTINUOUS
10
5.9058449212598427
20
-4.777103661417323
11
5.9040369685039371
21
-4.777103661417323
0
LINE
8
BLACK
6
CONTINUOUS
10
5.9040369685039371
20
-4.777103661417323
11
5.9027585433070868
21
-4.7758252362204727
0
LINE
8
BLACK
6
CONTINUOUS
10
5.9027585433070868
20
-4.7758252362204727
11
5.9025787401574803
21
-4.7749212598425199
0
LINE
8
BLACK
6
CONTINUOUS
10
5.9025787401574803
20
-4.7749212598425199
11
5.9025787401574803
21
-4.562322834645669
0
LINE
8
BLACK
6
CONTINUOUS
10
5.9025787401574803
20
-4.562322834645669
11
5.9027585433070868
21
-4.5614188582677162
0
LINE
8
BLACK
6
CONTINUOUS
10
5.9027585433070868
20
-4.5614188582677162
11
5.9040369685039371
21
-4.5601404330708659
0
LINE
8
BLACK
6
CONTINUOUS
10
5.9040369685039371
20
-4.5601404330708659
11
5.9049409448818899
21
-4.5599606299212594
0
LINE
8
BLACK
6
CONTINUOUS
10
5.9049409448818899
20
-4.5599606299212594
11
6.0348622047244094
21
-4.5599606299212594
0
LINE
8
BLACK
6
CONTINUOUS
10
6.0348622047244094
20
-4.5599606299212594
11
6.0357661811023622
21
-4.5601404330708659
0
LINE
8
BLACK
6
CONTINUOUS
10
6.1482858661417321
20
-4.6572664173228349
11
6.1495642913385824
21
-4.6585448425196851
0
LINE
8
BLACK
6
CONTINUOUS
10
6.1495642913385824
20
-4.6585448425196851
11
6.1495642913385824
21
-4.6603527952755908
0
LINE
8
BLACK
6
CONTINUOUS
10
6.1495642913385824
20
-4.6603527952755908
11
6.1482858661417321
21
-4.6616312204724411
0
LINE
8
BLACK
6
CONTINUOUS
10
6.1482858661417321
20
-4.6616312204724411
11
6.1473818897637793
21
-4.6618110236220476
0
LINE
8
BLACK
6
CONTINUOUS
10
6.1473818897637793
20
-4.6618110236220476
11
6.0788779527559056
21
-4.6618110236220476
0
LINE
8
BLACK
6
CONTINUOUS
10
6.0788779527559056
20
-4.6618110236220476
11
6.0788779527559056
21
-4.7165354330708658
0
LINE
8
BLACK
6
CONTINUOUS
10
6.0788779527559056
20
-4.7165354330708658
11
6.0786981496062991
21
-4.7174394094488186
0
LINE
8
BLACK
6
CONTINUOUS
10
6.0786981496062991
20
-4.7174394094488186
11
6.0774197244094488
21
-4.7187178346456689
0
LINE
8
BLACK
6
CONTINUOUS
10
6.0774197244094488
20
-4.7187178346456689
11
6.0756117716535432
21
-4.7187178346456689
0
LINE
8
BLACK
6
CONTINUOUS
10
6.0756117716535432
20
-4.7187178346456689
11
6.0743333464566929
21
-4.7174394094488186
0
LINE
8
BLACK
6
CONTINUOUS
10
6.0743333464566929
20
-4.7174394094488186
11
6.0741535433070863
21
-4.7165354330708658
0
LINE
8
BLACK
6
CONTINUOUS
10
6.0741535433070863
20
-4.7165354330708658
11
6.0741535433070863
21
-4.659448818897638
0
LINE
8
BLACK
6
CONTINUOUS
10
6.0741535433070863
20
-4.659448818897638
11
6.0743333464566929
21
-4.6585448425196851
0
LINE
8
BLACK
6
CONTINUOUS
10
6.0743333464566929
20
-4.6585448425196851
11
6.0756117716535432
21
-4.6572664173228349
0
LINE
8
BLACK
6
CONTINUOUS
10
6.0756117716535432
20
-4.6572664173228349
11
6.076515748031496
21
-4.6570866141732283
0
LINE
8
BLACK
6
CONTINUOUS
10
6.076515748031496
20
-4.6570866141732283
11
6.1473818897637793
21
-4.6570866141732283
0
LINE
8
BLACK
6
CONTINUOUS
10
6.1473818897637793
20
-4.6570866141732283
11
6.1482858661417321
21
-4.6572664173228349
0
LINE
8
BLACK
6
CONTINUOUS
10
6.3412965748031498
20
-4.619568464566929
11
6.3414763779527554
21
-4.6204724409448819
0
LINE
8
BLACK
6
CONTINUOUS
10
6.3414763779527554
20
-4.6204724409448819
11
6.3414763779527554
21
-4.6570866141732283
0
LINE
8
BLACK
6
CONTINUOUS
10
6.3414763779527554
20
-4.6570866141732283
11
6.40998031496063
21
-4.6570866141732283
0
LINE
8
BLACK
6
CONTINUOUS
10
6.40998031496063
20
-4.6570866141732283
11
6.4108842913385828
21
-4.6572664173228349
0
LINE
8
BLACK
6
CONTINUOUS
10
6.4108842913385828
20
-4.6572664173228349
11
6.4121627165354331
21
-4.6585448425196851
0
LINE
8
BLACK
6
CONTINUOUS
10
6.4121627165354331
20
-4.6585448425196851
11
6.4123425196850397
21
-4.659448818897638
0
LINE
8
BLACK
6
CONTINUOUS
10
6.4123425196850397
20
-4.659448818897638
11
6.4123425196850397
21
-4.7165354330708658
0
LINE
8
BLACK
6
CONTINUOUS
10
6.4123425196850397
20
-4.7165354330708658
11
6.4121627165354331
21
-4.7174394094488186
0
LINE
8
BLACK
6
CONTINUOUS
10
6.4121627165354331
20
-4.7174394094488186
11
6.4108842913385828
21
-4.7187178346456689
0
LINE
8
BLACK
6
CONTINUOUS
10
6.4108842913385828
20
-4.7187178346456689
11
6.4090763385826772
21
-4.7187178346456689
0
LINE
8
BLACK
6
CONTINUOUS
10
6.4090763385826772
20
-4.7187178346456689
11
6.4077979133858269
21
-4.7174394094488186
0
LINE
8
BLACK
6
CONTINUOUS
10
6.4077979133858269
20
-4.7174394094488186
11
6.4076181102362204
21
-4.7165354330708658
0
LINE
8
BLACK
6
CONTINUOUS
10
6.4076181102362204
20
-4.7165354330708658
11
6.4076181102362204
21
-4.6618110236220476
0
LINE
8
BLACK
6
CONTINUOUS
10
6.4076181102362204
20
-4.6618110236220476
11
6.3391141732283467
21
-4.6618110236220476
0
LINE
8
BLACK
6
CONTINUOUS
10
6.3391141732283467
20
-4.6618110236220476
11
6.3382101968503939
21
-4.6616312204724411
0
LINE
8
BLACK
6
CONTINUOUS
10
6.3382101968503939
20
-4.6616312204724411
11
6.3369317716535436
21
-4.6603527952755908
0
LINE
8
BLACK
6
CONTINUOUS
10
6.3369317716535436
20
-4.6603527952755908
11
6.3367519685039371
21
-4.659448818897638
0
LINE
8
BLACK
6
CONTINUOUS
10
6.3367519685039371
20
-4.659448818897638
11
6.3367519685039371
21
-4.6204724409448819
0
LINE
8
BLACK
6
CONTINUOUS
10
6.3367519685039371
20
-4.6204724409448819
11
6.3369317716535436
21
-4.619568464566929
0
LINE
8
BLACK
6
CONTINUOUS
10
6.3369317716535436
20
-4.619568464566929
11
6.3382101968503939
21
-4.6182900393700788
0
LINE
8
BLACK
6
CONTINUOUS
10
6.3382101968503939
20
-4.6182900393700788
11
6.3400181496062995
21
-4.6182900393700788
0
LINE
8
BLACK
6
CONTINUOUS
10
6.3400181496062995
20
-4.6182900393700788
11
6.3412965748031498
21
-4.619568464566929
0
LINE
8
BLACK
6
CONTINUOUS
10
5.3023016141732286
20
-4.6554160236220472
11
5.3035800393700789
21
-4.6566944488188975
0
LINE
8
BLACK
6
CONTINUOUS
10
5.3035800393700789
20
-4.6566944488188975
11
5.3035800393700789
21
-4.6585024015748031
0
LINE
8
BLACK
6
CONTINUOUS
10
5.3035800393700789
20
-4.6585024015748031
11
5.3023016141732286
21
-4.6597808267716534
0
LINE
8
BLACK
6
CONTINUOUS
10
5.3023016141732286
20
-4.6597808267716534
11
5.3013976377952758
21
-4.6599606299212599
0
LINE
8
BLACK
6
CONTINUOUS
10
5.3013976377952758
20
-4.6599606299212599
11
5.2328937007874012
21
-4.6599606299212599
0
LINE
8
BLACK
6
CONTINUOUS
10
5.2328937007874012
20
-4.6599606299212599
11
5.2328937007874012
21
-4.714685039370079
0
LINE
8
BLACK
6
CONTINUOUS
10
5.2328937007874012
20
-4.714685039370079
11
5.2327138976377956
21
-4.7155890157480318
0
LINE
8
BLACK
6
CONTINUOUS
10
5.2327138976377956
20
-4.7155890157480318
11
5.2314354724409444
21
-4.7168674409448821
0
LINE
8
BLACK
6
CONTINUOUS
10
5.2314354724409444
20
-4.7168674409448821
11
5.2296275196850397
21
-4.7168674409448821
0
LINE
8
BLACK
6
CONTINUOUS
10
5.2296275196850397
20
-4.7168674409448821
11
5.2283490944881885
21
-4.7155890157480318
0
LINE
8
BLACK
6
CONTINUOUS
10
5.2283490944881885
20
-4.7155890157480318
11
5.2281692913385829
21
-4.714685039370079
0
LINE
8
BLACK
6
CONTINUOUS
10
5.2281692913385829
20
-4.714685039370079
11
5.2281692913385829
21
-4.6575984251968503
0
LINE
8
BLACK
6
CONTINUOUS
10
5.2281692913385829
20
-4.6575984251968503
11
5.2283490944881885
21
-4.6566944488188975
0
LINE
8
BLACK
6
CONTINUOUS
10
5.2283490944881885
20
-4.6566944488188975
11
5.2296275196850397
21
-4.6554160236220472
0
LINE
8
BLACK
6
CONTINUOUS
10
5.2296275196850397
20
-4.6554160236220472
11
5.2305314960629916
21
-4.6552362204724407
0
LINE
8
BLACK
6
CONTINUOUS
10
5.2305314960629916
20
-4.6552362204724407
11
5.3013976377952758
21
-4.6552362204724407
0
LINE
8
BLACK
6
CONTINUOUS
10
5.3013976377952758
20
-4.6552362204724407
11
5.3023016141732286
21
-4.6554160236220472
0
LINE
8
BLACK
6
CONTINUOUS
10
5.7905879133858269
20
-4.6177180708661414
11
5.7907677165354325
21
-4.6186220472440942
0
LINE
8
BLACK
6
CONTINUOUS
10
5.7907677165354325
20
-4.6186220472440942
11
5.7907677165354325
21
-4.6552362204724407
0
LINE
8
BLACK
6
CONTINUOUS
10
5.7907677165354325
20
-4.6552362204724407
11
5.8592716535433071
21
-4.6552362204724407
0
LINE
8
BLACK
6
CONTINUOUS
10
5.8592716535433071
20
-4.6552362204724407
11
5.86017562992126
21
-4.6554160236220472
0
LINE
8
BLACK
6
CONTINUOUS
10
5.86017562992126
20
-4.6554160236220472
11
5.8614540551181102
21
-4.6566944488188975
0
LINE
8
BLACK
6
CONTINUOUS
10
5.8614540551181102
20
-4.6566944488188975
11
5.8616338582677168
21
-4.6575984251968503
0
LINE
8
BLACK
6
CONTINUOUS
10
5.8616338582677168
20
-4.6575984251968503
11
5.8616338582677168
21
-4.714685039370079
0
LINE
8
BLACK
6
CONTINUOUS
10
5.8616338582677168
20
-4.714685039370079
11
5.8614540551181102
21
-4.7155890157480318
0
LINE
8
BLACK
6
CONTINUOUS
10
5.8614540551181102
20
-4.7155890157480318
11
5.86017562992126
21
-4.7168674409448821
0
LINE
8
BLACK
6
CONTINUOUS
10
5.86017562992126
20
-4.7168674409448821
11
5.8583676771653543
21
-4.7168674409448821
0
LINE
8
BLACK
6
CONTINUOUS
10
5.8583676771653543
20
-4.7168674409448821
11
5.8570892519685041
21
-4.7155890157480318
0
LINE
8
BLACK
6
CONTINUOUS
10
5.8570892519685041
20
-4.7155890157480318
11
5.8569094488188975
21
-4.714685039370079
0
LINE
8
BLACK
6
CONTINUOUS
10
5.8569094488188975
20
-4.714685039370079
11
5.8569094488188975
21
-4.6599606299212599
0
LINE
8
BLACK
6
CONTINUOUS
10
5.8569094488188975
20
-4.6599606299212599
11
5.7884055118110238
21
-4.6599606299212599
0
LINE
8
BLACK
6
CONTINUOUS
10
5.7884055118110238
20
-4.6599606299212599
11
5.787501535433071
21
-4.6597808267716534
0
LINE
8
BLACK
6
CONTINUOUS
10
5.787501535433071
20
-4.6597808267716534
11
5.7862231102362207
21
-4.6585024015748031
0
LINE
8
BLACK
6
CONTINUOUS
10
5.7862231102362207
20
-4.6585024015748031
11
5.7860433070866142
21
-4.6575984251968503
0
LINE
8
BLACK
6
CONTINUOUS
10
5.7860433070866142
20
-4.6575984251968503
11
5.7860433070866142
21
-4.6186220472440942
0
LINE
8
BLACK
6
CONTINUOUS
10
5.7860433070866142
20
-4.6186220472440942
11
5.7862231102362207
21
-4.6177180708661414
0
LINE
8
BLACK
6
CONTINUOUS
10
5.7862231102362207
20
-4.6177180708661414
11
5.787501535433071
21
-4.6164396456692911
0
LINE
8
BLACK
6
CONTINUOUS
10
5.787501535433071
20
-4.6164396456692911
11
5.7893094881889766
21
-4.6164396456692911
0
LINE
8
BLACK
6
CONTINUOUS
10
5.7893094881889766
20
-4.6164396456692911
11
5.7905879133858269
21
-4.6177180708661414
0
LINE
8
BLACK
6
CONTINUOUS
10
6.258011850393701
20
-4.5493094094488189
11
6.2588264960629916
21
-4.5501240551181104
0
LINE
8
BLACK
6
CONTINUOUS
10
6.2588264960629916
20
-4.5501240551181104
11
6.2592674015748031
21
-4.5511884645669287
0
LINE
8
BLACK
6
CONTINUOUS
10
6.2592674015748031
20
-4.5511884645669287
11
6.2593241338582679
21
-4.5517645275590546
0
LINE
8
BLACK
6
CONTINUOUS
10
6.2593241338582679
20
-4.5517645275590546
11
6.2593241338582679
21
-4.5794068110236221
0
LINE
8
BLACK
6
CONTINUOUS
10
6.2593241338582679
20
-4.5794068110236221
11
6.2608269291338585
21
-4.5839152362204727
0
LINE
8
BLACK
6
CONTINUOUS
10
6.2608269291338585
20
-4.5839152362204727
11
6.2635907086614173
21
-4.5866790551181102
0
LINE
8
BLACK
6
CONTINUOUS
10
6.2635907086614173
20
-4.5866790551181102
11
6.2680990944881891
21
-4.5881818503937009
0
LINE
8
BLACK
6
CONTINUOUS
10
6.2680990944881891
20
-4.5881818503937009
11
6.2713694881889763
21
-4.5881818503937009
0
LINE
8
BLACK
6
CONTINUOUS
10
6.2713694881889763
20
-4.5881818503937009
11
6.2719455511811022
21
-4.5882385826771657
0
LINE
8
BLACK
6
CONTINUOUS
10
6.2719455511811022
20
-4.5882385826771657
11
6.2730099606299214
21
-4.5886794881889763
0
LINE
8
BLACK
6
CONTINUOUS
10
6.2730099606299214
20
-4.5886794881889763
11
6.273824606299212
21
-4.5894941338582678
0
LINE
8
BLACK
6
CONTINUOUS
10
6.273824606299212
20
-4.5894941338582678
11
6.2742655118110235
21
-4.5905585433070861
0
LINE
8
BLACK
6
CONTINUOUS
10
6.2742655118110235
20
-4.5905585433070861
11
6.2742655118110235
21
-4.5917106692913388
0
LINE
8
BLACK
6
CONTINUOUS
10
6.2742655118110235
20
-4.5917106692913388
11
6.273824606299212
21
-4.5927750787401571
0
LINE
8
BLACK
6
CONTINUOUS
10
6.273824606299212
20
-4.5927750787401571
11
6.2730099606299214
21
-4.5935897244094486
0
LINE
8
BLACK
6
CONTINUOUS
10
6.2730099606299214
20
-4.5935897244094486
11
6.2719455511811022
21
-4.5940306299212601
0
LINE
8
BLACK
6
CONTINUOUS
10
6.2719455511811022
20
-4.5940306299212601
11
6.2713694881889763
21
-4.594087362204724
0
LINE
8
BLACK
6
CONTINUOUS
10
6.2713694881889763
20
-4.594087362204724
11
6.2676199606299212
21
-4.594087362204724
0
LINE
8
BLACK
6
CONTINUOUS
10
6.2676199606299212
20
-4.594087362204724
11
6.2673283464566927
21
-4.5940586220472444
0
LINE
8
BLACK
6
CONTINUOUS
10
6.2673283464566927
20
-4.5940586220472444
11
6.2672506299212598
21
-4.5940641732283467
0
LINE
8
BLACK
6
CONTINUOUS
10
6.2672506299212598
20
-4.5940641732283467
11
6.2671483464566924
21
-4.594040905511811
0
LINE
8
BLACK
6
CONTINUOUS
10
6.2671483464566924
20
-4.594040905511811
11
6.2670438976377953
21
-4.5940306299212601
0
LINE
8
BLACK
6
CONTINUOUS
10
6.2670438976377953
20
-4.5940306299212601
11
6.2669718110236223
21
-4.5940007480314957
0
LINE
8
BLACK
6
CONTINUOUS
10
6.2669718110236223
20
-4.5940007480314957
11
6.2666861811023624
21
-4.593935826771653
0
LINE
8
BLACK
6
CONTINUOUS
10
6.2666861811023624
20
-4.593935826771653
11
6.2610619291338585
21
-4.5920610629921255
0
LINE
8
BLACK
6
CONTINUOUS
10
6.2610619291338585
20
-4.5920610629921255
11
6.2605333464566923
21
-4.5918250787401576
0
LINE
8
BLACK
6
CONTINUOUS
10
6.2605333464566923
20
-4.5918250787401576
11
6.2604532283464565
21
-4.5917555905511813
0
LINE
8
BLACK
6
CONTINUOUS
10
6.2604532283464565
20
-4.5917555905511813
11
6.2603551968503934
21
-4.5917149999999998
0
LINE
8
BLACK
6
CONTINUOUS
10
6.2603551968503934
20
-4.5917149999999998
11
6.2599077559055116
21
-4.5913477559055114
0
LINE
8
BLACK
6
CONTINUOUS
10
6.2599077559055116
20
-4.5913477559055114
11
6.2561582283464565
21
-4.5875981889763775
0
LINE
8
BLACK
6
CONTINUOUS
10
6.2561582283464565
20
-4.5875981889763775
11
6.2557909842519681
21
-4.5871507086614169
0
LINE
8
BLACK
6
CONTINUOUS
10
6.2557909842519681
20
-4.5871507086614169
11
6.2557503543307087
21
-4.5870526377952752
0
LINE
8
BLACK
6
CONTINUOUS
10
6.2557503543307087
20
-4.5870526377952752
11
6.2556809055118112
21
-4.586972559055118
0
LINE
8
BLACK
6
CONTINUOUS
10
6.2556809055118112
20
-4.586972559055118
11
6.2554449212598424
21
-4.5864440157480315
0
LINE
8
BLACK
6
CONTINUOUS
10
6.2554449212598424
20
-4.5864440157480315
11
6.2535701574803149
21
-4.5808197244094488
0
LINE
8
BLACK
6
CONTINUOUS
10
6.2535701574803149
20
-4.5808197244094488
11
6.2535051968503934
21
-4.5805341338582677
0
LINE
8
BLACK
6
CONTINUOUS
10
6.2535051968503934
20
-4.5805341338582677
11
6.2534753543307087
21
-4.5804620472440947
0
LINE
8
BLACK
6
CONTINUOUS
10
6.2534753543307087
20
-4.5804620472440947
11
6.253465039370079
21
-4.5803575196850392
0
LINE
8
BLACK
6
CONTINUOUS
10
6.253465039370079
20
-4.5803575196850392
11
6.2534418110236221
21
-4.5802552755905515
0
LINE
8
BLACK
6
CONTINUOUS
10
6.2534418110236221
20
-4.5802552755905515
11
6.2534473228346457
21
-4.5801775196850389
0
LINE
8
BLACK
6
CONTINUOUS
10
6.2534473228346457
20
-4.5801775196850389
11
6.2534186220472439
21
-4.5798859842519688
0
LINE
8
BLACK
6
CONTINUOUS
10
6.2534186220472439
20
-4.5798859842519688
11
6.2534186220472439
21
-4.5517645275590546
0
LINE
8
BLACK
6
CONTINUOUS
10
6.2534186220472439
20
-4.5517645275590546
11
6.2534753543307087
21
-4.5511884645669287
0
LINE
8
BLACK
6
CONTINUOUS
10
6.2534753543307087
20
-4.5511884645669287
11
6.2539162598425193
21
-4.5501240551181104
0
LINE
8
BLACK
6
CONTINUOUS
10
6.2539162598425193
20
-4.5501240551181104
11
6.2547309055118108
21
-4.5493094094488189
0
LINE
8
BLACK
6
CONTINUOUS
10
6.2547309055118108
20
-4.5493094094488189
11
6.25579531496063
21
-4.5488685039370074
0
LINE
8
BLACK
6
CONTINUOUS
10
6.25579531496063
20
-4.5488685039370074
11
6.2569474409448818
21
-4.5488685039370074
0
LINE
8
BLACK
6
CONTINUOUS
10
6.2569474409448818
20
-4.5488685039370074
11
6.258011850393701
21
-4.5493094094488189
0
LINE
8
BLACK
6
CONTINUOUS
10
6.2309045669291336
20
-4.5470418897637792
11
6.231935
21
-4.547557086614173
0
LINE
8
BLACK
6
CONTINUOUS
10
6.231935
20
-4.547557086614173
11
6.2326898818897636
21
-4.5484274409448817
0
LINE
8
BLACK
6
CONTINUOUS
10
6.2326898818897636
20
-4.5484274409448817
11
6.2329258661417324
21
-4.548956023622047
0
LINE
8
BLACK
6
CONTINUOUS
10
6.2329258661417324
20
-4.548956023622047
11
6.2422996850393702
21
-4.5770774409448816
0
LINE
8
BLACK
6
CONTINUOUS
10
6.2422996850393702
20
-4.5770774409448816
11
6.2423646062992129
21
-4.5773630708661415
0
LINE
8
BLACK
6
CONTINUOUS
10
6.2423646062992129
20
-4.5773630708661415
11
6.2423944881889764
21
-4.5774351574803145
0
LINE
8
BLACK
6
CONTINUOUS
10
6.2423944881889764
20
-4.5774351574803145
11
6.2423944881889764
21
-4.5774943700787398
0
LINE
8
BLACK
6
CONTINUOUS
10
6.2423944881889764
20
-4.5774943700787398
11
6.242428031496063
21
-4.5776418897637798
0
LINE
8
BLACK
6
CONTINUOUS
10
6.242428031496063
20
-4.5776418897637798
11
6.2423944881889764
21
-4.5781137401574803
0
LINE
8
BLACK
6
CONTINUOUS
10
6.2423944881889764
20
-4.5781137401574803
11
6.2423944881889764
21
-4.5785872834645671
0
LINE
8
BLACK
6
CONTINUOUS
10
6.2423944881889764
20
-4.5785872834645671
11
6.2423538188976373
21
-4.5786853543307089
0
LINE
8
BLACK
6
CONTINUOUS
10
6.2423538188976373
20
-4.5786853543307089
11
6.242346338582677
21
-4.5787911023622048
0
LINE
8
BLACK
6
CONTINUOUS
10
6.242346338582677
20
-4.5787911023622048
11
6.2421347637795277
21
-4.5792142125984254
0
LINE
8
BLACK
6
CONTINUOUS
10
6.2421347637795277
20
-4.5792142125984254
11
6.2419535826771648
21
-4.5796516929133855
0
LINE
8
BLACK
6
CONTINUOUS
10
6.2419535826771648
20
-4.5796516929133855
11
6.2418785433070862
21
-4.5797266929133853
0
LINE
8
BLACK
6
CONTINUOUS
10
6.2418785433070862
20
-4.5797266929133853
11
6.2418311417322832
21
-4.5798215748031499
0
LINE
8
BLACK
6
CONTINUOUS
10
6.2418311417322832
20
-4.5798215748031499
11
6.2414736614173227
21
-4.5801315748031497
0
LINE
8
BLACK
6
CONTINUOUS
10
6.2414736614173227
20
-4.5801315748031497
11
6.2411389370078743
21
-4.5804663385826769
0
LINE
8
BLACK
6
CONTINUOUS
10
6.2411389370078743
20
-4.5804663385826769
11
6.2410408661417325
21
-4.5805069291338585
0
LINE
8
BLACK
6
CONTINUOUS
10
6.2410408661417325
20
-4.5805069291338585
11
6.2409607480314957
21
-4.5805764566929135
0
LINE
8
BLACK
6
CONTINUOUS
10
6.2409607480314957
20
-4.5805764566929135
11
6.2405118897637797
21
-4.5807260629921256
0
LINE
8
BLACK
6
CONTINUOUS
10
6.2405118897637797
20
-4.5807260629921256
11
6.240074527559055
21
-4.5809072440944885
0
LINE
8
BLACK
6
CONTINUOUS
10
6.240074527559055
20
-4.5809072440944885
11
6.2399238582677166
21
-4.5809220472440941
0
LINE
8
BLACK
6
CONTINUOUS
10
6.2399238582677166
20
-4.5809220472440941
11
6.2398677559055118
21
-4.5809407874015751
0
LINE
8
BLACK
6
CONTINUOUS
10
6.2398677559055118
20
-4.5809407874015751
11
6.2397900000000002
21
-4.5809352362204727
0
LINE
8
BLACK
6
CONTINUOUS
10
6.2397900000000002
20
-4.5809352362204727
11
6.2394984645669291
21
-4.5809639763779524
0
LINE
8
BLACK
6
CONTINUOUS
10
6.2394984645669291
20
-4.5809639763779524
11
6.2237035826771656
21
-4.5809639763779524
0
LINE
8
BLACK
6
CONTINUOUS
10
6.2237035826771656
20
-4.5809639763779524
11
6.2237035826771656
21
-4.5911346062992129
0
LINE
8
BLACK
6
CONTINUOUS
10
6.2237035826771656
20
-4.5911346062992129
11
6.2236468503937008
21
-4.5917106692913388
0
LINE
8
BLACK
6
CONTINUOUS
10
6.2236468503937008
20
-4.5917106692913388
11
6.2232059448818893
21
-4.5927750787401571
0
LINE
8
BLACK
6
CONTINUOUS
10
6.2232059448818893
20
-4.5927750787401571
11
6.2223912992125987
21
-4.5935897244094486
0
LINE
8
BLACK
6
CONTINUOUS
10
6.2223912992125987
20
-4.5935897244094486
11
6.2213268897637795
21
-4.5940306299212601
0
LINE
8
BLACK
6
CONTINUOUS
10
6.2213268897637795
20
-4.5940306299212601
11
6.2201747637795277
21
-4.5940306299212601
0
LINE
8
BLACK
6
CONTINUOUS
10
6.2201747637795277
20
-4.5940306299212601
11
6.2191103543307085
21
-4.5935897244094486
0
LINE
8
BLACK
6
CONTINUOUS
10
6.2191103543307085
20
-4.5935897244094486
11
6.218295708661417
21
-4.5927750787401571
0
LINE
8
BLACK
6
CONTINUOUS
10
6.218295708661417
20
-4.5927750787401571
11
6.2178548031496064
21
-4.5917106692913388
0
LINE
8
BLACK
6
CONTINUOUS
10
6.2178548031496064
20
-4.5917106692913388
11
6.2177980708661416
21
-4.5911346062992129
0
LINE
8
BLACK
6
CONTINUOUS
10
6.2177980708661416
20
-4.5911346062992129
11
6.2177980708661416
21
-4.5809639763779524
0
LINE
8
BLACK
6
CONTINUOUS
10
6.2177980708661416
20
-4.5809639763779524
11
6.2151265354330709
21
-4.5809639763779524
0
LINE
8
BLACK
6
CONTINUOUS
10
6.2151265354330709
20
-4.5809639763779524
11
6.2145504724409451
21
-4.5809072440944885
0
LINE
8
BLACK
6
CONTINUOUS
10
6.2145504724409451
20
-4.5809072440944885
11
6.2134860629921258
21
-4.5804663385826769
0
LINE
8
BLACK
6
CONTINUOUS
10
6.2134860629921258
20
-4.5804663385826769
11
6.2126714173228343
21
-4.5796516929133855
0
LINE
8
BLACK
6
CONTINUOUS
10
6.2126714173228343
20
-4.5796516929133855
11
6.2122305118110237
21
-4.5785872834645671
0
LINE
8
BLACK
6
CONTINUOUS
10
6.2122305118110237
20
-4.5785872834645671
11
6.2122305118110237
21
-4.5774351574803145
0
LINE
8
BLACK
6
CONTINUOUS
10
6.2122305118110237
20
-4.5774351574803145
11
6.2126714173228343
21
-4.5763707480314961
0
LINE
8
BLACK
6
CONTINUOUS
10
6.2126714173228343
20
-4.5763707480314961
11
6.2134860629921258
21
-4.5755561023622047
0
LINE
8
BLACK
6
CONTINUOUS
10
6.2134860629921258
20
-4.5755561023622047
11
6.2145504724409451
21
-4.575115196850394
0
LINE
8
BLACK
6
CONTINUOUS
10
6.2145504724409451
20
-4.575115196850394
11
6.2151265354330709
21
-4.5750584645669292
0
LINE
8
BLACK
6
CONTINUOUS
10
6.2151265354330709
20
-4.5750584645669292
11
6.2177980708661416
21
-4.5750584645669292
0
LINE
8
BLACK
6
CONTINUOUS
10
6.2177980708661416
20
-4.5750584645669292
11
6.2177980708661416
21
-4.5648878740157484
0
LINE
8
BLACK
6
CONTINUOUS
10
6.2177980708661416
20
-4.5648878740157484
11
6.2178548031496064
21
-4.5643118110236216
0
LINE
8
BLACK
6
CONTINUOUS
10
6.2178548031496064
20
-4.5643118110236216
11
6.218295708661417
21
-4.5632474015748032
0
LINE
8
BLACK
6
CONTINUOUS
10
6.218295708661417
20
-4.5632474015748032
11
6.2191103543307085
21
-4.5624327559055118
0
LINE
8
BLACK
6
CONTINUOUS
10
6.2191103543307085
20
-4.5624327559055118
11
6.2201747637795277
21
-4.5619918503937003
0
LINE
8
BLACK
6
CONTINUOUS
10
6.2201747637795277
20
-4.5619918503937003
11
6.2213268897637795
21
-4.5619918503937003
0
LINE
8
BLACK
6
CONTINUOUS
10
6.2213268897637795
20
-4.5619918503937003
11
6.2223912992125987
21
-4.5624327559055118
0
LINE
8
BLACK
6
CONTINUOUS
10
6.2223912992125987
20
-4.5624327559055118
11
6.2232059448818893
21
-4.5632474015748032
0
LINE
8
BLACK
6
CONTINUOUS
10
6.2232059448818893
20
-4.5632474015748032
11
6.2236468503937008
21
-4.5643118110236216
0
LINE
8
BLACK
6
CONTINUOUS
10
6.2236468503937008
20
-4.5643118110236216
11
6.2237035826771656
21
-4.5648878740157484
0
LINE
8
BLACK
6
CONTINUOUS
10
6.2237035826771656
20
-4.5648878740157484
11
6.2237035826771656
21
-4.5750584645669292
0
LINE
8
BLACK
6
CONTINUOUS
10
6.2237035826771656
20
-4.5750584645669292
11
6.2354017322834645
21
-4.5750584645669292
0
LINE
8
BLACK
6
CONTINUOUS
10
6.2354017322834645
20
-4.5750584645669292
11
6.2273234251968503
21
-4.550823503937008
0
LINE
8
BLACK
6
CONTINUOUS
10
6.2273234251968503
20
-4.550823503937008
11
6.2271950787401575
21
-4.5502590551181106
0
LINE
8
BLACK
6
CONTINUOUS
10
6.2271950787401575
20
-4.5502590551181106
11
6.2272767716535435
21
-4.5491098425196848
0
LINE
8
BLACK
6
CONTINUOUS
10
6.2272767716535435
20
-4.5491098425196848
11
6.2277919685039365
21
-4.5480794094488184
0
LINE
8
BLACK
6
CONTINUOUS
10
6.2277919685039365
20
-4.5480794094488184
11
6.2286623228346452
21
-4.5473245275590548
0
LINE
8
BLACK
6
CONTINUOUS
10
6.2286623228346452
20
-4.5473245275590548
11
6.2297553543307087
21
-4.5469601968503932
0
LINE
8
BLACK
6
CONTINUOUS
10
6.2297553543307087
20
-4.5469601968503932
11
6.2309045669291336
21
-4.5470418897637792
0
LINE
8
BLACK
6
CONTINUOUS
10
5.5301901968503939
20
-4.5470181102362206
11
5.5304794881889761
21
-4.5470181102362206
0
LINE
8
BLACK
6
CONTINUOUS
10
5.5304794881889761
20
-4.5470181102362206
11
5.530749566929134
21
-4.5471299606299214
0
LINE
8
BLACK
6
CONTINUOUS
10
5.530749566929134
20
-4.5471299606299214
11
5.5310362204724406
21
-4.5471873228346453
0
LINE
8
BLACK
6
CONTINUOUS
10
5.5310362204724406
20
-4.5471873228346453
11
5.5312765748031492
21
-4.5473482677165356
0
LINE
8
BLACK
6
CONTINUOUS
10
5.5312765748031492
20
-4.5473482677165356
11
5.5315438976377953
21
-4.5474590157480312
0
LINE
8
BLACK
6
CONTINUOUS
10
5.5315438976377953
20
-4.5474590157480312
11
5.531750590551181
21
-4.547665708661417
0
LINE
8
BLACK
6
CONTINUOUS
10
5.531750590551181
20
-4.547665708661417
11
5.5319935039370076
21
-4.5478283858267714
0
LINE
8
BLACK
6
CONTINUOUS
10
5.5319935039370076
20
-4.5478283858267714
11
5.5323564960629916
21
-4.5482716141732284
0
LINE
8
BLACK
6
CONTINUOUS
10
5.5323564960629916
20
-4.5482716141732284
11
5.5323585433070868
21
-4.5482736614173227
0
LINE
8
BLACK
6
CONTINUOUS
10
5.5323585433070868
20
-4.5482736614173227
11
5.5323588976377955
21
-4.5482745275590553
0
LINE
8
BLACK
6
CONTINUOUS
10
5.5323588976377955
20
-4.5482745275590553
11
5.532360275590551
21
-4.5482762204724407
0
LINE
8
BLACK
6
CONTINUOUS
10
5.532360275590551
20
-4.5482762204724407
11
5.5359475984251967
21
-4.553657244094488
0
LINE
8
BLACK
6
CONTINUOUS
10
5.5359475984251967
20
-4.553657244094488
11
5.5391515748031495
21
-4.5568612204724408
0
LINE
8
BLACK
6
CONTINUOUS
10
5.5391515748031495
20
-4.5568612204724408
11
5.5424725196850391
21
-4.558521692913386
0
LINE
8
BLACK
6
CONTINUOUS
10
5.5424725196850391
20
-4.558521692913386
11
5.5429624015748029
21
-4.5588300393700782
0
LINE
8
BLACK
6
CONTINUOUS
10
5.5429624015748029
20
-4.5588300393700782
11
5.5437172440944877
21
-4.5597004330708657
0
LINE
8
BLACK
6
CONTINUOUS
10
5.5437172440944877
20
-4.5597004330708657
11
5.5440815748031493
21
-4.5607933858267717
0
LINE
8
BLACK
6
CONTINUOUS
10
5.5440815748031493
20
-4.5607933858267717
11
5.5439999212598421
21
-4.5619425984251967
0
LINE
8
BLACK
6
CONTINUOUS
10
5.5439999212598421
20
-4.5619425984251967
11
5.5434846456692908
21
-4.5629731102362205
0
LINE
8
BLACK
6
CONTINUOUS
10
5.5434846456692908
20
-4.5629731102362205
11
5.542614291338583
21
-4.5637279527559054
0
LINE
8
BLACK
6
CONTINUOUS
10
5.542614291338583
20
-4.5637279527559054
11
5.5415212992125982
21
-4.564092283464567
0
LINE
8
BLACK
6
CONTINUOUS
10
5.5415212992125982
20
-4.564092283464567
11
5.5403720866141732
21
-4.5640106299212597
0
LINE
8
BLACK
6
CONTINUOUS
10
5.5403720866141732
20
-4.5640106299212597
11
5.539831496062992
21
-4.5638037401574802
0
LINE
8
BLACK
6
CONTINUOUS
10
5.539831496062992
20
-4.5638037401574802
11
5.5360819685039369
21
-4.5619289763779527
0
LINE
8
BLACK
6
CONTINUOUS
10
5.5360819685039369
20
-4.5619289763779527
11
5.5358341338582679
21
-4.5617729527559057
0
LINE
8
BLACK
6
CONTINUOUS
10
5.5358341338582679
20
-4.5617729527559057
11
5.5357620078740153
21
-4.56174311023622
0
LINE
8
BLACK
6
CONTINUOUS
10
5.5357620078740153
20
-4.56174311023622
11
5.5356808267716531
21
-4.5616764960629919
0
LINE
8
BLACK
6
CONTINUOUS
10
5.5356808267716531
20
-4.5616764960629919
11
5.535592086614173
21
-4.5616206299212596
0
LINE
8
BLACK
6
CONTINUOUS
10
5.535592086614173
20
-4.5616206299212596
11
5.5355409448818893
21
-4.5615616929133855
0
LINE
8
BLACK
6
CONTINUOUS
10
5.5355409448818893
20
-4.5615616929133855
11
5.5353145669291335
21
-4.5613758661417325
0
LINE
8
BLACK
6
CONTINUOUS
10
5.5353145669291335
20
-4.5613758661417325
11
5.5328561811023622
21
-4.5589174803149604
0
LINE
8
BLACK
6
CONTINUOUS
10
5.5328561811023622
20
-4.5589174803149604
11
5.5328561811023622
21
-4.5863314566929132
0
LINE
8
BLACK
6
CONTINUOUS
10
5.5328561811023622
20
-4.5863314566929132
11
5.5411520078740155
21
-4.5863314566929132
0
LINE
8
BLACK
6
CONTINUOUS
10
5.5411520078740155
20
-4.5863314566929132
11
5.5417280708661414
21
-4.586388188976378
0
LINE
8
BLACK
6
CONTINUOUS
10
5.5417280708661414
20
-4.586388188976378
11
5.5427924803149606
21
-4.5868290944881887
0
LINE
8
BLACK
6
CONTINUOUS
10
5.5427924803149606
20
-4.5868290944881887
11
5.5436071259842521
21
-4.5876437401574801
0
LINE
8
BLACK
6
CONTINUOUS
10
5.5436071259842521
20
-4.5876437401574801
11
5.5440480314960627
21
-4.5887081496062994
0
LINE
8
BLACK
6
CONTINUOUS
10
5.5440480314960627
20
-4.5887081496062994
11
5.5440480314960627
21
-4.5898602755905511
0
LINE
8
BLACK
6
CONTINUOUS
10
5.5440480314960627
20
-4.5898602755905511
11
5.5436071259842521
21
-4.5909246850393703
0
LINE
8
BLACK
6
CONTINUOUS
10
5.5436071259842521
20
-4.5909246850393703
11
5.5427924803149606
21
-4.5917393307086609
0
LINE
8
BLACK
6
CONTINUOUS
10
5.5427924803149606
20
-4.5917393307086609
11
5.5417280708661414
21
-4.5921802362204724
0
LINE
8
BLACK
6
CONTINUOUS
10
5.5417280708661414
20
-4.5921802362204724
11
5.5411520078740155
21
-4.5922369685039373
0
LINE
8
BLACK
6
CONTINUOUS
10
5.5411520078740155
20
-4.5922369685039373
11
5.5186548425196849
21
-4.5922369685039373
0
LINE
8
BLACK
6
CONTINUOUS
10
5.5186548425196849
20
-4.5922369685039373
11
5.518078779527559
21
-4.5921802362204724
0
LINE
8
BLACK
6
CONTINUOUS
10
5.518078779527559
20
-4.5921802362204724
11
5.5170143700787397
21
-4.5917393307086609
0
LINE
8
BLACK
6
CONTINUOUS
10
5.5170143700787397
20
-4.5917393307086609
11
5.5161997244094483
21
-4.5909246850393703
0
LINE
8
BLACK
6
CONTINUOUS
10
5.5161997244094483
20
-4.5909246850393703
11
5.5157588188976376
21
-4.5898602755905511
0
LINE
8
BLACK
6
CONTINUOUS
10
5.5157588188976376
20
-4.5898602755905511
11
5.5157588188976376
21
-4.5887081496062994
0
LINE
8
BLACK
6
CONTINUOUS
10
5.5157588188976376
20
-4.5887081496062994
11
5.5161997244094483
21
-4.5876437401574801
0
LINE
8
BLACK
6
CONTINUOUS
10
5.5161997244094483
20
-4.5876437401574801
11
5.5170143700787397
21
-4.5868290944881887
0
LINE
8
BLACK
6
CONTINUOUS
10
5.5170143700787397
20
-4.5868290944881887
11
5.518078779527559
21
-4.586388188976378
0
LINE
8
BLACK
6
CONTINUOUS
10
5.518078779527559
20
-4.586388188976378
11
5.5186548425196849
21
-4.5863314566929132
0
LINE
8
BLACK
6
CONTINUOUS
10
5.5186548425196849
20
-4.5863314566929132
11
5.5269506692913382
21
-4.5863314566929132
0
LINE
8
BLACK
6
CONTINUOUS
10
5.5269506692913382
20
-4.5863314566929132
11
5.5269506692913382
21
-4.5499141338582678
0
LINE
8
BLACK
6
CONTINUOUS
10
5.5269506692913382
20
-4.5499141338582678
11
5.5269508661417319
21
-4.5499120472440948
0
LINE
8
BLACK
6
CONTINUOUS
10
5.5269508661417319
20
-4.5499120472440948
11
5.5269506692913382
21
-4.5499110236220472
0
LINE
8
BLACK
6
CONTINUOUS
10
5.5269506692913382
20
-4.5499110236220472
11
5.5269512598425194
21
-4.5499079921259842
0
LINE
8
BLACK
6
CONTINUOUS
10
5.5269512598425194
20
-4.5499079921259842
11
5.527007401574803
21
-4.5493380708661419
0
LINE
8
BLACK
6
CONTINUOUS
10
5.527007401574803
20
-4.5493380708661419
11
5.5271192519685037
21
-4.5490679527559053
0
LINE
8
BLACK
6
CONTINUOUS
10
5.5271192519685037
20
-4.5490679527559053
11
5.5271766141732286
21
-4.5487813385826774
0
LINE
8
BLACK
6
CONTINUOUS
10
5.5271766141732286
20
-4.5487813385826774
11
5.5273375590551179
21
-4.5485409448818901
0
LINE
8
BLACK
6
CONTINUOUS
10
5.5273375590551179
20
-4.5485409448818901
11
5.5274483070866136
21
-4.5482736614173227
0
LINE
8
BLACK
6
CONTINUOUS
10
5.5274483070866136
20
-4.5482736614173227
11
5.5276550000000002
21
-4.5480669291338582
0
LINE
8
BLACK
6
CONTINUOUS
10
5.5276550000000002
20
-4.5480669291338582
11
5.5278176771653538
21
-4.5478240551181104
0
LINE
8
BLACK
6
CONTINUOUS
10
5.5278176771653538
20
-4.5478240551181104
11
5.5280583858267711
21
-4.5476635433070864
0
LINE
8
BLACK
6
CONTINUOUS
10
5.5280583858267711
20
-4.5476635433070864
11
5.5282629527559051
21
-4.5474590157480312
0
LINE
8
BLACK
6
CONTINUOUS
10
5.5282629527559051
20
-4.5474590157480312
11
5.528533031496063
21
-4.5473471259842517
0
LINE
8
BLACK
6
CONTINUOUS
10
5.528533031496063
20
-4.5473471259842517
11
5.5287762992125984
21
-4.5471849606299211
0
LINE
8
BLACK
6
CONTINUOUS
10
5.5287762992125984
20
-4.5471849606299211
11
5.5290600787401569
21
-4.5471288188976375
0
LINE
8
BLACK
6
CONTINUOUS
10
5.5290600787401569
20
-4.5471288188976375
11
5.5293273622047243
21
-4.5470181102362206
0
LINE
8
BLACK
6
CONTINUOUS
10
5.5293273622047243
20
-4.5470181102362206
11
5.529619763779527
21
-4.5470181102362206
0
LINE
8
BLACK
6
CONTINUOUS
10
5.529619763779527
20
-4.5470181102362206
11
5.5299065354330708
21
-4.5469613779527558
0
LINE
8
BLACK
6
CONTINUOUS
10
5.5299065354330708
20
-4.5469613779527558
11
5.5301901968503939
21
-4.5470181102362206
0
LINE
8
BLACK
6
CONTINUOUS
10
5.5596653937007874
20
-4.5474590157480312
11
5.5604800393700788
21
-4.5482736614173227
0
LINE
8
BLACK
6
CONTINUOUS
10
5.5604800393700788
20
-4.5482736614173227
11
5.5609209448818895
21
-4.5493380708661419
0
LINE
8
BLACK
6
CONTINUOUS
10
5.5609209448818895
20
-4.5493380708661419
11
5.5609776771653543
21
-4.5499141338582678
0
LINE
8
BLACK
6
CONTINUOUS
10
5.5609776771653543
20
-4.5499141338582678
11
5.5609776771653543
21
-4.5775564173228345
0
LINE
8
BLACK
6
CONTINUOUS
10
5.5609776771653543
20
-4.5775564173228345
11
5.5624804724409449
21
-4.582064842519685
0
LINE
8
BLACK
6
CONTINUOUS
10
5.5624804724409449
20
-4.582064842519685
11
5.5652442519685037
21
-4.5848286614173226
0
LINE
8
BLACK
6
CONTINUOUS
10
5.5652442519685037
20
-4.5848286614173226
11
5.5697526377952755
21
-4.5863314566929132
0
LINE
8
BLACK
6
CONTINUOUS
10
5.5697526377952755
20
-4.5863314566929132
11
5.5730230314960627
21
-4.5863314566929132
0
LINE
8
BLACK
6
CONTINUOUS
10
5.5730230314960627
20
-4.5863314566929132
11
5.5735990944881886
21
-4.586388188976378
0
LINE
8
BLACK
6
CONTINUOUS
10
5.5735990944881886
20
-4.586388188976378
11
5.5746635039370078
21
-4.5868290944881887
0
LINE
8
BLACK
6
CONTINUOUS
10
5.5746635039370078
20
-4.5868290944881887
11
5.5754781496062993
21
-4.5876437401574801
0
LINE
8
BLACK
6
CONTINUOUS
10
5.5754781496062993
20
-4.5876437401574801
11
5.5759190551181099
21
-4.5887081496062994
0
LINE
8
BLACK
6
CONTINUOUS
10
5.5759190551181099
20
-4.5887081496062994
11
5.5759190551181099
21
-4.5898602755905511
0
LINE
8
BLACK
6
CONTINUOUS
10
5.5759190551181099
20
-4.5898602755905511
11
5.5754781496062993
21
-4.5909246850393703
0
LINE
8
BLACK
6
CONTINUOUS
10
5.5754781496062993
20
-4.5909246850393703
11
5.5746635039370078
21
-4.5917393307086609
0
LINE
8
BLACK
6
CONTINUOUS
10
5.5746635039370078
20
-4.5917393307086609
11
5.5735990944881886
21
-4.5921802362204724
0
LINE
8
BLACK
6
CONTINUOUS
10
5.5735990944881886
20
-4.5921802362204724
11
5.5730230314960627
21
-4.5922369685039373
0
LINE
8
BLACK
6
CONTINUOUS
10
5.5730230314960627
20
-4.5922369685039373
11
5.5692735039370076
21
-4.5922369685039373
0
LINE
8
BLACK
6
CONTINUOUS
10
5.5692735039370076
20
-4.5922369685039373
11
5.5689818897637791
21
-4.5922082283464567
0
LINE
8
BLACK
6
CONTINUOUS
10
5.5689818897637791
20
-4.5922082283464567
11
5.5689041732283462
21
-4.592213779527559
0
LINE
8
BLACK
6
CONTINUOUS
10
5.5689041732283462
20
-4.592213779527559
11
5.5688018897637797
21
-4.5921905118110233
0
LINE
8
BLACK
6
CONTINUOUS
10
5.5688018897637797
20
-4.5921905118110233
11
5.5686974409448817
21
-4.5921802362204724
0
LINE
8
BLACK
6
CONTINUOUS
10
5.5686974409448817
20
-4.5921802362204724
11
5.5686253543307087
21
-4.592150354330709
0
LINE
8
BLACK
6
CONTINUOUS
10
5.5686253543307087
20
-4.592150354330709
11
5.5683397244094488
21
-4.5920854330708663
0
LINE
8
BLACK
6
CONTINUOUS
10
5.5683397244094488
20
-4.5920854330708663
11
5.5627154724409449
21
-4.5902106692913387
0
LINE
8
BLACK
6
CONTINUOUS
10
5.5627154724409449
20
-4.5902106692913387
11
5.5621868897637796
21
-4.5899746850393699
0
LINE
8
BLACK
6
CONTINUOUS
10
5.5621868897637796
20
-4.5899746850393699
11
5.5621067716535428
21
-4.5899051968503937
0
LINE
8
BLACK
6
CONTINUOUS
10
5.5621067716535428
20
-4.5899051968503937
11
5.5620087401574798
21
-4.5898646062992121
0
LINE
8
BLACK
6
CONTINUOUS
10
5.5620087401574798
20
-4.5898646062992121
11
5.561561299212598
21
-4.5894973622047246
0
LINE
8
BLACK
6
CONTINUOUS
10
5.561561299212598
20
-4.5894973622047246
11
5.5578117716535429
21
-4.5857477952755907
0
LINE
8
BLACK
6
CONTINUOUS
10
5.5578117716535429
20
-4.5857477952755907
11
5.5574445275590554
21
-4.5853003149606302
0
LINE
8
BLACK
6
CONTINUOUS
10
5.5574445275590554
20
-4.5853003149606302
11
5.5574038976377951
21
-4.5852022440944884
0
LINE
8
BLACK
6
CONTINUOUS
10
5.5574038976377951
20
-4.5852022440944884
11
5.5573344488188976
21
-4.5851221653543304
0
LINE
8
BLACK
6
CONTINUOUS
10
5.5573344488188976
20
-4.5851221653543304
11
5.5570984645669288
21
-4.5845936220472439
0
LINE
8
BLACK
6
CONTINUOUS
10
5.5570984645669288
20
-4.5845936220472439
11
5.5552237007874012
21
-4.5789693307086612
0
LINE
8
BLACK
6
CONTINUOUS
10
5.5552237007874012
20
-4.5789693307086612
11
5.5551587401574798
21
-4.57868374015748
0
LINE
8
BLACK
6
CONTINUOUS
10
5.5551587401574798
20
-4.57868374015748
11
5.555128897637795
21
-4.578611653543307
0
LINE
8
BLACK
6
CONTINUOUS
10
5.555128897637795
20
-4.578611653543307
11
5.5551185826771654
21
-4.5785071259842516
0
LINE
8
BLACK
6
CONTINUOUS
10
5.5551185826771654
20
-4.5785071259842516
11
5.5550953543307084
21
-4.5784048818897638
0
LINE
8
BLACK
6
CONTINUOUS
10
5.5550953543307084
20
-4.5784048818897638
11
5.555100866141732
21
-4.5783271259842522
0
LINE
8
BLACK
6
CONTINUOUS
10
5.555100866141732
20
-4.5783271259842522
11
5.5550721653543302
21
-4.5780355905511811
0
LINE
8
BLACK
6
CONTINUOUS
10
5.5550721653543302
20
-4.5780355905511811
11
5.5550721653543302
21
-4.5499141338582678
0
LINE
8
BLACK
6
CONTINUOUS
10
5.5550721653543302
20
-4.5499141338582678
11
5.555128897637795
21
-4.5493380708661419
0
LINE
8
BLACK
6
CONTINUOUS
10
5.555128897637795
20
-4.5493380708661419
11
5.5555698031496066
21
-4.5482736614173227
0
LINE
8
BLACK
6
CONTINUOUS
10
5.5555698031496066
20
-4.5482736614173227
11
5.5563844488188971
21
-4.5474590157480312
0
LINE
8
BLACK
6
CONTINUOUS
10
5.5563844488188971
20
-4.5474590157480312
11
5.5574488582677164
21
-4.5470181102362206
0
LINE
8
BLACK
6
CONTINUOUS
10
5.5574488582677164
20
-4.5470181102362206
11
5.5586009842519681
21
-4.5470181102362206
0
LINE
8
BLACK
6
CONTINUOUS
10
5.5586009842519681
20
-4.5470181102362206
11
5.5596653937007874
21
-4.5474590157480312
0
LINE
8
BLACK
6
CONTINUOUS
10
5.9514168503937004
20
-4.5105614173228341
11
5.9515148425196847
21
-4.5106020078740157
0
LINE
8
BLACK
6
CONTINUOUS
10
5.9515148425196847
20
-4.5106020078740157
11
5.951620669291338
21
-4.5106095275590548
0
LINE
8
BLACK
6
CONTINUOUS
10
5.951620669291338
20
-4.5106095275590548
11
5.9521612992125981
21
-4.5108164173228342
0
LINE
8
BLACK
6
CONTINUOUS
10
5.9521612992125981
20
-4.5108164173228342
11
5.9559108267716532
21
-4.5126911811023618
0
LINE
8
BLACK
6
CONTINUOUS
10
5.9559108267716532
20
-4.5126911811023618
11
5.956158818897638
21
-4.5128472440944885
0
LINE
8
BLACK
6
CONTINUOUS
10
5.956158818897638
20
-4.5128472440944885
11
5.9562307874015747
21
-4.5128770866141732
0
LINE
8
BLACK
6
CONTINUOUS
10
5.9562307874015747
20
-4.5128770866141732
11
5.9563117322834644
21
-4.5129435433070864
0
LINE
8
BLACK
6
CONTINUOUS
10
5.9563117322834644
20
-4.5129435433070864
11
5.956400708661417
21
-4.5129995275590549
0
LINE
8
BLACK
6
CONTINUOUS
10
5.956400708661417
20
-4.5129995275590549
11
5.9564518503937007
21
-4.5130585039370077
0
LINE
8
BLACK
6
CONTINUOUS
10
5.9564518503937007
20
-4.5130585039370077
11
5.9566782283464565
21
-4.5132442913385828
0
LINE
8
BLACK
6
CONTINUOUS
10
5.9566782283464565
20
-4.5132442913385828
11
5.9585529921259841
21
-4.5151190551181104
0
LINE
8
BLACK
6
CONTINUOUS
10
5.9585529921259841
20
-4.5151190551181104
11
5.9589201968503938
21
-4.5155664960629922
0
LINE
8
BLACK
6
CONTINUOUS
10
5.9589201968503938
20
-4.5155664960629922
11
5.9593611023622044
21
-4.5166309055118106
0
LINE
8
BLACK
6
CONTINUOUS
10
5.9593611023622044
20
-4.5166309055118106
11
5.9593611023622044
21
-4.5177829921259844
0
LINE
8
BLACK
6
CONTINUOUS
10
5.9593611023622044
20
-4.5177829921259844
11
5.9589201968503938
21
-4.5188474015748028
0
LINE
8
BLACK
6
CONTINUOUS
10
5.9589201968503938
20
-4.5188474015748028
11
5.9581055118110235
21
-4.519662086614173
0
LINE
8
BLACK
6
CONTINUOUS
10
5.9581055118110235
20
-4.519662086614173
11
5.9570411023622043
21
-4.5201029921259845
0
LINE
8
BLACK
6
CONTINUOUS
10
5.9570411023622043
20
-4.5201029921259845
11
5.9558890157480313
21
-4.5201029921259845
0
LINE
8
BLACK
6
CONTINUOUS
10
5.9558890157480313
20
-4.5201029921259845
11
5.9548246062992121
21
-4.519662086614173
0
LINE
8
BLACK
6
CONTINUOUS
10
5.9548246062992121
20
-4.519662086614173
11
5.9543771653543303
21
-4.5192948818897634
0
LINE
8
BLACK
6
CONTINUOUS
10
5.9543771653543303
20
-4.5192948818897634
11
5.9528412204724406
21
-4.5177589370078737
0
LINE
8
BLACK
6
CONTINUOUS
10
5.9528412204724406
20
-4.5177589370078737
11
5.9501437401574799
21
-4.5164101968503934
0
LINE
8
BLACK
6
CONTINUOUS
10
5.9501437401574799
20
-4.5164101968503934
11
5.9421640157480313
21
-4.5164101968503934
0
LINE
8
BLACK
6
CONTINUOUS
10
5.9421640157480313
20
-4.5164101968503934
11
5.9394665354330707
21
-4.5177589370078737
0
LINE
8
BLACK
6
CONTINUOUS
10
5.9394665354330707
20
-4.5177589370078737
11
5.9382694094488189
21
-4.5189560629921255
0
LINE
8
BLACK
6
CONTINUOUS
10
5.9382694094488189
20
-4.5189560629921255
11
5.9369206692913385
21
-4.5216535433070861
0
LINE
8
BLACK
6
CONTINUOUS
10
5.9369206692913385
20
-4.5216535433070861
11
5.9369206692913385
21
-4.5242268503937009
0
LINE
8
BLACK
6
CONTINUOUS
10
5.9369206692913385
20
-4.5242268503937009
11
5.9384234645669292
21
-4.5287352755905514
0
LINE
8
BLACK
6
CONTINUOUS
10
5.9384234645669292
20
-4.5287352755905514
11
5.9604277559055117
21
-4.5507396062992127
0
LINE
8
BLACK
6
CONTINUOUS
10
5.9604277559055117
20
-4.5507396062992127
11
5.9607950000000001
21
-4.5511870472440945
0
LINE
8
BLACK
6
CONTINUOUS
10
5.9607950000000001
20
-4.5511870472440945
11
5.961235866141732
21
-4.5522514960629916
0
LINE
8
BLACK
6
CONTINUOUS
10
5.961235866141732
20
-4.5522514960629916
11
5.961235866141732
21
-4.5534035826771655
0
LINE
8
BLACK
6
CONTINUOUS
10
5.961235866141732
20
-4.5534035826771655
11
5.9607949606299213
21
-4.5544679921259839
0
LINE
8
BLACK
6
CONTINUOUS
10
5.9607949606299213
20
-4.5544679921259839
11
5.9599803149606299
21
-4.5552826771653541
0
LINE
8
BLACK
6
CONTINUOUS
10
5.9599803149606299
20
-4.5552826771653541
11
5.9592276377952755
21
-4.555594409448819
0
LINE
8
BLACK
6
CONTINUOUS
10
5.9592276377952755
20
-4.555594409448819
11
5.9589159055118106
21
-4.5557235433070868
0
LINE
8
BLACK
6
CONTINUOUS
10
5.9589159055118106
20
-4.5557235433070868
11
5.9583398425196847
21
-4.5557802755905508
0
LINE
8
BLACK
6
CONTINUOUS
10
5.9583398425196847
20
-4.5557802755905508
11
5.9339679133858265
21
-4.5557802755905508
0
LINE
8
BLACK
6
CONTINUOUS
10
5.9339679133858265
20
-4.5557802755905508
11
5.9333918503937007
21
-4.5557235433070868
0
LINE
8
BLACK
6
CONTINUOUS
10
5.9333918503937007
20
-4.5557235433070868
11
5.9323274409448814
21
-4.5552826377952753
0
LINE
8
BLACK
6
CONTINUOUS
10
5.9323274409448814
20
-4.5552826377952753
11
5.9315127952755908
21
-4.5544679921259839
0
LINE
8
BLACK
6
CONTINUOUS
10
5.9315127952755908
20
-4.5544679921259839
11
5.9310718897637793
21
-4.5534035826771655
0
LINE
8
BLACK
6
CONTINUOUS
10
5.9310718897637793
20
-4.5534035826771655
11
5.9310718897637793
21
-4.5522514566929129
0
LINE
8
BLACK
6
CONTINUOUS
10
5.9310718897637793
20
-4.5522514566929129
11
5.9315127952755908
21
-4.5511870472440945
0
LINE
8
BLACK
6
CONTINUOUS
10
5.9315127952755908
20
-4.5511870472440945
11
5.9323274409448814
21
-4.550372401574803
0
LINE
8
BLACK
6
CONTINUOUS
10
5.9323274409448814
20
-4.550372401574803
11
5.9333918503937007
21
-4.5499314960629924
0
LINE
8
BLACK
6
CONTINUOUS
10
5.9333918503937007
20
-4.5499314960629924
11
5.9339679133858265
21
-4.5498747637795276
0
LINE
8
BLACK
6
CONTINUOUS
10
5.9339679133858265
20
-4.5498747637795276
11
5.9512112598425198
21
-4.5498747637795276
0
LINE
8
BLACK
6
CONTINUOUS
10
5.9512112598425198
20
-4.5498747637795276
11
5.9337547637795272
21
-4.5324182283464562
0
LINE
8
BLACK
6
CONTINUOUS
10
5.9337547637795272
20
-4.5324182283464562
11
5.9333875590551184
21
-4.5319707874015744
0
LINE
8
BLACK
6
CONTINUOUS
10
5.9333875590551184
20
-4.5319707874015744
11
5.9333469291338581
21
-4.5318727165354327
0
LINE
8
BLACK
6
CONTINUOUS
10
5.9333469291338581
20
-4.5318727165354327
11
5.9332774409448819
21
-4.5317925984251968
0
LINE
8
BLACK
6
CONTINUOUS
10
5.9332774409448819
20
-4.5317925984251968
11
5.9330414566929131
21
-4.5312640551181103
0
LINE
8
BLACK
6
CONTINUOUS
10
5.9330414566929131
20
-4.5312640551181103
11
5.9311666929133855
21
-4.5256397637795276
0
LINE
8
BLACK
6
CONTINUOUS
10
5.9311666929133855
20
-4.5256397637795276
11
5.931101732283464
21
-4.5253541732283464
0
LINE
8
BLACK
6
CONTINUOUS
10
5.931101732283464
20
-4.5253541732283464
11
5.9310718897637793
21
-4.5252820866141734
0
LINE
8
BLACK
6
CONTINUOUS
10
5.9310718897637793
20
-4.5252820866141734
11
5.9310615748031497
21
-4.525177559055118
0
LINE
8
BLACK
6
CONTINUOUS
10
5.9310615748031497
20
-4.525177559055118
11
5.9310383464566927
21
-4.5250753149606302
0
LINE
8
BLACK
6
CONTINUOUS
10
5.9310383464566927
20
-4.5250753149606302
11
5.9310438582677163
21
-4.5249975590551177
0
LINE
8
BLACK
6
CONTINUOUS
10
5.9310438582677163
20
-4.5249975590551177
11
5.9310151574803145
21
-4.5247060236220475
0
LINE
8
BLACK
6
CONTINUOUS
10
5.9310151574803145
20
-4.5247060236220475
11
5.9310151574803145
21
-4.5209564960629924
0
LINE
8
BLACK
6
CONTINUOUS
10
5.9310151574803145
20
-4.5209564960629924
11
5.9310718897637793
21
-4.5203804330708657
0
LINE
8
BLACK
6
CONTINUOUS
10
5.9310718897637793
20
-4.5203804330708657
11
5.9311124803149609
21
-4.5202824015748027
0
LINE
8
BLACK
6
CONTINUOUS
10
5.9311124803149609
20
-4.5202824015748027
11
5.9311199999999999
21
-4.520176614173228
0
LINE
8
BLACK
6
CONTINUOUS
10
5.9311199999999999
20
-4.520176614173228
11
5.9313268897637794
21
-4.519635984251968
0
LINE
8
BLACK
6
CONTINUOUS
10
5.9313268897637794
20
-4.519635984251968
11
5.933201653543307
21
-4.5158864566929129
0
LINE
8
BLACK
6
CONTINUOUS
10
5.933201653543307
20
-4.5158864566929129
11
5.9333577165354328
21
-4.5156384251968502
0
LINE
8
BLACK
6
CONTINUOUS
10
5.9333577165354328
20
-4.5156384251968502
11
5.9333875590551184
21
-4.5155664960629922
0
LINE
8
BLACK
6
CONTINUOUS
10
5.9333875590551184
20
-4.5155664960629922
11
5.9334540157480316
21
-4.5154855118110238
0
LINE
8
BLACK
6
CONTINUOUS
10
5.9334540157480316
20
-4.5154855118110238
11
5.9335100000000001
21
-4.5153965748031499
0
LINE
8
BLACK
6
CONTINUOUS
10
5.9335100000000001
20
-4.5153965748031499
11
5.9335689763779529
21
-4.5153453937007875
0
LINE
8
BLACK
6
CONTINUOUS
10
5.9335689763779529
20
-4.5153453937007875
11
5.9337547637795272
21
-4.5151190551181104
0
LINE
8
BLACK
6
CONTINUOUS
10
5.9337547637795272
20
-4.5151190551181104
11
5.9356295275590547
21
-4.5132442913385828
0
LINE
8
BLACK
6
CONTINUOUS
10
5.9356295275590547
20
-4.5132442913385828
11
5.9358558661417318
21
-4.5130585039370077
0
LINE
8
BLACK
6
CONTINUOUS
10
5.9358558661417318
20
-4.5130585039370077
11
5.9359070472440942
21
-4.5129995275590549
0
LINE
8
BLACK
6
CONTINUOUS
10
5.9359070472440942
20
-4.5129995275590549
11
5.9359959842519681
21
-4.5129435433070864
0
LINE
8
BLACK
6
CONTINUOUS
10
5.9359959842519681
20
-4.5129435433070864
11
5.9360769685039365
21
-4.5128770866141732
0
LINE
8
BLACK
6
CONTINUOUS
10
5.9360769685039365
20
-4.5128770866141732
11
5.9361488976377954
21
-4.5128472440944885
0
LINE
8
BLACK
6
CONTINUOUS
10
5.9361488976377954
20
-4.5128472440944885
11
5.9363969291338581
21
-4.5126911811023618
0
LINE
8
BLACK
6
CONTINUOUS
10
5.9363969291338581
20
-4.5126911811023618
11
5.9401464566929132
21
-4.5108164173228342
0
LINE
8
BLACK
6
CONTINUOUS
10
5.9401464566929132
20
-4.5108164173228342
11
5.9406870472440945
21
-4.5106095275590548
0
LINE
8
BLACK
6
CONTINUOUS
10
5.9406870472440945
20
-4.5106095275590548
11
5.9407929133858266
21
-4.5106019685039369
0
LINE
8
BLACK
6
CONTINUOUS
10
5.9407929133858266
20
-4.5106019685039369
11
5.9408909055118109
21
-4.5105614173228341
0
LINE
8
BLACK
6
CONTINUOUS
10
5.9408909055118109
20
-4.5105614173228341
11
5.9414669685039367
21
-4.5105046850393702
0
LINE
8
BLACK
6
CONTINUOUS
10
5.9414669685039367
20
-4.5105046850393702
11
5.9508407874015745
21
-4.5105046850393702
0
LINE
8
BLACK
6
CONTINUOUS
10
5.9508407874015745
20
-4.5105046850393702
11
5.9514168503937004
21
-4.5105614173228341
0
LINE
8
BLACK
6
CONTINUOUS
10
5.9945364566929129
20
-4.5105614173228341
11
5.9956008661417322
21
-4.5110023228346456
0
LINE
8
BLACK
6
CONTINUOUS
10
5.9956008661417322
20
-4.5110023228346456
11
5.9964155118110236
21
-4.5118169685039371
0
LINE
8
BLACK
6
CONTINUOUS
10
5.9964155118110236
20
-4.5118169685039371
11
5.9968564173228343
21
-4.5128813779527555
0
LINE
8
BLACK
6
CONTINUOUS
10
5.9968564173228343
20
-4.5128813779527555
11
5.9969131496062991
21
-4.5134574409448822
0
LINE
8
BLACK
6
CONTINUOUS
10
5.9969131496062991
20
-4.5134574409448822
11
5.9969131496062991
21
-4.5528275196850396
0
LINE
8
BLACK
6
CONTINUOUS
10
5.9969131496062991
20
-4.5528275196850396
11
5.9968564173228343
21
-4.5534035826771655
0
LINE
8
BLACK
6
CONTINUOUS
10
5.9968564173228343
20
-4.5534035826771655
11
5.9964155118110236
21
-4.5544679921259839
0
LINE
8
BLACK
6
CONTINUOUS
10
5.9964155118110236
20
-4.5544679921259839
11
5.9956008661417322
21
-4.5552826377952753
0
LINE
8
BLACK
6
CONTINUOUS
10
5.9956008661417322
20
-4.5552826377952753
11
5.9945364566929129
21
-4.5557235433070868
0
LINE
8
BLACK
6
CONTINUOUS
10
5.9945364566929129
20
-4.5557235433070868
11
5.993960393700787
21
-4.5557802755905508
0
LINE
8
BLACK
6
CONTINUOUS
10
5.993960393700787
20
-4.5557802755905508
11
5.9845865748031493
21
-4.5557802755905508
0
LINE
8
BLACK
6
CONTINUOUS
10
5.9845865748031493
20
-4.5557802755905508
11
5.9842949606299207
21
-4.5557515354330711
0
LINE
8
BLACK
6
CONTINUOUS
10
5.9842949606299207
20
-4.5557515354330711
11
5.9842172440944879
21
-4.5557570866141734
0
LINE
8
BLACK
6
CONTINUOUS
10
5.9842172440944879
20
-4.5557570866141734
11
5.9841149606299213
21
-4.5557338188976377
0
LINE
8
BLACK
6
CONTINUOUS
10
5.9841149606299213
20
-4.5557338188976377
11
5.9840105118110234
21
-4.5557235433070868
0
LINE
8
BLACK
6
CONTINUOUS
10
5.9840105118110234
20
-4.5557235433070868
11
5.9839384251968504
21
-4.5556936614173225
0
LINE
8
BLACK
6
CONTINUOUS
10
5.9839384251968504
20
-4.5556936614173225
11
5.9836527952755905
21
-4.5556287401574806
0
LINE
8
BLACK
6
CONTINUOUS
10
5.9836527952755905
20
-4.5556287401574806
11
5.9780285433070866
21
-4.5537539763779531
0
LINE
8
BLACK
6
CONTINUOUS
10
5.9780285433070866
20
-4.5537539763779531
11
5.9774999606299213
21
-4.5535179921259843
0
LINE
8
BLACK
6
CONTINUOUS
10
5.9774999606299213
20
-4.5535179921259843
11
5.9774198425196845
21
-4.5534485039370081
0
LINE
8
BLACK
6
CONTINUOUS
10
5.9774198425196845
20
-4.5534485039370081
11
5.9773218110236215
21
-4.5534079133858265
0
LINE
8
BLACK
6
CONTINUOUS
10
5.9773218110236215
20
-4.5534079133858265
11
5.9768743700787397
21
-4.5530406692913381
0
LINE
8
BLACK
6
CONTINUOUS
10
5.9768743700787397
20
-4.5530406692913381
11
5.9731248425196846
21
-4.5492911023622042
0
LINE
8
BLACK
6
CONTINUOUS
10
5.9731248425196846
20
-4.5492911023622042
11
5.9729390551181103
21
-4.5490647244094484
0
LINE
8
BLACK
6
CONTINUOUS
10
5.9729390551181103
20
-4.5490647244094484
11
5.9728800787401575
21
-4.5490135826771656
0
LINE
8
BLACK
6
CONTINUOUS
10
5.9728800787401575
20
-4.5490135826771656
11
5.972824094488189
21
-4.5489246456692909
0
LINE
8
BLACK
6
CONTINUOUS
10
5.972824094488189
20
-4.5489246456692909
11
5.972757598425197
21
-4.5488436220472437
0
LINE
8
BLACK
6
CONTINUOUS
10
5.972757598425197
20
-4.5488436220472437
11
5.9727277559055114
21
-4.5487715748031494
0
LINE
8
BLACK
6
CONTINUOUS
10
5.9727277559055114
20
-4.5487715748031494
11
5.9725717322834644
21
-4.5485237007874018
0
LINE
8
BLACK
6
CONTINUOUS
10
5.9725717322834644
20
-4.5485237007874018
11
5.9706969685039368
21
-4.5447741732283466
0
LINE
8
BLACK
6
CONTINUOUS
10
5.9706969685039368
20
-4.5447741732283466
11
5.9706808267716536
21
-4.5447320472440946
0
LINE
8
BLACK
6
CONTINUOUS
10
5.9706808267716536
20
-4.5447320472440946
11
5.9706681496062988
21
-4.5447149212598426
0
LINE
8
BLACK
6
CONTINUOUS
10
5.9706681496062988
20
-4.5447149212598426
11
5.9705816929133855
21
-4.5444729527559051
0
LINE
8
BLACK
6
CONTINUOUS
10
5.9705816929133855
20
-4.5444729527559051
11
5.9704900787401574
21
-4.5442335433070866
0
LINE
8
BLACK
6
CONTINUOUS
10
5.9704900787401574
20
-4.5442335433070866
11
5.9704885433070869
21
-4.5442122834645664
0
LINE
8
BLACK
6
CONTINUOUS
10
5.9704885433070869
20
-4.5442122834645664
11
5.9704733858267716
21
-4.5441698031496065
0
LINE
8
BLACK
6
CONTINUOUS
10
5.9704733858267716
20
-4.5441698031496065
11
5.968598622047244
21
-4.5366707480314963
0
LINE
8
BLACK
6
CONTINUOUS
10
5.968598622047244
20
-4.5366707480314963
11
5.9685838188976374
21
-4.5365708661417319
0
LINE
8
BLACK
6
CONTINUOUS
10
5.9685838188976374
20
-4.5365708661417319
11
5.9685672047244092
21
-4.5365306692913387
0
LINE
8
BLACK
6
CONTINUOUS
10
5.9685672047244092
20
-4.5365306692913387
11
5.9685458267716536
21
-4.5363136220472438
0
LINE
8
BLACK
6
CONTINUOUS
10
5.9685458267716536
20
-4.5363136220472438
11
5.9685139763779524
21
-4.5360981496062989
0
LINE
8
BLACK
6
CONTINUOUS
10
5.9685139763779524
20
-4.5360981496062989
11
5.9685203543307086
21
-4.5360551181102364
0
LINE
8
BLACK
6
CONTINUOUS
10
5.9685203543307086
20
-4.5360551181102364
11
5.9685104724409443
21
-4.5359546062992129
0
LINE
8
BLACK
6
CONTINUOUS
10
5.9685104724409443
20
-4.5359546062992129
11
5.9685104724409443
21
-4.5303303149606302
0
LINE
8
BLACK
6
CONTINUOUS
10
5.9685104724409443
20
-4.5303303149606302
11
5.9685203543307086
21
-4.530229763779527
0
LINE
8
BLACK
6
CONTINUOUS
10
5.9685203543307086
20
-4.530229763779527
11
5.9685139763779524
21
-4.5301867716535433
0
LINE
8
BLACK
6
CONTINUOUS
10
5.9685139763779524
20
-4.5301867716535433
11
5.9685458267716536
21
-4.5299712598425197
0
LINE
8
BLACK
6
CONTINUOUS
10
5.9685458267716536
20
-4.5299712598425197
11
5.9685672047244092
21
-4.5297542519685035
0
LINE
8
BLACK
6
CONTINUOUS
10
5.9685672047244092
20
-4.5297542519685035
11
5.9685838188976374
21
-4.5297140157480316
0
LINE
8
BLACK
6
CONTINUOUS
10
5.9685838188976374
20
-4.5297140157480316
11
5.968598622047244
21
-4.5296141732283459
0
LINE
8
BLACK
6
CONTINUOUS
10
5.968598622047244
20
-4.5296141732283459
11
5.9704733858267716
21
-4.5221151181102357
0
LINE
8
BLACK
6
CONTINUOUS
10
5.9704733858267716
20
-4.5221151181102357
11
5.9704885433070869
21
-4.522072598425197
0
LINE
8
BLACK
6
CONTINUOUS
10
5.9704885433070869
20
-4.522072598425197
11
5.9704900787401574
21
-4.5220513779527556
0
LINE
8
BLACK
6
CONTINUOUS
10
5.9704900787401574
20
-4.5220513779527556
11
5.9705816929133855
21
-4.5218119291338583
0
LINE
8
BLACK
6
CONTINUOUS
10
5.9705816929133855
20
-4.5218119291338583
11
5.9706681496062988
21
-4.5215699999999996
0
LINE
8
BLACK
6
CONTINUOUS
10
5.9706681496062988
20
-4.5215699999999996
11
5.9706808267716536
21
-4.5215528346456688
0
LINE
8
BLACK
6
CONTINUOUS
10
5.9706808267716536
20
-4.5215528346456688
11
5.9706969685039368
21
-4.5215107480314956
0
LINE
8
BLACK
6
CONTINUOUS
10
5.9706969685039368
20
-4.5215107480314956
11
5.9725717322834644
21
-4.5177612204724404
0
LINE
8
BLACK
6
CONTINUOUS
10
5.9725717322834644
20
-4.5177612204724404
11
5.9727277952755902
21
-4.5175131889763778
0
LINE
8
BLACK
6
CONTINUOUS
10
5.9727277952755902
20
-4.5175131889763778
11
5.9727576377952758
21
-4.5174412598425198
0
LINE
8
BLACK
6
CONTINUOUS
10
5.9727576377952758
20
-4.5174412598425198
11
5.972824094488189
21
-4.5173602755905513
0
LINE
8
BLACK
6
CONTINUOUS
10
5.972824094488189
20
-4.5173602755905513
11
5.9728800787401575
21
-4.5172713385826775
0
LINE
8
BLACK
6
CONTINUOUS
10
5.9728800787401575
20
-4.5172713385826775
11
5.9729390551181103
21
-4.517220157480315
0
LINE
8
BLACK
6
CONTINUOUS
10
5.9729390551181103
20
-4.517220157480315
11
5.9731248425196846
21
-4.516993818897638
0
LINE
8
BLACK
6
CONTINUOUS
10
5.9731248425196846
20
-4.516993818897638
11
5.9768743700787397
21
-4.5132442913385828
0
LINE
8
BLACK
6
CONTINUOUS
10
5.9768743700787397
20
-4.5132442913385828
11
5.9773218110236215
21
-4.5128770472440944
0
LINE
8
BLACK
6
CONTINUOUS
10
5.9773218110236215
20
-4.5128770472440944
11
5.9774198425196845
21
-4.5128364173228341
0
LINE
8
BLACK
6
CONTINUOUS
10
5.9774198425196845
20
-4.5128364173228341
11
5.9774999606299213
21
-4.5127669685039367
0
LINE
8
BLACK
6
CONTINUOUS
10
5.9774999606299213
20
-4.5127669685039367
11
5.9780285433070866
21
-4.5125309842519687
0
LINE
8
BLACK
6
CONTINUOUS
10
5.9780285433070866
20
-4.5125309842519687
11
5.9836527952755905
21
-4.5106562204724412
0
LINE
8
BLACK
6
CONTINUOUS
10
5.9836527952755905
20
-4.5106562204724412
11
5.9839384251968504
21
-4.5105912598425197
0
LINE
8
BLACK
6
CONTINUOUS
10
5.9839384251968504
20
-4.5105912598425197
11
5.9840105118110234
21
-4.5105614173228341
0
LINE
8
BLACK
6
CONTINUOUS
10
5.9840105118110234
20
-4.5105614173228341
11
5.9841149606299213
21
-4.5105511023622045
0
LINE
8
BLACK
6
CONTINUOUS
10
5.9841149606299213
20
-4.5105511023622045
11
5.9842172440944879
21
-4.5105278740157475
0
LINE
8
BLACK
6
CONTINUOUS
10
5.9842172440944879
20
-4.5105278740157475
11
5.9842949606299207
21
-4.510533385826772
0
LINE
8
BLACK
6
CONTINUOUS
10
5.9842949606299207
20
-4.510533385826772
11
5.9845865748031493
21
-4.5105046850393702
0
LINE
8
BLACK
6
CONTINUOUS
10
5.9845865748031493
20
-4.5105046850393702
11
5.993960393700787
21
-4.5105046850393702
0
LINE
8
BLACK
6
CONTINUOUS
10
5.993960393700787
20
-4.5105046850393702
11
5.9945364566929129
21
-4.5105614173228341
0
LINE
8
BLACK
6
CONTINUOUS
10
5.9805573228346454
20
-4.517912992125984
11
5.9776394881889763
21
-4.520830826771653
0
LINE
8
BLACK
6
CONTINUOUS
10
5.9776394881889763
20
-4.520830826771653
11
5.976123976377953
21
-4.5238618110236217
0
LINE
8
BLACK
6
CONTINUOUS
10
5.976123976377953
20
-4.5238618110236217
11
5.9744159842519684
21
-4.5306938582677168
0
LINE
8
BLACK
6
CONTINUOUS
10
5.9744159842519684
20
-4.5306938582677168
11
5.9744159842519684
21
-4.5355910629921254
0
LINE
8
BLACK
6
CONTINUOUS
10
5.9744159842519684
20
-4.5355910629921254
11
5.976123976377953
21
-4.5424231102362205
0
LINE
8
BLACK
6
CONTINUOUS
10
5.976123976377953
20
-4.5424231102362205
11
5.9776394881889763
21
-4.5454540944881892
0
LINE
8
BLACK
6
CONTINUOUS
10
5.9776394881889763
20
-4.5454540944881892
11
5.9805573228346454
21
-4.548371968503937
0
LINE
8
BLACK
6
CONTINUOUS
10
5.9805573228346454
20
-4.548371968503937
11
5.9850657086614172
21
-4.5498747637795276
0
LINE
8
BLACK
6
CONTINUOUS
10
5.9850657086614172
20
-4.5498747637795276
11
5.9910076377952759
21
-4.5498747637795276
0
LINE
8
BLACK
6
CONTINUOUS
10
5.9910076377952759
20
-4.5498747637795276
11
5.9910076377952759
21
-4.5164101968503934
0
LINE
8
BLACK
6
CONTINUOUS
10
5.9910076377952759
20
-4.5164101968503934
11
5.9850657086614172
21
-4.5164101968503934
0
LINE
8
BLACK
6
CONTINUOUS
10
5.9850657086614172
20
-4.5164101968503934
11
5.9805573228346454
21
-4.517912992125984
0
LINE
8
BLACK
6
CONTINUOUS
10
5.7266153149606298
20
-4.5103197244094488
11
5.7269046062992128
21
-4.5103197244094488
0
LINE
8
BLACK
6
CONTINUOUS
10
5.7269046062992128
20
-4.5103197244094488
11
5.7271746850393699
21
-4.5104315748031496
0
LINE
8
BLACK
6
CONTINUOUS
10
5.7271746850393699
20
-4.5104315748031496
11
5.7274613385826774
21
-4.5104889370078736
0
LINE
8
BLACK
6
CONTINUOUS
10
5.7274613385826774
20
-4.5104889370078736
11
5.7277016929133859
21
-4.5106498818897638
0
LINE
8
BLACK
6
CONTINUOUS
10
5.7277016929133859
20
-4.5106498818897638
11
5.7279690157480312
21
-4.5107606299212595
0
LINE
8
BLACK
6
CONTINUOUS
10
5.7279690157480312
20
-4.5107606299212595
11
5.7281757086614169
21
-4.5109673228346452
0
LINE
8
BLACK
6
CONTINUOUS
10
5.7281757086614169
20
-4.5109673228346452
11
5.7284186220472444
21
-4.5111299999999996
0
LINE
8
BLACK
6
CONTINUOUS
10
5.7284186220472444
20
-4.5111299999999996
11
5.7287816141732284
21
-4.5115732283464567
0
LINE
8
BLACK
6
CONTINUOUS
10
5.7287816141732284
20
-4.5115732283464567
11
5.7287836614173226
21
-4.5115752755905509
0
LINE
8
BLACK
6
CONTINUOUS
10
5.7287836614173226
20
-4.5115752755905509
11
5.7287840157480314
21
-4.5115761417322835
0
LINE
8
BLACK
6
CONTINUOUS
10
5.7287840157480314
20
-4.5115761417322835
11
5.7287853937007869
21
-4.511577834645669
0
LINE
8
BLACK
6
CONTINUOUS
10
5.7287853937007869
20
-4.511577834645669
11
5.7323727165354326
21
-4.5169588582677163
0
LINE
8
BLACK
6
CONTINUOUS
10
5.7323727165354326
20
-4.5169588582677163
11
5.7355766929133853
21
-4.520162834645669
0
LINE
8
BLACK
6
CONTINUOUS
10
5.7355766929133853
20
-4.520162834645669
11
5.7388976377952758
21
-4.5218233070866143
0
LINE
8
BLACK
6
CONTINUOUS
10
5.7388976377952758
20
-4.5218233070866143
11
5.7393875196850388
21
-4.5221316535433074
0
LINE
8
BLACK
6
CONTINUOUS
10
5.7393875196850388
20
-4.5221316535433074
11
5.7401423622047245
21
-4.5230020472440948
0
LINE
8
BLACK
6
CONTINUOUS
10
5.7401423622047245
20
-4.5230020472440948
11
5.7405066929133861
21
-4.524095
0
LINE
8
BLACK
6
CONTINUOUS
10
5.7405066929133861
20
-4.524095
11
5.7404250393700789
21
-4.5252442125984249
0
LINE
8
BLACK
6
CONTINUOUS
10
5.7404250393700789
20
-4.5252442125984249
11
5.7399097637795276
21
-4.5262747244094488
0
LINE
8
BLACK
6
CONTINUOUS
10
5.7399097637795276
20
-4.5262747244094488
11
5.7390394094488189
21
-4.5270295669291336
0
LINE
8
BLACK
6
CONTINUOUS
10
5.7390394094488189
20
-4.5270295669291336
11
5.7379464173228349
21
-4.5273938976377952
0
LINE
8
BLACK
6
CONTINUOUS
10
5.7379464173228349
20
-4.5273938976377952
11
5.7367972047244091
21
-4.527312244094488
0
LINE
8
BLACK
6
CONTINUOUS
10
5.7367972047244091
20
-4.527312244094488
11
5.7362566141732279
21
-4.5271053543307085
0
LINE
8
BLACK
6
CONTINUOUS
10
5.7362566141732279
20
-4.5271053543307085
11
5.7325070866141727
21
-4.5252305905511809
0
LINE
8
BLACK
6
CONTINUOUS
10
5.7325070866141727
20
-4.5252305905511809
11
5.7322592519685038
21
-4.5250745669291339
0
LINE
8
BLACK
6
CONTINUOUS
10
5.7322592519685038
20
-4.5250745669291339
11
5.7321871259842521
21
-4.5250447244094492
0
LINE
8
BLACK
6
CONTINUOUS
10
5.7321871259842521
20
-4.5250447244094492
11
5.7321059448818898
21
-4.5249781102362201
0
LINE
8
BLACK
6
CONTINUOUS
10
5.7321059448818898
20
-4.5249781102362201
11
5.7320172047244089
21
-4.5249222440944878
0
LINE
8
BLACK
6
CONTINUOUS
10
5.7320172047244089
20
-4.5249222440944878
11
5.7319660629921261
21
-4.5248633070866138
0
LINE
8
BLACK
6
CONTINUOUS
10
5.7319660629921261
20
-4.5248633070866138
11
5.7317396850393703
21
-4.5246774803149608
0
LINE
8
BLACK
6
CONTINUOUS
10
5.7317396850393703
20
-4.5246774803149608
11
5.7292812992125981
21
-4.5222190944881886
0
LINE
8
BLACK
6
CONTINUOUS
10
5.7292812992125981
20
-4.5222190944881886
11
5.7292812992125981
21
-4.5496330708661414
0
LINE
8
BLACK
6
CONTINUOUS
10
5.7292812992125981
20
-4.5496330708661414
11
5.7375771259842514
21
-4.5496330708661414
0
LINE
8
BLACK
6
CONTINUOUS
10
5.7375771259842514
20
-4.5496330708661414
11
5.7381531889763782
21
-4.5496898031496062
0
LINE
8
BLACK
6
CONTINUOUS
10
5.7381531889763782
20
-4.5496898031496062
11
5.7392175984251965
21
-4.5501307086614169
0
LINE
8
BLACK
6
CONTINUOUS
10
5.7392175984251965
20
-4.5501307086614169
11
5.740032244094488
21
-4.5509453543307083
0
LINE
8
BLACK
6
CONTINUOUS
10
5.740032244094488
20
-4.5509453543307083
11
5.7404731496062995
21
-4.5520097637795276
0
LINE
8
BLACK
6
CONTINUOUS
10
5.7404731496062995
20
-4.5520097637795276
11
5.7404731496062995
21
-4.5531618897637793
0
LINE
8
BLACK
6
CONTINUOUS
10
5.7404731496062995
20
-4.5531618897637793
11
5.740032244094488
21
-4.5542262992125986
0
LINE
8
BLACK
6
CONTINUOUS
10
5.740032244094488
20
-4.5542262992125986
11
5.7392175984251965
21
-4.55504094488189
0
LINE
8
BLACK
6
CONTINUOUS
10
5.7392175984251965
20
-4.55504094488189
11
5.7381531889763782
21
-4.5554818503937007
0
LINE
8
BLACK
6
CONTINUOUS
10
5.7381531889763782
20
-4.5554818503937007
11
5.7375771259842514
21
-4.5555385826771655
0
LINE
8
BLACK
6
CONTINUOUS
10
5.7375771259842514
20
-4.5555385826771655
11
5.7150799606299207
21
-4.5555385826771655
0
LINE
8
BLACK
6
CONTINUOUS
10
5.7150799606299207
20
-4.5555385826771655
11
5.7145038976377949
21
-4.5554818503937007
0
LINE
8
BLACK
6
CONTINUOUS
10
5.7145038976377949
20
-4.5554818503937007
11
5.7134394881889765
21
-4.55504094488189
0
LINE
8
BLACK
6
CONTINUOUS
10
5.7134394881889765
20
-4.55504094488189
11
5.7126248425196851
21
-4.5542262992125986
0
LINE
8
BLACK
6
CONTINUOUS
10
5.7126248425196851
20
-4.5542262992125986
11
5.7121839370078735
21
-4.5531618897637793
0
LINE
8
BLACK
6
CONTINUOUS
10
5.7121839370078735
20
-4.5531618897637793
11
5.7121839370078735
21
-4.5520097637795276
0
LINE
8
BLACK
6
CONTINUOUS
10
5.7121839370078735
20
-4.5520097637795276
11
5.7126248425196851
21
-4.5509453543307083
0
LINE
8
BLACK
6
CONTINUOUS
10
5.7126248425196851
20
-4.5509453543307083
11
5.7134394881889765
21
-4.5501307086614169
0
LINE
8
BLACK
6
CONTINUOUS
10
5.7134394881889765
20
-4.5501307086614169
11
5.7145038976377949
21
-4.5496898031496062
0
LINE
8
BLACK
6
CONTINUOUS
10
5.7145038976377949
20
-4.5496898031496062
11
5.7150799606299207
21
-4.5496330708661414
0
LINE
8
BLACK
6
CONTINUOUS
10
5.7150799606299207
20
-4.5496330708661414
11
5.7233757874015749
21
-4.5496330708661414
0
LINE
8
BLACK
6
CONTINUOUS
10
5.7233757874015749
20
-4.5496330708661414
11
5.7233757874015749
21
-4.5132157480314961
0
LINE
8
BLACK
6
CONTINUOUS
10
5.7233757874015749
20
-4.5132157480314961
11
5.7233759842519687
21
-4.5132136614173231
0
LINE
8
BLACK
6
CONTINUOUS
10
5.7233759842519687
20
-4.5132136614173231
11
5.7233757874015749
21
-4.5132126377952755
0
LINE
8
BLACK
6
CONTINUOUS
10
5.7233757874015749
20
-4.5132126377952755
11
5.7233763779527553
21
-4.5132096062992124
0
LINE
8
BLACK
6
CONTINUOUS
10
5.7233763779527553
20
-4.5132096062992124
11
5.7234325196850389
21
-4.5126396850393702
0
LINE
8
BLACK
6
CONTINUOUS
10
5.7234325196850389
20
-4.5126396850393702
11
5.7235443700787396
21
-4.5123695669291335
0
LINE
8
BLACK
6
CONTINUOUS
10
5.7235443700787396
20
-4.5123695669291335
11
5.7236017322834645
21
-4.5120829527559057
0
LINE
8
BLACK
6
CONTINUOUS
10
5.7236017322834645
20
-4.5120829527559057
11
5.7237626771653538
21
-4.5118425590551183
0
LINE
8
BLACK
6
CONTINUOUS
10
5.7237626771653538
20
-4.5118425590551183
11
5.7238734251968504
21
-4.5115752755905509
0
LINE
8
BLACK
6
CONTINUOUS
10
5.7238734251968504
20
-4.5115752755905509
11
5.7240801181102361
21
-4.5113685433070865
0
LINE
8
BLACK
6
CONTINUOUS
10
5.7240801181102361
20
-4.5113685433070865
11
5.7242427952755905
21
-4.5111256692913386
0
LINE
8
BLACK
6
CONTINUOUS
10
5.7242427952755905
20
-4.5111256692913386
11
5.7244835039370079
21
-4.5109651574803147
0
LINE
8
BLACK
6
CONTINUOUS
10
5.7244835039370079
20
-4.5109651574803147
11
5.7246880708661418
21
-4.5107606299212595
0
LINE
8
BLACK
6
CONTINUOUS
10
5.7246880708661418
20
-4.5107606299212595
11
5.7249581496062989
21
-4.51064874015748
0
LINE
8
BLACK
6
CONTINUOUS
10
5.7249581496062989
20
-4.51064874015748
11
5.7252014173228343
21
-4.5104865748031493
0
LINE
8
BLACK
6
CONTINUOUS
10
5.7252014173228343
20
-4.5104865748031493
11
5.7254851968503937
21
-4.5104304330708658
0
LINE
8
BLACK
6
CONTINUOUS
10
5.7254851968503937
20
-4.5104304330708658
11
5.7257524803149602
21
-4.5103197244094488
0
LINE
8
BLACK
6
CONTINUOUS
10
5.7257524803149602
20
-4.5103197244094488
11
5.7260448818897638
21
-4.5103197244094488
0
LINE
8
BLACK
6
CONTINUOUS
10
5.7260448818897638
20
-4.5103197244094488
11
5.7263316535433066
21
-4.510262992125984
0
LINE
8
BLACK
6
CONTINUOUS
10
5.7263316535433066
20
-4.510262992125984
11
5.7266153149606298
21
-4.5103197244094488
0
LINE
8
BLACK
6
CONTINUOUS
10
5.7692138582677162
20
-4.5107606299212595
11
5.7700285039370076
21
-4.5115752755905509
0
LINE
8
BLACK
6
CONTINUOUS
10
5.7700285039370076
20
-4.5115752755905509
11
5.7704694094488191
21
-4.5126396850393702
0
LINE
8
BLACK
6
CONTINUOUS
10
5.7704694094488191
20
-4.5126396850393702
11
5.7705261417322831
21
-4.5132157480314961
0
LINE
8
BLACK
6
CONTINUOUS
10
5.7705261417322831
20
-4.5132157480314961
11
5.7705261417322831
21
-4.5525858267716535
0
LINE
8
BLACK
6
CONTINUOUS
10
5.7705261417322831
20
-4.5525858267716535
11
5.7704694094488191
21
-4.5531618897637793
0
LINE
8
BLACK
6
CONTINUOUS
10
5.7704694094488191
20
-4.5531618897637793
11
5.7700285039370076
21
-4.5542262992125986
0
LINE
8
BLACK
6
CONTINUOUS
10
5.7700285039370076
20
-4.5542262992125986
11
5.7692138582677162
21
-4.55504094488189
0
LINE
8
BLACK
6
CONTINUOUS
10
5.7692138582677162
20
-4.55504094488189
11
5.7681494488188978
21
-4.5554818503937007
0
LINE
8
BLACK
6
CONTINUOUS
10
5.7681494488188978
20
-4.5554818503937007
11
5.7675733858267719
21
-4.5555385826771655
0
LINE
8
BLACK
6
CONTINUOUS
10
5.7675733858267719
20
-4.5555385826771655
11
5.7488257480314964
21
-4.5555385826771655
0
LINE
8
BLACK
6
CONTINUOUS
10
5.7488257480314964
20
-4.5555385826771655
11
5.7482496850393696
21
-4.5554818503937007
0
LINE
8
BLACK
6
CONTINUOUS
10
5.7482496850393696
20
-4.5554818503937007
11
5.7471852755905513
21
-4.55504094488189
0
LINE
8
BLACK
6
CONTINUOUS
10
5.7471852755905513
20
-4.55504094488189
11
5.7463706299212598
21
-4.5542262992125986
0
LINE
8
BLACK
6
CONTINUOUS
10
5.7463706299212598
20
-4.5542262992125986
11
5.7459297244094483
21
-4.5531618897637793
0
LINE
8
BLACK
6
CONTINUOUS
10
5.7459297244094483
20
-4.5531618897637793
11
5.7459297244094483
21
-4.5520097637795276
0
LINE
8
BLACK
6
CONTINUOUS
10
5.7459297244094483
20
-4.5520097637795276
11
5.7463706299212598
21
-4.5509453543307083
0
LINE
8
BLACK
6
CONTINUOUS
10
5.7463706299212598
20
-4.5509453543307083
11
5.7471852755905513
21
-4.5501307086614169
0
LINE
8
BLACK
6
CONTINUOUS
10
5.7471852755905513
20
-4.5501307086614169
11
5.7482496850393696
21
-4.5496898031496062
0
LINE
8
BLACK
6
CONTINUOUS
10
5.7482496850393696
20
-4.5496898031496062
11
5.7488257480314964
21
-4.5496330708661414
0
LINE
8
BLACK
6
CONTINUOUS
10
5.7488257480314964
20
-4.5496330708661414
11
5.7646206299212599
21
-4.5496330708661414
0
LINE
8
BLACK
6
CONTINUOUS
10
5.7646206299212599
20
-4.5496330708661414
11
5.7646206299212599
21
-4.5132157480314961
0
LINE
8
BLACK
6
CONTINUOUS
10
5.7646206299212599
20
-4.5132157480314961
11
5.7646773622047247
21
-4.5126396850393702
0
LINE
8
BLACK
6
CONTINUOUS
10
5.7646773622047247
20
-4.5126396850393702
11
5.7651182677165353
21
-4.5115752755905509
0
LINE
8
BLACK
6
CONTINUOUS
10
5.7651182677165353
20
-4.5115752755905509
11
5.7659329133858268
21
-4.5107606299212595
0
LINE
8
BLACK
6
CONTINUOUS
10
5.7659329133858268
20
-4.5107606299212595
11
5.7669973228346452
21
-4.5103197244094488
0
LINE
8
BLACK
6
CONTINUOUS
10
5.7669973228346452
20
-4.5103197244094488
11
5.7681494488188978
21
-4.5103197244094488
0
LINE
8
BLACK
6
CONTINUOUS
10
5.7681494488188978
20
-4.5103197244094488
11
5.7692138582677162
21
-4.5107606299212595
0
LINE
8
BLACK
6
CONTINUOUS
10
5.8018952362204725
20
-4.5103197244094488
11
5.8029596456692909
21
-4.5107606299212595
0
LINE
8
BLACK
6
CONTINUOUS
10
5.8029596456692909
20
-4.5107606299212595
11
5.8037742913385824
21
-4.5115752755905509
0
LINE
8
BLACK
6
CONTINUOUS
10
5.8037742913385824
20
-4.5115752755905509
11
5.8042151968503939
21
-4.5126396850393702
0
LINE
8
BLACK
6
CONTINUOUS
10
5.8042151968503939
20
-4.5126396850393702
11
5.8042719291338578
21
-4.5132157480314961
0
LINE
8
BLACK
6
CONTINUOUS
10
5.8042719291338578
20
-4.5132157480314961
11
5.8042719291338578
21
-4.5525858267716535
0
LINE
8
BLACK
6
CONTINUOUS
10
5.8042719291338578
20
-4.5525858267716535
11
5.8042151968503939
21
-4.5531618897637793
0
LINE
8
BLACK
6
CONTINUOUS
10
5.8042151968503939
20
-4.5531618897637793
11
5.8037742913385824
21
-4.5542262992125986
0
LINE
8
BLACK
6
CONTINUOUS
10
5.8037742913385824
20
-4.5542262992125986
11
5.8029596456692909
21
-4.55504094488189
0
LINE
8
BLACK
6
CONTINUOUS
10
5.8029596456692909
20
-4.55504094488189
11
5.8018952362204725
21
-4.5554818503937007
0
LINE
8
BLACK
6
CONTINUOUS
10
5.8018952362204725
20
-4.5554818503937007
11
5.8007431102362199
21
-4.5554818503937007
0
LINE
8
BLACK
6
CONTINUOUS
10
5.8007431102362199
20
-4.5554818503937007
11
5.7996787007874016
21
-4.55504094488189
0
LINE
8
BLACK
6
CONTINUOUS
10
5.7996787007874016
20
-4.55504094488189
11
5.7988640551181101
21
-4.5542262992125986
0
LINE
8
BLACK
6
CONTINUOUS
10
5.7988640551181101
20
-4.5542262992125986
11
5.7984231496062995
21
-4.5531618897637793
0
LINE
8
BLACK
6
CONTINUOUS
10
5.7984231496062995
20
-4.5531618897637793
11
5.7983664173228346
21
-4.5525858267716535
0
LINE
8
BLACK
6
CONTINUOUS
10
5.7983664173228346
20
-4.5525858267716535
11
5.7983664173228346
21
-4.5349161417322836
0
LINE
8
BLACK
6
CONTINUOUS
10
5.7983664173228346
20
-4.5349161417322836
11
5.7881958267716538
21
-4.5349161417322836
0
LINE
8
BLACK
6
CONTINUOUS
10
5.7881958267716538
20
-4.5349161417322836
11
5.787619763779527
21
-4.5348594094488188
0
LINE
8
BLACK
6
CONTINUOUS
10
5.787619763779527
20
-4.5348594094488188
11
5.7865553543307087
21
-4.5344185039370082
0
LINE
8
BLACK
6
CONTINUOUS
10
5.7865553543307087
20
-4.5344185039370082
11
5.7857407086614172
21
-4.5336038582677167
0
LINE
8
BLACK
6
CONTINUOUS
10
5.7857407086614172
20
-4.5336038582677167
11
5.7852998031496066
21
-4.5325394488188975
0
LINE
8
BLACK
6
CONTINUOUS
10
5.7852998031496066
20
-4.5325394488188975
11
5.7852998031496066
21
-4.5313873228346457
0
LINE
8
BLACK
6
CONTINUOUS
10
5.7852998031496066
20
-4.5313873228346457
11
5.7857407086614172
21
-4.5303229133858265
0
LINE
8
BLACK
6
CONTINUOUS
10
5.7857407086614172
20
-4.5303229133858265
11
5.7865553543307087
21
-4.529508267716535
0
LINE
8
BLACK
6
CONTINUOUS
10
5.7865553543307087
20
-4.529508267716535
11
5.787619763779527
21
-4.5290673622047244
0
LINE
8
BLACK
6
CONTINUOUS
10
5.787619763779527
20
-4.5290673622047244
11
5.7881958267716538
21
-4.5290106299212596
0
LINE
8
BLACK
6
CONTINUOUS
10
5.7881958267716538
20
-4.5290106299212596
11
5.7983664173228346
21
-4.5290106299212596
0
LINE
8
BLACK
6
CONTINUOUS
10
5.7983664173228346
20
-4.5290106299212596
11
5.7983664173228346
21
-4.5161685039370081
0
LINE
8
BLACK
6
CONTINUOUS
10
5.7983664173228346
20
-4.5161685039370081
11
5.7825715354330711
21
-4.5161685039370081
0
LINE
8
BLACK
6
CONTINUOUS
10
5.7825715354330711
20
-4.5161685039370081
11
5.7819954724409444
21
-4.5161117716535433
0
LINE
8
BLACK
6
CONTINUOUS
10
5.7819954724409444
20
-4.5161117716535433
11
5.780931062992126
21
-4.5156708661417317
0
LINE
8
BLACK
6
CONTINUOUS
10
5.780931062992126
20
-4.5156708661417317
11
5.7801164173228345
21
-4.5148562204724412
0
LINE
8
BLACK
6
CONTINUOUS
10
5.7801164173228345
20
-4.5148562204724412
11
5.7796755118110239
21
-4.5137918110236219
0
LINE
8
BLACK
6
CONTINUOUS
10
5.7796755118110239
20
-4.5137918110236219
11
5.7796755118110239
21
-4.5126396850393702
0
LINE
8
BLACK
6
CONTINUOUS
10
5.7796755118110239
20
-4.5126396850393702
11
5.7801164173228345
21
-4.5115752755905509
0
LINE
8
BLACK
6
CONTINUOUS
10
5.7801164173228345
20
-4.5115752755905509
11
5.780931062992126
21
-4.5107606299212595
0
LINE
8
BLACK
6
CONTINUOUS
10
5.780931062992126
20
-4.5107606299212595
11
5.7819954724409444
21
-4.5103197244094488
0
LINE
8
BLACK
6
CONTINUOUS
10
5.7819954724409444
20
-4.5103197244094488
11
5.7825715354330711
21
-4.510262992125984
0
LINE
8
BLACK
6
CONTINUOUS
10
5.7825715354330711
20
-4.510262992125984
11
5.8013191732283467
21
-4.510262992125984
0
LINE
8
BLACK
6
CONTINUOUS
10
5.8013191732283467
20
-4.510262992125984
11
5.8018952362204725
21
-4.5103197244094488
0
LINE
8
BLACK
6
CONTINUOUS
10
5.9254610629921256
20
-4.4965276377952756
11
5.9265254724409449
21
-4.4969685433070863
0
LINE
8
BLACK
6
CONTINUOUS
10
5.9265254724409449
20
-4.4969685433070863
11
5.9273401181102363
21
-4.4977831889763777
0
LINE
8
BLACK
6
CONTINUOUS
10
5.9273401181102363
20
-4.4977831889763777
11
5.927781023622047
21
-4.498847598425197
0
LINE
8
BLACK
6
CONTINUOUS
10
5.927781023622047
20
-4.498847598425197
11
5.927781023622047
21
-4.4999997244094487
0
LINE
8
BLACK
6
CONTINUOUS
10
5.927781023622047
20
-4.4999997244094487
11
5.9273401181102363
21
-4.501064133858268
0
LINE
8
BLACK
6
CONTINUOUS
10
5.9273401181102363
20
-4.501064133858268
11
5.9265254724409449
21
-4.5018787795275585
0
LINE
8
BLACK
6
CONTINUOUS
10
5.9265254724409449
20
-4.5018787795275585
11
5.9254610629921256
21
-4.5023196850393701
0
LINE
8
BLACK
6
CONTINUOUS
10
5.9254610629921256
20
-4.5023196850393701
11
5.9248849999999997
21
-4.5023764173228349
0
LINE
8
BLACK
6
CONTINUOUS
10
5.9248849999999997
20
-4.5023764173228349
11
5.6965385433070868
21
-4.5023764173228349
0
LINE
8
BLACK
6
CONTINUOUS
10
5.6965385433070868
20
-4.5023764173228349
11
5.6959624803149609
21
-4.5023196850393701
0
LINE
8
BLACK
6
CONTINUOUS
10
5.6959624803149609
20
-4.5023196850393701
11
5.6948980708661416
21
-4.5018787795275585
0
LINE
8
BLACK
6
CONTINUOUS
10
5.6948980708661416
20
-4.5018787795275585
11
5.6940834251968502
21
-4.501064133858268
0
LINE
8
BLACK
6
CONTINUOUS
10
5.6940834251968502
20
-4.501064133858268
11
5.6936425196850395
21
-4.4999997244094487
0
LINE
8
BLACK
6
CONTINUOUS
10
5.6936425196850395
20
-4.4999997244094487
11
5.6936425196850395
21
-4.498847598425197
0
LINE
8
BLACK
6
CONTINUOUS
10
5.6936425196850395
20
-4.498847598425197
11
5.6940834251968502
21
-4.4977831889763777
0
LINE
8
BLACK
6
CONTINUOUS
10
5.6940834251968502
20
-4.4977831889763777
11
5.6948980708661416
21
-4.4969685433070863
0
LINE
8
BLACK
6
CONTINUOUS
10
5.6948980708661416
20
-4.4969685433070863
11
5.6959624803149609
21
-4.4965276377952756
0
LINE
8
BLACK
6
CONTINUOUS
10
5.6959624803149609
20
-4.4965276377952756
11
5.6965385433070868
21
-4.4964709055118108
0
LINE
8
BLACK
6
CONTINUOUS
10
5.6965385433070868
20
-4.4964709055118108
11
5.9248849999999997
21
-4.4964709055118108
0
LINE
8
BLACK
6
CONTINUOUS
10
5.9248849999999997
20
-4.4964709055118108
11
5.9254610629921256
21
-4.4965276377952756
0
LINE
8
BLACK
6
CONTINUOUS
10
6.3874662204724411
20
-4.4672574409448815
11
6.388496732283464
21
-4.4677727165354328
0
LINE
8
BLACK
6
CONTINUOUS
10
6.388496732283464
20
-4.4677727165354328
11
6.3892515748031498
21
-4.4686430708661415
0
LINE
8
BLACK
6
CONTINUOUS
10
6.3892515748031498
20
-4.4686430708661415
11
6.3896159055118105
21
-4.4697360629921254
0
LINE
8
BLACK
6
CONTINUOUS
10
6.3896159055118105
20
-4.4697360629921254
11
6.3895342519685041
21
-4.4708852755905513
0
LINE
8
BLACK
6
CONTINUOUS
10
6.3895342519685041
20
-4.4708852755905513
11
6.3893273622047246
21
-4.4714258661417325
0
LINE
8
BLACK
6
CONTINUOUS
10
6.3893273622047246
20
-4.4714258661417325
11
6.3874525984251971
21
-4.4751753937007877
0
LINE
8
BLACK
6
CONTINUOUS
10
6.3874525984251971
20
-4.4751753937007877
11
6.3872965748031492
21
-4.4754231889763778
0
LINE
8
BLACK
6
CONTINUOUS
10
6.3872965748031492
20
-4.4754231889763778
11
6.3872667322834644
21
-4.4754953543307083
0
LINE
8
BLACK
6
CONTINUOUS
10
6.3872667322834644
20
-4.4754953543307083
11
6.3872001181102362
21
-4.4755764960629918
0
LINE
8
BLACK
6
CONTINUOUS
10
6.3872001181102362
20
-4.4755764960629918
11
6.387144251968504
21
-4.4756652755905515
0
LINE
8
BLACK
6
CONTINUOUS
10
6.387144251968504
20
-4.4756652755905515
11
6.3870853149606299
21
-4.4757163779527556
0
LINE
8
BLACK
6
CONTINUOUS
10
6.3870853149606299
20
-4.4757163779527556
11
6.386899488188976
21
-4.4759427952755901
0
LINE
8
BLACK
6
CONTINUOUS
10
6.386899488188976
20
-4.4759427952755901
11
6.3844411023622047
21
-4.4784011811023623
0
LINE
8
BLACK
6
CONTINUOUS
10
6.3844411023622047
20
-4.4784011811023623
11
6.4118550787401576
21
-4.4784011811023623
0
LINE
8
BLACK
6
CONTINUOUS
10
6.4118550787401576
20
-4.4784011811023623
11
6.4118550787401576
21
-4.470105354330709
0
LINE
8
BLACK
6
CONTINUOUS
10
6.4118550787401576
20
-4.470105354330709
11
6.4119118110236215
21
-4.4695292913385822
0
LINE
8
BLACK
6
CONTINUOUS
10
6.4119118110236215
20
-4.4695292913385822
11
6.412352716535433
21
-4.4684648818897639
0
LINE
8
BLACK
6
CONTINUOUS
10
6.412352716535433
20
-4.4684648818897639
11
6.4131673622047245
21
-4.4676502362204724
0
LINE
8
BLACK
6
CONTINUOUS
10
6.4131673622047245
20
-4.4676502362204724
11
6.4142317716535429
21
-4.4672093307086609
0
LINE
8
BLACK
6
CONTINUOUS
10
6.4142317716535429
20
-4.4672093307086609
11
6.4153838976377955
21
-4.4672093307086609
0
LINE
8
BLACK
6
CONTINUOUS
10
6.4153838976377955
20
-4.4672093307086609
11
6.4164483070866138
21
-4.4676502362204724
0
LINE
8
BLACK
6
CONTINUOUS
10
6.4164483070866138
20
-4.4676502362204724
11
6.4172629527559053
21
-4.4684648818897639
0
LINE
8
BLACK
6
CONTINUOUS
10
6.4172629527559053
20
-4.4684648818897639
11
6.4177038582677168
21
-4.4695292913385822
0
LINE
8
BLACK
6
CONTINUOUS
10
6.4177038582677168
20
-4.4695292913385822
11
6.4177605905511808
21
-4.470105354330709
0
LINE
8
BLACK
6
CONTINUOUS
10
6.4177605905511808
20
-4.470105354330709
11
6.4177605905511808
21
-4.4926025196850397
0
LINE
8
BLACK
6
CONTINUOUS
10
6.4177605905511808
20
-4.4926025196850397
11
6.4177038582677168
21
-4.4931785826771655
0
LINE
8
BLACK
6
CONTINUOUS
10
6.4177038582677168
20
-4.4931785826771655
11
6.4172629527559053
21
-4.4942429921259839
0
LINE
8
BLACK
6
CONTINUOUS
10
6.4172629527559053
20
-4.4942429921259839
11
6.4164483070866138
21
-4.4950576377952753
0
LINE
8
BLACK
6
CONTINUOUS
10
6.4164483070866138
20
-4.4950576377952753
11
6.4153838976377955
21
-4.4954985433070869
0
LINE
8
BLACK
6
CONTINUOUS
10
6.4153838976377955
20
-4.4954985433070869
11
6.4142317716535429
21
-4.4954985433070869
0
LINE
8
BLACK
6
CONTINUOUS
10
6.4142317716535429
20
-4.4954985433070869
11
6.4131673622047245
21
-4.4950576377952753
0
LINE
8
BLACK
6
CONTINUOUS
10
6.4131673622047245
20
-4.4950576377952753
11
6.412352716535433
21
-4.4942429921259839
0
LINE
8
BLACK
6
CONTINUOUS
10
6.412352716535433
20
-4.4942429921259839
11
6.4119118110236215
21
-4.4931785826771655
0
LINE
8
BLACK
6
CONTINUOUS
10
6.4119118110236215
20
-4.4931785826771655
11
6.4118550787401576
21
-4.4926025196850397
0
LINE
8
BLACK
6
CONTINUOUS
10
6.4118550787401576
20
-4.4926025196850397
11
6.4118550787401576
21
-4.4843066929133855
0
LINE
8
BLACK
6
CONTINUOUS
10
6.4118550787401576
20
-4.4843066929133855
11
6.3754377559055113
21
-4.4843066929133855
0
LINE
8
BLACK
6
CONTINUOUS
10
6.3754377559055113
20
-4.4843066929133855
11
6.3754356692913383
21
-4.4843064566929129
0
LINE
8
BLACK
6
CONTINUOUS
10
6.3754356692913383
20
-4.4843064566929129
11
6.3754346456692916
21
-4.4843066929133855
0
LINE
8
BLACK
6
CONTINUOUS
10
6.3754346456692916
20
-4.4843066929133855
11
6.3754316141732286
21
-4.4843060629921263
0
LINE
8
BLACK
6
CONTINUOUS
10
6.3754316141732286
20
-4.4843060629921263
11
6.3748616929133854
21
-4.4842499606299215
0
LINE
8
BLACK
6
CONTINUOUS
10
6.3748616929133854
20
-4.4842499606299215
11
6.3745915748031496
21
-4.484138070866142
0
LINE
8
BLACK
6
CONTINUOUS
10
6.3745915748031496
20
-4.484138070866142
11
6.3743049606299209
21
-4.4840807480314959
0
LINE
8
BLACK
6
CONTINUOUS
10
6.3743049606299209
20
-4.4840807480314959
11
6.3740645669291336
21
-4.4839197637795278
0
LINE
8
BLACK
6
CONTINUOUS
10
6.3740645669291336
20
-4.4839197637795278
11
6.3737972834645671
21
-4.48380905511811
0
LINE
8
BLACK
6
CONTINUOUS
10
6.3737972834645671
20
-4.48380905511811
11
6.3735905511811026
21
-4.4836023228346455
0
LINE
8
BLACK
6
CONTINUOUS
10
6.3735905511811026
20
-4.4836023228346455
11
6.3733476771653539
21
-4.4834396850393698
0
LINE
8
BLACK
6
CONTINUOUS
10
6.3733476771653539
20
-4.4834396850393698
11
6.3731871653543308
21
-4.4831989370078738
0
LINE
8
BLACK
6
CONTINUOUS
10
6.3731871653543308
20
-4.4831989370078738
11
6.3729826377952756
21
-4.4829944094488186
0
LINE
8
BLACK
6
CONTINUOUS
10
6.3729826377952756
20
-4.4829944094488186
11
6.3728707480314961
21
-4.4827242913385827
0
LINE
8
BLACK
6
CONTINUOUS
10
6.3728707480314961
20
-4.4827242913385827
11
6.3727085826771654
21
-4.4824810629921261
0
LINE
8
BLACK
6
CONTINUOUS
10
6.3727085826771654
20
-4.4824810629921261
11
6.3726524409448819
21
-4.4821972440944879
0
LINE
8
BLACK
6
CONTINUOUS
10
6.3726524409448819
20
-4.4821972440944879
11
6.3725417322834641
21
-4.4819300000000002
0
LINE
8
BLACK
6
CONTINUOUS
10
6.3725417322834641
20
-4.4819300000000002
11
6.3725417322834641
21
-4.4816375984251966
0
LINE
8
BLACK
6
CONTINUOUS
10
6.3725417322834641
20
-4.4816375984251966
11
6.3724850000000002
21
-4.4813508267716538
0
LINE
8
BLACK
6
CONTINUOUS
10
6.3724850000000002
20
-4.4813508267716538
11
6.3725417322834641
21
-4.4810671653543306
0
LINE
8
BLACK
6
CONTINUOUS
10
6.3725417322834641
20
-4.4810671653543306
11
6.3725417322834641
21
-4.4807778740157476
0
LINE
8
BLACK
6
CONTINUOUS
10
6.3725417322834641
20
-4.4807778740157476
11
6.3726535826771649
21
-4.4805077559055118
0
LINE
8
BLACK
6
CONTINUOUS
10
6.3726535826771649
20
-4.4805077559055118
11
6.3727109448818897
21
-4.480221141732283
0
LINE
8
BLACK
6
CONTINUOUS
10
6.3727109448818897
20
-4.480221141732283
11
6.3728718897637791
21
-4.4799807480314957
0
LINE
8
BLACK
6
CONTINUOUS
10
6.3728718897637791
20
-4.4799807480314957
11
6.3729826377952756
21
-4.4797134645669292
0
LINE
8
BLACK
6
CONTINUOUS
10
6.3729826377952756
20
-4.4797134645669292
11
6.3731893307086613
21
-4.4795067322834647
0
LINE
8
BLACK
6
CONTINUOUS
10
6.3731893307086613
20
-4.4795067322834647
11
6.3733520078740158
21
-4.479263858267716
0
LINE
8
BLACK
6
CONTINUOUS
10
6.3733520078740158
20
-4.479263858267716
11
6.3737952362204719
21
-4.4789008267716532
0
LINE
8
BLACK
6
CONTINUOUS
10
6.3737952362204719
20
-4.4789008267716532
11
6.3737972834645671
21
-4.4788988188976377
0
LINE
8
BLACK
6
CONTINUOUS
10
6.3737972834645671
20
-4.4788988188976377
11
6.3737981496062988
21
-4.4788984251968502
0
LINE
8
BLACK
6
CONTINUOUS
10
6.3737981496062988
20
-4.4788984251968502
11
6.3737998425196851
21
-4.4788970866141735
0
LINE
8
BLACK
6
CONTINUOUS
10
6.3737998425196851
20
-4.4788970866141735
11
6.3791808661417324
21
-4.4753097244094491
0
LINE
8
BLACK
6
CONTINUOUS
10
6.3791808661417324
20
-4.4753097244094491
11
6.3823848425196852
21
-4.472105787401575
0
LINE
8
BLACK
6
CONTINUOUS
10
6.3823848425196852
20
-4.472105787401575
11
6.3840453149606295
21
-4.4687848425196846
0
LINE
8
BLACK
6
CONTINUOUS
10
6.3840453149606295
20
-4.4687848425196846
11
6.3843536614173226
21
-4.4682949606299216
0
LINE
8
BLACK
6
CONTINUOUS
10
6.3843536614173226
20
-4.4682949606299216
11
6.3852240551181101
21
-4.4675401181102359
0
LINE
8
BLACK
6
CONTINUOUS
10
6.3852240551181101
20
-4.4675401181102359
11
6.3863170078740152
21
-4.4671757874015743
0
LINE
8
BLACK
6
CONTINUOUS
10
6.3863170078740152
20
-4.4671757874015743
11
6.3874662204724411
21
-4.4672574409448815
0
LINE
8
BLACK
6
CONTINUOUS
10
6.4150946062992125
20
-4.4278392519685035
11
6.4153838976377955
21
-4.4278392519685035
0
LINE
8
BLACK
6
CONTINUOUS
10
6.4153838976377955
20
-4.4278392519685035
11
6.4156539763779525
21
-4.4279511023622042
0
LINE
8
BLACK
6
CONTINUOUS
10
6.4156539763779525
20
-4.4279511023622042
11
6.41594062992126
21
-4.4280084645669291
0
LINE
8
BLACK
6
CONTINUOUS
10
6.41594062992126
20
-4.4280084645669291
11
6.4161809842519686
21
-4.4281694094488184
0
LINE
8
BLACK
6
CONTINUOUS
10
6.4161809842519686
20
-4.4281694094488184
11
6.4164483070866138
21
-4.428280157480315
0
LINE
8
BLACK
6
CONTINUOUS
10
6.4164483070866138
20
-4.428280157480315
11
6.4166549999999996
21
-4.4284868503937007
0
LINE
8
BLACK
6
CONTINUOUS
10
6.4166549999999996
20
-4.4284868503937007
11
6.416897913385827
21
-4.4286495275590552
0
LINE
8
BLACK
6
CONTINUOUS
10
6.416897913385827
20
-4.4286495275590552
11
6.4170583858267713
21
-4.4288902362204725
0
LINE
8
BLACK
6
CONTINUOUS
10
6.4170583858267713
20
-4.4288902362204725
11
6.4172629527559053
21
-4.4290948031496065
0
LINE
8
BLACK
6
CONTINUOUS
10
6.4172629527559053
20
-4.4290948031496065
11
6.4173748031496061
21
-4.4293648818897635
0
LINE
8
BLACK
6
CONTINUOUS
10
6.4173748031496061
20
-4.4293648818897635
11
6.4175370078740155
21
-4.4296081496062989
0
LINE
8
BLACK
6
CONTINUOUS
10
6.4175370078740155
20
-4.4296081496062989
11
6.4175931102362203
21
-4.4298919291338583
0
LINE
8
BLACK
6
CONTINUOUS
10
6.4175931102362203
20
-4.4298919291338583
11
6.4177038582677168
21
-4.4301592125984248
0
LINE
8
BLACK
6
CONTINUOUS
10
6.4177038582677168
20
-4.4301592125984248
11
6.4177605905511808
21
-4.4307352755905507
0
LINE
8
BLACK
6
CONTINUOUS
10
6.4177605905511808
20
-4.4307352755905507
11
6.4177605905511808
21
-4.4569819685039365
0
LINE
8
BLACK
6
CONTINUOUS
10
6.4177605905511808
20
-4.4569819685039365
11
6.4177038582677168
21
-4.4575580314960632
0
LINE
8
BLACK
6
CONTINUOUS
10
6.4177038582677168
20
-4.4575580314960632
11
6.4172629527559053
21
-4.4586224409448816
0
LINE
8
BLACK
6
CONTINUOUS
10
6.4172629527559053
20
-4.4586224409448816
11
6.4164483070866138
21
-4.459437086614173
0
LINE
8
BLACK
6
CONTINUOUS
10
6.4164483070866138
20
-4.459437086614173
11
6.4153838976377955
21
-4.4598779921259846
0
LINE
8
BLACK
6
CONTINUOUS
10
6.4153838976377955
20
-4.4598779921259846
11
6.4142317716535429
21
-4.4598779921259846
0
LINE
8
BLACK
6
CONTINUOUS
10
6.4142317716535429
20
-4.4598779921259846
11
6.4131673622047245
21
-4.459437086614173
0
LINE
8
BLACK
6
CONTINUOUS
10
6.4131673622047245
20
-4.459437086614173
11
6.412352716535433
21
-4.4586224409448816
0
LINE
8
BLACK
6
CONTINUOUS
10
6.412352716535433
20
-4.4586224409448816
11
6.4119118110236215
21
-4.4575580314960632
0
LINE
8
BLACK
6
CONTINUOUS
10
6.4119118110236215
20
-4.4575580314960632
11
6.4118550787401576
21
-4.4569819685039365
0
LINE
8
BLACK
6
CONTINUOUS
10
6.4118550787401576
20
-4.4569819685039365
11
6.4118550787401576
21
-4.4362525196850395
0
LINE
8
BLACK
6
CONTINUOUS
10
6.4118550787401576
20
-4.4362525196850395
11
6.3770756299212596
21
-4.4594388188976373
0
LINE
8
BLACK
6
CONTINUOUS
10
6.3770756299212596
20
-4.4594388188976373
11
6.376564881889764
21
-4.4597111417322832
0
LINE
8
BLACK
6
CONTINUOUS
10
6.376564881889764
20
-4.4597111417322832
11
6.3762810629921258
21
-4.459767244094488
0
LINE
8
BLACK
6
CONTINUOUS
10
6.3762810629921258
20
-4.459767244094488
11
6.3760138188976381
21
-4.4598779921259846
0
LINE
8
BLACK
6
CONTINUOUS
10
6.3760138188976381
20
-4.4598779921259846
11
6.3757214173228345
21
-4.4598779921259846
0
LINE
8
BLACK
6
CONTINUOUS
10
6.3757214173228345
20
-4.4598779921259846
11
6.3754346456692916
21
-4.4599347244094485
0
LINE
8
BLACK
6
CONTINUOUS
10
6.3754346456692916
20
-4.4599347244094485
11
6.3751509842519685
21
-4.4598779921259846
0
LINE
8
BLACK
6
CONTINUOUS
10
6.3751509842519685
20
-4.4598779921259846
11
6.3748616929133854
21
-4.4598779921259846
0
LINE
8
BLACK
6
CONTINUOUS
10
6.3748616929133854
20
-4.4598779921259846
11
6.3745915748031496
21
-4.4597661023622051
0
LINE
8
BLACK
6
CONTINUOUS
10
6.3745915748031496
20
-4.4597661023622051
11
6.3743049606299209
21
-4.459708779527559
0
LINE
8
BLACK
6
CONTINUOUS
10
6.3743049606299209
20
-4.459708779527559
11
6.3740645669291336
21
-4.4595477952755909
0
LINE
8
BLACK
6
CONTINUOUS
10
6.3740645669291336
20
-4.4595477952755909
11
6.3737972834645671
21
-4.459437086614173
0
LINE
8
BLACK
6
CONTINUOUS
10
6.3737972834645671
20
-4.459437086614173
11
6.3735905511811026
21
-4.4592303543307086
0
LINE
8
BLACK
6
CONTINUOUS
10
6.3735905511811026
20
-4.4592303543307086
11
6.3733476771653539
21
-4.4590677165354329
0
LINE
8
BLACK
6
CONTINUOUS
10
6.3733476771653539
20
-4.4590677165354329
11
6.3731871653543308
21
-4.4588269685039368
0
LINE
8
BLACK
6
CONTINUOUS
10
6.3731871653543308
20
-4.4588269685039368
11
6.3729826377952756
21
-4.4586224409448816
0
LINE
8
BLACK
6
CONTINUOUS
10
6.3729826377952756
20
-4.4586224409448816
11
6.3728707480314961
21
-4.4583523228346458
0
LINE
8
BLACK
6
CONTINUOUS
10
6.3728707480314961
20
-4.4583523228346458
11
6.3727085826771654
21
-4.4581090944881892
0
LINE
8
BLACK
6
CONTINUOUS
10
6.3727085826771654
20
-4.4581090944881892
11
6.3726524409448819
21
-4.457825275590551
0
LINE
8
BLACK
6
CONTINUOUS
10
6.3726524409448819
20
-4.457825275590551
11
6.3725417322834641
21
-4.4575580314960632
0
LINE
8
BLACK
6
CONTINUOUS
10
6.3725417322834641
20
-4.4575580314960632
11
6.3724850000000002
21
-4.4569819685039365
0
LINE
8
BLACK
6
CONTINUOUS
10
6.3724850000000002
20
-4.4569819685039365
11
6.3724850000000002
21
-4.4307352755905507
0
LINE
8
BLACK
6
CONTINUOUS
10
6.3724850000000002
20
-4.4307352755905507
11
6.3725417322834641
21
-4.4301592125984248
0
LINE
8
BLACK
6
CONTINUOUS
10
6.3725417322834641
20
-4.4301592125984248
11
6.3729826377952756
21
-4.4290948031496065
0
LINE
8
BLACK
6
CONTINUOUS
10
6.3729826377952756
20
-4.4290948031496065
11
6.3737972834645671
21
-4.428280157480315
0
LINE
8
BLACK
6
CONTINUOUS
10
6.3737972834645671
20
-4.428280157480315
11
6.3748616929133854
21
-4.4278392519685035
0
LINE
8
BLACK
6
CONTINUOUS
10
6.3748616929133854
20
-4.4278392519685035
11
6.3760138188976381
21
-4.4278392519685035
0
LINE
8
BLACK
6
CONTINUOUS
10
6.3760138188976381
20
-4.4278392519685035
11
6.3770782283464564
21
-4.428280157480315
0
LINE
8
BLACK
6
CONTINUOUS
10
6.3770782283464564
20
-4.428280157480315
11
6.3778928740157479
21
-4.4290948031496065
0
LINE
8
BLACK
6
CONTINUOUS
10
6.3778928740157479
20
-4.4290948031496065
11
6.3783337795275585
21
-4.4301592125984248
0
LINE
8
BLACK
6
CONTINUOUS
10
6.3783337795275585
20
-4.4301592125984248
11
6.3783905118110233
21
-4.4307352755905507
0
LINE
8
BLACK
6
CONTINUOUS
10
6.3783905118110233
20
-4.4307352755905507
11
6.3783905118110233
21
-4.4514646850393698
0
LINE
8
BLACK
6
CONTINUOUS
10
6.3783905118110233
20
-4.4514646850393698
11
6.4131699212598425
21
-4.4282784251968499
0
LINE
8
BLACK
6
CONTINUOUS
10
6.4131699212598425
20
-4.4282784251968499
11
6.4136807086614169
21
-4.4280061023622048
0
LINE
8
BLACK
6
CONTINUOUS
10
6.4136807086614169
20
-4.4280061023622048
11
6.4139644881889764
21
-4.4279499606299213
0
LINE
8
BLACK
6
CONTINUOUS
10
6.4139644881889764
20
-4.4279499606299213
11
6.4142317716535429
21
-4.4278392519685035
0
LINE
8
BLACK
6
CONTINUOUS
10
6.4142317716535429
20
-4.4278392519685035
11
6.4145241732283464
21
-4.4278392519685035
0
LINE
8
BLACK
6
CONTINUOUS
10
6.4145241732283464
20
-4.4278392519685035
11
6.4148109448818893
21
-4.4277825196850396
0
LINE
8
BLACK
6
CONTINUOUS
10
6.4148109448818893
20
-4.4277825196850396
11
6.4150946062992125
21
-4.4278392519685035
0
LINE
8
BLACK
6
CONTINUOUS
10
5.1225957874015746
20
-4.4280920866141731
11
5.1227755905511811
21
-4.4289960629921259
0
LINE
8
BLACK
6
CONTINUOUS
10
5.1227755905511811
20
-4.4289960629921259
11
5.1227755905511811
21
-4.4443503937007875
0
LINE
8
BLACK
6
CONTINUOUS
10
5.1227755905511811
20
-4.4443503937007875
11
5.6070275590551182
21
-4.4443503937007875
0
LINE
8
BLACK
6
CONTINUOUS
10
5.6070275590551182
20
-4.4443503937007875
11
5.6070275590551182
21
-4.4289960629921259
0
LINE
8
BLACK
6
CONTINUOUS
10
5.6070275590551182
20
-4.4289960629921259
11
5.6072073622047247
21
-4.4280920866141731
0
LINE
8
BLACK
6
CONTINUOUS
10
5.6072073622047247
20
-4.4280920866141731
11
5.608485787401575
21
-4.4268136614173228
0
LINE
8
BLACK
6
CONTINUOUS
10
5.608485787401575
20
-4.4268136614173228
11
5.6102937401574806
21
-4.4268136614173228
0
LINE
8
BLACK
6
CONTINUOUS
10
5.6102937401574806
20
-4.4268136614173228
11
5.6115721653543309
21
-4.4280920866141731
0
LINE
8
BLACK
6
CONTINUOUS
10
5.6115721653543309
20
-4.4280920866141731
11
5.6117519685039365
21
-4.4289960629921259
0
LINE
8
BLACK
6
CONTINUOUS
10
5.6117519685039365
20
-4.4289960629921259
11
5.6117519685039365
21
-4.4467125984251972
0
LINE
8
BLACK
6
CONTINUOUS
10
5.6117519685039365
20
-4.4467125984251972
11
5.6115721653543309
21
-4.4476165748031491
0
LINE
8
BLACK
6
CONTINUOUS
10
5.6115721653543309
20
-4.4476165748031491
11
5.6102937401574806
21
-4.4488950000000003
0
LINE
8
BLACK
6
CONTINUOUS
10
5.6102937401574806
20
-4.4488950000000003
11
5.6093897637795278
21
-4.4490748031496059
0
LINE
8
BLACK
6
CONTINUOUS
10
5.6093897637795278
20
-4.4490748031496059
11
5.1204133858267715
21
-4.4490748031496059
0
LINE
8
BLACK
6
CONTINUOUS
10
5.1204133858267715
20
-4.4490748031496059
11
5.1195094094488187
21
-4.4488950000000003
0
LINE
8
BLACK
6
CONTINUOUS
10
5.1195094094488187
20
-4.4488950000000003
11
5.1182309842519684
21
-4.4476165748031491
0
LINE
8
BLACK
6
CONTINUOUS
10
5.1182309842519684
20
-4.4476165748031491
11
5.1182309842519684
21
-4.4472228740157478
0
LINE
8
BLACK
6
CONTINUOUS
10
5.1182309842519684
20
-4.4472228740157478
11
5.1180511811023619
21
-4.446318897637795
0
LINE
8
BLACK
6
CONTINUOUS
10
5.1180511811023619
20
-4.446318897637795
11
5.1180511811023619
21
-4.4289960629921259
0
LINE
8
BLACK
6
CONTINUOUS
10
5.1180511811023619
20
-4.4289960629921259
11
5.1182309842519684
21
-4.4280920866141731
0
LINE
8
BLACK
6
CONTINUOUS
10
5.1182309842519684
20
-4.4280920866141731
11
5.1195094094488187
21
-4.4268136614173228
0
LINE
8
BLACK
6
CONTINUOUS
10
5.1195094094488187
20
-4.4268136614173228
11
5.1213173622047243
21
-4.4268136614173228
0
LINE
8
BLACK
6
CONTINUOUS
10
5.1213173622047243
20
-4.4268136614173228
11
5.1225957874015746
21
-4.4280920866141731
0
LINE
8
BLACK
6
CONTINUOUS
10
6.5789512992125987
20
-4.072245590551181
11
6.594780984251968
21
-4.0750368110236224
0
LINE
8
BLACK
6
CONTINUOUS
10
6.594780984251968
20
-4.0750368110236224
11
6.6103072047244096
21
-4.0791970472440946
0
LINE
8
BLACK
6
CONTINUOUS
10
6.6103072047244096
20
-4.0791970472440946
11
6.6254117322834647
21
-4.0846946456692912
0
LINE
8
BLACK
6
CONTINUOUS
10
6.6254117322834647
20
-4.0846946456692912
11
6.6399796850393695
21
-4.0914877559055114
0
LINE
8
BLACK
6
CONTINUOUS
10
6.6399796850393695
20
-4.0914877559055114
11
6.6539000787401577
21
-4.0995247244094486
0
LINE
8
BLACK
6
CONTINUOUS
10
6.6539000787401577
20
-4.0995247244094486
11
6.6670670472440943
21
-4.1087443307086611
0
LINE
8
BLACK
6
CONTINUOUS
10
6.6670670472440943
20
-4.1087443307086611
11
6.6793803937007876
21
-4.1190764566929134
0
LINE
8
BLACK
6
CONTINUOUS
10
6.6793803937007876
20
-4.1190764566929134
11
6.6907463779527561
21
-4.1304424409448819
0
LINE
8
BLACK
6
CONTINUOUS
10
6.6907463779527561
20
-4.1304424409448819
11
6.7010785039370075
21
-4.1427557874015744
0
LINE
8
BLACK
6
CONTINUOUS
10
6.7010785039370075
20
-4.1427557874015744
11
6.71029811023622
21
-4.1559227559055119
0
LINE
8
BLACK
6
CONTINUOUS
10
6.71029811023622
20
-4.1559227559055119
11
6.7183350787401572
21
-4.1698431496062991
0
LINE
8
BLACK
6
CONTINUOUS
10
6.7183350787401572
20
-4.1698431496062991
11
6.7251281889763774
21
-4.1844111023622048
0
LINE
8
BLACK
6
CONTINUOUS
10
6.7251281889763774
20
-4.1844111023622048
11
6.7306257874015749
21
-4.1995156299212599
0
LINE
8
BLACK
6
CONTINUOUS
10
6.7306257874015749
20
-4.1995156299212599
11
6.7347860236220471
21
-4.2150418503937006
0
LINE
8
BLACK
6
CONTINUOUS
10
6.7347860236220471
20
-4.2150418503937006
11
6.7375772440944877
21
-4.2308715354330708
0
LINE
8
BLACK
6
CONTINUOUS
10
6.7375772440944877
20
-4.2308715354330708
11
6.738978188976378
21
-4.2468842913385823
0
LINE
8
BLACK
6
CONTINUOUS
10
6.738978188976378
20
-4.2468842913385823
11
6.738978188976378
21
-4.2629582283464567
0
LINE
8
BLACK
6
CONTINUOUS
10
6.738978188976378
20
-4.2629582283464567
11
6.7375772440944877
21
-4.2789709842519681
0
LINE
8
BLACK
6
CONTINUOUS
10
6.7375772440944877
20
-4.2789709842519681
11
6.7347860236220471
21
-4.2948006692913383
0
LINE
8
BLACK
6
CONTINUOUS
10
6.7347860236220471
20
-4.2948006692913383
11
6.7306257874015749
21
-4.3103268897637799
0
LINE
8
BLACK
6
CONTINUOUS
10
6.7306257874015749
20
-4.3103268897637799
11
6.7251281889763774
21
-4.325431417322835
0
LINE
8
BLACK
6
CONTINUOUS
10
6.7251281889763774
20
-4.325431417322835
11
6.7183350787401572
21
-4.3399993700787398
0
LINE
8
BLACK
6
CONTINUOUS
10
6.7183350787401572
20
-4.3399993700787398
11
6.71029811023622
21
-4.3539197637795271
0
LINE
8
BLACK
6
CONTINUOUS
10
6.71029811023622
20
-4.3539197637795271
11
6.7010785039370075
21
-4.3670867322834646
0
LINE
8
BLACK
6
CONTINUOUS
10
6.7010785039370075
20
-4.3670867322834646
11
6.6907463779527561
21
-4.379400078740157
0
LINE
8
BLACK
6
CONTINUOUS
10
6.6907463779527561
20
-4.379400078740157
11
6.6793803937007876
21
-4.3907660629921255
0
LINE
8
BLACK
6
CONTINUOUS
10
6.6793803937007876
20
-4.3907660629921255
11
6.6670670472440943
21
-4.4010981889763778
0
LINE
8
BLACK
6
CONTINUOUS
10
6.6670670472440943
20
-4.4010981889763778
11
6.6539000787401577
21
-4.4103177952755903
0
LINE
8
BLACK
6
CONTINUOUS
10
6.6539000787401577
20
-4.4103177952755903
11
6.6399796850393695
21
-4.4183547637795275
0
LINE
8
BLACK
6
CONTINUOUS
10
6.6399796850393695
20
-4.4183547637795275
11
6.6254117322834647
21
-4.4251478740157477
0
LINE
8
BLACK
6
CONTINUOUS
10
6.6254117322834647
20
-4.4251478740157477
11
6.6103072047244096
21
-4.4306454724409452
0
LINE
8
BLACK
6
CONTINUOUS
10
6.6103072047244096
20
-4.4306454724409452
11
6.594780984251968
21
-4.4348057086614174
0
LINE
8
BLACK
6
CONTINUOUS
10
6.594780984251968
20
-4.4348057086614174
11
6.5789512992125987
21
-4.4375969291338579
0
LINE
8
BLACK
6
CONTINUOUS
10
6.5789512992125987
20
-4.4375969291338579
11
6.5629385433070864
21
-4.4389978740157483
0
LINE
8
BLACK
6
CONTINUOUS
10
6.5629385433070864
20
-4.4389978740157483
11
6.5468646062992129
21
-4.4389978740157483
0
LINE
8
BLACK
6
CONTINUOUS
10
6.5468646062992129
20
-4.4389978740157483
11
6.5308518503937005
21
-4.4375969291338579
0
LINE
8
BLACK
6
CONTINUOUS
10
6.5308518503937005
20
-4.4375969291338579
11
6.5150221653543303
21
-4.4348057086614174
0
LINE
8
BLACK
6
CONTINUOUS
10
6.5150221653543303
20
-4.4348057086614174
11
6.4994959448818896
21
-4.4306454724409452
0
LINE
8
BLACK
6
CONTINUOUS
10
6.4994959448818896
20
-4.4306454724409452
11
6.4843914173228345
21
-4.4251478740157477
0
LINE
8
BLACK
6
CONTINUOUS
10
6.4843914173228345
20
-4.4251478740157477
11
6.4698234645669288
21
-4.4183547637795275
0
LINE
8
BLACK
6
CONTINUOUS
10
6.4698234645669288
20
-4.4183547637795275
11
6.4559030708661416
21
-4.4103177952755903
0
LINE
8
BLACK
6
CONTINUOUS
10
6.4559030708661416
20
-4.4103177952755903
11
6.442736102362205
21
-4.4010981889763778
0
LINE
8
BLACK
6
CONTINUOUS
10
6.442736102362205
20
-4.4010981889763778
11
6.4304227559055116
21
-4.3907660629921255
0
LINE
8
BLACK
6
CONTINUOUS
10
6.4304227559055116
20
-4.3907660629921255
11
6.4190567716535432
21
-4.379400078740157
0
LINE
8
BLACK
6
CONTINUOUS
10
6.4190567716535432
20
-4.379400078740157
11
6.4087246456692908
21
-4.3670867322834646
0
LINE
8
BLACK
6
CONTINUOUS
10
6.4087246456692908
20
-4.3670867322834646
11
6.3995050393700783
21
-4.3539197637795271
0
LINE
8
BLACK
6
CONTINUOUS
10
6.3995050393700783
20
-4.3539197637795271
11
6.391468070866142
21
-4.3399993700787398
0
LINE
8
BLACK
6
CONTINUOUS
10
6.391468070866142
20
-4.3399993700787398
11
6.3846749606299209
21
-4.325431417322835
0
LINE
8
BLACK
6
CONTINUOUS
10
6.3846749606299209
20
-4.325431417322835
11
6.3791773622047243
21
-4.3103268897637799
0
LINE
8
BLACK
6
CONTINUOUS
10
6.3791773622047243
20
-4.3103268897637799
11
6.3750171259842521
21
-4.2948006692913383
0
LINE
8
BLACK
6
CONTINUOUS
10
6.3750171259842521
20
-4.2948006692913383
11
6.3722259055118107
21
-4.2789709842519681
0
LINE
8
BLACK
6
CONTINUOUS
10
6.3722259055118107
20
-4.2789709842519681
11
6.3708249606299212
21
-4.2629582283464567
0
LINE
8
BLACK
6
CONTINUOUS
10
6.3708249606299212
20
-4.2629582283464567
11
6.3708249606299212
21
-4.2470829133858263
0
LINE
8
BLACK
6
CONTINUOUS
10
6.3708249606299212
20
-4.2470829133858263
11
6.3708249606299212
21
-4.2468842913385823
0
LINE
8
BLACK
6
CONTINUOUS
10
6.3708249606299212
20
-4.2468842913385823
11
6.3722259055118107
21
-4.2308715354330708
0
LINE
8
BLACK
6
CONTINUOUS
10
6.3722259055118107
20
-4.2308715354330708
11
6.3750171259842521
21
-4.2150418503937006
0
LINE
8
BLACK
6
CONTINUOUS
10
6.3750171259842521
20
-4.2150418503937006
11
6.3791773622047243
21
-4.1995156299212599
0
LINE
8
BLACK
6
CONTINUOUS
10
6.3791773622047243
20
-4.1995156299212599
11
6.3846749606299209
21
-4.1844111023622048
0
LINE
8
BLACK
6
CONTINUOUS
10
6.3846749606299209
20
-4.1844111023622048
11
6.391468070866142
21
-4.1698431496062991
0
LINE
8
BLACK
6
CONTINUOUS
10
6.391468070866142
20
-4.1698431496062991
11
6.3995050393700783
21
-4.1559227559055119
0
LINE
8
BLACK
6
CONTINUOUS
10
6.3995050393700783
20
-4.1559227559055119
11
6.4087246456692908
21
-4.1427557874015744
0
LINE
8
BLACK
6
CONTINUOUS
10
6.4087246456692908
20
-4.1427557874015744
11
6.4190567716535432
21
-4.1304424409448819
0
LINE
8
BLACK
6
CONTINUOUS
10
6.4190567716535432
20
-4.1304424409448819
11
6.4304227559055116
21
-4.1190764566929134
0
LINE
8
BLACK
6
CONTINUOUS
10
6.4304227559055116
20
-4.1190764566929134
11
6.442736102362205
21
-4.1087443307086611
0
LINE
8
BLACK
6
CONTINUOUS
10
6.442736102362205
20
-4.1087443307086611
11
6.4559030708661416
21
-4.0995247244094486
0
LINE
8
BLACK
6
CONTINUOUS
10
6.4559030708661416
20
-4.0995247244094486
11
6.4698234645669288
21
-4.0914877559055114
0
LINE
8
BLACK
6
CONTINUOUS
10
6.4698234645669288
20
-4.0914877559055114
11
6.4843914173228345
21
-4.0846946456692912
0
LINE
8
BLACK
6
CONTINUOUS
10
6.4843914173228345
20
-4.0846946456692912
11
6.4994959448818896
21
-4.0791970472440946
0
LINE
8
BLACK
6
CONTINUOUS
10
6.4994959448818896
20
-4.0791970472440946
11
6.5150221653543303
21
-4.0750368110236224
0
LINE
8
BLACK
6
CONTINUOUS
10
6.5150221653543303
20
-4.0750368110236224
11
6.5308518503937005
21
-4.072245590551181
0
LINE
8
BLACK
6
CONTINUOUS
10
6.5308518503937005
20
-4.072245590551181
11
6.5468646062992129
21
-4.0708446456692915
0
LINE
8
BLACK
6
CONTINUOUS
10
6.5468646062992129
20
-4.0708446456692915
11
6.5629385433070864
21
-4.0708446456692915
0
LINE
8
BLACK
6
CONTINUOUS
10
6.5629385433070864
20
-4.0708446456692915
11
6.5789512992125987
21
-4.072245590551181
0
LINE
8
BLACK
6
CONTINUOUS
10
6.3753740157480312
20
-4.2627596062992126
11
6.3767403543307086
21
-4.2783766141732285
0
LINE
8
BLACK
6
CONTINUOUS
10
6.3767403543307086
20
-4.2783766141732285
11
6.3794625590551179
21
-4.2938151574803145
0
LINE
8
BLACK
6
CONTINUOUS
10
6.3794625590551179
20
-4.2938151574803145
11
6.3835199999999999
21
-4.3089576771653544
0
LINE
8
BLACK
6
CONTINUOUS
10
6.3835199999999999
20
-4.3089576771653544
11
6.3888817322834646
21
-4.3236889370078737
0
LINE
8
BLACK
6
CONTINUOUS
10
6.3888817322834646
20
-4.3236889370078737
11
6.3955069685039367
21
-4.337896850393701
0
LINE
8
BLACK
6
CONTINUOUS
10
6.3955069685039367
20
-4.337896850393701
11
6.4033453149606299
21
-4.3514732283464568
0
LINE
8
BLACK
6
CONTINUOUS
10
6.4033453149606299
20
-4.3514732283464568
11
6.4123370866141727
21
-4.3643148425196854
0
LINE
8
BLACK
6
CONTINUOUS
10
6.4123370866141727
20
-4.3643148425196854
11
6.4224138976377949
21
-4.3763238582677166
0
LINE
8
BLACK
6
CONTINUOUS
10
6.4224138976377949
20
-4.3763238582677166
11
6.4334989763779529
21
-4.3874089370078737
0
LINE
8
BLACK
6
CONTINUOUS
10
6.4334989763779529
20
-4.3874089370078737
11
6.4455079921259841
21
-4.3974857480314959
0
LINE
8
BLACK
6
CONTINUOUS
10
6.4455079921259841
20
-4.3974857480314959
11
6.4583496062992127
21
-4.4064775196850396
0
LINE
8
BLACK
6
CONTINUOUS
10
6.4583496062992127
20
-4.4064775196850396
11
6.4719259842519685
21
-4.4143158661417319
0
LINE
8
BLACK
6
CONTINUOUS
10
6.4719259842519685
20
-4.4143158661417319
11
6.4861338976377949
21
-4.4209411023622049
0
LINE
8
BLACK
6
CONTINUOUS
10
6.4861338976377949
20
-4.4209411023622049
11
6.5008651574803151
21
-4.4263028346456688
0
LINE
8
BLACK
6
CONTINUOUS
10
6.5008651574803151
20
-4.4263028346456688
11
6.5160076771653541
21
-4.4303602755905507
0
LINE
8
BLACK
6
CONTINUOUS
10
6.5160076771653541
20
-4.4303602755905507
11
6.5314462204724411
21
-4.4330824803149609
0
LINE
8
BLACK
6
CONTINUOUS
10
6.5314462204724411
20
-4.4330824803149609
11
6.5470632283464569
21
-4.4344488188976374
0
LINE
8
BLACK
6
CONTINUOUS
10
6.5470632283464569
20
-4.4344488188976374
11
6.5627399212598423
21
-4.4344488188976374
0
LINE
8
BLACK
6
CONTINUOUS
10
6.5627399212598423
20
-4.4344488188976374
11
6.5783569291338582
21
-4.4330824803149609
0
LINE
8
BLACK
6
CONTINUOUS
10
6.5783569291338582
20
-4.4330824803149609
11
6.5937954724409451
21
-4.4303602755905507
0
LINE
8
BLACK
6
CONTINUOUS
10
6.5937954724409451
20
-4.4303602755905507
11
6.6089379921259841
21
-4.4263028346456688
0
LINE
8
BLACK
6
CONTINUOUS
10
6.6089379921259841
20
-4.4263028346456688
11
6.6236692519685034
21
-4.4209411023622049
0
LINE
8
BLACK
6
CONTINUOUS
10
6.6236692519685034
20
-4.4209411023622049
11
6.6378771653543307
21
-4.4143158661417319
0
LINE
8
BLACK
6
CONTINUOUS
10
6.6378771653543307
20
-4.4143158661417319
11
6.6514535433070865
21
-4.4064775196850396
0
LINE
8
BLACK
6
CONTINUOUS
10
6.6514535433070865
20
-4.4064775196850396
11
6.6642951574803151
21
-4.3974857480314959
0
LINE
8
BLACK
6
CONTINUOUS
10
6.6642951574803151
20
-4.3974857480314959
11
6.6763041732283464
21
-4.3874089370078737
0
LINE
8
BLACK
6
CONTINUOUS
10
6.6763041732283464
20
-4.3874089370078737
11
6.6873892519685034
21
-4.3763238582677166
0
LINE
8
BLACK
6
CONTINUOUS
10
6.6873892519685034
20
-4.3763238582677166
11
6.6974660629921257
21
-4.3643148425196854
0
LINE
8
BLACK
6
CONTINUOUS
10
6.6974660629921257
20
-4.3643148425196854
11
6.7064578346456694
21
-4.3514732283464568
0
LINE
8
BLACK
6
CONTINUOUS
10
6.7064578346456694
20
-4.3514732283464568
11
6.7142961811023625
21
-4.337896850393701
0
LINE
8
BLACK
6
CONTINUOUS
10
6.7142961811023625
20
-4.337896850393701
11
6.7209214173228347
21
-4.3236889370078737
0
LINE
8
BLACK
6
CONTINUOUS
10
6.7209214173228347
20
-4.3236889370078737
11
6.7262831496062994
21
-4.3089576771653544
0
LINE
8
BLACK
6
CONTINUOUS
10
6.7262831496062994
20
-4.3089576771653544
11
6.7303405905511813
21
-4.2938151574803145
0
LINE
8
BLACK
6
CONTINUOUS
10
6.7303405905511813
20
-4.2938151574803145
11
6.7330627952755906
21
-4.2783766141732285
0
LINE
8
BLACK
6
CONTINUOUS
10
6.7330627952755906
20
-4.2783766141732285
11
6.7344291338582671
21
-4.2627596062992126
0
LINE
8
BLACK
6
CONTINUOUS
10
6.7344291338582671
20
-4.2627596062992126
11
6.7344291338582671
21
-4.2470829133858263
0
LINE
8
BLACK
6
CONTINUOUS
10
6.7344291338582671
20
-4.2470829133858263
11
6.7330627952755906
21
-4.2314659055118113
0
LINE
8
BLACK
6
CONTINUOUS
10
6.7330627952755906
20
-4.2314659055118113
11
6.7303405905511813
21
-4.2160273622047244
0
LINE
8
BLACK
6
CONTINUOUS
10
6.7303405905511813
20
-4.2160273622047244
11
6.7262831496062994
21
-4.2008848425196845
0
LINE
8
BLACK
6
CONTINUOUS
10
6.7262831496062994
20
-4.2008848425196845
11
6.7209214173228347
21
-4.1861535826771652
0
LINE
8
BLACK
6
CONTINUOUS
10
6.7209214173228347
20
-4.1861535826771652
11
6.7142961811023625
21
-4.1719456692913388
0
LINE
8
BLACK
6
CONTINUOUS
10
6.7142961811023625
20
-4.1719456692913388
11
6.7064578346456694
21
-4.158369291338583
0
LINE
8
BLACK
6
CONTINUOUS
10
6.7064578346456694
20
-4.158369291338583
11
6.6974660629921257
21
-4.1455276771653544
0
LINE
8
BLACK
6
CONTINUOUS
10
6.6974660629921257
20
-4.1455276771653544
11
6.6873892519685034
21
-4.1335186614173232
0
LINE
8
BLACK
6
CONTINUOUS
10
6.6873892519685034
20
-4.1335186614173232
11
6.6763041732283464
21
-4.1224335826771652
0
LINE
8
BLACK
6
CONTINUOUS
10
6.6763041732283464
20
-4.1224335826771652
11
6.6642951574803151
21
-4.112356771653543
0
LINE
8
BLACK
6
CONTINUOUS
10
6.6642951574803151
20
-4.112356771653543
11
6.6514535433070865
21
-4.1033650000000002
0
LINE
8
BLACK
6
CONTINUOUS
10
6.6514535433070865
20
-4.1033650000000002
11
6.6378771653543307
21
-4.095526653543307
0
LINE
8
BLACK
6
CONTINUOUS
10
6.6378771653543307
20
-4.095526653543307
11
6.6236692519685034
21
-4.0889014173228349
0
LINE
8
BLACK
6
CONTINUOUS
10
6.6236692519685034
20
-4.0889014173228349
11
6.6089379921259841
21
-4.0835396850393701
0
LINE
8
BLACK
6
CONTINUOUS
10
6.6089379921259841
20
-4.0835396850393701
11
6.5937954724409451
21
-4.0794822440944882
0
LINE
8
BLACK
6
CONTINUOUS
10
6.5937954724409451
20
-4.0794822440944882
11
6.5783569291338582
21
-4.0767600393700789
0
LINE
8
BLACK
6
CONTINUOUS
10
6.5783569291338582
20
-4.0767600393700789
11
6.5627399212598423
21
-4.0753937007874015
0
LINE
8
BLACK
6
CONTINUOUS
10
6.5627399212598423
20
-4.0753937007874015
11
6.5470632283464569
21
-4.0753937007874015
0
LINE
8
BLACK
6
CONTINUOUS
10
6.5470632283464569
20
-4.0753937007874015
11
6.5314462204724411
21
-4.0767600393700789
0
LINE
8
BLACK
6
CONTINUOUS
10
6.5314462204724411
20
-4.0767600393700789
11
6.5160076771653541
21
-4.0794822440944882
0
LINE
8
BLACK
6
CONTINUOUS
10
6.5160076771653541
20
-4.0794822440944882
11
6.5008651574803151
21
-4.0835396850393701
0
LINE
8
BLACK
6
CONTINUOUS
10
6.5008651574803151
20
-4.0835396850393701
11
6.4861338976377949
21
-4.0889014173228349
0
LINE
8
BLACK
6
CONTINUOUS
10
6.4861338976377949
20
-4.0889014173228349
11
6.4719259842519685
21
-4.095526653543307
0
LINE
8
BLACK
6
CONTINUOUS
10
6.4719259842519685
20
-4.095526653543307
11
6.4583496062992127
21
-4.1033650000000002
0
LINE
8
BLACK
6
CONTINUOUS
10
6.4583496062992127
20
-4.1033650000000002
11
6.4455079921259841
21
-4.112356771653543
0
LINE
8
BLACK
6
CONTINUOUS
10
6.4455079921259841
20
-4.112356771653543
11
6.4334989763779529
21
-4.1224335826771652
0
LINE
8
BLACK
6
CONTINUOUS
10
6.4334989763779529
20
-4.1224335826771652
11
6.4224138976377949
21
-4.1335186614173232
0
LINE
8
BLACK
6
CONTINUOUS
10
6.4224138976377949
20
-4.1335186614173232
11
6.4123370866141727
21
-4.1455276771653544
0
LINE
8
BLACK
6
CONTINUOUS
10
6.4123370866141727
20
-4.1455276771653544
11
6.4033453149606299
21
-4.158369291338583
0
LINE
8
BLACK
6
CONTINUOUS
10
6.4033453149606299
20
-4.158369291338583
11
6.3955069685039367
21
-4.1719456692913388
0
LINE
8
BLACK
6
CONTINUOUS
10
6.3955069685039367
20
-4.1719456692913388
11
6.3888817322834646
21
-4.1861535826771652
0
LINE
8
BLACK
6
CONTINUOUS
10
6.3888817322834646
20
-4.1861535826771652
11
6.3835199999999999
21
-4.2008848425196845
0
LINE
8
BLACK
6
CONTINUOUS
10
6.3835199999999999
20
-4.2008848425196845
11
6.3794625590551179
21
-4.2160273622047244
0
LINE
8
BLACK
6
CONTINUOUS
10
6.3794625590551179
20
-4.2160273622047244
11
6.3767403543307086
21
-4.2314659055118113
0
LINE
8
BLACK
6
CONTINUOUS
10
6.3767403543307086
20
-4.2314659055118113
11
6.3753740157480312
21
-4.2470829133858263
0
LINE
8
BLACK
6
CONTINUOUS
10
6.3753740157480312
20
-4.2470829133858263
11
6.3753740157480312
21
-4.2627596062992126
0
LINE
8
BLACK
6
CONTINUOUS
10
6.305477637795275
20
-4.4200252362204724
11
6.3065420472440943
21
-4.420466141732283
0
LINE
8
BLACK
6
CONTINUOUS
10
6.3065420472440943
20
-4.420466141732283
11
6.3073566929133857
21
-4.4212807874015745
0
LINE
8
BLACK
6
CONTINUOUS
10
6.3073566929133857
20
-4.4212807874015745
11
6.3077975984251964
21
-4.4223451968503937
0
LINE
8
BLACK
6
CONTINUOUS
10
6.3077975984251964
20
-4.4223451968503937
11
6.3077975984251964
21
-4.4234973228346455
0
LINE
8
BLACK
6
CONTINUOUS
10
6.3077975984251964
20
-4.4234973228346455
11
6.3073566929133857
21
-4.4245617322834647
0
LINE
8
BLACK
6
CONTINUOUS
10
6.3073566929133857
20
-4.4245617322834647
11
6.3065420472440943
21
-4.4253763779527562
0
LINE
8
BLACK
6
CONTINUOUS
10
6.3065420472440943
20
-4.4253763779527562
11
6.305477637795275
21
-4.4258172834645668
0
LINE
8
BLACK
6
CONTINUOUS
10
6.305477637795275
20
-4.4258172834645668
11
6.3049015748031492
21
-4.4258740157480316
0
LINE
8
BLACK
6
CONTINUOUS
10
6.3049015748031492
20
-4.4258740157480316
11
6.2449015748031496
21
-4.4258740157480316
0
LINE
8
BLACK
6
CONTINUOUS
10
6.2449015748031496
20
-4.4258740157480316
11
6.2443255118110237
21
-4.4258172834645668
0
LINE
8
BLACK
6
CONTINUOUS
10
6.2443255118110237
20
-4.4258172834645668
11
6.2432611023622044
21
-4.4253763779527562
0
LINE
8
BLACK
6
CONTINUOUS
10
6.2432611023622044
20
-4.4253763779527562
11
6.242446456692913
21
-4.4245617322834647
0
LINE
8
BLACK
6
CONTINUOUS
10
6.242446456692913
20
-4.4245617322834647
11
6.2420055511811023
21
-4.4234973228346455
0
LINE
8
BLACK
6
CONTINUOUS
10
6.2420055511811023
20
-4.4234973228346455
11
6.2420055511811023
21
-4.4223451968503937
0
LINE
8
BLACK
6
CONTINUOUS
10
6.2420055511811023
20
-4.4223451968503937
11
6.242446456692913
21
-4.4212807874015745
0
LINE
8
BLACK
6
CONTINUOUS
10
6.242446456692913
20
-4.4212807874015745
11
6.2432611023622044
21
-4.420466141732283
0
LINE
8
BLACK
6
CONTINUOUS
10
6.2432611023622044
20
-4.420466141732283
11
6.2443255118110237
21
-4.4200252362204724
0
LINE
8
BLACK
6
CONTINUOUS
10
6.2443255118110237
20
-4.4200252362204724
11
6.2449015748031496
21
-4.4199685039370076
0
LINE
8
BLACK
6
CONTINUOUS
10
6.2449015748031496
20
-4.4199685039370076
11
6.3049015748031492
21
-4.4199685039370076
0
LINE
8
BLACK
6
CONTINUOUS
10
6.3049015748031492
20
-4.4199685039370076
11
6.305477637795275
21
-4.4200252362204724
0
LINE
8
BLACK
6
CONTINUOUS
10
6.4153838976377955
20
-4.3922187007874012
11
6.4164483070866138
21
-4.3926596062992127
0
LINE
8
BLACK
6
CONTINUOUS
10
6.4164483070866138
20
-4.3926596062992127
11
6.4172629527559053
21
-4.3934742519685042
0
LINE
8
BLACK
6
CONTINUOUS
10
6.4172629527559053
20
-4.3934742519685042
11
6.4177038582677168
21
-4.3945386614173225
0
LINE
8
BLACK
6
CONTINUOUS
10
6.4177038582677168
20
-4.3945386614173225
11
6.4177605905511808
21
-4.3951147244094484
0
LINE
8
BLACK
6
CONTINUOUS
10
6.4177605905511808
20
-4.3951147244094484
11
6.4177605905511808
21
-4.4101128346456688
0
LINE
8
BLACK
6
CONTINUOUS
10
6.4177605905511808
20
-4.4101128346456688
11
6.4177038582677168
21
-4.4106888976377956
0
LINE
8
BLACK
6
CONTINUOUS
10
6.4177038582677168
20
-4.4106888976377956
11
6.4176632677165353
21
-4.4107868503937011
0
LINE
8
BLACK
6
CONTINUOUS
10
6.4176632677165353
20
-4.4107868503937011
11
6.4176557480314962
21
-4.410892755905512
0
LINE
8
BLACK
6
CONTINUOUS
10
6.4176557480314962
20
-4.410892755905512
11
6.4174488582677167
21
-4.4114333464566924
0
LINE
8
BLACK
6
CONTINUOUS
10
6.4174488582677167
20
-4.4114333464566924
11
6.4155740944881892
21
-4.4151828740157475
0
LINE
8
BLACK
6
CONTINUOUS
10
6.4155740944881892
20
-4.4151828740157475
11
6.4154179921259837
21
-4.4154308661417323
0
LINE
8
BLACK
6
CONTINUOUS
10
6.4154179921259837
20
-4.4154308661417323
11
6.4153881889763777
21
-4.4155028346456691
0
LINE
8
BLACK
6
CONTINUOUS
10
6.4153881889763777
20
-4.4155028346456691
11
6.4153217322834646
21
-4.4155837795275588
0
LINE
8
BLACK
6
CONTINUOUS
10
6.4153217322834646
20
-4.4155837795275588
11
6.4152657480314961
21
-4.4156727559055113
0
LINE
8
BLACK
6
CONTINUOUS
10
6.4152657480314961
20
-4.4156727559055113
11
6.4152066929133857
21
-4.4157239370078738
0
LINE
8
BLACK
6
CONTINUOUS
10
6.4152066929133857
20
-4.4157239370078738
11
6.4150209448818893
21
-4.4159503149606296
0
LINE
8
BLACK
6
CONTINUOUS
10
6.4150209448818893
20
-4.4159503149606296
11
6.413146141732283
21
-4.4178250787401572
0
LINE
8
BLACK
6
CONTINUOUS
10
6.413146141732283
20
-4.4178250787401572
11
6.412919803149606
21
-4.4180107874015748
0
LINE
8
BLACK
6
CONTINUOUS
10
6.412919803149606
20
-4.4180107874015748
11
6.4128686614173223
21
-4.4180698031496064
0
LINE
8
BLACK
6
CONTINUOUS
10
6.4128686614173223
20
-4.4180698031496064
11
6.4127797244094484
21
-4.4181257480314962
0
LINE
8
BLACK
6
CONTINUOUS
10
6.4127797244094484
20
-4.4181257480314962
11
6.4126987007874012
21
-4.4181922834645668
0
LINE
8
BLACK
6
CONTINUOUS
10
6.4126987007874012
20
-4.4181922834645668
11
6.412626653543307
21
-4.4182220866141728
0
LINE
8
BLACK
6
CONTINUOUS
10
6.412626653543307
20
-4.4182220866141728
11
6.4123787795275593
21
-4.4183781496062995
0
LINE
8
BLACK
6
CONTINUOUS
10
6.4123787795275593
20
-4.4183781496062995
11
6.4086292519685042
21
-4.420252913385827
0
LINE
8
BLACK
6
CONTINUOUS
10
6.4086292519685042
20
-4.420252913385827
11
6.4080886220472442
21
-4.4204598031496065
0
LINE
8
BLACK
6
CONTINUOUS
10
6.4080886220472442
20
-4.4204598031496065
11
6.4079827952755908
21
-4.4204672834645669
0
LINE
8
BLACK
6
CONTINUOUS
10
6.4079827952755908
20
-4.4204672834645669
11
6.4078848031496065
21
-4.4205079133858263
0
LINE
8
BLACK
6
CONTINUOUS
10
6.4078848031496065
20
-4.4205079133858263
11
6.4073087401574798
21
-4.4205646456692911
0
LINE
8
BLACK
6
CONTINUOUS
10
6.4073087401574798
20
-4.4205646456692911
11
6.4016844488188971
21
-4.4205646456692911
0
LINE
8
BLACK
6
CONTINUOUS
10
6.4016844488188971
20
-4.4205646456692911
11
6.4011083858267712
21
-4.4205079133858263
0
LINE
8
BLACK
6
CONTINUOUS
10
6.4011083858267712
20
-4.4205079133858263
11
6.4010103937007869
21
-4.4204673228346456
0
LINE
8
BLACK
6
CONTINUOUS
10
6.4010103937007869
20
-4.4204673228346456
11
6.4009045275590548
21
-4.4204598031496065
0
LINE
8
BLACK
6
CONTINUOUS
10
6.4009045275590548
20
-4.4204598031496065
11
6.4003639370078735
21
-4.420252913385827
0
LINE
8
BLACK
6
CONTINUOUS
10
6.4003639370078735
20
-4.420252913385827
11
6.3966144094488184
21
-4.4183781496062995
0
LINE
8
BLACK
6
CONTINUOUS
10
6.3966144094488184
20
-4.4183781496062995
11
6.3963663779527558
21
-4.4182220472440941
0
LINE
8
BLACK
6
CONTINUOUS
10
6.3963663779527558
20
-4.4182220472440941
11
6.3962944488188977
21
-4.4181922440944881
0
LINE
8
BLACK
6
CONTINUOUS
10
6.3962944488188977
20
-4.4181922440944881
11
6.3962134645669293
21
-4.4181257480314962
0
LINE
8
BLACK
6
CONTINUOUS
10
6.3962134645669293
20
-4.4181257480314962
11
6.3961245275590546
21
-4.4180698031496064
0
LINE
8
BLACK
6
CONTINUOUS
10
6.3961245275590546
20
-4.4180698031496064
11
6.396073346456693
21
-4.4180107874015748
0
LINE
8
BLACK
6
CONTINUOUS
10
6.396073346456693
20
-4.4180107874015748
11
6.3958470078740159
21
-4.4178250393700784
0
LINE
8
BLACK
6
CONTINUOUS
10
6.3958470078740159
20
-4.4178250393700784
11
6.3939722440944884
21
-4.4159502755905509
0
LINE
8
BLACK
6
CONTINUOUS
10
6.3939722440944884
20
-4.4159502755905509
11
6.3936050393700787
21
-4.4155028346456691
0
LINE
8
BLACK
6
CONTINUOUS
10
6.3936050393700787
20
-4.4155028346456691
11
6.3935644094488184
21
-4.4154047637795273
0
LINE
8
BLACK
6
CONTINUOUS
10
6.3935644094488184
20
-4.4154047637795273
11
6.3934949212598422
21
-4.4153246456692914
0
LINE
8
BLACK
6
CONTINUOUS
10
6.3934949212598422
20
-4.4153246456692914
11
6.393388267716535
21
-4.4150857480314958
0
LINE
8
BLACK
6
CONTINUOUS
10
6.393388267716535
20
-4.4150857480314958
11
6.3925237795275587
21
-4.4159502755905509
0
LINE
8
BLACK
6
CONTINUOUS
10
6.3925237795275587
20
-4.4159502755905509
11
6.3922974015748029
21
-4.4161360236220473
0
LINE
8
BLACK
6
CONTINUOUS
10
6.3922974015748029
20
-4.4161360236220473
11
6.3922462598425192
21
-4.4161950393700788
0
LINE
8
BLACK
6
CONTINUOUS
10
6.3922462598425192
20
-4.4161950393700788
11
6.3921572834645666
21
-4.4162509842519686
0
LINE
8
BLACK
6
CONTINUOUS
10
6.3921572834645666
20
-4.4162509842519686
11
6.3920763385826769
21
-4.4163174803149605
0
LINE
8
BLACK
6
CONTINUOUS
10
6.3920763385826769
20
-4.4163174803149605
11
6.3920043700787401
21
-4.4163472834645665
0
LINE
8
BLACK
6
CONTINUOUS
10
6.3920043700787401
20
-4.4163472834645665
11
6.3917563779527562
21
-4.4165033858267719
0
LINE
8
BLACK
6
CONTINUOUS
10
6.3917563779527562
20
-4.4165033858267719
11
6.3880068503937011
21
-4.4183781496062995
0
LINE
8
BLACK
6
CONTINUOUS
10
6.3880068503937011
20
-4.4183781496062995
11
6.3874662204724411
21
-4.418585039370079
0
LINE
8
BLACK
6
CONTINUOUS
10
6.3874662204724411
20
-4.418585039370079
11
6.3873603937007877
21
-4.4185925196850393
0
LINE
8
BLACK
6
CONTINUOUS
10
6.3873603937007877
20
-4.4185925196850393
11
6.3872624015748034
21
-4.4186331496062987
0
LINE
8
BLACK
6
CONTINUOUS
10
6.3872624015748034
20
-4.4186331496062987
11
6.3866863385826766
21
-4.4186898818897635
0
LINE
8
BLACK
6
CONTINUOUS
10
6.3866863385826766
20
-4.4186898818897635
11
6.3829368110236215
21
-4.4186898818897635
0
LINE
8
BLACK
6
CONTINUOUS
10
6.3829368110236215
20
-4.4186898818897635
11
6.3823607480314957
21
-4.4186331496062987
0
LINE
8
BLACK
6
CONTINUOUS
10
6.3823607480314957
20
-4.4186331496062987
11
6.3822627559055114
21
-4.4185925590551181
0
LINE
8
BLACK
6
CONTINUOUS
10
6.3822627559055114
20
-4.4185925590551181
11
6.3821568897637793
21
-4.418585039370079
0
LINE
8
BLACK
6
CONTINUOUS
10
6.3821568897637793
20
-4.418585039370079
11
6.381616299212598
21
-4.4183781496062995
0
LINE
8
BLACK
6
CONTINUOUS
10
6.381616299212598
20
-4.4183781496062995
11
6.3778667716535429
21
-4.4165033858267719
0
LINE
8
BLACK
6
CONTINUOUS
10
6.3778667716535429
20
-4.4165033858267719
11
6.3776187401574802
21
-4.4163472834645665
0
LINE
8
BLACK
6
CONTINUOUS
10
6.3776187401574802
20
-4.4163472834645665
11
6.3775468110236222
21
-4.4163174803149605
0
LINE
8
BLACK
6
CONTINUOUS
10
6.3775468110236222
20
-4.4163174803149605
11
6.3774658267716537
21
-4.4162509842519686
0
LINE
8
BLACK
6
CONTINUOUS
10
6.3774658267716537
20
-4.4162509842519686
11
6.377376889763779
21
-4.4161950393700788
0
LINE
8
BLACK
6
CONTINUOUS
10
6.377376889763779
20
-4.4161950393700788
11
6.3773257086614175
21
-4.4161360236220473
0
LINE
8
BLACK
6
CONTINUOUS
10
6.3773257086614175
20
-4.4161360236220473
11
6.3770993700787404
21
-4.4159502755905509
0
LINE
8
BLACK
6
CONTINUOUS
10
6.3770993700787404
20
-4.4159502755905509
11
6.3752246062992128
21
-4.4140755118110233
0
LINE
8
BLACK
6
CONTINUOUS
10
6.3752246062992128
20
-4.4140755118110233
11
6.3750388188976377
21
-4.4138491338582675
0
LINE
8
BLACK
6
CONTINUOUS
10
6.3750388188976377
20
-4.4138491338582675
11
6.3749798425196849
21
-4.4137979921259838
0
LINE
8
BLACK
6
CONTINUOUS
10
6.3749798425196849
20
-4.4137979921259838
11
6.3749238582677163
21
-4.4137090157480312
0
LINE
8
BLACK
6
CONTINUOUS
10
6.3749238582677163
20
-4.4137090157480312
11
6.3748574015748032
21
-4.4136280708661415
0
LINE
8
BLACK
6
CONTINUOUS
10
6.3748574015748032
20
-4.4136280708661415
11
6.3748275590551176
21
-4.4135561023622047
0
LINE
8
BLACK
6
CONTINUOUS
10
6.3748275590551176
20
-4.4135561023622047
11
6.3746714960629918
21
-4.4133081102362199
0
LINE
8
BLACK
6
CONTINUOUS
10
6.3746714960629918
20
-4.4133081102362199
11
6.3727967322834642
21
-4.4095585826771648
0
LINE
8
BLACK
6
CONTINUOUS
10
6.3727967322834642
20
-4.4095585826771648
11
6.3725898425196847
21
-4.4090179527559057
0
LINE
8
BLACK
6
CONTINUOUS
10
6.3725898425196847
20
-4.4090179527559057
11
6.3725823228346457
21
-4.4089121259842523
0
LINE
8
BLACK
6
CONTINUOUS
10
6.3725823228346457
20
-4.4089121259842523
11
6.3725417322834641
21
-4.408814133858268
0
LINE
8
BLACK
6
CONTINUOUS
10
6.3725417322834641
20
-4.408814133858268
11
6.3724850000000002
21
-4.4082380708661413
0
LINE
8
BLACK
6
CONTINUOUS
10
6.3724850000000002
20
-4.4082380708661413
11
6.3724850000000002
21
-4.3951147244094484
0
LINE
8
BLACK
6
CONTINUOUS
10
6.3724850000000002
20
-4.3951147244094484
11
6.3725417322834641
21
-4.3945386614173225
0
LINE
8
BLACK
6
CONTINUOUS
10
6.3725417322834641
20
-4.3945386614173225
11
6.3729826377952756
21
-4.3934742519685042
0
LINE
8
BLACK
6
CONTINUOUS
10
6.3729826377952756
20
-4.3934742519685042
11
6.3737972834645671
21
-4.3926596062992127
0
LINE
8
BLACK
6
CONTINUOUS
10
6.3737972834645671
20
-4.3926596062992127
11
6.3748616929133854
21
-4.3922187007874012
0
LINE
8
BLACK
6
CONTINUOUS
10
6.3748616929133854
20
-4.3922187007874012
11
6.3754377559055113
21
-4.3921619685039373
0
LINE
8
BLACK
6
CONTINUOUS
10
6.3754377559055113
20
-4.3921619685039373
11
6.4148078346456687
21
-4.3921619685039373
0
LINE
8
BLACK
6
CONTINUOUS
10
6.4148078346456687
20
-4.3921619685039373
11
6.4153838976377955
21
-4.3922187007874012
0
LINE
8
BLACK
6
CONTINUOUS
10
6.3971381496062989
20
-4.4077588976377955
11
6.3986409448818895
21
-4.4122673228346452
0
LINE
8
BLACK
6
CONTINUOUS
10
6.3986409448818895
20
-4.4122673228346452
11
6.399684015748031
21
-4.4133103937007876
0
LINE
8
BLACK
6
CONTINUOUS
10
6.399684015748031
20
-4.4133103937007876
11
6.4023814960629917
21
-4.4146591338582679
0
LINE
8
BLACK
6
CONTINUOUS
10
6.4023814960629917
20
-4.4146591338582679
11
6.4066116929133861
21
-4.4146591338582679
0
LINE
8
BLACK
6
CONTINUOUS
10
6.4066116929133861
20
-4.4146591338582679
11
6.4093091732283467
21
-4.4133103543307088
0
LINE
8
BLACK
6
CONTINUOUS
10
6.4093091732283467
20
-4.4133103543307088
11
6.4105063385826773
21
-4.412113228346457
0
LINE
8
BLACK
6
CONTINUOUS
10
6.4105063385826773
20
-4.412113228346457
11
6.4118550787401576
21
-4.4094157874015751
0
LINE
8
BLACK
6
CONTINUOUS
10
6.4118550787401576
20
-4.4094157874015751
11
6.4118550787401576
21
-4.3980674803149604
0
LINE
8
BLACK
6
CONTINUOUS
10
6.4118550787401576
20
-4.3980674803149604
11
6.3971381496062989
21
-4.3980674803149604
0
LINE
8
BLACK
6
CONTINUOUS
10
6.3971381496062989
20
-4.3980674803149604
11
6.3971381496062989
21
-4.4077588976377955
0
LINE
8
BLACK
6
CONTINUOUS
10
6.3783905118110233
20
-4.4075410236220476
11
6.3797392519685037
21
-4.4102385039370073
0
LINE
8
BLACK
6
CONTINUOUS
10
6.3797392519685037
20
-4.4102385039370073
11
6.3809363779527555
21
-4.41143562992126
0
LINE
8
BLACK
6
CONTINUOUS
10
6.3809363779527555
20
-4.41143562992126
11
6.3836338582677161
21
-4.4127843700787404
0
LINE
8
BLACK
6
CONTINUOUS
10
6.3836338582677161
20
-4.4127843700787404
11
6.385989291338583
21
-4.4127843700787404
0
LINE
8
BLACK
6
CONTINUOUS
10
6.385989291338583
20
-4.4127843700787404
11
6.3886867716535436
21
-4.41143562992126
0
LINE
8
BLACK
6
CONTINUOUS
10
6.3886867716535436
20
-4.41143562992126
11
6.3898838976377954
21
-4.4102385039370073
0
LINE
8
BLACK
6
CONTINUOUS
10
6.3898838976377954
20
-4.4102385039370073
11
6.3912326377952757
21
-4.4075410236220476
0
LINE
8
BLACK
6
CONTINUOUS
10
6.3912326377952757
20
-4.4075410236220476
11
6.3912326377952757
21
-4.3980674803149604
0
LINE
8
BLACK
6
CONTINUOUS
10
6.3912326377952757
20
-4.3980674803149604
11
6.3783905118110233
21
-4.3980674803149604
0
LINE
8
BLACK
6
CONTINUOUS
10
6.3783905118110233
20
-4.3980674803149604
11
6.3783905118110233
21
-4.4075410236220476
0
LINE
8
BLACK
6
CONTINUOUS
10
6.7240170866141726
20
-4.3673892913385828
11
6.7248317322834641
21
-4.3682039370078742
0
LINE
8
BLACK
6
CONTINUOUS
10
6.7248317322834641
20
-4.3682039370078742
11
6.7252726377952756
21
-4.3692683464566926
0
LINE
8
BLACK
6
CONTINUOUS
10
6.7252726377952756
20
-4.3692683464566926
11
6.7253293700787404
21
-4.3698444094488185
0
LINE
8
BLACK
6
CONTINUOUS
10
6.7253293700787404
20
-4.3698444094488185
11
6.7253293700787404
21
-4.3818897637795278
0
LINE
8
BLACK
6
CONTINUOUS
10
6.7253293700787404
20
-4.3818897637795278
11
6.7373747637795276
21
-4.3818897637795278
0
LINE
8
BLACK
6
CONTINUOUS
10
6.7373747637795276
20
-4.3818897637795278
11
6.7379508267716535
21
-4.3819464960629917
0
LINE
8
BLACK
6
CONTINUOUS
10
6.7379508267716535
20
-4.3819464960629917
11
6.7390152362204727
21
-4.3823874015748032
0
LINE
8
BLACK
6
CONTINUOUS
10
6.7390152362204727
20
-4.3823874015748032
11
6.7398298818897633
21
-4.3832020472440947
0
LINE
8
BLACK
6
CONTINUOUS
10
6.7398298818897633
20
-4.3832020472440947
11
6.7402707874015748
21
-4.384266456692913
0
LINE
8
BLACK
6
CONTINUOUS
10
6.7402707874015748
20
-4.384266456692913
11
6.7402707874015748
21
-4.3854185826771657
0
LINE
8
BLACK
6
CONTINUOUS
10
6.7402707874015748
20
-4.3854185826771657
11
6.7398298818897633
21
-4.386482992125984
0
LINE
8
BLACK
6
CONTINUOUS
10
6.7398298818897633
20
-4.386482992125984
11
6.7390152362204727
21
-4.3872976377952755
0
LINE
8
BLACK
6
CONTINUOUS
10
6.7390152362204727
20
-4.3872976377952755
11
6.7379508267716535
21
-4.3877385433070861
0
LINE
8
BLACK
6
CONTINUOUS
10
6.7379508267716535
20
-4.3877385433070861
11
6.7373747637795276
21
-4.3877952755905509
0
LINE
8
BLACK
6
CONTINUOUS
10
6.7373747637795276
20
-4.3877952755905509
11
6.7253293700787404
21
-4.3877952755905509
0
LINE
8
BLACK
6
CONTINUOUS
10
6.7253293700787404
20
-4.3877952755905509
11
6.7253293700787404
21
-4.3998406692913381
0
LINE
8
BLACK
6
CONTINUOUS
10
6.7253293700787404
20
-4.3998406692913381
11
6.7252726377952756
21
-4.4004167322834649
0
LINE
8
BLACK
6
CONTINUOUS
10
6.7252726377952756
20
-4.4004167322834649
11
6.7248317322834641
21
-4.4014811417322832
0
LINE
8
BLACK
6
CONTINUOUS
10
6.7248317322834641
20
-4.4014811417322832
11
6.7240170866141726
21
-4.4022957874015747
0
LINE
8
BLACK
6
CONTINUOUS
10
6.7240170866141726
20
-4.4022957874015747
11
6.7229526771653543
21
-4.4027366929133853
0
LINE
8
BLACK
6
CONTINUOUS
10
6.7229526771653543
20
-4.4027366929133853
11
6.7218005511811025
21
-4.4027366929133853
0
LINE
8
BLACK
6
CONTINUOUS
10
6.7218005511811025
20
-4.4027366929133853
11
6.7207361417322833
21
-4.4022957874015747
0
LINE
8
BLACK
6
CONTINUOUS
10
6.7207361417322833
20
-4.4022957874015747
11
6.7199214960629918
21
-4.4014811417322832
0
LINE
8
BLACK
6
CONTINUOUS
10
6.7199214960629918
20
-4.4014811417322832
11
6.7194805905511812
21
-4.4004167322834649
0
LINE
8
BLACK
6
CONTINUOUS
10
6.7194805905511812
20
-4.4004167322834649
11
6.7194238582677164
21
-4.3998406692913381
0
LINE
8
BLACK
6
CONTINUOUS
10
6.7194238582677164
20
-4.3998406692913381
11
6.7194238582677164
21
-4.3877952755905509
0
LINE
8
BLACK
6
CONTINUOUS
10
6.7194238582677164
20
-4.3877952755905509
11
6.707378503937008
21
-4.3877952755905509
0
LINE
8
BLACK
6
CONTINUOUS
10
6.707378503937008
20
-4.3877952755905509
11
6.7068024409448821
21
-4.3877385433070861
0
LINE
8
BLACK
6
CONTINUOUS
10
6.7068024409448821
20
-4.3877385433070861
11
6.7057380314960628
21
-4.3872976377952755
0
LINE
8
BLACK
6
CONTINUOUS
10
6.7057380314960628
20
-4.3872976377952755
11
6.7049233858267714
21
-4.386482992125984
0
LINE
8
BLACK
6
CONTINUOUS
10
6.7049233858267714
20
-4.386482992125984
11
6.7044824803149607
21
-4.3854185826771657
0
LINE
8
BLACK
6
CONTINUOUS
10
6.7044824803149607
20
-4.3854185826771657
11
6.7044824803149607
21
-4.384266456692913
0
LINE
8
BLACK
6
CONTINUOUS
10
6.7044824803149607
20
-4.384266456692913
11
6.7049233858267714
21
-4.3832020472440947
0
LINE
8
BLACK
6
CONTINUOUS
10
6.7049233858267714
20
-4.3832020472440947
11
6.7057380314960628
21
-4.3823874015748032
0
LINE
8
BLACK
6
CONTINUOUS
10
6.7057380314960628
20
-4.3823874015748032
11
6.7068024409448821
21
-4.3819464960629917
0
LINE
8
BLACK
6
CONTINUOUS
10
6.7068024409448821
20
-4.3819464960629917
11
6.707378503937008
21
-4.3818897637795278
0
LINE
8
BLACK
6
CONTINUOUS
10
6.707378503937008
20
-4.3818897637795278
11
6.7194238582677164
21
-4.3818897637795278
0
LINE
8
BLACK
6
CONTINUOUS
10
6.7194238582677164
20
-4.3818897637795278
11
6.7194238582677164
21
-4.3698444094488185
0
LINE
8
BLACK
6
CONTINUOUS
10
6.7194238582677164
20
-4.3698444094488185
11
6.7194805905511812
21
-4.3692683464566926
0
LINE
8
BLACK
6
CONTINUOUS
10
6.7194805905511812
20
-4.3692683464566926
11
6.7199214960629918
21
-4.3682039370078742
0
LINE
8
BLACK
6
CONTINUOUS
10
6.7199214960629918
20
-4.3682039370078742
11
6.7207361417322833
21
-4.3673892913385828
0
LINE
8
BLACK
6
CONTINUOUS
10
6.7207361417322833
20
-4.3673892913385828
11
6.7218005511811025
21
-4.3669483858267713
0
LINE
8
BLACK
6
CONTINUOUS
10
6.7218005511811025
20
-4.3669483858267713
11
6.7229526771653543
21
-4.3669483858267713
0
LINE
8
BLACK
6
CONTINUOUS
10
6.7229526771653543
20
-4.3669483858267713
11
6.7240170866141726
21
-4.3673892913385828
0
LINE
8
BLACK
6
CONTINUOUS
10
5.9745214173228343
20
-4.3262888976377951
11
5.9753360629921257
21
-4.3271035433070866
0
LINE
8
BLACK
6
CONTINUOUS
10
5.9753360629921257
20
-4.3271035433070866
11
5.9757769685039372
21
-4.3281679527559058
0
LINE
8
BLACK
6
CONTINUOUS
10
5.9757769685039372
20
-4.3281679527559058
11
5.9758337007874012
21
-4.3287440157480317
0
LINE
8
BLACK
6
CONTINUOUS
10
5.9758337007874012
20
-4.3287440157480317
11
5.9758337007874012
21
-4.3887440157480313
0
LINE
8
BLACK
6
CONTINUOUS
10
5.9758337007874012
20
-4.3887440157480313
11
5.9757769685039372
21
-4.3893200787401572
0
LINE
8
BLACK
6
CONTINUOUS
10
5.9757769685039372
20
-4.3893200787401572
11
5.9753360629921257
21
-4.3903844881889764
0
LINE
8
BLACK
6
CONTINUOUS
10
5.9753360629921257
20
-4.3903844881889764
11
5.9745214173228343
21
-4.3911991338582679
0
LINE
8
BLACK
6
CONTINUOUS
10
5.9745214173228343
20
-4.3911991338582679
11
5.9734570078740159
21
-4.3916400393700785
0
LINE
8
BLACK
6
CONTINUOUS
10
5.9734570078740159
20
-4.3916400393700785
11
5.9723048818897633
21
-4.3916400393700785
0
LINE
8
BLACK
6
CONTINUOUS
10
5.9723048818897633
20
-4.3916400393700785
11
5.9712404724409449
21
-4.3911991338582679
0
LINE
8
BLACK
6
CONTINUOUS
10
5.9712404724409449
20
-4.3911991338582679
11
5.9704258267716535
21
-4.3903844881889764
0
LINE
8
BLACK
6
CONTINUOUS
10
5.9704258267716535
20
-4.3903844881889764
11
5.9699849212598428
21
-4.3893200787401572
0
LINE
8
BLACK
6
CONTINUOUS
10
5.9699849212598428
20
-4.3893200787401572
11
5.969928188976378
21
-4.3887440157480313
0
LINE
8
BLACK
6
CONTINUOUS
10
5.969928188976378
20
-4.3887440157480313
11
5.969928188976378
21
-4.3287440157480317
0
LINE
8
BLACK
6
CONTINUOUS
10
5.969928188976378
20
-4.3287440157480317
11
5.9699849212598428
21
-4.3281679527559058
0
LINE
8
BLACK
6
CONTINUOUS
10
5.9699849212598428
20
-4.3281679527559058
11
5.9704258267716535
21
-4.3271035433070866
0
LINE
8
BLACK
6
CONTINUOUS
10
5.9704258267716535
20
-4.3271035433070866
11
5.9712404724409449
21
-4.3262888976377951
0
LINE
8
BLACK
6
CONTINUOUS
10
5.9712404724409449
20
-4.3262888976377951
11
5.9723048818897633
21
-4.3258479921259845
0
LINE
8
BLACK
6
CONTINUOUS
10
5.9723048818897633
20
-4.3258479921259845
11
5.9734570078740159
21
-4.3258479921259845
0
LINE
8
BLACK
6
CONTINUOUS
10
5.9734570078740159
20
-4.3258479921259845
11
5.9745214173228343
21
-4.3262888976377951
0
LINE
8
BLACK
6
CONTINUOUS
10
6.0945214173228344
20
-4.3262888976377951
11
6.0953360629921258
21
-4.3271035433070866
0
LINE
8
BLACK
6
CONTINUOUS
10
6.0953360629921258
20
-4.3271035433070866
11
6.0957769685039365
21
-4.3281679527559058
0
LINE
8
BLACK
6
CONTINUOUS
10
6.0957769685039365
20
-4.3281679527559058
11
6.0958337007874013
21
-4.3287440157480317
0
LINE
8
BLACK
6
CONTINUOUS
10
6.0958337007874013
20
-4.3287440157480317
11
6.0958337007874013
21
-4.3887440157480313
0
LINE
8
BLACK
6
CONTINUOUS
10
6.0958337007874013
20
-4.3887440157480313
11
6.0957769685039365
21
-4.3893200787401572
0
LINE
8
BLACK
6
CONTINUOUS
10
6.0957769685039365
20
-4.3893200787401572
11
6.0953360629921258
21
-4.3903844881889764
0
LINE
8
BLACK
6
CONTINUOUS
10
6.0953360629921258
20
-4.3903844881889764
11
6.0945214173228344
21
-4.3911991338582679
0
LINE
8
BLACK
6
CONTINUOUS
10
6.0945214173228344
20
-4.3911991338582679
11
6.093457007874016
21
-4.3916400393700785
0
LINE
8
BLACK
6
CONTINUOUS
10
6.093457007874016
20
-4.3916400393700785
11
6.0923048818897634
21
-4.3916400393700785
0
LINE
8
BLACK
6
CONTINUOUS
10
6.0923048818897634
20
-4.3916400393700785
11
6.091240472440945
21
-4.3911991338582679
0
LINE
8
BLACK
6
CONTINUOUS
10
6.091240472440945
20
-4.3911991338582679
11
6.0904258267716536
21
-4.3903844881889764
0
LINE
8
BLACK
6
CONTINUOUS
10
6.0904258267716536
20
-4.3903844881889764
11
6.089984921259842
21
-4.3893200787401572
0
LINE
8
BLACK
6
CONTINUOUS
10
6.089984921259842
20
-4.3893200787401572
11
6.0899281889763781
21
-4.3887440157480313
0
LINE
8
BLACK
6
CONTINUOUS
10
6.0899281889763781
20
-4.3887440157480313
11
6.0899281889763781
21
-4.3287440157480317
0
LINE
8
BLACK
6
CONTINUOUS
10
6.0899281889763781
20
-4.3287440157480317
11
6.089984921259842
21
-4.3281679527559058
0
LINE
8
BLACK
6
CONTINUOUS
10
6.089984921259842
20
-4.3281679527559058
11
6.0904258267716536
21
-4.3271035433070866
0
LINE
8
BLACK
6
CONTINUOUS
10
6.0904258267716536
20
-4.3271035433070866
11
6.091240472440945
21
-4.3262888976377951
0
LINE
8
BLACK
6
CONTINUOUS
10
6.091240472440945
20
-4.3262888976377951
11
6.0923048818897634
21
-4.3258479921259845
0
LINE
8
BLACK
6
CONTINUOUS
10
6.0923048818897634
20
-4.3258479921259845
11
6.093457007874016
21
-4.3258479921259845
0
LINE
8
BLACK
6
CONTINUOUS
10
6.093457007874016
20
-4.3258479921259845
11
6.0945214173228344
21
-4.3262888976377951
0
LINE
8
BLACK
6
CONTINUOUS
10
6.1084666141732278
20
-4.3260014566929135
11
6.1092812598425192
21
-4.3268161023622049
0
LINE
8
BLACK
6
CONTINUOUS
10
6.1092812598425192
20
-4.3268161023622049
11
6.1097221653543308
21
-4.3278805118110233
0
LINE
8
BLACK
6
CONTINUOUS
10
6.1097221653543308
20
-4.3278805118110233
11
6.1097788976377956
21
-4.3284565748031492
0
LINE
8
BLACK
6
CONTINUOUS
10
6.1097788976377956
20
-4.3284565748031492
11
6.1097788976377956
21
-4.3884565748031497
0
LINE
8
BLACK
6
CONTINUOUS
10
6.1097788976377956
20
-4.3884565748031497
11
6.1097221653543308
21
-4.3890326377952755
0
LINE
8
BLACK
6
CONTINUOUS
10
6.1097221653543308
20
-4.3890326377952755
11
6.1092812598425192
21
-4.3900970472440948
0
LINE
8
BLACK
6
CONTINUOUS
10
6.1092812598425192
20
-4.3900970472440948
11
6.1084666141732278
21
-4.3909116929133853
0
LINE
8
BLACK
6
CONTINUOUS
10
6.1084666141732278
20
-4.3909116929133853
11
6.1074022047244094
21
-4.3913525984251969
0
LINE
8
BLACK
6
CONTINUOUS
10
6.1074022047244094
20
-4.3913525984251969
11
6.1062500787401577
21
-4.3913525984251969
0
LINE
8
BLACK
6
CONTINUOUS
10
6.1062500787401577
20
-4.3913525984251969
11
6.1051856692913384
21
-4.3909116929133853
0
LINE
8
BLACK
6
CONTINUOUS
10
6.1051856692913384
20
-4.3909116929133853
11
6.104371023622047
21
-4.3900970472440948
0
LINE
8
BLACK
6
CONTINUOUS
10
6.104371023622047
20
-4.3900970472440948
11
6.1039301181102363
21
-4.3890326377952755
0
LINE
8
BLACK
6
CONTINUOUS
10
6.1039301181102363
20
-4.3890326377952755
11
6.1038733858267715
21
-4.3884565748031497
0
LINE
8
BLACK
6
CONTINUOUS
10
6.1038733858267715
20
-4.3884565748031497
11
6.1038733858267715
21
-4.3284565748031492
0
LINE
8
BLACK
6
CONTINUOUS
10
6.1038733858267715
20
-4.3284565748031492
11
6.1039301181102363
21
-4.3278805118110233
0
LINE
8
BLACK
6
CONTINUOUS
10
6.1039301181102363
20
-4.3278805118110233
11
6.104371023622047
21
-4.3268161023622049
0
LINE
8
BLACK
6
CONTINUOUS
10
6.104371023622047
20
-4.3268161023622049
11
6.1051856692913384
21
-4.3260014566929135
0
LINE
8
BLACK
6
CONTINUOUS
10
6.1051856692913384
20
-4.3260014566929135
11
6.1062500787401577
21
-4.3255605511811019
0
LINE
8
BLACK
6
CONTINUOUS
10
6.1062500787401577
20
-4.3255605511811019
11
6.1074022047244094
21
-4.3255605511811019
0
LINE
8
BLACK
6
CONTINUOUS
10
6.1074022047244094
20
-4.3255605511811019
11
6.1084666141732278
21
-4.3260014566929135
0
LINE
8
BLACK
6
CONTINUOUS
10
6.2284666141732279
20
-4.3260014566929135
11
6.2292812598425193
21
-4.3268161023622049
0
LINE
8
BLACK
6
CONTINUOUS
10
6.2292812598425193
20
-4.3268161023622049
11
6.2297221653543309
21
-4.3278805118110233
0
LINE
8
BLACK
6
CONTINUOUS
10
6.2297221653543309
20
-4.3278805118110233
11
6.2297788976377948
21
-4.3284565748031492
0
LINE
8
BLACK
6
CONTINUOUS
10
6.2297788976377948
20
-4.3284565748031492
11
6.2297788976377948
21
-4.3884565748031497
0
LINE
8
BLACK
6
CONTINUOUS
10
6.2297788976377948
20
-4.3884565748031497
11
6.2297221653543309
21
-4.3890326377952755
0
LINE
8
BLACK
6
CONTINUOUS
10
6.2297221653543309
20
-4.3890326377952755
11
6.2292812598425193
21
-4.3900970472440948
0
LINE
8
BLACK
6
CONTINUOUS
10
6.2292812598425193
20
-4.3900970472440948
11
6.2284666141732279
21
-4.3909116929133853
0
LINE
8
BLACK
6
CONTINUOUS
10
6.2284666141732279
20
-4.3909116929133853
11
6.2274022047244095
21
-4.3913525984251969
0
LINE
8
BLACK
6
CONTINUOUS
10
6.2274022047244095
20
-4.3913525984251969
11
6.2262500787401569
21
-4.3913525984251969
0
LINE
8
BLACK
6
CONTINUOUS
10
6.2262500787401569
20
-4.3913525984251969
11
6.2251856692913385
21
-4.3909116929133853
0
LINE
8
BLACK
6
CONTINUOUS
10
6.2251856692913385
20
-4.3909116929133853
11
6.2243710236220471
21
-4.3900970472440948
0
LINE
8
BLACK
6
CONTINUOUS
10
6.2243710236220471
20
-4.3900970472440948
11
6.2239301181102364
21
-4.3890326377952755
0
LINE
8
BLACK
6
CONTINUOUS
10
6.2239301181102364
20
-4.3890326377952755
11
6.2238733858267716
21
-4.3884565748031497
0
LINE
8
BLACK
6
CONTINUOUS
10
6.2238733858267716
20
-4.3884565748031497
11
6.2238733858267716
21
-4.3284565748031492
0
LINE
8
BLACK
6
CONTINUOUS
10
6.2238733858267716
20
-4.3284565748031492
11
6.2239301181102364
21
-4.3278805118110233
0
LINE
8
BLACK
6
CONTINUOUS
10
6.2239301181102364
20
-4.3278805118110233
11
6.2243710236220471
21
-4.3268161023622049
0
LINE
8
BLACK
6
CONTINUOUS
10
6.2243710236220471
20
-4.3268161023622049
11
6.2251856692913385
21
-4.3260014566929135
0
LINE
8
BLACK
6
CONTINUOUS
10
6.2251856692913385
20
-4.3260014566929135
11
6.2262500787401569
21
-4.3255605511811019
0
LINE
8
BLACK
6
CONTINUOUS
10
6.2262500787401569
20
-4.3255605511811019
11
6.2274022047244095
21
-4.3255605511811019
0
LINE
8
BLACK
6
CONTINUOUS
10
6.2274022047244095
20
-4.3255605511811019
11
6.2284666141732279
21
-4.3260014566929135
0
LINE
8
BLACK
6
CONTINUOUS
10
6.0487849212598421
20
-4.3865616141732282
11
6.0500633464566924
21
-4.3878400393700785
0
LINE
8
BLACK
6
CONTINUOUS
10
6.0500633464566924
20
-4.3878400393700785
11
6.0500633464566924
21
-4.3896479921259841
0
LINE
8
BLACK
6
CONTINUOUS
10
6.0500633464566924
20
-4.3896479921259841
11
6.0487849212598421
21
-4.3909264173228344
0
LINE
8
BLACK
6
CONTINUOUS
10
6.0487849212598421
20
-4.3909264173228344
11
6.0478809448818893
21
-4.3911062204724409
0
LINE
8
BLACK
6
CONTINUOUS
10
6.0478809448818893
20
-4.3911062204724409
11
6.01788094488189
21
-4.3911062204724409
0
LINE
8
BLACK
6
CONTINUOUS
10
6.01788094488189
20
-4.3911062204724409
11
6.0169769685039372
21
-4.3909264173228344
0
LINE
8
BLACK
6
CONTINUOUS
10
6.0169769685039372
20
-4.3909264173228344
11
6.0156985433070869
21
-4.3896479921259841
0
LINE
8
BLACK
6
CONTINUOUS
10
6.0156985433070869
20
-4.3896479921259841
11
6.0156985433070869
21
-4.3878400393700785
0
LINE
8
BLACK
6
CONTINUOUS
10
6.0156985433070869
20
-4.3878400393700785
11
6.0169769685039372
21
-4.3865616141732282
0
LINE
8
BLACK
6
CONTINUOUS
10
6.0169769685039372
20
-4.3865616141732282
11
6.01788094488189
21
-4.3863818110236217
0
LINE
8
BLACK
6
CONTINUOUS
10
6.01788094488189
20
-4.3863818110236217
11
6.0478809448818893
21
-4.3863818110236217
0
LINE
8
BLACK
6
CONTINUOUS
10
6.0478809448818893
20
-4.3863818110236217
11
6.0487849212598421
21
-4.3865616141732282
0
LINE
8
BLACK
6
CONTINUOUS
10
6.1827301181102357
20
-4.3862741732283466
11
6.1840085433070868
21
-4.3875525984251968
0
LINE
8
BLACK
6
CONTINUOUS
10
6.1840085433070868
20
-4.3875525984251968
11
6.1840085433070868
21
-4.3893605511811025
0
LINE
8
BLACK
6
CONTINUOUS
10
6.1840085433070868
20
-4.3893605511811025
11
6.1827301181102357
21
-4.3906389763779528
0
LINE
8
BLACK
6
CONTINUOUS
10
6.1827301181102357
20
-4.3906389763779528
11
6.1818261417322837
21
-4.3908187795275593
0
LINE
8
BLACK
6
CONTINUOUS
10
6.1818261417322837
20
-4.3908187795275593
11
6.1518261417322835
21
-4.3908187795275593
0
LINE
8
BLACK
6
CONTINUOUS
10
6.1518261417322835
20
-4.3908187795275593
11
6.1509221653543307
21
-4.3906389763779528
0
LINE
8
BLACK
6
CONTINUOUS
10
6.1509221653543307
20
-4.3906389763779528
11
6.1496437401574804
21
-4.3893605511811025
0
LINE
8
BLACK
6
CONTINUOUS
10
6.1496437401574804
20
-4.3893605511811025
11
6.1496437401574804
21
-4.3875525984251968
0
LINE
8
BLACK
6
CONTINUOUS
10
6.1496437401574804
20
-4.3875525984251968
11
6.1509221653543307
21
-4.3862741732283466
0
LINE
8
BLACK
6
CONTINUOUS
10
6.1509221653543307
20
-4.3862741732283466
11
6.1518261417322835
21
-4.38609437007874
0
LINE
8
BLACK
6
CONTINUOUS
10
6.1518261417322835
20
-4.38609437007874
11
6.1818261417322837
21
-4.38609437007874
0
LINE
8
BLACK
6
CONTINUOUS
10
6.1818261417322837
20
-4.38609437007874
11
6.1827301181102357
21
-4.3862741732283466
0
LINE
8
BLACK
6
CONTINUOUS
10
6.2470839763779527
20
-4.3470172834645666
11
6.2472637795275592
21
-4.3479212598425194
0
LINE
8
BLACK
6
CONTINUOUS
10
6.2472637795275592
20
-4.3479212598425194
11
6.2472637795275592
21
-4.3779212598425197
0
LINE
8
BLACK
6
CONTINUOUS
10
6.2472637795275592
20
-4.3779212598425197
11
6.2470839763779527
21
-4.3788252362204725
0
LINE
8
BLACK
6
CONTINUOUS
10
6.2470839763779527
20
-4.3788252362204725
11
6.2458055511811024
21
-4.3801036614173228
0
LINE
8
BLACK
6
CONTINUOUS
10
6.2458055511811024
20
-4.3801036614173228
11
6.2439975984251967
21
-4.3801036614173228
0
LINE
8
BLACK
6
CONTINUOUS
10
6.2439975984251967
20
-4.3801036614173228
11
6.2427191732283465
21
-4.3788252362204725
0
LINE
8
BLACK
6
CONTINUOUS
10
6.2427191732283465
20
-4.3788252362204725
11
6.2425393700787399
21
-4.3779212598425197
0
LINE
8
BLACK
6
CONTINUOUS
10
6.2425393700787399
20
-4.3779212598425197
11
6.2425393700787399
21
-4.3479212598425194
0
LINE
8
BLACK
6
CONTINUOUS
10
6.2425393700787399
20
-4.3479212598425194
11
6.2427191732283465
21
-4.3470172834645666
0
LINE
8
BLACK
6
CONTINUOUS
10
6.2427191732283465
20
-4.3470172834645666
11
6.2439975984251967
21
-4.3457388582677163
0
LINE
8
BLACK
6
CONTINUOUS
10
6.2439975984251967
20
-4.3457388582677163
11
6.2458055511811024
21
-4.3457388582677163
0
LINE
8
BLACK
6
CONTINUOUS
10
6.2458055511811024
20
-4.3457388582677163
11
6.2470839763779527
21
-4.3470172834645666
0
LINE
8
BLACK
6
CONTINUOUS
10
6.3070839763779523
20
-4.3470172834645666
11
6.3072637795275588
21
-4.3479212598425194
0
LINE
8
BLACK
6
CONTINUOUS
10
6.3072637795275588
20
-4.3479212598425194
11
6.3072637795275588
21
-4.3779212598425197
0
LINE
8
BLACK
6
CONTINUOUS
10
6.3072637795275588
20
-4.3779212598425197
11
6.3070839763779523
21
-4.3788252362204725
0
LINE
8
BLACK
6
CONTINUOUS
10
6.3070839763779523
20
-4.3788252362204725
11
6.305805551181102
21
-4.3801036614173228
0
LINE
8
BLACK
6
CONTINUOUS
10
6.305805551181102
20
-4.3801036614173228
11
6.3039975984251964
21
-4.3801036614173228
0
LINE
8
BLACK
6
CONTINUOUS
10
6.3039975984251964
20
-4.3801036614173228
11
6.3027191732283461
21
-4.3788252362204725
0
LINE
8
BLACK
6
CONTINUOUS
10
6.3027191732283461
20
-4.3788252362204725
11
6.3025393700787404
21
-4.3779212598425197
0
LINE
8
BLACK
6
CONTINUOUS
10
6.3025393700787404
20
-4.3779212598425197
11
6.3025393700787404
21
-4.3479212598425194
0
LINE
8
BLACK
6
CONTINUOUS
10
6.3025393700787404
20
-4.3479212598425194
11
6.3027191732283461
21
-4.3470172834645666
0
LINE
8
BLACK
6
CONTINUOUS
10
6.3027191732283461
20
-4.3470172834645666
11
6.3039975984251964
21
-4.3457388582677163
0
LINE
8
BLACK
6
CONTINUOUS
10
6.3039975984251964
20
-4.3457388582677163
11
6.305805551181102
21
-4.3457388582677163
0
LINE
8
BLACK
6
CONTINUOUS
10
6.305805551181102
20
-4.3457388582677163
11
6.3070839763779523
21
-4.3470172834645666
0
LINE
8
BLACK
6
CONTINUOUS
10
4.9090420472440943
20
-4.3124661417322834
11
4.9098566929133858
21
-4.3132807874015748
0
LINE
8
BLACK
6
CONTINUOUS
10
4.9098566929133858
20
-4.3132807874015748
11
4.9102975984251964
21
-4.3143451968503932
0
LINE
8
BLACK
6
CONTINUOUS
10
4.9102975984251964
20
-4.3143451968503932
11
4.9103543307086612
21
-4.31492125984252
0
LINE
8
BLACK
6
CONTINUOUS
10
4.9103543307086612
20
-4.31492125984252
11
4.9103543307086612
21
-4.3749212598425196
0
LINE
8
BLACK
6
CONTINUOUS
10
4.9103543307086612
20
-4.3749212598425196
11
4.9102975984251964
21
-4.3754973228346454
0
LINE
8
BLACK
6
CONTINUOUS
10
4.9102975984251964
20
-4.3754973228346454
11
4.9098566929133858
21
-4.3765617322834647
0
LINE
8
BLACK
6
CONTINUOUS
10
4.9098566929133858
20
-4.3765617322834647
11
4.9090420472440943
21
-4.3773763779527561
0
LINE
8
BLACK
6
CONTINUOUS
10
4.9090420472440943
20
-4.3773763779527561
11
4.9079776377952751
21
-4.3778172834645668
0
LINE
8
BLACK
6
CONTINUOUS
10
4.9079776377952751
20
-4.3778172834645668
11
4.9068255118110233
21
-4.3778172834645668
0
LINE
8
BLACK
6
CONTINUOUS
10
4.9068255118110233
20
-4.3778172834645668
11
4.905761102362205
21
-4.3773763779527561
0
LINE
8
BLACK
6
CONTINUOUS
10
4.905761102362205
20
-4.3773763779527561
11
4.9049464566929135
21
-4.3765617322834647
0
LINE
8
BLACK
6
CONTINUOUS
10
4.9049464566929135
20
-4.3765617322834647
11
4.904505551181102
21
-4.3754973228346454
0
LINE
8
BLACK
6
CONTINUOUS
10
4.904505551181102
20
-4.3754973228346454
11
4.9044488188976381
21
-4.3749212598425196
0
LINE
8
BLACK
6
CONTINUOUS
10
4.9044488188976381
20
-4.3749212598425196
11
4.9044488188976381
21
-4.31492125984252
0
LINE
8
BLACK
6
CONTINUOUS
10
4.9044488188976381
20
-4.31492125984252
11
4.904505551181102
21
-4.3143451968503932
0
LINE
8
BLACK
6
CONTINUOUS
10
4.904505551181102
20
-4.3143451968503932
11
4.9049464566929135
21
-4.3132807874015748
0
LINE
8
BLACK
6
CONTINUOUS
10
4.9049464566929135
20
-4.3132807874015748
11
4.905761102362205
21
-4.3124661417322834
0
LINE
8
BLACK
6
CONTINUOUS
10
4.905761102362205
20
-4.3124661417322834
11
4.9068255118110233
21
-4.3120252362204727
0
LINE
8
BLACK
6
CONTINUOUS
10
4.9068255118110233
20
-4.3120252362204727
11
4.9079776377952751
21
-4.3120252362204727
0
LINE
8
BLACK
6
CONTINUOUS
10
4.9079776377952751
20
-4.3120252362204727
11
4.9090420472440943
21
-4.3124661417322834
0
LINE
8
BLACK
6
CONTINUOUS
10
5.0290420472440944
20
-4.3124661417322834
11
5.0298566929133859
21
-4.3132807874015748
0
LINE
8
BLACK
6
CONTINUOUS
10
5.0298566929133859
20
-4.3132807874015748
11
5.0302975984251965
21
-4.3143451968503932
0
LINE
8
BLACK
6
CONTINUOUS
10
5.0302975984251965
20
-4.3143451968503932
11
5.0303543307086613
21
-4.31492125984252
0
LINE
8
BLACK
6
CONTINUOUS
10
5.0303543307086613
20
-4.31492125984252
11
5.0303543307086613
21
-4.3749212598425196
0
LINE
8
BLACK
6
CONTINUOUS
10
5.0303543307086613
20
-4.3749212598425196
11
5.0302975984251965
21
-4.3754973228346454
0
LINE
8
BLACK
6
CONTINUOUS
10
5.0302975984251965
20
-4.3754973228346454
11
5.0298566929133859
21
-4.3765617322834647
0
LINE
8
BLACK
6
CONTINUOUS
10
5.0298566929133859
20
-4.3765617322834647
11
5.0290420472440944
21
-4.3773763779527561
0
LINE
8
BLACK
6
CONTINUOUS
10
5.0290420472440944
20
-4.3773763779527561
11
5.0279776377952752
21
-4.3778172834645668
0
LINE
8
BLACK
6
CONTINUOUS
10
5.0279776377952752
20
-4.3778172834645668
11
5.0268255118110234
21
-4.3778172834645668
0
LINE
8
BLACK
6
CONTINUOUS
10
5.0268255118110234
20
-4.3778172834645668
11
5.0257611023622042
21
-4.3773763779527561
0
LINE
8
BLACK
6
CONTINUOUS
10
5.0257611023622042
20
-4.3773763779527561
11
5.0249464566929136
21
-4.3765617322834647
0
LINE
8
BLACK
6
CONTINUOUS
10
5.0249464566929136
20
-4.3765617322834647
11
5.0245055511811021
21
-4.3754973228346454
0
LINE
8
BLACK
6
CONTINUOUS
10
5.0245055511811021
20
-4.3754973228346454
11
5.0244488188976373
21
-4.3749212598425196
0
LINE
8
BLACK
6
CONTINUOUS
10
5.0244488188976373
20
-4.3749212598425196
11
5.0244488188976373
21
-4.31492125984252
0
LINE
8
BLACK
6
CONTINUOUS
10
5.0244488188976373
20
-4.31492125984252
11
5.0245055511811021
21
-4.3143451968503932
0
LINE
8
BLACK
6
CONTINUOUS
10
5.0245055511811021
20
-4.3143451968503932
11
5.0249464566929136
21
-4.3132807874015748
0
LINE
8
BLACK
6
CONTINUOUS
10
5.0249464566929136
20
-4.3132807874015748
11
5.0257611023622042
21
-4.3124661417322834
0
LINE
8
BLACK
6
CONTINUOUS
10
5.0257611023622042
20
-4.3124661417322834
11
5.0268255118110234
21
-4.3120252362204727
0
LINE
8
BLACK
6
CONTINUOUS
10
5.0268255118110234
20
-4.3120252362204727
11
5.0279776377952752
21
-4.3120252362204727
0
LINE
8
BLACK
6
CONTINUOUS
10
5.0279776377952752
20
-4.3120252362204727
11
5.0290420472440944
21
-4.3124661417322834
0
LINE
8
BLACK
6
CONTINUOUS
10
4.9833055511811022
20
-4.3727388582677165
11
4.9845839763779525
21
-4.3740172834645668
0
LINE
8
BLACK
6
CONTINUOUS
10
4.9845839763779525
20
-4.3740172834645668
11
4.9845839763779525
21
-4.3758252362204724
0
LINE
8
BLACK
6
CONTINUOUS
10
4.9845839763779525
20
-4.3758252362204724
11
4.9833055511811022
21
-4.3771036614173227
0
LINE
8
BLACK
6
CONTINUOUS
10
4.9833055511811022
20
-4.3771036614173227
11
4.9824015748031494
21
-4.3772834645669292
0
LINE
8
BLACK
6
CONTINUOUS
10
4.9824015748031494
20
-4.3772834645669292
11
4.9524015748031491
21
-4.3772834645669292
0
LINE
8
BLACK
6
CONTINUOUS
10
4.9524015748031491
20
-4.3772834645669292
11
4.9514975984251963
21
-4.3771036614173227
0
LINE
8
BLACK
6
CONTINUOUS
10
4.9514975984251963
20
-4.3771036614173227
11
4.950219173228346
21
-4.3758252362204724
0
LINE
8
BLACK
6
CONTINUOUS
10
4.950219173228346
20
-4.3758252362204724
11
4.950219173228346
21
-4.3740172834645668
0
LINE
8
BLACK
6
CONTINUOUS
10
4.950219173228346
20
-4.3740172834645668
11
4.9514975984251963
21
-4.3727388582677165
0
LINE
8
BLACK
6
CONTINUOUS
10
4.9514975984251963
20
-4.3727388582677165
11
4.9524015748031491
21
-4.3725590551181099
0
LINE
8
BLACK
6
CONTINUOUS
10
4.9524015748031491
20
-4.3725590551181099
11
4.9824015748031494
21
-4.3725590551181099
0
LINE
8
BLACK
6
CONTINUOUS
10
4.9824015748031494
20
-4.3725590551181099
11
4.9833055511811022
21
-4.3727388582677165
0
LINE
8
BLACK
6
CONTINUOUS
10
5.9254610629921256
20
-4.295740236220472
11
5.9265254724409449
21
-4.2961811417322835
0
LINE
8
BLACK
6
CONTINUOUS
10
5.9265254724409449
20
-4.2961811417322835
11
5.9273401181102363
21
-4.296995787401575
0
LINE
8
BLACK
6
CONTINUOUS
10
5.9273401181102363
20
-4.296995787401575
11
5.927781023622047
21
-4.2980601968503933
0
LINE
8
BLACK
6
CONTINUOUS
10
5.927781023622047
20
-4.2980601968503933
11
5.9278377559055118
21
-4.2986362598425192
0
LINE
8
BLACK
6
CONTINUOUS
10
5.9278377559055118
20
-4.2986362598425192
11
5.9278377559055118
21
-4.3366283858267716
0
LINE
8
BLACK
6
CONTINUOUS
10
5.9278377559055118
20
-4.3366283858267716
11
5.927781023622047
21
-4.3372044488188974
0
LINE
8
BLACK
6
CONTINUOUS
10
5.927781023622047
20
-4.3372044488188974
11
5.9273401181102363
21
-4.3382688582677167
0
LINE
8
BLACK
6
CONTINUOUS
10
5.9273401181102363
20
-4.3382688582677167
11
5.9265254724409449
21
-4.3390835039370081
0
LINE
8
BLACK
6
CONTINUOUS
10
5.9265254724409449
20
-4.3390835039370081
11
5.9254610629921256
21
-4.3395244094488188
0
LINE
8
BLACK
6
CONTINUOUS
10
5.9254610629921256
20
-4.3395244094488188
11
5.9243089370078739
21
-4.3395244094488188
0
LINE
8
BLACK
6
CONTINUOUS
10
5.9243089370078739
20
-4.3395244094488188
11
5.9232445275590546
21
-4.3390835039370081
0
LINE
8
BLACK
6
CONTINUOUS
10
5.9232445275590546
20
-4.3390835039370081
11
5.922429881889764
21
-4.3382688582677167
0
LINE
8
BLACK
6
CONTINUOUS
10
5.922429881889764
20
-4.3382688582677167
11
5.9219889763779525
21
-4.3372044488188974
0
LINE
8
BLACK
6
CONTINUOUS
10
5.9219889763779525
20
-4.3372044488188974
11
5.9219322440944877
21
-4.3366283858267716
0
LINE
8
BLACK
6
CONTINUOUS
10
5.9219322440944877
20
-4.3366283858267716
11
5.9219322440944877
21
-4.3015890157480312
0
LINE
8
BLACK
6
CONTINUOUS
10
5.9219322440944877
20
-4.3015890157480312
11
5.6994912992125979
21
-4.3015890157480312
0
LINE
8
BLACK
6
CONTINUOUS
10
5.6994912992125979
20
-4.3015890157480312
11
5.6994912992125979
21
-4.3366283858267716
0
LINE
8
BLACK
6
CONTINUOUS
10
5.6994912992125979
20
-4.3366283858267716
11
5.699434566929134
21
-4.3372044488188974
0
LINE
8
BLACK
6
CONTINUOUS
10
5.699434566929134
20
-4.3372044488188974
11
5.6989936614173224
21
-4.3382688582677167
0
LINE
8
BLACK
6
CONTINUOUS
10
5.6989936614173224
20
-4.3382688582677167
11
5.698179015748031
21
-4.3390835039370081
0
LINE
8
BLACK
6
CONTINUOUS
10
5.698179015748031
20
-4.3390835039370081
11
5.6971146062992126
21
-4.3395244094488188
0
LINE
8
BLACK
6
CONTINUOUS
10
5.6971146062992126
20
-4.3395244094488188
11
5.6959624803149609
21
-4.3395244094488188
0
LINE
8
BLACK
6
CONTINUOUS
10
5.6959624803149609
20
-4.3395244094488188
11
5.6948980708661416
21
-4.3390835039370081
0
LINE
8
BLACK
6
CONTINUOUS
10
5.6948980708661416
20
-4.3390835039370081
11
5.6940834251968502
21
-4.3382688582677167
0
LINE
8
BLACK
6
CONTINUOUS
10
5.6940834251968502
20
-4.3382688582677167
11
5.6936425196850395
21
-4.3372044488188974
0
LINE
8
BLACK
6
CONTINUOUS
10
5.6936425196850395
20
-4.3372044488188974
11
5.6935857874015747
21
-4.3366283858267716
0
LINE
8
BLACK
6
CONTINUOUS
10
5.6935857874015747
20
-4.3366283858267716
11
5.6935857874015747
21
-4.2986362598425192
0
LINE
8
BLACK
6
CONTINUOUS
10
5.6935857874015747
20
-4.2986362598425192
11
5.6936425196850395
21
-4.2980601968503933
0
LINE
8
BLACK
6
CONTINUOUS
10
5.6936425196850395
20
-4.2980601968503933
11
5.6940834251968502
21
-4.296995787401575
0
LINE
8
BLACK
6
CONTINUOUS
10
5.6940834251968502
20
-4.296995787401575
11
5.6948980708661416
21
-4.2961811417322835
0
LINE
8
BLACK
6
CONTINUOUS
10
5.6948980708661416
20
-4.2961811417322835
11
5.6959624803149609
21
-4.295740236220472
0
LINE
8
BLACK
6
CONTINUOUS
10
5.6959624803149609
20
-4.295740236220472
11
5.6965385433070868
21
-4.295683503937008
0
LINE
8
BLACK
6
CONTINUOUS
10
5.6965385433070868
20
-4.295683503937008
11
5.9248849999999997
21
-4.295683503937008
0
LINE
8
BLACK
6
CONTINUOUS
10
5.9248849999999997
20
-4.295683503937008
11
5.9254610629921256
21
-4.295740236220472
0
LINE
8
BLACK
6
CONTINUOUS
10
6.0487849212598421
20
-4.3265616141732286
11
6.0500633464566924
21
-4.3278400393700789
0
LINE
8
BLACK
6
CONTINUOUS
10
6.0500633464566924
20
-4.3278400393700789
11
6.0500633464566924
21
-4.3296479921259845
0
LINE
8
BLACK
6
CONTINUOUS
10
6.0500633464566924
20
-4.3296479921259845
11
6.0487849212598421
21
-4.3309264173228348
0
LINE
8
BLACK
6
CONTINUOUS
10
6.0487849212598421
20
-4.3309264173228348
11
6.0478809448818893
21
-4.3311062204724404
0
LINE
8
BLACK
6
CONTINUOUS
10
6.0478809448818893
20
-4.3311062204724404
11
6.01788094488189
21
-4.3311062204724404
0
LINE
8
BLACK
6
CONTINUOUS
10
6.01788094488189
20
-4.3311062204724404
11
6.0169769685039372
21
-4.3309264173228348
0
LINE
8
BLACK
6
CONTINUOUS
10
6.0169769685039372
20
-4.3309264173228348
11
6.0156985433070869
21
-4.3296479921259845
0
LINE
8
BLACK
6
CONTINUOUS
10
6.0156985433070869
20
-4.3296479921259845
11
6.0156985433070869
21
-4.3278400393700789
0
LINE
8
BLACK
6
CONTINUOUS
10
6.0156985433070869
20
-4.3278400393700789
11
6.0169769685039372
21
-4.3265616141732286
0
LINE
8
BLACK
6
CONTINUOUS
10
6.0169769685039372
20
-4.3265616141732286
11
6.01788094488189
21
-4.3263818110236221
0
LINE
8
BLACK
6
CONTINUOUS
10
6.01788094488189
20
-4.3263818110236221
11
6.0478809448818893
21
-4.3263818110236221
0
LINE
8
BLACK
6
CONTINUOUS
10
6.0478809448818893
20
-4.3263818110236221
11
6.0487849212598421
21
-4.3265616141732286
0
LINE
8
BLACK
6
CONTINUOUS
10
6.1827301181102357
20
-4.3262741732283461
11
6.1840085433070868
21
-4.3275525984251964
0
LINE
8
BLACK
6
CONTINUOUS
10
6.1840085433070868
20
-4.3275525984251964
11
6.1840085433070868
21
-4.329360551181102
0
LINE
8
BLACK
6
CONTINUOUS
10
6.1840085433070868
20
-4.329360551181102
11
6.1827301181102357
21
-4.3306389763779523
0
LINE
8
BLACK
6
CONTINUOUS
10
6.1827301181102357
20
-4.3306389763779523
11
6.1818261417322837
21
-4.3308187795275588
0
LINE
8
BLACK
6
CONTINUOUS
10
6.1818261417322837
20
-4.3308187795275588
11
6.1518261417322835
21
-4.3308187795275588
0
LINE
8
BLACK
6
CONTINUOUS
10
6.1518261417322835
20
-4.3308187795275588
11
6.1509221653543307
21
-4.3306389763779523
0
LINE
8
BLACK
6
CONTINUOUS
10
6.1509221653543307
20
-4.3306389763779523
11
6.1496437401574804
21
-4.329360551181102
0
LINE
8
BLACK
6
CONTINUOUS
10
6.1496437401574804
20
-4.329360551181102
11
6.1496437401574804
21
-4.3275525984251964
0
LINE
8
BLACK
6
CONTINUOUS
10
6.1496437401574804
20
-4.3275525984251964
11
6.1509221653543307
21
-4.3262741732283461
0
LINE
8
BLACK
6
CONTINUOUS
10
6.1509221653543307
20
-4.3262741732283461
11
6.1518261417322835
21
-4.3260943700787404
0
LINE
8
BLACK
6
CONTINUOUS
10
6.1518261417322835
20
-4.3260943700787404
11
6.1818261417322837
21
-4.3260943700787404
0
LINE
8
BLACK
6
CONTINUOUS
10
6.1818261417322837
20
-4.3260943700787404
11
6.1827301181102357
21
-4.3262741732283461
0
LINE
8
BLACK
6
CONTINUOUS
10
5.9512807086614172
20
-4.3032938976377952
11
5.9540462598425199
21
-4.3060594488188979
0
LINE
8
BLACK
6
CONTINUOUS
10
5.9540462598425199
20
-4.3060594488188979
11
5.9555429921259844
21
-4.309672834645669
0
LINE
8
BLACK
6
CONTINUOUS
10
5.9555429921259844
20
-4.309672834645669
11
5.9555429921259844
21
-4.3135839370078743
0
LINE
8
BLACK
6
CONTINUOUS
10
5.9555429921259844
20
-4.3135839370078743
11
5.9540462598425199
21
-4.3171973228346454
0
LINE
8
BLACK
6
CONTINUOUS
10
5.9540462598425199
20
-4.3171973228346454
11
5.9512807086614172
21
-4.3199628740157481
0
LINE
8
BLACK
6
CONTINUOUS
10
5.9512807086614172
20
-4.3199628740157481
11
5.9476673228346453
21
-4.3214596062992126
0
LINE
8
BLACK
6
CONTINUOUS
10
5.9476673228346453
20
-4.3214596062992126
11
5.9437562204724408
21
-4.3214596062992126
0
LINE
8
BLACK
6
CONTINUOUS
10
5.9437562204724408
20
-4.3214596062992126
11
5.9401428346456688
21
-4.3199628740157481
0
LINE
8
BLACK
6
CONTINUOUS
10
5.9401428346456688
20
-4.3199628740157481
11
5.9373772834645671
21
-4.3171973228346454
0
LINE
8
BLACK
6
CONTINUOUS
10
5.9373772834645671
20
-4.3171973228346454
11
5.9358805511811026
21
-4.3135839370078743
0
LINE
8
BLACK
6
CONTINUOUS
10
5.9358805511811026
20
-4.3135839370078743
11
5.9358805511811026
21
-4.310809212598425
0
LINE
8
BLACK
6
CONTINUOUS
10
5.9358805511811026
20
-4.310809212598425
11
5.9358805511811026
21
-4.309672834645669
0
LINE
8
BLACK
6
CONTINUOUS
10
5.9358805511811026
20
-4.309672834645669
11
5.9373772834645671
21
-4.3060594488188979
0
LINE
8
BLACK
6
CONTINUOUS
10
5.9373772834645671
20
-4.3060594488188979
11
5.9401428346456688
21
-4.3032938976377952
0
LINE
8
BLACK
6
CONTINUOUS
10
5.9401428346456688
20
-4.3032938976377952
11
5.9437562204724408
21
-4.3017971653543308
0
LINE
8
BLACK
6
CONTINUOUS
10
5.9437562204724408
20
-4.3017971653543308
11
5.9476673228346453
21
-4.3017971653543308
0
LINE
8
BLACK
6
CONTINUOUS
10
5.9476673228346453
20
-4.3017971653543308
11
5.9512807086614172
21
-4.3032938976377952
0
LINE
8
BLACK
6
CONTINUOUS
10
5.9415934645669291
20
-4.3124475590551183
11
5.9422204330708661
21
-4.3139612204724411
0
LINE
8
BLACK
6
CONTINUOUS
10
5.9422204330708661
20
-4.3139612204724411
11
5.943378937007874
21
-4.315119724409449
0
LINE
8
BLACK
6
CONTINUOUS
10
5.943378937007874
20
-4.315119724409449
11
5.9448925984251968
21
-4.3157466929133861
0
LINE
8
BLACK
6
CONTINUOUS
10
5.9448925984251968
20
-4.3157466929133861
11
5.9465309448818893
21
-4.3157466929133861
0
LINE
8
BLACK
6
CONTINUOUS
10
5.9465309448818893
20
-4.3157466929133861
11
5.9480446062992121
21
-4.315119724409449
0
LINE
8
BLACK
6
CONTINUOUS
10
5.9480446062992121
20
-4.315119724409449
11
5.9492031102362199
21
-4.3139612204724411
0
LINE
8
BLACK
6
CONTINUOUS
10
5.9492031102362199
20
-4.3139612204724411
11
5.949830078740157
21
-4.3124475590551183
0
LINE
8
BLACK
6
CONTINUOUS
10
5.949830078740157
20
-4.3124475590551183
11
5.949830078740157
21
-4.310809212598425
0
LINE
8
BLACK
6
CONTINUOUS
10
5.949830078740157
20
-4.310809212598425
11
5.9492031102362199
21
-4.3092955511811022
0
LINE
8
BLACK
6
CONTINUOUS
10
5.9492031102362199
20
-4.3092955511811022
11
5.9480446062992121
21
-4.3081370472440943
0
LINE
8
BLACK
6
CONTINUOUS
10
5.9480446062992121
20
-4.3081370472440943
11
5.9465309448818893
21
-4.3075100787401572
0
LINE
8
BLACK
6
CONTINUOUS
10
5.9465309448818893
20
-4.3075100787401572
11
5.9448925984251968
21
-4.3075100787401572
0
LINE
8
BLACK
6
CONTINUOUS
10
5.9448925984251968
20
-4.3075100787401572
11
5.943378937007874
21
-4.3081370472440943
0
LINE
8
BLACK
6
CONTINUOUS
10
5.943378937007874
20
-4.3081370472440943
11
5.9422204330708661
21
-4.3092955511811022
0
LINE
8
BLACK
6
CONTINUOUS
10
5.9422204330708661
20
-4.3092955511811022
11
5.9415934645669291
21
-4.310809212598425
0
LINE
8
BLACK
6
CONTINUOUS
10
5.9415934645669291
20
-4.310809212598425
11
5.9415934645669291
21
-4.3124475590551183
0
LINE
8
BLACK
6
CONTINUOUS
10
4.9833055511811022
20
-4.3127388582677169
11
4.9845839763779525
21
-4.3140172834645671
0
LINE
8
BLACK
6
CONTINUOUS
10
4.9845839763779525
20
-4.3140172834645671
11
4.9845839763779525
21
-4.3158252362204728
0
LINE
8
BLACK
6
CONTINUOUS
10
4.9845839763779525
20
-4.3158252362204728
11
4.9833055511811022
21
-4.317103661417323
0
LINE
8
BLACK
6
CONTINUOUS
10
4.9833055511811022
20
-4.317103661417323
11
4.9824015748031494
21
-4.3172834645669287
0
LINE
8
BLACK
6
CONTINUOUS
10
4.9824015748031494
20
-4.3172834645669287
11
4.9524015748031491
21
-4.3172834645669287
0
LINE
8
BLACK
6
CONTINUOUS
10
4.9524015748031491
20
-4.3172834645669287
11
4.9514975984251963
21
-4.317103661417323
0
LINE
8
BLACK
6
CONTINUOUS
10
4.9514975984251963
20
-4.317103661417323
11
4.950219173228346
21
-4.3158252362204728
0
LINE
8
BLACK
6
CONTINUOUS
10
4.950219173228346
20
-4.3158252362204728
11
4.950219173228346
21
-4.3140172834645671
0
LINE
8
BLACK
6
CONTINUOUS
10
4.950219173228346
20
-4.3140172834645671
11
4.9514975984251963
21
-4.3127388582677169
0
LINE
8
BLACK
6
CONTINUOUS
10
4.9514975984251963
20
-4.3127388582677169
11
4.9524015748031491
21
-4.3125590551181103
0
LINE
8
BLACK
6
CONTINUOUS
10
4.9524015748031491
20
-4.3125590551181103
11
4.9824015748031494
21
-4.3125590551181103
0
LINE
8
BLACK
6
CONTINUOUS
10
4.9824015748031494
20
-4.3125590551181103
11
4.9833055511811022
21
-4.3127388582677169
0
LINE
8
BLACK
6
CONTINUOUS
10
6.305477637795275
20
-4.3000252362204723
11
6.3065420472440943
21
-4.3004661417322838
0
LINE
8
BLACK
6
CONTINUOUS
10
6.3065420472440943
20
-4.3004661417322838
11
6.3073566929133857
21
-4.3012807874015744
0
LINE
8
BLACK
6
CONTINUOUS
10
6.3073566929133857
20
-4.3012807874015744
11
6.3077975984251964
21
-4.3023451968503936
0
LINE
8
BLACK
6
CONTINUOUS
10
6.3077975984251964
20
-4.3023451968503936
11
6.3077975984251964
21
-4.3034973228346454
0
LINE
8
BLACK
6
CONTINUOUS
10
6.3077975984251964
20
-4.3034973228346454
11
6.3073566929133857
21
-4.3045617322834646
0
LINE
8
BLACK
6
CONTINUOUS
10
6.3073566929133857
20
-4.3045617322834646
11
6.3065420472440943
21
-4.3053763779527561
0
LINE
8
BLACK
6
CONTINUOUS
10
6.3065420472440943
20
-4.3053763779527561
11
6.305477637795275
21
-4.3058172834645667
0
LINE
8
BLACK
6
CONTINUOUS
10
6.305477637795275
20
-4.3058172834645667
11
6.3049015748031492
21
-4.3058740157480315
0
LINE
8
BLACK
6
CONTINUOUS
10
6.3049015748031492
20
-4.3058740157480315
11
6.2449015748031496
21
-4.3058740157480315
0
LINE
8
BLACK
6
CONTINUOUS
10
6.2449015748031496
20
-4.3058740157480315
11
6.2443255118110237
21
-4.3058172834645667
0
LINE
8
BLACK
6
CONTINUOUS
10
6.2443255118110237
20
-4.3058172834645667
11
6.2432611023622044
21
-4.3053763779527561
0
LINE
8
BLACK
6
CONTINUOUS
10
6.2432611023622044
20
-4.3053763779527561
11
6.242446456692913
21
-4.3045617322834646
0
LINE
8
BLACK
6
CONTINUOUS
10
6.242446456692913
20
-4.3045617322834646
11
6.2420055511811023
21
-4.3034973228346454
0
LINE
8
BLACK
6
CONTINUOUS
10
6.2420055511811023
20
-4.3034973228346454
11
6.2420055511811023
21
-4.3023451968503936
0
LINE
8
BLACK
6
CONTINUOUS
10
6.2420055511811023
20
-4.3023451968503936
11
6.242446456692913
21
-4.3012807874015744
0
LINE
8
BLACK
6
CONTINUOUS
10
6.242446456692913
20
-4.3012807874015744
11
6.2432611023622044
21
-4.3004661417322838
0
LINE
8
BLACK
6
CONTINUOUS
10
6.2432611023622044
20
-4.3004661417322838
11
6.2443255118110237
21
-4.3000252362204723
0
LINE
8
BLACK
6
CONTINUOUS
10
6.2443255118110237
20
-4.3000252362204723
11
6.2449015748031496
21
-4.2999685039370075
0
LINE
8
BLACK
6
CONTINUOUS
10
6.2449015748031496
20
-4.2999685039370075
11
6.3049015748031492
21
-4.2999685039370075
0
LINE
8
BLACK
6
CONTINUOUS
10
6.3049015748031492
20
-4.2999685039370075
11
6.305477637795275
21
-4.3000252362204723
0
LINE
8
BLACK
6
CONTINUOUS
10
4.9090420472440943
20
-4.2324661417322833
11
4.9098566929133858
21
-4.2332807874015748
0
LINE
8
BLACK
6
CONTINUOUS
10
4.9098566929133858
20
-4.2332807874015748
11
4.9102975984251964
21
-4.234345196850394
0
LINE
8
BLACK
6
CONTINUOUS
10
4.9102975984251964
20
-4.234345196850394
11
4.9103543307086612
21
-4.2349212598425199
0
LINE
8
BLACK
6
CONTINUOUS
10
4.9103543307086612
20
-4.2349212598425199
11
4.9103543307086612
21
-4.2949212598425195
0
LINE
8
BLACK
6
CONTINUOUS
10
4.9103543307086612
20
-4.2949212598425195
11
4.9102975984251964
21
-4.2954973228346454
0
LINE
8
BLACK
6
CONTINUOUS
10
4.9102975984251964
20
-4.2954973228346454
11
4.9098566929133858
21
-4.2965617322834646
0
LINE
8
BLACK
6
CONTINUOUS
10
4.9098566929133858
20
-4.2965617322834646
11
4.9090420472440943
21
-4.2973763779527561
0
LINE
8
BLACK
6
CONTINUOUS
10
4.9090420472440943
20
-4.2973763779527561
11
4.9079776377952751
21
-4.2978172834645667
0
LINE
8
BLACK
6
CONTINUOUS
10
4.9079776377952751
20
-4.2978172834645667
11
4.9068255118110233
21
-4.2978172834645667
0
LINE
8
BLACK
6
CONTINUOUS
10
4.9068255118110233
20
-4.2978172834645667
11
4.905761102362205
21
-4.2973763779527561
0
LINE
8
BLACK
6
CONTINUOUS
10
4.905761102362205
20
-4.2973763779527561
11
4.9049464566929135
21
-4.2965617322834646
0
LINE
8
BLACK
6
CONTINUOUS
10
4.9049464566929135
20
-4.2965617322834646
11
4.904505551181102
21
-4.2954973228346454
0
LINE
8
BLACK
6
CONTINUOUS
10
4.904505551181102
20
-4.2954973228346454
11
4.9044488188976381
21
-4.2949212598425195
0
LINE
8
BLACK
6
CONTINUOUS
10
4.9044488188976381
20
-4.2949212598425195
11
4.9044488188976381
21
-4.2349212598425199
0
LINE
8
BLACK
6
CONTINUOUS
10
4.9044488188976381
20
-4.2349212598425199
11
4.904505551181102
21
-4.234345196850394
0
LINE
8
BLACK
6
CONTINUOUS
10
4.904505551181102
20
-4.234345196850394
11
4.9049464566929135
21
-4.2332807874015748
0
LINE
8
BLACK
6
CONTINUOUS
10
4.9049464566929135
20
-4.2332807874015748
11
4.905761102362205
21
-4.2324661417322833
0
LINE
8
BLACK
6
CONTINUOUS
10
4.905761102362205
20
-4.2324661417322833
11
4.9068255118110233
21
-4.2320252362204727
0
LINE
8
BLACK
6
CONTINUOUS
10
4.9068255118110233
20
-4.2320252362204727
11
4.9079776377952751
21
-4.2320252362204727
0
LINE
8
BLACK
6
CONTINUOUS
10
4.9079776377952751
20
-4.2320252362204727
11
4.9090420472440943
21
-4.2324661417322833
0
LINE
8
BLACK
6
CONTINUOUS
10
5.0290420472440944
20
-4.2324661417322833
11
5.0298566929133859
21
-4.2332807874015748
0
LINE
8
BLACK
6
CONTINUOUS
10
5.0298566929133859
20
-4.2332807874015748
11
5.0302975984251965
21
-4.234345196850394
0
LINE
8
BLACK
6
CONTINUOUS
10
5.0302975984251965
20
-4.234345196850394
11
5.0303543307086613
21
-4.2349212598425199
0
LINE
8
BLACK
6
CONTINUOUS
10
5.0303543307086613
20
-4.2349212598425199
11
5.0303543307086613
21
-4.2949212598425195
0
LINE
8
BLACK
6
CONTINUOUS
10
5.0303543307086613
20
-4.2949212598425195
11
5.0302975984251965
21
-4.2954973228346454
0
LINE
8
BLACK
6
CONTINUOUS
10
5.0302975984251965
20
-4.2954973228346454
11
5.0298566929133859
21
-4.2965617322834646
0
LINE
8
BLACK
6
CONTINUOUS
10
5.0298566929133859
20
-4.2965617322834646
11
5.0290420472440944
21
-4.2973763779527561
0
LINE
8
BLACK
6
CONTINUOUS
10
5.0290420472440944
20
-4.2973763779527561
11
5.0279776377952752
21
-4.2978172834645667
0
LINE
8
BLACK
6
CONTINUOUS
10
5.0279776377952752
20
-4.2978172834645667
11
5.0268255118110234
21
-4.2978172834645667
0
LINE
8
BLACK
6
CONTINUOUS
10
5.0268255118110234
20
-4.2978172834645667
11
5.0257611023622042
21
-4.2973763779527561
0
LINE
8
BLACK
6
CONTINUOUS
10
5.0257611023622042
20
-4.2973763779527561
11
5.0249464566929136
21
-4.2965617322834646
0
LINE
8
BLACK
6
CONTINUOUS
10
5.0249464566929136
20
-4.2965617322834646
11
5.0245055511811021
21
-4.2954973228346454
0
LINE
8
BLACK
6
CONTINUOUS
10
5.0245055511811021
20
-4.2954973228346454
11
5.0244488188976373
21
-4.2949212598425195
0
LINE
8
BLACK
6
CONTINUOUS
10
5.0244488188976373
20
-4.2949212598425195
11
5.0244488188976373
21
-4.2349212598425199
0
LINE
8
BLACK
6
CONTINUOUS
10
5.0244488188976373
20
-4.2349212598425199
11
5.0245055511811021
21
-4.234345196850394
0
LINE
8
BLACK
6
CONTINUOUS
10
5.0245055511811021
20
-4.234345196850394
11
5.0249464566929136
21
-4.2332807874015748
0
LINE
8
BLACK
6
CONTINUOUS
10
5.0249464566929136
20
-4.2332807874015748
11
5.0257611023622042
21
-4.2324661417322833
0
LINE
8
BLACK
6
CONTINUOUS
10
5.0257611023622042
20
-4.2324661417322833
11
5.0268255118110234
21
-4.2320252362204727
0
LINE
8
BLACK
6
CONTINUOUS
10
5.0268255118110234
20
-4.2320252362204727
11
5.0279776377952752
21
-4.2320252362204727
0
LINE
8
BLACK
6
CONTINUOUS
10
5.0279776377952752
20
-4.2320252362204727
11
5.0290420472440944
21
-4.2324661417322833
0
LINE
8
BLACK
6
CONTINUOUS
10
4.9833055511811022
20
-4.2927388582677164
11
4.9845839763779525
21
-4.2940172834645667
0
LINE
8
BLACK
6
CONTINUOUS
10
4.9845839763779525
20
-4.2940172834645667
11
4.9845839763779525
21
-4.2958252362204723
0
LINE
8
BLACK
6
CONTINUOUS
10
4.9845839763779525
20
-4.2958252362204723
11
4.9833055511811022
21
-4.2971036614173226
0
LINE
8
BLACK
6
CONTINUOUS
10
4.9833055511811022
20
-4.2971036614173226
11
4.9824015748031494
21
-4.2972834645669291
0
LINE
8
BLACK
6
CONTINUOUS
10
4.9824015748031494
20
-4.2972834645669291
11
4.9524015748031491
21
-4.2972834645669291
0
LINE
8
BLACK
6
CONTINUOUS
10
4.9524015748031491
20
-4.2972834645669291
11
4.9514975984251963
21
-4.2971036614173226
0
LINE
8
BLACK
6
CONTINUOUS
10
4.9514975984251963
20
-4.2971036614173226
11
4.950219173228346
21
-4.2958252362204723
0
LINE
8
BLACK
6
CONTINUOUS
10
4.950219173228346
20
-4.2958252362204723
11
4.950219173228346
21
-4.2940172834645667
0
LINE
8
BLACK
6
CONTINUOUS
10
4.950219173228346
20
-4.2940172834645667
11
4.9514975984251963
21
-4.2927388582677164
0
LINE
8
BLACK
6
CONTINUOUS
10
4.9514975984251963
20
-4.2927388582677164
11
4.9524015748031491
21
-4.2925590551181099
0
LINE
8
BLACK
6
CONTINUOUS
10
4.9524015748031491
20
-4.2925590551181099
11
4.9824015748031494
21
-4.2925590551181099
0
LINE
8
BLACK
6
CONTINUOUS
10
4.9824015748031494
20
-4.2925590551181099
11
4.9833055511811022
21
-4.2927388582677164
0
LINE
8
BLACK
6
CONTINUOUS
10
6.2304400787401573
20
-4.2243713385826771
11
6.2312547244094487
21
-4.2251859842519686
0
LINE
8
BLACK
6
CONTINUOUS
10
6.2312547244094487
20
-4.2251859842519686
11
6.2316956299212594
21
-4.2262503937007869
0
LINE
8
BLACK
6
CONTINUOUS
10
6.2316956299212594
20
-4.2262503937007869
11
6.2317523622047242
21
-4.2268264566929137
0
LINE
8
BLACK
6
CONTINUOUS
10
6.2317523622047242
20
-4.2268264566929137
11
6.2317523622047242
21
-4.2868264566929133
0
LINE
8
BLACK
6
CONTINUOUS
10
6.2317523622047242
20
-4.2868264566929133
11
6.2316956299212594
21
-4.2874025196850392
0
LINE
8
BLACK
6
CONTINUOUS
10
6.2316956299212594
20
-4.2874025196850392
11
6.2312547244094487
21
-4.2884669291338584
0
LINE
8
BLACK
6
CONTINUOUS
10
6.2312547244094487
20
-4.2884669291338584
11
6.2304400787401573
21
-4.2892815748031499
0
LINE
8
BLACK
6
CONTINUOUS
10
6.2304400787401573
20
-4.2892815748031499
11
6.229375669291338
21
-4.2897224803149605
0
LINE
8
BLACK
6
CONTINUOUS
10
6.229375669291338
20
-4.2897224803149605
11
6.2282235433070863
21
-4.2897224803149605
0
LINE
8
BLACK
6
CONTINUOUS
10
6.2282235433070863
20
-4.2897224803149605
11
6.2271591338582679
21
-4.2892815748031499
0
LINE
8
BLACK
6
CONTINUOUS
10
6.2271591338582679
20
-4.2892815748031499
11
6.2263444881889765
21
-4.2884669291338584
0
LINE
8
BLACK
6
CONTINUOUS
10
6.2263444881889765
20
-4.2884669291338584
11
6.2259035826771649
21
-4.2874025196850392
0
LINE
8
BLACK
6
CONTINUOUS
10
6.2259035826771649
20
-4.2874025196850392
11
6.225846850393701
21
-4.2868264566929133
0
LINE
8
BLACK
6
CONTINUOUS
10
6.225846850393701
20
-4.2868264566929133
11
6.225846850393701
21
-4.2268264566929137
0
LINE
8
BLACK
6
CONTINUOUS
10
6.225846850393701
20
-4.2268264566929137
11
6.2259035826771649
21
-4.2262503937007869
0
LINE
8
BLACK
6
CONTINUOUS
10
6.2259035826771649
20
-4.2262503937007869
11
6.2263444881889765
21
-4.2251859842519686
0
LINE
8
BLACK
6
CONTINUOUS
10
6.2263444881889765
20
-4.2251859842519686
11
6.2271591338582679
21
-4.2243713385826771
0
LINE
8
BLACK
6
CONTINUOUS
10
6.2271591338582679
20
-4.2243713385826771
11
6.2282235433070863
21
-4.2239304330708665
0
LINE
8
BLACK
6
CONTINUOUS
10
6.2282235433070863
20
-4.2239304330708665
11
6.229375669291338
21
-4.2239304330708665
0
LINE
8
BLACK
6
CONTINUOUS
10
6.229375669291338
20
-4.2239304330708665
11
6.2304400787401573
21
-4.2243713385826771
0
LINE
8
BLACK
6
CONTINUOUS
10
6.3504400787401574
20
-4.2243713385826771
11
6.3512547244094488
21
-4.2251859842519686
0
LINE
8
BLACK
6
CONTINUOUS
10
6.3512547244094488
20
-4.2251859842519686
11
6.3516956299212595
21
-4.2262503937007869
0
LINE
8
BLACK
6
CONTINUOUS
10
6.3516956299212595
20
-4.2262503937007869
11
6.3517523622047243
21
-4.2268264566929137
0
LINE
8
BLACK
6
CONTINUOUS
10
6.3517523622047243
20
-4.2268264566929137
11
6.3517523622047243
21
-4.2868264566929133
0
LINE
8
BLACK
6
CONTINUOUS
10
6.3517523622047243
20
-4.2868264566929133
11
6.3516956299212595
21
-4.2874025196850392
0
LINE
8
BLACK
6
CONTINUOUS
10
6.3516956299212595
20
-4.2874025196850392
11
6.3512547244094488
21
-4.2884669291338584
0
LINE
8
BLACK
6
CONTINUOUS
10
6.3512547244094488
20
-4.2884669291338584
11
6.3504400787401574
21
-4.2892815748031499
0
LINE
8
BLACK
6
CONTINUOUS
10
6.3504400787401574
20
-4.2892815748031499
11
6.3493756692913381
21
-4.2897224803149605
0
LINE
8
BLACK
6
CONTINUOUS
10
6.3493756692913381
20
-4.2897224803149605
11
6.3482235433070864
21
-4.2897224803149605
0
LINE
8
BLACK
6
CONTINUOUS
10
6.3482235433070864
20
-4.2897224803149605
11
6.3471591338582671
21
-4.2892815748031499
0
LINE
8
BLACK
6
CONTINUOUS
10
6.3471591338582671
20
-4.2892815748031499
11
6.3463444881889766
21
-4.2884669291338584
0
LINE
8
BLACK
6
CONTINUOUS
10
6.3463444881889766
20
-4.2884669291338584
11
6.345903582677165
21
-4.2874025196850392
0
LINE
8
BLACK
6
CONTINUOUS
10
6.345903582677165
20
-4.2874025196850392
11
6.3458468503937002
21
-4.2868264566929133
0
LINE
8
BLACK
6
CONTINUOUS
10
6.3458468503937002
20
-4.2868264566929133
11
6.3458468503937002
21
-4.2268264566929137
0
LINE
8
BLACK
6
CONTINUOUS
10
6.3458468503937002
20
-4.2268264566929137
11
6.345903582677165
21
-4.2262503937007869
0
LINE
8
BLACK
6
CONTINUOUS
10
6.345903582677165
20
-4.2262503937007869
11
6.3463444881889766
21
-4.2251859842519686
0
LINE
8
BLACK
6
CONTINUOUS
10
6.3463444881889766
20
-4.2251859842519686
11
6.3471591338582671
21
-4.2243713385826771
0
LINE
8
BLACK
6
CONTINUOUS
10
6.3471591338582671
20
-4.2243713385826771
11
6.3482235433070864
21
-4.2239304330708665
0
LINE
8
BLACK
6
CONTINUOUS
10
6.3482235433070864
20
-4.2239304330708665
11
6.3493756692913381
21
-4.2239304330708665
0
LINE
8
BLACK
6
CONTINUOUS
10
6.3493756692913381
20
-4.2239304330708665
11
6.3504400787401574
21
-4.2243713385826771
0
LINE
8
BLACK
6
CONTINUOUS
10
6.3047035826771651
20
-4.2846440551181102
11
6.3059820078740154
21
-4.2859224803149605
0
LINE
8
BLACK
6
CONTINUOUS
10
6.3059820078740154
20
-4.2859224803149605
11
6.3059820078740154
21
-4.2877304330708661
0
LINE
8
BLACK
6
CONTINUOUS
10
6.3059820078740154
20
-4.2877304330708661
11
6.3047035826771651
21
-4.2890088582677164
0
LINE
8
BLACK
6
CONTINUOUS
10
6.3047035826771651
20
-4.2890088582677164
11
6.3037996062992123
21
-4.2891886614173229
0
LINE
8
BLACK
6
CONTINUOUS
10
6.3037996062992123
20
-4.2891886614173229
11
6.2737996062992121
21
-4.2891886614173229
0
LINE
8
BLACK
6
CONTINUOUS
10
6.2737996062992121
20
-4.2891886614173229
11
6.2728956299212593
21
-4.2890088582677164
0
LINE
8
BLACK
6
CONTINUOUS
10
6.2728956299212593
20
-4.2890088582677164
11
6.271617204724409
21
-4.2877304330708661
0
LINE
8
BLACK
6
CONTINUOUS
10
6.271617204724409
20
-4.2877304330708661
11
6.271617204724409
21
-4.2859224803149605
0
LINE
8
BLACK
6
CONTINUOUS
10
6.271617204724409
20
-4.2859224803149605
11
6.2728956299212593
21
-4.2846440551181102
0
LINE
8
BLACK
6
CONTINUOUS
10
6.2728956299212593
20
-4.2846440551181102
11
6.2737996062992121
21
-4.2844642519685037
0
LINE
8
BLACK
6
CONTINUOUS
10
6.2737996062992121
20
-4.2844642519685037
11
6.3037996062992123
21
-4.2844642519685037
0
LINE
8
BLACK
6
CONTINUOUS
10
6.3037996062992123
20
-4.2844642519685037
11
6.3047035826771651
21
-4.2846440551181102
0
LINE
8
BLACK
6
CONTINUOUS
10
6.0902418897637798
20
-4.2507674409448821
11
6.0907154330708657
21
-4.2507674409448821
0
LINE
8
BLACK
6
CONTINUOUS
10
6.0907154330708657
20
-4.2507674409448821
11
6.0908135039370075
21
-4.2508080708661415
0
LINE
8
BLACK
6
CONTINUOUS
10
6.0908135039370075
20
-4.2508080708661415
11
6.0909192519685034
21
-4.2508155905511806
0
LINE
8
BLACK
6
CONTINUOUS
10
6.0909192519685034
20
-4.2508155905511806
11
6.091342362204724
21
-4.251027125984252
0
LINE
8
BLACK
6
CONTINUOUS
10
6.091342362204724
20
-4.251027125984252
11
6.091779842519685
21
-4.2512083464566928
0
LINE
8
BLACK
6
CONTINUOUS
10
6.091779842519685
20
-4.2512083464566928
11
6.0918548425196848
21
-4.2512833464566926
0
LINE
8
BLACK
6
CONTINUOUS
10
6.0918548425196848
20
-4.2512833464566926
11
6.0919497244094485
21
-4.2513307874015744
0
LINE
8
BLACK
6
CONTINUOUS
10
6.0919497244094485
20
-4.2513307874015744
11
6.0922597244094483
21
-4.251688228346457
0
LINE
8
BLACK
6
CONTINUOUS
10
6.0922597244094483
20
-4.251688228346457
11
6.0925944881889764
21
-4.2520229921259842
0
LINE
8
BLACK
6
CONTINUOUS
10
6.0925944881889764
20
-4.2520229921259842
11
6.0926350787401571
21
-4.2521210236220472
0
LINE
8
BLACK
6
CONTINUOUS
10
6.0926350787401571
20
-4.2521210236220472
11
6.0927046062992121
21
-4.2522011811023619
0
LINE
8
BLACK
6
CONTINUOUS
10
6.0927046062992121
20
-4.2522011811023619
11
6.0928542125984251
21
-4.25265
0
LINE
8
BLACK
6
CONTINUOUS
10
6.0928542125984251
20
-4.25265
11
6.0930353937007871
21
-4.2530874015748035
0
LINE
8
BLACK
6
CONTINUOUS
10
6.0930353937007871
20
-4.2530874015748035
11
6.0930501968503936
21
-4.2532380314960632
0
LINE
8
BLACK
6
CONTINUOUS
10
6.0930501968503936
20
-4.2532380314960632
11
6.0930689370078737
21
-4.2532941732283467
0
LINE
8
BLACK
6
CONTINUOUS
10
6.0930689370078737
20
-4.2532941732283467
11
6.0930633858267713
21
-4.2533718897637796
0
LINE
8
BLACK
6
CONTINUOUS
10
6.0930633858267713
20
-4.2533718897637796
11
6.0930921259842519
21
-4.2536634645669293
0
LINE
8
BLACK
6
CONTINUOUS
10
6.0930921259842519
20
-4.2536634645669293
11
6.0930921259842519
21
-4.2694583464566929
0
LINE
8
BLACK
6
CONTINUOUS
10
6.0930921259842519
20
-4.2694583464566929
11
6.1032627559055115
21
-4.2694583464566929
0
LINE
8
BLACK
6
CONTINUOUS
10
6.1032627559055115
20
-4.2694583464566929
11
6.1038388188976374
21
-4.2695150787401577
0
LINE
8
BLACK
6
CONTINUOUS
10
6.1038388188976374
20
-4.2695150787401577
11
6.1049032283464566
21
-4.2699559842519683
0
LINE
8
BLACK
6
CONTINUOUS
10
6.1049032283464566
20
-4.2699559842519683
11
6.1057178740157481
21
-4.2707706299212598
0
LINE
8
BLACK
6
CONTINUOUS
10
6.1057178740157481
20
-4.2707706299212598
11
6.1061587795275587
21
-4.271835039370079
0
LINE
8
BLACK
6
CONTINUOUS
10
6.1061587795275587
20
-4.271835039370079
11
6.1061587795275587
21
-4.2729871653543308
0
LINE
8
BLACK
6
CONTINUOUS
10
6.1061587795275587
20
-4.2729871653543308
11
6.1057178740157481
21
-4.2740515748031491
0
LINE
8
BLACK
6
CONTINUOUS
10
6.1057178740157481
20
-4.2740515748031491
11
6.1049032283464566
21
-4.2748662204724406
0
LINE
8
BLACK
6
CONTINUOUS
10
6.1049032283464566
20
-4.2748662204724406
11
6.1038388188976374
21
-4.2753071259842521
0
LINE
8
BLACK
6
CONTINUOUS
10
6.1038388188976374
20
-4.2753071259842521
11
6.1032627559055115
21
-4.275363858267716
0
LINE
8
BLACK
6
CONTINUOUS
10
6.1032627559055115
20
-4.275363858267716
11
6.0930921259842519
21
-4.275363858267716
0
LINE
8
BLACK
6
CONTINUOUS
10
6.0930921259842519
20
-4.275363858267716
11
6.0930921259842519
21
-4.2780353937007876
0
LINE
8
BLACK
6
CONTINUOUS
10
6.0930921259842519
20
-4.2780353937007876
11
6.0930353937007871
21
-4.2786114566929134
0
LINE
8
BLACK
6
CONTINUOUS
10
6.0930353937007871
20
-4.2786114566929134
11
6.0925944881889764
21
-4.2796758661417318
0
LINE
8
BLACK
6
CONTINUOUS
10
6.0925944881889764
20
-4.2796758661417318
11
6.091779842519685
21
-4.2804905118110232
0
LINE
8
BLACK
6
CONTINUOUS
10
6.091779842519685
20
-4.2804905118110232
11
6.0907154330708657
21
-4.2809314173228348
0
LINE
8
BLACK
6
CONTINUOUS
10
6.0907154330708657
20
-4.2809314173228348
11
6.089563307086614
21
-4.2809314173228348
0
LINE
8
BLACK
6
CONTINUOUS
10
6.089563307086614
20
-4.2809314173228348
11
6.0884988976377947
21
-4.2804905118110232
0
LINE
8
BLACK
6
CONTINUOUS
10
6.0884988976377947
20
-4.2804905118110232
11
6.0876842519685042
21
-4.2796758661417318
0
LINE
8
BLACK
6
CONTINUOUS
10
6.0876842519685042
20
-4.2796758661417318
11
6.0872433464566926
21
-4.2786114566929134
0
LINE
8
BLACK
6
CONTINUOUS
10
6.0872433464566926
20
-4.2786114566929134
11
6.0871866141732278
21
-4.2780353937007876
0
LINE
8
BLACK
6
CONTINUOUS
10
6.0871866141732278
20
-4.2780353937007876
11
6.0871866141732278
21
-4.275363858267716
0
LINE
8
BLACK
6
CONTINUOUS
10
6.0871866141732278
20
-4.275363858267716
11
6.077016023622047
21
-4.275363858267716
0
LINE
8
BLACK
6
CONTINUOUS
10
6.077016023622047
20
-4.275363858267716
11
6.0764399606299211
21
-4.2753071259842521
0
LINE
8
BLACK
6
CONTINUOUS
10
6.0764399606299211
20
-4.2753071259842521
11
6.0753755511811018
21
-4.2748662204724406
0
LINE
8
BLACK
6
CONTINUOUS
10
6.0753755511811018
20
-4.2748662204724406
11
6.0745609055118113
21
-4.2740515748031491
0
LINE
8
BLACK
6
CONTINUOUS
10
6.0745609055118113
20
-4.2740515748031491
11
6.0741199999999997
21
-4.2729871653543308
0
LINE
8
BLACK
6
CONTINUOUS
10
6.0741199999999997
20
-4.2729871653543308
11
6.0741199999999997
21
-4.271835039370079
0
LINE
8
BLACK
6
CONTINUOUS
10
6.0741199999999997
20
-4.271835039370079
11
6.0745609055118113
21
-4.2707706299212598
0
LINE
8
BLACK
6
CONTINUOUS
10
6.0745609055118113
20
-4.2707706299212598
11
6.0753755511811018
21
-4.2699559842519683
0
LINE
8
BLACK
6
CONTINUOUS
10
6.0753755511811018
20
-4.2699559842519683
11
6.0764399606299211
21
-4.2695150787401577
0
LINE
8
BLACK
6
CONTINUOUS
10
6.0764399606299211
20
-4.2695150787401577
11
6.077016023622047
21
-4.2694583464566929
0
LINE
8
BLACK
6
CONTINUOUS
10
6.077016023622047
20
-4.2694583464566929
11
6.0871866141732278
21
-4.2694583464566929
0
LINE
8
BLACK
6
CONTINUOUS
10
6.0871866141732278
20
-4.2694583464566929
11
6.0871866141732278
21
-4.2577601574803152
0
LINE
8
BLACK
6
CONTINUOUS
10
6.0871866141732278
20
-4.2577601574803152
11
6.0629516535433066
21
-4.2658385039370081
0
LINE
8
BLACK
6
CONTINUOUS
10
6.0629516535433066
20
-4.2658385039370081
11
6.0623872047244092
21
-4.2659668503937009
0
LINE
8
BLACK
6
CONTINUOUS
10
6.0623872047244092
20
-4.2659668503937009
11
6.0612379921259842
21
-4.2658851574803149
0
LINE
8
BLACK
6
CONTINUOUS
10
6.0612379921259842
20
-4.2658851574803149
11
6.0602075590551179
21
-4.2653699606299211
0
LINE
8
BLACK
6
CONTINUOUS
10
6.0602075590551179
20
-4.2653699606299211
11
6.0594526771653543
21
-4.2644996062992124
0
LINE
8
BLACK
6
CONTINUOUS
10
6.0594526771653543
20
-4.2644996062992124
11
6.0590883464566927
21
-4.2634065748031498
0
LINE
8
BLACK
6
CONTINUOUS
10
6.0590883464566927
20
-4.2634065748031498
11
6.0591700393700787
21
-4.262257362204724
0
LINE
8
BLACK
6
CONTINUOUS
10
6.0591700393700787
20
-4.262257362204724
11
6.0596852362204725
21
-4.2612269291338585
0
LINE
8
BLACK
6
CONTINUOUS
10
6.0596852362204725
20
-4.2612269291338585
11
6.0605555905511812
21
-4.260472047244094
0
LINE
8
BLACK
6
CONTINUOUS
10
6.0605555905511812
20
-4.260472047244094
11
6.0610841732283465
21
-4.2602360629921261
0
LINE
8
BLACK
6
CONTINUOUS
10
6.0610841732283465
20
-4.2602360629921261
11
6.089205590551181
21
-4.2508622440944883
0
LINE
8
BLACK
6
CONTINUOUS
10
6.089205590551181
20
-4.2508622440944883
11
6.089491220472441
21
-4.2507972834645669
0
LINE
8
BLACK
6
CONTINUOUS
10
6.089491220472441
20
-4.2507972834645669
11
6.089563307086614
21
-4.2507674409448821
0
LINE
8
BLACK
6
CONTINUOUS
10
6.089563307086614
20
-4.2507674409448821
11
6.0896225196850393
21
-4.2507674409448821
0
LINE
8
BLACK
6
CONTINUOUS
10
6.0896225196850393
20
-4.2507674409448821
11
6.0897700393700784
21
-4.2507338976377955
0
LINE
8
BLACK
6
CONTINUOUS
10
6.0897700393700784
20
-4.2507338976377955
11
6.0902418897637798
21
-4.2507674409448821
0
LINE
8
BLACK
6
CONTINUOUS
10
6.1206097637795276
20
-4.1961415748031499
11
6.1207895669291341
21
-4.1970455511811027
0
LINE
8
BLACK
6
CONTINUOUS
10
6.1207895669291341
20
-4.1970455511811027
11
6.1207895669291341
21
-4.2718487007874018
0
LINE
8
BLACK
6
CONTINUOUS
10
6.1207895669291341
20
-4.2718487007874018
11
6.1206097637795276
21
-4.2727526771653546
0
LINE
8
BLACK
6
CONTINUOUS
10
6.1206097637795276
20
-4.2727526771653546
11
6.1193313385826773
21
-4.2740311023622048
0
LINE
8
BLACK
6
CONTINUOUS
10
6.1193313385826773
20
-4.2740311023622048
11
6.1175233858267717
21
-4.2740311023622048
0
LINE
8
BLACK
6
CONTINUOUS
10
6.1175233858267717
20
-4.2740311023622048
11
6.1162449606299214
21
-4.2727526771653546
0
LINE
8
BLACK
6
CONTINUOUS
10
6.1162449606299214
20
-4.2727526771653546
11
6.1160651574803149
21
-4.2718487007874018
0
LINE
8
BLACK
6
CONTINUOUS
10
6.1160651574803149
20
-4.2718487007874018
11
6.1160651574803149
21
-4.1970455511811027
0
LINE
8
BLACK
6
CONTINUOUS
10
6.1160651574803149
20
-4.1970455511811027
11
6.1162449606299214
21
-4.1961415748031499
0
LINE
8
BLACK
6
CONTINUOUS
10
6.1162449606299214
20
-4.1961415748031499
11
6.1175233858267717
21
-4.1948631496062987
0
LINE
8
BLACK
6
CONTINUOUS
10
6.1175233858267717
20
-4.1948631496062987
11
6.1193313385826773
21
-4.1948631496062987
0
LINE
8
BLACK
6
CONTINUOUS
10
6.1193313385826773
20
-4.1948631496062987
11
6.1206097637795276
21
-4.1961415748031499
0
LINE
8
BLACK
6
CONTINUOUS
10
6.2119483464566931
20
-4.2158266141732286
11
6.2121281496062988
21
-4.2167305905511814
0
LINE
8
BLACK
6
CONTINUOUS
10
6.2121281496062988
20
-4.2167305905511814
11
6.2121281496062988
21
-4.2718487007874018
0
LINE
8
BLACK
6
CONTINUOUS
10
6.2121281496062988
20
-4.2718487007874018
11
6.2119483464566931
21
-4.2727526771653546
0
LINE
8
BLACK
6
CONTINUOUS
10
6.2119483464566931
20
-4.2727526771653546
11
6.210669921259842
21
-4.2740311023622048
0
LINE
8
BLACK
6
CONTINUOUS
10
6.210669921259842
20
-4.2740311023622048
11
6.2088619685039372
21
-4.2740311023622048
0
LINE
8
BLACK
6
CONTINUOUS
10
6.2088619685039372
20
-4.2740311023622048
11
6.2075835433070861
21
-4.2727526771653546
0
LINE
8
BLACK
6
CONTINUOUS
10
6.2075835433070861
20
-4.2727526771653546
11
6.2074037401574804
21
-4.2718487007874018
0
LINE
8
BLACK
6
CONTINUOUS
10
6.2074037401574804
20
-4.2718487007874018
11
6.2074037401574804
21
-4.2167305905511814
0
LINE
8
BLACK
6
CONTINUOUS
10
6.2074037401574804
20
-4.2167305905511814
11
6.2075835433070861
21
-4.2158266141732286
0
LINE
8
BLACK
6
CONTINUOUS
10
6.2075835433070861
20
-4.2158266141732286
11
6.2088619685039372
21
-4.2145481889763783
0
LINE
8
BLACK
6
CONTINUOUS
10
6.2088619685039372
20
-4.2145481889763783
11
6.210669921259842
21
-4.2145481889763783
0
LINE
8
BLACK
6
CONTINUOUS
10
6.210669921259842
20
-4.2145481889763783
11
6.2119483464566931
21
-4.2158266141732286
0
LINE
8
BLACK
6
CONTINUOUS
10
5.9358652362204722
20
-4.2029937795275591
11
5.9366798818897637
21
-4.2038084251968506
0
LINE
8
BLACK
6
CONTINUOUS
10
5.9366798818897637
20
-4.2038084251968506
11
5.9371207874015743
21
-4.204872834645669
0
LINE
8
BLACK
6
CONTINUOUS
10
5.9371207874015743
20
-4.204872834645669
11
5.9371775196850392
21
-4.2054488976377948
0
LINE
8
BLACK
6
CONTINUOUS
10
5.9371775196850392
20
-4.2054488976377948
11
5.9371775196850392
21
-4.2654488976377953
0
LINE
8
BLACK
6
CONTINUOUS
10
5.9371775196850392
20
-4.2654488976377953
11
5.9371207874015743
21
-4.2660249606299212
0
LINE
8
BLACK
6
CONTINUOUS
10
5.9371207874015743
20
-4.2660249606299212
11
5.9366798818897637
21
-4.2670893700787405
0
LINE
8
BLACK
6
CONTINUOUS
10
5.9366798818897637
20
-4.2670893700787405
11
5.9358652362204722
21
-4.267904015748031
0
LINE
8
BLACK
6
CONTINUOUS
10
5.9358652362204722
20
-4.267904015748031
11
5.934800826771653
21
-4.2683449212598426
0
LINE
8
BLACK
6
CONTINUOUS
10
5.934800826771653
20
-4.2683449212598426
11
5.9336487007874013
21
-4.2683449212598426
0
LINE
8
BLACK
6
CONTINUOUS
10
5.9336487007874013
20
-4.2683449212598426
11
5.9325842913385829
21
-4.267904015748031
0
LINE
8
BLACK
6
CONTINUOUS
10
5.9325842913385829
20
-4.267904015748031
11
5.9317696456692914
21
-4.2670893700787405
0
LINE
8
BLACK
6
CONTINUOUS
10
5.9317696456692914
20
-4.2670893700787405
11
5.9313287401574799
21
-4.2660249606299212
0
LINE
8
BLACK
6
CONTINUOUS
10
5.9313287401574799
20
-4.2660249606299212
11
5.931272007874016
21
-4.2654488976377953
0
LINE
8
BLACK
6
CONTINUOUS
10
5.931272007874016
20
-4.2654488976377953
11
5.931272007874016
21
-4.2054488976377948
0
LINE
8
BLACK
6
CONTINUOUS
10
5.931272007874016
20
-4.2054488976377948
11
5.9313287401574799
21
-4.204872834645669
0
LINE
8
BLACK
6
CONTINUOUS
10
5.9313287401574799
20
-4.204872834645669
11
5.9317696456692914
21
-4.2038084251968506
0
LINE
8
BLACK
6
CONTINUOUS
10
5.9317696456692914
20
-4.2038084251968506
11
5.9325842913385829
21
-4.2029937795275591
0
LINE
8
BLACK
6
CONTINUOUS
10
5.9325842913385829
20
-4.2029937795275591
11
5.9336487007874013
21
-4.2025528740157476
0
LINE
8
BLACK
6
CONTINUOUS
10
5.9336487007874013
20
-4.2025528740157476
11
5.934800826771653
21
-4.2025528740157476
0
LINE
8
BLACK
6
CONTINUOUS
10
5.934800826771653
20
-4.2025528740157476
11
5.9358652362204722
21
-4.2029937795275591
0
LINE
8
BLACK
6
CONTINUOUS
10
6.0558652362204723
20
-4.2029937795275591
11
6.0566798818897638
21
-4.2038084251968506
0
LINE
8
BLACK
6
CONTINUOUS
10
6.0566798818897638
20
-4.2038084251968506
11
6.0571207874015744
21
-4.204872834645669
0
LINE
8
BLACK
6
CONTINUOUS
10
6.0571207874015744
20
-4.204872834645669
11
6.0571775196850393
21
-4.2054488976377948
0
LINE
8
BLACK
6
CONTINUOUS
10
6.0571775196850393
20
-4.2054488976377948
11
6.0571775196850393
21
-4.2654488976377953
0
LINE
8
BLACK
6
CONTINUOUS
10
6.0571775196850393
20
-4.2654488976377953
11
6.0571207874015744
21
-4.2660249606299212
0
LINE
8
BLACK
6
CONTINUOUS
10
6.0571207874015744
20
-4.2660249606299212
11
6.0566798818897638
21
-4.2670893700787405
0
LINE
8
BLACK
6
CONTINUOUS
10
6.0566798818897638
20
-4.2670893700787405
11
6.0558652362204723
21
-4.267904015748031
0
LINE
8
BLACK
6
CONTINUOUS
10
6.0558652362204723
20
-4.267904015748031
11
6.0548008267716531
21
-4.2683449212598426
0
LINE
8
BLACK
6
CONTINUOUS
10
6.0548008267716531
20
-4.2683449212598426
11
6.0536487007874014
21
-4.2683449212598426
0
LINE
8
BLACK
6
CONTINUOUS
10
6.0536487007874014
20
-4.2683449212598426
11
6.0525842913385821
21
-4.267904015748031
0
LINE
8
BLACK
6
CONTINUOUS
10
6.0525842913385821
20
-4.267904015748031
11
6.0517696456692915
21
-4.2670893700787405
0
LINE
8
BLACK
6
CONTINUOUS
10
6.0517696456692915
20
-4.2670893700787405
11
6.05132874015748
21
-4.2660249606299212
0
LINE
8
BLACK
6
CONTINUOUS
10
6.05132874015748
20
-4.2660249606299212
11
6.0512720078740152
21
-4.2654488976377953
0
LINE
8
BLACK
6
CONTINUOUS
10
6.0512720078740152
20
-4.2654488976377953
11
6.0512720078740152
21
-4.2054488976377948
0
LINE
8
BLACK
6
CONTINUOUS
10
6.0512720078740152
20
-4.2054488976377948
11
6.05132874015748
21
-4.204872834645669
0
LINE
8
BLACK
6
CONTINUOUS
10
6.05132874015748
20
-4.204872834645669
11
6.0517696456692915
21
-4.2038084251968506
0
LINE
8
BLACK
6
CONTINUOUS
10
6.0517696456692915
20
-4.2038084251968506
11
6.0525842913385821
21
-4.2029937795275591
0
LINE
8
BLACK
6
CONTINUOUS
10
6.0525842913385821
20
-4.2029937795275591
11
6.0536487007874014
21
-4.2025528740157476
0
LINE
8
BLACK
6
CONTINUOUS
10
6.0536487007874014
20
-4.2025528740157476
11
6.0548008267716531
21
-4.2025528740157476
0
LINE
8
BLACK
6
CONTINUOUS
10
6.0548008267716531
20
-4.2025528740157476
11
6.0558652362204723
21
-4.2029937795275591
0
LINE
8
BLACK
6
CONTINUOUS
10
6.0101287401574801
20
-4.2632664960629922
11
6.0114071653543304
21
-4.2645449212598425
0
LINE
8
BLACK
6
CONTINUOUS
10
6.0114071653543304
20
-4.2645449212598425
11
6.0114071653543304
21
-4.2663528740157481
0
LINE
8
BLACK
6
CONTINUOUS
10
6.0114071653543304
20
-4.2663528740157481
11
6.0101287401574801
21
-4.2676312992125984
0
LINE
8
BLACK
6
CONTINUOUS
10
6.0101287401574801
20
-4.2676312992125984
11
6.0092247637795273
21
-4.267811102362205
0
LINE
8
BLACK
6
CONTINUOUS
10
6.0092247637795273
20
-4.267811102362205
11
5.9792247637795271
21
-4.267811102362205
0
LINE
8
BLACK
6
CONTINUOUS
10
5.9792247637795271
20
-4.267811102362205
11
5.9783207874015742
21
-4.2676312992125984
0
LINE
8
BLACK
6
CONTINUOUS
10
5.9783207874015742
20
-4.2676312992125984
11
5.977042362204724
21
-4.2663528740157481
0
LINE
8
BLACK
6
CONTINUOUS
10
5.977042362204724
20
-4.2663528740157481
11
5.977042362204724
21
-4.2645449212598425
0
LINE
8
BLACK
6
CONTINUOUS
10
5.977042362204724
20
-4.2645449212598425
11
5.9783207874015742
21
-4.2632664960629922
0
LINE
8
BLACK
6
CONTINUOUS
10
5.9783207874015742
20
-4.2632664960629922
11
5.9792247637795271
21
-4.2630866929133857
0
LINE
8
BLACK
6
CONTINUOUS
10
5.9792247637795271
20
-4.2630866929133857
11
6.0092247637795273
21
-4.2630866929133857
0
LINE
8
BLACK
6
CONTINUOUS
10
6.0092247637795273
20
-4.2630866929133857
11
6.0101287401574801
21
-4.2632664960629922
0
LINE
8
BLACK
6
CONTINUOUS
10
5.9096584645669292
20
-4.2548831889763781
11
5.9107228740157476
21
-4.2553240944881887
0
LINE
8
BLACK
6
CONTINUOUS
10
5.9107228740157476
20
-4.2553240944881887
11
5.911537519685039
21
-4.2561387401574802
0
LINE
8
BLACK
6
CONTINUOUS
10
5.911537519685039
20
-4.2561387401574802
11
5.9119784251968506
21
-4.2572031496062994
0
LINE
8
BLACK
6
CONTINUOUS
10
5.9119784251968506
20
-4.2572031496062994
11
5.9119784251968506
21
-4.2583552755905512
0
LINE
8
BLACK
6
CONTINUOUS
10
5.9119784251968506
20
-4.2583552755905512
11
5.911537519685039
21
-4.2594196850393704
0
LINE
8
BLACK
6
CONTINUOUS
10
5.911537519685039
20
-4.2594196850393704
11
5.9107228740157476
21
-4.260234330708661
0
LINE
8
BLACK
6
CONTINUOUS
10
5.9107228740157476
20
-4.260234330708661
11
5.9096584645669292
21
-4.2606752362204725
0
LINE
8
BLACK
6
CONTINUOUS
10
5.9096584645669292
20
-4.2606752362204725
11
5.9090824015748034
21
-4.2607319685039373
0
LINE
8
BLACK
6
CONTINUOUS
10
5.9090824015748034
20
-4.2607319685039373
11
5.8490824015748029
21
-4.2607319685039373
0
LINE
8
BLACK
6
CONTINUOUS
10
5.8490824015748029
20
-4.2607319685039373
11
5.848506338582677
21
-4.2606752362204725
0
LINE
8
BLACK
6
CONTINUOUS
10
5.848506338582677
20
-4.2606752362204725
11
5.8474419291338577
21
-4.260234330708661
0
LINE
8
BLACK
6
CONTINUOUS
10
5.8474419291338577
20
-4.260234330708661
11
5.8466272834645672
21
-4.2594196850393704
0
LINE
8
BLACK
6
CONTINUOUS
10
5.8466272834645672
20
-4.2594196850393704
11
5.8461863779527556
21
-4.2583552755905512
0
LINE
8
BLACK
6
CONTINUOUS
10
5.8461863779527556
20
-4.2583552755905512
11
5.8461863779527556
21
-4.2572031496062994
0
LINE
8
BLACK
6
CONTINUOUS
10
5.8461863779527556
20
-4.2572031496062994
11
5.8466272834645672
21
-4.2561387401574802
0
LINE
8
BLACK
6
CONTINUOUS
10
5.8466272834645672
20
-4.2561387401574802
11
5.8474419291338577
21
-4.2553240944881887
0
LINE
8
BLACK
6
CONTINUOUS
10
5.8474419291338577
20
-4.2553240944881887
11
5.848506338582677
21
-4.2548831889763781
0
LINE
8
BLACK
6
CONTINUOUS
10
5.848506338582677
20
-4.2548831889763781
11
5.8490824015748029
21
-4.2548264566929133
0
LINE
8
BLACK
6
CONTINUOUS
10
5.8490824015748029
20
-4.2548264566929133
11
5.9090824015748034
21
-4.2548264566929133
0
LINE
8
BLACK
6
CONTINUOUS
10
5.9090824015748034
20
-4.2548264566929133
11
5.9096584645669292
21
-4.2548831889763781
0
LINE
8
BLACK
6
CONTINUOUS
10
6.0963397244094484
20
-4.2113973622047247
11
6.0964377165354326
21
-4.2114379527559054
0
LINE
8
BLACK
6
CONTINUOUS
10
6.0964377165354326
20
-4.2114379527559054
11
6.096543543307086
21
-4.2114454724409445
0
LINE
8
BLACK
6
CONTINUOUS
10
6.096543543307086
20
-4.2114454724409445
11
6.0970841732283461
21
-4.2116523622047239
0
LINE
8
BLACK
6
CONTINUOUS
10
6.0970841732283461
20
-4.2116523622047239
11
6.1008337007874012
21
-4.2135271259842515
0
LINE
8
BLACK
6
CONTINUOUS
10
6.1008337007874012
20
-4.2135271259842515
11
6.1010815748031497
21
-4.2136831496062994
0
LINE
8
BLACK
6
CONTINUOUS
10
6.1010815748031497
20
-4.2136831496062994
11
6.101153622047244
21
-4.2137129921259842
0
LINE
8
BLACK
6
CONTINUOUS
10
6.101153622047244
20
-4.2137129921259842
11
6.1012346456692912
21
-4.2137794881889761
0
LINE
8
BLACK
6
CONTINUOUS
10
6.1012346456692912
20
-4.2137794881889761
11
6.101323582677165
21
-4.2138354724409446
0
LINE
8
BLACK
6
CONTINUOUS
10
6.101323582677165
20
-4.2138354724409446
11
6.1013747244094487
21
-4.2138944488188974
0
LINE
8
BLACK
6
CONTINUOUS
10
6.1013747244094487
20
-4.2138944488188974
11
6.1016010629921258
21
-4.2140801968503938
0
LINE
8
BLACK
6
CONTINUOUS
10
6.1016010629921258
20
-4.2140801968503938
11
6.1034758661417321
21
-4.2159549606299214
0
LINE
8
BLACK
6
CONTINUOUS
10
6.1034758661417321
20
-4.2159549606299214
11
6.1036616141732285
21
-4.2161812992125984
0
LINE
8
BLACK
6
CONTINUOUS
10
6.1036616141732285
20
-4.2161812992125984
11
6.1037206692913388
21
-4.2162325196850396
0
LINE
8
BLACK
6
CONTINUOUS
10
6.1037206692913388
20
-4.2162325196850396
11
6.1037766535433073
21
-4.2163214566929135
0
LINE
8
BLACK
6
CONTINUOUS
10
6.1037766535433073
20
-4.2163214566929135
11
6.1038431102362205
21
-4.2164024409448819
0
LINE
8
BLACK
6
CONTINUOUS
10
6.1038431102362205
20
-4.2164024409448819
11
6.1038729133858265
21
-4.2164743700787399
0
LINE
8
BLACK
6
CONTINUOUS
10
6.1038729133858265
20
-4.2164743700787399
11
6.104029015748031
21
-4.2167224015748035
0
LINE
8
BLACK
6
CONTINUOUS
10
6.104029015748031
20
-4.2167224015748035
11
6.1059037795275586
21
-4.2204719291338586
0
LINE
8
BLACK
6
CONTINUOUS
10
6.1059037795275586
20
-4.2204719291338586
11
6.1061106692913381
21
-4.221012519685039
0
LINE
8
BLACK
6
CONTINUOUS
10
6.1061106692913381
20
-4.221012519685039
11
6.106118188976378
21
-4.2211183858267711
0
LINE
8
BLACK
6
CONTINUOUS
10
6.106118188976378
20
-4.2211183858267711
11
6.1061587795275587
21
-4.2212163779527554
0
LINE
8
BLACK
6
CONTINUOUS
10
6.1061587795275587
20
-4.2212163779527554
11
6.1062155118110235
21
-4.2217924409448822
0
LINE
8
BLACK
6
CONTINUOUS
10
6.1062155118110235
20
-4.2217924409448822
11
6.1062155118110235
21
-4.2292914960629924
0
LINE
8
BLACK
6
CONTINUOUS
10
6.1062155118110235
20
-4.2292914960629924
11
6.1061587795275587
21
-4.2298675590551182
0
LINE
8
BLACK
6
CONTINUOUS
10
6.1061587795275587
20
-4.2298675590551182
11
6.106118188976378
21
-4.2299655118110238
0
LINE
8
BLACK
6
CONTINUOUS
10
6.106118188976378
20
-4.2299655118110238
11
6.1061106692913381
21
-4.2300714173228346
0
LINE
8
BLACK
6
CONTINUOUS
10
6.1061106692913381
20
-4.2300714173228346
11
6.1059037795275586
21
-4.2306120078740159
0
LINE
8
BLACK
6
CONTINUOUS
10
6.1059037795275586
20
-4.2306120078740159
11
6.104029015748031
21
-4.234361535433071
0
LINE
8
BLACK
6
CONTINUOUS
10
6.104029015748031
20
-4.234361535433071
11
6.1038729133858265
21
-4.234609527559055
0
LINE
8
BLACK
6
CONTINUOUS
10
6.1038729133858265
20
-4.234609527559055
11
6.1038431102362205
21
-4.2346814960629917
0
LINE
8
BLACK
6
CONTINUOUS
10
6.1038431102362205
20
-4.2346814960629917
11
6.1037766535433073
21
-4.2347624409448814
0
LINE
8
BLACK
6
CONTINUOUS
10
6.1037766535433073
20
-4.2347624409448814
11
6.1037206692913388
21
-4.2348514173228349
0
LINE
8
BLACK
6
CONTINUOUS
10
6.1037206692913388
20
-4.2348514173228349
11
6.1036616141732285
21
-4.2349025984251965
0
LINE
8
BLACK
6
CONTINUOUS
10
6.1036616141732285
20
-4.2349025984251965
11
6.1034758661417321
21
-4.2351289763779523
0
LINE
8
BLACK
6
CONTINUOUS
10
6.1034758661417321
20
-4.2351289763779523
11
6.1016010629921258
21
-4.2370037401574798
0
LINE
8
BLACK
6
CONTINUOUS
10
6.1016010629921258
20
-4.2370037401574798
11
6.1013747244094487
21
-4.2371894488188975
0
LINE
8
BLACK
6
CONTINUOUS
10
6.1013747244094487
20
-4.2371894488188975
11
6.101323582677165
21
-4.2372484645669291
0
LINE
8
BLACK
6
CONTINUOUS
10
6.101323582677165
20
-4.2372484645669291
11
6.1012346456692912
21
-4.2373044094488188
0
LINE
8
BLACK
6
CONTINUOUS
10
6.1012346456692912
20
-4.2373044094488188
11
6.101153622047244
21
-4.2373709448818895
0
LINE
8
BLACK
6
CONTINUOUS
10
6.101153622047244
20
-4.2373709448818895
11
6.1010815748031497
21
-4.2374007480314964
0
LINE
8
BLACK
6
CONTINUOUS
10
6.1010815748031497
20
-4.2374007480314964
11
6.1008337007874012
21
-4.2375568110236221
0
LINE
8
BLACK
6
CONTINUOUS
10
6.1008337007874012
20
-4.2375568110236221
11
6.0970841732283461
21
-4.2394315748031497
0
LINE
8
BLACK
6
CONTINUOUS
10
6.0970841732283461
20
-4.2394315748031497
11
6.096543543307086
21
-4.2396384645669292
0
LINE
8
BLACK
6
CONTINUOUS
10
6.096543543307086
20
-4.2396384645669292
11
6.0964377165354326
21
-4.2396459448818895
0
LINE
8
BLACK
6
CONTINUOUS
10
6.0964377165354326
20
-4.2396459448818895
11
6.0963397244094484
21
-4.2396865748031498
0
LINE
8
BLACK
6
CONTINUOUS
10
6.0963397244094484
20
-4.2396865748031498
11
6.0957636614173225
21
-4.2397433070866137
0
LINE
8
BLACK
6
CONTINUOUS
10
6.0957636614173225
20
-4.2397433070866137
11
6.0638926771653541
21
-4.2397433070866137
0
LINE
8
BLACK
6
CONTINUOUS
10
6.0638926771653541
20
-4.2397433070866137
11
6.0633166141732282
21
-4.2396865748031498
0
LINE
8
BLACK
6
CONTINUOUS
10
6.0633166141732282
20
-4.2396865748031498
11
6.062252204724409
21
-4.2392456692913383
0
LINE
8
BLACK
6
CONTINUOUS
10
6.062252204724409
20
-4.2392456692913383
11
6.0614375590551184
21
-4.2384310236220468
0
LINE
8
BLACK
6
CONTINUOUS
10
6.0614375590551184
20
-4.2384310236220468
11
6.0609966535433069
21
-4.2373666141732285
0
LINE
8
BLACK
6
CONTINUOUS
10
6.0609966535433069
20
-4.2373666141732285
11
6.0609966535433069
21
-4.2362144881889767
0
LINE
8
BLACK
6
CONTINUOUS
10
6.0609966535433069
20
-4.2362144881889767
11
6.0614375590551184
21
-4.2351500787401575
0
LINE
8
BLACK
6
CONTINUOUS
10
6.0614375590551184
20
-4.2351500787401575
11
6.062252204724409
21
-4.234335433070866
0
LINE
8
BLACK
6
CONTINUOUS
10
6.062252204724409
20
-4.234335433070866
11
6.0633166141732282
21
-4.2338945275590554
0
LINE
8
BLACK
6
CONTINUOUS
10
6.0633166141732282
20
-4.2338945275590554
11
6.0638926771653541
21
-4.2338377952755906
0
LINE
8
BLACK
6
CONTINUOUS
10
6.0638926771653541
20
-4.2338377952755906
11
6.0950666141732279
21
-4.2338377952755906
0
LINE
8
BLACK
6
CONTINUOUS
10
6.0950666141732279
20
-4.2338377952755906
11
6.0977640944881886
21
-4.2324890157480315
0
LINE
8
BLACK
6
CONTINUOUS
10
6.0977640944881886
20
-4.2324890157480315
11
6.0989612598425191
21
-4.2312918897637797
0
LINE
8
BLACK
6
CONTINUOUS
10
6.0989612598425191
20
-4.2312918897637797
11
6.1003099999999995
21
-4.2285944488188978
0
LINE
8
BLACK
6
CONTINUOUS
10
6.1003099999999995
20
-4.2285944488188978
11
6.1003099999999995
21
-4.2224894881889758
0
LINE
8
BLACK
6
CONTINUOUS
10
6.1003099999999995
20
-4.2224894881889758
11
6.0989612598425191
21
-4.2197920078740161
0
LINE
8
BLACK
6
CONTINUOUS
10
6.0989612598425191
20
-4.2197920078740161
11
6.0977640944881886
21
-4.2185948818897634
0
LINE
8
BLACK
6
CONTINUOUS
10
6.0977640944881886
20
-4.2185948818897634
11
6.0950666141732279
21
-4.2172461417322831
0
LINE
8
BLACK
6
CONTINUOUS
10
6.0950666141732279
20
-4.2172461417322831
11
6.0638926771653541
21
-4.2172461417322831
0
LINE
8
BLACK
6
CONTINUOUS
10
6.0638926771653541
20
-4.2172461417322831
11
6.0633166141732282
21
-4.2171894094488191
0
LINE
8
BLACK
6
CONTINUOUS
10
6.0633166141732282
20
-4.2171894094488191
11
6.062252204724409
21
-4.2167485039370076
0
LINE
8
BLACK
6
CONTINUOUS
10
6.062252204724409
20
-4.2167485039370076
11
6.0614375590551184
21
-4.2159338582677162
0
LINE
8
BLACK
6
CONTINUOUS
10
6.0614375590551184
20
-4.2159338582677162
11
6.0609966535433069
21
-4.2148694488188978
0
LINE
8
BLACK
6
CONTINUOUS
10
6.0609966535433069
20
-4.2148694488188978
11
6.0609966535433069
21
-4.2137173228346452
0
LINE
8
BLACK
6
CONTINUOUS
10
6.0609966535433069
20
-4.2137173228346452
11
6.0614375590551184
21
-4.2126529133858268
0
LINE
8
BLACK
6
CONTINUOUS
10
6.0614375590551184
20
-4.2126529133858268
11
6.062252204724409
21
-4.2118382677165354
0
LINE
8
BLACK
6
CONTINUOUS
10
6.062252204724409
20
-4.2118382677165354
11
6.0633166141732282
21
-4.2113973622047247
0
LINE
8
BLACK
6
CONTINUOUS
10
6.0633166141732282
20
-4.2113973622047247
11
6.0638926771653541
21
-4.2113406299212599
0
LINE
8
BLACK
6
CONTINUOUS
10
6.0638926771653541
20
-4.2113406299212599
11
6.0957636614173225
21
-4.2113406299212599
0
LINE
8
BLACK
6
CONTINUOUS
10
6.0957636614173225
20
-4.2113406299212599
11
6.0963397244094484
21
-4.2113973622047247
0
LINE
8
BLACK
6
CONTINUOUS
10
4.9833055511811022
20
-4.2327388582677168
11
4.9845839763779525
21
-4.2340172834645671
0
LINE
8
BLACK
6
CONTINUOUS
10
4.9845839763779525
20
-4.2340172834645671
11
4.9845839763779525
21
-4.2358252362204727
0
LINE
8
BLACK
6
CONTINUOUS
10
4.9845839763779525
20
-4.2358252362204727
11
4.9833055511811022
21
-4.237103661417323
0
LINE
8
BLACK
6
CONTINUOUS
10
4.9833055511811022
20
-4.237103661417323
11
4.9824015748031494
21
-4.2372834645669286
0
LINE
8
BLACK
6
CONTINUOUS
10
4.9824015748031494
20
-4.2372834645669286
11
4.9524015748031491
21
-4.2372834645669286
0
LINE
8
BLACK
6
CONTINUOUS
10
4.9524015748031491
20
-4.2372834645669286
11
4.9514975984251963
21
-4.237103661417323
0
LINE
8
BLACK
6
CONTINUOUS
10
4.9514975984251963
20
-4.237103661417323
11
4.950219173228346
21
-4.2358252362204727
0
LINE
8
BLACK
6
CONTINUOUS
10
4.950219173228346
20
-4.2358252362204727
11
4.950219173228346
21
-4.2340172834645671
0
LINE
8
BLACK
6
CONTINUOUS
10
4.950219173228346
20
-4.2340172834645671
11
4.9514975984251963
21
-4.2327388582677168
0
LINE
8
BLACK
6
CONTINUOUS
10
4.9514975984251963
20
-4.2327388582677168
11
4.9524015748031491
21
-4.2325590551181103
0
LINE
8
BLACK
6
CONTINUOUS
10
4.9524015748031491
20
-4.2325590551181103
11
4.9824015748031494
21
-4.2325590551181103
0
LINE
8
BLACK
6
CONTINUOUS
10
4.9824015748031494
20
-4.2325590551181103
11
4.9833055511811022
21
-4.2327388582677168
0
LINE
8
BLACK
6
CONTINUOUS
10
5.7704776377952758
20
-4.2259622440944877
11
5.7715420472440941
21
-4.2264031496062993
0
LINE
8
BLACK
6
CONTINUOUS
10
5.7715420472440941
20
-4.2264031496062993
11
5.7723566929133856
21
-4.2272177952755907
0
LINE
8
BLACK
6
CONTINUOUS
10
5.7723566929133856
20
-4.2272177952755907
11
5.7727975984251971
21
-4.2282822047244091
0
LINE
8
BLACK
6
CONTINUOUS
10
5.7727975984251971
20
-4.2282822047244091
11
5.7727975984251971
21
-4.2294343307086617
0
LINE
8
BLACK
6
CONTINUOUS
10
5.7727975984251971
20
-4.2294343307086617
11
5.7723566929133856
21
-4.2304987401574801
0
LINE
8
BLACK
6
CONTINUOUS
10
5.7723566929133856
20
-4.2304987401574801
11
5.7715420472440941
21
-4.2313133858267715
0
LINE
8
BLACK
6
CONTINUOUS
10
5.7715420472440941
20
-4.2313133858267715
11
5.7704776377952758
21
-4.2317542913385822
0
LINE
8
BLACK
6
CONTINUOUS
10
5.7704776377952758
20
-4.2317542913385822
11
5.7699015748031499
21
-4.231811023622047
0
LINE
8
BLACK
6
CONTINUOUS
10
5.7699015748031499
20
-4.231811023622047
11
5.7099015748031494
21
-4.231811023622047
0
LINE
8
BLACK
6
CONTINUOUS
10
5.7099015748031494
20
-4.231811023622047
11
5.7093255118110235
21
-4.2317542913385822
0
LINE
8
BLACK
6
CONTINUOUS
10
5.7093255118110235
20
-4.2317542913385822
11
5.7082611023622043
21
-4.2313133858267715
0
LINE
8
BLACK
6
CONTINUOUS
10
5.7082611023622043
20
-4.2313133858267715
11
5.7074464566929128
21
-4.2304987401574801
0
LINE
8
BLACK
6
CONTINUOUS
10
5.7074464566929128
20
-4.2304987401574801
11
5.7070055511811022
21
-4.2294343307086617
0
LINE
8
BLACK
6
CONTINUOUS
10
5.7070055511811022
20
-4.2294343307086617
11
5.7070055511811022
21
-4.2282822047244091
0
LINE
8
BLACK
6
CONTINUOUS
10
5.7070055511811022
20
-4.2282822047244091
11
5.7074464566929128
21
-4.2272177952755907
0
LINE
8
BLACK
6
CONTINUOUS
10
5.7074464566929128
20
-4.2272177952755907
11
5.7082611023622043
21
-4.2264031496062993
0
LINE
8
BLACK
6
CONTINUOUS
10
5.7082611023622043
20
-4.2264031496062993
11
5.7093255118110235
21
-4.2259622440944877
0
LINE
8
BLACK
6
CONTINUOUS
10
5.7093255118110235
20
-4.2259622440944877
11
5.7099015748031494
21
-4.2259055118110238
0
LINE
8
BLACK
6
CONTINUOUS
10
5.7099015748031494
20
-4.2259055118110238
11
5.7699015748031499
21
-4.2259055118110238
0
LINE
8
BLACK
6
CONTINUOUS
10
5.7699015748031499
20
-4.2259055118110238
11
5.7704776377952758
21
-4.2259622440944877
0
LINE
8
BLACK
6
CONTINUOUS
10
6.3047035826771651
20
-4.2246440551181097
11
6.3059820078740154
21
-4.2259224803149609
0
LINE
8
BLACK
6
CONTINUOUS
10
6.3059820078740154
20
-4.2259224803149609
11
6.3059820078740154
21
-4.2277304330708665
0
LINE
8
BLACK
6
CONTINUOUS
10
6.3059820078740154
20
-4.2277304330708665
11
6.3047035826771651
21
-4.2290088582677168
0
LINE
8
BLACK
6
CONTINUOUS
10
6.3047035826771651
20
-4.2290088582677168
11
6.3037996062992123
21
-4.2291886614173224
0
LINE
8
BLACK
6
CONTINUOUS
10
6.3037996062992123
20
-4.2291886614173224
11
6.2737996062992121
21
-4.2291886614173224
0
LINE
8
BLACK
6
CONTINUOUS
10
6.2737996062992121
20
-4.2291886614173224
11
6.2728956299212593
21
-4.2290088582677168
0
LINE
8
BLACK
6
CONTINUOUS
10
6.2728956299212593
20
-4.2290088582677168
11
6.271617204724409
21
-4.2277304330708665
0
LINE
8
BLACK
6
CONTINUOUS
10
6.271617204724409
20
-4.2277304330708665
11
6.271617204724409
21
-4.2259224803149609
0
LINE
8
BLACK
6
CONTINUOUS
10
6.271617204724409
20
-4.2259224803149609
11
6.2728956299212593
21
-4.2246440551181097
0
LINE
8
BLACK
6
CONTINUOUS
10
6.2728956299212593
20
-4.2246440551181097
11
6.2737996062992121
21
-4.2244642519685041
0
LINE
8
BLACK
6
CONTINUOUS
10
6.2737996062992121
20
-4.2244642519685041
11
6.3037996062992123
21
-4.2244642519685041
0
LINE
8
BLACK
6
CONTINUOUS
10
6.3037996062992123
20
-4.2244642519685041
11
6.3047035826771651
21
-4.2246440551181097
0
LINE
8
BLACK
6
CONTINUOUS
10
4.9090420472440943
20
-4.1524661417322832
11
4.9098566929133858
21
-4.1532807874015747
0
LINE
8
BLACK
6
CONTINUOUS
10
4.9098566929133858
20
-4.1532807874015747
11
4.9102975984251964
21
-4.1543451968503939
0
LINE
8
BLACK
6
CONTINUOUS
10
4.9102975984251964
20
-4.1543451968503939
11
4.9103543307086612
21
-4.1549212598425198
0
LINE
8
BLACK
6
CONTINUOUS
10
4.9103543307086612
20
-4.1549212598425198
11
4.9103543307086612
21
-4.2149212598425194
0
LINE
8
BLACK
6
CONTINUOUS
10
4.9103543307086612
20
-4.2149212598425194
11
4.9102975984251964
21
-4.2154973228346453
0
LINE
8
BLACK
6
CONTINUOUS
10
4.9102975984251964
20
-4.2154973228346453
11
4.9098566929133858
21
-4.2165617322834645
0
LINE
8
BLACK
6
CONTINUOUS
10
4.9098566929133858
20
-4.2165617322834645
11
4.9090420472440943
21
-4.217376377952756
0
LINE
8
BLACK
6
CONTINUOUS
10
4.9090420472440943
20
-4.217376377952756
11
4.9079776377952751
21
-4.2178172834645666
0
LINE
8
BLACK
6
CONTINUOUS
10
4.9079776377952751
20
-4.2178172834645666
11
4.9068255118110233
21
-4.2178172834645666
0
LINE
8
BLACK
6
CONTINUOUS
10
4.9068255118110233
20
-4.2178172834645666
11
4.905761102362205
21
-4.217376377952756
0
LINE
8
BLACK
6
CONTINUOUS
10
4.905761102362205
20
-4.217376377952756
11
4.9049464566929135
21
-4.2165617322834645
0
LINE
8
BLACK
6
CONTINUOUS
10
4.9049464566929135
20
-4.2165617322834645
11
4.904505551181102
21
-4.2154973228346453
0
LINE
8
BLACK
6
CONTINUOUS
10
4.904505551181102
20
-4.2154973228346453
11
4.9044488188976381
21
-4.2149212598425194
0
LINE
8
BLACK
6
CONTINUOUS
10
4.9044488188976381
20
-4.2149212598425194
11
4.9044488188976381
21
-4.1549212598425198
0
LINE
8
BLACK
6
CONTINUOUS
10
4.9044488188976381
20
-4.1549212598425198
11
4.904505551181102
21
-4.1543451968503939
0
LINE
8
BLACK
6
CONTINUOUS
10
4.904505551181102
20
-4.1543451968503939
11
4.9049464566929135
21
-4.1532807874015747
0
LINE
8
BLACK
6
CONTINUOUS
10
4.9049464566929135
20
-4.1532807874015747
11
4.905761102362205
21
-4.1524661417322832
0
LINE
8
BLACK
6
CONTINUOUS
10
4.905761102362205
20
-4.1524661417322832
11
4.9068255118110233
21
-4.1520252362204726
0
LINE
8
BLACK
6
CONTINUOUS
10
4.9068255118110233
20
-4.1520252362204726
11
4.9079776377952751
21
-4.1520252362204726
0
LINE
8
BLACK
6
CONTINUOUS
10
4.9079776377952751
20
-4.1520252362204726
11
4.9090420472440943
21
-4.1524661417322832
0
LINE
8
BLACK
6
CONTINUOUS
10
5.0290420472440944
20
-4.1524661417322832
11
5.0298566929133859
21
-4.1532807874015747
0
LINE
8
BLACK
6
CONTINUOUS
10
5.0298566929133859
20
-4.1532807874015747
11
5.0302975984251965
21
-4.1543451968503939
0
LINE
8
BLACK
6
CONTINUOUS
10
5.0302975984251965
20
-4.1543451968503939
11
5.0303543307086613
21
-4.1549212598425198
0
LINE
8
BLACK
6
CONTINUOUS
10
5.0303543307086613
20
-4.1549212598425198
11
5.0303543307086613
21
-4.2149212598425194
0
LINE
8
BLACK
6
CONTINUOUS
10
5.0303543307086613
20
-4.2149212598425194
11
5.0302975984251965
21
-4.2154973228346453
0
LINE
8
BLACK
6
CONTINUOUS
10
5.0302975984251965
20
-4.2154973228346453
11
5.0298566929133859
21
-4.2165617322834645
0
LINE
8
BLACK
6
CONTINUOUS
10
5.0298566929133859
20
-4.2165617322834645
11
5.0290420472440944
21
-4.217376377952756
0
LINE
8
BLACK
6
CONTINUOUS
10
5.0290420472440944
20
-4.217376377952756
11
5.0279776377952752
21
-4.2178172834645666
0
LINE
8
BLACK
6
CONTINUOUS
10
5.0279776377952752
20
-4.2178172834645666
11
5.0268255118110234
21
-4.2178172834645666
0
LINE
8
BLACK
6
CONTINUOUS
10
5.0268255118110234
20
-4.2178172834645666
11
5.0257611023622042
21
-4.217376377952756
0
LINE
8
BLACK
6
CONTINUOUS
10
5.0257611023622042
20
-4.217376377952756
11
5.0249464566929136
21
-4.2165617322834645
0
LINE
8
BLACK
6
CONTINUOUS
10
5.0249464566929136
20
-4.2165617322834645
11
5.0245055511811021
21
-4.2154973228346453
0
LINE
8
BLACK
6
CONTINUOUS
10
5.0245055511811021
20
-4.2154973228346453
11
5.0244488188976373
21
-4.2149212598425194
0
LINE
8
BLACK
6
CONTINUOUS
10
5.0244488188976373
20
-4.2149212598425194
11
5.0244488188976373
21
-4.1549212598425198
0
LINE
8
BLACK
6
CONTINUOUS
10
5.0244488188976373
20
-4.1549212598425198
11
5.0245055511811021
21
-4.1543451968503939
0
LINE
8
BLACK
6
CONTINUOUS
10
5.0245055511811021
20
-4.1543451968503939
11
5.0249464566929136
21
-4.1532807874015747
0
LINE
8
BLACK
6
CONTINUOUS
10
5.0249464566929136
20
-4.1532807874015747
11
5.0257611023622042
21
-4.1524661417322832
0
LINE
8
BLACK
6
CONTINUOUS
10
5.0257611023622042
20
-4.1524661417322832
11
5.0268255118110234
21
-4.1520252362204726
0
LINE
8
BLACK
6
CONTINUOUS
10
5.0268255118110234
20
-4.1520252362204726
11
5.0279776377952752
21
-4.1520252362204726
0
LINE
8
BLACK
6
CONTINUOUS
10
5.0279776377952752
20
-4.1520252362204726
11
5.0290420472440944
21
-4.1524661417322832
0
LINE
8
BLACK
6
CONTINUOUS
10
4.9833055511811022
20
-4.2127388582677163
11
4.9845839763779525
21
-4.2140172834645666
0
LINE
8
BLACK
6
CONTINUOUS
10
4.9845839763779525
20
-4.2140172834645666
11
4.9845839763779525
21
-4.2158252362204722
0
LINE
8
BLACK
6
CONTINUOUS
10
4.9845839763779525
20
-4.2158252362204722
11
4.9833055511811022
21
-4.2171036614173225
0
LINE
8
BLACK
6
CONTINUOUS
10
4.9833055511811022
20
-4.2171036614173225
11
4.9824015748031494
21
-4.217283464566929
0
LINE
8
BLACK
6
CONTINUOUS
10
4.9824015748031494
20
-4.217283464566929
11
4.9524015748031491
21
-4.217283464566929
0
LINE
8
BLACK
6
CONTINUOUS
10
4.9524015748031491
20
-4.217283464566929
11
4.9514975984251963
21
-4.2171036614173225
0
LINE
8
BLACK
6
CONTINUOUS
10
4.9514975984251963
20
-4.2171036614173225
11
4.950219173228346
21
-4.2158252362204722
0
LINE
8
BLACK
6
CONTINUOUS
10
4.950219173228346
20
-4.2158252362204722
11
4.950219173228346
21
-4.2140172834645666
0
LINE
8
BLACK
6
CONTINUOUS
10
4.950219173228346
20
-4.2140172834645666
11
4.9514975984251963
21
-4.2127388582677163
0
LINE
8
BLACK
6
CONTINUOUS
10
4.9514975984251963
20
-4.2127388582677163
11
4.9524015748031491
21
-4.2125590551181098
0
LINE
8
BLACK
6
CONTINUOUS
10
4.9524015748031491
20
-4.2125590551181098
11
4.9824015748031494
21
-4.2125590551181098
0
LINE
8
BLACK
6
CONTINUOUS
10
4.9824015748031494
20
-4.2125590551181098
11
4.9833055511811022
21
-4.2127388582677163
0
LINE
8
BLACK
6
CONTINUOUS
10
5.851264803149606
20
-4.1818752362204723
11
5.8514446062992125
21
-4.1827792125984251
0
LINE
8
BLACK
6
CONTINUOUS
10
5.8514446062992125
20
-4.1827792125984251
11
5.8514446062992125
21
-4.2127792125984254
0
LINE
8
BLACK
6
CONTINUOUS
10
5.8514446062992125
20
-4.2127792125984254
11
5.851264803149606
21
-4.2136831889763782
0
LINE
8
BLACK
6
CONTINUOUS
10
5.851264803149606
20
-4.2136831889763782
11
5.8499863779527557
21
-4.2149616141732285
0
LINE
8
BLACK
6
CONTINUOUS
10
5.8499863779527557
20
-4.2149616141732285
11
5.84817842519685
21
-4.2149616141732285
0
LINE
8
BLACK
6
CONTINUOUS
10
5.84817842519685
20
-4.2149616141732285
11
5.8468999999999998
21
-4.2136831889763782
0
LINE
8
BLACK
6
CONTINUOUS
10
5.8468999999999998
20
-4.2136831889763782
11
5.8467201968503932
21
-4.2127792125984254
0
LINE
8
BLACK
6
CONTINUOUS
10
5.8467201968503932
20
-4.2127792125984254
11
5.8467201968503932
21
-4.1827792125984251
0
LINE
8
BLACK
6
CONTINUOUS
10
5.8467201968503932
20
-4.1827792125984251
11
5.8468999999999998
21
-4.1818752362204723
0
LINE
8
BLACK
6
CONTINUOUS
10
5.8468999999999998
20
-4.1818752362204723
11
5.84817842519685
21
-4.180596811023622
0
LINE
8
BLACK
6
CONTINUOUS
10
5.84817842519685
20
-4.180596811023622
11
5.8499863779527557
21
-4.180596811023622
0
LINE
8
BLACK
6
CONTINUOUS
10
5.8499863779527557
20
-4.180596811023622
11
5.851264803149606
21
-4.1818752362204723
0
LINE
8
BLACK
6
CONTINUOUS
10
5.9112648031496065
20
-4.1818752362204723
11
5.9114446062992121
21
-4.1827792125984251
0
LINE
8
BLACK
6
CONTINUOUS
10
5.9114446062992121
20
-4.1827792125984251
11
5.9114446062992121
21
-4.2127792125984254
0
LINE
8
BLACK
6
CONTINUOUS
10
5.9114446062992121
20
-4.2127792125984254
11
5.9112648031496065
21
-4.2136831889763782
0
LINE
8
BLACK
6
CONTINUOUS
10
5.9112648031496065
20
-4.2136831889763782
11
5.9099863779527562
21
-4.2149616141732285
0
LINE
8
BLACK
6
CONTINUOUS
10
5.9099863779527562
20
-4.2149616141732285
11
5.9081784251968505
21
-4.2149616141732285
0
LINE
8
BLACK
6
CONTINUOUS
10
5.9081784251968505
20
-4.2149616141732285
11
5.9069000000000003
21
-4.2136831889763782
0
LINE
8
BLACK
6
CONTINUOUS
10
5.9069000000000003
20
-4.2136831889763782
11
5.9067201968503937
21
-4.2127792125984254
0
LINE
8
BLACK
6
CONTINUOUS
10
5.9067201968503937
20
-4.2127792125984254
11
5.9067201968503937
21
-4.1827792125984251
0
LINE
8
BLACK
6
CONTINUOUS
10
5.9067201968503937
20
-4.1827792125984251
11
5.9069000000000003
21
-4.1818752362204723
0
LINE
8
BLACK
6
CONTINUOUS
10
5.9069000000000003
20
-4.1818752362204723
11
5.9081784251968505
21
-4.180596811023622
0
LINE
8
BLACK
6
CONTINUOUS
10
5.9081784251968505
20
-4.180596811023622
11
5.9099863779527562
21
-4.180596811023622
0
LINE
8
BLACK
6
CONTINUOUS
10
5.9099863779527562
20
-4.180596811023622
11
5.9112648031496065
21
-4.1818752362204723
0
LINE
8
BLACK
6
CONTINUOUS
10
6.0101287401574801
20
-4.2032664960629917
11
6.0114071653543304
21
-4.204544921259842
0
LINE
8
BLACK
6
CONTINUOUS
10
6.0114071653543304
20
-4.204544921259842
11
6.0114071653543304
21
-4.2063528740157476
0
LINE
8
BLACK
6
CONTINUOUS
10
6.0114071653543304
20
-4.2063528740157476
11
6.0101287401574801
21
-4.2076312992125979
0
LINE
8
BLACK
6
CONTINUOUS
10
6.0101287401574801
20
-4.2076312992125979
11
6.0092247637795273
21
-4.2078111023622045
0
LINE
8
BLACK
6
CONTINUOUS
10
6.0092247637795273
20
-4.2078111023622045
11
5.9792247637795271
21
-4.2078111023622045
0
LINE
8
BLACK
6
CONTINUOUS
10
5.9792247637795271
20
-4.2078111023622045
11
5.9783207874015742
21
-4.2076312992125979
0
LINE
8
BLACK
6
CONTINUOUS
10
5.9783207874015742
20
-4.2076312992125979
11
5.977042362204724
21
-4.2063528740157476
0
LINE
8
BLACK
6
CONTINUOUS
10
5.977042362204724
20
-4.2063528740157476
11
5.977042362204724
21
-4.204544921259842
0
LINE
8
BLACK
6
CONTINUOUS
10
5.977042362204724
20
-4.204544921259842
11
5.9783207874015742
21
-4.2032664960629917
0
LINE
8
BLACK
6
CONTINUOUS
10
5.9783207874015742
20
-4.2032664960629917
11
5.9792247637795271
21
-4.2030866929133861
0
LINE
8
BLACK
6
CONTINUOUS
10
5.9792247637795271
20
-4.2030866929133861
11
6.0092247637795273
21
-4.2030866929133861
0
LINE
8
BLACK
6
CONTINUOUS
10
6.0092247637795273
20
-4.2030866929133861
11
6.0101287401574801
21
-4.2032664960629917
0
LINE
8
BLACK
6
CONTINUOUS
10
5.1225957874015746
20
-4.1367535039370074
11
5.1227755905511811
21
-4.1376574803149602
0
LINE
8
BLACK
6
CONTINUOUS
10
5.1227755905511811
20
-4.1376574803149602
11
5.1227755905511811
21
-4.2037992125984252
0
LINE
8
BLACK
6
CONTINUOUS
10
5.1227755905511811
20
-4.2037992125984252
11
5.1225957874015746
21
-4.204703188976378
0
LINE
8
BLACK
6
CONTINUOUS
10
5.1225957874015746
20
-4.204703188976378
11
5.1213173622047243
21
-4.2059816141732282
0
LINE
8
BLACK
6
CONTINUOUS
10
5.1213173622047243
20
-4.2059816141732282
11
5.1195094094488187
21
-4.2059816141732282
0
LINE
8
BLACK
6
CONTINUOUS
10
5.1195094094488187
20
-4.2059816141732282
11
5.1182309842519684
21
-4.204703188976378
0
LINE
8
BLACK
6
CONTINUOUS
10
5.1182309842519684
20
-4.204703188976378
11
5.1180511811023619
21
-4.2037992125984252
0
LINE
8
BLACK
6
CONTINUOUS
10
5.1180511811023619
20
-4.2037992125984252
11
5.1180511811023619
21
-4.1376574803149602
0
LINE
8
BLACK
6
CONTINUOUS
10
5.1180511811023619
20
-4.1376574803149602
11
5.1182309842519684
21
-4.1367535039370074
0
LINE
8
BLACK
6
CONTINUOUS
10
5.1182309842519684
20
-4.1367535039370074
11
5.1195094094488187
21
-4.1354750787401571
0
LINE
8
BLACK
6
CONTINUOUS
10
5.1195094094488187
20
-4.1354750787401571
11
5.1213173622047243
21
-4.1354750787401571
0
LINE
8
BLACK
6
CONTINUOUS
10
5.1213173622047243
20
-4.1354750787401571
11
5.1225957874015746
21
-4.1367535039370074
0
LINE
8
BLACK
6
CONTINUOUS
10
5.6115721653543309
20
-4.1367535039370074
11
5.6117519685039365
21
-4.1376574803149602
0
LINE
8
BLACK
6
CONTINUOUS
10
5.6117519685039365
20
-4.1376574803149602
11
5.6117519685039365
21
-4.2037992125984252
0
LINE
8
BLACK
6
CONTINUOUS
10
5.6117519685039365
20
-4.2037992125984252
11
5.6115721653543309
21
-4.204703188976378
0
LINE
8
BLACK
6
CONTINUOUS
10
5.6115721653543309
20
-4.204703188976378
11
5.6102937401574806
21
-4.2059816141732282
0
LINE
8
BLACK
6
CONTINUOUS
10
5.6102937401574806
20
-4.2059816141732282
11
5.608485787401575
21
-4.2059816141732282
0
LINE
8
BLACK
6
CONTINUOUS
10
5.608485787401575
20
-4.2059816141732282
11
5.6072073622047247
21
-4.204703188976378
0
LINE
8
BLACK
6
CONTINUOUS
10
5.6072073622047247
20
-4.204703188976378
11
5.6070275590551182
21
-4.2037992125984252
0
LINE
8
BLACK
6
CONTINUOUS
10
5.6070275590551182
20
-4.2037992125984252
11
5.6070275590551182
21
-4.1376574803149602
0
LINE
8
BLACK
6
CONTINUOUS
10
5.6070275590551182
20
-4.1376574803149602
11
5.6072073622047247
21
-4.1367535039370074
0
LINE
8
BLACK
6
CONTINUOUS
10
5.6072073622047247
20
-4.1367535039370074
11
5.608485787401575
21
-4.1354750787401571
0
LINE
8
BLACK
6
CONTINUOUS
10
5.608485787401575
20
-4.1354750787401571
11
5.6102937401574806
21
-4.1354750787401571
0
LINE
8
BLACK
6
CONTINUOUS
10
5.6102937401574806
20
-4.1354750787401571
11
5.6115721653543309
21
-4.1367535039370074
0
LINE
8
BLACK
6
CONTINUOUS
10
5.7120839763779525
20
-4.1529542913385828
11
5.712263779527559
21
-4.1538582677165357
0
LINE
8
BLACK
6
CONTINUOUS
10
5.712263779527559
20
-4.1538582677165357
11
5.712263779527559
21
-4.183858267716535
0
LINE
8
BLACK
6
CONTINUOUS
10
5.712263779527559
20
-4.183858267716535
11
5.7120839763779525
21
-4.1847622440944878
0
LINE
8
BLACK
6
CONTINUOUS
10
5.7120839763779525
20
-4.1847622440944878
11
5.7108055511811022
21
-4.1860406692913381
0
LINE
8
BLACK
6
CONTINUOUS
10
5.7108055511811022
20
-4.1860406692913381
11
5.7089975984251966
21
-4.1860406692913381
0
LINE
8
BLACK
6
CONTINUOUS
10
5.7089975984251966
20
-4.1860406692913381
11
5.7077191732283463
21
-4.1847622440944878
0
LINE
8
BLACK
6
CONTINUOUS
10
5.7077191732283463
20
-4.1847622440944878
11
5.7075393700787398
21
-4.183858267716535
0
LINE
8
BLACK
6
CONTINUOUS
10
5.7075393700787398
20
-4.183858267716535
11
5.7075393700787398
21
-4.1538582677165357
0
LINE
8
BLACK
6
CONTINUOUS
10
5.7075393700787398
20
-4.1538582677165357
11
5.7077191732283463
21
-4.1529542913385828
0
LINE
8
BLACK
6
CONTINUOUS
10
5.7077191732283463
20
-4.1529542913385828
11
5.7089975984251966
21
-4.1516758661417326
0
LINE
8
BLACK
6
CONTINUOUS
10
5.7089975984251966
20
-4.1516758661417326
11
5.7108055511811022
21
-4.1516758661417326
0
LINE
8
BLACK
6
CONTINUOUS
10
5.7108055511811022
20
-4.1516758661417326
11
5.7120839763779525
21
-4.1529542913385828
0
LINE
8
BLACK
6
CONTINUOUS
10
5.772083976377953
20
-4.1529542913385828
11
5.7722637795275586
21
-4.1538582677165357
0
LINE
8
BLACK
6
CONTINUOUS
10
5.7722637795275586
20
-4.1538582677165357
11
5.7722637795275586
21
-4.183858267716535
0
LINE
8
BLACK
6
CONTINUOUS
10
5.7722637795275586
20
-4.183858267716535
11
5.772083976377953
21
-4.1847622440944878
0
LINE
8
BLACK
6
CONTINUOUS
10
5.772083976377953
20
-4.1847622440944878
11
5.7708055511811018
21
-4.1860406692913381
0
LINE
8
BLACK
6
CONTINUOUS
10
5.7708055511811018
20
-4.1860406692913381
11
5.7689975984251971
21
-4.1860406692913381
0
LINE
8
BLACK
6
CONTINUOUS
10
5.7689975984251971
20
-4.1860406692913381
11
5.7677191732283459
21
-4.1847622440944878
0
LINE
8
BLACK
6
CONTINUOUS
10
5.7677191732283459
20
-4.1847622440944878
11
5.7675393700787403
21
-4.183858267716535
0
LINE
8
BLACK
6
CONTINUOUS
10
5.7675393700787403
20
-4.183858267716535
11
5.7675393700787403
21
-4.1538582677165357
0
LINE
8
BLACK
6
CONTINUOUS
10
5.7675393700787403
20
-4.1538582677165357
11
5.7677191732283459
21
-4.1529542913385828
0
LINE
8
BLACK
6
CONTINUOUS
10
5.7677191732283459
20
-4.1529542913385828
11
5.7689975984251971
21
-4.1516758661417326
0
LINE
8
BLACK
6
CONTINUOUS
10
5.7689975984251971
20
-4.1516758661417326
11
5.7708055511811018
21
-4.1516758661417326
0
LINE
8
BLACK
6
CONTINUOUS
10
5.7708055511811018
20
-4.1516758661417326
11
5.772083976377953
21
-4.1529542913385828
0
LINE
8
BLACK
6
CONTINUOUS
10
5.9797662204724409
20
-4.1194581889763775
11
5.9805808661417323
21
-4.120272834645669
0
LINE
8
BLACK
6
CONTINUOUS
10
5.9805808661417323
20
-4.120272834645669
11
5.981021771653543
21
-4.1213372440944882
0
LINE
8
BLACK
6
CONTINUOUS
10
5.981021771653543
20
-4.1213372440944882
11
5.9810785039370078
21
-4.1219133070866141
0
LINE
8
BLACK
6
CONTINUOUS
10
5.9810785039370078
20
-4.1219133070866141
11
5.9810785039370078
21
-4.1819133070866137
0
LINE
8
BLACK
6
CONTINUOUS
10
5.9810785039370078
20
-4.1819133070866137
11
5.981021771653543
21
-4.1824893700787404
0
LINE
8
BLACK
6
CONTINUOUS
10
5.981021771653543
20
-4.1824893700787404
11
5.9805808661417323
21
-4.1835537795275588
0
LINE
8
BLACK
6
CONTINUOUS
10
5.9805808661417323
20
-4.1835537795275588
11
5.9797662204724409
21
-4.1843684251968503
0
LINE
8
BLACK
6
CONTINUOUS
10
5.9797662204724409
20
-4.1843684251968503
11
5.9787018110236216
21
-4.1848093307086609
0
LINE
8
BLACK
6
CONTINUOUS
10
5.9787018110236216
20
-4.1848093307086609
11
5.9775496850393699
21
-4.1848093307086609
0
LINE
8
BLACK
6
CONTINUOUS
10
5.9775496850393699
20
-4.1848093307086609
11
5.9764852755905506
21
-4.1843684251968503
0
LINE
8
BLACK
6
CONTINUOUS
10
5.9764852755905506
20
-4.1843684251968503
11
5.9756706299212601
21
-4.1835537795275588
0
LINE
8
BLACK
6
CONTINUOUS
10
5.9756706299212601
20
-4.1835537795275588
11
5.9752297244094486
21
-4.1824893700787404
0
LINE
8
BLACK
6
CONTINUOUS
10
5.9752297244094486
20
-4.1824893700787404
11
5.9751729921259837
21
-4.1819133070866137
0
LINE
8
BLACK
6
CONTINUOUS
10
5.9751729921259837
20
-4.1819133070866137
11
5.9751729921259837
21
-4.1219133070866141
0
LINE
8
BLACK
6
CONTINUOUS
10
5.9751729921259837
20
-4.1219133070866141
11
5.9752297244094486
21
-4.1213372440944882
0
LINE
8
BLACK
6
CONTINUOUS
10
5.9752297244094486
20
-4.1213372440944882
11
5.9756706299212601
21
-4.120272834645669
0
LINE
8
BLACK
6
CONTINUOUS
10
5.9756706299212601
20
-4.120272834645669
11
5.9764852755905506
21
-4.1194581889763775
0
LINE
8
BLACK
6
CONTINUOUS
10
5.9764852755905506
20
-4.1194581889763775
11
5.9775496850393699
21
-4.1190172834645669
0
LINE
8
BLACK
6
CONTINUOUS
10
5.9775496850393699
20
-4.1190172834645669
11
5.9787018110236216
21
-4.1190172834645669
0
LINE
8
BLACK
6
CONTINUOUS
10
5.9787018110236216
20
-4.1190172834645669
11
5.9797662204724409
21
-4.1194581889763775
0
LINE
8
BLACK
6
CONTINUOUS
10
6.099766220472441
20
-4.1194581889763775
11
6.1005808661417325
21
-4.120272834645669
0
LINE
8
BLACK
6
CONTINUOUS
10
6.1005808661417325
20
-4.120272834645669
11
6.1010217716535431
21
-4.1213372440944882
0
LINE
8
BLACK
6
CONTINUOUS
10
6.1010217716535431
20
-4.1213372440944882
11
6.1010785039370079
21
-4.1219133070866141
0
LINE
8
BLACK
6
CONTINUOUS
10
6.1010785039370079
20
-4.1219133070866141
11
6.1010785039370079
21
-4.1819133070866137
0
LINE
8
BLACK
6
CONTINUOUS
10
6.1010785039370079
20
-4.1819133070866137
11
6.1010217716535431
21
-4.1824893700787404
0
LINE
8
BLACK
6
CONTINUOUS
10
6.1010217716535431
20
-4.1824893700787404
11
6.1005808661417325
21
-4.1835537795275588
0
LINE
8
BLACK
6
CONTINUOUS
10
6.1005808661417325
20
-4.1835537795275588
11
6.099766220472441
21
-4.1843684251968503
0
LINE
8
BLACK
6
CONTINUOUS
10
6.099766220472441
20
-4.1843684251968503
11
6.0987018110236217
21
-4.1848093307086609
0
LINE
8
BLACK
6
CONTINUOUS
10
6.0987018110236217
20
-4.1848093307086609
11
6.09754968503937
21
-4.1848093307086609
0
LINE
8
BLACK
6
CONTINUOUS
10
6.09754968503937
20
-4.1848093307086609
11
6.0964852755905508
21
-4.1843684251968503
0
LINE
8
BLACK
6
CONTINUOUS
10
6.0964852755905508
20
-4.1843684251968503
11
6.0956706299212593
21
-4.1835537795275588
0
LINE
8
BLACK
6
CONTINUOUS
10
6.0956706299212593
20
-4.1835537795275588
11
6.0952297244094487
21
-4.1824893700787404
0
LINE
8
BLACK
6
CONTINUOUS
10
6.0952297244094487
20
-4.1824893700787404
11
6.0951729921259838
21
-4.1819133070866137
0
LINE
8
BLACK
6
CONTINUOUS
10
6.0951729921259838
20
-4.1819133070866137
11
6.0951729921259838
21
-4.1219133070866141
0
LINE
8
BLACK
6
CONTINUOUS
10
6.0951729921259838
20
-4.1219133070866141
11
6.0952297244094487
21
-4.1213372440944882
0
LINE
8
BLACK
6
CONTINUOUS
10
6.0952297244094487
20
-4.1213372440944882
11
6.0956706299212593
21
-4.120272834645669
0
LINE
8
BLACK
6
CONTINUOUS
10
6.0956706299212593
20
-4.120272834645669
11
6.0964852755905508
21
-4.1194581889763775
0
LINE
8
BLACK
6
CONTINUOUS
10
6.0964852755905508
20
-4.1194581889763775
11
6.09754968503937
21
-4.1190172834645669
0
LINE
8
BLACK
6
CONTINUOUS
10
6.09754968503937
20
-4.1190172834645669
11
6.0987018110236217
21
-4.1190172834645669
0
LINE
8
BLACK
6
CONTINUOUS
10
6.0987018110236217
20
-4.1190172834645669
11
6.099766220472441
21
-4.1194581889763775
0
LINE
8
BLACK
6
CONTINUOUS
10
6.0540297244094488
20
-4.1797309055118106
11
6.055308149606299
21
-4.1810093307086618
0
LINE
8
BLACK
6
CONTINUOUS
10
6.055308149606299
20
-4.1810093307086618
11
6.055308149606299
21
-4.1828172834645665
0
LINE
8
BLACK
6
CONTINUOUS
10
6.055308149606299
20
-4.1828172834645665
11
6.0540297244094488
21
-4.1840957086614177
0
LINE
8
BLACK
6
CONTINUOUS
10
6.0540297244094488
20
-4.1840957086614177
11
6.0531257480314959
21
-4.1842755118110233
0
LINE
8
BLACK
6
CONTINUOUS
10
6.0531257480314959
20
-4.1842755118110233
11
6.0231257480314957
21
-4.1842755118110233
0
LINE
8
BLACK
6
CONTINUOUS
10
6.0231257480314957
20
-4.1842755118110233
11
6.0222217716535429
21
-4.1840957086614177
0
LINE
8
BLACK
6
CONTINUOUS
10
6.0222217716535429
20
-4.1840957086614177
11
6.0209433464566926
21
-4.1828172834645665
0
LINE
8
BLACK
6
CONTINUOUS
10
6.0209433464566926
20
-4.1828172834645665
11
6.0209433464566926
21
-4.1810093307086618
0
LINE
8
BLACK
6
CONTINUOUS
10
6.0209433464566926
20
-4.1810093307086618
11
6.0222217716535429
21
-4.1797309055118106
0
LINE
8
BLACK
6
CONTINUOUS
10
6.0222217716535429
20
-4.1797309055118106
11
6.0231257480314957
21
-4.179551102362205
0
LINE
8
BLACK
6
CONTINUOUS
10
6.0231257480314957
20
-4.179551102362205
11
6.0531257480314959
21
-4.179551102362205
0
LINE
8
BLACK
6
CONTINUOUS
10
6.0531257480314959
20
-4.179551102362205
11
6.0540297244094488
21
-4.1797309055118106
0
LINE
8
BLACK
6
CONTINUOUS
10
6.2210346456692909
20
-4.1552916141732279
11
6.2220990551181101
21
-4.1557325196850394
0
LINE
8
BLACK
6
CONTINUOUS
10
6.2220990551181101
20
-4.1557325196850394
11
6.2229137007874016
21
-4.1565471653543309
0
LINE
8
BLACK
6
CONTINUOUS
10
6.2229137007874016
20
-4.1565471653543309
11
6.2233546062992122
21
-4.1576115748031492
0
LINE
8
BLACK
6
CONTINUOUS
10
6.2233546062992122
20
-4.1576115748031492
11
6.2233546062992122
21
-4.1587637007874019
0
LINE
8
BLACK
6
CONTINUOUS
10
6.2233546062992122
20
-4.1587637007874019
11
6.2229137007874016
21
-4.1598281102362202
0
LINE
8
BLACK
6
CONTINUOUS
10
6.2229137007874016
20
-4.1598281102362202
11
6.2220990551181101
21
-4.1606427559055117
0
LINE
8
BLACK
6
CONTINUOUS
10
6.2220990551181101
20
-4.1606427559055117
11
6.2210346456692909
21
-4.1610836614173223
0
LINE
8
BLACK
6
CONTINUOUS
10
6.2210346456692909
20
-4.1610836614173223
11
6.220458582677165
21
-4.1611403937007871
0
LINE
8
BLACK
6
CONTINUOUS
10
6.220458582677165
20
-4.1611403937007871
11
6.1604585826771654
21
-4.1611403937007871
0
LINE
8
BLACK
6
CONTINUOUS
10
6.1604585826771654
20
-4.1611403937007871
11
6.1598825196850395
21
-4.1610836614173223
0
LINE
8
BLACK
6
CONTINUOUS
10
6.1598825196850395
20
-4.1610836614173223
11
6.1588181102362203
21
-4.1606427559055117
0
LINE
8
BLACK
6
CONTINUOUS
10
6.1588181102362203
20
-4.1606427559055117
11
6.1580034645669288
21
-4.1598281102362202
0
LINE
8
BLACK
6
CONTINUOUS
10
6.1580034645669288
20
-4.1598281102362202
11
6.1575625590551182
21
-4.1587637007874019
0
LINE
8
BLACK
6
CONTINUOUS
10
6.1575625590551182
20
-4.1587637007874019
11
6.1575625590551182
21
-4.1576115748031492
0
LINE
8
BLACK
6
CONTINUOUS
10
6.1575625590551182
20
-4.1576115748031492
11
6.1580034645669288
21
-4.1565471653543309
0
LINE
8
BLACK
6
CONTINUOUS
10
6.1580034645669288
20
-4.1565471653543309
11
6.1588181102362203
21
-4.1557325196850394
0
LINE
8
BLACK
6
CONTINUOUS
10
6.1588181102362203
20
-4.1557325196850394
11
6.1598825196850395
21
-4.1552916141732279
0
LINE
8
BLACK
6
CONTINUOUS
10
6.1598825196850395
20
-4.1552916141732279
11
6.1604585826771654
21
-4.155234881889764
0
LINE
8
BLACK
6
CONTINUOUS
10
6.1604585826771654
20
-4.155234881889764
11
6.220458582677165
21
-4.155234881889764
0
LINE
8
BLACK
6
CONTINUOUS
10
6.220458582677165
20
-4.155234881889764
11
6.2210346456692909
21
-4.1552916141732279
0
LINE
8
BLACK
6
CONTINUOUS
10
4.9833055511811022
20
-4.1527388582677167
11
4.9845839763779525
21
-4.154017283464567
0
LINE
8
BLACK
6
CONTINUOUS
10
4.9845839763779525
20
-4.154017283464567
11
4.9845839763779525
21
-4.1558252362204726
0
LINE
8
BLACK
6
CONTINUOUS
10
4.9845839763779525
20
-4.1558252362204726
11
4.9833055511811022
21
-4.1571036614173229
0
LINE
8
BLACK
6
CONTINUOUS
10
4.9833055511811022
20
-4.1571036614173229
11
4.9824015748031494
21
-4.1572834645669294
0
LINE
8
BLACK
6
CONTINUOUS
10
4.9824015748031494
20
-4.1572834645669294
11
4.9524015748031491
21
-4.1572834645669294
0
LINE
8
BLACK
6
CONTINUOUS
10
4.9524015748031491
20
-4.1572834645669294
11
4.9514975984251963
21
-4.1571036614173229
0
LINE
8
BLACK
6
CONTINUOUS
10
4.9514975984251963
20
-4.1571036614173229
11
4.950219173228346
21
-4.1558252362204726
0
LINE
8
BLACK
6
CONTINUOUS
10
4.950219173228346
20
-4.1558252362204726
11
4.950219173228346
21
-4.154017283464567
0
LINE
8
BLACK
6
CONTINUOUS
10
4.950219173228346
20
-4.154017283464567
11
4.9514975984251963
21
-4.1527388582677167
0
LINE
8
BLACK
6
CONTINUOUS
10
4.9514975984251963
20
-4.1527388582677167
11
4.9524015748031491
21
-4.1525590551181102
0
LINE
8
BLACK
6
CONTINUOUS
10
4.9524015748031491
20
-4.1525590551181102
11
4.9824015748031494
21
-4.1525590551181102
0
LINE
8
BLACK
6
CONTINUOUS
10
4.9824015748031494
20
-4.1525590551181102
11
4.9833055511811022
21
-4.1527388582677167
0
LINE
8
BLACK
6
CONTINUOUS
10
5.9096584645669292
20
-4.134883188976378
11
5.9107228740157476
21
-4.1353240944881886
0
LINE
8
BLACK
6
CONTINUOUS
10
5.9107228740157476
20
-4.1353240944881886
11
5.911537519685039
21
-4.1361387401574801
0
LINE
8
BLACK
6
CONTINUOUS
10
5.911537519685039
20
-4.1361387401574801
11
5.9119784251968506
21
-4.1372031496062993
0
LINE
8
BLACK
6
CONTINUOUS
10
5.9119784251968506
20
-4.1372031496062993
11
5.9119784251968506
21
-4.1383552755905511
0
LINE
8
BLACK
6
CONTINUOUS
10
5.9119784251968506
20
-4.1383552755905511
11
5.911537519685039
21
-4.1394196850393703
0
LINE
8
BLACK
6
CONTINUOUS
10
5.911537519685039
20
-4.1394196850393703
11
5.9107228740157476
21
-4.1402343307086618
0
LINE
8
BLACK
6
CONTINUOUS
10
5.9107228740157476
20
-4.1402343307086618
11
5.9096584645669292
21
-4.1406752362204724
0
LINE
8
BLACK
6
CONTINUOUS
10
5.9096584645669292
20
-4.1406752362204724
11
5.9090824015748034
21
-4.1407319685039372
0
LINE
8
BLACK
6
CONTINUOUS
10
5.9090824015748034
20
-4.1407319685039372
11
5.8490824015748029
21
-4.1407319685039372
0
LINE
8
BLACK
6
CONTINUOUS
10
5.8490824015748029
20
-4.1407319685039372
11
5.848506338582677
21
-4.1406752362204724
0
LINE
8
BLACK
6
CONTINUOUS
10
5.848506338582677
20
-4.1406752362204724
11
5.8474419291338577
21
-4.1402343307086618
0
LINE
8
BLACK
6
CONTINUOUS
10
5.8474419291338577
20
-4.1402343307086618
11
5.8466272834645672
21
-4.1394196850393703
0
LINE
8
BLACK
6
CONTINUOUS
10
5.8466272834645672
20
-4.1394196850393703
11
5.8461863779527556
21
-4.1383552755905511
0
LINE
8
BLACK
6
CONTINUOUS
10
5.8461863779527556
20
-4.1383552755905511
11
5.8461863779527556
21
-4.1372031496062993
0
LINE
8
BLACK
6
CONTINUOUS
10
5.8461863779527556
20
-4.1372031496062993
11
5.8466272834645672
21
-4.1361387401574801
0
LINE
8
BLACK
6
CONTINUOUS
10
5.8466272834645672
20
-4.1361387401574801
11
5.8474419291338577
21
-4.1353240944881886
0
LINE
8
BLACK
6
CONTINUOUS
10
5.8474419291338577
20
-4.1353240944881886
11
5.848506338582677
21
-4.134883188976378
0
LINE
8
BLACK
6
CONTINUOUS
10
5.848506338582677
20
-4.134883188976378
11
5.8490824015748029
21
-4.1348264566929132
0
LINE
8
BLACK
6
CONTINUOUS
10
5.8490824015748029
20
-4.1348264566929132
11
5.9090824015748034
21
-4.1348264566929132
0
LINE
8
BLACK
6
CONTINUOUS
10
5.9090824015748034
20
-4.1348264566929132
11
5.9096584645669292
21
-4.134883188976378
0
LINE
8
BLACK
6
CONTINUOUS
10
4.9090420472440943
20
-4.0724661417322832
11
4.9098566929133858
21
-4.0732807874015746
0
LINE
8
BLACK
6
CONTINUOUS
10
4.9098566929133858
20
-4.0732807874015746
11
4.9102975984251964
21
-4.0743451968503939
0
LINE
8
BLACK
6
CONTINUOUS
10
4.9102975984251964
20
-4.0743451968503939
11
4.9103543307086612
21
-4.0749212598425197
0
LINE
8
BLACK
6
CONTINUOUS
10
4.9103543307086612
20
-4.0749212598425197
11
4.9103543307086612
21
-4.1349212598425193
0
LINE
8
BLACK
6
CONTINUOUS
10
4.9103543307086612
20
-4.1349212598425193
11
4.9102975984251964
21
-4.1354973228346452
0
LINE
8
BLACK
6
CONTINUOUS
10
4.9102975984251964
20
-4.1354973228346452
11
4.9098566929133858
21
-4.1365617322834645
0
LINE
8
BLACK
6
CONTINUOUS
10
4.9098566929133858
20
-4.1365617322834645
11
4.9090420472440943
21
-4.1373763779527559
0
LINE
8
BLACK
6
CONTINUOUS
10
4.9090420472440943
20
-4.1373763779527559
11
4.9079776377952751
21
-4.1378172834645666
0
LINE
8
BLACK
6
CONTINUOUS
10
4.9079776377952751
20
-4.1378172834645666
11
4.9068255118110233
21
-4.1378172834645666
0
LINE
8
BLACK
6
CONTINUOUS
10
4.9068255118110233
20
-4.1378172834645666
11
4.905761102362205
21
-4.1373763779527559
0
LINE
8
BLACK
6
CONTINUOUS
10
4.905761102362205
20
-4.1373763779527559
11
4.9049464566929135
21
-4.1365617322834645
0
LINE
8
BLACK
6
CONTINUOUS
10
4.9049464566929135
20
-4.1365617322834645
11
4.904505551181102
21
-4.1354973228346452
0
LINE
8
BLACK
6
CONTINUOUS
10
4.904505551181102
20
-4.1354973228346452
11
4.9044488188976381
21
-4.1349212598425193
0
LINE
8
BLACK
6
CONTINUOUS
10
4.9044488188976381
20
-4.1349212598425193
11
4.9044488188976381
21
-4.0749212598425197
0
LINE
8
BLACK
6
CONTINUOUS
10
4.9044488188976381
20
-4.0749212598425197
11
4.904505551181102
21
-4.0743451968503939
0
LINE
8
BLACK
6
CONTINUOUS
10
4.904505551181102
20
-4.0743451968503939
11
4.9049464566929135
21
-4.0732807874015746
0
LINE
8
BLACK
6
CONTINUOUS
10
4.9049464566929135
20
-4.0732807874015746
11
4.905761102362205
21
-4.0724661417322832
0
LINE
8
BLACK
6
CONTINUOUS
10
4.905761102362205
20
-4.0724661417322832
11
4.9068255118110233
21
-4.0720252362204725
0
LINE
8
BLACK
6
CONTINUOUS
10
4.9068255118110233
20
-4.0720252362204725
11
4.9079776377952751
21
-4.0720252362204725
0
LINE
8
BLACK
6
CONTINUOUS
10
4.9079776377952751
20
-4.0720252362204725
11
4.9090420472440943
21
-4.0724661417322832
0
LINE
8
BLACK
6
CONTINUOUS
10
5.0290420472440944
20
-4.0724661417322832
11
5.0298566929133859
21
-4.0732807874015746
0
LINE
8
BLACK
6
CONTINUOUS
10
5.0298566929133859
20
-4.0732807874015746
11
5.0302975984251965
21
-4.0743451968503939
0
LINE
8
BLACK
6
CONTINUOUS
10
5.0302975984251965
20
-4.0743451968503939
11
5.0303543307086613
21
-4.0749212598425197
0
LINE
8
BLACK
6
CONTINUOUS
10
5.0303543307086613
20
-4.0749212598425197
11
5.0303543307086613
21
-4.1349212598425193
0
LINE
8
BLACK
6
CONTINUOUS
10
5.0303543307086613
20
-4.1349212598425193
11
5.0302975984251965
21
-4.1354973228346452
0
LINE
8
BLACK
6
CONTINUOUS
10
5.0302975984251965
20
-4.1354973228346452
11
5.0298566929133859
21
-4.1365617322834645
0
LINE
8
BLACK
6
CONTINUOUS
10
5.0298566929133859
20
-4.1365617322834645
11
5.0290420472440944
21
-4.1373763779527559
0
LINE
8
BLACK
6
CONTINUOUS
10
5.0290420472440944
20
-4.1373763779527559
11
5.0279776377952752
21
-4.1378172834645666
0
LINE
8
BLACK
6
CONTINUOUS
10
5.0279776377952752
20
-4.1378172834645666
11
5.0268255118110234
21
-4.1378172834645666
0
LINE
8
BLACK
6
CONTINUOUS
10
5.0268255118110234
20
-4.1378172834645666
11
5.0257611023622042
21
-4.1373763779527559
0
LINE
8
BLACK
6
CONTINUOUS
10
5.0257611023622042
20
-4.1373763779527559
11
5.0249464566929136
21
-4.1365617322834645
0
LINE
8
BLACK
6
CONTINUOUS
10
5.0249464566929136
20
-4.1365617322834645
11
5.0245055511811021
21
-4.1354973228346452
0
LINE
8
BLACK
6
CONTINUOUS
10
5.0245055511811021
20
-4.1354973228346452
11
5.0244488188976373
21
-4.1349212598425193
0
LINE
8
BLACK
6
CONTINUOUS
10
5.0244488188976373
20
-4.1349212598425193
11
5.0244488188976373
21
-4.0749212598425197
0
LINE
8
BLACK
6
CONTINUOUS
10
5.0244488188976373
20
-4.0749212598425197
11
5.0245055511811021
21
-4.0743451968503939
0
LINE
8
BLACK
6
CONTINUOUS
10
5.0245055511811021
20
-4.0743451968503939
11
5.0249464566929136
21
-4.0732807874015746
0
LINE
8
BLACK
6
CONTINUOUS
10
5.0249464566929136
20
-4.0732807874015746
11
5.0257611023622042
21
-4.0724661417322832
0
LINE
8
BLACK
6
CONTINUOUS
10
5.0257611023622042
20
-4.0724661417322832
11
5.0268255118110234
21
-4.0720252362204725
0
LINE
8
BLACK
6
CONTINUOUS
10
5.0268255118110234
20
-4.0720252362204725
11
5.0279776377952752
21
-4.0720252362204725
0
LINE
8
BLACK
6
CONTINUOUS
10
5.0279776377952752
20
-4.0720252362204725
11
5.0290420472440944
21
-4.0724661417322832
0
LINE
8
BLACK
6
CONTINUOUS
10
4.9833055511811022
20
-4.1327388582677163
11
4.9845839763779525
21
-4.1340172834645665
0
LINE
8
BLACK
6
CONTINUOUS
10
4.9845839763779525
20
-4.1340172834645665
11
4.9845839763779525
21
-4.1358252362204722
0
LINE
8
BLACK
6
CONTINUOUS
10
4.9845839763779525
20
-4.1358252362204722
11
4.9833055511811022
21
-4.1371036614173224
0
LINE
8
BLACK
6
CONTINUOUS
10
4.9833055511811022
20
-4.1371036614173224
11
4.9824015748031494
21
-4.137283464566929
0
LINE
8
BLACK
6
CONTINUOUS
10
4.9824015748031494
20
-4.137283464566929
11
4.9524015748031491
21
-4.137283464566929
0
LINE
8
BLACK
6
CONTINUOUS
10
4.9524015748031491
20
-4.137283464566929
11
4.9514975984251963
21
-4.1371036614173224
0
LINE
8
BLACK
6
CONTINUOUS
10
4.9514975984251963
20
-4.1371036614173224
11
4.950219173228346
21
-4.1358252362204722
0
LINE
8
BLACK
6
CONTINUOUS
10
4.950219173228346
20
-4.1358252362204722
11
4.950219173228346
21
-4.1340172834645665
0
LINE
8
BLACK
6
CONTINUOUS
10
4.950219173228346
20
-4.1340172834645665
11
4.9514975984251963
21
-4.1327388582677163
0
LINE
8
BLACK
6
CONTINUOUS
10
4.9514975984251963
20
-4.1327388582677163
11
4.9524015748031491
21
-4.1325590551181097
0
LINE
8
BLACK
6
CONTINUOUS
10
4.9524015748031491
20
-4.1325590551181097
11
4.9824015748031494
21
-4.1325590551181097
0
LINE
8
BLACK
6
CONTINUOUS
10
4.9824015748031494
20
-4.1325590551181097
11
4.9833055511811022
21
-4.1327388582677163
0
LINE
8
BLACK
6
CONTINUOUS
10
6.0540297244094488
20
-4.119730905511811
11
6.055308149606299
21
-4.1210093307086613
0
LINE
8
BLACK
6
CONTINUOUS
10
6.055308149606299
20
-4.1210093307086613
11
6.055308149606299
21
-4.1228172834645669
0
LINE
8
BLACK
6
CONTINUOUS
10
6.055308149606299
20
-4.1228172834645669
11
6.0540297244094488
21
-4.1240957086614172
0
LINE
8
BLACK
6
CONTINUOUS
10
6.0540297244094488
20
-4.1240957086614172
11
6.0531257480314959
21
-4.1242755118110237
0
LINE
8
BLACK
6
CONTINUOUS
10
6.0531257480314959
20
-4.1242755118110237
11
6.0231257480314957
21
-4.1242755118110237
0
LINE
8
BLACK
6
CONTINUOUS
10
6.0231257480314957
20
-4.1242755118110237
11
6.0222217716535429
21
-4.1240957086614172
0
LINE
8
BLACK
6
CONTINUOUS
10
6.0222217716535429
20
-4.1240957086614172
11
6.0209433464566926
21
-4.1228172834645669
0
LINE
8
BLACK
6
CONTINUOUS
10
6.0209433464566926
20
-4.1228172834645669
11
6.0209433464566926
21
-4.1210093307086613
0
LINE
8
BLACK
6
CONTINUOUS
10
6.0209433464566926
20
-4.1210093307086613
11
6.0222217716535429
21
-4.119730905511811
0
LINE
8
BLACK
6
CONTINUOUS
10
6.0222217716535429
20
-4.119730905511811
11
6.0231257480314957
21
-4.1195511023622045
0
LINE
8
BLACK
6
CONTINUOUS
10
6.0231257480314957
20
-4.1195511023622045
11
6.0531257480314959
21
-4.1195511023622045
0
LINE
8
BLACK
6
CONTINUOUS
10
6.0531257480314959
20
-4.1195511023622045
11
6.0540297244094488
21
-4.119730905511811
0
LINE
8
BLACK
6
CONTINUOUS
10
6.1626409842519685
20
-4.082283661417323
11
6.162820787401575
21
-4.0831876377952758
0
LINE
8
BLACK
6
CONTINUOUS
10
6.162820787401575
20
-4.0831876377952758
11
6.162820787401575
21
-4.1131876377952752
0
LINE
8
BLACK
6
CONTINUOUS
10
6.162820787401575
20
-4.1131876377952752
11
6.1626409842519685
21
-4.114091614173228
0
LINE
8
BLACK
6
CONTINUOUS
10
6.1626409842519685
20
-4.114091614173228
11
6.1613625590551182
21
-4.1153700393700783
0
LINE
8
BLACK
6
CONTINUOUS
10
6.1613625590551182
20
-4.1153700393700783
11
6.1595546062992126
21
-4.1153700393700783
0
LINE
8
BLACK
6
CONTINUOUS
10
6.1595546062992126
20
-4.1153700393700783
11
6.1582761811023623
21
-4.114091614173228
0
LINE
8
BLACK
6
CONTINUOUS
10
6.1582761811023623
20
-4.114091614173228
11
6.1580963779527558
21
-4.1131876377952752
0
LINE
8
BLACK
6
CONTINUOUS
10
6.1580963779527558
20
-4.1131876377952752
11
6.1580963779527558
21
-4.0831876377952758
0
LINE
8
BLACK
6
CONTINUOUS
10
6.1580963779527558
20
-4.0831876377952758
11
6.1582761811023623
21
-4.082283661417323
0
LINE
8
BLACK
6
CONTINUOUS
10
6.1582761811023623
20
-4.082283661417323
11
6.1595546062992126
21
-4.0810052362204727
0
LINE
8
BLACK
6
CONTINUOUS
10
6.1595546062992126
20
-4.0810052362204727
11
6.1613625590551182
21
-4.0810052362204727
0
LINE
8
BLACK
6
CONTINUOUS
10
6.1613625590551182
20
-4.0810052362204727
11
6.1626409842519685
21
-4.082283661417323
0
LINE
8
BLACK
6
CONTINUOUS
10
6.2226409842519681
20
-4.082283661417323
11
6.2228207874015746
21
-4.0831876377952758
0
LINE
8
BLACK
6
CONTINUOUS
10
6.2228207874015746
20
-4.0831876377952758
11
6.2228207874015746
21
-4.1131876377952752
0
LINE
8
BLACK
6
CONTINUOUS
10
6.2228207874015746
20
-4.1131876377952752
11
6.2226409842519681
21
-4.114091614173228
0
LINE
8
BLACK
6
CONTINUOUS
10
6.2226409842519681
20
-4.114091614173228
11
6.2213625590551178
21
-4.1153700393700783
0
LINE
8
BLACK
6
CONTINUOUS
10
6.2213625590551178
20
-4.1153700393700783
11
6.2195546062992122
21
-4.1153700393700783
0
LINE
8
BLACK
6
CONTINUOUS
10
6.2195546062992122
20
-4.1153700393700783
11
6.2182761811023619
21
-4.114091614173228
0
LINE
8
BLACK
6
CONTINUOUS
10
6.2182761811023619
20
-4.114091614173228
11
6.2180963779527554
21
-4.1131876377952752
0
LINE
8
BLACK
6
CONTINUOUS
10
6.2180963779527554
20
-4.1131876377952752
11
6.2180963779527554
21
-4.0831876377952758
0
LINE
8
BLACK
6
CONTINUOUS
10
6.2180963779527554
20
-4.0831876377952758
11
6.2182761811023619
21
-4.082283661417323
0
LINE
8
BLACK
6
CONTINUOUS
10
6.2182761811023619
20
-4.082283661417323
11
6.2195546062992122
21
-4.0810052362204727
0
LINE
8
BLACK
6
CONTINUOUS
10
6.2195546062992122
20
-4.0810052362204727
11
6.2213625590551178
21
-4.0810052362204727
0
LINE
8
BLACK
6
CONTINUOUS
10
6.2213625590551178
20
-4.0810052362204727
11
6.2226409842519681
21
-4.082283661417323
0
LINE
8
BLACK
6
CONTINUOUS
10
5.7704776377952758
20
-4.1059622440944885
11
5.7715420472440941
21
-4.1064031496062992
0
LINE
8
BLACK
6
CONTINUOUS
10
5.7715420472440941
20
-4.1064031496062992
11
5.7723566929133856
21
-4.1072177952755906
0
LINE
8
BLACK
6
CONTINUOUS
10
5.7723566929133856
20
-4.1072177952755906
11
5.7727975984251971
21
-4.108282204724409
0
LINE
8
BLACK
6
CONTINUOUS
10
5.7727975984251971
20
-4.108282204724409
11
5.7727975984251971
21
-4.1094343307086616
0
LINE
8
BLACK
6
CONTINUOUS
10
5.7727975984251971
20
-4.1094343307086616
11
5.7723566929133856
21
-4.11049874015748
0
LINE
8
BLACK
6
CONTINUOUS
10
5.7723566929133856
20
-4.11049874015748
11
5.7715420472440941
21
-4.1113133858267714
0
LINE
8
BLACK
6
CONTINUOUS
10
5.7715420472440941
20
-4.1113133858267714
11
5.7704776377952758
21
-4.1117542913385829
0
LINE
8
BLACK
6
CONTINUOUS
10
5.7704776377952758
20
-4.1117542913385829
11
5.7699015748031499
21
-4.1118110236220469
0
LINE
8
BLACK
6
CONTINUOUS
10
5.7699015748031499
20
-4.1118110236220469
11
5.7099015748031494
21
-4.1118110236220469
0
LINE
8
BLACK
6
CONTINUOUS
10
5.7099015748031494
20
-4.1118110236220469
11
5.7093255118110235
21
-4.1117542913385829
0
LINE
8
BLACK
6
CONTINUOUS
10
5.7093255118110235
20
-4.1117542913385829
11
5.7082611023622043
21
-4.1113133858267714
0
LINE
8
BLACK
6
CONTINUOUS
10
5.7082611023622043
20
-4.1113133858267714
11
5.7074464566929128
21
-4.11049874015748
0
LINE
8
BLACK
6
CONTINUOUS
10
5.7074464566929128
20
-4.11049874015748
11
5.7070055511811022
21
-4.1094343307086616
0
LINE
8
BLACK
6
CONTINUOUS
10
5.7070055511811022
20
-4.1094343307086616
11
5.7070055511811022
21
-4.108282204724409
0
LINE
8
BLACK
6
CONTINUOUS
10
5.7070055511811022
20
-4.108282204724409
11
5.7074464566929128
21
-4.1072177952755906
0
LINE
8
BLACK
6
CONTINUOUS
10
5.7074464566929128
20
-4.1072177952755906
11
5.7082611023622043
21
-4.1064031496062992
0
LINE
8
BLACK
6
CONTINUOUS
10
5.7082611023622043
20
-4.1064031496062992
11
5.7093255118110235
21
-4.1059622440944885
0
LINE
8
BLACK
6
CONTINUOUS
10
5.7093255118110235
20
-4.1059622440944885
11
5.7099015748031494
21
-4.1059055118110237
0
LINE
8
BLACK
6
CONTINUOUS
10
5.7099015748031494
20
-4.1059055118110237
11
5.7699015748031499
21
-4.1059055118110237
0
LINE
8
BLACK
6
CONTINUOUS
10
5.7699015748031499
20
-4.1059055118110237
11
5.7704776377952758
21
-4.1059622440944885
0
LINE
8
BLACK
6
CONTINUOUS
10
5.9790398818897632
20
-4.033955275590551
11
5.9798545275590547
21
-4.0347699212598425
0
LINE
8
BLACK
6
CONTINUOUS
10
5.9798545275590547
20
-4.0347699212598425
11
5.9802954330708662
21
-4.0358343307086617
0
LINE
8
BLACK
6
CONTINUOUS
10
5.9802954330708662
20
-4.0358343307086617
11
5.980352165354331
21
-4.0364103937007876
0
LINE
8
BLACK
6
CONTINUOUS
10
5.980352165354331
20
-4.0364103937007876
11
5.980352165354331
21
-4.0964103937007872
0
LINE
8
BLACK
6
CONTINUOUS
10
5.980352165354331
20
-4.0964103937007872
11
5.9802954330708662
21
-4.0969864566929131
0
LINE
8
BLACK
6
CONTINUOUS
10
5.9802954330708662
20
-4.0969864566929131
11
5.9798545275590547
21
-4.0980508661417323
0
LINE
8
BLACK
6
CONTINUOUS
10
5.9798545275590547
20
-4.0980508661417323
11
5.9790398818897632
21
-4.0988655118110238
0
LINE
8
BLACK
6
CONTINUOUS
10
5.9790398818897632
20
-4.0988655118110238
11
5.9779754724409448
21
-4.0993064173228344
0
LINE
8
BLACK
6
CONTINUOUS
10
5.9779754724409448
20
-4.0993064173228344
11
5.9768233464566931
21
-4.0993064173228344
0
LINE
8
BLACK
6
CONTINUOUS
10
5.9768233464566931
20
-4.0993064173228344
11
5.9757589370078739
21
-4.0988655118110238
0
LINE
8
BLACK
6
CONTINUOUS
10
5.9757589370078739
20
-4.0988655118110238
11
5.9749442913385824
21
-4.0980508661417323
0
LINE
8
BLACK
6
CONTINUOUS
10
5.9749442913385824
20
-4.0980508661417323
11
5.9745033858267718
21
-4.0969864566929131
0
LINE
8
BLACK
6
CONTINUOUS
10
5.9745033858267718
20
-4.0969864566929131
11
5.974446653543307
21
-4.0964103937007872
0
LINE
8
BLACK
6
CONTINUOUS
10
5.974446653543307
20
-4.0964103937007872
11
5.974446653543307
21
-4.0364103937007876
0
LINE
8
BLACK
6
CONTINUOUS
10
5.974446653543307
20
-4.0364103937007876
11
5.9745033858267718
21
-4.0358343307086617
0
LINE
8
BLACK
6
CONTINUOUS
10
5.9745033858267718
20
-4.0358343307086617
11
5.9749442913385824
21
-4.0347699212598425
0
LINE
8
BLACK
6
CONTINUOUS
10
5.9749442913385824
20
-4.0347699212598425
11
5.9757589370078739
21
-4.033955275590551
0
LINE
8
BLACK
6
CONTINUOUS
10
5.9757589370078739
20
-4.033955275590551
11
5.9768233464566931
21
-4.0335143700787404
0
LINE
8
BLACK
6
CONTINUOUS
10
5.9768233464566931
20
-4.0335143700787404
11
5.9779754724409448
21
-4.0335143700787404
0
LINE
8
BLACK
6
CONTINUOUS
10
5.9779754724409448
20
-4.0335143700787404
11
5.9790398818897632
21
-4.033955275590551
0
LINE
8
BLACK
6
CONTINUOUS
10
6.0990398818897633
20
-4.033955275590551
11
6.0998545275590548
21
-4.0347699212598425
0
LINE
8
BLACK
6
CONTINUOUS
10
6.0998545275590548
20
-4.0347699212598425
11
6.1002954330708663
21
-4.0358343307086617
0
LINE
8
BLACK
6
CONTINUOUS
10
6.1002954330708663
20
-4.0358343307086617
11
6.1003521653543302
21
-4.0364103937007876
0
LINE
8
BLACK
6
CONTINUOUS
10
6.1003521653543302
20
-4.0364103937007876
11
6.1003521653543302
21
-4.0964103937007872
0
LINE
8
BLACK
6
CONTINUOUS
10
6.1003521653543302
20
-4.0964103937007872
11
6.1002954330708663
21
-4.0969864566929131
0
LINE
8
BLACK
6
CONTINUOUS
10
6.1002954330708663
20
-4.0969864566929131
11
6.0998545275590548
21
-4.0980508661417323
0
LINE
8
BLACK
6
CONTINUOUS
10
6.0998545275590548
20
-4.0980508661417323
11
6.0990398818897633
21
-4.0988655118110238
0
LINE
8
BLACK
6
CONTINUOUS
10
6.0990398818897633
20
-4.0988655118110238
11
6.097975472440945
21
-4.0993064173228344
0
LINE
8
BLACK
6
CONTINUOUS
10
6.097975472440945
20
-4.0993064173228344
11
6.0968233464566932
21
-4.0993064173228344
0
LINE
8
BLACK
6
CONTINUOUS
10
6.0968233464566932
20
-4.0993064173228344
11
6.095758937007874
21
-4.0988655118110238
0
LINE
8
BLACK
6
CONTINUOUS
10
6.095758937007874
20
-4.0988655118110238
11
6.0949442913385825
21
-4.0980508661417323
0
LINE
8
BLACK
6
CONTINUOUS
10
6.0949442913385825
20
-4.0980508661417323
11
6.0945033858267719
21
-4.0969864566929131
0
LINE
8
BLACK
6
CONTINUOUS
10
6.0945033858267719
20
-4.0969864566929131
11
6.0944466535433071
21
-4.0964103937007872
0
LINE
8
BLACK
6
CONTINUOUS
10
6.0944466535433071
20
-4.0964103937007872
11
6.0944466535433071
21
-4.0364103937007876
0
LINE
8
BLACK
6
CONTINUOUS
10
6.0944466535433071
20
-4.0364103937007876
11
6.0945033858267719
21
-4.0358343307086617
0
LINE
8
BLACK
6
CONTINUOUS
10
6.0945033858267719
20
-4.0358343307086617
11
6.0949442913385825
21
-4.0347699212598425
0
LINE
8
BLACK
6
CONTINUOUS
10
6.0949442913385825
20
-4.0347699212598425
11
6.095758937007874
21
-4.033955275590551
0
LINE
8
BLACK
6
CONTINUOUS
10
6.095758937007874
20
-4.033955275590551
11
6.0968233464566932
21
-4.0335143700787404
0
LINE
8
BLACK
6
CONTINUOUS
10
6.0968233464566932
20
-4.0335143700787404
11
6.097975472440945
21
-4.0335143700787404
0
LINE
8
BLACK
6
CONTINUOUS
10
6.097975472440945
20
-4.0335143700787404
11
6.0990398818897633
21
-4.033955275590551
0
LINE
8
BLACK
6
CONTINUOUS
10
6.0533033858267711
20
-4.0942279921259841
11
6.0545818110236223
21
-4.0955064173228344
0
LINE
8
BLACK
6
CONTINUOUS
10
6.0545818110236223
20
-4.0955064173228344
11
6.0545818110236223
21
-4.09731437007874
0
LINE
8
BLACK
6
CONTINUOUS
10
6.0545818110236223
20
-4.09731437007874
11
6.0533033858267711
21
-4.0985927952755903
0
LINE
8
BLACK
6
CONTINUOUS
10
6.0533033858267711
20
-4.0985927952755903
11
6.0523994094488192
21
-4.0987725984251968
0
LINE
8
BLACK
6
CONTINUOUS
10
6.0523994094488192
20
-4.0987725984251968
11
6.0223994094488189
21
-4.0987725984251968
0
LINE
8
BLACK
6
CONTINUOUS
10
6.0223994094488189
20
-4.0987725984251968
11
6.0214954330708661
21
-4.0985927952755903
0
LINE
8
BLACK
6
CONTINUOUS
10
6.0214954330708661
20
-4.0985927952755903
11
6.0202170078740158
21
-4.09731437007874
0
LINE
8
BLACK
6
CONTINUOUS
10
6.0202170078740158
20
-4.09731437007874
11
6.0202170078740158
21
-4.0955064173228344
0
LINE
8
BLACK
6
CONTINUOUS
10
6.0202170078740158
20
-4.0955064173228344
11
6.0214954330708661
21
-4.0942279921259841
0
LINE
8
BLACK
6
CONTINUOUS
10
6.0214954330708661
20
-4.0942279921259841
11
6.0223994094488189
21
-4.0940481889763776
0
LINE
8
BLACK
6
CONTINUOUS
10
6.0223994094488189
20
-4.0940481889763776
11
6.0523994094488192
21
-4.0940481889763776
0
LINE
8
BLACK
6
CONTINUOUS
10
6.0523994094488192
20
-4.0940481889763776
11
6.0533033858267711
21
-4.0942279921259841
0
LINE
8
BLACK
6
CONTINUOUS
10
4.9833055511811022
20
-4.0727388582677166
11
4.9845839763779525
21
-4.0740172834645669
0
LINE
8
BLACK
6
CONTINUOUS
10
4.9845839763779525
20
-4.0740172834645669
11
4.9845839763779525
21
-4.0758252362204725
0
LINE
8
BLACK
6
CONTINUOUS
10
4.9845839763779525
20
-4.0758252362204725
11
4.9833055511811022
21
-4.0771036614173228
0
LINE
8
BLACK
6
CONTINUOUS
10
4.9833055511811022
20
-4.0771036614173228
11
4.9824015748031494
21
-4.0772834645669294
0
LINE
8
BLACK
6
CONTINUOUS
10
4.9824015748031494
20
-4.0772834645669294
11
4.9524015748031491
21
-4.0772834645669294
0
LINE
8
BLACK
6
CONTINUOUS
10
4.9524015748031491
20
-4.0772834645669294
11
4.9514975984251963
21
-4.0771036614173228
0
LINE
8
BLACK
6
CONTINUOUS
10
4.9514975984251963
20
-4.0771036614173228
11
4.950219173228346
21
-4.0758252362204725
0
LINE
8
BLACK
6
CONTINUOUS
10
4.950219173228346
20
-4.0758252362204725
11
4.950219173228346
21
-4.0740172834645669
0
LINE
8
BLACK
6
CONTINUOUS
10
4.950219173228346
20
-4.0740172834645669
11
4.9514975984251963
21
-4.0727388582677166
0
LINE
8
BLACK
6
CONTINUOUS
10
4.9514975984251963
20
-4.0727388582677166
11
4.9524015748031491
21
-4.0725590551181101
0
LINE
8
BLACK
6
CONTINUOUS
10
4.9524015748031491
20
-4.0725590551181101
11
4.9824015748031494
21
-4.0725590551181101
0
LINE
8
BLACK
6
CONTINUOUS
10
4.9824015748031494
20
-4.0725590551181101
11
4.9833055511811022
21
-4.0727388582677166
0
LINE
8
BLACK
6
CONTINUOUS
10
6.4470052362204724
20
-4.0346078346456693
11
6.4471850393700789
21
-4.0355118110236221
0
LINE
8
BLACK
6
CONTINUOUS
10
6.4471850393700789
20
-4.0355118110236221
11
6.4471850393700789
21
-4.0721259842519686
0
LINE
8
BLACK
6
CONTINUOUS
10
6.4471850393700789
20
-4.0721259842519686
11
6.4470052362204724
21
-4.0730299606299214
0
LINE
8
BLACK
6
CONTINUOUS
10
6.4470052362204724
20
-4.0730299606299214
11
6.4457268110236221
21
-4.0743083858267717
0
LINE
8
BLACK
6
CONTINUOUS
10
6.4457268110236221
20
-4.0743083858267717
11
6.4448228346456693
21
-4.0744881889763782
0
LINE
8
BLACK
6
CONTINUOUS
10
6.4448228346456693
20
-4.0744881889763782
11
6.3597834645669291
21
-4.0744881889763782
0
LINE
8
BLACK
6
CONTINUOUS
10
6.3597834645669291
20
-4.0744881889763782
11
6.3588794881889763
21
-4.0743083858267717
0
LINE
8
BLACK
6
CONTINUOUS
10
6.3588794881889763
20
-4.0743083858267717
11
6.357601062992126
21
-4.0730299606299214
0
LINE
8
BLACK
6
CONTINUOUS
10
6.357601062992126
20
-4.0730299606299214
11
6.357601062992126
21
-4.0712220078740158
0
LINE
8
BLACK
6
CONTINUOUS
10
6.357601062992126
20
-4.0712220078740158
11
6.3588794881889763
21
-4.0699435826771655
0
LINE
8
BLACK
6
CONTINUOUS
10
6.3588794881889763
20
-4.0699435826771655
11
6.3597834645669291
21
-4.069763779527559
0
LINE
8
BLACK
6
CONTINUOUS
10
6.3597834645669291
20
-4.069763779527559
11
6.4424606299212597
21
-4.069763779527559
0
LINE
8
BLACK
6
CONTINUOUS
10
6.4424606299212597
20
-4.069763779527559
11
6.4424606299212597
21
-4.0355118110236221
0
LINE
8
BLACK
6
CONTINUOUS
10
6.4424606299212597
20
-4.0355118110236221
11
6.4426404330708662
21
-4.0346078346456693
0
LINE
8
BLACK
6
CONTINUOUS
10
6.4426404330708662
20
-4.0346078346456693
11
6.4439188582677165
21
-4.033329409448819
0
LINE
8
BLACK
6
CONTINUOUS
10
6.4439188582677165
20
-4.033329409448819
11
6.4457268110236221
21
-4.033329409448819
0
LINE
8
BLACK
6
CONTINUOUS
10
6.4457268110236221
20
-4.033329409448819
11
6.4470052362204724
21
-4.0346078346456693
0
LINE
8
BLACK
6
CONTINUOUS
10
4.9090420472440943
20
-3.9924661417322835
11
4.9098566929133858
21
-3.9932807874015745
0
LINE
8
BLACK
6
CONTINUOUS
10
4.9098566929133858
20
-3.9932807874015745
11
4.9102975984251964
21
-3.9943451968503938
0
LINE
8
BLACK
6
CONTINUOUS
10
4.9102975984251964
20
-3.9943451968503938
11
4.9103543307086612
21
-3.9949212598425197
0
LINE
8
BLACK
6
CONTINUOUS
10
4.9103543307086612
20
-3.9949212598425197
11
4.9103543307086612
21
-4.0549212598425193
0
LINE
8
BLACK
6
CONTINUOUS
10
4.9103543307086612
20
-4.0549212598425193
11
4.9102975984251964
21
-4.0554973228346451
0
LINE
8
BLACK
6
CONTINUOUS
10
4.9102975984251964
20
-4.0554973228346451
11
4.9098566929133858
21
-4.0565617322834644
0
LINE
8
BLACK
6
CONTINUOUS
10
4.9098566929133858
20
-4.0565617322834644
11
4.9090420472440943
21
-4.0573763779527559
0
LINE
8
BLACK
6
CONTINUOUS
10
4.9090420472440943
20
-4.0573763779527559
11
4.9079776377952751
21
-4.0578172834645665
0
LINE
8
BLACK
6
CONTINUOUS
10
4.9079776377952751
20
-4.0578172834645665
11
4.9068255118110233
21
-4.0578172834645665
0
LINE
8
BLACK
6
CONTINUOUS
10
4.9068255118110233
20
-4.0578172834645665
11
4.905761102362205
21
-4.0573763779527559
0
LINE
8
BLACK
6
CONTINUOUS
10
4.905761102362205
20
-4.0573763779527559
11
4.9049464566929135
21
-4.0565617322834644
0
LINE
8
BLACK
6
CONTINUOUS
10
4.9049464566929135
20
-4.0565617322834644
11
4.904505551181102
21
-4.0554973228346451
0
LINE
8
BLACK
6
CONTINUOUS
10
4.904505551181102
20
-4.0554973228346451
11
4.9044488188976381
21
-4.0549212598425193
0
LINE
8
BLACK
6
CONTINUOUS
10
4.9044488188976381
20
-4.0549212598425193
11
4.9044488188976381
21
-3.9949212598425197
0
LINE
8
BLACK
6
CONTINUOUS
10
4.9044488188976381
20
-3.9949212598425197
11
4.904505551181102
21
-3.9943451968503938
0
LINE
8
BLACK
6
CONTINUOUS
10
4.904505551181102
20
-3.9943451968503938
11
4.9049464566929135
21
-3.9932807874015745
0
LINE
8
BLACK
6
CONTINUOUS
10
4.9049464566929135
20
-3.9932807874015745
11
4.905761102362205
21
-3.9924661417322835
0
LINE
8
BLACK
6
CONTINUOUS
10
4.905761102362205
20
-3.9924661417322835
11
4.9068255118110233
21
-3.9920252362204725
0
LINE
8
BLACK
6
CONTINUOUS
10
4.9068255118110233
20
-3.9920252362204725
11
4.9079776377952751
21
-3.9920252362204725
0
LINE
8
BLACK
6
CONTINUOUS
10
4.9079776377952751
20
-3.9920252362204725
11
4.9090420472440943
21
-3.9924661417322835
0
LINE
8
BLACK
6
CONTINUOUS
10
5.0290420472440944
20
-3.9924661417322835
11
5.0298566929133859
21
-3.9932807874015745
0
LINE
8
BLACK
6
CONTINUOUS
10
5.0298566929133859
20
-3.9932807874015745
11
5.0302975984251965
21
-3.9943451968503938
0
LINE
8
BLACK
6
CONTINUOUS
10
5.0302975984251965
20
-3.9943451968503938
11
5.0303543307086613
21
-3.9949212598425197
0
LINE
8
BLACK
6
CONTINUOUS
10
5.0303543307086613
20
-3.9949212598425197
11
5.0303543307086613
21
-4.0549212598425193
0
LINE
8
BLACK
6
CONTINUOUS
10
5.0303543307086613
20
-4.0549212598425193
11
5.0302975984251965
21
-4.0554973228346451
0
LINE
8
BLACK
6
CONTINUOUS
10
5.0302975984251965
20
-4.0554973228346451
11
5.0298566929133859
21
-4.0565617322834644
0
LINE
8
BLACK
6
CONTINUOUS
10
5.0298566929133859
20
-4.0565617322834644
11
5.0290420472440944
21
-4.0573763779527559
0
LINE
8
BLACK
6
CONTINUOUS
10
5.0290420472440944
20
-4.0573763779527559
11
5.0279776377952752
21
-4.0578172834645665
0
LINE
8
BLACK
6
CONTINUOUS
10
5.0279776377952752
20
-4.0578172834645665
11
5.0268255118110234
21
-4.0578172834645665
0
LINE
8
BLACK
6
CONTINUOUS
10
5.0268255118110234
20
-4.0578172834645665
11
5.0257611023622042
21
-4.0573763779527559
0
LINE
8
BLACK
6
CONTINUOUS
10
5.0257611023622042
20
-4.0573763779527559
11
5.0249464566929136
21
-4.0565617322834644
0
LINE
8
BLACK
6
CONTINUOUS
10
5.0249464566929136
20
-4.0565617322834644
11
5.0245055511811021
21
-4.0554973228346451
0
LINE
8
BLACK
6
CONTINUOUS
10
5.0245055511811021
20
-4.0554973228346451
11
5.0244488188976373
21
-4.0549212598425193
0
LINE
8
BLACK
6
CONTINUOUS
10
5.0244488188976373
20
-4.0549212598425193
11
5.0244488188976373
21
-3.9949212598425197
0
LINE
8
BLACK
6
CONTINUOUS
10
5.0244488188976373
20
-3.9949212598425197
11
5.0245055511811021
21
-3.9943451968503938
0
LINE
8
BLACK
6
CONTINUOUS
10
5.0245055511811021
20
-3.9943451968503938
11
5.0249464566929136
21
-3.9932807874015745
0
LINE
8
BLACK
6
CONTINUOUS
10
5.0249464566929136
20
-3.9932807874015745
11
5.0257611023622042
21
-3.9924661417322835
0
LINE
8
BLACK
6
CONTINUOUS
10
5.0257611023622042
20
-3.9924661417322835
11
5.0268255118110234
21
-3.9920252362204725
0
LINE
8
BLACK
6
CONTINUOUS
10
5.0268255118110234
20
-3.9920252362204725
11
5.0279776377952752
21
-3.9920252362204725
0
LINE
8
BLACK
6
CONTINUOUS
10
5.0279776377952752
20
-3.9920252362204725
11
5.0290420472440944
21
-3.9924661417322835
0
LINE
8
BLACK
6
CONTINUOUS
10
4.9833055511811022
20
-4.0527388582677162
11
4.9845839763779525
21
-4.0540172834645665
0
LINE
8
BLACK
6
CONTINUOUS
10
4.9845839763779525
20
-4.0540172834645665
11
4.9845839763779525
21
-4.0558252362204721
0
LINE
8
BLACK
6
CONTINUOUS
10
4.9845839763779525
20
-4.0558252362204721
11
4.9833055511811022
21
-4.0571036614173224
0
LINE
8
BLACK
6
CONTINUOUS
10
4.9833055511811022
20
-4.0571036614173224
11
4.9824015748031494
21
-4.0572834645669289
0
LINE
8
BLACK
6
CONTINUOUS
10
4.9824015748031494
20
-4.0572834645669289
11
4.9524015748031491
21
-4.0572834645669289
0
LINE
8
BLACK
6
CONTINUOUS
10
4.9524015748031491
20
-4.0572834645669289
11
4.9514975984251963
21
-4.0571036614173224
0
LINE
8
BLACK
6
CONTINUOUS
10
4.9514975984251963
20
-4.0571036614173224
11
4.950219173228346
21
-4.0558252362204721
0
LINE
8
BLACK
6
CONTINUOUS
10
4.950219173228346
20
-4.0558252362204721
11
4.950219173228346
21
-4.0540172834645665
0
LINE
8
BLACK
6
CONTINUOUS
10
4.950219173228346
20
-4.0540172834645665
11
4.9514975984251963
21
-4.0527388582677162
0
LINE
8
BLACK
6
CONTINUOUS
10
4.9514975984251963
20
-4.0527388582677162
11
4.9524015748031491
21
-4.0525590551181105
0
LINE
8
BLACK
6
CONTINUOUS
10
4.9524015748031491
20
-4.0525590551181105
11
4.9824015748031494
21
-4.0525590551181105
0
LINE
8
BLACK
6
CONTINUOUS
10
4.9824015748031494
20
-4.0525590551181105
11
4.9833055511811022
21
-4.0527388582677162
0
LINE
8
BLACK
6
CONTINUOUS
10
6.0987864566929133
20
-4.0007933464566925
11
6.0992338976377951
21
-4.0011605511811021
0
LINE
8
BLACK
6
CONTINUOUS
10
6.0992338976377951
20
-4.0011605511811021
11
6.1416603149606299
21
-4.043586968503937
0
LINE
8
BLACK
6
CONTINUOUS
10
6.1416603149606299
20
-4.043586968503937
11
6.1420275196850396
21
-4.0440344094488188
0
LINE
8
BLACK
6
CONTINUOUS
10
6.1420275196850396
20
-4.0440344094488188
11
6.1424684251968502
21
-4.045098818897638
0
LINE
8
BLACK
6
CONTINUOUS
10
6.1424684251968502
20
-4.045098818897638
11
6.1424684251968502
21
-4.046250905511811
0
LINE
8
BLACK
6
CONTINUOUS
10
6.1424684251968502
20
-4.046250905511811
11
6.1420275196850396
21
-4.0473153149606302
0
LINE
8
BLACK
6
CONTINUOUS
10
6.1420275196850396
20
-4.0473153149606302
11
6.1412128346456694
21
-4.0481299999999996
0
LINE
8
BLACK
6
CONTINUOUS
10
6.1412128346456694
20
-4.0481299999999996
11
6.1401484251968501
21
-4.0485709055118111
0
LINE
8
BLACK
6
CONTINUOUS
10
6.1401484251968501
20
-4.0485709055118111
11
6.1389963385826771
21
-4.0485709055118111
0
LINE
8
BLACK
6
CONTINUOUS
10
6.1389963385826771
20
-4.0485709055118111
11
6.1379319291338579
21
-4.0481299999999996
0
LINE
8
BLACK
6
CONTINUOUS
10
6.1379319291338579
20
-4.0481299999999996
11
6.1374844881889761
21
-4.0477627952755908
0
LINE
8
BLACK
6
CONTINUOUS
10
6.1374844881889761
20
-4.0477627952755908
11
6.0950580708661413
21
-4.005336377952756
0
LINE
8
BLACK
6
CONTINUOUS
10
6.0950580708661413
20
-4.005336377952756
11
6.0946908661417325
21
-4.0048889370078742
0
LINE
8
BLACK
6
CONTINUOUS
10
6.0946908661417325
20
-4.0048889370078742
11
6.094249960629921
21
-4.0038244881889762
0
LINE
8
BLACK
6
CONTINUOUS
10
6.094249960629921
20
-4.0038244881889762
11
6.094249960629921
21
-4.0026724409448819
0
LINE
8
BLACK
6
CONTINUOUS
10
6.094249960629921
20
-4.0026724409448819
11
6.0946908661417325
21
-4.0016079921259839
0
LINE
8
BLACK
6
CONTINUOUS
10
6.0946908661417325
20
-4.0016079921259839
11
6.0955055118110231
21
-4.0007933464566925
0
LINE
8
BLACK
6
CONTINUOUS
10
6.0955055118110231
20
-4.0007933464566925
11
6.0965699606299211
21
-4.0003524409448818
0
LINE
8
BLACK
6
CONTINUOUS
10
6.0965699606299211
20
-4.0003524409448818
11
6.0977220078740153
21
-4.0003524409448818
0
LINE
8
BLACK
6
CONTINUOUS
10
6.0977220078740153
20
-4.0003524409448818
11
6.0987864566929133
21
-4.0007933464566925
0
LINE
8
BLACK
6
CONTINUOUS
10
6.2210346456692909
20
-4.0352916141732287
11
6.2220990551181101
21
-4.0357325196850393
0
LINE
8
BLACK
6
CONTINUOUS
10
6.2220990551181101
20
-4.0357325196850393
11
6.2229137007874016
21
-4.0365471653543308
0
LINE
8
BLACK
6
CONTINUOUS
10
6.2229137007874016
20
-4.0365471653543308
11
6.2233546062992122
21
-4.0376115748031491
0
LINE
8
BLACK
6
CONTINUOUS
10
6.2233546062992122
20
-4.0376115748031491
11
6.2233546062992122
21
-4.0387637007874018
0
LINE
8
BLACK
6
CONTINUOUS
10
6.2233546062992122
20
-4.0387637007874018
11
6.2229137007874016
21
-4.0398281102362201
0
LINE
8
BLACK
6
CONTINUOUS
10
6.2229137007874016
20
-4.0398281102362201
11
6.2220990551181101
21
-4.0406427559055116
0
LINE
8
BLACK
6
CONTINUOUS
10
6.2220990551181101
20
-4.0406427559055116
11
6.2210346456692909
21
-4.0410836614173231
0
LINE
8
BLACK
6
CONTINUOUS
10
6.2210346456692909
20
-4.0410836614173231
11
6.220458582677165
21
-4.041140393700787
0
LINE
8
BLACK
6
CONTINUOUS
10
6.220458582677165
20
-4.041140393700787
11
6.1604585826771654
21
-4.041140393700787
0
LINE
8
BLACK
6
CONTINUOUS
10
6.1604585826771654
20
-4.041140393700787
11
6.1598825196850395
21
-4.0410836614173231
0
LINE
8
BLACK
6
CONTINUOUS
10
6.1598825196850395
20
-4.0410836614173231
11
6.1588181102362203
21
-4.0406427559055116
0
LINE
8
BLACK
6
CONTINUOUS
10
6.1588181102362203
20
-4.0406427559055116
11
6.1580034645669288
21
-4.0398281102362201
0
LINE
8
BLACK
6
CONTINUOUS
10
6.1580034645669288
20
-4.0398281102362201
11
6.1575625590551182
21
-4.0387637007874018
0
LINE
8
BLACK
6
CONTINUOUS
10
6.1575625590551182
20
-4.0387637007874018
11
6.1575625590551182
21
-4.0376115748031491
0
LINE
8
BLACK
6
CONTINUOUS
10
6.1575625590551182
20
-4.0376115748031491
11
6.1580034645669288
21
-4.0365471653543308
0
LINE
8
BLACK
6
CONTINUOUS
10
6.1580034645669288
20
-4.0365471653543308
11
6.1588181102362203
21
-4.0357325196850393
0
LINE
8
BLACK
6
CONTINUOUS
10
6.1588181102362203
20
-4.0357325196850393
11
6.1598825196850395
21
-4.0352916141732287
0
LINE
8
BLACK
6
CONTINUOUS
10
6.1598825196850395
20
-4.0352916141732287
11
6.1604585826771654
21
-4.0352348818897639
0
LINE
8
BLACK
6
CONTINUOUS
10
6.1604585826771654
20
-4.0352348818897639
11
6.220458582677165
21
-4.0352348818897639
0
LINE
8
BLACK
6
CONTINUOUS
10
6.220458582677165
20
-4.0352348818897639
11
6.2210346456692909
21
-4.0352916141732287
0
LINE
8
BLACK
6
CONTINUOUS
10
6.0533033858267711
20
-4.0342279921259845
11
6.0545818110236223
21
-4.0355064173228348
0
LINE
8
BLACK
6
CONTINUOUS
10
6.0545818110236223
20
-4.0355064173228348
11
6.0545818110236223
21
-4.0373143700787404
0
LINE
8
BLACK
6
CONTINUOUS
10
6.0545818110236223
20
-4.0373143700787404
11
6.0533033858267711
21
-4.0385927952755907
0
LINE
8
BLACK
6
CONTINUOUS
10
6.0533033858267711
20
-4.0385927952755907
11
6.0523994094488192
21
-4.0387725984251972
0
LINE
8
BLACK
6
CONTINUOUS
10
6.0523994094488192
20
-4.0387725984251972
11
6.0223994094488189
21
-4.0387725984251972
0
LINE
8
BLACK
6
CONTINUOUS
10
6.0223994094488189
20
-4.0387725984251972
11
6.0214954330708661
21
-4.0385927952755907
0
LINE
8
BLACK
6
CONTINUOUS
10
6.0214954330708661
20
-4.0385927952755907
11
6.0202170078740158
21
-4.0373143700787404
0
LINE
8
BLACK
6
CONTINUOUS
10
6.0202170078740158
20
-4.0373143700787404
11
6.0202170078740158
21
-4.0355064173228348
0
LINE
8
BLACK
6
CONTINUOUS
10
6.0202170078740158
20
-4.0355064173228348
11
6.0214954330708661
21
-4.0342279921259845
0
LINE
8
BLACK
6
CONTINUOUS
10
6.0214954330708661
20
-4.0342279921259845
11
6.0223994094488189
21
-4.034048188976378
0
LINE
8
BLACK
6
CONTINUOUS
10
6.0223994094488189
20
-4.034048188976378
11
6.0523994094488192
21
-4.034048188976378
0
LINE
8
BLACK
6
CONTINUOUS
10
6.0523994094488192
20
-4.034048188976378
11
6.0533033858267711
21
-4.0342279921259845
0
LINE
8
BLACK
6
CONTINUOUS
10
6.1947877952755901
20
-3.9917379133858266
11
6.1947877952755901
21
-3.993545905511811
0
LINE
8
BLACK
6
CONTINUOUS
10
6.1947877952755901
20
-3.993545905511811
11
6.1942757086614169
21
-3.994312244094488
0
LINE
8
BLACK
6
CONTINUOUS
10
6.1942757086614169
20
-3.994312244094488
11
6.1730625196850388
21
-4.0155253937007869
0
LINE
8
BLACK
6
CONTINUOUS
10
6.1730625196850388
20
-4.0155253937007869
11
6.1722961811023618
21
-4.0160374803149601
0
LINE
8
BLACK
6
CONTINUOUS
10
6.1722961811023618
20
-4.0160374803149601
11
6.1704882283464562
21
-4.0160374803149601
0
LINE
8
BLACK
6
CONTINUOUS
10
6.1704882283464562
20
-4.0160374803149601
11
6.1692098031496059
21
-4.0147590551181098
0
LINE
8
BLACK
6
CONTINUOUS
10
6.1692098031496059
20
-4.0147590551181098
11
6.1692098031496059
21
-4.0129511023622042
0
LINE
8
BLACK
6
CONTINUOUS
10
6.1692098031496059
20
-4.0129511023622042
11
6.1697218897637791
21
-4.0121847637795272
0
LINE
8
BLACK
6
CONTINUOUS
10
6.1697218897637791
20
-4.0121847637795272
11
6.1909350393700784
21
-3.9909715748031496
0
LINE
8
BLACK
6
CONTINUOUS
10
6.1909350393700784
20
-3.9909715748031496
11
6.1917013779527554
21
-3.9904594881889763
0
LINE
8
BLACK
6
CONTINUOUS
10
6.1917013779527554
20
-3.9904594881889763
11
6.1935093700787398
21
-3.9904594881889763
0
LINE
8
BLACK
6
CONTINUOUS
10
6.1935093700787398
20
-3.9904594881889763
11
6.1947877952755901
21
-3.9917379133858266
0
LINE
8
BLACK
6
CONTINUOUS
10
5.7704776377952758
20
-4.0095252362204725
11
5.7715420472440941
21
-4.0099661417322832
0
LINE
8
BLACK
6
CONTINUOUS
10
5.7715420472440941
20
-4.0099661417322832
11
5.7723566929133856
21
-4.0107807874015746
0
LINE
8
BLACK
6
CONTINUOUS
10
5.7723566929133856
20
-4.0107807874015746
11
5.7727975984251971
21
-4.0118451968503939
0
LINE
8
BLACK
6
CONTINUOUS
10
5.7727975984251971
20
-4.0118451968503939
11
5.7727975984251971
21
-4.0129973228346456
0
LINE
8
BLACK
6
CONTINUOUS
10
5.7727975984251971
20
-4.0129973228346456
11
5.7723566929133856
21
-4.0140617322834649
0
LINE
8
BLACK
6
CONTINUOUS
10
5.7723566929133856
20
-4.0140617322834649
11
5.7715420472440941
21
-4.0148763779527554
0
LINE
8
BLACK
6
CONTINUOUS
10
5.7715420472440941
20
-4.0148763779527554
11
5.7704776377952758
21
-4.015317283464567
0
LINE
8
BLACK
6
CONTINUOUS
10
5.7704776377952758
20
-4.015317283464567
11
5.7699015748031499
21
-4.0153740157480318
0
LINE
8
BLACK
6
CONTINUOUS
10
5.7699015748031499
20
-4.0153740157480318
11
5.7099015748031494
21
-4.0153740157480318
0
LINE
8
BLACK
6
CONTINUOUS
10
5.7099015748031494
20
-4.0153740157480318
11
5.7093255118110235
21
-4.015317283464567
0
LINE
8
BLACK
6
CONTINUOUS
10
5.7093255118110235
20
-4.015317283464567
11
5.7082611023622043
21
-4.0148763779527554
0
LINE
8
BLACK
6
CONTINUOUS
10
5.7082611023622043
20
-4.0148763779527554
11
5.7074464566929128
21
-4.0140617322834649
0
LINE
8
BLACK
6
CONTINUOUS
10
5.7074464566929128
20
-4.0140617322834649
11
5.7070055511811022
21
-4.0129973228346456
0
LINE
8
BLACK
6
CONTINUOUS
10
5.7070055511811022
20
-4.0129973228346456
11
5.7070055511811022
21
-4.0118451968503939
0
LINE
8
BLACK
6
CONTINUOUS
10
5.7070055511811022
20
-4.0118451968503939
11
5.7074464566929128
21
-4.0107807874015746
0
LINE
8
BLACK
6
CONTINUOUS
10
5.7074464566929128
20
-4.0107807874015746
11
5.7082611023622043
21
-4.0099661417322832
0
LINE
8
BLACK
6
CONTINUOUS
10
5.7082611023622043
20
-4.0099661417322832
11
5.7093255118110235
21
-4.0095252362204725
0
LINE
8
BLACK
6
CONTINUOUS
10
5.7093255118110235
20
-4.0095252362204725
11
5.7099015748031494
21
-4.0094685039370077
0
LINE
8
BLACK
6
CONTINUOUS
10
5.7099015748031494
20
-4.0094685039370077
11
5.7699015748031499
21
-4.0094685039370077
0
LINE
8
BLACK
6
CONTINUOUS
10
5.7699015748031499
20
-4.0094685039370077
11
5.7704776377952758
21
-4.0095252362204725
0
LINE
8
BLACK
6
CONTINUOUS
10
5.8554776377952757
20
-4.0095252362204725
11
5.8565420472440941
21
-4.0099661417322832
0
LINE
8
BLACK
6
CONTINUOUS
10
5.8565420472440941
20
-4.0099661417322832
11
5.8573566929133856
21
-4.0107807874015746
0
LINE
8
BLACK
6
CONTINUOUS
10
5.8573566929133856
20
-4.0107807874015746
11
5.8577975984251971
21
-4.0118451968503939
0
LINE
8
BLACK
6
CONTINUOUS
10
5.8577975984251971
20
-4.0118451968503939
11
5.8577975984251971
21
-4.0129973228346456
0
LINE
8
BLACK
6
CONTINUOUS
10
5.8577975984251971
20
-4.0129973228346456
11
5.8573566929133856
21
-4.0140617322834649
0
LINE
8
BLACK
6
CONTINUOUS
10
5.8573566929133856
20
-4.0140617322834649
11
5.8565420472440941
21
-4.0148763779527554
0
LINE
8
BLACK
6
CONTINUOUS
10
5.8565420472440941
20
-4.0148763779527554
11
5.8554776377952757
21
-4.015317283464567
0
LINE
8
BLACK
6
CONTINUOUS
10
5.8554776377952757
20
-4.015317283464567
11
5.8549015748031499
21
-4.0153740157480318
0
LINE
8
BLACK
6
CONTINUOUS
10
5.8549015748031499
20
-4.0153740157480318
11
5.7949015748031494
21
-4.0153740157480318
0
LINE
8
BLACK
6
CONTINUOUS
10
5.7949015748031494
20
-4.0153740157480318
11
5.7943255118110235
21
-4.015317283464567
0
LINE
8
BLACK
6
CONTINUOUS
10
5.7943255118110235
20
-4.015317283464567
11
5.7932611023622043
21
-4.0148763779527554
0
LINE
8
BLACK
6
CONTINUOUS
10
5.7932611023622043
20
-4.0148763779527554
11
5.7924464566929137
21
-4.0140617322834649
0
LINE
8
BLACK
6
CONTINUOUS
10
5.7924464566929137
20
-4.0140617322834649
11
5.7920055511811022
21
-4.0129973228346456
0
LINE
8
BLACK
6
CONTINUOUS
10
5.7920055511811022
20
-4.0129973228346456
11
5.7920055511811022
21
-4.0118451968503939
0
LINE
8
BLACK
6
CONTINUOUS
10
5.7920055511811022
20
-4.0118451968503939
11
5.7924464566929137
21
-4.0107807874015746
0
LINE
8
BLACK
6
CONTINUOUS
10
5.7924464566929137
20
-4.0107807874015746
11
5.7932611023622043
21
-4.0099661417322832
0
LINE
8
BLACK
6
CONTINUOUS
10
5.7932611023622043
20
-4.0099661417322832
11
5.7943255118110235
21
-4.0095252362204725
0
LINE
8
BLACK
6
CONTINUOUS
10
5.7943255118110235
20
-4.0095252362204725
11
5.7949015748031494
21
-4.0094685039370077
0
LINE
8
BLACK
6
CONTINUOUS
10
5.7949015748031494
20
-4.0094685039370077
11
5.8549015748031499
21
-4.0094685039370077
0
LINE
8
BLACK
6
CONTINUOUS
10
5.8549015748031499
20
-4.0094685039370077
11
5.8554776377952757
21
-4.0095252362204725
0
LINE
8
BLACK
6
CONTINUOUS
10
6.125750984251968
20
-3.9602753937007873
11
6.1265656692913382
21
-3.9610900787401575
0
LINE
8
BLACK
6
CONTINUOUS
10
6.1265656692913382
20
-3.9610900787401575
11
6.1270065748031497
21
-3.9621544881889763
0
LINE
8
BLACK
6
CONTINUOUS
10
6.1270065748031497
20
-3.9621544881889763
11
6.1270065748031497
21
-3.9633065748031493
0
LINE
8
BLACK
6
CONTINUOUS
10
6.1270065748031497
20
-3.9633065748031493
11
6.1265656692913382
21
-3.9643709842519685
0
LINE
8
BLACK
6
CONTINUOUS
10
6.1265656692913382
20
-3.9643709842519685
11
6.1261984645669294
21
-3.9648184251968503
0
LINE
8
BLACK
6
CONTINUOUS
10
6.1261984645669294
20
-3.9648184251968503
11
6.0837720472440946
21
-4.0072448425196852
0
LINE
8
BLACK
6
CONTINUOUS
10
6.0837720472440946
20
-4.0072448425196852
11
6.0833246062992128
21
-4.0076120472440948
0
LINE
8
BLACK
6
CONTINUOUS
10
6.0833246062992128
20
-4.0076120472440948
11
6.0822601574803148
21
-4.0080529527559055
0
LINE
8
BLACK
6
CONTINUOUS
10
6.0822601574803148
20
-4.0080529527559055
11
6.0811081102362206
21
-4.0080529527559055
0
LINE
8
BLACK
6
CONTINUOUS
10
6.0811081102362206
20
-4.0080529527559055
11
6.0800436614173226
21
-4.0076120472440948
0
LINE
8
BLACK
6
CONTINUOUS
10
6.0800436614173226
20
-4.0076120472440948
11
6.0792290157480311
21
-4.0067974015748034
0
LINE
8
BLACK
6
CONTINUOUS
10
6.0792290157480311
20
-4.0067974015748034
11
6.0787881102362205
21
-4.0057329527559054
0
LINE
8
BLACK
6
CONTINUOUS
10
6.0787881102362205
20
-4.0057329527559054
11
6.0787881102362205
21
-4.0045809055118111
0
LINE
8
BLACK
6
CONTINUOUS
10
6.0787881102362205
20
-4.0045809055118111
11
6.0792290157480311
21
-4.0035164566929131
0
LINE
8
BLACK
6
CONTINUOUS
10
6.0792290157480311
20
-4.0035164566929131
11
6.0795962204724407
21
-4.0030690157480313
0
LINE
8
BLACK
6
CONTINUOUS
10
6.0795962204724407
20
-4.0030690157480313
11
6.1220226377952756
21
-3.9606425984251969
0
LINE
8
BLACK
6
CONTINUOUS
10
6.1220226377952756
20
-3.9606425984251969
11
6.1224700787401574
21
-3.9602753937007873
0
LINE
8
BLACK
6
CONTINUOUS
10
6.1224700787401574
20
-3.9602753937007873
11
6.1235344881889766
21
-3.9598344881889762
0
LINE
8
BLACK
6
CONTINUOUS
10
6.1235344881889766
20
-3.9598344881889762
11
6.1246865748031496
21
-3.9598344881889762
0
LINE
8
BLACK
6
CONTINUOUS
10
6.1246865748031496
20
-3.9598344881889762
11
6.125750984251968
21
-3.9602753937007873
0
LINE
8
BLACK
6
CONTINUOUS
10
6.7295457086614174
20
-3.8677782283464568
11
6.7308241338582677
21
-3.8690566535433071
0
LINE
8
BLACK
6
CONTINUOUS
10
6.7308241338582677
20
-3.8690566535433071
11
6.7308241338582677
21
-3.8708646062992127
0
LINE
8
BLACK
6
CONTINUOUS
10
6.7308241338582677
20
-3.8708646062992127
11
6.7295457086614174
21
-3.872143031496063
0
LINE
8
BLACK
6
CONTINUOUS
10
6.7295457086614174
20
-3.872143031496063
11
6.7286417322834646
21
-3.8723228346456691
0
LINE
8
BLACK
6
CONTINUOUS
10
6.7286417322834646
20
-3.8723228346456691
11
6.5184055118110233
21
-3.8723228346456691
0
LINE
8
BLACK
6
CONTINUOUS
10
6.5184055118110233
20
-3.8723228346456691
11
6.5184055118110233
21
-3.9975196850393702
0
LINE
8
BLACK
6
CONTINUOUS
10
6.5184055118110233
20
-3.9975196850393702
11
6.7286417322834646
21
-3.9975196850393702
0
LINE
8
BLACK
6
CONTINUOUS
10
6.7286417322834646
20
-3.9975196850393702
11
6.7295457086614174
21
-3.9976994881889762
0
LINE
8
BLACK
6
CONTINUOUS
10
6.7295457086614174
20
-3.9976994881889762
11
6.7308241338582677
21
-3.9989779133858265
0
LINE
8
BLACK
6
CONTINUOUS
10
6.7308241338582677
20
-3.9989779133858265
11
6.7308241338582677
21
-4.0007858661417321
0
LINE
8
BLACK
6
CONTINUOUS
10
6.7308241338582677
20
-4.0007858661417321
11
6.7295457086614174
21
-4.0020642913385824
0
LINE
8
BLACK
6
CONTINUOUS
10
6.7295457086614174
20
-4.0020642913385824
11
6.7286417322834646
21
-4.002244094488189
0
LINE
8
BLACK
6
CONTINUOUS
10
6.7286417322834646
20
-4.002244094488189
11
6.5160433070866137
21
-4.002244094488189
0
LINE
8
BLACK
6
CONTINUOUS
10
6.5160433070866137
20
-4.002244094488189
11
6.5151393307086609
21
-4.0020642913385824
0
LINE
8
BLACK
6
CONTINUOUS
10
6.5151393307086609
20
-4.0020642913385824
11
6.5138609055118106
21
-4.0007858661417321
0
LINE
8
BLACK
6
CONTINUOUS
10
6.5138609055118106
20
-4.0007858661417321
11
6.513681102362205
21
-3.9998818897637793
0
LINE
8
BLACK
6
CONTINUOUS
10
6.513681102362205
20
-3.9998818897637793
11
6.513681102362205
21
-3.8699606299212599
0
LINE
8
BLACK
6
CONTINUOUS
10
6.513681102362205
20
-3.8699606299212599
11
6.5138609055118106
21
-3.8690566535433071
0
LINE
8
BLACK
6
CONTINUOUS
10
6.5138609055118106
20
-3.8690566535433071
11
6.5151393307086609
21
-3.8677782283464568
0
LINE
8
BLACK
6
CONTINUOUS
10
6.5151393307086609
20
-3.8677782283464568
11
6.5160433070866137
21
-3.8675984251968503
0
LINE
8
BLACK
6
CONTINUOUS
10
6.5160433070866137
20
-3.8675984251968503
11
6.7286417322834646
21
-3.8675984251968503
0
LINE
8
BLACK
6
CONTINUOUS
10
6.7286417322834646
20
-3.8675984251968503
11
6.7295457086614174
21
-3.8677782283464568
0
LINE
8
BLACK
6
CONTINUOUS
10
6.3304776377952754
20
-3.9945252362204724
11
6.3315420472440946
21
-3.9949661417322835
0
LINE
8
BLACK
6
CONTINUOUS
10
6.3315420472440946
20
-3.9949661417322835
11
6.3323566929133861
21
-3.9957807874015745
0
LINE
8
BLACK
6
CONTINUOUS
10
6.3323566929133861
20
-3.9957807874015745
11
6.3327975984251967
21
-3.9968451968503937
0
LINE
8
BLACK
6
CONTINUOUS
10
6.3327975984251967
20
-3.9968451968503937
11
6.3327975984251967
21
-3.9979973228346455
0
LINE
8
BLACK
6
CONTINUOUS
10
6.3327975984251967
20
-3.9979973228346455
11
6.3323566929133861
21
-3.9990617322834643
0
LINE
8
BLACK
6
CONTINUOUS
10
6.3323566929133861
20
-3.9990617322834643
11
6.3315420472440946
21
-3.9998763779527557
0
LINE
8
BLACK
6
CONTINUOUS
10
6.3315420472440946
20
-3.9998763779527557
11
6.3304776377952754
21
-4.0003172834645673
0
LINE
8
BLACK
6
CONTINUOUS
10
6.3304776377952754
20
-4.0003172834645673
11
6.3299015748031495
21
-4.0003740157480312
0
LINE
8
BLACK
6
CONTINUOUS
10
6.3299015748031495
20
-4.0003740157480312
11
6.269901574803149
21
-4.0003740157480312
0
LINE
8
BLACK
6
CONTINUOUS
10
6.269901574803149
20
-4.0003740157480312
11
6.2693255118110232
21
-4.0003172834645673
0
LINE
8
BLACK
6
CONTINUOUS
10
6.2693255118110232
20
-4.0003172834645673
11
6.2682611023622048
21
-3.9998763779527557
0
LINE
8
BLACK
6
CONTINUOUS
10
6.2682611023622048
20
-3.9998763779527557
11
6.2674464566929133
21
-3.9990617322834643
0
LINE
8
BLACK
6
CONTINUOUS
10
6.2674464566929133
20
-3.9990617322834643
11
6.2670055511811018
21
-3.9979973228346455
0
LINE
8
BLACK
6
CONTINUOUS
10
6.2670055511811018
20
-3.9979973228346455
11
6.2670055511811018
21
-3.9968451968503937
0
LINE
8
BLACK
6
CONTINUOUS
10
6.2670055511811018
20
-3.9968451968503937
11
6.2674464566929133
21
-3.9957807874015745
0
LINE
8
BLACK
6
CONTINUOUS
10
6.2674464566929133
20
-3.9957807874015745
11
6.2682611023622048
21
-3.9949661417322835
0
LINE
8
BLACK
6
CONTINUOUS
10
6.2682611023622048
20
-3.9949661417322835
11
6.2693255118110232
21
-3.9945252362204724
0
LINE
8
BLACK
6
CONTINUOUS
10
6.2693255118110232
20
-3.9945252362204724
11
6.269901574803149
21
-3.9944685039370076
0
LINE
8
BLACK
6
CONTINUOUS
10
6.269901574803149
20
-3.9944685039370076
11
6.3299015748031495
21
-3.9944685039370076
0
LINE
8
BLACK
6
CONTINUOUS
10
6.3299015748031495
20
-3.9944685039370076
11
6.3304776377952754
21
-3.9945252362204724
0
LINE
8
BLACK
6
CONTINUOUS
10
4.9833055511811022
20
-3.9927388582677166
11
4.9845839763779525
21
-3.9940172834645669
0
LINE
8
BLACK
6
CONTINUOUS
10
4.9845839763779525
20
-3.9940172834645669
11
4.9845839763779525
21
-3.9958252362204725
0
LINE
8
BLACK
6
CONTINUOUS
10
4.9845839763779525
20
-3.9958252362204725
11
4.9833055511811022
21
-3.9971036614173228
0
LINE
8
BLACK
6
CONTINUOUS
10
4.9833055511811022
20
-3.9971036614173228
11
4.9824015748031494
21
-3.9972834645669288
0
LINE
8
BLACK
6
CONTINUOUS
10
4.9824015748031494
20
-3.9972834645669288
11
4.9524015748031491
21
-3.9972834645669288
0
LINE
8
BLACK
6
CONTINUOUS
10
4.9524015748031491
20
-3.9972834645669288
11
4.9514975984251963
21
-3.9971036614173228
0
LINE
8
BLACK
6
CONTINUOUS
10
4.9514975984251963
20
-3.9971036614173228
11
4.950219173228346
21
-3.9958252362204725
0
LINE
8
BLACK
6
CONTINUOUS
10
4.950219173228346
20
-3.9958252362204725
11
4.950219173228346
21
-3.9940172834645669
0
LINE
8
BLACK
6
CONTINUOUS
10
4.950219173228346
20
-3.9940172834645669
11
4.9514975984251963
21
-3.9927388582677166
0
LINE
8
BLACK
6
CONTINUOUS
10
4.9514975984251963
20
-3.9927388582677166
11
4.9524015748031491
21
-3.99255905511811
0
LINE
8
BLACK
6
CONTINUOUS
10
4.9524015748031491
20
-3.99255905511811
11
4.9824015748031494
21
-3.99255905511811
0
LINE
8
BLACK
6
CONTINUOUS
10
4.9824015748031494
20
-3.99255905511811
11
4.9833055511811022
21
-3.9927388582677166
0
LINE
8
BLACK
6
CONTINUOUS
10
6.4457268110236221
20
-3.9455341338582675
11
6.4470052362204724
21
-3.9468125590551182
0
LINE
8
BLACK
6
CONTINUOUS
10
6.4470052362204724
20
-3.9468125590551182
11
6.4471850393700789
21
-3.947716535433071
0
LINE
8
BLACK
6
CONTINUOUS
10
6.4471850393700789
20
-3.947716535433071
11
6.4471850393700789
21
-3.984330708661417
0
LINE
8
BLACK
6
CONTINUOUS
10
6.4471850393700789
20
-3.984330708661417
11
6.4470052362204724
21
-3.9852346850393698
0
LINE
8
BLACK
6
CONTINUOUS
10
6.4470052362204724
20
-3.9852346850393698
11
6.4457268110236221
21
-3.9865131102362206
0
LINE
8
BLACK
6
CONTINUOUS
10
6.4457268110236221
20
-3.9865131102362206
11
6.4439188582677165
21
-3.9865131102362206
0
LINE
8
BLACK
6
CONTINUOUS
10
6.4439188582677165
20
-3.9865131102362206
11
6.4426404330708662
21
-3.9852346850393698
0
LINE
8
BLACK
6
CONTINUOUS
10
6.4426404330708662
20
-3.9852346850393698
11
6.4424606299212597
21
-3.984330708661417
0
LINE
8
BLACK
6
CONTINUOUS
10
6.4424606299212597
20
-3.984330708661417
11
6.4424606299212597
21
-3.9500787401574802
0
LINE
8
BLACK
6
CONTINUOUS
10
6.4424606299212597
20
-3.9500787401574802
11
6.3873425196850393
21
-3.9500787401574802
0
LINE
8
BLACK
6
CONTINUOUS
10
6.3873425196850393
20
-3.9500787401574802
11
6.3864385433070865
21
-3.9498989370078741
0
LINE
8
BLACK
6
CONTINUOUS
10
6.3864385433070865
20
-3.9498989370078741
11
6.3851601181102362
21
-3.9486205118110234
0
LINE
8
BLACK
6
CONTINUOUS
10
6.3851601181102362
20
-3.9486205118110234
11
6.3851601181102362
21
-3.9468125590551182
0
LINE
8
BLACK
6
CONTINUOUS
10
6.3851601181102362
20
-3.9468125590551182
11
6.3864385433070865
21
-3.9455341338582675
0
LINE
8
BLACK
6
CONTINUOUS
10
6.3864385433070865
20
-3.9455341338582675
11
6.3873425196850393
21
-3.9453543307086614
0
LINE
8
BLACK
6
CONTINUOUS
10
6.3873425196850393
20
-3.9453543307086614
11
6.4448228346456693
21
-3.9453543307086614
0
LINE
8
BLACK
6
CONTINUOUS
10
6.4448228346456693
20
-3.9453543307086614
11
6.4457268110236221
21
-3.9455341338582675
0
LINE
8
BLACK
6
CONTINUOUS
10
4.9090420472440943
20
-3.9124661417322835
11
4.9098566929133858
21
-3.9132807874015749
0
LINE
8
BLACK
6
CONTINUOUS
10
4.9098566929133858
20
-3.9132807874015749
11
4.9102975984251964
21
-3.9143451968503937
0
LINE
8
BLACK
6
CONTINUOUS
10
4.9102975984251964
20
-3.9143451968503937
11
4.9103543307086612
21
-3.9149212598425196
0
LINE
8
BLACK
6
CONTINUOUS
10
4.9103543307086612
20
-3.9149212598425196
11
4.9103543307086612
21
-3.9749212598425196
0
LINE
8
BLACK
6
CONTINUOUS
10
4.9103543307086612
20
-3.9749212598425196
11
4.9102975984251964
21
-3.9754973228346455
0
LINE
8
BLACK
6
CONTINUOUS
10
4.9102975984251964
20
-3.9754973228346455
11
4.9098566929133858
21
-3.9765617322834643
0
LINE
8
BLACK
6
CONTINUOUS
10
4.9098566929133858
20
-3.9765617322834643
11
4.9090420472440943
21
-3.9773763779527558
0
LINE
8
BLACK
6
CONTINUOUS
10
4.9090420472440943
20
-3.9773763779527558
11
4.9079776377952751
21
-3.9778172834645669
0
LINE
8
BLACK
6
CONTINUOUS
10
4.9079776377952751
20
-3.9778172834645669
11
4.9068255118110233
21
-3.9778172834645669
0
LINE
8
BLACK
6
CONTINUOUS
10
4.9068255118110233
20
-3.9778172834645669
11
4.905761102362205
21
-3.9773763779527558
0
LINE
8
BLACK
6
CONTINUOUS
10
4.905761102362205
20
-3.9773763779527558
11
4.9049464566929135
21
-3.9765617322834643
0
LINE
8
BLACK
6
CONTINUOUS
10
4.9049464566929135
20
-3.9765617322834643
11
4.904505551181102
21
-3.9754973228346455
0
LINE
8
BLACK
6
CONTINUOUS
10
4.904505551181102
20
-3.9754973228346455
11
4.9044488188976381
21
-3.9749212598425196
0
LINE
8
BLACK
6
CONTINUOUS
10
4.9044488188976381
20
-3.9749212598425196
11
4.9044488188976381
21
-3.9149212598425196
0
LINE
8
BLACK
6
CONTINUOUS
10
4.9044488188976381
20
-3.9149212598425196
11
4.904505551181102
21
-3.9143451968503937
0
LINE
8
BLACK
6
CONTINUOUS
10
4.904505551181102
20
-3.9143451968503937
11
4.9049464566929135
21
-3.9132807874015749
0
LINE
8
BLACK
6
CONTINUOUS
10
4.9049464566929135
20
-3.9132807874015749
11
4.905761102362205
21
-3.9124661417322835
0
LINE
8
BLACK
6
CONTINUOUS
10
4.905761102362205
20
-3.9124661417322835
11
4.9068255118110233
21
-3.9120252362204724
0
LINE
8
BLACK
6
CONTINUOUS
10
4.9068255118110233
20
-3.9120252362204724
11
4.9079776377952751
21
-3.9120252362204724
0
LINE
8
BLACK
6
CONTINUOUS
10
4.9079776377952751
20
-3.9120252362204724
11
4.9090420472440943
21
-3.9124661417322835
0
LINE
8
BLACK
6
CONTINUOUS
10
5.0290420472440944
20
-3.9124661417322835
11
5.0298566929133859
21
-3.9132807874015749
0
LINE
8
BLACK
6
CONTINUOUS
10
5.0298566929133859
20
-3.9132807874015749
11
5.0302975984251965
21
-3.9143451968503937
0
LINE
8
BLACK
6
CONTINUOUS
10
5.0302975984251965
20
-3.9143451968503937
11
5.0303543307086613
21
-3.9149212598425196
0
LINE
8
BLACK
6
CONTINUOUS
10
5.0303543307086613
20
-3.9149212598425196
11
5.0303543307086613
21
-3.9749212598425196
0
LINE
8
BLACK
6
CONTINUOUS
10
5.0303543307086613
20
-3.9749212598425196
11
5.0302975984251965
21
-3.9754973228346455
0
LINE
8
BLACK
6
CONTINUOUS
10
5.0302975984251965
20
-3.9754973228346455
11
5.0298566929133859
21
-3.9765617322834643
0
LINE
8
BLACK
6
CONTINUOUS
10
5.0298566929133859
20
-3.9765617322834643
11
5.0290420472440944
21
-3.9773763779527558
0
LINE
8
BLACK
6
CONTINUOUS
10
5.0290420472440944
20
-3.9773763779527558
11
5.0279776377952752
21
-3.9778172834645669
0
LINE
8
BLACK
6
CONTINUOUS
10
5.0279776377952752
20
-3.9778172834645669
11
5.0268255118110234
21
-3.9778172834645669
0
LINE
8
BLACK
6
CONTINUOUS
10
5.0268255118110234
20
-3.9778172834645669
11
5.0257611023622042
21
-3.9773763779527558
0
LINE
8
BLACK
6
CONTINUOUS
10
5.0257611023622042
20
-3.9773763779527558
11
5.0249464566929136
21
-3.9765617322834643
0
LINE
8
BLACK
6
CONTINUOUS
10
5.0249464566929136
20
-3.9765617322834643
11
5.0245055511811021
21
-3.9754973228346455
0
LINE
8
BLACK
6
CONTINUOUS
10
5.0245055511811021
20
-3.9754973228346455
11
5.0244488188976373
21
-3.9749212598425196
0
LINE
8
BLACK
6
CONTINUOUS
10
5.0244488188976373
20
-3.9749212598425196
11
5.0244488188976373
21
-3.9149212598425196
0
LINE
8
BLACK
6
CONTINUOUS
10
5.0244488188976373
20
-3.9149212598425196
11
5.0245055511811021
21
-3.9143451968503937
0
LINE
8
BLACK
6
CONTINUOUS
10
5.0245055511811021
20
-3.9143451968503937
11
5.0249464566929136
21
-3.9132807874015749
0
LINE
8
BLACK
6
CONTINUOUS
10
5.0249464566929136
20
-3.9132807874015749
11
5.0257611023622042
21
-3.9124661417322835
0
LINE
8
BLACK
6
CONTINUOUS
10
5.0257611023622042
20
-3.9124661417322835
11
5.0268255118110234
21
-3.9120252362204724
0
LINE
8
BLACK
6
CONTINUOUS
10
5.0268255118110234
20
-3.9120252362204724
11
5.0279776377952752
21
-3.9120252362204724
0
LINE
8
BLACK
6
CONTINUOUS
10
5.0279776377952752
20
-3.9120252362204724
11
5.0290420472440944
21
-3.9124661417322835
0
LINE
8
BLACK
6
CONTINUOUS
10
4.9833055511811022
20
-3.9727388582677166
11
4.9845839763779525
21
-3.9740172834645668
0
LINE
8
BLACK
6
CONTINUOUS
10
4.9845839763779525
20
-3.9740172834645668
11
4.9845839763779525
21
-3.9758252362204725
0
LINE
8
BLACK
6
CONTINUOUS
10
4.9845839763779525
20
-3.9758252362204725
11
4.9833055511811022
21
-3.9771036614173227
0
LINE
8
BLACK
6
CONTINUOUS
10
4.9833055511811022
20
-3.9771036614173227
11
4.9824015748031494
21
-3.9772834645669288
0
LINE
8
BLACK
6
CONTINUOUS
10
4.9824015748031494
20
-3.9772834645669288
11
4.9524015748031491
21
-3.9772834645669288
0
LINE
8
BLACK
6
CONTINUOUS
10
4.9524015748031491
20
-3.9772834645669288
11
4.9514975984251963
21
-3.9771036614173227
0
LINE
8
BLACK
6
CONTINUOUS
10
4.9514975984251963
20
-3.9771036614173227
11
4.950219173228346
21
-3.9758252362204725
0
LINE
8
BLACK
6
CONTINUOUS
10
4.950219173228346
20
-3.9758252362204725
11
4.950219173228346
21
-3.9740172834645668
0
LINE
8
BLACK
6
CONTINUOUS
10
4.950219173228346
20
-3.9740172834645668
11
4.9514975984251963
21
-3.9727388582677166
0
LINE
8
BLACK
6
CONTINUOUS
10
4.9514975984251963
20
-3.9727388582677166
11
4.9524015748031491
21
-3.97255905511811
0
LINE
8
BLACK
6
CONTINUOUS
10
4.9524015748031491
20
-3.97255905511811
11
4.9824015748031494
21
-3.97255905511811
0
LINE
8
BLACK
6
CONTINUOUS
10
4.9824015748031494
20
-3.97255905511811
11
4.9833055511811022
21
-3.9727388582677166
0
LINE
8
BLACK
6
CONTINUOUS
10
6.0303214566929135
20
-3.9504536220472439
11
6.0515346456692916
21
-3.9716667716535432
0
LINE
8
BLACK
6
CONTINUOUS
10
6.0515346456692916
20
-3.9716667716535432
11
6.0520467322834648
21
-3.9724331102362203
0
LINE
8
BLACK
6
CONTINUOUS
10
6.0520467322834648
20
-3.9724331102362203
11
6.0520467322834648
21
-3.9742411023622046
0
LINE
8
BLACK
6
CONTINUOUS
10
6.0520467322834648
20
-3.9742411023622046
11
6.0507683070866136
21
-3.9755195275590549
0
LINE
8
BLACK
6
CONTINUOUS
10
6.0507683070866136
20
-3.9755195275590549
11
6.0489603149606301
21
-3.9755195275590549
0
LINE
8
BLACK
6
CONTINUOUS
10
6.0489603149606301
20
-3.9755195275590549
11
6.0481939763779522
21
-3.9750074409448817
0
LINE
8
BLACK
6
CONTINUOUS
10
6.0481939763779522
20
-3.9750074409448817
11
6.0269808267716538
21
-3.9537942519685036
0
LINE
8
BLACK
6
CONTINUOUS
10
6.0269808267716538
20
-3.9537942519685036
11
6.0264687401574806
21
-3.9530279133858266
0
LINE
8
BLACK
6
CONTINUOUS
10
6.0264687401574806
20
-3.9530279133858266
11
6.0264687401574806
21
-3.951219960629921
0
LINE
8
BLACK
6
CONTINUOUS
10
6.0264687401574806
20
-3.951219960629921
11
6.0277471653543309
21
-3.9499415354330707
0
LINE
8
BLACK
6
CONTINUOUS
10
6.0277471653543309
20
-3.9499415354330707
11
6.0295551181102365
21
-3.9499415354330707
0
LINE
8
BLACK
6
CONTINUOUS
10
6.0295551181102365
20
-3.9499415354330707
11
6.0303214566929135
21
-3.9504536220472439
0
LINE
8
BLACK
6
CONTINUOUS
10
6.1523613779527562
20
-3.9493114960629923
11
6.1523613779527562
21
-3.9511194881889762
0
LINE
8
BLACK
6
CONTINUOUS
10
6.1523613779527562
20
-3.9511194881889762
11
6.1518492913385829
21
-3.9518858267716532
0
LINE
8
BLACK
6
CONTINUOUS
10
6.1518492913385829
20
-3.9518858267716532
11
6.1306361023622049
21
-3.9730989763779525
0
LINE
8
BLACK
6
CONTINUOUS
10
6.1306361023622049
20
-3.9730989763779525
11
6.1298697637795279
21
-3.9736110629921257
0
LINE
8
BLACK
6
CONTINUOUS
10
6.1298697637795279
20
-3.9736110629921257
11
6.1280618110236222
21
-3.9736110629921257
0
LINE
8
BLACK
6
CONTINUOUS
10
6.1280618110236222
20
-3.9736110629921257
11
6.126783385826772
21
-3.9723326377952755
0
LINE
8
BLACK
6
CONTINUOUS
10
6.126783385826772
20
-3.9723326377952755
11
6.126783385826772
21
-3.9705246850393698
0
LINE
8
BLACK
6
CONTINUOUS
10
6.126783385826772
20
-3.9705246850393698
11
6.1272954724409443
21
-3.9697583464566928
0
LINE
8
BLACK
6
CONTINUOUS
10
6.1272954724409443
20
-3.9697583464566928
11
6.1485086220472436
21
-3.9485451574803148
0
LINE
8
BLACK
6
CONTINUOUS
10
6.1485086220472436
20
-3.9485451574803148
11
6.1492749606299215
21
-3.9480330708661415
0
LINE
8
BLACK
6
CONTINUOUS
10
6.1492749606299215
20
-3.9480330708661415
11
6.151082952755905
21
-3.9480330708661415
0
LINE
8
BLACK
6
CONTINUOUS
10
6.151082952755905
20
-3.9480330708661415
11
6.1523613779527562
21
-3.9493114960629923
0
LINE
8
BLACK
6
CONTINUOUS
10
5.7120839763779525
20
-3.9365172834645668
11
5.712263779527559
21
-3.9374212598425196
0
LINE
8
BLACK
6
CONTINUOUS
10
5.712263779527559
20
-3.9374212598425196
11
5.712263779527559
21
-3.9674212598425198
0
LINE
8
BLACK
6
CONTINUOUS
10
5.712263779527559
20
-3.9674212598425198
11
5.7120839763779525
21
-3.9683252362204722
0
LINE
8
BLACK
6
CONTINUOUS
10
5.7120839763779525
20
-3.9683252362204722
11
5.7108055511811022
21
-3.9696036614173229
0
LINE
8
BLACK
6
CONTINUOUS
10
5.7108055511811022
20
-3.9696036614173229
11
5.7089975984251966
21
-3.9696036614173229
0
LINE
8
BLACK
6
CONTINUOUS
10
5.7089975984251966
20
-3.9696036614173229
11
5.7077191732283463
21
-3.9683252362204722
0
LINE
8
BLACK
6
CONTINUOUS
10
5.7077191732283463
20
-3.9683252362204722
11
5.7075393700787398
21
-3.9674212598425198
0
LINE
8
BLACK
6
CONTINUOUS
10
5.7075393700787398
20
-3.9674212598425198
11
5.7075393700787398
21
-3.9374212598425196
0
LINE
8
BLACK
6
CONTINUOUS
10
5.7075393700787398
20
-3.9374212598425196
11
5.7077191732283463
21
-3.9365172834645668
0
LINE
8
BLACK
6
CONTINUOUS
10
5.7077191732283463
20
-3.9365172834645668
11
5.7089975984251966
21
-3.9352388582677165
0
LINE
8
BLACK
6
CONTINUOUS
10
5.7089975984251966
20
-3.9352388582677165
11
5.7108055511811022
21
-3.9352388582677165
0
LINE
8
BLACK
6
CONTINUOUS
10
5.7108055511811022
20
-3.9352388582677165
11
5.7120839763779525
21
-3.9365172834645668
0
LINE
8
BLACK
6
CONTINUOUS
10
5.772083976377953
20
-3.9365172834645668
11
5.7722637795275586
21
-3.9374212598425196
0
LINE
8
BLACK
6
CONTINUOUS
10
5.7722637795275586
20
-3.9374212598425196
11
5.7722637795275586
21
-3.9674212598425198
0
LINE
8
BLACK
6
CONTINUOUS
10
5.7722637795275586
20
-3.9674212598425198
11
5.772083976377953
21
-3.9683252362204722
0
LINE
8
BLACK
6
CONTINUOUS
10
5.772083976377953
20
-3.9683252362204722
11
5.7708055511811018
21
-3.9696036614173229
0
LINE
8
BLACK
6
CONTINUOUS
10
5.7708055511811018
20
-3.9696036614173229
11
5.7689975984251971
21
-3.9696036614173229
0
LINE
8
BLACK
6
CONTINUOUS
10
5.7689975984251971
20
-3.9696036614173229
11
5.7677191732283459
21
-3.9683252362204722
0
LINE
8
BLACK
6
CONTINUOUS
10
5.7677191732283459
20
-3.9683252362204722
11
5.7675393700787403
21
-3.9674212598425198
0
LINE
8
BLACK
6
CONTINUOUS
10
5.7675393700787403
20
-3.9674212598425198
11
5.7675393700787403
21
-3.9374212598425196
0
LINE
8
BLACK
6
CONTINUOUS
10
5.7675393700787403
20
-3.9374212598425196
11
5.7677191732283459
21
-3.9365172834645668
0
LINE
8
BLACK
6
CONTINUOUS
10
5.7677191732283459
20
-3.9365172834645668
11
5.7689975984251971
21
-3.9352388582677165
0
LINE
8
BLACK
6
CONTINUOUS
10
5.7689975984251971
20
-3.9352388582677165
11
5.7708055511811018
21
-3.9352388582677165
0
LINE
8
BLACK
6
CONTINUOUS
10
5.7708055511811018
20
-3.9352388582677165
11
5.772083976377953
21
-3.9365172834645668
0
LINE
8
BLACK
6
CONTINUOUS
10
5.7970839763779525
20
-3.9365172834645668
11
5.797263779527559
21
-3.9374212598425196
0
LINE
8
BLACK
6
CONTINUOUS
10
5.797263779527559
20
-3.9374212598425196
11
5.797263779527559
21
-3.9674212598425198
0
LINE
8
BLACK
6
CONTINUOUS
10
5.797263779527559
20
-3.9674212598425198
11
5.7970839763779525
21
-3.9683252362204722
0
LINE
8
BLACK
6
CONTINUOUS
10
5.7970839763779525
20
-3.9683252362204722
11
5.7958055511811022
21
-3.9696036614173229
0
LINE
8
BLACK
6
CONTINUOUS
10
5.7958055511811022
20
-3.9696036614173229
11
5.7939975984251966
21
-3.9696036614173229
0
LINE
8
BLACK
6
CONTINUOUS
10
5.7939975984251966
20
-3.9696036614173229
11
5.7927191732283463
21
-3.9683252362204722
0
LINE
8
BLACK
6
CONTINUOUS
10
5.7927191732283463
20
-3.9683252362204722
11
5.7925393700787398
21
-3.9674212598425198
0
LINE
8
BLACK
6
CONTINUOUS
10
5.7925393700787398
20
-3.9674212598425198
11
5.7925393700787398
21
-3.9374212598425196
0
LINE
8
BLACK
6
CONTINUOUS
10
5.7925393700787398
20
-3.9374212598425196
11
5.7927191732283463
21
-3.9365172834645668
0
LINE
8
BLACK
6
CONTINUOUS
10
5.7927191732283463
20
-3.9365172834645668
11
5.7939975984251966
21
-3.9352388582677165
0
LINE
8
BLACK
6
CONTINUOUS
10
5.7939975984251966
20
-3.9352388582677165
11
5.7958055511811022
21
-3.9352388582677165
0
LINE
8
BLACK
6
CONTINUOUS
10
5.7958055511811022
20
-3.9352388582677165
11
5.7970839763779525
21
-3.9365172834645668
0
LINE
8
BLACK
6
CONTINUOUS
10
5.857083976377953
20
-3.9365172834645668
11
5.8572637795275586
21
-3.9374212598425196
0
LINE
8
BLACK
6
CONTINUOUS
10
5.8572637795275586
20
-3.9374212598425196
11
5.8572637795275586
21
-3.9674212598425198
0
LINE
8
BLACK
6
CONTINUOUS
10
5.8572637795275586
20
-3.9674212598425198
11
5.857083976377953
21
-3.9683252362204722
0
LINE
8
BLACK
6
CONTINUOUS
10
5.857083976377953
20
-3.9683252362204722
11
5.8558055511811018
21
-3.9696036614173229
0
LINE
8
BLACK
6
CONTINUOUS
10
5.8558055511811018
20
-3.9696036614173229
11
5.8539975984251971
21
-3.9696036614173229
0
LINE
8
BLACK
6
CONTINUOUS
10
5.8539975984251971
20
-3.9696036614173229
11
5.8527191732283459
21
-3.9683252362204722
0
LINE
8
BLACK
6
CONTINUOUS
10
5.8527191732283459
20
-3.9683252362204722
11
5.8525393700787403
21
-3.9674212598425198
0
LINE
8
BLACK
6
CONTINUOUS
10
5.8525393700787403
20
-3.9674212598425198
11
5.8525393700787403
21
-3.9374212598425196
0
LINE
8
BLACK
6
CONTINUOUS
10
5.8525393700787403
20
-3.9374212598425196
11
5.8527191732283459
21
-3.9365172834645668
0
LINE
8
BLACK
6
CONTINUOUS
10
5.8527191732283459
20
-3.9365172834645668
11
5.8539975984251971
21
-3.9352388582677165
0
LINE
8
BLACK
6
CONTINUOUS
10
5.8539975984251971
20
-3.9352388582677165
11
5.8558055511811018
21
-3.9352388582677165
0
LINE
8
BLACK
6
CONTINUOUS
10
5.8558055511811018
20
-3.9352388582677165
11
5.857083976377953
21
-3.9365172834645668
0
LINE
8
BLACK
6
CONTINUOUS
10
6.1836392519685042
20
-3.9159405511811021
11
6.184086692913386
21
-3.9163077559055117
0
LINE
8
BLACK
6
CONTINUOUS
10
6.184086692913386
20
-3.9163077559055117
11
6.2265131102362199
21
-3.9587341732283465
0
LINE
8
BLACK
6
CONTINUOUS
10
6.2265131102362199
20
-3.9587341732283465
11
6.2268803149606295
21
-3.9591816141732283
0
LINE
8
BLACK
6
CONTINUOUS
10
6.2268803149606295
20
-3.9591816141732283
11
6.2273212204724411
21
-3.9602460236220471
0
LINE
8
BLACK
6
CONTINUOUS
10
6.2273212204724411
20
-3.9602460236220471
11
6.2273212204724411
21
-3.9613981102362206
0
LINE
8
BLACK
6
CONTINUOUS
10
6.2273212204724411
20
-3.9613981102362206
11
6.2268803149606295
21
-3.9624625196850394
0
LINE
8
BLACK
6
CONTINUOUS
10
6.2268803149606295
20
-3.9624625196850394
11
6.2260656299212593
21
-3.9632772047244091
0
LINE
8
BLACK
6
CONTINUOUS
10
6.2260656299212593
20
-3.9632772047244091
11
6.225001220472441
21
-3.9637181102362202
0
LINE
8
BLACK
6
CONTINUOUS
10
6.225001220472441
20
-3.9637181102362202
11
6.223849133858268
21
-3.9637181102362202
0
LINE
8
BLACK
6
CONTINUOUS
10
6.223849133858268
20
-3.9637181102362202
11
6.2227847244094487
21
-3.9632772047244091
0
LINE
8
BLACK
6
CONTINUOUS
10
6.2227847244094487
20
-3.9632772047244091
11
6.2223372834645669
21
-3.9629099999999999
0
LINE
8
BLACK
6
CONTINUOUS
10
6.2223372834645669
20
-3.9629099999999999
11
6.1799108661417321
21
-3.9204835826771651
0
LINE
8
BLACK
6
CONTINUOUS
10
6.1799108661417321
20
-3.9204835826771651
11
6.1795436614173225
21
-3.9200361417322833
0
LINE
8
BLACK
6
CONTINUOUS
10
6.1795436614173225
20
-3.9200361417322833
11
6.1791027559055118
21
-3.9189716929133858
0
LINE
8
BLACK
6
CONTINUOUS
10
6.1791027559055118
20
-3.9189716929133858
11
6.1791027559055118
21
-3.9178196456692911
0
LINE
8
BLACK
6
CONTINUOUS
10
6.1791027559055118
20
-3.9178196456692911
11
6.1795436614173225
21
-3.9167551968503935
0
LINE
8
BLACK
6
CONTINUOUS
10
6.1795436614173225
20
-3.9167551968503935
11
6.1803583070866139
21
-3.9159405511811021
0
LINE
8
BLACK
6
CONTINUOUS
10
6.1803583070866139
20
-3.9159405511811021
11
6.1814227559055119
21
-3.9154996456692914
0
LINE
8
BLACK
6
CONTINUOUS
10
6.1814227559055119
20
-3.9154996456692914
11
6.1825748031496062
21
-3.9154996456692914
0
LINE
8
BLACK
6
CONTINUOUS
10
6.1825748031496062
20
-3.9154996456692914
11
6.1836392519685042
21
-3.9159405511811021
0
LINE
8
BLACK
6
CONTINUOUS
10
6.272083976377953
20
-3.9215172834645666
11
6.2722637795275586
21
-3.9224212598425194
0
LINE
8
BLACK
6
CONTINUOUS
10
6.2722637795275586
20
-3.9224212598425194
11
6.2722637795275586
21
-3.9524212598425197
0
LINE
8
BLACK
6
CONTINUOUS
10
6.2722637795275586
20
-3.9524212598425197
11
6.272083976377953
21
-3.9533252362204725
0
LINE
8
BLACK
6
CONTINUOUS
10
6.272083976377953
20
-3.9533252362204725
11
6.2708055511811018
21
-3.9546036614173228
0
LINE
8
BLACK
6
CONTINUOUS
10
6.2708055511811018
20
-3.9546036614173228
11
6.2689975984251971
21
-3.9546036614173228
0
LINE
8
BLACK
6
CONTINUOUS
10
6.2689975984251971
20
-3.9546036614173228
11
6.2677191732283459
21
-3.9533252362204725
0
LINE
8
BLACK
6
CONTINUOUS
10
6.2677191732283459
20
-3.9533252362204725
11
6.2675393700787403
21
-3.9524212598425197
0
LINE
8
BLACK
6
CONTINUOUS
10
6.2675393700787403
20
-3.9524212598425197
11
6.2675393700787403
21
-3.9224212598425194
0
LINE
8
BLACK
6
CONTINUOUS
10
6.2675393700787403
20
-3.9224212598425194
11
6.2677191732283459
21
-3.9215172834645666
0
LINE
8
BLACK
6
CONTINUOUS
10
6.2677191732283459
20
-3.9215172834645666
11
6.2689975984251971
21
-3.9202388582677163
0
LINE
8
BLACK
6
CONTINUOUS
10
6.2689975984251971
20
-3.9202388582677163
11
6.2708055511811018
21
-3.9202388582677163
0
LINE
8
BLACK
6
CONTINUOUS
10
6.2708055511811018
20
-3.9202388582677163
11
6.272083976377953
21
-3.9215172834645666
0
LINE
8
BLACK
6
CONTINUOUS
10
6.3320839763779526
20
-3.9215172834645666
11
6.3322637795275591
21
-3.9224212598425194
0
LINE
8
BLACK
6
CONTINUOUS
10
6.3322637795275591
20
-3.9224212598425194
11
6.3322637795275591
21
-3.9524212598425197
0
LINE
8
BLACK
6
CONTINUOUS
10
6.3322637795275591
20
-3.9524212598425197
11
6.3320839763779526
21
-3.9533252362204725
0
LINE
8
BLACK
6
CONTINUOUS
10
6.3320839763779526
20
-3.9533252362204725
11
6.3308055511811023
21
-3.9546036614173228
0
LINE
8
BLACK
6
CONTINUOUS
10
6.3308055511811023
20
-3.9546036614173228
11
6.3289975984251967
21
-3.9546036614173228
0
LINE
8
BLACK
6
CONTINUOUS
10
6.3289975984251967
20
-3.9546036614173228
11
6.3277191732283464
21
-3.9533252362204725
0
LINE
8
BLACK
6
CONTINUOUS
10
6.3277191732283464
20
-3.9533252362204725
11
6.3275393700787399
21
-3.9524212598425197
0
LINE
8
BLACK
6
CONTINUOUS
10
6.3275393700787399
20
-3.9524212598425197
11
6.3275393700787399
21
-3.9224212598425194
0
LINE
8
BLACK
6
CONTINUOUS
10
6.3275393700787399
20
-3.9224212598425194
11
6.3277191732283464
21
-3.9215172834645666
0
LINE
8
BLACK
6
CONTINUOUS
10
6.3277191732283464
20
-3.9215172834645666
11
6.3289975984251967
21
-3.9202388582677163
0
LINE
8
BLACK
6
CONTINUOUS
10
6.3289975984251967
20
-3.9202388582677163
11
6.3308055511811023
21
-3.9202388582677163
0
LINE
8
BLACK
6
CONTINUOUS
10
6.3308055511811023
20
-3.9202388582677163
11
6.3320839763779526
21
-3.9215172834645666
0
LINE
8
BLACK
6
CONTINUOUS
10
6.0727478740157483
20
-3.9080272047244096
11
6.0939610629921255
21
-3.9292403543307084
0
LINE
8
BLACK
6
CONTINUOUS
10
6.0939610629921255
20
-3.9292403543307084
11
6.0944731496062987
21
-3.9300066929133859
0
LINE
8
BLACK
6
CONTINUOUS
10
6.0944731496062987
20
-3.9300066929133859
11
6.0944731496062987
21
-3.9318146850393698
0
LINE
8
BLACK
6
CONTINUOUS
10
6.0944731496062987
20
-3.9318146850393698
11
6.0931947244094484
21
-3.9330931102362205
0
LINE
8
BLACK
6
CONTINUOUS
10
6.0931947244094484
20
-3.9330931102362205
11
6.0913867322834641
21
-3.9330931102362205
0
LINE
8
BLACK
6
CONTINUOUS
10
6.0913867322834641
20
-3.9330931102362205
11
6.090620393700787
21
-3.9325810236220473
0
LINE
8
BLACK
6
CONTINUOUS
10
6.090620393700787
20
-3.9325810236220473
11
6.0694072440944877
21
-3.9113678346456693
0
LINE
8
BLACK
6
CONTINUOUS
10
6.0694072440944877
20
-3.9113678346456693
11
6.0688951574803145
21
-3.9106014960629922
0
LINE
8
BLACK
6
CONTINUOUS
10
6.0688951574803145
20
-3.9106014960629922
11
6.0688951574803145
21
-3.9087935433070866
0
LINE
8
BLACK
6
CONTINUOUS
10
6.0688951574803145
20
-3.9087935433070866
11
6.0701735826771648
21
-3.9075151181102363
0
LINE
8
BLACK
6
CONTINUOUS
10
6.0701735826771648
20
-3.9075151181102363
11
6.0719815354330704
21
-3.9075151181102363
0
LINE
8
BLACK
6
CONTINUOUS
10
6.0719815354330704
20
-3.9075151181102363
11
6.0727478740157483
21
-3.9080272047244096
0
LINE
8
BLACK
6
CONTINUOUS
10
6.040898188976378
20
-3.8754225984251969
11
6.0417128740157482
21
-3.8762372834645666
0
LINE
8
BLACK
6
CONTINUOUS
10
6.0417128740157482
20
-3.8762372834645666
11
6.0421537795275588
21
-3.8773016929133859
0
LINE
8
BLACK
6
CONTINUOUS
10
6.0421537795275588
20
-3.8773016929133859
11
6.0421537795275588
21
-3.8784537795275589
0
LINE
8
BLACK
6
CONTINUOUS
10
6.0421537795275588
20
-3.8784537795275589
11
6.0417128740157482
21
-3.8795181889763777
0
LINE
8
BLACK
6
CONTINUOUS
10
6.0417128740157482
20
-3.8795181889763777
11
6.0413456692913385
21
-3.8799656299212599
0
LINE
8
BLACK
6
CONTINUOUS
10
6.0413456692913385
20
-3.8799656299212599
11
5.9989192519685037
21
-3.9223920472440943
0
LINE
8
BLACK
6
CONTINUOUS
10
5.9989192519685037
20
-3.9223920472440943
11
5.9984718110236219
21
-3.9227592519685039
0
LINE
8
BLACK
6
CONTINUOUS
10
5.9984718110236219
20
-3.9227592519685039
11
5.9974073622047239
21
-3.923200157480315
0
LINE
8
BLACK
6
CONTINUOUS
10
5.9974073622047239
20
-3.923200157480315
11
5.9962553149606297
21
-3.923200157480315
0
LINE
8
BLACK
6
CONTINUOUS
10
5.9962553149606297
20
-3.923200157480315
11
5.9951908661417326
21
-3.9227592519685039
0
LINE
8
BLACK
6
CONTINUOUS
10
5.9951908661417326
20
-3.9227592519685039
11
5.9943762204724411
21
-3.9219446062992125
0
LINE
8
BLACK
6
CONTINUOUS
10
5.9943762204724411
20
-3.9219446062992125
11
5.9939353149606296
21
-3.9208801574803149
0
LINE
8
BLACK
6
CONTINUOUS
10
5.9939353149606296
20
-3.9208801574803149
11
5.9939353149606296
21
-3.9197281102362203
0
LINE
8
BLACK
6
CONTINUOUS
10
5.9939353149606296
20
-3.9197281102362203
11
5.9943762204724411
21
-3.9186636614173227
0
LINE
8
BLACK
6
CONTINUOUS
10
5.9943762204724411
20
-3.9186636614173227
11
5.9947434251968499
21
-3.9182162204724409
0
LINE
8
BLACK
6
CONTINUOUS
10
5.9947434251968499
20
-3.9182162204724409
11
6.0371698425196847
21
-3.8757898031496061
0
LINE
8
BLACK
6
CONTINUOUS
10
6.0371698425196847
20
-3.8757898031496061
11
6.0376172834645665
21
-3.8754225984251969
0
LINE
8
BLACK
6
CONTINUOUS
10
6.0376172834645665
20
-3.8754225984251969
11
6.0386816929133857
21
-3.8749816929133858
0
LINE
8
BLACK
6
CONTINUOUS
10
6.0386816929133857
20
-3.8749816929133858
11
6.0398337795275587
21
-3.8749816929133858
0
LINE
8
BLACK
6
CONTINUOUS
10
6.0398337795275587
20
-3.8749816929133858
11
6.040898188976378
21
-3.8754225984251969
0
LINE
8
BLACK
6
CONTINUOUS
10
4.9833055511811022
20
-3.9127388582677165
11
4.9845839763779525
21
-3.9140172834645668
0
LINE
8
BLACK
6
CONTINUOUS
10
4.9845839763779525
20
-3.9140172834645668
11
4.9845839763779525
21
-3.9158252362204724
0
LINE
8
BLACK
6
CONTINUOUS
10
4.9845839763779525
20
-3.9158252362204724
11
4.9833055511811022
21
-3.9171036614173227
0
LINE
8
BLACK
6
CONTINUOUS
10
4.9833055511811022
20
-3.9171036614173227
11
4.9824015748031494
21
-3.9172834645669292
0
LINE
8
BLACK
6
CONTINUOUS
10
4.9824015748031494
20
-3.9172834645669292
11
4.9524015748031491
21
-3.9172834645669292
0
LINE
8
BLACK
6
CONTINUOUS
10
4.9524015748031491
20
-3.9172834645669292
11
4.9514975984251963
21
-3.9171036614173227
0
LINE
8
BLACK
6
CONTINUOUS
10
4.9514975984251963
20
-3.9171036614173227
11
4.950219173228346
21
-3.9158252362204724
0
LINE
8
BLACK
6
CONTINUOUS
10
4.950219173228346
20
-3.9158252362204724
11
4.950219173228346
21
-3.9140172834645668
0
LINE
8
BLACK
6
CONTINUOUS
10
4.950219173228346
20
-3.9140172834645668
11
4.9514975984251963
21
-3.9127388582677165
0
LINE
8
BLACK
6
CONTINUOUS
10
4.9514975984251963
20
-3.9127388582677165
11
4.9524015748031491
21
-3.91255905511811
0
LINE
8
BLACK
6
CONTINUOUS
10
4.9524015748031491
20
-3.91255905511811
11
4.9824015748031494
21
-3.91255905511811
0
LINE
8
BLACK
6
CONTINUOUS
10
4.9824015748031494
20
-3.91255905511811
11
4.9833055511811022
21
-3.9127388582677165
0
LINE
8
BLACK
6
CONTINUOUS
10
5.7704776377952758
20
-3.8895252362204724
11
5.7715420472440941
21
-3.8899661417322835
0
LINE
8
BLACK
6
CONTINUOUS
10
5.7715420472440941
20
-3.8899661417322835
11
5.7723566929133856
21
-3.8907807874015745
0
LINE
8
BLACK
6
CONTINUOUS
10
5.7723566929133856
20
-3.8907807874015745
11
5.7727975984251971
21
-3.8918451968503938
0
LINE
8
BLACK
6
CONTINUOUS
10
5.7727975984251971
20
-3.8918451968503938
11
5.7727975984251971
21
-3.8929973228346455
0
LINE
8
BLACK
6
CONTINUOUS
10
5.7727975984251971
20
-3.8929973228346455
11
5.7723566929133856
21
-3.8940617322834643
0
LINE
8
BLACK
6
CONTINUOUS
10
5.7723566929133856
20
-3.8940617322834643
11
5.7715420472440941
21
-3.8948763779527558
0
LINE
8
BLACK
6
CONTINUOUS
10
5.7715420472440941
20
-3.8948763779527558
11
5.7704776377952758
21
-3.8953172834645668
0
LINE
8
BLACK
6
CONTINUOUS
10
5.7704776377952758
20
-3.8953172834645668
11
5.7699015748031499
21
-3.8953740157480312
0
LINE
8
BLACK
6
CONTINUOUS
10
5.7699015748031499
20
-3.8953740157480312
11
5.7099015748031494
21
-3.8953740157480312
0
LINE
8
BLACK
6
CONTINUOUS
10
5.7099015748031494
20
-3.8953740157480312
11
5.7093255118110235
21
-3.8953172834645668
0
LINE
8
BLACK
6
CONTINUOUS
10
5.7093255118110235
20
-3.8953172834645668
11
5.7082611023622043
21
-3.8948763779527558
0
LINE
8
BLACK
6
CONTINUOUS
10
5.7082611023622043
20
-3.8948763779527558
11
5.7074464566929128
21
-3.8940617322834643
0
LINE
8
BLACK
6
CONTINUOUS
10
5.7074464566929128
20
-3.8940617322834643
11
5.7070055511811022
21
-3.8929973228346455
0
LINE
8
BLACK
6
CONTINUOUS
10
5.7070055511811022
20
-3.8929973228346455
11
5.7070055511811022
21
-3.8918451968503938
0
LINE
8
BLACK
6
CONTINUOUS
10
5.7070055511811022
20
-3.8918451968503938
11
5.7074464566929128
21
-3.8907807874015745
0
LINE
8
BLACK
6
CONTINUOUS
10
5.7074464566929128
20
-3.8907807874015745
11
5.7082611023622043
21
-3.8899661417322835
0
LINE
8
BLACK
6
CONTINUOUS
10
5.7082611023622043
20
-3.8899661417322835
11
5.7093255118110235
21
-3.8895252362204724
0
LINE
8
BLACK
6
CONTINUOUS
10
5.7093255118110235
20
-3.8895252362204724
11
5.7099015748031494
21
-3.8894685039370076
0
LINE
8
BLACK
6
CONTINUOUS
10
5.7099015748031494
20
-3.8894685039370076
11
5.7699015748031499
21
-3.8894685039370076
0
LINE
8
BLACK
6
CONTINUOUS
10
5.7699015748031499
20
-3.8894685039370076
11
5.7704776377952758
21
-3.8895252362204724
0
LINE
8
BLACK
6
CONTINUOUS
10
5.8554776377952757
20
-3.8895252362204724
11
5.8565420472440941
21
-3.8899661417322835
0
LINE
8
BLACK
6
CONTINUOUS
10
5.8565420472440941
20
-3.8899661417322835
11
5.8573566929133856
21
-3.8907807874015745
0
LINE
8
BLACK
6
CONTINUOUS
10
5.8573566929133856
20
-3.8907807874015745
11
5.8577975984251971
21
-3.8918451968503938
0
LINE
8
BLACK
6
CONTINUOUS
10
5.8577975984251971
20
-3.8918451968503938
11
5.8577975984251971
21
-3.8929973228346455
0
LINE
8
BLACK
6
CONTINUOUS
10
5.8577975984251971
20
-3.8929973228346455
11
5.8573566929133856
21
-3.8940617322834643
0
LINE
8
BLACK
6
CONTINUOUS
10
5.8573566929133856
20
-3.8940617322834643
11
5.8565420472440941
21
-3.8948763779527558
0
LINE
8
BLACK
6
CONTINUOUS
10
5.8565420472440941
20
-3.8948763779527558
11
5.8554776377952757
21
-3.8953172834645668
0
LINE
8
BLACK
6
CONTINUOUS
10
5.8554776377952757
20
-3.8953172834645668
11
5.8549015748031499
21
-3.8953740157480312
0
LINE
8
BLACK
6
CONTINUOUS
10
5.8549015748031499
20
-3.8953740157480312
11
5.7949015748031494
21
-3.8953740157480312
0
LINE
8
BLACK
6
CONTINUOUS
10
5.7949015748031494
20
-3.8953740157480312
11
5.7943255118110235
21
-3.8953172834645668
0
LINE
8
BLACK
6
CONTINUOUS
10
5.7943255118110235
20
-3.8953172834645668
11
5.7932611023622043
21
-3.8948763779527558
0
LINE
8
BLACK
6
CONTINUOUS
10
5.7932611023622043
20
-3.8948763779527558
11
5.7924464566929137
21
-3.8940617322834643
0
LINE
8
BLACK
6
CONTINUOUS
10
5.7924464566929137
20
-3.8940617322834643
11
5.7920055511811022
21
-3.8929973228346455
0
LINE
8
BLACK
6
CONTINUOUS
10
5.7920055511811022
20
-3.8929973228346455
11
5.7920055511811022
21
-3.8918451968503938
0
LINE
8
BLACK
6
CONTINUOUS
10
5.7920055511811022
20
-3.8918451968503938
11
5.7924464566929137
21
-3.8907807874015745
0
LINE
8
BLACK
6
CONTINUOUS
10
5.7924464566929137
20
-3.8907807874015745
11
5.7932611023622043
21
-3.8899661417322835
0
LINE
8
BLACK
6
CONTINUOUS
10
5.7932611023622043
20
-3.8899661417322835
11
5.7943255118110235
21
-3.8895252362204724
0
LINE
8
BLACK
6
CONTINUOUS
10
5.7943255118110235
20
-3.8895252362204724
11
5.7949015748031494
21
-3.8894685039370076
0
LINE
8
BLACK
6
CONTINUOUS
10
5.7949015748031494
20
-3.8894685039370076
11
5.8549015748031499
21
-3.8894685039370076
0
LINE
8
BLACK
6
CONTINUOUS
10
5.8549015748031499
20
-3.8894685039370076
11
5.8554776377952757
21
-3.8895252362204724
0
LINE
8
BLACK
6
CONTINUOUS
10
4.884042047244094
20
-3.8274661417322835
11
4.8848566929133854
21
-3.8282807874015745
0
LINE
8
BLACK
6
CONTINUOUS
10
4.8848566929133854
20
-3.8282807874015745
11
4.885297598425197
21
-3.8293451968503938
0
LINE
8
BLACK
6
CONTINUOUS
10
4.885297598425197
20
-3.8293451968503938
11
4.8853543307086609
21
-3.8299212598425196
0
LINE
8
BLACK
6
CONTINUOUS
10
4.8853543307086609
20
-3.8299212598425196
11
4.8853543307086609
21
-3.8899212598425197
0
LINE
8
BLACK
6
CONTINUOUS
10
4.8853543307086609
20
-3.8899212598425197
11
4.885297598425197
21
-3.8904973228346456
0
LINE
8
BLACK
6
CONTINUOUS
10
4.885297598425197
20
-3.8904973228346456
11
4.8848566929133854
21
-3.8915617322834644
0
LINE
8
BLACK
6
CONTINUOUS
10
4.8848566929133854
20
-3.8915617322834644
11
4.884042047244094
21
-3.8923763779527558
0
LINE
8
BLACK
6
CONTINUOUS
10
4.884042047244094
20
-3.8923763779527558
11
4.8829776377952756
21
-3.8928172834645669
0
LINE
8
BLACK
6
CONTINUOUS
10
4.8829776377952756
20
-3.8928172834645669
11
4.8818255118110239
21
-3.8928172834645669
0
LINE
8
BLACK
6
CONTINUOUS
10
4.8818255118110239
20
-3.8928172834645669
11
4.8807611023622046
21
-3.8923763779527558
0
LINE
8
BLACK
6
CONTINUOUS
10
4.8807611023622046
20
-3.8923763779527558
11
4.8799464566929132
21
-3.8915617322834644
0
LINE
8
BLACK
6
CONTINUOUS
10
4.8799464566929132
20
-3.8915617322834644
11
4.8795055511811025
21
-3.8904973228346456
0
LINE
8
BLACK
6
CONTINUOUS
10
4.8795055511811025
20
-3.8904973228346456
11
4.8794488188976377
21
-3.8899212598425197
0
LINE
8
BLACK
6
CONTINUOUS
10
4.8794488188976377
20
-3.8899212598425197
11
4.8794488188976377
21
-3.8299212598425196
0
LINE
8
BLACK
6
CONTINUOUS
10
4.8794488188976377
20
-3.8299212598425196
11
4.8795055511811025
21
-3.8293451968503938
0
LINE
8
BLACK
6
CONTINUOUS
10
4.8795055511811025
20
-3.8293451968503938
11
4.8799464566929132
21
-3.8282807874015745
0
LINE
8
BLACK
6
CONTINUOUS
10
4.8799464566929132
20
-3.8282807874015745
11
4.8807611023622046
21
-3.8274661417322835
0
LINE
8
BLACK
6
CONTINUOUS
10
4.8807611023622046
20
-3.8274661417322835
11
4.8818255118110239
21
-3.8270252362204724
0
LINE
8
BLACK
6
CONTINUOUS
10
4.8818255118110239
20
-3.8270252362204724
11
4.8829776377952756
21
-3.8270252362204724
0
LINE
8
BLACK
6
CONTINUOUS
10
4.8829776377952756
20
-3.8270252362204724
11
4.884042047244094
21
-3.8274661417322835
0
LINE
8
BLACK
6
CONTINUOUS
10
5.0040420472440941
20
-3.8274661417322835
11
5.0048566929133855
21
-3.8282807874015745
0
LINE
8
BLACK
6
CONTINUOUS
10
5.0048566929133855
20
-3.8282807874015745
11
5.0052975984251971
21
-3.8293451968503938
0
LINE
8
BLACK
6
CONTINUOUS
10
5.0052975984251971
20
-3.8293451968503938
11
5.005354330708661
21
-3.8299212598425196
0
LINE
8
BLACK
6
CONTINUOUS
10
5.005354330708661
20
-3.8299212598425196
11
5.005354330708661
21
-3.8899212598425197
0
LINE
8
BLACK
6
CONTINUOUS
10
5.005354330708661
20
-3.8899212598425197
11
5.0052975984251971
21
-3.8904973228346456
0
LINE
8
BLACK
6
CONTINUOUS
10
5.0052975984251971
20
-3.8904973228346456
11
5.0048566929133855
21
-3.8915617322834644
0
LINE
8
BLACK
6
CONTINUOUS
10
5.0048566929133855
20
-3.8915617322834644
11
5.0040420472440941
21
-3.8923763779527558
0
LINE
8
BLACK
6
CONTINUOUS
10
5.0040420472440941
20
-3.8923763779527558
11
5.0029776377952757
21
-3.8928172834645669
0
LINE
8
BLACK
6
CONTINUOUS
10
5.0029776377952757
20
-3.8928172834645669
11
5.0018255118110231
21
-3.8928172834645669
0
LINE
8
BLACK
6
CONTINUOUS
10
5.0018255118110231
20
-3.8928172834645669
11
5.0007611023622047
21
-3.8923763779527558
0
LINE
8
BLACK
6
CONTINUOUS
10
5.0007611023622047
20
-3.8923763779527558
11
4.9999464566929133
21
-3.8915617322834644
0
LINE
8
BLACK
6
CONTINUOUS
10
4.9999464566929133
20
-3.8915617322834644
11
4.9995055511811026
21
-3.8904973228346456
0
LINE
8
BLACK
6
CONTINUOUS
10
4.9995055511811026
20
-3.8904973228346456
11
4.9994488188976378
21
-3.8899212598425197
0
LINE
8
BLACK
6
CONTINUOUS
10
4.9994488188976378
20
-3.8899212598425197
11
4.9994488188976378
21
-3.8299212598425196
0
LINE
8
BLACK
6
CONTINUOUS
10
4.9994488188976378
20
-3.8299212598425196
11
4.9995055511811026
21
-3.8293451968503938
0
LINE
8
BLACK
6
CONTINUOUS
10
4.9995055511811026
20
-3.8293451968503938
11
4.9999464566929133
21
-3.8282807874015745
0
LINE
8
BLACK
6
CONTINUOUS
10
4.9999464566929133
20
-3.8282807874015745
11
5.0007611023622047
21
-3.8274661417322835
0
LINE
8
BLACK
6
CONTINUOUS
10
5.0007611023622047
20
-3.8274661417322835
11
5.0018255118110231
21
-3.8270252362204724
0
LINE
8
BLACK
6
CONTINUOUS
10
5.0018255118110231
20
-3.8270252362204724
11
5.0029776377952757
21
-3.8270252362204724
0
LINE
8
BLACK
6
CONTINUOUS
10
5.0029776377952757
20
-3.8270252362204724
11
5.0040420472440941
21
-3.8274661417322835
0
LINE
8
BLACK
6
CONTINUOUS
10
4.9583055511811018
20
-3.8877388582677166
11
4.959583976377953
21
-3.8890172834645669
0
LINE
8
BLACK
6
CONTINUOUS
10
4.959583976377953
20
-3.8890172834645669
11
4.959583976377953
21
-3.8908252362204725
0
LINE
8
BLACK
6
CONTINUOUS
10
4.959583976377953
20
-3.8908252362204725
11
4.9583055511811018
21
-3.8921036614173228
0
LINE
8
BLACK
6
CONTINUOUS
10
4.9583055511811018
20
-3.8921036614173228
11
4.9574015748031499
21
-3.8922834645669289
0
LINE
8
BLACK
6
CONTINUOUS
10
4.9574015748031499
20
-3.8922834645669289
11
4.9274015748031497
21
-3.8922834645669289
0
LINE
8
BLACK
6
CONTINUOUS
10
4.9274015748031497
20
-3.8922834645669289
11
4.9264975984251969
21
-3.8921036614173228
0
LINE
8
BLACK
6
CONTINUOUS
10
4.9264975984251969
20
-3.8921036614173228
11
4.9252191732283466
21
-3.8908252362204725
0
LINE
8
BLACK
6
CONTINUOUS
10
4.9252191732283466
20
-3.8908252362204725
11
4.9252191732283466
21
-3.8890172834645669
0
LINE
8
BLACK
6
CONTINUOUS
10
4.9252191732283466
20
-3.8890172834645669
11
4.9264975984251969
21
-3.8877388582677166
0
LINE
8
BLACK
6
CONTINUOUS
10
4.9264975984251969
20
-3.8877388582677166
11
4.9274015748031497
21
-3.8875590551181101
0
LINE
8
BLACK
6
CONTINUOUS
10
4.9274015748031497
20
-3.8875590551181101
11
4.9574015748031499
21
-3.8875590551181101
0
LINE
8
BLACK
6
CONTINUOUS
10
4.9574015748031499
20
-3.8875590551181101
11
4.9583055511811018
21
-3.8877388582677166
0
LINE
8
BLACK
6
CONTINUOUS
10
6.3690420472440943
20
-3.8174661417322833
11
6.3698566929133857
21
-3.8182807874015747
0
LINE
8
BLACK
6
CONTINUOUS
10
6.3698566929133857
20
-3.8182807874015747
11
6.3702975984251964
21
-3.8193451968503935
0
LINE
8
BLACK
6
CONTINUOUS
10
6.3702975984251964
20
-3.8193451968503935
11
6.3703543307086612
21
-3.8199212598425194
0
LINE
8
BLACK
6
CONTINUOUS
10
6.3703543307086612
20
-3.8199212598425194
11
6.3703543307086612
21
-3.8799212598425195
0
LINE
8
BLACK
6
CONTINUOUS
10
6.3703543307086612
20
-3.8799212598425195
11
6.3702975984251964
21
-3.8804973228346458
0
LINE
8
BLACK
6
CONTINUOUS
10
6.3702975984251964
20
-3.8804973228346458
11
6.3698566929133857
21
-3.8815617322834646
0
LINE
8
BLACK
6
CONTINUOUS
10
6.3698566929133857
20
-3.8815617322834646
11
6.3690420472440943
21
-3.882376377952756
0
LINE
8
BLACK
6
CONTINUOUS
10
6.3690420472440943
20
-3.882376377952756
11
6.367977637795275
21
-3.8828172834645667
0
LINE
8
BLACK
6
CONTINUOUS
10
6.367977637795275
20
-3.8828172834645667
11
6.3668255118110233
21
-3.8828172834645667
0
LINE
8
BLACK
6
CONTINUOUS
10
6.3668255118110233
20
-3.8828172834645667
11
6.3657611023622049
21
-3.882376377952756
0
LINE
8
BLACK
6
CONTINUOUS
10
6.3657611023622049
20
-3.882376377952756
11
6.3649464566929135
21
-3.8815617322834646
0
LINE
8
BLACK
6
CONTINUOUS
10
6.3649464566929135
20
-3.8815617322834646
11
6.3645055511811019
21
-3.8804973228346458
0
LINE
8
BLACK
6
CONTINUOUS
10
6.3645055511811019
20
-3.8804973228346458
11
6.364448818897638
21
-3.8799212598425195
0
LINE
8
BLACK
6
CONTINUOUS
10
6.364448818897638
20
-3.8799212598425195
11
6.364448818897638
21
-3.8199212598425194
0
LINE
8
BLACK
6
CONTINUOUS
10
6.364448818897638
20
-3.8199212598425194
11
6.3645055511811019
21
-3.8193451968503935
0
LINE
8
BLACK
6
CONTINUOUS
10
6.3645055511811019
20
-3.8193451968503935
11
6.3649464566929135
21
-3.8182807874015747
0
LINE
8
BLACK
6
CONTINUOUS
10
6.3649464566929135
20
-3.8182807874015747
11
6.3657611023622049
21
-3.8174661417322833
0
LINE
8
BLACK
6
CONTINUOUS
10
6.3657611023622049
20
-3.8174661417322833
11
6.3668255118110233
21
-3.8170252362204722
0
LINE
8
BLACK
6
CONTINUOUS
10
6.3668255118110233
20
-3.8170252362204722
11
6.367977637795275
21
-3.8170252362204722
0
LINE
8
BLACK
6
CONTINUOUS
10
6.367977637795275
20
-3.8170252362204722
11
6.3690420472440943
21
-3.8174661417322833
0
LINE
8
BLACK
6
CONTINUOUS
10
6.4890420472440944
20
-3.8174661417322833
11
6.4898566929133858
21
-3.8182807874015747
0
LINE
8
BLACK
6
CONTINUOUS
10
6.4898566929133858
20
-3.8182807874015747
11
6.4902975984251965
21
-3.8193451968503935
0
LINE
8
BLACK
6
CONTINUOUS
10
6.4902975984251965
20
-3.8193451968503935
11
6.4903543307086613
21
-3.8199212598425194
0
LINE
8
BLACK
6
CONTINUOUS
10
6.4903543307086613
20
-3.8199212598425194
11
6.4903543307086613
21
-3.8799212598425195
0
LINE
8
BLACK
6
CONTINUOUS
10
6.4903543307086613
20
-3.8799212598425195
11
6.4902975984251965
21
-3.8804973228346458
0
LINE
8
BLACK
6
CONTINUOUS
10
6.4902975984251965
20
-3.8804973228346458
11
6.4898566929133858
21
-3.8815617322834646
0
LINE
8
BLACK
6
CONTINUOUS
10
6.4898566929133858
20
-3.8815617322834646
11
6.4890420472440944
21
-3.882376377952756
0
LINE
8
BLACK
6
CONTINUOUS
10
6.4890420472440944
20
-3.882376377952756
11
6.4879776377952751
21
-3.8828172834645667
0
LINE
8
BLACK
6
CONTINUOUS
10
6.4879776377952751
20
-3.8828172834645667
11
6.4868255118110234
21
-3.8828172834645667
0
LINE
8
BLACK
6
CONTINUOUS
10
6.4868255118110234
20
-3.8828172834645667
11
6.4857611023622042
21
-3.882376377952756
0
LINE
8
BLACK
6
CONTINUOUS
10
6.4857611023622042
20
-3.882376377952756
11
6.4849464566929136
21
-3.8815617322834646
0
LINE
8
BLACK
6
CONTINUOUS
10
6.4849464566929136
20
-3.8815617322834646
11
6.4845055511811021
21
-3.8804973228346458
0
LINE
8
BLACK
6
CONTINUOUS
10
6.4845055511811021
20
-3.8804973228346458
11
6.4844488188976372
21
-3.8799212598425195
0
LINE
8
BLACK
6
CONTINUOUS
10
6.4844488188976372
20
-3.8799212598425195
11
6.4844488188976372
21
-3.8199212598425194
0
LINE
8
BLACK
6
CONTINUOUS
10
6.4844488188976372
20
-3.8199212598425194
11
6.4845055511811021
21
-3.8193451968503935
0
LINE
8
BLACK
6
CONTINUOUS
10
6.4845055511811021
20
-3.8193451968503935
11
6.4849464566929136
21
-3.8182807874015747
0
LINE
8
BLACK
6
CONTINUOUS
10
6.4849464566929136
20
-3.8182807874015747
11
6.4857611023622042
21
-3.8174661417322833
0
LINE
8
BLACK
6
CONTINUOUS
10
6.4857611023622042
20
-3.8174661417322833
11
6.4868255118110234
21
-3.8170252362204722
0
LINE
8
BLACK
6
CONTINUOUS
10
6.4868255118110234
20
-3.8170252362204722
11
6.4879776377952751
21
-3.8170252362204722
0
LINE
8
BLACK
6
CONTINUOUS
10
6.4879776377952751
20
-3.8170252362204722
11
6.4890420472440944
21
-3.8174661417322833
0
LINE
8
BLACK
6
CONTINUOUS
10
6.4433055511811022
20
-3.8777388582677164
11
6.4445839763779524
21
-3.8790172834645666
0
LINE
8
BLACK
6
CONTINUOUS
10
6.4445839763779524
20
-3.8790172834645666
11
6.4445839763779524
21
-3.8808252362204723
0
LINE
8
BLACK
6
CONTINUOUS
10
6.4445839763779524
20
-3.8808252362204723
11
6.4433055511811022
21
-3.8821036614173225
0
LINE
8
BLACK
6
CONTINUOUS
10
6.4433055511811022
20
-3.8821036614173225
11
6.4424015748031493
21
-3.8822834645669291
0
LINE
8
BLACK
6
CONTINUOUS
10
6.4424015748031493
20
-3.8822834645669291
11
6.4124015748031491
21
-3.8822834645669291
0
LINE
8
BLACK
6
CONTINUOUS
10
6.4124015748031491
20
-3.8822834645669291
11
6.4114975984251963
21
-3.8821036614173225
0
LINE
8
BLACK
6
CONTINUOUS
10
6.4114975984251963
20
-3.8821036614173225
11
6.410219173228346
21
-3.8808252362204723
0
LINE
8
BLACK
6
CONTINUOUS
10
6.410219173228346
20
-3.8808252362204723
11
6.410219173228346
21
-3.8790172834645666
0
LINE
8
BLACK
6
CONTINUOUS
10
6.410219173228346
20
-3.8790172834645666
11
6.4114975984251963
21
-3.8777388582677164
0
LINE
8
BLACK
6
CONTINUOUS
10
6.4114975984251963
20
-3.8777388582677164
11
6.4124015748031491
21
-3.8775590551181103
0
LINE
8
BLACK
6
CONTINUOUS
10
6.4124015748031491
20
-3.8775590551181103
11
6.4424015748031493
21
-3.8775590551181103
0
LINE
8
BLACK
6
CONTINUOUS
10
6.4424015748031493
20
-3.8775590551181103
11
6.4433055511811022
21
-3.8777388582677164
0
LINE
8
BLACK
6
CONTINUOUS
10
6.3304776377952754
20
-3.8745252362204723
11
6.3315420472440946
21
-3.8749661417322834
0
LINE
8
BLACK
6
CONTINUOUS
10
6.3315420472440946
20
-3.8749661417322834
11
6.3323566929133861
21
-3.8757807874015748
0
LINE
8
BLACK
6
CONTINUOUS
10
6.3323566929133861
20
-3.8757807874015748
11
6.3327975984251967
21
-3.8768451968503936
0
LINE
8
BLACK
6
CONTINUOUS
10
6.3327975984251967
20
-3.8768451968503936
11
6.3327975984251967
21
-3.8779973228346454
0
LINE
8
BLACK
6
CONTINUOUS
10
6.3327975984251967
20
-3.8779973228346454
11
6.3323566929133861
21
-3.8790617322834646
0
LINE
8
BLACK
6
CONTINUOUS
10
6.3323566929133861
20
-3.8790617322834646
11
6.3315420472440946
21
-3.8798763779527556
0
LINE
8
BLACK
6
CONTINUOUS
10
6.3315420472440946
20
-3.8798763779527556
11
6.3304776377952754
21
-3.8803172834645667
0
LINE
8
BLACK
6
CONTINUOUS
10
6.3304776377952754
20
-3.8803172834645667
11
6.3299015748031495
21
-3.8803740157480315
0
LINE
8
BLACK
6
CONTINUOUS
10
6.3299015748031495
20
-3.8803740157480315
11
6.269901574803149
21
-3.8803740157480315
0
LINE
8
BLACK
6
CONTINUOUS
10
6.269901574803149
20
-3.8803740157480315
11
6.2693255118110232
21
-3.8803172834645667
0
LINE
8
BLACK
6
CONTINUOUS
10
6.2693255118110232
20
-3.8803172834645667
11
6.2682611023622048
21
-3.8798763779527556
0
LINE
8
BLACK
6
CONTINUOUS
10
6.2682611023622048
20
-3.8798763779527556
11
6.2674464566929133
21
-3.8790617322834646
0
LINE
8
BLACK
6
CONTINUOUS
10
6.2674464566929133
20
-3.8790617322834646
11
6.2670055511811018
21
-3.8779973228346454
0
LINE
8
BLACK
6
CONTINUOUS
10
6.2670055511811018
20
-3.8779973228346454
11
6.2670055511811018
21
-3.8768451968503936
0
LINE
8
BLACK
6
CONTINUOUS
10
6.2670055511811018
20
-3.8768451968503936
11
6.2674464566929133
21
-3.8757807874015748
0
LINE
8
BLACK
6
CONTINUOUS
10
6.2674464566929133
20
-3.8757807874015748
11
6.2682611023622048
21
-3.8749661417322834
0
LINE
8
BLACK
6
CONTINUOUS
10
6.2682611023622048
20
-3.8749661417322834
11
6.2693255118110232
21
-3.8745252362204723
0
LINE
8
BLACK
6
CONTINUOUS
10
6.2693255118110232
20
-3.8745252362204723
11
6.269901574803149
21
-3.8744685039370079
0
LINE
8
BLACK
6
CONTINUOUS
10
6.269901574803149
20
-3.8744685039370079
11
6.3299015748031495
21
-3.8744685039370079
0
LINE
8
BLACK
6
CONTINUOUS
10
6.3299015748031495
20
-3.8744685039370079
11
6.3304776377952754
21
-3.8745252362204723
0
LINE
8
BLACK
6
CONTINUOUS
10
6.7077524803149604
20
-3.8184633464566926
11
6.7083390157480309
21
-3.8186588582677166
0
LINE
8
BLACK
6
CONTINUOUS
10
6.7083390157480309
20
-3.8186588582677166
11
6.7084041732283461
21
-3.8187891732283465
0
LINE
8
BLACK
6
CONTINUOUS
10
6.7084041732283461
20
-3.8187891732283465
11
6.7085345275590553
21
-3.8188543700787401
0
LINE
8
BLACK
6
CONTINUOUS
10
6.7085345275590553
20
-3.8188543700787401
11
6.7089112992125983
21
-3.8195153543307088
0
LINE
8
BLACK
6
CONTINUOUS
10
6.7089112992125983
20
-3.8195153543307088
11
6.7154779527559052
21
-3.8392153937007873
0
LINE
8
BLACK
6
CONTINUOUS
10
6.7154779527559052
20
-3.8392153937007873
11
6.7155731496062989
21
-3.8399702362204722
0
LINE
8
BLACK
6
CONTINUOUS
10
6.7155731496062989
20
-3.8399702362204722
11
6.7149056692913387
21
-3.8413051574803148
0
LINE
8
BLACK
6
CONTINUOUS
10
6.7149056692913387
20
-3.8413051574803148
11
6.7134898031496064
21
-3.8417771259842519
0
LINE
8
BLACK
6
CONTINUOUS
10
6.7134898031496064
20
-3.8417771259842519
11
6.7121548818897638
21
-3.8411096456692913
0
LINE
8
BLACK
6
CONTINUOUS
10
6.7121548818897638
20
-3.8411096456692913
11
6.71177811023622
21
-3.8404486614173226
0
LINE
8
BLACK
6
CONTINUOUS
10
6.71177811023622
20
-3.8404486614173226
11
6.7103463779527557
21
-3.8361534251968501
0
LINE
8
BLACK
6
CONTINUOUS
10
6.7103463779527557
20
-3.8361534251968501
11
6.7037763779527557
21
-3.8361534251968501
0
LINE
8
BLACK
6
CONTINUOUS
10
6.7037763779527557
20
-3.8361534251968501
11
6.7023446456692914
21
-3.8404486614173226
0
LINE
8
BLACK
6
CONTINUOUS
10
6.7023446456692914
20
-3.8404486614173226
11
6.7019678740157476
21
-3.8411096456692913
0
LINE
8
BLACK
6
CONTINUOUS
10
6.7019678740157476
20
-3.8411096456692913
11
6.700632952755905
21
-3.8417771259842519
0
LINE
8
BLACK
6
CONTINUOUS
10
6.700632952755905
20
-3.8417771259842519
11
6.6992170866141727
21
-3.8413051574803148
0
LINE
8
BLACK
6
CONTINUOUS
10
6.6992170866141727
20
-3.8413051574803148
11
6.6985496062992125
21
-3.8399702362204722
0
LINE
8
BLACK
6
CONTINUOUS
10
6.6985496062992125
20
-3.8399702362204722
11
6.6986448031496062
21
-3.8392153543307086
0
LINE
8
BLACK
6
CONTINUOUS
10
6.6986448031496062
20
-3.8392153543307086
11
6.7052114566929131
21
-3.8195153543307088
0
LINE
8
BLACK
6
CONTINUOUS
10
6.7052114566929131
20
-3.8195153543307088
11
6.705588228346457
21
-3.8188543700787401
0
LINE
8
BLACK
6
CONTINUOUS
10
6.705588228346457
20
-3.8188543700787401
11
6.7057185433070865
21
-3.8187891732283465
0
LINE
8
BLACK
6
CONTINUOUS
10
6.7057185433070865
20
-3.8187891732283465
11
6.7057837401574805
21
-3.8186588582677166
0
LINE
8
BLACK
6
CONTINUOUS
10
6.7057837401574805
20
-3.8186588582677166
11
6.7063702362204722
21
-3.8184633464566926
0
LINE
8
BLACK
6
CONTINUOUS
10
6.7063702362204722
20
-3.8184633464566926
11
6.7069231496062987
21
-3.8181868897637794
0
LINE
8
BLACK
6
CONTINUOUS
10
6.7069231496062987
20
-3.8181868897637794
11
6.7070613779527557
21
-3.8182329527559054
0
LINE
8
BLACK
6
CONTINUOUS
10
6.7070613779527557
20
-3.8182329527559054
11
6.7071996062992127
21
-3.8181868897637794
0
LINE
8
BLACK
6
CONTINUOUS
10
6.7071996062992127
20
-3.8181868897637794
11
6.7077524803149604
21
-3.8184633464566926
0
LINE
8
BLACK
6
CONTINUOUS
10
6.7050763779527554
20
-3.8322534251968503
11
6.709046377952756
21
-3.8322534251968503
0
LINE
8
BLACK
6
CONTINUOUS
10
6.709046377952756
20
-3.8322534251968503
11
6.7070613385826769
21
-3.8262983858267714
0
LINE
8
BLACK
6
CONTINUOUS
10
6.7070613385826769
20
-3.8262983858267714
11
6.7050763779527554
21
-3.8322534251968503
0
LINE
8
BLACK
6
CONTINUOUS
10
4.9583055511811018
20
-3.8277388582677165
11
4.959583976377953
21
-3.8290172834645668
0
LINE
8
BLACK
6
CONTINUOUS
10
4.959583976377953
20
-3.8290172834645668
11
4.959583976377953
21
-3.8308252362204724
0
LINE
8
BLACK
6
CONTINUOUS
10
4.959583976377953
20
-3.8308252362204724
11
4.9583055511811018
21
-3.8321036614173227
0
LINE
8
BLACK
6
CONTINUOUS
10
4.9583055511811018
20
-3.8321036614173227
11
4.9574015748031499
21
-3.8322834645669293
0
LINE
8
BLACK
6
CONTINUOUS
10
4.9574015748031499
20
-3.8322834645669293
11
4.9274015748031497
21
-3.8322834645669293
0
LINE
8
BLACK
6
CONTINUOUS
10
4.9274015748031497
20
-3.8322834645669293
11
4.9264975984251969
21
-3.8321036614173227
0
LINE
8
BLACK
6
CONTINUOUS
10
4.9264975984251969
20
-3.8321036614173227
11
4.9252191732283466
21
-3.8308252362204724
0
LINE
8
BLACK
6
CONTINUOUS
10
4.9252191732283466
20
-3.8308252362204724
11
4.9252191732283466
21
-3.8290172834645668
0
LINE
8
BLACK
6
CONTINUOUS
10
4.9252191732283466
20
-3.8290172834645668
11
4.9264975984251969
21
-3.8277388582677165
0
LINE
8
BLACK
6
CONTINUOUS
10
4.9264975984251969
20
-3.8277388582677165
11
4.9274015748031497
21
-3.82755905511811
0
LINE
8
BLACK
6
CONTINUOUS
10
4.9274015748031497
20
-3.82755905511811
11
4.9574015748031499
21
-3.82755905511811
0
LINE
8
BLACK
6
CONTINUOUS
10
4.9574015748031499
20
-3.82755905511811
11
4.9583055511811018
21
-3.8277388582677165
0
LINE
8
BLACK
6
CONTINUOUS
10
5.6102937401574806
20
-3.8059475196850392
11
5.6115721653543309
21
-3.8072259448818895
0
LINE
8
BLACK
6
CONTINUOUS
10
5.6115721653543309
20
-3.8072259448818895
11
5.6117519685039365
21
-3.8081299212598423
0
LINE
8
BLACK
6
CONTINUOUS
10
5.6117519685039365
20
-3.8081299212598423
11
5.6117519685039365
21
-3.8234842519685039
0
LINE
8
BLACK
6
CONTINUOUS
10
5.6117519685039365
20
-3.8234842519685039
11
5.6365551181102358
21
-3.8234842519685039
0
LINE
8
BLACK
6
CONTINUOUS
10
5.6365551181102358
20
-3.8234842519685039
11
5.6374590944881886
21
-3.82366405511811
0
LINE
8
BLACK
6
CONTINUOUS
10
5.6374590944881886
20
-3.82366405511811
11
5.6387375196850389
21
-3.8249424803149608
0
LINE
8
BLACK
6
CONTINUOUS
10
5.6387375196850389
20
-3.8249424803149608
11
5.6387375196850389
21
-3.8267504330708659
0
LINE
8
BLACK
6
CONTINUOUS
10
5.6387375196850389
20
-3.8267504330708659
11
5.6374590944881886
21
-3.8280288582677167
0
LINE
8
BLACK
6
CONTINUOUS
10
5.6374590944881886
20
-3.8280288582677167
11
5.6365551181102358
21
-3.8282086614173227
0
LINE
8
BLACK
6
CONTINUOUS
10
5.6365551181102358
20
-3.8282086614173227
11
5.6093897637795278
21
-3.8282086614173227
0
LINE
8
BLACK
6
CONTINUOUS
10
5.6093897637795278
20
-3.8282086614173227
11
5.608485787401575
21
-3.8280288582677167
0
LINE
8
BLACK
6
CONTINUOUS
10
5.608485787401575
20
-3.8280288582677167
11
5.6072073622047247
21
-3.8267504330708659
0
LINE
8
BLACK
6
CONTINUOUS
10
5.6072073622047247
20
-3.8267504330708659
11
5.6070275590551182
21
-3.8258464566929131
0
LINE
8
BLACK
6
CONTINUOUS
10
5.6070275590551182
20
-3.8258464566929131
11
5.6070275590551182
21
-3.8104921259842519
0
LINE
8
BLACK
6
CONTINUOUS
10
5.6070275590551182
20
-3.8104921259842519
11
5.1227755905511811
21
-3.8104921259842519
0
LINE
8
BLACK
6
CONTINUOUS
10
5.1227755905511811
20
-3.8104921259842519
11
5.1227755905511811
21
-3.8258464566929131
0
LINE
8
BLACK
6
CONTINUOUS
10
5.1227755905511811
20
-3.8258464566929131
11
5.1225957874015746
21
-3.8267504330708659
0
LINE
8
BLACK
6
CONTINUOUS
10
5.1225957874015746
20
-3.8267504330708659
11
5.1213173622047243
21
-3.8280288582677167
0
LINE
8
BLACK
6
CONTINUOUS
10
5.1213173622047243
20
-3.8280288582677167
11
5.1195094094488187
21
-3.8280288582677167
0
LINE
8
BLACK
6
CONTINUOUS
10
5.1195094094488187
20
-3.8280288582677167
11
5.1182309842519684
21
-3.8267504330708659
0
LINE
8
BLACK
6
CONTINUOUS
10
5.1182309842519684
20
-3.8267504330708659
11
5.1180511811023619
21
-3.8258464566929131
0
LINE
8
BLACK
6
CONTINUOUS
10
5.1180511811023619
20
-3.8258464566929131
11
5.1180511811023619
21
-3.8081299212598423
0
LINE
8
BLACK
6
CONTINUOUS
10
5.1180511811023619
20
-3.8081299212598423
11
5.1182309842519684
21
-3.8072259448818895
0
LINE
8
BLACK
6
CONTINUOUS
10
5.1182309842519684
20
-3.8072259448818895
11
5.1195094094488187
21
-3.8059475196850392
0
LINE
8
BLACK
6
CONTINUOUS
10
5.1195094094488187
20
-3.8059475196850392
11
5.1204133858267715
21
-3.8057677165354331
0
LINE
8
BLACK
6
CONTINUOUS
10
5.1204133858267715
20
-3.8057677165354331
11
5.6093897637795278
21
-3.8057677165354331
0
LINE
8
BLACK
6
CONTINUOUS
10
5.6093897637795278
20
-3.8057677165354331
11
5.6102937401574806
21
-3.8059475196850392
0
LINE
8
BLACK
6
CONTINUOUS
10
6.4433055511811022
20
-3.8177388582677163
11
6.4445839763779524
21
-3.819017283464567
0
LINE
8
BLACK
6
CONTINUOUS
10
6.4445839763779524
20
-3.819017283464567
11
6.4445839763779524
21
-3.8208252362204722
0
LINE
8
BLACK
6
CONTINUOUS
10
6.4445839763779524
20
-3.8208252362204722
11
6.4433055511811022
21
-3.8221036614173229
0
LINE
8
BLACK
6
CONTINUOUS
10
6.4433055511811022
20
-3.8221036614173229
11
6.4424015748031493
21
-3.822283464566929
0
LINE
8
BLACK
6
CONTINUOUS
10
6.4424015748031493
20
-3.822283464566929
11
6.4124015748031491
21
-3.822283464566929
0
LINE
8
BLACK
6
CONTINUOUS
10
6.4124015748031491
20
-3.822283464566929
11
6.4114975984251963
21
-3.8221036614173229
0
LINE
8
BLACK
6
CONTINUOUS
10
6.4114975984251963
20
-3.8221036614173229
11
6.410219173228346
21
-3.8208252362204722
0
LINE
8
BLACK
6
CONTINUOUS
10
6.410219173228346
20
-3.8208252362204722
11
6.410219173228346
21
-3.819017283464567
0
LINE
8
BLACK
6
CONTINUOUS
10
6.410219173228346
20
-3.819017283464567
11
6.4114975984251963
21
-3.8177388582677163
0
LINE
8
BLACK
6
CONTINUOUS
10
6.4114975984251963
20
-3.8177388582677163
11
6.4124015748031491
21
-3.8175590551181102
0
LINE
8
BLACK
6
CONTINUOUS
10
6.4124015748031491
20
-3.8175590551181102
11
6.4424015748031493
21
-3.8175590551181102
0
LINE
8
BLACK
6
CONTINUOUS
10
6.4424015748031493
20
-3.8175590551181102
11
6.4433055511811022
21
-3.8177388582677163
0
LINE
8
BLACK
6
CONTINUOUS
10
6.3990420472440945
20
-3.7374661417322832
11
6.399856692913386
21
-3.7382807874015747
0
LINE
8
BLACK
6
CONTINUOUS
10
6.399856692913386
20
-3.7382807874015747
11
6.4002975984251966
21
-3.7393451968503935
0
LINE
8
BLACK
6
CONTINUOUS
10
6.4002975984251966
20
-3.7393451968503935
11
6.4003543307086614
21
-3.7399212598425198
0
LINE
8
BLACK
6
CONTINUOUS
10
6.4003543307086614
20
-3.7399212598425198
11
6.4003543307086614
21
-3.7999212598425194
0
LINE
8
BLACK
6
CONTINUOUS
10
6.4003543307086614
20
-3.7999212598425194
11
6.4002975984251966
21
-3.8004973228346457
0
LINE
8
BLACK
6
CONTINUOUS
10
6.4002975984251966
20
-3.8004973228346457
11
6.399856692913386
21
-3.8015617322834645
0
LINE
8
BLACK
6
CONTINUOUS
10
6.399856692913386
20
-3.8015617322834645
11
6.3990420472440945
21
-3.802376377952756
0
LINE
8
BLACK
6
CONTINUOUS
10
6.3990420472440945
20
-3.802376377952756
11
6.3979776377952753
21
-3.802817283464567
0
LINE
8
BLACK
6
CONTINUOUS
10
6.3979776377952753
20
-3.802817283464567
11
6.3968255118110235
21
-3.802817283464567
0
LINE
8
BLACK
6
CONTINUOUS
10
6.3968255118110235
20
-3.802817283464567
11
6.3957611023622043
21
-3.802376377952756
0
LINE
8
BLACK
6
CONTINUOUS
10
6.3957611023622043
20
-3.802376377952756
11
6.3949464566929128
21
-3.8015617322834645
0
LINE
8
BLACK
6
CONTINUOUS
10
6.3949464566929128
20
-3.8015617322834645
11
6.3945055511811022
21
-3.8004973228346457
0
LINE
8
BLACK
6
CONTINUOUS
10
6.3945055511811022
20
-3.8004973228346457
11
6.3944488188976374
21
-3.7999212598425194
0
LINE
8
BLACK
6
CONTINUOUS
10
6.3944488188976374
20
-3.7999212598425194
11
6.3944488188976374
21
-3.7399212598425198
0
LINE
8
BLACK
6
CONTINUOUS
10
6.3944488188976374
20
-3.7399212598425198
11
6.3945055511811022
21
-3.7393451968503935
0
LINE
8
BLACK
6
CONTINUOUS
10
6.3945055511811022
20
-3.7393451968503935
11
6.3949464566929128
21
-3.7382807874015747
0
LINE
8
BLACK
6
CONTINUOUS
10
6.3949464566929128
20
-3.7382807874015747
11
6.3957611023622043
21
-3.7374661417322832
0
LINE
8
BLACK
6
CONTINUOUS
10
6.3957611023622043
20
-3.7374661417322832
11
6.3968255118110235
21
-3.7370252362204726
0
LINE
8
BLACK
6
CONTINUOUS
10
6.3968255118110235
20
-3.7370252362204726
11
6.3979776377952753
21
-3.7370252362204726
0
LINE
8
BLACK
6
CONTINUOUS
10
6.3979776377952753
20
-3.7370252362204726
11
6.3990420472440945
21
-3.7374661417322832
0
LINE
8
BLACK
6
CONTINUOUS
10
6.5190420472440946
20
-3.7374661417322832
11
6.5198566929133861
21
-3.7382807874015747
0
LINE
8
BLACK
6
CONTINUOUS
10
6.5198566929133861
20
-3.7382807874015747
11
6.5202975984251967
21
-3.7393451968503935
0
LINE
8
BLACK
6
CONTINUOUS
10
6.5202975984251967
20
-3.7393451968503935
11
6.5203543307086615
21
-3.7399212598425198
0
LINE
8
BLACK
6
CONTINUOUS
10
6.5203543307086615
20
-3.7399212598425198
11
6.5203543307086615
21
-3.7999212598425194
0
LINE
8
BLACK
6
CONTINUOUS
10
6.5203543307086615
20
-3.7999212598425194
11
6.5202975984251967
21
-3.8004973228346457
0
LINE
8
BLACK
6
CONTINUOUS
10
6.5202975984251967
20
-3.8004973228346457
11
6.5198566929133861
21
-3.8015617322834645
0
LINE
8
BLACK
6
CONTINUOUS
10
6.5198566929133861
20
-3.8015617322834645
11
6.5190420472440946
21
-3.802376377952756
0
LINE
8
BLACK
6
CONTINUOUS
10
6.5190420472440946
20
-3.802376377952756
11
6.5179776377952754
21
-3.802817283464567
0
LINE
8
BLACK
6
CONTINUOUS
10
6.5179776377952754
20
-3.802817283464567
11
6.5168255118110237
21
-3.802817283464567
0
LINE
8
BLACK
6
CONTINUOUS
10
6.5168255118110237
20
-3.802817283464567
11
6.5157611023622044
21
-3.802376377952756
0
LINE
8
BLACK
6
CONTINUOUS
10
6.5157611023622044
20
-3.802376377952756
11
6.5149464566929129
21
-3.8015617322834645
0
LINE
8
BLACK
6
CONTINUOUS
10
6.5149464566929129
20
-3.8015617322834645
11
6.5145055511811023
21
-3.8004973228346457
0
LINE
8
BLACK
6
CONTINUOUS
10
6.5145055511811023
20
-3.8004973228346457
11
6.5144488188976375
21
-3.7999212598425194
0
LINE
8
BLACK
6
CONTINUOUS
10
6.5144488188976375
20
-3.7999212598425194
11
6.5144488188976375
21
-3.7399212598425198
0
LINE
8
BLACK
6
CONTINUOUS
10
6.5144488188976375
20
-3.7399212598425198
11
6.5145055511811023
21
-3.7393451968503935
0
LINE
8
BLACK
6
CONTINUOUS
10
6.5145055511811023
20
-3.7393451968503935
11
6.5149464566929129
21
-3.7382807874015747
0
LINE
8
BLACK
6
CONTINUOUS
10
6.5149464566929129
20
-3.7382807874015747
11
6.5157611023622044
21
-3.7374661417322832
0
LINE
8
BLACK
6
CONTINUOUS
10
6.5157611023622044
20
-3.7374661417322832
11
6.5168255118110237
21
-3.7370252362204726
0
LINE
8
BLACK
6
CONTINUOUS
10
6.5168255118110237
20
-3.7370252362204726
11
6.5179776377952754
21
-3.7370252362204726
0
LINE
8
BLACK
6
CONTINUOUS
10
6.5179776377952754
20
-3.7370252362204726
11
6.5190420472440946
21
-3.7374661417322832
0
LINE
8
BLACK
6
CONTINUOUS
10
6.4733055511811024
20
-3.7977388582677163
11
6.4745839763779527
21
-3.799017283464567
0
LINE
8
BLACK
6
CONTINUOUS
10
6.4745839763779527
20
-3.799017283464567
11
6.4745839763779527
21
-3.8008252362204722
0
LINE
8
BLACK
6
CONTINUOUS
10
6.4745839763779527
20
-3.8008252362204722
11
6.4733055511811024
21
-3.8021036614173229
0
LINE
8
BLACK
6
CONTINUOUS
10
6.4733055511811024
20
-3.8021036614173229
11
6.4724015748031496
21
-3.802283464566929
0
LINE
8
BLACK
6
CONTINUOUS
10
6.4724015748031496
20
-3.802283464566929
11
6.4424015748031493
21
-3.802283464566929
0
LINE
8
BLACK
6
CONTINUOUS
10
6.4424015748031493
20
-3.802283464566929
11
6.4414975984251965
21
-3.8021036614173229
0
LINE
8
BLACK
6
CONTINUOUS
10
6.4414975984251965
20
-3.8021036614173229
11
6.4402191732283462
21
-3.8008252362204722
0
LINE
8
BLACK
6
CONTINUOUS
10
6.4402191732283462
20
-3.8008252362204722
11
6.4402191732283462
21
-3.799017283464567
0
LINE
8
BLACK
6
CONTINUOUS
10
6.4402191732283462
20
-3.799017283464567
11
6.4414975984251965
21
-3.7977388582677163
0
LINE
8
BLACK
6
CONTINUOUS
10
6.4414975984251965
20
-3.7977388582677163
11
6.4424015748031493
21
-3.7975590551181102
0
LINE
8
BLACK
6
CONTINUOUS
10
6.4424015748031493
20
-3.7975590551181102
11
6.4724015748031496
21
-3.7975590551181102
0
LINE
8
BLACK
6
CONTINUOUS
10
6.4724015748031496
20
-3.7975590551181102
11
6.4733055511811024
21
-3.7977388582677163
0
LINE
8
BLACK
6
CONTINUOUS
10
5.3579785433070866
20
-3.7487307086614172
11
5.3590429527559058
21
-3.7491716141732283
0
LINE
8
BLACK
6
CONTINUOUS
10
5.3590429527559058
20
-3.7491716141732283
11
5.3598575984251964
21
-3.7499862598425198
0
LINE
8
BLACK
6
CONTINUOUS
10
5.3598575984251964
20
-3.7499862598425198
11
5.3602985039370079
21
-3.7510506692913386
0
LINE
8
BLACK
6
CONTINUOUS
10
5.3602985039370079
20
-3.7510506692913386
11
5.3602985039370079
21
-3.7522027952755903
0
LINE
8
BLACK
6
CONTINUOUS
10
5.3602985039370079
20
-3.7522027952755903
11
5.3598575984251964
21
-3.7532672047244096
0
LINE
8
BLACK
6
CONTINUOUS
10
5.3598575984251964
20
-3.7532672047244096
11
5.3590429527559058
21
-3.7540818503937006
0
LINE
8
BLACK
6
CONTINUOUS
10
5.3590429527559058
20
-3.7540818503937006
11
5.3579785433070866
21
-3.7545227559055117
0
LINE
8
BLACK
6
CONTINUOUS
10
5.3579785433070866
20
-3.7545227559055117
11
5.3574024803149607
21
-3.7545794881889765
0
LINE
8
BLACK
6
CONTINUOUS
10
5.3574024803149607
20
-3.7545794881889765
11
5.3395377165354327
21
-3.7545794881889765
0
LINE
8
BLACK
6
CONTINUOUS
10
5.3395377165354327
20
-3.7545794881889765
11
5.3483760629921262
21
-3.7646804330708661
0
LINE
8
BLACK
6
CONTINUOUS
10
5.3483760629921262
20
-3.7646804330708661
11
5.3485540551181101
21
-3.7649294094488188
0
LINE
8
BLACK
6
CONTINUOUS
10
5.3485540551181101
20
-3.7649294094488188
11
5.348609015748031
21
-3.7649843700787402
0
LINE
8
BLACK
6
CONTINUOUS
10
5.348609015748031
20
-3.7649843700787402
11
5.3486305905511813
21
-3.7650364566929131
0
LINE
8
BLACK
6
CONTINUOUS
10
5.3486305905511813
20
-3.7650364566929131
11
5.3487127165354327
21
-3.7651513385826769
0
LINE
8
BLACK
6
CONTINUOUS
10
5.3487127165354327
20
-3.7651513385826769
11
5.3488662992125979
21
-3.7656055511811024
0
LINE
8
BLACK
6
CONTINUOUS
10
5.3488662992125979
20
-3.7656055511811024
11
5.3490499212598426
21
-3.766048779527559
0
LINE
8
BLACK
6
CONTINUOUS
10
5.3490499212598426
20
-3.766048779527559
11
5.3490499212598426
21
-3.7661483858267717
0
LINE
8
BLACK
6
CONTINUOUS
10
5.3490499212598426
20
-3.7661483858267717
11
5.3490818110236216
21
-3.7662427165354329
0
LINE
8
BLACK
6
CONTINUOUS
10
5.3490818110236216
20
-3.7662427165354329
11
5.3490499212598426
21
-3.766721181102362
0
LINE
8
BLACK
6
CONTINUOUS
10
5.3490499212598426
20
-3.766721181102362
11
5.3490499212598426
21
-3.7672009055118107
0
LINE
8
BLACK
6
CONTINUOUS
10
5.3490499212598426
20
-3.7672009055118107
11
5.3490118110236216
21
-3.7672928740157481
0
LINE
8
BLACK
6
CONTINUOUS
10
5.3490118110236216
20
-3.7672928740157481
11
5.3490051968503938
21
-3.7673922440944883
0
LINE
8
BLACK
6
CONTINUOUS
10
5.3490051968503938
20
-3.7673922440944883
11
5.3487924803149607
21
-3.7678223622047242
0
LINE
8
BLACK
6
CONTINUOUS
10
5.3487924803149607
20
-3.7678223622047242
11
5.348609015748031
21
-3.76826531496063
0
LINE
8
BLACK
6
CONTINUOUS
10
5.348609015748031
20
-3.76826531496063
11
5.3485386614173231
21
-3.7683356299212596
0
LINE
8
BLACK
6
CONTINUOUS
10
5.3485386614173231
20
-3.7683356299212596
11
5.348494488188976
21
-3.7684250000000001
0
LINE
8
BLACK
6
CONTINUOUS
10
5.348494488188976
20
-3.7684250000000001
11
5.3481333464566925
21
-3.7687409448818898
0
LINE
8
BLACK
6
CONTINUOUS
10
5.3481333464566925
20
-3.7687409448818898
11
5.3477943700787405
21
-3.769079960629921
0
LINE
8
BLACK
6
CONTINUOUS
10
5.3477943700787405
20
-3.769079960629921
11
5.3477023622047239
21
-3.7691180708661416
0
LINE
8
BLACK
6
CONTINUOUS
10
5.3477023622047239
20
-3.7691180708661416
11
5.3476274015748029
21
-3.7691836614173226
0
LINE
8
BLACK
6
CONTINUOUS
10
5.3476274015748029
20
-3.7691836614173226
11
5.3471731496062995
21
-3.7693372440944879
0
LINE
8
BLACK
6
CONTINUOUS
10
5.3471731496062995
20
-3.7693372440944879
11
5.3467299606299212
21
-3.7695208661417321
0
LINE
8
BLACK
6
CONTINUOUS
10
5.3467299606299212
20
-3.7695208661417321
11
5.3465893700787399
21
-3.7695346850393698
0
LINE
8
BLACK
6
CONTINUOUS
10
5.3465893700787399
20
-3.7695346850393698
11
5.3465360236220469
21
-3.7695527559055115
0
LINE
8
BLACK
6
CONTINUOUS
10
5.3465360236220469
20
-3.7695527559055115
11
5.3464585433070866
21
-3.769547559055118
0
LINE
8
BLACK
6
CONTINUOUS
10
5.3464585433070866
20
-3.769547559055118
11
5.3461538976377954
21
-3.7695775984251969
0
LINE
8
BLACK
6
CONTINUOUS
10
5.3461538976377954
20
-3.7695775984251969
11
5.3412266535433073
21
-3.7695775984251969
0
LINE
8
BLACK
6
CONTINUOUS
10
5.3412266535433073
20
-3.7695775984251969
11
5.3385291732283466
21
-3.7709263385826772
0
LINE
8
BLACK
6
CONTINUOUS
10
5.3385291732283466
20
-3.7709263385826772
11
5.3373320472440939
21
-3.772123464566929
0
LINE
8
BLACK
6
CONTINUOUS
10
5.3373320472440939
20
-3.772123464566929
11
5.3359833070866136
21
-3.7748209448818897
0
LINE
8
BLACK
6
CONTINUOUS
10
5.3359833070866136
20
-3.7748209448818897
11
5.3359833070866136
21
-3.7828006692913383
0
LINE
8
BLACK
6
CONTINUOUS
10
5.3359833070866136
20
-3.7828006692913383
11
5.3373320472440939
21
-3.7854981496062989
0
LINE
8
BLACK
6
CONTINUOUS
10
5.3373320472440939
20
-3.7854981496062989
11
5.3385291732283466
21
-3.7866953149606299
0
LINE
8
BLACK
6
CONTINUOUS
10
5.3385291732283466
20
-3.7866953149606299
11
5.3412266535433073
21
-3.7880440551181103
0
LINE
8
BLACK
6
CONTINUOUS
10
5.3412266535433073
20
-3.7880440551181103
11
5.3510811417322834
21
-3.7880440551181103
0
LINE
8
BLACK
6
CONTINUOUS
10
5.3510811417322834
20
-3.7880440551181103
11
5.3537785826771653
21
-3.7866953149606299
0
LINE
8
BLACK
6
CONTINUOUS
10
5.3537785826771653
20
-3.7866953149606299
11
5.355314527559055
21
-3.7851593700787403
0
LINE
8
BLACK
6
CONTINUOUS
10
5.355314527559055
20
-3.7851593700787403
11
5.3557620078740156
21
-3.7847921259842519
0
LINE
8
BLACK
6
CONTINUOUS
10
5.3557620078740156
20
-3.7847921259842519
11
5.3568264173228348
21
-3.7843512204724408
0
LINE
8
BLACK
6
CONTINUOUS
10
5.3568264173228348
20
-3.7843512204724408
11
5.3579785039370078
21
-3.7843512204724408
0
LINE
8
BLACK
6
CONTINUOUS
10
5.3579785039370078
20
-3.7843512204724408
11
5.3590429133858271
21
-3.7847920866141731
0
LINE
8
BLACK
6
CONTINUOUS
10
5.3590429133858271
20
-3.7847920866141731
11
5.3598575984251964
21
-3.7856067716535433
0
LINE
8
BLACK
6
CONTINUOUS
10
5.3598575984251964
20
-3.7856067716535433
11
5.3602985039370079
21
-3.7866711811023621
0
LINE
8
BLACK
6
CONTINUOUS
10
5.3602985039370079
20
-3.7866711811023621
11
5.3602985039370079
21
-3.7878232677165355
0
LINE
8
BLACK
6
CONTINUOUS
10
5.3602985039370079
20
-3.7878232677165355
11
5.3598576377952751
21
-3.7888876771653544
0
LINE
8
BLACK
6
CONTINUOUS
10
5.3598576377952751
20
-3.7888876771653544
11
5.3594903937007876
21
-3.7893351574803149
0
LINE
8
BLACK
6
CONTINUOUS
10
5.3594903937007876
20
-3.7893351574803149
11
5.3576156692913388
21
-3.7912099212598425
0
LINE
8
BLACK
6
CONTINUOUS
10
5.3576156692913388
20
-3.7912099212598425
11
5.357389291338583
21
-3.7913956692913384
0
LINE
8
BLACK
6
CONTINUOUS
10
5.357389291338583
20
-3.7913956692913384
11
5.3573381102362205
21
-3.7914547244094488
0
LINE
8
BLACK
6
CONTINUOUS
10
5.3573381102362205
20
-3.7914547244094488
11
5.357249133858268
21
-3.7915107086614173
0
LINE
8
BLACK
6
CONTINUOUS
10
5.357249133858268
20
-3.7915107086614173
11
5.3571681889763783
21
-3.7915771653543304
0
LINE
8
BLACK
6
CONTINUOUS
10
5.3571681889763783
20
-3.7915771653543304
11
5.3570962204724406
21
-3.7916069685039369
0
LINE
8
BLACK
6
CONTINUOUS
10
5.3570962204724406
20
-3.7916069685039369
11
5.3568482283464567
21
-3.7917630708661418
0
LINE
8
BLACK
6
CONTINUOUS
10
5.3568482283464567
20
-3.7917630708661418
11
5.3530987007874016
21
-3.7936378346456694
0
LINE
8
BLACK
6
CONTINUOUS
10
5.3530987007874016
20
-3.7936378346456694
11
5.3525580708661415
21
-3.7938447244094489
0
LINE
8
BLACK
6
CONTINUOUS
10
5.3525580708661415
20
-3.7938447244094489
11
5.3524522440944882
21
-3.7938522047244092
0
LINE
8
BLACK
6
CONTINUOUS
10
5.3524522440944882
20
-3.7938522047244092
11
5.3523542519685039
21
-3.7938928346456691
0
LINE
8
BLACK
6
CONTINUOUS
10
5.3523542519685039
20
-3.7938928346456691
11
5.351778188976378
21
-3.7939495669291339
0
LINE
8
BLACK
6
CONTINUOUS
10
5.351778188976378
20
-3.7939495669291339
11
5.3405296062992127
21
-3.7939495669291339
0
LINE
8
BLACK
6
CONTINUOUS
10
5.3405296062992127
20
-3.7939495669291339
11
5.3399535433070868
21
-3.7938928346456691
0
LINE
8
BLACK
6
CONTINUOUS
10
5.3399535433070868
20
-3.7938928346456691
11
5.3398555511811026
21
-3.793852244094488
0
LINE
8
BLACK
6
CONTINUOUS
10
5.3398555511811026
20
-3.793852244094488
11
5.3397496850393695
21
-3.7938447244094489
0
LINE
8
BLACK
6
CONTINUOUS
10
5.3397496850393695
20
-3.7938447244094489
11
5.3392090944881891
21
-3.7936378346456694
0
LINE
8
BLACK
6
CONTINUOUS
10
5.3392090944881891
20
-3.7936378346456694
11
5.335459566929134
21
-3.7917630708661418
0
LINE
8
BLACK
6
CONTINUOUS
10
5.335459566929134
20
-3.7917630708661418
11
5.3352115354330705
21
-3.7916069685039369
0
LINE
8
BLACK
6
CONTINUOUS
10
5.3352115354330705
20
-3.7916069685039369
11
5.3351396062992125
21
-3.7915771653543304
0
LINE
8
BLACK
6
CONTINUOUS
10
5.3351396062992125
20
-3.7915771653543304
11
5.335058622047244
21
-3.7915107086614173
0
LINE
8
BLACK
6
CONTINUOUS
10
5.335058622047244
20
-3.7915107086614173
11
5.3349696850393702
21
-3.7914547244094488
0
LINE
8
BLACK
6
CONTINUOUS
10
5.3349696850393702
20
-3.7914547244094488
11
5.334918464566929
21
-3.7913956692913384
0
LINE
8
BLACK
6
CONTINUOUS
10
5.334918464566929
20
-3.7913956692913384
11
5.3346921259842519
21
-3.7912099212598425
0
LINE
8
BLACK
6
CONTINUOUS
10
5.3346921259842519
20
-3.7912099212598425
11
5.3328173622047244
21
-3.7893351181102362
0
LINE
8
BLACK
6
CONTINUOUS
10
5.3328173622047244
20
-3.7893351181102362
11
5.332631614173228
21
-3.7891087795275591
0
LINE
8
BLACK
6
CONTINUOUS
10
5.332631614173228
20
-3.7891087795275591
11
5.3325726377952751
21
-3.7890576377952754
0
LINE
8
BLACK
6
CONTINUOUS
10
5.3325726377952751
20
-3.7890576377952754
11
5.3325166535433066
21
-3.7889687007874016
0
LINE
8
BLACK
6
CONTINUOUS
10
5.3325166535433066
20
-3.7889687007874016
11
5.3324501574803147
21
-3.7888876771653544
0
LINE
8
BLACK
6
CONTINUOUS
10
5.3324501574803147
20
-3.7888876771653544
11
5.33242031496063
21
-3.7888156299212596
0
LINE
8
BLACK
6
CONTINUOUS
10
5.33242031496063
20
-3.7888156299212596
11
5.3322642913385829
21
-3.7885677559055115
0
LINE
8
BLACK
6
CONTINUOUS
10
5.3322642913385829
20
-3.7885677559055115
11
5.3303895275590554
21
-3.7848182283464564
0
LINE
8
BLACK
6
CONTINUOUS
10
5.3303895275590554
20
-3.7848182283464564
11
5.3301826377952759
21
-3.7842775984251968
0
LINE
8
BLACK
6
CONTINUOUS
10
5.3301826377952759
20
-3.7842775984251968
11
5.3301751181102359
21
-3.784171771653543
0
LINE
8
BLACK
6
CONTINUOUS
10
5.3301751181102359
20
-3.784171771653543
11
5.3301345275590553
21
-3.7840737795275592
0
LINE
8
BLACK
6
CONTINUOUS
10
5.3301345275590553
20
-3.7840737795275592
11
5.3300777952755904
21
-3.7834977165354329
0
LINE
8
BLACK
6
CONTINUOUS
10
5.3300777952755904
20
-3.7834977165354329
11
5.3300777952755904
21
-3.7741238976377951
0
LINE
8
BLACK
6
CONTINUOUS
10
5.3300777952755904
20
-3.7741238976377951
11
5.3301345275590553
21
-3.7735478346456692
0
LINE
8
BLACK
6
CONTINUOUS
10
5.3301345275590553
20
-3.7735478346456692
11
5.3301751181102359
21
-3.7734498031496062
0
LINE
8
BLACK
6
CONTINUOUS
10
5.3301751181102359
20
-3.7734498031496062
11
5.3301826377952759
21
-3.7733440157480316
0
LINE
8
BLACK
6
CONTINUOUS
10
5.3301826377952759
20
-3.7733440157480316
11
5.3303895275590554
21
-3.7728033858267715
0
LINE
8
BLACK
6
CONTINUOUS
10
5.3303895275590554
20
-3.7728033858267715
11
5.3322642913385829
21
-3.7690538582677164
0
LINE
8
BLACK
6
CONTINUOUS
10
5.3322642913385829
20
-3.7690538582677164
11
5.3324203543307087
21
-3.7688058267716533
0
LINE
8
BLACK
6
CONTINUOUS
10
5.3324203543307087
20
-3.7688058267716533
11
5.3324501968503935
21
-3.7687338976377953
0
LINE
8
BLACK
6
CONTINUOUS
10
5.3324501968503935
20
-3.7687338976377953
11
5.3325166535433066
21
-3.7686529133858269
0
LINE
8
BLACK
6
CONTINUOUS
10
5.3325166535433066
20
-3.7686529133858269
11
5.3325726377952751
21
-3.7685639763779526
0
LINE
8
BLACK
6
CONTINUOUS
10
5.3325726377952751
20
-3.7685639763779526
11
5.332631614173228
21
-3.7685127952755906
0
LINE
8
BLACK
6
CONTINUOUS
10
5.332631614173228
20
-3.7685127952755906
11
5.3328174015748031
21
-3.7682864566929135
0
LINE
8
BLACK
6
CONTINUOUS
10
5.3328174015748031
20
-3.7682864566929135
11
5.3346921653543307
21
-3.766411692913386
0
LINE
8
BLACK
6
CONTINUOUS
10
5.3346921653543307
20
-3.766411692913386
11
5.3349185039370077
21
-3.7662259055118108
0
LINE
8
BLACK
6
CONTINUOUS
10
5.3349185039370077
20
-3.7662259055118108
11
5.3349696850393702
21
-3.766166929133858
0
LINE
8
BLACK
6
CONTINUOUS
10
5.3349696850393702
20
-3.766166929133858
11
5.335058622047244
21
-3.7661109448818895
0
LINE
8
BLACK
6
CONTINUOUS
10
5.335058622047244
20
-3.7661109448818895
11
5.3351396062992125
21
-3.7660444881889763
0
LINE
8
BLACK
6
CONTINUOUS
10
5.3351396062992125
20
-3.7660444881889763
11
5.3352115354330705
21
-3.7660146456692911
0
LINE
8
BLACK
6
CONTINUOUS
10
5.3352115354330705
20
-3.7660146456692911
11
5.335459566929134
21
-3.7658585826771653
0
LINE
8
BLACK
6
CONTINUOUS
10
5.335459566929134
20
-3.7658585826771653
11
5.3392090944881891
21
-3.7639838188976378
0
LINE
8
BLACK
6
CONTINUOUS
10
5.3392090944881891
20
-3.7639838188976378
11
5.3397412598425191
21
-3.7637801181102359
0
LINE
8
BLACK
6
CONTINUOUS
10
5.3397412598425191
20
-3.7637801181102359
11
5.3308083858267716
21
-3.7535711417322832
0
LINE
8
BLACK
6
CONTINUOUS
10
5.3308083858267716
20
-3.7535711417322832
11
5.330630354330709
21
-3.7533221259842517
0
LINE
8
BLACK
6
CONTINUOUS
10
5.330630354330709
20
-3.7533221259842517
11
5.3305754330708659
21
-3.7532672047244096
0
LINE
8
BLACK
6
CONTINUOUS
10
5.3305754330708659
20
-3.7532672047244096
11
5.3305538188976378
21
-3.7532150787401575
0
LINE
8
BLACK
6
CONTINUOUS
10
5.3305538188976378
20
-3.7532150787401575
11
5.3304717322834643
21
-3.7531002362204724
0
LINE
8
BLACK
6
CONTINUOUS
10
5.3304717322834643
20
-3.7531002362204724
11
5.3303181102362203
21
-3.7526459842519686
0
LINE
8
BLACK
6
CONTINUOUS
10
5.3303181102362203
20
-3.7526459842519686
11
5.3301345275590553
21
-3.7522027952755903
0
LINE
8
BLACK
6
CONTINUOUS
10
5.3301345275590553
20
-3.7522027952755903
11
5.3301345275590553
21
-3.7521031496062993
0
LINE
8
BLACK
6
CONTINUOUS
10
5.3301345275590553
20
-3.7521031496062993
11
5.3301026377952754
21
-3.7520088582677165
0
LINE
8
BLACK
6
CONTINUOUS
10
5.3301026377952754
20
-3.7520088582677165
11
5.3301345275590553
21
-3.7515303543307086
0
LINE
8
BLACK
6
CONTINUOUS
10
5.3301345275590553
20
-3.7515303543307086
11
5.3301345275590553
21
-3.7510506692913386
0
LINE
8
BLACK
6
CONTINUOUS
10
5.3301345275590553
20
-3.7510506692913386
11
5.3301725984251966
21
-3.7509586614173229
0
LINE
8
BLACK
6
CONTINUOUS
10
5.3301725984251966
20
-3.7509586614173229
11
5.3301792519685041
21
-3.7508593307086615
0
LINE
8
BLACK
6
CONTINUOUS
10
5.3301792519685041
20
-3.7508593307086615
11
5.3303919291338584
21
-3.7504291732283463
0
LINE
8
BLACK
6
CONTINUOUS
10
5.3303919291338584
20
-3.7504291732283463
11
5.3305754330708659
21
-3.7499862598425198
0
LINE
8
BLACK
6
CONTINUOUS
10
5.3305754330708659
20
-3.7499862598425198
11
5.3306457480314959
21
-3.749915905511811
0
LINE
8
BLACK
6
CONTINUOUS
10
5.3306457480314959
20
-3.749915905511811
11
5.330689960629921
21
-3.7498265748031496
0
LINE
8
BLACK
6
CONTINUOUS
10
5.330689960629921
20
-3.7498265748031496
11
5.3310510629921257
21
-3.7495105905511812
0
LINE
8
BLACK
6
CONTINUOUS
10
5.3310510629921257
20
-3.7495105905511812
11
5.3313900787401574
21
-3.7491716141732283
0
LINE
8
BLACK
6
CONTINUOUS
10
5.3313900787401574
20
-3.7491716141732283
11
5.3314820472440942
21
-3.749133464566929
0
LINE
8
BLACK
6
CONTINUOUS
10
5.3314820472440942
20
-3.749133464566929
11
5.3315570472440941
21
-3.7490679133858267
0
LINE
8
BLACK
6
CONTINUOUS
10
5.3315570472440941
20
-3.7490679133858267
11
5.3320112598425196
21
-3.7489142913385827
0
LINE
8
BLACK
6
CONTINUOUS
10
5.3320112598425196
20
-3.7489142913385827
11
5.3324544881889766
21
-3.7487307086614172
0
LINE
8
BLACK
6
CONTINUOUS
10
5.3324544881889766
20
-3.7487307086614172
11
5.3325950393700783
21
-3.7487168503937007
0
LINE
8
BLACK
6
CONTINUOUS
10
5.3325950393700783
20
-3.7487168503937007
11
5.33264842519685
21
-3.7486988188976378
0
LINE
8
BLACK
6
CONTINUOUS
10
5.33264842519685
20
-3.7486988188976378
11
5.3327258661417325
21
-3.7487039763779526
0
LINE
8
BLACK
6
CONTINUOUS
10
5.3327258661417325
20
-3.7487039763779526
11
5.3330305511811025
21
-3.7486739763779529
0
LINE
8
BLACK
6
CONTINUOUS
10
5.3330305511811025
20
-3.7486739763779529
11
5.3574024803149607
21
-3.7486739763779529
0
LINE
8
BLACK
6
CONTINUOUS
10
5.3574024803149607
20
-3.7486739763779529
11
5.3579785433070866
21
-3.7487307086614172
0
LINE
8
BLACK
6
CONTINUOUS
10
5.374041102362205
20
-3.7491716141732283
11
5.3748557480314956
21
-3.7499862598425198
0
LINE
8
BLACK
6
CONTINUOUS
10
5.3748557480314956
20
-3.7499862598425198
11
5.3752966535433071
21
-3.7510506692913386
0
LINE
8
BLACK
6
CONTINUOUS
10
5.3752966535433071
20
-3.7510506692913386
11
5.3753533858267719
21
-3.7516267322834644
0
LINE
8
BLACK
6
CONTINUOUS
10
5.3753533858267719
20
-3.7516267322834644
11
5.3753533858267719
21
-3.7828006692913383
0
LINE
8
BLACK
6
CONTINUOUS
10
5.3753533858267719
20
-3.7828006692913383
11
5.3767021259842522
21
-3.7854981496062989
0
LINE
8
BLACK
6
CONTINUOUS
10
5.3767021259842522
20
-3.7854981496062989
11
5.377899251968504
21
-3.7866953149606299
0
LINE
8
BLACK
6
CONTINUOUS
10
5.377899251968504
20
-3.7866953149606299
11
5.3805967322834647
21
-3.7880440551181103
0
LINE
8
BLACK
6
CONTINUOUS
10
5.3805967322834647
20
-3.7880440551181103
11
5.3867016929133857
21
-3.7880440551181103
0
LINE
8
BLACK
6
CONTINUOUS
10
5.3867016929133857
20
-3.7880440551181103
11
5.3893991338582676
21
-3.7866953149606299
0
LINE
8
BLACK
6
CONTINUOUS
10
5.3893991338582676
20
-3.7866953149606299
11
5.3905962598425194
21
-3.7854981496062989
0
LINE
8
BLACK
6
CONTINUOUS
10
5.3905962598425194
20
-3.7854981496062989
11
5.3919450393700785
21
-3.7828006692913383
0
LINE
8
BLACK
6
CONTINUOUS
10
5.3919450393700785
20
-3.7828006692913383
11
5.3919450393700785
21
-3.7516267322834644
0
LINE
8
BLACK
6
CONTINUOUS
10
5.3919450393700785
20
-3.7516267322834644
11
5.3920017716535433
21
-3.7510506692913386
0
LINE
8
BLACK
6
CONTINUOUS
10
5.3920017716535433
20
-3.7510506692913386
11
5.392442677165354
21
-3.7499862598425198
0
LINE
8
BLACK
6
CONTINUOUS
10
5.392442677165354
20
-3.7499862598425198
11
5.3932573228346454
21
-3.7491716141732283
0
LINE
8
BLACK
6
CONTINUOUS
10
5.3932573228346454
20
-3.7491716141732283
11
5.3943217322834647
21
-3.7487307086614172
0
LINE
8
BLACK
6
CONTINUOUS
10
5.3943217322834647
20
-3.7487307086614172
11
5.3954738582677164
21
-3.7487307086614172
0
LINE
8
BLACK
6
CONTINUOUS
10
5.3954738582677164
20
-3.7487307086614172
11
5.3965382677165357
21
-3.7491716141732283
0
LINE
8
BLACK
6
CONTINUOUS
10
5.3965382677165357
20
-3.7491716141732283
11
5.3973529133858262
21
-3.7499862598425198
0
LINE
8
BLACK
6
CONTINUOUS
10
5.3973529133858262
20
-3.7499862598425198
11
5.3977938188976378
21
-3.7510506692913386
0
LINE
8
BLACK
6
CONTINUOUS
10
5.3977938188976378
20
-3.7510506692913386
11
5.3978505511811026
21
-3.7516267322834644
0
LINE
8
BLACK
6
CONTINUOUS
10
5.3978505511811026
20
-3.7516267322834644
11
5.3978505511811026
21
-3.7834977165354329
0
LINE
8
BLACK
6
CONTINUOUS
10
5.3978505511811026
20
-3.7834977165354329
11
5.3977938188976378
21
-3.7840737795275592
0
LINE
8
BLACK
6
CONTINUOUS
10
5.3977938188976378
20
-3.7840737795275592
11
5.3977532283464562
21
-3.7841717322834643
0
LINE
8
BLACK
6
CONTINUOUS
10
5.3977532283464562
20
-3.7841717322834643
11
5.3977457086614171
21
-3.7842776377952756
0
LINE
8
BLACK
6
CONTINUOUS
10
5.3977457086614171
20
-3.7842776377952756
11
5.3975388188976376
21
-3.7848182283464564
0
LINE
8
BLACK
6
CONTINUOUS
10
5.3975388188976376
20
-3.7848182283464564
11
5.3956640551181101
21
-3.7885677559055115
0
LINE
8
BLACK
6
CONTINUOUS
10
5.3956640551181101
20
-3.7885677559055115
11
5.3955079921259843
21
-3.7888156299212596
0
LINE
8
BLACK
6
CONTINUOUS
10
5.3955079921259843
20
-3.7888156299212596
11
5.3954781889763774
21
-3.7888876771653544
0
LINE
8
BLACK
6
CONTINUOUS
10
5.3954781889763774
20
-3.7888876771653544
11
5.3954116535433068
21
-3.7889687007874016
0
LINE
8
BLACK
6
CONTINUOUS
10
5.3954116535433068
20
-3.7889687007874016
11
5.395355708661417
21
-3.7890576377952754
0
LINE
8
BLACK
6
CONTINUOUS
10
5.395355708661417
20
-3.7890576377952754
11
5.3952966929133854
21
-3.7891087795275591
0
LINE
8
BLACK
6
CONTINUOUS
10
5.3952966929133854
20
-3.7891087795275591
11
5.3951109448818899
21
-3.7893351574803149
0
LINE
8
BLACK
6
CONTINUOUS
10
5.3951109448818899
20
-3.7893351574803149
11
5.3932362204724411
21
-3.7912099212598425
0
LINE
8
BLACK
6
CONTINUOUS
10
5.3932362204724411
20
-3.7912099212598425
11
5.3930098425196853
21
-3.7913956692913384
0
LINE
8
BLACK
6
CONTINUOUS
10
5.3930098425196853
20
-3.7913956692913384
11
5.3929586614173228
21
-3.7914547244094488
0
LINE
8
BLACK
6
CONTINUOUS
10
5.3929586614173228
20
-3.7914547244094488
11
5.3928696850393703
21
-3.7915107086614173
0
LINE
8
BLACK
6
CONTINUOUS
10
5.3928696850393703
20
-3.7915107086614173
11
5.3927887401574806
21
-3.7915771653543304
0
LINE
8
BLACK
6
CONTINUOUS
10
5.3927887401574806
20
-3.7915771653543304
11
5.3927167716535429
21
-3.7916069685039369
0
LINE
8
BLACK
6
CONTINUOUS
10
5.3927167716535429
20
-3.7916069685039369
11
5.392468779527559
21
-3.7917630708661418
0
LINE
8
BLACK
6
CONTINUOUS
10
5.392468779527559
20
-3.7917630708661418
11
5.3887192519685039
21
-3.7936378346456694
0
LINE
8
BLACK
6
CONTINUOUS
10
5.3887192519685039
20
-3.7936378346456694
11
5.3881786220472438
21
-3.7938447244094489
0
LINE
8
BLACK
6
CONTINUOUS
10
5.3881786220472438
20
-3.7938447244094489
11
5.3880727952755905
21
-3.7938522047244092
0
LINE
8
BLACK
6
CONTINUOUS
10
5.3880727952755905
20
-3.7938522047244092
11
5.3879748031496062
21
-3.7938928346456691
0
LINE
8
BLACK
6
CONTINUOUS
10
5.3879748031496062
20
-3.7938928346456691
11
5.3873987401574803
21
-3.7939495669291339
0
LINE
8
BLACK
6
CONTINUOUS
10
5.3873987401574803
20
-3.7939495669291339
11
5.3798996850393701
21
-3.7939495669291339
0
LINE
8
BLACK
6
CONTINUOUS
10
5.3798996850393701
20
-3.7939495669291339
11
5.3793236220472442
21
-3.7938928346456691
0
LINE
8
BLACK
6
CONTINUOUS
10
5.3793236220472442
20
-3.7938928346456691
11
5.37922562992126
21
-3.793852244094488
0
LINE
8
BLACK
6
CONTINUOUS
10
5.37922562992126
20
-3.793852244094488
11
5.3791197637795278
21
-3.7938447244094489
0
LINE
8
BLACK
6
CONTINUOUS
10
5.3791197637795278
20
-3.7938447244094489
11
5.3785791732283466
21
-3.7936378346456694
0
LINE
8
BLACK
6
CONTINUOUS
10
5.3785791732283466
20
-3.7936378346456694
11
5.3748296456692914
21
-3.7917630708661418
0
LINE
8
BLACK
6
CONTINUOUS
10
5.3748296456692914
20
-3.7917630708661418
11
5.3745816141732279
21
-3.7916069685039369
0
LINE
8
BLACK
6
CONTINUOUS
10
5.3745816141732279
20
-3.7916069685039369
11
5.3745096850393699
21
-3.7915771653543304
0
LINE
8
BLACK
6
CONTINUOUS
10
5.3745096850393699
20
-3.7915771653543304
11
5.3744287007874014
21
-3.7915107086614173
0
LINE
8
BLACK
6
CONTINUOUS
10
5.3744287007874014
20
-3.7915107086614173
11
5.3743397637795276
21
-3.7914547244094488
0
LINE
8
BLACK
6
CONTINUOUS
10
5.3743397637795276
20
-3.7914547244094488
11
5.3742885433070864
21
-3.7913956692913384
0
LINE
8
BLACK
6
CONTINUOUS
10
5.3742885433070864
20
-3.7913956692913384
11
5.3740622047244093
21
-3.7912099212598425
0
LINE
8
BLACK
6
CONTINUOUS
10
5.3740622047244093
20
-3.7912099212598425
11
5.3721874409448818
21
-3.7893351181102362
0
LINE
8
BLACK
6
CONTINUOUS
10
5.3721874409448818
20
-3.7893351181102362
11
5.3720016929133854
21
-3.7891087795275591
0
LINE
8
BLACK
6
CONTINUOUS
10
5.3720016929133854
20
-3.7891087795275591
11
5.3719427165354325
21
-3.7890576377952754
0
LINE
8
BLACK
6
CONTINUOUS
10
5.3719427165354325
20
-3.7890576377952754
11
5.371886732283464
21
-3.7889687007874016
0
LINE
8
BLACK
6
CONTINUOUS
10
5.371886732283464
20
-3.7889687007874016
11
5.3718202362204721
21
-3.7888876771653544
0
LINE
8
BLACK
6
CONTINUOUS
10
5.3718202362204721
20
-3.7888876771653544
11
5.3717903937007874
21
-3.7888156299212596
0
LINE
8
BLACK
6
CONTINUOUS
10
5.3717903937007874
20
-3.7888156299212596
11
5.3716343700787403
21
-3.7885677559055115
0
LINE
8
BLACK
6
CONTINUOUS
10
5.3716343700787403
20
-3.7885677559055115
11
5.3697596062992128
21
-3.7848182283464564
0
LINE
8
BLACK
6
CONTINUOUS
10
5.3697596062992128
20
-3.7848182283464564
11
5.3695527165354333
21
-3.7842775984251968
0
LINE
8
BLACK
6
CONTINUOUS
10
5.3695527165354333
20
-3.7842775984251968
11
5.3695451968503933
21
-3.784171771653543
0
LINE
8
BLACK
6
CONTINUOUS
10
5.3695451968503933
20
-3.784171771653543
11
5.3695046062992127
21
-3.7840737795275592
0
LINE
8
BLACK
6
CONTINUOUS
10
5.3695046062992127
20
-3.7840737795275592
11
5.3694478740157479
21
-3.7834977165354329
0
LINE
8
BLACK
6
CONTINUOUS
10
5.3694478740157479
20
-3.7834977165354329
11
5.3694478740157479
21
-3.7516267322834644
0
LINE
8
BLACK
6
CONTINUOUS
10
5.3694478740157479
20
-3.7516267322834644
11
5.3695046062992127
21
-3.7510506692913386
0
LINE
8
BLACK
6
CONTINUOUS
10
5.3695046062992127
20
-3.7510506692913386
11
5.3699455118110233
21
-3.7499862598425198
0
LINE
8
BLACK
6
CONTINUOUS
10
5.3699455118110233
20
-3.7499862598425198
11
5.3707601574803148
21
-3.7491716141732283
0
LINE
8
BLACK
6
CONTINUOUS
10
5.3707601574803148
20
-3.7491716141732283
11
5.371824566929134
21
-3.7487307086614172
0
LINE
8
BLACK
6
CONTINUOUS
10
5.371824566929134
20
-3.7487307086614172
11
5.3729766929133858
21
-3.7487307086614172
0
LINE
8
BLACK
6
CONTINUOUS
10
5.3729766929133858
20
-3.7487307086614172
11
5.374041102362205
21
-3.7491716141732283
0
LINE
8
BLACK
6
CONTINUOUS
10
5.1040420472440946
20
-3.7074661417322834
11
5.1048566929133861
21
-3.7082807874015749
0
LINE
8
BLACK
6
CONTINUOUS
10
5.1048566929133861
20
-3.7082807874015749
11
5.1052975984251967
21
-3.7093451968503937
0
LINE
8
BLACK
6
CONTINUOUS
10
5.1052975984251967
20
-3.7093451968503937
11
5.1053543307086615
21
-3.7099212598425195
0
LINE
8
BLACK
6
CONTINUOUS
10
5.1053543307086615
20
-3.7099212598425195
11
5.1053543307086615
21
-3.7699212598425196
0
LINE
8
BLACK
6
CONTINUOUS
10
5.1053543307086615
20
-3.7699212598425196
11
5.1052975984251967
21
-3.7704973228346454
0
LINE
8
BLACK
6
CONTINUOUS
10
5.1052975984251967
20
-3.7704973228346454
11
5.1048566929133861
21
-3.7715617322834647
0
LINE
8
BLACK
6
CONTINUOUS
10
5.1048566929133861
20
-3.7715617322834647
11
5.1040420472440946
21
-3.7723763779527557
0
LINE
8
BLACK
6
CONTINUOUS
10
5.1040420472440946
20
-3.7723763779527557
11
5.1029776377952754
21
-3.7728172834645668
0
LINE
8
BLACK
6
CONTINUOUS
10
5.1029776377952754
20
-3.7728172834645668
11
5.1018255118110236
21
-3.7728172834645668
0
LINE
8
BLACK
6
CONTINUOUS
10
5.1018255118110236
20
-3.7728172834645668
11
5.1007611023622044
21
-3.7723763779527557
0
LINE
8
BLACK
6
CONTINUOUS
10
5.1007611023622044
20
-3.7723763779527557
11
5.0999464566929129
21
-3.7715617322834647
0
LINE
8
BLACK
6
CONTINUOUS
10
5.0999464566929129
20
-3.7715617322834647
11
5.0995055511811023
21
-3.7704973228346454
0
LINE
8
BLACK
6
CONTINUOUS
10
5.0995055511811023
20
-3.7704973228346454
11
5.0994488188976375
21
-3.7699212598425196
0
LINE
8
BLACK
6
CONTINUOUS
10
5.0994488188976375
20
-3.7699212598425196
11
5.0994488188976375
21
-3.7099212598425195
0
LINE
8
BLACK
6
CONTINUOUS
10
5.0994488188976375
20
-3.7099212598425195
11
5.0995055511811023
21
-3.7093451968503937
0
LINE
8
BLACK
6
CONTINUOUS
10
5.0995055511811023
20
-3.7093451968503937
11
5.0999464566929129
21
-3.7082807874015749
0
LINE
8
BLACK
6
CONTINUOUS
10
5.0999464566929129
20
-3.7082807874015749
11
5.1007611023622044
21
-3.7074661417322834
0
LINE
8
BLACK
6
CONTINUOUS
10
5.1007611023622044
20
-3.7074661417322834
11
5.1018255118110236
21
-3.7070252362204723
0
LINE
8
BLACK
6
CONTINUOUS
10
5.1018255118110236
20
-3.7070252362204723
11
5.1029776377952754
21
-3.7070252362204723
0
LINE
8
BLACK
6
CONTINUOUS
10
5.1029776377952754
20
-3.7070252362204723
11
5.1040420472440946
21
-3.7074661417322834
0
LINE
8
BLACK
6
CONTINUOUS
10
5.2240420472440947
20
-3.7074661417322834
11
5.2248566929133853
21
-3.7082807874015749
0
LINE
8
BLACK
6
CONTINUOUS
10
5.2248566929133853
20
-3.7082807874015749
11
5.2252975984251968
21
-3.7093451968503937
0
LINE
8
BLACK
6
CONTINUOUS
10
5.2252975984251968
20
-3.7093451968503937
11
5.2253543307086616
21
-3.7099212598425195
0
LINE
8
BLACK
6
CONTINUOUS
10
5.2253543307086616
20
-3.7099212598425195
11
5.2253543307086616
21
-3.7699212598425196
0
LINE
8
BLACK
6
CONTINUOUS
10
5.2253543307086616
20
-3.7699212598425196
11
5.2252975984251968
21
-3.7704973228346454
0
LINE
8
BLACK
6
CONTINUOUS
10
5.2252975984251968
20
-3.7704973228346454
11
5.2248566929133853
21
-3.7715617322834647
0
LINE
8
BLACK
6
CONTINUOUS
10
5.2248566929133853
20
-3.7715617322834647
11
5.2240420472440947
21
-3.7723763779527557
0
LINE
8
BLACK
6
CONTINUOUS
10
5.2240420472440947
20
-3.7723763779527557
11
5.2229776377952755
21
-3.7728172834645668
0
LINE
8
BLACK
6
CONTINUOUS
10
5.2229776377952755
20
-3.7728172834645668
11
5.2218255118110237
21
-3.7728172834645668
0
LINE
8
BLACK
6
CONTINUOUS
10
5.2218255118110237
20
-3.7728172834645668
11
5.2207611023622045
21
-3.7723763779527557
0
LINE
8
BLACK
6
CONTINUOUS
10
5.2207611023622045
20
-3.7723763779527557
11
5.219946456692913
21
-3.7715617322834647
0
LINE
8
BLACK
6
CONTINUOUS
10
5.219946456692913
20
-3.7715617322834647
11
5.2195055511811024
21
-3.7704973228346454
0
LINE
8
BLACK
6
CONTINUOUS
10
5.2195055511811024
20
-3.7704973228346454
11
5.2194488188976376
21
-3.7699212598425196
0
LINE
8
BLACK
6
CONTINUOUS
10
5.2194488188976376
20
-3.7699212598425196
11
5.2194488188976376
21
-3.7099212598425195
0
LINE
8
BLACK
6
CONTINUOUS
10
5.2194488188976376
20
-3.7099212598425195
11
5.2195055511811024
21
-3.7093451968503937
0
LINE
8
BLACK
6
CONTINUOUS
10
5.2195055511811024
20
-3.7093451968503937
11
5.219946456692913
21
-3.7082807874015749
0
LINE
8
BLACK
6
CONTINUOUS
10
5.219946456692913
20
-3.7082807874015749
11
5.2207611023622045
21
-3.7074661417322834
0
LINE
8
BLACK
6
CONTINUOUS
10
5.2207611023622045
20
-3.7074661417322834
11
5.2218255118110237
21
-3.7070252362204723
0
LINE
8
BLACK
6
CONTINUOUS
10
5.2218255118110237
20
-3.7070252362204723
11
5.2229776377952755
21
-3.7070252362204723
0
LINE
8
BLACK
6
CONTINUOUS
10
5.2229776377952755
20
-3.7070252362204723
11
5.2240420472440947
21
-3.7074661417322834
0
LINE
8
BLACK
6
CONTINUOUS
10
5.1783055511811025
20
-3.7677388582677165
11
5.1795839763779528
21
-3.7690172834645668
0
LINE
8
BLACK
6
CONTINUOUS
10
5.1795839763779528
20
-3.7690172834645668
11
5.1795839763779528
21
-3.7708252362204724
0
LINE
8
BLACK
6
CONTINUOUS
10
5.1795839763779528
20
-3.7708252362204724
11
5.1783055511811025
21
-3.7721036614173227
0
LINE
8
BLACK
6
CONTINUOUS
10
5.1783055511811025
20
-3.7721036614173227
11
5.1774015748031497
21
-3.7722834645669292
0
LINE
8
BLACK
6
CONTINUOUS
10
5.1774015748031497
20
-3.7722834645669292
11
5.1474015748031494
21
-3.7722834645669292
0
LINE
8
BLACK
6
CONTINUOUS
10
5.1474015748031494
20
-3.7722834645669292
11
5.1464975984251966
21
-3.7721036614173227
0
LINE
8
BLACK
6
CONTINUOUS
10
5.1464975984251966
20
-3.7721036614173227
11
5.1452191732283463
21
-3.7708252362204724
0
LINE
8
BLACK
6
CONTINUOUS
10
5.1452191732283463
20
-3.7708252362204724
11
5.1452191732283463
21
-3.7690172834645668
0
LINE
8
BLACK
6
CONTINUOUS
10
5.1452191732283463
20
-3.7690172834645668
11
5.1464975984251966
21
-3.7677388582677165
0
LINE
8
BLACK
6
CONTINUOUS
10
5.1464975984251966
20
-3.7677388582677165
11
5.1474015748031494
21
-3.76755905511811
0
LINE
8
BLACK
6
CONTINUOUS
10
5.1474015748031494
20
-3.76755905511811
11
5.1774015748031497
21
-3.76755905511811
0
LINE
8
BLACK
6
CONTINUOUS
10
5.1774015748031497
20
-3.76755905511811
11
5.1783055511811025
21
-3.7677388582677165
0
LINE
8
BLACK
6
CONTINUOUS
10
5.8654776377952755
20
-3.7645252362204724
11
5.8665420472440948
21
-3.7649661417322835
0
LINE
8
BLACK
6
CONTINUOUS
10
5.8665420472440948
20
-3.7649661417322835
11
5.8673566929133854
21
-3.7657807874015745
0
LINE
8
BLACK
6
CONTINUOUS
10
5.8673566929133854
20
-3.7657807874015745
11
5.8677975984251969
21
-3.7668451968503938
0
LINE
8
BLACK
6
CONTINUOUS
10
5.8677975984251969
20
-3.7668451968503938
11
5.8677975984251969
21
-3.7679973228346455
0
LINE
8
BLACK
6
CONTINUOUS
10
5.8677975984251969
20
-3.7679973228346455
11
5.8673566929133854
21
-3.7690617322834643
0
LINE
8
BLACK
6
CONTINUOUS
10
5.8673566929133854
20
-3.7690617322834643
11
5.8665420472440948
21
-3.7698763779527558
0
LINE
8
BLACK
6
CONTINUOUS
10
5.8665420472440948
20
-3.7698763779527558
11
5.8654776377952755
21
-3.7703172834645668
0
LINE
8
BLACK
6
CONTINUOUS
10
5.8654776377952755
20
-3.7703172834645668
11
5.8649015748031497
21
-3.7703740157480312
0
LINE
8
BLACK
6
CONTINUOUS
10
5.8649015748031497
20
-3.7703740157480312
11
5.8049015748031492
21
-3.7703740157480312
0
LINE
8
BLACK
6
CONTINUOUS
10
5.8049015748031492
20
-3.7703740157480312
11
5.8043255118110233
21
-3.7703172834645668
0
LINE
8
BLACK
6
CONTINUOUS
10
5.8043255118110233
20
-3.7703172834645668
11
5.8032611023622049
21
-3.7698763779527558
0
LINE
8
BLACK
6
CONTINUOUS
10
5.8032611023622049
20
-3.7698763779527558
11
5.8024464566929135
21
-3.7690617322834643
0
LINE
8
BLACK
6
CONTINUOUS
10
5.8024464566929135
20
-3.7690617322834643
11
5.8020055511811019
21
-3.7679973228346455
0
LINE
8
BLACK
6
CONTINUOUS
10
5.8020055511811019
20
-3.7679973228346455
11
5.8020055511811019
21
-3.7668451968503938
0
LINE
8
BLACK
6
CONTINUOUS
10
5.8020055511811019
20
-3.7668451968503938
11
5.8024464566929135
21
-3.7657807874015745
0
LINE
8
BLACK
6
CONTINUOUS
10
5.8024464566929135
20
-3.7657807874015745
11
5.8032611023622049
21
-3.7649661417322835
0
LINE
8
BLACK
6
CONTINUOUS
10
5.8032611023622049
20
-3.7649661417322835
11
5.8043255118110233
21
-3.7645252362204724
0
LINE
8
BLACK
6
CONTINUOUS
10
5.8043255118110233
20
-3.7645252362204724
11
5.8049015748031492
21
-3.7644685039370076
0
LINE
8
BLACK
6
CONTINUOUS
10
5.8049015748031492
20
-3.7644685039370076
11
5.8649015748031497
21
-3.7644685039370076
0
LINE
8
BLACK
6
CONTINUOUS
10
5.8649015748031497
20
-3.7644685039370076
11
5.8654776377952755
21
-3.7645252362204724
0
LINE
8
BLACK
6
CONTINUOUS
10
5.7754776377952757
20
-3.7595252362204725
11
5.776542047244094
21
-3.7599661417322832
0
LINE
8
BLACK
6
CONTINUOUS
10
5.776542047244094
20
-3.7599661417322832
11
5.7773566929133855
21
-3.7607807874015746
0
LINE
8
BLACK
6
CONTINUOUS
10
5.7773566929133855
20
-3.7607807874015746
11
5.777797598425197
21
-3.7618451968503934
0
LINE
8
BLACK
6
CONTINUOUS
10
5.777797598425197
20
-3.7618451968503934
11
5.777797598425197
21
-3.7629973228346456
0
LINE
8
BLACK
6
CONTINUOUS
10
5.777797598425197
20
-3.7629973228346456
11
5.7773566929133855
21
-3.7640617322834644
0
LINE
8
BLACK
6
CONTINUOUS
10
5.7773566929133855
20
-3.7640617322834644
11
5.776542047244094
21
-3.7648763779527559
0
LINE
8
BLACK
6
CONTINUOUS
10
5.776542047244094
20
-3.7648763779527559
11
5.7754776377952757
21
-3.765317283464567
0
LINE
8
BLACK
6
CONTINUOUS
10
5.7754776377952757
20
-3.765317283464567
11
5.7749015748031498
21
-3.7653740157480313
0
LINE
8
BLACK
6
CONTINUOUS
10
5.7749015748031498
20
-3.7653740157480313
11
5.7149015748031493
21
-3.7653740157480313
0
LINE
8
BLACK
6
CONTINUOUS
10
5.7149015748031493
20
-3.7653740157480313
11
5.7143255118110234
21
-3.765317283464567
0
LINE
8
BLACK
6
CONTINUOUS
10
5.7143255118110234
20
-3.765317283464567
11
5.7132611023622042
21
-3.7648763779527559
0
LINE
8
BLACK
6
CONTINUOUS
10
5.7132611023622042
20
-3.7648763779527559
11
5.7124464566929136
21
-3.7640617322834644
0
LINE
8
BLACK
6
CONTINUOUS
10
5.7124464566929136
20
-3.7640617322834644
11
5.7120055511811021
21
-3.7629973228346456
0
LINE
8
BLACK
6
CONTINUOUS
10
5.7120055511811021
20
-3.7629973228346456
11
5.7120055511811021
21
-3.7618451968503934
0
LINE
8
BLACK
6
CONTINUOUS
10
5.7120055511811021
20
-3.7618451968503934
11
5.7124464566929136
21
-3.7607807874015746
0
LINE
8
BLACK
6
CONTINUOUS
10
5.7124464566929136
20
-3.7607807874015746
11
5.7132611023622042
21
-3.7599661417322832
0
LINE
8
BLACK
6
CONTINUOUS
10
5.7132611023622042
20
-3.7599661417322832
11
5.7143255118110234
21
-3.7595252362204725
0
LINE
8
BLACK
6
CONTINUOUS
10
5.7143255118110234
20
-3.7595252362204725
11
5.7149015748031493
21
-3.7594685039370077
0
LINE
8
BLACK
6
CONTINUOUS
10
5.7149015748031493
20
-3.7594685039370077
11
5.7749015748031498
21
-3.7594685039370077
0
LINE
8
BLACK
6
CONTINUOUS
10
5.7749015748031498
20
-3.7594685039370077
11
5.7754776377952757
21
-3.7595252362204725
0
LINE
8
BLACK
6
CONTINUOUS
10
6.0908575984251971
20
-3.7185929133858266
11
6.0911468897637793
21
-3.7185929133858266
0
LINE
8
BLACK
6
CONTINUOUS
10
6.0911468897637793
20
-3.7185929133858266
11
6.0914169685039372
21
-3.7187047637795274
0
LINE
8
BLACK
6
CONTINUOUS
10
6.0914169685039372
20
-3.7187047637795274
11
6.0917036220472438
21
-3.7187621259842518
0
LINE
8
BLACK
6
CONTINUOUS
10
6.0917036220472438
20
-3.7187621259842518
11
6.0919439763779524
21
-3.7189230708661416
0
LINE
8
BLACK
6
CONTINUOUS
10
6.0919439763779524
20
-3.7189230708661416
11
6.0922112992125985
21
-3.7190338188976377
0
LINE
8
BLACK
6
CONTINUOUS
10
6.0922112992125985
20
-3.7190338188976377
11
6.0924179921259842
21
-3.7192405118110234
0
LINE
8
BLACK
6
CONTINUOUS
10
6.0924179921259842
20
-3.7192405118110234
11
6.0926609055118108
21
-3.7194031889763779
0
LINE
8
BLACK
6
CONTINUOUS
10
6.0926609055118108
20
-3.7194031889763779
11
6.0930238976377948
21
-3.7198464173228345
0
LINE
8
BLACK
6
CONTINUOUS
10
6.0930238976377948
20
-3.7198464173228345
11
6.09302594488189
21
-3.7198484645669292
0
LINE
8
BLACK
6
CONTINUOUS
10
6.09302594488189
20
-3.7198484645669292
11
6.0930262992125979
21
-3.7198493307086613
0
LINE
8
BLACK
6
CONTINUOUS
10
6.0930262992125979
20
-3.7198493307086613
11
6.0930276771653542
21
-3.7198510236220472
0
LINE
8
BLACK
6
CONTINUOUS
10
6.0930276771653542
20
-3.7198510236220472
11
6.0966149999999999
21
-3.7252320472440945
0
LINE
8
BLACK
6
CONTINUOUS
10
6.0966149999999999
20
-3.7252320472440945
11
6.0998189763779527
21
-3.7284360236220473
0
LINE
8
BLACK
6
CONTINUOUS
10
6.0998189763779527
20
-3.7284360236220473
11
6.1031399212598423
21
-3.7300964960629921
0
LINE
8
BLACK
6
CONTINUOUS
10
6.1031399212598423
20
-3.7300964960629921
11
6.1036298031496061
21
-3.7304048425196847
0
LINE
8
BLACK
6
CONTINUOUS
10
6.1036298031496061
20
-3.7304048425196847
11
6.104384645669291
21
-3.7312752362204722
0
LINE
8
BLACK
6
CONTINUOUS
10
6.104384645669291
20
-3.7312752362204722
11
6.1047489763779526
21
-3.7323681889763778
0
LINE
8
BLACK
6
CONTINUOUS
10
6.1047489763779526
20
-3.7323681889763778
11
6.1046673228346453
21
-3.7335174015748032
0
LINE
8
BLACK
6
CONTINUOUS
10
6.1046673228346453
20
-3.7335174015748032
11
6.104152047244094
21
-3.7345479133858266
0
LINE
8
BLACK
6
CONTINUOUS
10
6.104152047244094
20
-3.7345479133858266
11
6.1032816929133853
21
-3.7353027559055119
0
LINE
8
BLACK
6
CONTINUOUS
10
6.1032816929133853
20
-3.7353027559055119
11
6.1021887007874014
21
-3.735667086614173
0
LINE
8
BLACK
6
CONTINUOUS
10
6.1021887007874014
20
-3.735667086614173
11
6.1010394881889765
21
-3.7355854330708662
0
LINE
8
BLACK
6
CONTINUOUS
10
6.1010394881889765
20
-3.7355854330708662
11
6.1004988976377952
21
-3.7353785433070867
0
LINE
8
BLACK
6
CONTINUOUS
10
6.1004988976377952
20
-3.7353785433070867
11
6.0967493700787401
21
-3.7335037795275592
0
LINE
8
BLACK
6
CONTINUOUS
10
6.0967493700787401
20
-3.7335037795275592
11
6.0965015354330712
21
-3.7333477559055117
0
LINE
8
BLACK
6
CONTINUOUS
10
6.0965015354330712
20
-3.7333477559055117
11
6.0964294094488185
21
-3.7333179133858265
0
LINE
8
BLACK
6
CONTINUOUS
10
6.0964294094488185
20
-3.7333179133858265
11
6.0963482283464563
21
-3.7332512992125984
0
LINE
8
BLACK
6
CONTINUOUS
10
6.0963482283464563
20
-3.7332512992125984
11
6.0962594881889762
21
-3.7331954330708661
0
LINE
8
BLACK
6
CONTINUOUS
10
6.0962594881889762
20
-3.7331954330708661
11
6.0962083464566925
21
-3.733136496062992
0
LINE
8
BLACK
6
CONTINUOUS
10
6.0962083464566925
20
-3.733136496062992
11
6.0959819685039367
21
-3.7329506692913386
0
LINE
8
BLACK
6
CONTINUOUS
10
6.0959819685039367
20
-3.7329506692913386
11
6.0935235826771654
21
-3.7304922834645668
0
LINE
8
BLACK
6
CONTINUOUS
10
6.0935235826771654
20
-3.7304922834645668
11
6.0935235826771654
21
-3.7579062598425197
0
LINE
8
BLACK
6
CONTINUOUS
10
6.0935235826771654
20
-3.7579062598425197
11
6.1018194094488187
21
-3.7579062598425197
0
LINE
8
BLACK
6
CONTINUOUS
10
6.1018194094488187
20
-3.7579062598425197
11
6.1023954724409446
21
-3.7579629921259841
0
LINE
8
BLACK
6
CONTINUOUS
10
6.1023954724409446
20
-3.7579629921259841
11
6.1034598818897638
21
-3.7584038976377951
0
LINE
8
BLACK
6
CONTINUOUS
10
6.1034598818897638
20
-3.7584038976377951
11
6.1042745275590553
21
-3.7592185433070866
0
LINE
8
BLACK
6
CONTINUOUS
10
6.1042745275590553
20
-3.7592185433070866
11
6.1047154330708659
21
-3.7602829527559054
0
LINE
8
BLACK
6
CONTINUOUS
10
6.1047154330708659
20
-3.7602829527559054
11
6.1047154330708659
21
-3.7614350787401576
0
LINE
8
BLACK
6
CONTINUOUS
10
6.1047154330708659
20
-3.7614350787401576
11
6.1042745275590553
21
-3.7624994881889764
0
LINE
8
BLACK
6
CONTINUOUS
10
6.1042745275590553
20
-3.7624994881889764
11
6.1034598818897638
21
-3.7633141338582679
0
LINE
8
BLACK
6
CONTINUOUS
10
6.1034598818897638
20
-3.7633141338582679
11
6.1023954724409446
21
-3.7637550393700785
0
LINE
8
BLACK
6
CONTINUOUS
10
6.1023954724409446
20
-3.7637550393700785
11
6.1018194094488187
21
-3.7638117716535433
0
LINE
8
BLACK
6
CONTINUOUS
10
6.1018194094488187
20
-3.7638117716535433
11
6.0793222440944881
21
-3.7638117716535433
0
LINE
8
BLACK
6
CONTINUOUS
10
6.0793222440944881
20
-3.7638117716535433
11
6.0787461811023622
21
-3.7637550393700785
0
LINE
8
BLACK
6
CONTINUOUS
10
6.0787461811023622
20
-3.7637550393700785
11
6.077681771653543
21
-3.7633141338582679
0
LINE
8
BLACK
6
CONTINUOUS
10
6.077681771653543
20
-3.7633141338582679
11
6.0768671259842515
21
-3.7624994881889764
0
LINE
8
BLACK
6
CONTINUOUS
10
6.0768671259842515
20
-3.7624994881889764
11
6.0764262204724409
21
-3.7614350787401576
0
LINE
8
BLACK
6
CONTINUOUS
10
6.0764262204724409
20
-3.7614350787401576
11
6.0764262204724409
21
-3.7602829527559054
0
LINE
8
BLACK
6
CONTINUOUS
10
6.0764262204724409
20
-3.7602829527559054
11
6.0768671259842515
21
-3.7592185433070866
0
LINE
8
BLACK
6
CONTINUOUS
10
6.0768671259842515
20
-3.7592185433070866
11
6.077681771653543
21
-3.7584038976377951
0
LINE
8
BLACK
6
CONTINUOUS
10
6.077681771653543
20
-3.7584038976377951
11
6.0787461811023622
21
-3.7579629921259841
0
LINE
8
BLACK
6
CONTINUOUS
10
6.0787461811023622
20
-3.7579629921259841
11
6.0793222440944881
21
-3.7579062598425197
0
LINE
8
BLACK
6
CONTINUOUS
10
6.0793222440944881
20
-3.7579062598425197
11
6.0876180708661414
21
-3.7579062598425197
0
LINE
8
BLACK
6
CONTINUOUS
10
6.0876180708661414
20
-3.7579062598425197
11
6.0876180708661414
21
-3.7214889370078739
0
LINE
8
BLACK
6
CONTINUOUS
10
6.0876180708661414
20
-3.7214889370078739
11
6.0876182677165351
21
-3.7214868503937009
0
LINE
8
BLACK
6
CONTINUOUS
10
6.0876182677165351
20
-3.7214868503937009
11
6.0876180708661414
21
-3.7214858267716533
0
LINE
8
BLACK
6
CONTINUOUS
10
6.0876180708661414
20
-3.7214858267716533
11
6.0876186614173227
21
-3.7214827952755907
0
LINE
8
BLACK
6
CONTINUOUS
10
6.0876186614173227
20
-3.7214827952755907
11
6.0876748031496062
21
-3.720912874015748
0
LINE
8
BLACK
6
CONTINUOUS
10
6.0876748031496062
20
-3.720912874015748
11
6.0877866535433069
21
-3.7206427559055117
0
LINE
8
BLACK
6
CONTINUOUS
10
6.0877866535433069
20
-3.7206427559055117
11
6.0878440157480318
21
-3.7203561417322835
0
LINE
8
BLACK
6
CONTINUOUS
10
6.0878440157480318
20
-3.7203561417322835
11
6.0880049606299211
21
-3.7201157480314961
0
LINE
8
BLACK
6
CONTINUOUS
10
6.0880049606299211
20
-3.7201157480314961
11
6.0881157086614168
21
-3.7198484645669292
0
LINE
8
BLACK
6
CONTINUOUS
10
6.0881157086614168
20
-3.7198484645669292
11
6.0883224015748034
21
-3.7196417322834643
0
LINE
8
BLACK
6
CONTINUOUS
10
6.0883224015748034
20
-3.7196417322834643
11
6.088485078740157
21
-3.7193988582677164
0
LINE
8
BLACK
6
CONTINUOUS
10
6.088485078740157
20
-3.7193988582677164
11
6.0887257874015743
21
-3.7192383464566929
0
LINE
8
BLACK
6
CONTINUOUS
10
6.0887257874015743
20
-3.7192383464566929
11
6.0889303543307083
21
-3.7190338188976377
0
LINE
8
BLACK
6
CONTINUOUS
10
6.0889303543307083
20
-3.7190338188976377
11
6.0892004330708662
21
-3.7189219291338582
0
LINE
8
BLACK
6
CONTINUOUS
10
6.0892004330708662
20
-3.7189219291338582
11
6.0894437007874016
21
-3.7187597637795275
0
LINE
8
BLACK
6
CONTINUOUS
10
6.0894437007874016
20
-3.7187597637795275
11
6.0897274803149601
21
-3.718703622047244
0
LINE
8
BLACK
6
CONTINUOUS
10
6.0897274803149601
20
-3.718703622047244
11
6.0899947637795275
21
-3.7185929133858266
0
LINE
8
BLACK
6
CONTINUOUS
10
6.0899947637795275
20
-3.7185929133858266
11
6.0902871653543302
21
-3.7185929133858266
0
LINE
8
BLACK
6
CONTINUOUS
10
6.0902871653543302
20
-3.7185929133858266
11
6.090573937007874
21
-3.7185361811023623
0
LINE
8
BLACK
6
CONTINUOUS
10
6.090573937007874
20
-3.7185361811023623
11
6.0908575984251971
21
-3.7185929133858266
0
LINE
8
BLACK
6
CONTINUOUS
10
6.1283576771653543
20
-3.7185648818897636
11
6.1284354330708659
21
-3.71855937007874
0
LINE
8
BLACK
6
CONTINUOUS
10
6.1284354330708659
20
-3.71855937007874
11
6.1285376771653546
21
-3.7185825984251966
0
LINE
8
BLACK
6
CONTINUOUS
10
6.1285376771653546
20
-3.7185825984251966
11
6.1286422047244091
21
-3.7185929133858266
0
LINE
8
BLACK
6
CONTINUOUS
10
6.1286422047244091
20
-3.7185929133858266
11
6.1287142913385821
21
-3.7186227559055118
0
LINE
8
BLACK
6
CONTINUOUS
10
6.1287142913385821
20
-3.7186227559055118
11
6.1289998818897633
21
-3.7186877165354328
0
LINE
8
BLACK
6
CONTINUOUS
10
6.1289998818897633
20
-3.7186877165354328
11
6.134624173228346
21
-3.7205624803149604
0
LINE
8
BLACK
6
CONTINUOUS
10
6.134624173228346
20
-3.7205624803149604
11
6.1351527165354334
21
-3.7207984645669292
0
LINE
8
BLACK
6
CONTINUOUS
10
6.1351527165354334
20
-3.7207984645669292
11
6.1352328346456693
21
-3.7208679527559054
0
LINE
8
BLACK
6
CONTINUOUS
10
6.1352328346456693
20
-3.7208679527559054
11
6.135330905511811
21
-3.7209085826771653
0
LINE
8
BLACK
6
CONTINUOUS
10
6.135330905511811
20
-3.7209085826771653
11
6.1357783464566928
21
-3.7212757874015745
0
LINE
8
BLACK
6
CONTINUOUS
10
6.1357783464566928
20
-3.7212757874015745
11
6.139527874015748
21
-3.7250253149606301
0
LINE
8
BLACK
6
CONTINUOUS
10
6.139527874015748
20
-3.7250253149606301
11
6.1397137007874019
21
-3.7252516929133859
0
LINE
8
BLACK
6
CONTINUOUS
10
6.1397137007874019
20
-3.7252516929133859
11
6.139772637795275
21
-3.7253028346456691
0
LINE
8
BLACK
6
CONTINUOUS
10
6.139772637795275
20
-3.7253028346456691
11
6.1398285039370073
21
-3.7253915748031496
0
LINE
8
BLACK
6
CONTINUOUS
10
6.1398285039370073
20
-3.7253915748031496
11
6.1398951181102364
21
-3.7254727559055119
0
LINE
8
BLACK
6
CONTINUOUS
10
6.1398951181102364
20
-3.7254727559055119
11
6.1399249606299211
21
-3.7255448818897636
0
LINE
8
BLACK
6
CONTINUOUS
10
6.1399249606299211
20
-3.7255448818897636
11
6.1400809842519681
21
-3.725792716535433
0
LINE
8
BLACK
6
CONTINUOUS
10
6.1400809842519681
20
-3.725792716535433
11
6.1419557480314957
21
-3.7295422440944881
0
LINE
8
BLACK
6
CONTINUOUS
10
6.1419557480314957
20
-3.7295422440944881
11
6.1419718503937011
21
-3.7295843307086614
0
LINE
8
BLACK
6
CONTINUOUS
10
6.1419718503937011
20
-3.7295843307086614
11
6.1419845669291337
21
-3.7296014960629922
0
LINE
8
BLACK
6
CONTINUOUS
10
6.1419845669291337
20
-3.7296014960629922
11
6.1420706299212595
21
-3.7298424015748028
0
LINE
8
BLACK
6
CONTINUOUS
10
6.1420706299212595
20
-3.7298424015748028
11
6.1421626377952752
21
-3.7300828346456694
0
LINE
8
BLACK
6
CONTINUOUS
10
6.1421626377952752
20
-3.7300828346456694
11
6.1421641338582678
21
-3.7301040944881887
0
LINE
8
BLACK
6
CONTINUOUS
10
6.1421641338582678
20
-3.7301040944881887
11
6.142179330708661
21
-3.7301466141732282
0
LINE
8
BLACK
6
CONTINUOUS
10
6.142179330708661
20
-3.7301466141732282
11
6.1440540944881885
21
-3.7376456692913385
0
LINE
8
BLACK
6
CONTINUOUS
10
6.1440540944881885
20
-3.7376456692913385
11
6.1440688582677163
21
-3.7377455118110237
0
LINE
8
BLACK
6
CONTINUOUS
10
6.1440688582677163
20
-3.7377455118110237
11
6.1440855118110234
21
-3.737785748031496
0
LINE
8
BLACK
6
CONTINUOUS
10
6.1440855118110234
20
-3.737785748031496
11
6.1441068503937011
21
-3.7380027559055118
0
LINE
8
BLACK
6
CONTINUOUS
10
6.1441068503937011
20
-3.7380027559055118
11
6.1441387401574801
21
-3.7382182677165354
0
LINE
8
BLACK
6
CONTINUOUS
10
6.1441387401574801
20
-3.7382182677165354
11
6.1441323228346452
21
-3.7382612598425196
0
LINE
8
BLACK
6
CONTINUOUS
10
6.1441323228346452
20
-3.7382612598425196
11
6.1441422440944882
21
-3.7383618110236219
0
LINE
8
BLACK
6
CONTINUOUS
10
6.1441422440944882
20
-3.7383618110236219
11
6.1441422440944882
21
-3.7439861023622045
0
LINE
8
BLACK
6
CONTINUOUS
10
6.1441422440944882
20
-3.7439861023622045
11
6.1441323228346452
21
-3.7440866141732281
0
LINE
8
BLACK
6
CONTINUOUS
10
6.1441323228346452
20
-3.7440866141732281
11
6.1441387401574801
21
-3.7441296456692914
0
LINE
8
BLACK
6
CONTINUOUS
10
6.1441387401574801
20
-3.7441296456692914
11
6.1441068503937011
21
-3.7443451181102363
0
LINE
8
BLACK
6
CONTINUOUS
10
6.1441068503937011
20
-3.7443451181102363
11
6.1440855118110234
21
-3.7445621653543308
0
LINE
8
BLACK
6
CONTINUOUS
10
6.1440855118110234
20
-3.7445621653543308
11
6.1440688582677163
21
-3.7446023622047244
0
LINE
8
BLACK
6
CONTINUOUS
10
6.1440688582677163
20
-3.7446023622047244
11
6.1440540944881885
21
-3.7447022440944879
0
LINE
8
BLACK
6
CONTINUOUS
10
6.1440540944881885
20
-3.7447022440944879
11
6.142179330708661
21
-3.7522012992125982
0
LINE
8
BLACK
6
CONTINUOUS
10
6.142179330708661
20
-3.7522012992125982
11
6.1421641338582678
21
-3.7522437795275589
0
LINE
8
BLACK
6
CONTINUOUS
10
6.1421641338582678
20
-3.7522437795275589
11
6.1421626377952752
21
-3.7522650787401575
0
LINE
8
BLACK
6
CONTINUOUS
10
6.1421626377952752
20
-3.7522650787401575
11
6.142070866141732
21
-3.752504803149606
0
LINE
8
BLACK
6
CONTINUOUS
10
6.142070866141732
20
-3.752504803149606
11
6.1419845669291337
21
-3.7527464173228346
0
LINE
8
BLACK
6
CONTINUOUS
10
6.1419845669291337
20
-3.7527464173228346
11
6.1419718503937011
21
-3.7527635433070867
0
LINE
8
BLACK
6
CONTINUOUS
10
6.1419718503937011
20
-3.7527635433070867
11
6.1419557480314957
21
-3.7528056692913383
0
LINE
8
BLACK
6
CONTINUOUS
10
6.1419557480314957
20
-3.7528056692913383
11
6.1400809842519681
21
-3.7565551968503934
0
LINE
8
BLACK
6
CONTINUOUS
10
6.1400809842519681
20
-3.7565551968503934
11
6.1399249212598423
21
-3.7568030708661415
0
LINE
8
BLACK
6
CONTINUOUS
10
6.1399249212598423
20
-3.7568030708661415
11
6.1398951181102364
21
-3.7568751181102362
0
LINE
8
BLACK
6
CONTINUOUS
10
6.1398951181102364
20
-3.7568751181102362
11
6.1398285826771648
21
-3.7569561417322834
0
LINE
8
BLACK
6
CONTINUOUS
10
6.1398285826771648
20
-3.7569561417322834
11
6.139772637795275
21
-3.7570450787401573
0
LINE
8
BLACK
6
CONTINUOUS
10
6.139772637795275
20
-3.7570450787401573
11
6.1397136220472444
21
-3.757096220472441
0
LINE
8
BLACK
6
CONTINUOUS
10
6.1397136220472444
20
-3.757096220472441
11
6.1395279133858267
21
-3.757322559055118
0
LINE
8
BLACK
6
CONTINUOUS
10
6.1395279133858267
20
-3.757322559055118
11
6.1357783464566928
21
-3.7610721653543306
0
LINE
8
BLACK
6
CONTINUOUS
10
6.1357783464566928
20
-3.7610721653543306
11
6.135330905511811
21
-3.7614393700787399
0
LINE
8
BLACK
6
CONTINUOUS
10
6.135330905511811
20
-3.7614393700787399
11
6.1352328346456693
21
-3.761479960629921
0
LINE
8
BLACK
6
CONTINUOUS
10
6.1352328346456693
20
-3.761479960629921
11
6.1351527165354334
21
-3.7615494881889764
0
LINE
8
BLACK
6
CONTINUOUS
10
6.1351527165354334
20
-3.7615494881889764
11
6.134624173228346
21
-3.7617854724409447
0
LINE
8
BLACK
6
CONTINUOUS
10
6.134624173228346
20
-3.7617854724409447
11
6.1289998818897633
21
-3.7636602362204723
0
LINE
8
BLACK
6
CONTINUOUS
10
6.1289998818897633
20
-3.7636602362204723
11
6.1287142913385821
21
-3.763725157480315
0
LINE
8
BLACK
6
CONTINUOUS
10
6.1287142913385821
20
-3.763725157480315
11
6.1286422047244091
21
-3.7637550393700785
0
LINE
8
BLACK
6
CONTINUOUS
10
6.1286422047244091
20
-3.7637550393700785
11
6.1285376771653546
21
-3.7637653149606298
0
LINE
8
BLACK
6
CONTINUOUS
10
6.1285376771653546
20
-3.7637653149606298
11
6.1284354330708659
21
-3.7637885826771651
0
LINE
8
BLACK
6
CONTINUOUS
10
6.1284354330708659
20
-3.7637885826771651
11
6.1283576771653543
21
-3.7637830314960627
0
LINE
8
BLACK
6
CONTINUOUS
10
6.1283576771653543
20
-3.7637830314960627
11
6.1280661417322833
21
-3.7638117716535433
0
LINE
8
BLACK
6
CONTINUOUS
10
6.1280661417322833
20
-3.7638117716535433
11
6.1243166141732281
21
-3.7638117716535433
0
LINE
8
BLACK
6
CONTINUOUS
10
6.1243166141732281
20
-3.7638117716535433
11
6.1240249999999996
21
-3.7637830314960627
0
LINE
8
BLACK
6
CONTINUOUS
10
6.1240249999999996
20
-3.7637830314960627
11
6.1239472834645667
21
-3.7637885826771651
0
LINE
8
BLACK
6
CONTINUOUS
10
6.1239472834645667
20
-3.7637885826771651
11
6.1238450000000002
21
-3.7637653149606298
0
LINE
8
BLACK
6
CONTINUOUS
10
6.1238450000000002
20
-3.7637653149606298
11
6.1237405511811023
21
-3.7637550393700785
0
LINE
8
BLACK
6
CONTINUOUS
10
6.1237405511811023
20
-3.7637550393700785
11
6.1236684645669293
21
-3.763725157480315
0
LINE
8
BLACK
6
CONTINUOUS
10
6.1236684645669293
20
-3.763725157480315
11
6.1233828346456693
21
-3.7636602362204723
0
LINE
8
BLACK
6
CONTINUOUS
10
6.1233828346456693
20
-3.7636602362204723
11
6.1177585826771654
21
-3.7617854724409447
0
LINE
8
BLACK
6
CONTINUOUS
10
6.1177585826771654
20
-3.7617854724409447
11
6.1172300000000002
21
-3.7615494881889764
0
LINE
8
BLACK
6
CONTINUOUS
10
6.1172300000000002
20
-3.7615494881889764
11
6.1171498031496059
21
-3.7614799212598427
0
LINE
8
BLACK
6
CONTINUOUS
10
6.1171498031496059
20
-3.7614799212598427
11
6.1170518503937004
21
-3.7614393700787399
0
LINE
8
BLACK
6
CONTINUOUS
10
6.1170518503937004
20
-3.7614393700787399
11
6.1166043700787398
21
-3.7610721259842519
0
LINE
8
BLACK
6
CONTINUOUS
10
6.1166043700787398
20
-3.7610721259842519
11
6.1147296062992123
21
-3.7591973228346456
0
LINE
8
BLACK
6
CONTINUOUS
10
6.1147296062992123
20
-3.7591973228346456
11
6.1143624015748026
21
-3.7587498818897638
0
LINE
8
BLACK
6
CONTINUOUS
10
6.1143624015748026
20
-3.7587498818897638
11
6.1139215354330707
21
-3.757685472440945
0
LINE
8
BLACK
6
CONTINUOUS
10
6.1139215354330707
20
-3.757685472440945
11
6.1139215354330707
21
-3.7565333858267715
0
LINE
8
BLACK
6
CONTINUOUS
10
6.1139215354330707
20
-3.7565333858267715
11
6.1143624409448813
21
-3.7554689763779527
0
LINE
8
BLACK
6
CONTINUOUS
10
6.1143624409448813
20
-3.7554689763779527
11
6.1151771259842516
21
-3.7546542913385825
0
LINE
8
BLACK
6
CONTINUOUS
10
6.1151771259842516
20
-3.7546542913385825
11
6.1162415354330708
21
-3.7542134251968502
0
LINE
8
BLACK
6
CONTINUOUS
10
6.1162415354330708
20
-3.7542134251968502
11
6.1173936220472438
21
-3.7542134251968502
0
LINE
8
BLACK
6
CONTINUOUS
10
6.1173936220472438
20
-3.7542134251968502
11
6.118458031496063
21
-3.7546543307086613
0
LINE
8
BLACK
6
CONTINUOUS
10
6.118458031496063
20
-3.7546543307086613
11
6.1189055118110236
21
-3.7550215748031497
0
LINE
8
BLACK
6
CONTINUOUS
10
6.1189055118110236
20
-3.7550215748031497
11
6.1202873622047242
21
-3.7564034645669291
0
LINE
8
BLACK
6
CONTINUOUS
10
6.1202873622047242
20
-3.7564034645669291
11
6.1247957480314961
21
-3.7579062598425197
0
LINE
8
BLACK
6
CONTINUOUS
10
6.1247957480314961
20
-3.7579062598425197
11
6.1275870078740153
21
-3.7579062598425197
0
LINE
8
BLACK
6
CONTINUOUS
10
6.1275870078740153
20
-3.7579062598425197
11
6.1320953937007872
21
-3.7564034251968503
0
LINE
8
BLACK
6
CONTINUOUS
10
6.1320953937007872
20
-3.7564034251968503
11
6.1350131889763775
21
-3.7534855905511808
0
LINE
8
BLACK
6
CONTINUOUS
10
6.1350131889763775
20
-3.7534855905511808
11
6.1365287007874016
21
-3.7504546062992126
0
LINE
8
BLACK
6
CONTINUOUS
10
6.1365287007874016
20
-3.7504546062992126
11
6.1382367322834641
21
-3.743622559055118
0
LINE
8
BLACK
6
CONTINUOUS
10
6.1382367322834641
20
-3.743622559055118
11
6.1382367322834641
21
-3.7387253543307084
0
LINE
8
BLACK
6
CONTINUOUS
10
6.1382367322834641
20
-3.7387253543307084
11
6.1365287007874016
21
-3.7318933070866143
0
LINE
8
BLACK
6
CONTINUOUS
10
6.1365287007874016
20
-3.7318933070866143
11
6.1350132283464562
21
-3.7288623228346456
0
LINE
8
BLACK
6
CONTINUOUS
10
6.1350132283464562
20
-3.7288623228346456
11
6.1320953937007872
21
-3.7259444881889765
0
LINE
8
BLACK
6
CONTINUOUS
10
6.1320953937007872
20
-3.7259444881889765
11
6.1275870078740153
21
-3.7244416929133859
0
LINE
8
BLACK
6
CONTINUOUS
10
6.1275870078740153
20
-3.7244416929133859
11
6.1247957480314961
21
-3.7244416929133859
0
LINE
8
BLACK
6
CONTINUOUS
10
6.1247957480314961
20
-3.7244416929133859
11
6.1202873622047242
21
-3.7259444881889765
0
LINE
8
BLACK
6
CONTINUOUS
10
6.1202873622047242
20
-3.7259444881889765
11
6.1189054724409448
21
-3.7273263779527559
0
LINE
8
BLACK
6
CONTINUOUS
10
6.1189054724409448
20
-3.7273263779527559
11
6.118458031496063
21
-3.7276935826771651
0
LINE
8
BLACK
6
CONTINUOUS
10
6.118458031496063
20
-3.7276935826771651
11
6.117393582677165
21
-3.7281344881889762
0
LINE
8
BLACK
6
CONTINUOUS
10
6.117393582677165
20
-3.7281344881889762
11
6.1162415354330708
21
-3.7281344881889762
0
LINE
8
BLACK
6
CONTINUOUS
10
6.1162415354330708
20
-3.7281344881889762
11
6.1151770866141728
21
-3.7276935826771651
0
LINE
8
BLACK
6
CONTINUOUS
10
6.1151770866141728
20
-3.7276935826771651
11
6.1143624409448813
21
-3.7268789370078741
0
LINE
8
BLACK
6
CONTINUOUS
10
6.1143624409448813
20
-3.7268789370078741
11
6.1139215354330707
21
-3.7258144881889761
0
LINE
8
BLACK
6
CONTINUOUS
10
6.1139215354330707
20
-3.7258144881889761
11
6.1139215354330707
21
-3.7246624409448819
0
LINE
8
BLACK
6
CONTINUOUS
10
6.1139215354330707
20
-3.7246624409448819
11
6.1143624409448813
21
-3.7235979921259843
0
LINE
8
BLACK
6
CONTINUOUS
10
6.1143624409448813
20
-3.7235979921259843
11
6.114729645669291
21
-3.7231505511811025
0
LINE
8
BLACK
6
CONTINUOUS
10
6.114729645669291
20
-3.7231505511811025
11
6.1166044094488186
21
-3.7212757874015745
0
LINE
8
BLACK
6
CONTINUOUS
10
6.1166044094488186
20
-3.7212757874015745
11
6.1170518503937004
21
-3.7209085826771653
0
LINE
8
BLACK
6
CONTINUOUS
10
6.1170518503937004
20
-3.7209085826771653
11
6.1171498031496059
21
-3.7208679921259842
0
LINE
8
BLACK
6
CONTINUOUS
10
6.1171498031496059
20
-3.7208679921259842
11
6.1172300000000002
21
-3.7207984645669292
0
LINE
8
BLACK
6
CONTINUOUS
10
6.1172300000000002
20
-3.7207984645669292
11
6.1177585826771654
21
-3.7205624803149604
0
LINE
8
BLACK
6
CONTINUOUS
10
6.1177585826771654
20
-3.7205624803149604
11
6.1233828346456693
21
-3.7186877165354328
0
LINE
8
BLACK
6
CONTINUOUS
10
6.1233828346456693
20
-3.7186877165354328
11
6.1236684645669293
21
-3.7186227559055118
0
LINE
8
BLACK
6
CONTINUOUS
10
6.1236684645669293
20
-3.7186227559055118
11
6.1237405511811023
21
-3.7185929133858266
0
LINE
8
BLACK
6
CONTINUOUS
10
6.1237405511811023
20
-3.7185929133858266
11
6.1238450000000002
21
-3.7185825984251966
0
LINE
8
BLACK
6
CONTINUOUS
10
6.1238450000000002
20
-3.7185825984251966
11
6.1239472834645667
21
-3.71855937007874
0
LINE
8
BLACK
6
CONTINUOUS
10
6.1239472834645667
20
-3.71855937007874
11
6.1240249999999996
21
-3.7185648818897636
0
LINE
8
BLACK
6
CONTINUOUS
10
6.1240249999999996
20
-3.7185648818897636
11
6.1243166141732281
21
-3.7185361811023623
0
LINE
8
BLACK
6
CONTINUOUS
10
6.1243166141732281
20
-3.7185361811023623
11
6.1280661417322833
21
-3.7185361811023623
0
LINE
8
BLACK
6
CONTINUOUS
10
6.1280661417322833
20
-3.7185361811023623
11
6.1283576771653543
21
-3.7185648818897636
0
LINE
8
BLACK
6
CONTINUOUS
10
6.4733055511811024
20
-3.7377388582677162
11
6.4745839763779527
21
-3.739017283464567
0
LINE
8
BLACK
6
CONTINUOUS
10
6.4745839763779527
20
-3.739017283464567
11
6.4745839763779527
21
-3.7408252362204721
0
LINE
8
BLACK
6
CONTINUOUS
10
6.4745839763779527
20
-3.7408252362204721
11
6.4733055511811024
21
-3.7421036614173229
0
LINE
8
BLACK
6
CONTINUOUS
10
6.4733055511811024
20
-3.7421036614173229
11
6.4724015748031496
21
-3.742283464566929
0
LINE
8
BLACK
6
CONTINUOUS
10
6.4724015748031496
20
-3.742283464566929
11
6.4424015748031493
21
-3.742283464566929
0
LINE
8
BLACK
6
CONTINUOUS
10
6.4424015748031493
20
-3.742283464566929
11
6.4414975984251965
21
-3.7421036614173229
0
LINE
8
BLACK
6
CONTINUOUS
10
6.4414975984251965
20
-3.7421036614173229
11
6.4402191732283462
21
-3.7408252362204721
0
LINE
8
BLACK
6
CONTINUOUS
10
6.4402191732283462
20
-3.7408252362204721
11
6.4402191732283462
21
-3.739017283464567
0
LINE
8
BLACK
6
CONTINUOUS
10
6.4402191732283462
20
-3.739017283464567
11
6.4414975984251965
21
-3.7377388582677162
0
LINE
8
BLACK
6
CONTINUOUS
10
6.4414975984251965
20
-3.7377388582677162
11
6.4424015748031493
21
-3.7375590551181102
0
LINE
8
BLACK
6
CONTINUOUS
10
6.4424015748031493
20
-3.7375590551181102
11
6.4724015748031496
21
-3.7375590551181102
0
LINE
8
BLACK
6
CONTINUOUS
10
6.4724015748031496
20
-3.7375590551181102
11
6.4733055511811024
21
-3.7377388582677162
0
LINE
8
BLACK
6
CONTINUOUS
10
5.8070839763779523
20
-3.6915172834645666
11
5.8072637795275588
21
-3.6924212598425195
0
LINE
8
BLACK
6
CONTINUOUS
10
5.8072637795275588
20
-3.6924212598425195
11
5.8072637795275588
21
-3.7224212598425197
0
LINE
8
BLACK
6
CONTINUOUS
10
5.8072637795275588
20
-3.7224212598425197
11
5.8070839763779523
21
-3.7233252362204725
0
LINE
8
BLACK
6
CONTINUOUS
10
5.8070839763779523
20
-3.7233252362204725
11
5.805805551181102
21
-3.7246036614173228
0
LINE
8
BLACK
6
CONTINUOUS
10
5.805805551181102
20
-3.7246036614173228
11
5.8039975984251964
21
-3.7246036614173228
0
LINE
8
BLACK
6
CONTINUOUS
10
5.8039975984251964
20
-3.7246036614173228
11
5.8027191732283461
21
-3.7233252362204725
0
LINE
8
BLACK
6
CONTINUOUS
10
5.8027191732283461
20
-3.7233252362204725
11
5.8025393700787404
21
-3.7224212598425197
0
LINE
8
BLACK
6
CONTINUOUS
10
5.8025393700787404
20
-3.7224212598425197
11
5.8025393700787404
21
-3.6924212598425195
0
LINE
8
BLACK
6
CONTINUOUS
10
5.8025393700787404
20
-3.6924212598425195
11
5.8027191732283461
21
-3.6915172834645666
0
LINE
8
BLACK
6
CONTINUOUS
10
5.8027191732283461
20
-3.6915172834645666
11
5.8039975984251964
21
-3.6902388582677164
0
LINE
8
BLACK
6
CONTINUOUS
10
5.8039975984251964
20
-3.6902388582677164
11
5.805805551181102
21
-3.6902388582677164
0
LINE
8
BLACK
6
CONTINUOUS
10
5.805805551181102
20
-3.6902388582677164
11
5.8070839763779523
21
-3.6915172834645666
0
LINE
8
BLACK
6
CONTINUOUS
10
5.8670839763779528
20
-3.6915172834645666
11
5.8672637795275593
21
-3.6924212598425195
0
LINE
8
BLACK
6
CONTINUOUS
10
5.8672637795275593
20
-3.6924212598425195
11
5.8672637795275593
21
-3.7224212598425197
0
LINE
8
BLACK
6
CONTINUOUS
10
5.8672637795275593
20
-3.7224212598425197
11
5.8670839763779528
21
-3.7233252362204725
0
LINE
8
BLACK
6
CONTINUOUS
10
5.8670839763779528
20
-3.7233252362204725
11
5.8658055511811025
21
-3.7246036614173228
0
LINE
8
BLACK
6
CONTINUOUS
10
5.8658055511811025
20
-3.7246036614173228
11
5.8639975984251969
21
-3.7246036614173228
0
LINE
8
BLACK
6
CONTINUOUS
10
5.8639975984251969
20
-3.7246036614173228
11
5.8627191732283466
21
-3.7233252362204725
0
LINE
8
BLACK
6
CONTINUOUS
10
5.8627191732283466
20
-3.7233252362204725
11
5.86253937007874
21
-3.7224212598425197
0
LINE
8
BLACK
6
CONTINUOUS
10
5.86253937007874
20
-3.7224212598425197
11
5.86253937007874
21
-3.6924212598425195
0
LINE
8
BLACK
6
CONTINUOUS
10
5.86253937007874
20
-3.6924212598425195
11
5.8627191732283466
21
-3.6915172834645666
0
LINE
8
BLACK
6
CONTINUOUS
10
5.8627191732283466
20
-3.6915172834645666
11
5.8639975984251969
21
-3.6902388582677164
0
LINE
8
BLACK
6
CONTINUOUS
10
5.8639975984251969
20
-3.6902388582677164
11
5.8658055511811025
21
-3.6902388582677164
0
LINE
8
BLACK
6
CONTINUOUS
10
5.8658055511811025
20
-3.6902388582677164
11
5.8670839763779528
21
-3.6915172834645666
0
LINE
8
BLACK
6
CONTINUOUS
10
5.7170839763779524
20
-3.6865172834645668
11
5.7172637795275589
21
-3.6874212598425196
0
LINE
8
BLACK
6
CONTINUOUS
10
5.7172637795275589
20
-3.6874212598425196
11
5.7172637795275589
21
-3.7174212598425198
0
LINE
8
BLACK
6
CONTINUOUS
10
5.7172637795275589
20
-3.7174212598425198
11
5.7170839763779524
21
-3.7183252362204722
0
LINE
8
BLACK
6
CONTINUOUS
10
5.7170839763779524
20
-3.7183252362204722
11
5.7158055511811021
21
-3.7196036614173229
0
LINE
8
BLACK
6
CONTINUOUS
10
5.7158055511811021
20
-3.7196036614173229
11
5.7139975984251965
21
-3.7196036614173229
0
LINE
8
BLACK
6
CONTINUOUS
10
5.7139975984251965
20
-3.7196036614173229
11
5.7127191732283462
21
-3.7183252362204722
0
LINE
8
BLACK
6
CONTINUOUS
10
5.7127191732283462
20
-3.7183252362204722
11
5.7125393700787397
21
-3.7174212598425198
0
LINE
8
BLACK
6
CONTINUOUS
10
5.7125393700787397
20
-3.7174212598425198
11
5.7125393700787397
21
-3.6874212598425196
0
LINE
8
BLACK
6
CONTINUOUS
10
5.7125393700787397
20
-3.6874212598425196
11
5.7127191732283462
21
-3.6865172834645668
0
LINE
8
BLACK
6
CONTINUOUS
10
5.7127191732283462
20
-3.6865172834645668
11
5.7139975984251965
21
-3.6852388582677165
0
LINE
8
BLACK
6
CONTINUOUS
10
5.7139975984251965
20
-3.6852388582677165
11
5.7158055511811021
21
-3.6852388582677165
0
LINE
8
BLACK
6
CONTINUOUS
10
5.7158055511811021
20
-3.6852388582677165
11
5.7170839763779524
21
-3.6865172834645668
0
LINE
8
BLACK
6
CONTINUOUS
10
5.7770839763779529
20
-3.6865172834645668
11
5.7772637795275585
21
-3.6874212598425196
0
LINE
8
BLACK
6
CONTINUOUS
10
5.7772637795275585
20
-3.6874212598425196
11
5.7772637795275585
21
-3.7174212598425198
0
LINE
8
BLACK
6
CONTINUOUS
10
5.7772637795275585
20
-3.7174212598425198
11
5.7770839763779529
21
-3.7183252362204722
0
LINE
8
BLACK
6
CONTINUOUS
10
5.7770839763779529
20
-3.7183252362204722
11
5.7758055511811026
21
-3.7196036614173229
0
LINE
8
BLACK
6
CONTINUOUS
10
5.7758055511811026
20
-3.7196036614173229
11
5.773997598425197
21
-3.7196036614173229
0
LINE
8
BLACK
6
CONTINUOUS
10
5.773997598425197
20
-3.7196036614173229
11
5.7727191732283467
21
-3.7183252362204722
0
LINE
8
BLACK
6
CONTINUOUS
10
5.7727191732283467
20
-3.7183252362204722
11
5.7725393700787402
21
-3.7174212598425198
0
LINE
8
BLACK
6
CONTINUOUS
10
5.7725393700787402
20
-3.7174212598425198
11
5.7725393700787402
21
-3.6874212598425196
0
LINE
8
BLACK
6
CONTINUOUS
10
5.7725393700787402
20
-3.6874212598425196
11
5.7727191732283467
21
-3.6865172834645668
0
LINE
8
BLACK
6
CONTINUOUS
10
5.7727191732283467
20
-3.6865172834645668
11
5.773997598425197
21
-3.6852388582677165
0
LINE
8
BLACK
6
CONTINUOUS
10
5.773997598425197
20
-3.6852388582677165
11
5.7758055511811026
21
-3.6852388582677165
0
LINE
8
BLACK
6
CONTINUOUS
10
5.7758055511811026
20
-3.6852388582677165
11
5.7770839763779529
21
-3.6865172834645668
0
LINE
8
BLACK
6
CONTINUOUS
10
5.1783055511811025
20
-3.7077388582677164
11
5.1795839763779528
21
-3.7090172834645667
0
LINE
8
BLACK
6
CONTINUOUS
10
5.1795839763779528
20
-3.7090172834645667
11
5.1795839763779528
21
-3.7108252362204723
0
LINE
8
BLACK
6
CONTINUOUS
10
5.1795839763779528
20
-3.7108252362204723
11
5.1783055511811025
21
-3.7121036614173226
0
LINE
8
BLACK
6
CONTINUOUS
10
5.1783055511811025
20
-3.7121036614173226
11
5.1774015748031497
21
-3.7122834645669291
0
LINE
8
BLACK
6
CONTINUOUS
10
5.1774015748031497
20
-3.7122834645669291
11
5.1474015748031494
21
-3.7122834645669291
0
LINE
8
BLACK
6
CONTINUOUS
10
5.1474015748031494
20
-3.7122834645669291
11
5.1464975984251966
21
-3.7121036614173226
0
LINE
8
BLACK
6
CONTINUOUS
10
5.1464975984251966
20
-3.7121036614173226
11
5.1452191732283463
21
-3.7108252362204723
0
LINE
8
BLACK
6
CONTINUOUS
10
5.1452191732283463
20
-3.7108252362204723
11
5.1452191732283463
21
-3.7090172834645667
0
LINE
8
BLACK
6
CONTINUOUS
10
5.1452191732283463
20
-3.7090172834645667
11
5.1464975984251966
21
-3.7077388582677164
0
LINE
8
BLACK
6
CONTINUOUS
10
5.1464975984251966
20
-3.7077388582677164
11
5.1474015748031494
21
-3.7075590551181103
0
LINE
8
BLACK
6
CONTINUOUS
10
5.1474015748031494
20
-3.7075590551181103
11
5.1774015748031497
21
-3.7075590551181103
0
LINE
8
BLACK
6
CONTINUOUS
10
5.1774015748031497
20
-3.7075590551181103
11
5.1783055511811025
21
-3.7077388582677164
0
LINE
8
BLACK
6
CONTINUOUS
10
5.9014146850393701
20
-3.5534661023622047
11
5.9015944881889766
21
-3.5543700787401575
0
LINE
8
BLACK
6
CONTINUOUS
10
5.9015944881889766
20
-3.5543700787401575
11
5.9015944881889766
21
-3.6630594488188977
0
LINE
8
BLACK
6
CONTINUOUS
10
5.9015944881889766
20
-3.6630594488188977
11
5.9421177165354333
21
-3.7035826771653544
0
LINE
8
BLACK
6
CONTINUOUS
10
5.9421177165354333
20
-3.7035826771653544
11
6.3189173228346451
21
-3.7035826771653544
0
LINE
8
BLACK
6
CONTINUOUS
10
6.3189173228346451
20
-3.7035826771653544
11
6.3189173228346451
21
-3.5543700787401575
0
LINE
8
BLACK
6
CONTINUOUS
10
6.3189173228346451
20
-3.5543700787401575
11
6.3190971259842517
21
-3.5534661023622047
0
LINE
8
BLACK
6
CONTINUOUS
10
6.3190971259842517
20
-3.5534661023622047
11
6.3203755511811019
21
-3.5521876771653544
0
LINE
8
BLACK
6
CONTINUOUS
10
6.3203755511811019
20
-3.5521876771653544
11
6.3221835039370076
21
-3.5521876771653544
0
LINE
8
BLACK
6
CONTINUOUS
10
6.3221835039370076
20
-3.5521876771653544
11
6.3234619291338579
21
-3.5534661023622047
0
LINE
8
BLACK
6
CONTINUOUS
10
6.3234619291338579
20
-3.5534661023622047
11
6.3236417322834644
21
-3.5543700787401575
0
LINE
8
BLACK
6
CONTINUOUS
10
6.3236417322834644
20
-3.5543700787401575
11
6.3236417322834644
21
-3.7059448818897636
0
LINE
8
BLACK
6
CONTINUOUS
10
6.3236417322834644
20
-3.7059448818897636
11
6.3234619291338579
21
-3.7068488582677164
0
LINE
8
BLACK
6
CONTINUOUS
10
6.3234619291338579
20
-3.7068488582677164
11
6.3221835039370076
21
-3.7081272834645667
0
LINE
8
BLACK
6
CONTINUOUS
10
6.3221835039370076
20
-3.7081272834645667
11
6.3212795275590548
21
-3.7083070866141732
0
LINE
8
BLACK
6
CONTINUOUS
10
6.3212795275590548
20
-3.7083070866141732
11
5.9411392519685036
21
-3.7083070866141732
0
LINE
8
BLACK
6
CONTINUOUS
10
5.9411392519685036
20
-3.7083070866141732
11
5.9402352755905508
21
-3.7081272834645667
0
LINE
8
BLACK
6
CONTINUOUS
10
5.9402352755905508
20
-3.7081272834645667
11
5.939468897637795
21
-3.7076151968503934
0
LINE
8
BLACK
6
CONTINUOUS
10
5.939468897637795
20
-3.7076151968503934
11
5.8975619685039371
21
-3.6657082283464568
0
LINE
8
BLACK
6
CONTINUOUS
10
5.8975619685039371
20
-3.6657082283464568
11
5.8970498818897639
21
-3.6649418897637793
0
LINE
8
BLACK
6
CONTINUOUS
10
5.8970498818897639
20
-3.6649418897637793
11
5.8968700787401573
21
-3.6640379133858265
0
LINE
8
BLACK
6
CONTINUOUS
10
5.8968700787401573
20
-3.6640379133858265
11
5.8968700787401573
21
-3.5543700787401575
0
LINE
8
BLACK
6
CONTINUOUS
10
5.8968700787401573
20
-3.5543700787401575
11
5.8970498818897639
21
-3.5534661023622047
0
LINE
8
BLACK
6
CONTINUOUS
10
5.8970498818897639
20
-3.5534661023622047
11
5.8983283070866142
21
-3.5521876771653544
0
LINE
8
BLACK
6
CONTINUOUS
10
5.8983283070866142
20
-3.5521876771653544
11
5.9001362598425198
21
-3.5521876771653544
0
LINE
8
BLACK
6
CONTINUOUS
10
5.9001362598425198
20
-3.5521876771653544
11
5.9014146850393701
21
-3.5534661023622047
0
LINE
8
BLACK
6
CONTINUOUS
10
6.7077524803149604
20
-3.6834633464566928
11
6.7083390157480309
21
-3.6836588582677163
0
LINE
8
BLACK
6
CONTINUOUS
10
6.7083390157480309
20
-3.6836588582677163
11
6.7084041732283461
21
-3.6837891732283463
0
LINE
8
BLACK
6
CONTINUOUS
10
6.7084041732283461
20
-3.6837891732283463
11
6.7085345275590553
21
-3.6838543700787403
0
LINE
8
BLACK
6
CONTINUOUS
10
6.7085345275590553
20
-3.6838543700787403
11
6.7089112992125983
21
-3.6845153543307085
0
LINE
8
BLACK
6
CONTINUOUS
10
6.7089112992125983
20
-3.6845153543307085
11
6.7154779527559052
21
-3.7042153937007871
0
LINE
8
BLACK
6
CONTINUOUS
10
6.7154779527559052
20
-3.7042153937007871
11
6.7155731496062989
21
-3.7049702362204724
0
LINE
8
BLACK
6
CONTINUOUS
10
6.7155731496062989
20
-3.7049702362204724
11
6.7149056692913387
21
-3.706305157480315
0
LINE
8
BLACK
6
CONTINUOUS
10
6.7149056692913387
20
-3.706305157480315
11
6.7134898031496064
21
-3.7067771259842517
0
LINE
8
BLACK
6
CONTINUOUS
10
6.7134898031496064
20
-3.7067771259842517
11
6.7121548818897638
21
-3.7061096456692915
0
LINE
8
BLACK
6
CONTINUOUS
10
6.7121548818897638
20
-3.7061096456692915
11
6.71177811023622
21
-3.7054486614173228
0
LINE
8
BLACK
6
CONTINUOUS
10
6.71177811023622
20
-3.7054486614173228
11
6.7103463779527557
21
-3.7011534251968503
0
LINE
8
BLACK
6
CONTINUOUS
10
6.7103463779527557
20
-3.7011534251968503
11
6.7037763779527557
21
-3.7011534251968503
0
LINE
8
BLACK
6
CONTINUOUS
10
6.7037763779527557
20
-3.7011534251968503
11
6.7023446456692914
21
-3.7054486614173228
0
LINE
8
BLACK
6
CONTINUOUS
10
6.7023446456692914
20
-3.7054486614173228
11
6.7019678740157476
21
-3.7061096456692915
0
LINE
8
BLACK
6
CONTINUOUS
10
6.7019678740157476
20
-3.7061096456692915
11
6.700632952755905
21
-3.7067771259842517
0
LINE
8
BLACK
6
CONTINUOUS
10
6.700632952755905
20
-3.7067771259842517
11
6.6992170866141727
21
-3.706305157480315
0
LINE
8
BLACK
6
CONTINUOUS
10
6.6992170866141727
20
-3.706305157480315
11
6.6985496062992125
21
-3.7049702362204724
0
LINE
8
BLACK
6
CONTINUOUS
10
6.6985496062992125
20
-3.7049702362204724
11
6.6986448031496062
21
-3.7042153543307084
0
LINE
8
BLACK
6
CONTINUOUS
10
6.6986448031496062
20
-3.7042153543307084
11
6.7052114566929131
21
-3.6845153543307085
0
LINE
8
BLACK
6
CONTINUOUS
10
6.7052114566929131
20
-3.6845153543307085
11
6.705588228346457
21
-3.6838543700787403
0
LINE
8
BLACK
6
CONTINUOUS
10
6.705588228346457
20
-3.6838543700787403
11
6.7057185433070865
21
-3.6837891732283463
0
LINE
8
BLACK
6
CONTINUOUS
10
6.7057185433070865
20
-3.6837891732283463
11
6.7057837401574805
21
-3.6836588582677163
0
LINE
8
BLACK
6
CONTINUOUS
10
6.7057837401574805
20
-3.6836588582677163
11
6.7063702362204722
21
-3.6834633464566928
0
LINE
8
BLACK
6
CONTINUOUS
10
6.7063702362204722
20
-3.6834633464566928
11
6.7069231496062987
21
-3.6831868897637796
0
LINE
8
BLACK
6
CONTINUOUS
10
6.7069231496062987
20
-3.6831868897637796
11
6.7070613779527557
21
-3.6832329527559056
0
LINE
8
BLACK
6
CONTINUOUS
10
6.7070613779527557
20
-3.6832329527559056
11
6.7071996062992127
21
-3.6831868897637796
0
LINE
8
BLACK
6
CONTINUOUS
10
6.7071996062992127
20
-3.6831868897637796
11
6.7077524803149604
21
-3.6834633464566928
0
LINE
8
BLACK
6
CONTINUOUS
10
6.7050763779527554
20
-3.6972534251968505
11
6.709046377952756
21
-3.6972534251968505
0
LINE
8
BLACK
6
CONTINUOUS
10
6.709046377952756
20
-3.6972534251968505
11
6.7070613385826769
21
-3.6912983858267716
0
LINE
8
BLACK
6
CONTINUOUS
10
6.7070613385826769
20
-3.6912983858267716
11
6.7050763779527554
21
-3.6972534251968505
0
LINE
8
BLACK
6
CONTINUOUS
10
5.5590420472440947
20
-3.6324661417322832
11
5.5598566929133861
21
-3.6332807874015747
0
LINE
8
BLACK
6
CONTINUOUS
10
5.5598566929133861
20
-3.6332807874015747
11
5.5602975984251968
21
-3.6343451968503935
0
LINE
8
BLACK
6
CONTINUOUS
10
5.5602975984251968
20
-3.6343451968503935
11
5.5603543307086616
21
-3.6349212598425198
0
LINE
8
BLACK
6
CONTINUOUS
10
5.5603543307086616
20
-3.6349212598425198
11
5.5603543307086616
21
-3.6949212598425194
0
LINE
8
BLACK
6
CONTINUOUS
10
5.5603543307086616
20
-3.6949212598425194
11
5.5602975984251968
21
-3.6954973228346457
0
LINE
8
BLACK
6
CONTINUOUS
10
5.5602975984251968
20
-3.6954973228346457
11
5.5598566929133861
21
-3.6965617322834645
0
LINE
8
BLACK
6
CONTINUOUS
10
5.5598566929133861
20
-3.6965617322834645
11
5.5590420472440947
21
-3.697376377952756
0
LINE
8
BLACK
6
CONTINUOUS
10
5.5590420472440947
20
-3.697376377952756
11
5.5579776377952754
21
-3.6978172834645671
0
LINE
8
BLACK
6
CONTINUOUS
10
5.5579776377952754
20
-3.6978172834645671
11
5.5568255118110237
21
-3.6978172834645671
0
LINE
8
BLACK
6
CONTINUOUS
10
5.5568255118110237
20
-3.6978172834645671
11
5.5557611023622044
21
-3.697376377952756
0
LINE
8
BLACK
6
CONTINUOUS
10
5.5557611023622044
20
-3.697376377952756
11
5.554946456692913
21
-3.6965617322834645
0
LINE
8
BLACK
6
CONTINUOUS
10
5.554946456692913
20
-3.6965617322834645
11
5.5545055511811023
21
-3.6954973228346457
0
LINE
8
BLACK
6
CONTINUOUS
10
5.5545055511811023
20
-3.6954973228346457
11
5.5544488188976375
21
-3.6949212598425194
0
LINE
8
BLACK
6
CONTINUOUS
10
5.5544488188976375
20
-3.6949212598425194
11
5.5544488188976375
21
-3.6349212598425198
0
LINE
8
BLACK
6
CONTINUOUS
10
5.5544488188976375
20
-3.6349212598425198
11
5.5545055511811023
21
-3.6343451968503935
0
LINE
8
BLACK
6
CONTINUOUS
10
5.5545055511811023
20
-3.6343451968503935
11
5.554946456692913
21
-3.6332807874015747
0
LINE
8
BLACK
6
CONTINUOUS
10
5.554946456692913
20
-3.6332807874015747
11
5.5557611023622044
21
-3.6324661417322832
0
LINE
8
BLACK
6
CONTINUOUS
10
5.5557611023622044
20
-3.6324661417322832
11
5.5568255118110237
21
-3.6320252362204726
0
LINE
8
BLACK
6
CONTINUOUS
10
5.5568255118110237
20
-3.6320252362204726
11
5.5579776377952754
21
-3.6320252362204726
0
LINE
8
BLACK
6
CONTINUOUS
10
5.5579776377952754
20
-3.6320252362204726
11
5.5590420472440947
21
-3.6324661417322832
0
LINE
8
BLACK
6
CONTINUOUS
10
5.6790420472440948
20
-3.6324661417322832
11
5.6798566929133854
21
-3.6332807874015747
0
LINE
8
BLACK
6
CONTINUOUS
10
5.6798566929133854
20
-3.6332807874015747
11
5.6802975984251969
21
-3.6343451968503935
0
LINE
8
BLACK
6
CONTINUOUS
10
5.6802975984251969
20
-3.6343451968503935
11
5.6803543307086617
21
-3.6349212598425198
0
LINE
8
BLACK
6
CONTINUOUS
10
5.6803543307086617
20
-3.6349212598425198
11
5.6803543307086617
21
-3.6949212598425194
0
LINE
8
BLACK
6
CONTINUOUS
10
5.6803543307086617
20
-3.6949212598425194
11
5.6802975984251969
21
-3.6954973228346457
0
LINE
8
BLACK
6
CONTINUOUS
10
5.6802975984251969
20
-3.6954973228346457
11
5.6798566929133854
21
-3.6965617322834645
0
LINE
8
BLACK
6
CONTINUOUS
10
5.6798566929133854
20
-3.6965617322834645
11
5.6790420472440948
21
-3.697376377952756
0
LINE
8
BLACK
6
CONTINUOUS
10
5.6790420472440948
20
-3.697376377952756
11
5.6779776377952755
21
-3.6978172834645671
0
LINE
8
BLACK
6
CONTINUOUS
10
5.6779776377952755
20
-3.6978172834645671
11
5.6768255118110238
21
-3.6978172834645671
0
LINE
8
BLACK
6
CONTINUOUS
10
5.6768255118110238
20
-3.6978172834645671
11
5.6757611023622045
21
-3.697376377952756
0
LINE
8
BLACK
6
CONTINUOUS
10
5.6757611023622045
20
-3.697376377952756
11
5.6749464566929131
21
-3.6965617322834645
0
LINE
8
BLACK
6
CONTINUOUS
10
5.6749464566929131
20
-3.6965617322834645
11
5.6745055511811024
21
-3.6954973228346457
0
LINE
8
BLACK
6
CONTINUOUS
10
5.6745055511811024
20
-3.6954973228346457
11
5.6744488188976376
21
-3.6949212598425194
0
LINE
8
BLACK
6
CONTINUOUS
10
5.6744488188976376
20
-3.6949212598425194
11
5.6744488188976376
21
-3.6349212598425198
0
LINE
8
BLACK
6
CONTINUOUS
10
5.6744488188976376
20
-3.6349212598425198
11
5.6745055511811024
21
-3.6343451968503935
0
LINE
8
BLACK
6
CONTINUOUS
10
5.6745055511811024
20
-3.6343451968503935
11
5.6749464566929131
21
-3.6332807874015747
0
LINE
8
BLACK
6
CONTINUOUS
10
5.6749464566929131
20
-3.6332807874015747
11
5.6757611023622045
21
-3.6324661417322832
0
LINE
8
BLACK
6
CONTINUOUS
10
5.6757611023622045
20
-3.6324661417322832
11
5.6768255118110238
21
-3.6320252362204726
0
LINE
8
BLACK
6
CONTINUOUS
10
5.6768255118110238
20
-3.6320252362204726
11
5.6779776377952755
21
-3.6320252362204726
0
LINE
8
BLACK
6
CONTINUOUS
10
5.6779776377952755
20
-3.6320252362204726
11
5.6790420472440948
21
-3.6324661417322832
0
LINE
8
BLACK
6
CONTINUOUS
10
5.6333055511811025
20
-3.6927388582677163
11
5.6345839763779528
21
-3.694017283464567
0
LINE
8
BLACK
6
CONTINUOUS
10
5.6345839763779528
20
-3.694017283464567
11
5.6345839763779528
21
-3.6958252362204722
0
LINE
8
BLACK
6
CONTINUOUS
10
5.6345839763779528
20
-3.6958252362204722
11
5.6333055511811025
21
-3.6971036614173229
0
LINE
8
BLACK
6
CONTINUOUS
10
5.6333055511811025
20
-3.6971036614173229
11
5.6324015748031497
21
-3.697283464566929
0
LINE
8
BLACK
6
CONTINUOUS
10
5.6324015748031497
20
-3.697283464566929
11
5.6024015748031495
21
-3.697283464566929
0
LINE
8
BLACK
6
CONTINUOUS
10
5.6024015748031495
20
-3.697283464566929
11
5.6014975984251967
21
-3.6971036614173229
0
LINE
8
BLACK
6
CONTINUOUS
10
5.6014975984251967
20
-3.6971036614173229
11
5.6002191732283464
21
-3.6958252362204722
0
LINE
8
BLACK
6
CONTINUOUS
10
5.6002191732283464
20
-3.6958252362204722
11
5.6002191732283464
21
-3.694017283464567
0
LINE
8
BLACK
6
CONTINUOUS
10
5.6002191732283464
20
-3.694017283464567
11
5.6014975984251967
21
-3.6927388582677163
0
LINE
8
BLACK
6
CONTINUOUS
10
5.6014975984251967
20
-3.6927388582677163
11
5.6024015748031495
21
-3.6925590551181102
0
LINE
8
BLACK
6
CONTINUOUS
10
5.6024015748031495
20
-3.6925590551181102
11
5.6324015748031497
21
-3.6925590551181102
0
LINE
8
BLACK
6
CONTINUOUS
10
5.6324015748031497
20
-3.6925590551181102
11
5.6333055511811025
21
-3.6927388582677163
0
LINE
8
BLACK
6
CONTINUOUS
10
5.4104794881889759
20
-3.6505614173228347
11
5.4105774803149602
21
-3.6506020078740158
0
LINE
8
BLACK
6
CONTINUOUS
10
5.4105774803149602
20
-3.6506020078740158
11
5.4106833070866145
21
-3.6506095275590549
0
LINE
8
BLACK
6
CONTINUOUS
10
5.4106833070866145
20
-3.6506095275590549
11
5.4112239370078736
21
-3.6508164173228344
0
LINE
8
BLACK
6
CONTINUOUS
10
5.4112239370078736
20
-3.6508164173228344
11
5.4149734645669287
21
-3.6526911811023619
0
LINE
8
BLACK
6
CONTINUOUS
10
5.4149734645669287
20
-3.6526911811023619
11
5.4152214566929135
21
-3.6528472440944881
0
LINE
8
BLACK
6
CONTINUOUS
10
5.4152214566929135
20
-3.6528472440944881
11
5.4152934251968503
21
-3.6528770866141733
0
LINE
8
BLACK
6
CONTINUOUS
10
5.4152934251968503
20
-3.6528770866141733
11
5.41537437007874
21
-3.6529435433070865
0
LINE
8
BLACK
6
CONTINUOUS
10
5.41537437007874
20
-3.6529435433070865
11
5.4154633464566926
21
-3.652999527559055
0
LINE
8
BLACK
6
CONTINUOUS
10
5.4154633464566926
20
-3.652999527559055
11
5.4155144881889763
21
-3.6530585039370078
0
LINE
8
BLACK
6
CONTINUOUS
10
5.4155144881889763
20
-3.6530585039370078
11
5.4157408661417321
21
-3.6532442913385825
0
LINE
8
BLACK
6
CONTINUOUS
10
5.4157408661417321
20
-3.6532442913385825
11
5.4176156299212597
21
-3.6551190551181101
0
LINE
8
BLACK
6
CONTINUOUS
10
5.4176156299212597
20
-3.6551190551181101
11
5.4179828346456693
21
-3.6555664960629919
0
LINE
8
BLACK
6
CONTINUOUS
10
5.4179828346456693
20
-3.6555664960629919
11
5.41842374015748
21
-3.6566309055118111
0
LINE
8
BLACK
6
CONTINUOUS
10
5.41842374015748
20
-3.6566309055118111
11
5.41842374015748
21
-3.6577829921259841
0
LINE
8
BLACK
6
CONTINUOUS
10
5.41842374015748
20
-3.6577829921259841
11
5.4179828346456693
21
-3.6588474015748029
0
LINE
8
BLACK
6
CONTINUOUS
10
5.4179828346456693
20
-3.6588474015748029
11
5.4171681496062991
21
-3.6596620866141731
0
LINE
8
BLACK
6
CONTINUOUS
10
5.4171681496062991
20
-3.6596620866141731
11
5.4161037401574799
21
-3.6601029921259842
0
LINE
8
BLACK
6
CONTINUOUS
10
5.4161037401574799
20
-3.6601029921259842
11
5.4149516535433069
21
-3.6601029921259842
0
LINE
8
BLACK
6
CONTINUOUS
10
5.4149516535433069
20
-3.6601029921259842
11
5.4138872440944876
21
-3.6596620866141731
0
LINE
8
BLACK
6
CONTINUOUS
10
5.4138872440944876
20
-3.6596620866141731
11
5.4134398031496058
21
-3.6592948818897635
0
LINE
8
BLACK
6
CONTINUOUS
10
5.4134398031496058
20
-3.6592948818897635
11
5.4119038582677161
21
-3.6577589370078738
0
LINE
8
BLACK
6
CONTINUOUS
10
5.4119038582677161
20
-3.6577589370078738
11
5.4092063779527555
21
-3.6564101968503935
0
LINE
8
BLACK
6
CONTINUOUS
10
5.4092063779527555
20
-3.6564101968503935
11
5.4012266535433069
21
-3.6564101968503935
0
LINE
8
BLACK
6
CONTINUOUS
10
5.4012266535433069
20
-3.6564101968503935
11
5.3985291732283462
21
-3.6577589370078738
0
LINE
8
BLACK
6
CONTINUOUS
10
5.3985291732283462
20
-3.6577589370078738
11
5.3973320472440944
21
-3.6589560629921261
0
LINE
8
BLACK
6
CONTINUOUS
10
5.3973320472440944
20
-3.6589560629921261
11
5.3959833070866141
21
-3.6616535433070867
0
LINE
8
BLACK
6
CONTINUOUS
10
5.3959833070866141
20
-3.6616535433070867
11
5.3959833070866141
21
-3.6642268503937006
0
LINE
8
BLACK
6
CONTINUOUS
10
5.3959833070866141
20
-3.6642268503937006
11
5.3974861023622047
21
-3.6687352755905511
0
LINE
8
BLACK
6
CONTINUOUS
10
5.3974861023622047
20
-3.6687352755905511
11
5.4194903937007872
21
-3.6907396062992124
0
LINE
8
BLACK
6
CONTINUOUS
10
5.4194903937007872
20
-3.6907396062992124
11
5.4198576377952756
21
-3.6911870472440942
0
LINE
8
BLACK
6
CONTINUOUS
10
5.4198576377952756
20
-3.6911870472440942
11
5.4202985039370075
21
-3.6922514960629922
0
LINE
8
BLACK
6
CONTINUOUS
10
5.4202985039370075
20
-3.6922514960629922
11
5.4202985039370075
21
-3.6934035826771652
0
LINE
8
BLACK
6
CONTINUOUS
10
5.4202985039370075
20
-3.6934035826771652
11
5.4198575984251969
21
-3.694467992125984
0
LINE
8
BLACK
6
CONTINUOUS
10
5.4198575984251969
20
-3.694467992125984
11
5.4190429527559054
21
-3.6952826771653542
0
LINE
8
BLACK
6
CONTINUOUS
10
5.4190429527559054
20
-3.6952826771653542
11
5.4182902755905511
21
-3.6955944094488187
0
LINE
8
BLACK
6
CONTINUOUS
10
5.4182902755905511
20
-3.6955944094488187
11
5.4179785433070862
21
-3.6957235433070865
0
LINE
8
BLACK
6
CONTINUOUS
10
5.4179785433070862
20
-3.6957235433070865
11
5.4174024803149603
21
-3.6957802755905509
0
LINE
8
BLACK
6
CONTINUOUS
10
5.4174024803149603
20
-3.6957802755905509
11
5.3930305511811021
21
-3.6957802755905509
0
LINE
8
BLACK
6
CONTINUOUS
10
5.3930305511811021
20
-3.6957802755905509
11
5.3924544881889762
21
-3.6957235433070865
0
LINE
8
BLACK
6
CONTINUOUS
10
5.3924544881889762
20
-3.6957235433070865
11
5.391390078740157
21
-3.6952826377952754
0
LINE
8
BLACK
6
CONTINUOUS
10
5.391390078740157
20
-3.6952826377952754
11
5.3905754330708664
21
-3.694467992125984
0
LINE
8
BLACK
6
CONTINUOUS
10
5.3905754330708664
20
-3.694467992125984
11
5.3901345275590549
21
-3.6934035826771652
0
LINE
8
BLACK
6
CONTINUOUS
10
5.3901345275590549
20
-3.6934035826771652
11
5.3901345275590549
21
-3.6922514566929134
0
LINE
8
BLACK
6
CONTINUOUS
10
5.3901345275590549
20
-3.6922514566929134
11
5.3905754330708664
21
-3.6911870472440942
0
LINE
8
BLACK
6
CONTINUOUS
10
5.3905754330708664
20
-3.6911870472440942
11
5.391390078740157
21
-3.6903724015748032
0
LINE
8
BLACK
6
CONTINUOUS
10
5.391390078740157
20
-3.6903724015748032
11
5.3924544881889762
21
-3.6899314960629921
0
LINE
8
BLACK
6
CONTINUOUS
10
5.3924544881889762
20
-3.6899314960629921
11
5.3930305511811021
21
-3.6898747637795273
0
LINE
8
BLACK
6
CONTINUOUS
10
5.3930305511811021
20
-3.6898747637795273
11
5.4102738976377953
21
-3.6898747637795273
0
LINE
8
BLACK
6
CONTINUOUS
10
5.4102738976377953
20
-3.6898747637795273
11
5.3928174015748027
21
-3.6724182283464568
0
LINE
8
BLACK
6
CONTINUOUS
10
5.3928174015748027
20
-3.6724182283464568
11
5.392450196850394
21
-3.6719707874015746
0
LINE
8
BLACK
6
CONTINUOUS
10
5.392450196850394
20
-3.6719707874015746
11
5.3924095669291336
21
-3.6718727165354328
0
LINE
8
BLACK
6
CONTINUOUS
10
5.3924095669291336
20
-3.6718727165354328
11
5.3923400787401574
21
-3.6717925984251969
0
LINE
8
BLACK
6
CONTINUOUS
10
5.3923400787401574
20
-3.6717925984251969
11
5.3921040944881886
21
-3.6712640551181099
0
LINE
8
BLACK
6
CONTINUOUS
10
5.3921040944881886
20
-3.6712640551181099
11
5.3902293307086611
21
-3.6656397637795273
0
LINE
8
BLACK
6
CONTINUOUS
10
5.3902293307086611
20
-3.6656397637795273
11
5.3901643700787396
21
-3.6653541732283466
0
LINE
8
BLACK
6
CONTINUOUS
10
5.3901643700787396
20
-3.6653541732283466
11
5.3901345275590549
21
-3.6652820866141731
0
LINE
8
BLACK
6
CONTINUOUS
10
5.3901345275590549
20
-3.6652820866141731
11
5.3901242125984252
21
-3.6651775590551181
0
LINE
8
BLACK
6
CONTINUOUS
10
5.3901242125984252
20
-3.6651775590551181
11
5.3901009842519683
21
-3.6650753149606299
0
LINE
8
BLACK
6
CONTINUOUS
10
5.3901009842519683
20
-3.6650753149606299
11
5.3901064960629919
21
-3.6649975590551178
0
LINE
8
BLACK
6
CONTINUOUS
10
5.3901064960629919
20
-3.6649975590551178
11
5.3900777952755901
21
-3.6647060236220472
0
LINE
8
BLACK
6
CONTINUOUS
10
5.3900777952755901
20
-3.6647060236220472
11
5.3900777952755901
21
-3.6609564960629921
0
LINE
8
BLACK
6
CONTINUOUS
10
5.3900777952755901
20
-3.6609564960629921
11
5.3901345275590549
21
-3.6603804330708662
0
LINE
8
BLACK
6
CONTINUOUS
10
5.3901345275590549
20
-3.6603804330708662
11
5.3901751181102364
21
-3.6602824015748032
0
LINE
8
BLACK
6
CONTINUOUS
10
5.3901751181102364
20
-3.6602824015748032
11
5.3901826377952755
21
-3.6601766141732281
0
LINE
8
BLACK
6
CONTINUOUS
10
5.3901826377952755
20
-3.6601766141732281
11
5.390389527559055
21
-3.6596359842519686
0
LINE
8
BLACK
6
CONTINUOUS
10
5.390389527559055
20
-3.6596359842519686
11
5.3922642913385825
21
-3.6558864566929135
0
LINE
8
BLACK
6
CONTINUOUS
10
5.3922642913385825
20
-3.6558864566929135
11
5.3924203543307083
21
-3.6556384251968503
0
LINE
8
BLACK
6
CONTINUOUS
10
5.3924203543307083
20
-3.6556384251968503
11
5.392450196850394
21
-3.6555664960629919
0
LINE
8
BLACK
6
CONTINUOUS
10
5.392450196850394
20
-3.6555664960629919
11
5.3925166535433071
21
-3.6554855118110234
0
LINE
8
BLACK
6
CONTINUOUS
10
5.3925166535433071
20
-3.6554855118110234
11
5.3925726377952756
21
-3.6553965748031496
0
LINE
8
BLACK
6
CONTINUOUS
10
5.3925726377952756
20
-3.6553965748031496
11
5.3926316141732284
21
-3.6553453937007871
0
LINE
8
BLACK
6
CONTINUOUS
10
5.3926316141732284
20
-3.6553453937007871
11
5.3928174015748027
21
-3.6551190551181101
0
LINE
8
BLACK
6
CONTINUOUS
10
5.3928174015748027
20
-3.6551190551181101
11
5.3946921653543303
21
-3.6532442913385825
0
LINE
8
BLACK
6
CONTINUOUS
10
5.3946921653543303
20
-3.6532442913385825
11
5.3949185039370073
21
-3.6530585039370078
0
LINE
8
BLACK
6
CONTINUOUS
10
5.3949185039370073
20
-3.6530585039370078
11
5.3949696850393698
21
-3.652999527559055
0
LINE
8
BLACK
6
CONTINUOUS
10
5.3949696850393698
20
-3.652999527559055
11
5.3950586220472436
21
-3.6529435433070865
0
LINE
8
BLACK
6
CONTINUOUS
10
5.3950586220472436
20
-3.6529435433070865
11
5.3951396062992121
21
-3.6528770866141733
0
LINE
8
BLACK
6
CONTINUOUS
10
5.3951396062992121
20
-3.6528770866141733
11
5.395211535433071
21
-3.6528472440944881
0
LINE
8
BLACK
6
CONTINUOUS
10
5.395211535433071
20
-3.6528472440944881
11
5.3954595669291336
21
-3.6526911811023619
0
LINE
8
BLACK
6
CONTINUOUS
10
5.3954595669291336
20
-3.6526911811023619
11
5.3992090944881888
21
-3.6508164173228344
0
LINE
8
BLACK
6
CONTINUOUS
10
5.3992090944881888
20
-3.6508164173228344
11
5.39974968503937
21
-3.6506095275590549
0
LINE
8
BLACK
6
CONTINUOUS
10
5.39974968503937
20
-3.6506095275590549
11
5.3998555511811022
21
-3.650601968503937
0
LINE
8
BLACK
6
CONTINUOUS
10
5.3998555511811022
20
-3.650601968503937
11
5.3999535433070864
21
-3.6505614173228347
0
LINE
8
BLACK
6
CONTINUOUS
10
5.3999535433070864
20
-3.6505614173228347
11
5.4005296062992123
21
-3.6505046850393699
0
LINE
8
BLACK
6
CONTINUOUS
10
5.4005296062992123
20
-3.6505046850393699
11
5.4099034251968501
21
-3.6505046850393699
0
LINE
8
BLACK
6
CONTINUOUS
10
5.4099034251968501
20
-3.6505046850393699
11
5.4104794881889759
21
-3.6505614173228347
0
LINE
8
BLACK
6
CONTINUOUS
10
5.4340411023622046
20
-3.6510023228346458
11
5.4348557480314961
21
-3.6518169685039368
0
LINE
8
BLACK
6
CONTINUOUS
10
5.4348557480314961
20
-3.6518169685039368
11
5.4352966535433067
21
-3.652881377952756
0
LINE
8
BLACK
6
CONTINUOUS
10
5.4352966535433067
20
-3.652881377952756
11
5.4353533858267715
21
-3.6534574409448819
0
LINE
8
BLACK
6
CONTINUOUS
10
5.4353533858267715
20
-3.6534574409448819
11
5.4353533858267715
21
-3.6846313779527557
0
LINE
8
BLACK
6
CONTINUOUS
10
5.4353533858267715
20
-3.6846313779527557
11
5.4367021259842518
21
-3.6873288582677164
0
LINE
8
BLACK
6
CONTINUOUS
10
5.4367021259842518
20
-3.6873288582677164
11
5.4378992519685037
21
-3.688526023622047
0
LINE
8
BLACK
6
CONTINUOUS
10
5.4378992519685037
20
-3.688526023622047
11
5.4405967322834643
21
-3.6898747637795273
0
LINE
8
BLACK
6
CONTINUOUS
10
5.4405967322834643
20
-3.6898747637795273
11
5.4467016929133854
21
-3.6898747637795273
0
LINE
8
BLACK
6
CONTINUOUS
10
5.4467016929133854
20
-3.6898747637795273
11
5.4493991338582672
21
-3.688526023622047
0
LINE
8
BLACK
6
CONTINUOUS
10
5.4493991338582672
20
-3.688526023622047
11
5.4505962598425199
21
-3.6873288582677164
0
LINE
8
BLACK
6
CONTINUOUS
10
5.4505962598425199
20
-3.6873288582677164
11
5.451945039370079
21
-3.6846313779527557
0
LINE
8
BLACK
6
CONTINUOUS
10
5.451945039370079
20
-3.6846313779527557
11
5.451945039370079
21
-3.6534574409448819
0
LINE
8
BLACK
6
CONTINUOUS
10
5.451945039370079
20
-3.6534574409448819
11
5.4520017716535429
21
-3.652881377952756
0
LINE
8
BLACK
6
CONTINUOUS
10
5.4520017716535429
20
-3.652881377952756
11
5.4524426771653545
21
-3.6518169685039368
0
LINE
8
BLACK
6
CONTINUOUS
10
5.4524426771653545
20
-3.6518169685039368
11
5.4532573228346459
21
-3.6510023228346458
0
LINE
8
BLACK
6
CONTINUOUS
10
5.4532573228346459
20
-3.6510023228346458
11
5.4543217322834643
21
-3.6505614173228347
0
LINE
8
BLACK
6
CONTINUOUS
10
5.4543217322834643
20
-3.6505614173228347
11
5.455473858267716
21
-3.6505614173228347
0
LINE
8
BLACK
6
CONTINUOUS
10
5.455473858267716
20
-3.6505614173228347
11
5.4565382677165353
21
-3.6510023228346458
0
LINE
8
BLACK
6
CONTINUOUS
10
5.4565382677165353
20
-3.6510023228346458
11
5.4573529133858267
21
-3.6518169685039368
0
LINE
8
BLACK
6
CONTINUOUS
10
5.4573529133858267
20
-3.6518169685039368
11
5.4577938188976374
21
-3.652881377952756
0
LINE
8
BLACK
6
CONTINUOUS
10
5.4577938188976374
20
-3.652881377952756
11
5.4578505511811022
21
-3.6534574409448819
0
LINE
8
BLACK
6
CONTINUOUS
10
5.4578505511811022
20
-3.6534574409448819
11
5.4578505511811022
21
-3.6853284251968503
0
LINE
8
BLACK
6
CONTINUOUS
10
5.4578505511811022
20
-3.6853284251968503
11
5.4577938188976374
21
-3.6859044881889762
0
LINE
8
BLACK
6
CONTINUOUS
10
5.4577938188976374
20
-3.6859044881889762
11
5.4577532283464567
21
-3.6860024409448817
0
LINE
8
BLACK
6
CONTINUOUS
10
5.4577532283464567
20
-3.6860024409448817
11
5.4577457086614176
21
-3.6861083464566926
0
LINE
8
BLACK
6
CONTINUOUS
10
5.4577457086614176
20
-3.6861083464566926
11
5.4575388188976373
21
-3.6866489370078739
0
LINE
8
BLACK
6
CONTINUOUS
10
5.4575388188976373
20
-3.6866489370078739
11
5.4556640551181097
21
-3.690398464566929
0
LINE
8
BLACK
6
CONTINUOUS
10
5.4556640551181097
20
-3.690398464566929
11
5.4555079921259839
21
-3.6906463385826771
0
LINE
8
BLACK
6
CONTINUOUS
10
5.4555079921259839
20
-3.6906463385826771
11
5.4554781889763779
21
-3.6907183858267714
0
LINE
8
BLACK
6
CONTINUOUS
10
5.4554781889763779
20
-3.6907183858267714
11
5.4554116535433073
21
-3.690799409448819
0
LINE
8
BLACK
6
CONTINUOUS
10
5.4554116535433073
20
-3.690799409448819
11
5.4553557086614175
21
-3.6908883464566928
0
LINE
8
BLACK
6
CONTINUOUS
10
5.4553557086614175
20
-3.6908883464566928
11
5.4552966929133859
21
-3.6909394881889761
0
LINE
8
BLACK
6
CONTINUOUS
10
5.4552966929133859
20
-3.6909394881889761
11
5.4551109448818895
21
-3.6911658661417324
0
LINE
8
BLACK
6
CONTINUOUS
10
5.4551109448818895
20
-3.6911658661417324
11
5.4532362204724407
21
-3.6930406299212599
0
LINE
8
BLACK
6
CONTINUOUS
10
5.4532362204724407
20
-3.6930406299212599
11
5.4530098425196849
21
-3.6932263779527559
0
LINE
8
BLACK
6
CONTINUOUS
10
5.4530098425196849
20
-3.6932263779527559
11
5.4529586614173224
21
-3.6932854330708662
0
LINE
8
BLACK
6
CONTINUOUS
10
5.4529586614173224
20
-3.6932854330708662
11
5.4528696850393699
21
-3.6933414173228347
0
LINE
8
BLACK
6
CONTINUOUS
10
5.4528696850393699
20
-3.6933414173228347
11
5.4527887401574802
21
-3.6934078740157479
0
LINE
8
BLACK
6
CONTINUOUS
10
5.4527887401574802
20
-3.6934078740157479
11
5.4527167716535434
21
-3.6934376771653543
0
LINE
8
BLACK
6
CONTINUOUS
10
5.4527167716535434
20
-3.6934376771653543
11
5.4524687795275586
21
-3.6935937795275589
0
LINE
8
BLACK
6
CONTINUOUS
10
5.4524687795275586
20
-3.6935937795275589
11
5.4487192519685035
21
-3.6954685433070864
0
LINE
8
BLACK
6
CONTINUOUS
10
5.4487192519685035
20
-3.6954685433070864
11
5.4481786220472443
21
-3.6956754330708659
0
LINE
8
BLACK
6
CONTINUOUS
10
5.4481786220472443
20
-3.6956754330708659
11
5.4480727952755901
21
-3.6956829133858267
0
LINE
8
BLACK
6
CONTINUOUS
10
5.4480727952755901
20
-3.6956829133858267
11
5.4479748031496058
21
-3.6957235433070865
0
LINE
8
BLACK
6
CONTINUOUS
10
5.4479748031496058
20
-3.6957235433070865
11
5.4473987401574799
21
-3.6957802755905509
0
LINE
8
BLACK
6
CONTINUOUS
10
5.4473987401574799
20
-3.6957802755905509
11
5.4398996850393697
21
-3.6957802755905509
0
LINE
8
BLACK
6
CONTINUOUS
10
5.4398996850393697
20
-3.6957802755905509
11
5.4393236220472438
21
-3.6957235433070865
0
LINE
8
BLACK
6
CONTINUOUS
10
5.4393236220472438
20
-3.6957235433070865
11
5.4392256299212596
21
-3.6956829527559054
0
LINE
8
BLACK
6
CONTINUOUS
10
5.4392256299212596
20
-3.6956829527559054
11
5.4391197637795274
21
-3.6956754330708659
0
LINE
8
BLACK
6
CONTINUOUS
10
5.4391197637795274
20
-3.6956754330708659
11
5.4385791732283462
21
-3.6954685433070864
0
LINE
8
BLACK
6
CONTINUOUS
10
5.4385791732283462
20
-3.6954685433070864
11
5.4348296456692911
21
-3.6935937795275589
0
LINE
8
BLACK
6
CONTINUOUS
10
5.4348296456692911
20
-3.6935937795275589
11
5.4345816141732284
21
-3.6934376771653543
0
LINE
8
BLACK
6
CONTINUOUS
10
5.4345816141732284
20
-3.6934376771653543
11
5.4345096850393704
21
-3.6934078740157479
0
LINE
8
BLACK
6
CONTINUOUS
10
5.4345096850393704
20
-3.6934078740157479
11
5.434428700787401
21
-3.6933414173228347
0
LINE
8
BLACK
6
CONTINUOUS
10
5.434428700787401
20
-3.6933414173228347
11
5.4343397637795272
21
-3.6932854330708662
0
LINE
8
BLACK
6
CONTINUOUS
10
5.4343397637795272
20
-3.6932854330708662
11
5.4342885433070869
21
-3.6932263779527559
0
LINE
8
BLACK
6
CONTINUOUS
10
5.4342885433070869
20
-3.6932263779527559
11
5.4340622047244089
21
-3.6930406299212599
0
LINE
8
BLACK
6
CONTINUOUS
10
5.4340622047244089
20
-3.6930406299212599
11
5.4321874409448814
21
-3.6911658267716536
0
LINE
8
BLACK
6
CONTINUOUS
10
5.4321874409448814
20
-3.6911658267716536
11
5.4320016929133859
21
-3.6909394881889761
0
LINE
8
BLACK
6
CONTINUOUS
10
5.4320016929133859
20
-3.6909394881889761
11
5.431942716535433
21
-3.6908883464566928
0
LINE
8
BLACK
6
CONTINUOUS
10
5.431942716535433
20
-3.6908883464566928
11
5.4318867322834645
21
-3.690799409448819
0
LINE
8
BLACK
6
CONTINUOUS
10
5.4318867322834645
20
-3.690799409448819
11
5.4318202362204726
21
-3.6907183858267714
0
LINE
8
BLACK
6
CONTINUOUS
10
5.4318202362204726
20
-3.6907183858267714
11
5.431790393700787
21
-3.6906463385826771
0
LINE
8
BLACK
6
CONTINUOUS
10
5.431790393700787
20
-3.6906463385826771
11
5.4316343700787399
21
-3.690398464566929
0
LINE
8
BLACK
6
CONTINUOUS
10
5.4316343700787399
20
-3.690398464566929
11
5.4297596062992124
21
-3.6866489370078739
0
LINE
8
BLACK
6
CONTINUOUS
10
5.4297596062992124
20
-3.6866489370078739
11
5.4295527165354329
21
-3.6861083070866143
0
LINE
8
BLACK
6
CONTINUOUS
10
5.4295527165354329
20
-3.6861083070866143
11
5.4295451968503938
21
-3.6860024803149605
0
LINE
8
BLACK
6
CONTINUOUS
10
5.4295451968503938
20
-3.6860024803149605
11
5.4295046062992123
21
-3.6859044881889762
0
LINE
8
BLACK
6
CONTINUOUS
10
5.4295046062992123
20
-3.6859044881889762
11
5.4294478740157475
21
-3.6853284251968503
0
LINE
8
BLACK
6
CONTINUOUS
10
5.4294478740157475
20
-3.6853284251968503
11
5.4294478740157475
21
-3.6534574409448819
0
LINE
8
BLACK
6
CONTINUOUS
10
5.4294478740157475
20
-3.6534574409448819
11
5.4295046062992123
21
-3.652881377952756
0
LINE
8
BLACK
6
CONTINUOUS
10
5.4295046062992123
20
-3.652881377952756
11
5.4299455118110238
21
-3.6518169685039368
0
LINE
8
BLACK
6
CONTINUOUS
10
5.4299455118110238
20
-3.6518169685039368
11
5.4307601574803153
21
-3.6510023228346458
0
LINE
8
BLACK
6
CONTINUOUS
10
5.4307601574803153
20
-3.6510023228346458
11
5.4318245669291336
21
-3.6505614173228347
0
LINE
8
BLACK
6
CONTINUOUS
10
5.4318245669291336
20
-3.6505614173228347
11
5.4329766929133854
21
-3.6505614173228347
0
LINE
8
BLACK
6
CONTINUOUS
10
5.4329766929133854
20
-3.6505614173228347
11
5.4340411023622046
21
-3.6510023228346458
0
LINE
8
BLACK
6
CONTINUOUS
10
4.8984327952755908
20
-3.6664633464566929
11
4.8990193307086614
21
-3.6666588582677164
0
LINE
8
BLACK
6
CONTINUOUS
10
4.8990193307086614
20
-3.6666588582677164
11
4.8990844881889766
21
-3.6667891732283464
0
LINE
8
BLACK
6
CONTINUOUS
10
4.8990844881889766
20
-3.6667891732283464
11
4.8992148425196849
21
-3.6668543700787399
0
LINE
8
BLACK
6
CONTINUOUS
10
4.8992148425196849
20
-3.6668543700787399
11
4.8995916141732279
21
-3.6675153543307086
0
LINE
8
BLACK
6
CONTINUOUS
10
4.8995916141732279
20
-3.6675153543307086
11
4.9061582677165356
21
-3.6872153937007872
0
LINE
8
BLACK
6
CONTINUOUS
10
4.9061582677165356
20
-3.6872153937007872
11
4.9062534645669293
21
-3.6879702362204725
0
LINE
8
BLACK
6
CONTINUOUS
10
4.9062534645669293
20
-3.6879702362204725
11
4.9055859842519682
21
-3.6893051574803151
0
LINE
8
BLACK
6
CONTINUOUS
10
4.9055859842519682
20
-3.6893051574803151
11
4.904170118110236
21
-3.6897771259842518
0
LINE
8
BLACK
6
CONTINUOUS
10
4.904170118110236
20
-3.6897771259842518
11
4.9028351968503934
21
-3.6891096456692911
0
LINE
8
BLACK
6
CONTINUOUS
10
4.9028351968503934
20
-3.6891096456692911
11
4.9024584251968504
21
-3.6884486614173229
0
LINE
8
BLACK
6
CONTINUOUS
10
4.9024584251968504
20
-3.6884486614173229
11
4.9010266929133861
21
-3.6841534251968504
0
LINE
8
BLACK
6
CONTINUOUS
10
4.9010266929133861
20
-3.6841534251968504
11
4.8944566929133861
21
-3.6841534251968504
0
LINE
8
BLACK
6
CONTINUOUS
10
4.8944566929133861
20
-3.6841534251968504
11
4.893024960629921
21
-3.6884486614173229
0
LINE
8
BLACK
6
CONTINUOUS
10
4.893024960629921
20
-3.6884486614173229
11
4.892648188976378
21
-3.6891096456692911
0
LINE
8
BLACK
6
CONTINUOUS
10
4.892648188976378
20
-3.6891096456692911
11
4.8913132677165354
21
-3.6897771259842518
0
LINE
8
BLACK
6
CONTINUOUS
10
4.8913132677165354
20
-3.6897771259842518
11
4.8898974015748031
21
-3.6893051574803151
0
LINE
8
BLACK
6
CONTINUOUS
10
4.8898974015748031
20
-3.6893051574803151
11
4.889229921259842
21
-3.6879702362204725
0
LINE
8
BLACK
6
CONTINUOUS
10
4.889229921259842
20
-3.6879702362204725
11
4.8893251181102357
21
-3.6872153543307085
0
LINE
8
BLACK
6
CONTINUOUS
10
4.8893251181102357
20
-3.6872153543307085
11
4.8958917716535435
21
-3.6675153543307086
0
LINE
8
BLACK
6
CONTINUOUS
10
4.8958917716535435
20
-3.6675153543307086
11
4.8962685433070865
21
-3.6668543700787399
0
LINE
8
BLACK
6
CONTINUOUS
10
4.8962685433070865
20
-3.6668543700787399
11
4.896398858267716
21
-3.6667891732283464
0
LINE
8
BLACK
6
CONTINUOUS
10
4.896398858267716
20
-3.6667891732283464
11
4.89646405511811
21
-3.6666588582677164
0
LINE
8
BLACK
6
CONTINUOUS
10
4.89646405511811
20
-3.6666588582677164
11
4.8970505511811027
21
-3.6664633464566929
0
LINE
8
BLACK
6
CONTINUOUS
10
4.8970505511811027
20
-3.6664633464566929
11
4.8976034645669291
21
-3.6661868897637793
0
LINE
8
BLACK
6
CONTINUOUS
10
4.8976034645669291
20
-3.6661868897637793
11
4.8977416929133861
21
-3.6662329527559052
0
LINE
8
BLACK
6
CONTINUOUS
10
4.8977416929133861
20
-3.6662329527559052
11
4.8978799212598423
21
-3.6661868897637793
0
LINE
8
BLACK
6
CONTINUOUS
10
4.8978799212598423
20
-3.6661868897637793
11
4.8984327952755908
21
-3.6664633464566929
0
LINE
8
BLACK
6
CONTINUOUS
10
4.8957566929133858
20
-3.6802534251968502
11
4.8997266929133856
21
-3.6802534251968502
0
LINE
8
BLACK
6
CONTINUOUS
10
4.8997266929133856
20
-3.6802534251968502
11
4.8977416535433074
21
-3.6742983858267717
0
LINE
8
BLACK
6
CONTINUOUS
10
4.8977416535433074
20
-3.6742983858267717
11
4.8957566929133858
21
-3.6802534251968502
0
LINE
8
BLACK
6
CONTINUOUS
10
5.2679776771653541
20
-3.6795251968503937
11
5.2690420866141734
21
-3.6799661023622048
0
LINE
8
BLACK
6
CONTINUOUS
10
5.2690420866141734
20
-3.6799661023622048
11
5.2698567322834649
21
-3.6807807480314958
0
LINE
8
BLACK
6
CONTINUOUS
10
5.2698567322834649
20
-3.6807807480314958
11
5.2702976377952755
21
-3.681845157480315
0
LINE
8
BLACK
6
CONTINUOUS
10
5.2702976377952755
20
-3.681845157480315
11
5.2702976377952755
21
-3.6829972834645668
0
LINE
8
BLACK
6
CONTINUOUS
10
5.2702976377952755
20
-3.6829972834645668
11
5.2698567322834649
21
-3.6840616929133856
0
LINE
8
BLACK
6
CONTINUOUS
10
5.2698567322834649
20
-3.6840616929133856
11
5.2690420866141734
21
-3.684876338582677
0
LINE
8
BLACK
6
CONTINUOUS
10
5.2690420866141734
20
-3.684876338582677
11
5.2679776771653541
21
-3.6853172440944881
0
LINE
8
BLACK
6
CONTINUOUS
10
5.2679776771653541
20
-3.6853172440944881
11
5.2674016141732283
21
-3.6853739763779525
0
LINE
8
BLACK
6
CONTINUOUS
10
5.2674016141732283
20
-3.6853739763779525
11
5.2074016141732287
21
-3.6853739763779525
0
LINE
8
BLACK
6
CONTINUOUS
10
5.2074016141732287
20
-3.6853739763779525
11
5.2068255511811019
21
-3.6853172440944881
0
LINE
8
BLACK
6
CONTINUOUS
10
5.2068255511811019
20
-3.6853172440944881
11
5.2057611417322835
21
-3.684876338582677
0
LINE
8
BLACK
6
CONTINUOUS
10
5.2057611417322835
20
-3.684876338582677
11
5.2049464960629921
21
-3.6840616929133856
0
LINE
8
BLACK
6
CONTINUOUS
10
5.2049464960629921
20
-3.6840616929133856
11
5.2045055905511806
21
-3.6829972834645668
0
LINE
8
BLACK
6
CONTINUOUS
10
5.2045055905511806
20
-3.6829972834645668
11
5.2045055905511806
21
-3.681845157480315
0
LINE
8
BLACK
6
CONTINUOUS
10
5.2045055905511806
20
-3.681845157480315
11
5.2049464960629921
21
-3.6807807480314958
0
LINE
8
BLACK
6
CONTINUOUS
10
5.2049464960629921
20
-3.6807807480314958
11
5.2057611417322835
21
-3.6799661023622048
0
LINE
8
BLACK
6
CONTINUOUS
10
5.2057611417322835
20
-3.6799661023622048
11
5.2068255511811019
21
-3.6795251968503937
0
LINE
8
BLACK
6
CONTINUOUS
10
5.2068255511811019
20
-3.6795251968503937
11
5.2074016141732287
21
-3.6794684645669289
0
LINE
8
BLACK
6
CONTINUOUS
10
5.2074016141732287
20
-3.6794684645669289
11
5.2674016141732283
21
-3.6794684645669289
0
LINE
8
BLACK
6
CONTINUOUS
10
5.2674016141732283
20
-3.6794684645669289
11
5.2679776771653541
21
-3.6795251968503937
0
LINE
8
BLACK
6
CONTINUOUS
10
6.3990420472440945
20
-3.6024661417322834
11
6.399856692913386
21
-3.6032807874015749
0
LINE
8
BLACK
6
CONTINUOUS
10
6.399856692913386
20
-3.6032807874015749
11
6.4002975984251966
21
-3.6043451968503937
0
LINE
8
BLACK
6
CONTINUOUS
10
6.4002975984251966
20
-3.6043451968503937
11
6.4003543307086614
21
-3.6049212598425195
0
LINE
8
BLACK
6
CONTINUOUS
10
6.4003543307086614
20
-3.6049212598425195
11
6.4003543307086614
21
-3.6649212598425196
0
LINE
8
BLACK
6
CONTINUOUS
10
6.4003543307086614
20
-3.6649212598425196
11
6.4002975984251966
21
-3.6654973228346455
0
LINE
8
BLACK
6
CONTINUOUS
10
6.4002975984251966
20
-3.6654973228346455
11
6.399856692913386
21
-3.6665617322834643
0
LINE
8
BLACK
6
CONTINUOUS
10
6.399856692913386
20
-3.6665617322834643
11
6.3990420472440945
21
-3.6673763779527557
0
LINE
8
BLACK
6
CONTINUOUS
10
6.3990420472440945
20
-3.6673763779527557
11
6.3979776377952753
21
-3.6678172834645668
0
LINE
8
BLACK
6
CONTINUOUS
10
6.3979776377952753
20
-3.6678172834645668
11
6.3968255118110235
21
-3.6678172834645668
0
LINE
8
BLACK
6
CONTINUOUS
10
6.3968255118110235
20
-3.6678172834645668
11
6.3957611023622043
21
-3.6673763779527557
0
LINE
8
BLACK
6
CONTINUOUS
10
6.3957611023622043
20
-3.6673763779527557
11
6.3949464566929128
21
-3.6665617322834643
0
LINE
8
BLACK
6
CONTINUOUS
10
6.3949464566929128
20
-3.6665617322834643
11
6.3945055511811022
21
-3.6654973228346455
0
LINE
8
BLACK
6
CONTINUOUS
10
6.3945055511811022
20
-3.6654973228346455
11
6.3944488188976374
21
-3.6649212598425196
0
LINE
8
BLACK
6
CONTINUOUS
10
6.3944488188976374
20
-3.6649212598425196
11
6.3944488188976374
21
-3.6049212598425195
0
LINE
8
BLACK
6
CONTINUOUS
10
6.3944488188976374
20
-3.6049212598425195
11
6.3945055511811022
21
-3.6043451968503937
0
LINE
8
BLACK
6
CONTINUOUS
10
6.3945055511811022
20
-3.6043451968503937
11
6.3949464566929128
21
-3.6032807874015749
0
LINE
8
BLACK
6
CONTINUOUS
10
6.3949464566929128
20
-3.6032807874015749
11
6.3957611023622043
21
-3.6024661417322834
0
LINE
8
BLACK
6
CONTINUOUS
10
6.3957611023622043
20
-3.6024661417322834
11
6.3968255118110235
21
-3.6020252362204723
0
LINE
8
BLACK
6
CONTINUOUS
10
6.3968255118110235
20
-3.6020252362204723
11
6.3979776377952753
21
-3.6020252362204723
0
LINE
8
BLACK
6
CONTINUOUS
10
6.3979776377952753
20
-3.6020252362204723
11
6.3990420472440945
21
-3.6024661417322834
0
LINE
8
BLACK
6
CONTINUOUS
10
6.5190420472440946
20
-3.6024661417322834
11
6.5198566929133861
21
-3.6032807874015749
0
LINE
8
BLACK
6
CONTINUOUS
10
6.5198566929133861
20
-3.6032807874015749
11
6.5202975984251967
21
-3.6043451968503937
0
LINE
8
BLACK
6
CONTINUOUS
10
6.5202975984251967
20
-3.6043451968503937
11
6.5203543307086615
21
-3.6049212598425195
0
LINE
8
BLACK
6
CONTINUOUS
10
6.5203543307086615
20
-3.6049212598425195
11
6.5203543307086615
21
-3.6649212598425196
0
LINE
8
BLACK
6
CONTINUOUS
10
6.5203543307086615
20
-3.6649212598425196
11
6.5202975984251967
21
-3.6654973228346455
0
LINE
8
BLACK
6
CONTINUOUS
10
6.5202975984251967
20
-3.6654973228346455
11
6.5198566929133861
21
-3.6665617322834643
0
LINE
8
BLACK
6
CONTINUOUS
10
6.5198566929133861
20
-3.6665617322834643
11
6.5190420472440946
21
-3.6673763779527557
0
LINE
8
BLACK
6
CONTINUOUS
10
6.5190420472440946
20
-3.6673763779527557
11
6.5179776377952754
21
-3.6678172834645668
0
LINE
8
BLACK
6
CONTINUOUS
10
6.5179776377952754
20
-3.6678172834645668
11
6.5168255118110237
21
-3.6678172834645668
0
LINE
8
BLACK
6
CONTINUOUS
10
6.5168255118110237
20
-3.6678172834645668
11
6.5157611023622044
21
-3.6673763779527557
0
LINE
8
BLACK
6
CONTINUOUS
10
6.5157611023622044
20
-3.6673763779527557
11
6.5149464566929129
21
-3.6665617322834643
0
LINE
8
BLACK
6
CONTINUOUS
10
6.5149464566929129
20
-3.6665617322834643
11
6.5145055511811023
21
-3.6654973228346455
0
LINE
8
BLACK
6
CONTINUOUS
10
6.5145055511811023
20
-3.6654973228346455
11
6.5144488188976375
21
-3.6649212598425196
0
LINE
8
BLACK
6
CONTINUOUS
10
6.5144488188976375
20
-3.6649212598425196
11
6.5144488188976375
21
-3.6049212598425195
0
LINE
8
BLACK
6
CONTINUOUS
10
6.5144488188976375
20
-3.6049212598425195
11
6.5145055511811023
21
-3.6043451968503937
0
LINE
8
BLACK
6
CONTINUOUS
10
6.5145055511811023
20
-3.6043451968503937
11
6.5149464566929129
21
-3.6032807874015749
0
LINE
8
BLACK
6
CONTINUOUS
10
6.5149464566929129
20
-3.6032807874015749
11
6.5157611023622044
21
-3.6024661417322834
0
LINE
8
BLACK
6
CONTINUOUS
10
6.5157611023622044
20
-3.6024661417322834
11
6.5168255118110237
21
-3.6020252362204723
0
LINE
8
BLACK
6
CONTINUOUS
10
6.5168255118110237
20
-3.6020252362204723
11
6.5179776377952754
21
-3.6020252362204723
0
LINE
8
BLACK
6
CONTINUOUS
10
6.5179776377952754
20
-3.6020252362204723
11
6.5190420472440946
21
-3.6024661417322834
0
LINE
8
BLACK
6
CONTINUOUS
10
6.4733055511811024
20
-3.6627388582677165
11
6.4745839763779527
21
-3.6640172834645668
0
LINE
8
BLACK
6
CONTINUOUS
10
6.4745839763779527
20
-3.6640172834645668
11
6.4745839763779527
21
-3.6658252362204724
0
LINE
8
BLACK
6
CONTINUOUS
10
6.4745839763779527
20
-3.6658252362204724
11
6.4733055511811024
21
-3.6671036614173227
0
LINE
8
BLACK
6
CONTINUOUS
10
6.4733055511811024
20
-3.6671036614173227
11
6.4724015748031496
21
-3.6672834645669292
0
LINE
8
BLACK
6
CONTINUOUS
10
6.4724015748031496
20
-3.6672834645669292
11
6.4424015748031493
21
-3.6672834645669292
0
LINE
8
BLACK
6
CONTINUOUS
10
6.4424015748031493
20
-3.6672834645669292
11
6.4414975984251965
21
-3.6671036614173227
0
LINE
8
BLACK
6
CONTINUOUS
10
6.4414975984251965
20
-3.6671036614173227
11
6.4402191732283462
21
-3.6658252362204724
0
LINE
8
BLACK
6
CONTINUOUS
10
6.4402191732283462
20
-3.6658252362204724
11
6.4402191732283462
21
-3.6640172834645668
0
LINE
8
BLACK
6
CONTINUOUS
10
6.4402191732283462
20
-3.6640172834645668
11
6.4414975984251965
21
-3.6627388582677165
0
LINE
8
BLACK
6
CONTINUOUS
10
6.4414975984251965
20
-3.6627388582677165
11
6.4424015748031493
21
-3.66255905511811
0
LINE
8
BLACK
6
CONTINUOUS
10
6.4424015748031493
20
-3.66255905511811
11
6.4724015748031496
21
-3.66255905511811
0
LINE
8
BLACK
6
CONTINUOUS
10
6.4724015748031496
20
-3.66255905511811
11
6.4733055511811024
21
-3.6627388582677165
0
LINE
8
BLACK
6
CONTINUOUS
10
4.8637011417322835
20
-3.2724772047244093
11
4.8651203543307089
21
-3.2730650787401574
0
LINE
8
BLACK
6
CONTINUOUS
10
4.8651203543307089
20
-3.2730650787401574
11
4.8662065748031491
21
-3.2741512992125985
0
LINE
8
BLACK
6
CONTINUOUS
10
4.8662065748031491
20
-3.2741512992125985
11
4.8667944488188972
21
-3.2755705118110234
0
LINE
8
BLACK
6
CONTINUOUS
10
4.8667944488188972
20
-3.2755705118110234
11
4.8667944488188972
21
-3.2771066535433069
0
LINE
8
BLACK
6
CONTINUOUS
10
4.8667944488188972
20
-3.2771066535433069
11
4.8662065748031491
21
-3.2785258661417322
0
LINE
8
BLACK
6
CONTINUOUS
10
4.8662065748031491
20
-3.2785258661417322
11
4.8651203543307089
21
-3.2796120866141734
0
LINE
8
BLACK
6
CONTINUOUS
10
4.8651203543307089
20
-3.2796120866141734
11
4.8637011417322835
21
-3.280199960629921
0
LINE
8
BLACK
6
CONTINUOUS
10
4.8637011417322835
20
-3.280199960629921
11
4.8629330708661413
21
-3.2802755905511809
0
LINE
8
BLACK
6
CONTINUOUS
10
4.8629330708661413
20
-3.2802755905511809
11
4.816476377952756
21
-3.2802755905511809
0
LINE
8
BLACK
6
CONTINUOUS
10
4.816476377952756
20
-3.2802755905511809
11
4.816476377952756
21
-3.6495669291338584
0
LINE
8
BLACK
6
CONTINUOUS
10
4.816476377952756
20
-3.6495669291338584
11
4.8629330708661413
21
-3.6495669291338584
0
LINE
8
BLACK
6
CONTINUOUS
10
4.8629330708661413
20
-3.6495669291338584
11
4.8637011417322835
21
-3.6496425590551178
0
LINE
8
BLACK
6
CONTINUOUS
10
4.8637011417322835
20
-3.6496425590551178
11
4.8651203543307089
21
-3.6502304330708659
0
LINE
8
BLACK
6
CONTINUOUS
10
4.8651203543307089
20
-3.6502304330708659
11
4.8662065748031491
21
-3.651316653543307
0
LINE
8
BLACK
6
CONTINUOUS
10
4.8662065748031491
20
-3.651316653543307
11
4.8667944488188972
21
-3.6527358661417324
0
LINE
8
BLACK
6
CONTINUOUS
10
4.8667944488188972
20
-3.6527358661417324
11
4.8667944488188972
21
-3.6542720078740158
0
LINE
8
BLACK
6
CONTINUOUS
10
4.8667944488188972
20
-3.6542720078740158
11
4.8662065748031491
21
-3.6556912204724408
0
LINE
8
BLACK
6
CONTINUOUS
10
4.8662065748031491
20
-3.6556912204724408
11
4.8651203543307089
21
-3.6567774409448819
0
LINE
8
BLACK
6
CONTINUOUS
10
4.8651203543307089
20
-3.6567774409448819
11
4.8637011417322835
21
-3.65736531496063
0
LINE
8
BLACK
6
CONTINUOUS
10
4.8637011417322835
20
-3.65736531496063
11
4.8629330708661413
21
-3.6574409448818899
0
LINE
8
BLACK
6
CONTINUOUS
10
4.8629330708661413
20
-3.6574409448818899
11
4.8125393700787402
21
-3.6574409448818899
0
LINE
8
BLACK
6
CONTINUOUS
10
4.8125393700787402
20
-3.6574409448818899
11
4.8117712992125981
21
-3.65736531496063
0
LINE
8
BLACK
6
CONTINUOUS
10
4.8117712992125981
20
-3.65736531496063
11
4.8103520866141727
21
-3.6567774409448819
0
LINE
8
BLACK
6
CONTINUOUS
10
4.8103520866141727
20
-3.6567774409448819
11
4.8092658661417325
21
-3.6556912204724408
0
LINE
8
BLACK
6
CONTINUOUS
10
4.8092658661417325
20
-3.6556912204724408
11
4.8086779921259843
21
-3.6542720078740158
0
LINE
8
BLACK
6
CONTINUOUS
10
4.8086779921259843
20
-3.6542720078740158
11
4.8086023622047245
21
-3.6535039370078741
0
LINE
8
BLACK
6
CONTINUOUS
10
4.8086023622047245
20
-3.6535039370078741
11
4.8086023622047245
21
-3.2763385826771652
0
LINE
8
BLACK
6
CONTINUOUS
10
4.8086023622047245
20
-3.2763385826771652
11
4.8086779921259843
21
-3.2755705118110234
0
LINE
8
BLACK
6
CONTINUOUS
10
4.8086779921259843
20
-3.2755705118110234
11
4.8092658661417325
21
-3.2741512992125985
0
LINE
8
BLACK
6
CONTINUOUS
10
4.8092658661417325
20
-3.2741512992125985
11
4.8103520866141727
21
-3.2730650787401574
0
LINE
8
BLACK
6
CONTINUOUS
10
4.8103520866141727
20
-3.2730650787401574
11
4.8117712992125981
21
-3.2724772047244093
0
LINE
8
BLACK
6
CONTINUOUS
10
4.8117712992125981
20
-3.2724772047244093
11
4.8125393700787402
21
-3.2724015748031494
0
LINE
8
BLACK
6
CONTINUOUS
10
4.8125393700787402
20
-3.2724015748031494
11
4.8629330708661413
21
-3.2724015748031494
0
LINE
8
BLACK
6
CONTINUOUS
10
4.8629330708661413
20
-3.2724015748031494
11
4.8637011417322835
21
-3.2724772047244093
0
LINE
8
BLACK
6
CONTINUOUS
10
5.0200003543307083
20
-3.6496425590551178
11
5.0214195669291337
21
-3.6502304330708659
0
LINE
8
BLACK
6
CONTINUOUS
10
5.0214195669291337
20
-3.6502304330708659
11
5.0225057874015748
21
-3.651316653543307
0
LINE
8
BLACK
6
CONTINUOUS
10
5.0225057874015748
20
-3.651316653543307
11
5.0230936614173229
21
-3.6527358661417324
0
LINE
8
BLACK
6
CONTINUOUS
10
5.0230936614173229
20
-3.6527358661417324
11
5.0230936614173229
21
-3.6542720078740158
0
LINE
8
BLACK
6
CONTINUOUS
10
5.0230936614173229
20
-3.6542720078740158
11
5.0225057874015748
21
-3.6556912204724408
0
LINE
8
BLACK
6
CONTINUOUS
10
5.0225057874015748
20
-3.6556912204724408
11
5.0214195669291337
21
-3.6567774409448819
0
LINE
8
BLACK
6
CONTINUOUS
10
5.0214195669291337
20
-3.6567774409448819
11
5.0200003543307083
21
-3.65736531496063
0
LINE
8
BLACK
6
CONTINUOUS
10
5.0200003543307083
20
-3.65736531496063
11
5.0192322834645671
21
-3.6574409448818899
0
LINE
8
BLACK
6
CONTINUOUS
10
5.0192322834645671
20
-3.6574409448818899
11
4.9700196850393699
21
-3.6574409448818899
0
LINE
8
BLACK
6
CONTINUOUS
10
4.9700196850393699
20
-3.6574409448818899
11
4.9692516141732286
21
-3.65736531496063
0
LINE
8
BLACK
6
CONTINUOUS
10
4.9692516141732286
20
-3.65736531496063
11
4.9678324015748032
21
-3.6567774409448819
0
LINE
8
BLACK
6
CONTINUOUS
10
4.9678324015748032
20
-3.6567774409448819
11
4.9667461811023621
21
-3.6556912204724408
0
LINE
8
BLACK
6
CONTINUOUS
10
4.9667461811023621
20
-3.6556912204724408
11
4.966158307086614
21
-3.6542720078740158
0
LINE
8
BLACK
6
CONTINUOUS
10
4.966158307086614
20
-3.6542720078740158
11
4.966158307086614
21
-3.6527358661417324
0
LINE
8
BLACK
6
CONTINUOUS
10
4.966158307086614
20
-3.6527358661417324
11
4.9667461811023621
21
-3.651316653543307
0
LINE
8
BLACK
6
CONTINUOUS
10
4.9667461811023621
20
-3.651316653543307
11
4.9678324015748032
21
-3.6502304330708659
0
LINE
8
BLACK
6
CONTINUOUS
10
4.9678324015748032
20
-3.6502304330708659
11
4.9692516141732286
21
-3.6496425590551178
0
LINE
8
BLACK
6
CONTINUOUS
10
4.9692516141732286
20
-3.6496425590551178
11
4.9700196850393699
21
-3.6495669291338584
0
LINE
8
BLACK
6
CONTINUOUS
10
4.9700196850393699
20
-3.6495669291338584
11
5.0192322834645671
21
-3.6495669291338584
0
LINE
8
BLACK
6
CONTINUOUS
10
5.0192322834645671
20
-3.6495669291338584
11
5.0200003543307083
21
-3.6496425590551178
0
LINE
8
BLACK
6
CONTINUOUS
10
5.8654776377952755
20
-3.6445252362204723
11
5.8665420472440948
21
-3.6449661417322834
0
LINE
8
BLACK
6
CONTINUOUS
10
5.8665420472440948
20
-3.6449661417322834
11
5.8673566929133854
21
-3.6457807874015749
0
LINE
8
BLACK
6
CONTINUOUS
10
5.8673566929133854
20
-3.6457807874015749
11
5.8677975984251969
21
-3.6468451968503937
0
LINE
8
BLACK
6
CONTINUOUS
10
5.8677975984251969
20
-3.6468451968503937
11
5.8677975984251969
21
-3.6479973228346454
0
LINE
8
BLACK
6
CONTINUOUS
10
5.8677975984251969
20
-3.6479973228346454
11
5.8673566929133854
21
-3.6490617322834646
0
LINE
8
BLACK
6
CONTINUOUS
10
5.8673566929133854
20
-3.6490617322834646
11
5.8665420472440948
21
-3.6498763779527557
0
LINE
8
BLACK
6
CONTINUOUS
10
5.8665420472440948
20
-3.6498763779527557
11
5.8654776377952755
21
-3.6503172834645667
0
LINE
8
BLACK
6
CONTINUOUS
10
5.8654776377952755
20
-3.6503172834645667
11
5.8649015748031497
21
-3.6503740157480316
0
LINE
8
BLACK
6
CONTINUOUS
10
5.8649015748031497
20
-3.6503740157480316
11
5.8049015748031492
21
-3.6503740157480316
0
LINE
8
BLACK
6
CONTINUOUS
10
5.8049015748031492
20
-3.6503740157480316
11
5.8043255118110233
21
-3.6503172834645667
0
LINE
8
BLACK
6
CONTINUOUS
10
5.8043255118110233
20
-3.6503172834645667
11
5.8032611023622049
21
-3.6498763779527557
0
LINE
8
BLACK
6
CONTINUOUS
10
5.8032611023622049
20
-3.6498763779527557
11
5.8024464566929135
21
-3.6490617322834646
0
LINE
8
BLACK
6
CONTINUOUS
10
5.8024464566929135
20
-3.6490617322834646
11
5.8020055511811019
21
-3.6479973228346454
0
LINE
8
BLACK
6
CONTINUOUS
10
5.8020055511811019
20
-3.6479973228346454
11
5.8020055511811019
21
-3.6468451968503937
0
LINE
8
BLACK
6
CONTINUOUS
10
5.8020055511811019
20
-3.6468451968503937
11
5.8024464566929135
21
-3.6457807874015749
0
LINE
8
BLACK
6
CONTINUOUS
10
5.8024464566929135
20
-3.6457807874015749
11
5.8032611023622049
21
-3.6449661417322834
0
LINE
8
BLACK
6
CONTINUOUS
10
5.8032611023622049
20
-3.6449661417322834
11
5.8043255118110233
21
-3.6445252362204723
0
LINE
8
BLACK
6
CONTINUOUS
10
5.8043255118110233
20
-3.6445252362204723
11
5.8049015748031492
21
-3.6444685039370079
0
LINE
8
BLACK
6
CONTINUOUS
10
5.8049015748031492
20
-3.6444685039370079
11
5.8649015748031497
21
-3.6444685039370079
0
LINE
8
BLACK
6
CONTINUOUS
10
5.8649015748031497
20
-3.6444685039370079
11
5.8654776377952755
21
-3.6445252362204723
0
LINE
8
BLACK
6
CONTINUOUS
10
5.7754776377952757
20
-3.6395252362204724
11
5.776542047244094
21
-3.6399661417322835
0
LINE
8
BLACK
6
CONTINUOUS
10
5.776542047244094
20
-3.6399661417322835
11
5.7773566929133855
21
-3.6407807874015745
0
LINE
8
BLACK
6
CONTINUOUS
10
5.7773566929133855
20
-3.6407807874015745
11
5.777797598425197
21
-3.6418451968503938
0
LINE
8
BLACK
6
CONTINUOUS
10
5.777797598425197
20
-3.6418451968503938
11
5.777797598425197
21
-3.6429973228346455
0
LINE
8
BLACK
6
CONTINUOUS
10
5.777797598425197
20
-3.6429973228346455
11
5.7773566929133855
21
-3.6440617322834643
0
LINE
8
BLACK
6
CONTINUOUS
10
5.7773566929133855
20
-3.6440617322834643
11
5.776542047244094
21
-3.6448763779527558
0
LINE
8
BLACK
6
CONTINUOUS
10
5.776542047244094
20
-3.6448763779527558
11
5.7754776377952757
21
-3.6453172834645668
0
LINE
8
BLACK
6
CONTINUOUS
10
5.7754776377952757
20
-3.6453172834645668
11
5.7749015748031498
21
-3.6453740157480312
0
LINE
8
BLACK
6
CONTINUOUS
10
5.7749015748031498
20
-3.6453740157480312
11
5.7149015748031493
21
-3.6453740157480312
0
LINE
8
BLACK
6
CONTINUOUS
10
5.7149015748031493
20
-3.6453740157480312
11
5.7143255118110234
21
-3.6453172834645668
0
LINE
8
BLACK
6
CONTINUOUS
10
5.7143255118110234
20
-3.6453172834645668
11
5.7132611023622042
21
-3.6448763779527558
0
LINE
8
BLACK
6
CONTINUOUS
10
5.7132611023622042
20
-3.6448763779527558
11
5.7124464566929136
21
-3.6440617322834643
0
LINE
8
BLACK
6
CONTINUOUS
10
5.7124464566929136
20
-3.6440617322834643
11
5.7120055511811021
21
-3.6429973228346455
0
LINE
8
BLACK
6
CONTINUOUS
10
5.7120055511811021
20
-3.6429973228346455
11
5.7120055511811021
21
-3.6418451968503938
0
LINE
8
BLACK
6
CONTINUOUS
10
5.7120055511811021
20
-3.6418451968503938
11
5.7124464566929136
21
-3.6407807874015745
0
LINE
8
BLACK
6
CONTINUOUS
10
5.7124464566929136
20
-3.6407807874015745
11
5.7132611023622042
21
-3.6399661417322835
0
LINE
8
BLACK
6
CONTINUOUS
10
5.7132611023622042
20
-3.6399661417322835
11
5.7143255118110234
21
-3.6395252362204724
0
LINE
8
BLACK
6
CONTINUOUS
10
5.7143255118110234
20
-3.6395252362204724
11
5.7149015748031493
21
-3.6394685039370076
0
LINE
8
BLACK
6
CONTINUOUS
10
5.7149015748031493
20
-3.6394685039370076
11
5.7749015748031498
21
-3.6394685039370076
0
LINE
8
BLACK
6
CONTINUOUS
10
5.7749015748031498
20
-3.6394685039370076
11
5.7754776377952757
21
-3.6395252362204724
0
LINE
8
BLACK
6
CONTINUOUS
10
5.2095840157480318
20
-3.6065172440944879
11
5.2097638188976374
21
-3.6074212204724407
0
LINE
8
BLACK
6
CONTINUOUS
10
5.2097638188976374
20
-3.6074212204724407
11
5.2097638188976374
21
-3.637421220472441
0
LINE
8
BLACK
6
CONTINUOUS
10
5.2097638188976374
20
-3.637421220472441
11
5.2095840157480318
21
-3.6383251968503938
0
LINE
8
BLACK
6
CONTINUOUS
10
5.2095840157480318
20
-3.6383251968503938
11
5.2083055905511806
21
-3.6396036220472441
0
LINE
8
BLACK
6
CONTINUOUS
10
5.2083055905511806
20
-3.6396036220472441
11
5.2064976377952759
21
-3.6396036220472441
0
LINE
8
BLACK
6
CONTINUOUS
10
5.2064976377952759
20
-3.6396036220472441
11
5.2052192125984247
21
-3.6383251968503938
0
LINE
8
BLACK
6
CONTINUOUS
10
5.2052192125984247
20
-3.6383251968503938
11
5.205039409448819
21
-3.637421220472441
0
LINE
8
BLACK
6
CONTINUOUS
10
5.205039409448819
20
-3.637421220472441
11
5.205039409448819
21
-3.6074212204724407
0
LINE
8
BLACK
6
CONTINUOUS
10
5.205039409448819
20
-3.6074212204724407
11
5.2052192125984247
21
-3.6065172440944879
0
LINE
8
BLACK
6
CONTINUOUS
10
5.2052192125984247
20
-3.6065172440944879
11
5.2064976377952759
21
-3.6052388188976376
0
LINE
8
BLACK
6
CONTINUOUS
10
5.2064976377952759
20
-3.6052388188976376
11
5.2083055905511806
21
-3.6052388188976376
0
LINE
8
BLACK
6
CONTINUOUS
10
5.2083055905511806
20
-3.6052388188976376
11
5.2095840157480318
21
-3.6065172440944879
0
LINE
8
BLACK
6
CONTINUOUS
10
5.2695840157480314
20
-3.6065172440944879
11
5.2697638188976379
21
-3.6074212204724407
0
LINE
8
BLACK
6
CONTINUOUS
10
5.2697638188976379
20
-3.6074212204724407
11
5.2697638188976379
21
-3.637421220472441
0
LINE
8
BLACK
6
CONTINUOUS
10
5.2697638188976379
20
-3.637421220472441
11
5.2695840157480314
21
-3.6383251968503938
0
LINE
8
BLACK
6
CONTINUOUS
10
5.2695840157480314
20
-3.6383251968503938
11
5.2683055905511811
21
-3.6396036220472441
0
LINE
8
BLACK
6
CONTINUOUS
10
5.2683055905511811
20
-3.6396036220472441
11
5.2664976377952755
21
-3.6396036220472441
0
LINE
8
BLACK
6
CONTINUOUS
10
5.2664976377952755
20
-3.6396036220472441
11
5.2652192125984252
21
-3.6383251968503938
0
LINE
8
BLACK
6
CONTINUOUS
10
5.2652192125984252
20
-3.6383251968503938
11
5.2650394094488187
21
-3.637421220472441
0
LINE
8
BLACK
6
CONTINUOUS
10
5.2650394094488187
20
-3.637421220472441
11
5.2650394094488187
21
-3.6074212204724407
0
LINE
8
BLACK
6
CONTINUOUS
10
5.2650394094488187
20
-3.6074212204724407
11
5.2652192125984252
21
-3.6065172440944879
0
LINE
8
BLACK
6
CONTINUOUS
10
5.2652192125984252
20
-3.6065172440944879
11
5.2664976377952755
21
-3.6052388188976376
0
LINE
8
BLACK
6
CONTINUOUS
10
5.2664976377952755
20
-3.6052388188976376
11
5.2683055905511811
21
-3.6052388188976376
0
LINE
8
BLACK
6
CONTINUOUS
10
5.2683055905511811
20
-3.6052388188976376
11
5.2695840157480314
21
-3.6065172440944879
0
LINE
8
BLACK
6
CONTINUOUS
10
5.6333055511811025
20
-3.6327388582677163
11
5.6345839763779528
21
-3.634017283464567
0
LINE
8
BLACK
6
CONTINUOUS
10
5.6345839763779528
20
-3.634017283464567
11
5.6345839763779528
21
-3.6358252362204722
0
LINE
8
BLACK
6
CONTINUOUS
10
5.6345839763779528
20
-3.6358252362204722
11
5.6333055511811025
21
-3.6371036614173229
0
LINE
8
BLACK
6
CONTINUOUS
10
5.6333055511811025
20
-3.6371036614173229
11
5.6324015748031497
21
-3.637283464566929
0
LINE
8
BLACK
6
CONTINUOUS
10
5.6324015748031497
20
-3.637283464566929
11
5.6024015748031495
21
-3.637283464566929
0
LINE
8
BLACK
6
CONTINUOUS
10
5.6024015748031495
20
-3.637283464566929
11
5.6014975984251967
21
-3.6371036614173229
0
LINE
8
BLACK
6
CONTINUOUS
10
5.6014975984251967
20
-3.6371036614173229
11
5.6002191732283464
21
-3.6358252362204722
0
LINE
8
BLACK
6
CONTINUOUS
10
5.6002191732283464
20
-3.6358252362204722
11
5.6002191732283464
21
-3.634017283464567
0
LINE
8
BLACK
6
CONTINUOUS
10
5.6002191732283464
20
-3.634017283464567
11
5.6014975984251967
21
-3.6327388582677163
0
LINE
8
BLACK
6
CONTINUOUS
10
5.6014975984251967
20
-3.6327388582677163
11
5.6024015748031495
21
-3.6325590551181102
0
LINE
8
BLACK
6
CONTINUOUS
10
5.6024015748031495
20
-3.6325590551181102
11
5.6324015748031497
21
-3.6325590551181102
0
LINE
8
BLACK
6
CONTINUOUS
10
5.6324015748031497
20
-3.6325590551181102
11
5.6333055511811025
21
-3.6327388582677163
0
LINE
8
BLACK
6
CONTINUOUS
10
5.4612386220472438
20
-3.6287231102362205
11
5.462517047244094
21
-3.6300015354330708
0
LINE
8
BLACK
6
CONTINUOUS
10
5.462517047244094
20
-3.6300015354330708
11
5.462517047244094
21
-3.6318094881889764
0
LINE
8
BLACK
6
CONTINUOUS
10
5.462517047244094
20
-3.6318094881889764
11
5.4612386220472438
21
-3.6330879133858267
0
LINE
8
BLACK
6
CONTINUOUS
10
5.4612386220472438
20
-3.6330879133858267
11
5.4603346456692909
21
-3.6332677165354328
0
LINE
8
BLACK
6
CONTINUOUS
10
5.4603346456692909
20
-3.6332677165354328
11
5.3894685039370076
21
-3.6332677165354328
0
LINE
8
BLACK
6
CONTINUOUS
10
5.3894685039370076
20
-3.6332677165354328
11
5.3885645275590548
21
-3.6330879133858267
0
LINE
8
BLACK
6
CONTINUOUS
10
5.3885645275590548
20
-3.6330879133858267
11
5.3872861023622045
21
-3.6318094881889764
0
LINE
8
BLACK
6
CONTINUOUS
10
5.3872861023622045
20
-3.6318094881889764
11
5.3872861023622045
21
-3.6300015354330708
0
LINE
8
BLACK
6
CONTINUOUS
10
5.3872861023622045
20
-3.6300015354330708
11
5.3885645275590548
21
-3.6287231102362205
0
LINE
8
BLACK
6
CONTINUOUS
10
5.3885645275590548
20
-3.6287231102362205
11
5.3894685039370076
21
-3.628543307086614
0
LINE
8
BLACK
6
CONTINUOUS
10
5.3894685039370076
20
-3.628543307086614
11
5.4603346456692909
21
-3.628543307086614
0
LINE
8
BLACK
6
CONTINUOUS
10
5.4603346456692909
20
-3.628543307086614
11
5.4612386220472438
21
-3.6287231102362205
0
LINE
8
BLACK
6
CONTINUOUS
10
5.8673595669291334
20
-3.5780724015748029
11
5.8675393700787399
21
-3.5789763779527557
0
LINE
8
BLACK
6
CONTINUOUS
10
5.8675393700787399
20
-3.5789763779527557
11
5.8675393700787399
21
-3.6012204724409447
0
LINE
8
BLACK
6
CONTINUOUS
10
5.8675393700787399
20
-3.6012204724409447
11
5.8897834645669294
21
-3.6012204724409447
0
LINE
8
BLACK
6
CONTINUOUS
10
5.8897834645669294
20
-3.6012204724409447
11
5.8906874409448822
21
-3.6014002755905512
0
LINE
8
BLACK
6
CONTINUOUS
10
5.8906874409448822
20
-3.6014002755905512
11
5.8919658661417325
21
-3.6026787007874015
0
LINE
8
BLACK
6
CONTINUOUS
10
5.8919658661417325
20
-3.6026787007874015
11
5.8919658661417325
21
-3.6044866535433071
0
LINE
8
BLACK
6
CONTINUOUS
10
5.8919658661417325
20
-3.6044866535433071
11
5.8906874409448822
21
-3.6057650787401574
0
LINE
8
BLACK
6
CONTINUOUS
10
5.8906874409448822
20
-3.6057650787401574
11
5.8897834645669294
21
-3.6059448818897635
0
LINE
8
BLACK
6
CONTINUOUS
10
5.8897834645669294
20
-3.6059448818897635
11
5.8675393700787399
21
-3.6059448818897635
0
LINE
8
BLACK
6
CONTINUOUS
10
5.8675393700787399
20
-3.6059448818897635
11
5.8675393700787399
21
-3.6281889763779525
0
LINE
8
BLACK
6
CONTINUOUS
10
5.8675393700787399
20
-3.6281889763779525
11
5.8673595669291334
21
-3.6290929527559053
0
LINE
8
BLACK
6
CONTINUOUS
10
5.8673595669291334
20
-3.6290929527559053
11
5.8660811417322831
21
-3.630371377952756
0
LINE
8
BLACK
6
CONTINUOUS
10
5.8660811417322831
20
-3.630371377952756
11
5.8642731889763775
21
-3.630371377952756
0
LINE
8
BLACK
6
CONTINUOUS
10
5.8642731889763775
20
-3.630371377952756
11
5.8629947637795272
21
-3.6290929527559053
0
LINE
8
BLACK
6
CONTINUOUS
10
5.8629947637795272
20
-3.6290929527559053
11
5.8628149606299207
21
-3.6281889763779525
0
LINE
8
BLACK
6
CONTINUOUS
10
5.8628149606299207
20
-3.6281889763779525
11
5.8628149606299207
21
-3.6059448818897635
0
LINE
8
BLACK
6
CONTINUOUS
10
5.8628149606299207
20
-3.6059448818897635
11
5.8405708661417322
21
-3.6059448818897635
0
LINE
8
BLACK
6
CONTINUOUS
10
5.8405708661417322
20
-3.6059448818897635
11
5.8396668897637793
21
-3.6057650787401574
0
LINE
8
BLACK
6
CONTINUOUS
10
5.8396668897637793
20
-3.6057650787401574
11
5.8383884645669291
21
-3.6044866535433071
0
LINE
8
BLACK
6
CONTINUOUS
10
5.8383884645669291
20
-3.6044866535433071
11
5.8383884645669291
21
-3.6026787007874015
0
LINE
8
BLACK
6
CONTINUOUS
10
5.8383884645669291
20
-3.6026787007874015
11
5.8396668897637793
21
-3.6014002755905512
0
LINE
8
BLACK
6
CONTINUOUS
10
5.8396668897637793
20
-3.6014002755905512
11
5.8405708661417322
21
-3.6012204724409447
0
LINE
8
BLACK
6
CONTINUOUS
10
5.8405708661417322
20
-3.6012204724409447
11
5.8628149606299207
21
-3.6012204724409447
0
LINE
8
BLACK
6
CONTINUOUS
10
5.8628149606299207
20
-3.6012204724409447
11
5.8628149606299207
21
-3.5789763779527557
0
LINE
8
BLACK
6
CONTINUOUS
10
5.8628149606299207
20
-3.5789763779527557
11
5.8629947637795272
21
-3.5780724015748029
0
LINE
8
BLACK
6
CONTINUOUS
10
5.8629947637795272
20
-3.5780724015748029
11
5.8642731889763775
21
-3.5767939763779526
0
LINE
8
BLACK
6
CONTINUOUS
10
5.8642731889763775
20
-3.5767939763779526
11
5.8660811417322831
21
-3.5767939763779526
0
LINE
8
BLACK
6
CONTINUOUS
10
5.8660811417322831
20
-3.5767939763779526
11
5.8673595669291334
21
-3.5780724015748029
0
LINE
8
BLACK
6
CONTINUOUS
10
6.4733055511811024
20
-3.6027388582677164
11
6.4745839763779527
21
-3.6040172834645667
0
LINE
8
BLACK
6
CONTINUOUS
10
6.4745839763779527
20
-3.6040172834645667
11
6.4745839763779527
21
-3.6058252362204724
0
LINE
8
BLACK
6
CONTINUOUS
10
6.4745839763779527
20
-3.6058252362204724
11
6.4733055511811024
21
-3.6071036614173226
0
LINE
8
BLACK
6
CONTINUOUS
10
6.4733055511811024
20
-3.6071036614173226
11
6.4724015748031496
21
-3.6072834645669292
0
LINE
8
BLACK
6
CONTINUOUS
10
6.4724015748031496
20
-3.6072834645669292
11
6.4424015748031493
21
-3.6072834645669292
0
LINE
8
BLACK
6
CONTINUOUS
10
6.4424015748031493
20
-3.6072834645669292
11
6.4414975984251965
21
-3.6071036614173226
0
LINE
8
BLACK
6
CONTINUOUS
10
6.4414975984251965
20
-3.6071036614173226
11
6.4402191732283462
21
-3.6058252362204724
0
LINE
8
BLACK
6
CONTINUOUS
10
6.4402191732283462
20
-3.6058252362204724
11
6.4402191732283462
21
-3.6040172834645667
0
LINE
8
BLACK
6
CONTINUOUS
10
6.4402191732283462
20
-3.6040172834645667
11
6.4414975984251965
21
-3.6027388582677164
0
LINE
8
BLACK
6
CONTINUOUS
10
6.4414975984251965
20
-3.6027388582677164
11
6.4424015748031493
21
-3.6025590551181104
0
LINE
8
BLACK
6
CONTINUOUS
10
6.4424015748031493
20
-3.6025590551181104
11
6.4724015748031496
21
-3.6025590551181104
0
LINE
8
BLACK
6
CONTINUOUS
10
6.4724015748031496
20
-3.6025590551181104
11
6.4733055511811024
21
-3.6027388582677164
0
LINE
8
BLACK
6
CONTINUOUS
10
5.6090420472440945
20
-3.5374661417322835
11
5.609856692913386
21
-3.5382807874015749
0
LINE
8
BLACK
6
CONTINUOUS
10
5.609856692913386
20
-3.5382807874015749
11
5.6102975984251966
21
-3.5393451968503937
0
LINE
8
BLACK
6
CONTINUOUS
10
5.6102975984251966
20
-3.5393451968503937
11
5.6103543307086614
21
-3.5399212598425196
0
LINE
8
BLACK
6
CONTINUOUS
10
5.6103543307086614
20
-3.5399212598425196
11
5.6103543307086614
21
-3.5999212598425196
0
LINE
8
BLACK
6
CONTINUOUS
10
5.6103543307086614
20
-3.5999212598425196
11
5.6102975984251966
21
-3.6004973228346455
0
LINE
8
BLACK
6
CONTINUOUS
10
5.6102975984251966
20
-3.6004973228346455
11
5.609856692913386
21
-3.6015617322834643
0
LINE
8
BLACK
6
CONTINUOUS
10
5.609856692913386
20
-3.6015617322834643
11
5.6090420472440945
21
-3.6023763779527558
0
LINE
8
BLACK
6
CONTINUOUS
10
5.6090420472440945
20
-3.6023763779527558
11
5.6079776377952752
21
-3.6028172834645669
0
LINE
8
BLACK
6
CONTINUOUS
10
5.6079776377952752
20
-3.6028172834645669
11
5.6068255118110235
21
-3.6028172834645669
0
LINE
8
BLACK
6
CONTINUOUS
10
5.6068255118110235
20
-3.6028172834645669
11
5.6057611023622043
21
-3.6023763779527558
0
LINE
8
BLACK
6
CONTINUOUS
10
5.6057611023622043
20
-3.6023763779527558
11
5.6049464566929137
21
-3.6015617322834643
0
LINE
8
BLACK
6
CONTINUOUS
10
5.6049464566929137
20
-3.6015617322834643
11
5.6045055511811022
21
-3.6004973228346455
0
LINE
8
BLACK
6
CONTINUOUS
10
5.6045055511811022
20
-3.6004973228346455
11
5.6044488188976374
21
-3.5999212598425196
0
LINE
8
BLACK
6
CONTINUOUS
10
5.6044488188976374
20
-3.5999212598425196
11
5.6044488188976374
21
-3.5399212598425196
0
LINE
8
BLACK
6
CONTINUOUS
10
5.6044488188976374
20
-3.5399212598425196
11
5.6045055511811022
21
-3.5393451968503937
0
LINE
8
BLACK
6
CONTINUOUS
10
5.6045055511811022
20
-3.5393451968503937
11
5.6049464566929137
21
-3.5382807874015749
0
LINE
8
BLACK
6
CONTINUOUS
10
5.6049464566929137
20
-3.5382807874015749
11
5.6057611023622043
21
-3.5374661417322835
0
LINE
8
BLACK
6
CONTINUOUS
10
5.6057611023622043
20
-3.5374661417322835
11
5.6068255118110235
21
-3.5370252362204724
0
LINE
8
BLACK
6
CONTINUOUS
10
5.6068255118110235
20
-3.5370252362204724
11
5.6079776377952752
21
-3.5370252362204724
0
LINE
8
BLACK
6
CONTINUOUS
10
5.6079776377952752
20
-3.5370252362204724
11
5.6090420472440945
21
-3.5374661417322835
0
LINE
8
BLACK
6
CONTINUOUS
10
5.7290420472440946
20
-3.5374661417322835
11
5.7298566929133861
21
-3.5382807874015749
0
LINE
8
BLACK
6
CONTINUOUS
10
5.7298566929133861
20
-3.5382807874015749
11
5.7302975984251967
21
-3.5393451968503937
0
LINE
8
BLACK
6
CONTINUOUS
10
5.7302975984251967
20
-3.5393451968503937
11
5.7303543307086615
21
-3.5399212598425196
0
LINE
8
BLACK
6
CONTINUOUS
10
5.7303543307086615
20
-3.5399212598425196
11
5.7303543307086615
21
-3.5999212598425196
0
LINE
8
BLACK
6
CONTINUOUS
10
5.7303543307086615
20
-3.5999212598425196
11
5.7302975984251967
21
-3.6004973228346455
0
LINE
8
BLACK
6
CONTINUOUS
10
5.7302975984251967
20
-3.6004973228346455
11
5.7298566929133861
21
-3.6015617322834643
0
LINE
8
BLACK
6
CONTINUOUS
10
5.7298566929133861
20
-3.6015617322834643
11
5.7290420472440946
21
-3.6023763779527558
0
LINE
8
BLACK
6
CONTINUOUS
10
5.7290420472440946
20
-3.6023763779527558
11
5.7279776377952754
21
-3.6028172834645669
0
LINE
8
BLACK
6
CONTINUOUS
10
5.7279776377952754
20
-3.6028172834645669
11
5.7268255118110236
21
-3.6028172834645669
0
LINE
8
BLACK
6
CONTINUOUS
10
5.7268255118110236
20
-3.6028172834645669
11
5.7257611023622044
21
-3.6023763779527558
0
LINE
8
BLACK
6
CONTINUOUS
10
5.7257611023622044
20
-3.6023763779527558
11
5.7249464566929129
21
-3.6015617322834643
0
LINE
8
BLACK
6
CONTINUOUS
10
5.7249464566929129
20
-3.6015617322834643
11
5.7245055511811023
21
-3.6004973228346455
0
LINE
8
BLACK
6
CONTINUOUS
10
5.7245055511811023
20
-3.6004973228346455
11
5.7244488188976375
21
-3.5999212598425196
0
LINE
8
BLACK
6
CONTINUOUS
10
5.7244488188976375
20
-3.5999212598425196
11
5.7244488188976375
21
-3.5399212598425196
0
LINE
8
BLACK
6
CONTINUOUS
10
5.7244488188976375
20
-3.5399212598425196
11
5.7245055511811023
21
-3.5393451968503937
0
LINE
8
BLACK
6
CONTINUOUS
10
5.7245055511811023
20
-3.5393451968503937
11
5.7249464566929129
21
-3.5382807874015749
0
LINE
8
BLACK
6
CONTINUOUS
10
5.7249464566929129
20
-3.5382807874015749
11
5.7257611023622044
21
-3.5374661417322835
0
LINE
8
BLACK
6
CONTINUOUS
10
5.7257611023622044
20
-3.5374661417322835
11
5.7268255118110236
21
-3.5370252362204724
0
LINE
8
BLACK
6
CONTINUOUS
10
5.7268255118110236
20
-3.5370252362204724
11
5.7279776377952754
21
-3.5370252362204724
0
LINE
8
BLACK
6
CONTINUOUS
10
5.7279776377952754
20
-3.5370252362204724
11
5.7290420472440946
21
-3.5374661417322835
0
LINE
8
BLACK
6
CONTINUOUS
10
5.6833055511811024
20
-3.5977388582677166
11
5.6845839763779527
21
-3.5990172834645668
0
LINE
8
BLACK
6
CONTINUOUS
10
5.6845839763779527
20
-3.5990172834645668
11
5.6845839763779527
21
-3.6008252362204725
0
LINE
8
BLACK
6
CONTINUOUS
10
5.6845839763779527
20
-3.6008252362204725
11
5.6833055511811024
21
-3.6021036614173227
0
LINE
8
BLACK
6
CONTINUOUS
10
5.6833055511811024
20
-3.6021036614173227
11
5.6824015748031496
21
-3.6022834645669293
0
LINE
8
BLACK
6
CONTINUOUS
10
5.6824015748031496
20
-3.6022834645669293
11
5.6524015748031493
21
-3.6022834645669293
0
LINE
8
BLACK
6
CONTINUOUS
10
5.6524015748031493
20
-3.6022834645669293
11
5.6514975984251965
21
-3.6021036614173227
0
LINE
8
BLACK
6
CONTINUOUS
10
5.6514975984251965
20
-3.6021036614173227
11
5.6502191732283462
21
-3.6008252362204725
0
LINE
8
BLACK
6
CONTINUOUS
10
5.6502191732283462
20
-3.6008252362204725
11
5.6502191732283462
21
-3.5990172834645668
0
LINE
8
BLACK
6
CONTINUOUS
10
5.6502191732283462
20
-3.5990172834645668
11
5.6514975984251965
21
-3.5977388582677166
0
LINE
8
BLACK
6
CONTINUOUS
10
5.6514975984251965
20
-3.5977388582677166
11
5.6524015748031493
21
-3.59755905511811
0
LINE
8
BLACK
6
CONTINUOUS
10
5.6524015748031493
20
-3.59755905511811
11
5.6824015748031496
21
-3.59755905511811
0
LINE
8
BLACK
6
CONTINUOUS
10
5.6824015748031496
20
-3.59755905511811
11
5.6833055511811024
21
-3.5977388582677166
0
LINE
8
BLACK
6
CONTINUOUS
10
6.7077524803149604
20
-3.548463346456693
11
6.7083390157480309
21
-3.5486588582677165
0
LINE
8
BLACK
6
CONTINUOUS
10
6.7083390157480309
20
-3.5486588582677165
11
6.7084041732283461
21
-3.5487891732283465
0
LINE
8
BLACK
6
CONTINUOUS
10
6.7084041732283461
20
-3.5487891732283465
11
6.7085345275590553
21
-3.5488543700787401
0
LINE
8
BLACK
6
CONTINUOUS
10
6.7085345275590553
20
-3.5488543700787401
11
6.7089112992125983
21
-3.5495153543307087
0
LINE
8
BLACK
6
CONTINUOUS
10
6.7089112992125983
20
-3.5495153543307087
11
6.7154779527559052
21
-3.5692153937007873
0
LINE
8
BLACK
6
CONTINUOUS
10
6.7154779527559052
20
-3.5692153937007873
11
6.7155731496062989
21
-3.5699702362204722
0
LINE
8
BLACK
6
CONTINUOUS
10
6.7155731496062989
20
-3.5699702362204722
11
6.7149056692913387
21
-3.5713051574803147
0
LINE
8
BLACK
6
CONTINUOUS
10
6.7149056692913387
20
-3.5713051574803147
11
6.7134898031496064
21
-3.5717771259842519
0
LINE
8
BLACK
6
CONTINUOUS
10
6.7134898031496064
20
-3.5717771259842519
11
6.7121548818897638
21
-3.5711096456692912
0
LINE
8
BLACK
6
CONTINUOUS
10
6.7121548818897638
20
-3.5711096456692912
11
6.71177811023622
21
-3.5704486614173225
0
LINE
8
BLACK
6
CONTINUOUS
10
6.71177811023622
20
-3.5704486614173225
11
6.7103463779527557
21
-3.5661534251968505
0
LINE
8
BLACK
6
CONTINUOUS
10
6.7103463779527557
20
-3.5661534251968505
11
6.7037763779527557
21
-3.5661534251968505
0
LINE
8
BLACK
6
CONTINUOUS
10
6.7037763779527557
20
-3.5661534251968505
11
6.7023446456692914
21
-3.5704486614173225
0
LINE
8
BLACK
6
CONTINUOUS
10
6.7023446456692914
20
-3.5704486614173225
11
6.7019678740157476
21
-3.5711096456692912
0
LINE
8
BLACK
6
CONTINUOUS
10
6.7019678740157476
20
-3.5711096456692912
11
6.700632952755905
21
-3.5717771259842519
0
LINE
8
BLACK
6
CONTINUOUS
10
6.700632952755905
20
-3.5717771259842519
11
6.6992170866141727
21
-3.5713051574803147
0
LINE
8
BLACK
6
CONTINUOUS
10
6.6992170866141727
20
-3.5713051574803147
11
6.6985496062992125
21
-3.5699702362204722
0
LINE
8
BLACK
6
CONTINUOUS
10
6.6985496062992125
20
-3.5699702362204722
11
6.6986448031496062
21
-3.5692153543307086
0
LINE
8
BLACK
6
CONTINUOUS
10
6.6986448031496062
20
-3.5692153543307086
11
6.7052114566929131
21
-3.5495153543307087
0
LINE
8
BLACK
6
CONTINUOUS
10
6.7052114566929131
20
-3.5495153543307087
11
6.705588228346457
21
-3.5488543700787401
0
LINE
8
BLACK
6
CONTINUOUS
10
6.705588228346457
20
-3.5488543700787401
11
6.7057185433070865
21
-3.5487891732283465
0
LINE
8
BLACK
6
CONTINUOUS
10
6.7057185433070865
20
-3.5487891732283465
11
6.7057837401574805
21
-3.5486588582677165
0
LINE
8
BLACK
6
CONTINUOUS
10
6.7057837401574805
20
-3.5486588582677165
11
6.7063702362204722
21
-3.548463346456693
0
LINE
8
BLACK
6
CONTINUOUS
10
6.7063702362204722
20
-3.548463346456693
11
6.7069231496062987
21
-3.5481868897637794
0
LINE
8
BLACK
6
CONTINUOUS
10
6.7069231496062987
20
-3.5481868897637794
11
6.7070613779527557
21
-3.5482329527559053
0
LINE
8
BLACK
6
CONTINUOUS
10
6.7070613779527557
20
-3.5482329527559053
11
6.7071996062992127
21
-3.5481868897637794
0
LINE
8
BLACK
6
CONTINUOUS
10
6.7071996062992127
20
-3.5481868897637794
11
6.7077524803149604
21
-3.548463346456693
0
LINE
8
BLACK
6
CONTINUOUS
10
6.7050763779527554
20
-3.5622534251968503
11
6.709046377952756
21
-3.5622534251968503
0
LINE
8
BLACK
6
CONTINUOUS
10
6.709046377952756
20
-3.5622534251968503
11
6.7070613385826769
21
-3.5562983858267714
0
LINE
8
BLACK
6
CONTINUOUS
10
6.7070613385826769
20
-3.5562983858267714
11
6.7050763779527554
21
-3.5622534251968503
0
LINE
8
BLACK
6
CONTINUOUS
10
5.2679776771653541
20
-3.5595251968503936
11
5.2690420866141734
21
-3.5599661023622047
0
LINE
8
BLACK
6
CONTINUOUS
10
5.2690420866141734
20
-3.5599661023622047
11
5.2698567322834649
21
-3.5607807480314961
0
LINE
8
BLACK
6
CONTINUOUS
10
5.2698567322834649
20
-3.5607807480314961
11
5.2702976377952755
21
-3.5618451574803149
0
LINE
8
BLACK
6
CONTINUOUS
10
5.2702976377952755
20
-3.5618451574803149
11
5.2702976377952755
21
-3.5629972834645667
0
LINE
8
BLACK
6
CONTINUOUS
10
5.2702976377952755
20
-3.5629972834645667
11
5.2698567322834649
21
-3.5640616929133859
0
LINE
8
BLACK
6
CONTINUOUS
10
5.2698567322834649
20
-3.5640616929133859
11
5.2690420866141734
21
-3.5648763385826769
0
LINE
8
BLACK
6
CONTINUOUS
10
5.2690420866141734
20
-3.5648763385826769
11
5.2679776771653541
21
-3.565317244094488
0
LINE
8
BLACK
6
CONTINUOUS
10
5.2679776771653541
20
-3.565317244094488
11
5.2674016141732283
21
-3.5653739763779528
0
LINE
8
BLACK
6
CONTINUOUS
10
5.2674016141732283
20
-3.5653739763779528
11
5.2074016141732287
21
-3.5653739763779528
0
LINE
8
BLACK
6
CONTINUOUS
10
5.2074016141732287
20
-3.5653739763779528
11
5.2068255511811019
21
-3.565317244094488
0
LINE
8
BLACK
6
CONTINUOUS
10
5.2068255511811019
20
-3.565317244094488
11
5.2057611417322835
21
-3.5648763385826769
0
LINE
8
BLACK
6
CONTINUOUS
10
5.2057611417322835
20
-3.5648763385826769
11
5.2049464960629921
21
-3.5640616929133859
0
LINE
8
BLACK
6
CONTINUOUS
10
5.2049464960629921
20
-3.5640616929133859
11
5.2045055905511806
21
-3.5629972834645667
0
LINE
8
BLACK
6
CONTINUOUS
10
5.2045055905511806
20
-3.5629972834645667
11
5.2045055905511806
21
-3.5618451574803149
0
LINE
8
BLACK
6
CONTINUOUS
10
5.2045055905511806
20
-3.5618451574803149
11
5.2049464960629921
21
-3.5607807480314961
0
LINE
8
BLACK
6
CONTINUOUS
10
5.2049464960629921
20
-3.5607807480314961
11
5.2057611417322835
21
-3.5599661023622047
0
LINE
8
BLACK
6
CONTINUOUS
10
5.2057611417322835
20
-3.5599661023622047
11
5.2068255511811019
21
-3.5595251968503936
0
LINE
8
BLACK
6
CONTINUOUS
10
5.2068255511811019
20
-3.5595251968503936
11
5.2074016141732287
21
-3.5594684645669292
0
LINE
8
BLACK
6
CONTINUOUS
10
5.2074016141732287
20
-3.5594684645669292
11
5.2674016141732283
21
-3.5594684645669292
0
LINE
8
BLACK
6
CONTINUOUS
10
5.2674016141732283
20
-3.5594684645669292
11
5.2679776771653541
21
-3.5595251968503936
0
LINE
8
BLACK
6
CONTINUOUS
10
5.6833055511811024
20
-3.5377388582677165
11
5.6845839763779527
21
-3.5390172834645668
0
LINE
8
BLACK
6
CONTINUOUS
10
5.6845839763779527
20
-3.5390172834645668
11
5.6845839763779527
21
-3.5408252362204724
0
LINE
8
BLACK
6
CONTINUOUS
10
5.6845839763779527
20
-3.5408252362204724
11
5.6833055511811024
21
-3.5421036614173227
0
LINE
8
BLACK
6
CONTINUOUS
10
5.6833055511811024
20
-3.5421036614173227
11
5.6824015748031496
21
-3.5422834645669292
0
LINE
8
BLACK
6
CONTINUOUS
10
5.6824015748031496
20
-3.5422834645669292
11
5.6524015748031493
21
-3.5422834645669292
0
LINE
8
BLACK
6
CONTINUOUS
10
5.6524015748031493
20
-3.5422834645669292
11
5.6514975984251965
21
-3.5421036614173227
0
LINE
8
BLACK
6
CONTINUOUS
10
5.6514975984251965
20
-3.5421036614173227
11
5.6502191732283462
21
-3.5408252362204724
0
LINE
8
BLACK
6
CONTINUOUS
10
5.6502191732283462
20
-3.5408252362204724
11
5.6502191732283462
21
-3.5390172834645668
0
LINE
8
BLACK
6
CONTINUOUS
10
5.6502191732283462
20
-3.5390172834645668
11
5.6514975984251965
21
-3.5377388582677165
0
LINE
8
BLACK
6
CONTINUOUS
10
5.6514975984251965
20
-3.5377388582677165
11
5.6524015748031493
21
-3.53755905511811
0
LINE
8
BLACK
6
CONTINUOUS
10
5.6524015748031493
20
-3.53755905511811
11
5.6824015748031496
21
-3.53755905511811
0
LINE
8
BLACK
6
CONTINUOUS
10
5.6824015748031496
20
-3.53755905511811
11
5.6833055511811024
21
-3.5377388582677165
0
LINE
8
BLACK
6
CONTINUOUS
10
6.3940420472440946
20
-3.4674661417322832
11
6.3948566929133861
21
-3.4682807874015746
0
LINE
8
BLACK
6
CONTINUOUS
10
6.3948566929133861
20
-3.4682807874015746
11
6.3952975984251967
21
-3.4693451968503934
0
LINE
8
BLACK
6
CONTINUOUS
10
6.3952975984251967
20
-3.4693451968503934
11
6.3953543307086615
21
-3.4699212598425198
0
LINE
8
BLACK
6
CONTINUOUS
10
6.3953543307086615
20
-3.4699212598425198
11
6.3953543307086615
21
-3.5299212598425198
0
LINE
8
BLACK
6
CONTINUOUS
10
6.3953543307086615
20
-3.5299212598425198
11
6.3952975984251967
21
-3.5304973228346457
0
LINE
8
BLACK
6
CONTINUOUS
10
6.3952975984251967
20
-3.5304973228346457
11
6.3948566929133861
21
-3.5315617322834645
0
LINE
8
BLACK
6
CONTINUOUS
10
6.3948566929133861
20
-3.5315617322834645
11
6.3940420472440946
21
-3.5323763779527559
0
LINE
8
BLACK
6
CONTINUOUS
10
6.3940420472440946
20
-3.5323763779527559
11
6.3929776377952754
21
-3.532817283464567
0
LINE
8
BLACK
6
CONTINUOUS
10
6.3929776377952754
20
-3.532817283464567
11
6.3918255118110237
21
-3.532817283464567
0
LINE
8
BLACK
6
CONTINUOUS
10
6.3918255118110237
20
-3.532817283464567
11
6.3907611023622044
21
-3.5323763779527559
0
LINE
8
BLACK
6
CONTINUOUS
10
6.3907611023622044
20
-3.5323763779527559
11
6.3899464566929129
21
-3.5315617322834645
0
LINE
8
BLACK
6
CONTINUOUS
10
6.3899464566929129
20
-3.5315617322834645
11
6.3895055511811023
21
-3.5304973228346457
0
LINE
8
BLACK
6
CONTINUOUS
10
6.3895055511811023
20
-3.5304973228346457
11
6.3894488188976375
21
-3.5299212598425198
0
LINE
8
BLACK
6
CONTINUOUS
10
6.3894488188976375
20
-3.5299212598425198
11
6.3894488188976375
21
-3.4699212598425198
0
LINE
8
BLACK
6
CONTINUOUS
10
6.3894488188976375
20
-3.4699212598425198
11
6.3895055511811023
21
-3.4693451968503934
0
LINE
8
BLACK
6
CONTINUOUS
10
6.3895055511811023
20
-3.4693451968503934
11
6.3899464566929129
21
-3.4682807874015746
0
LINE
8
BLACK
6
CONTINUOUS
10
6.3899464566929129
20
-3.4682807874015746
11
6.3907611023622044
21
-3.4674661417322832
0
LINE
8
BLACK
6
CONTINUOUS
10
6.3907611023622044
20
-3.4674661417322832
11
6.3918255118110237
21
-3.4670252362204725
0
LINE
8
BLACK
6
CONTINUOUS
10
6.3918255118110237
20
-3.4670252362204725
11
6.3929776377952754
21
-3.4670252362204725
0
LINE
8
BLACK
6
CONTINUOUS
10
6.3929776377952754
20
-3.4670252362204725
11
6.3940420472440946
21
-3.4674661417322832
0
LINE
8
BLACK
6
CONTINUOUS
10
6.5140420472440947
20
-3.4674661417322832
11
6.5148566929133853
21
-3.4682807874015746
0
LINE
8
BLACK
6
CONTINUOUS
10
6.5148566929133853
20
-3.4682807874015746
11
6.5152975984251968
21
-3.4693451968503934
0
LINE
8
BLACK
6
CONTINUOUS
10
6.5152975984251968
20
-3.4693451968503934
11
6.5153543307086617
21
-3.4699212598425198
0
LINE
8
BLACK
6
CONTINUOUS
10
6.5153543307086617
20
-3.4699212598425198
11
6.5153543307086617
21
-3.5299212598425198
0
LINE
8
BLACK
6
CONTINUOUS
10
6.5153543307086617
20
-3.5299212598425198
11
6.5152975984251968
21
-3.5304973228346457
0
LINE
8
BLACK
6
CONTINUOUS
10
6.5152975984251968
20
-3.5304973228346457
11
6.5148566929133853
21
-3.5315617322834645
0
LINE
8
BLACK
6
CONTINUOUS
10
6.5148566929133853
20
-3.5315617322834645
11
6.5140420472440947
21
-3.5323763779527559
0
LINE
8
BLACK
6
CONTINUOUS
10
6.5140420472440947
20
-3.5323763779527559
11
6.5129776377952755
21
-3.532817283464567
0
LINE
8
BLACK
6
CONTINUOUS
10
6.5129776377952755
20
-3.532817283464567
11
6.5118255118110238
21
-3.532817283464567
0
LINE
8
BLACK
6
CONTINUOUS
10
6.5118255118110238
20
-3.532817283464567
11
6.5107611023622045
21
-3.5323763779527559
0
LINE
8
BLACK
6
CONTINUOUS
10
6.5107611023622045
20
-3.5323763779527559
11
6.5099464566929131
21
-3.5315617322834645
0
LINE
8
BLACK
6
CONTINUOUS
10
6.5099464566929131
20
-3.5315617322834645
11
6.5095055511811024
21
-3.5304973228346457
0
LINE
8
BLACK
6
CONTINUOUS
10
6.5095055511811024
20
-3.5304973228346457
11
6.5094488188976376
21
-3.5299212598425198
0
LINE
8
BLACK
6
CONTINUOUS
10
6.5094488188976376
20
-3.5299212598425198
11
6.5094488188976376
21
-3.4699212598425198
0
LINE
8
BLACK
6
CONTINUOUS
10
6.5094488188976376
20
-3.4699212598425198
11
6.5095055511811024
21
-3.4693451968503934
0
LINE
8
BLACK
6
CONTINUOUS
10
6.5095055511811024
20
-3.4693451968503934
11
6.5099464566929131
21
-3.4682807874015746
0
LINE
8
BLACK
6
CONTINUOUS
10
6.5099464566929131
20
-3.4682807874015746
11
6.5107611023622045
21
-3.4674661417322832
0
LINE
8
BLACK
6
CONTINUOUS
10
6.5107611023622045
20
-3.4674661417322832
11
6.5118255118110238
21
-3.4670252362204725
0
LINE
8
BLACK
6
CONTINUOUS
10
6.5118255118110238
20
-3.4670252362204725
11
6.5129776377952755
21
-3.4670252362204725
0
LINE
8
BLACK
6
CONTINUOUS
10
6.5129776377952755
20
-3.4670252362204725
11
6.5140420472440947
21
-3.4674661417322832
0
LINE
8
BLACK
6
CONTINUOUS
10
6.4683055511811025
20
-3.5277388582677163
11
6.4695839763779528
21
-3.529017283464567
0
LINE
8
BLACK
6
CONTINUOUS
10
6.4695839763779528
20
-3.529017283464567
11
6.4695839763779528
21
-3.5308252362204722
0
LINE
8
BLACK
6
CONTINUOUS
10
6.4695839763779528
20
-3.5308252362204722
11
6.4683055511811025
21
-3.5321036614173229
0
LINE
8
BLACK
6
CONTINUOUS
10
6.4683055511811025
20
-3.5321036614173229
11
6.4674015748031497
21
-3.532283464566929
0
LINE
8
BLACK
6
CONTINUOUS
10
6.4674015748031497
20
-3.532283464566929
11
6.4374015748031495
21
-3.532283464566929
0
LINE
8
BLACK
6
CONTINUOUS
10
6.4374015748031495
20
-3.532283464566929
11
6.4364975984251966
21
-3.5321036614173229
0
LINE
8
BLACK
6
CONTINUOUS
10
6.4364975984251966
20
-3.5321036614173229
11
6.4352191732283464
21
-3.5308252362204722
0
LINE
8
BLACK
6
CONTINUOUS
10
6.4352191732283464
20
-3.5308252362204722
11
6.4352191732283464
21
-3.529017283464567
0
LINE
8
BLACK
6
CONTINUOUS
10
6.4352191732283464
20
-3.529017283464567
11
6.4364975984251966
21
-3.5277388582677163
0
LINE
8
BLACK
6
CONTINUOUS
10
6.4364975984251966
20
-3.5277388582677163
11
6.4374015748031495
21
-3.5275590551181102
0
LINE
8
BLACK
6
CONTINUOUS
10
6.4374015748031495
20
-3.5275590551181102
11
6.4674015748031497
21
-3.5275590551181102
0
LINE
8
BLACK
6
CONTINUOUS
10
6.4674015748031497
20
-3.5275590551181102
11
6.4683055511811025
21
-3.5277388582677163
0
LINE
8
BLACK
6
CONTINUOUS
10
5.7195457086614168
20
-3.5035262598425194
11
5.7208241338582679
21
-3.5048046850393701
0
LINE
8
BLACK
6
CONTINUOUS
10
5.7208241338582679
20
-3.5048046850393701
11
5.7208241338582679
21
-3.5066126377952753
0
LINE
8
BLACK
6
CONTINUOUS
10
5.7208241338582679
20
-3.5066126377952753
11
5.7195457086614168
21
-3.5078910629921261
0
LINE
8
BLACK
6
CONTINUOUS
10
5.7195457086614168
20
-3.5078910629921261
11
5.7186417322834648
21
-3.5080708661417321
0
LINE
8
BLACK
6
CONTINUOUS
10
5.7186417322834648
20
-3.5080708661417321
11
5.6221850393700787
21
-3.5080708661417321
0
LINE
8
BLACK
6
CONTINUOUS
10
5.6221850393700787
20
-3.5080708661417321
11
5.6212810629921259
21
-3.5078910629921261
0
LINE
8
BLACK
6
CONTINUOUS
10
5.6212810629921259
20
-3.5078910629921261
11
5.6200026377952756
21
-3.5066126377952753
0
LINE
8
BLACK
6
CONTINUOUS
10
5.6200026377952756
20
-3.5066126377952753
11
5.6200026377952756
21
-3.5048046850393701
0
LINE
8
BLACK
6
CONTINUOUS
10
5.6200026377952756
20
-3.5048046850393701
11
5.6212810629921259
21
-3.5035262598425194
0
LINE
8
BLACK
6
CONTINUOUS
10
5.6212810629921259
20
-3.5035262598425194
11
5.6221850393700787
21
-3.5033464566929133
0
LINE
8
BLACK
6
CONTINUOUS
10
5.6221850393700787
20
-3.5033464566929133
11
5.7186417322834648
21
-3.5033464566929133
0
LINE
8
BLACK
6
CONTINUOUS
10
5.7186417322834648
20
-3.5033464566929133
11
5.7195457086614168
21
-3.5035262598425194
0
LINE
8
BLACK
6
CONTINUOUS
10
5.4868291732283465
20
-3.5019514566929133
11
5.4881075984251968
21
-3.5032298818897636
0
LINE
8
BLACK
6
CONTINUOUS
10
5.4881075984251968
20
-3.5032298818897636
11
5.4881075984251968
21
-3.5050378346456692
0
LINE
8
BLACK
6
CONTINUOUS
10
5.4881075984251968
20
-3.5050378346456692
11
5.4868291732283465
21
-3.5063162598425195
0
LINE
8
BLACK
6
CONTINUOUS
10
5.4868291732283465
20
-3.5063162598425195
11
5.4859251968503937
21
-3.506496062992126
0
LINE
8
BLACK
6
CONTINUOUS
10
5.4859251968503937
20
-3.506496062992126
11
5.3894685039370076
21
-3.506496062992126
0
LINE
8
BLACK
6
CONTINUOUS
10
5.3894685039370076
20
-3.506496062992126
11
5.3885645275590548
21
-3.5063162598425195
0
LINE
8
BLACK
6
CONTINUOUS
10
5.3885645275590548
20
-3.5063162598425195
11
5.3872861023622045
21
-3.5050378346456692
0
LINE
8
BLACK
6
CONTINUOUS
10
5.3872861023622045
20
-3.5050378346456692
11
5.3872861023622045
21
-3.5032298818897636
0
LINE
8
BLACK
6
CONTINUOUS
10
5.3872861023622045
20
-3.5032298818897636
11
5.3885645275590548
21
-3.5019514566929133
0
LINE
8
BLACK
6
CONTINUOUS
10
5.3885645275590548
20
-3.5019514566929133
11
5.3894685039370076
21
-3.5017716535433072
0
LINE
8
BLACK
6
CONTINUOUS
10
5.3894685039370076
20
-3.5017716535433072
11
5.4859251968503937
21
-3.5017716535433072
0
LINE
8
BLACK
6
CONTINUOUS
10
5.4859251968503937
20
-3.5017716535433072
11
5.4868291732283465
21
-3.5019514566929133
0
LINE
8
BLACK
6
CONTINUOUS
10
5.5854776377952753
20
-3.4945252362204724
11
5.5865420472440945
21
-3.4949661417322835
0
LINE
8
BLACK
6
CONTINUOUS
10
5.5865420472440945
20
-3.4949661417322835
11
5.587356692913386
21
-3.4957807874015749
0
LINE
8
BLACK
6
CONTINUOUS
10
5.587356692913386
20
-3.4957807874015749
11
5.5877975984251966
21
-3.4968451968503937
0
LINE
8
BLACK
6
CONTINUOUS
10
5.5877975984251966
20
-3.4968451968503937
11
5.5877975984251966
21
-3.4979973228346455
0
LINE
8
BLACK
6
CONTINUOUS
10
5.5877975984251966
20
-3.4979973228346455
11
5.587356692913386
21
-3.4990617322834643
0
LINE
8
BLACK
6
CONTINUOUS
10
5.587356692913386
20
-3.4990617322834643
11
5.5865420472440945
21
-3.4998763779527557
0
LINE
8
BLACK
6
CONTINUOUS
10
5.5865420472440945
20
-3.4998763779527557
11
5.5854776377952753
21
-3.5003172834645668
0
LINE
8
BLACK
6
CONTINUOUS
10
5.5854776377952753
20
-3.5003172834645668
11
5.5849015748031494
21
-3.5003740157480312
0
LINE
8
BLACK
6
CONTINUOUS
10
5.5849015748031494
20
-3.5003740157480312
11
5.5249015748031498
21
-3.5003740157480312
0
LINE
8
BLACK
6
CONTINUOUS
10
5.5249015748031498
20
-3.5003740157480312
11
5.5243255118110239
21
-3.5003172834645668
0
LINE
8
BLACK
6
CONTINUOUS
10
5.5243255118110239
20
-3.5003172834645668
11
5.5232611023622047
21
-3.4998763779527557
0
LINE
8
BLACK
6
CONTINUOUS
10
5.5232611023622047
20
-3.4998763779527557
11
5.5224464566929132
21
-3.4990617322834643
0
LINE
8
BLACK
6
CONTINUOUS
10
5.5224464566929132
20
-3.4990617322834643
11
5.5220055511811026
21
-3.4979973228346455
0
LINE
8
BLACK
6
CONTINUOUS
10
5.5220055511811026
20
-3.4979973228346455
11
5.5220055511811026
21
-3.4968451968503937
0
LINE
8
BLACK
6
CONTINUOUS
10
5.5220055511811026
20
-3.4968451968503937
11
5.5224464566929132
21
-3.4957807874015749
0
LINE
8
BLACK
6
CONTINUOUS
10
5.5224464566929132
20
-3.4957807874015749
11
5.5232611023622047
21
-3.4949661417322835
0
LINE
8
BLACK
6
CONTINUOUS
10
5.5232611023622047
20
-3.4949661417322835
11
5.5243255118110239
21
-3.4945252362204724
0
LINE
8
BLACK
6
CONTINUOUS
10
5.5243255118110239
20
-3.4945252362204724
11
5.5249015748031498
21
-3.4944685039370076
0
LINE
8
BLACK
6
CONTINUOUS
10
5.5249015748031498
20
-3.4944685039370076
11
5.5849015748031494
21
-3.4944685039370076
0
LINE
8
BLACK
6
CONTINUOUS
10
5.5849015748031494
20
-3.4944685039370076
11
5.5854776377952753
21
-3.4945252362204724
0
LINE
8
BLACK
6
CONTINUOUS
10
5.1933570078740159
20
-3.4666830314960628
11
5.1933794881889765
21
-3.466796023622047
0
LINE
8
BLACK
6
CONTINUOUS
10
5.1933794881889765
20
-3.466796023622047
11
5.1933794881889765
21
-3.4911679527559056
0
LINE
8
BLACK
6
CONTINUOUS
10
5.1933794881889765
20
-3.4911679527559056
11
5.1933570078740159
21
-3.4912809448818898
0
LINE
8
BLACK
6
CONTINUOUS
10
5.1933570078740159
20
-3.4912809448818898
11
5.1931972047244095
21
-3.4914407480314962
0
LINE
8
BLACK
6
CONTINUOUS
10
5.1931972047244095
20
-3.4914407480314962
11
5.1929712204724412
21
-3.4914407480314962
0
LINE
8
BLACK
6
CONTINUOUS
10
5.1929712204724412
20
-3.4914407480314962
11
5.1928114173228348
21
-3.4912809448818898
0
LINE
8
BLACK
6
CONTINUOUS
10
5.1928114173228348
20
-3.4912809448818898
11
5.1927889370078741
21
-3.4911679527559056
0
LINE
8
BLACK
6
CONTINUOUS
10
5.1927889370078741
20
-3.4911679527559056
11
5.1927889370078741
21
-3.4675088188976377
0
LINE
8
BLACK
6
CONTINUOUS
10
5.1927889370078741
20
-3.4675088188976377
11
5.1707957874015751
21
-3.4895019685039368
0
LINE
8
BLACK
6
CONTINUOUS
10
5.1707957874015751
20
-3.4895019685039368
11
5.1707834251968503
21
-3.4895101968503934
0
LINE
8
BLACK
6
CONTINUOUS
10
5.1707834251968503
20
-3.4895101968503934
11
5.170780433070866
21
-3.4895162598425196
0
LINE
8
BLACK
6
CONTINUOUS
10
5.170780433070866
20
-3.4895162598425196
11
5.170739409448819
21
-3.4895396062992123
0
LINE
8
BLACK
6
CONTINUOUS
10
5.170739409448819
20
-3.4895396062992123
11
5.1707000000000001
21
-3.4895659842519686
0
LINE
8
BLACK
6
CONTINUOUS
10
5.1707000000000001
20
-3.4895659842519686
11
5.1706931889763776
21
-3.4895659842519686
0
LINE
8
BLACK
6
CONTINUOUS
10
5.1706931889763776
20
-3.4895659842519686
11
5.1706803543307087
21
-3.489573307086614
0
LINE
8
BLACK
6
CONTINUOUS
10
5.1706803543307087
20
-3.489573307086614
11
5.1650561023622048
21
-3.4914480708661415
0
LINE
8
BLACK
6
CONTINUOUS
10
5.1650561023622048
20
-3.4914480708661415
11
5.1650091732283467
21
-3.4914539763779526
0
LINE
8
BLACK
6
CONTINUOUS
10
5.1650091732283467
20
-3.4914539763779526
11
5.1649627165354328
21
-3.4914632283464564
0
LINE
8
BLACK
6
CONTINUOUS
10
5.1649627165354328
20
-3.4914632283464564
11
5.1612131889763777
21
-3.4914632283464564
0
LINE
8
BLACK
6
CONTINUOUS
10
5.1612131889763777
20
-3.4914632283464564
11
5.1611986614173224
21
-3.49146031496063
0
LINE
8
BLACK
6
CONTINUOUS
10
5.1611986614173224
20
-3.49146031496063
11
5.1611922440944884
21
-3.4914624803149605
0
LINE
8
BLACK
6
CONTINUOUS
10
5.1611922440944884
20
-3.4914624803149605
11
5.1611466141732283
21
-3.4914499606299212
0
LINE
8
BLACK
6
CONTINUOUS
10
5.1611466141732283
20
-3.4914499606299212
11
5.161100196850394
21
-3.4914407480314962
0
LINE
8
BLACK
6
CONTINUOUS
10
5.161100196850394
20
-3.4914407480314962
11
5.1610953937007871
21
-3.4914359448818897
0
LINE
8
BLACK
6
CONTINUOUS
10
5.1610953937007871
20
-3.4914359448818897
11
5.1610811417322831
21
-3.4914320472440945
0
LINE
8
BLACK
6
CONTINUOUS
10
5.1610811417322831
20
-3.4914320472440945
11
5.1573316141732279
21
-3.489557283464567
0
LINE
8
BLACK
6
CONTINUOUS
10
5.1573316141732279
20
-3.489557283464567
11
5.1572942519685041
21
-3.4895283070866139
0
LINE
8
BLACK
6
CONTINUOUS
10
5.1572942519685041
20
-3.4895283070866139
11
5.1572548425196851
21
-3.4895019685039368
0
LINE
8
BLACK
6
CONTINUOUS
10
5.1572548425196851
20
-3.4895019685039368
11
5.1553801181102363
21
-3.4876272047244092
0
LINE
8
BLACK
6
CONTINUOUS
10
5.1553801181102363
20
-3.4876272047244092
11
5.1553537795275588
21
-3.4875877952755903
0
LINE
8
BLACK
6
CONTINUOUS
10
5.1553537795275588
20
-3.4875877952755903
11
5.1553248031496066
21
-3.4875504724409447
0
LINE
8
BLACK
6
CONTINUOUS
10
5.1553248031496066
20
-3.4875504724409447
11
5.1534500393700791
21
-3.4838009448818896
0
LINE
8
BLACK
6
CONTINUOUS
10
5.1534500393700791
20
-3.4838009448818896
11
5.1534461023622047
21
-3.4837866535433069
0
LINE
8
BLACK
6
CONTINUOUS
10
5.1534461023622047
20
-3.4837866535433069
11
5.1534413385826774
21
-3.4837818897637796
0
LINE
8
BLACK
6
CONTINUOUS
10
5.1534413385826774
20
-3.4837818897637796
11
5.1534320866141732
21
-3.4837354330708661
0
LINE
8
BLACK
6
CONTINUOUS
10
5.1534320866141732
20
-3.4837354330708661
11
5.1534196062992121
21
-3.4836898425196852
0
LINE
8
BLACK
6
CONTINUOUS
10
5.1534196062992121
20
-3.4836898425196852
11
5.1534217322834648
21
-3.4836833858267715
0
LINE
8
BLACK
6
CONTINUOUS
10
5.1534217322834648
20
-3.4836833858267715
11
5.1534188582677167
21
-3.4836688976377954
0
LINE
8
BLACK
6
CONTINUOUS
10
5.1534188582677167
20
-3.4836688976377954
11
5.1534188582677167
21
-3.4742950787401572
0
LINE
8
BLACK
6
CONTINUOUS
10
5.1534188582677167
20
-3.4742950787401572
11
5.1534217322834648
21
-3.4742805511811024
0
LINE
8
BLACK
6
CONTINUOUS
10
5.1534217322834648
20
-3.4742805511811024
11
5.1534196062992121
21
-3.4742741338582674
0
LINE
8
BLACK
6
CONTINUOUS
10
5.1534196062992121
20
-3.4742741338582674
11
5.1534320866141732
21
-3.4742285039370078
0
LINE
8
BLACK
6
CONTINUOUS
10
5.1534320866141732
20
-3.4742285039370078
11
5.1534413385826774
21
-3.474182086614173
0
LINE
8
BLACK
6
CONTINUOUS
10
5.1534413385826774
20
-3.474182086614173
11
5.1534461023622047
21
-3.474177283464567
0
LINE
8
BLACK
6
CONTINUOUS
10
5.1534461023622047
20
-3.474177283464567
11
5.1534500393700791
21
-3.474163031496063
0
LINE
8
BLACK
6
CONTINUOUS
10
5.1534500393700791
20
-3.474163031496063
11
5.1553248031496066
21
-3.4704135039370079
0
LINE
8
BLACK
6
CONTINUOUS
10
5.1553248031496066
20
-3.4704135039370079
11
5.1553537795275588
21
-3.4703761417322836
0
LINE
8
BLACK
6
CONTINUOUS
10
5.1553537795275588
20
-3.4703761417322836
11
5.1553801181102363
21
-3.4703367716535434
0
LINE
8
BLACK
6
CONTINUOUS
10
5.1553801181102363
20
-3.4703367716535434
11
5.1572548425196851
21
-3.4684620078740158
0
LINE
8
BLACK
6
CONTINUOUS
10
5.1572548425196851
20
-3.4684620078740158
11
5.1573506692913389
21
-3.468397992125984
0
LINE
8
BLACK
6
CONTINUOUS
10
5.1573506692913389
20
-3.468397992125984
11
5.1575766535433072
21
-3.468397992125984
0
LINE
8
BLACK
6
CONTINUOUS
10
5.1575766535433072
20
-3.468397992125984
11
5.1577364566929136
21
-3.4685577952755904
0
LINE
8
BLACK
6
CONTINUOUS
10
5.1577364566929136
20
-3.4685577952755904
11
5.1577364566929136
21
-3.4687837795275591
0
LINE
8
BLACK
6
CONTINUOUS
10
5.1577364566929136
20
-3.4687837795275591
11
5.1576724409448822
21
-3.4688796062992124
0
LINE
8
BLACK
6
CONTINUOUS
10
5.1576724409448822
20
-3.4688796062992124
11
5.1558315354330704
21
-3.4707204330708659
0
LINE
8
BLACK
6
CONTINUOUS
10
5.1558315354330704
20
-3.4707204330708659
11
5.1540094094488191
21
-3.4743647637795276
0
LINE
8
BLACK
6
CONTINUOUS
10
5.1540094094488191
20
-3.4743647637795276
11
5.1540094094488191
21
-3.483599212598425
0
LINE
8
BLACK
6
CONTINUOUS
10
5.1540094094488191
20
-3.483599212598425
11
5.1558315354330704
21
-3.487243503937008
0
LINE
8
BLACK
6
CONTINUOUS
10
5.1558315354330704
20
-3.487243503937008
11
5.1576385826771656
21
-3.4890505118110235
0
LINE
8
BLACK
6
CONTINUOUS
10
5.1576385826771656
20
-3.4890505118110235
11
5.1612828740157477
21
-3.4908726771653544
0
LINE
8
BLACK
6
CONTINUOUS
10
5.1612828740157477
20
-3.4908726771653544
11
5.1649148031496059
21
-3.4908726771653544
0
LINE
8
BLACK
6
CONTINUOUS
10
5.1649148031496059
20
-3.4908726771653544
11
5.1704275196850391
21
-3.4890350787401574
0
LINE
8
BLACK
6
CONTINUOUS
10
5.1704275196850391
20
-3.4890350787401574
11
5.1928754330708662
21
-3.4665872440944883
0
LINE
8
BLACK
6
CONTINUOUS
10
5.1928754330708662
20
-3.4665872440944883
11
5.1929712204724412
21
-3.4665232283464564
0
LINE
8
BLACK
6
CONTINUOUS
10
5.1929712204724412
20
-3.4665232283464564
11
5.1931972047244095
21
-3.4665232283464564
0
LINE
8
BLACK
6
CONTINUOUS
10
5.1931972047244095
20
-3.4665232283464564
11
5.1933570078740159
21
-3.4666830314960628
0
LINE
8
BLACK
6
CONTINUOUS
10
6.4683055511811025
20
-3.4677388582677167
11
6.4695839763779528
21
-3.4690172834645669
0
LINE
8
BLACK
6
CONTINUOUS
10
6.4695839763779528
20
-3.4690172834645669
11
6.4695839763779528
21
-3.4708252362204726
0
LINE
8
BLACK
6
CONTINUOUS
10
6.4695839763779528
20
-3.4708252362204726
11
6.4683055511811025
21
-3.4721036614173229
0
LINE
8
BLACK
6
CONTINUOUS
10
6.4683055511811025
20
-3.4721036614173229
11
6.4674015748031497
21
-3.4722834645669289
0
LINE
8
BLACK
6
CONTINUOUS
10
6.4674015748031497
20
-3.4722834645669289
11
6.4374015748031495
21
-3.4722834645669289
0
LINE
8
BLACK
6
CONTINUOUS
10
6.4374015748031495
20
-3.4722834645669289
11
6.4364975984251966
21
-3.4721036614173229
0
LINE
8
BLACK
6
CONTINUOUS
10
6.4364975984251966
20
-3.4721036614173229
11
6.4352191732283464
21
-3.4708252362204726
0
LINE
8
BLACK
6
CONTINUOUS
10
6.4352191732283464
20
-3.4708252362204726
11
6.4352191732283464
21
-3.4690172834645669
0
LINE
8
BLACK
6
CONTINUOUS
10
6.4352191732283464
20
-3.4690172834645669
11
6.4364975984251966
21
-3.4677388582677167
0
LINE
8
BLACK
6
CONTINUOUS
10
6.4364975984251966
20
-3.4677388582677167
11
6.4374015748031495
21
-3.4675590551181101
0
LINE
8
BLACK
6
CONTINUOUS
10
6.4374015748031495
20
-3.4675590551181101
11
6.4674015748031497
21
-3.4675590551181101
0
LINE
8
BLACK
6
CONTINUOUS
10
6.4674015748031497
20
-3.4675590551181101
11
6.4683055511811025
21
-3.4677388582677167
0
LINE
8
BLACK
6
CONTINUOUS
10
5.4343907480314959
20
-3.4612821653543304
11
5.4356691732283462
21
-3.4625605905511811
0
LINE
8
BLACK
6
CONTINUOUS
10
5.4356691732283462
20
-3.4625605905511811
11
5.4356691732283462
21
-3.4643685433070863
0
LINE
8
BLACK
6
CONTINUOUS
10
5.4356691732283462
20
-3.4643685433070863
11
5.4343907480314959
21
-3.4656469685039371
0
LINE
8
BLACK
6
CONTINUOUS
10
5.4343907480314959
20
-3.4656469685039371
11
5.4334867716535431
21
-3.4658267716535431
0
LINE
8
BLACK
6
CONTINUOUS
10
5.4334867716535431
20
-3.4658267716535431
11
5.3860801574803148
21
-3.4658267716535431
0
LINE
8
BLACK
6
CONTINUOUS
10
5.3860801574803148
20
-3.4658267716535431
11
5.385176181102362
21
-3.4656469685039371
0
LINE
8
BLACK
6
CONTINUOUS
10
5.385176181102362
20
-3.4656469685039371
11
5.3838977559055117
21
-3.4643685433070863
0
LINE
8
BLACK
6
CONTINUOUS
10
5.3838977559055117
20
-3.4643685433070863
11
5.3838977559055117
21
-3.4625605905511811
0
LINE
8
BLACK
6
CONTINUOUS
10
5.3838977559055117
20
-3.4625605905511811
11
5.385176181102362
21
-3.4612821653543304
0
LINE
8
BLACK
6
CONTINUOUS
10
5.385176181102362
20
-3.4612821653543304
11
5.3860801574803148
21
-3.4611023622047243
0
LINE
8
BLACK
6
CONTINUOUS
10
5.3860801574803148
20
-3.4611023622047243
11
5.4334867716535431
21
-3.4611023622047243
0
LINE
8
BLACK
6
CONTINUOUS
10
5.4334867716535431
20
-3.4611023622047243
11
5.4343907480314959
21
-3.4612821653543304
0
LINE
8
BLACK
6
CONTINUOUS
10
5.5270839763779529
20
-3.4215172834645671
11
5.5272637795275585
21
-3.4224212598425194
0
LINE
8
BLACK
6
CONTINUOUS
10
5.5272637795275585
20
-3.4224212598425194
11
5.5272637795275585
21
-3.4524212598425197
0
LINE
8
BLACK
6
CONTINUOUS
10
5.5272637795275585
20
-3.4524212598425197
11
5.5270839763779529
21
-3.4533252362204725
0
LINE
8
BLACK
6
CONTINUOUS
10
5.5270839763779529
20
-3.4533252362204725
11
5.5258055511811026
21
-3.4546036614173228
0
LINE
8
BLACK
6
CONTINUOUS
10
5.5258055511811026
20
-3.4546036614173228
11
5.523997598425197
21
-3.4546036614173228
0
LINE
8
BLACK
6
CONTINUOUS
10
5.523997598425197
20
-3.4546036614173228
11
5.5227191732283467
21
-3.4533252362204725
0
LINE
8
BLACK
6
CONTINUOUS
10
5.5227191732283467
20
-3.4533252362204725
11
5.5225393700787402
21
-3.4524212598425197
0
LINE
8
BLACK
6
CONTINUOUS
10
5.5225393700787402
20
-3.4524212598425197
11
5.5225393700787402
21
-3.4224212598425194
0
LINE
8
BLACK
6
CONTINUOUS
10
5.5225393700787402
20
-3.4224212598425194
11
5.5227191732283467
21
-3.4215172834645671
0
LINE
8
BLACK
6
CONTINUOUS
10
5.5227191732283467
20
-3.4215172834645671
11
5.523997598425197
21
-3.4202388582677163
0
LINE
8
BLACK
6
CONTINUOUS
10
5.523997598425197
20
-3.4202388582677163
11
5.5258055511811026
21
-3.4202388582677163
0
LINE
8
BLACK
6
CONTINUOUS
10
5.5258055511811026
20
-3.4202388582677163
11
5.5270839763779529
21
-3.4215172834645671
0
LINE
8
BLACK
6
CONTINUOUS
10
5.5870839763779525
20
-3.4215172834645671
11
5.587263779527559
21
-3.4224212598425194
0
LINE
8
BLACK
6
CONTINUOUS
10
5.587263779527559
20
-3.4224212598425194
11
5.587263779527559
21
-3.4524212598425197
0
LINE
8
BLACK
6
CONTINUOUS
10
5.587263779527559
20
-3.4524212598425197
11
5.5870839763779525
21
-3.4533252362204725
0
LINE
8
BLACK
6
CONTINUOUS
10
5.5870839763779525
20
-3.4533252362204725
11
5.5858055511811022
21
-3.4546036614173228
0
LINE
8
BLACK
6
CONTINUOUS
10
5.5858055511811022
20
-3.4546036614173228
11
5.5839975984251966
21
-3.4546036614173228
0
LINE
8
BLACK
6
CONTINUOUS
10
5.5839975984251966
20
-3.4546036614173228
11
5.5827191732283463
21
-3.4533252362204725
0
LINE
8
BLACK
6
CONTINUOUS
10
5.5827191732283463
20
-3.4533252362204725
11
5.5825393700787398
21
-3.4524212598425197
0
LINE
8
BLACK
6
CONTINUOUS
10
5.5825393700787398
20
-3.4524212598425197
11
5.5825393700787398
21
-3.4224212598425194
0
LINE
8
BLACK
6
CONTINUOUS
10
5.5825393700787398
20
-3.4224212598425194
11
5.5827191732283463
21
-3.4215172834645671
0
LINE
8
BLACK
6
CONTINUOUS
10
5.5827191732283463
20
-3.4215172834645671
11
5.5839975984251966
21
-3.4202388582677163
0
LINE
8
BLACK
6
CONTINUOUS
10
5.5839975984251966
20
-3.4202388582677163
11
5.5858055511811022
21
-3.4202388582677163
0
LINE
8
BLACK
6
CONTINUOUS
10
5.5858055511811022
20
-3.4202388582677163
11
5.5870839763779525
21
-3.4215172834645671
0
LINE
8
BLACK
6
CONTINUOUS
10
5.1933570078740159
20
-3.4366867716535432
11
5.1933794881889765
21
-3.4367997637795273
0
LINE
8
BLACK
6
CONTINUOUS
10
5.1933794881889765
20
-3.4367997637795273
11
5.1933794881889765
21
-3.4405492913385824
0
LINE
8
BLACK
6
CONTINUOUS
10
5.1933794881889765
20
-3.4405492913385824
11
5.1933702362204723
21
-3.4405957086614172
0
LINE
8
BLACK
6
CONTINUOUS
10
5.1933702362204723
20
-3.4405957086614172
11
5.1933643307086612
21
-3.4406426771653544
0
LINE
8
BLACK
6
CONTINUOUS
10
5.1933643307086612
20
-3.4406426771653544
11
5.1914895669291337
21
-3.4462669685039371
0
LINE
8
BLACK
6
CONTINUOUS
10
5.1914895669291337
20
-3.4462669685039371
11
5.1914822440944883
21
-3.446279803149606
0
LINE
8
BLACK
6
CONTINUOUS
10
5.1914822440944883
20
-3.446279803149606
11
5.1914822440944883
21
-3.4462865748031497
0
LINE
8
BLACK
6
CONTINUOUS
10
5.1914822440944883
20
-3.4462865748031497
11
5.1914559448818896
21
-3.4463259055118107
0
LINE
8
BLACK
6
CONTINUOUS
10
5.1914559448818896
20
-3.4463259055118107
11
5.1914325196850388
21
-3.4463670472440944
0
LINE
8
BLACK
6
CONTINUOUS
10
5.1914325196850388
20
-3.4463670472440944
11
5.1914264566929136
21
-3.4463700393700787
0
LINE
8
BLACK
6
CONTINUOUS
10
5.1914264566929136
20
-3.4463700393700787
11
5.1914182677165357
21
-3.4463823622047243
0
LINE
8
BLACK
6
CONTINUOUS
10
5.1914182677165357
20
-3.4463823622047243
11
5.1876686614173231
21
-3.4501318897637794
0
LINE
8
BLACK
6
CONTINUOUS
10
5.1876686614173231
20
-3.4501318897637794
11
5.1876562992125983
21
-3.450140118110236
0
LINE
8
BLACK
6
CONTINUOUS
10
5.1876562992125983
20
-3.450140118110236
11
5.187653307086614
21
-3.4501461811023622
0
LINE
8
BLACK
6
CONTINUOUS
10
5.187653307086614
20
-3.4501461811023622
11
5.187612283464567
21
-3.4501695275590549
0
LINE
8
BLACK
6
CONTINUOUS
10
5.187612283464567
20
-3.4501695275590549
11
5.1875728740157481
21
-3.4501959055118108
0
LINE
8
BLACK
6
CONTINUOUS
10
5.1875728740157481
20
-3.4501959055118108
11
5.1875660629921256
21
-3.4501959055118108
0
LINE
8
BLACK
6
CONTINUOUS
10
5.1875660629921256
20
-3.4501959055118108
11
5.1875532283464567
21
-3.4502032283464565
0
LINE
8
BLACK
6
CONTINUOUS
10
5.1875532283464567
20
-3.4502032283464565
11
5.1819289763779528
21
-3.4520779921259841
0
LINE
8
BLACK
6
CONTINUOUS
10
5.1819289763779528
20
-3.4520779921259841
11
5.1818820472440947
21
-3.4520838976377952
0
LINE
8
BLACK
6
CONTINUOUS
10
5.1818820472440947
20
-3.4520838976377952
11
5.1818355905511808
21
-3.452093149606299
0
LINE
8
BLACK
6
CONTINUOUS
10
5.1818355905511808
20
-3.452093149606299
11
5.1537141338582675
21
-3.452093149606299
0
LINE
8
BLACK
6
CONTINUOUS
10
5.1537141338582675
20
-3.452093149606299
11
5.1536011417322838
21
-3.4520706692913383
0
LINE
8
BLACK
6
CONTINUOUS
10
5.1536011417322838
20
-3.4520706692913383
11
5.1534413385826774
21
-3.4519108661417324
0
LINE
8
BLACK
6
CONTINUOUS
10
5.1534413385826774
20
-3.4519108661417324
11
5.1534413385826774
21
-3.4516848818897636
0
LINE
8
BLACK
6
CONTINUOUS
10
5.1534413385826774
20
-3.4516848818897636
11
5.1536011417322838
21
-3.4515250787401572
0
LINE
8
BLACK
6
CONTINUOUS
10
5.1536011417322838
20
-3.4515250787401572
11
5.1537141338582675
21
-3.4515025984251966
0
LINE
8
BLACK
6
CONTINUOUS
10
5.1537141338582675
20
-3.4515025984251966
11
5.1817876771653539
21
-3.4515025984251966
0
LINE
8
BLACK
6
CONTINUOUS
10
5.1817876771653539
20
-3.4515025984251966
11
5.1873003937007871
21
-3.449665
0
LINE
8
BLACK
6
CONTINUOUS
10
5.1873003937007871
20
-3.449665
11
5.1909513779527554
21
-3.4460140157480312
0
LINE
8
BLACK
6
CONTINUOUS
10
5.1909513779527554
20
-3.4460140157480312
11
5.1927889370078741
21
-3.440501377952756
0
LINE
8
BLACK
6
CONTINUOUS
10
5.1927889370078741
20
-3.440501377952756
11
5.1927889370078741
21
-3.4367997637795273
0
LINE
8
BLACK
6
CONTINUOUS
10
5.1927889370078741
20
-3.4367997637795273
11
5.1928114173228348
21
-3.4366867716535432
0
LINE
8
BLACK
6
CONTINUOUS
10
5.1928114173228348
20
-3.4366867716535432
11
5.1929712204724412
21
-3.4365269685039368
0
LINE
8
BLACK
6
CONTINUOUS
10
5.1929712204724412
20
-3.4365269685039368
11
5.1931972047244095
21
-3.4365269685039368
0
LINE
8
BLACK
6
CONTINUOUS
10
5.1931972047244095
20
-3.4365269685039368
11
5.1933570078740159
21
-3.4366867716535432
0
LINE
8
BLACK
6
CONTINUOUS
10
6.3221835039370076
20
-3.2817152362204722
11
6.3234619291338579
21
-3.282993661417323
0
LINE
8
BLACK
6
CONTINUOUS
10
6.3234619291338579
20
-3.282993661417323
11
6.3236417322834644
21
-3.2838976377952753
0
LINE
8
BLACK
6
CONTINUOUS
10
6.3236417322834644
20
-3.2838976377952753
11
6.3236417322834644
21
-3.4354724409448818
0
LINE
8
BLACK
6
CONTINUOUS
10
6.3236417322834644
20
-3.4354724409448818
11
6.3234619291338579
21
-3.4363764173228346
0
LINE
8
BLACK
6
CONTINUOUS
10
6.3234619291338579
20
-3.4363764173228346
11
6.3221835039370076
21
-3.4376548425196849
0
LINE
8
BLACK
6
CONTINUOUS
10
6.3221835039370076
20
-3.4376548425196849
11
6.3203755511811019
21
-3.4376548425196849
0
LINE
8
BLACK
6
CONTINUOUS
10
6.3203755511811019
20
-3.4376548425196849
11
6.3190971259842517
21
-3.4363764173228346
0
LINE
8
BLACK
6
CONTINUOUS
10
6.3190971259842517
20
-3.4363764173228346
11
6.3189173228346451
21
-3.4354724409448818
0
LINE
8
BLACK
6
CONTINUOUS
10
6.3189173228346451
20
-3.4354724409448818
11
6.3189173228346451
21
-3.2862598425196849
0
LINE
8
BLACK
6
CONTINUOUS
10
6.3189173228346451
20
-3.2862598425196849
11
5.9421177165354333
21
-3.2862598425196849
0
LINE
8
BLACK
6
CONTINUOUS
10
5.9421177165354333
20
-3.2862598425196849
11
5.9015944881889766
21
-3.3267830314960629
0
LINE
8
BLACK
6
CONTINUOUS
10
5.9015944881889766
20
-3.3267830314960629
11
5.9015944881889766
21
-3.4354724409448818
0
LINE
8
BLACK
6
CONTINUOUS
10
5.9015944881889766
20
-3.4354724409448818
11
5.9014146850393701
21
-3.4363764173228346
0
LINE
8
BLACK
6
CONTINUOUS
10
5.9014146850393701
20
-3.4363764173228346
11
5.9001362598425198
21
-3.4376548425196849
0
LINE
8
BLACK
6
CONTINUOUS
10
5.9001362598425198
20
-3.4376548425196849
11
5.8983283070866142
21
-3.4376548425196849
0
LINE
8
BLACK
6
CONTINUOUS
10
5.8983283070866142
20
-3.4376548425196849
11
5.8970498818897639
21
-3.4363764173228346
0
LINE
8
BLACK
6
CONTINUOUS
10
5.8970498818897639
20
-3.4363764173228346
11
5.8968700787401573
21
-3.4354724409448818
0
LINE
8
BLACK
6
CONTINUOUS
10
5.8968700787401573
20
-3.4354724409448818
11
5.8968700787401573
21
-3.3258046062992124
0
LINE
8
BLACK
6
CONTINUOUS
10
5.8968700787401573
20
-3.3258046062992124
11
5.8970498818897639
21
-3.3249006299212596
0
LINE
8
BLACK
6
CONTINUOUS
10
5.8970498818897639
20
-3.3249006299212596
11
5.8975619685039371
21
-3.3241342913385825
0
LINE
8
BLACK
6
CONTINUOUS
10
5.8975619685039371
20
-3.3241342913385825
11
5.939468897637795
21
-3.2822273228346455
0
LINE
8
BLACK
6
CONTINUOUS
10
5.939468897637795
20
-3.2822273228346455
11
5.9402352755905508
21
-3.2817152362204722
0
LINE
8
BLACK
6
CONTINUOUS
10
5.9402352755905508
20
-3.2817152362204722
11
5.9411392519685036
21
-3.2815354330708661
0
LINE
8
BLACK
6
CONTINUOUS
10
5.9411392519685036
20
-3.2815354330708661
11
6.3212795275590548
21
-3.2815354330708661
0
LINE
8
BLACK
6
CONTINUOUS
10
6.3212795275590548
20
-3.2815354330708661
11
6.3221835039370076
21
-3.2817152362204722
0
LINE
8
BLACK
6
CONTINUOUS
10
6.7077524803149604
20
-3.4116129527559056
11
6.7083390157480309
21
-3.4118084645669291
0
LINE
8
BLACK
6
CONTINUOUS
10
6.7083390157480309
20
-3.4118084645669291
11
6.7084041732283461
21
-3.4119387795275591
0
LINE
8
BLACK
6
CONTINUOUS
10
6.7084041732283461
20
-3.4119387795275591
11
6.7085345275590553
21
-3.4120039763779526
0
LINE
8
BLACK
6
CONTINUOUS
10
6.7085345275590553
20
-3.4120039763779526
11
6.7089112992125983
21
-3.4126649606299213
0
LINE
8
BLACK
6
CONTINUOUS
10
6.7089112992125983
20
-3.4126649606299213
11
6.7154779527559052
21
-3.4323649999999999
0
LINE
8
BLACK
6
CONTINUOUS
10
6.7154779527559052
20
-3.4323649999999999
11
6.7155731496062989
21
-3.4331198425196852
0
LINE
8
BLACK
6
CONTINUOUS
10
6.7155731496062989
20
-3.4331198425196852
11
6.7149056692913387
21
-3.4344547637795273
0
LINE
8
BLACK
6
CONTINUOUS
10
6.7149056692913387
20
-3.4344547637795273
11
6.7134898031496064
21
-3.4349267322834645
0
LINE
8
BLACK
6
CONTINUOUS
10
6.7134898031496064
20
-3.4349267322834645
11
6.7121548818897638
21
-3.4342592519685038
0
LINE
8
BLACK
6
CONTINUOUS
10
6.7121548818897638
20
-3.4342592519685038
11
6.71177811023622
21
-3.4335982677165355
0
LINE
8
BLACK
6
CONTINUOUS
10
6.71177811023622
20
-3.4335982677165355
11
6.7103463779527557
21
-3.4293030314960631
0
LINE
8
BLACK
6
CONTINUOUS
10
6.7103463779527557
20
-3.4293030314960631
11
6.7037763779527557
21
-3.4293030314960631
0
LINE
8
BLACK
6
CONTINUOUS
10
6.7037763779527557
20
-3.4293030314960631
11
6.7023446456692914
21
-3.4335982677165355
0
LINE
8
BLACK
6
CONTINUOUS
10
6.7023446456692914
20
-3.4335982677165355
11
6.7019678740157476
21
-3.4342592519685038
0
LINE
8
BLACK
6
CONTINUOUS
10
6.7019678740157476
20
-3.4342592519685038
11
6.700632952755905
21
-3.4349267322834645
0
LINE
8
BLACK
6
CONTINUOUS
10
6.700632952755905
20
-3.4349267322834645
11
6.6992170866141727
21
-3.4344547637795273
0
LINE
8
BLACK
6
CONTINUOUS
10
6.6992170866141727
20
-3.4344547637795273
11
6.6985496062992125
21
-3.4331198425196852
0
LINE
8
BLACK
6
CONTINUOUS
10
6.6985496062992125
20
-3.4331198425196852
11
6.6986448031496062
21
-3.4323649606299211
0
LINE
8
BLACK
6
CONTINUOUS
10
6.6986448031496062
20
-3.4323649606299211
11
6.7052114566929131
21
-3.4126649606299213
0
LINE
8
BLACK
6
CONTINUOUS
10
6.7052114566929131
20
-3.4126649606299213
11
6.705588228346457
21
-3.4120039763779526
0
LINE
8
BLACK
6
CONTINUOUS
10
6.705588228346457
20
-3.4120039763779526
11
6.7057185433070865
21
-3.4119387795275591
0
LINE
8
BLACK
6
CONTINUOUS
10
6.7057185433070865
20
-3.4119387795275591
11
6.7057837401574805
21
-3.4118084645669291
0
LINE
8
BLACK
6
CONTINUOUS
10
6.7057837401574805
20
-3.4118084645669291
11
6.7063702362204722
21
-3.4116129527559056
0
LINE
8
BLACK
6
CONTINUOUS
10
6.7063702362204722
20
-3.4116129527559056
11
6.7069231496062987
21
-3.4113364960629919
0
LINE
8
BLACK
6
CONTINUOUS
10
6.7069231496062987
20
-3.4113364960629919
11
6.7070613779527557
21
-3.4113825590551179
0
LINE
8
BLACK
6
CONTINUOUS
10
6.7070613779527557
20
-3.4113825590551179
11
6.7071996062992127
21
-3.4113364960629919
0
LINE
8
BLACK
6
CONTINUOUS
10
6.7071996062992127
20
-3.4113364960629919
11
6.7077524803149604
21
-3.4116129527559056
0
LINE
8
BLACK
6
CONTINUOUS
10
6.7050763779527554
20
-3.4254030314960628
11
6.709046377952756
21
-3.4254030314960628
0
LINE
8
BLACK
6
CONTINUOUS
10
6.709046377952756
20
-3.4254030314960628
11
6.7070613385826769
21
-3.4194479921259844
0
LINE
8
BLACK
6
CONTINUOUS
10
6.7070613385826769
20
-3.4194479921259844
11
6.7050763779527554
21
-3.4254030314960628
0
LINE
8
BLACK
6
CONTINUOUS
10
5.2854776377952755
20
-3.4245252362204726
11
5.2865420472440947
21
-3.4249661417322832
0
LINE
8
BLACK
6
CONTINUOUS
10
5.2865420472440947
20
-3.4249661417322832
11
5.2873566929133853
21
-3.4257807874015747
0
LINE
8
BLACK
6
CONTINUOUS
10
5.2873566929133853
20
-3.4257807874015747
11
5.2877975984251968
21
-3.4268451968503935
0
LINE
8
BLACK
6
CONTINUOUS
10
5.2877975984251968
20
-3.4268451968503935
11
5.2877975984251968
21
-3.4279973228346456
0
LINE
8
BLACK
6
CONTINUOUS
10
5.2877975984251968
20
-3.4279973228346456
11
5.2873566929133853
21
-3.4290617322834644
0
LINE
8
BLACK
6
CONTINUOUS
10
5.2873566929133853
20
-3.4290617322834644
11
5.2865420472440947
21
-3.4298763779527559
0
LINE
8
BLACK
6
CONTINUOUS
10
5.2865420472440947
20
-3.4298763779527559
11
5.2854776377952755
21
-3.430317283464567
0
LINE
8
BLACK
6
CONTINUOUS
10
5.2854776377952755
20
-3.430317283464567
11
5.2849015748031496
21
-3.4303740157480314
0
LINE
8
BLACK
6
CONTINUOUS
10
5.2849015748031496
20
-3.4303740157480314
11
5.2249015748031491
21
-3.4303740157480314
0
LINE
8
BLACK
6
CONTINUOUS
10
5.2249015748031491
20
-3.4303740157480314
11
5.2243255118110232
21
-3.430317283464567
0
LINE
8
BLACK
6
CONTINUOUS
10
5.2243255118110232
20
-3.430317283464567
11
5.2232611023622049
21
-3.4298763779527559
0
LINE
8
BLACK
6
CONTINUOUS
10
5.2232611023622049
20
-3.4298763779527559
11
5.2224464566929134
21
-3.4290617322834644
0
LINE
8
BLACK
6
CONTINUOUS
10
5.2224464566929134
20
-3.4290617322834644
11
5.2220055511811019
21
-3.4279973228346456
0
LINE
8
BLACK
6
CONTINUOUS
10
5.2220055511811019
20
-3.4279973228346456
11
5.2220055511811019
21
-3.4268451968503935
0
LINE
8
BLACK
6
CONTINUOUS
10
5.2220055511811019
20
-3.4268451968503935
11
5.2224464566929134
21
-3.4257807874015747
0
LINE
8
BLACK
6
CONTINUOUS
10
5.2224464566929134
20
-3.4257807874015747
11
5.2232611023622049
21
-3.4249661417322832
0
LINE
8
BLACK
6
CONTINUOUS
10
5.2232611023622049
20
-3.4249661417322832
11
5.2243255118110232
21
-3.4245252362204726
0
LINE
8
BLACK
6
CONTINUOUS
10
5.2243255118110232
20
-3.4245252362204726
11
5.2249015748031491
21
-3.4244685039370077
0
LINE
8
BLACK
6
CONTINUOUS
10
5.2249015748031491
20
-3.4244685039370077
11
5.2849015748031496
21
-3.4244685039370077
0
LINE
8
BLACK
6
CONTINUOUS
10
5.2849015748031496
20
-3.4244685039370077
11
5.2854776377952755
21
-3.4245252362204726
0
LINE
8
BLACK
6
CONTINUOUS
10
6.3948792519685034
20
-3.3338991732283465
11
6.3950590551181099
21
-3.3348031496062993
0
LINE
8
BLACK
6
CONTINUOUS
10
6.3950590551181099
20
-3.3348031496062993
11
6.3950590551181099
21
-3.4174803149606299
0
LINE
8
BLACK
6
CONTINUOUS
10
6.3950590551181099
20
-3.4174803149606299
11
6.4293110236220468
21
-3.4174803149606299
0
LINE
8
BLACK
6
CONTINUOUS
10
6.4293110236220468
20
-3.4174803149606299
11
6.4302149999999996
21
-3.417660118110236
0
LINE
8
BLACK
6
CONTINUOUS
10
6.4302149999999996
20
-3.417660118110236
11
6.4314934251968499
21
-3.4189385433070867
0
LINE
8
BLACK
6
CONTINUOUS
10
6.4314934251968499
20
-3.4189385433070867
11
6.4314934251968499
21
-3.4207464960629919
0
LINE
8
BLACK
6
CONTINUOUS
10
6.4314934251968499
20
-3.4207464960629919
11
6.4302149999999996
21
-3.4220249212598426
0
LINE
8
BLACK
6
CONTINUOUS
10
6.4302149999999996
20
-3.4220249212598426
11
6.4293110236220468
21
-3.4222047244094487
0
LINE
8
BLACK
6
CONTINUOUS
10
6.4293110236220468
20
-3.4222047244094487
11
6.3926968503937003
21
-3.4222047244094487
0
LINE
8
BLACK
6
CONTINUOUS
10
6.3926968503937003
20
-3.4222047244094487
11
6.3917928740157475
21
-3.4220249212598426
0
LINE
8
BLACK
6
CONTINUOUS
10
6.3917928740157475
20
-3.4220249212598426
11
6.3905144488188972
21
-3.4207464960629919
0
LINE
8
BLACK
6
CONTINUOUS
10
6.3905144488188972
20
-3.4207464960629919
11
6.3903346456692915
21
-3.4198425196850395
0
LINE
8
BLACK
6
CONTINUOUS
10
6.3903346456692915
20
-3.4198425196850395
11
6.3903346456692915
21
-3.3348031496062993
0
LINE
8
BLACK
6
CONTINUOUS
10
6.3903346456692915
20
-3.3348031496062993
11
6.3905144488188972
21
-3.3338991732283465
0
LINE
8
BLACK
6
CONTINUOUS
10
6.3905144488188972
20
-3.3338991732283465
11
6.3917928740157475
21
-3.3326207480314958
0
LINE
8
BLACK
6
CONTINUOUS
10
6.3917928740157475
20
-3.3326207480314958
11
6.3936008267716531
21
-3.3326207480314958
0
LINE
8
BLACK
6
CONTINUOUS
10
6.3936008267716531
20
-3.3326207480314958
11
6.3948792519685034
21
-3.3338991732283465
0
LINE
8
BLACK
6
CONTINUOUS
10
6.5192887007874019
20
-3.3614582283464567
11
6.5194685039370075
21
-3.3623622047244095
0
LINE
8
BLACK
6
CONTINUOUS
10
6.5194685039370075
20
-3.3623622047244095
11
6.5194685039370075
21
-3.4198425196850395
0
LINE
8
BLACK
6
CONTINUOUS
10
6.5194685039370075
20
-3.4198425196850395
11
6.5192887007874019
21
-3.4207464960629919
0
LINE
8
BLACK
6
CONTINUOUS
10
6.5192887007874019
20
-3.4207464960629919
11
6.5180102755905507
21
-3.4220249212598426
0
LINE
8
BLACK
6
CONTINUOUS
10
6.5180102755905507
20
-3.4220249212598426
11
6.5171062992125979
21
-3.4222047244094487
0
LINE
8
BLACK
6
CONTINUOUS
10
6.5171062992125979
20
-3.4222047244094487
11
6.4804921259842514
21
-3.4222047244094487
0
LINE
8
BLACK
6
CONTINUOUS
10
6.4804921259842514
20
-3.4222047244094487
11
6.4795881496062995
21
-3.4220249212598426
0
LINE
8
BLACK
6
CONTINUOUS
10
6.4795881496062995
20
-3.4220249212598426
11
6.4783097244094483
21
-3.4207464960629919
0
LINE
8
BLACK
6
CONTINUOUS
10
6.4783097244094483
20
-3.4207464960629919
11
6.4783097244094483
21
-3.4189385433070867
0
LINE
8
BLACK
6
CONTINUOUS
10
6.4783097244094483
20
-3.4189385433070867
11
6.4795881496062995
21
-3.417660118110236
0
LINE
8
BLACK
6
CONTINUOUS
10
6.4795881496062995
20
-3.417660118110236
11
6.4804921259842514
21
-3.4174803149606299
0
LINE
8
BLACK
6
CONTINUOUS
10
6.4804921259842514
20
-3.4174803149606299
11
6.5147440944881891
21
-3.4174803149606299
0
LINE
8
BLACK
6
CONTINUOUS
10
6.5147440944881891
20
-3.4174803149606299
11
6.5147440944881891
21
-3.3623622047244095
0
LINE
8
BLACK
6
CONTINUOUS
10
6.5147440944881891
20
-3.3623622047244095
11
6.5149238976377948
21
-3.3614582283464567
0
LINE
8
BLACK
6
CONTINUOUS
10
6.5149238976377948
20
-3.3614582283464567
11
6.516202322834646
21
-3.3601798031496064
0
LINE
8
BLACK
6
CONTINUOUS
10
6.516202322834646
20
-3.3601798031496064
11
6.5180102755905507
21
-3.3601798031496064
0
LINE
8
BLACK
6
CONTINUOUS
10
6.5180102755905507
20
-3.3601798031496064
11
6.5192887007874019
21
-3.3614582283464567
0
LINE
8
BLACK
6
CONTINUOUS
10
5.7927138976377952
20
-3.2462220078740156
11
5.7928937007874017
21
-3.2471259842519684
0
LINE
8
BLACK
6
CONTINUOUS
10
5.7928937007874017
20
-3.2471259842519684
11
5.7928937007874017
21
-3.4140551181102361
0
LINE
8
BLACK
6
CONTINUOUS
10
5.7928937007874017
20
-3.4140551181102361
11
5.8669094488188973
21
-3.4140551181102361
0
LINE
8
BLACK
6
CONTINUOUS
10
5.8669094488188973
20
-3.4140551181102361
11
5.8669094488188973
21
-3.2471259842519684
0
LINE
8
BLACK
6
CONTINUOUS
10
5.8669094488188973
20
-3.2471259842519684
11
5.8670892519685038
21
-3.2462220078740156
0
LINE
8
BLACK
6
CONTINUOUS
10
5.8670892519685038
20
-3.2462220078740156
11
5.8683676771653541
21
-3.2449435826771653
0
LINE
8
BLACK
6
CONTINUOUS
10
5.8683676771653541
20
-3.2449435826771653
11
5.8701756299212597
21
-3.2449435826771653
0
LINE
8
BLACK
6
CONTINUOUS
10
5.8701756299212597
20
-3.2449435826771653
11
5.87145405511811
21
-3.2462220078740156
0
LINE
8
BLACK
6
CONTINUOUS
10
5.87145405511811
20
-3.2462220078740156
11
5.8716338582677166
21
-3.2471259842519684
0
LINE
8
BLACK
6
CONTINUOUS
10
5.8716338582677166
20
-3.2471259842519684
11
5.8716338582677166
21
-3.4164173228346457
0
LINE
8
BLACK
6
CONTINUOUS
10
5.8716338582677166
20
-3.4164173228346457
11
5.87145405511811
21
-3.4173212992125985
0
LINE
8
BLACK
6
CONTINUOUS
10
5.87145405511811
20
-3.4173212992125985
11
5.8701756299212597
21
-3.4185997244094488
0
LINE
8
BLACK
6
CONTINUOUS
10
5.8701756299212597
20
-3.4185997244094488
11
5.8692716535433069
21
-3.4187795275590549
0
LINE
8
BLACK
6
CONTINUOUS
10
5.8692716535433069
20
-3.4187795275590549
11
5.7905314960629921
21
-3.4187795275590549
0
LINE
8
BLACK
6
CONTINUOUS
10
5.7905314960629921
20
-3.4187795275590549
11
5.7896275196850393
21
-3.4185997244094488
0
LINE
8
BLACK
6
CONTINUOUS
10
5.7896275196850393
20
-3.4185997244094488
11
5.788349094488189
21
-3.4173212992125985
0
LINE
8
BLACK
6
CONTINUOUS
10
5.788349094488189
20
-3.4173212992125985
11
5.7881692913385825
21
-3.4164173228346457
0
LINE
8
BLACK
6
CONTINUOUS
10
5.7881692913385825
20
-3.4164173228346457
11
5.7881692913385825
21
-3.2471259842519684
0
LINE
8
BLACK
6
CONTINUOUS
10
5.7881692913385825
20
-3.2471259842519684
11
5.788349094488189
21
-3.2462220078740156
0
LINE
8
BLACK
6
CONTINUOUS
10
5.788349094488189
20
-3.2462220078740156
11
5.7896275196850393
21
-3.2449435826771653
0
LINE
8
BLACK
6
CONTINUOUS
10
5.7896275196850393
20
-3.2449435826771653
11
5.7914354724409449
21
-3.2449435826771653
0
LINE
8
BLACK
6
CONTINUOUS
10
5.7914354724409449
20
-3.2449435826771653
11
5.7927138976377952
21
-3.2462220078740156
0
LINE
8
BLACK
6
CONTINUOUS
10
5.2270839763779531
20
-3.3515172834645668
11
5.2272637795275587
21
-3.3524212598425196
0
LINE
8
BLACK
6
CONTINUOUS
10
5.2272637795275587
20
-3.3524212598425196
11
5.2272637795275587
21
-3.3824212598425194
0
LINE
8
BLACK
6
CONTINUOUS
10
5.2272637795275587
20
-3.3824212598425194
11
5.2270839763779531
21
-3.3833252362204722
0
LINE
8
BLACK
6
CONTINUOUS
10
5.2270839763779531
20
-3.3833252362204722
11
5.2258055511811019
21
-3.3846036614173229
0
LINE
8
BLACK
6
CONTINUOUS
10
5.2258055511811019
20
-3.3846036614173229
11
5.2239975984251972
21
-3.3846036614173229
0
LINE
8
BLACK
6
CONTINUOUS
10
5.2239975984251972
20
-3.3846036614173229
11
5.222719173228346
21
-3.3833252362204722
0
LINE
8
BLACK
6
CONTINUOUS
10
5.222719173228346
20
-3.3833252362204722
11
5.2225393700787404
21
-3.3824212598425194
0
LINE
8
BLACK
6
CONTINUOUS
10
5.2225393700787404
20
-3.3824212598425194
11
5.2225393700787404
21
-3.3524212598425196
0
LINE
8
BLACK
6
CONTINUOUS
10
5.2225393700787404
20
-3.3524212598425196
11
5.222719173228346
21
-3.3515172834645668
0
LINE
8
BLACK
6
CONTINUOUS
10
5.222719173228346
20
-3.3515172834645668
11
5.2239975984251972
21
-3.3502388582677165
0
LINE
8
BLACK
6
CONTINUOUS
10
5.2239975984251972
20
-3.3502388582677165
11
5.2258055511811019
21
-3.3502388582677165
0
LINE
8
BLACK
6
CONTINUOUS
10
5.2258055511811019
20
-3.3502388582677165
11
5.2270839763779531
21
-3.3515172834645668
0
LINE
8
BLACK
6
CONTINUOUS
10
5.2870839763779527
20
-3.3515172834645668
11
5.2872637795275592
21
-3.3524212598425196
0
LINE
8
BLACK
6
CONTINUOUS
10
5.2872637795275592
20
-3.3524212598425196
11
5.2872637795275592
21
-3.3824212598425194
0
LINE
8
BLACK
6
CONTINUOUS
10
5.2872637795275592
20
-3.3824212598425194
11
5.2870839763779527
21
-3.3833252362204722
0
LINE
8
BLACK
6
CONTINUOUS
10
5.2870839763779527
20
-3.3833252362204722
11
5.2858055511811024
21
-3.3846036614173229
0
LINE
8
BLACK
6
CONTINUOUS
10
5.2858055511811024
20
-3.3846036614173229
11
5.2839975984251968
21
-3.3846036614173229
0
LINE
8
BLACK
6
CONTINUOUS
10
5.2839975984251968
20
-3.3846036614173229
11
5.2827191732283465
21
-3.3833252362204722
0
LINE
8
BLACK
6
CONTINUOUS
10
5.2827191732283465
20
-3.3833252362204722
11
5.28253937007874
21
-3.3824212598425194
0
LINE
8
BLACK
6
CONTINUOUS
10
5.28253937007874
20
-3.3824212598425194
11
5.28253937007874
21
-3.3524212598425196
0
LINE
8
BLACK
6
CONTINUOUS
10
5.28253937007874
20
-3.3524212598425196
11
5.2827191732283465
21
-3.3515172834645668
0
LINE
8
BLACK
6
CONTINUOUS
10
5.2827191732283465
20
-3.3515172834645668
11
5.2839975984251968
21
-3.3502388582677165
0
LINE
8
BLACK
6
CONTINUOUS
10
5.2839975984251968
20
-3.3502388582677165
11
5.2858055511811024
21
-3.3502388582677165
0
LINE
8
BLACK
6
CONTINUOUS
10
5.2858055511811024
20
-3.3502388582677165
11
5.2870839763779527
21
-3.3515172834645668
0
LINE
8
BLACK
6
CONTINUOUS
10
5.7195457086614168
20
-3.3767546062992126
11
5.7208241338582679
21
-3.3780330314960629
0
LINE
8
BLACK
6
CONTINUOUS
10
5.7208241338582679
20
-3.3780330314960629
11
5.7208241338582679
21
-3.3798409842519685
0
LINE
8
BLACK
6
CONTINUOUS
10
5.7208241338582679
20
-3.3798409842519685
11
5.7195457086614168
21
-3.3811194094488188
0
LINE
8
BLACK
6
CONTINUOUS
10
5.7195457086614168
20
-3.3811194094488188
11
5.7186417322834648
21
-3.3812992125984249
0
LINE
8
BLACK
6
CONTINUOUS
10
5.7186417322834648
20
-3.3812992125984249
11
5.6477755905511806
21
-3.3812992125984249
0
LINE
8
BLACK
6
CONTINUOUS
10
5.6477755905511806
20
-3.3812992125984249
11
5.6468716141732278
21
-3.3811194094488188
0
LINE
8
BLACK
6
CONTINUOUS
10
5.6468716141732278
20
-3.3811194094488188
11
5.6455931889763775
21
-3.3798409842519685
0
LINE
8
BLACK
6
CONTINUOUS
10
5.6455931889763775
20
-3.3798409842519685
11
5.6455931889763775
21
-3.3780330314960629
0
LINE
8
BLACK
6
CONTINUOUS
10
5.6455931889763775
20
-3.3780330314960629
11
5.6468716141732278
21
-3.3767546062992126
0
LINE
8
BLACK
6
CONTINUOUS
10
5.6468716141732278
20
-3.3767546062992126
11
5.6477755905511806
21
-3.3765748031496061
0
LINE
8
BLACK
6
CONTINUOUS
10
5.6477755905511806
20
-3.3765748031496061
11
5.7186417322834648
21
-3.3765748031496061
0
LINE
8
BLACK
6
CONTINUOUS
10
5.7186417322834648
20
-3.3765748031496061
11
5.7195457086614168
21
-3.3767546062992126
0
LINE
8
BLACK
6
CONTINUOUS
10
5.5854776377952753
20
-3.3745252362204723
11
5.5865420472440945
21
-3.3749661417322834
0
LINE
8
BLACK
6
CONTINUOUS
10
5.5865420472440945
20
-3.3749661417322834
11
5.587356692913386
21
-3.3757807874015748
0
LINE
8
BLACK
6
CONTINUOUS
10
5.587356692913386
20
-3.3757807874015748
11
5.5877975984251966
21
-3.3768451968503936
0
LINE
8
BLACK
6
CONTINUOUS
10
5.5877975984251966
20
-3.3768451968503936
11
5.5877975984251966
21
-3.3779973228346454
0
LINE
8
BLACK
6
CONTINUOUS
10
5.5877975984251966
20
-3.3779973228346454
11
5.587356692913386
21
-3.3790617322834646
0
LINE
8
BLACK
6
CONTINUOUS
10
5.587356692913386
20
-3.3790617322834646
11
5.5865420472440945
21
-3.3798763779527556
0
LINE
8
BLACK
6
CONTINUOUS
10
5.5865420472440945
20
-3.3798763779527556
11
5.5854776377952753
21
-3.3803172834645667
0
LINE
8
BLACK
6
CONTINUOUS
10
5.5854776377952753
20
-3.3803172834645667
11
5.5849015748031494
21
-3.3803740157480315
0
LINE
8
BLACK
6
CONTINUOUS
10
5.5849015748031494
20
-3.3803740157480315
11
5.5249015748031498
21
-3.3803740157480315
0
LINE
8
BLACK
6
CONTINUOUS
10
5.5249015748031498
20
-3.3803740157480315
11
5.5243255118110239
21
-3.3803172834645667
0
LINE
8
BLACK
6
CONTINUOUS
10
5.5243255118110239
20
-3.3803172834645667
11
5.5232611023622047
21
-3.3798763779527556
0
LINE
8
BLACK
6
CONTINUOUS
10
5.5232611023622047
20
-3.3798763779527556
11
5.5224464566929132
21
-3.3790617322834646
0
LINE
8
BLACK
6
CONTINUOUS
10
5.5224464566929132
20
-3.3790617322834646
11
5.5220055511811026
21
-3.3779973228346454
0
LINE
8
BLACK
6
CONTINUOUS
10
5.5220055511811026
20
-3.3779973228346454
11
5.5220055511811026
21
-3.3768451968503936
0
LINE
8
BLACK
6
CONTINUOUS
10
5.5220055511811026
20
-3.3768451968503936
11
5.5224464566929132
21
-3.3757807874015748
0
LINE
8
BLACK
6
CONTINUOUS
10
5.5224464566929132
20
-3.3757807874015748
11
5.5232611023622047
21
-3.3749661417322834
0
LINE
8
BLACK
6
CONTINUOUS
10
5.5232611023622047
20
-3.3749661417322834
11
5.5243255118110239
21
-3.3745252362204723
0
LINE
8
BLACK
6
CONTINUOUS
10
5.5243255118110239
20
-3.3745252362204723
11
5.5249015748031498
21
-3.3744685039370079
0
LINE
8
BLACK
6
CONTINUOUS
10
5.5249015748031498
20
-3.3744685039370079
11
5.5849015748031494
21
-3.3744685039370079
0
LINE
8
BLACK
6
CONTINUOUS
10
5.5849015748031494
20
-3.3744685039370079
11
5.5854776377952753
21
-3.3745252362204723
0
LINE
8
BLACK
6
CONTINUOUS
10
5.6245659055118109
20
-3.3205614173228346
11
5.6248551968503939
21
-3.3205614173228346
0
LINE
8
BLACK
6
CONTINUOUS
10
5.6248551968503939
20
-3.3205614173228346
11
5.625125275590551
21
-3.3206732677165354
0
LINE
8
BLACK
6
CONTINUOUS
10
5.625125275590551
20
-3.3206732677165354
11
5.6254119291338585
21
-3.3207306299212598
0
LINE
8
BLACK
6
CONTINUOUS
10
5.6254119291338585
20
-3.3207306299212598
11
5.625652283464567
21
-3.3208915748031496
0
LINE
8
BLACK
6
CONTINUOUS
10
5.625652283464567
20
-3.3208915748031496
11
5.6259196062992123
21
-3.3210023228346457
0
LINE
8
BLACK
6
CONTINUOUS
10
5.6259196062992123
20
-3.3210023228346457
11
5.626126299212598
21
-3.3212090157480314
0
LINE
8
BLACK
6
CONTINUOUS
10
5.626126299212598
20
-3.3212090157480314
11
5.6263692125984255
21
-3.3213716929133859
0
LINE
8
BLACK
6
CONTINUOUS
10
5.6263692125984255
20
-3.3213716929133859
11
5.6267322047244095
21
-3.3218149212598425
0
LINE
8
BLACK
6
CONTINUOUS
10
5.6267322047244095
20
-3.3218149212598425
11
5.6267342519685037
21
-3.3218169685039372
0
LINE
8
BLACK
6
CONTINUOUS
10
5.6267342519685037
20
-3.3218169685039372
11
5.6267346062992125
21
-3.3218178346456693
0
LINE
8
BLACK
6
CONTINUOUS
10
5.6267346062992125
20
-3.3218178346456693
11
5.626735984251968
21
-3.3218195275590552
0
LINE
8
BLACK
6
CONTINUOUS
10
5.626735984251968
20
-3.3218195275590552
11
5.6303233070866137
21
-3.3272005511811025
0
LINE
8
BLACK
6
CONTINUOUS
10
5.6303233070866137
20
-3.3272005511811025
11
5.6335272834645664
21
-3.3304045275590552
0
LINE
8
BLACK
6
CONTINUOUS
10
5.6335272834645664
20
-3.3304045275590552
11
5.6368482283464569
21
-3.3320650000000001
0
LINE
8
BLACK
6
CONTINUOUS
10
5.6368482283464569
20
-3.3320650000000001
11
5.6373381102362208
21
-3.3323733464566927
0
LINE
8
BLACK
6
CONTINUOUS
10
5.6373381102362208
20
-3.3323733464566927
11
5.6380929527559056
21
-3.3332437401574802
0
LINE
8
BLACK
6
CONTINUOUS
10
5.6380929527559056
20
-3.3332437401574802
11
5.6384572834645672
21
-3.3343366929133857
0
LINE
8
BLACK
6
CONTINUOUS
10
5.6384572834645672
20
-3.3343366929133857
11
5.63837562992126
21
-3.3354859055118111
0
LINE
8
BLACK
6
CONTINUOUS
10
5.63837562992126
20
-3.3354859055118111
11
5.6378603543307086
21
-3.3365164173228345
0
LINE
8
BLACK
6
CONTINUOUS
10
5.6378603543307086
20
-3.3365164173228345
11
5.6369899999999999
21
-3.3372712598425198
0
LINE
8
BLACK
6
CONTINUOUS
10
5.6369899999999999
20
-3.3372712598425198
11
5.635897007874016
21
-3.337635590551181
0
LINE
8
BLACK
6
CONTINUOUS
10
5.635897007874016
20
-3.337635590551181
11
5.6347477952755902
21
-3.3375539370078737
0
LINE
8
BLACK
6
CONTINUOUS
10
5.6347477952755902
20
-3.3375539370078737
11
5.6342072047244089
21
-3.3373470472440943
0
LINE
8
BLACK
6
CONTINUOUS
10
5.6342072047244089
20
-3.3373470472440943
11
5.6304576771653538
21
-3.3354722834645667
0
LINE
8
BLACK
6
CONTINUOUS
10
5.6304576771653538
20
-3.3354722834645667
11
5.6302098425196849
21
-3.3353162598425197
0
LINE
8
BLACK
6
CONTINUOUS
10
5.6302098425196849
20
-3.3353162598425197
11
5.6301377165354332
21
-3.3352864173228345
0
LINE
8
BLACK
6
CONTINUOUS
10
5.6301377165354332
20
-3.3352864173228345
11
5.6300565354330709
21
-3.3352198031496063
0
LINE
8
BLACK
6
CONTINUOUS
10
5.6300565354330709
20
-3.3352198031496063
11
5.62996779527559
21
-3.3351639370078741
0
LINE
8
BLACK
6
CONTINUOUS
10
5.62996779527559
20
-3.3351639370078741
11
5.6299166535433072
21
-3.335105
0
LINE
8
BLACK
6
CONTINUOUS
10
5.6299166535433072
20
-3.335105
11
5.6296902755905514
21
-3.3349191732283465
0
LINE
8
BLACK
6
CONTINUOUS
10
5.6296902755905514
20
-3.3349191732283465
11
5.6272318897637792
21
-3.3324607874015748
0
LINE
8
BLACK
6
CONTINUOUS
10
5.6272318897637792
20
-3.3324607874015748
11
5.6272318897637792
21
-3.3598747637795277
0
LINE
8
BLACK
6
CONTINUOUS
10
5.6272318897637792
20
-3.3598747637795277
11
5.6355277165354334
21
-3.3598747637795277
0
LINE
8
BLACK
6
CONTINUOUS
10
5.6355277165354334
20
-3.3598747637795277
11
5.6361037795275593
21
-3.359931496062992
0
LINE
8
BLACK
6
CONTINUOUS
10
5.6361037795275593
20
-3.359931496062992
11
5.6371681889763776
21
-3.3603724015748031
0
LINE
8
BLACK
6
CONTINUOUS
10
5.6371681889763776
20
-3.3603724015748031
11
5.6379828346456691
21
-3.3611870472440946
0
LINE
8
BLACK
6
CONTINUOUS
10
5.6379828346456691
20
-3.3611870472440946
11
5.6384237401574806
21
-3.3622514566929134
0
LINE
8
BLACK
6
CONTINUOUS
10
5.6384237401574806
20
-3.3622514566929134
11
5.6384237401574806
21
-3.3634035826771651
0
LINE
8
BLACK
6
CONTINUOUS
10
5.6384237401574806
20
-3.3634035826771651
11
5.6379828346456691
21
-3.3644679921259844
0
LINE
8
BLACK
6
CONTINUOUS
10
5.6379828346456691
20
-3.3644679921259844
11
5.6371681889763776
21
-3.3652826377952754
0
LINE
8
BLACK
6
CONTINUOUS
10
5.6371681889763776
20
-3.3652826377952754
11
5.6361037795275593
21
-3.3657235433070865
0
LINE
8
BLACK
6
CONTINUOUS
10
5.6361037795275593
20
-3.3657235433070865
11
5.6355277165354334
21
-3.3657802755905513
0
LINE
8
BLACK
6
CONTINUOUS
10
5.6355277165354334
20
-3.3657802755905513
11
5.6130305511811018
21
-3.3657802755905513
0
LINE
8
BLACK
6
CONTINUOUS
10
5.6130305511811018
20
-3.3657802755905513
11
5.612454488188976
21
-3.3657235433070865
0
LINE
8
BLACK
6
CONTINUOUS
10
5.612454488188976
20
-3.3657235433070865
11
5.6113900787401576
21
-3.3652826377952754
0
LINE
8
BLACK
6
CONTINUOUS
10
5.6113900787401576
20
-3.3652826377952754
11
5.6105754330708661
21
-3.3644679921259844
0
LINE
8
BLACK
6
CONTINUOUS
10
5.6105754330708661
20
-3.3644679921259844
11
5.6101345275590546
21
-3.3634035826771651
0
LINE
8
BLACK
6
CONTINUOUS
10
5.6101345275590546
20
-3.3634035826771651
11
5.6101345275590546
21
-3.3622514566929134
0
LINE
8
BLACK
6
CONTINUOUS
10
5.6101345275590546
20
-3.3622514566929134
11
5.6105754330708661
21
-3.3611870472440946
0
LINE
8
BLACK
6
CONTINUOUS
10
5.6105754330708661
20
-3.3611870472440946
11
5.6113900787401576
21
-3.3603724015748031
0
LINE
8
BLACK
6
CONTINUOUS
10
5.6113900787401576
20
-3.3603724015748031
11
5.612454488188976
21
-3.359931496062992
0
LINE
8
BLACK
6
CONTINUOUS
10
5.612454488188976
20
-3.359931496062992
11
5.6130305511811018
21
-3.3598747637795277
0
LINE
8
BLACK
6
CONTINUOUS
10
5.6130305511811018
20
-3.3598747637795277
11
5.621326377952756
21
-3.3598747637795277
0
LINE
8
BLACK
6
CONTINUOUS
10
5.621326377952756
20
-3.3598747637795277
11
5.621326377952756
21
-3.3234574409448818
0
LINE
8
BLACK
6
CONTINUOUS
10
5.621326377952756
20
-3.3234574409448818
11
5.6213265748031498
21
-3.3234553543307084
0
LINE
8
BLACK
6
CONTINUOUS
10
5.6213265748031498
20
-3.3234553543307084
11
5.621326377952756
21
-3.3234543307086613
0
LINE
8
BLACK
6
CONTINUOUS
10
5.621326377952756
20
-3.3234543307086613
11
5.6213269685039373
21
-3.3234512992125982
0
LINE
8
BLACK
6
CONTINUOUS
10
5.6213269685039373
20
-3.3234512992125982
11
5.6213831102362199
21
-3.322881377952756
0
LINE
8
BLACK
6
CONTINUOUS
10
5.6213831102362199
20
-3.322881377952756
11
5.6214949606299207
21
-3.3226112598425197
0
LINE
8
BLACK
6
CONTINUOUS
10
5.6214949606299207
20
-3.3226112598425197
11
5.6215523228346456
21
-3.3223246456692914
0
LINE
8
BLACK
6
CONTINUOUS
10
5.6215523228346456
20
-3.3223246456692914
11
5.6217132677165349
21
-3.3220842519685037
0
LINE
8
BLACK
6
CONTINUOUS
10
5.6217132677165349
20
-3.3220842519685037
11
5.6218240157480315
21
-3.3218169685039372
0
LINE
8
BLACK
6
CONTINUOUS
10
5.6218240157480315
20
-3.3218169685039372
11
5.6220307086614172
21
-3.3216102362204722
0
LINE
8
BLACK
6
CONTINUOUS
10
5.6220307086614172
20
-3.3216102362204722
11
5.6221933858267716
21
-3.3213673622047244
0
LINE
8
BLACK
6
CONTINUOUS
10
5.6221933858267716
20
-3.3213673622047244
11
5.622434094488189
21
-3.3212068503937009
0
LINE
8
BLACK
6
CONTINUOUS
10
5.622434094488189
20
-3.3212068503937009
11
5.6226386614173229
21
-3.3210023228346457
0
LINE
8
BLACK
6
CONTINUOUS
10
5.6226386614173229
20
-3.3210023228346457
11
5.62290874015748
21
-3.3208904330708662
0
LINE
8
BLACK
6
CONTINUOUS
10
5.62290874015748
20
-3.3208904330708662
11
5.6231520078740154
21
-3.3207282677165355
0
LINE
8
BLACK
6
CONTINUOUS
10
5.6231520078740154
20
-3.3207282677165355
11
5.6234357874015748
21
-3.320672125984252
0
LINE
8
BLACK
6
CONTINUOUS
10
5.6234357874015748
20
-3.320672125984252
11
5.6237030708661413
21
-3.3205614173228346
0
LINE
8
BLACK
6
CONTINUOUS
10
5.6237030708661413
20
-3.3205614173228346
11
5.6239954724409449
21
-3.3205614173228346
0
LINE
8
BLACK
6
CONTINUOUS
10
5.6239954724409449
20
-3.3205614173228346
11
5.6242822440944877
21
-3.3205046850393698
0
LINE
8
BLACK
6
CONTINUOUS
10
5.6242822440944877
20
-3.3205046850393698
11
5.6245659055118109
21
-3.3205614173228346
0
LINE
8
BLACK
6
CONTINUOUS
10
5.6540411023622044
20
-3.3210023228346457
11
5.6548557480314958
21
-3.3218169685039372
0
LINE
8
BLACK
6
CONTINUOUS
10
5.6548557480314958
20
-3.3218169685039372
11
5.6552966535433074
21
-3.322881377952756
0
LINE
8
BLACK
6
CONTINUOUS
10
5.6552966535433074
20
-3.322881377952756
11
5.6553533858267713
21
-3.3234574409448818
0
LINE
8
BLACK
6
CONTINUOUS
10
5.6553533858267713
20
-3.3234574409448818
11
5.6553533858267713
21
-3.3546313779527557
0
LINE
8
BLACK
6
CONTINUOUS
10
5.6553533858267713
20
-3.3546313779527557
11
5.6567021259842516
21
-3.3573288582677163
0
LINE
8
BLACK
6
CONTINUOUS
10
5.6567021259842516
20
-3.3573288582677163
11
5.6578992519685034
21
-3.3585260236220473
0
LINE
8
BLACK
6
CONTINUOUS
10
5.6578992519685034
20
-3.3585260236220473
11
5.660596732283464
21
-3.3598747637795277
0
LINE
8
BLACK
6
CONTINUOUS
10
5.660596732283464
20
-3.3598747637795277
11
5.666701692913386
21
-3.3598747637795277
0
LINE
8
BLACK
6
CONTINUOUS
10
5.666701692913386
20
-3.3598747637795277
11
5.6693991338582679
21
-3.3585260236220473
0
LINE
8
BLACK
6
CONTINUOUS
10
5.6693991338582679
20
-3.3585260236220473
11
5.6705962598425197
21
-3.3573288582677163
0
LINE
8
BLACK
6
CONTINUOUS
10
5.6705962598425197
20
-3.3573288582677163
11
5.6719450393700788
21
-3.3546313779527557
0
LINE
8
BLACK
6
CONTINUOUS
10
5.6719450393700788
20
-3.3546313779527557
11
5.6719450393700788
21
-3.3234574409448818
0
LINE
8
BLACK
6
CONTINUOUS
10
5.6719450393700788
20
-3.3234574409448818
11
5.6720017716535436
21
-3.322881377952756
0
LINE
8
BLACK
6
CONTINUOUS
10
5.6720017716535436
20
-3.322881377952756
11
5.6724426771653542
21
-3.3218169685039372
0
LINE
8
BLACK
6
CONTINUOUS
10
5.6724426771653542
20
-3.3218169685039372
11
5.6732573228346457
21
-3.3210023228346457
0
LINE
8
BLACK
6
CONTINUOUS
10
5.6732573228346457
20
-3.3210023228346457
11
5.674321732283464
21
-3.3205614173228346
0
LINE
8
BLACK
6
CONTINUOUS
10
5.674321732283464
20
-3.3205614173228346
11
5.6754738582677167
21
-3.3205614173228346
0
LINE
8
BLACK
6
CONTINUOUS
10
5.6754738582677167
20
-3.3205614173228346
11
5.676538267716535
21
-3.3210023228346457
0
LINE
8
BLACK
6
CONTINUOUS
10
5.676538267716535
20
-3.3210023228346457
11
5.6773529133858265
21
-3.3218169685039372
0
LINE
8
BLACK
6
CONTINUOUS
10
5.6773529133858265
20
-3.3218169685039372
11
5.677793818897638
21
-3.322881377952756
0
LINE
8
BLACK
6
CONTINUOUS
10
5.677793818897638
20
-3.322881377952756
11
5.6778505511811019
21
-3.3234574409448818
0
LINE
8
BLACK
6
CONTINUOUS
10
5.6778505511811019
20
-3.3234574409448818
11
5.6778505511811019
21
-3.3553284251968503
0
LINE
8
BLACK
6
CONTINUOUS
10
5.6778505511811019
20
-3.3553284251968503
11
5.677793818897638
21
-3.3559044881889761
0
LINE
8
BLACK
6
CONTINUOUS
10
5.677793818897638
20
-3.3559044881889761
11
5.6777532283464565
21
-3.3560024409448816
0
LINE
8
BLACK
6
CONTINUOUS
10
5.6777532283464565
20
-3.3560024409448816
11
5.6777457086614174
21
-3.356108346456693
0
LINE
8
BLACK
6
CONTINUOUS
10
5.6777457086614174
20
-3.356108346456693
11
5.6775388188976379
21
-3.3566489370078738
0
LINE
8
BLACK
6
CONTINUOUS
10
5.6775388188976379
20
-3.3566489370078738
11
5.6756640551181103
21
-3.3603984645669289
0
LINE
8
BLACK
6
CONTINUOUS
10
5.6756640551181103
20
-3.3603984645669289
11
5.6755079921259846
21
-3.360646338582677
0
LINE
8
BLACK
6
CONTINUOUS
10
5.6755079921259846
20
-3.360646338582677
11
5.6754781889763777
21
-3.3607183858267717
0
LINE
8
BLACK
6
CONTINUOUS
10
5.6754781889763777
20
-3.3607183858267717
11
5.675411653543307
21
-3.3607994094488189
0
LINE
8
BLACK
6
CONTINUOUS
10
5.675411653543307
20
-3.3607994094488189
11
5.6753557086614173
21
-3.3608883464566928
0
LINE
8
BLACK
6
CONTINUOUS
10
5.6753557086614173
20
-3.3608883464566928
11
5.6752966929133857
21
-3.3609394881889765
0
LINE
8
BLACK
6
CONTINUOUS
10
5.6752966929133857
20
-3.3609394881889765
11
5.6751109448818893
21
-3.3611658661417323
0
LINE
8
BLACK
6
CONTINUOUS
10
5.6751109448818893
20
-3.3611658661417323
11
5.6732362204724405
21
-3.3630406299212598
0
LINE
8
BLACK
6
CONTINUOUS
10
5.6732362204724405
20
-3.3630406299212598
11
5.6730098425196847
21
-3.3632263779527558
0
LINE
8
BLACK
6
CONTINUOUS
10
5.6730098425196847
20
-3.3632263779527558
11
5.6729586614173231
21
-3.3632854330708661
0
LINE
8
BLACK
6
CONTINUOUS
10
5.6729586614173231
20
-3.3632854330708661
11
5.6728696850393696
21
-3.3633414173228346
0
LINE
8
BLACK
6
CONTINUOUS
10
5.6728696850393696
20
-3.3633414173228346
11
5.6727887401574799
21
-3.3634078740157478
0
LINE
8
BLACK
6
CONTINUOUS
10
5.6727887401574799
20
-3.3634078740157478
11
5.6727167716535432
21
-3.3634376771653542
0
LINE
8
BLACK
6
CONTINUOUS
10
5.6727167716535432
20
-3.3634376771653542
11
5.6724687795275592
21
-3.3635937795275588
0
LINE
8
BLACK
6
CONTINUOUS
10
5.6724687795275592
20
-3.3635937795275588
11
5.6687192519685041
21
-3.3654685433070863
0
LINE
8
BLACK
6
CONTINUOUS
10
5.6687192519685041
20
-3.3654685433070863
11
5.6681786220472441
21
-3.3656754330708663
0
LINE
8
BLACK
6
CONTINUOUS
10
5.6681786220472441
20
-3.3656754330708663
11
5.6680727952755907
21
-3.3656829133858266
0
LINE
8
BLACK
6
CONTINUOUS
10
5.6680727952755907
20
-3.3656829133858266
11
5.6679748031496064
21
-3.3657235433070865
0
LINE
8
BLACK
6
CONTINUOUS
10
5.6679748031496064
20
-3.3657235433070865
11
5.6673987401574806
21
-3.3657802755905513
0
LINE
8
BLACK
6
CONTINUOUS
10
5.6673987401574806
20
-3.3657802755905513
11
5.6598996850393704
21
-3.3657802755905513
0
LINE
8
BLACK
6
CONTINUOUS
10
5.6598996850393704
20
-3.3657802755905513
11
5.6593236220472436
21
-3.3657235433070865
0
LINE
8
BLACK
6
CONTINUOUS
10
5.6593236220472436
20
-3.3657235433070865
11
5.6592256299212593
21
-3.3656829527559053
0
LINE
8
BLACK
6
CONTINUOUS
10
5.6592256299212593
20
-3.3656829527559053
11
5.6591197637795272
21
-3.3656754330708663
0
LINE
8
BLACK
6
CONTINUOUS
10
5.6591197637795272
20
-3.3656754330708663
11
5.6585791732283459
21
-3.3654685433070863
0
LINE
8
BLACK
6
CONTINUOUS
10
5.6585791732283459
20
-3.3654685433070863
11
5.6548296456692908
21
-3.3635937795275588
0
LINE
8
BLACK
6
CONTINUOUS
10
5.6548296456692908
20
-3.3635937795275588
11
5.6545816141732281
21
-3.3634376771653542
0
LINE
8
BLACK
6
CONTINUOUS
10
5.6545816141732281
20
-3.3634376771653542
11
5.6545096850393701
21
-3.3634078740157478
0
LINE
8
BLACK
6
CONTINUOUS
10
5.6545096850393701
20
-3.3634078740157478
11
5.6544287007874017
21
-3.3633414173228346
0
LINE
8
BLACK
6
CONTINUOUS
10
5.6544287007874017
20
-3.3633414173228346
11
5.6543397637795278
21
-3.3632854330708661
0
LINE
8
BLACK
6
CONTINUOUS
10
5.6543397637795278
20
-3.3632854330708661
11
5.6542885433070866
21
-3.3632263779527558
0
LINE
8
BLACK
6
CONTINUOUS
10
5.6542885433070866
20
-3.3632263779527558
11
5.6540622047244096
21
-3.3630406299212598
0
LINE
8
BLACK
6
CONTINUOUS
10
5.6540622047244096
20
-3.3630406299212598
11
5.652187440944882
21
-3.3611658267716535
0
LINE
8
BLACK
6
CONTINUOUS
10
5.652187440944882
20
-3.3611658267716535
11
5.6520016929133856
21
-3.3609394881889765
0
LINE
8
BLACK
6
CONTINUOUS
10
5.6520016929133856
20
-3.3609394881889765
11
5.6519427165354328
21
-3.3608883464566928
0
LINE
8
BLACK
6
CONTINUOUS
10
5.6519427165354328
20
-3.3608883464566928
11
5.6518867322834643
21
-3.3607994094488189
0
LINE
8
BLACK
6
CONTINUOUS
10
5.6518867322834643
20
-3.3607994094488189
11
5.6518202362204724
21
-3.3607183858267717
0
LINE
8
BLACK
6
CONTINUOUS
10
5.6518202362204724
20
-3.3607183858267717
11
5.6517903937007876
21
-3.360646338582677
0
LINE
8
BLACK
6
CONTINUOUS
10
5.6517903937007876
20
-3.360646338582677
11
5.6516343700787397
21
-3.3603984645669289
0
LINE
8
BLACK
6
CONTINUOUS
10
5.6516343700787397
20
-3.3603984645669289
11
5.6497596062992121
21
-3.3566489370078738
0
LINE
8
BLACK
6
CONTINUOUS
10
5.6497596062992121
20
-3.3566489370078738
11
5.6495527165354327
21
-3.3561083070866142
0
LINE
8
BLACK
6
CONTINUOUS
10
5.6495527165354327
20
-3.3561083070866142
11
5.6495451968503936
21
-3.3560024803149604
0
LINE
8
BLACK
6
CONTINUOUS
10
5.6495451968503936
20
-3.3560024803149604
11
5.649504606299212
21
-3.3559044881889761
0
LINE
8
BLACK
6
CONTINUOUS
10
5.649504606299212
20
-3.3559044881889761
11
5.6494478740157481
21
-3.3553284251968503
0
LINE
8
BLACK
6
CONTINUOUS
10
5.6494478740157481
20
-3.3553284251968503
11
5.6494478740157481
21
-3.3234574409448818
0
LINE
8
BLACK
6
CONTINUOUS
10
5.6494478740157481
20
-3.3234574409448818
11
5.649504606299212
21
-3.322881377952756
0
LINE
8
BLACK
6
CONTINUOUS
10
5.649504606299212
20
-3.322881377952756
11
5.6499455118110236
21
-3.3218169685039372
0
LINE
8
BLACK
6
CONTINUOUS
10
5.6499455118110236
20
-3.3218169685039372
11
5.650760157480315
21
-3.3210023228346457
0
LINE
8
BLACK
6
CONTINUOUS
10
5.650760157480315
20
-3.3210023228346457
11
5.6518245669291334
21
-3.3205614173228346
0
LINE
8
BLACK
6
CONTINUOUS
10
5.6518245669291334
20
-3.3205614173228346
11
5.652976692913386
21
-3.3205614173228346
0
LINE
8
BLACK
6
CONTINUOUS
10
5.652976692913386
20
-3.3205614173228346
11
5.6540411023622044
21
-3.3210023228346457
0
LINE
8
BLACK
6
CONTINUOUS
10
5.4343907480314959
20
-3.3541955511811024
11
5.4356691732283462
21
-3.3554739763779526
0
LINE
8
BLACK
6
CONTINUOUS
10
5.4356691732283462
20
-3.3554739763779526
11
5.4356691732283462
21
-3.3572819291338583
0
LINE
8
BLACK
6
CONTINUOUS
10
5.4356691732283462
20
-3.3572819291338583
11
5.4343907480314959
21
-3.3585603543307085
0
LINE
8
BLACK
6
CONTINUOUS
10
5.4343907480314959
20
-3.3585603543307085
11
5.4334867716535431
21
-3.3587401574803151
0
LINE
8
BLACK
6
CONTINUOUS
10
5.4334867716535431
20
-3.3587401574803151
11
5.3860801574803148
21
-3.3587401574803151
0
LINE
8
BLACK
6
CONTINUOUS
10
5.3860801574803148
20
-3.3587401574803151
11
5.385176181102362
21
-3.3585603543307085
0
LINE
8
BLACK
6
CONTINUOUS
10
5.385176181102362
20
-3.3585603543307085
11
5.3838977559055117
21
-3.3572819291338583
0
LINE
8
BLACK
6
CONTINUOUS
10
5.3838977559055117
20
-3.3572819291338583
11
5.3838977559055117
21
-3.3554739763779526
0
LINE
8
BLACK
6
CONTINUOUS
10
5.3838977559055117
20
-3.3554739763779526
11
5.385176181102362
21
-3.3541955511811024
0
LINE
8
BLACK
6
CONTINUOUS
10
5.385176181102362
20
-3.3541955511811024
11
5.3860801574803148
21
-3.3540157480314958
0
LINE
8
BLACK
6
CONTINUOUS
10
5.3860801574803148
20
-3.3540157480314958
11
5.4334867716535431
21
-3.3540157480314958
0
LINE
8
BLACK
6
CONTINUOUS
10
5.4334867716535431
20
-3.3540157480314958
11
5.4343907480314959
21
-3.3541955511811024
0
LINE
8
BLACK
6
CONTINUOUS
10
5.8184583464566924
20
-3.3275964173228347
11
5.8194888582677162
21
-3.3281116929133856
0
LINE
8
BLACK
6
CONTINUOUS
10
5.8194888582677162
20
-3.3281116929133856
11
5.8202437007874011
21
-3.3289820472440943
0
LINE
8
BLACK
6
CONTINUOUS
10
5.8202437007874011
20
-3.3289820472440943
11
5.8206080314960627
21
-3.3300750393700786
0
LINE
8
BLACK
6
CONTINUOUS
10
5.8206080314960627
20
-3.3300750393700786
11
5.8205263779527554
21
-3.331224251968504
0
LINE
8
BLACK
6
CONTINUOUS
10
5.8205263779527554
20
-3.331224251968504
11
5.8203194881889759
21
-3.3317648425196849
0
LINE
8
BLACK
6
CONTINUOUS
10
5.8203194881889759
20
-3.3317648425196849
11
5.8184447244094484
21
-3.33551437007874
0
LINE
8
BLACK
6
CONTINUOUS
10
5.8184447244094484
20
-3.33551437007874
11
5.8182887007874013
21
-3.3357621653543306
0
LINE
8
BLACK
6
CONTINUOUS
10
5.8182887007874013
20
-3.3357621653543306
11
5.8182588582677166
21
-3.3358343307086615
0
LINE
8
BLACK
6
CONTINUOUS
10
5.8182588582677166
20
-3.3358343307086615
11
5.8181922440944884
21
-3.335915472440945
0
LINE
8
BLACK
6
CONTINUOUS
10
5.8181922440944884
20
-3.335915472440945
11
5.8181363779527562
21
-3.3360042519685038
0
LINE
8
BLACK
6
CONTINUOUS
10
5.8181363779527562
20
-3.3360042519685038
11
5.8180774409448821
21
-3.3360553543307088
0
LINE
8
BLACK
6
CONTINUOUS
10
5.8180774409448821
20
-3.3360553543307088
11
5.8178916141732282
21
-3.3362817716535433
0
LINE
8
BLACK
6
CONTINUOUS
10
5.8178916141732282
20
-3.3362817716535433
11
5.8154332283464569
21
-3.3387401574803151
0
LINE
8
BLACK
6
CONTINUOUS
10
5.8154332283464569
20
-3.3387401574803151
11
5.8428472047244089
21
-3.3387401574803151
0
LINE
8
BLACK
6
CONTINUOUS
10
5.8428472047244089
20
-3.3387401574803151
11
5.8428472047244089
21
-3.3304443307086613
0
LINE
8
BLACK
6
CONTINUOUS
10
5.8428472047244089
20
-3.3304443307086613
11
5.8429039370078737
21
-3.3298682677165354
0
LINE
8
BLACK
6
CONTINUOUS
10
5.8429039370078737
20
-3.3298682677165354
11
5.8433448425196852
21
-3.3288038582677166
0
LINE
8
BLACK
6
CONTINUOUS
10
5.8433448425196852
20
-3.3288038582677166
11
5.8441594881889767
21
-3.3279892125984252
0
LINE
8
BLACK
6
CONTINUOUS
10
5.8441594881889767
20
-3.3279892125984252
11
5.845223897637795
21
-3.3275483070866141
0
LINE
8
BLACK
6
CONTINUOUS
10
5.845223897637795
20
-3.3275483070866141
11
5.8463760236220468
21
-3.3275483070866141
0
LINE
8
BLACK
6
CONTINUOUS
10
5.8463760236220468
20
-3.3275483070866141
11
5.847440433070866
21
-3.3279892125984252
0
LINE
8
BLACK
6
CONTINUOUS
10
5.847440433070866
20
-3.3279892125984252
11
5.8482550787401575
21
-3.3288038582677166
0
LINE
8
BLACK
6
CONTINUOUS
10
5.8482550787401575
20
-3.3288038582677166
11
5.8486959842519681
21
-3.3298682677165354
0
LINE
8
BLACK
6
CONTINUOUS
10
5.8486959842519681
20
-3.3298682677165354
11
5.8487527165354329
21
-3.3304443307086613
0
LINE
8
BLACK
6
CONTINUOUS
10
5.8487527165354329
20
-3.3304443307086613
11
5.8487527165354329
21
-3.352941496062992
0
LINE
8
BLACK
6
CONTINUOUS
10
5.8487527165354329
20
-3.352941496062992
11
5.8486959842519681
21
-3.3535175590551178
0
LINE
8
BLACK
6
CONTINUOUS
10
5.8486959842519681
20
-3.3535175590551178
11
5.8482550787401575
21
-3.3545819685039371
0
LINE
8
BLACK
6
CONTINUOUS
10
5.8482550787401575
20
-3.3545819685039371
11
5.847440433070866
21
-3.3553966141732281
0
LINE
8
BLACK
6
CONTINUOUS
10
5.847440433070866
20
-3.3553966141732281
11
5.8463760236220468
21
-3.3558375196850392
0
LINE
8
BLACK
6
CONTINUOUS
10
5.8463760236220468
20
-3.3558375196850392
11
5.845223897637795
21
-3.3558375196850392
0
LINE
8
BLACK
6
CONTINUOUS
10
5.845223897637795
20
-3.3558375196850392
11
5.8441594881889767
21
-3.3553966141732281
0
LINE
8
BLACK
6
CONTINUOUS
10
5.8441594881889767
20
-3.3553966141732281
11
5.8433448425196852
21
-3.3545819685039371
0
LINE
8
BLACK
6
CONTINUOUS
10
5.8433448425196852
20
-3.3545819685039371
11
5.8429039370078737
21
-3.3535175590551178
0
LINE
8
BLACK
6
CONTINUOUS
10
5.8429039370078737
20
-3.3535175590551178
11
5.8428472047244089
21
-3.352941496062992
0
LINE
8
BLACK
6
CONTINUOUS
10
5.8428472047244089
20
-3.352941496062992
11
5.8428472047244089
21
-3.3446456692913387
0
LINE
8
BLACK
6
CONTINUOUS
10
5.8428472047244089
20
-3.3446456692913387
11
5.8064298818897635
21
-3.3446456692913387
0
LINE
8
BLACK
6
CONTINUOUS
10
5.8064298818897635
20
-3.3446456692913387
11
5.8064277952755905
21
-3.3446454330708661
0
LINE
8
BLACK
6
CONTINUOUS
10
5.8064277952755905
20
-3.3446454330708661
11
5.8064267716535429
21
-3.3446456692913387
0
LINE
8
BLACK
6
CONTINUOUS
10
5.8064267716535429
20
-3.3446456692913387
11
5.8064237401574799
21
-3.3446450393700786
0
LINE
8
BLACK
6
CONTINUOUS
10
5.8064237401574799
20
-3.3446450393700786
11
5.8058538188976376
21
-3.3445889370078739
0
LINE
8
BLACK
6
CONTINUOUS
10
5.8058538188976376
20
-3.3445889370078739
11
5.8055837007874018
21
-3.3444770472440943
0
LINE
8
BLACK
6
CONTINUOUS
10
5.8055837007874018
20
-3.3444770472440943
11
5.8052970866141731
21
-3.3444197244094487
0
LINE
8
BLACK
6
CONTINUOUS
10
5.8052970866141731
20
-3.3444197244094487
11
5.8050566929133858
21
-3.3442587401574801
0
LINE
8
BLACK
6
CONTINUOUS
10
5.8050566929133858
20
-3.3442587401574801
11
5.8047894094488184
21
-3.3441480314960628
0
LINE
8
BLACK
6
CONTINUOUS
10
5.8047894094488184
20
-3.3441480314960628
11
5.8045826771653539
21
-3.3439412992125983
0
LINE
8
BLACK
6
CONTINUOUS
10
5.8045826771653539
20
-3.3439412992125983
11
5.8043398031496061
21
-3.3437786614173226
0
LINE
8
BLACK
6
CONTINUOUS
10
5.8043398031496061
20
-3.3437786614173226
11
5.8041792913385821
21
-3.3435379133858265
0
LINE
8
BLACK
6
CONTINUOUS
10
5.8041792913385821
20
-3.3435379133858265
11
5.8039747637795278
21
-3.3433333858267718
0
LINE
8
BLACK
6
CONTINUOUS
10
5.8039747637795278
20
-3.3433333858267718
11
5.8038628740157483
21
-3.3430632677165355
0
LINE
8
BLACK
6
CONTINUOUS
10
5.8038628740157483
20
-3.3430632677165355
11
5.8037007086614176
21
-3.3428200393700789
0
LINE
8
BLACK
6
CONTINUOUS
10
5.8037007086614176
20
-3.3428200393700789
11
5.8036445669291341
21
-3.3425362204724407
0
LINE
8
BLACK
6
CONTINUOUS
10
5.8036445669291341
20
-3.3425362204724407
11
5.8035338582677163
21
-3.3422689763779525
0
LINE
8
BLACK
6
CONTINUOUS
10
5.8035338582677163
20
-3.3422689763779525
11
5.8035338582677163
21
-3.3419765748031494
0
LINE
8
BLACK
6
CONTINUOUS
10
5.8035338582677163
20
-3.3419765748031494
11
5.8034771259842515
21
-3.3416898031496061
0
LINE
8
BLACK
6
CONTINUOUS
10
5.8034771259842515
20
-3.3416898031496061
11
5.8035338582677163
21
-3.3414061417322833
0
LINE
8
BLACK
6
CONTINUOUS
10
5.8035338582677163
20
-3.3414061417322833
11
5.8035338582677163
21
-3.3411168503937008
0
LINE
8
BLACK
6
CONTINUOUS
10
5.8035338582677163
20
-3.3411168503937008
11
5.803645708661417
21
-3.3408467322834645
0
LINE
8
BLACK
6
CONTINUOUS
10
5.803645708661417
20
-3.3408467322834645
11
5.8037030708661419
21
-3.3405601181102362
0
LINE
8
BLACK
6
CONTINUOUS
10
5.8037030708661419
20
-3.3405601181102362
11
5.8038640157480312
21
-3.3403197244094489
0
LINE
8
BLACK
6
CONTINUOUS
10
5.8038640157480312
20
-3.3403197244094489
11
5.8039747637795278
21
-3.340052440944882
0
LINE
8
BLACK
6
CONTINUOUS
10
5.8039747637795278
20
-3.340052440944882
11
5.8041814566929135
21
-3.3398457086614171
0
LINE
8
BLACK
6
CONTINUOUS
10
5.8041814566929135
20
-3.3398457086614171
11
5.804344133858268
21
-3.3396028346456692
0
LINE
8
BLACK
6
CONTINUOUS
10
5.804344133858268
20
-3.3396028346456692
11
5.8047873622047241
21
-3.3392398031496064
0
LINE
8
BLACK
6
CONTINUOUS
10
5.8047873622047241
20
-3.3392398031496064
11
5.8047894094488184
21
-3.3392377952755905
0
LINE
8
BLACK
6
CONTINUOUS
10
5.8047894094488184
20
-3.3392377952755905
11
5.8047902755905509
21
-3.339237401574803
0
LINE
8
BLACK
6
CONTINUOUS
10
5.8047902755905509
20
-3.339237401574803
11
5.8047919685039373
21
-3.3392360629921258
0
LINE
8
BLACK
6
CONTINUOUS
10
5.8047919685039373
20
-3.3392360629921258
11
5.8101729921259837
21
-3.3356487007874014
0
LINE
8
BLACK
6
CONTINUOUS
10
5.8101729921259837
20
-3.3356487007874014
11
5.8133769685039365
21
-3.3324447637795274
0
LINE
8
BLACK
6
CONTINUOUS
10
5.8133769685039365
20
-3.3324447637795274
11
5.8150374409448817
21
-3.3291238188976378
0
LINE
8
BLACK
6
CONTINUOUS
10
5.8150374409448817
20
-3.3291238188976378
11
5.8153457874015748
21
-3.3286339370078739
0
LINE
8
BLACK
6
CONTINUOUS
10
5.8153457874015748
20
-3.3286339370078739
11
5.8162161811023623
21
-3.3278790944881891
0
LINE
8
BLACK
6
CONTINUOUS
10
5.8162161811023623
20
-3.3278790944881891
11
5.8173091338582674
21
-3.3275147637795275
0
LINE
8
BLACK
6
CONTINUOUS
10
5.8173091338582674
20
-3.3275147637795275
11
5.8184583464566924
21
-3.3275964173228347
0
LINE
8
BLACK
6
CONTINUOUS
10
5.7704776377952758
20
-3.3395252362204721
11
5.7715420472440941
21
-3.3399661417322832
0
LINE
8
BLACK
6
CONTINUOUS
10
5.7715420472440941
20
-3.3399661417322832
11
5.7723566929133856
21
-3.3407807874015747
0
LINE
8
BLACK
6
CONTINUOUS
10
5.7723566929133856
20
-3.3407807874015747
11
5.7727975984251971
21
-3.3418451968503935
0
LINE
8
BLACK
6
CONTINUOUS
10
5.7727975984251971
20
-3.3418451968503935
11
5.7727975984251971
21
-3.3429973228346457
0
LINE
8
BLACK
6
CONTINUOUS
10
5.7727975984251971
20
-3.3429973228346457
11
5.7723566929133856
21
-3.3440617322834645
0
LINE
8
BLACK
6
CONTINUOUS
10
5.7723566929133856
20
-3.3440617322834645
11
5.7715420472440941
21
-3.3448763779527559
0
LINE
8
BLACK
6
CONTINUOUS
10
5.7715420472440941
20
-3.3448763779527559
11
5.7704776377952758
21
-3.345317283464567
0
LINE
8
BLACK
6
CONTINUOUS
10
5.7704776377952758
20
-3.345317283464567
11
5.7699015748031499
21
-3.3453740157480314
0
LINE
8
BLACK
6
CONTINUOUS
10
5.7699015748031499
20
-3.3453740157480314
11
5.7099015748031494
21
-3.3453740157480314
0
LINE
8
BLACK
6
CONTINUOUS
10
5.7099015748031494
20
-3.3453740157480314
11
5.7093255118110235
21
-3.345317283464567
0
LINE
8
BLACK
6
CONTINUOUS
10
5.7093255118110235
20
-3.345317283464567
11
5.7082611023622043
21
-3.3448763779527559
0
LINE
8
BLACK
6
CONTINUOUS
10
5.7082611023622043
20
-3.3448763779527559
11
5.7074464566929128
21
-3.3440617322834645
0
LINE
8
BLACK
6
CONTINUOUS
10
5.7074464566929128
20
-3.3440617322834645
11
5.7070055511811022
21
-3.3429973228346457
0
LINE
8
BLACK
6
CONTINUOUS
10
5.7070055511811022
20
-3.3429973228346457
11
5.7070055511811022
21
-3.3418451968503935
0
LINE
8
BLACK
6
CONTINUOUS
10
5.7070055511811022
20
-3.3418451968503935
11
5.7074464566929128
21
-3.3407807874015747
0
LINE
8
BLACK
6
CONTINUOUS
10
5.7074464566929128
20
-3.3407807874015747
11
5.7082611023622043
21
-3.3399661417322832
0
LINE
8
BLACK
6
CONTINUOUS
10
5.7082611023622043
20
-3.3399661417322832
11
5.7093255118110235
21
-3.3395252362204721
0
LINE
8
BLACK
6
CONTINUOUS
10
5.7093255118110235
20
-3.3395252362204721
11
5.7099015748031494
21
-3.3394685039370078
0
LINE
8
BLACK
6
CONTINUOUS
10
5.7099015748031494
20
-3.3394685039370078
11
5.7699015748031499
21
-3.3394685039370078
0
LINE
8
BLACK
6
CONTINUOUS
10
5.7699015748031499
20
-3.3394685039370078
11
5.7704776377952758
21
-3.3395252362204721
0
LINE
8
BLACK
6
CONTINUOUS
10
5.3592527952755908
20
-3.2905614173228344
11
5.359542086614173
21
-3.2905614173228344
0
LINE
8
BLACK
6
CONTINUOUS
10
5.359542086614173
20
-3.2905614173228344
11
5.3598121653543309
21
-3.2906732677165356
0
LINE
8
BLACK
6
CONTINUOUS
10
5.3598121653543309
20
-3.2906732677165356
11
5.3600988188976375
21
-3.29073062992126
0
LINE
8
BLACK
6
CONTINUOUS
10
5.3600988188976375
20
-3.29073062992126
11
5.3603391732283461
21
-3.2908915748031493
0
LINE
8
BLACK
6
CONTINUOUS
10
5.3603391732283461
20
-3.2908915748031493
11
5.3606064960629922
21
-3.2910023228346454
0
LINE
8
BLACK
6
CONTINUOUS
10
5.3606064960629922
20
-3.2910023228346454
11
5.3608131889763779
21
-3.2912090157480316
0
LINE
8
BLACK
6
CONTINUOUS
10
5.3608131889763779
20
-3.2912090157480316
11
5.3610561023622045
21
-3.2913716929133856
0
LINE
8
BLACK
6
CONTINUOUS
10
5.3610561023622045
20
-3.2913716929133856
11
5.3614190944881885
21
-3.2918149212598427
0
LINE
8
BLACK
6
CONTINUOUS
10
5.3614190944881885
20
-3.2918149212598427
11
5.3614211417322837
21
-3.2918169685039369
0
LINE
8
BLACK
6
CONTINUOUS
10
5.3614211417322837
20
-3.2918169685039369
11
5.3614214960629916
21
-3.291817834645669
0
LINE
8
BLACK
6
CONTINUOUS
10
5.3614214960629916
20
-3.291817834645669
11
5.3614228740157479
21
-3.2918195275590549
0
LINE
8
BLACK
6
CONTINUOUS
10
5.3614228740157479
20
-3.2918195275590549
11
5.3650101968503936
21
-3.2972005511811022
0
LINE
8
BLACK
6
CONTINUOUS
10
5.3650101968503936
20
-3.2972005511811022
11
5.3682141732283464
21
-3.300404527559055
0
LINE
8
BLACK
6
CONTINUOUS
10
5.3682141732283464
20
-3.300404527559055
11
5.371535118110236
21
-3.3020649999999998
0
LINE
8
BLACK
6
CONTINUOUS
10
5.371535118110236
20
-3.3020649999999998
11
5.3720249999999998
21
-3.3023733464566929
0
LINE
8
BLACK
6
CONTINUOUS
10
5.3720249999999998
20
-3.3023733464566929
11
5.3727798425196847
21
-3.3032437401574803
0
LINE
8
BLACK
6
CONTINUOUS
10
5.3727798425196847
20
-3.3032437401574803
11
5.3731441732283463
21
-3.3043366929133859
0
LINE
8
BLACK
6
CONTINUOUS
10
5.3731441732283463
20
-3.3043366929133859
11
5.373062519685039
21
-3.3054859055118109
0
LINE
8
BLACK
6
CONTINUOUS
10
5.373062519685039
20
-3.3054859055118109
11
5.3725472440944877
21
-3.3065164173228347
0
LINE
8
BLACK
6
CONTINUOUS
10
5.3725472440944877
20
-3.3065164173228347
11
5.371676889763779
21
-3.3072712598425196
0
LINE
8
BLACK
6
CONTINUOUS
10
5.371676889763779
20
-3.3072712598425196
11
5.3705838976377951
21
-3.3076355905511812
0
LINE
8
BLACK
6
CONTINUOUS
10
5.3705838976377951
20
-3.3076355905511812
11
5.3694346850393702
21
-3.3075539370078739
0
LINE
8
BLACK
6
CONTINUOUS
10
5.3694346850393702
20
-3.3075539370078739
11
5.3688940944881889
21
-3.3073470472440945
0
LINE
8
BLACK
6
CONTINUOUS
10
5.3688940944881889
20
-3.3073470472440945
11
5.3651445669291338
21
-3.3054722834645669
0
LINE
8
BLACK
6
CONTINUOUS
10
5.3651445669291338
20
-3.3054722834645669
11
5.3648967322834649
21
-3.3053162598425194
0
LINE
8
BLACK
6
CONTINUOUS
10
5.3648967322834649
20
-3.3053162598425194
11
5.3648246062992122
21
-3.3052864173228347
0
LINE
8
BLACK
6
CONTINUOUS
10
5.3648246062992122
20
-3.3052864173228347
11
5.36474342519685
21
-3.3052198031496061
0
LINE
8
BLACK
6
CONTINUOUS
10
5.36474342519685
20
-3.3052198031496061
11
5.3646546850393699
21
-3.3051639370078738
0
LINE
8
BLACK
6
CONTINUOUS
10
5.3646546850393699
20
-3.3051639370078738
11
5.3646035433070862
21
-3.3051049999999997
0
LINE
8
BLACK
6
CONTINUOUS
10
5.3646035433070862
20
-3.3051049999999997
11
5.3643771653543304
21
-3.3049191732283463
0
LINE
8
BLACK
6
CONTINUOUS
10
5.3643771653543304
20
-3.3049191732283463
11
5.3619187795275591
21
-3.3024607874015746
0
LINE
8
BLACK
6
CONTINUOUS
10
5.3619187795275591
20
-3.3024607874015746
11
5.3619187795275591
21
-3.3298747637795274
0
LINE
8
BLACK
6
CONTINUOUS
10
5.3619187795275591
20
-3.3298747637795274
11
5.3702146062992124
21
-3.3298747637795274
0
LINE
8
BLACK
6
CONTINUOUS
10
5.3702146062992124
20
-3.3298747637795274
11
5.3707906692913383
21
-3.3299314960629922
0
LINE
8
BLACK
6
CONTINUOUS
10
5.3707906692913383
20
-3.3299314960629922
11
5.3718550787401576
21
-3.3303724015748029
0
LINE
8
BLACK
6
CONTINUOUS
10
5.3718550787401576
20
-3.3303724015748029
11
5.372669724409449
21
-3.3311870472440943
0
LINE
8
BLACK
6
CONTINUOUS
10
5.372669724409449
20
-3.3311870472440943
11
5.3731106299212597
21
-3.3322514566929131
0
LINE
8
BLACK
6
CONTINUOUS
10
5.3731106299212597
20
-3.3322514566929131
11
5.3731106299212597
21
-3.3334035826771653
0
LINE
8
BLACK
6
CONTINUOUS
10
5.3731106299212597
20
-3.3334035826771653
11
5.372669724409449
21
-3.3344679921259841
0
LINE
8
BLACK
6
CONTINUOUS
10
5.372669724409449
20
-3.3344679921259841
11
5.3718550787401576
21
-3.3352826377952756
0
LINE
8
BLACK
6
CONTINUOUS
10
5.3718550787401576
20
-3.3352826377952756
11
5.3707906692913383
21
-3.3357235433070866
0
LINE
8
BLACK
6
CONTINUOUS
10
5.3707906692913383
20
-3.3357235433070866
11
5.3702146062992124
21
-3.335780275590551
0
LINE
8
BLACK
6
CONTINUOUS
10
5.3702146062992124
20
-3.335780275590551
11
5.3477174409448818
21
-3.335780275590551
0
LINE
8
BLACK
6
CONTINUOUS
10
5.3477174409448818
20
-3.335780275590551
11
5.3471413779527559
21
-3.3357235433070866
0
LINE
8
BLACK
6
CONTINUOUS
10
5.3471413779527559
20
-3.3357235433070866
11
5.3460769685039367
21
-3.3352826377952756
0
LINE
8
BLACK
6
CONTINUOUS
10
5.3460769685039367
20
-3.3352826377952756
11
5.3452623228346452
21
-3.3344679921259841
0
LINE
8
BLACK
6
CONTINUOUS
10
5.3452623228346452
20
-3.3344679921259841
11
5.3448214173228346
21
-3.3334035826771653
0
LINE
8
BLACK
6
CONTINUOUS
10
5.3448214173228346
20
-3.3334035826771653
11
5.3448214173228346
21
-3.3322514566929131
0
LINE
8
BLACK
6
CONTINUOUS
10
5.3448214173228346
20
-3.3322514566929131
11
5.3452623228346452
21
-3.3311870472440943
0
LINE
8
BLACK
6
CONTINUOUS
10
5.3452623228346452
20
-3.3311870472440943
11
5.3460769685039367
21
-3.3303724015748029
0
LINE
8
BLACK
6
CONTINUOUS
10
5.3460769685039367
20
-3.3303724015748029
11
5.3471413779527559
21
-3.3299314960629922
0
LINE
8
BLACK
6
CONTINUOUS
10
5.3471413779527559
20
-3.3299314960629922
11
5.3477174409448818
21
-3.3298747637795274
0
LINE
8
BLACK
6
CONTINUOUS
10
5.3477174409448818
20
-3.3298747637795274
11
5.3560132677165351
21
-3.3298747637795274
0
LINE
8
BLACK
6
CONTINUOUS
10
5.3560132677165351
20
-3.3298747637795274
11
5.3560132677165351
21
-3.293457440944882
0
LINE
8
BLACK
6
CONTINUOUS
10
5.3560132677165351
20
-3.293457440944882
11
5.3560134645669288
21
-3.2934553543307086
0
LINE
8
BLACK
6
CONTINUOUS
10
5.3560134645669288
20
-3.2934553543307086
11
5.3560132677165351
21
-3.2934543307086614
0
LINE
8
BLACK
6
CONTINUOUS
10
5.3560132677165351
20
-3.2934543307086614
11
5.3560138582677164
21
-3.2934512992125984
0
LINE
8
BLACK
6
CONTINUOUS
10
5.3560138582677164
20
-3.2934512992125984
11
5.3560699999999999
21
-3.2928813779527557
0
LINE
8
BLACK
6
CONTINUOUS
10
5.3560699999999999
20
-3.2928813779527557
11
5.3561818503937006
21
-3.2926112598425195
0
LINE
8
BLACK
6
CONTINUOUS
10
5.3561818503937006
20
-3.2926112598425195
11
5.3562392125984255
21
-3.2923246456692912
0
LINE
8
BLACK
6
CONTINUOUS
10
5.3562392125984255
20
-3.2923246456692912
11
5.3564001574803148
21
-3.2920842519685038
0
LINE
8
BLACK
6
CONTINUOUS
10
5.3564001574803148
20
-3.2920842519685038
11
5.3565109055118105
21
-3.2918169685039369
0
LINE
8
BLACK
6
CONTINUOUS
10
5.3565109055118105
20
-3.2918169685039369
11
5.3567175984251971
21
-3.2916102362204724
0
LINE
8
BLACK
6
CONTINUOUS
10
5.3567175984251971
20
-3.2916102362204724
11
5.3568802755905507
21
-3.2913673622047241
0
LINE
8
BLACK
6
CONTINUOUS
10
5.3568802755905507
20
-3.2913673622047241
11
5.357120984251968
21
-3.2912068503937006
0
LINE
8
BLACK
6
CONTINUOUS
10
5.357120984251968
20
-3.2912068503937006
11
5.357325551181102
21
-3.2910023228346454
0
LINE
8
BLACK
6
CONTINUOUS
10
5.357325551181102
20
-3.2910023228346454
11
5.3575956299212599
21
-3.2908904330708659
0
LINE
8
BLACK
6
CONTINUOUS
10
5.3575956299212599
20
-3.2908904330708659
11
5.3578388976377953
21
-3.2907282677165353
0
LINE
8
BLACK
6
CONTINUOUS
10
5.3578388976377953
20
-3.2907282677165353
11
5.3581226771653538
21
-3.2906721259842517
0
LINE
8
BLACK
6
CONTINUOUS
10
5.3581226771653538
20
-3.2906721259842517
11
5.3583899606299212
21
-3.2905614173228344
0
LINE
8
BLACK
6
CONTINUOUS
10
5.3583899606299212
20
-3.2905614173228344
11
5.3586823622047239
21
-3.2905614173228344
0
LINE
8
BLACK
6
CONTINUOUS
10
5.3586823622047239
20
-3.2905614173228344
11
5.3589691338582677
21
-3.29050468503937
0
LINE
8
BLACK
6
CONTINUOUS
10
5.3589691338582677
20
-3.29050468503937
11
5.3592527952755908
21
-3.2905614173228344
0
LINE
8
BLACK
6
CONTINUOUS
10
5.4018513385826772
20
-3.2910023228346454
11
5.4026659842519686
21
-3.2918169685039369
0
LINE
8
BLACK
6
CONTINUOUS
10
5.4026659842519686
20
-3.2918169685039369
11
5.4031068897637793
21
-3.2928813779527557
0
LINE
8
BLACK
6
CONTINUOUS
10
5.4031068897637793
20
-3.2928813779527557
11
5.4031636220472441
21
-3.293457440944882
0
LINE
8
BLACK
6
CONTINUOUS
10
5.4031636220472441
20
-3.293457440944882
11
5.4031636220472441
21
-3.3328275196850394
0
LINE
8
BLACK
6
CONTINUOUS
10
5.4031636220472441
20
-3.3328275196850394
11
5.4031068897637793
21
-3.3334035826771653
0
LINE
8
BLACK
6
CONTINUOUS
10
5.4031068897637793
20
-3.3334035826771653
11
5.4026659842519686
21
-3.3344679921259841
0
LINE
8
BLACK
6
CONTINUOUS
10
5.4026659842519686
20
-3.3344679921259841
11
5.4018513385826772
21
-3.3352826377952756
0
LINE
8
BLACK
6
CONTINUOUS
10
5.4018513385826772
20
-3.3352826377952756
11
5.4007869291338579
21
-3.3357235433070866
0
LINE
8
BLACK
6
CONTINUOUS
10
5.4007869291338579
20
-3.3357235433070866
11
5.4002108661417321
21
-3.335780275590551
0
LINE
8
BLACK
6
CONTINUOUS
10
5.4002108661417321
20
-3.335780275590551
11
5.3814632283464565
21
-3.335780275590551
0
LINE
8
BLACK
6
CONTINUOUS
10
5.3814632283464565
20
-3.335780275590551
11
5.3808871653543306
21
-3.3357235433070866
0
LINE
8
BLACK
6
CONTINUOUS
10
5.3808871653543306
20
-3.3357235433070866
11
5.3798227559055114
21
-3.3352826377952756
0
LINE
8
BLACK
6
CONTINUOUS
10
5.3798227559055114
20
-3.3352826377952756
11
5.3790081102362199
21
-3.3344679921259841
0
LINE
8
BLACK
6
CONTINUOUS
10
5.3790081102362199
20
-3.3344679921259841
11
5.3785672047244093
21
-3.3334035826771653
0
LINE
8
BLACK
6
CONTINUOUS
10
5.3785672047244093
20
-3.3334035826771653
11
5.3785672047244093
21
-3.3322514566929131
0
LINE
8
BLACK
6
CONTINUOUS
10
5.3785672047244093
20
-3.3322514566929131
11
5.3790081102362199
21
-3.3311870472440943
0
LINE
8
BLACK
6
CONTINUOUS
10
5.3790081102362199
20
-3.3311870472440943
11
5.3798227559055114
21
-3.3303724015748029
0
LINE
8
BLACK
6
CONTINUOUS
10
5.3798227559055114
20
-3.3303724015748029
11
5.3808871653543306
21
-3.3299314960629922
0
LINE
8
BLACK
6
CONTINUOUS
10
5.3808871653543306
20
-3.3299314960629922
11
5.3814632283464565
21
-3.3298747637795274
0
LINE
8
BLACK
6
CONTINUOUS
10
5.3814632283464565
20
-3.3298747637795274
11
5.39725811023622
21
-3.3298747637795274
0
LINE
8
BLACK
6
CONTINUOUS
10
5.39725811023622
20
-3.3298747637795274
11
5.39725811023622
21
-3.293457440944882
0
LINE
8
BLACK
6
CONTINUOUS
10
5.39725811023622
20
-3.293457440944882
11
5.3973148425196849
21
-3.2928813779527557
0
LINE
8
BLACK
6
CONTINUOUS
10
5.3973148425196849
20
-3.2928813779527557
11
5.3977557480314964
21
-3.2918169685039369
0
LINE
8
BLACK
6
CONTINUOUS
10
5.3977557480314964
20
-3.2918169685039369
11
5.398570393700787
21
-3.2910023228346454
0
LINE
8
BLACK
6
CONTINUOUS
10
5.398570393700787
20
-3.2910023228346454
11
5.3996348031496062
21
-3.2905614173228344
0
LINE
8
BLACK
6
CONTINUOUS
10
5.3996348031496062
20
-3.2905614173228344
11
5.4007869291338579
21
-3.2905614173228344
0
LINE
8
BLACK
6
CONTINUOUS
10
5.4007869291338579
20
-3.2905614173228344
11
5.4018513385826772
21
-3.2910023228346454
0
LINE
8
BLACK
6
CONTINUOUS
10
5.5054776377952752
20
-3.3245252362204725
11
5.5065420472440945
21
-3.3249661417322836
0
LINE
8
BLACK
6
CONTINUOUS
10
5.5065420472440945
20
-3.3249661417322836
11
5.5073566929133859
21
-3.3257807874015746
0
LINE
8
BLACK
6
CONTINUOUS
10
5.5073566929133859
20
-3.3257807874015746
11
5.5077975984251966
21
-3.3268451968503938
0
LINE
8
BLACK
6
CONTINUOUS
10
5.5077975984251966
20
-3.3268451968503938
11
5.5077975984251966
21
-3.3279973228346456
0
LINE
8
BLACK
6
CONTINUOUS
10
5.5077975984251966
20
-3.3279973228346456
11
5.5073566929133859
21
-3.3290617322834644
0
LINE
8
BLACK
6
CONTINUOUS
10
5.5073566929133859
20
-3.3290617322834644
11
5.5065420472440945
21
-3.3298763779527558
0
LINE
8
BLACK
6
CONTINUOUS
10
5.5065420472440945
20
-3.3298763779527558
11
5.5054776377952752
21
-3.3303172834645669
0
LINE
8
BLACK
6
CONTINUOUS
10
5.5054776377952752
20
-3.3303172834645669
11
5.5049015748031493
21
-3.3303740157480313
0
LINE
8
BLACK
6
CONTINUOUS
10
5.5049015748031493
20
-3.3303740157480313
11
5.4449015748031497
21
-3.3303740157480313
0
LINE
8
BLACK
6
CONTINUOUS
10
5.4449015748031497
20
-3.3303740157480313
11
5.4443255118110239
21
-3.3303172834645669
0
LINE
8
BLACK
6
CONTINUOUS
10
5.4443255118110239
20
-3.3303172834645669
11
5.4432611023622046
21
-3.3298763779527558
0
LINE
8
BLACK
6
CONTINUOUS
10
5.4432611023622046
20
-3.3298763779527558
11
5.4424464566929132
21
-3.3290617322834644
0
LINE
8
BLACK
6
CONTINUOUS
10
5.4424464566929132
20
-3.3290617322834644
11
5.4420055511811025
21
-3.3279973228346456
0
LINE
8
BLACK
6
CONTINUOUS
10
5.4420055511811025
20
-3.3279973228346456
11
5.4420055511811025
21
-3.3268451968503938
0
LINE
8
BLACK
6
CONTINUOUS
10
5.4420055511811025
20
-3.3268451968503938
11
5.4424464566929132
21
-3.3257807874015746
0
LINE
8
BLACK
6
CONTINUOUS
10
5.4424464566929132
20
-3.3257807874015746
11
5.4432611023622046
21
-3.3249661417322836
0
LINE
8
BLACK
6
CONTINUOUS
10
5.4432611023622046
20
-3.3249661417322836
11
5.4443255118110239
21
-3.3245252362204725
0
LINE
8
BLACK
6
CONTINUOUS
10
5.4443255118110239
20
-3.3245252362204725
11
5.4449015748031497
21
-3.3244685039370077
0
LINE
8
BLACK
6
CONTINUOUS
10
5.4449015748031497
20
-3.3244685039370077
11
5.5049015748031493
21
-3.3244685039370077
0
LINE
8
BLACK
6
CONTINUOUS
10
5.5049015748031493
20
-3.3244685039370077
11
5.5054776377952752
21
-3.3245252362204725
0
LINE
8
BLACK
6
CONTINUOUS
10
5.2094275984251963
20
-3.2474632677165354
11
5.2107060236220475
21
-3.2487416929133857
0
LINE
8
BLACK
6
CONTINUOUS
10
5.2107060236220475
20
-3.2487416929133857
11
5.2108858267716531
21
-3.2496456692913385
0
LINE
8
BLACK
6
CONTINUOUS
10
5.2108858267716531
20
-3.2496456692913385
11
5.2108858267716531
21
-3.3224803149606297
0
LINE
8
BLACK
6
CONTINUOUS
10
5.2108858267716531
20
-3.3224803149606297
11
5.2107060236220475
21
-3.3233842913385825
0
LINE
8
BLACK
6
CONTINUOUS
10
5.2107060236220475
20
-3.3233842913385825
11
5.2094275984251963
21
-3.3246627165354332
0
LINE
8
BLACK
6
CONTINUOUS
10
5.2094275984251963
20
-3.3246627165354332
11
5.2076196456692916
21
-3.3246627165354332
0
LINE
8
BLACK
6
CONTINUOUS
10
5.2076196456692916
20
-3.3246627165354332
11
5.2063412204724404
21
-3.3233842913385825
0
LINE
8
BLACK
6
CONTINUOUS
10
5.2063412204724404
20
-3.3233842913385825
11
5.2061614173228348
21
-3.3224803149606297
0
LINE
8
BLACK
6
CONTINUOUS
10
5.2061614173228348
20
-3.3224803149606297
11
5.2061614173228348
21
-3.2520078740157481
0
LINE
8
BLACK
6
CONTINUOUS
10
5.2061614173228348
20
-3.2520078740157481
11
5.1636417322834642
21
-3.2520078740157481
0
LINE
8
BLACK
6
CONTINUOUS
10
5.1636417322834642
20
-3.2520078740157481
11
5.1636417322834642
21
-3.3224803149606297
0
LINE
8
BLACK
6
CONTINUOUS
10
5.1636417322834642
20
-3.3224803149606297
11
5.1634619291338577
21
-3.3233842913385825
0
LINE
8
BLACK
6
CONTINUOUS
10
5.1634619291338577
20
-3.3233842913385825
11
5.1621835039370074
21
-3.3246627165354332
0
LINE
8
BLACK
6
CONTINUOUS
10
5.1621835039370074
20
-3.3246627165354332
11
5.1603755511811018
21
-3.3246627165354332
0
LINE
8
BLACK
6
CONTINUOUS
10
5.1603755511811018
20
-3.3246627165354332
11
5.1590971259842515
21
-3.3233842913385825
0
LINE
8
BLACK
6
CONTINUOUS
10
5.1590971259842515
20
-3.3233842913385825
11
5.1589173228346459
21
-3.3224803149606297
0
LINE
8
BLACK
6
CONTINUOUS
10
5.1589173228346459
20
-3.3224803149606297
11
5.1589173228346459
21
-3.2496456692913385
0
LINE
8
BLACK
6
CONTINUOUS
10
5.1589173228346459
20
-3.2496456692913385
11
5.1590971259842515
21
-3.2487416929133857
0
LINE
8
BLACK
6
CONTINUOUS
10
5.1590971259842515
20
-3.2487416929133857
11
5.1603755511811018
21
-3.2474632677165354
0
LINE
8
BLACK
6
CONTINUOUS
10
5.1603755511811018
20
-3.2474632677165354
11
5.1612795275590546
21
-3.2472834645669288
0
LINE
8
BLACK
6
CONTINUOUS
10
5.1612795275590546
20
-3.2472834645669288
11
5.2085236220472444
21
-3.2472834645669288
0
LINE
8
BLACK
6
CONTINUOUS
10
5.2085236220472444
20
-3.2472834645669288
11
5.2094275984251963
21
-3.2474632677165354
0
LINE
8
BLACK
6
CONTINUOUS
10
5.8463760236220468
20
-3.2900529921259842
11
5.847440433070866
21
-3.2904938976377953
0
LINE
8
BLACK
6
CONTINUOUS
10
5.847440433070866
20
-3.2904938976377953
11
5.8482550787401575
21
-3.2913085433070863
0
LINE
8
BLACK
6
CONTINUOUS
10
5.8482550787401575
20
-3.2913085433070863
11
5.8486959842519681
21
-3.2923729527559056
0
LINE
8
BLACK
6
CONTINUOUS
10
5.8486959842519681
20
-3.2923729527559056
11
5.8487527165354329
21
-3.2929490157480314
0
LINE
8
BLACK
6
CONTINUOUS
10
5.8487527165354329
20
-3.2929490157480314
11
5.8487527165354329
21
-3.3023228346456692
0
LINE
8
BLACK
6
CONTINUOUS
10
5.8487527165354329
20
-3.3023228346456692
11
5.8487239763779524
21
-3.302614409448819
0
LINE
8
BLACK
6
CONTINUOUS
10
5.8487239763779524
20
-3.302614409448819
11
5.8487295275590547
21
-3.3026921653543306
0
LINE
8
BLACK
6
CONTINUOUS
10
5.8487295275590547
20
-3.3026921653543306
11
5.8487062598425199
21
-3.3027944094488189
0
LINE
8
BLACK
6
CONTINUOUS
10
5.8487062598425199
20
-3.3027944094488189
11
5.8486959842519681
21
-3.3028988976377951
0
LINE
8
BLACK
6
CONTINUOUS
10
5.8486959842519681
20
-3.3028988976377951
11
5.8486661023622046
21
-3.3029709448818898
0
LINE
8
BLACK
6
CONTINUOUS
10
5.8486661023622046
20
-3.3029709448818898
11
5.8486011811023619
21
-3.3032566141732285
0
LINE
8
BLACK
6
CONTINUOUS
10
5.8486011811023619
20
-3.3032566141732285
11
5.8467264173228344
21
-3.3088808661417324
0
LINE
8
BLACK
6
CONTINUOUS
10
5.8467264173228344
20
-3.3088808661417324
11
5.8464904330708656
21
-3.3094094488188976
0
LINE
8
BLACK
6
CONTINUOUS
10
5.8464904330708656
20
-3.3094094488188976
11
5.8464209448818893
21
-3.3094895275590552
0
LINE
8
BLACK
6
CONTINUOUS
10
5.8464209448818893
20
-3.3094895275590552
11
5.8463803543307087
21
-3.3095875984251966
0
LINE
8
BLACK
6
CONTINUOUS
10
5.8463803543307087
20
-3.3095875984251966
11
5.8460131102362203
21
-3.3100350393700788
0
LINE
8
BLACK
6
CONTINUOUS
10
5.8460131102362203
20
-3.3100350393700788
11
5.8422635433070864
21
-3.3137845669291339
0
LINE
8
BLACK
6
CONTINUOUS
10
5.8422635433070864
20
-3.3137845669291339
11
5.8420371653543306
21
-3.3139703149606299
0
LINE
8
BLACK
6
CONTINUOUS
10
5.8420371653543306
20
-3.3139703149606299
11
5.8419860236220469
21
-3.3140293307086615
0
LINE
8
BLACK
6
CONTINUOUS
10
5.8419860236220469
20
-3.3140293307086615
11
5.8418970866141731
21
-3.3140852755905512
0
LINE
8
BLACK
6
CONTINUOUS
10
5.8418970866141731
20
-3.3140852755905512
11
5.8418160629921259
21
-3.3141518110236219
0
LINE
8
BLACK
6
CONTINUOUS
10
5.8418160629921259
20
-3.3141518110236219
11
5.8417440157480316
21
-3.3141816141732283
0
LINE
8
BLACK
6
CONTINUOUS
10
5.8417440157480316
20
-3.3141816141732283
11
5.841496141732283
21
-3.3143376771653541
0
LINE
8
BLACK
6
CONTINUOUS
10
5.841496141732283
20
-3.3143376771653541
11
5.8377466141732279
21
-3.3162124409448817
0
LINE
8
BLACK
6
CONTINUOUS
10
5.8377466141732279
20
-3.3162124409448817
11
5.8377044881889759
21
-3.3162285433070866
0
LINE
8
BLACK
6
CONTINUOUS
10
5.8377044881889759
20
-3.3162285433070866
11
5.8376873622047238
21
-3.3162412598425197
0
LINE
8
BLACK
6
CONTINUOUS
10
5.8376873622047238
20
-3.3162412598425197
11
5.8374453937007873
21
-3.3163276771653543
0
LINE
8
BLACK
6
CONTINUOUS
10
5.8374453937007873
20
-3.3163276771653543
11
5.8372059842519688
21
-3.3164193307086611
0
LINE
8
BLACK
6
CONTINUOUS
10
5.8372059842519688
20
-3.3164193307086611
11
5.8371847244094486
21
-3.3164208267716533
0
LINE
8
BLACK
6
CONTINUOUS
10
5.8371847244094486
20
-3.3164208267716533
11
5.8371422440944878
21
-3.3164360236220474
0
LINE
8
BLACK
6
CONTINUOUS
10
5.8371422440944878
20
-3.3164360236220474
11
5.8296431889763776
21
-3.3183107874015749
0
LINE
8
BLACK
6
CONTINUOUS
10
5.8296431889763776
20
-3.3183107874015749
11
5.8295433070866141
21
-3.3183255511811023
0
LINE
8
BLACK
6
CONTINUOUS
10
5.8295433070866141
20
-3.3183255511811023
11
5.82950311023622
21
-3.3183422047244093
0
LINE
8
BLACK
6
CONTINUOUS
10
5.82950311023622
20
-3.3183422047244093
11
5.8292860629921259
21
-3.3183635433070866
0
LINE
8
BLACK
6
CONTINUOUS
10
5.8292860629921259
20
-3.3183635433070866
11
5.829070590551181
21
-3.318395433070866
0
LINE
8
BLACK
6
CONTINUOUS
10
5.829070590551181
20
-3.318395433070866
11
5.8290275590551177
21
-3.3183890157480316
0
LINE
8
BLACK
6
CONTINUOUS
10
5.8290275590551177
20
-3.3183890157480316
11
5.8289270472440942
21
-3.3183989370078741
0
LINE
8
BLACK
6
CONTINUOUS
10
5.8289270472440942
20
-3.3183989370078741
11
5.8233027559055115
21
-3.3183989370078741
0
LINE
8
BLACK
6
CONTINUOUS
10
5.8233027559055115
20
-3.3183989370078741
11
5.8232022047244092
21
-3.3183890157480316
0
LINE
8
BLACK
6
CONTINUOUS
10
5.8232022047244092
20
-3.3183890157480316
11
5.8231592125984255
21
-3.318395433070866
0
LINE
8
BLACK
6
CONTINUOUS
10
5.8231592125984255
20
-3.318395433070866
11
5.8229437007874019
21
-3.3183635433070866
0
LINE
8
BLACK
6
CONTINUOUS
10
5.8229437007874019
20
-3.3183635433070866
11
5.8227266929133856
21
-3.3183422047244093
0
LINE
8
BLACK
6
CONTINUOUS
10
5.8227266929133856
20
-3.3183422047244093
11
5.8226864566929128
21
-3.3183255511811023
0
LINE
8
BLACK
6
CONTINUOUS
10
5.8226864566929128
20
-3.3183255511811023
11
5.8225866141732281
21
-3.3183107874015749
0
LINE
8
BLACK
6
CONTINUOUS
10
5.8225866141732281
20
-3.3183107874015749
11
5.8150875590551179
21
-3.3164360236220474
0
LINE
8
BLACK
6
CONTINUOUS
10
5.8150875590551179
20
-3.3164360236220474
11
5.8150450393700783
21
-3.3164208267716533
0
LINE
8
BLACK
6
CONTINUOUS
10
5.8150450393700783
20
-3.3164208267716533
11
5.815023779527559
21
-3.3164193307086611
0
LINE
8
BLACK
6
CONTINUOUS
10
5.815023779527559
20
-3.3164193307086611
11
5.8147840157480317
21
-3.316327559055118
0
LINE
8
BLACK
6
CONTINUOUS
10
5.8147840157480317
20
-3.316327559055118
11
5.8145424409448818
21
-3.3162412598425197
0
LINE
8
BLACK
6
CONTINUOUS
10
5.8145424409448818
20
-3.3162412598425197
11
5.814525275590551
21
-3.3162285433070866
0
LINE
8
BLACK
6
CONTINUOUS
10
5.814525275590551
20
-3.3162285433070866
11
5.8144831889763777
21
-3.3162124409448817
0
LINE
8
BLACK
6
CONTINUOUS
10
5.8144831889763777
20
-3.3162124409448817
11
5.8107336614173226
21
-3.3143376771653541
0
LINE
8
BLACK
6
CONTINUOUS
10
5.8107336614173226
20
-3.3143376771653541
11
5.8104858267716537
21
-3.3141816535433071
0
LINE
8
BLACK
6
CONTINUOUS
10
5.8104858267716537
20
-3.3141816535433071
11
5.810413700787401
21
-3.3141518110236219
0
LINE
8
BLACK
6
CONTINUOUS
10
5.810413700787401
20
-3.3141518110236219
11
5.8103325196850388
21
-3.3140851968503937
0
LINE
8
BLACK
6
CONTINUOUS
10
5.8103325196850388
20
-3.3140851968503937
11
5.8102437795275588
21
-3.3140293307086615
0
LINE
8
BLACK
6
CONTINUOUS
10
5.8102437795275588
20
-3.3140293307086615
11
5.8101926377952751
21
-3.3139703937007874
0
LINE
8
BLACK
6
CONTINUOUS
10
5.8101926377952751
20
-3.3139703937007874
11
5.8099662598425192
21
-3.3137845669291339
0
LINE
8
BLACK
6
CONTINUOUS
10
5.8099662598425192
20
-3.3137845669291339
11
5.8062167322834641
21
-3.3100350393700788
0
LINE
8
BLACK
6
CONTINUOUS
10
5.8062167322834641
20
-3.3100350393700788
11
5.8058495275590554
21
-3.3095875984251966
0
LINE
8
BLACK
6
CONTINUOUS
10
5.8058495275590554
20
-3.3095875984251966
11
5.8058088976377951
21
-3.3094895275590552
0
LINE
8
BLACK
6
CONTINUOUS
10
5.8058088976377951
20
-3.3094895275590552
11
5.8057394094488188
21
-3.3094094094488189
0
LINE
8
BLACK
6
CONTINUOUS
10
5.8057394094488188
20
-3.3094094094488189
11
5.80550342519685
21
-3.3088808661417324
0
LINE
8
BLACK
6
CONTINUOUS
10
5.80550342519685
20
-3.3088808661417324
11
5.8036286614173225
21
-3.3032565748031497
0
LINE
8
BLACK
6
CONTINUOUS
10
5.8036286614173225
20
-3.3032565748031497
11
5.803563700787401
21
-3.3029709842519686
0
LINE
8
BLACK
6
CONTINUOUS
10
5.803563700787401
20
-3.3029709842519686
11
5.8035338582677163
21
-3.3028988976377951
0
LINE
8
BLACK
6
CONTINUOUS
10
5.8035338582677163
20
-3.3028988976377951
11
5.8035235433070866
21
-3.3027943700787401
0
LINE
8
BLACK
6
CONTINUOUS
10
5.8035235433070866
20
-3.3027943700787401
11
5.8035003149606297
21
-3.3026921259842519
0
LINE
8
BLACK
6
CONTINUOUS
10
5.8035003149606297
20
-3.3026921259842519
11
5.8035058267716533
21
-3.3026143700787403
0
LINE
8
BLACK
6
CONTINUOUS
10
5.8035058267716533
20
-3.3026143700787403
11
5.8034771259842515
21
-3.3023228346456692
0
LINE
8
BLACK
6
CONTINUOUS
10
5.8034771259842515
20
-3.3023228346456692
11
5.8034771259842515
21
-3.2929490157480314
0
LINE
8
BLACK
6
CONTINUOUS
10
5.8034771259842515
20
-3.2929490157480314
11
5.8035338582677163
21
-3.2923729527559056
0
LINE
8
BLACK
6
CONTINUOUS
10
5.8035338582677163
20
-3.2923729527559056
11
5.8039747637795278
21
-3.2913085433070863
0
LINE
8
BLACK
6
CONTINUOUS
10
5.8039747637795278
20
-3.2913085433070863
11
5.8047894094488184
21
-3.2904938976377953
0
LINE
8
BLACK
6
CONTINUOUS
10
5.8047894094488184
20
-3.2904938976377953
11
5.8058538188976376
21
-3.2900529921259842
0
LINE
8
BLACK
6
CONTINUOUS
10
5.8058538188976376
20
-3.2900529921259842
11
5.8064298818897635
21
-3.2899962598425194
0
LINE
8
BLACK
6
CONTINUOUS
10
5.8064298818897635
20
-3.2899962598425194
11
5.8457999606299209
21
-3.2899962598425194
0
LINE
8
BLACK
6
CONTINUOUS
10
5.8457999606299209
20
-3.2899962598425194
11
5.8463760236220468
21
-3.2900529921259842
0
LINE
8
BLACK
6
CONTINUOUS
10
5.8093826377952755
20
-3.3018436614173226
11
5.8108854330708661
21
-3.3063520866141731
0
LINE
8
BLACK
6
CONTINUOUS
10
5.8108854330708661
20
-3.3063520866141731
11
5.8138032677165352
21
-3.3092699212598427
0
LINE
8
BLACK
6
CONTINUOUS
10
5.8138032677165352
20
-3.3092699212598427
11
5.8168342519685039
21
-3.3107853937007872
0
LINE
8
BLACK
6
CONTINUOUS
10
5.8168342519685039
20
-3.3107853937007872
11
5.823666299212598
21
-3.3124934251968505
0
LINE
8
BLACK
6
CONTINUOUS
10
5.823666299212598
20
-3.3124934251968505
11
5.8285635039370076
21
-3.3124934251968505
0
LINE
8
BLACK
6
CONTINUOUS
10
5.8285635039370076
20
-3.3124934251968505
11
5.8353955511811026
21
-3.3107853937007872
0
LINE
8
BLACK
6
CONTINUOUS
10
5.8353955511811026
20
-3.3107853937007872
11
5.8384265354330704
21
-3.3092698818897639
0
LINE
8
BLACK
6
CONTINUOUS
10
5.8384265354330704
20
-3.3092698818897639
11
5.8413444094488192
21
-3.3063520472440944
0
LINE
8
BLACK
6
CONTINUOUS
10
5.8413444094488192
20
-3.3063520472440944
11
5.8428472047244089
21
-3.3018437007874013
0
LINE
8
BLACK
6
CONTINUOUS
10
5.8428472047244089
20
-3.3018437007874013
11
5.8428472047244089
21
-3.295901771653543
0
LINE
8
BLACK
6
CONTINUOUS
10
5.8428472047244089
20
-3.295901771653543
11
5.8093826377952755
21
-3.295901771653543
0
LINE
8
BLACK
6
CONTINUOUS
10
5.8093826377952755
20
-3.295901771653543
11
5.8093826377952755
21
-3.3018436614173226
0
LINE
8
BLACK
6
CONTINUOUS
10
5.5854776377952753
20
-3.3095252362204723
11
5.5865420472440945
21
-3.3099661417322834
0
LINE
8
BLACK
6
CONTINUOUS
10
5.5865420472440945
20
-3.3099661417322834
11
5.587356692913386
21
-3.3107807874015749
0
LINE
8
BLACK
6
CONTINUOUS
10
5.587356692913386
20
-3.3107807874015749
11
5.5877975984251966
21
-3.3118451968503937
0
LINE
8
BLACK
6
CONTINUOUS
10
5.5877975984251966
20
-3.3118451968503937
11
5.5877975984251966
21
-3.3129973228346454
0
LINE
8
BLACK
6
CONTINUOUS
10
5.5877975984251966
20
-3.3129973228346454
11
5.587356692913386
21
-3.3140617322834647
0
LINE
8
BLACK
6
CONTINUOUS
10
5.587356692913386
20
-3.3140617322834647
11
5.5865420472440945
21
-3.3148763779527557
0
LINE
8
BLACK
6
CONTINUOUS
10
5.5865420472440945
20
-3.3148763779527557
11
5.5854776377952753
21
-3.3153172834645668
0
LINE
8
BLACK
6
CONTINUOUS
10
5.5854776377952753
20
-3.3153172834645668
11
5.5849015748031494
21
-3.3153740157480316
0
LINE
8
BLACK
6
CONTINUOUS
10
5.5849015748031494
20
-3.3153740157480316
11
5.5249015748031498
21
-3.3153740157480316
0
LINE
8
BLACK
6
CONTINUOUS
10
5.5249015748031498
20
-3.3153740157480316
11
5.5243255118110239
21
-3.3153172834645668
0
LINE
8
BLACK
6
CONTINUOUS
10
5.5243255118110239
20
-3.3153172834645668
11
5.5232611023622047
21
-3.3148763779527557
0
LINE
8
BLACK
6
CONTINUOUS
10
5.5232611023622047
20
-3.3148763779527557
11
5.5224464566929132
21
-3.3140617322834647
0
LINE
8
BLACK
6
CONTINUOUS
10
5.5224464566929132
20
-3.3140617322834647
11
5.5220055511811026
21
-3.3129973228346454
0
LINE
8
BLACK
6
CONTINUOUS
10
5.5220055511811026
20
-3.3129973228346454
11
5.5220055511811026
21
-3.3118451968503937
0
LINE
8
BLACK
6
CONTINUOUS
10
5.5220055511811026
20
-3.3118451968503937
11
5.5224464566929132
21
-3.3107807874015749
0
LINE
8
BLACK
6
CONTINUOUS
10
5.5224464566929132
20
-3.3107807874015749
11
5.5232611023622047
21
-3.3099661417322834
0
LINE
8
BLACK
6
CONTINUOUS
10
5.5232611023622047
20
-3.3099661417322834
11
5.5243255118110239
21
-3.3095252362204723
0
LINE
8
BLACK
6
CONTINUOUS
10
5.5243255118110239
20
-3.3095252362204723
11
5.5249015748031498
21
-3.309468503937008
0
LINE
8
BLACK
6
CONTINUOUS
10
5.5249015748031498
20
-3.309468503937008
11
5.5849015748031494
21
-3.309468503937008
0
LINE
8
BLACK
6
CONTINUOUS
10
5.5849015748031494
20
-3.309468503937008
11
5.5854776377952753
21
-3.3095252362204723
0
LINE
8
BLACK
6
CONTINUOUS
10
5.2854776377952755
20
-3.3045252362204725
11
5.2865420472440947
21
-3.3049661417322835
0
LINE
8
BLACK
6
CONTINUOUS
10
5.2865420472440947
20
-3.3049661417322835
11
5.2873566929133853
21
-3.3057807874015745
0
LINE
8
BLACK
6
CONTINUOUS
10
5.2873566929133853
20
-3.3057807874015745
11
5.2877975984251968
21
-3.3068451968503938
0
LINE
8
BLACK
6
CONTINUOUS
10
5.2877975984251968
20
-3.3068451968503938
11
5.2877975984251968
21
-3.3079973228346455
0
LINE
8
BLACK
6
CONTINUOUS
10
5.2877975984251968
20
-3.3079973228346455
11
5.2873566929133853
21
-3.3090617322834643
0
LINE
8
BLACK
6
CONTINUOUS
10
5.2873566929133853
20
-3.3090617322834643
11
5.2865420472440947
21
-3.3098763779527558
0
LINE
8
BLACK
6
CONTINUOUS
10
5.2865420472440947
20
-3.3098763779527558
11
5.2854776377952755
21
-3.3103172834645669
0
LINE
8
BLACK
6
CONTINUOUS
10
5.2854776377952755
20
-3.3103172834645669
11
5.2849015748031496
21
-3.3103740157480313
0
LINE
8
BLACK
6
CONTINUOUS
10
5.2849015748031496
20
-3.3103740157480313
11
5.2249015748031491
21
-3.3103740157480313
0
LINE
8
BLACK
6
CONTINUOUS
10
5.2249015748031491
20
-3.3103740157480313
11
5.2243255118110232
21
-3.3103172834645669
0
LINE
8
BLACK
6
CONTINUOUS
10
5.2243255118110232
20
-3.3103172834645669
11
5.2232611023622049
21
-3.3098763779527558
0
LINE
8
BLACK
6
CONTINUOUS
10
5.2232611023622049
20
-3.3098763779527558
11
5.2224464566929134
21
-3.3090617322834643
0
LINE
8
BLACK
6
CONTINUOUS
10
5.2224464566929134
20
-3.3090617322834643
11
5.2220055511811019
21
-3.3079973228346455
0
LINE
8
BLACK
6
CONTINUOUS
10
5.2220055511811019
20
-3.3079973228346455
11
5.2220055511811019
21
-3.3068451968503938
0
LINE
8
BLACK
6
CONTINUOUS
10
5.2220055511811019
20
-3.3068451968503938
11
5.2224464566929134
21
-3.3057807874015745
0
LINE
8
BLACK
6
CONTINUOUS
10
5.2224464566929134
20
-3.3057807874015745
11
5.2232611023622049
21
-3.3049661417322835
0
LINE
8
BLACK
6
CONTINUOUS
10
5.2232611023622049
20
-3.3049661417322835
11
5.2243255118110232
21
-3.3045252362204725
0
LINE
8
BLACK
6
CONTINUOUS
10
5.2243255118110232
20
-3.3045252362204725
11
5.2249015748031491
21
-3.3044685039370076
0
LINE
8
BLACK
6
CONTINUOUS
10
5.2249015748031491
20
-3.3044685039370076
11
5.2849015748031496
21
-3.3044685039370076
0
LINE
8
BLACK
6
CONTINUOUS
10
5.2849015748031496
20
-3.3044685039370076
11
5.2854776377952755
21
-3.3045252362204725
0
LINE
8
BLACK
6
CONTINUOUS
10
6.4680102755905509
20
-3.2178175984251967
11
6.4692887007874011
21
-3.2190960236220474
0
LINE
8
BLACK
6
CONTINUOUS
10
6.4692887007874011
20
-3.2190960236220474
11
6.4694685039370077
21
-3.2199999999999998
0
LINE
8
BLACK
6
CONTINUOUS
10
6.4694685039370077
20
-3.2199999999999998
11
6.4694685039370077
21
-3.3050393700787399
0
LINE
8
BLACK
6
CONTINUOUS
10
6.4694685039370077
20
-3.3050393700787399
11
6.4692887007874011
21
-3.3059433464566927
0
LINE
8
BLACK
6
CONTINUOUS
10
6.4692887007874011
20
-3.3059433464566927
11
6.4680102755905509
21
-3.307221771653543
0
LINE
8
BLACK
6
CONTINUOUS
10
6.4680102755905509
20
-3.307221771653543
11
6.4662023228346452
21
-3.307221771653543
0
LINE
8
BLACK
6
CONTINUOUS
10
6.4662023228346452
20
-3.307221771653543
11
6.464923897637795
21
-3.3059433464566927
0
LINE
8
BLACK
6
CONTINUOUS
10
6.464923897637795
20
-3.3059433464566927
11
6.4647440944881884
21
-3.3050393700787399
0
LINE
8
BLACK
6
CONTINUOUS
10
6.4647440944881884
20
-3.3050393700787399
11
6.4647440944881884
21
-3.2223622047244094
0
LINE
8
BLACK
6
CONTINUOUS
10
6.4647440944881884
20
-3.2223622047244094
11
6.4304921259842516
21
-3.2223622047244094
0
LINE
8
BLACK
6
CONTINUOUS
10
6.4304921259842516
20
-3.2223622047244094
11
6.4295881496062988
21
-3.2221824015748033
0
LINE
8
BLACK
6
CONTINUOUS
10
6.4295881496062988
20
-3.2221824015748033
11
6.4283097244094485
21
-3.2209039763779526
0
LINE
8
BLACK
6
CONTINUOUS
10
6.4283097244094485
20
-3.2209039763779526
11
6.4283097244094485
21
-3.2190960236220474
0
LINE
8
BLACK
6
CONTINUOUS
10
6.4283097244094485
20
-3.2190960236220474
11
6.4295881496062988
21
-3.2178175984251967
0
LINE
8
BLACK
6
CONTINUOUS
10
6.4295881496062988
20
-3.2178175984251967
11
6.4304921259842516
21
-3.2176377952755906
0
LINE
8
BLACK
6
CONTINUOUS
10
6.4304921259842516
20
-3.2176377952755906
11
6.4671062992125981
21
-3.2176377952755906
0
LINE
8
BLACK
6
CONTINUOUS
10
6.4671062992125981
20
-3.2176377952755906
11
6.4680102755905509
21
-3.2178175984251967
0
LINE
8
BLACK
6
CONTINUOUS
10
5.7120839763779525
20
-3.2665172834645668
11
5.712263779527559
21
-3.2674212598425196
0
LINE
8
BLACK
6
CONTINUOUS
10
5.712263779527559
20
-3.2674212598425196
11
5.712263779527559
21
-3.2974212598425194
0
LINE
8
BLACK
6
CONTINUOUS
10
5.712263779527559
20
-3.2974212598425194
11
5.7120839763779525
21
-3.2983252362204722
0
LINE
8
BLACK
6
CONTINUOUS
10
5.7120839763779525
20
-3.2983252362204722
11
5.7108055511811022
21
-3.299603661417323
0
LINE
8
BLACK
6
CONTINUOUS
10
5.7108055511811022
20
-3.299603661417323
11
5.7089975984251966
21
-3.299603661417323
0
LINE
8
BLACK
6
CONTINUOUS
10
5.7089975984251966
20
-3.299603661417323
11
5.7077191732283463
21
-3.2983252362204722
0
LINE
8
BLACK
6
CONTINUOUS
10
5.7077191732283463
20
-3.2983252362204722
11
5.7075393700787398
21
-3.2974212598425194
0
LINE
8
BLACK
6
CONTINUOUS
10
5.7075393700787398
20
-3.2974212598425194
11
5.7075393700787398
21
-3.2674212598425196
0
LINE
8
BLACK
6
CONTINUOUS
10
5.7075393700787398
20
-3.2674212598425196
11
5.7077191732283463
21
-3.2665172834645668
0
LINE
8
BLACK
6
CONTINUOUS
10
5.7077191732283463
20
-3.2665172834645668
11
5.7089975984251966
21
-3.2652388582677165
0
LINE
8
BLACK
6
CONTINUOUS
10
5.7089975984251966
20
-3.2652388582677165
11
5.7108055511811022
21
-3.2652388582677165
0
LINE
8
BLACK
6
CONTINUOUS
10
5.7108055511811022
20
-3.2652388582677165
11
5.7120839763779525
21
-3.2665172834645668
0
LINE
8
BLACK
6
CONTINUOUS
10
5.772083976377953
20
-3.2665172834645668
11
5.7722637795275586
21
-3.2674212598425196
0
LINE
8
BLACK
6
CONTINUOUS
10
5.7722637795275586
20
-3.2674212598425196
11
5.7722637795275586
21
-3.2974212598425194
0
LINE
8
BLACK
6
CONTINUOUS
10
5.7722637795275586
20
-3.2974212598425194
11
5.772083976377953
21
-3.2983252362204722
0
LINE
8
BLACK
6
CONTINUOUS
10
5.772083976377953
20
-3.2983252362204722
11
5.7708055511811018
21
-3.299603661417323
0
LINE
8
BLACK
6
CONTINUOUS
10
5.7708055511811018
20
-3.299603661417323
11
5.7689975984251971
21
-3.299603661417323
0
LINE
8
BLACK
6
CONTINUOUS
10
5.7689975984251971
20
-3.299603661417323
11
5.7677191732283459
21
-3.2983252362204722
0
LINE
8
BLACK
6
CONTINUOUS
10
5.7677191732283459
20
-3.2983252362204722
11
5.7675393700787403
21
-3.2974212598425194
0
LINE
8
BLACK
6
CONTINUOUS
10
5.7675393700787403
20
-3.2974212598425194
11
5.7675393700787403
21
-3.2674212598425196
0
LINE
8
BLACK
6
CONTINUOUS
10
5.7675393700787403
20
-3.2674212598425196
11
5.7677191732283459
21
-3.2665172834645668
0
LINE
8
BLACK
6
CONTINUOUS
10
5.7677191732283459
20
-3.2665172834645668
11
5.7689975984251971
21
-3.2652388582677165
0
LINE
8
BLACK
6
CONTINUOUS
10
5.7689975984251971
20
-3.2652388582677165
11
5.7708055511811018
21
-3.2652388582677165
0
LINE
8
BLACK
6
CONTINUOUS
10
5.7708055511811018
20
-3.2652388582677165
11
5.772083976377953
21
-3.2665172834645668
0
LINE
8
BLACK
6
CONTINUOUS
10
5.6754776377952751
20
-3.2845252362204724
11
5.6765420472440944
21
-3.2849661417322835
0
LINE
8
BLACK
6
CONTINUOUS
10
5.6765420472440944
20
-3.2849661417322835
11
5.6773566929133858
21
-3.2857807874015745
0
LINE
8
BLACK
6
CONTINUOUS
10
5.6773566929133858
20
-3.2857807874015745
11
5.6777975984251965
21
-3.2868451968503938
0
LINE
8
BLACK
6
CONTINUOUS
10
5.6777975984251965
20
-3.2868451968503938
11
5.6777975984251965
21
-3.2879973228346455
0
LINE
8
BLACK
6
CONTINUOUS
10
5.6777975984251965
20
-3.2879973228346455
11
5.6773566929133858
21
-3.2890617322834643
0
LINE
8
BLACK
6
CONTINUOUS
10
5.6773566929133858
20
-3.2890617322834643
11
5.6765420472440944
21
-3.2898763779527558
0
LINE
8
BLACK
6
CONTINUOUS
10
5.6765420472440944
20
-3.2898763779527558
11
5.6754776377952751
21
-3.2903172834645669
0
LINE
8
BLACK
6
CONTINUOUS
10
5.6754776377952751
20
-3.2903172834645669
11
5.6749015748031493
21
-3.2903740157480312
0
LINE
8
BLACK
6
CONTINUOUS
10
5.6749015748031493
20
-3.2903740157480312
11
5.6149015748031497
21
-3.2903740157480312
0
LINE
8
BLACK
6
CONTINUOUS
10
5.6149015748031497
20
-3.2903740157480312
11
5.6143255118110238
21
-3.2903172834645669
0
LINE
8
BLACK
6
CONTINUOUS
10
5.6143255118110238
20
-3.2903172834645669
11
5.6132611023622045
21
-3.2898763779527558
0
LINE
8
BLACK
6
CONTINUOUS
10
5.6132611023622045
20
-3.2898763779527558
11
5.6124464566929131
21
-3.2890617322834643
0
LINE
8
BLACK
6
CONTINUOUS
10
5.6124464566929131
20
-3.2890617322834643
11
5.6120055511811024
21
-3.2879973228346455
0
LINE
8
BLACK
6
CONTINUOUS
10
5.6120055511811024
20
-3.2879973228346455
11
5.6120055511811024
21
-3.2868451968503938
0
LINE
8
BLACK
6
CONTINUOUS
10
5.6120055511811024
20
-3.2868451968503938
11
5.6124464566929131
21
-3.2857807874015745
0
LINE
8
BLACK
6
CONTINUOUS
10
5.6124464566929131
20
-3.2857807874015745
11
5.6132611023622045
21
-3.2849661417322835
0
LINE
8
BLACK
6
CONTINUOUS
10
5.6132611023622045
20
-3.2849661417322835
11
5.6143255118110238
21
-3.2845252362204724
0
LINE
8
BLACK
6
CONTINUOUS
10
5.6143255118110238
20
-3.2845252362204724
11
5.6149015748031497
21
-3.2844685039370076
0
LINE
8
BLACK
6
CONTINUOUS
10
5.6149015748031497
20
-3.2844685039370076
11
5.6749015748031493
21
-3.2844685039370076
0
LINE
8
BLACK
6
CONTINUOUS
10
5.6749015748031493
20
-3.2844685039370076
11
5.6754776377952751
21
-3.2845252362204724
0
LINE
8
BLACK
6
CONTINUOUS
10
5.4470839763779528
20
-3.2515172834645667
11
5.4472637795275594
21
-3.2524212598425195
0
LINE
8
BLACK
6
CONTINUOUS
10
5.4472637795275594
20
-3.2524212598425195
11
5.4472637795275594
21
-3.2824212598425198
0
LINE
8
BLACK
6
CONTINUOUS
10
5.4472637795275594
20
-3.2824212598425198
11
5.4470839763779528
21
-3.2833252362204726
0
LINE
8
BLACK
6
CONTINUOUS
10
5.4470839763779528
20
-3.2833252362204726
11
5.4458055511811025
21
-3.2846036614173229
0
LINE
8
BLACK
6
CONTINUOUS
10
5.4458055511811025
20
-3.2846036614173229
11
5.4439975984251969
21
-3.2846036614173229
0
LINE
8
BLACK
6
CONTINUOUS
10
5.4439975984251969
20
-3.2846036614173229
11
5.4427191732283466
21
-3.2833252362204726
0
LINE
8
BLACK
6
CONTINUOUS
10
5.4427191732283466
20
-3.2833252362204726
11
5.4425393700787401
21
-3.2824212598425198
0
LINE
8
BLACK
6
CONTINUOUS
10
5.4425393700787401
20
-3.2824212598425198
11
5.4425393700787401
21
-3.2524212598425195
0
LINE
8
BLACK
6
CONTINUOUS
10
5.4425393700787401
20
-3.2524212598425195
11
5.4427191732283466
21
-3.2515172834645667
0
LINE
8
BLACK
6
CONTINUOUS
10
5.4427191732283466
20
-3.2515172834645667
11
5.4439975984251969
21
-3.2502388582677164
0
LINE
8
BLACK
6
CONTINUOUS
10
5.4439975984251969
20
-3.2502388582677164
11
5.4458055511811025
21
-3.2502388582677164
0
LINE
8
BLACK
6
CONTINUOUS
10
5.4458055511811025
20
-3.2502388582677164
11
5.4470839763779528
21
-3.2515172834645667
0
LINE
8
BLACK
6
CONTINUOUS
10
5.5070839763779524
20
-3.2515172834645667
11
5.507263779527559
21
-3.2524212598425195
0
LINE
8
BLACK
6
CONTINUOUS
10
5.507263779527559
20
-3.2524212598425195
11
5.507263779527559
21
-3.2824212598425198
0
LINE
8
BLACK
6
CONTINUOUS
10
5.507263779527559
20
-3.2824212598425198
11
5.5070839763779524
21
-3.2833252362204726
0
LINE
8
BLACK
6
CONTINUOUS
10
5.5070839763779524
20
-3.2833252362204726
11
5.5058055511811022
21
-3.2846036614173229
0
LINE
8
BLACK
6
CONTINUOUS
10
5.5058055511811022
20
-3.2846036614173229
11
5.5039975984251965
21
-3.2846036614173229
0
LINE
8
BLACK
6
CONTINUOUS
10
5.5039975984251965
20
-3.2846036614173229
11
5.5027191732283462
21
-3.2833252362204726
0
LINE
8
BLACK
6
CONTINUOUS
10
5.5027191732283462
20
-3.2833252362204726
11
5.5025393700787397
21
-3.2824212598425198
0
LINE
8
BLACK
6
CONTINUOUS
10
5.5025393700787397
20
-3.2824212598425198
11
5.5025393700787397
21
-3.2524212598425195
0
LINE
8
BLACK
6
CONTINUOUS
10
5.5025393700787397
20
-3.2524212598425195
11
5.5027191732283462
21
-3.2515172834645667
0
LINE
8
BLACK
6
CONTINUOUS
10
5.5027191732283462
20
-3.2515172834645667
11
5.5039975984251965
21
-3.2502388582677164
0
LINE
8
BLACK
6
CONTINUOUS
10
5.5039975984251965
20
-3.2502388582677164
11
5.5058055511811022
21
-3.2502388582677164
0
LINE
8
BLACK
6
CONTINUOUS
10
5.5058055511811022
20
-3.2502388582677164
11
5.5070839763779524
21
-3.2515172834645667
0
LINE
8
BLACK
6
CONTINUOUS
10
5.0200003543307083
20
-3.2724772047244093
11
5.0214195669291337
21
-3.2730650787401574
0
LINE
8
BLACK
6
CONTINUOUS
10
5.0214195669291337
20
-3.2730650787401574
11
5.0225057874015748
21
-3.2741512992125985
0
LINE
8
BLACK
6
CONTINUOUS
10
5.0225057874015748
20
-3.2741512992125985
11
5.0230936614173229
21
-3.2755705118110234
0
LINE
8
BLACK
6
CONTINUOUS
10
5.0230936614173229
20
-3.2755705118110234
11
5.0230936614173229
21
-3.2771066535433069
0
LINE
8
BLACK
6
CONTINUOUS
10
5.0230936614173229
20
-3.2771066535433069
11
5.0225057874015748
21
-3.2785258661417322
0
LINE
8
BLACK
6
CONTINUOUS
10
5.0225057874015748
20
-3.2785258661417322
11
5.0214195669291337
21
-3.2796120866141734
0
LINE
8
BLACK
6
CONTINUOUS
10
5.0214195669291337
20
-3.2796120866141734
11
5.0200003543307083
21
-3.280199960629921
0
LINE
8
BLACK
6
CONTINUOUS
10
5.0200003543307083
20
-3.280199960629921
11
5.0192322834645671
21
-3.2802755905511809
0
LINE
8
BLACK
6
CONTINUOUS
10
5.0192322834645671
20
-3.2802755905511809
11
4.9700196850393699
21
-3.2802755905511809
0
LINE
8
BLACK
6
CONTINUOUS
10
4.9700196850393699
20
-3.2802755905511809
11
4.9692516141732286
21
-3.280199960629921
0
LINE
8
BLACK
6
CONTINUOUS
10
4.9692516141732286
20
-3.280199960629921
11
4.9678324015748032
21
-3.2796120866141734
0
LINE
8
BLACK
6
CONTINUOUS
10
4.9678324015748032
20
-3.2796120866141734
11
4.9667461811023621
21
-3.2785258661417322
0
LINE
8
BLACK
6
CONTINUOUS
10
4.9667461811023621
20
-3.2785258661417322
11
4.966158307086614
21
-3.2771066535433069
0
LINE
8
BLACK
6
CONTINUOUS
10
4.966158307086614
20
-3.2771066535433069
11
4.966158307086614
21
-3.2755705118110234
0
LINE
8
BLACK
6
CONTINUOUS
10
4.966158307086614
20
-3.2755705118110234
11
4.9667461811023621
21
-3.2741512992125985
0
LINE
8
BLACK
6
CONTINUOUS
10
4.9667461811023621
20
-3.2741512992125985
11
4.9678324015748032
21
-3.2730650787401574
0
LINE
8
BLACK
6
CONTINUOUS
10
4.9678324015748032
20
-3.2730650787401574
11
4.9692516141732286
21
-3.2724772047244093
0
LINE
8
BLACK
6
CONTINUOUS
10
4.9692516141732286
20
-3.2724772047244093
11
4.9700196850393699
21
-3.2724015748031494
0
LINE
8
BLACK
6
CONTINUOUS
10
4.9700196850393699
20
-3.2724015748031494
11
5.0192322834645671
21
-3.2724015748031494
0
LINE
8
BLACK
6
CONTINUOUS
10
5.0192322834645671
20
-3.2724015748031494
11
5.0200003543307083
21
-3.2724772047244093
0
LINE
8
BLACK
6
CONTINUOUS
10
6.3802149999999997
20
-3.2178175984251967
11
6.38149342519685
21
-3.2190960236220474
0
LINE
8
BLACK
6
CONTINUOUS
10
6.38149342519685
20
-3.2190960236220474
11
6.38149342519685
21
-3.2209039763779526
0
LINE
8
BLACK
6
CONTINUOUS
10
6.38149342519685
20
-3.2209039763779526
11
6.3802149999999997
21
-3.2221824015748033
0
LINE
8
BLACK
6
CONTINUOUS
10
6.3802149999999997
20
-3.2221824015748033
11
6.3793110236220469
21
-3.2223622047244094
0
LINE
8
BLACK
6
CONTINUOUS
10
6.3793110236220469
20
-3.2223622047244094
11
6.3450590551181101
21
-3.2223622047244094
0
LINE
8
BLACK
6
CONTINUOUS
10
6.3450590551181101
20
-3.2223622047244094
11
6.3450590551181101
21
-3.2774803149606297
0
LINE
8
BLACK
6
CONTINUOUS
10
6.3450590551181101
20
-3.2774803149606297
11
6.3448792519685036
21
-3.2783842913385826
0
LINE
8
BLACK
6
CONTINUOUS
10
6.3448792519685036
20
-3.2783842913385826
11
6.3436008267716533
21
-3.2796627165354328
0
LINE
8
BLACK
6
CONTINUOUS
10
6.3436008267716533
20
-3.2796627165354328
11
6.3417928740157476
21
-3.2796627165354328
0
LINE
8
BLACK
6
CONTINUOUS
10
6.3417928740157476
20
-3.2796627165354328
11
6.3405144488188974
21
-3.2783842913385826
0
LINE
8
BLACK
6
CONTINUOUS
10
6.3405144488188974
20
-3.2783842913385826
11
6.3403346456692908
21
-3.2774803149606297
0
LINE
8
BLACK
6
CONTINUOUS
10
6.3403346456692908
20
-3.2774803149606297
11
6.3403346456692908
21
-3.2199999999999998
0
LINE
8
BLACK
6
CONTINUOUS
10
6.3403346456692908
20
-3.2199999999999998
11
6.3405144488188974
21
-3.2190960236220474
0
LINE
8
BLACK
6
CONTINUOUS
10
6.3405144488188974
20
-3.2190960236220474
11
6.3417928740157476
21
-3.2178175984251967
0
LINE
8
BLACK
6
CONTINUOUS
10
6.3417928740157476
20
-3.2178175984251967
11
6.3426968503937005
21
-3.2176377952755906
0
LINE
8
BLACK
6
CONTINUOUS
10
6.3426968503937005
20
-3.2176377952755906
11
6.3793110236220469
21
-3.2176377952755906
0
LINE
8
BLACK
6
CONTINUOUS
10
6.3793110236220469
20
-3.2176377952755906
11
6.3802149999999997
21
-3.2178175984251967
0
LINE
8
BLACK
6
CONTINUOUS
10
6.3104776377952758
20
-3.2670252362204724
11
6.3115420472440942
21
-3.2674661417322834
0
LINE
8
BLACK
6
CONTINUOUS
10
6.3115420472440942
20
-3.2674661417322834
11
6.3123566929133856
21
-3.2682807874015749
0
LINE
8
BLACK
6
CONTINUOUS
10
6.3123566929133856
20
-3.2682807874015749
11
6.3127975984251963
21
-3.2693451968503937
0
LINE
8
BLACK
6
CONTINUOUS
10
6.3127975984251963
20
-3.2693451968503937
11
6.3127975984251963
21
-3.2704973228346454
0
LINE
8
BLACK
6
CONTINUOUS
10
6.3127975984251963
20
-3.2704973228346454
11
6.3123566929133856
21
-3.2715617322834647
0
LINE
8
BLACK
6
CONTINUOUS
10
6.3123566929133856
20
-3.2715617322834647
11
6.3115420472440942
21
-3.2723763779527557
0
LINE
8
BLACK
6
CONTINUOUS
10
6.3115420472440942
20
-3.2723763779527557
11
6.3104776377952758
21
-3.2728172834645668
0
LINE
8
BLACK
6
CONTINUOUS
10
6.3104776377952758
20
-3.2728172834645668
11
6.3099015748031491
21
-3.2728740157480316
0
LINE
8
BLACK
6
CONTINUOUS
10
6.3099015748031491
20
-3.2728740157480316
11
6.2499015748031495
21
-3.2728740157480316
0
LINE
8
BLACK
6
CONTINUOUS
10
6.2499015748031495
20
-3.2728740157480316
11
6.2493255118110236
21
-3.2728172834645668
0
LINE
8
BLACK
6
CONTINUOUS
10
6.2493255118110236
20
-3.2728172834645668
11
6.2482611023622043
21
-3.2723763779527557
0
LINE
8
BLACK
6
CONTINUOUS
10
6.2482611023622043
20
-3.2723763779527557
11
6.2474464566929129
21
-3.2715617322834647
0
LINE
8
BLACK
6
CONTINUOUS
10
6.2474464566929129
20
-3.2715617322834647
11
6.2470055511811022
21
-3.2704973228346454
0
LINE
8
BLACK
6
CONTINUOUS
10
6.2470055511811022
20
-3.2704973228346454
11
6.2470055511811022
21
-3.2693451968503937
0
LINE
8
BLACK
6
CONTINUOUS
10
6.2470055511811022
20
-3.2693451968503937
11
6.2474464566929129
21
-3.2682807874015749
0
LINE
8
BLACK
6
CONTINUOUS
10
6.2474464566929129
20
-3.2682807874015749
11
6.2482611023622043
21
-3.2674661417322834
0
LINE
8
BLACK
6
CONTINUOUS
10
6.2482611023622043
20
-3.2674661417322834
11
6.2493255118110236
21
-3.2670252362204724
0
LINE
8
BLACK
6
CONTINUOUS
10
6.2493255118110236
20
-3.2670252362204724
11
6.2499015748031495
21
-3.266968503937008
0
LINE
8
BLACK
6
CONTINUOUS
10
6.2499015748031495
20
-3.266968503937008
11
6.3099015748031491
21
-3.266968503937008
0
LINE
8
BLACK
6
CONTINUOUS
10
6.3099015748031491
20
-3.266968503937008
11
6.3104776377952758
21
-3.2670252362204724
0
LINE
8
BLACK
6
CONTINUOUS
10
5.9654776377952752
20
-3.2645252362204724
11
5.9665420472440944
21
-3.2649661417322835
0
LINE
8
BLACK
6
CONTINUOUS
10
5.9665420472440944
20
-3.2649661417322835
11
5.9673566929133859
21
-3.2657807874015745
0
LINE
8
BLACK
6
CONTINUOUS
10
5.9673566929133859
20
-3.2657807874015745
11
5.9677975984251965
21
-3.2668451968503938
0
LINE
8
BLACK
6
CONTINUOUS
10
5.9677975984251965
20
-3.2668451968503938
11
5.9677975984251965
21
-3.2679973228346455
0
LINE
8
BLACK
6
CONTINUOUS
10
5.9677975984251965
20
-3.2679973228346455
11
5.9673566929133859
21
-3.2690617322834643
0
LINE
8
BLACK
6
CONTINUOUS
10
5.9673566929133859
20
-3.2690617322834643
11
5.9665420472440944
21
-3.2698763779527558
0
LINE
8
BLACK
6
CONTINUOUS
10
5.9665420472440944
20
-3.2698763779527558
11
5.9654776377952752
21
-3.2703172834645668
0
LINE
8
BLACK
6
CONTINUOUS
10
5.9654776377952752
20
-3.2703172834645668
11
5.9649015748031493
21
-3.2703740157480312
0
LINE
8
BLACK
6
CONTINUOUS
10
5.9649015748031493
20
-3.2703740157480312
11
5.9049015748031497
21
-3.2703740157480312
0
LINE
8
BLACK
6
CONTINUOUS
10
5.9049015748031497
20
-3.2703740157480312
11
5.9043255118110238
21
-3.2703172834645668
0
LINE
8
BLACK
6
CONTINUOUS
10
5.9043255118110238
20
-3.2703172834645668
11
5.9032611023622046
21
-3.2698763779527558
0
LINE
8
BLACK
6
CONTINUOUS
10
5.9032611023622046
20
-3.2698763779527558
11
5.9024464566929131
21
-3.2690617322834643
0
LINE
8
BLACK
6
CONTINUOUS
10
5.9024464566929131
20
-3.2690617322834643
11
5.9020055511811025
21
-3.2679973228346455
0
LINE
8
BLACK
6
CONTINUOUS
10
5.9020055511811025
20
-3.2679973228346455
11
5.9020055511811025
21
-3.2668451968503938
0
LINE
8
BLACK
6
CONTINUOUS
10
5.9020055511811025
20
-3.2668451968503938
11
5.9024464566929131
21
-3.2657807874015745
0
LINE
8
BLACK
6
CONTINUOUS
10
5.9024464566929131
20
-3.2657807874015745
11
5.9032611023622046
21
-3.2649661417322835
0
LINE
8
BLACK
6
CONTINUOUS
10
5.9032611023622046
20
-3.2649661417322835
11
5.9043255118110238
21
-3.2645252362204724
0
LINE
8
BLACK
6
CONTINUOUS
10
5.9043255118110238
20
-3.2645252362204724
11
5.9049015748031497
21
-3.2644685039370076
0
LINE
8
BLACK
6
CONTINUOUS
10
5.9049015748031497
20
-3.2644685039370076
11
5.9649015748031493
21
-3.2644685039370076
0
LINE
8
BLACK
6
CONTINUOUS
10
5.9649015748031493
20
-3.2644685039370076
11
5.9654776377952752
21
-3.2645252362204724
0
LINE
8
BLACK
6
CONTINUOUS
10
5.5270839763779529
20
-3.236517283464567
11
5.5272637795275585
21
-3.2374212598425198
0
LINE
8
BLACK
6
CONTINUOUS
10
5.5272637795275585
20
-3.2374212598425198
11
5.5272637795275585
21
-3.2674212598425196
0
LINE
8
BLACK
6
CONTINUOUS
10
5.5272637795275585
20
-3.2674212598425196
11
5.5270839763779529
21
-3.2683252362204724
0
LINE
8
BLACK
6
CONTINUOUS
10
5.5270839763779529
20
-3.2683252362204724
11
5.5258055511811026
21
-3.2696036614173227
0
LINE
8
BLACK
6
CONTINUOUS
10
5.5258055511811026
20
-3.2696036614173227
11
5.523997598425197
21
-3.2696036614173227
0
LINE
8
BLACK
6
CONTINUOUS
10
5.523997598425197
20
-3.2696036614173227
11
5.5227191732283467
21
-3.2683252362204724
0
LINE
8
BLACK
6
CONTINUOUS
10
5.5227191732283467
20
-3.2683252362204724
11
5.5225393700787402
21
-3.2674212598425196
0
LINE
8
BLACK
6
CONTINUOUS
10
5.5225393700787402
20
-3.2674212598425196
11
5.5225393700787402
21
-3.2374212598425198
0
LINE
8
BLACK
6
CONTINUOUS
10
5.5225393700787402
20
-3.2374212598425198
11
5.5227191732283467
21
-3.236517283464567
0
LINE
8
BLACK
6
CONTINUOUS
10
5.5227191732283467
20
-3.236517283464567
11
5.523997598425197
21
-3.2352388582677163
0
LINE
8
BLACK
6
CONTINUOUS
10
5.523997598425197
20
-3.2352388582677163
11
5.5258055511811026
21
-3.2352388582677163
0
LINE
8
BLACK
6
CONTINUOUS
10
5.5258055511811026
20
-3.2352388582677163
11
5.5270839763779529
21
-3.236517283464567
0
LINE
8
BLACK
6
CONTINUOUS
10
5.5870839763779525
20
-3.236517283464567
11
5.587263779527559
21
-3.2374212598425198
0
LINE
8
BLACK
6
CONTINUOUS
10
5.587263779527559
20
-3.2374212598425198
11
5.587263779527559
21
-3.2674212598425196
0
LINE
8
BLACK
6
CONTINUOUS
10
5.587263779527559
20
-3.2674212598425196
11
5.5870839763779525
21
-3.2683252362204724
0
LINE
8
BLACK
6
CONTINUOUS
10
5.5870839763779525
20
-3.2683252362204724
11
5.5858055511811022
21
-3.2696036614173227
0
LINE
8
BLACK
6
CONTINUOUS
10
5.5858055511811022
20
-3.2696036614173227
11
5.5839975984251966
21
-3.2696036614173227
0
LINE
8
BLACK
6
CONTINUOUS
10
5.5839975984251966
20
-3.2696036614173227
11
5.5827191732283463
21
-3.2683252362204724
0
LINE
8
BLACK
6
CONTINUOUS
10
5.5827191732283463
20
-3.2683252362204724
11
5.5825393700787398
21
-3.2674212598425196
0
LINE
8
BLACK
6
CONTINUOUS
10
5.5825393700787398
20
-3.2674212598425196
11
5.5825393700787398
21
-3.2374212598425198
0
LINE
8
BLACK
6
CONTINUOUS
10
5.5825393700787398
20
-3.2374212598425198
11
5.5827191732283463
21
-3.236517283464567
0
LINE
8
BLACK
6
CONTINUOUS
10
5.5827191732283463
20
-3.236517283464567
11
5.5839975984251966
21
-3.2352388582677163
0
LINE
8
BLACK
6
CONTINUOUS
10
5.5839975984251966
20
-3.2352388582677163
11
5.5858055511811022
21
-3.2352388582677163
0
LINE
8
BLACK
6
CONTINUOUS
10
5.5858055511811022
20
-3.2352388582677163
11
5.5870839763779525
21
-3.236517283464567
0
LINE
8
BLACK
6
CONTINUOUS
10
5.305477637795275
20
-3.2620252362204725
11
5.3065420472440943
21
-3.2624661417322836
0
LINE
8
BLACK
6
CONTINUOUS
10
5.3065420472440943
20
-3.2624661417322836
11
5.3073566929133857
21
-3.2632807874015746
0
LINE
8
BLACK
6
CONTINUOUS
10
5.3073566929133857
20
-3.2632807874015746
11
5.3077975984251964
21
-3.2643451968503938
0
LINE
8
BLACK
6
CONTINUOUS
10
5.3077975984251964
20
-3.2643451968503938
11
5.3077975984251964
21
-3.2654973228346456
0
LINE
8
BLACK
6
CONTINUOUS
10
5.3077975984251964
20
-3.2654973228346456
11
5.3073566929133857
21
-3.2665617322834644
0
LINE
8
BLACK
6
CONTINUOUS
10
5.3073566929133857
20
-3.2665617322834644
11
5.3065420472440943
21
-3.2673763779527558
0
LINE
8
BLACK
6
CONTINUOUS
10
5.3065420472440943
20
-3.2673763779527558
11
5.305477637795275
21
-3.2678172834645669
0
LINE
8
BLACK
6
CONTINUOUS
10
5.305477637795275
20
-3.2678172834645669
11
5.3049015748031492
21
-3.2678740157480313
0
LINE
8
BLACK
6
CONTINUOUS
10
5.3049015748031492
20
-3.2678740157480313
11
5.2449015748031496
21
-3.2678740157480313
0
LINE
8
BLACK
6
CONTINUOUS
10
5.2449015748031496
20
-3.2678740157480313
11
5.2443255118110237
21
-3.2678172834645669
0
LINE
8
BLACK
6
CONTINUOUS
10
5.2443255118110237
20
-3.2678172834645669
11
5.2432611023622044
21
-3.2673763779527558
0
LINE
8
BLACK
6
CONTINUOUS
10
5.2432611023622044
20
-3.2673763779527558
11
5.242446456692913
21
-3.2665617322834644
0
LINE
8
BLACK
6
CONTINUOUS
10
5.242446456692913
20
-3.2665617322834644
11
5.2420055511811023
21
-3.2654973228346456
0
LINE
8
BLACK
6
CONTINUOUS
10
5.2420055511811023
20
-3.2654973228346456
11
5.2420055511811023
21
-3.2643451968503938
0
LINE
8
BLACK
6
CONTINUOUS
10
5.2420055511811023
20
-3.2643451968503938
11
5.242446456692913
21
-3.2632807874015746
0
LINE
8
BLACK
6
CONTINUOUS
10
5.242446456692913
20
-3.2632807874015746
11
5.2432611023622044
21
-3.2624661417322836
0
LINE
8
BLACK
6
CONTINUOUS
10
5.2432611023622044
20
-3.2624661417322836
11
5.2443255118110237
21
-3.2620252362204725
0
LINE
8
BLACK
6
CONTINUOUS
10
5.2443255118110237
20
-3.2620252362204725
11
5.2449015748031496
21
-3.2619685039370077
0
LINE
8
BLACK
6
CONTINUOUS
10
5.2449015748031496
20
-3.2619685039370077
11
5.3049015748031492
21
-3.2619685039370077
0
LINE
8
BLACK
6
CONTINUOUS
10
5.3049015748031492
20
-3.2619685039370077
11
5.305477637795275
21
-3.2620252362204725
0
LINE
8
BLACK
6
CONTINUOUS
10
6.0590420472440947
20
-3.1924661417322833
11
6.0598566929133852
21
-3.1932807874015747
0
LINE
8
BLACK
6
CONTINUOUS
10
6.0598566929133852
20
-3.1932807874015747
11
6.0602975984251968
21
-3.1943451968503935
0
LINE
8
BLACK
6
CONTINUOUS
10
6.0602975984251968
20
-3.1943451968503935
11
6.0603543307086616
21
-3.1949212598425194
0
LINE
8
BLACK
6
CONTINUOUS
10
6.0603543307086616
20
-3.1949212598425194
11
6.0603543307086616
21
-3.2549212598425195
0
LINE
8
BLACK
6
CONTINUOUS
10
6.0603543307086616
20
-3.2549212598425195
11
6.0602975984251968
21
-3.2554973228346458
0
LINE
8
BLACK
6
CONTINUOUS
10
6.0602975984251968
20
-3.2554973228346458
11
6.0598566929133852
21
-3.2565617322834646
0
LINE
8
BLACK
6
CONTINUOUS
10
6.0598566929133852
20
-3.2565617322834646
11
6.0590420472440947
21
-3.257376377952756
0
LINE
8
BLACK
6
CONTINUOUS
10
6.0590420472440947
20
-3.257376377952756
11
6.0579776377952754
21
-3.2578172834645667
0
LINE
8
BLACK
6
CONTINUOUS
10
6.0579776377952754
20
-3.2578172834645667
11
6.0568255118110237
21
-3.2578172834645667
0
LINE
8
BLACK
6
CONTINUOUS
10
6.0568255118110237
20
-3.2578172834645667
11
6.0557611023622044
21
-3.257376377952756
0
LINE
8
BLACK
6
CONTINUOUS
10
6.0557611023622044
20
-3.257376377952756
11
6.054946456692913
21
-3.2565617322834646
0
LINE
8
BLACK
6
CONTINUOUS
10
6.054946456692913
20
-3.2565617322834646
11
6.0545055511811023
21
-3.2554973228346458
0
LINE
8
BLACK
6
CONTINUOUS
10
6.0545055511811023
20
-3.2554973228346458
11
6.0544488188976375
21
-3.2549212598425195
0
LINE
8
BLACK
6
CONTINUOUS
10
6.0544488188976375
20
-3.2549212598425195
11
6.0544488188976375
21
-3.1949212598425194
0
LINE
8
BLACK
6
CONTINUOUS
10
6.0544488188976375
20
-3.1949212598425194
11
6.0545055511811023
21
-3.1943451968503935
0
LINE
8
BLACK
6
CONTINUOUS
10
6.0545055511811023
20
-3.1943451968503935
11
6.054946456692913
21
-3.1932807874015747
0
LINE
8
BLACK
6
CONTINUOUS
10
6.054946456692913
20
-3.1932807874015747
11
6.0557611023622044
21
-3.1924661417322833
0
LINE
8
BLACK
6
CONTINUOUS
10
6.0557611023622044
20
-3.1924661417322833
11
6.0568255118110237
21
-3.1920252362204722
0
LINE
8
BLACK
6
CONTINUOUS
10
6.0568255118110237
20
-3.1920252362204722
11
6.0579776377952754
21
-3.1920252362204722
0
LINE
8
BLACK
6
CONTINUOUS
10
6.0579776377952754
20
-3.1920252362204722
11
6.0590420472440947
21
-3.1924661417322833
0
LINE
8
BLACK
6
CONTINUOUS
10
6.1790420472440948
20
-3.1924661417322833
11
6.1798566929133854
21
-3.1932807874015747
0
LINE
8
BLACK
6
CONTINUOUS
10
6.1798566929133854
20
-3.1932807874015747
11
6.1802975984251969
21
-3.1943451968503935
0
LINE
8
BLACK
6
CONTINUOUS
10
6.1802975984251969
20
-3.1943451968503935
11
6.1803543307086617
21
-3.1949212598425194
0
LINE
8
BLACK
6
CONTINUOUS
10
6.1803543307086617
20
-3.1949212598425194
11
6.1803543307086617
21
-3.2549212598425195
0
LINE
8
BLACK
6
CONTINUOUS
10
6.1803543307086617
20
-3.2549212598425195
11
6.1802975984251969
21
-3.2554973228346458
0
LINE
8
BLACK
6
CONTINUOUS
10
6.1802975984251969
20
-3.2554973228346458
11
6.1798566929133854
21
-3.2565617322834646
0
LINE
8
BLACK
6
CONTINUOUS
10
6.1798566929133854
20
-3.2565617322834646
11
6.1790420472440948
21
-3.257376377952756
0
LINE
8
BLACK
6
CONTINUOUS
10
6.1790420472440948
20
-3.257376377952756
11
6.1779776377952755
21
-3.2578172834645667
0
LINE
8
BLACK
6
CONTINUOUS
10
6.1779776377952755
20
-3.2578172834645667
11
6.1768255118110238
21
-3.2578172834645667
0
LINE
8
BLACK
6
CONTINUOUS
10
6.1768255118110238
20
-3.2578172834645667
11
6.1757611023622045
21
-3.257376377952756
0
LINE
8
BLACK
6
CONTINUOUS
10
6.1757611023622045
20
-3.257376377952756
11
6.1749464566929131
21
-3.2565617322834646
0
LINE
8
BLACK
6
CONTINUOUS
10
6.1749464566929131
20
-3.2565617322834646
11
6.1745055511811024
21
-3.2554973228346458
0
LINE
8
BLACK
6
CONTINUOUS
10
6.1745055511811024
20
-3.2554973228346458
11
6.1744488188976376
21
-3.2549212598425195
0
LINE
8
BLACK
6
CONTINUOUS
10
6.1744488188976376
20
-3.2549212598425195
11
6.1744488188976376
21
-3.1949212598425194
0
LINE
8
BLACK
6
CONTINUOUS
10
6.1744488188976376
20
-3.1949212598425194
11
6.1745055511811024
21
-3.1943451968503935
0
LINE
8
BLACK
6
CONTINUOUS
10
6.1745055511811024
20
-3.1943451968503935
11
6.1749464566929131
21
-3.1932807874015747
0
LINE
8
BLACK
6
CONTINUOUS
10
6.1749464566929131
20
-3.1932807874015747
11
6.1757611023622045
21
-3.1924661417322833
0
LINE
8
BLACK
6
CONTINUOUS
10
6.1757611023622045
20
-3.1924661417322833
11
6.1768255118110238
21
-3.1920252362204722
0
LINE
8
BLACK
6
CONTINUOUS
10
6.1768255118110238
20
-3.1920252362204722
11
6.1779776377952755
21
-3.1920252362204722
0
LINE
8
BLACK
6
CONTINUOUS
10
6.1779776377952755
20
-3.1920252362204722
11
6.1790420472440948
21
-3.1924661417322833
0
LINE
8
BLACK
6
CONTINUOUS
10
6.1333055511811025
20
-3.2527388582677164
11
6.1345839763779528
21
-3.2540172834645666
0
LINE
8
BLACK
6
CONTINUOUS
10
6.1345839763779528
20
-3.2540172834645666
11
6.1345839763779528
21
-3.2558252362204723
0
LINE
8
BLACK
6
CONTINUOUS
10
6.1345839763779528
20
-3.2558252362204723
11
6.1333055511811025
21
-3.2571036614173225
0
LINE
8
BLACK
6
CONTINUOUS
10
6.1333055511811025
20
-3.2571036614173225
11
6.1324015748031497
21
-3.2572834645669291
0
LINE
8
BLACK
6
CONTINUOUS
10
6.1324015748031497
20
-3.2572834645669291
11
6.1024015748031495
21
-3.2572834645669291
0
LINE
8
BLACK
6
CONTINUOUS
10
6.1024015748031495
20
-3.2572834645669291
11
6.1014975984251967
21
-3.2571036614173225
0
LINE
8
BLACK
6
CONTINUOUS
10
6.1014975984251967
20
-3.2571036614173225
11
6.1002191732283464
21
-3.2558252362204723
0
LINE
8
BLACK
6
CONTINUOUS
10
6.1002191732283464
20
-3.2558252362204723
11
6.1002191732283464
21
-3.2540172834645666
0
LINE
8
BLACK
6
CONTINUOUS
10
6.1002191732283464
20
-3.2540172834645666
11
6.1014975984251967
21
-3.2527388582677164
0
LINE
8
BLACK
6
CONTINUOUS
10
6.1014975984251967
20
-3.2527388582677164
11
6.1024015748031495
21
-3.2525590551181103
0
LINE
8
BLACK
6
CONTINUOUS
10
6.1024015748031495
20
-3.2525590551181103
11
6.1324015748031497
21
-3.2525590551181103
0
LINE
8
BLACK
6
CONTINUOUS
10
6.1324015748031497
20
-3.2525590551181103
11
6.1333055511811025
21
-3.2527388582677164
0
LINE
8
BLACK
6
CONTINUOUS
10
5.6170839763779528
20
-3.2115172834645667
11
5.6172637795275593
21
-3.2124212598425195
0
LINE
8
BLACK
6
CONTINUOUS
10
5.6172637795275593
20
-3.2124212598425195
11
5.6172637795275593
21
-3.2424212598425197
0
LINE
8
BLACK
6
CONTINUOUS
10
5.6172637795275593
20
-3.2424212598425197
11
5.6170839763779528
21
-3.2433252362204725
0
LINE
8
BLACK
6
CONTINUOUS
10
5.6170839763779528
20
-3.2433252362204725
11
5.6158055511811025
21
-3.2446036614173228
0
LINE
8
BLACK
6
CONTINUOUS
10
5.6158055511811025
20
-3.2446036614173228
11
5.6139975984251969
21
-3.2446036614173228
0
LINE
8
BLACK
6
CONTINUOUS
10
5.6139975984251969
20
-3.2446036614173228
11
5.6127191732283466
21
-3.2433252362204725
0
LINE
8
BLACK
6
CONTINUOUS
10
5.6127191732283466
20
-3.2433252362204725
11
5.61253937007874
21
-3.2424212598425197
0
LINE
8
BLACK
6
CONTINUOUS
10
5.61253937007874
20
-3.2424212598425197
11
5.61253937007874
21
-3.2124212598425195
0
LINE
8
BLACK
6
CONTINUOUS
10
5.61253937007874
20
-3.2124212598425195
11
5.6127191732283466
21
-3.2115172834645667
0
LINE
8
BLACK
6
CONTINUOUS
10
5.6127191732283466
20
-3.2115172834645667
11
5.6139975984251969
21
-3.2102388582677164
0
LINE
8
BLACK
6
CONTINUOUS
10
5.6139975984251969
20
-3.2102388582677164
11
5.6158055511811025
21
-3.2102388582677164
0
LINE
8
BLACK
6
CONTINUOUS
10
5.6158055511811025
20
-3.2102388582677164
11
5.6170839763779528
21
-3.2115172834645667
0
LINE
8
BLACK
6
CONTINUOUS
10
5.6770839763779524
20
-3.2115172834645667
11
5.6772637795275589
21
-3.2124212598425195
0
LINE
8
BLACK
6
CONTINUOUS
10
5.6772637795275589
20
-3.2124212598425195
11
5.6772637795275589
21
-3.2424212598425197
0
LINE
8
BLACK
6
CONTINUOUS
10
5.6772637795275589
20
-3.2424212598425197
11
5.6770839763779524
21
-3.2433252362204725
0
LINE
8
BLACK
6
CONTINUOUS
10
5.6770839763779524
20
-3.2433252362204725
11
5.6758055511811021
21
-3.2446036614173228
0
LINE
8
BLACK
6
CONTINUOUS
10
5.6758055511811021
20
-3.2446036614173228
11
5.6739975984251965
21
-3.2446036614173228
0
LINE
8
BLACK
6
CONTINUOUS
10
5.6739975984251965
20
-3.2446036614173228
11
5.6727191732283462
21
-3.2433252362204725
0
LINE
8
BLACK
6
CONTINUOUS
10
5.6727191732283462
20
-3.2433252362204725
11
5.6725393700787397
21
-3.2424212598425197
0
LINE
8
BLACK
6
CONTINUOUS
10
5.6725393700787397
20
-3.2424212598425197
11
5.6725393700787397
21
-3.2124212598425195
0
LINE
8
BLACK
6
CONTINUOUS
10
5.6725393700787397
20
-3.2124212598425195
11
5.6727191732283462
21
-3.2115172834645667
0
LINE
8
BLACK
6
CONTINUOUS
10
5.6727191732283462
20
-3.2115172834645667
11
5.6739975984251965
21
-3.2102388582677164
0
LINE
8
BLACK
6
CONTINUOUS
10
5.6739975984251965
20
-3.2102388582677164
11
5.6758055511811021
21
-3.2102388582677164
0
LINE
8
BLACK
6
CONTINUOUS
10
5.6758055511811021
20
-3.2102388582677164
11
5.6770839763779524
21
-3.2115172834645667
0
LINE
8
BLACK
6
CONTINUOUS
10
5.1734619291338584
20
-3.1514582283464567
11
5.173641732283464
21
-3.1523622047244095
0
LINE
8
BLACK
6
CONTINUOUS
10
5.173641732283464
20
-3.1523622047244095
11
5.173641732283464
21
-3.2228346456692911
0
LINE
8
BLACK
6
CONTINUOUS
10
5.173641732283464
20
-3.2228346456692911
11
5.2161614173228346
21
-3.2228346456692911
0
LINE
8
BLACK
6
CONTINUOUS
10
5.2161614173228346
20
-3.2228346456692911
11
5.2161614173228346
21
-3.1523622047244095
0
LINE
8
BLACK
6
CONTINUOUS
10
5.2161614173228346
20
-3.1523622047244095
11
5.2163412204724411
21
-3.1514582283464567
0
LINE
8
BLACK
6
CONTINUOUS
10
5.2163412204724411
20
-3.1514582283464567
11
5.2176196456692914
21
-3.1501798031496064
0
LINE
8
BLACK
6
CONTINUOUS
10
5.2176196456692914
20
-3.1501798031496064
11
5.219427598425197
21
-3.1501798031496064
0
LINE
8
BLACK
6
CONTINUOUS
10
5.219427598425197
20
-3.1501798031496064
11
5.2207060236220473
21
-3.1514582283464567
0
LINE
8
BLACK
6
CONTINUOUS
10
5.2207060236220473
20
-3.1514582283464567
11
5.2208858267716538
21
-3.1523622047244095
0
LINE
8
BLACK
6
CONTINUOUS
10
5.2208858267716538
20
-3.1523622047244095
11
5.2208858267716538
21
-3.2251968503937007
0
LINE
8
BLACK
6
CONTINUOUS
10
5.2208858267716538
20
-3.2251968503937007
11
5.2207060236220473
21
-3.2261008267716536
0
LINE
8
BLACK
6
CONTINUOUS
10
5.2207060236220473
20
-3.2261008267716536
11
5.219427598425197
21
-3.2273792519685038
0
LINE
8
BLACK
6
CONTINUOUS
10
5.219427598425197
20
-3.2273792519685038
11
5.2185236220472442
21
-3.2275590551181104
0
LINE
8
BLACK
6
CONTINUOUS
10
5.2185236220472442
20
-3.2275590551181104
11
5.1712795275590553
21
-3.2275590551181104
0
LINE
8
BLACK
6
CONTINUOUS
10
5.1712795275590553
20
-3.2275590551181104
11
5.1703755511811025
21
-3.2273792519685038
0
LINE
8
BLACK
6
CONTINUOUS
10
5.1703755511811025
20
-3.2273792519685038
11
5.1690971259842522
21
-3.2261008267716536
0
LINE
8
BLACK
6
CONTINUOUS
10
5.1690971259842522
20
-3.2261008267716536
11
5.1689173228346457
21
-3.2251968503937007
0
LINE
8
BLACK
6
CONTINUOUS
10
5.1689173228346457
20
-3.2251968503937007
11
5.1689173228346457
21
-3.1523622047244095
0
LINE
8
BLACK
6
CONTINUOUS
10
5.1689173228346457
20
-3.1523622047244095
11
5.1690971259842522
21
-3.1514582283464567
0
LINE
8
BLACK
6
CONTINUOUS
10
5.1690971259842522
20
-3.1514582283464567
11
5.1703755511811025
21
-3.1501798031496064
0
LINE
8
BLACK
6
CONTINUOUS
10
5.1703755511811025
20
-3.1501798031496064
11
5.1721835039370081
21
-3.1501798031496064
0
LINE
8
BLACK
6
CONTINUOUS
10
5.1721835039370081
20
-3.1501798031496064
11
5.1734619291338584
21
-3.1514582283464567
0
LINE
8
BLACK
6
CONTINUOUS
10
6.2520839763779525
20
-3.194017283464567
11
6.2522637795275591
21
-3.1949212598425194
0
LINE
8
BLACK
6
CONTINUOUS
10
6.2522637795275591
20
-3.1949212598425194
11
6.2522637795275591
21
-3.2249212598425196
0
LINE
8
BLACK
6
CONTINUOUS
10
6.2522637795275591
20
-3.2249212598425196
11
6.2520839763779525
21
-3.2258252362204725
0
LINE
8
BLACK
6
CONTINUOUS
10
6.2520839763779525
20
-3.2258252362204725
11
6.2508055511811023
21
-3.2271036614173227
0
LINE
8
BLACK
6
CONTINUOUS
10
6.2508055511811023
20
-3.2271036614173227
11
6.2489975984251966
21
-3.2271036614173227
0
LINE
8
BLACK
6
CONTINUOUS
10
6.2489975984251966
20
-3.2271036614173227
11
6.2477191732283464
21
-3.2258252362204725
0
LINE
8
BLACK
6
CONTINUOUS
10
6.2477191732283464
20
-3.2258252362204725
11
6.2475393700787398
21
-3.2249212598425196
0
LINE
8
BLACK
6
CONTINUOUS
10
6.2475393700787398
20
-3.2249212598425196
11
6.2475393700787398
21
-3.1949212598425194
0
LINE
8
BLACK
6
CONTINUOUS
10
6.2475393700787398
20
-3.1949212598425194
11
6.2477191732283464
21
-3.194017283464567
0
LINE
8
BLACK
6
CONTINUOUS
10
6.2477191732283464
20
-3.194017283464567
11
6.2489975984251966
21
-3.1927388582677163
0
LINE
8
BLACK
6
CONTINUOUS
10
6.2489975984251966
20
-3.1927388582677163
11
6.2508055511811023
21
-3.1927388582677163
0
LINE
8
BLACK
6
CONTINUOUS
10
6.2508055511811023
20
-3.1927388582677163
11
6.2520839763779525
21
-3.194017283464567
0
LINE
8
BLACK
6
CONTINUOUS
10
6.312083976377953
20
-3.194017283464567
11
6.3122637795275587
21
-3.1949212598425194
0
LINE
8
BLACK
6
CONTINUOUS
10
6.3122637795275587
20
-3.1949212598425194
11
6.3122637795275587
21
-3.2249212598425196
0
LINE
8
BLACK
6
CONTINUOUS
10
6.3122637795275587
20
-3.2249212598425196
11
6.312083976377953
21
-3.2258252362204725
0
LINE
8
BLACK
6
CONTINUOUS
10
6.312083976377953
20
-3.2258252362204725
11
6.3108055511811019
21
-3.2271036614173227
0
LINE
8
BLACK
6
CONTINUOUS
10
6.3108055511811019
20
-3.2271036614173227
11
6.3089975984251971
21
-3.2271036614173227
0
LINE
8
BLACK
6
CONTINUOUS
10
6.3089975984251971
20
-3.2271036614173227
11
6.307719173228346
21
-3.2258252362204725
0
LINE
8
BLACK
6
CONTINUOUS
10
6.307719173228346
20
-3.2258252362204725
11
6.3075393700787403
21
-3.2249212598425196
0
LINE
8
BLACK
6
CONTINUOUS
10
6.3075393700787403
20
-3.2249212598425196
11
6.3075393700787403
21
-3.1949212598425194
0
LINE
8
BLACK
6
CONTINUOUS
10
6.3075393700787403
20
-3.1949212598425194
11
6.307719173228346
21
-3.194017283464567
0
LINE
8
BLACK
6
CONTINUOUS
10
6.307719173228346
20
-3.194017283464567
11
6.3089975984251971
21
-3.1927388582677163
0
LINE
8
BLACK
6
CONTINUOUS
10
6.3089975984251971
20
-3.1927388582677163
11
6.3108055511811019
21
-3.1927388582677163
0
LINE
8
BLACK
6
CONTINUOUS
10
6.3108055511811019
20
-3.1927388582677163
11
6.312083976377953
21
-3.194017283464567
0
LINE
8
BLACK
6
CONTINUOUS
10
5.7704776377952758
20
-3.2195252362204725
11
5.7715420472440941
21
-3.2199661417322836
0
LINE
8
BLACK
6
CONTINUOUS
10
5.7715420472440941
20
-3.2199661417322836
11
5.7723566929133856
21
-3.2207807874015746
0
LINE
8
BLACK
6
CONTINUOUS
10
5.7723566929133856
20
-3.2207807874015746
11
5.7727975984251971
21
-3.2218451968503938
0
LINE
8
BLACK
6
CONTINUOUS
10
5.7727975984251971
20
-3.2218451968503938
11
5.7727975984251971
21
-3.2229973228346456
0
LINE
8
BLACK
6
CONTINUOUS
10
5.7727975984251971
20
-3.2229973228346456
11
5.7723566929133856
21
-3.2240617322834644
0
LINE
8
BLACK
6
CONTINUOUS
10
5.7723566929133856
20
-3.2240617322834644
11
5.7715420472440941
21
-3.2248763779527558
0
LINE
8
BLACK
6
CONTINUOUS
10
5.7715420472440941
20
-3.2248763779527558
11
5.7704776377952758
21
-3.2253172834645669
0
LINE
8
BLACK
6
CONTINUOUS
10
5.7704776377952758
20
-3.2253172834645669
11
5.7699015748031499
21
-3.2253740157480313
0
LINE
8
BLACK
6
CONTINUOUS
10
5.7699015748031499
20
-3.2253740157480313
11
5.7099015748031494
21
-3.2253740157480313
0
LINE
8
BLACK
6
CONTINUOUS
10
5.7099015748031494
20
-3.2253740157480313
11
5.7093255118110235
21
-3.2253172834645669
0
LINE
8
BLACK
6
CONTINUOUS
10
5.7093255118110235
20
-3.2253172834645669
11
5.7082611023622043
21
-3.2248763779527558
0
LINE
8
BLACK
6
CONTINUOUS
10
5.7082611023622043
20
-3.2248763779527558
11
5.7074464566929128
21
-3.2240617322834644
0
LINE
8
BLACK
6
CONTINUOUS
10
5.7074464566929128
20
-3.2240617322834644
11
5.7070055511811022
21
-3.2229973228346456
0
LINE
8
BLACK
6
CONTINUOUS
10
5.7070055511811022
20
-3.2229973228346456
11
5.7070055511811022
21
-3.2218451968503938
0
LINE
8
BLACK
6
CONTINUOUS
10
5.7070055511811022
20
-3.2218451968503938
11
5.7074464566929128
21
-3.2207807874015746
0
LINE
8
BLACK
6
CONTINUOUS
10
5.7074464566929128
20
-3.2207807874015746
11
5.7082611023622043
21
-3.2199661417322836
0
LINE
8
BLACK
6
CONTINUOUS
10
5.7082611023622043
20
-3.2199661417322836
11
5.7093255118110235
21
-3.2195252362204725
0
LINE
8
BLACK
6
CONTINUOUS
10
5.7093255118110235
20
-3.2195252362204725
11
5.7099015748031494
21
-3.2194685039370077
0
LINE
8
BLACK
6
CONTINUOUS
10
5.7099015748031494
20
-3.2194685039370077
11
5.7699015748031499
21
-3.2194685039370077
0
LINE
8
BLACK
6
CONTINUOUS
10
5.7699015748031499
20
-3.2194685039370077
11
5.7704776377952758
21
-3.2195252362204725
0
LINE
8
BLACK
6
CONTINUOUS
10
5.9070839763779528
20
-3.1915172834645666
11
5.9072637795275593
21
-3.1924212598425195
0
LINE
8
BLACK
6
CONTINUOUS
10
5.9072637795275593
20
-3.1924212598425195
11
5.9072637795275593
21
-3.2224212598425197
0
LINE
8
BLACK
6
CONTINUOUS
10
5.9072637795275593
20
-3.2224212598425197
11
5.9070839763779528
21
-3.2233252362204725
0
LINE
8
BLACK
6
CONTINUOUS
10
5.9070839763779528
20
-3.2233252362204725
11
5.9058055511811025
21
-3.2246036614173228
0
LINE
8
BLACK
6
CONTINUOUS
10
5.9058055511811025
20
-3.2246036614173228
11
5.9039975984251969
21
-3.2246036614173228
0
LINE
8
BLACK
6
CONTINUOUS
10
5.9039975984251969
20
-3.2246036614173228
11
5.9027191732283466
21
-3.2233252362204725
0
LINE
8
BLACK
6
CONTINUOUS
10
5.9027191732283466
20
-3.2233252362204725
11
5.9025393700787401
21
-3.2224212598425197
0
LINE
8
BLACK
6
CONTINUOUS
10
5.9025393700787401
20
-3.2224212598425197
11
5.9025393700787401
21
-3.1924212598425195
0
LINE
8
BLACK
6
CONTINUOUS
10
5.9025393700787401
20
-3.1924212598425195
11
5.9027191732283466
21
-3.1915172834645666
0
LINE
8
BLACK
6
CONTINUOUS
10
5.9027191732283466
20
-3.1915172834645666
11
5.9039975984251969
21
-3.1902388582677164
0
LINE
8
BLACK
6
CONTINUOUS
10
5.9039975984251969
20
-3.1902388582677164
11
5.9058055511811025
21
-3.1902388582677164
0
LINE
8
BLACK
6
CONTINUOUS
10
5.9058055511811025
20
-3.1902388582677164
11
5.9070839763779528
21
-3.1915172834645666
0
LINE
8
BLACK
6
CONTINUOUS
10
5.9670839763779524
20
-3.1915172834645666
11
5.9672637795275589
21
-3.1924212598425195
0
LINE
8
BLACK
6
CONTINUOUS
10
5.9672637795275589
20
-3.1924212598425195
11
5.9672637795275589
21
-3.2224212598425197
0
LINE
8
BLACK
6
CONTINUOUS
10
5.9672637795275589
20
-3.2224212598425197
11
5.9670839763779524
21
-3.2233252362204725
0
LINE
8
BLACK
6
CONTINUOUS
10
5.9670839763779524
20
-3.2233252362204725
11
5.9658055511811021
21
-3.2246036614173228
0
LINE
8
BLACK
6
CONTINUOUS
10
5.9658055511811021
20
-3.2246036614173228
11
5.9639975984251965
21
-3.2246036614173228
0
LINE
8
BLACK
6
CONTINUOUS
10
5.9639975984251965
20
-3.2246036614173228
11
5.9627191732283462
21
-3.2233252362204725
0
LINE
8
BLACK
6
CONTINUOUS
10
5.9627191732283462
20
-3.2233252362204725
11
5.9625393700787397
21
-3.2224212598425197
0
LINE
8
BLACK
6
CONTINUOUS
10
5.9625393700787397
20
-3.2224212598425197
11
5.9625393700787397
21
-3.1924212598425195
0
LINE
8
BLACK
6
CONTINUOUS
10
5.9625393700787397
20
-3.1924212598425195
11
5.9627191732283462
21
-3.1915172834645666
0
LINE
8
BLACK
6
CONTINUOUS
10
5.9627191732283462
20
-3.1915172834645666
11
5.9639975984251965
21
-3.1902388582677164
0
LINE
8
BLACK
6
CONTINUOUS
10
5.9639975984251965
20
-3.1902388582677164
11
5.9658055511811021
21
-3.1902388582677164
0
LINE
8
BLACK
6
CONTINUOUS
10
5.9658055511811021
20
-3.1902388582677164
11
5.9670839763779524
21
-3.1915172834645666
0
LINE
8
BLACK
6
CONTINUOUS
10
5.2470839763779527
20
-3.1890172834645667
11
5.2472637795275592
21
-3.1899212598425195
0
LINE
8
BLACK
6
CONTINUOUS
10
5.2472637795275592
20
-3.1899212598425195
11
5.2472637795275592
21
-3.2199212598425198
0
LINE
8
BLACK
6
CONTINUOUS
10
5.2472637795275592
20
-3.2199212598425198
11
5.2470839763779527
21
-3.2208252362204726
0
LINE
8
BLACK
6
CONTINUOUS
10
5.2470839763779527
20
-3.2208252362204726
11
5.2458055511811024
21
-3.2221036614173229
0
LINE
8
BLACK
6
CONTINUOUS
10
5.2458055511811024
20
-3.2221036614173229
11
5.2439975984251967
21
-3.2221036614173229
0
LINE
8
BLACK
6
CONTINUOUS
10
5.2439975984251967
20
-3.2221036614173229
11
5.2427191732283465
21
-3.2208252362204726
0
LINE
8
BLACK
6
CONTINUOUS
10
5.2427191732283465
20
-3.2208252362204726
11
5.2425393700787399
21
-3.2199212598425198
0
LINE
8
BLACK
6
CONTINUOUS
10
5.2425393700787399
20
-3.2199212598425198
11
5.2425393700787399
21
-3.1899212598425195
0
LINE
8
BLACK
6
CONTINUOUS
10
5.2425393700787399
20
-3.1899212598425195
11
5.2427191732283465
21
-3.1890172834645667
0
LINE
8
BLACK
6
CONTINUOUS
10
5.2427191732283465
20
-3.1890172834645667
11
5.2439975984251967
21
-3.1877388582677164
0
LINE
8
BLACK
6
CONTINUOUS
10
5.2439975984251967
20
-3.1877388582677164
11
5.2458055511811024
21
-3.1877388582677164
0
LINE
8
BLACK
6
CONTINUOUS
10
5.2458055511811024
20
-3.1877388582677164
11
5.2470839763779527
21
-3.1890172834645667
0
LINE
8
BLACK
6
CONTINUOUS
10
5.3070839763779523
20
-3.1890172834645667
11
5.3072637795275588
21
-3.1899212598425195
0
LINE
8
BLACK
6
CONTINUOUS
10
5.3072637795275588
20
-3.1899212598425195
11
5.3072637795275588
21
-3.2199212598425198
0
LINE
8
BLACK
6
CONTINUOUS
10
5.3072637795275588
20
-3.2199212598425198
11
5.3070839763779523
21
-3.2208252362204726
0
LINE
8
BLACK
6
CONTINUOUS
10
5.3070839763779523
20
-3.2208252362204726
11
5.305805551181102
21
-3.2221036614173229
0
LINE
8
BLACK
6
CONTINUOUS
10
5.305805551181102
20
-3.2221036614173229
11
5.3039975984251964
21
-3.2221036614173229
0
LINE
8
BLACK
6
CONTINUOUS
10
5.3039975984251964
20
-3.2221036614173229
11
5.3027191732283461
21
-3.2208252362204726
0
LINE
8
BLACK
6
CONTINUOUS
10
5.3027191732283461
20
-3.2208252362204726
11
5.3025393700787404
21
-3.2199212598425198
0
LINE
8
BLACK
6
CONTINUOUS
10
5.3025393700787404
20
-3.2199212598425198
11
5.3025393700787404
21
-3.1899212598425195
0
LINE
8
BLACK
6
CONTINUOUS
10
5.3025393700787404
20
-3.1899212598425195
11
5.3027191732283461
21
-3.1890172834645667
0
LINE
8
BLACK
6
CONTINUOUS
10
5.3027191732283461
20
-3.1890172834645667
11
5.3039975984251964
21
-3.1877388582677164
0
LINE
8
BLACK
6
CONTINUOUS
10
5.3039975984251964
20
-3.1877388582677164
11
5.305805551181102
21
-3.1877388582677164
0
LINE
8
BLACK
6
CONTINUOUS
10
5.305805551181102
20
-3.1877388582677164
11
5.3070839763779523
21
-3.1890172834645667
0
LINE
8
BLACK
6
CONTINUOUS
10
5.5054776377952752
20
-3.2045252362204724
11
5.5065420472440945
21
-3.2049661417322834
0
LINE
8
BLACK
6
CONTINUOUS
10
5.5065420472440945
20
-3.2049661417322834
11
5.5073566929133859
21
-3.2057807874015749
0
LINE
8
BLACK
6
CONTINUOUS
10
5.5073566929133859
20
-3.2057807874015749
11
5.5077975984251966
21
-3.2068451968503937
0
LINE
8
BLACK
6
CONTINUOUS
10
5.5077975984251966
20
-3.2068451968503937
11
5.5077975984251966
21
-3.2079973228346454
0
LINE
8
BLACK
6
CONTINUOUS
10
5.5077975984251966
20
-3.2079973228346454
11
5.5073566929133859
21
-3.2090617322834647
0
LINE
8
BLACK
6
CONTINUOUS
10
5.5073566929133859
20
-3.2090617322834647
11
5.5065420472440945
21
-3.2098763779527557
0
LINE
8
BLACK
6
CONTINUOUS
10
5.5065420472440945
20
-3.2098763779527557
11
5.5054776377952752
21
-3.2103172834645668
0
LINE
8
BLACK
6
CONTINUOUS
10
5.5054776377952752
20
-3.2103172834645668
11
5.5049015748031493
21
-3.2103740157480316
0
LINE
8
BLACK
6
CONTINUOUS
10
5.5049015748031493
20
-3.2103740157480316
11
5.4449015748031497
21
-3.2103740157480316
0
LINE
8
BLACK
6
CONTINUOUS
10
5.4449015748031497
20
-3.2103740157480316
11
5.4443255118110239
21
-3.2103172834645668
0
LINE
8
BLACK
6
CONTINUOUS
10
5.4443255118110239
20
-3.2103172834645668
11
5.4432611023622046
21
-3.2098763779527557
0
LINE
8
BLACK
6
CONTINUOUS
10
5.4432611023622046
20
-3.2098763779527557
11
5.4424464566929132
21
-3.2090617322834647
0
LINE
8
BLACK
6
CONTINUOUS
10
5.4424464566929132
20
-3.2090617322834647
11
5.4420055511811025
21
-3.2079973228346454
0
LINE
8
BLACK
6
CONTINUOUS
10
5.4420055511811025
20
-3.2079973228346454
11
5.4420055511811025
21
-3.2068451968503937
0
LINE
8
BLACK
6
CONTINUOUS
10
5.4420055511811025
20
-3.2068451968503937
11
5.4424464566929132
21
-3.2057807874015749
0
LINE
8
BLACK
6
CONTINUOUS
10
5.4424464566929132
20
-3.2057807874015749
11
5.4432611023622046
21
-3.2049661417322834
0
LINE
8
BLACK
6
CONTINUOUS
10
5.4432611023622046
20
-3.2049661417322834
11
5.4443255118110239
21
-3.2045252362204724
0
LINE
8
BLACK
6
CONTINUOUS
10
5.4443255118110239
20
-3.2045252362204724
11
5.4449015748031497
21
-3.204468503937008
0
LINE
8
BLACK
6
CONTINUOUS
10
5.4449015748031497
20
-3.204468503937008
11
5.5049015748031493
21
-3.204468503937008
0
LINE
8
BLACK
6
CONTINUOUS
10
5.5049015748031493
20
-3.204468503937008
11
5.5054776377952752
21
-3.2045252362204724
0
LINE
8
BLACK
6
CONTINUOUS
10
6.1333055511811025
20
-3.1927388582677163
11
6.1345839763779528
21
-3.194017283464567
0
LINE
8
BLACK
6
CONTINUOUS
10
6.1345839763779528
20
-3.194017283464567
11
6.1345839763779528
21
-3.1958252362204722
0
LINE
8
BLACK
6
CONTINUOUS
10
6.1345839763779528
20
-3.1958252362204722
11
6.1333055511811025
21
-3.1971036614173229
0
LINE
8
BLACK
6
CONTINUOUS
10
6.1333055511811025
20
-3.1971036614173229
11
6.1324015748031497
21
-3.197283464566929
0
LINE
8
BLACK
6
CONTINUOUS
10
6.1324015748031497
20
-3.197283464566929
11
6.1024015748031495
21
-3.197283464566929
0
LINE
8
BLACK
6
CONTINUOUS
10
6.1024015748031495
20
-3.197283464566929
11
6.1014975984251967
21
-3.1971036614173229
0
LINE
8
BLACK
6
CONTINUOUS
10
6.1014975984251967
20
-3.1971036614173229
11
6.1002191732283464
21
-3.1958252362204722
0
LINE
8
BLACK
6
CONTINUOUS
10
6.1002191732283464
20
-3.1958252362204722
11
6.1002191732283464
21
-3.194017283464567
0
LINE
8
BLACK
6
CONTINUOUS
10
6.1002191732283464
20
-3.194017283464567
11
6.1014975984251967
21
-3.1927388582677163
0
LINE
8
BLACK
6
CONTINUOUS
10
6.1014975984251967
20
-3.1927388582677163
11
6.1024015748031495
21
-3.1925590551181102
0
LINE
8
BLACK
6
CONTINUOUS
10
6.1024015748031495
20
-3.1925590551181102
11
6.1324015748031497
21
-3.1925590551181102
0
LINE
8
BLACK
6
CONTINUOUS
10
6.1324015748031497
20
-3.1925590551181102
11
6.1333055511811025
21
-3.1927388582677163
0
LINE
8
BLACK
6
CONTINUOUS
10
5.5854776377952753
20
-3.1895252362204722
11
5.5865420472440945
21
-3.1899661417322833
0
LINE
8
BLACK
6
CONTINUOUS
10
5.5865420472440945
20
-3.1899661417322833
11
5.587356692913386
21
-3.1907807874015748
0
LINE
8
BLACK
6
CONTINUOUS
10
5.587356692913386
20
-3.1907807874015748
11
5.5877975984251966
21
-3.1918451968503936
0
LINE
8
BLACK
6
CONTINUOUS
10
5.5877975984251966
20
-3.1918451968503936
11
5.5877975984251966
21
-3.1929973228346458
0
LINE
8
BLACK
6
CONTINUOUS
10
5.5877975984251966
20
-3.1929973228346458
11
5.587356692913386
21
-3.1940617322834646
0
LINE
8
BLACK
6
CONTINUOUS
10
5.587356692913386
20
-3.1940617322834646
11
5.5865420472440945
21
-3.194876377952756
0
LINE
8
BLACK
6
CONTINUOUS
10
5.5865420472440945
20
-3.194876377952756
11
5.5854776377952753
21
-3.1953172834645667
0
LINE
8
BLACK
6
CONTINUOUS
10
5.5854776377952753
20
-3.1953172834645667
11
5.5849015748031494
21
-3.1953740157480315
0
LINE
8
BLACK
6
CONTINUOUS
10
5.5849015748031494
20
-3.1953740157480315
11
5.5249015748031498
21
-3.1953740157480315
0
LINE
8
BLACK
6
CONTINUOUS
10
5.5249015748031498
20
-3.1953740157480315
11
5.5243255118110239
21
-3.1953172834645667
0
LINE
8
BLACK
6
CONTINUOUS
10
5.5243255118110239
20
-3.1953172834645667
11
5.5232611023622047
21
-3.194876377952756
0
LINE
8
BLACK
6
CONTINUOUS
10
5.5232611023622047
20
-3.194876377952756
11
5.5224464566929132
21
-3.1940617322834646
0
LINE
8
BLACK
6
CONTINUOUS
10
5.5224464566929132
20
-3.1940617322834646
11
5.5220055511811026
21
-3.1929973228346458
0
LINE
8
BLACK
6
CONTINUOUS
10
5.5220055511811026
20
-3.1929973228346458
11
5.5220055511811026
21
-3.1918451968503936
0
LINE
8
BLACK
6
CONTINUOUS
10
5.5220055511811026
20
-3.1918451968503936
11
5.5224464566929132
21
-3.1907807874015748
0
LINE
8
BLACK
6
CONTINUOUS
10
5.5224464566929132
20
-3.1907807874015748
11
5.5232611023622047
21
-3.1899661417322833
0
LINE
8
BLACK
6
CONTINUOUS
10
5.5232611023622047
20
-3.1899661417322833
11
5.5243255118110239
21
-3.1895252362204722
0
LINE
8
BLACK
6
CONTINUOUS
10
5.5243255118110239
20
-3.1895252362204722
11
5.5249015748031498
21
-3.1894685039370079
0
LINE
8
BLACK
6
CONTINUOUS
10
5.5249015748031498
20
-3.1894685039370079
11
5.5849015748031494
21
-3.1894685039370079
0
LINE
8
BLACK
6
CONTINUOUS
10
5.5849015748031494
20
-3.1894685039370079
11
5.5854776377952753
21
-3.1895252362204722
0
LINE
8
BLACK
6
CONTINUOUS
10
5.5094902755905508
20
-3.134068937007874
11
5.5095622834645672
21
-3.1340617716535433
0
LINE
8
BLACK
6
CONTINUOUS
10
5.5095622834645672
20
-3.1340617716535433
11
5.5096325984251964
21
-3.1340829527559055
0
LINE
8
BLACK
6
CONTINUOUS
10
5.5096325984251964
20
-3.1340829527559055
11
5.5098533070866145
21
-3.1341047244094487
0
LINE
8
BLACK
6
CONTINUOUS
10
5.5098533070866145
20
-3.1341047244094487
11
5.5102519685039368
21
-3.1342698425196849
0
LINE
8
BLACK
6
CONTINUOUS
10
5.5102519685039368
20
-3.1342698425196849
11
5.5106652755905507
21
-3.1343945669291338
0
LINE
8
BLACK
6
CONTINUOUS
10
5.5106652755905507
20
-3.1343945669291338
11
5.5107803543307083
21
-3.1344887007874016
0
LINE
8
BLACK
6
CONTINUOUS
10
5.5107803543307083
20
-3.1344887007874016
11
5.5109177165354328
21
-3.1345456299212597
0
LINE
8
BLACK
6
CONTINUOUS
10
5.5109177165354328
20
-3.1345456299212597
11
5.5112229527559053
21
-3.1348508661417323
0
LINE
8
BLACK
6
CONTINUOUS
10
5.5112229527559053
20
-3.1348508661417323
11
5.5115569291338584
21
-3.1351241338582678
0
LINE
8
BLACK
6
CONTINUOUS
10
5.5115569291338584
20
-3.1351241338582678
11
5.5116271653543309
21
-3.1352550787401574
0
LINE
8
BLACK
6
CONTINUOUS
10
5.5116271653543309
20
-3.1352550787401574
11
5.5117323622047243
21
-3.1353602755905512
0
LINE
8
BLACK
6
CONTINUOUS
10
5.5117323622047243
20
-3.1353602755905512
11
5.5118975196850393
21
-3.1357590551181103
0
LINE
8
BLACK
6
CONTINUOUS
10
5.5118975196850393
20
-3.1357590551181103
11
5.5121015748031494
21
-3.1361393700787401
0
LINE
8
BLACK
6
CONTINUOUS
10
5.5121015748031494
20
-3.1361393700787401
11
5.5121451574803144
21
-3.1363568503937009
0
LINE
8
BLACK
6
CONTINUOUS
10
5.5121451574803144
20
-3.1363568503937009
11
5.5121732677165349
21
-3.13642468503937
0
LINE
8
BLACK
6
CONTINUOUS
10
5.5121732677165349
20
-3.13642468503937
11
5.5121732677165349
21
-3.1364969685039368
0
LINE
8
BLACK
6
CONTINUOUS
10
5.5121732677165349
20
-3.1364969685039368
11
5.5122153543307082
21
-3.1367069291338581
0
LINE
8
BLACK
6
CONTINUOUS
10
5.5122153543307082
20
-3.1367069291338581
11
5.5140901181102357
21
-3.1554545669291336
0
LINE
8
BLACK
6
CONTINUOUS
10
5.5140901181102357
20
-3.1554545669291336
11
5.5140909842519683
21
-3.1560334251968505
0
LINE
8
BLACK
6
CONTINUOUS
10
5.5140909842519683
20
-3.1560334251968505
11
5.5140480314960625
21
-3.156175748031496
0
LINE
8
BLACK
6
CONTINUOUS
10
5.5140480314960625
20
-3.156175748031496
11
5.5140480314960625
21
-3.156324409448819
0
LINE
8
BLACK
6
CONTINUOUS
10
5.5140480314960625
20
-3.156324409448819
11
5.5138829133858263
21
-3.1567229921259843
0
LINE
8
BLACK
6
CONTINUOUS
10
5.5138829133858263
20
-3.1567229921259843
11
5.5137581889763778
21
-3.1571364173228345
0
LINE
8
BLACK
6
CONTINUOUS
10
5.5137581889763778
20
-3.1571364173228345
11
5.5136639763779529
21
-3.1572515354330708
0
LINE
8
BLACK
6
CONTINUOUS
10
5.5136639763779529
20
-3.1572515354330708
11
5.5136071259842518
21
-3.1573888188976378
0
LINE
8
BLACK
6
CONTINUOUS
10
5.5136071259842518
20
-3.1573888188976378
11
5.5133020472440943
21
-3.1576938582677165
0
LINE
8
BLACK
6
CONTINUOUS
10
5.5133020472440943
20
-3.1576938582677165
11
5.5130286220472442
21
-3.1580280708661417
0
LINE
8
BLACK
6
CONTINUOUS
10
5.5130286220472442
20
-3.1580280708661417
11
5.5128975590551184
21
-3.158098346456693
0
LINE
8
BLACK
6
CONTINUOUS
10
5.5128975590551184
20
-3.158098346456693
11
5.5127924409448816
21
-3.158203503937008
0
LINE
8
BLACK
6
CONTINUOUS
10
5.5127924409448816
20
-3.158203503937008
11
5.512393818897638
21
-3.1583685826771655
0
LINE
8
BLACK
6
CONTINUOUS
10
5.512393818897638
20
-3.1583685826771655
11
5.5120133858267719
21
-3.1585727165354331
0
LINE
8
BLACK
6
CONTINUOUS
10
5.5120133858267719
20
-3.1585727165354331
11
5.5118653543307081
21
-3.1585874803149605
0
LINE
8
BLACK
6
CONTINUOUS
10
5.5118653543307081
20
-3.1585874803149605
11
5.5117280314960633
21
-3.1586444094488186
0
LINE
8
BLACK
6
CONTINUOUS
10
5.5117280314960633
20
-3.1586444094488186
11
5.5112964960629922
21
-3.1586444094488186
0
LINE
8
BLACK
6
CONTINUOUS
10
5.5112964960629922
20
-3.1586444094488186
11
5.5108669685039366
21
-3.1586873622047245
0
LINE
8
BLACK
6
CONTINUOUS
10
5.5108669685039366
20
-3.1586873622047245
11
5.5107246062992123
21
-3.1586444094488186
0
LINE
8
BLACK
6
CONTINUOUS
10
5.5107246062992123
20
-3.1586444094488186
11
5.5105759448818894
21
-3.1586444094488186
0
LINE
8
BLACK
6
CONTINUOUS
10
5.5105759448818894
20
-3.1586444094488186
11
5.5101772440944883
21
-3.1584792519685037
0
LINE
8
BLACK
6
CONTINUOUS
10
5.5101772440944883
20
-3.1584792519685037
11
5.5097639763779522
21
-3.158354566929134
0
LINE
8
BLACK
6
CONTINUOUS
10
5.5097639763779522
20
-3.158354566929134
11
5.5096488582677168
21
-3.1582603937007874
0
LINE
8
BLACK
6
CONTINUOUS
10
5.5096488582677168
20
-3.1582603937007874
11
5.509511535433071
21
-3.158203503937008
0
LINE
8
BLACK
6
CONTINUOUS
10
5.509511535433071
20
-3.158203503937008
11
5.5090640944881892
21
-3.1578362992125983
0
LINE
8
BLACK
6
CONTINUOUS
10
5.5090640944881892
20
-3.1578362992125983
11
5.5075281496062987
21
-3.1563003543307087
0
LINE
8
BLACK
6
CONTINUOUS
10
5.5075281496062987
20
-3.1563003543307087
11
5.504830669291338
21
-3.1549516141732283
0
LINE
8
BLACK
6
CONTINUOUS
10
5.504830669291338
20
-3.1549516141732283
11
5.4968509448818894
21
-3.1549516141732283
0
LINE
8
BLACK
6
CONTINUOUS
10
5.4968509448818894
20
-3.1549516141732283
11
5.4941534645669288
21
-3.1563003543307087
0
LINE
8
BLACK
6
CONTINUOUS
10
5.4941534645669288
20
-3.1563003543307087
11
5.492956338582677
21
-3.1574974803149605
0
LINE
8
BLACK
6
CONTINUOUS
10
5.492956338582677
20
-3.1574974803149605
11
5.4916075984251966
21
-3.1601949606299211
0
LINE
8
BLACK
6
CONTINUOUS
10
5.4916075984251966
20
-3.1601949606299211
11
5.4916075984251966
21
-3.1681746850393702
0
LINE
8
BLACK
6
CONTINUOUS
10
5.4916075984251966
20
-3.1681746850393702
11
5.492956338582677
21
-3.1708721653543308
0
LINE
8
BLACK
6
CONTINUOUS
10
5.492956338582677
20
-3.1708721653543308
11
5.4941534645669288
21
-3.1720693307086614
0
LINE
8
BLACK
6
CONTINUOUS
10
5.4941534645669288
20
-3.1720693307086614
11
5.4968509448818894
21
-3.1734180708661417
0
LINE
8
BLACK
6
CONTINUOUS
10
5.4968509448818894
20
-3.1734180708661417
11
5.504830669291338
21
-3.1734180708661417
0
LINE
8
BLACK
6
CONTINUOUS
10
5.504830669291338
20
-3.1734180708661417
11
5.5075281102362199
21
-3.1720693307086614
0
LINE
8
BLACK
6
CONTINUOUS
10
5.5075281102362199
20
-3.1720693307086614
11
5.5090640551181105
21
-3.1705333858267717
0
LINE
8
BLACK
6
CONTINUOUS
10
5.5090640551181105
20
-3.1705333858267717
11
5.509511535433071
21
-3.1701661417322833
0
LINE
8
BLACK
6
CONTINUOUS
10
5.509511535433071
20
-3.1701661417322833
11
5.5105759448818894
21
-3.1697252362204722
0
LINE
8
BLACK
6
CONTINUOUS
10
5.5105759448818894
20
-3.1697252362204722
11
5.5117280314960633
21
-3.1697252362204722
0
LINE
8
BLACK
6
CONTINUOUS
10
5.5117280314960633
20
-3.1697252362204722
11
5.5127924409448816
21
-3.1701661023622045
0
LINE
8
BLACK
6
CONTINUOUS
10
5.5127924409448816
20
-3.1701661023622045
11
5.5136071259842518
21
-3.1709807874015747
0
LINE
8
BLACK
6
CONTINUOUS
10
5.5136071259842518
20
-3.1709807874015747
11
5.5140480314960625
21
-3.1720451968503935
0
LINE
8
BLACK
6
CONTINUOUS
10
5.5140480314960625
20
-3.1720451968503935
11
5.5140480314960625
21
-3.173197283464567
0
LINE
8
BLACK
6
CONTINUOUS
10
5.5140480314960625
20
-3.173197283464567
11
5.5136071653543306
21
-3.1742616929133858
0
LINE
8
BLACK
6
CONTINUOUS
10
5.5136071653543306
20
-3.1742616929133858
11
5.5132399212598422
21
-3.1747091732283463
0
LINE
8
BLACK
6
CONTINUOUS
10
5.5132399212598422
20
-3.1747091732283463
11
5.5113651968503934
21
-3.1765839370078739
0
LINE
8
BLACK
6
CONTINUOUS
10
5.5113651968503934
20
-3.1765839370078739
11
5.5111388188976376
21
-3.1767696850393699
0
LINE
8
BLACK
6
CONTINUOUS
10
5.5111388188976376
20
-3.1767696850393699
11
5.5110876377952751
21
-3.1768287401574802
0
LINE
8
BLACK
6
CONTINUOUS
10
5.5110876377952751
20
-3.1768287401574802
11
5.5109986614173225
21
-3.1768847244094487
0
LINE
8
BLACK
6
CONTINUOUS
10
5.5109986614173225
20
-3.1768847244094487
11
5.5109177165354328
21
-3.1769511811023623
0
LINE
8
BLACK
6
CONTINUOUS
10
5.5109177165354328
20
-3.1769511811023623
11
5.5108457480314961
21
-3.1769809842519683
0
LINE
8
BLACK
6
CONTINUOUS
10
5.5108457480314961
20
-3.1769809842519683
11
5.5105977559055113
21
-3.1771370866141733
0
LINE
8
BLACK
6
CONTINUOUS
10
5.5105977559055113
20
-3.1771370866141733
11
5.5068482283464562
21
-3.1790118503937008
0
LINE
8
BLACK
6
CONTINUOUS
10
5.5068482283464562
20
-3.1790118503937008
11
5.506307598425197
21
-3.1792187401574803
0
LINE
8
BLACK
6
CONTINUOUS
10
5.506307598425197
20
-3.1792187401574803
11
5.5062017716535427
21
-3.1792262204724411
0
LINE
8
BLACK
6
CONTINUOUS
10
5.5062017716535427
20
-3.1792262204724411
11
5.5061037795275594
21
-3.1792668503937005
0
LINE
8
BLACK
6
CONTINUOUS
10
5.5061037795275594
20
-3.1792668503937005
11
5.5055277165354326
21
-3.1793235826771653
0
LINE
8
BLACK
6
CONTINUOUS
10
5.5055277165354326
20
-3.1793235826771653
11
5.4961538976377948
21
-3.1793235826771653
0
LINE
8
BLACK
6
CONTINUOUS
10
5.4961538976377948
20
-3.1793235826771653
11
5.495577834645669
21
-3.1792668503937005
0
LINE
8
BLACK
6
CONTINUOUS
10
5.495577834645669
20
-3.1792668503937005
11
5.4954798425196847
21
-3.1792262598425198
0
LINE
8
BLACK
6
CONTINUOUS
10
5.4954798425196847
20
-3.1792262598425198
11
5.4953739763779526
21
-3.1792187401574803
0
LINE
8
BLACK
6
CONTINUOUS
10
5.4953739763779526
20
-3.1792187401574803
11
5.4948333858267713
21
-3.1790118503937008
0
LINE
8
BLACK
6
CONTINUOUS
10
5.4948333858267713
20
-3.1790118503937008
11
5.4910838582677162
21
-3.1771370866141733
0
LINE
8
BLACK
6
CONTINUOUS
10
5.4910838582677162
20
-3.1771370866141733
11
5.4908358267716535
21
-3.1769809842519683
0
LINE
8
BLACK
6
CONTINUOUS
10
5.4908358267716535
20
-3.1769809842519683
11
5.4907638976377955
21
-3.1769511811023623
0
LINE
8
BLACK
6
CONTINUOUS
10
5.4907638976377955
20
-3.1769511811023623
11
5.490682913385827
21
-3.1768847244094487
0
LINE
8
BLACK
6
CONTINUOUS
10
5.490682913385827
20
-3.1768847244094487
11
5.4905939763779523
21
-3.1768287401574802
0
LINE
8
BLACK
6
CONTINUOUS
10
5.4905939763779523
20
-3.1768287401574802
11
5.490542755905512
21
-3.1767696850393699
0
LINE
8
BLACK
6
CONTINUOUS
10
5.490542755905512
20
-3.1767696850393699
11
5.4903164173228349
21
-3.1765839370078739
0
LINE
8
BLACK
6
CONTINUOUS
10
5.4903164173228349
20
-3.1765839370078739
11
5.4884416535433074
21
-3.1747091338582676
0
LINE
8
BLACK
6
CONTINUOUS
10
5.4884416535433074
20
-3.1747091338582676
11
5.488255905511811
21
-3.1744827952755905
0
LINE
8
BLACK
6
CONTINUOUS
10
5.488255905511811
20
-3.1744827952755905
11
5.4881969291338581
21
-3.1744316535433068
0
LINE
8
BLACK
6
CONTINUOUS
10
5.4881969291338581
20
-3.1744316535433068
11
5.4881409448818896
21
-3.174342716535433
0
LINE
8
BLACK
6
CONTINUOUS
10
5.4881409448818896
20
-3.174342716535433
11
5.4880744488188977
21
-3.1742616929133858
0
LINE
8
BLACK
6
CONTINUOUS
10
5.4880744488188977
20
-3.1742616929133858
11
5.4880446062992121
21
-3.1741896456692911
0
LINE
8
BLACK
6
CONTINUOUS
10
5.4880446062992121
20
-3.1741896456692911
11
5.4878885826771651
21
-3.1739417716535434
0
LINE
8
BLACK
6
CONTINUOUS
10
5.4878885826771651
20
-3.1739417716535434
11
5.4860138188976375
21
-3.1701922440944883
0
LINE
8
BLACK
6
CONTINUOUS
10
5.4860138188976375
20
-3.1701922440944883
11
5.485806929133858
21
-3.1696516141732283
0
LINE
8
BLACK
6
CONTINUOUS
10
5.485806929133858
20
-3.1696516141732283
11
5.4857994094488189
21
-3.1695457874015749
0
LINE
8
BLACK
6
CONTINUOUS
10
5.4857994094488189
20
-3.1695457874015749
11
5.4857588188976374
21
-3.1694477952755906
0
LINE
8
BLACK
6
CONTINUOUS
10
5.4857588188976374
20
-3.1694477952755906
11
5.4857020866141735
21
-3.1688717322834643
0
LINE
8
BLACK
6
CONTINUOUS
10
5.4857020866141735
20
-3.1688717322834643
11
5.4857020866141735
21
-3.1594979133858265
0
LINE
8
BLACK
6
CONTINUOUS
10
5.4857020866141735
20
-3.1594979133858265
11
5.4857588188976374
21
-3.1589218503937007
0
LINE
8
BLACK
6
CONTINUOUS
10
5.4857588188976374
20
-3.1589218503937007
11
5.4857994094488189
21
-3.1588238188976376
0
LINE
8
BLACK
6
CONTINUOUS
10
5.4857994094488189
20
-3.1588238188976376
11
5.485806929133858
21
-3.158718031496063
0
LINE
8
BLACK
6
CONTINUOUS
10
5.485806929133858
20
-3.158718031496063
11
5.4860138188976375
21
-3.158177401574803
0
LINE
8
BLACK
6
CONTINUOUS
10
5.4860138188976375
20
-3.158177401574803
11
5.4878885826771651
21
-3.1544278740157479
0
LINE
8
BLACK
6
CONTINUOUS
10
5.4878885826771651
20
-3.1544278740157479
11
5.4880446456692908
21
-3.1541798425196848
0
LINE
8
BLACK
6
CONTINUOUS
10
5.4880446456692908
20
-3.1541798425196848
11
5.4880744881889765
21
-3.1541079133858267
0
LINE
8
BLACK
6
CONTINUOUS
10
5.4880744881889765
20
-3.1541079133858267
11
5.4881409448818896
21
-3.1540269291338583
0
LINE
8
BLACK
6
CONTINUOUS
10
5.4881409448818896
20
-3.1540269291338583
11
5.4881969291338581
21
-3.153937992125984
0
LINE
8
BLACK
6
CONTINUOUS
10
5.4881969291338581
20
-3.153937992125984
11
5.488255905511811
21
-3.153886811023622
0
LINE
8
BLACK
6
CONTINUOUS
10
5.488255905511811
20
-3.153886811023622
11
5.4884416929133861
21
-3.1536604724409449
0
LINE
8
BLACK
6
CONTINUOUS
10
5.4884416929133861
20
-3.1536604724409449
11
5.4903164566929137
21
-3.1517857086614174
0
LINE
8
BLACK
6
CONTINUOUS
10
5.4903164566929137
20
-3.1517857086614174
11
5.4905427952755907
21
-3.1515999212598422
0
LINE
8
BLACK
6
CONTINUOUS
10
5.4905427952755907
20
-3.1515999212598422
11
5.4905939763779523
21
-3.1515409448818898
0
LINE
8
BLACK
6
CONTINUOUS
10
5.4905939763779523
20
-3.1515409448818898
11
5.490682913385827
21
-3.1514849606299213
0
LINE
8
BLACK
6
CONTINUOUS
10
5.490682913385827
20
-3.1514849606299213
11
5.4907638976377955
21
-3.1514185039370077
0
LINE
8
BLACK
6
CONTINUOUS
10
5.4907638976377955
20
-3.1514185039370077
11
5.4908358267716535
21
-3.1513886614173225
0
LINE
8
BLACK
6
CONTINUOUS
10
5.4908358267716535
20
-3.1513886614173225
11
5.4910838582677162
21
-3.1512325984251968
0
LINE
8
BLACK
6
CONTINUOUS
10
5.4910838582677162
20
-3.1512325984251968
11
5.4948333858267713
21
-3.1493578346456692
0
LINE
8
BLACK
6
CONTINUOUS
10
5.4948333858267713
20
-3.1493578346456692
11
5.4953739763779526
21
-3.1491509448818897
0
LINE
8
BLACK
6
CONTINUOUS
10
5.4953739763779526
20
-3.1491509448818897
11
5.4954798425196847
21
-3.1491433858267714
0
LINE
8
BLACK
6
CONTINUOUS
10
5.4954798425196847
20
-3.1491433858267714
11
5.495577834645669
21
-3.1491028346456691
0
LINE
8
BLACK
6
CONTINUOUS
10
5.495577834645669
20
-3.1491028346456691
11
5.4961538976377948
21
-3.1490461023622047
0
LINE
8
BLACK
6
CONTINUOUS
10
5.4961538976377948
20
-3.1490461023622047
11
5.5055277165354326
21
-3.1490461023622047
0
LINE
8
BLACK
6
CONTINUOUS
10
5.5055277165354326
20
-3.1490461023622047
11
5.5061037795275594
21
-3.1491028346456691
0
LINE
8
BLACK
6
CONTINUOUS
10
5.5061037795275594
20
-3.1491028346456691
11
5.5062017716535427
21
-3.1491434251968502
0
LINE
8
BLACK
6
CONTINUOUS
10
5.5062017716535427
20
-3.1491434251968502
11
5.506307598425197
21
-3.1491509448818897
0
LINE
8
BLACK
6
CONTINUOUS
10
5.506307598425197
20
-3.1491509448818897
11
5.5068482283464562
21
-3.1493578346456692
0
LINE
8
BLACK
6
CONTINUOUS
10
5.5068482283464562
20
-3.1493578346456692
11
5.5075821259842517
21
-3.1497247637795276
0
LINE
8
BLACK
6
CONTINUOUS
10
5.5075821259842517
20
-3.1497247637795276
11
5.5066050393700783
21
-3.1399535039370079
0
LINE
8
BLACK
6
CONTINUOUS
10
5.5066050393700783
20
-3.1399535039370079
11
5.4905296062992122
21
-3.1399535039370079
0
LINE
8
BLACK
6
CONTINUOUS
10
5.4905296062992122
20
-3.1399535039370079
11
5.4899535433070863
21
-3.1398967716535431
0
LINE
8
BLACK
6
CONTINUOUS
10
5.4899535433070863
20
-3.1398967716535431
11
5.4888891338582679
21
-3.139455866141732
0
LINE
8
BLACK
6
CONTINUOUS
10
5.4888891338582679
20
-3.139455866141732
11
5.4880744881889765
21
-3.138641220472441
0
LINE
8
BLACK
6
CONTINUOUS
10
5.4880744881889765
20
-3.138641220472441
11
5.4876335826771649
21
-3.1375768110236222
0
LINE
8
BLACK
6
CONTINUOUS
10
5.4876335826771649
20
-3.1375768110236222
11
5.4876335826771649
21
-3.13642468503937
0
LINE
8
BLACK
6
CONTINUOUS
10
5.4876335826771649
20
-3.13642468503937
11
5.4880744881889765
21
-3.1353602755905512
0
LINE
8
BLACK
6
CONTINUOUS
10
5.4880744881889765
20
-3.1353602755905512
11
5.4888891338582679
21
-3.1345456299212597
0
LINE
8
BLACK
6
CONTINUOUS
10
5.4888891338582679
20
-3.1345456299212597
11
5.4899535433070863
21
-3.1341047244094487
0
LINE
8
BLACK
6
CONTINUOUS
10
5.4899535433070863
20
-3.1341047244094487
11
5.4905296062992122
21
-3.1340479921259843
0
LINE
8
BLACK
6
CONTINUOUS
10
5.4905296062992122
20
-3.1340479921259843
11
5.5092772440944877
21
-3.1340479921259843
0
LINE
8
BLACK
6
CONTINUOUS
10
5.5092772440944877
20
-3.1340479921259843
11
5.5094902755905508
21
-3.134068937007874
0
LINE
8
BLACK
6
CONTINUOUS
10
5.5296653937007871
20
-3.1345456299212597
11
5.5304800393700786
21
-3.1353602755905512
0
LINE
8
BLACK
6
CONTINUOUS
10
5.5304800393700786
20
-3.1353602755905512
11
5.5309209448818892
21
-3.13642468503937
0
LINE
8
BLACK
6
CONTINUOUS
10
5.5309209448818892
20
-3.13642468503937
11
5.530977677165354
21
-3.1370007480314959
0
LINE
8
BLACK
6
CONTINUOUS
10
5.530977677165354
20
-3.1370007480314959
11
5.530977677165354
21
-3.164643031496063
0
LINE
8
BLACK
6
CONTINUOUS
10
5.530977677165354
20
-3.164643031496063
11
5.5324804724409447
21
-3.1691514566929131
0
LINE
8
BLACK
6
CONTINUOUS
10
5.5324804724409447
20
-3.1691514566929131
11
5.5352442519685034
21
-3.1719152755905511
0
LINE
8
BLACK
6
CONTINUOUS
10
5.5352442519685034
20
-3.1719152755905511
11
5.5397526377952753
21
-3.1734180708661417
0
LINE
8
BLACK
6
CONTINUOUS
10
5.5397526377952753
20
-3.1734180708661417
11
5.5430230314960625
21
-3.1734180708661417
0
LINE
8
BLACK
6
CONTINUOUS
10
5.5430230314960625
20
-3.1734180708661417
11
5.5435990944881892
21
-3.1734748031496061
0
LINE
8
BLACK
6
CONTINUOUS
10
5.5435990944881892
20
-3.1734748031496061
11
5.5446635039370076
21
-3.1739157086614171
0
LINE
8
BLACK
6
CONTINUOUS
10
5.5446635039370076
20
-3.1739157086614171
11
5.545478149606299
21
-3.1747303543307086
0
LINE
8
BLACK
6
CONTINUOUS
10
5.545478149606299
20
-3.1747303543307086
11
5.5459190551181097
21
-3.1757947637795274
0
LINE
8
BLACK
6
CONTINUOUS
10
5.5459190551181097
20
-3.1757947637795274
11
5.5459190551181097
21
-3.1769468897637796
0
LINE
8
BLACK
6
CONTINUOUS
10
5.5459190551181097
20
-3.1769468897637796
11
5.545478149606299
21
-3.1780112992125984
0
LINE
8
BLACK
6
CONTINUOUS
10
5.545478149606299
20
-3.1780112992125984
11
5.5446635039370076
21
-3.1788259448818899
0
LINE
8
BLACK
6
CONTINUOUS
10
5.5446635039370076
20
-3.1788259448818899
11
5.5435990944881892
21
-3.1792668503937005
0
LINE
8
BLACK
6
CONTINUOUS
10
5.5435990944881892
20
-3.1792668503937005
11
5.5430230314960625
21
-3.1793235826771653
0
LINE
8
BLACK
6
CONTINUOUS
10
5.5430230314960625
20
-3.1793235826771653
11
5.5392735039370073
21
-3.1793235826771653
0
LINE
8
BLACK
6
CONTINUOUS
10
5.5392735039370073
20
-3.1793235826771653
11
5.5389818897637797
21
-3.1792948425196847
0
LINE
8
BLACK
6
CONTINUOUS
10
5.5389818897637797
20
-3.1792948425196847
11
5.5389041732283459
21
-3.1793003937007875
0
LINE
8
BLACK
6
CONTINUOUS
10
5.5389041732283459
20
-3.1793003937007875
11
5.5388018897637794
21
-3.1792771259842518
0
LINE
8
BLACK
6
CONTINUOUS
10
5.5388018897637794
20
-3.1792771259842518
11
5.5386974409448815
21
-3.1792668503937005
0
LINE
8
BLACK
6
CONTINUOUS
10
5.5386974409448815
20
-3.1792668503937005
11
5.5386253543307085
21
-3.179236968503937
0
LINE
8
BLACK
6
CONTINUOUS
10
5.5386253543307085
20
-3.179236968503937
11
5.5383397244094486
21
-3.1791720472440943
0
LINE
8
BLACK
6
CONTINUOUS
10
5.5383397244094486
20
-3.1791720472440943
11
5.5327154724409446
21
-3.1772972834645667
0
LINE
8
BLACK
6
CONTINUOUS
10
5.5327154724409446
20
-3.1772972834645667
11
5.5321868897637794
21
-3.1770612992125984
0
LINE
8
BLACK
6
CONTINUOUS
10
5.5321868897637794
20
-3.1770612992125984
11
5.5321067716535435
21
-3.1769918110236222
0
LINE
8
BLACK
6
CONTINUOUS
10
5.5321067716535435
20
-3.1769918110236222
11
5.5320087401574805
21
-3.1769512204724411
0
LINE
8
BLACK
6
CONTINUOUS
10
5.5320087401574805
20
-3.1769512204724411
11
5.5315612992125986
21
-3.1765839763779526
0
LINE
8
BLACK
6
CONTINUOUS
10
5.5315612992125986
20
-3.1765839763779526
11
5.5278117716535435
21
-3.1728344094488188
0
LINE
8
BLACK
6
CONTINUOUS
10
5.5278117716535435
20
-3.1728344094488188
11
5.5274445275590551
21
-3.1723869291338582
0
LINE
8
BLACK
6
CONTINUOUS
10
5.5274445275590551
20
-3.1723869291338582
11
5.5274038976377948
21
-3.1722888582677164
0
LINE
8
BLACK
6
CONTINUOUS
10
5.5274038976377948
20
-3.1722888582677164
11
5.5273344488188974
21
-3.1722087795275589
0
LINE
8
BLACK
6
CONTINUOUS
10
5.5273344488188974
20
-3.1722087795275589
11
5.5270984645669294
21
-3.1716802362204723
0
LINE
8
BLACK
6
CONTINUOUS
10
5.5270984645669294
20
-3.1716802362204723
11
5.5252237007874019
21
-3.1660559448818897
0
LINE
8
BLACK
6
CONTINUOUS
10
5.5252237007874019
20
-3.1660559448818897
11
5.5251587401574804
21
-3.1657703543307085
0
LINE
8
BLACK
6
CONTINUOUS
10
5.5251587401574804
20
-3.1657703543307085
11
5.5251288976377948
21
-3.1656982677165355
0
LINE
8
BLACK
6
CONTINUOUS
10
5.5251288976377948
20
-3.1656982677165355
11
5.5251185826771652
21
-3.1655937401574801
0
LINE
8
BLACK
6
CONTINUOUS
10
5.5251185826771652
20
-3.1655937401574801
11
5.5250953543307082
21
-3.1654914960629918
0
LINE
8
BLACK
6
CONTINUOUS
10
5.5250953543307082
20
-3.1654914960629918
11
5.5251008661417318
21
-3.1654137401574802
0
LINE
8
BLACK
6
CONTINUOUS
10
5.5251008661417318
20
-3.1654137401574802
11
5.5250721653543309
21
-3.1651222047244092
0
LINE
8
BLACK
6
CONTINUOUS
10
5.5250721653543309
20
-3.1651222047244092
11
5.5250721653543309
21
-3.1370007480314959
0
LINE
8
BLACK
6
CONTINUOUS
10
5.5250721653543309
20
-3.1370007480314959
11
5.5251288976377948
21
-3.13642468503937
0
LINE
8
BLACK
6
CONTINUOUS
10
5.5251288976377948
20
-3.13642468503937
11
5.5255698031496063
21
-3.1353602755905512
0
LINE
8
BLACK
6
CONTINUOUS
10
5.5255698031496063
20
-3.1353602755905512
11
5.5263844488188978
21
-3.1345456299212597
0
LINE
8
BLACK
6
CONTINUOUS
10
5.5263844488188978
20
-3.1345456299212597
11
5.5274488582677161
21
-3.1341047244094487
0
LINE
8
BLACK
6
CONTINUOUS
10
5.5274488582677161
20
-3.1341047244094487
11
5.5286009842519688
21
-3.1341047244094487
0
LINE
8
BLACK
6
CONTINUOUS
10
5.5286009842519688
20
-3.1341047244094487
11
5.5296653937007871
21
-3.1345456299212597
0
LINE
8
BLACK
6
CONTINUOUS
10
6.1386028346456696
20
-3.1341047244094487
11
6.1396672440944879
21
-3.1345456299212597
0
LINE
8
BLACK
6
CONTINUOUS
10
6.1396672440944879
20
-3.1345456299212597
11
6.1404818897637794
21
-3.1353602755905512
0
LINE
8
BLACK
6
CONTINUOUS
10
6.1404818897637794
20
-3.1353602755905512
11
6.14092279527559
21
-3.13642468503937
0
LINE
8
BLACK
6
CONTINUOUS
10
6.14092279527559
20
-3.13642468503937
11
6.14092279527559
21
-3.1375768110236222
0
LINE
8
BLACK
6
CONTINUOUS
10
6.14092279527559
20
-3.1375768110236222
11
6.1404818897637794
21
-3.138641220472441
0
LINE
8
BLACK
6
CONTINUOUS
10
6.1404818897637794
20
-3.138641220472441
11
6.1396672440944879
21
-3.139455866141732
0
LINE
8
BLACK
6
CONTINUOUS
10
6.1396672440944879
20
-3.139455866141732
11
6.1386028346456696
21
-3.1398967716535431
0
LINE
8
BLACK
6
CONTINUOUS
10
6.1386028346456696
20
-3.1398967716535431
11
6.1380267716535428
21
-3.1399535039370079
0
LINE
8
BLACK
6
CONTINUOUS
10
6.1380267716535428
20
-3.1399535039370079
11
6.1201620078740158
21
-3.1399535039370079
0
LINE
8
BLACK
6
CONTINUOUS
10
6.1201620078740158
20
-3.1399535039370079
11
6.1290003543307083
21
-3.1500544488188975
0
LINE
8
BLACK
6
CONTINUOUS
10
6.1290003543307083
20
-3.1500544488188975
11
6.1291783464566931
21
-3.1503034251968502
0
LINE
8
BLACK
6
CONTINUOUS
10
6.1291783464566931
20
-3.1503034251968502
11
6.1292333070866141
21
-3.1503583858267716
0
LINE
8
BLACK
6
CONTINUOUS
10
6.1292333070866141
20
-3.1503583858267716
11
6.1292548818897634
21
-3.150410472440945
0
LINE
8
BLACK
6
CONTINUOUS
10
6.1292548818897634
20
-3.150410472440945
11
6.1293370078740157
21
-3.1505253543307088
0
LINE
8
BLACK
6
CONTINUOUS
10
6.1293370078740157
20
-3.1505253543307088
11
6.129490590551181
21
-3.1509795669291338
0
LINE
8
BLACK
6
CONTINUOUS
10
6.129490590551181
20
-3.1509795669291338
11
6.1296742125984247
21
-3.1514227952755904
0
LINE
8
BLACK
6
CONTINUOUS
10
6.1296742125984247
20
-3.1514227952755904
11
6.1296742125984247
21
-3.1515224015748031
0
LINE
8
BLACK
6
CONTINUOUS
10
6.1296742125984247
20
-3.1515224015748031
11
6.1297061023622046
21
-3.1516167322834643
0
LINE
8
BLACK
6
CONTINUOUS
10
6.1297061023622046
20
-3.1516167322834643
11
6.1296742125984247
21
-3.1520951968503934
0
LINE
8
BLACK
6
CONTINUOUS
10
6.1296742125984247
20
-3.1520951968503934
11
6.1296742125984247
21
-3.1525749212598426
0
LINE
8
BLACK
6
CONTINUOUS
10
6.1296742125984247
20
-3.1525749212598426
11
6.1296361023622046
21
-3.1526668897637795
0
LINE
8
BLACK
6
CONTINUOUS
10
6.1296361023622046
20
-3.1526668897637795
11
6.1296294881889759
21
-3.1527662598425197
0
LINE
8
BLACK
6
CONTINUOUS
10
6.1296294881889759
20
-3.1527662598425197
11
6.1294167716535428
21
-3.1531963779527556
0
LINE
8
BLACK
6
CONTINUOUS
10
6.1294167716535428
20
-3.1531963779527556
11
6.1292333070866141
21
-3.1536393307086614
0
LINE
8
BLACK
6
CONTINUOUS
10
6.1292333070866141
20
-3.1536393307086614
11
6.1291629527559053
21
-3.1537096456692915
0
LINE
8
BLACK
6
CONTINUOUS
10
6.1291629527559053
20
-3.1537096456692915
11
6.129118779527559
21
-3.1537990157480316
0
LINE
8
BLACK
6
CONTINUOUS
10
6.129118779527559
20
-3.1537990157480316
11
6.1287576377952755
21
-3.1541149606299212
0
LINE
8
BLACK
6
CONTINUOUS
10
6.1287576377952755
20
-3.1541149606299212
11
6.1284186614173226
21
-3.1544539763779529
0
LINE
8
BLACK
6
CONTINUOUS
10
6.1284186614173226
20
-3.1544539763779529
11
6.128326653543307
21
-3.154492086614173
0
LINE
8
BLACK
6
CONTINUOUS
10
6.128326653543307
20
-3.154492086614173
11
6.1282516929133859
21
-3.1545576771653541
0
LINE
8
BLACK
6
CONTINUOUS
10
6.1282516929133859
20
-3.1545576771653541
11
6.1277974409448817
21
-3.1547112598425198
0
LINE
8
BLACK
6
CONTINUOUS
10
6.1277974409448817
20
-3.1547112598425198
11
6.1273542519685034
21
-3.1548948818897635
0
LINE
8
BLACK
6
CONTINUOUS
10
6.1273542519685034
20
-3.1548948818897635
11
6.1272136614173229
21
-3.1549087007874017
0
LINE
8
BLACK
6
CONTINUOUS
10
6.1272136614173229
20
-3.1549087007874017
11
6.12716031496063
21
-3.1549267716535434
0
LINE
8
BLACK
6
CONTINUOUS
10
6.12716031496063
20
-3.1549267716535434
11
6.1270828346456687
21
-3.1549215748031494
0
LINE
8
BLACK
6
CONTINUOUS
10
6.1270828346456687
20
-3.1549215748031494
11
6.1267781889763775
21
-3.1549516141732283
0
LINE
8
BLACK
6
CONTINUOUS
10
6.1267781889763775
20
-3.1549516141732283
11
6.1218509448818894
21
-3.1549516141732283
0
LINE
8
BLACK
6
CONTINUOUS
10
6.1218509448818894
20
-3.1549516141732283
11
6.1191534645669288
21
-3.1563003543307087
0
LINE
8
BLACK
6
CONTINUOUS
10
6.1191534645669288
20
-3.1563003543307087
11
6.117956338582677
21
-3.1574974803149605
0
LINE
8
BLACK
6
CONTINUOUS
10
6.117956338582677
20
-3.1574974803149605
11
6.1166075984251966
21
-3.1601949606299211
0
LINE
8
BLACK
6
CONTINUOUS
10
6.1166075984251966
20
-3.1601949606299211
11
6.1166075984251966
21
-3.1681746850393702
0
LINE
8
BLACK
6
CONTINUOUS
10
6.1166075984251966
20
-3.1681746850393702
11
6.117956338582677
21
-3.1708721653543308
0
LINE
8
BLACK
6
CONTINUOUS
10
6.117956338582677
20
-3.1708721653543308
11
6.1191534645669288
21
-3.1720693307086614
0
LINE
8
BLACK
6
CONTINUOUS
10
6.1191534645669288
20
-3.1720693307086614
11
6.1218509448818894
21
-3.1734180708661417
0
LINE
8
BLACK
6
CONTINUOUS
10
6.1218509448818894
20
-3.1734180708661417
11
6.1317054330708656
21
-3.1734180708661417
0
LINE
8
BLACK
6
CONTINUOUS
10
6.1317054330708656
20
-3.1734180708661417
11
6.1344028740157475
21
-3.1720693307086614
0
LINE
8
BLACK
6
CONTINUOUS
10
6.1344028740157475
20
-3.1720693307086614
11
6.135938818897638
21
-3.1705333858267717
0
LINE
8
BLACK
6
CONTINUOUS
10
6.135938818897638
20
-3.1705333858267717
11
6.1363862992125986
21
-3.1701661417322833
0
LINE
8
BLACK
6
CONTINUOUS
10
6.1363862992125986
20
-3.1701661417322833
11
6.137450708661417
21
-3.1697252362204722
0
LINE
8
BLACK
6
CONTINUOUS
10
6.137450708661417
20
-3.1697252362204722
11
6.1386027952755908
21
-3.1697252362204722
0
LINE
8
BLACK
6
CONTINUOUS
10
6.1386027952755908
20
-3.1697252362204722
11
6.1396672047244092
21
-3.1701661023622045
0
LINE
8
BLACK
6
CONTINUOUS
10
6.1396672047244092
20
-3.1701661023622045
11
6.1404818897637794
21
-3.1709807874015747
0
LINE
8
BLACK
6
CONTINUOUS
10
6.1404818897637794
20
-3.1709807874015747
11
6.14092279527559
21
-3.1720451968503935
0
LINE
8
BLACK
6
CONTINUOUS
10
6.14092279527559
20
-3.1720451968503935
11
6.14092279527559
21
-3.173197283464567
0
LINE
8
BLACK
6
CONTINUOUS
10
6.14092279527559
20
-3.173197283464567
11
6.1404819291338582
21
-3.1742616929133858
0
LINE
8
BLACK
6
CONTINUOUS
10
6.1404819291338582
20
-3.1742616929133858
11
6.1401146850393697
21
-3.1747091732283463
0
LINE
8
BLACK
6
CONTINUOUS
10
6.1401146850393697
20
-3.1747091732283463
11
6.1382399606299209
21
-3.1765839370078739
0
LINE
8
BLACK
6
CONTINUOUS
10
6.1382399606299209
20
-3.1765839370078739
11
6.1380135826771651
21
-3.1767696850393699
0
LINE
8
BLACK
6
CONTINUOUS
10
6.1380135826771651
20
-3.1767696850393699
11
6.1379624015748027
21
-3.1768287401574802
0
LINE
8
BLACK
6
CONTINUOUS
10
6.1379624015748027
20
-3.1768287401574802
11
6.1378734251968501
21
-3.1768847244094487
0
LINE
8
BLACK
6
CONTINUOUS
10
6.1378734251968501
20
-3.1768847244094487
11
6.1377924803149604
21
-3.1769511811023623
0
LINE
8
BLACK
6
CONTINUOUS
10
6.1377924803149604
20
-3.1769511811023623
11
6.1377205118110236
21
-3.1769809842519683
0
LINE
8
BLACK
6
CONTINUOUS
10
6.1377205118110236
20
-3.1769809842519683
11
6.1374725196850388
21
-3.1771370866141733
0
LINE
8
BLACK
6
CONTINUOUS
10
6.1374725196850388
20
-3.1771370866141733
11
6.1337229921259837
21
-3.1790118503937008
0
LINE
8
BLACK
6
CONTINUOUS
10
6.1337229921259837
20
-3.1790118503937008
11
6.1331823622047246
21
-3.1792187401574803
0
LINE
8
BLACK
6
CONTINUOUS
10
6.1331823622047246
20
-3.1792187401574803
11
6.1330765354330703
21
-3.1792262204724411
0
LINE
8
BLACK
6
CONTINUOUS
10
6.1330765354330703
20
-3.1792262204724411
11
6.1329785433070869
21
-3.1792668503937005
0
LINE
8
BLACK
6
CONTINUOUS
10
6.1329785433070869
20
-3.1792668503937005
11
6.1324024803149602
21
-3.1793235826771653
0
LINE
8
BLACK
6
CONTINUOUS
10
6.1324024803149602
20
-3.1793235826771653
11
6.1211538976377948
21
-3.1793235826771653
0
LINE
8
BLACK
6
CONTINUOUS
10
6.1211538976377948
20
-3.1793235826771653
11
6.120577834645669
21
-3.1792668503937005
0
LINE
8
BLACK
6
CONTINUOUS
10
6.120577834645669
20
-3.1792668503937005
11
6.1204798425196847
21
-3.1792262598425198
0
LINE
8
BLACK
6
CONTINUOUS
10
6.1204798425196847
20
-3.1792262598425198
11
6.1203739763779526
21
-3.1792187401574803
0
LINE
8
BLACK
6
CONTINUOUS
10
6.1203739763779526
20
-3.1792187401574803
11
6.1198333858267713
21
-3.1790118503937008
0
LINE
8
BLACK
6
CONTINUOUS
10
6.1198333858267713
20
-3.1790118503937008
11
6.1160838582677162
21
-3.1771370866141733
0
LINE
8
BLACK
6
CONTINUOUS
10
6.1160838582677162
20
-3.1771370866141733
11
6.1158358267716535
21
-3.1769809842519683
0
LINE
8
BLACK
6
CONTINUOUS
10
6.1158358267716535
20
-3.1769809842519683
11
6.1157638976377955
21
-3.1769511811023623
0
LINE
8
BLACK
6
CONTINUOUS
10
6.1157638976377955
20
-3.1769511811023623
11
6.115682913385827
21
-3.1768847244094487
0
LINE
8
BLACK
6
CONTINUOUS
10
6.115682913385827
20
-3.1768847244094487
11
6.1155939763779523
21
-3.1768287401574802
0
LINE
8
BLACK
6
CONTINUOUS
10
6.1155939763779523
20
-3.1768287401574802
11
6.115542755905512
21
-3.1767696850393699
0
LINE
8
BLACK
6
CONTINUOUS
10
6.115542755905512
20
-3.1767696850393699
11
6.1153164173228349
21
-3.1765839370078739
0
LINE
8
BLACK
6
CONTINUOUS
10
6.1153164173228349
20
-3.1765839370078739
11
6.1134416535433074
21
-3.1747091338582676
0
LINE
8
BLACK
6
CONTINUOUS
10
6.1134416535433074
20
-3.1747091338582676
11
6.113255905511811
21
-3.1744827952755905
0
LINE
8
BLACK
6
CONTINUOUS
10
6.113255905511811
20
-3.1744827952755905
11
6.1131969291338581
21
-3.1744316535433068
0
LINE
8
BLACK
6
CONTINUOUS
10
6.1131969291338581
20
-3.1744316535433068
11
6.1131409448818896
21
-3.174342716535433
0
LINE
8
BLACK
6
CONTINUOUS
10
6.1131409448818896
20
-3.174342716535433
11
6.1130744488188977
21
-3.1742616929133858
0
LINE
8
BLACK
6
CONTINUOUS
10
6.1130744488188977
20
-3.1742616929133858
11
6.1130446062992121
21
-3.1741896456692911
0
LINE
8
BLACK
6
CONTINUOUS
10
6.1130446062992121
20
-3.1741896456692911
11
6.1128885826771651
21
-3.1739417716535434
0
LINE
8
BLACK
6
CONTINUOUS
10
6.1128885826771651
20
-3.1739417716535434
11
6.1110138188976375
21
-3.1701922440944883
0
LINE
8
BLACK
6
CONTINUOUS
10
6.1110138188976375
20
-3.1701922440944883
11
6.110806929133858
21
-3.1696516141732283
0
LINE
8
BLACK
6
CONTINUOUS
10
6.110806929133858
20
-3.1696516141732283
11
6.1107994094488189
21
-3.1695457874015749
0
LINE
8
BLACK
6
CONTINUOUS
10
6.1107994094488189
20
-3.1695457874015749
11
6.1107588188976374
21
-3.1694477952755906
0
LINE
8
BLACK
6
CONTINUOUS
10
6.1107588188976374
20
-3.1694477952755906
11
6.1107020866141735
21
-3.1688717322834643
0
LINE
8
BLACK
6
CONTINUOUS
10
6.1107020866141735
20
-3.1688717322834643
11
6.1107020866141735
21
-3.1594979133858265
0
LINE
8
BLACK
6
CONTINUOUS
10
6.1107020866141735
20
-3.1594979133858265
11
6.1107588188976374
21
-3.1589218503937007
0
LINE
8
BLACK
6
CONTINUOUS
10
6.1107588188976374
20
-3.1589218503937007
11
6.1107994094488189
21
-3.1588238188976376
0
LINE
8
BLACK
6
CONTINUOUS
10
6.1107994094488189
20
-3.1588238188976376
11
6.110806929133858
21
-3.158718031496063
0
LINE
8
BLACK
6
CONTINUOUS
10
6.110806929133858
20
-3.158718031496063
11
6.1110138188976375
21
-3.158177401574803
0
LINE
8
BLACK
6
CONTINUOUS
10
6.1110138188976375
20
-3.158177401574803
11
6.1128885826771651
21
-3.1544278740157479
0
LINE
8
BLACK
6
CONTINUOUS
10
6.1128885826771651
20
-3.1544278740157479
11
6.1130446456692908
21
-3.1541798425196848
0
LINE
8
BLACK
6
CONTINUOUS
10
6.1130446456692908
20
-3.1541798425196848
11
6.1130744881889765
21
-3.1541079133858267
0
LINE
8
BLACK
6
CONTINUOUS
10
6.1130744881889765
20
-3.1541079133858267
11
6.1131409448818896
21
-3.1540269291338583
0
LINE
8
BLACK
6
CONTINUOUS
10
6.1131409448818896
20
-3.1540269291338583
11
6.1131969291338581
21
-3.153937992125984
0
LINE
8
BLACK
6
CONTINUOUS
10
6.1131969291338581
20
-3.153937992125984
11
6.113255905511811
21
-3.153886811023622
0
LINE
8
BLACK
6
CONTINUOUS
10
6.113255905511811
20
-3.153886811023622
11
6.1134416929133861
21
-3.1536604724409449
0
LINE
8
BLACK
6
CONTINUOUS
10
6.1134416929133861
20
-3.1536604724409449
11
6.1153164566929137
21
-3.1517857086614174
0
LINE
8
BLACK
6
CONTINUOUS
10
6.1153164566929137
20
-3.1517857086614174
11
6.1155427952755907
21
-3.1515999212598422
0
LINE
8
BLACK
6
CONTINUOUS
10
6.1155427952755907
20
-3.1515999212598422
11
6.1155939763779523
21
-3.1515409448818898
0
LINE
8
BLACK
6
CONTINUOUS
10
6.1155939763779523
20
-3.1515409448818898
11
6.115682913385827
21
-3.1514849606299213
0
LINE
8
BLACK
6
CONTINUOUS
10
6.115682913385827
20
-3.1514849606299213
11
6.1157638976377955
21
-3.1514185039370077
0
LINE
8
BLACK
6
CONTINUOUS
10
6.1157638976377955
20
-3.1514185039370077
11
6.1158358267716535
21
-3.1513886614173225
0
LINE
8
BLACK
6
CONTINUOUS
10
6.1158358267716535
20
-3.1513886614173225
11
6.1160838582677162
21
-3.1512325984251968
0
LINE
8
BLACK
6
CONTINUOUS
10
6.1160838582677162
20
-3.1512325984251968
11
6.1198333858267713
21
-3.1493578346456692
0
LINE
8
BLACK
6
CONTINUOUS
10
6.1198333858267713
20
-3.1493578346456692
11
6.1203655511811021
21
-3.1491541338582678
0
LINE
8
BLACK
6
CONTINUOUS
10
6.1203655511811021
20
-3.1491541338582678
11
6.1114326771653538
21
-3.1389451574803151
0
LINE
8
BLACK
6
CONTINUOUS
10
6.1114326771653538
20
-3.1389451574803151
11
6.1112546456692911
21
-3.1386961417322832
0
LINE
8
BLACK
6
CONTINUOUS
10
6.1112546456692911
20
-3.1386961417322832
11
6.1111997244094489
21
-3.138641220472441
0
LINE
8
BLACK
6
CONTINUOUS
10
6.1111997244094489
20
-3.138641220472441
11
6.1111781102362199
21
-3.1385890944881889
0
LINE
8
BLACK
6
CONTINUOUS
10
6.1111781102362199
20
-3.1385890944881889
11
6.1110960236220473
21
-3.1384742519685038
0
LINE
8
BLACK
6
CONTINUOUS
10
6.1110960236220473
20
-3.1384742519685038
11
6.1109424015748033
21
-3.13802
0
LINE
8
BLACK
6
CONTINUOUS
10
6.1109424015748033
20
-3.13802
11
6.1107588188976374
21
-3.1375768110236222
0
LINE
8
BLACK
6
CONTINUOUS
10
6.1107588188976374
20
-3.1375768110236222
11
6.1107588188976374
21
-3.1374771653543307
0
LINE
8
BLACK
6
CONTINUOUS
10
6.1107588188976374
20
-3.1374771653543307
11
6.1107269291338584
21
-3.1373828740157479
0
LINE
8
BLACK
6
CONTINUOUS
10
6.1107269291338584
20
-3.1373828740157479
11
6.1107588188976374
21
-3.13690437007874
0
LINE
8
BLACK
6
CONTINUOUS
10
6.1107588188976374
20
-3.13690437007874
11
6.1107588188976374
21
-3.13642468503937
0
LINE
8
BLACK
6
CONTINUOUS
10
6.1107588188976374
20
-3.13642468503937
11
6.1107968897637797
21
-3.1363326771653544
0
LINE
8
BLACK
6
CONTINUOUS
10
6.1107968897637797
20
-3.1363326771653544
11
6.1108035433070862
21
-3.1362333464566929
0
LINE
8
BLACK
6
CONTINUOUS
10
6.1108035433070862
20
-3.1362333464566929
11
6.1110162204724405
21
-3.1358031889763778
0
LINE
8
BLACK
6
CONTINUOUS
10
6.1110162204724405
20
-3.1358031889763778
11
6.1111997244094489
21
-3.1353602755905512
0
LINE
8
BLACK
6
CONTINUOUS
10
6.1111997244094489
20
-3.1353602755905512
11
6.111270039370079
21
-3.1352899212598424
0
LINE
8
BLACK
6
CONTINUOUS
10
6.111270039370079
20
-3.1352899212598424
11
6.111314251968504
21
-3.1352005905511811
0
LINE
8
BLACK
6
CONTINUOUS
10
6.111314251968504
20
-3.1352005905511811
11
6.1116753543307087
21
-3.1348846062992126
0
LINE
8
BLACK
6
CONTINUOUS
10
6.1116753543307087
20
-3.1348846062992126
11
6.1120143700787404
21
-3.1345456299212597
0
LINE
8
BLACK
6
CONTINUOUS
10
6.1120143700787404
20
-3.1345456299212597
11
6.1121063385826773
21
-3.1345074803149604
0
LINE
8
BLACK
6
CONTINUOUS
10
6.1121063385826773
20
-3.1345074803149604
11
6.1121813385826771
21
-3.1344419291338581
0
LINE
8
BLACK
6
CONTINUOUS
10
6.1121813385826771
20
-3.1344419291338581
11
6.1126355511811026
21
-3.1342883070866141
0
LINE
8
BLACK
6
CONTINUOUS
10
6.1126355511811026
20
-3.1342883070866141
11
6.1130787795275587
21
-3.1341047244094487
0
LINE
8
BLACK
6
CONTINUOUS
10
6.1130787795275587
20
-3.1341047244094487
11
6.1132193307086613
21
-3.1340908661417322
0
LINE
8
BLACK
6
CONTINUOUS
10
6.1132193307086613
20
-3.1340908661417322
11
6.113272716535433
21
-3.1340728346456692
0
LINE
8
BLACK
6
CONTINUOUS
10
6.113272716535433
20
-3.1340728346456692
11
6.1133501574803146
21
-3.134077992125984
0
LINE
8
BLACK
6
CONTINUOUS
10
6.1133501574803146
20
-3.134077992125984
11
6.1136548425196846
21
-3.1340479921259843
0
LINE
8
BLACK
6
CONTINUOUS
10
6.1136548425196846
20
-3.1340479921259843
11
6.1380267716535428
21
-3.1340479921259843
0
LINE
8
BLACK
6
CONTINUOUS
10
6.1380267716535428
20
-3.1340479921259843
11
6.1386028346456696
21
-3.1341047244094487
0
LINE
8
BLACK
6
CONTINUOUS
10
6.1546653937007871
20
-3.1345456299212597
11
6.1554800393700786
21
-3.1353602755905512
0
LINE
8
BLACK
6
CONTINUOUS
10
6.1554800393700786
20
-3.1353602755905512
11
6.1559209448818892
21
-3.13642468503937
0
LINE
8
BLACK
6
CONTINUOUS
10
6.1559209448818892
20
-3.13642468503937
11
6.155977677165354
21
-3.1370007480314959
0
LINE
8
BLACK
6
CONTINUOUS
10
6.155977677165354
20
-3.1370007480314959
11
6.155977677165354
21
-3.164643031496063
0
LINE
8
BLACK
6
CONTINUOUS
10
6.155977677165354
20
-3.164643031496063
11
6.1574804724409447
21
-3.1691514566929131
0
LINE
8
BLACK
6
CONTINUOUS
10
6.1574804724409447
20
-3.1691514566929131
11
6.1602442519685034
21
-3.1719152755905511
0
LINE
8
BLACK
6
CONTINUOUS
10
6.1602442519685034
20
-3.1719152755905511
11
6.1647526377952753
21
-3.1734180708661417
0
LINE
8
BLACK
6
CONTINUOUS
10
6.1647526377952753
20
-3.1734180708661417
11
6.1680230314960625
21
-3.1734180708661417
0
LINE
8
BLACK
6
CONTINUOUS
10
6.1680230314960625
20
-3.1734180708661417
11
6.1685990944881892
21
-3.1734748031496061
0
LINE
8
BLACK
6
CONTINUOUS
10
6.1685990944881892
20
-3.1734748031496061
11
6.1696635039370076
21
-3.1739157086614171
0
LINE
8
BLACK
6
CONTINUOUS
10
6.1696635039370076
20
-3.1739157086614171
11
6.170478149606299
21
-3.1747303543307086
0
LINE
8
BLACK
6
CONTINUOUS
10
6.170478149606299
20
-3.1747303543307086
11
6.1709190551181097
21
-3.1757947637795274
0
LINE
8
BLACK
6
CONTINUOUS
10
6.1709190551181097
20
-3.1757947637795274
11
6.1709190551181097
21
-3.1769468897637796
0
LINE
8
BLACK
6
CONTINUOUS
10
6.1709190551181097
20
-3.1769468897637796
11
6.170478149606299
21
-3.1780112992125984
0
LINE
8
BLACK
6
CONTINUOUS
10
6.170478149606299
20
-3.1780112992125984
11
6.1696635039370076
21
-3.1788259448818899
0
LINE
8
BLACK
6
CONTINUOUS
10
6.1696635039370076
20
-3.1788259448818899
11
6.1685990944881892
21
-3.1792668503937005
0
LINE
8
BLACK
6
CONTINUOUS
10
6.1685990944881892
20
-3.1792668503937005
11
6.1680230314960625
21
-3.1793235826771653
0
LINE
8
BLACK
6
CONTINUOUS
10
6.1680230314960625
20
-3.1793235826771653
11
6.1642735039370073
21
-3.1793235826771653
0
LINE
8
BLACK
6
CONTINUOUS
10
6.1642735039370073
20
-3.1793235826771653
11
6.1639818897637797
21
-3.1792948425196847
0
LINE
8
BLACK
6
CONTINUOUS
10
6.1639818897637797
20
-3.1792948425196847
11
6.1639041732283459
21
-3.1793003937007875
0
LINE
8
BLACK
6
CONTINUOUS
10
6.1639041732283459
20
-3.1793003937007875
11
6.1638018897637794
21
-3.1792771259842518
0
LINE
8
BLACK
6
CONTINUOUS
10
6.1638018897637794
20
-3.1792771259842518
11
6.1636974409448815
21
-3.1792668503937005
0
LINE
8
BLACK
6
CONTINUOUS
10
6.1636974409448815
20
-3.1792668503937005
11
6.1636253543307085
21
-3.179236968503937
0
LINE
8
BLACK
6
CONTINUOUS
10
6.1636253543307085
20
-3.179236968503937
11
6.1633397244094486
21
-3.1791720472440943
0
LINE
8
BLACK
6
CONTINUOUS
10
6.1633397244094486
20
-3.1791720472440943
11
6.1577154724409446
21
-3.1772972834645667
0
LINE
8
BLACK
6
CONTINUOUS
10
6.1577154724409446
20
-3.1772972834645667
11
6.1571868897637794
21
-3.1770612992125984
0
LINE
8
BLACK
6
CONTINUOUS
10
6.1571868897637794
20
-3.1770612992125984
11
6.1571067716535435
21
-3.1769918110236222
0
LINE
8
BLACK
6
CONTINUOUS
10
6.1571067716535435
20
-3.1769918110236222
11
6.1570087401574805
21
-3.1769512204724411
0
LINE
8
BLACK
6
CONTINUOUS
10
6.1570087401574805
20
-3.1769512204724411
11
6.1565612992125986
21
-3.1765839763779526
0
LINE
8
BLACK
6
CONTINUOUS
10
6.1565612992125986
20
-3.1765839763779526
11
6.1528117716535435
21
-3.1728344094488188
0
LINE
8
BLACK
6
CONTINUOUS
10
6.1528117716535435
20
-3.1728344094488188
11
6.1524445275590551
21
-3.1723869291338582
0
LINE
8
BLACK
6
CONTINUOUS
10
6.1524445275590551
20
-3.1723869291338582
11
6.1524038976377948
21
-3.1722888582677164
0
LINE
8
BLACK
6
CONTINUOUS
10
6.1524038976377948
20
-3.1722888582677164
11
6.1523344488188974
21
-3.1722087795275589
0
LINE
8
BLACK
6
CONTINUOUS
10
6.1523344488188974
20
-3.1722087795275589
11
6.1520984645669294
21
-3.1716802362204723
0
LINE
8
BLACK
6
CONTINUOUS
10
6.1520984645669294
20
-3.1716802362204723
11
6.150223700787401
21
-3.1660559448818897
0
LINE
8
BLACK
6
CONTINUOUS
10
6.150223700787401
20
-3.1660559448818897
11
6.1501587401574804
21
-3.1657703543307085
0
LINE
8
BLACK
6
CONTINUOUS
10
6.1501587401574804
20
-3.1657703543307085
11
6.1501288976377948
21
-3.1656982677165355
0
LINE
8
BLACK
6
CONTINUOUS
10
6.1501288976377948
20
-3.1656982677165355
11
6.1501185826771652
21
-3.1655937401574801
0
LINE
8
BLACK
6
CONTINUOUS
10
6.1501185826771652
20
-3.1655937401574801
11
6.1500953543307082
21
-3.1654914960629918
0
LINE
8
BLACK
6
CONTINUOUS
10
6.1500953543307082
20
-3.1654914960629918
11
6.1501008661417318
21
-3.1654137401574802
0
LINE
8
BLACK
6
CONTINUOUS
10
6.1501008661417318
20
-3.1654137401574802
11
6.1500721653543309
21
-3.1651222047244092
0
LINE
8
BLACK
6
CONTINUOUS
10
6.1500721653543309
20
-3.1651222047244092
11
6.1500721653543309
21
-3.1370007480314959
0
LINE
8
BLACK
6
CONTINUOUS
10
6.1500721653543309
20
-3.1370007480314959
11
6.1501288976377948
21
-3.13642468503937
0
LINE
8
BLACK
6
CONTINUOUS
10
6.1501288976377948
20
-3.13642468503937
11
6.1505698031496063
21
-3.1353602755905512
0
LINE
8
BLACK
6
CONTINUOUS
10
6.1505698031496063
20
-3.1353602755905512
11
6.1513844488188978
21
-3.1345456299212597
0
LINE
8
BLACK
6
CONTINUOUS
10
6.1513844488188978
20
-3.1345456299212597
11
6.1524488582677161
21
-3.1341047244094487
0
LINE
8
BLACK
6
CONTINUOUS
10
6.1524488582677161
20
-3.1341047244094487
11
6.1536009842519688
21
-3.1341047244094487
0
LINE
8
BLACK
6
CONTINUOUS
10
6.1536009842519688
20
-3.1341047244094487
11
6.1546653937007871
21
-3.1345456299212597
0
LINE
8
BLACK
6
CONTINUOUS
10
5.6754776377952751
20
-3.1645252362204723
11
5.6765420472440944
21
-3.1649661417322834
0
LINE
8
BLACK
6
CONTINUOUS
10
5.6765420472440944
20
-3.1649661417322834
11
5.6773566929133858
21
-3.1657807874015749
0
LINE
8
BLACK
6
CONTINUOUS
10
5.6773566929133858
20
-3.1657807874015749
11
5.6777975984251965
21
-3.1668451968503937
0
LINE
8
BLACK
6
CONTINUOUS
10
5.6777975984251965
20
-3.1668451968503937
11
5.6777975984251965
21
-3.1679973228346454
0
LINE
8
BLACK
6
CONTINUOUS
10
5.6777975984251965
20
-3.1679973228346454
11
5.6773566929133858
21
-3.1690617322834647
0
LINE
8
BLACK
6
CONTINUOUS
10
5.6773566929133858
20
-3.1690617322834647
11
5.6765420472440944
21
-3.1698763779527557
0
LINE
8
BLACK
6
CONTINUOUS
10
5.6765420472440944
20
-3.1698763779527557
11
5.6754776377952751
21
-3.1703172834645668
0
LINE
8
BLACK
6
CONTINUOUS
10
5.6754776377952751
20
-3.1703172834645668
11
5.6749015748031493
21
-3.1703740157480316
0
LINE
8
BLACK
6
CONTINUOUS
10
5.6749015748031493
20
-3.1703740157480316
11
5.6149015748031497
21
-3.1703740157480316
0
LINE
8
BLACK
6
CONTINUOUS
10
5.6149015748031497
20
-3.1703740157480316
11
5.6143255118110238
21
-3.1703172834645668
0
LINE
8
BLACK
6
CONTINUOUS
10
5.6143255118110238
20
-3.1703172834645668
11
5.6132611023622045
21
-3.1698763779527557
0
LINE
8
BLACK
6
CONTINUOUS
10
5.6132611023622045
20
-3.1698763779527557
11
5.6124464566929131
21
-3.1690617322834647
0
LINE
8
BLACK
6
CONTINUOUS
10
5.6124464566929131
20
-3.1690617322834647
11
5.6120055511811024
21
-3.1679973228346454
0
LINE
8
BLACK
6
CONTINUOUS
10
5.6120055511811024
20
-3.1679973228346454
11
5.6120055511811024
21
-3.1668451968503937
0
LINE
8
BLACK
6
CONTINUOUS
10
5.6120055511811024
20
-3.1668451968503937
11
5.6124464566929131
21
-3.1657807874015749
0
LINE
8
BLACK
6
CONTINUOUS
10
5.6124464566929131
20
-3.1657807874015749
11
5.6132611023622045
21
-3.1649661417322834
0
LINE
8
BLACK
6
CONTINUOUS
10
5.6132611023622045
20
-3.1649661417322834
11
5.6143255118110238
21
-3.1645252362204723
0
LINE
8
BLACK
6
CONTINUOUS
10
5.6143255118110238
20
-3.1645252362204723
11
5.6149015748031497
21
-3.164468503937008
0
LINE
8
BLACK
6
CONTINUOUS
10
5.6149015748031497
20
-3.164468503937008
11
5.6749015748031493
21
-3.164468503937008
0
LINE
8
BLACK
6
CONTINUOUS
10
5.6749015748031493
20
-3.164468503937008
11
5.6754776377952751
21
-3.1645252362204723
0
LINE
8
BLACK
6
CONTINUOUS
10
6.430477637795275
20
-3.1595252362204724
11
6.4315420472440943
21
-3.1599661417322835
0
LINE
8
BLACK
6
CONTINUOUS
10
6.4315420472440943
20
-3.1599661417322835
11
6.4323566929133857
21
-3.1607807874015745
0
LINE
8
BLACK
6
CONTINUOUS
10
6.4323566929133857
20
-3.1607807874015745
11
6.4327975984251964
21
-3.1618451968503938
0
LINE
8
BLACK
6
CONTINUOUS
10
6.4327975984251964
20
-3.1618451968503938
11
6.4327975984251964
21
-3.1629973228346455
0
LINE
8
BLACK
6
CONTINUOUS
10
6.4327975984251964
20
-3.1629973228346455
11
6.4323566929133857
21
-3.1640617322834643
0
LINE
8
BLACK
6
CONTINUOUS
10
6.4323566929133857
20
-3.1640617322834643
11
6.4315420472440943
21
-3.1648763779527558
0
LINE
8
BLACK
6
CONTINUOUS
10
6.4315420472440943
20
-3.1648763779527558
11
6.430477637795275
21
-3.1653172834645669
0
LINE
8
BLACK
6
CONTINUOUS
10
6.430477637795275
20
-3.1653172834645669
11
6.4299015748031492
21
-3.1653740157480312
0
LINE
8
BLACK
6
CONTINUOUS
10
6.4299015748031492
20
-3.1653740157480312
11
6.3699015748031496
21
-3.1653740157480312
0
LINE
8
BLACK
6
CONTINUOUS
10
6.3699015748031496
20
-3.1653740157480312
11
6.3693255118110237
21
-3.1653172834645669
0
LINE
8
BLACK
6
CONTINUOUS
10
6.3693255118110237
20
-3.1653172834645669
11
6.3682611023622044
21
-3.1648763779527558
0
LINE
8
BLACK
6
CONTINUOUS
10
6.3682611023622044
20
-3.1648763779527558
11
6.367446456692913
21
-3.1640617322834643
0
LINE
8
BLACK
6
CONTINUOUS
10
6.367446456692913
20
-3.1640617322834643
11
6.3670055511811023
21
-3.1629973228346455
0
LINE
8
BLACK
6
CONTINUOUS
10
6.3670055511811023
20
-3.1629973228346455
11
6.3670055511811023
21
-3.1618451968503938
0
LINE
8
BLACK
6
CONTINUOUS
10
6.3670055511811023
20
-3.1618451968503938
11
6.367446456692913
21
-3.1607807874015745
0
LINE
8
BLACK
6
CONTINUOUS
10
6.367446456692913
20
-3.1607807874015745
11
6.3682611023622044
21
-3.1599661417322835
0
LINE
8
BLACK
6
CONTINUOUS
10
6.3682611023622044
20
-3.1599661417322835
11
6.3693255118110237
21
-3.1595252362204724
0
LINE
8
BLACK
6
CONTINUOUS
10
6.3693255118110237
20
-3.1595252362204724
11
6.3699015748031496
21
-3.1594685039370076
0
LINE
8
BLACK
6
CONTINUOUS
10
6.3699015748031496
20
-3.1594685039370076
11
6.4299015748031492
21
-3.1594685039370076
0
LINE
8
BLACK
6
CONTINUOUS
10
6.4299015748031492
20
-3.1594685039370076
11
6.430477637795275
21
-3.1595252362204724
0
LINE
8
BLACK
6
CONTINUOUS
10
6.3104776377952758
20
-3.1470252362204723
11
6.3115420472440942
21
-3.1474661417322833
0
LINE
8
BLACK
6
CONTINUOUS
10
6.3115420472440942
20
-3.1474661417322833
11
6.3123566929133856
21
-3.1482807874015748
0
LINE
8
BLACK
6
CONTINUOUS
10
6.3123566929133856
20
-3.1482807874015748
11
6.3127975984251963
21
-3.1493451968503936
0
LINE
8
BLACK
6
CONTINUOUS
10
6.3127975984251963
20
-3.1493451968503936
11
6.3127975984251963
21
-3.1504973228346458
0
LINE
8
BLACK
6
CONTINUOUS
10
6.3127975984251963
20
-3.1504973228346458
11
6.3123566929133856
21
-3.1515617322834646
0
LINE
8
BLACK
6
CONTINUOUS
10
6.3123566929133856
20
-3.1515617322834646
11
6.3115420472440942
21
-3.152376377952756
0
LINE
8
BLACK
6
CONTINUOUS
10
6.3115420472440942
20
-3.152376377952756
11
6.3104776377952758
21
-3.1528172834645667
0
LINE
8
BLACK
6
CONTINUOUS
10
6.3104776377952758
20
-3.1528172834645667
11
6.3099015748031491
21
-3.1528740157480315
0
LINE
8
BLACK
6
CONTINUOUS
10
6.3099015748031491
20
-3.1528740157480315
11
6.2499015748031495
21
-3.1528740157480315
0
LINE
8
BLACK
6
CONTINUOUS
10
6.2499015748031495
20
-3.1528740157480315
11
6.2493255118110236
21
-3.1528172834645667
0
LINE
8
BLACK
6
CONTINUOUS
10
6.2493255118110236
20
-3.1528172834645667
11
6.2482611023622043
21
-3.152376377952756
0
LINE
8
BLACK
6
CONTINUOUS
10
6.2482611023622043
20
-3.152376377952756
11
6.2474464566929129
21
-3.1515617322834646
0
LINE
8
BLACK
6
CONTINUOUS
10
6.2474464566929129
20
-3.1515617322834646
11
6.2470055511811022
21
-3.1504973228346458
0
LINE
8
BLACK
6
CONTINUOUS
10
6.2470055511811022
20
-3.1504973228346458
11
6.2470055511811022
21
-3.1493451968503936
0
LINE
8
BLACK
6
CONTINUOUS
10
6.2470055511811022
20
-3.1493451968503936
11
6.2474464566929129
21
-3.1482807874015748
0
LINE
8
BLACK
6
CONTINUOUS
10
6.2474464566929129
20
-3.1482807874015748
11
6.2482611023622043
21
-3.1474661417322833
0
LINE
8
BLACK
6
CONTINUOUS
10
6.2482611023622043
20
-3.1474661417322833
11
6.2493255118110236
21
-3.1470252362204723
0
LINE
8
BLACK
6
CONTINUOUS
10
6.2493255118110236
20
-3.1470252362204723
11
6.2499015748031495
21
-3.1469685039370079
0
LINE
8
BLACK
6
CONTINUOUS
10
6.2499015748031495
20
-3.1469685039370079
11
6.3099015748031491
21
-3.1469685039370079
0
LINE
8
BLACK
6
CONTINUOUS
10
6.3099015748031491
20
-3.1469685039370079
11
6.3104776377952758
21
-3.1470252362204723
0
LINE
8
BLACK
6
CONTINUOUS
10
5.9654776377952752
20
-3.1445252362204723
11
5.9665420472440944
21
-3.1449661417322834
0
LINE
8
BLACK
6
CONTINUOUS
10
5.9665420472440944
20
-3.1449661417322834
11
5.9673566929133859
21
-3.1457807874015749
0
LINE
8
BLACK
6
CONTINUOUS
10
5.9673566929133859
20
-3.1457807874015749
11
5.9677975984251965
21
-3.1468451968503937
0
LINE
8
BLACK
6
CONTINUOUS
10
5.9677975984251965
20
-3.1468451968503937
11
5.9677975984251965
21
-3.1479973228346454
0
LINE
8
BLACK
6
CONTINUOUS
10
5.9677975984251965
20
-3.1479973228346454
11
5.9673566929133859
21
-3.1490617322834646
0
LINE
8
BLACK
6
CONTINUOUS
10
5.9673566929133859
20
-3.1490617322834646
11
5.9665420472440944
21
-3.1498763779527557
0
LINE
8
BLACK
6
CONTINUOUS
10
5.9665420472440944
20
-3.1498763779527557
11
5.9654776377952752
21
-3.1503172834645667
0
LINE
8
BLACK
6
CONTINUOUS
10
5.9654776377952752
20
-3.1503172834645667
11
5.9649015748031493
21
-3.1503740157480316
0
LINE
8
BLACK
6
CONTINUOUS
10
5.9649015748031493
20
-3.1503740157480316
11
5.9049015748031497
21
-3.1503740157480316
0
LINE
8
BLACK
6
CONTINUOUS
10
5.9049015748031497
20
-3.1503740157480316
11
5.9043255118110238
21
-3.1503172834645667
0
LINE
8
BLACK
6
CONTINUOUS
10
5.9043255118110238
20
-3.1503172834645667
11
5.9032611023622046
21
-3.1498763779527557
0
LINE
8
BLACK
6
CONTINUOUS
10
5.9032611023622046
20
-3.1498763779527557
11
5.9024464566929131
21
-3.1490617322834646
0
LINE
8
BLACK
6
CONTINUOUS
10
5.9024464566929131
20
-3.1490617322834646
11
5.9020055511811025
21
-3.1479973228346454
0
LINE
8
BLACK
6
CONTINUOUS
10
5.9020055511811025
20
-3.1479973228346454
11
5.9020055511811025
21
-3.1468451968503937
0
LINE
8
BLACK
6
CONTINUOUS
10
5.9020055511811025
20
-3.1468451968503937
11
5.9024464566929131
21
-3.1457807874015749
0
LINE
8
BLACK
6
CONTINUOUS
10
5.9024464566929131
20
-3.1457807874015749
11
5.9032611023622046
21
-3.1449661417322834
0
LINE
8
BLACK
6
CONTINUOUS
10
5.9032611023622046
20
-3.1449661417322834
11
5.9043255118110238
21
-3.1445252362204723
0
LINE
8
BLACK
6
CONTINUOUS
10
5.9043255118110238
20
-3.1445252362204723
11
5.9049015748031497
21
-3.1444685039370079
0
LINE
8
BLACK
6
CONTINUOUS
10
5.9049015748031497
20
-3.1444685039370079
11
5.9649015748031493
21
-3.1444685039370079
0
LINE
8
BLACK
6
CONTINUOUS
10
5.9649015748031493
20
-3.1444685039370079
11
5.9654776377952752
21
-3.1445252362204723
0
LINE
8
BLACK
6
CONTINUOUS
10
5.305477637795275
20
-3.1420252362204724
11
5.3065420472440943
21
-3.1424661417322834
0
LINE
8
BLACK
6
CONTINUOUS
10
5.3065420472440943
20
-3.1424661417322834
11
5.3073566929133857
21
-3.1432807874015749
0
LINE
8
BLACK
6
CONTINUOUS
10
5.3073566929133857
20
-3.1432807874015749
11
5.3077975984251964
21
-3.1443451968503937
0
LINE
8
BLACK
6
CONTINUOUS
10
5.3077975984251964
20
-3.1443451968503937
11
5.3077975984251964
21
-3.1454973228346454
0
LINE
8
BLACK
6
CONTINUOUS
10
5.3077975984251964
20
-3.1454973228346454
11
5.3073566929133857
21
-3.1465617322834647
0
LINE
8
BLACK
6
CONTINUOUS
10
5.3073566929133857
20
-3.1465617322834647
11
5.3065420472440943
21
-3.1473763779527557
0
LINE
8
BLACK
6
CONTINUOUS
10
5.3065420472440943
20
-3.1473763779527557
11
5.305477637795275
21
-3.1478172834645668
0
LINE
8
BLACK
6
CONTINUOUS
10
5.305477637795275
20
-3.1478172834645668
11
5.3049015748031492
21
-3.1478740157480316
0
LINE
8
BLACK
6
CONTINUOUS
10
5.3049015748031492
20
-3.1478740157480316
11
5.2449015748031496
21
-3.1478740157480316
0
LINE
8
BLACK
6
CONTINUOUS
10
5.2449015748031496
20
-3.1478740157480316
11
5.2443255118110237
21
-3.1478172834645668
0
LINE
8
BLACK
6
CONTINUOUS
10
5.2443255118110237
20
-3.1478172834645668
11
5.2432611023622044
21
-3.1473763779527557
0
LINE
8
BLACK
6
CONTINUOUS
10
5.2432611023622044
20
-3.1473763779527557
11
5.242446456692913
21
-3.1465617322834647
0
LINE
8
BLACK
6
CONTINUOUS
10
5.242446456692913
20
-3.1465617322834647
11
5.2420055511811023
21
-3.1454973228346454
0
LINE
8
BLACK
6
CONTINUOUS
10
5.2420055511811023
20
-3.1454973228346454
11
5.2420055511811023
21
-3.1443451968503937
0
LINE
8
BLACK
6
CONTINUOUS
10
5.2420055511811023
20
-3.1443451968503937
11
5.242446456692913
21
-3.1432807874015749
0
LINE
8
BLACK
6
CONTINUOUS
10
5.242446456692913
20
-3.1432807874015749
11
5.2432611023622044
21
-3.1424661417322834
0
LINE
8
BLACK
6
CONTINUOUS
10
5.2432611023622044
20
-3.1424661417322834
11
5.2443255118110237
21
-3.1420252362204724
0
LINE
8
BLACK
6
CONTINUOUS
10
5.2443255118110237
20
-3.1420252362204724
11
5.2449015748031496
21
-3.141968503937008
0
LINE
8
BLACK
6
CONTINUOUS
10
5.2449015748031496
20
-3.141968503937008
11
5.3049015748031492
21
-3.141968503937008
0
LINE
8
BLACK
6
CONTINUOUS
10
5.3049015748031492
20
-3.141968503937008
11
5.305477637795275
21
-3.1420252362204724
0
LINE
8
BLACK
6
CONTINUOUS
10
6.3720839763779527
20
-3.0865172834645667
11
6.3722637795275592
21
-3.0874212598425195
0
LINE
8
BLACK
6
CONTINUOUS
10
6.3722637795275592
20
-3.0874212598425195
11
6.3722637795275592
21
-3.1174212598425197
0
LINE
8
BLACK
6
CONTINUOUS
10
6.3722637795275592
20
-3.1174212598425197
11
6.3720839763779527
21
-3.1183252362204725
0
LINE
8
BLACK
6
CONTINUOUS
10
6.3720839763779527
20
-3.1183252362204725
11
6.3708055511811024
21
-3.1196036614173228
0
LINE
8
BLACK
6
CONTINUOUS
10
6.3708055511811024
20
-3.1196036614173228
11
6.3689975984251967
21
-3.1196036614173228
0
LINE
8
BLACK
6
CONTINUOUS
10
6.3689975984251967
20
-3.1196036614173228
11
6.3677191732283465
21
-3.1183252362204725
0
LINE
8
BLACK
6
CONTINUOUS
10
6.3677191732283465
20
-3.1183252362204725
11
6.3675393700787399
21
-3.1174212598425197
0
LINE
8
BLACK
6
CONTINUOUS
10
6.3675393700787399
20
-3.1174212598425197
11
6.3675393700787399
21
-3.0874212598425195
0
LINE
8
BLACK
6
CONTINUOUS
10
6.3675393700787399
20
-3.0874212598425195
11
6.3677191732283465
21
-3.0865172834645667
0
LINE
8
BLACK
6
CONTINUOUS
10
6.3677191732283465
20
-3.0865172834645667
11
6.3689975984251967
21
-3.0852388582677164
0
LINE
8
BLACK
6
CONTINUOUS
10
6.3689975984251967
20
-3.0852388582677164
11
6.3708055511811024
21
-3.0852388582677164
0
LINE
8
BLACK
6
CONTINUOUS
10
6.3708055511811024
20
-3.0852388582677164
11
6.3720839763779527
21
-3.0865172834645667
0
LINE
8
BLACK
6
CONTINUOUS
10
6.4320839763779523
20
-3.0865172834645667
11
6.4322637795275588
21
-3.0874212598425195
0
LINE
8
BLACK
6
CONTINUOUS
10
6.4322637795275588
20
-3.0874212598425195
11
6.4322637795275588
21
-3.1174212598425197
0
LINE
8
BLACK
6
CONTINUOUS
10
6.4322637795275588
20
-3.1174212598425197
11
6.4320839763779523
21
-3.1183252362204725
0
LINE
8
BLACK
6
CONTINUOUS
10
6.4320839763779523
20
-3.1183252362204725
11
6.430805551181102
21
-3.1196036614173228
0
LINE
8
BLACK
6
CONTINUOUS
10
6.430805551181102
20
-3.1196036614173228
11
6.4289975984251964
21
-3.1196036614173228
0
LINE
8
BLACK
6
CONTINUOUS
10
6.4289975984251964
20
-3.1196036614173228
11
6.4277191732283461
21
-3.1183252362204725
0
LINE
8
BLACK
6
CONTINUOUS
10
6.4277191732283461
20
-3.1183252362204725
11
6.4275393700787404
21
-3.1174212598425197
0
LINE
8
BLACK
6
CONTINUOUS
10
6.4275393700787404
20
-3.1174212598425197
11
6.4275393700787404
21
-3.0874212598425195
0
LINE
8
BLACK
6
CONTINUOUS
10
6.4275393700787404
20
-3.0874212598425195
11
6.4277191732283461
21
-3.0865172834645667
0
LINE
8
BLACK
6
CONTINUOUS
10
6.4277191732283461
20
-3.0865172834645667
11
6.4289975984251964
21
-3.0852388582677164
0
LINE
8
BLACK
6
CONTINUOUS
10
6.4289975984251964
20
-3.0852388582677164
11
6.430805551181102
21
-3.0852388582677164
0
LINE
8
BLACK
6
CONTINUOUS
10
6.430805551181102
20
-3.0852388582677164
11
6.4320839763779523
21
-3.0865172834645667
0
LINE
8
BLACK
6
CONTINUOUS
10
5.2519264960629917
20
-3.0142535039370077
11
5.2521062992125982
21
-3.0151574803149606
0
LINE
8
BLACK
6
CONTINUOUS
10
5.2521062992125982
20
-3.0151574803149606
11
5.2521062992125982
21
-3.0698818897637796
0
LINE
8
BLACK
6
CONTINUOUS
10
5.2521062992125982
20
-3.0698818897637796
11
5.3206102362204719
21
-3.0698818897637796
0
LINE
8
BLACK
6
CONTINUOUS
10
5.3206102362204719
20
-3.0698818897637796
11
5.3215142125984247
21
-3.0700616929133857
0
LINE
8
BLACK
6
CONTINUOUS
10
5.3215142125984247
20
-3.0700616929133857
11
5.3227926377952759
21
-3.071340118110236
0
LINE
8
BLACK
6
CONTINUOUS
10
5.3227926377952759
20
-3.071340118110236
11
5.3229724409448815
21
-3.0722440944881888
0
LINE
8
BLACK
6
CONTINUOUS
10
5.3229724409448815
20
-3.0722440944881888
11
5.3229724409448815
21
-3.1112204724409449
0
LINE
8
BLACK
6
CONTINUOUS
10
5.3229724409448815
20
-3.1112204724409449
11
5.3227926377952759
21
-3.1121244488188977
0
LINE
8
BLACK
6
CONTINUOUS
10
5.3227926377952759
20
-3.1121244488188977
11
5.3215142125984247
21
-3.113402874015748
0
LINE
8
BLACK
6
CONTINUOUS
10
5.3215142125984247
20
-3.113402874015748
11
5.31970625984252
21
-3.113402874015748
0
LINE
8
BLACK
6
CONTINUOUS
10
5.31970625984252
20
-3.113402874015748
11
5.3184278346456688
21
-3.1121244488188977
0
LINE
8
BLACK
6
CONTINUOUS
10
5.3184278346456688
20
-3.1121244488188977
11
5.3182480314960632
21
-3.1112204724409449
0
LINE
8
BLACK
6
CONTINUOUS
10
5.3182480314960632
20
-3.1112204724409449
11
5.3182480314960632
21
-3.0746062992125984
0
LINE
8
BLACK
6
CONTINUOUS
10
5.3182480314960632
20
-3.0746062992125984
11
5.2497440944881886
21
-3.0746062992125984
0
LINE
8
BLACK
6
CONTINUOUS
10
5.2497440944881886
20
-3.0746062992125984
11
5.2488401181102358
21
-3.0744264960629919
0
LINE
8
BLACK
6
CONTINUOUS
10
5.2488401181102358
20
-3.0744264960629919
11
5.2475616929133855
21
-3.0731480708661416
0
LINE
8
BLACK
6
CONTINUOUS
10
5.2475616929133855
20
-3.0731480708661416
11
5.2473818897637798
21
-3.0722440944881888
0
LINE
8
BLACK
6
CONTINUOUS
10
5.2473818897637798
20
-3.0722440944881888
11
5.2473818897637798
21
-3.0151574803149606
0
LINE
8
BLACK
6
CONTINUOUS
10
5.2473818897637798
20
-3.0151574803149606
11
5.2475616929133855
21
-3.0142535039370077
0
LINE
8
BLACK
6
CONTINUOUS
10
5.2475616929133855
20
-3.0142535039370077
11
5.2488401181102358
21
-3.0129750787401575
0
LINE
8
BLACK
6
CONTINUOUS
10
5.2488401181102358
20
-3.0129750787401575
11
5.2506480708661414
21
-3.0129750787401575
0
LINE
8
BLACK
6
CONTINUOUS
10
5.2506480708661414
20
-3.0129750787401575
11
5.2519264960629917
21
-3.0142535039370077
0
LINE
8
BLACK
6
CONTINUOUS
10
5.9261390944881889
20
-3.0142535039370077
11
5.9263188976377954
21
-3.0151574803149606
0
LINE
8
BLACK
6
CONTINUOUS
10
5.9263188976377954
20
-3.0151574803149606
11
5.9263188976377954
21
-3.0698818897637796
0
LINE
8
BLACK
6
CONTINUOUS
10
5.9263188976377954
20
-3.0698818897637796
11
5.9948228346456691
21
-3.0698818897637796
0
LINE
8
BLACK
6
CONTINUOUS
10
5.9948228346456691
20
-3.0698818897637796
11
5.9957268110236219
21
-3.0700616929133857
0
LINE
8
BLACK
6
CONTINUOUS
10
5.9957268110236219
20
-3.0700616929133857
11
5.9970052362204722
21
-3.071340118110236
0
LINE
8
BLACK
6
CONTINUOUS
10
5.9970052362204722
20
-3.071340118110236
11
5.9971850393700787
21
-3.0722440944881888
0
LINE
8
BLACK
6
CONTINUOUS
10
5.9971850393700787
20
-3.0722440944881888
11
5.9971850393700787
21
-3.1112204724409449
0
LINE
8
BLACK
6
CONTINUOUS
10
5.9971850393700787
20
-3.1112204724409449
11
5.9970052362204722
21
-3.1121244488188977
0
LINE
8
BLACK
6
CONTINUOUS
10
5.9970052362204722
20
-3.1121244488188977
11
5.9957268110236219
21
-3.113402874015748
0
LINE
8
BLACK
6
CONTINUOUS
10
5.9957268110236219
20
-3.113402874015748
11
5.9939188582677163
21
-3.113402874015748
0
LINE
8
BLACK
6
CONTINUOUS
10
5.9939188582677163
20
-3.113402874015748
11
5.992640433070866
21
-3.1121244488188977
0
LINE
8
BLACK
6
CONTINUOUS
10
5.992640433070866
20
-3.1121244488188977
11
5.9924606299212595
21
-3.1112204724409449
0
LINE
8
BLACK
6
CONTINUOUS
10
5.9924606299212595
20
-3.1112204724409449
11
5.9924606299212595
21
-3.0746062992125984
0
LINE
8
BLACK
6
CONTINUOUS
10
5.9924606299212595
20
-3.0746062992125984
11
5.9239566929133858
21
-3.0746062992125984
0
LINE
8
BLACK
6
CONTINUOUS
10
5.9239566929133858
20
-3.0746062992125984
11
5.923052716535433
21
-3.0744264960629919
0
LINE
8
BLACK
6
CONTINUOUS
10
5.923052716535433
20
-3.0744264960629919
11
5.9217742913385827
21
-3.0731480708661416
0
LINE
8
BLACK
6
CONTINUOUS
10
5.9217742913385827
20
-3.0731480708661416
11
5.9215944881889762
21
-3.0722440944881888
0
LINE
8
BLACK
6
CONTINUOUS
10
5.9215944881889762
20
-3.0722440944881888
11
5.9215944881889762
21
-3.0151574803149606
0
LINE
8
BLACK
6
CONTINUOUS
10
5.9215944881889762
20
-3.0151574803149606
11
5.9217742913385827
21
-3.0142535039370077
0
LINE
8
BLACK
6
CONTINUOUS
10
5.9217742913385827
20
-3.0142535039370077
11
5.923052716535433
21
-3.0129750787401575
0
LINE
8
BLACK
6
CONTINUOUS
10
5.923052716535433
20
-3.0129750787401575
11
5.9248606692913386
21
-3.0129750787401575
0
LINE
8
BLACK
6
CONTINUOUS
10
5.9248606692913386
20
-3.0129750787401575
11
5.9261390944881889
21
-3.0142535039370077
0
LINE
8
BLACK
6
CONTINUOUS
10
5.7822414566929137
20
-3.0142535039370077
11
5.7824212598425193
21
-3.0151574803149606
0
LINE
8
BLACK
6
CONTINUOUS
10
5.7824212598425193
20
-3.0151574803149606
11
5.7824212598425193
21
-3.0722440944881888
0
LINE
8
BLACK
6
CONTINUOUS
10
5.7824212598425193
20
-3.0722440944881888
11
5.7822414566929137
21
-3.0731480708661416
0
LINE
8
BLACK
6
CONTINUOUS
10
5.7822414566929137
20
-3.0731480708661416
11
5.7809630314960625
21
-3.0744264960629919
0
LINE
8
BLACK
6
CONTINUOUS
10
5.7809630314960625
20
-3.0744264960629919
11
5.7800590551181097
21
-3.0746062992125984
0
LINE
8
BLACK
6
CONTINUOUS
10
5.7800590551181097
20
-3.0746062992125984
11
5.7091929133858264
21
-3.0746062992125984
0
LINE
8
BLACK
6
CONTINUOUS
10
5.7091929133858264
20
-3.0746062992125984
11
5.7082889370078735
21
-3.0744264960629919
0
LINE
8
BLACK
6
CONTINUOUS
10
5.7082889370078735
20
-3.0744264960629919
11
5.7070105118110233
21
-3.0731480708661416
0
LINE
8
BLACK
6
CONTINUOUS
10
5.7070105118110233
20
-3.0731480708661416
11
5.7070105118110233
21
-3.071340118110236
0
LINE
8
BLACK
6
CONTINUOUS
10
5.7070105118110233
20
-3.071340118110236
11
5.7082889370078735
21
-3.0700616929133857
0
LINE
8
BLACK
6
CONTINUOUS
10
5.7082889370078735
20
-3.0700616929133857
11
5.7091929133858264
21
-3.0698818897637796
0
LINE
8
BLACK
6
CONTINUOUS
10
5.7091929133858264
20
-3.0698818897637796
11
5.777696850393701
21
-3.0698818897637796
0
LINE
8
BLACK
6
CONTINUOUS
10
5.777696850393701
20
-3.0698818897637796
11
5.777696850393701
21
-3.0151574803149606
0
LINE
8
BLACK
6
CONTINUOUS
10
5.777696850393701
20
-3.0151574803149606
11
5.7778766535433066
21
-3.0142535039370077
0
LINE
8
BLACK
6
CONTINUOUS
10
5.7778766535433066
20
-3.0142535039370077
11
5.7791550787401578
21
-3.0129750787401575
0
LINE
8
BLACK
6
CONTINUOUS
10
5.7791550787401578
20
-3.0129750787401575
11
5.7809630314960625
21
-3.0129750787401575
0
LINE
8
BLACK
6
CONTINUOUS
10
5.7809630314960625
20
-3.0129750787401575
11
5.7822414566929137
21
-3.0142535039370077
0
LINE
8
BLACK
6
CONTINUOUS
10
6.3580288582677165
20
-3.0142535039370077
11
6.358208661417323
21
-3.0151574803149606
0
LINE
8
BLACK
6
CONTINUOUS
10
6.358208661417323
20
-3.0151574803149606
11
6.358208661417323
21
-3.0722440944881888
0
LINE
8
BLACK
6
CONTINUOUS
10
6.358208661417323
20
-3.0722440944881888
11
6.3580288582677165
21
-3.0731480708661416
0
LINE
8
BLACK
6
CONTINUOUS
10
6.3580288582677165
20
-3.0731480708661416
11
6.3567504330708662
21
-3.0744264960629919
0
LINE
8
BLACK
6
CONTINUOUS
10
6.3567504330708662
20
-3.0744264960629919
11
6.3558464566929134
21
-3.0746062992125984
0
LINE
8
BLACK
6
CONTINUOUS
10
6.3558464566929134
20
-3.0746062992125984
11
6.28498031496063
21
-3.0746062992125984
0
LINE
8
BLACK
6
CONTINUOUS
10
6.28498031496063
20
-3.0746062992125984
11
6.2840763385826772
21
-3.0744264960629919
0
LINE
8
BLACK
6
CONTINUOUS
10
6.2840763385826772
20
-3.0744264960629919
11
6.2827979133858269
21
-3.0731480708661416
0
LINE
8
BLACK
6
CONTINUOUS
10
6.2827979133858269
20
-3.0731480708661416
11
6.2827979133858269
21
-3.071340118110236
0
LINE
8
BLACK
6
CONTINUOUS
10
6.2827979133858269
20
-3.071340118110236
11
6.2840763385826772
21
-3.0700616929133857
0
LINE
8
BLACK
6
CONTINUOUS
10
6.2840763385826772
20
-3.0700616929133857
11
6.28498031496063
21
-3.0698818897637796
0
LINE
8
BLACK
6
CONTINUOUS
10
6.28498031496063
20
-3.0698818897637796
11
6.3534842519685037
21
-3.0698818897637796
0
LINE
8
BLACK
6
CONTINUOUS
10
6.3534842519685037
20
-3.0698818897637796
11
6.3534842519685037
21
-3.0151574803149606
0
LINE
8
BLACK
6
CONTINUOUS
10
6.3534842519685037
20
-3.0151574803149606
11
6.3536640551181103
21
-3.0142535039370077
0
LINE
8
BLACK
6
CONTINUOUS
10
6.3536640551181103
20
-3.0142535039370077
11
6.3549424803149606
21
-3.0129750787401575
0
LINE
8
BLACK
6
CONTINUOUS
10
6.3549424803149606
20
-3.0129750787401575
11
6.3567504330708662
21
-3.0129750787401575
0
LINE
8
BLACK
6
CONTINUOUS
10
6.3567504330708662
20
-3.0129750787401575
11
6.3580288582677165
21
-3.0142535039370077
0
LINE
8
BLACK
6
CONTINUOUS
10
6.430477637795275
20
-3.0395252362204723
11
6.4315420472440943
21
-3.0399661417322834
0
LINE
8
BLACK
6
CONTINUOUS
10
6.4315420472440943
20
-3.0399661417322834
11
6.4323566929133857
21
-3.0407807874015749
0
LINE
8
BLACK
6
CONTINUOUS
10
6.4323566929133857
20
-3.0407807874015749
11
6.4327975984251964
21
-3.0418451968503937
0
LINE
8
BLACK
6
CONTINUOUS
10
6.4327975984251964
20
-3.0418451968503937
11
6.4327975984251964
21
-3.0429973228346454
0
LINE
8
BLACK
6
CONTINUOUS
10
6.4327975984251964
20
-3.0429973228346454
11
6.4323566929133857
21
-3.0440617322834647
0
LINE
8
BLACK
6
CONTINUOUS
10
6.4323566929133857
20
-3.0440617322834647
11
6.4315420472440943
21
-3.0448763779527557
0
LINE
8
BLACK
6
CONTINUOUS
10
6.4315420472440943
20
-3.0448763779527557
11
6.430477637795275
21
-3.0453172834645668
0
LINE
8
BLACK
6
CONTINUOUS
10
6.430477637795275
20
-3.0453172834645668
11
6.4299015748031492
21
-3.0453740157480316
0
LINE
8
BLACK
6
CONTINUOUS
10
6.4299015748031492
20
-3.0453740157480316
11
6.3699015748031496
21
-3.0453740157480316
0
LINE
8
BLACK
6
CONTINUOUS
10
6.3699015748031496
20
-3.0453740157480316
11
6.3693255118110237
21
-3.0453172834645668
0
LINE
8
BLACK
6
CONTINUOUS
10
6.3693255118110237
20
-3.0453172834645668
11
6.3682611023622044
21
-3.0448763779527557
0
LINE
8
BLACK
6
CONTINUOUS
10
6.3682611023622044
20
-3.0448763779527557
11
6.367446456692913
21
-3.0440617322834647
0
LINE
8
BLACK
6
CONTINUOUS
10
6.367446456692913
20
-3.0440617322834647
11
6.3670055511811023
21
-3.0429973228346454
0
LINE
8
BLACK
6
CONTINUOUS
10
6.3670055511811023
20
-3.0429973228346454
11
6.3670055511811023
21
-3.0418451968503937
0
LINE
8
BLACK
6
CONTINUOUS
10
6.3670055511811023
20
-3.0418451968503937
11
6.367446456692913
21
-3.0407807874015749
0
LINE
8
BLACK
6
CONTINUOUS
10
6.367446456692913
20
-3.0407807874015749
11
6.3682611023622044
21
-3.0399661417322834
0
LINE
8
BLACK
6
CONTINUOUS
10
6.3682611023622044
20
-3.0399661417322834
11
6.3693255118110237
21
-3.0395252362204723
0
LINE
8
BLACK
6
CONTINUOUS
10
6.3693255118110237
20
-3.0395252362204723
11
6.3699015748031496
21
-3.039468503937008
0
LINE
8
BLACK
6
CONTINUOUS
10
6.3699015748031496
20
-3.039468503937008
11
6.4299015748031492
21
-3.039468503937008
0
LINE
8
BLACK
6
CONTINUOUS
10
6.4299015748031492
20
-3.039468503937008
11
6.430477637795275
21
-3.0395252362204723
0
LINE
8
BLACK
6
CONTINUOUS
10
5.7309630314960627
20
-2.9019514566929132
11
5.732241456692913
21
-2.9032298818897635
0
LINE
8
BLACK
6
CONTINUOUS
10
5.732241456692913
20
-2.9032298818897635
11
5.732241456692913
21
-2.9050378346456691
0
LINE
8
BLACK
6
CONTINUOUS
10
5.732241456692913
20
-2.9050378346456691
11
5.7309630314960627
21
-2.9063162598425194
0
LINE
8
BLACK
6
CONTINUOUS
10
5.7309630314960627
20
-2.9063162598425194
11
5.7300590551181099
21
-2.9064960629921259
0
LINE
8
BLACK
6
CONTINUOUS
10
5.7300590551181099
20
-2.9064960629921259
11
5.2997440944881893
21
-2.9064960629921259
0
LINE
8
BLACK
6
CONTINUOUS
10
5.2997440944881893
20
-2.9064960629921259
11
5.2988401181102365
21
-2.9063162598425194
0
LINE
8
BLACK
6
CONTINUOUS
10
5.2988401181102365
20
-2.9063162598425194
11
5.2975616929133853
21
-2.9050378346456691
0
LINE
8
BLACK
6
CONTINUOUS
10
5.2975616929133853
20
-2.9050378346456691
11
5.2975616929133853
21
-2.9032298818897635
0
LINE
8
BLACK
6
CONTINUOUS
10
5.2975616929133853
20
-2.9032298818897635
11
5.2988401181102365
21
-2.9019514566929132
0
LINE
8
BLACK
6
CONTINUOUS
10
5.2988401181102365
20
-2.9019514566929132
11
5.2997440944881893
21
-2.9017716535433071
0
LINE
8
BLACK
6
CONTINUOUS
10
5.2997440944881893
20
-2.9017716535433071
11
5.7300590551181099
21
-2.9017716535433071
0
LINE
8
BLACK
6
CONTINUOUS
10
5.7300590551181099
20
-2.9017716535433071
11
5.7309630314960627
21
-2.9019514566929132
0
LINE
8
BLACK
6
CONTINUOUS
10
6.3067504330708664
20
-2.9019514566929132
11
6.3080288582677166
21
-2.9032298818897635
0
LINE
8
BLACK
6
CONTINUOUS
10
6.3080288582677166
20
-2.9032298818897635
11
6.3080288582677166
21
-2.9050378346456691
0
LINE
8
BLACK
6
CONTINUOUS
10
6.3080288582677166
20
-2.9050378346456691
11
6.3067504330708664
21
-2.9063162598425194
0
LINE
8
BLACK
6
CONTINUOUS
10
6.3067504330708664
20
-2.9063162598425194
11
6.3058464566929135
21
-2.9064960629921259
0
LINE
8
BLACK
6
CONTINUOUS
10
6.3058464566929135
20
-2.9064960629921259
11
5.9739566929133856
21
-2.9064960629921259
0
LINE
8
BLACK
6
CONTINUOUS
10
5.9739566929133856
20
-2.9064960629921259
11
5.9730527165354328
21
-2.9063162598425194
0
LINE
8
BLACK
6
CONTINUOUS
10
5.9730527165354328
20
-2.9063162598425194
11
5.9717742913385825
21
-2.9050378346456691
0
LINE
8
BLACK
6
CONTINUOUS
10
5.9717742913385825
20
-2.9050378346456691
11
5.9717742913385825
21
-2.9032298818897635
0
LINE
8
BLACK
6
CONTINUOUS
10
5.9717742913385825
20
-2.9032298818897635
11
5.9730527165354328
21
-2.9019514566929132
0
LINE
8
BLACK
6
CONTINUOUS
10
5.9730527165354328
20
-2.9019514566929132
11
5.9739566929133856
21
-2.9017716535433071
0
LINE
8
BLACK
6
CONTINUOUS
10
5.9739566929133856
20
-2.9017716535433071
11
6.3058464566929135
21
-2.9017716535433071
0
LINE
8
BLACK
6
CONTINUOUS
10
6.3058464566929135
20
-2.9017716535433071
11
6.3067504330708664
21
-2.9019514566929132
0
CIRCLE
8
BLACK
10
6.6030905511811024
20
-4.6531102362204724
40
0.0068897637795276
0
CIRCLE
8
BLACK
10
5.0267125984251964
20
-4.6531102362204724
40
0.0068897637795276
0
CIRCLE
8
BLACK
10
6.6030905511811024
20
-3.0767322834645667
40
0.0068897637795276
0
CIRCLE
8
BLACK
10
5.9812795275590549
20
-3.8629527559055119
40
0.0068897637795276
0
CIRCLE
8
BLACK
10
5.0267125984251964
20
-3.0767322834645667
40
0.0068897637795276
0
CIRCLE
8
BLACK
10
5.0597834645669293
20
-3.5787007874015746
40
0.0068897637795276
0
CIRCLE
8
BLACK
10
5.0597834645669293
20
-3.3511417322834647
40
0.0068897637795276
0
LINE
8
BLACK
6
CONTINUOUS
10
4.9321912598425195
20
-3.6232900393700787
11
4.9351694881889765
21
-3.6240880314960631
0
LINE
8
BLACK
6
CONTINUOUS
10
4.9351694881889765
20
-3.6240880314960631
11
4.9378396850393695
21
-3.6256296850393701
0
LINE
8
BLACK
6
CONTINUOUS
10
4.9378396850393695
20
-3.6256296850393701
11
4.9400199212598421
21
-3.6278099212598423
0
LINE
8
BLACK
6
CONTINUOUS
10
4.9400199212598421
20
-3.6278099212598423
11
4.9415615748031492
21
-3.6304801181102362
0
LINE
8
BLACK
6
CONTINUOUS
10
4.9415615748031492
20
-3.6304801181102362
11
4.9423595669291336
21
-3.6334583464566927
0
LINE
8
BLACK
6
CONTINUOUS
10
4.9423595669291336
20
-3.6334583464566927
11
4.9423595669291336
21
-3.6365416535433068
0
LINE
8
BLACK
6
CONTINUOUS
10
4.9423595669291336
20
-3.6365416535433068
11
4.9415615748031492
21
-3.6395198818897638
0
LINE
8
BLACK
6
CONTINUOUS
10
4.9415615748031492
20
-3.6395198818897638
11
4.9400199212598421
21
-3.6421900787401573
0
LINE
8
BLACK
6
CONTINUOUS
10
4.9400199212598421
20
-3.6421900787401573
11
4.9378396850393695
21
-3.6443703149606299
0
LINE
8
BLACK
6
CONTINUOUS
10
4.9378396850393695
20
-3.6443703149606299
11
4.9351694881889765
21
-3.645911968503937
0
LINE
8
BLACK
6
CONTINUOUS
10
4.9351694881889765
20
-3.645911968503937
11
4.9321912598425195
21
-3.6467099606299214
0
LINE
8
BLACK
6
CONTINUOUS
10
4.9321912598425195
20
-3.6467099606299214
11
4.9306496062992125
21
-3.646811023622047
0
LINE
8
BLACK
6
CONTINUOUS
10
4.9306496062992125
20
-3.646811023622047
11
4.8991535433070865
21
-3.646811023622047
0
LINE
8
BLACK
6
CONTINUOUS
10
4.8991535433070865
20
-3.646811023622047
11
4.8976118897637795
21
-3.6467099606299214
0
LINE
8
BLACK
6
CONTINUOUS
10
4.8976118897637795
20
-3.6467099606299214
11
4.8946336614173225
21
-3.645911968503937
0
LINE
8
BLACK
6
CONTINUOUS
10
4.8946336614173225
20
-3.645911968503937
11
4.8919634645669294
21
-3.6443703149606299
0
LINE
8
BLACK
6
CONTINUOUS
10
4.8919634645669294
20
-3.6443703149606299
11
4.8897832283464568
21
-3.6421900787401573
0
LINE
8
BLACK
6
CONTINUOUS
10
4.8897832283464568
20
-3.6421900787401573
11
4.8882415748031498
21
-3.6395198818897638
0
LINE
8
BLACK
6
CONTINUOUS
10
4.8882415748031498
20
-3.6395198818897638
11
4.8874435826771654
21
-3.6365416535433068
0
LINE
8
BLACK
6
CONTINUOUS
10
4.8874435826771654
20
-3.6365416535433068
11
4.8874435826771654
21
-3.6334583464566927
0
LINE
8
BLACK
6
CONTINUOUS
10
4.8874435826771654
20
-3.6334583464566927
11
4.8882415748031498
21
-3.6304801181102362
0
LINE
8
BLACK
6
CONTINUOUS
10
4.8882415748031498
20
-3.6304801181102362
11
4.8897832283464568
21
-3.6278099212598423
0
LINE
8
BLACK
6
CONTINUOUS
10
4.8897832283464568
20
-3.6278099212598423
11
4.8919634645669294
21
-3.6256296850393701
0
LINE
8
BLACK
6
CONTINUOUS
10
4.8919634645669294
20
-3.6256296850393701
11
4.8946336614173225
21
-3.6240880314960631
0
LINE
8
BLACK
6
CONTINUOUS
10
4.8946336614173225
20
-3.6240880314960631
11
4.8976118897637795
21
-3.6232900393700787
0
LINE
8
BLACK
6
CONTINUOUS
10
4.8976118897637795
20
-3.6232900393700787
11
4.8991535433070865
21
-3.6231889763779526
0
LINE
8
BLACK
6
CONTINUOUS
10
4.8991535433070865
20
-3.6231889763779526
11
4.9306496062992125
21
-3.6231889763779526
0
LINE
8
BLACK
6
CONTINUOUS
10
4.9306496062992125
20
-3.6231889763779526
11
4.9321912598425195
21
-3.6232900393700787
0
LINE
8
BLACK
6
CONTINUOUS
10
4.9321912598425195
20
-3.2831325590551179
11
4.9351694881889765
21
-3.2839305511811023
0
LINE
8
BLACK
6
CONTINUOUS
10
4.9351694881889765
20
-3.2839305511811023
11
4.9378396850393695
21
-3.2854722047244094
0
LINE
8
BLACK
6
CONTINUOUS
10
4.9378396850393695
20
-3.2854722047244094
11
4.9400199212598421
21
-3.287652440944882
0
LINE
8
BLACK
6
CONTINUOUS
10
4.9400199212598421
20
-3.287652440944882
11
4.9415615748031492
21
-3.2903226377952755
0
LINE
8
BLACK
6
CONTINUOUS
10
4.9415615748031492
20
-3.2903226377952755
11
4.9423595669291336
21
-3.293300866141732
0
LINE
8
BLACK
6
CONTINUOUS
10
4.9423595669291336
20
-3.293300866141732
11
4.9423595669291336
21
-3.2963841732283465
0
LINE
8
BLACK
6
CONTINUOUS
10
4.9423595669291336
20
-3.2963841732283465
11
4.9415615748031492
21
-3.2993624015748031
0
LINE
8
BLACK
6
CONTINUOUS
10
4.9415615748031492
20
-3.2993624015748031
11
4.9400199212598421
21
-3.3020325984251966
0
LINE
8
BLACK
6
CONTINUOUS
10
4.9400199212598421
20
-3.3020325984251966
11
4.9378396850393695
21
-3.3042128346456692
0
LINE
8
BLACK
6
CONTINUOUS
10
4.9378396850393695
20
-3.3042128346456692
11
4.9351694881889765
21
-3.3057544881889762
0
LINE
8
BLACK
6
CONTINUOUS
10
4.9351694881889765
20
-3.3057544881889762
11
4.9321912598425195
21
-3.3065524803149606
0
LINE
8
BLACK
6
CONTINUOUS
10
4.9321912598425195
20
-3.3065524803149606
11
4.9306496062992125
21
-3.3066535433070867
0
LINE
8
BLACK
6
CONTINUOUS
10
4.9306496062992125
20
-3.3066535433070867
11
4.8991535433070865
21
-3.3066535433070867
0
LINE
8
BLACK
6
CONTINUOUS
10
4.8991535433070865
20
-3.3066535433070867
11
4.8976118897637795
21
-3.3065524803149606
0
LINE
8
BLACK
6
CONTINUOUS
10
4.8976118897637795
20
-3.3065524803149606
11
4.8946336614173225
21
-3.3057544881889762
0
LINE
8
BLACK
6
CONTINUOUS
10
4.8946336614173225
20
-3.3057544881889762
11
4.8919634645669294
21
-3.3042128346456692
0
LINE
8
BLACK
6
CONTINUOUS
10
4.8919634645669294
20
-3.3042128346456692
11
4.8897832283464568
21
-3.3020325984251966
0
LINE
8
BLACK
6
CONTINUOUS
10
4.8897832283464568
20
-3.3020325984251966
11
4.8882415748031498
21
-3.2993624015748031
0
LINE
8
BLACK
6
CONTINUOUS
10
4.8882415748031498
20
-3.2993624015748031
11
4.8874435826771654
21
-3.2963841732283465
0
LINE
8
BLACK
6
CONTINUOUS
10
4.8874435826771654
20
-3.2963841732283465
11
4.8874435826771654
21
-3.293300866141732
0
LINE
8
BLACK
6
CONTINUOUS
10
4.8874435826771654
20
-3.293300866141732
11
4.8882415748031498
21
-3.2903226377952755
0
LINE
8
BLACK
6
CONTINUOUS
10
4.8882415748031498
20
-3.2903226377952755
11
4.8897832283464568
21
-3.287652440944882
0
LINE
8
BLACK
6
CONTINUOUS
10
4.8897832283464568
20
-3.287652440944882
11
4.8919634645669294
21
-3.2854722047244094
0
LINE
8
BLACK
6
CONTINUOUS
10
4.8919634645669294
20
-3.2854722047244094
11
4.8946336614173225
21
-3.2839305511811023
0
LINE
8
BLACK
6
CONTINUOUS
10
4.8946336614173225
20
-3.2839305511811023
11
4.8976118897637795
21
-3.2831325590551179
0
LINE
8
BLACK
6
CONTINUOUS
10
4.8976118897637795
20
-3.2831325590551179
11
4.8991535433070865
21
-3.2830314960629923
0
LINE
8
BLACK
6
CONTINUOUS
10
4.8991535433070865
20
-3.2830314960629923
11
4.9306496062992125
21
-3.2830314960629923
0
LINE
8
BLACK
6
CONTINUOUS
10
4.9306496062992125
20
-3.2830314960629923
11
4.9321912598425195
21
-3.2831325590551179
0
LINE
8
BLACK
6
CONTINUOUS
10
5.1026637007874012
20
-3.6232900393700787
11
5.1056419291338582
21
-3.6240880314960631
0
LINE
8
BLACK
6
CONTINUOUS
10
5.1056419291338582
20
-3.6240880314960631
11
5.1083121259842521
21
-3.6256296850393701
0
LINE
8
BLACK
6
CONTINUOUS
10
5.1083121259842521
20
-3.6256296850393701
11
5.1104923622047247
21
-3.6278099212598423
0
LINE
8
BLACK
6
CONTINUOUS
10
5.1104923622047247
20
-3.6278099212598423
11
5.1120340157480317
21
-3.6304801181102362
0
LINE
8
BLACK
6
CONTINUOUS
10
5.1120340157480317
20
-3.6304801181102362
11
5.1128320078740153
21
-3.6334583464566927
0
LINE
8
BLACK
6
CONTINUOUS
10
5.1128320078740153
20
-3.6334583464566927
11
5.1128320078740153
21
-3.6365416535433068
0
LINE
8
BLACK
6
CONTINUOUS
10
5.1128320078740153
20
-3.6365416535433068
11
5.1120340157480317
21
-3.6395198818897638
0
LINE
8
BLACK
6
CONTINUOUS
10
5.1120340157480317
20
-3.6395198818897638
11
5.1104923622047247
21
-3.6421900787401573
0
LINE
8
BLACK
6
CONTINUOUS
10
5.1104923622047247
20
-3.6421900787401573
11
5.1083121259842521
21
-3.6443703149606299
0
LINE
8
BLACK
6
CONTINUOUS
10
5.1083121259842521
20
-3.6443703149606299
11
5.1056419291338582
21
-3.645911968503937
0
LINE
8
BLACK
6
CONTINUOUS
10
5.1056419291338582
20
-3.645911968503937
11
5.1026637007874012
21
-3.6467099606299214
0
LINE
8
BLACK
6
CONTINUOUS
10
5.1026637007874012
20
-3.6467099606299214
11
5.1011220472440941
21
-3.646811023622047
0
LINE
8
BLACK
6
CONTINUOUS
10
5.1011220472440941
20
-3.646811023622047
11
5.057814960629921
21
-3.646811023622047
0
LINE
8
BLACK
6
CONTINUOUS
10
5.057814960629921
20
-3.646811023622047
11
5.0562733070866139
21
-3.6467099606299214
0
LINE
8
BLACK
6
CONTINUOUS
10
5.0562733070866139
20
-3.6467099606299214
11
5.0532950787401569
21
-3.645911968503937
0
LINE
8
BLACK
6
CONTINUOUS
10
5.0532950787401569
20
-3.645911968503937
11
5.0506248818897639
21
-3.6443703149606299
0
LINE
8
BLACK
6
CONTINUOUS
10
5.0506248818897639
20
-3.6443703149606299
11
5.0484446456692913
21
-3.6421900787401573
0
LINE
8
BLACK
6
CONTINUOUS
10
5.0484446456692913
20
-3.6421900787401573
11
5.0469029921259843
21
-3.6395198818897638
0
LINE
8
BLACK
6
CONTINUOUS
10
5.0469029921259843
20
-3.6395198818897638
11
5.0461049999999998
21
-3.6365416535433068
0
LINE
8
BLACK
6
CONTINUOUS
10
5.0461049999999998
20
-3.6365416535433068
11
5.0461049999999998
21
-3.6334583464566927
0
LINE
8
BLACK
6
CONTINUOUS
10
5.0461049999999998
20
-3.6334583464566927
11
5.0469029921259843
21
-3.6304801181102362
0
LINE
8
BLACK
6
CONTINUOUS
10
5.0469029921259843
20
-3.6304801181102362
11
5.0484446456692913
21
-3.6278099212598423
0
LINE
8
BLACK
6
CONTINUOUS
10
5.0484446456692913
20
-3.6278099212598423
11
5.0506248818897639
21
-3.6256296850393701
0
LINE
8
BLACK
6
CONTINUOUS
10
5.0506248818897639
20
-3.6256296850393701
11
5.0532950787401569
21
-3.6240880314960631
0
LINE
8
BLACK
6
CONTINUOUS
10
5.0532950787401569
20
-3.6240880314960631
11
5.0562733070866139
21
-3.6232900393700787
0
LINE
8
BLACK
6
CONTINUOUS
10
5.0562733070866139
20
-3.6232900393700787
11
5.057814960629921
21
-3.6231889763779526
0
LINE
8
BLACK
6
CONTINUOUS
10
5.057814960629921
20
-3.6231889763779526
11
5.1011220472440941
21
-3.6231889763779526
0
LINE
8
BLACK
6
CONTINUOUS
10
5.1011220472440941
20
-3.6231889763779526
11
5.1026637007874012
21
-3.6232900393700787
0
LINE
8
BLACK
6
CONTINUOUS
10
5.1026637007874012
20
-3.2831325590551179
11
5.1056419291338582
21
-3.2839305511811023
0
LINE
8
BLACK
6
CONTINUOUS
10
5.1056419291338582
20
-3.2839305511811023
11
5.1083121259842521
21
-3.2854722047244094
0
LINE
8
BLACK
6
CONTINUOUS
10
5.1083121259842521
20
-3.2854722047244094
11
5.1104923622047247
21
-3.287652440944882
0
LINE
8
BLACK
6
CONTINUOUS
10
5.1104923622047247
20
-3.287652440944882
11
5.1120340157480317
21
-3.2903226377952755
0
LINE
8
BLACK
6
CONTINUOUS
10
5.1120340157480317
20
-3.2903226377952755
11
5.1128320078740153
21
-3.293300866141732
0
LINE
8
BLACK
6
CONTINUOUS
10
5.1128320078740153
20
-3.293300866141732
11
5.1128320078740153
21
-3.2963841732283465
0
LINE
8
BLACK
6
CONTINUOUS
10
5.1128320078740153
20
-3.2963841732283465
11
5.1120340157480317
21
-3.2993624015748031
0
LINE
8
BLACK
6
CONTINUOUS
10
5.1120340157480317
20
-3.2993624015748031
11
5.1104923622047247
21
-3.3020325984251966
0
LINE
8
BLACK
6
CONTINUOUS
10
5.1104923622047247
20
-3.3020325984251966
11
5.1083121259842521
21
-3.3042128346456692
0
LINE
8
BLACK
6
CONTINUOUS
10
5.1083121259842521
20
-3.3042128346456692
11
5.1056419291338582
21
-3.3057544881889762
0
LINE
8
BLACK
6
CONTINUOUS
10
5.1056419291338582
20
-3.3057544881889762
11
5.1026637007874012
21
-3.3065524803149606
0
LINE
8
BLACK
6
CONTINUOUS
10
5.1026637007874012
20
-3.3065524803149606
11
5.1011220472440941
21
-3.3066535433070867
0
LINE
8
BLACK
6
CONTINUOUS
10
5.1011220472440941
20
-3.3066535433070867
11
5.057814960629921
21
-3.3066535433070867
0
LINE
8
BLACK
6
CONTINUOUS
10
5.057814960629921
20
-3.3066535433070867
11
5.0562733070866139
21
-3.3065524803149606
0
LINE
8
BLACK
6
CONTINUOUS
10
5.0562733070866139
20
-3.3065524803149606
11
5.0532950787401569
21
-3.3057544881889762
0
LINE
8
BLACK
6
CONTINUOUS
10
5.0532950787401569
20
-3.3057544881889762
11
5.0506248818897639
21
-3.3042128346456692
0
LINE
8
BLACK
6
CONTINUOUS
10
5.0506248818897639
20
-3.3042128346456692
11
5.0484446456692913
21
-3.3020325984251966
0
LINE
8
BLACK
6
CONTINUOUS
10
5.0484446456692913
20
-3.3020325984251966
11
5.0469029921259843
21
-3.2993624015748031
0
LINE
8
BLACK
6
CONTINUOUS
10
5.0469029921259843
20
-3.2993624015748031
11
5.0461049999999998
21
-3.2963841732283465
0
LINE
8
BLACK
6
CONTINUOUS
10
5.0461049999999998
20
-3.2963841732283465
11
5.0461049999999998
21
-3.293300866141732
0
LINE
8
BLACK
6
CONTINUOUS
10
5.0461049999999998
20
-3.293300866141732
11
5.0469029921259843
21
-3.2903226377952755
0
LINE
8
BLACK
6
CONTINUOUS
10
5.0469029921259843
20
-3.2903226377952755
11
5.0484446456692913
21
-3.287652440944882
0
LINE
8
BLACK
6
CONTINUOUS
10
5.0484446456692913
20
-3.287652440944882
11
5.0506248818897639
21
-3.2854722047244094
0
LINE
8
BLACK
6
CONTINUOUS
10
5.0506248818897639
20
-3.2854722047244094
11
5.0532950787401569
21
-3.2839305511811023
0
LINE
8
BLACK
6
CONTINUOUS
10
5.0532950787401569
20
-3.2839305511811023
11
5.0562733070866139
21
-3.2831325590551179
0
LINE
8
BLACK
6
CONTINUOUS
10
5.0562733070866139
20
-3.2831325590551179
11
5.057814960629921
21
-3.2830314960629923
0
LINE
8
BLACK
6
CONTINUOUS
10
5.057814960629921
20
-3.2830314960629923
11
5.1011220472440941
21
-3.2830314960629923
0
LINE
8
BLACK
6
CONTINUOUS
10
5.1011220472440941
20
-3.2830314960629923
11
5.1026637007874012
21
-3.2831325590551179
0
CIRCLE
8
BLACK
10
6.6361614173228345
20
-3.7699212598425196
40
0.0068897637795276
0
CIRCLE
8
BLACK
10
6.6361614173228345
20
-3.6349212598425198
40
0.0068897637795276
0
CIRCLE
8
BLACK
10
6.6361614173228345
20
-3.4999212598425196
40
0.0068897637795276
0
CIRCLE
8
BLACK
10
6.6361614173228345
20
-3.3630708661417321
40
0.0068897637795276
0
CIRCLE
8
BLACK
10
4.9686417322834648
20
-3.7399212598425198
40
0.0068897637795276
0
CIRCLE
8
BLACK
10
6.6030905511811024
20
-4.6531102362204724
40
0.0068897637795276
0
CIRCLE
8
BLACK
10
5.0267125984251964
20
-4.6531102362204724
40
0.0068897637795276
0
CIRCLE
8
BLACK
10
6.6030905511811024
20
-3.0767322834645667
40
0.0068897637795276
0
CIRCLE
8
BLACK
10
5.9812795275590549
20
-3.8629527559055119
40
0.0068897637795276
0
CIRCLE
8
BLACK
10
5.0267125984251964
20
-3.0767322834645667
40
0.0068897637795276
0
CIRCLE
8
BLACK
10
5.0597834645669293
20
-3.5787007874015746
40
0.0068897637795276
0
CIRCLE
8
BLACK
10
5.0597834645669293
20
-3.3511417322834647
40
0.0068897637795276
0
LINE
8
BLACK
6
CONTINUOUS
10
4.8991535433070865
20
-3.646811023622047
11
4.9306496062992125
21
-3.646811023622047
0
ARC
8
BLACK
10
4.9306496062992125
20
-3.6349999999999998
40
0.0118110236220472
50
-90.00000000
51
90.00000000
0
LINE
8
BLACK
6
CONTINUOUS
10
4.9306496062992125
20
-3.6231889763779526
11
4.8991535433070865
21
-3.6231889763779526
0
ARC
8
BLACK
10
4.8991535433070865
20
-3.6349999999999998
40
0.0118110236220472
50
90.00000000
51
270.00000000
0
LINE
8
BLACK
6
CONTINUOUS
10
4.8991535433070865
20
-3.3066535433070867
11
4.9306496062992125
21
-3.3066535433070867
0
ARC
8
BLACK
10
4.9306496062992125
20
-3.2948425196850395
40
0.0118110236220472
50
-90.00000000
51
90.00000000
0
LINE
8
BLACK
6
CONTINUOUS
10
4.9306496062992125
20
-3.2830314960629923
11
4.8991535433070865
21
-3.2830314960629923
0
ARC
8
BLACK
10
4.8991535433070865
20
-3.2948425196850395
40
0.0118110236220472
50
90.00000000
51
270.00000000
0
LINE
8
BLACK
6
CONTINUOUS
10
5.057814960629921
20
-3.646811023622047
11
5.1011220472440941
21
-3.646811023622047
0
ARC
8
BLACK
10
5.1011220472440941
20
-3.6349999999999998
40
0.0118110236220472
50
-90.00000000
51
90.00000000
0
LINE
8
BLACK
6
CONTINUOUS
10
5.1011220472440941
20
-3.6231889763779526
11
5.057814960629921
21
-3.6231889763779526
0
ARC
8
BLACK
10
5.057814960629921
20
-3.6349999999999998
40
0.0118110236220472
50
90.00000000
51
270.00000000
0
LINE
8
BLACK
6
CONTINUOUS
10
5.057814960629921
20
-3.3066535433070867
11
5.1011220472440941
21
-3.3066535433070867
0
ARC
8
BLACK
10
5.1011220472440941
20
-3.2948425196850395
40
0.0118110236220472
50
-90.00000000
51
90.00000000
0
LINE
8
BLACK
6
CONTINUOUS
10
5.1011220472440941
20
-3.2830314960629923
11
5.057814960629921
21
-3.2830314960629923
0
ARC
8
BLACK
10
5.057814960629921
20
-3.2948425196850395
40
0.0118110236220472
50
90.00000000
51
270.00000000
0
CIRCLE
8
BLACK
10
6.6361614173228345
20
-3.7699212598425196
40
0.0068897637795276
0
CIRCLE
8
BLACK
10
6.6361614173228345
20
-3.6349212598425198
40
0.0068897637795276
0
CIRCLE
8
BLACK
10
6.6361614173228345
20
-3.4999212598425196
40
0.0068897637795276
0
CIRCLE
8
BLACK
10
6.6361614173228345
20
-3.3630708661417321
40
0.0068897637795276
0
CIRCLE
8
BLACK
10
4.9686417322834648
20
-3.7399212598425198
40
0.0068897637795276
  0
ENDSEC
  0
EOF
