  0
SECTION
  2
HEADER
  9
$ANGBASE
  50
0.0
  9
$ANGDIR
  70
1
  9
$MEASUREMENT
  70
0
  0
ENDSEC
  0
SECTION
  2
TABLES
  0
TABLE
  2
LTYPE
  70
4
  0
LTYPE
  5
40F
  2
CONTINUOUS
  70
0
  3
Solid line
  72
65
  73
0
  40
0.0
  0
LTYPE
  5
410
  2
DASHDOT
 70
0
  3
Dash Dot ____ _ ____ _
 72
65
 73
4
 40
2.0
 49
1.25
 49
-0.25
 49
0.25
 49
-0.25
  0
LTYPE
  5
411
  2
DASHED
 70
0
  3
Dashed __ __ __ __ __
 72
65
 73
2
 40
0.75
 49
0.5
 49
-0.25
  0
LTYPE
  5
43B
  2
DOTTED
 70
0
  3
Dotted .  .  .  .
 72
65
 73
2
 40
0.2
 49
0.0
 49
-0.2
  0
ENDTAB
  0
TABLE
  2
STYLE
  70
4
  0
STYLE
  2
KICAD
  70
0
  40
0
  41
1
  42
1
  50
0
  71
0
  3
isocp.shx
  0
STYLE
  2
KICADB
  70
0
  40
0
  41
1
  42
1
  50
0
  71
0
  3
isocp.shx
  0
STYLE
  2
KICADI
  70
0
  40
0
  41
1
  42
1
  50
15
  71
0
  3
isocp.shx
  0
STYLE
  2
KICADBI
  70
0
  40
0
  41
1
  42
1
  50
15
  71
0
  3
isocp.shx
  0
ENDTAB
  0
TABLE
  2
LAYER
  70
1
  0
LAYER
  2
BLACK
  70
0
  62
7
  6
CONTINUOUS
  0
ENDTAB
  0
ENDSEC
  0
SECTION
  2
ENTITIES
0
LINE
8
BLACK
6
CONTINUOUS
10
5.97977
20
-4.66994
11
5.98416
21
-4.67218
0
LINE
8
BLACK
6
CONTINUOUS
10
5.98416
20
-4.67218
11
5.98764
21
-4.67566
0
LINE
8
BLACK
6
CONTINUOUS
10
5.98764
20
-4.67566
11
5.98988
21
-4.68005
0
LINE
8
BLACK
6
CONTINUOUS
10
5.98988
20
-4.68005
11
5.99065
21
-4.68492
0
LINE
8
BLACK
6
CONTINUOUS
10
5.99065
20
-4.68492
11
5.98988
21
-4.68979
0
LINE
8
BLACK
6
CONTINUOUS
10
5.98988
20
-4.68979
11
5.98764
21
-4.69418
0
LINE
8
BLACK
6
CONTINUOUS
10
5.98764
20
-4.69418
11
5.98416
21
-4.69766
0
LINE
8
BLACK
6
CONTINUOUS
10
5.98416
20
-4.69766
11
5.97977
21
-4.6999
0
LINE
8
BLACK
6
CONTINUOUS
10
5.97977
20
-4.6999
11
5.9749
21
-4.70067
0
LINE
8
BLACK
6
CONTINUOUS
10
5.9749
20
-4.70067
11
5.97004
21
-4.6999
0
LINE
8
BLACK
6
CONTINUOUS
10
5.97004
20
-4.6999
11
5.96565
21
-4.69766
0
LINE
8
BLACK
6
CONTINUOUS
10
5.96565
20
-4.69766
11
5.96216
21
-4.69418
0
LINE
8
BLACK
6
CONTINUOUS
10
5.96216
20
-4.69418
11
5.95992
21
-4.68979
0
LINE
8
BLACK
6
CONTINUOUS
10
5.95992
20
-4.68979
11
5.95915
21
-4.68492
0
LINE
8
BLACK
6
CONTINUOUS
10
5.95915
20
-4.68492
11
5.95992
21
-4.68005
0
LINE
8
BLACK
6
CONTINUOUS
10
5.95992
20
-4.68005
11
5.96216
21
-4.67566
0
LINE
8
BLACK
6
CONTINUOUS
10
5.96216
20
-4.67566
11
5.96565
21
-4.67218
0
LINE
8
BLACK
6
CONTINUOUS
10
5.96565
20
-4.67218
11
5.97004
21
-4.66994
0
LINE
8
BLACK
6
CONTINUOUS
10
5.97004
20
-4.66994
11
5.9749
21
-4.66917
0
LINE
8
BLACK
6
CONTINUOUS
10
5.9749
20
-4.66917
11
5.97977
21
-4.66994
0
LINE
8
BLACK
6
CONTINUOUS
10
5.4231
20
-4.57661
11
5.42749
21
-4.57884
0
LINE
8
BLACK
6
CONTINUOUS
10
5.42749
20
-4.57884
11
5.43098
21
-4.58233
0
LINE
8
BLACK
6
CONTINUOUS
10
5.43098
20
-4.58233
11
5.43322
21
-4.58672
0
LINE
8
BLACK
6
CONTINUOUS
10
5.43322
20
-4.58672
11
5.43399
21
-4.59158
0
LINE
8
BLACK
6
CONTINUOUS
10
5.43399
20
-4.59158
11
5.43322
21
-4.59645
0
LINE
8
BLACK
6
CONTINUOUS
10
5.43322
20
-4.59645
11
5.43098
21
-4.60084
0
LINE
8
BLACK
6
CONTINUOUS
10
5.43098
20
-4.60084
11
5.42749
21
-4.60432
0
LINE
8
BLACK
6
CONTINUOUS
10
5.42749
20
-4.60432
11
5.4231
21
-4.60656
0
LINE
8
BLACK
6
CONTINUOUS
10
5.4231
20
-4.60656
11
5.41824
21
-4.60733
0
LINE
8
BLACK
6
CONTINUOUS
10
5.41824
20
-4.60733
11
5.41337
21
-4.60656
0
LINE
8
BLACK
6
CONTINUOUS
10
5.41337
20
-4.60656
11
5.40898
21
-4.60432
0
LINE
8
BLACK
6
CONTINUOUS
10
5.40898
20
-4.60432
11
5.4055
21
-4.60084
0
LINE
8
BLACK
6
CONTINUOUS
10
5.4055
20
-4.60084
11
5.40326
21
-4.59645
0
LINE
8
BLACK
6
CONTINUOUS
10
5.40326
20
-4.59645
11
5.40249
21
-4.59158
0
LINE
8
BLACK
6
CONTINUOUS
10
5.40249
20
-4.59158
11
5.40326
21
-4.58672
0
LINE
8
BLACK
6
CONTINUOUS
10
5.40326
20
-4.58672
11
5.4055
21
-4.58233
0
LINE
8
BLACK
6
CONTINUOUS
10
5.4055
20
-4.58233
11
5.40898
21
-4.57884
0
LINE
8
BLACK
6
CONTINUOUS
10
5.40898
20
-4.57884
11
5.41337
21
-4.57661
0
LINE
8
BLACK
6
CONTINUOUS
10
5.41337
20
-4.57661
11
5.41824
21
-4.57584
0
LINE
8
BLACK
6
CONTINUOUS
10
5.41824
20
-4.57584
11
5.4231
21
-4.57661
0
LINE
8
BLACK
6
CONTINUOUS
10
5.37477
20
-4.56994
11
5.37916
21
-4.57218
0
LINE
8
BLACK
6
CONTINUOUS
10
5.37916
20
-4.57218
11
5.38264
21
-4.57566
0
LINE
8
BLACK
6
CONTINUOUS
10
5.38264
20
-4.57566
11
5.38488
21
-4.58005
0
LINE
8
BLACK
6
CONTINUOUS
10
5.38488
20
-4.58005
11
5.38565
21
-4.58492
0
LINE
8
BLACK
6
CONTINUOUS
10
5.38565
20
-4.58492
11
5.38488
21
-4.58979
0
LINE
8
BLACK
6
CONTINUOUS
10
5.38488
20
-4.58979
11
5.38264
21
-4.59418
0
LINE
8
BLACK
6
CONTINUOUS
10
5.38264
20
-4.59418
11
5.37916
21
-4.59766
0
LINE
8
BLACK
6
CONTINUOUS
10
5.37916
20
-4.59766
11
5.37477
21
-4.5999
0
LINE
8
BLACK
6
CONTINUOUS
10
5.37477
20
-4.5999
11
5.3699
21
-4.60067
0
LINE
8
BLACK
6
CONTINUOUS
10
5.3699
20
-4.60067
11
5.36504
21
-4.5999
0
LINE
8
BLACK
6
CONTINUOUS
10
5.36504
20
-4.5999
11
5.36065
21
-4.59766
0
LINE
8
BLACK
6
CONTINUOUS
10
5.36065
20
-4.59766
11
5.35716
21
-4.59418
0
LINE
8
BLACK
6
CONTINUOUS
10
5.35716
20
-4.59418
11
5.35492
21
-4.58979
0
LINE
8
BLACK
6
CONTINUOUS
10
5.35492
20
-4.58979
11
5.35415
21
-4.58492
0
LINE
8
BLACK
6
CONTINUOUS
10
5.35415
20
-4.58492
11
5.35492
21
-4.58005
0
LINE
8
BLACK
6
CONTINUOUS
10
5.35492
20
-4.58005
11
5.35716
21
-4.57566
0
LINE
8
BLACK
6
CONTINUOUS
10
5.35716
20
-4.57566
11
5.36065
21
-4.57218
0
LINE
8
BLACK
6
CONTINUOUS
10
5.36065
20
-4.57218
11
5.36504
21
-4.56994
0
LINE
8
BLACK
6
CONTINUOUS
10
5.36504
20
-4.56994
11
5.3699
21
-4.56917
0
LINE
8
BLACK
6
CONTINUOUS
10
5.3699
20
-4.56917
11
5.37477
21
-4.56994
0
LINE
8
BLACK
6
CONTINUOUS
10
6.21977
20
-4.56994
11
6.22416
21
-4.57218
0
LINE
8
BLACK
6
CONTINUOUS
10
6.22416
20
-4.57218
11
6.22764
21
-4.57566
0
LINE
8
BLACK
6
CONTINUOUS
10
6.22764
20
-4.57566
11
6.22988
21
-4.58005
0
LINE
8
BLACK
6
CONTINUOUS
10
6.22988
20
-4.58005
11
6.23065
21
-4.58492
0
LINE
8
BLACK
6
CONTINUOUS
10
6.23065
20
-4.58492
11
6.22988
21
-4.58979
0
LINE
8
BLACK
6
CONTINUOUS
10
6.22988
20
-4.58979
11
6.22764
21
-4.59418
0
LINE
8
BLACK
6
CONTINUOUS
10
6.22764
20
-4.59418
11
6.22416
21
-4.59766
0
LINE
8
BLACK
6
CONTINUOUS
10
6.22416
20
-4.59766
11
6.21977
21
-4.5999
0
LINE
8
BLACK
6
CONTINUOUS
10
6.21977
20
-4.5999
11
6.2149
21
-4.60067
0
LINE
8
BLACK
6
CONTINUOUS
10
6.2149
20
-4.60067
11
6.21004
21
-4.5999
0
LINE
8
BLACK
6
CONTINUOUS
10
6.21004
20
-4.5999
11
6.20565
21
-4.59766
0
LINE
8
BLACK
6
CONTINUOUS
10
6.20565
20
-4.59766
11
6.20216
21
-4.59418
0
LINE
8
BLACK
6
CONTINUOUS
10
6.20216
20
-4.59418
11
6.19992
21
-4.58979
0
LINE
8
BLACK
6
CONTINUOUS
10
6.19992
20
-4.58979
11
6.19915
21
-4.58492
0
LINE
8
BLACK
6
CONTINUOUS
10
6.19915
20
-4.58492
11
6.19992
21
-4.58005
0
LINE
8
BLACK
6
CONTINUOUS
10
6.19992
20
-4.58005
11
6.20216
21
-4.57566
0
LINE
8
BLACK
6
CONTINUOUS
10
6.20216
20
-4.57566
11
6.20565
21
-4.57218
0
LINE
8
BLACK
6
CONTINUOUS
10
6.20565
20
-4.57218
11
6.21004
21
-4.56994
0
LINE
8
BLACK
6
CONTINUOUS
10
6.21004
20
-4.56994
11
6.2149
21
-4.56917
0
LINE
8
BLACK
6
CONTINUOUS
10
6.2149
20
-4.56917
11
6.21977
21
-4.56994
0
LINE
8
BLACK
6
CONTINUOUS
10
4.88777
20
-4.08994
11
4.89216
21
-4.09218
0
LINE
8
BLACK
6
CONTINUOUS
10
4.89216
20
-4.09218
11
4.89506
21
-4.09508
0
LINE
8
BLACK
6
CONTINUOUS
10
4.89506
20
-4.09508
11
5.18644
21
-4.09508
0
LINE
8
BLACK
6
CONTINUOUS
10
5.18644
20
-4.09508
11
5.1902
21
-4.09583
0
LINE
8
BLACK
6
CONTINUOUS
10
5.1902
20
-4.09583
11
5.1934
21
-4.09796
0
LINE
8
BLACK
6
CONTINUOUS
10
5.1934
20
-4.09796
11
5.66525
21
-4.56982
0
LINE
8
BLACK
6
CONTINUOUS
10
5.66525
20
-4.56982
11
5.66683
21
-4.56957
0
LINE
8
BLACK
6
CONTINUOUS
10
5.66683
20
-4.56957
11
5.6717
21
-4.57034
0
LINE
8
BLACK
6
CONTINUOUS
10
5.6717
20
-4.57034
11
5.67609
21
-4.57258
0
LINE
8
BLACK
6
CONTINUOUS
10
5.67609
20
-4.57258
11
5.67957
21
-4.57606
0
LINE
8
BLACK
6
CONTINUOUS
10
5.67957
20
-4.57606
11
5.68181
21
-4.58045
0
LINE
8
BLACK
6
CONTINUOUS
10
5.68181
20
-4.58045
11
5.68258
21
-4.58532
0
LINE
8
BLACK
6
CONTINUOUS
10
5.68258
20
-4.58532
11
5.68181
21
-4.59018
0
LINE
8
BLACK
6
CONTINUOUS
10
5.68181
20
-4.59018
11
5.67957
21
-4.59457
0
LINE
8
BLACK
6
CONTINUOUS
10
5.67957
20
-4.59457
11
5.67609
21
-4.59806
0
LINE
8
BLACK
6
CONTINUOUS
10
5.67609
20
-4.59806
11
5.6717
21
-4.60029
0
LINE
8
BLACK
6
CONTINUOUS
10
5.6717
20
-4.60029
11
5.66683
21
-4.60106
0
LINE
8
BLACK
6
CONTINUOUS
10
5.66683
20
-4.60106
11
5.66197
21
-4.60029
0
LINE
8
BLACK
6
CONTINUOUS
10
5.66197
20
-4.60029
11
5.65758
21
-4.59806
0
LINE
8
BLACK
6
CONTINUOUS
10
5.65758
20
-4.59806
11
5.65409
21
-4.59457
0
LINE
8
BLACK
6
CONTINUOUS
10
5.65409
20
-4.59457
11
5.65186
21
-4.59018
0
LINE
8
BLACK
6
CONTINUOUS
10
5.65186
20
-4.59018
11
5.65108
21
-4.58532
0
LINE
8
BLACK
6
CONTINUOUS
10
5.65108
20
-4.58532
11
5.65133
21
-4.58374
0
LINE
8
BLACK
6
CONTINUOUS
10
5.65133
20
-4.58374
11
5.18236
21
-4.11476
0
LINE
8
BLACK
6
CONTINUOUS
10
5.18236
20
-4.11476
11
4.89506
21
-4.11476
0
LINE
8
BLACK
6
CONTINUOUS
10
4.89506
20
-4.11476
11
4.89216
21
-4.11766
0
LINE
8
BLACK
6
CONTINUOUS
10
4.89216
20
-4.11766
11
4.88777
21
-4.1199
0
LINE
8
BLACK
6
CONTINUOUS
10
4.88777
20
-4.1199
11
4.8829
21
-4.12067
0
LINE
8
BLACK
6
CONTINUOUS
10
4.8829
20
-4.12067
11
4.87804
21
-4.1199
0
LINE
8
BLACK
6
CONTINUOUS
10
4.87804
20
-4.1199
11
4.87365
21
-4.11766
0
LINE
8
BLACK
6
CONTINUOUS
10
4.87365
20
-4.11766
11
4.87016
21
-4.11418
0
LINE
8
BLACK
6
CONTINUOUS
10
4.87016
20
-4.11418
11
4.86792
21
-4.10979
0
LINE
8
BLACK
6
CONTINUOUS
10
4.86792
20
-4.10979
11
4.86715
21
-4.10492
0
LINE
8
BLACK
6
CONTINUOUS
10
4.86715
20
-4.10492
11
4.86792
21
-4.10005
0
LINE
8
BLACK
6
CONTINUOUS
10
4.86792
20
-4.10005
11
4.87016
21
-4.09566
0
LINE
8
BLACK
6
CONTINUOUS
10
4.87016
20
-4.09566
11
4.87365
21
-4.09218
0
LINE
8
BLACK
6
CONTINUOUS
10
4.87365
20
-4.09218
11
4.87804
21
-4.08994
0
LINE
8
BLACK
6
CONTINUOUS
10
4.87804
20
-4.08994
11
4.8829
21
-4.08917
0
LINE
8
BLACK
6
CONTINUOUS
10
4.8829
20
-4.08917
11
4.88777
21
-4.08994
0
LINE
8
BLACK
6
CONTINUOUS
10
4.88577
20
-4.00994
11
4.89016
21
-4.01218
0
LINE
8
BLACK
6
CONTINUOUS
10
4.89016
20
-4.01218
11
4.89306
21
-4.01508
0
LINE
8
BLACK
6
CONTINUOUS
10
4.89306
20
-4.01508
11
5.1649
21
-4.01508
0
LINE
8
BLACK
6
CONTINUOUS
10
5.1649
20
-4.01508
11
5.16867
21
-4.01583
0
LINE
8
BLACK
6
CONTINUOUS
10
5.16867
20
-4.01583
11
5.17186
21
-4.01796
0
LINE
8
BLACK
6
CONTINUOUS
10
5.17186
20
-4.01796
11
5.72332
21
-4.56942
0
LINE
8
BLACK
6
CONTINUOUS
10
5.72332
20
-4.56942
11
5.7249
21
-4.56917
0
LINE
8
BLACK
6
CONTINUOUS
10
5.7249
20
-4.56917
11
5.72977
21
-4.56994
0
LINE
8
BLACK
6
CONTINUOUS
10
5.72977
20
-4.56994
11
5.73416
21
-4.57218
0
LINE
8
BLACK
6
CONTINUOUS
10
5.73416
20
-4.57218
11
5.73764
21
-4.57566
0
LINE
8
BLACK
6
CONTINUOUS
10
5.73764
20
-4.57566
11
5.73988
21
-4.58005
0
LINE
8
BLACK
6
CONTINUOUS
10
5.73988
20
-4.58005
11
5.74065
21
-4.58492
0
LINE
8
BLACK
6
CONTINUOUS
10
5.74065
20
-4.58492
11
5.73988
21
-4.58979
0
LINE
8
BLACK
6
CONTINUOUS
10
5.73988
20
-4.58979
11
5.73764
21
-4.59418
0
LINE
8
BLACK
6
CONTINUOUS
10
5.73764
20
-4.59418
11
5.73416
21
-4.59766
0
LINE
8
BLACK
6
CONTINUOUS
10
5.73416
20
-4.59766
11
5.72977
21
-4.5999
0
LINE
8
BLACK
6
CONTINUOUS
10
5.72977
20
-4.5999
11
5.7249
21
-4.60067
0
LINE
8
BLACK
6
CONTINUOUS
10
5.7249
20
-4.60067
11
5.72004
21
-4.5999
0
LINE
8
BLACK
6
CONTINUOUS
10
5.72004
20
-4.5999
11
5.71565
21
-4.59766
0
LINE
8
BLACK
6
CONTINUOUS
10
5.71565
20
-4.59766
11
5.71216
21
-4.59418
0
LINE
8
BLACK
6
CONTINUOUS
10
5.71216
20
-4.59418
11
5.70992
21
-4.58979
0
LINE
8
BLACK
6
CONTINUOUS
10
5.70992
20
-4.58979
11
5.70915
21
-4.58492
0
LINE
8
BLACK
6
CONTINUOUS
10
5.70915
20
-4.58492
11
5.7094
21
-4.58334
0
LINE
8
BLACK
6
CONTINUOUS
10
5.7094
20
-4.58334
11
5.16082
21
-4.03476
0
LINE
8
BLACK
6
CONTINUOUS
10
5.16082
20
-4.03476
11
4.89306
21
-4.03476
0
LINE
8
BLACK
6
CONTINUOUS
10
4.89306
20
-4.03476
11
4.89016
21
-4.03766
0
LINE
8
BLACK
6
CONTINUOUS
10
4.89016
20
-4.03766
11
4.88577
21
-4.0399
0
LINE
8
BLACK
6
CONTINUOUS
10
4.88577
20
-4.0399
11
4.8809
21
-4.04067
0
LINE
8
BLACK
6
CONTINUOUS
10
4.8809
20
-4.04067
11
4.87604
21
-4.0399
0
LINE
8
BLACK
6
CONTINUOUS
10
4.87604
20
-4.0399
11
4.87165
21
-4.03766
0
LINE
8
BLACK
6
CONTINUOUS
10
4.87165
20
-4.03766
11
4.86816
21
-4.03418
0
LINE
8
BLACK
6
CONTINUOUS
10
4.86816
20
-4.03418
11
4.86592
21
-4.02979
0
LINE
8
BLACK
6
CONTINUOUS
10
4.86592
20
-4.02979
11
4.86515
21
-4.02492
0
LINE
8
BLACK
6
CONTINUOUS
10
4.86515
20
-4.02492
11
4.86592
21
-4.02005
0
LINE
8
BLACK
6
CONTINUOUS
10
4.86592
20
-4.02005
11
4.86816
21
-4.01566
0
LINE
8
BLACK
6
CONTINUOUS
10
4.86816
20
-4.01566
11
4.87165
21
-4.01218
0
LINE
8
BLACK
6
CONTINUOUS
10
4.87165
20
-4.01218
11
4.87604
21
-4.00994
0
LINE
8
BLACK
6
CONTINUOUS
10
4.87604
20
-4.00994
11
4.8809
21
-4.00917
0
LINE
8
BLACK
6
CONTINUOUS
10
4.8809
20
-4.00917
11
4.88577
21
-4.00994
0
LINE
8
BLACK
6
CONTINUOUS
10
6.28977
20
-3.68994
11
6.29416
21
-3.69218
0
LINE
8
BLACK
6
CONTINUOUS
10
6.29416
20
-3.69218
11
6.29764
21
-3.69566
0
LINE
8
BLACK
6
CONTINUOUS
10
6.29764
20
-3.69566
11
6.29988
21
-3.70005
0
LINE
8
BLACK
6
CONTINUOUS
10
6.29988
20
-3.70005
11
6.30065
21
-3.70492
0
LINE
8
BLACK
6
CONTINUOUS
10
6.30065
20
-3.70492
11
6.29988
21
-3.70979
0
LINE
8
BLACK
6
CONTINUOUS
10
6.29988
20
-3.70979
11
6.29764
21
-3.71418
0
LINE
8
BLACK
6
CONTINUOUS
10
6.29764
20
-3.71418
11
6.29416
21
-3.71766
0
LINE
8
BLACK
6
CONTINUOUS
10
6.29416
20
-3.71766
11
6.28977
21
-3.7199
0
LINE
8
BLACK
6
CONTINUOUS
10
6.28977
20
-3.7199
11
6.2849
21
-3.72067
0
LINE
8
BLACK
6
CONTINUOUS
10
6.2849
20
-3.72067
11
6.28004
21
-3.7199
0
LINE
8
BLACK
6
CONTINUOUS
10
6.28004
20
-3.7199
11
6.27565
21
-3.71766
0
LINE
8
BLACK
6
CONTINUOUS
10
6.27565
20
-3.71766
11
6.27275
21
-3.71476
0
LINE
8
BLACK
6
CONTINUOUS
10
6.27275
20
-3.71476
11
5.89098
21
-3.71476
0
LINE
8
BLACK
6
CONTINUOUS
10
5.89098
20
-3.71476
11
5.50474
21
-4.101
0
LINE
8
BLACK
6
CONTINUOUS
10
5.50474
20
-4.101
11
5.50474
21
-4.29277
0
LINE
8
BLACK
6
CONTINUOUS
10
5.50474
20
-4.29277
11
5.50764
21
-4.29566
0
LINE
8
BLACK
6
CONTINUOUS
10
5.50764
20
-4.29566
11
5.50988
21
-4.30005
0
LINE
8
BLACK
6
CONTINUOUS
10
5.50988
20
-4.30005
11
5.51065
21
-4.30492
0
LINE
8
BLACK
6
CONTINUOUS
10
5.51065
20
-4.30492
11
5.50988
21
-4.30979
0
LINE
8
BLACK
6
CONTINUOUS
10
5.50988
20
-4.30979
11
5.50764
21
-4.31418
0
LINE
8
BLACK
6
CONTINUOUS
10
5.50764
20
-4.31418
11
5.50416
21
-4.31766
0
LINE
8
BLACK
6
CONTINUOUS
10
5.50416
20
-4.31766
11
5.49977
21
-4.3199
0
LINE
8
BLACK
6
CONTINUOUS
10
5.49977
20
-4.3199
11
5.4949
21
-4.32067
0
LINE
8
BLACK
6
CONTINUOUS
10
5.4949
20
-4.32067
11
5.49004
21
-4.3199
0
LINE
8
BLACK
6
CONTINUOUS
10
5.49004
20
-4.3199
11
5.48565
21
-4.31766
0
LINE
8
BLACK
6
CONTINUOUS
10
5.48565
20
-4.31766
11
5.48216
21
-4.31418
0
LINE
8
BLACK
6
CONTINUOUS
10
5.48216
20
-4.31418
11
5.47992
21
-4.30979
0
LINE
8
BLACK
6
CONTINUOUS
10
5.47992
20
-4.30979
11
5.47915
21
-4.30492
0
LINE
8
BLACK
6
CONTINUOUS
10
5.47915
20
-4.30492
11
5.47992
21
-4.30005
0
LINE
8
BLACK
6
CONTINUOUS
10
5.47992
20
-4.30005
11
5.48216
21
-4.29566
0
LINE
8
BLACK
6
CONTINUOUS
10
5.48216
20
-4.29566
11
5.48506
21
-4.29277
0
LINE
8
BLACK
6
CONTINUOUS
10
5.48506
20
-4.29277
11
5.48506
21
-4.09692
0
LINE
8
BLACK
6
CONTINUOUS
10
5.48506
20
-4.09692
11
5.48581
21
-4.09315
0
LINE
8
BLACK
6
CONTINUOUS
10
5.48581
20
-4.09315
11
5.48794
21
-4.08996
0
LINE
8
BLACK
6
CONTINUOUS
10
5.48794
20
-4.08996
11
5.87994
21
-3.69796
0
LINE
8
BLACK
6
CONTINUOUS
10
5.87994
20
-3.69796
11
5.87994
21
-3.69796
0
LINE
8
BLACK
6
CONTINUOUS
10
5.87994
20
-3.69796
11
5.88314
21
-3.69583
0
LINE
8
BLACK
6
CONTINUOUS
10
5.88314
20
-3.69583
11
5.8869
21
-3.69508
0
LINE
8
BLACK
6
CONTINUOUS
10
5.8869
20
-3.69508
11
5.8869
21
-3.69508
0
LINE
8
BLACK
6
CONTINUOUS
10
5.8869
20
-3.69508
11
6.27275
21
-3.69508
0
LINE
8
BLACK
6
CONTINUOUS
10
6.27275
20
-3.69508
11
6.27565
21
-3.69218
0
LINE
8
BLACK
6
CONTINUOUS
10
6.27565
20
-3.69218
11
6.28004
21
-3.68994
0
LINE
8
BLACK
6
CONTINUOUS
10
6.28004
20
-3.68994
11
6.2849
21
-3.68917
0
LINE
8
BLACK
6
CONTINUOUS
10
6.2849
20
-3.68917
11
6.28977
21
-3.68994
0
LINE
8
BLACK
6
CONTINUOUS
10
6.25678
20
-3.55695
11
6.26117
21
-3.55919
0
LINE
8
BLACK
6
CONTINUOUS
10
6.26117
20
-3.55919
11
6.26465
21
-3.56267
0
LINE
8
BLACK
6
CONTINUOUS
10
6.26465
20
-3.56267
11
6.26689
21
-3.56706
0
LINE
8
BLACK
6
CONTINUOUS
10
6.26689
20
-3.56706
11
6.26766
21
-3.57193
0
LINE
8
BLACK
6
CONTINUOUS
10
6.26766
20
-3.57193
11
6.26689
21
-3.5768
0
LINE
8
BLACK
6
CONTINUOUS
10
6.26689
20
-3.5768
11
6.26465
21
-3.58119
0
LINE
8
BLACK
6
CONTINUOUS
10
6.26465
20
-3.58119
11
6.26117
21
-3.58467
0
LINE
8
BLACK
6
CONTINUOUS
10
6.26117
20
-3.58467
11
6.25678
21
-3.58691
0
LINE
8
BLACK
6
CONTINUOUS
10
6.25678
20
-3.58691
11
6.25191
21
-3.58768
0
LINE
8
BLACK
6
CONTINUOUS
10
6.25191
20
-3.58768
11
6.24704
21
-3.58691
0
LINE
8
BLACK
6
CONTINUOUS
10
6.24704
20
-3.58691
11
6.24265
21
-3.58467
0
LINE
8
BLACK
6
CONTINUOUS
10
6.24265
20
-3.58467
11
6.23976
21
-3.58177
0
LINE
8
BLACK
6
CONTINUOUS
10
6.23976
20
-3.58177
11
5.97397
21
-3.58177
0
LINE
8
BLACK
6
CONTINUOUS
10
5.97397
20
-3.58177
11
5.47128
21
-4.08446
0
LINE
8
BLACK
6
CONTINUOUS
10
5.47128
20
-4.08446
11
5.47128
21
-4.25384
0
LINE
8
BLACK
6
CONTINUOUS
10
5.47128
20
-4.25384
11
5.47418
21
-4.25674
0
LINE
8
BLACK
6
CONTINUOUS
10
5.47418
20
-4.25674
11
5.47641
21
-4.26113
0
LINE
8
BLACK
6
CONTINUOUS
10
5.47641
20
-4.26113
11
5.47718
21
-4.26599
0
LINE
8
BLACK
6
CONTINUOUS
10
5.47718
20
-4.26599
11
5.47641
21
-4.27086
0
LINE
8
BLACK
6
CONTINUOUS
10
5.47641
20
-4.27086
11
5.47418
21
-4.27525
0
LINE
8
BLACK
6
CONTINUOUS
10
5.47418
20
-4.27525
11
5.47069
21
-4.27873
0
LINE
8
BLACK
6
CONTINUOUS
10
5.47069
20
-4.27873
11
5.4663
21
-4.28097
0
LINE
8
BLACK
6
CONTINUOUS
10
5.4663
20
-4.28097
11
5.46144
21
-4.28174
0
LINE
8
BLACK
6
CONTINUOUS
10
5.46144
20
-4.28174
11
5.45657
21
-4.28097
0
LINE
8
BLACK
6
CONTINUOUS
10
5.45657
20
-4.28097
11
5.45218
21
-4.27873
0
LINE
8
BLACK
6
CONTINUOUS
10
5.45218
20
-4.27873
11
5.4487
21
-4.27525
0
LINE
8
BLACK
6
CONTINUOUS
10
5.4487
20
-4.27525
11
5.44646
21
-4.27086
0
LINE
8
BLACK
6
CONTINUOUS
10
5.44646
20
-4.27086
11
5.44569
21
-4.26599
0
LINE
8
BLACK
6
CONTINUOUS
10
5.44569
20
-4.26599
11
5.44646
21
-4.26113
0
LINE
8
BLACK
6
CONTINUOUS
10
5.44646
20
-4.26113
11
5.4487
21
-4.25674
0
LINE
8
BLACK
6
CONTINUOUS
10
5.4487
20
-4.25674
11
5.45159
21
-4.25384
0
LINE
8
BLACK
6
CONTINUOUS
10
5.45159
20
-4.25384
11
5.45159
21
-4.08039
0
LINE
8
BLACK
6
CONTINUOUS
10
5.45159
20
-4.08039
11
5.45234
21
-4.07662
0
LINE
8
BLACK
6
CONTINUOUS
10
5.45234
20
-4.07662
11
5.45448
21
-4.07343
0
LINE
8
BLACK
6
CONTINUOUS
10
5.45448
20
-4.07343
11
5.96293
21
-3.56497
0
LINE
8
BLACK
6
CONTINUOUS
10
5.96293
20
-3.56497
11
5.96613
21
-3.56284
0
LINE
8
BLACK
6
CONTINUOUS
10
5.96613
20
-3.56284
11
5.96989
21
-3.56209
0
LINE
8
BLACK
6
CONTINUOUS
10
5.96989
20
-3.56209
11
5.96989
21
-3.56209
0
LINE
8
BLACK
6
CONTINUOUS
10
5.96989
20
-3.56209
11
6.23976
21
-3.56209
0
LINE
8
BLACK
6
CONTINUOUS
10
6.23976
20
-3.56209
11
6.24265
21
-3.55919
0
LINE
8
BLACK
6
CONTINUOUS
10
6.24265
20
-3.55919
11
6.24704
21
-3.55695
0
LINE
8
BLACK
6
CONTINUOUS
10
6.24704
20
-3.55695
11
6.25191
21
-3.55618
0
LINE
8
BLACK
6
CONTINUOUS
10
6.25191
20
-3.55618
11
6.25678
21
-3.55695
0
LINE
8
BLACK
6
CONTINUOUS
10
6.16977
20
-3.12148
11
6.17416
21
-3.12372
0
LINE
8
BLACK
6
CONTINUOUS
10
6.17416
20
-3.12372
11
6.17764
21
-3.1272
0
LINE
8
BLACK
6
CONTINUOUS
10
6.17764
20
-3.1272
11
6.17988
21
-3.13159
0
LINE
8
BLACK
6
CONTINUOUS
10
6.17988
20
-3.13159
11
6.18065
21
-3.13646
0
LINE
8
BLACK
6
CONTINUOUS
10
6.18065
20
-3.13646
11
6.1804
21
-3.13804
0
LINE
8
BLACK
6
CONTINUOUS
10
6.1804
20
-3.13804
11
6.27186
21
-3.2295
0
LINE
8
BLACK
6
CONTINUOUS
10
6.27186
20
-3.2295
11
6.27186
21
-3.2295
0
LINE
8
BLACK
6
CONTINUOUS
10
6.27186
20
-3.2295
11
6.34186
21
-3.2995
0
LINE
8
BLACK
6
CONTINUOUS
10
6.34186
20
-3.2995
11
6.34186
21
-3.2995
0
LINE
8
BLACK
6
CONTINUOUS
10
6.34186
20
-3.2995
11
6.34359
21
-3.30208
0
LINE
8
BLACK
6
CONTINUOUS
10
6.34359
20
-3.30208
11
6.34399
21
-3.30269
0
LINE
8
BLACK
6
CONTINUOUS
10
6.34399
20
-3.30269
11
6.34474
21
-3.30646
0
LINE
8
BLACK
6
CONTINUOUS
10
6.34474
20
-3.30646
11
6.34474
21
-3.30646
0
LINE
8
BLACK
6
CONTINUOUS
10
6.34474
20
-3.30646
11
6.34474
21
-3.82277
0
LINE
8
BLACK
6
CONTINUOUS
10
6.34474
20
-3.82277
11
6.34764
21
-3.82566
0
LINE
8
BLACK
6
CONTINUOUS
10
6.34764
20
-3.82566
11
6.34988
21
-3.83005
0
LINE
8
BLACK
6
CONTINUOUS
10
6.34988
20
-3.83005
11
6.35065
21
-3.83492
0
LINE
8
BLACK
6
CONTINUOUS
10
6.35065
20
-3.83492
11
6.3504
21
-3.8365
0
LINE
8
BLACK
6
CONTINUOUS
10
6.3504
20
-3.8365
11
6.4134
21
-3.8995
0
LINE
8
BLACK
6
CONTINUOUS
10
6.4134
20
-3.8995
11
6.4134
21
-3.8995
0
LINE
8
BLACK
6
CONTINUOUS
10
6.4134
20
-3.8995
11
6.4141
21
-3.90055
0
LINE
8
BLACK
6
CONTINUOUS
10
6.4141
20
-3.90055
11
6.41553
21
-3.90269
0
LINE
8
BLACK
6
CONTINUOUS
10
6.41553
20
-3.90269
11
6.41628
21
-3.90646
0
LINE
8
BLACK
6
CONTINUOUS
10
6.41628
20
-3.90646
11
6.41628
21
-3.90646
0
LINE
8
BLACK
6
CONTINUOUS
10
6.41628
20
-3.90646
11
6.41628
21
-4.09336
0
LINE
8
BLACK
6
CONTINUOUS
10
6.41628
20
-4.09336
11
6.41918
21
-4.09626
0
LINE
8
BLACK
6
CONTINUOUS
10
6.41918
20
-4.09626
11
6.42141
21
-4.10065
0
LINE
8
BLACK
6
CONTINUOUS
10
6.42141
20
-4.10065
11
6.42218
21
-4.10551
0
LINE
8
BLACK
6
CONTINUOUS
10
6.42218
20
-4.10551
11
6.42141
21
-4.11038
0
LINE
8
BLACK
6
CONTINUOUS
10
6.42141
20
-4.11038
11
6.41918
21
-4.11477
0
LINE
8
BLACK
6
CONTINUOUS
10
6.41918
20
-4.11477
11
6.41569
21
-4.11825
0
LINE
8
BLACK
6
CONTINUOUS
10
6.41569
20
-4.11825
11
6.4113
21
-4.12049
0
LINE
8
BLACK
6
CONTINUOUS
10
6.4113
20
-4.12049
11
6.40644
21
-4.12126
0
LINE
8
BLACK
6
CONTINUOUS
10
6.40644
20
-4.12126
11
6.40157
21
-4.12049
0
LINE
8
BLACK
6
CONTINUOUS
10
6.40157
20
-4.12049
11
6.39718
21
-4.11825
0
LINE
8
BLACK
6
CONTINUOUS
10
6.39718
20
-4.11825
11
6.3937
21
-4.11477
0
LINE
8
BLACK
6
CONTINUOUS
10
6.3937
20
-4.11477
11
6.39146
21
-4.11038
0
LINE
8
BLACK
6
CONTINUOUS
10
6.39146
20
-4.11038
11
6.39069
21
-4.10551
0
LINE
8
BLACK
6
CONTINUOUS
10
6.39069
20
-4.10551
11
6.39146
21
-4.10065
0
LINE
8
BLACK
6
CONTINUOUS
10
6.39146
20
-4.10065
11
6.3937
21
-4.09626
0
LINE
8
BLACK
6
CONTINUOUS
10
6.3937
20
-4.09626
11
6.39659
21
-4.09336
0
LINE
8
BLACK
6
CONTINUOUS
10
6.39659
20
-4.09336
11
6.39659
21
-3.91053
0
LINE
8
BLACK
6
CONTINUOUS
10
6.39659
20
-3.91053
11
6.33648
21
-3.85042
0
LINE
8
BLACK
6
CONTINUOUS
10
6.33648
20
-3.85042
11
6.3349
21
-3.85067
0
LINE
8
BLACK
6
CONTINUOUS
10
6.3349
20
-3.85067
11
6.33004
21
-3.8499
0
LINE
8
BLACK
6
CONTINUOUS
10
6.33004
20
-3.8499
11
6.32565
21
-3.84766
0
LINE
8
BLACK
6
CONTINUOUS
10
6.32565
20
-3.84766
11
6.32216
21
-3.84418
0
LINE
8
BLACK
6
CONTINUOUS
10
6.32216
20
-3.84418
11
6.31992
21
-3.83979
0
LINE
8
BLACK
6
CONTINUOUS
10
6.31992
20
-3.83979
11
6.31915
21
-3.83492
0
LINE
8
BLACK
6
CONTINUOUS
10
6.31915
20
-3.83492
11
6.31992
21
-3.83005
0
LINE
8
BLACK
6
CONTINUOUS
10
6.31992
20
-3.83005
11
6.32216
21
-3.82566
0
LINE
8
BLACK
6
CONTINUOUS
10
6.32216
20
-3.82566
11
6.32506
21
-3.82277
0
LINE
8
BLACK
6
CONTINUOUS
10
6.32506
20
-3.82277
11
6.32506
21
-3.31053
0
LINE
8
BLACK
6
CONTINUOUS
10
6.32506
20
-3.31053
11
6.25794
21
-3.24342
0
LINE
8
BLACK
6
CONTINUOUS
10
6.25794
20
-3.24342
11
6.25794
21
-3.24342
0
LINE
8
BLACK
6
CONTINUOUS
10
6.25794
20
-3.24342
11
6.16648
21
-3.15195
0
LINE
8
BLACK
6
CONTINUOUS
10
6.16648
20
-3.15195
11
6.1649
21
-3.1522
0
LINE
8
BLACK
6
CONTINUOUS
10
6.1649
20
-3.1522
11
6.16004
21
-3.15143
0
LINE
8
BLACK
6
CONTINUOUS
10
6.16004
20
-3.15143
11
6.15565
21
-3.1492
0
LINE
8
BLACK
6
CONTINUOUS
10
6.15565
20
-3.1492
11
6.15216
21
-3.14571
0
LINE
8
BLACK
6
CONTINUOUS
10
6.15216
20
-3.14571
11
6.14992
21
-3.14132
0
LINE
8
BLACK
6
CONTINUOUS
10
6.14992
20
-3.14132
11
6.14915
21
-3.13646
0
LINE
8
BLACK
6
CONTINUOUS
10
6.14915
20
-3.13646
11
6.14992
21
-3.13159
0
LINE
8
BLACK
6
CONTINUOUS
10
6.14992
20
-3.13159
11
6.15216
21
-3.1272
0
LINE
8
BLACK
6
CONTINUOUS
10
6.15216
20
-3.1272
11
6.15565
21
-3.12372
0
LINE
8
BLACK
6
CONTINUOUS
10
6.15565
20
-3.12372
11
6.16004
21
-3.12148
0
LINE
8
BLACK
6
CONTINUOUS
10
6.16004
20
-3.12148
11
6.1649
21
-3.12071
0
LINE
8
BLACK
6
CONTINUOUS
10
6.1649
20
-3.12071
11
6.16977
21
-3.12148
0
LINE
8
BLACK
6
CONTINUOUS
10
5.93417
20
-3.55022
11
5.93856
21
-3.55246
0
LINE
8
BLACK
6
CONTINUOUS
10
5.93856
20
-3.55246
11
5.94204
21
-3.55594
0
LINE
8
BLACK
6
CONTINUOUS
10
5.94204
20
-3.55594
11
5.94428
21
-3.56033
0
LINE
8
BLACK
6
CONTINUOUS
10
5.94428
20
-3.56033
11
5.94505
21
-3.5652
0
LINE
8
BLACK
6
CONTINUOUS
10
5.94505
20
-3.5652
11
5.94428
21
-3.57006
0
LINE
8
BLACK
6
CONTINUOUS
10
5.94428
20
-3.57006
11
5.94204
21
-3.57445
0
LINE
8
BLACK
6
CONTINUOUS
10
5.94204
20
-3.57445
11
5.93856
21
-3.57794
0
LINE
8
BLACK
6
CONTINUOUS
10
5.93856
20
-3.57794
11
5.93417
21
-3.58017
0
LINE
8
BLACK
6
CONTINUOUS
10
5.93417
20
-3.58017
11
5.9293
21
-3.58094
0
LINE
8
BLACK
6
CONTINUOUS
10
5.9293
20
-3.58094
11
5.92772
21
-3.58069
0
LINE
8
BLACK
6
CONTINUOUS
10
5.92772
20
-3.58069
11
5.69653
21
-3.81188
0
LINE
8
BLACK
6
CONTINUOUS
10
5.69653
20
-3.81188
11
5.69334
21
-3.81401
0
LINE
8
BLACK
6
CONTINUOUS
10
5.69334
20
-3.81401
11
5.68957
21
-3.81476
0
LINE
8
BLACK
6
CONTINUOUS
10
5.68957
20
-3.81476
11
5.20398
21
-3.81476
0
LINE
8
BLACK
6
CONTINUOUS
10
5.20398
20
-3.81476
11
5.0804
21
-3.93834
0
LINE
8
BLACK
6
CONTINUOUS
10
5.0804
20
-3.93834
11
5.08065
21
-3.93992
0
LINE
8
BLACK
6
CONTINUOUS
10
5.08065
20
-3.93992
11
5.07988
21
-3.94479
0
LINE
8
BLACK
6
CONTINUOUS
10
5.07988
20
-3.94479
11
5.07764
21
-3.94918
0
LINE
8
BLACK
6
CONTINUOUS
10
5.07764
20
-3.94918
11
5.07416
21
-3.95266
0
LINE
8
BLACK
6
CONTINUOUS
10
5.07416
20
-3.95266
11
5.06977
21
-3.9549
0
LINE
8
BLACK
6
CONTINUOUS
10
5.06977
20
-3.9549
11
5.0649
21
-3.95567
0
LINE
8
BLACK
6
CONTINUOUS
10
5.0649
20
-3.95567
11
5.06004
21
-3.9549
0
LINE
8
BLACK
6
CONTINUOUS
10
5.06004
20
-3.9549
11
5.05565
21
-3.95266
0
LINE
8
BLACK
6
CONTINUOUS
10
5.05565
20
-3.95266
11
5.05216
21
-3.94918
0
LINE
8
BLACK
6
CONTINUOUS
10
5.05216
20
-3.94918
11
5.04992
21
-3.94479
0
LINE
8
BLACK
6
CONTINUOUS
10
5.04992
20
-3.94479
11
5.04915
21
-3.93992
0
LINE
8
BLACK
6
CONTINUOUS
10
5.04915
20
-3.93992
11
5.04992
21
-3.93505
0
LINE
8
BLACK
6
CONTINUOUS
10
5.04992
20
-3.93505
11
5.05216
21
-3.93066
0
LINE
8
BLACK
6
CONTINUOUS
10
5.05216
20
-3.93066
11
5.05565
21
-3.92718
0
LINE
8
BLACK
6
CONTINUOUS
10
5.05565
20
-3.92718
11
5.06004
21
-3.92494
0
LINE
8
BLACK
6
CONTINUOUS
10
5.06004
20
-3.92494
11
5.0649
21
-3.92417
0
LINE
8
BLACK
6
CONTINUOUS
10
5.0649
20
-3.92417
11
5.06648
21
-3.92442
0
LINE
8
BLACK
6
CONTINUOUS
10
5.06648
20
-3.92442
11
5.19294
21
-3.79796
0
LINE
8
BLACK
6
CONTINUOUS
10
5.19294
20
-3.79796
11
5.19294
21
-3.79796
0
LINE
8
BLACK
6
CONTINUOUS
10
5.19294
20
-3.79796
11
5.19613
21
-3.79583
0
LINE
8
BLACK
6
CONTINUOUS
10
5.19613
20
-3.79583
11
5.1999
21
-3.79508
0
LINE
8
BLACK
6
CONTINUOUS
10
5.1999
20
-3.79508
11
5.6855
21
-3.79508
0
LINE
8
BLACK
6
CONTINUOUS
10
5.6855
20
-3.79508
11
5.9138
21
-3.56677
0
LINE
8
BLACK
6
CONTINUOUS
10
5.9138
20
-3.56677
11
5.91355
21
-3.5652
0
LINE
8
BLACK
6
CONTINUOUS
10
5.91355
20
-3.5652
11
5.91432
21
-3.56033
0
LINE
8
BLACK
6
CONTINUOUS
10
5.91432
20
-3.56033
11
5.91656
21
-3.55594
0
LINE
8
BLACK
6
CONTINUOUS
10
5.91656
20
-3.55594
11
5.92004
21
-3.55246
0
LINE
8
BLACK
6
CONTINUOUS
10
5.92004
20
-3.55246
11
5.92443
21
-3.55022
0
LINE
8
BLACK
6
CONTINUOUS
10
5.92443
20
-3.55022
11
5.9293
21
-3.54945
0
LINE
8
BLACK
6
CONTINUOUS
10
5.9293
20
-3.54945
11
5.93417
21
-3.55022
0
LINE
8
BLACK
6
CONTINUOUS
10
5.76693
20
-3.86211
11
5.77132
21
-3.86434
0
LINE
8
BLACK
6
CONTINUOUS
10
5.77132
20
-3.86434
11
5.77481
21
-3.86783
0
LINE
8
BLACK
6
CONTINUOUS
10
5.77481
20
-3.86783
11
5.77704
21
-3.87222
0
LINE
8
BLACK
6
CONTINUOUS
10
5.77704
20
-3.87222
11
5.77781
21
-3.87708
0
LINE
8
BLACK
6
CONTINUOUS
10
5.77781
20
-3.87708
11
5.77704
21
-3.88195
0
LINE
8
BLACK
6
CONTINUOUS
10
5.77704
20
-3.88195
11
5.77481
21
-3.88634
0
LINE
8
BLACK
6
CONTINUOUS
10
5.77481
20
-3.88634
11
5.77132
21
-3.88983
0
LINE
8
BLACK
6
CONTINUOUS
10
5.77132
20
-3.88983
11
5.76693
21
-3.89206
0
LINE
8
BLACK
6
CONTINUOUS
10
5.76693
20
-3.89206
11
5.76206
21
-3.89283
0
LINE
8
BLACK
6
CONTINUOUS
10
5.76206
20
-3.89283
11
5.7572
21
-3.89206
0
LINE
8
BLACK
6
CONTINUOUS
10
5.7572
20
-3.89206
11
5.75281
21
-3.88983
0
LINE
8
BLACK
6
CONTINUOUS
10
5.75281
20
-3.88983
11
5.74932
21
-3.88634
0
LINE
8
BLACK
6
CONTINUOUS
10
5.74932
20
-3.88634
11
5.74709
21
-3.88195
0
LINE
8
BLACK
6
CONTINUOUS
10
5.74709
20
-3.88195
11
5.74632
21
-3.87708
0
LINE
8
BLACK
6
CONTINUOUS
10
5.74632
20
-3.87708
11
5.74709
21
-3.87222
0
LINE
8
BLACK
6
CONTINUOUS
10
5.74709
20
-3.87222
11
5.74932
21
-3.86783
0
LINE
8
BLACK
6
CONTINUOUS
10
5.74932
20
-3.86783
11
5.75281
21
-3.86434
0
LINE
8
BLACK
6
CONTINUOUS
10
5.75281
20
-3.86434
11
5.7572
21
-3.86211
0
LINE
8
BLACK
6
CONTINUOUS
10
5.7572
20
-3.86211
11
5.76206
21
-3.86134
0
LINE
8
BLACK
6
CONTINUOUS
10
5.76206
20
-3.86134
11
5.76693
21
-3.86211
0
LINE
8
BLACK
6
CONTINUOUS
10
5.80977
20
-3.85494
11
5.81416
21
-3.85718
0
LINE
8
BLACK
6
CONTINUOUS
10
5.81416
20
-3.85718
11
5.81764
21
-3.86066
0
LINE
8
BLACK
6
CONTINUOUS
10
5.81764
20
-3.86066
11
5.81988
21
-3.86505
0
LINE
8
BLACK
6
CONTINUOUS
10
5.81988
20
-3.86505
11
5.82065
21
-3.86992
0
LINE
8
BLACK
6
CONTINUOUS
10
5.82065
20
-3.86992
11
5.81988
21
-3.87479
0
LINE
8
BLACK
6
CONTINUOUS
10
5.81988
20
-3.87479
11
5.81764
21
-3.87918
0
LINE
8
BLACK
6
CONTINUOUS
10
5.81764
20
-3.87918
11
5.81416
21
-3.88266
0
LINE
8
BLACK
6
CONTINUOUS
10
5.81416
20
-3.88266
11
5.80977
21
-3.8849
0
LINE
8
BLACK
6
CONTINUOUS
10
5.80977
20
-3.8849
11
5.8049
21
-3.88567
0
LINE
8
BLACK
6
CONTINUOUS
10
5.8049
20
-3.88567
11
5.80004
21
-3.8849
0
LINE
8
BLACK
6
CONTINUOUS
10
5.80004
20
-3.8849
11
5.79565
21
-3.88266
0
LINE
8
BLACK
6
CONTINUOUS
10
5.79565
20
-3.88266
11
5.79216
21
-3.87918
0
LINE
8
BLACK
6
CONTINUOUS
10
5.79216
20
-3.87918
11
5.78992
21
-3.87479
0
LINE
8
BLACK
6
CONTINUOUS
10
5.78992
20
-3.87479
11
5.78915
21
-3.86992
0
LINE
8
BLACK
6
CONTINUOUS
10
5.78915
20
-3.86992
11
5.78992
21
-3.86505
0
LINE
8
BLACK
6
CONTINUOUS
10
5.78992
20
-3.86505
11
5.79216
21
-3.86066
0
LINE
8
BLACK
6
CONTINUOUS
10
5.79216
20
-3.86066
11
5.79565
21
-3.85718
0
LINE
8
BLACK
6
CONTINUOUS
10
5.79565
20
-3.85718
11
5.80004
21
-3.85494
0
LINE
8
BLACK
6
CONTINUOUS
10
5.80004
20
-3.85494
11
5.8049
21
-3.85417
0
LINE
8
BLACK
6
CONTINUOUS
10
5.8049
20
-3.85417
11
5.80977
21
-3.85494
0
LINE
8
BLACK
6
CONTINUOUS
10
6.25015
20
-3.15456
11
6.25454
21
-3.1568
0
LINE
8
BLACK
6
CONTINUOUS
10
6.25454
20
-3.1568
11
6.25802
21
-3.16028
0
LINE
8
BLACK
6
CONTINUOUS
10
6.25802
20
-3.16028
11
6.26026
21
-3.16467
0
LINE
8
BLACK
6
CONTINUOUS
10
6.26026
20
-3.16467
11
6.26103
21
-3.16954
0
LINE
8
BLACK
6
CONTINUOUS
10
6.26103
20
-3.16954
11
6.26026
21
-3.17441
0
LINE
8
BLACK
6
CONTINUOUS
10
6.26026
20
-3.17441
11
6.25802
21
-3.1788
0
LINE
8
BLACK
6
CONTINUOUS
10
6.25802
20
-3.1788
11
6.25454
21
-3.18228
0
LINE
8
BLACK
6
CONTINUOUS
10
6.25454
20
-3.18228
11
6.25015
21
-3.18452
0
LINE
8
BLACK
6
CONTINUOUS
10
6.25015
20
-3.18452
11
6.24528
21
-3.18529
0
LINE
8
BLACK
6
CONTINUOUS
10
6.24528
20
-3.18529
11
6.24042
21
-3.18452
0
LINE
8
BLACK
6
CONTINUOUS
10
6.24042
20
-3.18452
11
6.23603
21
-3.18228
0
LINE
8
BLACK
6
CONTINUOUS
10
6.23603
20
-3.18228
11
6.23254
21
-3.1788
0
LINE
8
BLACK
6
CONTINUOUS
10
6.23254
20
-3.1788
11
6.23031
21
-3.17441
0
LINE
8
BLACK
6
CONTINUOUS
10
6.23031
20
-3.17441
11
6.22953
21
-3.16954
0
LINE
8
BLACK
6
CONTINUOUS
10
6.22953
20
-3.16954
11
6.23031
21
-3.16467
0
LINE
8
BLACK
6
CONTINUOUS
10
6.23031
20
-3.16467
11
6.23254
21
-3.16028
0
LINE
8
BLACK
6
CONTINUOUS
10
6.23254
20
-3.16028
11
6.23603
21
-3.1568
0
LINE
8
BLACK
6
CONTINUOUS
10
6.23603
20
-3.1568
11
6.24042
21
-3.15456
0
LINE
8
BLACK
6
CONTINUOUS
10
6.24042
20
-3.15456
11
6.24528
21
-3.15379
0
LINE
8
BLACK
6
CONTINUOUS
10
6.24528
20
-3.15379
11
6.25015
21
-3.15456
0
LINE
8
BLACK
6
CONTINUOUS
10
5.57477
20
-4.56994
11
5.57916
21
-4.57218
0
LINE
8
BLACK
6
CONTINUOUS
10
5.57916
20
-4.57218
11
5.58264
21
-4.57566
0
LINE
8
BLACK
6
CONTINUOUS
10
5.58264
20
-4.57566
11
5.58488
21
-4.58005
0
LINE
8
BLACK
6
CONTINUOUS
10
5.58488
20
-4.58005
11
5.58565
21
-4.58492
0
LINE
8
BLACK
6
CONTINUOUS
10
5.58565
20
-4.58492
11
5.58488
21
-4.58979
0
LINE
8
BLACK
6
CONTINUOUS
10
5.58488
20
-4.58979
11
5.58264
21
-4.59418
0
LINE
8
BLACK
6
CONTINUOUS
10
5.58264
20
-4.59418
11
5.57916
21
-4.59766
0
LINE
8
BLACK
6
CONTINUOUS
10
5.57916
20
-4.59766
11
5.57477
21
-4.5999
0
LINE
8
BLACK
6
CONTINUOUS
10
5.57477
20
-4.5999
11
5.5699
21
-4.60067
0
LINE
8
BLACK
6
CONTINUOUS
10
5.5699
20
-4.60067
11
5.56504
21
-4.5999
0
LINE
8
BLACK
6
CONTINUOUS
10
5.56504
20
-4.5999
11
5.56065
21
-4.59766
0
LINE
8
BLACK
6
CONTINUOUS
10
5.56065
20
-4.59766
11
5.55716
21
-4.59418
0
LINE
8
BLACK
6
CONTINUOUS
10
5.55716
20
-4.59418
11
5.55492
21
-4.58979
0
LINE
8
BLACK
6
CONTINUOUS
10
5.55492
20
-4.58979
11
5.55415
21
-4.58492
0
LINE
8
BLACK
6
CONTINUOUS
10
5.55415
20
-4.58492
11
5.55492
21
-4.58005
0
LINE
8
BLACK
6
CONTINUOUS
10
5.55492
20
-4.58005
11
5.55716
21
-4.57566
0
LINE
8
BLACK
6
CONTINUOUS
10
5.55716
20
-4.57566
11
5.56065
21
-4.57218
0
LINE
8
BLACK
6
CONTINUOUS
10
5.56065
20
-4.57218
11
5.56504
21
-4.56994
0
LINE
8
BLACK
6
CONTINUOUS
10
5.56504
20
-4.56994
11
5.5699
21
-4.56917
0
LINE
8
BLACK
6
CONTINUOUS
10
5.5699
20
-4.56917
11
5.57477
21
-4.56994
0
LINE
8
BLACK
6
CONTINUOUS
10
6.31701
20
-4.50773
11
6.32141
21
-4.50997
0
LINE
8
BLACK
6
CONTINUOUS
10
6.32141
20
-4.50997
11
6.32489
21
-4.51345
0
LINE
8
BLACK
6
CONTINUOUS
10
6.32489
20
-4.51345
11
6.32713
21
-4.51784
0
LINE
8
BLACK
6
CONTINUOUS
10
6.32713
20
-4.51784
11
6.3279
21
-4.52271
0
LINE
8
BLACK
6
CONTINUOUS
10
6.3279
20
-4.52271
11
6.32713
21
-4.52758
0
LINE
8
BLACK
6
CONTINUOUS
10
6.32713
20
-4.52758
11
6.32489
21
-4.53197
0
LINE
8
BLACK
6
CONTINUOUS
10
6.32489
20
-4.53197
11
6.32141
21
-4.53545
0
LINE
8
BLACK
6
CONTINUOUS
10
6.32141
20
-4.53545
11
6.31701
21
-4.53769
0
LINE
8
BLACK
6
CONTINUOUS
10
6.31701
20
-4.53769
11
6.31215
21
-4.53846
0
LINE
8
BLACK
6
CONTINUOUS
10
6.31215
20
-4.53846
11
6.30728
21
-4.53769
0
LINE
8
BLACK
6
CONTINUOUS
10
6.30728
20
-4.53769
11
6.30289
21
-4.53545
0
LINE
8
BLACK
6
CONTINUOUS
10
6.30289
20
-4.53545
11
6.29941
21
-4.53197
0
LINE
8
BLACK
6
CONTINUOUS
10
6.29941
20
-4.53197
11
6.29717
21
-4.52758
0
LINE
8
BLACK
6
CONTINUOUS
10
6.29717
20
-4.52758
11
6.2964
21
-4.52271
0
LINE
8
BLACK
6
CONTINUOUS
10
6.2964
20
-4.52271
11
6.29717
21
-4.51784
0
LINE
8
BLACK
6
CONTINUOUS
10
6.29717
20
-4.51784
11
6.29941
21
-4.51345
0
LINE
8
BLACK
6
CONTINUOUS
10
6.29941
20
-4.51345
11
6.30289
21
-4.50997
0
LINE
8
BLACK
6
CONTINUOUS
10
6.30289
20
-4.50997
11
6.30728
21
-4.50773
0
LINE
8
BLACK
6
CONTINUOUS
10
6.30728
20
-4.50773
11
6.31215
21
-4.50696
0
LINE
8
BLACK
6
CONTINUOUS
10
6.31215
20
-4.50696
11
6.31701
21
-4.50773
0
LINE
8
BLACK
6
CONTINUOUS
10
5.3956
20
-4.50178
11
5.39999
21
-4.50402
0
LINE
8
BLACK
6
CONTINUOUS
10
5.39999
20
-4.50402
11
5.40348
21
-4.5075
0
LINE
8
BLACK
6
CONTINUOUS
10
5.40348
20
-4.5075
11
5.40572
21
-4.51189
0
LINE
8
BLACK
6
CONTINUOUS
10
5.40572
20
-4.51189
11
5.40649
21
-4.51676
0
LINE
8
BLACK
6
CONTINUOUS
10
5.40649
20
-4.51676
11
5.40572
21
-4.52162
0
LINE
8
BLACK
6
CONTINUOUS
10
5.40572
20
-4.52162
11
5.40348
21
-4.52601
0
LINE
8
BLACK
6
CONTINUOUS
10
5.40348
20
-4.52601
11
5.39999
21
-4.5295
0
LINE
8
BLACK
6
CONTINUOUS
10
5.39999
20
-4.5295
11
5.3956
21
-4.53174
0
LINE
8
BLACK
6
CONTINUOUS
10
5.3956
20
-4.53174
11
5.39074
21
-4.53251
0
LINE
8
BLACK
6
CONTINUOUS
10
5.39074
20
-4.53251
11
5.38587
21
-4.53174
0
LINE
8
BLACK
6
CONTINUOUS
10
5.38587
20
-4.53174
11
5.38148
21
-4.5295
0
LINE
8
BLACK
6
CONTINUOUS
10
5.38148
20
-4.5295
11
5.378
21
-4.52601
0
LINE
8
BLACK
6
CONTINUOUS
10
5.378
20
-4.52601
11
5.37576
21
-4.52162
0
LINE
8
BLACK
6
CONTINUOUS
10
5.37576
20
-4.52162
11
5.37499
21
-4.51676
0
LINE
8
BLACK
6
CONTINUOUS
10
5.37499
20
-4.51676
11
5.37576
21
-4.51189
0
LINE
8
BLACK
6
CONTINUOUS
10
5.37576
20
-4.51189
11
5.378
21
-4.5075
0
LINE
8
BLACK
6
CONTINUOUS
10
5.378
20
-4.5075
11
5.38148
21
-4.50402
0
LINE
8
BLACK
6
CONTINUOUS
10
5.38148
20
-4.50402
11
5.38587
21
-4.50178
0
LINE
8
BLACK
6
CONTINUOUS
10
5.38587
20
-4.50178
11
5.39074
21
-4.50101
0
LINE
8
BLACK
6
CONTINUOUS
10
5.39074
20
-4.50101
11
5.3956
21
-4.50178
0
LINE
8
BLACK
6
CONTINUOUS
10
5.39577
20
-4.44994
11
5.40016
21
-4.45218
0
LINE
8
BLACK
6
CONTINUOUS
10
5.40016
20
-4.45218
11
5.40364
21
-4.45566
0
LINE
8
BLACK
6
CONTINUOUS
10
5.40364
20
-4.45566
11
5.40588
21
-4.46005
0
LINE
8
BLACK
6
CONTINUOUS
10
5.40588
20
-4.46005
11
5.40665
21
-4.46492
0
LINE
8
BLACK
6
CONTINUOUS
10
5.40665
20
-4.46492
11
5.40588
21
-4.46979
0
LINE
8
BLACK
6
CONTINUOUS
10
5.40588
20
-4.46979
11
5.40364
21
-4.47418
0
LINE
8
BLACK
6
CONTINUOUS
10
5.40364
20
-4.47418
11
5.40016
21
-4.47766
0
LINE
8
BLACK
6
CONTINUOUS
10
5.40016
20
-4.47766
11
5.39577
21
-4.4799
0
LINE
8
BLACK
6
CONTINUOUS
10
5.39577
20
-4.4799
11
5.3909
21
-4.48067
0
LINE
8
BLACK
6
CONTINUOUS
10
5.3909
20
-4.48067
11
5.38604
21
-4.4799
0
LINE
8
BLACK
6
CONTINUOUS
10
5.38604
20
-4.4799
11
5.38165
21
-4.47766
0
LINE
8
BLACK
6
CONTINUOUS
10
5.38165
20
-4.47766
11
5.37816
21
-4.47418
0
LINE
8
BLACK
6
CONTINUOUS
10
5.37816
20
-4.47418
11
5.37592
21
-4.46979
0
LINE
8
BLACK
6
CONTINUOUS
10
5.37592
20
-4.46979
11
5.37515
21
-4.46492
0
LINE
8
BLACK
6
CONTINUOUS
10
5.37515
20
-4.46492
11
5.37592
21
-4.46005
0
LINE
8
BLACK
6
CONTINUOUS
10
5.37592
20
-4.46005
11
5.37816
21
-4.45566
0
LINE
8
BLACK
6
CONTINUOUS
10
5.37816
20
-4.45566
11
5.38165
21
-4.45218
0
LINE
8
BLACK
6
CONTINUOUS
10
5.38165
20
-4.45218
11
5.38604
21
-4.44994
0
LINE
8
BLACK
6
CONTINUOUS
10
5.38604
20
-4.44994
11
5.3909
21
-4.44917
0
LINE
8
BLACK
6
CONTINUOUS
10
5.3909
20
-4.44917
11
5.39577
21
-4.44994
0
LINE
8
BLACK
6
CONTINUOUS
10
5.05977
20
-4.33994
11
5.06416
21
-4.34218
0
LINE
8
BLACK
6
CONTINUOUS
10
5.06416
20
-4.34218
11
5.06764
21
-4.34566
0
LINE
8
BLACK
6
CONTINUOUS
10
5.06764
20
-4.34566
11
5.06988
21
-4.35005
0
LINE
8
BLACK
6
CONTINUOUS
10
5.06988
20
-4.35005
11
5.07065
21
-4.35492
0
LINE
8
BLACK
6
CONTINUOUS
10
5.07065
20
-4.35492
11
5.06988
21
-4.35979
0
LINE
8
BLACK
6
CONTINUOUS
10
5.06988
20
-4.35979
11
5.06764
21
-4.36418
0
LINE
8
BLACK
6
CONTINUOUS
10
5.06764
20
-4.36418
11
5.06416
21
-4.36766
0
LINE
8
BLACK
6
CONTINUOUS
10
5.06416
20
-4.36766
11
5.05977
21
-4.3699
0
LINE
8
BLACK
6
CONTINUOUS
10
5.05977
20
-4.3699
11
5.0549
21
-4.37067
0
LINE
8
BLACK
6
CONTINUOUS
10
5.0549
20
-4.37067
11
5.05004
21
-4.3699
0
LINE
8
BLACK
6
CONTINUOUS
10
5.05004
20
-4.3699
11
5.04565
21
-4.36766
0
LINE
8
BLACK
6
CONTINUOUS
10
5.04565
20
-4.36766
11
5.04216
21
-4.36418
0
LINE
8
BLACK
6
CONTINUOUS
10
5.04216
20
-4.36418
11
5.03992
21
-4.35979
0
LINE
8
BLACK
6
CONTINUOUS
10
5.03992
20
-4.35979
11
5.03915
21
-4.35492
0
LINE
8
BLACK
6
CONTINUOUS
10
5.03915
20
-4.35492
11
5.03992
21
-4.35005
0
LINE
8
BLACK
6
CONTINUOUS
10
5.03992
20
-4.35005
11
5.04216
21
-4.34566
0
LINE
8
BLACK
6
CONTINUOUS
10
5.04216
20
-4.34566
11
5.04565
21
-4.34218
0
LINE
8
BLACK
6
CONTINUOUS
10
5.04565
20
-4.34218
11
5.05004
21
-4.33994
0
LINE
8
BLACK
6
CONTINUOUS
10
5.05004
20
-4.33994
11
5.0549
21
-4.33917
0
LINE
8
BLACK
6
CONTINUOUS
10
5.0549
20
-4.33917
11
5.05977
21
-4.33994
0
LINE
8
BLACK
6
CONTINUOUS
10
5.05477
20
-4.28494
11
5.05916
21
-4.28718
0
LINE
8
BLACK
6
CONTINUOUS
10
5.05916
20
-4.28718
11
5.06264
21
-4.29066
0
LINE
8
BLACK
6
CONTINUOUS
10
5.06264
20
-4.29066
11
5.06488
21
-4.29505
0
LINE
8
BLACK
6
CONTINUOUS
10
5.06488
20
-4.29505
11
5.06565
21
-4.29992
0
LINE
8
BLACK
6
CONTINUOUS
10
5.06565
20
-4.29992
11
5.06488
21
-4.30479
0
LINE
8
BLACK
6
CONTINUOUS
10
5.06488
20
-4.30479
11
5.06264
21
-4.30918
0
LINE
8
BLACK
6
CONTINUOUS
10
5.06264
20
-4.30918
11
5.05916
21
-4.31266
0
LINE
8
BLACK
6
CONTINUOUS
10
5.05916
20
-4.31266
11
5.05477
21
-4.3149
0
LINE
8
BLACK
6
CONTINUOUS
10
5.05477
20
-4.3149
11
5.0499
21
-4.31567
0
LINE
8
BLACK
6
CONTINUOUS
10
5.0499
20
-4.31567
11
5.04504
21
-4.3149
0
LINE
8
BLACK
6
CONTINUOUS
10
5.04504
20
-4.3149
11
5.04065
21
-4.31266
0
LINE
8
BLACK
6
CONTINUOUS
10
5.04065
20
-4.31266
11
5.03716
21
-4.30918
0
LINE
8
BLACK
6
CONTINUOUS
10
5.03716
20
-4.30918
11
5.03492
21
-4.30479
0
LINE
8
BLACK
6
CONTINUOUS
10
5.03492
20
-4.30479
11
5.03415
21
-4.29992
0
LINE
8
BLACK
6
CONTINUOUS
10
5.03415
20
-4.29992
11
5.03492
21
-4.29505
0
LINE
8
BLACK
6
CONTINUOUS
10
5.03492
20
-4.29505
11
5.03716
21
-4.29066
0
LINE
8
BLACK
6
CONTINUOUS
10
5.03716
20
-4.29066
11
5.04065
21
-4.28718
0
LINE
8
BLACK
6
CONTINUOUS
10
5.04065
20
-4.28718
11
5.04504
21
-4.28494
0
LINE
8
BLACK
6
CONTINUOUS
10
5.04504
20
-4.28494
11
5.0499
21
-4.28417
0
LINE
8
BLACK
6
CONTINUOUS
10
5.0499
20
-4.28417
11
5.05477
21
-4.28494
0
LINE
8
BLACK
6
CONTINUOUS
10
4.88977
20
-4.32994
11
4.89416
21
-4.33218
0
LINE
8
BLACK
6
CONTINUOUS
10
4.89416
20
-4.33218
11
4.89764
21
-4.33566
0
LINE
8
BLACK
6
CONTINUOUS
10
4.89764
20
-4.33566
11
4.89988
21
-4.34005
0
LINE
8
BLACK
6
CONTINUOUS
10
4.89988
20
-4.34005
11
4.90065
21
-4.34492
0
LINE
8
BLACK
6
CONTINUOUS
10
4.90065
20
-4.34492
11
4.89988
21
-4.34979
0
LINE
8
BLACK
6
CONTINUOUS
10
4.89988
20
-4.34979
11
4.89764
21
-4.35418
0
LINE
8
BLACK
6
CONTINUOUS
10
4.89764
20
-4.35418
11
4.89416
21
-4.35766
0
LINE
8
BLACK
6
CONTINUOUS
10
4.89416
20
-4.35766
11
4.88977
21
-4.3599
0
LINE
8
BLACK
6
CONTINUOUS
10
4.88977
20
-4.3599
11
4.8849
21
-4.36067
0
LINE
8
BLACK
6
CONTINUOUS
10
4.8849
20
-4.36067
11
4.88004
21
-4.3599
0
LINE
8
BLACK
6
CONTINUOUS
10
4.88004
20
-4.3599
11
4.87565
21
-4.35766
0
LINE
8
BLACK
6
CONTINUOUS
10
4.87565
20
-4.35766
11
4.87216
21
-4.35418
0
LINE
8
BLACK
6
CONTINUOUS
10
4.87216
20
-4.35418
11
4.86992
21
-4.34979
0
LINE
8
BLACK
6
CONTINUOUS
10
4.86992
20
-4.34979
11
4.86915
21
-4.34492
0
LINE
8
BLACK
6
CONTINUOUS
10
4.86915
20
-4.34492
11
4.86992
21
-4.34005
0
LINE
8
BLACK
6
CONTINUOUS
10
4.86992
20
-4.34005
11
4.87216
21
-4.33566
0
LINE
8
BLACK
6
CONTINUOUS
10
4.87216
20
-4.33566
11
4.87565
21
-4.33218
0
LINE
8
BLACK
6
CONTINUOUS
10
4.87565
20
-4.33218
11
4.88004
21
-4.32994
0
LINE
8
BLACK
6
CONTINUOUS
10
4.88004
20
-4.32994
11
4.8849
21
-4.32917
0
LINE
8
BLACK
6
CONTINUOUS
10
4.8849
20
-4.32917
11
4.88977
21
-4.32994
0
LINE
8
BLACK
6
CONTINUOUS
10
6.63977
20
-4.29994
11
6.64416
21
-4.30218
0
LINE
8
BLACK
6
CONTINUOUS
10
6.64416
20
-4.30218
11
6.64764
21
-4.30566
0
LINE
8
BLACK
6
CONTINUOUS
10
6.64764
20
-4.30566
11
6.64988
21
-4.31005
0
LINE
8
BLACK
6
CONTINUOUS
10
6.64988
20
-4.31005
11
6.65065
21
-4.31492
0
LINE
8
BLACK
6
CONTINUOUS
10
6.65065
20
-4.31492
11
6.64988
21
-4.31979
0
LINE
8
BLACK
6
CONTINUOUS
10
6.64988
20
-4.31979
11
6.64764
21
-4.32418
0
LINE
8
BLACK
6
CONTINUOUS
10
6.64764
20
-4.32418
11
6.64416
21
-4.32766
0
LINE
8
BLACK
6
CONTINUOUS
10
6.64416
20
-4.32766
11
6.63977
21
-4.3299
0
LINE
8
BLACK
6
CONTINUOUS
10
6.63977
20
-4.3299
11
6.6349
21
-4.33067
0
LINE
8
BLACK
6
CONTINUOUS
10
6.6349
20
-4.33067
11
6.63004
21
-4.3299
0
LINE
8
BLACK
6
CONTINUOUS
10
6.63004
20
-4.3299
11
6.62565
21
-4.32766
0
LINE
8
BLACK
6
CONTINUOUS
10
6.62565
20
-4.32766
11
6.62216
21
-4.32418
0
LINE
8
BLACK
6
CONTINUOUS
10
6.62216
20
-4.32418
11
6.61992
21
-4.31979
0
LINE
8
BLACK
6
CONTINUOUS
10
6.61992
20
-4.31979
11
6.61915
21
-4.31492
0
LINE
8
BLACK
6
CONTINUOUS
10
6.61915
20
-4.31492
11
6.61992
21
-4.31005
0
LINE
8
BLACK
6
CONTINUOUS
10
6.61992
20
-4.31005
11
6.62216
21
-4.30566
0
LINE
8
BLACK
6
CONTINUOUS
10
6.62216
20
-4.30566
11
6.62565
21
-4.30218
0
LINE
8
BLACK
6
CONTINUOUS
10
6.62565
20
-4.30218
11
6.63004
21
-4.29994
0
LINE
8
BLACK
6
CONTINUOUS
10
6.63004
20
-4.29994
11
6.6349
21
-4.29917
0
LINE
8
BLACK
6
CONTINUOUS
10
6.6349
20
-4.29917
11
6.63977
21
-4.29994
0
LINE
8
BLACK
6
CONTINUOUS
10
4.88477
20
-4.24994
11
4.88916
21
-4.25218
0
LINE
8
BLACK
6
CONTINUOUS
10
4.88916
20
-4.25218
11
4.89264
21
-4.25566
0
LINE
8
BLACK
6
CONTINUOUS
10
4.89264
20
-4.25566
11
4.89488
21
-4.26005
0
LINE
8
BLACK
6
CONTINUOUS
10
4.89488
20
-4.26005
11
4.89565
21
-4.26492
0
LINE
8
BLACK
6
CONTINUOUS
10
4.89565
20
-4.26492
11
4.89488
21
-4.26979
0
LINE
8
BLACK
6
CONTINUOUS
10
4.89488
20
-4.26979
11
4.89264
21
-4.27418
0
LINE
8
BLACK
6
CONTINUOUS
10
4.89264
20
-4.27418
11
4.88916
21
-4.27766
0
LINE
8
BLACK
6
CONTINUOUS
10
4.88916
20
-4.27766
11
4.88477
21
-4.2799
0
LINE
8
BLACK
6
CONTINUOUS
10
4.88477
20
-4.2799
11
4.8799
21
-4.28067
0
LINE
8
BLACK
6
CONTINUOUS
10
4.8799
20
-4.28067
11
4.87504
21
-4.2799
0
LINE
8
BLACK
6
CONTINUOUS
10
4.87504
20
-4.2799
11
4.87065
21
-4.27766
0
LINE
8
BLACK
6
CONTINUOUS
10
4.87065
20
-4.27766
11
4.86716
21
-4.27418
0
LINE
8
BLACK
6
CONTINUOUS
10
4.86716
20
-4.27418
11
4.86492
21
-4.26979
0
LINE
8
BLACK
6
CONTINUOUS
10
4.86492
20
-4.26979
11
4.86415
21
-4.26492
0
LINE
8
BLACK
6
CONTINUOUS
10
4.86415
20
-4.26492
11
4.86492
21
-4.26005
0
LINE
8
BLACK
6
CONTINUOUS
10
4.86492
20
-4.26005
11
4.86716
21
-4.25566
0
LINE
8
BLACK
6
CONTINUOUS
10
4.86716
20
-4.25566
11
4.87065
21
-4.25218
0
LINE
8
BLACK
6
CONTINUOUS
10
4.87065
20
-4.25218
11
4.87504
21
-4.24994
0
LINE
8
BLACK
6
CONTINUOUS
10
4.87504
20
-4.24994
11
4.8799
21
-4.24917
0
LINE
8
BLACK
6
CONTINUOUS
10
4.8799
20
-4.24917
11
4.88477
21
-4.24994
0
LINE
8
BLACK
6
CONTINUOUS
10
4.88977
20
-4.16994
11
4.89416
21
-4.17218
0
LINE
8
BLACK
6
CONTINUOUS
10
4.89416
20
-4.17218
11
4.89764
21
-4.17566
0
LINE
8
BLACK
6
CONTINUOUS
10
4.89764
20
-4.17566
11
4.89988
21
-4.18005
0
LINE
8
BLACK
6
CONTINUOUS
10
4.89988
20
-4.18005
11
4.90065
21
-4.18492
0
LINE
8
BLACK
6
CONTINUOUS
10
4.90065
20
-4.18492
11
4.89988
21
-4.18979
0
LINE
8
BLACK
6
CONTINUOUS
10
4.89988
20
-4.18979
11
4.89764
21
-4.19418
0
LINE
8
BLACK
6
CONTINUOUS
10
4.89764
20
-4.19418
11
4.89416
21
-4.19766
0
LINE
8
BLACK
6
CONTINUOUS
10
4.89416
20
-4.19766
11
4.88977
21
-4.1999
0
LINE
8
BLACK
6
CONTINUOUS
10
4.88977
20
-4.1999
11
4.8849
21
-4.20067
0
LINE
8
BLACK
6
CONTINUOUS
10
4.8849
20
-4.20067
11
4.88004
21
-4.1999
0
LINE
8
BLACK
6
CONTINUOUS
10
4.88004
20
-4.1999
11
4.87565
21
-4.19766
0
LINE
8
BLACK
6
CONTINUOUS
10
4.87565
20
-4.19766
11
4.87216
21
-4.19418
0
LINE
8
BLACK
6
CONTINUOUS
10
4.87216
20
-4.19418
11
4.86992
21
-4.18979
0
LINE
8
BLACK
6
CONTINUOUS
10
4.86992
20
-4.18979
11
4.86915
21
-4.18492
0
LINE
8
BLACK
6
CONTINUOUS
10
4.86915
20
-4.18492
11
4.86992
21
-4.18005
0
LINE
8
BLACK
6
CONTINUOUS
10
4.86992
20
-4.18005
11
4.87216
21
-4.17566
0
LINE
8
BLACK
6
CONTINUOUS
10
4.87216
20
-4.17566
11
4.87565
21
-4.17218
0
LINE
8
BLACK
6
CONTINUOUS
10
4.87565
20
-4.17218
11
4.88004
21
-4.16994
0
LINE
8
BLACK
6
CONTINUOUS
10
4.88004
20
-4.16994
11
4.8849
21
-4.16917
0
LINE
8
BLACK
6
CONTINUOUS
10
4.8849
20
-4.16917
11
4.88977
21
-4.16994
0
LINE
8
BLACK
6
CONTINUOUS
10
5.79977
20
-4.10994
11
5.80416
21
-4.11218
0
LINE
8
BLACK
6
CONTINUOUS
10
5.80416
20
-4.11218
11
5.80764
21
-4.11566
0
LINE
8
BLACK
6
CONTINUOUS
10
5.80764
20
-4.11566
11
5.80988
21
-4.12005
0
LINE
8
BLACK
6
CONTINUOUS
10
5.80988
20
-4.12005
11
5.81065
21
-4.12492
0
LINE
8
BLACK
6
CONTINUOUS
10
5.81065
20
-4.12492
11
5.80988
21
-4.12979
0
LINE
8
BLACK
6
CONTINUOUS
10
5.80988
20
-4.12979
11
5.80764
21
-4.13418
0
LINE
8
BLACK
6
CONTINUOUS
10
5.80764
20
-4.13418
11
5.80416
21
-4.13766
0
LINE
8
BLACK
6
CONTINUOUS
10
5.80416
20
-4.13766
11
5.79977
21
-4.1399
0
LINE
8
BLACK
6
CONTINUOUS
10
5.79977
20
-4.1399
11
5.7949
21
-4.14067
0
LINE
8
BLACK
6
CONTINUOUS
10
5.7949
20
-4.14067
11
5.79004
21
-4.1399
0
LINE
8
BLACK
6
CONTINUOUS
10
5.79004
20
-4.1399
11
5.78565
21
-4.13766
0
LINE
8
BLACK
6
CONTINUOUS
10
5.78565
20
-4.13766
11
5.78216
21
-4.13418
0
LINE
8
BLACK
6
CONTINUOUS
10
5.78216
20
-4.13418
11
5.77992
21
-4.12979
0
LINE
8
BLACK
6
CONTINUOUS
10
5.77992
20
-4.12979
11
5.77915
21
-4.12492
0
LINE
8
BLACK
6
CONTINUOUS
10
5.77915
20
-4.12492
11
5.77992
21
-4.12005
0
LINE
8
BLACK
6
CONTINUOUS
10
5.77992
20
-4.12005
11
5.78216
21
-4.11566
0
LINE
8
BLACK
6
CONTINUOUS
10
5.78216
20
-4.11566
11
5.78565
21
-4.11218
0
LINE
8
BLACK
6
CONTINUOUS
10
5.78565
20
-4.11218
11
5.79004
21
-4.10994
0
LINE
8
BLACK
6
CONTINUOUS
10
5.79004
20
-4.10994
11
5.7949
21
-4.10917
0
LINE
8
BLACK
6
CONTINUOUS
10
5.7949
20
-4.10917
11
5.79977
21
-4.10994
0
LINE
8
BLACK
6
CONTINUOUS
10
5.2763
20
-3.24936
11
5.28069
21
-3.2516
0
LINE
8
BLACK
6
CONTINUOUS
10
5.28069
20
-3.2516
11
5.28418
21
-3.25508
0
LINE
8
BLACK
6
CONTINUOUS
10
5.28418
20
-3.25508
11
5.28641
21
-3.25947
0
LINE
8
BLACK
6
CONTINUOUS
10
5.28641
20
-3.25947
11
5.28719
21
-3.26434
0
LINE
8
BLACK
6
CONTINUOUS
10
5.28719
20
-3.26434
11
5.28641
21
-3.26921
0
LINE
8
BLACK
6
CONTINUOUS
10
5.28641
20
-3.26921
11
5.28418
21
-3.2736
0
LINE
8
BLACK
6
CONTINUOUS
10
5.28418
20
-3.2736
11
5.28128
21
-3.27649
0
LINE
8
BLACK
6
CONTINUOUS
10
5.28128
20
-3.27649
11
5.28128
21
-3.27738
0
LINE
8
BLACK
6
CONTINUOUS
10
5.28128
20
-3.27738
11
5.41186
21
-3.40796
0
LINE
8
BLACK
6
CONTINUOUS
10
5.41186
20
-3.40796
11
5.41399
21
-3.41115
0
LINE
8
BLACK
6
CONTINUOUS
10
5.41399
20
-3.41115
11
5.41474
21
-3.41492
0
LINE
8
BLACK
6
CONTINUOUS
10
5.41474
20
-3.41492
11
5.41474
21
-3.58492
0
LINE
8
BLACK
6
CONTINUOUS
10
5.41474
20
-3.58492
11
5.41399
21
-3.58869
0
LINE
8
BLACK
6
CONTINUOUS
10
5.41399
20
-3.58869
11
5.41186
21
-3.59188
0
LINE
8
BLACK
6
CONTINUOUS
10
5.41186
20
-3.59188
11
5.41186
21
-3.59188
0
LINE
8
BLACK
6
CONTINUOUS
10
5.41186
20
-3.59188
11
5.2854
21
-3.71834
0
LINE
8
BLACK
6
CONTINUOUS
10
5.2854
20
-3.71834
11
5.28565
21
-3.71992
0
LINE
8
BLACK
6
CONTINUOUS
10
5.28565
20
-3.71992
11
5.28488
21
-3.72479
0
LINE
8
BLACK
6
CONTINUOUS
10
5.28488
20
-3.72479
11
5.28264
21
-3.72918
0
LINE
8
BLACK
6
CONTINUOUS
10
5.28264
20
-3.72918
11
5.27916
21
-3.73266
0
LINE
8
BLACK
6
CONTINUOUS
10
5.27916
20
-3.73266
11
5.27477
21
-3.7349
0
LINE
8
BLACK
6
CONTINUOUS
10
5.27477
20
-3.7349
11
5.2699
21
-3.73567
0
LINE
8
BLACK
6
CONTINUOUS
10
5.2699
20
-3.73567
11
5.26504
21
-3.7349
0
LINE
8
BLACK
6
CONTINUOUS
10
5.26504
20
-3.7349
11
5.26065
21
-3.73266
0
LINE
8
BLACK
6
CONTINUOUS
10
5.26065
20
-3.73266
11
5.25716
21
-3.72918
0
LINE
8
BLACK
6
CONTINUOUS
10
5.25716
20
-3.72918
11
5.25492
21
-3.72479
0
LINE
8
BLACK
6
CONTINUOUS
10
5.25492
20
-3.72479
11
5.25415
21
-3.71992
0
LINE
8
BLACK
6
CONTINUOUS
10
5.25415
20
-3.71992
11
5.25492
21
-3.71505
0
LINE
8
BLACK
6
CONTINUOUS
10
5.25492
20
-3.71505
11
5.25716
21
-3.71066
0
LINE
8
BLACK
6
CONTINUOUS
10
5.25716
20
-3.71066
11
5.26065
21
-3.70718
0
LINE
8
BLACK
6
CONTINUOUS
10
5.26065
20
-3.70718
11
5.26504
21
-3.70494
0
LINE
8
BLACK
6
CONTINUOUS
10
5.26504
20
-3.70494
11
5.2699
21
-3.70417
0
LINE
8
BLACK
6
CONTINUOUS
10
5.2699
20
-3.70417
11
5.27148
21
-3.70442
0
LINE
8
BLACK
6
CONTINUOUS
10
5.27148
20
-3.70442
11
5.39506
21
-3.58084
0
LINE
8
BLACK
6
CONTINUOUS
10
5.39506
20
-3.58084
11
5.39506
21
-3.419
0
LINE
8
BLACK
6
CONTINUOUS
10
5.39506
20
-3.419
11
5.26448
21
-3.28842
0
LINE
8
BLACK
6
CONTINUOUS
10
5.26448
20
-3.28842
11
5.26234
21
-3.28522
0
LINE
8
BLACK
6
CONTINUOUS
10
5.26234
20
-3.28522
11
5.26159
21
-3.28146
0
LINE
8
BLACK
6
CONTINUOUS
10
5.26159
20
-3.28146
11
5.26159
21
-3.27649
0
LINE
8
BLACK
6
CONTINUOUS
10
5.26159
20
-3.27649
11
5.2587
21
-3.2736
0
LINE
8
BLACK
6
CONTINUOUS
10
5.2587
20
-3.2736
11
5.25646
21
-3.26921
0
LINE
8
BLACK
6
CONTINUOUS
10
5.25646
20
-3.26921
11
5.25569
21
-3.26434
0
LINE
8
BLACK
6
CONTINUOUS
10
5.25569
20
-3.26434
11
5.25646
21
-3.25947
0
LINE
8
BLACK
6
CONTINUOUS
10
5.25646
20
-3.25947
11
5.2587
21
-3.25508
0
LINE
8
BLACK
6
CONTINUOUS
10
5.2587
20
-3.25508
11
5.26218
21
-3.2516
0
LINE
8
BLACK
6
CONTINUOUS
10
5.26218
20
-3.2516
11
5.26657
21
-3.24936
0
LINE
8
BLACK
6
CONTINUOUS
10
5.26657
20
-3.24936
11
5.27144
21
-3.24859
0
LINE
8
BLACK
6
CONTINUOUS
10
5.27144
20
-3.24859
11
5.2763
21
-3.24936
0
LINE
8
BLACK
6
CONTINUOUS
10
5.40644
20
-3.12161
11
5.42144
21
-3.12161
0
LINE
8
BLACK
6
CONTINUOUS
10
5.42144
20
-3.12161
11
5.4252
21
-3.12236
0
LINE
8
BLACK
6
CONTINUOUS
10
5.4252
20
-3.12236
11
5.4284
21
-3.1245
0
LINE
8
BLACK
6
CONTINUOUS
10
5.4284
20
-3.1245
11
5.45332
21
-3.14942
0
LINE
8
BLACK
6
CONTINUOUS
10
5.45332
20
-3.14942
11
5.4549
21
-3.14917
0
LINE
8
BLACK
6
CONTINUOUS
10
5.4549
20
-3.14917
11
5.45977
21
-3.14994
0
LINE
8
BLACK
6
CONTINUOUS
10
5.45977
20
-3.14994
11
5.46416
21
-3.15218
0
LINE
8
BLACK
6
CONTINUOUS
10
5.46416
20
-3.15218
11
5.46764
21
-3.15566
0
LINE
8
BLACK
6
CONTINUOUS
10
5.46764
20
-3.15566
11
5.46988
21
-3.16005
0
LINE
8
BLACK
6
CONTINUOUS
10
5.46988
20
-3.16005
11
5.47065
21
-3.16492
0
LINE
8
BLACK
6
CONTINUOUS
10
5.47065
20
-3.16492
11
5.46988
21
-3.16979
0
LINE
8
BLACK
6
CONTINUOUS
10
5.46988
20
-3.16979
11
5.46764
21
-3.17418
0
LINE
8
BLACK
6
CONTINUOUS
10
5.46764
20
-3.17418
11
5.46416
21
-3.17766
0
LINE
8
BLACK
6
CONTINUOUS
10
5.46416
20
-3.17766
11
5.45977
21
-3.1799
0
LINE
8
BLACK
6
CONTINUOUS
10
5.45977
20
-3.1799
11
5.4549
21
-3.18067
0
LINE
8
BLACK
6
CONTINUOUS
10
5.4549
20
-3.18067
11
5.45004
21
-3.1799
0
LINE
8
BLACK
6
CONTINUOUS
10
5.45004
20
-3.1799
11
5.44565
21
-3.17766
0
LINE
8
BLACK
6
CONTINUOUS
10
5.44565
20
-3.17766
11
5.44216
21
-3.17418
0
LINE
8
BLACK
6
CONTINUOUS
10
5.44216
20
-3.17418
11
5.43992
21
-3.16979
0
LINE
8
BLACK
6
CONTINUOUS
10
5.43992
20
-3.16979
11
5.43915
21
-3.16492
0
LINE
8
BLACK
6
CONTINUOUS
10
5.43915
20
-3.16492
11
5.4394
21
-3.16334
0
LINE
8
BLACK
6
CONTINUOUS
10
5.4394
20
-3.16334
11
5.41736
21
-3.1413
0
LINE
8
BLACK
6
CONTINUOUS
10
5.41736
20
-3.1413
11
5.40644
21
-3.1413
0
LINE
8
BLACK
6
CONTINUOUS
10
5.40644
20
-3.1413
11
5.32792
21
-3.1413
0
LINE
8
BLACK
6
CONTINUOUS
10
5.32792
20
-3.1413
11
5.31474
21
-3.15447
0
LINE
8
BLACK
6
CONTINUOUS
10
5.31474
20
-3.15447
11
5.31474
21
-3.27084
0
LINE
8
BLACK
6
CONTINUOUS
10
5.31474
20
-3.27084
11
5.46686
21
-3.42296
0
LINE
8
BLACK
6
CONTINUOUS
10
5.46686
20
-3.42296
11
5.46899
21
-3.42615
0
LINE
8
BLACK
6
CONTINUOUS
10
5.46899
20
-3.42615
11
5.46974
21
-3.42992
0
LINE
8
BLACK
6
CONTINUOUS
10
5.46974
20
-3.42992
11
5.46974
21
-3.42992
0
LINE
8
BLACK
6
CONTINUOUS
10
5.46974
20
-3.42992
11
5.46974
21
-3.70777
0
LINE
8
BLACK
6
CONTINUOUS
10
5.46974
20
-3.70777
11
5.47264
21
-3.71066
0
LINE
8
BLACK
6
CONTINUOUS
10
5.47264
20
-3.71066
11
5.47488
21
-3.71505
0
LINE
8
BLACK
6
CONTINUOUS
10
5.47488
20
-3.71505
11
5.47565
21
-3.71992
0
LINE
8
BLACK
6
CONTINUOUS
10
5.47565
20
-3.71992
11
5.47488
21
-3.72479
0
LINE
8
BLACK
6
CONTINUOUS
10
5.47488
20
-3.72479
11
5.47264
21
-3.72918
0
LINE
8
BLACK
6
CONTINUOUS
10
5.47264
20
-3.72918
11
5.46916
21
-3.73266
0
LINE
8
BLACK
6
CONTINUOUS
10
5.46916
20
-3.73266
11
5.46477
21
-3.7349
0
LINE
8
BLACK
6
CONTINUOUS
10
5.46477
20
-3.7349
11
5.4599
21
-3.73567
0
LINE
8
BLACK
6
CONTINUOUS
10
5.4599
20
-3.73567
11
5.45504
21
-3.7349
0
LINE
8
BLACK
6
CONTINUOUS
10
5.45504
20
-3.7349
11
5.45065
21
-3.73266
0
LINE
8
BLACK
6
CONTINUOUS
10
5.45065
20
-3.73266
11
5.44716
21
-3.72918
0
LINE
8
BLACK
6
CONTINUOUS
10
5.44716
20
-3.72918
11
5.44492
21
-3.72479
0
LINE
8
BLACK
6
CONTINUOUS
10
5.44492
20
-3.72479
11
5.44415
21
-3.71992
0
LINE
8
BLACK
6
CONTINUOUS
10
5.44415
20
-3.71992
11
5.44492
21
-3.71505
0
LINE
8
BLACK
6
CONTINUOUS
10
5.44492
20
-3.71505
11
5.44716
21
-3.71066
0
LINE
8
BLACK
6
CONTINUOUS
10
5.44716
20
-3.71066
11
5.45006
21
-3.70777
0
LINE
8
BLACK
6
CONTINUOUS
10
5.45006
20
-3.70777
11
5.45006
21
-3.434
0
LINE
8
BLACK
6
CONTINUOUS
10
5.45006
20
-3.434
11
5.29794
21
-3.28188
0
LINE
8
BLACK
6
CONTINUOUS
10
5.29794
20
-3.28188
11
5.29581
21
-3.27869
0
LINE
8
BLACK
6
CONTINUOUS
10
5.29581
20
-3.27869
11
5.29506
21
-3.27492
0
LINE
8
BLACK
6
CONTINUOUS
10
5.29506
20
-3.27492
11
5.29506
21
-3.15039
0
LINE
8
BLACK
6
CONTINUOUS
10
5.29506
20
-3.15039
11
5.29581
21
-3.14663
0
LINE
8
BLACK
6
CONTINUOUS
10
5.29581
20
-3.14663
11
5.29794
21
-3.14343
0
LINE
8
BLACK
6
CONTINUOUS
10
5.29794
20
-3.14343
11
5.31688
21
-3.1245
0
LINE
8
BLACK
6
CONTINUOUS
10
5.31688
20
-3.1245
11
5.31688
21
-3.1245
0
LINE
8
BLACK
6
CONTINUOUS
10
5.31688
20
-3.1245
11
5.32007
21
-3.12236
0
LINE
8
BLACK
6
CONTINUOUS
10
5.32007
20
-3.12236
11
5.32384
21
-3.12161
0
LINE
8
BLACK
6
CONTINUOUS
10
5.32384
20
-3.12161
11
5.40644
21
-3.12161
0
LINE
8
BLACK
6
CONTINUOUS
10
5.34477
20
-3.14994
11
5.34916
21
-3.15218
0
LINE
8
BLACK
6
CONTINUOUS
10
5.34916
20
-3.15218
11
5.35264
21
-3.15566
0
LINE
8
BLACK
6
CONTINUOUS
10
5.35264
20
-3.15566
11
5.35488
21
-3.16005
0
LINE
8
BLACK
6
CONTINUOUS
10
5.35488
20
-3.16005
11
5.35565
21
-3.16492
0
LINE
8
BLACK
6
CONTINUOUS
10
5.35565
20
-3.16492
11
5.35488
21
-3.16979
0
LINE
8
BLACK
6
CONTINUOUS
10
5.35488
20
-3.16979
11
5.35264
21
-3.17418
0
LINE
8
BLACK
6
CONTINUOUS
10
5.35264
20
-3.17418
11
5.34974
21
-3.17708
0
LINE
8
BLACK
6
CONTINUOUS
10
5.34974
20
-3.17708
11
5.34974
21
-3.25537
0
LINE
8
BLACK
6
CONTINUOUS
10
5.34974
20
-3.25537
11
5.58099
21
-3.48661
0
LINE
8
BLACK
6
CONTINUOUS
10
5.58099
20
-3.48661
11
5.63144
21
-3.48661
0
LINE
8
BLACK
6
CONTINUOUS
10
5.63144
20
-3.48661
11
5.6352
21
-3.48736
0
LINE
8
BLACK
6
CONTINUOUS
10
5.6352
20
-3.48736
11
5.6384
21
-3.4895
0
LINE
8
BLACK
6
CONTINUOUS
10
5.6384
20
-3.4895
11
5.74832
21
-3.59942
0
LINE
8
BLACK
6
CONTINUOUS
10
5.74832
20
-3.59942
11
5.7499
21
-3.59917
0
LINE
8
BLACK
6
CONTINUOUS
10
5.7499
20
-3.59917
11
5.75477
21
-3.59994
0
LINE
8
BLACK
6
CONTINUOUS
10
5.75477
20
-3.59994
11
5.75916
21
-3.60218
0
LINE
8
BLACK
6
CONTINUOUS
10
5.75916
20
-3.60218
11
5.76264
21
-3.60566
0
LINE
8
BLACK
6
CONTINUOUS
10
5.76264
20
-3.60566
11
5.76488
21
-3.61005
0
LINE
8
BLACK
6
CONTINUOUS
10
5.76488
20
-3.61005
11
5.76565
21
-3.61492
0
LINE
8
BLACK
6
CONTINUOUS
10
5.76565
20
-3.61492
11
5.76488
21
-3.61979
0
LINE
8
BLACK
6
CONTINUOUS
10
5.76488
20
-3.61979
11
5.76264
21
-3.62418
0
LINE
8
BLACK
6
CONTINUOUS
10
5.76264
20
-3.62418
11
5.75916
21
-3.62766
0
LINE
8
BLACK
6
CONTINUOUS
10
5.75916
20
-3.62766
11
5.75477
21
-3.6299
0
LINE
8
BLACK
6
CONTINUOUS
10
5.75477
20
-3.6299
11
5.7499
21
-3.63067
0
LINE
8
BLACK
6
CONTINUOUS
10
5.7499
20
-3.63067
11
5.74504
21
-3.6299
0
LINE
8
BLACK
6
CONTINUOUS
10
5.74504
20
-3.6299
11
5.74065
21
-3.62766
0
LINE
8
BLACK
6
CONTINUOUS
10
5.74065
20
-3.62766
11
5.73716
21
-3.62418
0
LINE
8
BLACK
6
CONTINUOUS
10
5.73716
20
-3.62418
11
5.73492
21
-3.61979
0
LINE
8
BLACK
6
CONTINUOUS
10
5.73492
20
-3.61979
11
5.73415
21
-3.61492
0
LINE
8
BLACK
6
CONTINUOUS
10
5.73415
20
-3.61492
11
5.7344
21
-3.61334
0
LINE
8
BLACK
6
CONTINUOUS
10
5.7344
20
-3.61334
11
5.62736
21
-3.5063
0
LINE
8
BLACK
6
CONTINUOUS
10
5.62736
20
-3.5063
11
5.57691
21
-3.5063
0
LINE
8
BLACK
6
CONTINUOUS
10
5.57691
20
-3.5063
11
5.57314
21
-3.50555
0
LINE
8
BLACK
6
CONTINUOUS
10
5.57314
20
-3.50555
11
5.56995
21
-3.50342
0
LINE
8
BLACK
6
CONTINUOUS
10
5.56995
20
-3.50342
11
5.56995
21
-3.50342
0
LINE
8
BLACK
6
CONTINUOUS
10
5.56995
20
-3.50342
11
5.33294
21
-3.26641
0
LINE
8
BLACK
6
CONTINUOUS
10
5.33294
20
-3.26641
11
5.33081
21
-3.26322
0
LINE
8
BLACK
6
CONTINUOUS
10
5.33081
20
-3.26322
11
5.33006
21
-3.25945
0
LINE
8
BLACK
6
CONTINUOUS
10
5.33006
20
-3.25945
11
5.33006
21
-3.17708
0
LINE
8
BLACK
6
CONTINUOUS
10
5.33006
20
-3.17708
11
5.32716
21
-3.17418
0
LINE
8
BLACK
6
CONTINUOUS
10
5.32716
20
-3.17418
11
5.32492
21
-3.16979
0
LINE
8
BLACK
6
CONTINUOUS
10
5.32492
20
-3.16979
11
5.32415
21
-3.16492
0
LINE
8
BLACK
6
CONTINUOUS
10
5.32415
20
-3.16492
11
5.32492
21
-3.16005
0
LINE
8
BLACK
6
CONTINUOUS
10
5.32492
20
-3.16005
11
5.32716
21
-3.15566
0
LINE
8
BLACK
6
CONTINUOUS
10
5.32716
20
-3.15566
11
5.33065
21
-3.15218
0
LINE
8
BLACK
6
CONTINUOUS
10
5.33065
20
-3.15218
11
5.33504
21
-3.14994
0
LINE
8
BLACK
6
CONTINUOUS
10
5.33504
20
-3.14994
11
5.3399
21
-3.14917
0
LINE
8
BLACK
6
CONTINUOUS
10
5.3399
20
-3.14917
11
5.34477
21
-3.14994
0
LINE
8
BLACK
6
CONTINUOUS
10
5.39977
20
-3.14994
11
5.40416
21
-3.15218
0
LINE
8
BLACK
6
CONTINUOUS
10
5.40416
20
-3.15218
11
5.40764
21
-3.15566
0
LINE
8
BLACK
6
CONTINUOUS
10
5.40764
20
-3.15566
11
5.40988
21
-3.16005
0
LINE
8
BLACK
6
CONTINUOUS
10
5.40988
20
-3.16005
11
5.41065
21
-3.16492
0
LINE
8
BLACK
6
CONTINUOUS
10
5.41065
20
-3.16492
11
5.40988
21
-3.16979
0
LINE
8
BLACK
6
CONTINUOUS
10
5.40988
20
-3.16979
11
5.40764
21
-3.17418
0
LINE
8
BLACK
6
CONTINUOUS
10
5.40764
20
-3.17418
11
5.40474
21
-3.17708
0
LINE
8
BLACK
6
CONTINUOUS
10
5.40474
20
-3.17708
11
5.40474
21
-3.21492
0
LINE
8
BLACK
6
CONTINUOUS
10
5.40474
20
-3.21492
11
5.40474
21
-3.27084
0
LINE
8
BLACK
6
CONTINUOUS
10
5.40474
20
-3.27084
11
5.44186
21
-3.30796
0
LINE
8
BLACK
6
CONTINUOUS
10
5.44186
20
-3.30796
11
5.58898
21
-3.45508
0
LINE
8
BLACK
6
CONTINUOUS
10
5.58898
20
-3.45508
11
5.65535
21
-3.45508
0
LINE
8
BLACK
6
CONTINUOUS
10
5.65535
20
-3.45508
11
5.65912
21
-3.45583
0
LINE
8
BLACK
6
CONTINUOUS
10
5.65912
20
-3.45583
11
5.66231
21
-3.45796
0
LINE
8
BLACK
6
CONTINUOUS
10
5.66231
20
-3.45796
11
5.77857
21
-3.57422
0
LINE
8
BLACK
6
CONTINUOUS
10
5.77857
20
-3.57422
11
5.78015
21
-3.57397
0
LINE
8
BLACK
6
CONTINUOUS
10
5.78015
20
-3.57397
11
5.78501
21
-3.57474
0
LINE
8
BLACK
6
CONTINUOUS
10
5.78501
20
-3.57474
11
5.7894
21
-3.57698
0
LINE
8
BLACK
6
CONTINUOUS
10
5.7894
20
-3.57698
11
5.79289
21
-3.58046
0
LINE
8
BLACK
6
CONTINUOUS
10
5.79289
20
-3.58046
11
5.79512
21
-3.58485
0
LINE
8
BLACK
6
CONTINUOUS
10
5.79512
20
-3.58485
11
5.79589
21
-3.58972
0
LINE
8
BLACK
6
CONTINUOUS
10
5.79589
20
-3.58972
11
5.79512
21
-3.59458
0
LINE
8
BLACK
6
CONTINUOUS
10
5.79512
20
-3.59458
11
5.79289
21
-3.59897
0
LINE
8
BLACK
6
CONTINUOUS
10
5.79289
20
-3.59897
11
5.7894
21
-3.60246
0
LINE
8
BLACK
6
CONTINUOUS
10
5.7894
20
-3.60246
11
5.78501
21
-3.60469
0
LINE
8
BLACK
6
CONTINUOUS
10
5.78501
20
-3.60469
11
5.78015
21
-3.60547
0
LINE
8
BLACK
6
CONTINUOUS
10
5.78015
20
-3.60547
11
5.77528
21
-3.60469
0
LINE
8
BLACK
6
CONTINUOUS
10
5.77528
20
-3.60469
11
5.77089
21
-3.60246
0
LINE
8
BLACK
6
CONTINUOUS
10
5.77089
20
-3.60246
11
5.76741
21
-3.59897
0
LINE
8
BLACK
6
CONTINUOUS
10
5.76741
20
-3.59897
11
5.76517
21
-3.59458
0
LINE
8
BLACK
6
CONTINUOUS
10
5.76517
20
-3.59458
11
5.7644
21
-3.58972
0
LINE
8
BLACK
6
CONTINUOUS
10
5.7644
20
-3.58972
11
5.76465
21
-3.58814
0
LINE
8
BLACK
6
CONTINUOUS
10
5.76465
20
-3.58814
11
5.65127
21
-3.47476
0
LINE
8
BLACK
6
CONTINUOUS
10
5.65127
20
-3.47476
11
5.5849
21
-3.47476
0
LINE
8
BLACK
6
CONTINUOUS
10
5.5849
20
-3.47476
11
5.5849
21
-3.47476
0
LINE
8
BLACK
6
CONTINUOUS
10
5.5849
20
-3.47476
11
5.58113
21
-3.47401
0
LINE
8
BLACK
6
CONTINUOUS
10
5.58113
20
-3.47401
11
5.57794
21
-3.47188
0
LINE
8
BLACK
6
CONTINUOUS
10
5.57794
20
-3.47188
11
5.57794
21
-3.47188
0
LINE
8
BLACK
6
CONTINUOUS
10
5.57794
20
-3.47188
11
5.42794
21
-3.32188
0
LINE
8
BLACK
6
CONTINUOUS
10
5.42794
20
-3.32188
11
5.38794
21
-3.28188
0
LINE
8
BLACK
6
CONTINUOUS
10
5.38794
20
-3.28188
11
5.38581
21
-3.27869
0
LINE
8
BLACK
6
CONTINUOUS
10
5.38581
20
-3.27869
11
5.38506
21
-3.27492
0
LINE
8
BLACK
6
CONTINUOUS
10
5.38506
20
-3.27492
11
5.38506
21
-3.21492
0
LINE
8
BLACK
6
CONTINUOUS
10
5.38506
20
-3.21492
11
5.38506
21
-3.17708
0
LINE
8
BLACK
6
CONTINUOUS
10
5.38506
20
-3.17708
11
5.38216
21
-3.17418
0
LINE
8
BLACK
6
CONTINUOUS
10
5.38216
20
-3.17418
11
5.37992
21
-3.16979
0
LINE
8
BLACK
6
CONTINUOUS
10
5.37992
20
-3.16979
11
5.37915
21
-3.16492
0
LINE
8
BLACK
6
CONTINUOUS
10
5.37915
20
-3.16492
11
5.37992
21
-3.16005
0
LINE
8
BLACK
6
CONTINUOUS
10
5.37992
20
-3.16005
11
5.38216
21
-3.15566
0
LINE
8
BLACK
6
CONTINUOUS
10
5.38216
20
-3.15566
11
5.38565
21
-3.15218
0
LINE
8
BLACK
6
CONTINUOUS
10
5.38565
20
-3.15218
11
5.39004
21
-3.14994
0
LINE
8
BLACK
6
CONTINUOUS
10
5.39004
20
-3.14994
11
5.3949
21
-3.14917
0
LINE
8
BLACK
6
CONTINUOUS
10
5.3949
20
-3.14917
11
5.39977
21
-3.14994
0
LINE
8
BLACK
6
CONTINUOUS
10
5.31741
20
-3.37711
11
5.3218
21
-3.37935
0
LINE
8
BLACK
6
CONTINUOUS
10
5.3218
20
-3.37935
11
5.32528
21
-3.38283
0
LINE
8
BLACK
6
CONTINUOUS
10
5.32528
20
-3.38283
11
5.32752
21
-3.38722
0
LINE
8
BLACK
6
CONTINUOUS
10
5.32752
20
-3.38722
11
5.32829
21
-3.39209
0
LINE
8
BLACK
6
CONTINUOUS
10
5.32829
20
-3.39209
11
5.32752
21
-3.39695
0
LINE
8
BLACK
6
CONTINUOUS
10
5.32752
20
-3.39695
11
5.32528
21
-3.40134
0
LINE
8
BLACK
6
CONTINUOUS
10
5.32528
20
-3.40134
11
5.3218
21
-3.40483
0
LINE
8
BLACK
6
CONTINUOUS
10
5.3218
20
-3.40483
11
5.31741
21
-3.40706
0
LINE
8
BLACK
6
CONTINUOUS
10
5.31741
20
-3.40706
11
5.31254
21
-3.40783
0
LINE
8
BLACK
6
CONTINUOUS
10
5.31254
20
-3.40783
11
5.30767
21
-3.40706
0
LINE
8
BLACK
6
CONTINUOUS
10
5.30767
20
-3.40706
11
5.30328
21
-3.40483
0
LINE
8
BLACK
6
CONTINUOUS
10
5.30328
20
-3.40483
11
5.2998
21
-3.40134
0
LINE
8
BLACK
6
CONTINUOUS
10
5.2998
20
-3.40134
11
5.29756
21
-3.39695
0
LINE
8
BLACK
6
CONTINUOUS
10
5.29756
20
-3.39695
11
5.29679
21
-3.39209
0
LINE
8
BLACK
6
CONTINUOUS
10
5.29679
20
-3.39209
11
5.29756
21
-3.38722
0
LINE
8
BLACK
6
CONTINUOUS
10
5.29756
20
-3.38722
11
5.2998
21
-3.38283
0
LINE
8
BLACK
6
CONTINUOUS
10
5.2998
20
-3.38283
11
5.30328
21
-3.37935
0
LINE
8
BLACK
6
CONTINUOUS
10
5.30328
20
-3.37935
11
5.30767
21
-3.37711
0
LINE
8
BLACK
6
CONTINUOUS
10
5.30767
20
-3.37711
11
5.31254
21
-3.37634
0
LINE
8
BLACK
6
CONTINUOUS
10
5.31254
20
-3.37634
11
5.31741
21
-3.37711
0
LINE
8
BLACK
6
CONTINUOUS
10
5.22922
20
-3.26136
11
5.23361
21
-3.2636
0
LINE
8
BLACK
6
CONTINUOUS
10
5.23361
20
-3.2636
11
5.23709
21
-3.26708
0
LINE
8
BLACK
6
CONTINUOUS
10
5.23709
20
-3.26708
11
5.23933
21
-3.27147
0
LINE
8
BLACK
6
CONTINUOUS
10
5.23933
20
-3.27147
11
5.2401
21
-3.27634
0
LINE
8
BLACK
6
CONTINUOUS
10
5.2401
20
-3.27634
11
5.23933
21
-3.2812
0
LINE
8
BLACK
6
CONTINUOUS
10
5.23933
20
-3.2812
11
5.23709
21
-3.2856
0
LINE
8
BLACK
6
CONTINUOUS
10
5.23709
20
-3.2856
11
5.23361
21
-3.28908
0
LINE
8
BLACK
6
CONTINUOUS
10
5.23361
20
-3.28908
11
5.22922
21
-3.29132
0
LINE
8
BLACK
6
CONTINUOUS
10
5.22922
20
-3.29132
11
5.22435
21
-3.29209
0
LINE
8
BLACK
6
CONTINUOUS
10
5.22435
20
-3.29209
11
5.21948
21
-3.29132
0
LINE
8
BLACK
6
CONTINUOUS
10
5.21948
20
-3.29132
11
5.21509
21
-3.28908
0
LINE
8
BLACK
6
CONTINUOUS
10
5.21509
20
-3.28908
11
5.21161
21
-3.2856
0
LINE
8
BLACK
6
CONTINUOUS
10
5.21161
20
-3.2856
11
5.20937
21
-3.2812
0
LINE
8
BLACK
6
CONTINUOUS
10
5.20937
20
-3.2812
11
5.2086
21
-3.27634
0
LINE
8
BLACK
6
CONTINUOUS
10
5.2086
20
-3.27634
11
5.20937
21
-3.27147
0
LINE
8
BLACK
6
CONTINUOUS
10
5.20937
20
-3.27147
11
5.21161
21
-3.26708
0
LINE
8
BLACK
6
CONTINUOUS
10
5.21161
20
-3.26708
11
5.21509
21
-3.2636
0
LINE
8
BLACK
6
CONTINUOUS
10
5.21509
20
-3.2636
11
5.21948
21
-3.26136
0
LINE
8
BLACK
6
CONTINUOUS
10
5.21948
20
-3.26136
11
5.22435
21
-3.26059
0
LINE
8
BLACK
6
CONTINUOUS
10
5.22435
20
-3.26059
11
5.22922
21
-3.26136
0
LINE
8
BLACK
6
CONTINUOUS
10
5.27977
20
-3.09994
11
5.28416
21
-3.10218
0
LINE
8
BLACK
6
CONTINUOUS
10
5.28416
20
-3.10218
11
5.28764
21
-3.10566
0
LINE
8
BLACK
6
CONTINUOUS
10
5.28764
20
-3.10566
11
5.28988
21
-3.11005
0
LINE
8
BLACK
6
CONTINUOUS
10
5.28988
20
-3.11005
11
5.29065
21
-3.11492
0
LINE
8
BLACK
6
CONTINUOUS
10
5.29065
20
-3.11492
11
5.28988
21
-3.11979
0
LINE
8
BLACK
6
CONTINUOUS
10
5.28988
20
-3.11979
11
5.28764
21
-3.12418
0
LINE
8
BLACK
6
CONTINUOUS
10
5.28764
20
-3.12418
11
5.28416
21
-3.12766
0
LINE
8
BLACK
6
CONTINUOUS
10
5.28416
20
-3.12766
11
5.27977
21
-3.1299
0
LINE
8
BLACK
6
CONTINUOUS
10
5.27977
20
-3.1299
11
5.2749
21
-3.13067
0
LINE
8
BLACK
6
CONTINUOUS
10
5.2749
20
-3.13067
11
5.27004
21
-3.1299
0
LINE
8
BLACK
6
CONTINUOUS
10
5.27004
20
-3.1299
11
5.26565
21
-3.12766
0
LINE
8
BLACK
6
CONTINUOUS
10
5.26565
20
-3.12766
11
5.26216
21
-3.12418
0
LINE
8
BLACK
6
CONTINUOUS
10
5.26216
20
-3.12418
11
5.25992
21
-3.11979
0
LINE
8
BLACK
6
CONTINUOUS
10
5.25992
20
-3.11979
11
5.25915
21
-3.11492
0
LINE
8
BLACK
6
CONTINUOUS
10
5.25915
20
-3.11492
11
5.25992
21
-3.11005
0
LINE
8
BLACK
6
CONTINUOUS
10
5.25992
20
-3.11005
11
5.26216
21
-3.10566
0
LINE
8
BLACK
6
CONTINUOUS
10
5.26216
20
-3.10566
11
5.26565
21
-3.10218
0
LINE
8
BLACK
6
CONTINUOUS
10
5.26565
20
-3.10218
11
5.27004
21
-3.09994
0
LINE
8
BLACK
6
CONTINUOUS
10
5.27004
20
-3.09994
11
5.2749
21
-3.09917
0
LINE
8
BLACK
6
CONTINUOUS
10
5.2749
20
-3.09917
11
5.27977
21
-3.09994
0
LINE
8
BLACK
6
CONTINUOUS
10
5.5426
20
-3.57321
11
5.54699
21
-3.57545
0
LINE
8
BLACK
6
CONTINUOUS
10
5.54699
20
-3.57545
11
5.55048
21
-3.57893
0
LINE
8
BLACK
6
CONTINUOUS
10
5.55048
20
-3.57893
11
5.55271
21
-3.58332
0
LINE
8
BLACK
6
CONTINUOUS
10
5.55271
20
-3.58332
11
5.55348
21
-3.58819
0
LINE
8
BLACK
6
CONTINUOUS
10
5.55348
20
-3.58819
11
5.55271
21
-3.59306
0
LINE
8
BLACK
6
CONTINUOUS
10
5.55271
20
-3.59306
11
5.55048
21
-3.59745
0
LINE
8
BLACK
6
CONTINUOUS
10
5.55048
20
-3.59745
11
5.54699
21
-3.60093
0
LINE
8
BLACK
6
CONTINUOUS
10
5.54699
20
-3.60093
11
5.5426
21
-3.60317
0
LINE
8
BLACK
6
CONTINUOUS
10
5.5426
20
-3.60317
11
5.53774
21
-3.60394
0
LINE
8
BLACK
6
CONTINUOUS
10
5.53774
20
-3.60394
11
5.53287
21
-3.60317
0
LINE
8
BLACK
6
CONTINUOUS
10
5.53287
20
-3.60317
11
5.52848
21
-3.60093
0
LINE
8
BLACK
6
CONTINUOUS
10
5.52848
20
-3.60093
11
5.52499
21
-3.59745
0
LINE
8
BLACK
6
CONTINUOUS
10
5.52499
20
-3.59745
11
5.52276
21
-3.59306
0
LINE
8
BLACK
6
CONTINUOUS
10
5.52276
20
-3.59306
11
5.52199
21
-3.58819
0
LINE
8
BLACK
6
CONTINUOUS
10
5.52199
20
-3.58819
11
5.52276
21
-3.58332
0
LINE
8
BLACK
6
CONTINUOUS
10
5.52276
20
-3.58332
11
5.52499
21
-3.57893
0
LINE
8
BLACK
6
CONTINUOUS
10
5.52499
20
-3.57893
11
5.52848
21
-3.57545
0
LINE
8
BLACK
6
CONTINUOUS
10
5.52848
20
-3.57545
11
5.53287
21
-3.57321
0
LINE
8
BLACK
6
CONTINUOUS
10
5.53287
20
-3.57321
11
5.53774
21
-3.57244
0
LINE
8
BLACK
6
CONTINUOUS
10
5.53774
20
-3.57244
11
5.5426
21
-3.57321
0
LINE
8
BLACK
6
CONTINUOUS
10
5.5426
20
-3.53187
11
5.54699
21
-3.53411
0
LINE
8
BLACK
6
CONTINUOUS
10
5.54699
20
-3.53411
11
5.55048
21
-3.53759
0
LINE
8
BLACK
6
CONTINUOUS
10
5.55048
20
-3.53759
11
5.55271
21
-3.54198
0
LINE
8
BLACK
6
CONTINUOUS
10
5.55271
20
-3.54198
11
5.55348
21
-3.54685
0
LINE
8
BLACK
6
CONTINUOUS
10
5.55348
20
-3.54685
11
5.55271
21
-3.55172
0
LINE
8
BLACK
6
CONTINUOUS
10
5.55271
20
-3.55172
11
5.55048
21
-3.55611
0
LINE
8
BLACK
6
CONTINUOUS
10
5.55048
20
-3.55611
11
5.54699
21
-3.55959
0
LINE
8
BLACK
6
CONTINUOUS
10
5.54699
20
-3.55959
11
5.5426
21
-3.56183
0
LINE
8
BLACK
6
CONTINUOUS
10
5.5426
20
-3.56183
11
5.53774
21
-3.5626
0
LINE
8
BLACK
6
CONTINUOUS
10
5.53774
20
-3.5626
11
5.53287
21
-3.56183
0
LINE
8
BLACK
6
CONTINUOUS
10
5.53287
20
-3.56183
11
5.52848
21
-3.55959
0
LINE
8
BLACK
6
CONTINUOUS
10
5.52848
20
-3.55959
11
5.52499
21
-3.55611
0
LINE
8
BLACK
6
CONTINUOUS
10
5.52499
20
-3.55611
11
5.52276
21
-3.55172
0
LINE
8
BLACK
6
CONTINUOUS
10
5.52276
20
-3.55172
11
5.52199
21
-3.54685
0
LINE
8
BLACK
6
CONTINUOUS
10
5.52199
20
-3.54685
11
5.52276
21
-3.54198
0
LINE
8
BLACK
6
CONTINUOUS
10
5.52276
20
-3.54198
11
5.52499
21
-3.53759
0
LINE
8
BLACK
6
CONTINUOUS
10
5.52499
20
-3.53759
11
5.52848
21
-3.53411
0
LINE
8
BLACK
6
CONTINUOUS
10
5.52848
20
-3.53411
11
5.53287
21
-3.53187
0
LINE
8
BLACK
6
CONTINUOUS
10
5.53287
20
-3.53187
11
5.53774
21
-3.5311
0
LINE
8
BLACK
6
CONTINUOUS
10
5.53774
20
-3.5311
11
5.5426
21
-3.53187
0
LINE
8
BLACK
6
CONTINUOUS
10
5.16926
20
-3.54443
11
5.17365
21
-3.54667
0
LINE
8
BLACK
6
CONTINUOUS
10
5.17365
20
-3.54667
11
5.17713
21
-3.55015
0
LINE
8
BLACK
6
CONTINUOUS
10
5.17713
20
-3.55015
11
5.17937
21
-3.55454
0
LINE
8
BLACK
6
CONTINUOUS
10
5.17937
20
-3.55454
11
5.18014
21
-3.55941
0
LINE
8
BLACK
6
CONTINUOUS
10
5.18014
20
-3.55941
11
5.17937
21
-3.56428
0
LINE
8
BLACK
6
CONTINUOUS
10
5.17937
20
-3.56428
11
5.17713
21
-3.56867
0
LINE
8
BLACK
6
CONTINUOUS
10
5.17713
20
-3.56867
11
5.17365
21
-3.57215
0
LINE
8
BLACK
6
CONTINUOUS
10
5.17365
20
-3.57215
11
5.16926
21
-3.57439
0
LINE
8
BLACK
6
CONTINUOUS
10
5.16926
20
-3.57439
11
5.16439
21
-3.57516
0
LINE
8
BLACK
6
CONTINUOUS
10
5.16439
20
-3.57516
11
5.15952
21
-3.57439
0
LINE
8
BLACK
6
CONTINUOUS
10
5.15952
20
-3.57439
11
5.15513
21
-3.57215
0
LINE
8
BLACK
6
CONTINUOUS
10
5.15513
20
-3.57215
11
5.15165
21
-3.56867
0
LINE
8
BLACK
6
CONTINUOUS
10
5.15165
20
-3.56867
11
5.14941
21
-3.56428
0
LINE
8
BLACK
6
CONTINUOUS
10
5.14941
20
-3.56428
11
5.14864
21
-3.55941
0
LINE
8
BLACK
6
CONTINUOUS
10
5.14864
20
-3.55941
11
5.14941
21
-3.55454
0
LINE
8
BLACK
6
CONTINUOUS
10
5.14941
20
-3.55454
11
5.15165
21
-3.55015
0
LINE
8
BLACK
6
CONTINUOUS
10
5.15165
20
-3.55015
11
5.15513
21
-3.54667
0
LINE
8
BLACK
6
CONTINUOUS
10
5.15513
20
-3.54667
11
5.15952
21
-3.54443
0
LINE
8
BLACK
6
CONTINUOUS
10
5.15952
20
-3.54443
11
5.16439
21
-3.54366
0
LINE
8
BLACK
6
CONTINUOUS
10
5.16439
20
-3.54366
11
5.16926
21
-3.54443
0
LINE
8
BLACK
6
CONTINUOUS
10
5.33233
20
-3.54494
11
5.33672
21
-3.54718
0
LINE
8
BLACK
6
CONTINUOUS
10
5.33672
20
-3.54718
11
5.3402
21
-3.55066
0
LINE
8
BLACK
6
CONTINUOUS
10
5.3402
20
-3.55066
11
5.34244
21
-3.55505
0
LINE
8
BLACK
6
CONTINUOUS
10
5.34244
20
-3.55505
11
5.34321
21
-3.55992
0
LINE
8
BLACK
6
CONTINUOUS
10
5.34321
20
-3.55992
11
5.34244
21
-3.56479
0
LINE
8
BLACK
6
CONTINUOUS
10
5.34244
20
-3.56479
11
5.3402
21
-3.56918
0
LINE
8
BLACK
6
CONTINUOUS
10
5.3402
20
-3.56918
11
5.33672
21
-3.57266
0
LINE
8
BLACK
6
CONTINUOUS
10
5.33672
20
-3.57266
11
5.33233
21
-3.5749
0
LINE
8
BLACK
6
CONTINUOUS
10
5.33233
20
-3.5749
11
5.32746
21
-3.57567
0
LINE
8
BLACK
6
CONTINUOUS
10
5.32746
20
-3.57567
11
5.32259
21
-3.5749
0
LINE
8
BLACK
6
CONTINUOUS
10
5.32259
20
-3.5749
11
5.3182
21
-3.57266
0
LINE
8
BLACK
6
CONTINUOUS
10
5.3182
20
-3.57266
11
5.31472
21
-3.56918
0
LINE
8
BLACK
6
CONTINUOUS
10
5.31472
20
-3.56918
11
5.31248
21
-3.56479
0
LINE
8
BLACK
6
CONTINUOUS
10
5.31248
20
-3.56479
11
5.31171
21
-3.55992
0
LINE
8
BLACK
6
CONTINUOUS
10
5.31171
20
-3.55992
11
5.31248
21
-3.55505
0
LINE
8
BLACK
6
CONTINUOUS
10
5.31248
20
-3.55505
11
5.31472
21
-3.55066
0
LINE
8
BLACK
6
CONTINUOUS
10
5.31472
20
-3.55066
11
5.3182
21
-3.54718
0
LINE
8
BLACK
6
CONTINUOUS
10
5.3182
20
-3.54718
11
5.32259
21
-3.54494
0
LINE
8
BLACK
6
CONTINUOUS
10
5.32259
20
-3.54494
11
5.32746
21
-3.54417
0
LINE
8
BLACK
6
CONTINUOUS
10
5.32746
20
-3.54417
11
5.33233
21
-3.54494
0
LINE
8
BLACK
6
CONTINUOUS
10
5.78977
20
-3.45994
11
5.79416
21
-3.46218
0
LINE
8
BLACK
6
CONTINUOUS
10
5.79416
20
-3.46218
11
5.79764
21
-3.46566
0
LINE
8
BLACK
6
CONTINUOUS
10
5.79764
20
-3.46566
11
5.79988
21
-3.47005
0
LINE
8
BLACK
6
CONTINUOUS
10
5.79988
20
-3.47005
11
5.80065
21
-3.47492
0
LINE
8
BLACK
6
CONTINUOUS
10
5.80065
20
-3.47492
11
5.79988
21
-3.47979
0
LINE
8
BLACK
6
CONTINUOUS
10
5.79988
20
-3.47979
11
5.79764
21
-3.48418
0
LINE
8
BLACK
6
CONTINUOUS
10
5.79764
20
-3.48418
11
5.79416
21
-3.48766
0
LINE
8
BLACK
6
CONTINUOUS
10
5.79416
20
-3.48766
11
5.78977
21
-3.4899
0
LINE
8
BLACK
6
CONTINUOUS
10
5.78977
20
-3.4899
11
5.7849
21
-3.49067
0
LINE
8
BLACK
6
CONTINUOUS
10
5.7849
20
-3.49067
11
5.78004
21
-3.4899
0
LINE
8
BLACK
6
CONTINUOUS
10
5.78004
20
-3.4899
11
5.77565
21
-3.48766
0
LINE
8
BLACK
6
CONTINUOUS
10
5.77565
20
-3.48766
11
5.77216
21
-3.48418
0
LINE
8
BLACK
6
CONTINUOUS
10
5.77216
20
-3.48418
11
5.76992
21
-3.47979
0
LINE
8
BLACK
6
CONTINUOUS
10
5.76992
20
-3.47979
11
5.76915
21
-3.47492
0
LINE
8
BLACK
6
CONTINUOUS
10
5.76915
20
-3.47492
11
5.76992
21
-3.47005
0
LINE
8
BLACK
6
CONTINUOUS
10
5.76992
20
-3.47005
11
5.77216
21
-3.46566
0
LINE
8
BLACK
6
CONTINUOUS
10
5.77216
20
-3.46566
11
5.77565
21
-3.46218
0
LINE
8
BLACK
6
CONTINUOUS
10
5.77565
20
-3.46218
11
5.78004
21
-3.45994
0
LINE
8
BLACK
6
CONTINUOUS
10
5.78004
20
-3.45994
11
5.7849
21
-3.45917
0
LINE
8
BLACK
6
CONTINUOUS
10
5.7849
20
-3.45917
11
5.78977
21
-3.45994
0
LINE
8
BLACK
6
CONTINUOUS
10
5.18977
20
-3.34994
11
5.19416
21
-3.35218
0
LINE
8
BLACK
6
CONTINUOUS
10
5.19416
20
-3.35218
11
5.19764
21
-3.35566
0
LINE
8
BLACK
6
CONTINUOUS
10
5.19764
20
-3.35566
11
5.19988
21
-3.36005
0
LINE
8
BLACK
6
CONTINUOUS
10
5.19988
20
-3.36005
11
5.20065
21
-3.36492
0
LINE
8
BLACK
6
CONTINUOUS
10
5.20065
20
-3.36492
11
5.19988
21
-3.36979
0
LINE
8
BLACK
6
CONTINUOUS
10
5.19988
20
-3.36979
11
5.19764
21
-3.37418
0
LINE
8
BLACK
6
CONTINUOUS
10
5.19764
20
-3.37418
11
5.19416
21
-3.37766
0
LINE
8
BLACK
6
CONTINUOUS
10
5.19416
20
-3.37766
11
5.18977
21
-3.3799
0
LINE
8
BLACK
6
CONTINUOUS
10
5.18977
20
-3.3799
11
5.1849
21
-3.38067
0
LINE
8
BLACK
6
CONTINUOUS
10
5.1849
20
-3.38067
11
5.18004
21
-3.3799
0
LINE
8
BLACK
6
CONTINUOUS
10
5.18004
20
-3.3799
11
5.17565
21
-3.37766
0
LINE
8
BLACK
6
CONTINUOUS
10
5.17565
20
-3.37766
11
5.17216
21
-3.37418
0
LINE
8
BLACK
6
CONTINUOUS
10
5.17216
20
-3.37418
11
5.16992
21
-3.36979
0
LINE
8
BLACK
6
CONTINUOUS
10
5.16992
20
-3.36979
11
5.16915
21
-3.36492
0
LINE
8
BLACK
6
CONTINUOUS
10
5.16915
20
-3.36492
11
5.16992
21
-3.36005
0
LINE
8
BLACK
6
CONTINUOUS
10
5.16992
20
-3.36005
11
5.17216
21
-3.35566
0
LINE
8
BLACK
6
CONTINUOUS
10
5.17216
20
-3.35566
11
5.17565
21
-3.35218
0
LINE
8
BLACK
6
CONTINUOUS
10
5.17565
20
-3.35218
11
5.18004
21
-3.34994
0
LINE
8
BLACK
6
CONTINUOUS
10
5.18004
20
-3.34994
11
5.1849
21
-3.34917
0
LINE
8
BLACK
6
CONTINUOUS
10
5.1849
20
-3.34917
11
5.18977
21
-3.34994
0
LINE
8
BLACK
6
CONTINUOUS
10
6.11977
20
-3.27494
11
6.12416
21
-3.27718
0
LINE
8
BLACK
6
CONTINUOUS
10
6.12416
20
-3.27718
11
6.12764
21
-3.28066
0
LINE
8
BLACK
6
CONTINUOUS
10
6.12764
20
-3.28066
11
6.12988
21
-3.28505
0
LINE
8
BLACK
6
CONTINUOUS
10
6.12988
20
-3.28505
11
6.13065
21
-3.28992
0
LINE
8
BLACK
6
CONTINUOUS
10
6.13065
20
-3.28992
11
6.12988
21
-3.29479
0
LINE
8
BLACK
6
CONTINUOUS
10
6.12988
20
-3.29479
11
6.12764
21
-3.29918
0
LINE
8
BLACK
6
CONTINUOUS
10
6.12764
20
-3.29918
11
6.12416
21
-3.30266
0
LINE
8
BLACK
6
CONTINUOUS
10
6.12416
20
-3.30266
11
6.11977
21
-3.3049
0
LINE
8
BLACK
6
CONTINUOUS
10
6.11977
20
-3.3049
11
6.1149
21
-3.30567
0
LINE
8
BLACK
6
CONTINUOUS
10
6.1149
20
-3.30567
11
6.11004
21
-3.3049
0
LINE
8
BLACK
6
CONTINUOUS
10
6.11004
20
-3.3049
11
6.10565
21
-3.30266
0
LINE
8
BLACK
6
CONTINUOUS
10
6.10565
20
-3.30266
11
6.10216
21
-3.29918
0
LINE
8
BLACK
6
CONTINUOUS
10
6.10216
20
-3.29918
11
6.09992
21
-3.29479
0
LINE
8
BLACK
6
CONTINUOUS
10
6.09992
20
-3.29479
11
6.09915
21
-3.28992
0
LINE
8
BLACK
6
CONTINUOUS
10
6.09915
20
-3.28992
11
6.09992
21
-3.28505
0
LINE
8
BLACK
6
CONTINUOUS
10
6.09992
20
-3.28505
11
6.10216
21
-3.28066
0
LINE
8
BLACK
6
CONTINUOUS
10
6.10216
20
-3.28066
11
6.10565
21
-3.27718
0
LINE
8
BLACK
6
CONTINUOUS
10
6.10565
20
-3.27718
11
6.11004
21
-3.27494
0
LINE
8
BLACK
6
CONTINUOUS
10
6.11004
20
-3.27494
11
6.1149
21
-3.27417
0
LINE
8
BLACK
6
CONTINUOUS
10
6.1149
20
-3.27417
11
6.11977
21
-3.27494
0
LINE
8
BLACK
6
CONTINUOUS
10
5.47977
20
-3.24443
11
5.48416
21
-3.24667
0
LINE
8
BLACK
6
CONTINUOUS
10
5.48416
20
-3.24667
11
5.48764
21
-3.25015
0
LINE
8
BLACK
6
CONTINUOUS
10
5.48764
20
-3.25015
11
5.48988
21
-3.25454
0
LINE
8
BLACK
6
CONTINUOUS
10
5.48988
20
-3.25454
11
5.49065
21
-3.25941
0
LINE
8
BLACK
6
CONTINUOUS
10
5.49065
20
-3.25941
11
5.48988
21
-3.26428
0
LINE
8
BLACK
6
CONTINUOUS
10
5.48988
20
-3.26428
11
5.48764
21
-3.26867
0
LINE
8
BLACK
6
CONTINUOUS
10
5.48764
20
-3.26867
11
5.48416
21
-3.27215
0
LINE
8
BLACK
6
CONTINUOUS
10
5.48416
20
-3.27215
11
5.47977
21
-3.27439
0
LINE
8
BLACK
6
CONTINUOUS
10
5.47977
20
-3.27439
11
5.4749
21
-3.27516
0
LINE
8
BLACK
6
CONTINUOUS
10
5.4749
20
-3.27516
11
5.47004
21
-3.27439
0
LINE
8
BLACK
6
CONTINUOUS
10
5.47004
20
-3.27439
11
5.46565
21
-3.27215
0
LINE
8
BLACK
6
CONTINUOUS
10
5.46565
20
-3.27215
11
5.46216
21
-3.26867
0
LINE
8
BLACK
6
CONTINUOUS
10
5.46216
20
-3.26867
11
5.45992
21
-3.26428
0
LINE
8
BLACK
6
CONTINUOUS
10
5.45992
20
-3.26428
11
5.45915
21
-3.25941
0
LINE
8
BLACK
6
CONTINUOUS
10
5.45915
20
-3.25941
11
5.45992
21
-3.25454
0
LINE
8
BLACK
6
CONTINUOUS
10
5.45992
20
-3.25454
11
5.46216
21
-3.25015
0
LINE
8
BLACK
6
CONTINUOUS
10
5.46216
20
-3.25015
11
5.46565
21
-3.24667
0
LINE
8
BLACK
6
CONTINUOUS
10
5.46565
20
-3.24667
11
5.47004
21
-3.24443
0
LINE
8
BLACK
6
CONTINUOUS
10
5.47004
20
-3.24443
11
5.4749
21
-3.24366
0
LINE
8
BLACK
6
CONTINUOUS
10
5.4749
20
-3.24366
11
5.47977
21
-3.24443
0
LINE
8
BLACK
6
CONTINUOUS
10
5.55977
20
-3.22994
11
5.56416
21
-3.23218
0
LINE
8
BLACK
6
CONTINUOUS
10
5.56416
20
-3.23218
11
5.56764
21
-3.23566
0
LINE
8
BLACK
6
CONTINUOUS
10
5.56764
20
-3.23566
11
5.56988
21
-3.24005
0
LINE
8
BLACK
6
CONTINUOUS
10
5.56988
20
-3.24005
11
5.57065
21
-3.24492
0
LINE
8
BLACK
6
CONTINUOUS
10
5.57065
20
-3.24492
11
5.56988
21
-3.24979
0
LINE
8
BLACK
6
CONTINUOUS
10
5.56988
20
-3.24979
11
5.56764
21
-3.25418
0
LINE
8
BLACK
6
CONTINUOUS
10
5.56764
20
-3.25418
11
5.56416
21
-3.25766
0
LINE
8
BLACK
6
CONTINUOUS
10
5.56416
20
-3.25766
11
5.55977
21
-3.2599
0
LINE
8
BLACK
6
CONTINUOUS
10
5.55977
20
-3.2599
11
5.5549
21
-3.26067
0
LINE
8
BLACK
6
CONTINUOUS
10
5.5549
20
-3.26067
11
5.55004
21
-3.2599
0
LINE
8
BLACK
6
CONTINUOUS
10
5.55004
20
-3.2599
11
5.54565
21
-3.25766
0
LINE
8
BLACK
6
CONTINUOUS
10
5.54565
20
-3.25766
11
5.54216
21
-3.25418
0
LINE
8
BLACK
6
CONTINUOUS
10
5.54216
20
-3.25418
11
5.53992
21
-3.24979
0
LINE
8
BLACK
6
CONTINUOUS
10
5.53992
20
-3.24979
11
5.53915
21
-3.24492
0
LINE
8
BLACK
6
CONTINUOUS
10
5.53915
20
-3.24492
11
5.53992
21
-3.24005
0
LINE
8
BLACK
6
CONTINUOUS
10
5.53992
20
-3.24005
11
5.54216
21
-3.23566
0
LINE
8
BLACK
6
CONTINUOUS
10
5.54216
20
-3.23566
11
5.54565
21
-3.23218
0
LINE
8
BLACK
6
CONTINUOUS
10
5.54565
20
-3.23218
11
5.55004
21
-3.22994
0
LINE
8
BLACK
6
CONTINUOUS
10
5.55004
20
-3.22994
11
5.5549
21
-3.22917
0
LINE
8
BLACK
6
CONTINUOUS
10
5.5549
20
-3.22917
11
5.55977
21
-3.22994
0
LINE
8
BLACK
6
CONTINUOUS
10
5.64977
20
-3.21994
11
5.65416
21
-3.22218
0
LINE
8
BLACK
6
CONTINUOUS
10
5.65416
20
-3.22218
11
5.65764
21
-3.22566
0
LINE
8
BLACK
6
CONTINUOUS
10
5.65764
20
-3.22566
11
5.65988
21
-3.23005
0
LINE
8
BLACK
6
CONTINUOUS
10
5.65988
20
-3.23005
11
5.66065
21
-3.23492
0
LINE
8
BLACK
6
CONTINUOUS
10
5.66065
20
-3.23492
11
5.65988
21
-3.23979
0
LINE
8
BLACK
6
CONTINUOUS
10
5.65988
20
-3.23979
11
5.65764
21
-3.24418
0
LINE
8
BLACK
6
CONTINUOUS
10
5.65764
20
-3.24418
11
5.65416
21
-3.24766
0
LINE
8
BLACK
6
CONTINUOUS
10
5.65416
20
-3.24766
11
5.64977
21
-3.2499
0
LINE
8
BLACK
6
CONTINUOUS
10
5.64977
20
-3.2499
11
5.6449
21
-3.25067
0
LINE
8
BLACK
6
CONTINUOUS
10
5.6449
20
-3.25067
11
5.64004
21
-3.2499
0
LINE
8
BLACK
6
CONTINUOUS
10
5.64004
20
-3.2499
11
5.63565
21
-3.24766
0
LINE
8
BLACK
6
CONTINUOUS
10
5.63565
20
-3.24766
11
5.63216
21
-3.24418
0
LINE
8
BLACK
6
CONTINUOUS
10
5.63216
20
-3.24418
11
5.62992
21
-3.23979
0
LINE
8
BLACK
6
CONTINUOUS
10
5.62992
20
-3.23979
11
5.62915
21
-3.23492
0
LINE
8
BLACK
6
CONTINUOUS
10
5.62915
20
-3.23492
11
5.62992
21
-3.23005
0
LINE
8
BLACK
6
CONTINUOUS
10
5.62992
20
-3.23005
11
5.63216
21
-3.22566
0
LINE
8
BLACK
6
CONTINUOUS
10
5.63216
20
-3.22566
11
5.63565
21
-3.22218
0
LINE
8
BLACK
6
CONTINUOUS
10
5.63565
20
-3.22218
11
5.64004
21
-3.21994
0
LINE
8
BLACK
6
CONTINUOUS
10
5.64004
20
-3.21994
11
5.6449
21
-3.21917
0
LINE
8
BLACK
6
CONTINUOUS
10
5.6449
20
-3.21917
11
5.64977
21
-3.21994
0
LINE
8
BLACK
6
CONTINUOUS
10
5.78977
20
-3.15994
11
5.79416
21
-3.16218
0
LINE
8
BLACK
6
CONTINUOUS
10
5.79416
20
-3.16218
11
5.79764
21
-3.16566
0
LINE
8
BLACK
6
CONTINUOUS
10
5.79764
20
-3.16566
11
5.79988
21
-3.17005
0
LINE
8
BLACK
6
CONTINUOUS
10
5.79988
20
-3.17005
11
5.80065
21
-3.17492
0
LINE
8
BLACK
6
CONTINUOUS
10
5.80065
20
-3.17492
11
5.79988
21
-3.17979
0
LINE
8
BLACK
6
CONTINUOUS
10
5.79988
20
-3.17979
11
5.79764
21
-3.18418
0
LINE
8
BLACK
6
CONTINUOUS
10
5.79764
20
-3.18418
11
5.79416
21
-3.18766
0
LINE
8
BLACK
6
CONTINUOUS
10
5.79416
20
-3.18766
11
5.78977
21
-3.1899
0
LINE
8
BLACK
6
CONTINUOUS
10
5.78977
20
-3.1899
11
5.7849
21
-3.19067
0
LINE
8
BLACK
6
CONTINUOUS
10
5.7849
20
-3.19067
11
5.78004
21
-3.1899
0
LINE
8
BLACK
6
CONTINUOUS
10
5.78004
20
-3.1899
11
5.77565
21
-3.18766
0
LINE
8
BLACK
6
CONTINUOUS
10
5.77565
20
-3.18766
11
5.77216
21
-3.18418
0
LINE
8
BLACK
6
CONTINUOUS
10
5.77216
20
-3.18418
11
5.76992
21
-3.17979
0
LINE
8
BLACK
6
CONTINUOUS
10
5.76992
20
-3.17979
11
5.76915
21
-3.17492
0
LINE
8
BLACK
6
CONTINUOUS
10
5.76915
20
-3.17492
11
5.76992
21
-3.17005
0
LINE
8
BLACK
6
CONTINUOUS
10
5.76992
20
-3.17005
11
5.77216
21
-3.16566
0
LINE
8
BLACK
6
CONTINUOUS
10
5.77216
20
-3.16566
11
5.77565
21
-3.16218
0
LINE
8
BLACK
6
CONTINUOUS
10
5.77565
20
-3.16218
11
5.78004
21
-3.15994
0
LINE
8
BLACK
6
CONTINUOUS
10
5.78004
20
-3.15994
11
5.7849
21
-3.15917
0
LINE
8
BLACK
6
CONTINUOUS
10
5.7849
20
-3.15917
11
5.78977
21
-3.15994
0
LINE
8
BLACK
6
CONTINUOUS
10
6.06977
20
-3.15494
11
6.07416
21
-3.15718
0
LINE
8
BLACK
6
CONTINUOUS
10
6.07416
20
-3.15718
11
6.07764
21
-3.16066
0
LINE
8
BLACK
6
CONTINUOUS
10
6.07764
20
-3.16066
11
6.07988
21
-3.16505
0
LINE
8
BLACK
6
CONTINUOUS
10
6.07988
20
-3.16505
11
6.08065
21
-3.16992
0
LINE
8
BLACK
6
CONTINUOUS
10
6.08065
20
-3.16992
11
6.07988
21
-3.17479
0
LINE
8
BLACK
6
CONTINUOUS
10
6.07988
20
-3.17479
11
6.07764
21
-3.17918
0
LINE
8
BLACK
6
CONTINUOUS
10
6.07764
20
-3.17918
11
6.07416
21
-3.18266
0
LINE
8
BLACK
6
CONTINUOUS
10
6.07416
20
-3.18266
11
6.06977
21
-3.1849
0
LINE
8
BLACK
6
CONTINUOUS
10
6.06977
20
-3.1849
11
6.0649
21
-3.18567
0
LINE
8
BLACK
6
CONTINUOUS
10
6.0649
20
-3.18567
11
6.06004
21
-3.1849
0
LINE
8
BLACK
6
CONTINUOUS
10
6.06004
20
-3.1849
11
6.05565
21
-3.18266
0
LINE
8
BLACK
6
CONTINUOUS
10
6.05565
20
-3.18266
11
6.05216
21
-3.17918
0
LINE
8
BLACK
6
CONTINUOUS
10
6.05216
20
-3.17918
11
6.04992
21
-3.17479
0
LINE
8
BLACK
6
CONTINUOUS
10
6.04992
20
-3.17479
11
6.04915
21
-3.16992
0
LINE
8
BLACK
6
CONTINUOUS
10
6.04915
20
-3.16992
11
6.04992
21
-3.16505
0
LINE
8
BLACK
6
CONTINUOUS
10
6.04992
20
-3.16505
11
6.05216
21
-3.16066
0
LINE
8
BLACK
6
CONTINUOUS
10
6.05216
20
-3.16066
11
6.05565
21
-3.15718
0
LINE
8
BLACK
6
CONTINUOUS
10
6.05565
20
-3.15718
11
6.06004
21
-3.15494
0
LINE
8
BLACK
6
CONTINUOUS
10
6.06004
20
-3.15494
11
6.0649
21
-3.15417
0
LINE
8
BLACK
6
CONTINUOUS
10
6.0649
20
-3.15417
11
6.06977
21
-3.15494
0
LINE
8
BLACK
6
CONTINUOUS
10
6.01977
20
-3.13494
11
6.02416
21
-3.13718
0
LINE
8
BLACK
6
CONTINUOUS
10
6.02416
20
-3.13718
11
6.02764
21
-3.14066
0
LINE
8
BLACK
6
CONTINUOUS
10
6.02764
20
-3.14066
11
6.02988
21
-3.14505
0
LINE
8
BLACK
6
CONTINUOUS
10
6.02988
20
-3.14505
11
6.03065
21
-3.14992
0
LINE
8
BLACK
6
CONTINUOUS
10
6.03065
20
-3.14992
11
6.02988
21
-3.15479
0
LINE
8
BLACK
6
CONTINUOUS
10
6.02988
20
-3.15479
11
6.02764
21
-3.15918
0
LINE
8
BLACK
6
CONTINUOUS
10
6.02764
20
-3.15918
11
6.02416
21
-3.16266
0
LINE
8
BLACK
6
CONTINUOUS
10
6.02416
20
-3.16266
11
6.01977
21
-3.1649
0
LINE
8
BLACK
6
CONTINUOUS
10
6.01977
20
-3.1649
11
6.0149
21
-3.16567
0
LINE
8
BLACK
6
CONTINUOUS
10
6.0149
20
-3.16567
11
6.01004
21
-3.1649
0
LINE
8
BLACK
6
CONTINUOUS
10
6.01004
20
-3.1649
11
6.00565
21
-3.16266
0
LINE
8
BLACK
6
CONTINUOUS
10
6.00565
20
-3.16266
11
6.00216
21
-3.15918
0
LINE
8
BLACK
6
CONTINUOUS
10
6.00216
20
-3.15918
11
5.99992
21
-3.15479
0
LINE
8
BLACK
6
CONTINUOUS
10
5.99992
20
-3.15479
11
5.99915
21
-3.14992
0
LINE
8
BLACK
6
CONTINUOUS
10
5.99915
20
-3.14992
11
5.99992
21
-3.14505
0
LINE
8
BLACK
6
CONTINUOUS
10
5.99992
20
-3.14505
11
6.00216
21
-3.14066
0
LINE
8
BLACK
6
CONTINUOUS
10
6.00216
20
-3.14066
11
6.00565
21
-3.13718
0
LINE
8
BLACK
6
CONTINUOUS
10
6.00565
20
-3.13718
11
6.01004
21
-3.13494
0
LINE
8
BLACK
6
CONTINUOUS
10
6.01004
20
-3.13494
11
6.0149
21
-3.13417
0
LINE
8
BLACK
6
CONTINUOUS
10
6.0149
20
-3.13417
11
6.01977
21
-3.13494
0
LINE
8
BLACK
6
CONTINUOUS
10
5.59359
20
-3.13876
11
5.59798
21
-3.141
0
LINE
8
BLACK
6
CONTINUOUS
10
5.59798
20
-3.141
11
5.60146
21
-3.14448
0
LINE
8
BLACK
6
CONTINUOUS
10
5.60146
20
-3.14448
11
5.6037
21
-3.14887
0
LINE
8
BLACK
6
CONTINUOUS
10
5.6037
20
-3.14887
11
5.60447
21
-3.15374
0
LINE
8
BLACK
6
CONTINUOUS
10
5.60447
20
-3.15374
11
5.6037
21
-3.15861
0
LINE
8
BLACK
6
CONTINUOUS
10
5.6037
20
-3.15861
11
5.60146
21
-3.163
0
LINE
8
BLACK
6
CONTINUOUS
10
5.60146
20
-3.163
11
5.59798
21
-3.16648
0
LINE
8
BLACK
6
CONTINUOUS
10
5.59798
20
-3.16648
11
5.59359
21
-3.16872
0
LINE
8
BLACK
6
CONTINUOUS
10
5.59359
20
-3.16872
11
5.58872
21
-3.16949
0
LINE
8
BLACK
6
CONTINUOUS
10
5.58872
20
-3.16949
11
5.58385
21
-3.16872
0
LINE
8
BLACK
6
CONTINUOUS
10
5.58385
20
-3.16872
11
5.57946
21
-3.16648
0
LINE
8
BLACK
6
CONTINUOUS
10
5.57946
20
-3.16648
11
5.57598
21
-3.163
0
LINE
8
BLACK
6
CONTINUOUS
10
5.57598
20
-3.163
11
5.57374
21
-3.15861
0
LINE
8
BLACK
6
CONTINUOUS
10
5.57374
20
-3.15861
11
5.57297
21
-3.15374
0
LINE
8
BLACK
6
CONTINUOUS
10
5.57297
20
-3.15374
11
5.57374
21
-3.14887
0
LINE
8
BLACK
6
CONTINUOUS
10
5.57374
20
-3.14887
11
5.57598
21
-3.14448
0
LINE
8
BLACK
6
CONTINUOUS
10
5.57598
20
-3.14448
11
5.57946
21
-3.141
0
LINE
8
BLACK
6
CONTINUOUS
10
5.57946
20
-3.141
11
5.58385
21
-3.13876
0
LINE
8
BLACK
6
CONTINUOUS
10
5.58385
20
-3.13876
11
5.58872
21
-3.13799
0
LINE
8
BLACK
6
CONTINUOUS
10
5.58872
20
-3.13799
11
5.59359
21
-3.13876
0
LINE
8
BLACK
6
CONTINUOUS
10
5.20916
20
-3.09682
11
5.213
21
-3.09877
0
LINE
8
BLACK
6
CONTINUOUS
10
5.213
20
-3.09877
11
5.21605
21
-3.10182
0
LINE
8
BLACK
6
CONTINUOUS
10
5.21605
20
-3.10182
11
5.21801
21
-3.10566
0
LINE
8
BLACK
6
CONTINUOUS
10
5.21801
20
-3.10566
11
5.21868
21
-3.10992
0
LINE
8
BLACK
6
CONTINUOUS
10
5.21868
20
-3.10992
11
5.21801
21
-3.11418
0
LINE
8
BLACK
6
CONTINUOUS
10
5.21801
20
-3.11418
11
5.21605
21
-3.11802
0
LINE
8
BLACK
6
CONTINUOUS
10
5.21605
20
-3.11802
11
5.213
21
-3.12107
0
LINE
8
BLACK
6
CONTINUOUS
10
5.213
20
-3.12107
11
5.20916
21
-3.12303
0
LINE
8
BLACK
6
CONTINUOUS
10
5.20916
20
-3.12303
11
5.2049
21
-3.1237
0
LINE
8
BLACK
6
CONTINUOUS
10
5.2049
20
-3.1237
11
5.20064
21
-3.12303
0
LINE
8
BLACK
6
CONTINUOUS
10
5.20064
20
-3.12303
11
5.1968
21
-3.12107
0
LINE
8
BLACK
6
CONTINUOUS
10
5.1968
20
-3.12107
11
5.19375
21
-3.11802
0
LINE
8
BLACK
6
CONTINUOUS
10
5.19375
20
-3.11802
11
5.1918
21
-3.11418
0
LINE
8
BLACK
6
CONTINUOUS
10
5.1918
20
-3.11418
11
5.19112
21
-3.10992
0
LINE
8
BLACK
6
CONTINUOUS
10
5.19112
20
-3.10992
11
5.1918
21
-3.10566
0
LINE
8
BLACK
6
CONTINUOUS
10
5.1918
20
-3.10566
11
5.19375
21
-3.10182
0
LINE
8
BLACK
6
CONTINUOUS
10
5.19375
20
-3.10182
11
5.1968
21
-3.09877
0
LINE
8
BLACK
6
CONTINUOUS
10
5.1968
20
-3.09877
11
5.20064
21
-3.09682
0
LINE
8
BLACK
6
CONTINUOUS
10
5.20064
20
-3.09682
11
5.2049
21
-3.09614
0
LINE
8
BLACK
6
CONTINUOUS
10
5.2049
20
-3.09614
11
5.20916
21
-3.09682
0
LINE
8
BLACK
6
CONTINUOUS
10
6.35166
20
-3.09432
11
6.3555
21
-3.09627
0
LINE
8
BLACK
6
CONTINUOUS
10
6.3555
20
-3.09627
11
6.35855
21
-3.09932
0
LINE
8
BLACK
6
CONTINUOUS
10
6.35855
20
-3.09932
11
6.36051
21
-3.10316
0
LINE
8
BLACK
6
CONTINUOUS
10
6.36051
20
-3.10316
11
6.36118
21
-3.10742
0
LINE
8
BLACK
6
CONTINUOUS
10
6.36118
20
-3.10742
11
6.36051
21
-3.11168
0
LINE
8
BLACK
6
CONTINUOUS
10
6.36051
20
-3.11168
11
6.35855
21
-3.11552
0
LINE
8
BLACK
6
CONTINUOUS
10
6.35855
20
-3.11552
11
6.3555
21
-3.11857
0
LINE
8
BLACK
6
CONTINUOUS
10
6.3555
20
-3.11857
11
6.35166
21
-3.12053
0
LINE
8
BLACK
6
CONTINUOUS
10
6.35166
20
-3.12053
11
6.3474
21
-3.1212
0
LINE
8
BLACK
6
CONTINUOUS
10
6.3474
20
-3.1212
11
6.34314
21
-3.12053
0
LINE
8
BLACK
6
CONTINUOUS
10
6.34314
20
-3.12053
11
6.3393
21
-3.11857
0
LINE
8
BLACK
6
CONTINUOUS
10
6.3393
20
-3.11857
11
6.33625
21
-3.11552
0
LINE
8
BLACK
6
CONTINUOUS
10
6.33625
20
-3.11552
11
6.3343
21
-3.11168
0
LINE
8
BLACK
6
CONTINUOUS
10
6.3343
20
-3.11168
11
6.33362
21
-3.10742
0
LINE
8
BLACK
6
CONTINUOUS
10
6.33362
20
-3.10742
11
6.3343
21
-3.10316
0
LINE
8
BLACK
6
CONTINUOUS
10
6.3343
20
-3.10316
11
6.33625
21
-3.09932
0
LINE
8
BLACK
6
CONTINUOUS
10
6.33625
20
-3.09932
11
6.3393
21
-3.09627
0
LINE
8
BLACK
6
CONTINUOUS
10
6.3393
20
-3.09627
11
6.34314
21
-3.09432
0
LINE
8
BLACK
6
CONTINUOUS
10
6.34314
20
-3.09432
11
6.3474
21
-3.09364
0
LINE
8
BLACK
6
CONTINUOUS
10
6.3474
20
-3.09364
11
6.35166
21
-3.09432
0
LINE
8
BLACK
6
CONTINUOUS
10
6.21977
20
-2.95994
11
6.22416
21
-2.96218
0
LINE
8
BLACK
6
CONTINUOUS
10
6.22416
20
-2.96218
11
6.22764
21
-2.96566
0
LINE
8
BLACK
6
CONTINUOUS
10
6.22764
20
-2.96566
11
6.22988
21
-2.97005
0
LINE
8
BLACK
6
CONTINUOUS
10
6.22988
20
-2.97005
11
6.23065
21
-2.97492
0
LINE
8
BLACK
6
CONTINUOUS
10
6.23065
20
-2.97492
11
6.22988
21
-2.97979
0
LINE
8
BLACK
6
CONTINUOUS
10
6.22988
20
-2.97979
11
6.22764
21
-2.98418
0
LINE
8
BLACK
6
CONTINUOUS
10
6.22764
20
-2.98418
11
6.22416
21
-2.98766
0
LINE
8
BLACK
6
CONTINUOUS
10
6.22416
20
-2.98766
11
6.21977
21
-2.9899
0
LINE
8
BLACK
6
CONTINUOUS
10
6.21977
20
-2.9899
11
6.2149
21
-2.99067
0
LINE
8
BLACK
6
CONTINUOUS
10
6.2149
20
-2.99067
11
6.21004
21
-2.9899
0
LINE
8
BLACK
6
CONTINUOUS
10
6.21004
20
-2.9899
11
6.20565
21
-2.98766
0
LINE
8
BLACK
6
CONTINUOUS
10
6.20565
20
-2.98766
11
6.20216
21
-2.98418
0
LINE
8
BLACK
6
CONTINUOUS
10
6.20216
20
-2.98418
11
6.19992
21
-2.97979
0
LINE
8
BLACK
6
CONTINUOUS
10
6.19992
20
-2.97979
11
6.19915
21
-2.97492
0
LINE
8
BLACK
6
CONTINUOUS
10
6.19915
20
-2.97492
11
6.19992
21
-2.97005
0
LINE
8
BLACK
6
CONTINUOUS
10
6.19992
20
-2.97005
11
6.20216
21
-2.96566
0
LINE
8
BLACK
6
CONTINUOUS
10
6.20216
20
-2.96566
11
6.20565
21
-2.96218
0
LINE
8
BLACK
6
CONTINUOUS
10
6.20565
20
-2.96218
11
6.21004
21
-2.95994
0
LINE
8
BLACK
6
CONTINUOUS
10
6.21004
20
-2.95994
11
6.2149
21
-2.95917
0
LINE
8
BLACK
6
CONTINUOUS
10
6.2149
20
-2.95917
11
6.21977
21
-2.95994
0
LINE
8
BLACK
6
CONTINUOUS
10
6.79772
20
-2.88167
11
6.79892
21
-2.88374
0
LINE
8
BLACK
6
CONTINUOUS
10
6.79892
20
-2.88374
11
6.79898
21
-2.88435
0
LINE
8
BLACK
6
CONTINUOUS
10
6.79898
20
-2.88435
11
6.79898
21
-3.47801
0
LINE
8
BLACK
6
CONTINUOUS
10
6.79898
20
-3.47801
11
6.79816
21
-3.48027
0
LINE
8
BLACK
6
CONTINUOUS
10
6.79816
20
-3.48027
11
6.79608
21
-3.48146
0
LINE
8
BLACK
6
CONTINUOUS
10
6.79608
20
-3.48146
11
6.79372
21
-3.48105
0
LINE
8
BLACK
6
CONTINUOUS
10
6.79372
20
-3.48105
11
6.7922
21
-3.47926
0
LINE
8
BLACK
6
CONTINUOUS
10
6.7922
20
-3.47926
11
6.79172
21
-3.47801
0
LINE
8
BLACK
6
CONTINUOUS
10
6.79172
20
-3.47801
11
6.79105
21
-3.47624
0
LINE
8
BLACK
6
CONTINUOUS
10
6.79105
20
-3.47624
11
6.78752
21
-3.47112
0
LINE
8
BLACK
6
CONTINUOUS
10
6.78752
20
-3.47112
11
6.78286
21
-3.467
0
LINE
8
BLACK
6
CONTINUOUS
10
6.78286
20
-3.467
11
6.78286
21
-3.467
0
LINE
8
BLACK
6
CONTINUOUS
10
6.78286
20
-3.467
11
6.77736
21
-3.46411
0
LINE
8
BLACK
6
CONTINUOUS
10
6.77736
20
-3.46411
11
6.77132
21
-3.46262
0
LINE
8
BLACK
6
CONTINUOUS
10
6.77132
20
-3.46262
11
6.77132
21
-3.46262
0
LINE
8
BLACK
6
CONTINUOUS
10
6.77132
20
-3.46262
11
6.7651
21
-3.46262
0
LINE
8
BLACK
6
CONTINUOUS
10
6.7651
20
-3.46262
11
6.7651
21
-3.46262
0
LINE
8
BLACK
6
CONTINUOUS
10
6.7651
20
-3.46262
11
6.75906
21
-3.46411
0
LINE
8
BLACK
6
CONTINUOUS
10
6.75906
20
-3.46411
11
6.75355
21
-3.467
0
LINE
8
BLACK
6
CONTINUOUS
10
6.75355
20
-3.467
11
6.75355
21
-3.467
0
LINE
8
BLACK
6
CONTINUOUS
10
6.75355
20
-3.467
11
6.7489
21
-3.47112
0
LINE
8
BLACK
6
CONTINUOUS
10
6.7489
20
-3.47112
11
6.74537
21
-3.47624
0
LINE
8
BLACK
6
CONTINUOUS
10
6.74537
20
-3.47624
11
6.74316
21
-3.48205
0
LINE
8
BLACK
6
CONTINUOUS
10
6.74316
20
-3.48205
11
6.74316
21
-3.48205
0
LINE
8
BLACK
6
CONTINUOUS
10
6.74316
20
-3.48205
11
6.74246
21
-3.48783
0
LINE
8
BLACK
6
CONTINUOUS
10
6.74246
20
-3.48783
11
6.74241
21
-3.48823
0
LINE
8
BLACK
6
CONTINUOUS
10
6.74241
20
-3.48823
11
6.74316
21
-3.4944
0
LINE
8
BLACK
6
CONTINUOUS
10
6.74316
20
-3.4944
11
6.74537
21
-3.50022
0
LINE
8
BLACK
6
CONTINUOUS
10
6.74537
20
-3.50022
11
6.7489
21
-3.50534
0
LINE
8
BLACK
6
CONTINUOUS
10
6.7489
20
-3.50534
11
6.75312
21
-3.50908
0
LINE
8
BLACK
6
CONTINUOUS
10
6.75312
20
-3.50908
11
6.75355
21
-3.50946
0
LINE
8
BLACK
6
CONTINUOUS
10
6.75355
20
-3.50946
11
6.75617
21
-3.51083
0
LINE
8
BLACK
6
CONTINUOUS
10
6.75617
20
-3.51083
11
6.75906
21
-3.51235
0
LINE
8
BLACK
6
CONTINUOUS
10
6.75906
20
-3.51235
11
6.7651
21
-3.51384
0
LINE
8
BLACK
6
CONTINUOUS
10
6.7651
20
-3.51384
11
6.7651
21
-3.51384
0
LINE
8
BLACK
6
CONTINUOUS
10
6.7651
20
-3.51384
11
6.77132
21
-3.51384
0
LINE
8
BLACK
6
CONTINUOUS
10
6.77132
20
-3.51384
11
6.77132
21
-3.51384
0
LINE
8
BLACK
6
CONTINUOUS
10
6.77132
20
-3.51384
11
6.77736
21
-3.51235
0
LINE
8
BLACK
6
CONTINUOUS
10
6.77736
20
-3.51235
11
6.78286
21
-3.50946
0
LINE
8
BLACK
6
CONTINUOUS
10
6.78286
20
-3.50946
11
6.78752
21
-3.50534
0
LINE
8
BLACK
6
CONTINUOUS
10
6.78752
20
-3.50534
11
6.79105
21
-3.50022
0
LINE
8
BLACK
6
CONTINUOUS
10
6.79105
20
-3.50022
11
6.7922
21
-3.4972
0
LINE
8
BLACK
6
CONTINUOUS
10
6.7922
20
-3.4972
11
6.79376
21
-3.49539
0
LINE
8
BLACK
6
CONTINUOUS
10
6.79376
20
-3.49539
11
6.79613
21
-3.495
0
LINE
8
BLACK
6
CONTINUOUS
10
6.79613
20
-3.495
11
6.79819
21
-3.49623
0
LINE
8
BLACK
6
CONTINUOUS
10
6.79819
20
-3.49623
11
6.79898
21
-3.49844
0
LINE
8
BLACK
6
CONTINUOUS
10
6.79898
20
-3.49844
11
6.79898
21
-4.84549
0
LINE
8
BLACK
6
CONTINUOUS
10
6.79898
20
-4.84549
11
6.79816
21
-4.84774
0
LINE
8
BLACK
6
CONTINUOUS
10
6.79816
20
-4.84774
11
6.79608
21
-4.84894
0
LINE
8
BLACK
6
CONTINUOUS
10
6.79608
20
-4.84894
11
6.79547
21
-4.849
0
LINE
8
BLACK
6
CONTINUOUS
10
6.79547
20
-4.849
11
4.83433
21
-4.849
0
LINE
8
BLACK
6
CONTINUOUS
10
4.83433
20
-4.849
11
4.83208
21
-4.84818
0
LINE
8
BLACK
6
CONTINUOUS
10
4.83208
20
-4.84818
11
4.83088
21
-4.8461
0
LINE
8
BLACK
6
CONTINUOUS
10
4.83088
20
-4.8461
11
4.83083
21
-4.84549
0
LINE
8
BLACK
6
CONTINUOUS
10
4.83083
20
-4.84549
11
4.83083
21
-4.68492
0
LINE
8
BLACK
6
CONTINUOUS
10
4.83083
20
-4.68492
11
4.83083
21
-4.58492
0
LINE
8
BLACK
6
CONTINUOUS
10
4.83083
20
-4.58492
11
4.83083
21
-4.51676
0
LINE
8
BLACK
6
CONTINUOUS
10
4.83083
20
-4.51676
11
4.83083
21
-4.34492
0
LINE
8
BLACK
6
CONTINUOUS
10
4.83083
20
-4.34492
11
4.83083
21
-4.29992
0
LINE
8
BLACK
6
CONTINUOUS
10
4.83083
20
-4.29992
11
4.83083
21
-4.26492
0
LINE
8
BLACK
6
CONTINUOUS
10
4.83083
20
-4.26492
11
4.83083
21
-4.18492
0
LINE
8
BLACK
6
CONTINUOUS
10
4.83083
20
-4.18492
11
4.83083
21
-4.02492
0
LINE
8
BLACK
6
CONTINUOUS
10
4.83083
20
-4.02492
11
4.83083
21
-3.625
0
LINE
8
BLACK
6
CONTINUOUS
10
4.83083
20
-3.625
11
4.83083
21
-3.55941
0
LINE
8
BLACK
6
CONTINUOUS
10
4.83083
20
-3.55941
11
4.83083
21
-3.36492
0
LINE
8
BLACK
6
CONTINUOUS
10
4.83083
20
-3.36492
11
4.83083
21
-3.28484
0
LINE
8
BLACK
6
CONTINUOUS
10
4.83083
20
-3.28484
11
4.83083
21
-3.10992
0
LINE
8
BLACK
6
CONTINUOUS
10
4.83083
20
-3.10992
11
4.83083
21
-2.97492
0
LINE
8
BLACK
6
CONTINUOUS
10
4.83083
20
-2.97492
11
4.83083
21
-2.88435
0
LINE
8
BLACK
6
CONTINUOUS
10
4.83083
20
-2.88435
11
4.83165
21
-2.8821
0
LINE
8
BLACK
6
CONTINUOUS
10
4.83165
20
-2.8821
11
4.83372
21
-2.8809
0
LINE
8
BLACK
6
CONTINUOUS
10
4.83372
20
-2.8809
11
4.83433
21
-2.88085
0
LINE
8
BLACK
6
CONTINUOUS
10
4.83433
20
-2.88085
11
6.79547
21
-2.88085
0
LINE
8
BLACK
6
CONTINUOUS
10
6.79547
20
-2.88085
11
6.79772
21
-2.88167
0
LINE
8
BLACK
6
CONTINUOUS
10
5.96505
20
-4.65895
11
5.95912
21
-4.66206
0
LINE
8
BLACK
6
CONTINUOUS
10
5.95912
20
-4.66206
11
5.95912
21
-4.66206
0
LINE
8
BLACK
6
CONTINUOUS
10
5.95912
20
-4.66206
11
5.95912
21
-4.66206
0
LINE
8
BLACK
6
CONTINUOUS
10
5.95912
20
-4.66206
11
5.95912
21
-4.66206
0
LINE
8
BLACK
6
CONTINUOUS
10
5.95912
20
-4.66206
11
5.95681
21
-4.6641
0
LINE
8
BLACK
6
CONTINUOUS
10
5.95681
20
-4.6641
11
5.95411
21
-4.6665
0
LINE
8
BLACK
6
CONTINUOUS
10
5.95411
20
-4.6665
11
5.95411
21
-4.6665
0
LINE
8
BLACK
6
CONTINUOUS
10
5.95411
20
-4.6665
11
5.9503
21
-4.67201
0
LINE
8
BLACK
6
CONTINUOUS
10
5.9503
20
-4.67201
11
5.94793
21
-4.67827
0
LINE
8
BLACK
6
CONTINUOUS
10
5.94793
20
-4.67827
11
5.94712
21
-4.68492
0
LINE
8
BLACK
6
CONTINUOUS
10
5.94712
20
-4.68492
11
5.94712
21
-4.68492
0
LINE
8
BLACK
6
CONTINUOUS
10
5.94712
20
-4.68492
11
5.94793
21
-4.69157
0
LINE
8
BLACK
6
CONTINUOUS
10
5.94793
20
-4.69157
11
5.9503
21
-4.69783
0
LINE
8
BLACK
6
CONTINUOUS
10
5.9503
20
-4.69783
11
5.95411
21
-4.70334
0
LINE
8
BLACK
6
CONTINUOUS
10
5.95411
20
-4.70334
11
5.95411
21
-4.70334
0
LINE
8
BLACK
6
CONTINUOUS
10
5.95411
20
-4.70334
11
5.95411
21
-4.70334
0
LINE
8
BLACK
6
CONTINUOUS
10
5.95411
20
-4.70334
11
5.95411
21
-4.70334
0
LINE
8
BLACK
6
CONTINUOUS
10
5.95411
20
-4.70334
11
5.95912
21
-4.70778
0
LINE
8
BLACK
6
CONTINUOUS
10
5.95912
20
-4.70778
11
5.96505
21
-4.7109
0
LINE
8
BLACK
6
CONTINUOUS
10
5.96505
20
-4.7109
11
5.97155
21
-4.7125
0
LINE
8
BLACK
6
CONTINUOUS
10
5.97155
20
-4.7125
11
5.97155
21
-4.7125
0
LINE
8
BLACK
6
CONTINUOUS
10
5.97155
20
-4.7125
11
5.97825
21
-4.7125
0
LINE
8
BLACK
6
CONTINUOUS
10
5.97825
20
-4.7125
11
5.97825
21
-4.7125
0
LINE
8
BLACK
6
CONTINUOUS
10
5.97825
20
-4.7125
11
5.98475
21
-4.7109
0
LINE
8
BLACK
6
CONTINUOUS
10
5.98475
20
-4.7109
11
5.99068
21
-4.70778
0
LINE
8
BLACK
6
CONTINUOUS
10
5.99068
20
-4.70778
11
5.9957
21
-4.70334
0
LINE
8
BLACK
6
CONTINUOUS
10
5.9957
20
-4.70334
11
5.9995
21
-4.69783
0
LINE
8
BLACK
6
CONTINUOUS
10
5.9995
20
-4.69783
11
6.00188
21
-4.69157
0
LINE
8
BLACK
6
CONTINUOUS
10
6.00188
20
-4.69157
11
6.00268
21
-4.68492
0
LINE
8
BLACK
6
CONTINUOUS
10
6.00268
20
-4.68492
11
6.00188
21
-4.67827
0
LINE
8
BLACK
6
CONTINUOUS
10
6.00188
20
-4.67827
11
5.9995
21
-4.67201
0
LINE
8
BLACK
6
CONTINUOUS
10
5.9995
20
-4.67201
11
5.9957
21
-4.6665
0
LINE
8
BLACK
6
CONTINUOUS
10
5.9957
20
-4.6665
11
5.99068
21
-4.66206
0
LINE
8
BLACK
6
CONTINUOUS
10
5.99068
20
-4.66206
11
5.99068
21
-4.66206
0
LINE
8
BLACK
6
CONTINUOUS
10
5.99068
20
-4.66206
11
5.99068
21
-4.66206
0
LINE
8
BLACK
6
CONTINUOUS
10
5.99068
20
-4.66206
11
5.98475
21
-4.65895
0
LINE
8
BLACK
6
CONTINUOUS
10
5.98475
20
-4.65895
11
5.97985
21
-4.65774
0
LINE
8
BLACK
6
CONTINUOUS
10
5.97985
20
-4.65774
11
5.97825
21
-4.65734
0
LINE
8
BLACK
6
CONTINUOUS
10
5.97825
20
-4.65734
11
5.97155
21
-4.65734
0
LINE
8
BLACK
6
CONTINUOUS
10
5.97155
20
-4.65734
11
5.96505
21
-4.65895
0
LINE
8
BLACK
6
CONTINUOUS
10
5.36005
20
-4.55895
11
5.35412
21
-4.56206
0
LINE
8
BLACK
6
CONTINUOUS
10
5.35412
20
-4.56206
11
5.35412
21
-4.56206
0
LINE
8
BLACK
6
CONTINUOUS
10
5.35412
20
-4.56206
11
5.35412
21
-4.56206
0
LINE
8
BLACK
6
CONTINUOUS
10
5.35412
20
-4.56206
11
5.35412
21
-4.56206
0
LINE
8
BLACK
6
CONTINUOUS
10
5.35412
20
-4.56206
11
5.35192
21
-4.56401
0
LINE
8
BLACK
6
CONTINUOUS
10
5.35192
20
-4.56401
11
5.34911
21
-4.5665
0
LINE
8
BLACK
6
CONTINUOUS
10
5.34911
20
-4.5665
11
5.34911
21
-4.5665
0
LINE
8
BLACK
6
CONTINUOUS
10
5.34911
20
-4.5665
11
5.3453
21
-4.57201
0
LINE
8
BLACK
6
CONTINUOUS
10
5.3453
20
-4.57201
11
5.34398
21
-4.57551
0
LINE
8
BLACK
6
CONTINUOUS
10
5.34398
20
-4.57551
11
5.34293
21
-4.57827
0
LINE
8
BLACK
6
CONTINUOUS
10
5.34293
20
-4.57827
11
5.34212
21
-4.58492
0
LINE
8
BLACK
6
CONTINUOUS
10
5.34212
20
-4.58492
11
5.34293
21
-4.59157
0
LINE
8
BLACK
6
CONTINUOUS
10
5.34293
20
-4.59157
11
5.34422
21
-4.59497
0
LINE
8
BLACK
6
CONTINUOUS
10
5.34422
20
-4.59497
11
5.3453
21
-4.59783
0
LINE
8
BLACK
6
CONTINUOUS
10
5.3453
20
-4.59783
11
5.34911
21
-4.60334
0
LINE
8
BLACK
6
CONTINUOUS
10
5.34911
20
-4.60334
11
5.34911
21
-4.60334
0
LINE
8
BLACK
6
CONTINUOUS
10
5.34911
20
-4.60334
11
5.34911
21
-4.60334
0
LINE
8
BLACK
6
CONTINUOUS
10
5.34911
20
-4.60334
11
5.34911
21
-4.60334
0
LINE
8
BLACK
6
CONTINUOUS
10
5.34911
20
-4.60334
11
5.35412
21
-4.60778
0
LINE
8
BLACK
6
CONTINUOUS
10
5.35412
20
-4.60778
11
5.36005
21
-4.6109
0
LINE
8
BLACK
6
CONTINUOUS
10
5.36005
20
-4.6109
11
5.36655
21
-4.6125
0
LINE
8
BLACK
6
CONTINUOUS
10
5.36655
20
-4.6125
11
5.36655
21
-4.6125
0
LINE
8
BLACK
6
CONTINUOUS
10
5.36655
20
-4.6125
11
5.37325
21
-4.6125
0
LINE
8
BLACK
6
CONTINUOUS
10
5.37325
20
-4.6125
11
5.37325
21
-4.6125
0
LINE
8
BLACK
6
CONTINUOUS
10
5.37325
20
-4.6125
11
5.37975
21
-4.6109
0
LINE
8
BLACK
6
CONTINUOUS
10
5.37975
20
-4.6109
11
5.38568
21
-4.60778
0
LINE
8
BLACK
6
CONTINUOUS
10
5.38568
20
-4.60778
11
5.38907
21
-4.60479
0
LINE
8
BLACK
6
CONTINUOUS
10
5.38907
20
-4.60479
11
5.3913
21
-4.60391
0
LINE
8
BLACK
6
CONTINUOUS
10
5.3913
20
-4.60391
11
5.39357
21
-4.60466
0
LINE
8
BLACK
6
CONTINUOUS
10
5.39357
20
-4.60466
11
5.39428
21
-4.60542
0
LINE
8
BLACK
6
CONTINUOUS
10
5.39428
20
-4.60542
11
5.39744
21
-4.61001
0
LINE
8
BLACK
6
CONTINUOUS
10
5.39744
20
-4.61001
11
5.40246
21
-4.61445
0
LINE
8
BLACK
6
CONTINUOUS
10
5.40246
20
-4.61445
11
5.40839
21
-4.61756
0
LINE
8
BLACK
6
CONTINUOUS
10
5.40839
20
-4.61756
11
5.41489
21
-4.61916
0
LINE
8
BLACK
6
CONTINUOUS
10
5.41489
20
-4.61916
11
5.41489
21
-4.61916
0
LINE
8
BLACK
6
CONTINUOUS
10
5.41489
20
-4.61916
11
5.42159
21
-4.61916
0
LINE
8
BLACK
6
CONTINUOUS
10
5.42159
20
-4.61916
11
5.42159
21
-4.61916
0
LINE
8
BLACK
6
CONTINUOUS
10
5.42159
20
-4.61916
11
5.42809
21
-4.61756
0
LINE
8
BLACK
6
CONTINUOUS
10
5.42809
20
-4.61756
11
5.43402
21
-4.61445
0
LINE
8
BLACK
6
CONTINUOUS
10
5.43402
20
-4.61445
11
5.43903
21
-4.61001
0
LINE
8
BLACK
6
CONTINUOUS
10
5.43903
20
-4.61001
11
5.44284
21
-4.60449
0
LINE
8
BLACK
6
CONTINUOUS
10
5.44284
20
-4.60449
11
5.44521
21
-4.59823
0
LINE
8
BLACK
6
CONTINUOUS
10
5.44521
20
-4.59823
11
5.44602
21
-4.59158
0
LINE
8
BLACK
6
CONTINUOUS
10
5.44602
20
-4.59158
11
5.44521
21
-4.58494
0
LINE
8
BLACK
6
CONTINUOUS
10
5.44521
20
-4.58494
11
5.44521
21
-4.58492
0
LINE
8
BLACK
6
CONTINUOUS
10
5.44521
20
-4.58492
11
5.44284
21
-4.57867
0
LINE
8
BLACK
6
CONTINUOUS
10
5.44284
20
-4.57867
11
5.43903
21
-4.57316
0
LINE
8
BLACK
6
CONTINUOUS
10
5.43903
20
-4.57316
11
5.43402
21
-4.56872
0
LINE
8
BLACK
6
CONTINUOUS
10
5.43402
20
-4.56872
11
5.43402
21
-4.56872
0
LINE
8
BLACK
6
CONTINUOUS
10
5.43402
20
-4.56872
11
5.43402
21
-4.56872
0
LINE
8
BLACK
6
CONTINUOUS
10
5.43402
20
-4.56872
11
5.42809
21
-4.56561
0
LINE
8
BLACK
6
CONTINUOUS
10
5.42809
20
-4.56561
11
5.42319
21
-4.5644
0
LINE
8
BLACK
6
CONTINUOUS
10
5.42319
20
-4.5644
11
5.42159
21
-4.56401
0
LINE
8
BLACK
6
CONTINUOUS
10
5.42159
20
-4.56401
11
5.41489
21
-4.56401
0
LINE
8
BLACK
6
CONTINUOUS
10
5.41489
20
-4.56401
11
5.40839
21
-4.56561
0
LINE
8
BLACK
6
CONTINUOUS
10
5.40839
20
-4.56561
11
5.40246
21
-4.56872
0
LINE
8
BLACK
6
CONTINUOUS
10
5.40246
20
-4.56872
11
5.40246
21
-4.56872
0
LINE
8
BLACK
6
CONTINUOUS
10
5.40246
20
-4.56872
11
5.39907
21
-4.57172
0
LINE
8
BLACK
6
CONTINUOUS
10
5.39907
20
-4.57172
11
5.39684
21
-4.5726
0
LINE
8
BLACK
6
CONTINUOUS
10
5.39684
20
-4.5726
11
5.39457
21
-4.57184
0
LINE
8
BLACK
6
CONTINUOUS
10
5.39457
20
-4.57184
11
5.39386
21
-4.57109
0
LINE
8
BLACK
6
CONTINUOUS
10
5.39386
20
-4.57109
11
5.3907
21
-4.5665
0
LINE
8
BLACK
6
CONTINUOUS
10
5.3907
20
-4.5665
11
5.38568
21
-4.56206
0
LINE
8
BLACK
6
CONTINUOUS
10
5.38568
20
-4.56206
11
5.38568
21
-4.56206
0
LINE
8
BLACK
6
CONTINUOUS
10
5.38568
20
-4.56206
11
5.38568
21
-4.56206
0
LINE
8
BLACK
6
CONTINUOUS
10
5.38568
20
-4.56206
11
5.37975
21
-4.55895
0
LINE
8
BLACK
6
CONTINUOUS
10
5.37975
20
-4.55895
11
5.37485
21
-4.55774
0
LINE
8
BLACK
6
CONTINUOUS
10
5.37485
20
-4.55774
11
5.37325
21
-4.55734
0
LINE
8
BLACK
6
CONTINUOUS
10
5.37325
20
-4.55734
11
5.36655
21
-4.55734
0
LINE
8
BLACK
6
CONTINUOUS
10
5.36655
20
-4.55734
11
5.36005
21
-4.55895
0
LINE
8
BLACK
6
CONTINUOUS
10
6.20505
20
-4.55895
11
6.19912
21
-4.56206
0
LINE
8
BLACK
6
CONTINUOUS
10
6.19912
20
-4.56206
11
6.19912
21
-4.56206
0
LINE
8
BLACK
6
CONTINUOUS
10
6.19912
20
-4.56206
11
6.19912
21
-4.56206
0
LINE
8
BLACK
6
CONTINUOUS
10
6.19912
20
-4.56206
11
6.19912
21
-4.56206
0
LINE
8
BLACK
6
CONTINUOUS
10
6.19912
20
-4.56206
11
6.19692
21
-4.56401
0
LINE
8
BLACK
6
CONTINUOUS
10
6.19692
20
-4.56401
11
6.19411
21
-4.5665
0
LINE
8
BLACK
6
CONTINUOUS
10
6.19411
20
-4.5665
11
6.19411
21
-4.5665
0
LINE
8
BLACK
6
CONTINUOUS
10
6.19411
20
-4.5665
11
6.1903
21
-4.57201
0
LINE
8
BLACK
6
CONTINUOUS
10
6.1903
20
-4.57201
11
6.18898
21
-4.57551
0
LINE
8
BLACK
6
CONTINUOUS
10
6.18898
20
-4.57551
11
6.18793
21
-4.57827
0
LINE
8
BLACK
6
CONTINUOUS
10
6.18793
20
-4.57827
11
6.18712
21
-4.58492
0
LINE
8
BLACK
6
CONTINUOUS
10
6.18712
20
-4.58492
11
6.18793
21
-4.59157
0
LINE
8
BLACK
6
CONTINUOUS
10
6.18793
20
-4.59157
11
6.18922
21
-4.59497
0
LINE
8
BLACK
6
CONTINUOUS
10
6.18922
20
-4.59497
11
6.1903
21
-4.59783
0
LINE
8
BLACK
6
CONTINUOUS
10
6.1903
20
-4.59783
11
6.19411
21
-4.60334
0
LINE
8
BLACK
6
CONTINUOUS
10
6.19411
20
-4.60334
11
6.19411
21
-4.60334
0
LINE
8
BLACK
6
CONTINUOUS
10
6.19411
20
-4.60334
11
6.19411
21
-4.60334
0
LINE
8
BLACK
6
CONTINUOUS
10
6.19411
20
-4.60334
11
6.19411
21
-4.60334
0
LINE
8
BLACK
6
CONTINUOUS
10
6.19411
20
-4.60334
11
6.19912
21
-4.60778
0
LINE
8
BLACK
6
CONTINUOUS
10
6.19912
20
-4.60778
11
6.20505
21
-4.6109
0
LINE
8
BLACK
6
CONTINUOUS
10
6.20505
20
-4.6109
11
6.21155
21
-4.6125
0
LINE
8
BLACK
6
CONTINUOUS
10
6.21155
20
-4.6125
11
6.21155
21
-4.6125
0
LINE
8
BLACK
6
CONTINUOUS
10
6.21155
20
-4.6125
11
6.21825
21
-4.6125
0
LINE
8
BLACK
6
CONTINUOUS
10
6.21825
20
-4.6125
11
6.21825
21
-4.6125
0
LINE
8
BLACK
6
CONTINUOUS
10
6.21825
20
-4.6125
11
6.22475
21
-4.6109
0
LINE
8
BLACK
6
CONTINUOUS
10
6.22475
20
-4.6109
11
6.23068
21
-4.60778
0
LINE
8
BLACK
6
CONTINUOUS
10
6.23068
20
-4.60778
11
6.2357
21
-4.60334
0
LINE
8
BLACK
6
CONTINUOUS
10
6.2357
20
-4.60334
11
6.2395
21
-4.59783
0
LINE
8
BLACK
6
CONTINUOUS
10
6.2395
20
-4.59783
11
6.24188
21
-4.59157
0
LINE
8
BLACK
6
CONTINUOUS
10
6.24188
20
-4.59157
11
6.24268
21
-4.58492
0
LINE
8
BLACK
6
CONTINUOUS
10
6.24268
20
-4.58492
11
6.24188
21
-4.57827
0
LINE
8
BLACK
6
CONTINUOUS
10
6.24188
20
-4.57827
11
6.2395
21
-4.57201
0
LINE
8
BLACK
6
CONTINUOUS
10
6.2395
20
-4.57201
11
6.23723
21
-4.56872
0
LINE
8
BLACK
6
CONTINUOUS
10
6.23723
20
-4.56872
11
6.2357
21
-4.5665
0
LINE
8
BLACK
6
CONTINUOUS
10
6.2357
20
-4.5665
11
6.2357
21
-4.5665
0
LINE
8
BLACK
6
CONTINUOUS
10
6.2357
20
-4.5665
11
6.23469
21
-4.56561
0
LINE
8
BLACK
6
CONTINUOUS
10
6.23469
20
-4.56561
11
6.23068
21
-4.56206
0
LINE
8
BLACK
6
CONTINUOUS
10
6.23068
20
-4.56206
11
6.23068
21
-4.56206
0
LINE
8
BLACK
6
CONTINUOUS
10
6.23068
20
-4.56206
11
6.23068
21
-4.56206
0
LINE
8
BLACK
6
CONTINUOUS
10
6.23068
20
-4.56206
11
6.22475
21
-4.55895
0
LINE
8
BLACK
6
CONTINUOUS
10
6.22475
20
-4.55895
11
6.21985
21
-4.55774
0
LINE
8
BLACK
6
CONTINUOUS
10
6.21985
20
-4.55774
11
6.21825
21
-4.55734
0
LINE
8
BLACK
6
CONTINUOUS
10
6.21825
20
-4.55734
11
6.21155
21
-4.55734
0
LINE
8
BLACK
6
CONTINUOUS
10
6.21155
20
-4.55734
11
6.20505
21
-4.55895
0
LINE
8
BLACK
6
CONTINUOUS
10
4.85393
20
-4.03157
11
4.8563
21
-4.03783
0
LINE
8
BLACK
6
CONTINUOUS
10
4.8563
20
-4.03783
11
4.86011
21
-4.04334
0
LINE
8
BLACK
6
CONTINUOUS
10
4.86011
20
-4.04334
11
4.86011
21
-4.04334
0
LINE
8
BLACK
6
CONTINUOUS
10
4.86011
20
-4.04334
11
4.86011
21
-4.04334
0
LINE
8
BLACK
6
CONTINUOUS
10
4.86011
20
-4.04334
11
4.86011
21
-4.04334
0
LINE
8
BLACK
6
CONTINUOUS
10
4.86011
20
-4.04334
11
4.86512
21
-4.04778
0
LINE
8
BLACK
6
CONTINUOUS
10
4.86512
20
-4.04778
11
4.87105
21
-4.0509
0
LINE
8
BLACK
6
CONTINUOUS
10
4.87105
20
-4.0509
11
4.87755
21
-4.0525
0
LINE
8
BLACK
6
CONTINUOUS
10
4.87755
20
-4.0525
11
4.87755
21
-4.0525
0
LINE
8
BLACK
6
CONTINUOUS
10
4.87755
20
-4.0525
11
4.88425
21
-4.0525
0
LINE
8
BLACK
6
CONTINUOUS
10
4.88425
20
-4.0525
11
4.88425
21
-4.0525
0
LINE
8
BLACK
6
CONTINUOUS
10
4.88425
20
-4.0525
11
4.89075
21
-4.0509
0
LINE
8
BLACK
6
CONTINUOUS
10
4.89075
20
-4.0509
11
4.89668
21
-4.04778
0
LINE
8
BLACK
6
CONTINUOUS
10
4.89668
20
-4.04778
11
4.89703
21
-4.04748
0
LINE
8
BLACK
6
CONTINUOUS
10
4.89703
20
-4.04748
11
4.89926
21
-4.0466
0
LINE
8
BLACK
6
CONTINUOUS
10
4.89926
20
-4.0466
11
4.89936
21
-4.04659
0
LINE
8
BLACK
6
CONTINUOUS
10
4.89936
20
-4.04659
11
5.15447
21
-4.04659
0
LINE
8
BLACK
6
CONTINUOUS
10
5.15447
20
-4.04659
11
5.15673
21
-4.04741
0
LINE
8
BLACK
6
CONTINUOUS
10
5.15673
20
-4.04741
11
5.15695
21
-4.04762
0
LINE
8
BLACK
6
CONTINUOUS
10
5.15695
20
-4.04762
11
5.1866
21
-4.07727
0
LINE
8
BLACK
6
CONTINUOUS
10
5.1866
20
-4.07727
11
5.18761
21
-4.07944
0
LINE
8
BLACK
6
CONTINUOUS
10
5.18761
20
-4.07944
11
5.18699
21
-4.08175
0
LINE
8
BLACK
6
CONTINUOUS
10
5.18699
20
-4.08175
11
5.18503
21
-4.08313
0
LINE
8
BLACK
6
CONTINUOUS
10
5.18503
20
-4.08313
11
5.18412
21
-4.08325
0
LINE
8
BLACK
6
CONTINUOUS
10
5.18412
20
-4.08325
11
4.90136
21
-4.08325
0
LINE
8
BLACK
6
CONTINUOUS
10
4.90136
20
-4.08325
11
4.8991
21
-4.08243
0
LINE
8
BLACK
6
CONTINUOUS
10
4.8991
20
-4.08243
11
4.89903
21
-4.08237
0
LINE
8
BLACK
6
CONTINUOUS
10
4.89903
20
-4.08237
11
4.89868
21
-4.08206
0
LINE
8
BLACK
6
CONTINUOUS
10
4.89868
20
-4.08206
11
4.89868
21
-4.08206
0
LINE
8
BLACK
6
CONTINUOUS
10
4.89868
20
-4.08206
11
4.89369
21
-4.07944
0
LINE
8
BLACK
6
CONTINUOUS
10
4.89369
20
-4.07944
11
4.89275
21
-4.07895
0
LINE
8
BLACK
6
CONTINUOUS
10
4.89275
20
-4.07895
11
4.89275
21
-4.07895
0
LINE
8
BLACK
6
CONTINUOUS
10
4.89275
20
-4.07895
11
4.88941
21
-4.07812
0
LINE
8
BLACK
6
CONTINUOUS
10
4.88941
20
-4.07812
11
4.88625
21
-4.07734
0
LINE
8
BLACK
6
CONTINUOUS
10
4.88625
20
-4.07734
11
4.87955
21
-4.07734
0
LINE
8
BLACK
6
CONTINUOUS
10
4.87955
20
-4.07734
11
4.87305
21
-4.07895
0
LINE
8
BLACK
6
CONTINUOUS
10
4.87305
20
-4.07895
11
4.86712
21
-4.08206
0
LINE
8
BLACK
6
CONTINUOUS
10
4.86712
20
-4.08206
11
4.86712
21
-4.08206
0
LINE
8
BLACK
6
CONTINUOUS
10
4.86712
20
-4.08206
11
4.86712
21
-4.08206
0
LINE
8
BLACK
6
CONTINUOUS
10
4.86712
20
-4.08206
11
4.86712
21
-4.08206
0
LINE
8
BLACK
6
CONTINUOUS
10
4.86712
20
-4.08206
11
4.86578
21
-4.08325
0
LINE
8
BLACK
6
CONTINUOUS
10
4.86578
20
-4.08325
11
4.86211
21
-4.0865
0
LINE
8
BLACK
6
CONTINUOUS
10
4.86211
20
-4.0865
11
4.86211
21
-4.0865
0
LINE
8
BLACK
6
CONTINUOUS
10
4.86211
20
-4.0865
11
4.8583
21
-4.09201
0
LINE
8
BLACK
6
CONTINUOUS
10
4.8583
20
-4.09201
11
4.8583
21
-4.09201
0
LINE
8
BLACK
6
CONTINUOUS
10
4.8583
20
-4.09201
11
4.85593
21
-4.09827
0
LINE
8
BLACK
6
CONTINUOUS
10
4.85593
20
-4.09827
11
4.85512
21
-4.10492
0
LINE
8
BLACK
6
CONTINUOUS
10
4.85512
20
-4.10492
11
4.85593
21
-4.11157
0
LINE
8
BLACK
6
CONTINUOUS
10
4.85593
20
-4.11157
11
4.85615
21
-4.11216
0
LINE
8
BLACK
6
CONTINUOUS
10
4.85615
20
-4.11216
11
4.8583
21
-4.11783
0
LINE
8
BLACK
6
CONTINUOUS
10
4.8583
20
-4.11783
11
4.86211
21
-4.12334
0
LINE
8
BLACK
6
CONTINUOUS
10
4.86211
20
-4.12334
11
4.86211
21
-4.12334
0
LINE
8
BLACK
6
CONTINUOUS
10
4.86211
20
-4.12334
11
4.86211
21
-4.12334
0
LINE
8
BLACK
6
CONTINUOUS
10
4.86211
20
-4.12334
11
4.86211
21
-4.12334
0
LINE
8
BLACK
6
CONTINUOUS
10
4.86211
20
-4.12334
11
4.86712
21
-4.12778
0
LINE
8
BLACK
6
CONTINUOUS
10
4.86712
20
-4.12778
11
4.87305
21
-4.1309
0
LINE
8
BLACK
6
CONTINUOUS
10
4.87305
20
-4.1309
11
4.87955
21
-4.1325
0
LINE
8
BLACK
6
CONTINUOUS
10
4.87955
20
-4.1325
11
4.87955
21
-4.1325
0
LINE
8
BLACK
6
CONTINUOUS
10
4.87955
20
-4.1325
11
4.88625
21
-4.1325
0
LINE
8
BLACK
6
CONTINUOUS
10
4.88625
20
-4.1325
11
4.88625
21
-4.1325
0
LINE
8
BLACK
6
CONTINUOUS
10
4.88625
20
-4.1325
11
4.89275
21
-4.1309
0
LINE
8
BLACK
6
CONTINUOUS
10
4.89275
20
-4.1309
11
4.89868
21
-4.12778
0
LINE
8
BLACK
6
CONTINUOUS
10
4.89868
20
-4.12778
11
4.89903
21
-4.12748
0
LINE
8
BLACK
6
CONTINUOUS
10
4.89903
20
-4.12748
11
4.90126
21
-4.1266
0
LINE
8
BLACK
6
CONTINUOUS
10
4.90126
20
-4.1266
11
4.90136
21
-4.12659
0
LINE
8
BLACK
6
CONTINUOUS
10
4.90136
20
-4.12659
11
5.17601
21
-4.12659
0
LINE
8
BLACK
6
CONTINUOUS
10
5.17601
20
-4.12659
11
5.17826
21
-4.12741
0
LINE
8
BLACK
6
CONTINUOUS
10
5.17826
20
-4.12741
11
5.17849
21
-4.12762
0
LINE
8
BLACK
6
CONTINUOUS
10
5.17849
20
-4.12762
11
5.63859
21
-4.58773
0
LINE
8
BLACK
6
CONTINUOUS
10
5.63859
20
-4.58773
11
5.63959
21
-4.58978
0
LINE
8
BLACK
6
CONTINUOUS
10
5.63959
20
-4.58978
11
5.63986
21
-4.59197
0
LINE
8
BLACK
6
CONTINUOUS
10
5.63986
20
-4.59197
11
5.64223
21
-4.59823
0
LINE
8
BLACK
6
CONTINUOUS
10
5.64223
20
-4.59823
11
5.64604
21
-4.60374
0
LINE
8
BLACK
6
CONTINUOUS
10
5.64604
20
-4.60374
11
5.64604
21
-4.60374
0
LINE
8
BLACK
6
CONTINUOUS
10
5.64604
20
-4.60374
11
5.64604
21
-4.60374
0
LINE
8
BLACK
6
CONTINUOUS
10
5.64604
20
-4.60374
11
5.64604
21
-4.60374
0
LINE
8
BLACK
6
CONTINUOUS
10
5.64604
20
-4.60374
11
5.65105
21
-4.60818
0
LINE
8
BLACK
6
CONTINUOUS
10
5.65105
20
-4.60818
11
5.65698
21
-4.61129
0
LINE
8
BLACK
6
CONTINUOUS
10
5.65698
20
-4.61129
11
5.66348
21
-4.6129
0
LINE
8
BLACK
6
CONTINUOUS
10
5.66348
20
-4.6129
11
5.66348
21
-4.6129
0
LINE
8
BLACK
6
CONTINUOUS
10
5.66348
20
-4.6129
11
5.67018
21
-4.6129
0
LINE
8
BLACK
6
CONTINUOUS
10
5.67018
20
-4.6129
11
5.67018
21
-4.6129
0
LINE
8
BLACK
6
CONTINUOUS
10
5.67018
20
-4.6129
11
5.67668
21
-4.61129
0
LINE
8
BLACK
6
CONTINUOUS
10
5.67668
20
-4.61129
11
5.68261
21
-4.60818
0
LINE
8
BLACK
6
CONTINUOUS
10
5.68261
20
-4.60818
11
5.68763
21
-4.60374
0
LINE
8
BLACK
6
CONTINUOUS
10
5.68763
20
-4.60374
11
5.69143
21
-4.59823
0
LINE
8
BLACK
6
CONTINUOUS
10
5.69143
20
-4.59823
11
5.69267
21
-4.59497
0
LINE
8
BLACK
6
CONTINUOUS
10
5.69267
20
-4.59497
11
5.69423
21
-4.59316
0
LINE
8
BLACK
6
CONTINUOUS
10
5.69423
20
-4.59316
11
5.6966
21
-4.59277
0
LINE
8
BLACK
6
CONTINUOUS
10
5.6966
20
-4.59277
11
5.69866
21
-4.594
0
LINE
8
BLACK
6
CONTINUOUS
10
5.69866
20
-4.594
11
5.69922
21
-4.59497
0
LINE
8
BLACK
6
CONTINUOUS
10
5.69922
20
-4.59497
11
5.7003
21
-4.59783
0
LINE
8
BLACK
6
CONTINUOUS
10
5.7003
20
-4.59783
11
5.7003
21
-4.59783
0
LINE
8
BLACK
6
CONTINUOUS
10
5.7003
20
-4.59783
11
5.70411
21
-4.60334
0
LINE
8
BLACK
6
CONTINUOUS
10
5.70411
20
-4.60334
11
5.70411
21
-4.60334
0
LINE
8
BLACK
6
CONTINUOUS
10
5.70411
20
-4.60334
11
5.70411
21
-4.60334
0
LINE
8
BLACK
6
CONTINUOUS
10
5.70411
20
-4.60334
11
5.70411
21
-4.60334
0
LINE
8
BLACK
6
CONTINUOUS
10
5.70411
20
-4.60334
11
5.70912
21
-4.60778
0
LINE
8
BLACK
6
CONTINUOUS
10
5.70912
20
-4.60778
11
5.71505
21
-4.6109
0
LINE
8
BLACK
6
CONTINUOUS
10
5.71505
20
-4.6109
11
5.72155
21
-4.6125
0
LINE
8
BLACK
6
CONTINUOUS
10
5.72155
20
-4.6125
11
5.72155
21
-4.6125
0
LINE
8
BLACK
6
CONTINUOUS
10
5.72155
20
-4.6125
11
5.72825
21
-4.6125
0
LINE
8
BLACK
6
CONTINUOUS
10
5.72825
20
-4.6125
11
5.72825
21
-4.6125
0
LINE
8
BLACK
6
CONTINUOUS
10
5.72825
20
-4.6125
11
5.73475
21
-4.6109
0
LINE
8
BLACK
6
CONTINUOUS
10
5.73475
20
-4.6109
11
5.74068
21
-4.60778
0
LINE
8
BLACK
6
CONTINUOUS
10
5.74068
20
-4.60778
11
5.7457
21
-4.60334
0
LINE
8
BLACK
6
CONTINUOUS
10
5.7457
20
-4.60334
11
5.7495
21
-4.59783
0
LINE
8
BLACK
6
CONTINUOUS
10
5.7495
20
-4.59783
11
5.75188
21
-4.59157
0
LINE
8
BLACK
6
CONTINUOUS
10
5.75188
20
-4.59157
11
5.75268
21
-4.58492
0
LINE
8
BLACK
6
CONTINUOUS
10
5.75268
20
-4.58492
11
5.75188
21
-4.57827
0
LINE
8
BLACK
6
CONTINUOUS
10
5.75188
20
-4.57827
11
5.7495
21
-4.57201
0
LINE
8
BLACK
6
CONTINUOUS
10
5.7495
20
-4.57201
11
5.74723
21
-4.56872
0
LINE
8
BLACK
6
CONTINUOUS
10
5.74723
20
-4.56872
11
5.7457
21
-4.5665
0
LINE
8
BLACK
6
CONTINUOUS
10
5.7457
20
-4.5665
11
5.7457
21
-4.5665
0
LINE
8
BLACK
6
CONTINUOUS
10
5.7457
20
-4.5665
11
5.74469
21
-4.56561
0
LINE
8
BLACK
6
CONTINUOUS
10
5.74469
20
-4.56561
11
5.74068
21
-4.56206
0
LINE
8
BLACK
6
CONTINUOUS
10
5.74068
20
-4.56206
11
5.74068
21
-4.56206
0
LINE
8
BLACK
6
CONTINUOUS
10
5.74068
20
-4.56206
11
5.74068
21
-4.56206
0
LINE
8
BLACK
6
CONTINUOUS
10
5.74068
20
-4.56206
11
5.73475
21
-4.55895
0
LINE
8
BLACK
6
CONTINUOUS
10
5.73475
20
-4.55895
11
5.72883
21
-4.55749
0
LINE
8
BLACK
6
CONTINUOUS
10
5.72883
20
-4.55749
11
5.72719
21
-4.55656
0
LINE
8
BLACK
6
CONTINUOUS
10
5.72719
20
-4.55656
11
5.69334
21
-4.52271
0
LINE
8
BLACK
6
CONTINUOUS
10
5.69334
20
-4.52271
11
5.50601
21
-4.33537
0
LINE
8
BLACK
6
CONTINUOUS
10
5.50601
20
-4.33537
11
5.50499
21
-4.3332
0
LINE
8
BLACK
6
CONTINUOUS
10
5.50499
20
-4.3332
11
5.50561
21
-4.33089
0
LINE
8
BLACK
6
CONTINUOUS
10
5.50561
20
-4.33089
11
5.50685
21
-4.32979
0
LINE
8
BLACK
6
CONTINUOUS
10
5.50685
20
-4.32979
11
5.51068
21
-4.32778
0
LINE
8
BLACK
6
CONTINUOUS
10
5.51068
20
-4.32778
11
5.5157
21
-4.32334
0
LINE
8
BLACK
6
CONTINUOUS
10
5.5157
20
-4.32334
11
5.5195
21
-4.31783
0
LINE
8
BLACK
6
CONTINUOUS
10
5.5195
20
-4.31783
11
5.5206
21
-4.31492
0
LINE
8
BLACK
6
CONTINUOUS
10
5.5206
20
-4.31492
11
5.52188
21
-4.31157
0
LINE
8
BLACK
6
CONTINUOUS
10
5.52188
20
-4.31157
11
5.52268
21
-4.30492
0
LINE
8
BLACK
6
CONTINUOUS
10
5.52268
20
-4.30492
11
5.52188
21
-4.29827
0
LINE
8
BLACK
6
CONTINUOUS
10
5.52188
20
-4.29827
11
5.5195
21
-4.29201
0
LINE
8
BLACK
6
CONTINUOUS
10
5.5195
20
-4.29201
11
5.51873
21
-4.2909
0
LINE
8
BLACK
6
CONTINUOUS
10
5.51873
20
-4.2909
11
5.5172
21
-4.28867
0
LINE
8
BLACK
6
CONTINUOUS
10
5.5172
20
-4.28867
11
5.51657
21
-4.28668
0
LINE
8
BLACK
6
CONTINUOUS
10
5.51657
20
-4.28668
11
5.51657
21
-4.12492
0
LINE
8
BLACK
6
CONTINUOUS
10
5.51657
20
-4.12492
11
5.51657
21
-4.10735
0
LINE
8
BLACK
6
CONTINUOUS
10
5.51657
20
-4.10735
11
5.51739
21
-4.1051
0
LINE
8
BLACK
6
CONTINUOUS
10
5.51739
20
-4.1051
11
5.5176
21
-4.10487
0
LINE
8
BLACK
6
CONTINUOUS
10
5.5176
20
-4.10487
11
5.73246
21
-3.89002
0
LINE
8
BLACK
6
CONTINUOUS
10
5.73246
20
-3.89002
11
5.73463
21
-3.889
0
LINE
8
BLACK
6
CONTINUOUS
10
5.73463
20
-3.889
11
5.73694
21
-3.88962
0
LINE
8
BLACK
6
CONTINUOUS
10
5.73694
20
-3.88962
11
5.73782
21
-3.8905
0
LINE
8
BLACK
6
CONTINUOUS
10
5.73782
20
-3.8905
11
5.74127
21
-3.89551
0
LINE
8
BLACK
6
CONTINUOUS
10
5.74127
20
-3.89551
11
5.74628
21
-3.89995
0
LINE
8
BLACK
6
CONTINUOUS
10
5.74628
20
-3.89995
11
5.75221
21
-3.90306
0
LINE
8
BLACK
6
CONTINUOUS
10
5.75221
20
-3.90306
11
5.75872
21
-3.90466
0
LINE
8
BLACK
6
CONTINUOUS
10
5.75872
20
-3.90466
11
5.75872
21
-3.90466
0
LINE
8
BLACK
6
CONTINUOUS
10
5.75872
20
-3.90466
11
5.76541
21
-3.90466
0
LINE
8
BLACK
6
CONTINUOUS
10
5.76541
20
-3.90466
11
5.76541
21
-3.90466
0
LINE
8
BLACK
6
CONTINUOUS
10
5.76541
20
-3.90466
11
5.77192
21
-3.90306
0
LINE
8
BLACK
6
CONTINUOUS
10
5.77192
20
-3.90306
11
5.77785
21
-3.89995
0
LINE
8
BLACK
6
CONTINUOUS
10
5.77785
20
-3.89995
11
5.78286
21
-3.89551
0
LINE
8
BLACK
6
CONTINUOUS
10
5.78286
20
-3.89551
11
5.78416
21
-3.89362
0
LINE
8
BLACK
6
CONTINUOUS
10
5.78416
20
-3.89362
11
5.78612
21
-3.89223
0
LINE
8
BLACK
6
CONTINUOUS
10
5.78612
20
-3.89223
11
5.78851
21
-3.89242
0
LINE
8
BLACK
6
CONTINUOUS
10
5.78851
20
-3.89242
11
5.78904
21
-3.89273
0
LINE
8
BLACK
6
CONTINUOUS
10
5.78904
20
-3.89273
11
5.78912
21
-3.89278
0
LINE
8
BLACK
6
CONTINUOUS
10
5.78912
20
-3.89278
11
5.78998
21
-3.89324
0
LINE
8
BLACK
6
CONTINUOUS
10
5.78998
20
-3.89324
11
5.79505
21
-3.8959
0
LINE
8
BLACK
6
CONTINUOUS
10
5.79505
20
-3.8959
11
5.80155
21
-3.8975
0
LINE
8
BLACK
6
CONTINUOUS
10
5.80155
20
-3.8975
11
5.80155
21
-3.8975
0
LINE
8
BLACK
6
CONTINUOUS
10
5.80155
20
-3.8975
11
5.80825
21
-3.8975
0
LINE
8
BLACK
6
CONTINUOUS
10
5.80825
20
-3.8975
11
5.80825
21
-3.8975
0
LINE
8
BLACK
6
CONTINUOUS
10
5.80825
20
-3.8975
11
5.81475
21
-3.8959
0
LINE
8
BLACK
6
CONTINUOUS
10
5.81475
20
-3.8959
11
5.82068
21
-3.89278
0
LINE
8
BLACK
6
CONTINUOUS
10
5.82068
20
-3.89278
11
5.8257
21
-3.88834
0
LINE
8
BLACK
6
CONTINUOUS
10
5.8257
20
-3.88834
11
5.8295
21
-3.88283
0
LINE
8
BLACK
6
CONTINUOUS
10
5.8295
20
-3.88283
11
5.83188
21
-3.87657
0
LINE
8
BLACK
6
CONTINUOUS
10
5.83188
20
-3.87657
11
5.83268
21
-3.86992
0
LINE
8
BLACK
6
CONTINUOUS
10
5.83268
20
-3.86992
11
5.83243
21
-3.86785
0
LINE
8
BLACK
6
CONTINUOUS
10
5.83243
20
-3.86785
11
5.83188
21
-3.86327
0
LINE
8
BLACK
6
CONTINUOUS
10
5.83188
20
-3.86327
11
5.8295
21
-3.85701
0
LINE
8
BLACK
6
CONTINUOUS
10
5.8295
20
-3.85701
11
5.82924
21
-3.85663
0
LINE
8
BLACK
6
CONTINUOUS
10
5.82924
20
-3.85663
11
5.8257
21
-3.8515
0
LINE
8
BLACK
6
CONTINUOUS
10
5.8257
20
-3.8515
11
5.8257
21
-3.8515
0
LINE
8
BLACK
6
CONTINUOUS
10
5.8257
20
-3.8515
11
5.82526
21
-3.85111
0
LINE
8
BLACK
6
CONTINUOUS
10
5.82526
20
-3.85111
11
5.82068
21
-3.84706
0
LINE
8
BLACK
6
CONTINUOUS
10
5.82068
20
-3.84706
11
5.82068
21
-3.84706
0
LINE
8
BLACK
6
CONTINUOUS
10
5.82068
20
-3.84706
11
5.82068
21
-3.84706
0
LINE
8
BLACK
6
CONTINUOUS
10
5.82068
20
-3.84706
11
5.81475
21
-3.84395
0
LINE
8
BLACK
6
CONTINUOUS
10
5.81475
20
-3.84395
11
5.80985
21
-3.84274
0
LINE
8
BLACK
6
CONTINUOUS
10
5.80985
20
-3.84274
11
5.80825
21
-3.84234
0
LINE
8
BLACK
6
CONTINUOUS
10
5.80825
20
-3.84234
11
5.80155
21
-3.84234
0
LINE
8
BLACK
6
CONTINUOUS
10
5.80155
20
-3.84234
11
5.79505
21
-3.84395
0
LINE
8
BLACK
6
CONTINUOUS
10
5.79505
20
-3.84395
11
5.78912
21
-3.84706
0
LINE
8
BLACK
6
CONTINUOUS
10
5.78912
20
-3.84706
11
5.78912
21
-3.84706
0
LINE
8
BLACK
6
CONTINUOUS
10
5.78912
20
-3.84706
11
5.78912
21
-3.84706
0
LINE
8
BLACK
6
CONTINUOUS
10
5.78912
20
-3.84706
11
5.78912
21
-3.84706
0
LINE
8
BLACK
6
CONTINUOUS
10
5.78912
20
-3.84706
11
5.78467
21
-3.851
0
LINE
8
BLACK
6
CONTINUOUS
10
5.78467
20
-3.851
11
5.78411
21
-3.8515
0
LINE
8
BLACK
6
CONTINUOUS
10
5.78411
20
-3.8515
11
5.7828
21
-3.85339
0
LINE
8
BLACK
6
CONTINUOUS
10
5.7828
20
-3.85339
11
5.78085
21
-3.85477
0
LINE
8
BLACK
6
CONTINUOUS
10
5.78085
20
-3.85477
11
5.77846
21
-3.85458
0
LINE
8
BLACK
6
CONTINUOUS
10
5.77846
20
-3.85458
11
5.77793
21
-3.85428
0
LINE
8
BLACK
6
CONTINUOUS
10
5.77793
20
-3.85428
11
5.77785
21
-3.85422
0
LINE
8
BLACK
6
CONTINUOUS
10
5.77785
20
-3.85422
11
5.77785
21
-3.85422
0
LINE
8
BLACK
6
CONTINUOUS
10
5.77785
20
-3.85422
11
5.7776
21
-3.85409
0
LINE
8
BLACK
6
CONTINUOUS
10
5.7776
20
-3.85409
11
5.77577
21
-3.85313
0
LINE
8
BLACK
6
CONTINUOUS
10
5.77577
20
-3.85313
11
5.77416
21
-3.85136
0
LINE
8
BLACK
6
CONTINUOUS
10
5.77416
20
-3.85136
11
5.77406
21
-3.84896
0
LINE
8
BLACK
6
CONTINUOUS
10
5.77406
20
-3.84896
11
5.77492
21
-3.84755
0
LINE
8
BLACK
6
CONTINUOUS
10
5.77492
20
-3.84755
11
5.89485
21
-3.72762
0
LINE
8
BLACK
6
CONTINUOUS
10
5.89485
20
-3.72762
11
5.89702
21
-3.72661
0
LINE
8
BLACK
6
CONTINUOUS
10
5.89702
20
-3.72661
11
5.89733
21
-3.72659
0
LINE
8
BLACK
6
CONTINUOUS
10
5.89733
20
-3.72659
11
6.26645
21
-3.72659
0
LINE
8
BLACK
6
CONTINUOUS
10
6.26645
20
-3.72659
11
6.2687
21
-3.72741
0
LINE
8
BLACK
6
CONTINUOUS
10
6.2687
20
-3.72741
11
6.26877
21
-3.72748
0
LINE
8
BLACK
6
CONTINUOUS
10
6.26877
20
-3.72748
11
6.26912
21
-3.72778
0
LINE
8
BLACK
6
CONTINUOUS
10
6.26912
20
-3.72778
11
6.27505
21
-3.7309
0
LINE
8
BLACK
6
CONTINUOUS
10
6.27505
20
-3.7309
11
6.28155
21
-3.7325
0
LINE
8
BLACK
6
CONTINUOUS
10
6.28155
20
-3.7325
11
6.28155
21
-3.7325
0
LINE
8
BLACK
6
CONTINUOUS
10
6.28155
20
-3.7325
11
6.28825
21
-3.7325
0
LINE
8
BLACK
6
CONTINUOUS
10
6.28825
20
-3.7325
11
6.28825
21
-3.7325
0
LINE
8
BLACK
6
CONTINUOUS
10
6.28825
20
-3.7325
11
6.29475
21
-3.7309
0
LINE
8
BLACK
6
CONTINUOUS
10
6.29475
20
-3.7309
11
6.30068
21
-3.72778
0
LINE
8
BLACK
6
CONTINUOUS
10
6.30068
20
-3.72778
11
6.3057
21
-3.72334
0
LINE
8
BLACK
6
CONTINUOUS
10
6.3057
20
-3.72334
11
6.30684
21
-3.72169
0
LINE
8
BLACK
6
CONTINUOUS
10
6.30684
20
-3.72169
11
6.30879
21
-3.7203
0
LINE
8
BLACK
6
CONTINUOUS
10
6.30879
20
-3.7203
11
6.31118
21
-3.72049
0
LINE
8
BLACK
6
CONTINUOUS
10
6.31118
20
-3.72049
11
6.31289
21
-3.72217
0
LINE
8
BLACK
6
CONTINUOUS
10
6.31289
20
-3.72217
11
6.31323
21
-3.72368
0
LINE
8
BLACK
6
CONTINUOUS
10
6.31323
20
-3.72368
11
6.31323
21
-3.81668
0
LINE
8
BLACK
6
CONTINUOUS
10
6.31323
20
-3.81668
11
6.31261
21
-3.81867
0
LINE
8
BLACK
6
CONTINUOUS
10
6.31261
20
-3.81867
11
6.3103
21
-3.82201
0
LINE
8
BLACK
6
CONTINUOUS
10
6.3103
20
-3.82201
11
6.30793
21
-3.82827
0
LINE
8
BLACK
6
CONTINUOUS
10
6.30793
20
-3.82827
11
6.30712
21
-3.83492
0
LINE
8
BLACK
6
CONTINUOUS
10
6.30712
20
-3.83492
11
6.30712
21
-3.83492
0
LINE
8
BLACK
6
CONTINUOUS
10
6.30712
20
-3.83492
11
6.30793
21
-3.84157
0
LINE
8
BLACK
6
CONTINUOUS
10
6.30793
20
-3.84157
11
6.3103
21
-3.84783
0
LINE
8
BLACK
6
CONTINUOUS
10
6.3103
20
-3.84783
11
6.31411
21
-3.85334
0
LINE
8
BLACK
6
CONTINUOUS
10
6.31411
20
-3.85334
11
6.31411
21
-3.85334
0
LINE
8
BLACK
6
CONTINUOUS
10
6.31411
20
-3.85334
11
6.31411
21
-3.85334
0
LINE
8
BLACK
6
CONTINUOUS
10
6.31411
20
-3.85334
11
6.31411
21
-3.85334
0
LINE
8
BLACK
6
CONTINUOUS
10
6.31411
20
-3.85334
11
6.31912
21
-3.85778
0
LINE
8
BLACK
6
CONTINUOUS
10
6.31912
20
-3.85778
11
6.32505
21
-3.8609
0
LINE
8
BLACK
6
CONTINUOUS
10
6.32505
20
-3.8609
11
6.33097
21
-3.86236
0
LINE
8
BLACK
6
CONTINUOUS
10
6.33097
20
-3.86236
11
6.33261
21
-3.86328
0
LINE
8
BLACK
6
CONTINUOUS
10
6.33261
20
-3.86328
11
6.38374
21
-3.91441
0
LINE
8
BLACK
6
CONTINUOUS
10
6.38374
20
-3.91441
11
6.38475
21
-3.91658
0
LINE
8
BLACK
6
CONTINUOUS
10
6.38475
20
-3.91658
11
6.38476
21
-3.91689
0
LINE
8
BLACK
6
CONTINUOUS
10
6.38476
20
-3.91689
11
6.38476
21
-4.08727
0
LINE
8
BLACK
6
CONTINUOUS
10
6.38476
20
-4.08727
11
6.38414
21
-4.08926
0
LINE
8
BLACK
6
CONTINUOUS
10
6.38414
20
-4.08926
11
6.38184
21
-4.0926
0
LINE
8
BLACK
6
CONTINUOUS
10
6.38184
20
-4.0926
11
6.37946
21
-4.09886
0
LINE
8
BLACK
6
CONTINUOUS
10
6.37946
20
-4.09886
11
6.37866
21
-4.10551
0
LINE
8
BLACK
6
CONTINUOUS
10
6.37866
20
-4.10551
11
6.37866
21
-4.10551
0
LINE
8
BLACK
6
CONTINUOUS
10
6.37866
20
-4.10551
11
6.37946
21
-4.11216
0
LINE
8
BLACK
6
CONTINUOUS
10
6.37946
20
-4.11216
11
6.38184
21
-4.11842
0
LINE
8
BLACK
6
CONTINUOUS
10
6.38184
20
-4.11842
11
6.38564
21
-4.12393
0
LINE
8
BLACK
6
CONTINUOUS
10
6.38564
20
-4.12393
11
6.38564
21
-4.12393
0
LINE
8
BLACK
6
CONTINUOUS
10
6.38564
20
-4.12393
11
6.38564
21
-4.12393
0
LINE
8
BLACK
6
CONTINUOUS
10
6.38564
20
-4.12393
11
6.38564
21
-4.12393
0
LINE
8
BLACK
6
CONTINUOUS
10
6.38564
20
-4.12393
11
6.39066
21
-4.12838
0
LINE
8
BLACK
6
CONTINUOUS
10
6.39066
20
-4.12838
11
6.39659
21
-4.13149
0
LINE
8
BLACK
6
CONTINUOUS
10
6.39659
20
-4.13149
11
6.40309
21
-4.13309
0
LINE
8
BLACK
6
CONTINUOUS
10
6.40309
20
-4.13309
11
6.40309
21
-4.13309
0
LINE
8
BLACK
6
CONTINUOUS
10
6.40309
20
-4.13309
11
6.40979
21
-4.13309
0
LINE
8
BLACK
6
CONTINUOUS
10
6.40979
20
-4.13309
11
6.40979
21
-4.13309
0
LINE
8
BLACK
6
CONTINUOUS
10
6.40979
20
-4.13309
11
6.41629
21
-4.13149
0
LINE
8
BLACK
6
CONTINUOUS
10
6.41629
20
-4.13149
11
6.42222
21
-4.12838
0
LINE
8
BLACK
6
CONTINUOUS
10
6.42222
20
-4.12838
11
6.42723
21
-4.12393
0
LINE
8
BLACK
6
CONTINUOUS
10
6.42723
20
-4.12393
11
6.43104
21
-4.11842
0
LINE
8
BLACK
6
CONTINUOUS
10
6.43104
20
-4.11842
11
6.43341
21
-4.11216
0
LINE
8
BLACK
6
CONTINUOUS
10
6.43341
20
-4.11216
11
6.43422
21
-4.10551
0
LINE
8
BLACK
6
CONTINUOUS
10
6.43422
20
-4.10551
11
6.43341
21
-4.09886
0
LINE
8
BLACK
6
CONTINUOUS
10
6.43341
20
-4.09886
11
6.43104
21
-4.0926
0
LINE
8
BLACK
6
CONTINUOUS
10
6.43104
20
-4.0926
11
6.43104
21
-4.0926
0
LINE
8
BLACK
6
CONTINUOUS
10
6.43104
20
-4.0926
11
6.42873
21
-4.08926
0
LINE
8
BLACK
6
CONTINUOUS
10
6.42873
20
-4.08926
11
6.42811
21
-4.08727
0
LINE
8
BLACK
6
CONTINUOUS
10
6.42811
20
-4.08727
11
6.42811
21
-3.90683
0
LINE
8
BLACK
6
CONTINUOUS
10
6.42811
20
-3.90683
11
6.4282
21
-3.90422
0
LINE
8
BLACK
6
CONTINUOUS
10
6.4282
20
-3.90422
11
6.4282
21
-3.90422
0
LINE
8
BLACK
6
CONTINUOUS
10
6.4282
20
-3.90422
11
6.42778
21
-3.90249
0
LINE
8
BLACK
6
CONTINUOUS
10
6.42778
20
-3.90249
11
6.42774
21
-3.90232
0
LINE
8
BLACK
6
CONTINUOUS
10
6.42774
20
-3.90232
11
6.4275
21
-3.90055
0
LINE
8
BLACK
6
CONTINUOUS
10
6.4275
20
-3.90055
11
6.42727
21
-3.90003
0
LINE
8
BLACK
6
CONTINUOUS
10
6.42727
20
-3.90003
11
6.42717
21
-3.8998
0
LINE
8
BLACK
6
CONTINUOUS
10
6.42717
20
-3.8998
11
6.42698
21
-3.89923
0
LINE
8
BLACK
6
CONTINUOUS
10
6.42698
20
-3.89923
11
6.42679
21
-3.89843
0
LINE
8
BLACK
6
CONTINUOUS
10
6.42679
20
-3.89843
11
6.42592
21
-3.89688
0
LINE
8
BLACK
6
CONTINUOUS
10
6.42592
20
-3.89688
11
6.42584
21
-3.89672
0
LINE
8
BLACK
6
CONTINUOUS
10
6.42584
20
-3.89672
11
6.42513
21
-3.89509
0
LINE
8
BLACK
6
CONTINUOUS
10
6.42513
20
-3.89509
11
6.42461
21
-3.89445
0
LINE
8
BLACK
6
CONTINUOUS
10
6.42461
20
-3.89445
11
6.42427
21
-3.89396
0
LINE
8
BLACK
6
CONTINUOUS
10
6.42427
20
-3.89396
11
6.42408
21
-3.89362
0
LINE
8
BLACK
6
CONTINUOUS
10
6.42408
20
-3.89362
11
6.42387
21
-3.89324
0
LINE
8
BLACK
6
CONTINUOUS
10
6.42387
20
-3.89324
11
6.42336
21
-3.89273
0
LINE
8
BLACK
6
CONTINUOUS
10
6.42336
20
-3.89273
11
6.42261
21
-3.89198
0
LINE
8
BLACK
6
CONTINUOUS
10
6.42261
20
-3.89198
11
6.42249
21
-3.89185
0
LINE
8
BLACK
6
CONTINUOUS
10
6.42249
20
-3.89185
11
6.42137
21
-3.89047
0
LINE
8
BLACK
6
CONTINUOUS
10
6.42137
20
-3.89047
11
6.42137
21
-3.89047
0
LINE
8
BLACK
6
CONTINUOUS
10
6.42137
20
-3.89047
11
6.4207
21
-3.88999
0
LINE
8
BLACK
6
CONTINUOUS
10
6.4207
20
-3.88999
11
6.42024
21
-3.88961
0
LINE
8
BLACK
6
CONTINUOUS
10
6.42024
20
-3.88961
11
6.36314
21
-3.83251
0
LINE
8
BLACK
6
CONTINUOUS
10
6.36314
20
-3.83251
11
6.36214
21
-3.83045
0
LINE
8
BLACK
6
CONTINUOUS
10
6.36214
20
-3.83045
11
6.36188
21
-3.82827
0
LINE
8
BLACK
6
CONTINUOUS
10
6.36188
20
-3.82827
11
6.3595
21
-3.82201
0
LINE
8
BLACK
6
CONTINUOUS
10
6.3595
20
-3.82201
11
6.3595
21
-3.82201
0
LINE
8
BLACK
6
CONTINUOUS
10
6.3595
20
-3.82201
11
6.3572
21
-3.81867
0
LINE
8
BLACK
6
CONTINUOUS
10
6.3572
20
-3.81867
11
6.35657
21
-3.81668
0
LINE
8
BLACK
6
CONTINUOUS
10
6.35657
20
-3.81668
11
6.35657
21
-3.30683
0
LINE
8
BLACK
6
CONTINUOUS
10
6.35657
20
-3.30683
11
6.35666
21
-3.30422
0
LINE
8
BLACK
6
CONTINUOUS
10
6.35666
20
-3.30422
11
6.35666
21
-3.30422
0
LINE
8
BLACK
6
CONTINUOUS
10
6.35666
20
-3.30422
11
6.35659
21
-3.30392
0
LINE
8
BLACK
6
CONTINUOUS
10
6.35659
20
-3.30392
11
6.35624
21
-3.30249
0
LINE
8
BLACK
6
CONTINUOUS
10
6.35624
20
-3.30249
11
6.35621
21
-3.30232
0
LINE
8
BLACK
6
CONTINUOUS
10
6.35621
20
-3.30232
11
6.35597
21
-3.30055
0
LINE
8
BLACK
6
CONTINUOUS
10
6.35597
20
-3.30055
11
6.35564
21
-3.2998
0
LINE
8
BLACK
6
CONTINUOUS
10
6.35564
20
-3.2998
11
6.35545
21
-3.29923
0
LINE
8
BLACK
6
CONTINUOUS
10
6.35545
20
-3.29923
11
6.35525
21
-3.29843
0
LINE
8
BLACK
6
CONTINUOUS
10
6.35525
20
-3.29843
11
6.35525
21
-3.29843
0
LINE
8
BLACK
6
CONTINUOUS
10
6.35525
20
-3.29843
11
6.35438
21
-3.29688
0
LINE
8
BLACK
6
CONTINUOUS
10
6.35438
20
-3.29688
11
6.3543
21
-3.29672
0
LINE
8
BLACK
6
CONTINUOUS
10
6.3543
20
-3.29672
11
6.35359
21
-3.29509
0
LINE
8
BLACK
6
CONTINUOUS
10
6.35359
20
-3.29509
11
6.35359
21
-3.29509
0
LINE
8
BLACK
6
CONTINUOUS
10
6.35359
20
-3.29509
11
6.35307
21
-3.29445
0
LINE
8
BLACK
6
CONTINUOUS
10
6.35307
20
-3.29445
11
6.35274
21
-3.29396
0
LINE
8
BLACK
6
CONTINUOUS
10
6.35274
20
-3.29396
11
6.35233
21
-3.29324
0
LINE
8
BLACK
6
CONTINUOUS
10
6.35233
20
-3.29324
11
6.35233
21
-3.29324
0
LINE
8
BLACK
6
CONTINUOUS
10
6.35233
20
-3.29324
11
6.35108
21
-3.29198
0
LINE
8
BLACK
6
CONTINUOUS
10
6.35108
20
-3.29198
11
6.35096
21
-3.29185
0
LINE
8
BLACK
6
CONTINUOUS
10
6.35096
20
-3.29185
11
6.34983
21
-3.29047
0
LINE
8
BLACK
6
CONTINUOUS
10
6.34983
20
-3.29047
11
6.34983
21
-3.29047
0
LINE
8
BLACK
6
CONTINUOUS
10
6.34983
20
-3.29047
11
6.34916
21
-3.28999
0
LINE
8
BLACK
6
CONTINUOUS
10
6.34916
20
-3.28999
11
6.3487
21
-3.28961
0
LINE
8
BLACK
6
CONTINUOUS
10
6.3487
20
-3.28961
11
6.27911
21
-3.22001
0
LINE
8
BLACK
6
CONTINUOUS
10
6.27911
20
-3.22001
11
6.25816
21
-3.19906
0
LINE
8
BLACK
6
CONTINUOUS
10
6.25816
20
-3.19906
11
6.25715
21
-3.19689
0
LINE
8
BLACK
6
CONTINUOUS
10
6.25715
20
-3.19689
11
6.25777
21
-3.19458
0
LINE
8
BLACK
6
CONTINUOUS
10
6.25777
20
-3.19458
11
6.25901
21
-3.19348
0
LINE
8
BLACK
6
CONTINUOUS
10
6.25901
20
-3.19348
11
6.26106
21
-3.1924
0
LINE
8
BLACK
6
CONTINUOUS
10
6.26106
20
-3.1924
11
6.26608
21
-3.18796
0
LINE
8
BLACK
6
CONTINUOUS
10
6.26608
20
-3.18796
11
6.26988
21
-3.18245
0
LINE
8
BLACK
6
CONTINUOUS
10
6.26988
20
-3.18245
11
6.27226
21
-3.17619
0
LINE
8
BLACK
6
CONTINUOUS
10
6.27226
20
-3.17619
11
6.27306
21
-3.16954
0
LINE
8
BLACK
6
CONTINUOUS
10
6.27306
20
-3.16954
11
6.27226
21
-3.16289
0
LINE
8
BLACK
6
CONTINUOUS
10
6.27226
20
-3.16289
11
6.26988
21
-3.15663
0
LINE
8
BLACK
6
CONTINUOUS
10
6.26988
20
-3.15663
11
6.26686
21
-3.15225
0
LINE
8
BLACK
6
CONTINUOUS
10
6.26686
20
-3.15225
11
6.26608
21
-3.15112
0
LINE
8
BLACK
6
CONTINUOUS
10
6.26608
20
-3.15112
11
6.26608
21
-3.15112
0
LINE
8
BLACK
6
CONTINUOUS
10
6.26608
20
-3.15112
11
6.26608
21
-3.15112
0
LINE
8
BLACK
6
CONTINUOUS
10
6.26608
20
-3.15112
11
6.26106
21
-3.14668
0
LINE
8
BLACK
6
CONTINUOUS
10
6.26106
20
-3.14668
11
6.26106
21
-3.14668
0
LINE
8
BLACK
6
CONTINUOUS
10
6.26106
20
-3.14668
11
6.26106
21
-3.14668
0
LINE
8
BLACK
6
CONTINUOUS
10
6.26106
20
-3.14668
11
6.25513
21
-3.14356
0
LINE
8
BLACK
6
CONTINUOUS
10
6.25513
20
-3.14356
11
6.25018
21
-3.14234
0
LINE
8
BLACK
6
CONTINUOUS
10
6.25018
20
-3.14234
11
6.24863
21
-3.14196
0
LINE
8
BLACK
6
CONTINUOUS
10
6.24863
20
-3.14196
11
6.24193
21
-3.14196
0
LINE
8
BLACK
6
CONTINUOUS
10
6.24193
20
-3.14196
11
6.23543
21
-3.14356
0
LINE
8
BLACK
6
CONTINUOUS
10
6.23543
20
-3.14356
11
6.2295
21
-3.14668
0
LINE
8
BLACK
6
CONTINUOUS
10
6.2295
20
-3.14668
11
6.2295
21
-3.14668
0
LINE
8
BLACK
6
CONTINUOUS
10
6.2295
20
-3.14668
11
6.2295
21
-3.14668
0
LINE
8
BLACK
6
CONTINUOUS
10
6.2295
20
-3.14668
11
6.2295
21
-3.14668
0
LINE
8
BLACK
6
CONTINUOUS
10
6.2295
20
-3.14668
11
6.22449
21
-3.15112
0
LINE
8
BLACK
6
CONTINUOUS
10
6.22449
20
-3.15112
11
6.22449
21
-3.15112
0
LINE
8
BLACK
6
CONTINUOUS
10
6.22449
20
-3.15112
11
6.22105
21
-3.1561
0
LINE
8
BLACK
6
CONTINUOUS
10
6.22105
20
-3.1561
11
6.21909
21
-3.15749
0
LINE
8
BLACK
6
CONTINUOUS
10
6.21909
20
-3.15749
11
6.2167
21
-3.1573
0
LINE
8
BLACK
6
CONTINUOUS
10
6.2167
20
-3.1573
11
6.21569
21
-3.15659
0
LINE
8
BLACK
6
CONTINUOUS
10
6.21569
20
-3.15659
11
6.19314
21
-3.13405
0
LINE
8
BLACK
6
CONTINUOUS
10
6.19314
20
-3.13405
11
6.19214
21
-3.13199
0
LINE
8
BLACK
6
CONTINUOUS
10
6.19214
20
-3.13199
11
6.19188
21
-3.12981
0
LINE
8
BLACK
6
CONTINUOUS
10
6.19188
20
-3.12981
11
6.1895
21
-3.12355
0
LINE
8
BLACK
6
CONTINUOUS
10
6.1895
20
-3.12355
11
6.1857
21
-3.11803
0
LINE
8
BLACK
6
CONTINUOUS
10
6.1857
20
-3.11803
11
6.18068
21
-3.11359
0
LINE
8
BLACK
6
CONTINUOUS
10
6.18068
20
-3.11359
11
6.18068
21
-3.11359
0
LINE
8
BLACK
6
CONTINUOUS
10
6.18068
20
-3.11359
11
6.18068
21
-3.11359
0
LINE
8
BLACK
6
CONTINUOUS
10
6.18068
20
-3.11359
11
6.17475
21
-3.11048
0
LINE
8
BLACK
6
CONTINUOUS
10
6.17475
20
-3.11048
11
6.16985
21
-3.10927
0
LINE
8
BLACK
6
CONTINUOUS
10
6.16985
20
-3.10927
11
6.16825
21
-3.10888
0
LINE
8
BLACK
6
CONTINUOUS
10
6.16825
20
-3.10888
11
6.16155
21
-3.10888
0
LINE
8
BLACK
6
CONTINUOUS
10
6.16155
20
-3.10888
11
6.15505
21
-3.11048
0
LINE
8
BLACK
6
CONTINUOUS
10
6.15505
20
-3.11048
11
6.14912
21
-3.11359
0
LINE
8
BLACK
6
CONTINUOUS
10
6.14912
20
-3.11359
11
6.14912
21
-3.11359
0
LINE
8
BLACK
6
CONTINUOUS
10
6.14912
20
-3.11359
11
6.14912
21
-3.11359
0
LINE
8
BLACK
6
CONTINUOUS
10
6.14912
20
-3.11359
11
6.14912
21
-3.11359
0
LINE
8
BLACK
6
CONTINUOUS
10
6.14912
20
-3.11359
11
6.14714
21
-3.11535
0
LINE
8
BLACK
6
CONTINUOUS
10
6.14714
20
-3.11535
11
6.14411
21
-3.11803
0
LINE
8
BLACK
6
CONTINUOUS
10
6.14411
20
-3.11803
11
6.14411
21
-3.11803
0
LINE
8
BLACK
6
CONTINUOUS
10
6.14411
20
-3.11803
11
6.1403
21
-3.12355
0
LINE
8
BLACK
6
CONTINUOUS
10
6.1403
20
-3.12355
11
6.13793
21
-3.12981
0
LINE
8
BLACK
6
CONTINUOUS
10
6.13793
20
-3.12981
11
6.13723
21
-3.13553
0
LINE
8
BLACK
6
CONTINUOUS
10
6.13723
20
-3.13553
11
6.13712
21
-3.13646
0
LINE
8
BLACK
6
CONTINUOUS
10
6.13712
20
-3.13646
11
6.13793
21
-3.14311
0
LINE
8
BLACK
6
CONTINUOUS
10
6.13793
20
-3.14311
11
6.1403
21
-3.14937
0
LINE
8
BLACK
6
CONTINUOUS
10
6.1403
20
-3.14937
11
6.1403
21
-3.14937
0
LINE
8
BLACK
6
CONTINUOUS
10
6.1403
20
-3.14937
11
6.14411
21
-3.15488
0
LINE
8
BLACK
6
CONTINUOUS
10
6.14411
20
-3.15488
11
6.14411
21
-3.15488
0
LINE
8
BLACK
6
CONTINUOUS
10
6.14411
20
-3.15488
11
6.14411
21
-3.15488
0
LINE
8
BLACK
6
CONTINUOUS
10
6.14411
20
-3.15488
11
6.14411
21
-3.15488
0
LINE
8
BLACK
6
CONTINUOUS
10
6.14411
20
-3.15488
11
6.14912
21
-3.15932
0
LINE
8
BLACK
6
CONTINUOUS
10
6.14912
20
-3.15932
11
6.15505
21
-3.16243
0
LINE
8
BLACK
6
CONTINUOUS
10
6.15505
20
-3.16243
11
6.16097
21
-3.16389
0
LINE
8
BLACK
6
CONTINUOUS
10
6.16097
20
-3.16389
11
6.16261
21
-3.16482
0
LINE
8
BLACK
6
CONTINUOUS
10
6.16261
20
-3.16482
11
6.24747
21
-3.24968
0
LINE
8
BLACK
6
CONTINUOUS
10
6.24747
20
-3.24968
11
6.24747
21
-3.24968
0
LINE
8
BLACK
6
CONTINUOUS
10
6.24747
20
-3.24968
11
6.3122
21
-3.31441
0
LINE
8
BLACK
6
CONTINUOUS
10
6.3122
20
-3.31441
11
6.31321
21
-3.31658
0
LINE
8
BLACK
6
CONTINUOUS
10
6.31321
20
-3.31658
11
6.31323
21
-3.31689
0
LINE
8
BLACK
6
CONTINUOUS
10
6.31323
20
-3.31689
11
6.31323
21
-3.68617
0
LINE
8
BLACK
6
CONTINUOUS
10
6.31323
20
-3.68617
11
6.31241
21
-3.68842
0
LINE
8
BLACK
6
CONTINUOUS
10
6.31241
20
-3.68842
11
6.31033
21
-3.68962
0
LINE
8
BLACK
6
CONTINUOUS
10
6.31033
20
-3.68962
11
6.30797
21
-3.6892
0
LINE
8
BLACK
6
CONTINUOUS
10
6.30797
20
-3.6892
11
6.30684
21
-3.68816
0
LINE
8
BLACK
6
CONTINUOUS
10
6.30684
20
-3.68816
11
6.3057
21
-3.6865
0
LINE
8
BLACK
6
CONTINUOUS
10
6.3057
20
-3.6865
11
6.3057
21
-3.6865
0
LINE
8
BLACK
6
CONTINUOUS
10
6.3057
20
-3.6865
11
6.30532
21
-3.68617
0
LINE
8
BLACK
6
CONTINUOUS
10
6.30532
20
-3.68617
11
6.30068
21
-3.68206
0
LINE
8
BLACK
6
CONTINUOUS
10
6.30068
20
-3.68206
11
6.30068
21
-3.68206
0
LINE
8
BLACK
6
CONTINUOUS
10
6.30068
20
-3.68206
11
6.30068
21
-3.68206
0
LINE
8
BLACK
6
CONTINUOUS
10
6.30068
20
-3.68206
11
6.29475
21
-3.67895
0
LINE
8
BLACK
6
CONTINUOUS
10
6.29475
20
-3.67895
11
6.28985
21
-3.67774
0
LINE
8
BLACK
6
CONTINUOUS
10
6.28985
20
-3.67774
11
6.28825
21
-3.67734
0
LINE
8
BLACK
6
CONTINUOUS
10
6.28825
20
-3.67734
11
6.28155
21
-3.67734
0
LINE
8
BLACK
6
CONTINUOUS
10
6.28155
20
-3.67734
11
6.27505
21
-3.67895
0
LINE
8
BLACK
6
CONTINUOUS
10
6.27505
20
-3.67895
11
6.26912
21
-3.68206
0
LINE
8
BLACK
6
CONTINUOUS
10
6.26912
20
-3.68206
11
6.26912
21
-3.68206
0
LINE
8
BLACK
6
CONTINUOUS
10
6.26912
20
-3.68206
11
6.26877
21
-3.68237
0
LINE
8
BLACK
6
CONTINUOUS
10
6.26877
20
-3.68237
11
6.26654
21
-3.68325
0
LINE
8
BLACK
6
CONTINUOUS
10
6.26654
20
-3.68325
11
6.26645
21
-3.68325
0
LINE
8
BLACK
6
CONTINUOUS
10
6.26645
20
-3.68325
11
5.89768
21
-3.68325
0
LINE
8
BLACK
6
CONTINUOUS
10
5.89768
20
-3.68325
11
5.89543
21
-3.68243
0
LINE
8
BLACK
6
CONTINUOUS
10
5.89543
20
-3.68243
11
5.89423
21
-3.68035
0
LINE
8
BLACK
6
CONTINUOUS
10
5.89423
20
-3.68035
11
5.89465
21
-3.67799
0
LINE
8
BLACK
6
CONTINUOUS
10
5.89465
20
-3.67799
11
5.89521
21
-3.67727
0
LINE
8
BLACK
6
CONTINUOUS
10
5.89521
20
-3.67727
11
5.97784
21
-3.59463
0
LINE
8
BLACK
6
CONTINUOUS
10
5.97784
20
-3.59463
11
5.98002
21
-3.59362
0
LINE
8
BLACK
6
CONTINUOUS
10
5.98002
20
-3.59362
11
5.98032
21
-3.5936
0
LINE
8
BLACK
6
CONTINUOUS
10
5.98032
20
-3.5936
11
6.23346
21
-3.5936
0
LINE
8
BLACK
6
CONTINUOUS
10
6.23346
20
-3.5936
11
6.23571
21
-3.59442
0
LINE
8
BLACK
6
CONTINUOUS
10
6.23571
20
-3.59442
11
6.23578
21
-3.59448
0
LINE
8
BLACK
6
CONTINUOUS
10
6.23578
20
-3.59448
11
6.23613
21
-3.59479
0
LINE
8
BLACK
6
CONTINUOUS
10
6.23613
20
-3.59479
11
6.24206
21
-3.59791
0
LINE
8
BLACK
6
CONTINUOUS
10
6.24206
20
-3.59791
11
6.24856
21
-3.59951
0
LINE
8
BLACK
6
CONTINUOUS
10
6.24856
20
-3.59951
11
6.24856
21
-3.59951
0
LINE
8
BLACK
6
CONTINUOUS
10
6.24856
20
-3.59951
11
6.25526
21
-3.59951
0
LINE
8
BLACK
6
CONTINUOUS
10
6.25526
20
-3.59951
11
6.25526
21
-3.59951
0
LINE
8
BLACK
6
CONTINUOUS
10
6.25526
20
-3.59951
11
6.26176
21
-3.59791
0
LINE
8
BLACK
6
CONTINUOUS
10
6.26176
20
-3.59791
11
6.26769
21
-3.59479
0
LINE
8
BLACK
6
CONTINUOUS
10
6.26769
20
-3.59479
11
6.2727
21
-3.59035
0
LINE
8
BLACK
6
CONTINUOUS
10
6.2727
20
-3.59035
11
6.27651
21
-3.58484
0
LINE
8
BLACK
6
CONTINUOUS
10
6.27651
20
-3.58484
11
6.27888
21
-3.57858
0
LINE
8
BLACK
6
CONTINUOUS
10
6.27888
20
-3.57858
11
6.27969
21
-3.57193
0
LINE
8
BLACK
6
CONTINUOUS
10
6.27969
20
-3.57193
11
6.27888
21
-3.56528
0
LINE
8
BLACK
6
CONTINUOUS
10
6.27888
20
-3.56528
11
6.27651
21
-3.55902
0
LINE
8
BLACK
6
CONTINUOUS
10
6.27651
20
-3.55902
11
6.27618
21
-3.55855
0
LINE
8
BLACK
6
CONTINUOUS
10
6.27618
20
-3.55855
11
6.2727
21
-3.55351
0
LINE
8
BLACK
6
CONTINUOUS
10
6.2727
20
-3.55351
11
6.2727
21
-3.55351
0
LINE
8
BLACK
6
CONTINUOUS
10
6.2727
20
-3.55351
11
6.2727
21
-3.55351
0
LINE
8
BLACK
6
CONTINUOUS
10
6.2727
20
-3.55351
11
6.26769
21
-3.54907
0
LINE
8
BLACK
6
CONTINUOUS
10
6.26769
20
-3.54907
11
6.26769
21
-3.54907
0
LINE
8
BLACK
6
CONTINUOUS
10
6.26769
20
-3.54907
11
6.26769
21
-3.54907
0
LINE
8
BLACK
6
CONTINUOUS
10
6.26769
20
-3.54907
11
6.26176
21
-3.54595
0
LINE
8
BLACK
6
CONTINUOUS
10
6.26176
20
-3.54595
11
6.25686
21
-3.54475
0
LINE
8
BLACK
6
CONTINUOUS
10
6.25686
20
-3.54475
11
6.25526
21
-3.54435
0
LINE
8
BLACK
6
CONTINUOUS
10
6.25526
20
-3.54435
11
6.24856
21
-3.54435
0
LINE
8
BLACK
6
CONTINUOUS
10
6.24856
20
-3.54435
11
6.24206
21
-3.54595
0
LINE
8
BLACK
6
CONTINUOUS
10
6.24206
20
-3.54595
11
6.23613
21
-3.54907
0
LINE
8
BLACK
6
CONTINUOUS
10
6.23613
20
-3.54907
11
6.23613
21
-3.54907
0
LINE
8
BLACK
6
CONTINUOUS
10
6.23613
20
-3.54907
11
6.23578
21
-3.54937
0
LINE
8
BLACK
6
CONTINUOUS
10
6.23578
20
-3.54937
11
6.23355
21
-3.55025
0
LINE
8
BLACK
6
CONTINUOUS
10
6.23355
20
-3.55025
11
6.23346
21
-3.55026
0
LINE
8
BLACK
6
CONTINUOUS
10
6.23346
20
-3.55026
11
5.97026
21
-3.55026
0
LINE
8
BLACK
6
CONTINUOUS
10
5.97026
20
-3.55026
11
5.96766
21
-3.55017
0
LINE
8
BLACK
6
CONTINUOUS
10
5.96766
20
-3.55017
11
5.96593
21
-3.55059
0
LINE
8
BLACK
6
CONTINUOUS
10
5.96593
20
-3.55059
11
5.96575
21
-3.55062
0
LINE
8
BLACK
6
CONTINUOUS
10
5.96575
20
-3.55062
11
5.96399
21
-3.55086
0
LINE
8
BLACK
6
CONTINUOUS
10
5.96399
20
-3.55086
11
5.96324
21
-3.55119
0
LINE
8
BLACK
6
CONTINUOUS
10
5.96324
20
-3.55119
11
5.96267
21
-3.55138
0
LINE
8
BLACK
6
CONTINUOUS
10
5.96267
20
-3.55138
11
5.96187
21
-3.55158
0
LINE
8
BLACK
6
CONTINUOUS
10
5.96187
20
-3.55158
11
5.96187
21
-3.55158
0
LINE
8
BLACK
6
CONTINUOUS
10
5.96187
20
-3.55158
11
5.96032
21
-3.55245
0
LINE
8
BLACK
6
CONTINUOUS
10
5.96032
20
-3.55245
11
5.96016
21
-3.55253
0
LINE
8
BLACK
6
CONTINUOUS
10
5.96016
20
-3.55253
11
5.95831
21
-3.55333
0
LINE
8
BLACK
6
CONTINUOUS
10
5.95831
20
-3.55333
11
5.95828
21
-3.55327
0
LINE
8
BLACK
6
CONTINUOUS
10
5.95828
20
-3.55327
11
5.95621
21
-3.55369
0
LINE
8
BLACK
6
CONTINUOUS
10
5.95621
20
-3.55369
11
5.9541
21
-3.55254
0
LINE
8
BLACK
6
CONTINUOUS
10
5.9541
20
-3.55254
11
5.95385
21
-3.55222
0
LINE
8
BLACK
6
CONTINUOUS
10
5.95385
20
-3.55222
11
5.95009
21
-3.54677
0
LINE
8
BLACK
6
CONTINUOUS
10
5.95009
20
-3.54677
11
5.95009
21
-3.54677
0
LINE
8
BLACK
6
CONTINUOUS
10
5.95009
20
-3.54677
11
5.94917
21
-3.54595
0
LINE
8
BLACK
6
CONTINUOUS
10
5.94917
20
-3.54595
11
5.94508
21
-3.54233
0
LINE
8
BLACK
6
CONTINUOUS
10
5.94508
20
-3.54233
11
5.94508
21
-3.54233
0
LINE
8
BLACK
6
CONTINUOUS
10
5.94508
20
-3.54233
11
5.94508
21
-3.54233
0
LINE
8
BLACK
6
CONTINUOUS
10
5.94508
20
-3.54233
11
5.93915
21
-3.53922
0
LINE
8
BLACK
6
CONTINUOUS
10
5.93915
20
-3.53922
11
5.93425
21
-3.53801
0
LINE
8
BLACK
6
CONTINUOUS
10
5.93425
20
-3.53801
11
5.93265
21
-3.53762
0
LINE
8
BLACK
6
CONTINUOUS
10
5.93265
20
-3.53762
11
5.92595
21
-3.53762
0
LINE
8
BLACK
6
CONTINUOUS
10
5.92595
20
-3.53762
11
5.91945
21
-3.53922
0
LINE
8
BLACK
6
CONTINUOUS
10
5.91945
20
-3.53922
11
5.91352
21
-3.54233
0
LINE
8
BLACK
6
CONTINUOUS
10
5.91352
20
-3.54233
11
5.91352
21
-3.54233
0
LINE
8
BLACK
6
CONTINUOUS
10
5.91352
20
-3.54233
11
5.91352
21
-3.54233
0
LINE
8
BLACK
6
CONTINUOUS
10
5.91352
20
-3.54233
11
5.91352
21
-3.54233
0
LINE
8
BLACK
6
CONTINUOUS
10
5.91352
20
-3.54233
11
5.91124
21
-3.54435
0
LINE
8
BLACK
6
CONTINUOUS
10
5.91124
20
-3.54435
11
5.90851
21
-3.54677
0
LINE
8
BLACK
6
CONTINUOUS
10
5.90851
20
-3.54677
11
5.90851
21
-3.54677
0
LINE
8
BLACK
6
CONTINUOUS
10
5.90851
20
-3.54677
11
5.9047
21
-3.55229
0
LINE
8
BLACK
6
CONTINUOUS
10
5.9047
20
-3.55229
11
5.90233
21
-3.55855
0
LINE
8
BLACK
6
CONTINUOUS
10
5.90233
20
-3.55855
11
5.90206
21
-3.56073
0
LINE
8
BLACK
6
CONTINUOUS
10
5.90206
20
-3.56073
11
5.90106
21
-3.56279
0
LINE
8
BLACK
6
CONTINUOUS
10
5.90106
20
-3.56279
11
5.68162
21
-3.78222
0
LINE
8
BLACK
6
CONTINUOUS
10
5.68162
20
-3.78222
11
5.67945
21
-3.78323
0
LINE
8
BLACK
6
CONTINUOUS
10
5.67945
20
-3.78323
11
5.67915
21
-3.78325
0
LINE
8
BLACK
6
CONTINUOUS
10
5.67915
20
-3.78325
11
5.20027
21
-3.78325
0
LINE
8
BLACK
6
CONTINUOUS
10
5.20027
20
-3.78325
11
5.19766
21
-3.78316
0
LINE
8
BLACK
6
CONTINUOUS
10
5.19766
20
-3.78316
11
5.19594
21
-3.78358
0
LINE
8
BLACK
6
CONTINUOUS
10
5.19594
20
-3.78358
11
5.19576
21
-3.78361
0
LINE
8
BLACK
6
CONTINUOUS
10
5.19576
20
-3.78361
11
5.194
21
-3.78386
0
LINE
8
BLACK
6
CONTINUOUS
10
5.194
20
-3.78386
11
5.19324
21
-3.78418
0
LINE
8
BLACK
6
CONTINUOUS
10
5.19324
20
-3.78418
11
5.19268
21
-3.78437
0
LINE
8
BLACK
6
CONTINUOUS
10
5.19268
20
-3.78437
11
5.19188
21
-3.78457
0
LINE
8
BLACK
6
CONTINUOUS
10
5.19188
20
-3.78457
11
5.19188
21
-3.78457
0
LINE
8
BLACK
6
CONTINUOUS
10
5.19188
20
-3.78457
11
5.19033
21
-3.78544
0
LINE
8
BLACK
6
CONTINUOUS
10
5.19033
20
-3.78544
11
5.19017
21
-3.78552
0
LINE
8
BLACK
6
CONTINUOUS
10
5.19017
20
-3.78552
11
5.18853
21
-3.78623
0
LINE
8
BLACK
6
CONTINUOUS
10
5.18853
20
-3.78623
11
5.18853
21
-3.78623
0
LINE
8
BLACK
6
CONTINUOUS
10
5.18853
20
-3.78623
11
5.1879
21
-3.78675
0
LINE
8
BLACK
6
CONTINUOUS
10
5.1879
20
-3.78675
11
5.1874
21
-3.78709
0
LINE
8
BLACK
6
CONTINUOUS
10
5.1874
20
-3.78709
11
5.18668
21
-3.78749
0
LINE
8
BLACK
6
CONTINUOUS
10
5.18668
20
-3.78749
11
5.18668
21
-3.78749
0
LINE
8
BLACK
6
CONTINUOUS
10
5.18668
20
-3.78749
11
5.18543
21
-3.78875
0
LINE
8
BLACK
6
CONTINUOUS
10
5.18543
20
-3.78875
11
5.18529
21
-3.78887
0
LINE
8
BLACK
6
CONTINUOUS
10
5.18529
20
-3.78887
11
5.18391
21
-3.78999
0
LINE
8
BLACK
6
CONTINUOUS
10
5.18391
20
-3.78999
11
5.18391
21
-3.78999
0
LINE
8
BLACK
6
CONTINUOUS
10
5.18391
20
-3.78999
11
5.18344
21
-3.79066
0
LINE
8
BLACK
6
CONTINUOUS
10
5.18344
20
-3.79066
11
5.18305
21
-3.79112
0
LINE
8
BLACK
6
CONTINUOUS
10
5.18305
20
-3.79112
11
5.06261
21
-3.91156
0
LINE
8
BLACK
6
CONTINUOUS
10
5.06261
20
-3.91156
11
5.06097
21
-3.91249
0
LINE
8
BLACK
6
CONTINUOUS
10
5.06097
20
-3.91249
11
5.05505
21
-3.91395
0
LINE
8
BLACK
6
CONTINUOUS
10
5.05505
20
-3.91395
11
5.04912
21
-3.91706
0
LINE
8
BLACK
6
CONTINUOUS
10
5.04912
20
-3.91706
11
5.04912
21
-3.91706
0
LINE
8
BLACK
6
CONTINUOUS
10
5.04912
20
-3.91706
11
5.04912
21
-3.91706
0
LINE
8
BLACK
6
CONTINUOUS
10
5.04912
20
-3.91706
11
5.04912
21
-3.91706
0
LINE
8
BLACK
6
CONTINUOUS
10
5.04912
20
-3.91706
11
5.04691
21
-3.91902
0
LINE
8
BLACK
6
CONTINUOUS
10
5.04691
20
-3.91902
11
5.04411
21
-3.9215
0
LINE
8
BLACK
6
CONTINUOUS
10
5.04411
20
-3.9215
11
5.04411
21
-3.9215
0
LINE
8
BLACK
6
CONTINUOUS
10
5.04411
20
-3.9215
11
5.0403
21
-3.92701
0
LINE
8
BLACK
6
CONTINUOUS
10
5.0403
20
-3.92701
11
5.0403
21
-3.92701
0
LINE
8
BLACK
6
CONTINUOUS
10
5.0403
20
-3.92701
11
5.03793
21
-3.93327
0
LINE
8
BLACK
6
CONTINUOUS
10
5.03793
20
-3.93327
11
5.03712
21
-3.93992
0
LINE
8
BLACK
6
CONTINUOUS
10
5.03712
20
-3.93992
11
5.03741
21
-3.94233
0
LINE
8
BLACK
6
CONTINUOUS
10
5.03741
20
-3.94233
11
5.03793
21
-3.94657
0
LINE
8
BLACK
6
CONTINUOUS
10
5.03793
20
-3.94657
11
5.0403
21
-3.95283
0
LINE
8
BLACK
6
CONTINUOUS
10
5.0403
20
-3.95283
11
5.04411
21
-3.95834
0
LINE
8
BLACK
6
CONTINUOUS
10
5.04411
20
-3.95834
11
5.04411
21
-3.95834
0
LINE
8
BLACK
6
CONTINUOUS
10
5.04411
20
-3.95834
11
5.04411
21
-3.95834
0
LINE
8
BLACK
6
CONTINUOUS
10
5.04411
20
-3.95834
11
5.04411
21
-3.95834
0
LINE
8
BLACK
6
CONTINUOUS
10
5.04411
20
-3.95834
11
5.04912
21
-3.96278
0
LINE
8
BLACK
6
CONTINUOUS
10
5.04912
20
-3.96278
11
5.05505
21
-3.9659
0
LINE
8
BLACK
6
CONTINUOUS
10
5.05505
20
-3.9659
11
5.06155
21
-3.9675
0
LINE
8
BLACK
6
CONTINUOUS
10
5.06155
20
-3.9675
11
5.06155
21
-3.9675
0
LINE
8
BLACK
6
CONTINUOUS
10
5.06155
20
-3.9675
11
5.06825
21
-3.9675
0
LINE
8
BLACK
6
CONTINUOUS
10
5.06825
20
-3.9675
11
5.06825
21
-3.9675
0
LINE
8
BLACK
6
CONTINUOUS
10
5.06825
20
-3.9675
11
5.07475
21
-3.9659
0
LINE
8
BLACK
6
CONTINUOUS
10
5.07475
20
-3.9659
11
5.08068
21
-3.96278
0
LINE
8
BLACK
6
CONTINUOUS
10
5.08068
20
-3.96278
11
5.0857
21
-3.95834
0
LINE
8
BLACK
6
CONTINUOUS
10
5.0857
20
-3.95834
11
5.0895
21
-3.95283
0
LINE
8
BLACK
6
CONTINUOUS
10
5.0895
20
-3.95283
11
5.09188
21
-3.94657
0
LINE
8
BLACK
6
CONTINUOUS
10
5.09188
20
-3.94657
11
5.09214
21
-3.94439
0
LINE
8
BLACK
6
CONTINUOUS
10
5.09214
20
-3.94439
11
5.09314
21
-3.94233
0
LINE
8
BLACK
6
CONTINUOUS
10
5.09314
20
-3.94233
11
5.20785
21
-3.82762
0
LINE
8
BLACK
6
CONTINUOUS
10
5.20785
20
-3.82762
11
5.21002
21
-3.82661
0
LINE
8
BLACK
6
CONTINUOUS
10
5.21002
20
-3.82661
11
5.21033
21
-3.82659
0
LINE
8
BLACK
6
CONTINUOUS
10
5.21033
20
-3.82659
11
5.67612
21
-3.82659
0
LINE
8
BLACK
6
CONTINUOUS
10
5.67612
20
-3.82659
11
5.67837
21
-3.82741
0
LINE
8
BLACK
6
CONTINUOUS
10
5.67837
20
-3.82741
11
5.67957
21
-3.82949
0
LINE
8
BLACK
6
CONTINUOUS
10
5.67957
20
-3.82949
11
5.67915
21
-3.83185
0
LINE
8
BLACK
6
CONTINUOUS
10
5.67915
20
-3.83185
11
5.6786
21
-3.83258
0
LINE
8
BLACK
6
CONTINUOUS
10
5.6786
20
-3.83258
11
5.55834
21
-3.95283
0
LINE
8
BLACK
6
CONTINUOUS
10
5.55834
20
-3.95283
11
5.44637
21
-4.0648
0
LINE
8
BLACK
6
CONTINUOUS
10
5.44637
20
-4.0648
11
5.44447
21
-4.06658
0
LINE
8
BLACK
6
CONTINUOUS
10
5.44447
20
-4.06658
11
5.44354
21
-4.0681
0
LINE
8
BLACK
6
CONTINUOUS
10
5.44354
20
-4.0681
11
5.44344
21
-4.06825
0
LINE
8
BLACK
6
CONTINUOUS
10
5.44344
20
-4.06825
11
5.44237
21
-4.06966
0
LINE
8
BLACK
6
CONTINUOUS
10
5.44237
20
-4.06966
11
5.44206
21
-4.07043
0
LINE
8
BLACK
6
CONTINUOUS
10
5.44206
20
-4.07043
11
5.4418
21
-4.07097
0
LINE
8
BLACK
6
CONTINUOUS
10
5.4418
20
-4.07097
11
5.44137
21
-4.07167
0
LINE
8
BLACK
6
CONTINUOUS
10
5.44137
20
-4.07167
11
5.44137
21
-4.07167
0
LINE
8
BLACK
6
CONTINUOUS
10
5.44137
20
-4.07167
11
5.44089
21
-4.07338
0
LINE
8
BLACK
6
CONTINUOUS
10
5.44089
20
-4.07338
11
5.44083
21
-4.07355
0
LINE
8
BLACK
6
CONTINUOUS
10
5.44083
20
-4.07355
11
5.44018
21
-4.07521
0
LINE
8
BLACK
6
CONTINUOUS
10
5.44018
20
-4.07521
11
5.44018
21
-4.07521
0
LINE
8
BLACK
6
CONTINUOUS
10
5.44018
20
-4.07521
11
5.4401
21
-4.07603
0
LINE
8
BLACK
6
CONTINUOUS
10
5.4401
20
-4.07603
11
5.43999
21
-4.07661
0
LINE
8
BLACK
6
CONTINUOUS
10
5.43999
20
-4.07661
11
5.43976
21
-4.07741
0
LINE
8
BLACK
6
CONTINUOUS
10
5.43976
20
-4.07741
11
5.43976
21
-4.07919
0
LINE
8
BLACK
6
CONTINUOUS
10
5.43976
20
-4.07919
11
5.43975
21
-4.07936
0
LINE
8
BLACK
6
CONTINUOUS
10
5.43975
20
-4.07936
11
5.43975
21
-4.07944
0
LINE
8
BLACK
6
CONTINUOUS
10
5.43975
20
-4.07944
11
5.43957
21
-4.08113
0
LINE
8
BLACK
6
CONTINUOUS
10
5.43957
20
-4.08113
11
5.43957
21
-4.08113
0
LINE
8
BLACK
6
CONTINUOUS
10
5.43957
20
-4.08113
11
5.43971
21
-4.08195
0
LINE
8
BLACK
6
CONTINUOUS
10
5.43971
20
-4.08195
11
5.43976
21
-4.08254
0
LINE
8
BLACK
6
CONTINUOUS
10
5.43976
20
-4.08254
11
5.43976
21
-4.24775
0
LINE
8
BLACK
6
CONTINUOUS
10
5.43976
20
-4.24775
11
5.43914
21
-4.24974
0
LINE
8
BLACK
6
CONTINUOUS
10
5.43914
20
-4.24974
11
5.43684
21
-4.25308
0
LINE
8
BLACK
6
CONTINUOUS
10
5.43684
20
-4.25308
11
5.43515
21
-4.25753
0
LINE
8
BLACK
6
CONTINUOUS
10
5.43515
20
-4.25753
11
5.43359
21
-4.25935
0
LINE
8
BLACK
6
CONTINUOUS
10
5.43359
20
-4.25935
11
5.43122
21
-4.25973
0
LINE
8
BLACK
6
CONTINUOUS
10
5.43122
20
-4.25973
11
5.4294
21
-4.25877
0
LINE
8
BLACK
6
CONTINUOUS
10
5.4294
20
-4.25877
11
5.18049
21
-4.00986
0
LINE
8
BLACK
6
CONTINUOUS
10
5.18049
20
-4.00986
11
5.17871
21
-4.00795
0
LINE
8
BLACK
6
CONTINUOUS
10
5.17871
20
-4.00795
11
5.17871
21
-4.00795
0
LINE
8
BLACK
6
CONTINUOUS
10
5.17871
20
-4.00795
11
5.17871
21
-4.00795
0
LINE
8
BLACK
6
CONTINUOUS
10
5.17871
20
-4.00795
11
5.17776
21
-4.00737
0
LINE
8
BLACK
6
CONTINUOUS
10
5.17776
20
-4.00737
11
5.17719
21
-4.00703
0
LINE
8
BLACK
6
CONTINUOUS
10
5.17719
20
-4.00703
11
5.17704
21
-4.00693
0
LINE
8
BLACK
6
CONTINUOUS
10
5.17704
20
-4.00693
11
5.17648
21
-4.0065
0
LINE
8
BLACK
6
CONTINUOUS
10
5.17648
20
-4.0065
11
5.17562
21
-4.00585
0
LINE
8
BLACK
6
CONTINUOUS
10
5.17562
20
-4.00585
11
5.17562
21
-4.00585
0
LINE
8
BLACK
6
CONTINUOUS
10
5.17562
20
-4.00585
11
5.17486
21
-4.00555
0
LINE
8
BLACK
6
CONTINUOUS
10
5.17486
20
-4.00555
11
5.17432
21
-4.00528
0
LINE
8
BLACK
6
CONTINUOUS
10
5.17432
20
-4.00528
11
5.17362
21
-4.00486
0
LINE
8
BLACK
6
CONTINUOUS
10
5.17362
20
-4.00486
11
5.17362
21
-4.00486
0
LINE
8
BLACK
6
CONTINUOUS
10
5.17362
20
-4.00486
11
5.17191
21
-4.00438
0
LINE
8
BLACK
6
CONTINUOUS
10
5.17191
20
-4.00438
11
5.17174
21
-4.00432
0
LINE
8
BLACK
6
CONTINUOUS
10
5.17174
20
-4.00432
11
5.17008
21
-4.00367
0
LINE
8
BLACK
6
CONTINUOUS
10
5.17008
20
-4.00367
11
5.17008
21
-4.00367
0
LINE
8
BLACK
6
CONTINUOUS
10
5.17008
20
-4.00367
11
5.17008
21
-4.00367
0
LINE
8
BLACK
6
CONTINUOUS
10
5.17008
20
-4.00367
11
5.16979
21
-4.00364
0
LINE
8
BLACK
6
CONTINUOUS
10
5.16979
20
-4.00364
11
5.16926
21
-4.00358
0
LINE
8
BLACK
6
CONTINUOUS
10
5.16926
20
-4.00358
11
5.16867
21
-4.00347
0
LINE
8
BLACK
6
CONTINUOUS
10
5.16867
20
-4.00347
11
5.16788
21
-4.00325
0
LINE
8
BLACK
6
CONTINUOUS
10
5.16788
20
-4.00325
11
5.16788
21
-4.00325
0
LINE
8
BLACK
6
CONTINUOUS
10
5.16788
20
-4.00325
11
5.1661
21
-4.00325
0
LINE
8
BLACK
6
CONTINUOUS
10
5.1661
20
-4.00325
11
5.16592
21
-4.00324
0
LINE
8
BLACK
6
CONTINUOUS
10
5.16592
20
-4.00324
11
5.16523
21
-4.00317
0
LINE
8
BLACK
6
CONTINUOUS
10
5.16523
20
-4.00317
11
5.16415
21
-4.00306
0
LINE
8
BLACK
6
CONTINUOUS
10
5.16415
20
-4.00306
11
5.16415
21
-4.00306
0
LINE
8
BLACK
6
CONTINUOUS
10
5.16415
20
-4.00306
11
5.16334
21
-4.0032
0
LINE
8
BLACK
6
CONTINUOUS
10
5.16334
20
-4.0032
11
5.16275
21
-4.00325
0
LINE
8
BLACK
6
CONTINUOUS
10
5.16275
20
-4.00325
11
4.89936
21
-4.00325
0
LINE
8
BLACK
6
CONTINUOUS
10
4.89936
20
-4.00325
11
4.8971
21
-4.00243
0
LINE
8
BLACK
6
CONTINUOUS
10
4.8971
20
-4.00243
11
4.89703
21
-4.00237
0
LINE
8
BLACK
6
CONTINUOUS
10
4.89703
20
-4.00237
11
4.89668
21
-4.00206
0
LINE
8
BLACK
6
CONTINUOUS
10
4.89668
20
-4.00206
11
4.89668
21
-4.00206
0
LINE
8
BLACK
6
CONTINUOUS
10
4.89668
20
-4.00206
11
4.89416
21
-4.00073
0
LINE
8
BLACK
6
CONTINUOUS
10
4.89416
20
-4.00073
11
4.89075
21
-3.99895
0
LINE
8
BLACK
6
CONTINUOUS
10
4.89075
20
-3.99895
11
4.89075
21
-3.99895
0
LINE
8
BLACK
6
CONTINUOUS
10
4.89075
20
-3.99895
11
4.88741
21
-3.99812
0
LINE
8
BLACK
6
CONTINUOUS
10
4.88741
20
-3.99812
11
4.88425
21
-3.99734
0
LINE
8
BLACK
6
CONTINUOUS
10
4.88425
20
-3.99734
11
4.87755
21
-3.99734
0
LINE
8
BLACK
6
CONTINUOUS
10
4.87755
20
-3.99734
11
4.87105
21
-3.99895
0
LINE
8
BLACK
6
CONTINUOUS
10
4.87105
20
-3.99895
11
4.86512
21
-4.00206
0
LINE
8
BLACK
6
CONTINUOUS
10
4.86512
20
-4.00206
11
4.86512
21
-4.00206
0
LINE
8
BLACK
6
CONTINUOUS
10
4.86512
20
-4.00206
11
4.86512
21
-4.00206
0
LINE
8
BLACK
6
CONTINUOUS
10
4.86512
20
-4.00206
11
4.86512
21
-4.00206
0
LINE
8
BLACK
6
CONTINUOUS
10
4.86512
20
-4.00206
11
4.86343
21
-4.00355
0
LINE
8
BLACK
6
CONTINUOUS
10
4.86343
20
-4.00355
11
4.86011
21
-4.0065
0
LINE
8
BLACK
6
CONTINUOUS
10
4.86011
20
-4.0065
11
4.86011
21
-4.0065
0
LINE
8
BLACK
6
CONTINUOUS
10
4.86011
20
-4.0065
11
4.8563
21
-4.01201
0
LINE
8
BLACK
6
CONTINUOUS
10
4.8563
20
-4.01201
11
4.85393
21
-4.01827
0
LINE
8
BLACK
6
CONTINUOUS
10
4.85393
20
-4.01827
11
4.85312
21
-4.02492
0
LINE
8
BLACK
6
CONTINUOUS
10
4.85312
20
-4.02492
11
4.85312
21
-4.02492
0
LINE
8
BLACK
6
CONTINUOUS
10
4.85312
20
-4.02492
11
4.85393
21
-4.03157
0
LINE
8
BLACK
6
CONTINUOUS
10
5.54293
20
-4.59157
11
5.54422
21
-4.59497
0
LINE
8
BLACK
6
CONTINUOUS
10
5.54422
20
-4.59497
11
5.5453
21
-4.59783
0
LINE
8
BLACK
6
CONTINUOUS
10
5.5453
20
-4.59783
11
5.54911
21
-4.60334
0
LINE
8
BLACK
6
CONTINUOUS
10
5.54911
20
-4.60334
11
5.54911
21
-4.60334
0
LINE
8
BLACK
6
CONTINUOUS
10
5.54911
20
-4.60334
11
5.54911
21
-4.60334
0
LINE
8
BLACK
6
CONTINUOUS
10
5.54911
20
-4.60334
11
5.54911
21
-4.60334
0
LINE
8
BLACK
6
CONTINUOUS
10
5.54911
20
-4.60334
11
5.55412
21
-4.60778
0
LINE
8
BLACK
6
CONTINUOUS
10
5.55412
20
-4.60778
11
5.56005
21
-4.6109
0
LINE
8
BLACK
6
CONTINUOUS
10
5.56005
20
-4.6109
11
5.56655
21
-4.6125
0
LINE
8
BLACK
6
CONTINUOUS
10
5.56655
20
-4.6125
11
5.56655
21
-4.6125
0
LINE
8
BLACK
6
CONTINUOUS
10
5.56655
20
-4.6125
11
5.57325
21
-4.6125
0
LINE
8
BLACK
6
CONTINUOUS
10
5.57325
20
-4.6125
11
5.57325
21
-4.6125
0
LINE
8
BLACK
6
CONTINUOUS
10
5.57325
20
-4.6125
11
5.57975
21
-4.6109
0
LINE
8
BLACK
6
CONTINUOUS
10
5.57975
20
-4.6109
11
5.58568
21
-4.60778
0
LINE
8
BLACK
6
CONTINUOUS
10
5.58568
20
-4.60778
11
5.5907
21
-4.60334
0
LINE
8
BLACK
6
CONTINUOUS
10
5.5907
20
-4.60334
11
5.5945
21
-4.59783
0
LINE
8
BLACK
6
CONTINUOUS
10
5.5945
20
-4.59783
11
5.59688
21
-4.59157
0
LINE
8
BLACK
6
CONTINUOUS
10
5.59688
20
-4.59157
11
5.59768
21
-4.58492
0
LINE
8
BLACK
6
CONTINUOUS
10
5.59768
20
-4.58492
11
5.59688
21
-4.57827
0
LINE
8
BLACK
6
CONTINUOUS
10
5.59688
20
-4.57827
11
5.5945
21
-4.57201
0
LINE
8
BLACK
6
CONTINUOUS
10
5.5945
20
-4.57201
11
5.59223
21
-4.56872
0
LINE
8
BLACK
6
CONTINUOUS
10
5.59223
20
-4.56872
11
5.5907
21
-4.5665
0
LINE
8
BLACK
6
CONTINUOUS
10
5.5907
20
-4.5665
11
5.5907
21
-4.5665
0
LINE
8
BLACK
6
CONTINUOUS
10
5.5907
20
-4.5665
11
5.58969
21
-4.56561
0
LINE
8
BLACK
6
CONTINUOUS
10
5.58969
20
-4.56561
11
5.58568
21
-4.56206
0
LINE
8
BLACK
6
CONTINUOUS
10
5.58568
20
-4.56206
11
5.58568
21
-4.56206
0
LINE
8
BLACK
6
CONTINUOUS
10
5.58568
20
-4.56206
11
5.58568
21
-4.56206
0
LINE
8
BLACK
6
CONTINUOUS
10
5.58568
20
-4.56206
11
5.57975
21
-4.55895
0
LINE
8
BLACK
6
CONTINUOUS
10
5.57975
20
-4.55895
11
5.57485
21
-4.55774
0
LINE
8
BLACK
6
CONTINUOUS
10
5.57485
20
-4.55774
11
5.57325
21
-4.55734
0
LINE
8
BLACK
6
CONTINUOUS
10
5.57325
20
-4.55734
11
5.56655
21
-4.55734
0
LINE
8
BLACK
6
CONTINUOUS
10
5.56655
20
-4.55734
11
5.56005
21
-4.55895
0
LINE
8
BLACK
6
CONTINUOUS
10
5.56005
20
-4.55895
11
5.55412
21
-4.56206
0
LINE
8
BLACK
6
CONTINUOUS
10
5.55412
20
-4.56206
11
5.55412
21
-4.56206
0
LINE
8
BLACK
6
CONTINUOUS
10
5.55412
20
-4.56206
11
5.55412
21
-4.56206
0
LINE
8
BLACK
6
CONTINUOUS
10
5.55412
20
-4.56206
11
5.55412
21
-4.56206
0
LINE
8
BLACK
6
CONTINUOUS
10
5.55412
20
-4.56206
11
5.55192
21
-4.56401
0
LINE
8
BLACK
6
CONTINUOUS
10
5.55192
20
-4.56401
11
5.54911
21
-4.5665
0
LINE
8
BLACK
6
CONTINUOUS
10
5.54911
20
-4.5665
11
5.54911
21
-4.5665
0
LINE
8
BLACK
6
CONTINUOUS
10
5.54911
20
-4.5665
11
5.5453
21
-4.57201
0
LINE
8
BLACK
6
CONTINUOUS
10
5.5453
20
-4.57201
11
5.54398
21
-4.57551
0
LINE
8
BLACK
6
CONTINUOUS
10
5.54398
20
-4.57551
11
5.54293
21
-4.57827
0
LINE
8
BLACK
6
CONTINUOUS
10
5.54293
20
-4.57827
11
5.54212
21
-4.58492
0
LINE
8
BLACK
6
CONTINUOUS
10
5.54212
20
-4.58492
11
5.54293
21
-4.59157
0
LINE
8
BLACK
6
CONTINUOUS
10
6.28517
20
-4.52936
11
6.28738
21
-4.53518
0
LINE
8
BLACK
6
CONTINUOUS
10
6.28738
20
-4.53518
11
6.28755
21
-4.53562
0
LINE
8
BLACK
6
CONTINUOUS
10
6.28755
20
-4.53562
11
6.29135
21
-4.54113
0
LINE
8
BLACK
6
CONTINUOUS
10
6.29135
20
-4.54113
11
6.29135
21
-4.54113
0
LINE
8
BLACK
6
CONTINUOUS
10
6.29135
20
-4.54113
11
6.29135
21
-4.54113
0
LINE
8
BLACK
6
CONTINUOUS
10
6.29135
20
-4.54113
11
6.29135
21
-4.54113
0
LINE
8
BLACK
6
CONTINUOUS
10
6.29135
20
-4.54113
11
6.29637
21
-4.54557
0
LINE
8
BLACK
6
CONTINUOUS
10
6.29637
20
-4.54557
11
6.3023
21
-4.54869
0
LINE
8
BLACK
6
CONTINUOUS
10
6.3023
20
-4.54869
11
6.3088
21
-4.55029
0
LINE
8
BLACK
6
CONTINUOUS
10
6.3088
20
-4.55029
11
6.3088
21
-4.55029
0
LINE
8
BLACK
6
CONTINUOUS
10
6.3088
20
-4.55029
11
6.3155
21
-4.55029
0
LINE
8
BLACK
6
CONTINUOUS
10
6.3155
20
-4.55029
11
6.3155
21
-4.55029
0
LINE
8
BLACK
6
CONTINUOUS
10
6.3155
20
-4.55029
11
6.322
21
-4.54869
0
LINE
8
BLACK
6
CONTINUOUS
10
6.322
20
-4.54869
11
6.32793
21
-4.54557
0
LINE
8
BLACK
6
CONTINUOUS
10
6.32793
20
-4.54557
11
6.33294
21
-4.54113
0
LINE
8
BLACK
6
CONTINUOUS
10
6.33294
20
-4.54113
11
6.33675
21
-4.53562
0
LINE
8
BLACK
6
CONTINUOUS
10
6.33675
20
-4.53562
11
6.33912
21
-4.52936
0
LINE
8
BLACK
6
CONTINUOUS
10
6.33912
20
-4.52936
11
6.33993
21
-4.52271
0
LINE
8
BLACK
6
CONTINUOUS
10
6.33993
20
-4.52271
11
6.33912
21
-4.51606
0
LINE
8
BLACK
6
CONTINUOUS
10
6.33912
20
-4.51606
11
6.33675
21
-4.5098
0
LINE
8
BLACK
6
CONTINUOUS
10
6.33675
20
-4.5098
11
6.33294
21
-4.50429
0
LINE
8
BLACK
6
CONTINUOUS
10
6.33294
20
-4.50429
11
6.32793
21
-4.49985
0
LINE
8
BLACK
6
CONTINUOUS
10
6.32793
20
-4.49985
11
6.32793
21
-4.49985
0
LINE
8
BLACK
6
CONTINUOUS
10
6.32793
20
-4.49985
11
6.32793
21
-4.49985
0
LINE
8
BLACK
6
CONTINUOUS
10
6.32793
20
-4.49985
11
6.322
21
-4.49674
0
LINE
8
BLACK
6
CONTINUOUS
10
6.322
20
-4.49674
11
6.3171
21
-4.49553
0
LINE
8
BLACK
6
CONTINUOUS
10
6.3171
20
-4.49553
11
6.3155
21
-4.49513
0
LINE
8
BLACK
6
CONTINUOUS
10
6.3155
20
-4.49513
11
6.3088
21
-4.49513
0
LINE
8
BLACK
6
CONTINUOUS
10
6.3088
20
-4.49513
11
6.3023
21
-4.49674
0
LINE
8
BLACK
6
CONTINUOUS
10
6.3023
20
-4.49674
11
6.29637
21
-4.49985
0
LINE
8
BLACK
6
CONTINUOUS
10
6.29637
20
-4.49985
11
6.29637
21
-4.49985
0
LINE
8
BLACK
6
CONTINUOUS
10
6.29637
20
-4.49985
11
6.29637
21
-4.49985
0
LINE
8
BLACK
6
CONTINUOUS
10
6.29637
20
-4.49985
11
6.29637
21
-4.49985
0
LINE
8
BLACK
6
CONTINUOUS
10
6.29637
20
-4.49985
11
6.29406
21
-4.50189
0
LINE
8
BLACK
6
CONTINUOUS
10
6.29406
20
-4.50189
11
6.29135
21
-4.50429
0
LINE
8
BLACK
6
CONTINUOUS
10
6.29135
20
-4.50429
11
6.29135
21
-4.50429
0
LINE
8
BLACK
6
CONTINUOUS
10
6.29135
20
-4.50429
11
6.28755
21
-4.5098
0
LINE
8
BLACK
6
CONTINUOUS
10
6.28755
20
-4.5098
11
6.28755
21
-4.5098
0
LINE
8
BLACK
6
CONTINUOUS
10
6.28755
20
-4.5098
11
6.28517
21
-4.51606
0
LINE
8
BLACK
6
CONTINUOUS
10
6.28517
20
-4.51606
11
6.28437
21
-4.52271
0
LINE
8
BLACK
6
CONTINUOUS
10
6.28437
20
-4.52271
11
6.28517
21
-4.52936
0
LINE
8
BLACK
6
CONTINUOUS
10
5.36376
20
-4.52341
11
5.36614
21
-4.52967
0
LINE
8
BLACK
6
CONTINUOUS
10
5.36614
20
-4.52967
11
5.36614
21
-4.52967
0
LINE
8
BLACK
6
CONTINUOUS
10
5.36614
20
-4.52967
11
5.36994
21
-4.53518
0
LINE
8
BLACK
6
CONTINUOUS
10
5.36994
20
-4.53518
11
5.36994
21
-4.53518
0
LINE
8
BLACK
6
CONTINUOUS
10
5.36994
20
-4.53518
11
5.36994
21
-4.53518
0
LINE
8
BLACK
6
CONTINUOUS
10
5.36994
20
-4.53518
11
5.36994
21
-4.53518
0
LINE
8
BLACK
6
CONTINUOUS
10
5.36994
20
-4.53518
11
5.37496
21
-4.53962
0
LINE
8
BLACK
6
CONTINUOUS
10
5.37496
20
-4.53962
11
5.38089
21
-4.54273
0
LINE
8
BLACK
6
CONTINUOUS
10
5.38089
20
-4.54273
11
5.38739
21
-4.54434
0
LINE
8
BLACK
6
CONTINUOUS
10
5.38739
20
-4.54434
11
5.38739
21
-4.54434
0
LINE
8
BLACK
6
CONTINUOUS
10
5.38739
20
-4.54434
11
5.39409
21
-4.54434
0
LINE
8
BLACK
6
CONTINUOUS
10
5.39409
20
-4.54434
11
5.39409
21
-4.54434
0
LINE
8
BLACK
6
CONTINUOUS
10
5.39409
20
-4.54434
11
5.40059
21
-4.54273
0
LINE
8
BLACK
6
CONTINUOUS
10
5.40059
20
-4.54273
11
5.40652
21
-4.53962
0
LINE
8
BLACK
6
CONTINUOUS
10
5.40652
20
-4.53962
11
5.41153
21
-4.53518
0
LINE
8
BLACK
6
CONTINUOUS
10
5.41153
20
-4.53518
11
5.41534
21
-4.52967
0
LINE
8
BLACK
6
CONTINUOUS
10
5.41534
20
-4.52967
11
5.41771
21
-4.52341
0
LINE
8
BLACK
6
CONTINUOUS
10
5.41771
20
-4.52341
11
5.41852
21
-4.51676
0
LINE
8
BLACK
6
CONTINUOUS
10
5.41852
20
-4.51676
11
5.41771
21
-4.51011
0
LINE
8
BLACK
6
CONTINUOUS
10
5.41771
20
-4.51011
11
5.41534
21
-4.50385
0
LINE
8
BLACK
6
CONTINUOUS
10
5.41534
20
-4.50385
11
5.41153
21
-4.49834
0
LINE
8
BLACK
6
CONTINUOUS
10
5.41153
20
-4.49834
11
5.40652
21
-4.49389
0
LINE
8
BLACK
6
CONTINUOUS
10
5.40652
20
-4.49389
11
5.40652
21
-4.49389
0
LINE
8
BLACK
6
CONTINUOUS
10
5.40652
20
-4.49389
11
5.40652
21
-4.49389
0
LINE
8
BLACK
6
CONTINUOUS
10
5.40652
20
-4.49389
11
5.40635
21
-4.49377
0
LINE
8
BLACK
6
CONTINUOUS
10
5.40635
20
-4.49377
11
5.40641
21
-4.49368
0
LINE
8
BLACK
6
CONTINUOUS
10
5.40641
20
-4.49368
11
5.40508
21
-4.49221
0
LINE
8
BLACK
6
CONTINUOUS
10
5.40508
20
-4.49221
11
5.40498
21
-4.48982
0
LINE
8
BLACK
6
CONTINUOUS
10
5.40498
20
-4.48982
11
5.40645
21
-4.48792
0
LINE
8
BLACK
6
CONTINUOUS
10
5.40645
20
-4.48792
11
5.40668
21
-4.48779
0
LINE
8
BLACK
6
CONTINUOUS
10
5.40668
20
-4.48779
11
5.40668
21
-4.48778
0
LINE
8
BLACK
6
CONTINUOUS
10
5.40668
20
-4.48778
11
5.40668
21
-4.48778
0
LINE
8
BLACK
6
CONTINUOUS
10
5.40668
20
-4.48778
11
5.4117
21
-4.48334
0
LINE
8
BLACK
6
CONTINUOUS
10
5.4117
20
-4.48334
11
5.4155
21
-4.47783
0
LINE
8
BLACK
6
CONTINUOUS
10
5.4155
20
-4.47783
11
5.41788
21
-4.47157
0
LINE
8
BLACK
6
CONTINUOUS
10
5.41788
20
-4.47157
11
5.41868
21
-4.46492
0
LINE
8
BLACK
6
CONTINUOUS
10
5.41868
20
-4.46492
11
5.41788
21
-4.45827
0
LINE
8
BLACK
6
CONTINUOUS
10
5.41788
20
-4.45827
11
5.4155
21
-4.45201
0
LINE
8
BLACK
6
CONTINUOUS
10
5.4155
20
-4.45201
11
5.4117
21
-4.4465
0
LINE
8
BLACK
6
CONTINUOUS
10
5.4117
20
-4.4465
11
5.40668
21
-4.44206
0
LINE
8
BLACK
6
CONTINUOUS
10
5.40668
20
-4.44206
11
5.40668
21
-4.44206
0
LINE
8
BLACK
6
CONTINUOUS
10
5.40668
20
-4.44206
11
5.40668
21
-4.44206
0
LINE
8
BLACK
6
CONTINUOUS
10
5.40668
20
-4.44206
11
5.40075
21
-4.43895
0
LINE
8
BLACK
6
CONTINUOUS
10
5.40075
20
-4.43895
11
5.39585
21
-4.43774
0
LINE
8
BLACK
6
CONTINUOUS
10
5.39585
20
-4.43774
11
5.39425
21
-4.43734
0
LINE
8
BLACK
6
CONTINUOUS
10
5.39425
20
-4.43734
11
5.38755
21
-4.43734
0
LINE
8
BLACK
6
CONTINUOUS
10
5.38755
20
-4.43734
11
5.38105
21
-4.43895
0
LINE
8
BLACK
6
CONTINUOUS
10
5.38105
20
-4.43895
11
5.37512
21
-4.44206
0
LINE
8
BLACK
6
CONTINUOUS
10
5.37512
20
-4.44206
11
5.37512
21
-4.44206
0
LINE
8
BLACK
6
CONTINUOUS
10
5.37512
20
-4.44206
11
5.37512
21
-4.44206
0
LINE
8
BLACK
6
CONTINUOUS
10
5.37512
20
-4.44206
11
5.37512
21
-4.44206
0
LINE
8
BLACK
6
CONTINUOUS
10
5.37512
20
-4.44206
11
5.37281
21
-4.4441
0
LINE
8
BLACK
6
CONTINUOUS
10
5.37281
20
-4.4441
11
5.37011
21
-4.4465
0
LINE
8
BLACK
6
CONTINUOUS
10
5.37011
20
-4.4465
11
5.37011
21
-4.4465
0
LINE
8
BLACK
6
CONTINUOUS
10
5.37011
20
-4.4465
11
5.3663
21
-4.45201
0
LINE
8
BLACK
6
CONTINUOUS
10
5.3663
20
-4.45201
11
5.36393
21
-4.45827
0
LINE
8
BLACK
6
CONTINUOUS
10
5.36393
20
-4.45827
11
5.36312
21
-4.46492
0
LINE
8
BLACK
6
CONTINUOUS
10
5.36312
20
-4.46492
11
5.36312
21
-4.46492
0
LINE
8
BLACK
6
CONTINUOUS
10
5.36312
20
-4.46492
11
5.36393
21
-4.47157
0
LINE
8
BLACK
6
CONTINUOUS
10
5.36393
20
-4.47157
11
5.3663
21
-4.47783
0
LINE
8
BLACK
6
CONTINUOUS
10
5.3663
20
-4.47783
11
5.37011
21
-4.48334
0
LINE
8
BLACK
6
CONTINUOUS
10
5.37011
20
-4.48334
11
5.37011
21
-4.48334
0
LINE
8
BLACK
6
CONTINUOUS
10
5.37011
20
-4.48334
11
5.37011
21
-4.48334
0
LINE
8
BLACK
6
CONTINUOUS
10
5.37011
20
-4.48334
11
5.37011
21
-4.48334
0
LINE
8
BLACK
6
CONTINUOUS
10
5.37011
20
-4.48334
11
5.37512
21
-4.48778
0
LINE
8
BLACK
6
CONTINUOUS
10
5.37512
20
-4.48778
11
5.37512
21
-4.48778
0
LINE
8
BLACK
6
CONTINUOUS
10
5.37512
20
-4.48778
11
5.37529
21
-4.48791
0
LINE
8
BLACK
6
CONTINUOUS
10
5.37529
20
-4.48791
11
5.37523
21
-4.488
0
LINE
8
BLACK
6
CONTINUOUS
10
5.37523
20
-4.488
11
5.37656
21
-4.48946
0
LINE
8
BLACK
6
CONTINUOUS
10
5.37656
20
-4.48946
11
5.37666
21
-4.49186
0
LINE
8
BLACK
6
CONTINUOUS
10
5.37666
20
-4.49186
11
5.37519
21
-4.49376
0
LINE
8
BLACK
6
CONTINUOUS
10
5.37519
20
-4.49376
11
5.37496
21
-4.49389
0
LINE
8
BLACK
6
CONTINUOUS
10
5.37496
20
-4.49389
11
5.37496
21
-4.49389
0
LINE
8
BLACK
6
CONTINUOUS
10
5.37496
20
-4.49389
11
5.37496
21
-4.49389
0
LINE
8
BLACK
6
CONTINUOUS
10
5.37496
20
-4.49389
11
5.37496
21
-4.49389
0
LINE
8
BLACK
6
CONTINUOUS
10
5.37496
20
-4.49389
11
5.37356
21
-4.49513
0
LINE
8
BLACK
6
CONTINUOUS
10
5.37356
20
-4.49513
11
5.36994
21
-4.49834
0
LINE
8
BLACK
6
CONTINUOUS
10
5.36994
20
-4.49834
11
5.36994
21
-4.49834
0
LINE
8
BLACK
6
CONTINUOUS
10
5.36994
20
-4.49834
11
5.36614
21
-4.50385
0
LINE
8
BLACK
6
CONTINUOUS
10
5.36614
20
-4.50385
11
5.36614
21
-4.50385
0
LINE
8
BLACK
6
CONTINUOUS
10
5.36614
20
-4.50385
11
5.36376
21
-4.51011
0
LINE
8
BLACK
6
CONTINUOUS
10
5.36376
20
-4.51011
11
5.36296
21
-4.51676
0
LINE
8
BLACK
6
CONTINUOUS
10
5.36296
20
-4.51676
11
5.36376
21
-4.52341
0
LINE
8
BLACK
6
CONTINUOUS
10
5.02293
20
-4.30657
11
5.0253
21
-4.31283
0
LINE
8
BLACK
6
CONTINUOUS
10
5.0253
20
-4.31283
11
5.02911
21
-4.31834
0
LINE
8
BLACK
6
CONTINUOUS
10
5.02911
20
-4.31834
11
5.02911
21
-4.31834
0
LINE
8
BLACK
6
CONTINUOUS
10
5.02911
20
-4.31834
11
5.02911
21
-4.31834
0
LINE
8
BLACK
6
CONTINUOUS
10
5.02911
20
-4.31834
11
5.02911
21
-4.31834
0
LINE
8
BLACK
6
CONTINUOUS
10
5.02911
20
-4.31834
11
5.03412
21
-4.32278
0
LINE
8
BLACK
6
CONTINUOUS
10
5.03412
20
-4.32278
11
5.03954
21
-4.32563
0
LINE
8
BLACK
6
CONTINUOUS
10
5.03954
20
-4.32563
11
5.04116
21
-4.3274
0
LINE
8
BLACK
6
CONTINUOUS
10
5.04116
20
-4.3274
11
5.04125
21
-4.3298
0
LINE
8
BLACK
6
CONTINUOUS
10
5.04125
20
-4.3298
11
5.03979
21
-4.33169
0
LINE
8
BLACK
6
CONTINUOUS
10
5.03979
20
-4.33169
11
5.03954
21
-4.33184
0
LINE
8
BLACK
6
CONTINUOUS
10
5.03954
20
-4.33184
11
5.03912
21
-4.33206
0
LINE
8
BLACK
6
CONTINUOUS
10
5.03912
20
-4.33206
11
5.03912
21
-4.33206
0
LINE
8
BLACK
6
CONTINUOUS
10
5.03912
20
-4.33206
11
5.03912
21
-4.33206
0
LINE
8
BLACK
6
CONTINUOUS
10
5.03912
20
-4.33206
11
5.03912
21
-4.33206
0
LINE
8
BLACK
6
CONTINUOUS
10
5.03912
20
-4.33206
11
5.03783
21
-4.3332
0
LINE
8
BLACK
6
CONTINUOUS
10
5.03783
20
-4.3332
11
5.03411
21
-4.3365
0
LINE
8
BLACK
6
CONTINUOUS
10
5.03411
20
-4.3365
11
5.03411
21
-4.3365
0
LINE
8
BLACK
6
CONTINUOUS
10
5.03411
20
-4.3365
11
5.0303
21
-4.34201
0
LINE
8
BLACK
6
CONTINUOUS
10
5.0303
20
-4.34201
11
5.02793
21
-4.34827
0
LINE
8
BLACK
6
CONTINUOUS
10
5.02793
20
-4.34827
11
5.02753
21
-4.35157
0
LINE
8
BLACK
6
CONTINUOUS
10
5.02753
20
-4.35157
11
5.02712
21
-4.35492
0
LINE
8
BLACK
6
CONTINUOUS
10
5.02712
20
-4.35492
11
5.02793
21
-4.36157
0
LINE
8
BLACK
6
CONTINUOUS
10
5.02793
20
-4.36157
11
5.03028
21
-4.36778
0
LINE
8
BLACK
6
CONTINUOUS
10
5.03028
20
-4.36778
11
5.0303
21
-4.36783
0
LINE
8
BLACK
6
CONTINUOUS
10
5.0303
20
-4.36783
11
5.03411
21
-4.37334
0
LINE
8
BLACK
6
CONTINUOUS
10
5.03411
20
-4.37334
11
5.03411
21
-4.37334
0
LINE
8
BLACK
6
CONTINUOUS
10
5.03411
20
-4.37334
11
5.03411
21
-4.37334
0
LINE
8
BLACK
6
CONTINUOUS
10
5.03411
20
-4.37334
11
5.03411
21
-4.37334
0
LINE
8
BLACK
6
CONTINUOUS
10
5.03411
20
-4.37334
11
5.03912
21
-4.37778
0
LINE
8
BLACK
6
CONTINUOUS
10
5.03912
20
-4.37778
11
5.04505
21
-4.3809
0
LINE
8
BLACK
6
CONTINUOUS
10
5.04505
20
-4.3809
11
5.05155
21
-4.3825
0
LINE
8
BLACK
6
CONTINUOUS
10
5.05155
20
-4.3825
11
5.05155
21
-4.3825
0
LINE
8
BLACK
6
CONTINUOUS
10
5.05155
20
-4.3825
11
5.05825
21
-4.3825
0
LINE
8
BLACK
6
CONTINUOUS
10
5.05825
20
-4.3825
11
5.05825
21
-4.3825
0
LINE
8
BLACK
6
CONTINUOUS
10
5.05825
20
-4.3825
11
5.06475
21
-4.3809
0
LINE
8
BLACK
6
CONTINUOUS
10
5.06475
20
-4.3809
11
5.07068
21
-4.37778
0
LINE
8
BLACK
6
CONTINUOUS
10
5.07068
20
-4.37778
11
5.0757
21
-4.37334
0
LINE
8
BLACK
6
CONTINUOUS
10
5.0757
20
-4.37334
11
5.0795
21
-4.36783
0
LINE
8
BLACK
6
CONTINUOUS
10
5.0795
20
-4.36783
11
5.08188
21
-4.36157
0
LINE
8
BLACK
6
CONTINUOUS
10
5.08188
20
-4.36157
11
5.08268
21
-4.35492
0
LINE
8
BLACK
6
CONTINUOUS
10
5.08268
20
-4.35492
11
5.08188
21
-4.34827
0
LINE
8
BLACK
6
CONTINUOUS
10
5.08188
20
-4.34827
11
5.0795
21
-4.34201
0
LINE
8
BLACK
6
CONTINUOUS
10
5.0795
20
-4.34201
11
5.07658
21
-4.33778
0
LINE
8
BLACK
6
CONTINUOUS
10
5.07658
20
-4.33778
11
5.0757
21
-4.3365
0
LINE
8
BLACK
6
CONTINUOUS
10
5.0757
20
-4.3365
11
5.0757
21
-4.3365
0
LINE
8
BLACK
6
CONTINUOUS
10
5.0757
20
-4.3365
11
5.07443
21
-4.33537
0
LINE
8
BLACK
6
CONTINUOUS
10
5.07443
20
-4.33537
11
5.07068
21
-4.33206
0
LINE
8
BLACK
6
CONTINUOUS
10
5.07068
20
-4.33206
11
5.07068
21
-4.33206
0
LINE
8
BLACK
6
CONTINUOUS
10
5.07068
20
-4.33206
11
5.07068
21
-4.33206
0
LINE
8
BLACK
6
CONTINUOUS
10
5.07068
20
-4.33206
11
5.06526
21
-4.32921
0
LINE
8
BLACK
6
CONTINUOUS
10
5.06526
20
-4.32921
11
5.06365
21
-4.32744
0
LINE
8
BLACK
6
CONTINUOUS
10
5.06365
20
-4.32744
11
5.06355
21
-4.32504
0
LINE
8
BLACK
6
CONTINUOUS
10
5.06355
20
-4.32504
11
5.06502
21
-4.32315
0
LINE
8
BLACK
6
CONTINUOUS
10
5.06502
20
-4.32315
11
5.06526
21
-4.32301
0
LINE
8
BLACK
6
CONTINUOUS
10
5.06526
20
-4.32301
11
5.06568
21
-4.32278
0
LINE
8
BLACK
6
CONTINUOUS
10
5.06568
20
-4.32278
11
5.0707
21
-4.31834
0
LINE
8
BLACK
6
CONTINUOUS
10
5.0707
20
-4.31834
11
5.0745
21
-4.31283
0
LINE
8
BLACK
6
CONTINUOUS
10
5.0745
20
-4.31283
11
5.07688
21
-4.30657
0
LINE
8
BLACK
6
CONTINUOUS
10
5.07688
20
-4.30657
11
5.07768
21
-4.29992
0
LINE
8
BLACK
6
CONTINUOUS
10
5.07768
20
-4.29992
11
5.07688
21
-4.29327
0
LINE
8
BLACK
6
CONTINUOUS
10
5.07688
20
-4.29327
11
5.0745
21
-4.28701
0
LINE
8
BLACK
6
CONTINUOUS
10
5.0745
20
-4.28701
11
5.0707
21
-4.2815
0
LINE
8
BLACK
6
CONTINUOUS
10
5.0707
20
-4.2815
11
5.06568
21
-4.27706
0
LINE
8
BLACK
6
CONTINUOUS
10
5.06568
20
-4.27706
11
5.06568
21
-4.27706
0
LINE
8
BLACK
6
CONTINUOUS
10
5.06568
20
-4.27706
11
5.06568
21
-4.27706
0
LINE
8
BLACK
6
CONTINUOUS
10
5.06568
20
-4.27706
11
5.05975
21
-4.27395
0
LINE
8
BLACK
6
CONTINUOUS
10
5.05975
20
-4.27395
11
5.05485
21
-4.27274
0
LINE
8
BLACK
6
CONTINUOUS
10
5.05485
20
-4.27274
11
5.05325
21
-4.27234
0
LINE
8
BLACK
6
CONTINUOUS
10
5.05325
20
-4.27234
11
5.04655
21
-4.27234
0
LINE
8
BLACK
6
CONTINUOUS
10
5.04655
20
-4.27234
11
5.04005
21
-4.27395
0
LINE
8
BLACK
6
CONTINUOUS
10
5.04005
20
-4.27395
11
5.03412
21
-4.27706
0
LINE
8
BLACK
6
CONTINUOUS
10
5.03412
20
-4.27706
11
5.03412
21
-4.27706
0
LINE
8
BLACK
6
CONTINUOUS
10
5.03412
20
-4.27706
11
5.03412
21
-4.27706
0
LINE
8
BLACK
6
CONTINUOUS
10
5.03412
20
-4.27706
11
5.03412
21
-4.27706
0
LINE
8
BLACK
6
CONTINUOUS
10
5.03412
20
-4.27706
11
5.03325
21
-4.27783
0
LINE
8
BLACK
6
CONTINUOUS
10
5.03325
20
-4.27783
11
5.02911
21
-4.2815
0
LINE
8
BLACK
6
CONTINUOUS
10
5.02911
20
-4.2815
11
5.02911
21
-4.2815
0
LINE
8
BLACK
6
CONTINUOUS
10
5.02911
20
-4.2815
11
5.0253
21
-4.28701
0
LINE
8
BLACK
6
CONTINUOUS
10
5.0253
20
-4.28701
11
5.02293
21
-4.29327
0
LINE
8
BLACK
6
CONTINUOUS
10
5.02293
20
-4.29327
11
5.02212
21
-4.29992
0
LINE
8
BLACK
6
CONTINUOUS
10
5.02212
20
-4.29992
11
5.02212
21
-4.29992
0
LINE
8
BLACK
6
CONTINUOUS
10
5.02212
20
-4.29992
11
5.02293
21
-4.30657
0
LINE
8
BLACK
6
CONTINUOUS
10
4.85793
20
-4.35157
11
4.8603
21
-4.35783
0
LINE
8
BLACK
6
CONTINUOUS
10
4.8603
20
-4.35783
11
4.8603
21
-4.35783
0
LINE
8
BLACK
6
CONTINUOUS
10
4.8603
20
-4.35783
11
4.86411
21
-4.36334
0
LINE
8
BLACK
6
CONTINUOUS
10
4.86411
20
-4.36334
11
4.86411
21
-4.36334
0
LINE
8
BLACK
6
CONTINUOUS
10
4.86411
20
-4.36334
11
4.86411
21
-4.36334
0
LINE
8
BLACK
6
CONTINUOUS
10
4.86411
20
-4.36334
11
4.86411
21
-4.36334
0
LINE
8
BLACK
6
CONTINUOUS
10
4.86411
20
-4.36334
11
4.86912
21
-4.36778
0
LINE
8
BLACK
6
CONTINUOUS
10
4.86912
20
-4.36778
11
4.87505
21
-4.3709
0
LINE
8
BLACK
6
CONTINUOUS
10
4.87505
20
-4.3709
11
4.88155
21
-4.3725
0
LINE
8
BLACK
6
CONTINUOUS
10
4.88155
20
-4.3725
11
4.88155
21
-4.3725
0
LINE
8
BLACK
6
CONTINUOUS
10
4.88155
20
-4.3725
11
4.88825
21
-4.3725
0
LINE
8
BLACK
6
CONTINUOUS
10
4.88825
20
-4.3725
11
4.88825
21
-4.3725
0
LINE
8
BLACK
6
CONTINUOUS
10
4.88825
20
-4.3725
11
4.89475
21
-4.3709
0
LINE
8
BLACK
6
CONTINUOUS
10
4.89475
20
-4.3709
11
4.90068
21
-4.36778
0
LINE
8
BLACK
6
CONTINUOUS
10
4.90068
20
-4.36778
11
4.9057
21
-4.36334
0
LINE
8
BLACK
6
CONTINUOUS
10
4.9057
20
-4.36334
11
4.9095
21
-4.35783
0
LINE
8
BLACK
6
CONTINUOUS
10
4.9095
20
-4.35783
11
4.91188
21
-4.35157
0
LINE
8
BLACK
6
CONTINUOUS
10
4.91188
20
-4.35157
11
4.91268
21
-4.34492
0
LINE
8
BLACK
6
CONTINUOUS
10
4.91268
20
-4.34492
11
4.91188
21
-4.33827
0
LINE
8
BLACK
6
CONTINUOUS
10
4.91188
20
-4.33827
11
4.9095
21
-4.33201
0
LINE
8
BLACK
6
CONTINUOUS
10
4.9095
20
-4.33201
11
4.90938
21
-4.33184
0
LINE
8
BLACK
6
CONTINUOUS
10
4.90938
20
-4.33184
11
4.9057
21
-4.3265
0
LINE
8
BLACK
6
CONTINUOUS
10
4.9057
20
-4.3265
11
4.9057
21
-4.3265
0
LINE
8
BLACK
6
CONTINUOUS
10
4.9057
20
-4.3265
11
4.90502
21
-4.3259
0
LINE
8
BLACK
6
CONTINUOUS
10
4.90502
20
-4.3259
11
4.90068
21
-4.32206
0
LINE
8
BLACK
6
CONTINUOUS
10
4.90068
20
-4.32206
11
4.90068
21
-4.32206
0
LINE
8
BLACK
6
CONTINUOUS
10
4.90068
20
-4.32206
11
4.90068
21
-4.32206
0
LINE
8
BLACK
6
CONTINUOUS
10
4.90068
20
-4.32206
11
4.89475
21
-4.31895
0
LINE
8
BLACK
6
CONTINUOUS
10
4.89475
20
-4.31895
11
4.88985
21
-4.31774
0
LINE
8
BLACK
6
CONTINUOUS
10
4.88985
20
-4.31774
11
4.88825
21
-4.31734
0
LINE
8
BLACK
6
CONTINUOUS
10
4.88825
20
-4.31734
11
4.88155
21
-4.31734
0
LINE
8
BLACK
6
CONTINUOUS
10
4.88155
20
-4.31734
11
4.87505
21
-4.31895
0
LINE
8
BLACK
6
CONTINUOUS
10
4.87505
20
-4.31895
11
4.86912
21
-4.32206
0
LINE
8
BLACK
6
CONTINUOUS
10
4.86912
20
-4.32206
11
4.86912
21
-4.32206
0
LINE
8
BLACK
6
CONTINUOUS
10
4.86912
20
-4.32206
11
4.86912
21
-4.32206
0
LINE
8
BLACK
6
CONTINUOUS
10
4.86912
20
-4.32206
11
4.86912
21
-4.32206
0
LINE
8
BLACK
6
CONTINUOUS
10
4.86912
20
-4.32206
11
4.8683
21
-4.32278
0
LINE
8
BLACK
6
CONTINUOUS
10
4.8683
20
-4.32278
11
4.86411
21
-4.3265
0
LINE
8
BLACK
6
CONTINUOUS
10
4.86411
20
-4.3265
11
4.86411
21
-4.3265
0
LINE
8
BLACK
6
CONTINUOUS
10
4.86411
20
-4.3265
11
4.8603
21
-4.33201
0
LINE
8
BLACK
6
CONTINUOUS
10
4.8603
20
-4.33201
11
4.85793
21
-4.33827
0
LINE
8
BLACK
6
CONTINUOUS
10
4.85793
20
-4.33827
11
4.85741
21
-4.3425
0
LINE
8
BLACK
6
CONTINUOUS
10
4.85741
20
-4.3425
11
4.85712
21
-4.34492
0
LINE
8
BLACK
6
CONTINUOUS
10
4.85712
20
-4.34492
11
4.85793
21
-4.35157
0
LINE
8
BLACK
6
CONTINUOUS
10
6.62505
20
-4.28895
11
6.61912
21
-4.29206
0
LINE
8
BLACK
6
CONTINUOUS
10
6.61912
20
-4.29206
11
6.61912
21
-4.29206
0
LINE
8
BLACK
6
CONTINUOUS
10
6.61912
20
-4.29206
11
6.61912
21
-4.29206
0
LINE
8
BLACK
6
CONTINUOUS
10
6.61912
20
-4.29206
11
6.61912
21
-4.29206
0
LINE
8
BLACK
6
CONTINUOUS
10
6.61912
20
-4.29206
11
6.61775
21
-4.29327
0
LINE
8
BLACK
6
CONTINUOUS
10
6.61775
20
-4.29327
11
6.61411
21
-4.2965
0
LINE
8
BLACK
6
CONTINUOUS
10
6.61411
20
-4.2965
11
6.61411
21
-4.2965
0
LINE
8
BLACK
6
CONTINUOUS
10
6.61411
20
-4.2965
11
6.6103
21
-4.30201
0
LINE
8
BLACK
6
CONTINUOUS
10
6.6103
20
-4.30201
11
6.60793
21
-4.30827
0
LINE
8
BLACK
6
CONTINUOUS
10
6.60793
20
-4.30827
11
6.60753
21
-4.31157
0
LINE
8
BLACK
6
CONTINUOUS
10
6.60753
20
-4.31157
11
6.60712
21
-4.31492
0
LINE
8
BLACK
6
CONTINUOUS
10
6.60712
20
-4.31492
11
6.60793
21
-4.32157
0
LINE
8
BLACK
6
CONTINUOUS
10
6.60793
20
-4.32157
11
6.61028
21
-4.32778
0
LINE
8
BLACK
6
CONTINUOUS
10
6.61028
20
-4.32778
11
6.6103
21
-4.32783
0
LINE
8
BLACK
6
CONTINUOUS
10
6.6103
20
-4.32783
11
6.61411
21
-4.33334
0
LINE
8
BLACK
6
CONTINUOUS
10
6.61411
20
-4.33334
11
6.61411
21
-4.33334
0
LINE
8
BLACK
6
CONTINUOUS
10
6.61411
20
-4.33334
11
6.61411
21
-4.33334
0
LINE
8
BLACK
6
CONTINUOUS
10
6.61411
20
-4.33334
11
6.61411
21
-4.33334
0
LINE
8
BLACK
6
CONTINUOUS
10
6.61411
20
-4.33334
11
6.61912
21
-4.33778
0
LINE
8
BLACK
6
CONTINUOUS
10
6.61912
20
-4.33778
11
6.62505
21
-4.3409
0
LINE
8
BLACK
6
CONTINUOUS
10
6.62505
20
-4.3409
11
6.63155
21
-4.3425
0
LINE
8
BLACK
6
CONTINUOUS
10
6.63155
20
-4.3425
11
6.63155
21
-4.3425
0
LINE
8
BLACK
6
CONTINUOUS
10
6.63155
20
-4.3425
11
6.63825
21
-4.3425
0
LINE
8
BLACK
6
CONTINUOUS
10
6.63825
20
-4.3425
11
6.63825
21
-4.3425
0
LINE
8
BLACK
6
CONTINUOUS
10
6.63825
20
-4.3425
11
6.64475
21
-4.3409
0
LINE
8
BLACK
6
CONTINUOUS
10
6.64475
20
-4.3409
11
6.65068
21
-4.33778
0
LINE
8
BLACK
6
CONTINUOUS
10
6.65068
20
-4.33778
11
6.6557
21
-4.33334
0
LINE
8
BLACK
6
CONTINUOUS
10
6.6557
20
-4.33334
11
6.6595
21
-4.32783
0
LINE
8
BLACK
6
CONTINUOUS
10
6.6595
20
-4.32783
11
6.66188
21
-4.32157
0
LINE
8
BLACK
6
CONTINUOUS
10
6.66188
20
-4.32157
11
6.66268
21
-4.31492
0
LINE
8
BLACK
6
CONTINUOUS
10
6.66268
20
-4.31492
11
6.66188
21
-4.30827
0
LINE
8
BLACK
6
CONTINUOUS
10
6.66188
20
-4.30827
11
6.6595
21
-4.30201
0
LINE
8
BLACK
6
CONTINUOUS
10
6.6595
20
-4.30201
11
6.65806
21
-4.29992
0
LINE
8
BLACK
6
CONTINUOUS
10
6.65806
20
-4.29992
11
6.6557
21
-4.2965
0
LINE
8
BLACK
6
CONTINUOUS
10
6.6557
20
-4.2965
11
6.6557
21
-4.2965
0
LINE
8
BLACK
6
CONTINUOUS
10
6.6557
20
-4.2965
11
6.6557
21
-4.2965
0
LINE
8
BLACK
6
CONTINUOUS
10
6.6557
20
-4.2965
11
6.65068
21
-4.29206
0
LINE
8
BLACK
6
CONTINUOUS
10
6.65068
20
-4.29206
11
6.65068
21
-4.29206
0
LINE
8
BLACK
6
CONTINUOUS
10
6.65068
20
-4.29206
11
6.65068
21
-4.29206
0
LINE
8
BLACK
6
CONTINUOUS
10
6.65068
20
-4.29206
11
6.64475
21
-4.28895
0
LINE
8
BLACK
6
CONTINUOUS
10
6.64475
20
-4.28895
11
6.63985
21
-4.28774
0
LINE
8
BLACK
6
CONTINUOUS
10
6.63985
20
-4.28774
11
6.63825
21
-4.28734
0
LINE
8
BLACK
6
CONTINUOUS
10
6.63825
20
-4.28734
11
6.63155
21
-4.28734
0
LINE
8
BLACK
6
CONTINUOUS
10
6.63155
20
-4.28734
11
6.62505
21
-4.28895
0
LINE
8
BLACK
6
CONTINUOUS
10
4.85293
20
-4.27157
11
4.8553
21
-4.27783
0
LINE
8
BLACK
6
CONTINUOUS
10
4.8553
20
-4.27783
11
4.85911
21
-4.28334
0
LINE
8
BLACK
6
CONTINUOUS
10
4.85911
20
-4.28334
11
4.85911
21
-4.28334
0
LINE
8
BLACK
6
CONTINUOUS
10
4.85911
20
-4.28334
11
4.85911
21
-4.28334
0
LINE
8
BLACK
6
CONTINUOUS
10
4.85911
20
-4.28334
11
4.85911
21
-4.28334
0
LINE
8
BLACK
6
CONTINUOUS
10
4.85911
20
-4.28334
11
4.86412
21
-4.28778
0
LINE
8
BLACK
6
CONTINUOUS
10
4.86412
20
-4.28778
11
4.87005
21
-4.2909
0
LINE
8
BLACK
6
CONTINUOUS
10
4.87005
20
-4.2909
11
4.87655
21
-4.2925
0
LINE
8
BLACK
6
CONTINUOUS
10
4.87655
20
-4.2925
11
4.87655
21
-4.2925
0
LINE
8
BLACK
6
CONTINUOUS
10
4.87655
20
-4.2925
11
4.88325
21
-4.2925
0
LINE
8
BLACK
6
CONTINUOUS
10
4.88325
20
-4.2925
11
4.88325
21
-4.2925
0
LINE
8
BLACK
6
CONTINUOUS
10
4.88325
20
-4.2925
11
4.88975
21
-4.2909
0
LINE
8
BLACK
6
CONTINUOUS
10
4.88975
20
-4.2909
11
4.89568
21
-4.28778
0
LINE
8
BLACK
6
CONTINUOUS
10
4.89568
20
-4.28778
11
4.9007
21
-4.28334
0
LINE
8
BLACK
6
CONTINUOUS
10
4.9007
20
-4.28334
11
4.9045
21
-4.27783
0
LINE
8
BLACK
6
CONTINUOUS
10
4.9045
20
-4.27783
11
4.90688
21
-4.27157
0
LINE
8
BLACK
6
CONTINUOUS
10
4.90688
20
-4.27157
11
4.90768
21
-4.26492
0
LINE
8
BLACK
6
CONTINUOUS
10
4.90768
20
-4.26492
11
4.90688
21
-4.25827
0
LINE
8
BLACK
6
CONTINUOUS
10
4.90688
20
-4.25827
11
4.9045
21
-4.25201
0
LINE
8
BLACK
6
CONTINUOUS
10
4.9045
20
-4.25201
11
4.9007
21
-4.2465
0
LINE
8
BLACK
6
CONTINUOUS
10
4.9007
20
-4.2465
11
4.89568
21
-4.24206
0
LINE
8
BLACK
6
CONTINUOUS
10
4.89568
20
-4.24206
11
4.89568
21
-4.24206
0
LINE
8
BLACK
6
CONTINUOUS
10
4.89568
20
-4.24206
11
4.89568
21
-4.24206
0
LINE
8
BLACK
6
CONTINUOUS
10
4.89568
20
-4.24206
11
4.88975
21
-4.23895
0
LINE
8
BLACK
6
CONTINUOUS
10
4.88975
20
-4.23895
11
4.88485
21
-4.23774
0
LINE
8
BLACK
6
CONTINUOUS
10
4.88485
20
-4.23774
11
4.88325
21
-4.23734
0
LINE
8
BLACK
6
CONTINUOUS
10
4.88325
20
-4.23734
11
4.87655
21
-4.23734
0
LINE
8
BLACK
6
CONTINUOUS
10
4.87655
20
-4.23734
11
4.87005
21
-4.23895
0
LINE
8
BLACK
6
CONTINUOUS
10
4.87005
20
-4.23895
11
4.86412
21
-4.24206
0
LINE
8
BLACK
6
CONTINUOUS
10
4.86412
20
-4.24206
11
4.86412
21
-4.24206
0
LINE
8
BLACK
6
CONTINUOUS
10
4.86412
20
-4.24206
11
4.86412
21
-4.24206
0
LINE
8
BLACK
6
CONTINUOUS
10
4.86412
20
-4.24206
11
4.86412
21
-4.24206
0
LINE
8
BLACK
6
CONTINUOUS
10
4.86412
20
-4.24206
11
4.86181
21
-4.2441
0
LINE
8
BLACK
6
CONTINUOUS
10
4.86181
20
-4.2441
11
4.85911
21
-4.2465
0
LINE
8
BLACK
6
CONTINUOUS
10
4.85911
20
-4.2465
11
4.85911
21
-4.2465
0
LINE
8
BLACK
6
CONTINUOUS
10
4.85911
20
-4.2465
11
4.8553
21
-4.25201
0
LINE
8
BLACK
6
CONTINUOUS
10
4.8553
20
-4.25201
11
4.85293
21
-4.25827
0
LINE
8
BLACK
6
CONTINUOUS
10
4.85293
20
-4.25827
11
4.85212
21
-4.26492
0
LINE
8
BLACK
6
CONTINUOUS
10
4.85212
20
-4.26492
11
4.85212
21
-4.26492
0
LINE
8
BLACK
6
CONTINUOUS
10
4.85212
20
-4.26492
11
4.85293
21
-4.27157
0
LINE
8
BLACK
6
CONTINUOUS
10
4.85793
20
-4.19157
11
4.8603
21
-4.19783
0
LINE
8
BLACK
6
CONTINUOUS
10
4.8603
20
-4.19783
11
4.86411
21
-4.20334
0
LINE
8
BLACK
6
CONTINUOUS
10
4.86411
20
-4.20334
11
4.86411
21
-4.20334
0
LINE
8
BLACK
6
CONTINUOUS
10
4.86411
20
-4.20334
11
4.86411
21
-4.20334
0
LINE
8
BLACK
6
CONTINUOUS
10
4.86411
20
-4.20334
11
4.86411
21
-4.20334
0
LINE
8
BLACK
6
CONTINUOUS
10
4.86411
20
-4.20334
11
4.86912
21
-4.20778
0
LINE
8
BLACK
6
CONTINUOUS
10
4.86912
20
-4.20778
11
4.87505
21
-4.2109
0
LINE
8
BLACK
6
CONTINUOUS
10
4.87505
20
-4.2109
11
4.88155
21
-4.2125
0
LINE
8
BLACK
6
CONTINUOUS
10
4.88155
20
-4.2125
11
4.88155
21
-4.2125
0
LINE
8
BLACK
6
CONTINUOUS
10
4.88155
20
-4.2125
11
4.88825
21
-4.2125
0
LINE
8
BLACK
6
CONTINUOUS
10
4.88825
20
-4.2125
11
4.88825
21
-4.2125
0
LINE
8
BLACK
6
CONTINUOUS
10
4.88825
20
-4.2125
11
4.89475
21
-4.2109
0
LINE
8
BLACK
6
CONTINUOUS
10
4.89475
20
-4.2109
11
4.90068
21
-4.20778
0
LINE
8
BLACK
6
CONTINUOUS
10
4.90068
20
-4.20778
11
4.9057
21
-4.20334
0
LINE
8
BLACK
6
CONTINUOUS
10
4.9057
20
-4.20334
11
4.9095
21
-4.19783
0
LINE
8
BLACK
6
CONTINUOUS
10
4.9095
20
-4.19783
11
4.91188
21
-4.19157
0
LINE
8
BLACK
6
CONTINUOUS
10
4.91188
20
-4.19157
11
4.91268
21
-4.18492
0
LINE
8
BLACK
6
CONTINUOUS
10
4.91268
20
-4.18492
11
4.91188
21
-4.17827
0
LINE
8
BLACK
6
CONTINUOUS
10
4.91188
20
-4.17827
11
4.9095
21
-4.17201
0
LINE
8
BLACK
6
CONTINUOUS
10
4.9095
20
-4.17201
11
4.9057
21
-4.1665
0
LINE
8
BLACK
6
CONTINUOUS
10
4.9057
20
-4.1665
11
4.90068
21
-4.16206
0
LINE
8
BLACK
6
CONTINUOUS
10
4.90068
20
-4.16206
11
4.90068
21
-4.16206
0
LINE
8
BLACK
6
CONTINUOUS
10
4.90068
20
-4.16206
11
4.90068
21
-4.16206
0
LINE
8
BLACK
6
CONTINUOUS
10
4.90068
20
-4.16206
11
4.89475
21
-4.15895
0
LINE
8
BLACK
6
CONTINUOUS
10
4.89475
20
-4.15895
11
4.88985
21
-4.15774
0
LINE
8
BLACK
6
CONTINUOUS
10
4.88985
20
-4.15774
11
4.88825
21
-4.15734
0
LINE
8
BLACK
6
CONTINUOUS
10
4.88825
20
-4.15734
11
4.88155
21
-4.15734
0
LINE
8
BLACK
6
CONTINUOUS
10
4.88155
20
-4.15734
11
4.87505
21
-4.15895
0
LINE
8
BLACK
6
CONTINUOUS
10
4.87505
20
-4.15895
11
4.86912
21
-4.16206
0
LINE
8
BLACK
6
CONTINUOUS
10
4.86912
20
-4.16206
11
4.86912
21
-4.16206
0
LINE
8
BLACK
6
CONTINUOUS
10
4.86912
20
-4.16206
11
4.86912
21
-4.16206
0
LINE
8
BLACK
6
CONTINUOUS
10
4.86912
20
-4.16206
11
4.86912
21
-4.16206
0
LINE
8
BLACK
6
CONTINUOUS
10
4.86912
20
-4.16206
11
4.86681
21
-4.1641
0
LINE
8
BLACK
6
CONTINUOUS
10
4.86681
20
-4.1641
11
4.86411
21
-4.1665
0
LINE
8
BLACK
6
CONTINUOUS
10
4.86411
20
-4.1665
11
4.86411
21
-4.1665
0
LINE
8
BLACK
6
CONTINUOUS
10
4.86411
20
-4.1665
11
4.8603
21
-4.17201
0
LINE
8
BLACK
6
CONTINUOUS
10
4.8603
20
-4.17201
11
4.85793
21
-4.17827
0
LINE
8
BLACK
6
CONTINUOUS
10
4.85793
20
-4.17827
11
4.85712
21
-4.18492
0
LINE
8
BLACK
6
CONTINUOUS
10
4.85712
20
-4.18492
11
4.85712
21
-4.18492
0
LINE
8
BLACK
6
CONTINUOUS
10
4.85712
20
-4.18492
11
4.85793
21
-4.19157
0
LINE
8
BLACK
6
CONTINUOUS
10
5.76793
20
-4.13157
11
5.7685
21
-4.13309
0
LINE
8
BLACK
6
CONTINUOUS
10
5.7685
20
-4.13309
11
5.7703
21
-4.13783
0
LINE
8
BLACK
6
CONTINUOUS
10
5.7703
20
-4.13783
11
5.77411
21
-4.14334
0
LINE
8
BLACK
6
CONTINUOUS
10
5.77411
20
-4.14334
11
5.77411
21
-4.14334
0
LINE
8
BLACK
6
CONTINUOUS
10
5.77411
20
-4.14334
11
5.77411
21
-4.14334
0
LINE
8
BLACK
6
CONTINUOUS
10
5.77411
20
-4.14334
11
5.77411
21
-4.14334
0
LINE
8
BLACK
6
CONTINUOUS
10
5.77411
20
-4.14334
11
5.77912
21
-4.14778
0
LINE
8
BLACK
6
CONTINUOUS
10
5.77912
20
-4.14778
11
5.78505
21
-4.1509
0
LINE
8
BLACK
6
CONTINUOUS
10
5.78505
20
-4.1509
11
5.79155
21
-4.1525
0
LINE
8
BLACK
6
CONTINUOUS
10
5.79155
20
-4.1525
11
5.79155
21
-4.1525
0
LINE
8
BLACK
6
CONTINUOUS
10
5.79155
20
-4.1525
11
5.79825
21
-4.1525
0
LINE
8
BLACK
6
CONTINUOUS
10
5.79825
20
-4.1525
11
5.79825
21
-4.1525
0
LINE
8
BLACK
6
CONTINUOUS
10
5.79825
20
-4.1525
11
5.80475
21
-4.1509
0
LINE
8
BLACK
6
CONTINUOUS
10
5.80475
20
-4.1509
11
5.81068
21
-4.14778
0
LINE
8
BLACK
6
CONTINUOUS
10
5.81068
20
-4.14778
11
5.8157
21
-4.14334
0
LINE
8
BLACK
6
CONTINUOUS
10
5.8157
20
-4.14334
11
5.8195
21
-4.13783
0
LINE
8
BLACK
6
CONTINUOUS
10
5.8195
20
-4.13783
11
5.82188
21
-4.13157
0
LINE
8
BLACK
6
CONTINUOUS
10
5.82188
20
-4.13157
11
5.82268
21
-4.12492
0
LINE
8
BLACK
6
CONTINUOUS
10
5.82268
20
-4.12492
11
5.82188
21
-4.11827
0
LINE
8
BLACK
6
CONTINUOUS
10
5.82188
20
-4.11827
11
5.8195
21
-4.11201
0
LINE
8
BLACK
6
CONTINUOUS
10
5.8195
20
-4.11201
11
5.8157
21
-4.1065
0
LINE
8
BLACK
6
CONTINUOUS
10
5.8157
20
-4.1065
11
5.81068
21
-4.10206
0
LINE
8
BLACK
6
CONTINUOUS
10
5.81068
20
-4.10206
11
5.81068
21
-4.10206
0
LINE
8
BLACK
6
CONTINUOUS
10
5.81068
20
-4.10206
11
5.81068
21
-4.10206
0
LINE
8
BLACK
6
CONTINUOUS
10
5.81068
20
-4.10206
11
5.80475
21
-4.09895
0
LINE
8
BLACK
6
CONTINUOUS
10
5.80475
20
-4.09895
11
5.79985
21
-4.09774
0
LINE
8
BLACK
6
CONTINUOUS
10
5.79985
20
-4.09774
11
5.79825
21
-4.09734
0
LINE
8
BLACK
6
CONTINUOUS
10
5.79825
20
-4.09734
11
5.79155
21
-4.09734
0
LINE
8
BLACK
6
CONTINUOUS
10
5.79155
20
-4.09734
11
5.78505
21
-4.09895
0
LINE
8
BLACK
6
CONTINUOUS
10
5.78505
20
-4.09895
11
5.77912
21
-4.10206
0
LINE
8
BLACK
6
CONTINUOUS
10
5.77912
20
-4.10206
11
5.77912
21
-4.10206
0
LINE
8
BLACK
6
CONTINUOUS
10
5.77912
20
-4.10206
11
5.77912
21
-4.10206
0
LINE
8
BLACK
6
CONTINUOUS
10
5.77912
20
-4.10206
11
5.77912
21
-4.10206
0
LINE
8
BLACK
6
CONTINUOUS
10
5.77912
20
-4.10206
11
5.77681
21
-4.1041
0
LINE
8
BLACK
6
CONTINUOUS
10
5.77681
20
-4.1041
11
5.77411
21
-4.1065
0
LINE
8
BLACK
6
CONTINUOUS
10
5.77411
20
-4.1065
11
5.77411
21
-4.1065
0
LINE
8
BLACK
6
CONTINUOUS
10
5.77411
20
-4.1065
11
5.7703
21
-4.11201
0
LINE
8
BLACK
6
CONTINUOUS
10
5.7703
20
-4.11201
11
5.76793
21
-4.11827
0
LINE
8
BLACK
6
CONTINUOUS
10
5.76793
20
-4.11827
11
5.76731
21
-4.12334
0
LINE
8
BLACK
6
CONTINUOUS
10
5.76731
20
-4.12334
11
5.76712
21
-4.12492
0
LINE
8
BLACK
6
CONTINUOUS
10
5.76712
20
-4.12492
11
5.76793
21
-4.13157
0
LINE
8
BLACK
6
CONTINUOUS
10
5.97152
20
-3.80448
11
5.97152
21
-3.80448
0
LINE
8
BLACK
6
CONTINUOUS
10
5.97152
20
-3.80448
11
5.96203
21
-3.80689
0
LINE
8
BLACK
6
CONTINUOUS
10
5.96203
20
-3.80689
11
5.96203
21
-3.80689
0
LINE
8
BLACK
6
CONTINUOUS
10
5.96203
20
-3.80689
11
5.96203
21
-3.80689
0
LINE
8
BLACK
6
CONTINUOUS
10
5.96203
20
-3.80689
11
5.95307
21
-3.81082
0
LINE
8
BLACK
6
CONTINUOUS
10
5.95307
20
-3.81082
11
5.95307
21
-3.81082
0
LINE
8
BLACK
6
CONTINUOUS
10
5.95307
20
-3.81082
11
5.95307
21
-3.81082
0
LINE
8
BLACK
6
CONTINUOUS
10
5.95307
20
-3.81082
11
5.94487
21
-3.81617
0
LINE
8
BLACK
6
CONTINUOUS
10
5.94487
20
-3.81617
11
5.94487
21
-3.81617
0
LINE
8
BLACK
6
CONTINUOUS
10
5.94487
20
-3.81617
11
5.93767
21
-3.82281
0
LINE
8
BLACK
6
CONTINUOUS
10
5.93767
20
-3.82281
11
5.93165
21
-3.83053
0
LINE
8
BLACK
6
CONTINUOUS
10
5.93165
20
-3.83053
11
5.93165
21
-3.83053
0
LINE
8
BLACK
6
CONTINUOUS
10
5.93165
20
-3.83053
11
5.927
21
-3.83914
0
LINE
8
BLACK
6
CONTINUOUS
10
5.927
20
-3.83914
11
5.92382
21
-3.8484
0
LINE
8
BLACK
6
CONTINUOUS
10
5.92382
20
-3.8484
11
5.92382
21
-3.8484
0
LINE
8
BLACK
6
CONTINUOUS
10
5.92382
20
-3.8484
11
5.92225
21
-3.85778
0
LINE
8
BLACK
6
CONTINUOUS
10
5.92225
20
-3.85778
11
5.9222
21
-3.85806
0
LINE
8
BLACK
6
CONTINUOUS
10
5.9222
20
-3.85806
11
5.9222
21
-3.86785
0
LINE
8
BLACK
6
CONTINUOUS
10
5.9222
20
-3.86785
11
5.92382
21
-3.8775
0
LINE
8
BLACK
6
CONTINUOUS
10
5.92382
20
-3.8775
11
5.92699
21
-3.88676
0
LINE
8
BLACK
6
CONTINUOUS
10
5.92699
20
-3.88676
11
5.92699
21
-3.88676
0
LINE
8
BLACK
6
CONTINUOUS
10
5.92699
20
-3.88676
11
5.927
21
-3.88676
0
LINE
8
BLACK
6
CONTINUOUS
10
5.927
20
-3.88676
11
5.9315
21
-3.89509
0
LINE
8
BLACK
6
CONTINUOUS
10
5.9315
20
-3.89509
11
5.93165
21
-3.89537
0
LINE
8
BLACK
6
CONTINUOUS
10
5.93165
20
-3.89537
11
5.93488
21
-3.89952
0
LINE
8
BLACK
6
CONTINUOUS
10
5.93488
20
-3.89952
11
5.93767
21
-3.9031
0
LINE
8
BLACK
6
CONTINUOUS
10
5.93767
20
-3.9031
11
5.94487
21
-3.90973
0
LINE
8
BLACK
6
CONTINUOUS
10
5.94487
20
-3.90973
11
5.95203
21
-3.91441
0
LINE
8
BLACK
6
CONTINUOUS
10
5.95203
20
-3.91441
11
5.95307
21
-3.91509
0
LINE
8
BLACK
6
CONTINUOUS
10
5.95307
20
-3.91509
11
5.96203
21
-3.91902
0
LINE
8
BLACK
6
CONTINUOUS
10
5.96203
20
-3.91902
11
5.97152
21
-3.92142
0
LINE
8
BLACK
6
CONTINUOUS
10
5.97152
20
-3.92142
11
5.97884
21
-3.92203
0
LINE
8
BLACK
6
CONTINUOUS
10
5.97884
20
-3.92203
11
5.98372
21
-3.92203
0
LINE
8
BLACK
6
CONTINUOUS
10
5.98372
20
-3.92203
11
5.99104
21
-3.92142
0
LINE
8
BLACK
6
CONTINUOUS
10
5.99104
20
-3.92142
11
6.00053
21
-3.91902
0
LINE
8
BLACK
6
CONTINUOUS
10
6.00053
20
-3.91902
11
6.00949
21
-3.91509
0
LINE
8
BLACK
6
CONTINUOUS
10
6.00949
20
-3.91509
11
6.01769
21
-3.90973
0
LINE
8
BLACK
6
CONTINUOUS
10
6.01769
20
-3.90973
11
6.01769
21
-3.90973
0
LINE
8
BLACK
6
CONTINUOUS
10
6.01769
20
-3.90973
11
6.01769
21
-3.90973
0
LINE
8
BLACK
6
CONTINUOUS
10
6.01769
20
-3.90973
11
6.02098
21
-3.9067
0
LINE
8
BLACK
6
CONTINUOUS
10
6.02098
20
-3.9067
11
6.02489
21
-3.9031
0
LINE
8
BLACK
6
CONTINUOUS
10
6.02489
20
-3.9031
11
6.0309
21
-3.89537
0
LINE
8
BLACK
6
CONTINUOUS
10
6.0309
20
-3.89537
11
6.03556
21
-3.88676
0
LINE
8
BLACK
6
CONTINUOUS
10
6.03556
20
-3.88676
11
6.03874
21
-3.8775
0
LINE
8
BLACK
6
CONTINUOUS
10
6.03874
20
-3.8775
11
6.04035
21
-3.86785
0
LINE
8
BLACK
6
CONTINUOUS
10
6.04035
20
-3.86785
11
6.04035
21
-3.85806
0
LINE
8
BLACK
6
CONTINUOUS
10
6.04035
20
-3.85806
11
6.03874
21
-3.8484
0
LINE
8
BLACK
6
CONTINUOUS
10
6.03874
20
-3.8484
11
6.03556
21
-3.83914
0
LINE
8
BLACK
6
CONTINUOUS
10
6.03556
20
-3.83914
11
6.0309
21
-3.83053
0
LINE
8
BLACK
6
CONTINUOUS
10
6.0309
20
-3.83053
11
6.02489
21
-3.82281
0
LINE
8
BLACK
6
CONTINUOUS
10
6.02489
20
-3.82281
11
6.02403
21
-3.82201
0
LINE
8
BLACK
6
CONTINUOUS
10
6.02403
20
-3.82201
11
6.01769
21
-3.81617
0
LINE
8
BLACK
6
CONTINUOUS
10
6.01769
20
-3.81617
11
6.00949
21
-3.81082
0
LINE
8
BLACK
6
CONTINUOUS
10
6.00949
20
-3.81082
11
6.00949
21
-3.81082
0
LINE
8
BLACK
6
CONTINUOUS
10
6.00949
20
-3.81082
11
6.00053
21
-3.80689
0
LINE
8
BLACK
6
CONTINUOUS
10
6.00053
20
-3.80689
11
6.00053
21
-3.80689
0
LINE
8
BLACK
6
CONTINUOUS
10
6.00053
20
-3.80689
11
6.00053
21
-3.80689
0
LINE
8
BLACK
6
CONTINUOUS
10
6.00053
20
-3.80689
11
5.99104
21
-3.80448
0
LINE
8
BLACK
6
CONTINUOUS
10
5.99104
20
-3.80448
11
5.98372
21
-3.80388
0
LINE
8
BLACK
6
CONTINUOUS
10
5.98372
20
-3.80388
11
5.97884
21
-3.80388
0
LINE
8
BLACK
6
CONTINUOUS
10
5.97884
20
-3.80388
11
5.97152
21
-3.80448
0
LINE
8
BLACK
6
CONTINUOUS
10
5.13412
20
-3.27214
11
5.12903
21
-3.26595
0
LINE
8
BLACK
6
CONTINUOUS
10
5.12903
20
-3.26595
11
5.12903
21
-3.26595
0
LINE
8
BLACK
6
CONTINUOUS
10
5.12903
20
-3.26595
11
5.12284
21
-3.26086
0
LINE
8
BLACK
6
CONTINUOUS
10
5.12284
20
-3.26086
11
5.11578
21
-3.25709
0
LINE
8
BLACK
6
CONTINUOUS
10
5.11578
20
-3.25709
11
5.10811
21
-3.25476
0
LINE
8
BLACK
6
CONTINUOUS
10
5.10811
20
-3.25476
11
5.10811
21
-3.25476
0
LINE
8
BLACK
6
CONTINUOUS
10
5.10811
20
-3.25476
11
5.10214
21
-3.25417
0
LINE
8
BLACK
6
CONTINUOUS
10
5.10214
20
-3.25417
11
5.08947
21
-3.25417
0
LINE
8
BLACK
6
CONTINUOUS
10
5.08947
20
-3.25417
11
5.08947
21
-3.25417
0
LINE
8
BLACK
6
CONTINUOUS
10
5.08947
20
-3.25417
11
5.08947
21
-3.27417
0
LINE
8
BLACK
6
CONTINUOUS
10
5.08947
20
-3.27417
11
5.10014
21
-3.27417
0
LINE
8
BLACK
6
CONTINUOUS
10
5.10014
20
-3.27417
11
5.10295
21
-3.27437
0
LINE
8
BLACK
6
CONTINUOUS
10
5.10295
20
-3.27437
11
5.10837
21
-3.27588
0
LINE
8
BLACK
6
CONTINUOUS
10
5.10837
20
-3.27588
11
5.11318
21
-3.27881
0
LINE
8
BLACK
6
CONTINUOUS
10
5.11318
20
-3.27881
11
5.11702
21
-3.28292
0
LINE
8
BLACK
6
CONTINUOUS
10
5.11702
20
-3.28292
11
5.11802
21
-3.28484
0
LINE
8
BLACK
6
CONTINUOUS
10
5.11802
20
-3.28484
11
5.1396
21
-3.28484
0
LINE
8
BLACK
6
CONTINUOUS
10
5.1396
20
-3.28484
11
5.13789
21
-3.2792
0
LINE
8
BLACK
6
CONTINUOUS
10
5.13789
20
-3.2792
11
5.13636
21
-3.27634
0
LINE
8
BLACK
6
CONTINUOUS
10
5.13636
20
-3.27634
11
5.13412
21
-3.27214
0
LINE
8
BLACK
6
CONTINUOUS
10
5.19738
20
-3.28299
11
5.19913
21
-3.2876
0
LINE
8
BLACK
6
CONTINUOUS
10
5.19913
20
-3.2876
11
5.19975
21
-3.28925
0
LINE
8
BLACK
6
CONTINUOUS
10
5.19975
20
-3.28925
11
5.20356
21
-3.29476
0
LINE
8
BLACK
6
CONTINUOUS
10
5.20356
20
-3.29476
11
5.20356
21
-3.29476
0
LINE
8
BLACK
6
CONTINUOUS
10
5.20356
20
-3.29476
11
5.20356
21
-3.29476
0
LINE
8
BLACK
6
CONTINUOUS
10
5.20356
20
-3.29476
11
5.20356
21
-3.29476
0
LINE
8
BLACK
6
CONTINUOUS
10
5.20356
20
-3.29476
11
5.20857
21
-3.2992
0
LINE
8
BLACK
6
CONTINUOUS
10
5.20857
20
-3.2992
11
5.2145
21
-3.30231
0
LINE
8
BLACK
6
CONTINUOUS
10
5.2145
20
-3.30231
11
5.221
21
-3.30392
0
LINE
8
BLACK
6
CONTINUOUS
10
5.221
20
-3.30392
11
5.221
21
-3.30392
0
LINE
8
BLACK
6
CONTINUOUS
10
5.221
20
-3.30392
11
5.2277
21
-3.30392
0
LINE
8
BLACK
6
CONTINUOUS
10
5.2277
20
-3.30392
11
5.2277
21
-3.30392
0
LINE
8
BLACK
6
CONTINUOUS
10
5.2277
20
-3.30392
11
5.2342
21
-3.30231
0
LINE
8
BLACK
6
CONTINUOUS
10
5.2342
20
-3.30231
11
5.24013
21
-3.2992
0
LINE
8
BLACK
6
CONTINUOUS
10
5.24013
20
-3.2992
11
5.24514
21
-3.29476
0
LINE
8
BLACK
6
CONTINUOUS
10
5.24514
20
-3.29476
11
5.24674
21
-3.29245
0
LINE
8
BLACK
6
CONTINUOUS
10
5.24674
20
-3.29245
11
5.2487
21
-3.29106
0
LINE
8
BLACK
6
CONTINUOUS
10
5.2487
20
-3.29106
11
5.25109
21
-3.29125
0
LINE
8
BLACK
6
CONTINUOUS
10
5.25109
20
-3.29125
11
5.25253
21
-3.29268
0
LINE
8
BLACK
6
CONTINUOUS
10
5.25253
20
-3.29268
11
5.25262
21
-3.29262
0
LINE
8
BLACK
6
CONTINUOUS
10
5.25262
20
-3.29262
11
5.25274
21
-3.29282
0
LINE
8
BLACK
6
CONTINUOUS
10
5.25274
20
-3.29282
11
5.25326
21
-3.29346
0
LINE
8
BLACK
6
CONTINUOUS
10
5.25326
20
-3.29346
11
5.2536
21
-3.29396
0
LINE
8
BLACK
6
CONTINUOUS
10
5.2536
20
-3.29396
11
5.25401
21
-3.29468
0
LINE
8
BLACK
6
CONTINUOUS
10
5.25401
20
-3.29468
11
5.25401
21
-3.29468
0
LINE
8
BLACK
6
CONTINUOUS
10
5.25401
20
-3.29468
11
5.25526
21
-3.29593
0
LINE
8
BLACK
6
CONTINUOUS
10
5.25526
20
-3.29593
11
5.25538
21
-3.29607
0
LINE
8
BLACK
6
CONTINUOUS
10
5.25538
20
-3.29607
11
5.25579
21
-3.29657
0
LINE
8
BLACK
6
CONTINUOUS
10
5.25579
20
-3.29657
11
5.2565
21
-3.29745
0
LINE
8
BLACK
6
CONTINUOUS
10
5.2565
20
-3.29745
11
5.2565
21
-3.29745
0
LINE
8
BLACK
6
CONTINUOUS
10
5.2565
20
-3.29745
11
5.2565
21
-3.29745
0
LINE
8
BLACK
6
CONTINUOUS
10
5.2565
20
-3.29745
11
5.25718
21
-3.29792
0
LINE
8
BLACK
6
CONTINUOUS
10
5.25718
20
-3.29792
11
5.25764
21
-3.29831
0
LINE
8
BLACK
6
CONTINUOUS
10
5.25764
20
-3.29831
11
5.31786
21
-3.35853
0
LINE
8
BLACK
6
CONTINUOUS
10
5.31786
20
-3.35853
11
5.31887
21
-3.3607
0
LINE
8
BLACK
6
CONTINUOUS
10
5.31887
20
-3.3607
11
5.31825
21
-3.36301
0
LINE
8
BLACK
6
CONTINUOUS
10
5.31825
20
-3.36301
11
5.31629
21
-3.36439
0
LINE
8
BLACK
6
CONTINUOUS
10
5.31629
20
-3.36439
11
5.31538
21
-3.36451
0
LINE
8
BLACK
6
CONTINUOUS
10
5.31538
20
-3.36451
11
5.30919
21
-3.36451
0
LINE
8
BLACK
6
CONTINUOUS
10
5.30919
20
-3.36451
11
5.30269
21
-3.36611
0
LINE
8
BLACK
6
CONTINUOUS
10
5.30269
20
-3.36611
11
5.29676
21
-3.36922
0
LINE
8
BLACK
6
CONTINUOUS
10
5.29676
20
-3.36922
11
5.29676
21
-3.36922
0
LINE
8
BLACK
6
CONTINUOUS
10
5.29676
20
-3.36922
11
5.29676
21
-3.36922
0
LINE
8
BLACK
6
CONTINUOUS
10
5.29676
20
-3.36922
11
5.29676
21
-3.36922
0
LINE
8
BLACK
6
CONTINUOUS
10
5.29676
20
-3.36922
11
5.29473
21
-3.37102
0
LINE
8
BLACK
6
CONTINUOUS
10
5.29473
20
-3.37102
11
5.29174
21
-3.37366
0
LINE
8
BLACK
6
CONTINUOUS
10
5.29174
20
-3.37366
11
5.29174
21
-3.37366
0
LINE
8
BLACK
6
CONTINUOUS
10
5.29174
20
-3.37366
11
5.28794
21
-3.37918
0
LINE
8
BLACK
6
CONTINUOUS
10
5.28794
20
-3.37918
11
5.28557
21
-3.38544
0
LINE
8
BLACK
6
CONTINUOUS
10
5.28557
20
-3.38544
11
5.28476
21
-3.39209
0
LINE
8
BLACK
6
CONTINUOUS
10
5.28476
20
-3.39209
11
5.28476
21
-3.39209
0
LINE
8
BLACK
6
CONTINUOUS
10
5.28476
20
-3.39209
11
5.28557
21
-3.39874
0
LINE
8
BLACK
6
CONTINUOUS
10
5.28557
20
-3.39874
11
5.28794
21
-3.405
0
LINE
8
BLACK
6
CONTINUOUS
10
5.28794
20
-3.405
11
5.29174
21
-3.41051
0
LINE
8
BLACK
6
CONTINUOUS
10
5.29174
20
-3.41051
11
5.29174
21
-3.41051
0
LINE
8
BLACK
6
CONTINUOUS
10
5.29174
20
-3.41051
11
5.29174
21
-3.41051
0
LINE
8
BLACK
6
CONTINUOUS
10
5.29174
20
-3.41051
11
5.29174
21
-3.41051
0
LINE
8
BLACK
6
CONTINUOUS
10
5.29174
20
-3.41051
11
5.29676
21
-3.41495
0
LINE
8
BLACK
6
CONTINUOUS
10
5.29676
20
-3.41495
11
5.30269
21
-3.41806
0
LINE
8
BLACK
6
CONTINUOUS
10
5.30269
20
-3.41806
11
5.30919
21
-3.41967
0
LINE
8
BLACK
6
CONTINUOUS
10
5.30919
20
-3.41967
11
5.30919
21
-3.41967
0
LINE
8
BLACK
6
CONTINUOUS
10
5.30919
20
-3.41967
11
5.31589
21
-3.41967
0
LINE
8
BLACK
6
CONTINUOUS
10
5.31589
20
-3.41967
11
5.31589
21
-3.41967
0
LINE
8
BLACK
6
CONTINUOUS
10
5.31589
20
-3.41967
11
5.32239
21
-3.41806
0
LINE
8
BLACK
6
CONTINUOUS
10
5.32239
20
-3.41806
11
5.32832
21
-3.41495
0
LINE
8
BLACK
6
CONTINUOUS
10
5.32832
20
-3.41495
11
5.33333
21
-3.41051
0
LINE
8
BLACK
6
CONTINUOUS
10
5.33333
20
-3.41051
11
5.33714
21
-3.405
0
LINE
8
BLACK
6
CONTINUOUS
10
5.33714
20
-3.405
11
5.33951
21
-3.39874
0
LINE
8
BLACK
6
CONTINUOUS
10
5.33951
20
-3.39874
11
5.34032
21
-3.39209
0
LINE
8
BLACK
6
CONTINUOUS
10
5.34032
20
-3.39209
11
5.34001
21
-3.38954
0
LINE
8
BLACK
6
CONTINUOUS
10
5.34001
20
-3.38954
11
5.34055
21
-3.3872
0
LINE
8
BLACK
6
CONTINUOUS
10
5.34055
20
-3.3872
11
5.34247
21
-3.38576
0
LINE
8
BLACK
6
CONTINUOUS
10
5.34247
20
-3.38576
11
5.34486
21
-3.38589
0
LINE
8
BLACK
6
CONTINUOUS
10
5.34486
20
-3.38589
11
5.34597
21
-3.38664
0
LINE
8
BLACK
6
CONTINUOUS
10
5.34597
20
-3.38664
11
5.3822
21
-3.42287
0
LINE
8
BLACK
6
CONTINUOUS
10
5.3822
20
-3.42287
11
5.38321
21
-3.42504
0
LINE
8
BLACK
6
CONTINUOUS
10
5.38321
20
-3.42504
11
5.38323
21
-3.42535
0
LINE
8
BLACK
6
CONTINUOUS
10
5.38323
20
-3.42535
11
5.38323
21
-3.57449
0
LINE
8
BLACK
6
CONTINUOUS
10
5.38323
20
-3.57449
11
5.38241
21
-3.57674
0
LINE
8
BLACK
6
CONTINUOUS
10
5.38241
20
-3.57674
11
5.3822
21
-3.57697
0
LINE
8
BLACK
6
CONTINUOUS
10
5.3822
20
-3.57697
11
5.26761
21
-3.69156
0
LINE
8
BLACK
6
CONTINUOUS
10
5.26761
20
-3.69156
11
5.26597
21
-3.69249
0
LINE
8
BLACK
6
CONTINUOUS
10
5.26597
20
-3.69249
11
5.26005
21
-3.69395
0
LINE
8
BLACK
6
CONTINUOUS
10
5.26005
20
-3.69395
11
5.25412
21
-3.69706
0
LINE
8
BLACK
6
CONTINUOUS
10
5.25412
20
-3.69706
11
5.25412
21
-3.69706
0
LINE
8
BLACK
6
CONTINUOUS
10
5.25412
20
-3.69706
11
5.25412
21
-3.69706
0
LINE
8
BLACK
6
CONTINUOUS
10
5.25412
20
-3.69706
11
5.25412
21
-3.69706
0
LINE
8
BLACK
6
CONTINUOUS
10
5.25412
20
-3.69706
11
5.25275
21
-3.69827
0
LINE
8
BLACK
6
CONTINUOUS
10
5.25275
20
-3.69827
11
5.24911
21
-3.7015
0
LINE
8
BLACK
6
CONTINUOUS
10
5.24911
20
-3.7015
11
5.24911
21
-3.7015
0
LINE
8
BLACK
6
CONTINUOUS
10
5.24911
20
-3.7015
11
5.2453
21
-3.70701
0
LINE
8
BLACK
6
CONTINUOUS
10
5.2453
20
-3.70701
11
5.2453
21
-3.70701
0
LINE
8
BLACK
6
CONTINUOUS
10
5.2453
20
-3.70701
11
5.2453
21
-3.70701
0
LINE
8
BLACK
6
CONTINUOUS
10
5.2453
20
-3.70701
11
5.24293
21
-3.71327
0
LINE
8
BLACK
6
CONTINUOUS
10
5.24293
20
-3.71327
11
5.24212
21
-3.71992
0
LINE
8
BLACK
6
CONTINUOUS
10
5.24212
20
-3.71992
11
5.24293
21
-3.72657
0
LINE
8
BLACK
6
CONTINUOUS
10
5.24293
20
-3.72657
11
5.24457
21
-3.7309
0
LINE
8
BLACK
6
CONTINUOUS
10
5.24457
20
-3.7309
11
5.2453
21
-3.73283
0
LINE
8
BLACK
6
CONTINUOUS
10
5.2453
20
-3.73283
11
5.24911
21
-3.73834
0
LINE
8
BLACK
6
CONTINUOUS
10
5.24911
20
-3.73834
11
5.24911
21
-3.73834
0
LINE
8
BLACK
6
CONTINUOUS
10
5.24911
20
-3.73834
11
5.24911
21
-3.73834
0
LINE
8
BLACK
6
CONTINUOUS
10
5.24911
20
-3.73834
11
5.24911
21
-3.73834
0
LINE
8
BLACK
6
CONTINUOUS
10
5.24911
20
-3.73834
11
5.25412
21
-3.74278
0
LINE
8
BLACK
6
CONTINUOUS
10
5.25412
20
-3.74278
11
5.26005
21
-3.7459
0
LINE
8
BLACK
6
CONTINUOUS
10
5.26005
20
-3.7459
11
5.26655
21
-3.7475
0
LINE
8
BLACK
6
CONTINUOUS
10
5.26655
20
-3.7475
11
5.26655
21
-3.7475
0
LINE
8
BLACK
6
CONTINUOUS
10
5.26655
20
-3.7475
11
5.27325
21
-3.7475
0
LINE
8
BLACK
6
CONTINUOUS
10
5.27325
20
-3.7475
11
5.27325
21
-3.7475
0
LINE
8
BLACK
6
CONTINUOUS
10
5.27325
20
-3.7475
11
5.27975
21
-3.7459
0
LINE
8
BLACK
6
CONTINUOUS
10
5.27975
20
-3.7459
11
5.28568
21
-3.74278
0
LINE
8
BLACK
6
CONTINUOUS
10
5.28568
20
-3.74278
11
5.2907
21
-3.73834
0
LINE
8
BLACK
6
CONTINUOUS
10
5.2907
20
-3.73834
11
5.2945
21
-3.73283
0
LINE
8
BLACK
6
CONTINUOUS
10
5.2945
20
-3.73283
11
5.29688
21
-3.72657
0
LINE
8
BLACK
6
CONTINUOUS
10
5.29688
20
-3.72657
11
5.29714
21
-3.72439
0
LINE
8
BLACK
6
CONTINUOUS
10
5.29714
20
-3.72439
11
5.29814
21
-3.72233
0
LINE
8
BLACK
6
CONTINUOUS
10
5.29814
20
-3.72233
11
5.41996
21
-3.60051
0
LINE
8
BLACK
6
CONTINUOUS
10
5.41996
20
-3.60051
11
5.42187
21
-3.59873
0
LINE
8
BLACK
6
CONTINUOUS
10
5.42187
20
-3.59873
11
5.4228
21
-3.59721
0
LINE
8
BLACK
6
CONTINUOUS
10
5.4228
20
-3.59721
11
5.4229
21
-3.59706
0
LINE
8
BLACK
6
CONTINUOUS
10
5.4229
20
-3.59706
11
5.42397
21
-3.59564
0
LINE
8
BLACK
6
CONTINUOUS
10
5.42397
20
-3.59564
11
5.42427
21
-3.59488
0
LINE
8
BLACK
6
CONTINUOUS
10
5.42427
20
-3.59488
11
5.42454
21
-3.59434
0
LINE
8
BLACK
6
CONTINUOUS
10
5.42454
20
-3.59434
11
5.42455
21
-3.59433
0
LINE
8
BLACK
6
CONTINUOUS
10
5.42455
20
-3.59433
11
5.42497
21
-3.59364
0
LINE
8
BLACK
6
CONTINUOUS
10
5.42497
20
-3.59364
11
5.42545
21
-3.59192
0
LINE
8
BLACK
6
CONTINUOUS
10
5.42545
20
-3.59192
11
5.4255
21
-3.59176
0
LINE
8
BLACK
6
CONTINUOUS
10
5.4255
20
-3.59176
11
5.42616
21
-3.5901
0
LINE
8
BLACK
6
CONTINUOUS
10
5.42616
20
-3.5901
11
5.42624
21
-3.58928
0
LINE
8
BLACK
6
CONTINUOUS
10
5.42624
20
-3.58928
11
5.42635
21
-3.58869
0
LINE
8
BLACK
6
CONTINUOUS
10
5.42635
20
-3.58869
11
5.42657
21
-3.5879
0
LINE
8
BLACK
6
CONTINUOUS
10
5.42657
20
-3.5879
11
5.42657
21
-3.58612
0
LINE
8
BLACK
6
CONTINUOUS
10
5.42657
20
-3.58612
11
5.42658
21
-3.58594
0
LINE
8
BLACK
6
CONTINUOUS
10
5.42658
20
-3.58594
11
5.42659
21
-3.5859
0
LINE
8
BLACK
6
CONTINUOUS
10
5.42659
20
-3.5859
11
5.42677
21
-3.58417
0
LINE
8
BLACK
6
CONTINUOUS
10
5.42677
20
-3.58417
11
5.42663
21
-3.58336
0
LINE
8
BLACK
6
CONTINUOUS
10
5.42663
20
-3.58336
11
5.42657
21
-3.58277
0
LINE
8
BLACK
6
CONTINUOUS
10
5.42657
20
-3.58277
11
5.42657
21
-3.4357
0
LINE
8
BLACK
6
CONTINUOUS
10
5.42657
20
-3.4357
11
5.42739
21
-3.43345
0
LINE
8
BLACK
6
CONTINUOUS
10
5.42739
20
-3.43345
11
5.42947
21
-3.43225
0
LINE
8
BLACK
6
CONTINUOUS
10
5.42947
20
-3.43225
11
5.43183
21
-3.43267
0
LINE
8
BLACK
6
CONTINUOUS
10
5.43183
20
-3.43267
11
5.43256
21
-3.43323
0
LINE
8
BLACK
6
CONTINUOUS
10
5.43256
20
-3.43323
11
5.4372
21
-3.43787
0
LINE
8
BLACK
6
CONTINUOUS
10
5.4372
20
-3.43787
11
5.43821
21
-3.44004
0
LINE
8
BLACK
6
CONTINUOUS
10
5.43821
20
-3.44004
11
5.43823
21
-3.44035
0
LINE
8
BLACK
6
CONTINUOUS
10
5.43823
20
-3.44035
11
5.43823
21
-3.70168
0
LINE
8
BLACK
6
CONTINUOUS
10
5.43823
20
-3.70168
11
5.43761
21
-3.70367
0
LINE
8
BLACK
6
CONTINUOUS
10
5.43761
20
-3.70367
11
5.4353
21
-3.70701
0
LINE
8
BLACK
6
CONTINUOUS
10
5.4353
20
-3.70701
11
5.43293
21
-3.71327
0
LINE
8
BLACK
6
CONTINUOUS
10
5.43293
20
-3.71327
11
5.43212
21
-3.71992
0
LINE
8
BLACK
6
CONTINUOUS
10
5.43212
20
-3.71992
11
5.43293
21
-3.72657
0
LINE
8
BLACK
6
CONTINUOUS
10
5.43293
20
-3.72657
11
5.43457
21
-3.7309
0
LINE
8
BLACK
6
CONTINUOUS
10
5.43457
20
-3.7309
11
5.4353
21
-3.73283
0
LINE
8
BLACK
6
CONTINUOUS
10
5.4353
20
-3.73283
11
5.43911
21
-3.73834
0
LINE
8
BLACK
6
CONTINUOUS
10
5.43911
20
-3.73834
11
5.43911
21
-3.73834
0
LINE
8
BLACK
6
CONTINUOUS
10
5.43911
20
-3.73834
11
5.43911
21
-3.73834
0
LINE
8
BLACK
6
CONTINUOUS
10
5.43911
20
-3.73834
11
5.43911
21
-3.73834
0
LINE
8
BLACK
6
CONTINUOUS
10
5.43911
20
-3.73834
11
5.44412
21
-3.74278
0
LINE
8
BLACK
6
CONTINUOUS
10
5.44412
20
-3.74278
11
5.45005
21
-3.7459
0
LINE
8
BLACK
6
CONTINUOUS
10
5.45005
20
-3.7459
11
5.45655
21
-3.7475
0
LINE
8
BLACK
6
CONTINUOUS
10
5.45655
20
-3.7475
11
5.45655
21
-3.7475
0
LINE
8
BLACK
6
CONTINUOUS
10
5.45655
20
-3.7475
11
5.46325
21
-3.7475
0
LINE
8
BLACK
6
CONTINUOUS
10
5.46325
20
-3.7475
11
5.46325
21
-3.7475
0
LINE
8
BLACK
6
CONTINUOUS
10
5.46325
20
-3.7475
11
5.46975
21
-3.7459
0
LINE
8
BLACK
6
CONTINUOUS
10
5.46975
20
-3.7459
11
5.47568
21
-3.74278
0
LINE
8
BLACK
6
CONTINUOUS
10
5.47568
20
-3.74278
11
5.4807
21
-3.73834
0
LINE
8
BLACK
6
CONTINUOUS
10
5.4807
20
-3.73834
11
5.4845
21
-3.73283
0
LINE
8
BLACK
6
CONTINUOUS
10
5.4845
20
-3.73283
11
5.48688
21
-3.72657
0
LINE
8
BLACK
6
CONTINUOUS
10
5.48688
20
-3.72657
11
5.48768
21
-3.71992
0
LINE
8
BLACK
6
CONTINUOUS
10
5.48768
20
-3.71992
11
5.48688
21
-3.71327
0
LINE
8
BLACK
6
CONTINUOUS
10
5.48688
20
-3.71327
11
5.4845
21
-3.70701
0
LINE
8
BLACK
6
CONTINUOUS
10
5.4845
20
-3.70701
11
5.4845
21
-3.70701
0
LINE
8
BLACK
6
CONTINUOUS
10
5.4845
20
-3.70701
11
5.4822
21
-3.70367
0
LINE
8
BLACK
6
CONTINUOUS
10
5.4822
20
-3.70367
11
5.48157
21
-3.70168
0
LINE
8
BLACK
6
CONTINUOUS
10
5.48157
20
-3.70168
11
5.48157
21
-3.58819
0
LINE
8
BLACK
6
CONTINUOUS
10
5.48157
20
-3.58819
11
5.48157
21
-3.44023
0
LINE
8
BLACK
6
CONTINUOUS
10
5.48157
20
-3.44023
11
5.48239
21
-3.43798
0
LINE
8
BLACK
6
CONTINUOUS
10
5.48239
20
-3.43798
11
5.48447
21
-3.43678
0
LINE
8
BLACK
6
CONTINUOUS
10
5.48447
20
-3.43678
11
5.48683
21
-3.4372
0
LINE
8
BLACK
6
CONTINUOUS
10
5.48683
20
-3.4372
11
5.48756
21
-3.43775
0
LINE
8
BLACK
6
CONTINUOUS
10
5.48756
20
-3.43775
11
5.52472
21
-3.47492
0
LINE
8
BLACK
6
CONTINUOUS
10
5.52472
20
-3.47492
11
5.56132
21
-3.51152
0
LINE
8
BLACK
6
CONTINUOUS
10
5.56132
20
-3.51152
11
5.5631
21
-3.51343
0
LINE
8
BLACK
6
CONTINUOUS
10
5.5631
20
-3.51343
11
5.5631
21
-3.51343
0
LINE
8
BLACK
6
CONTINUOUS
10
5.5631
20
-3.51343
11
5.5631
21
-3.51343
0
LINE
8
BLACK
6
CONTINUOUS
10
5.5631
20
-3.51343
11
5.56378
21
-3.51384
0
LINE
8
BLACK
6
CONTINUOUS
10
5.56378
20
-3.51384
11
5.56462
21
-3.51435
0
LINE
8
BLACK
6
CONTINUOUS
10
5.56462
20
-3.51435
11
5.56477
21
-3.51445
0
LINE
8
BLACK
6
CONTINUOUS
10
5.56477
20
-3.51445
11
5.56564
21
-3.51511
0
LINE
8
BLACK
6
CONTINUOUS
10
5.56564
20
-3.51511
11
5.56619
21
-3.51553
0
LINE
8
BLACK
6
CONTINUOUS
10
5.56619
20
-3.51553
11
5.56619
21
-3.51553
0
LINE
8
BLACK
6
CONTINUOUS
10
5.56619
20
-3.51553
11
5.56695
21
-3.51583
0
LINE
8
BLACK
6
CONTINUOUS
10
5.56695
20
-3.51583
11
5.56749
21
-3.51609
0
LINE
8
BLACK
6
CONTINUOUS
10
5.56749
20
-3.51609
11
5.56819
21
-3.51652
0
LINE
8
BLACK
6
CONTINUOUS
10
5.56819
20
-3.51652
11
5.56819
21
-3.51652
0
LINE
8
BLACK
6
CONTINUOUS
10
5.56819
20
-3.51652
11
5.56991
21
-3.517
0
LINE
8
BLACK
6
CONTINUOUS
10
5.56991
20
-3.517
11
5.57008
21
-3.51706
0
LINE
8
BLACK
6
CONTINUOUS
10
5.57008
20
-3.51706
11
5.57111
21
-3.51747
0
LINE
8
BLACK
6
CONTINUOUS
10
5.57111
20
-3.51747
11
5.57173
21
-3.51771
0
LINE
8
BLACK
6
CONTINUOUS
10
5.57173
20
-3.51771
11
5.57255
21
-3.5178
0
LINE
8
BLACK
6
CONTINUOUS
10
5.57255
20
-3.5178
11
5.57314
21
-3.51791
0
LINE
8
BLACK
6
CONTINUOUS
10
5.57314
20
-3.51791
11
5.57393
21
-3.51813
0
LINE
8
BLACK
6
CONTINUOUS
10
5.57393
20
-3.51813
11
5.57571
21
-3.51813
0
LINE
8
BLACK
6
CONTINUOUS
10
5.57571
20
-3.51813
11
5.57589
21
-3.51814
0
LINE
8
BLACK
6
CONTINUOUS
10
5.57589
20
-3.51814
11
5.57766
21
-3.51832
0
LINE
8
BLACK
6
CONTINUOUS
10
5.57766
20
-3.51832
11
5.57847
21
-3.51818
0
LINE
8
BLACK
6
CONTINUOUS
10
5.57847
20
-3.51818
11
5.57906
21
-3.51813
0
LINE
8
BLACK
6
CONTINUOUS
10
5.57906
20
-3.51813
11
5.62101
21
-3.51813
0
LINE
8
BLACK
6
CONTINUOUS
10
5.62101
20
-3.51813
11
5.62326
21
-3.51895
0
LINE
8
BLACK
6
CONTINUOUS
10
5.62326
20
-3.51895
11
5.62349
21
-3.51916
0
LINE
8
BLACK
6
CONTINUOUS
10
5.62349
20
-3.51916
11
5.72166
21
-3.61733
0
LINE
8
BLACK
6
CONTINUOUS
10
5.72166
20
-3.61733
11
5.72266
21
-3.61939
0
LINE
8
BLACK
6
CONTINUOUS
10
5.72266
20
-3.61939
11
5.72293
21
-3.62157
0
LINE
8
BLACK
6
CONTINUOUS
10
5.72293
20
-3.62157
11
5.7253
21
-3.62783
0
LINE
8
BLACK
6
CONTINUOUS
10
5.7253
20
-3.62783
11
5.72911
21
-3.63334
0
LINE
8
BLACK
6
CONTINUOUS
10
5.72911
20
-3.63334
11
5.72911
21
-3.63334
0
LINE
8
BLACK
6
CONTINUOUS
10
5.72911
20
-3.63334
11
5.72911
21
-3.63334
0
LINE
8
BLACK
6
CONTINUOUS
10
5.72911
20
-3.63334
11
5.72911
21
-3.63334
0
LINE
8
BLACK
6
CONTINUOUS
10
5.72911
20
-3.63334
11
5.73412
21
-3.63778
0
LINE
8
BLACK
6
CONTINUOUS
10
5.73412
20
-3.63778
11
5.74005
21
-3.6409
0
LINE
8
BLACK
6
CONTINUOUS
10
5.74005
20
-3.6409
11
5.74655
21
-3.6425
0
LINE
8
BLACK
6
CONTINUOUS
10
5.74655
20
-3.6425
11
5.74655
21
-3.6425
0
LINE
8
BLACK
6
CONTINUOUS
10
5.74655
20
-3.6425
11
5.75325
21
-3.6425
0
LINE
8
BLACK
6
CONTINUOUS
10
5.75325
20
-3.6425
11
5.75325
21
-3.6425
0
LINE
8
BLACK
6
CONTINUOUS
10
5.75325
20
-3.6425
11
5.75975
21
-3.6409
0
LINE
8
BLACK
6
CONTINUOUS
10
5.75975
20
-3.6409
11
5.76568
21
-3.63778
0
LINE
8
BLACK
6
CONTINUOUS
10
5.76568
20
-3.63778
11
5.7707
21
-3.63334
0
LINE
8
BLACK
6
CONTINUOUS
10
5.7707
20
-3.63334
11
5.7745
21
-3.62783
0
LINE
8
BLACK
6
CONTINUOUS
10
5.7745
20
-3.62783
11
5.77688
21
-3.62157
0
LINE
8
BLACK
6
CONTINUOUS
10
5.77688
20
-3.62157
11
5.77702
21
-3.62038
0
LINE
8
BLACK
6
CONTINUOUS
10
5.77702
20
-3.62038
11
5.77811
21
-3.61824
0
LINE
8
BLACK
6
CONTINUOUS
10
5.77811
20
-3.61824
11
5.78031
21
-3.6173
0
LINE
8
BLACK
6
CONTINUOUS
10
5.78031
20
-3.6173
11
5.7805
21
-3.6173
0
LINE
8
BLACK
6
CONTINUOUS
10
5.7805
20
-3.6173
11
5.7835
21
-3.6173
0
LINE
8
BLACK
6
CONTINUOUS
10
5.7835
20
-3.6173
11
5.7835
21
-3.6173
0
LINE
8
BLACK
6
CONTINUOUS
10
5.7835
20
-3.6173
11
5.79
21
-3.61569
0
LINE
8
BLACK
6
CONTINUOUS
10
5.79
20
-3.61569
11
5.79593
21
-3.61258
0
LINE
8
BLACK
6
CONTINUOUS
10
5.79593
20
-3.61258
11
5.80094
21
-3.60814
0
LINE
8
BLACK
6
CONTINUOUS
10
5.80094
20
-3.60814
11
5.80475
21
-3.60263
0
LINE
8
BLACK
6
CONTINUOUS
10
5.80475
20
-3.60263
11
5.80712
21
-3.59637
0
LINE
8
BLACK
6
CONTINUOUS
10
5.80712
20
-3.59637
11
5.80793
21
-3.58972
0
LINE
8
BLACK
6
CONTINUOUS
10
5.80793
20
-3.58972
11
5.80712
21
-3.58307
0
LINE
8
BLACK
6
CONTINUOUS
10
5.80712
20
-3.58307
11
5.80475
21
-3.57681
0
LINE
8
BLACK
6
CONTINUOUS
10
5.80475
20
-3.57681
11
5.80415
21
-3.57594
0
LINE
8
BLACK
6
CONTINUOUS
10
5.80415
20
-3.57594
11
5.80094
21
-3.57129
0
LINE
8
BLACK
6
CONTINUOUS
10
5.80094
20
-3.57129
11
5.80094
21
-3.57129
0
LINE
8
BLACK
6
CONTINUOUS
10
5.80094
20
-3.57129
11
5.80094
21
-3.57129
0
LINE
8
BLACK
6
CONTINUOUS
10
5.80094
20
-3.57129
11
5.79593
21
-3.56685
0
LINE
8
BLACK
6
CONTINUOUS
10
5.79593
20
-3.56685
11
5.79593
21
-3.56685
0
LINE
8
BLACK
6
CONTINUOUS
10
5.79593
20
-3.56685
11
5.79593
21
-3.56685
0
LINE
8
BLACK
6
CONTINUOUS
10
5.79593
20
-3.56685
11
5.79
21
-3.56374
0
LINE
8
BLACK
6
CONTINUOUS
10
5.79
20
-3.56374
11
5.78408
21
-3.56228
0
LINE
8
BLACK
6
CONTINUOUS
10
5.78408
20
-3.56228
11
5.78244
21
-3.56136
0
LINE
8
BLACK
6
CONTINUOUS
10
5.78244
20
-3.56136
11
5.696
21
-3.47492
0
LINE
8
BLACK
6
CONTINUOUS
10
5.696
20
-3.47492
11
5.67094
21
-3.44986
0
LINE
8
BLACK
6
CONTINUOUS
10
5.67094
20
-3.44986
11
5.66916
21
-3.44795
0
LINE
8
BLACK
6
CONTINUOUS
10
5.66916
20
-3.44795
11
5.66916
21
-3.44795
0
LINE
8
BLACK
6
CONTINUOUS
10
5.66916
20
-3.44795
11
5.66916
21
-3.44795
0
LINE
8
BLACK
6
CONTINUOUS
10
5.66916
20
-3.44795
11
5.66816
21
-3.44734
0
LINE
8
BLACK
6
CONTINUOUS
10
5.66816
20
-3.44734
11
5.66764
21
-3.44703
0
LINE
8
BLACK
6
CONTINUOUS
10
5.66764
20
-3.44703
11
5.66749
21
-3.44693
0
LINE
8
BLACK
6
CONTINUOUS
10
5.66749
20
-3.44693
11
5.66607
21
-3.44585
0
LINE
8
BLACK
6
CONTINUOUS
10
5.66607
20
-3.44585
11
5.66607
21
-3.44585
0
LINE
8
BLACK
6
CONTINUOUS
10
5.66607
20
-3.44585
11
5.66531
21
-3.44555
0
LINE
8
BLACK
6
CONTINUOUS
10
5.66531
20
-3.44555
11
5.66477
21
-3.44528
0
LINE
8
BLACK
6
CONTINUOUS
10
5.66477
20
-3.44528
11
5.66407
21
-3.44486
0
LINE
8
BLACK
6
CONTINUOUS
10
5.66407
20
-3.44486
11
5.66407
21
-3.44486
0
LINE
8
BLACK
6
CONTINUOUS
10
5.66407
20
-3.44486
11
5.66235
21
-3.44438
0
LINE
8
BLACK
6
CONTINUOUS
10
5.66235
20
-3.44438
11
5.66218
21
-3.44432
0
LINE
8
BLACK
6
CONTINUOUS
10
5.66218
20
-3.44432
11
5.66053
21
-3.44367
0
LINE
8
BLACK
6
CONTINUOUS
10
5.66053
20
-3.44367
11
5.66053
21
-3.44367
0
LINE
8
BLACK
6
CONTINUOUS
10
5.66053
20
-3.44367
11
5.66053
21
-3.44367
0
LINE
8
BLACK
6
CONTINUOUS
10
5.66053
20
-3.44367
11
5.66024
21
-3.44364
0
LINE
8
BLACK
6
CONTINUOUS
10
5.66024
20
-3.44364
11
5.65971
21
-3.44358
0
LINE
8
BLACK
6
CONTINUOUS
10
5.65971
20
-3.44358
11
5.65912
21
-3.44347
0
LINE
8
BLACK
6
CONTINUOUS
10
5.65912
20
-3.44347
11
5.65833
21
-3.44325
0
LINE
8
BLACK
6
CONTINUOUS
10
5.65833
20
-3.44325
11
5.65833
21
-3.44325
0
LINE
8
BLACK
6
CONTINUOUS
10
5.65833
20
-3.44325
11
5.65655
21
-3.44325
0
LINE
8
BLACK
6
CONTINUOUS
10
5.65655
20
-3.44325
11
5.65637
21
-3.44324
0
LINE
8
BLACK
6
CONTINUOUS
10
5.65637
20
-3.44324
11
5.65568
21
-3.44317
0
LINE
8
BLACK
6
CONTINUOUS
10
5.65568
20
-3.44317
11
5.6546
21
-3.44306
0
LINE
8
BLACK
6
CONTINUOUS
10
5.6546
20
-3.44306
11
5.6546
21
-3.44306
0
LINE
8
BLACK
6
CONTINUOUS
10
5.6546
20
-3.44306
11
5.65379
21
-3.4432
0
LINE
8
BLACK
6
CONTINUOUS
10
5.65379
20
-3.4432
11
5.6532
21
-3.44325
0
LINE
8
BLACK
6
CONTINUOUS
10
5.6532
20
-3.44325
11
5.59533
21
-3.44325
0
LINE
8
BLACK
6
CONTINUOUS
10
5.59533
20
-3.44325
11
5.59308
21
-3.44243
0
LINE
8
BLACK
6
CONTINUOUS
10
5.59308
20
-3.44243
11
5.59285
21
-3.44222
0
LINE
8
BLACK
6
CONTINUOUS
10
5.59285
20
-3.44222
11
5.44055
21
-3.28992
0
LINE
8
BLACK
6
CONTINUOUS
10
5.44055
20
-3.28992
11
5.4176
21
-3.26697
0
LINE
8
BLACK
6
CONTINUOUS
10
5.4176
20
-3.26697
11
5.41659
21
-3.2648
0
LINE
8
BLACK
6
CONTINUOUS
10
5.41659
20
-3.2648
11
5.41657
21
-3.26449
0
LINE
8
BLACK
6
CONTINUOUS
10
5.41657
20
-3.26449
11
5.41657
21
-3.25941
0
LINE
8
BLACK
6
CONTINUOUS
10
5.41657
20
-3.25941
11
5.41657
21
-3.18316
0
LINE
8
BLACK
6
CONTINUOUS
10
5.41657
20
-3.18316
11
5.4172
21
-3.18117
0
LINE
8
BLACK
6
CONTINUOUS
10
5.4172
20
-3.18117
11
5.4182
21
-3.17972
0
LINE
8
BLACK
6
CONTINUOUS
10
5.4182
20
-3.17972
11
5.4195
21
-3.17783
0
LINE
8
BLACK
6
CONTINUOUS
10
5.4195
20
-3.17783
11
5.42163
21
-3.17223
0
LINE
8
BLACK
6
CONTINUOUS
10
5.42163
20
-3.17223
11
5.42319
21
-3.17041
0
LINE
8
BLACK
6
CONTINUOUS
10
5.42319
20
-3.17041
11
5.42556
21
-3.17003
0
LINE
8
BLACK
6
CONTINUOUS
10
5.42556
20
-3.17003
11
5.42762
21
-3.17126
0
LINE
8
BLACK
6
CONTINUOUS
10
5.42762
20
-3.17126
11
5.42818
21
-3.17223
0
LINE
8
BLACK
6
CONTINUOUS
10
5.42818
20
-3.17223
11
5.4303
21
-3.17783
0
LINE
8
BLACK
6
CONTINUOUS
10
5.4303
20
-3.17783
11
5.43411
21
-3.18334
0
LINE
8
BLACK
6
CONTINUOUS
10
5.43411
20
-3.18334
11
5.43411
21
-3.18334
0
LINE
8
BLACK
6
CONTINUOUS
10
5.43411
20
-3.18334
11
5.43411
21
-3.18334
0
LINE
8
BLACK
6
CONTINUOUS
10
5.43411
20
-3.18334
11
5.43411
21
-3.18334
0
LINE
8
BLACK
6
CONTINUOUS
10
5.43411
20
-3.18334
11
5.43912
21
-3.18778
0
LINE
8
BLACK
6
CONTINUOUS
10
5.43912
20
-3.18778
11
5.44505
21
-3.1909
0
LINE
8
BLACK
6
CONTINUOUS
10
5.44505
20
-3.1909
11
5.45155
21
-3.1925
0
LINE
8
BLACK
6
CONTINUOUS
10
5.45155
20
-3.1925
11
5.45155
21
-3.1925
0
LINE
8
BLACK
6
CONTINUOUS
10
5.45155
20
-3.1925
11
5.45825
21
-3.1925
0
LINE
8
BLACK
6
CONTINUOUS
10
5.45825
20
-3.1925
11
5.45825
21
-3.1925
0
LINE
8
BLACK
6
CONTINUOUS
10
5.45825
20
-3.1925
11
5.46475
21
-3.1909
0
LINE
8
BLACK
6
CONTINUOUS
10
5.46475
20
-3.1909
11
5.47068
21
-3.18778
0
LINE
8
BLACK
6
CONTINUOUS
10
5.47068
20
-3.18778
11
5.4757
21
-3.18334
0
LINE
8
BLACK
6
CONTINUOUS
10
5.4757
20
-3.18334
11
5.4795
21
-3.17783
0
LINE
8
BLACK
6
CONTINUOUS
10
5.4795
20
-3.17783
11
5.48188
21
-3.17157
0
LINE
8
BLACK
6
CONTINUOUS
10
5.48188
20
-3.17157
11
5.48268
21
-3.16492
0
LINE
8
BLACK
6
CONTINUOUS
10
5.48268
20
-3.16492
11
5.48188
21
-3.15827
0
LINE
8
BLACK
6
CONTINUOUS
10
5.48188
20
-3.15827
11
5.48016
21
-3.15374
0
LINE
8
BLACK
6
CONTINUOUS
10
5.48016
20
-3.15374
11
5.4795
21
-3.15201
0
LINE
8
BLACK
6
CONTINUOUS
10
5.4795
20
-3.15201
11
5.4795
21
-3.15201
0
LINE
8
BLACK
6
CONTINUOUS
10
5.4795
20
-3.15201
11
5.4757
21
-3.1465
0
LINE
8
BLACK
6
CONTINUOUS
10
5.4757
20
-3.1465
11
5.4757
21
-3.1465
0
LINE
8
BLACK
6
CONTINUOUS
10
5.4757
20
-3.1465
11
5.47529
21
-3.14614
0
LINE
8
BLACK
6
CONTINUOUS
10
5.47529
20
-3.14614
11
5.47068
21
-3.14206
0
LINE
8
BLACK
6
CONTINUOUS
10
5.47068
20
-3.14206
11
5.47068
21
-3.14206
0
LINE
8
BLACK
6
CONTINUOUS
10
5.47068
20
-3.14206
11
5.47068
21
-3.14206
0
LINE
8
BLACK
6
CONTINUOUS
10
5.47068
20
-3.14206
11
5.46475
21
-3.13895
0
LINE
8
BLACK
6
CONTINUOUS
10
5.46475
20
-3.13895
11
5.45883
21
-3.13749
0
LINE
8
BLACK
6
CONTINUOUS
10
5.45883
20
-3.13749
11
5.45719
21
-3.13656
0
LINE
8
BLACK
6
CONTINUOUS
10
5.45719
20
-3.13656
11
5.43702
21
-3.11639
0
LINE
8
BLACK
6
CONTINUOUS
10
5.43702
20
-3.11639
11
5.43684
21
-3.1162
0
LINE
8
BLACK
6
CONTINUOUS
10
5.43684
20
-3.1162
11
5.43524
21
-3.11449
0
LINE
8
BLACK
6
CONTINUOUS
10
5.43524
20
-3.11449
11
5.43524
21
-3.11449
0
LINE
8
BLACK
6
CONTINUOUS
10
5.43524
20
-3.11449
11
5.43524
21
-3.11449
0
LINE
8
BLACK
6
CONTINUOUS
10
5.43524
20
-3.11449
11
5.43382
21
-3.11362
0
LINE
8
BLACK
6
CONTINUOUS
10
5.43382
20
-3.11362
11
5.43372
21
-3.11356
0
LINE
8
BLACK
6
CONTINUOUS
10
5.43372
20
-3.11356
11
5.43358
21
-3.11346
0
LINE
8
BLACK
6
CONTINUOUS
10
5.43358
20
-3.11346
11
5.43334
21
-3.11328
0
LINE
8
BLACK
6
CONTINUOUS
10
5.43334
20
-3.11328
11
5.43216
21
-3.11239
0
LINE
8
BLACK
6
CONTINUOUS
10
5.43216
20
-3.11239
11
5.43216
21
-3.11239
0
LINE
8
BLACK
6
CONTINUOUS
10
5.43216
20
-3.11239
11
5.43139
21
-3.11208
0
LINE
8
BLACK
6
CONTINUOUS
10
5.43139
20
-3.11208
11
5.43086
21
-3.11182
0
LINE
8
BLACK
6
CONTINUOUS
10
5.43086
20
-3.11182
11
5.43015
21
-3.11139
0
LINE
8
BLACK
6
CONTINUOUS
10
5.43015
20
-3.11139
11
5.43015
21
-3.11139
0
LINE
8
BLACK
6
CONTINUOUS
10
5.43015
20
-3.11139
11
5.42844
21
-3.11091
0
LINE
8
BLACK
6
CONTINUOUS
10
5.42844
20
-3.11091
11
5.42827
21
-3.11085
0
LINE
8
BLACK
6
CONTINUOUS
10
5.42827
20
-3.11085
11
5.42662
21
-3.1102
0
LINE
8
BLACK
6
CONTINUOUS
10
5.42662
20
-3.1102
11
5.42662
21
-3.1102
0
LINE
8
BLACK
6
CONTINUOUS
10
5.42662
20
-3.1102
11
5.42662
21
-3.1102
0
LINE
8
BLACK
6
CONTINUOUS
10
5.42662
20
-3.1102
11
5.42633
21
-3.11017
0
LINE
8
BLACK
6
CONTINUOUS
10
5.42633
20
-3.11017
11
5.4258
21
-3.11012
0
LINE
8
BLACK
6
CONTINUOUS
10
5.4258
20
-3.11012
11
5.42521
21
-3.11001
0
LINE
8
BLACK
6
CONTINUOUS
10
5.42521
20
-3.11001
11
5.42442
21
-3.10978
0
LINE
8
BLACK
6
CONTINUOUS
10
5.42442
20
-3.10978
11
5.42442
21
-3.10978
0
LINE
8
BLACK
6
CONTINUOUS
10
5.42442
20
-3.10978
11
5.42264
21
-3.10978
0
LINE
8
BLACK
6
CONTINUOUS
10
5.42264
20
-3.10978
11
5.42246
21
-3.10977
0
LINE
8
BLACK
6
CONTINUOUS
10
5.42246
20
-3.10977
11
5.42176
21
-3.1097
0
LINE
8
BLACK
6
CONTINUOUS
10
5.42176
20
-3.1097
11
5.42069
21
-3.10959
0
LINE
8
BLACK
6
CONTINUOUS
10
5.42069
20
-3.10959
11
5.42069
21
-3.10959
0
LINE
8
BLACK
6
CONTINUOUS
10
5.42069
20
-3.10959
11
5.41988
21
-3.10973
0
LINE
8
BLACK
6
CONTINUOUS
10
5.41988
20
-3.10973
11
5.41928
21
-3.10978
0
LINE
8
BLACK
6
CONTINUOUS
10
5.41928
20
-3.10978
11
5.32421
21
-3.10978
0
LINE
8
BLACK
6
CONTINUOUS
10
5.32421
20
-3.10978
11
5.3216
21
-3.10969
0
LINE
8
BLACK
6
CONTINUOUS
10
5.3216
20
-3.10969
11
5.31987
21
-3.11012
0
LINE
8
BLACK
6
CONTINUOUS
10
5.31987
20
-3.11012
11
5.3197
21
-3.11015
0
LINE
8
BLACK
6
CONTINUOUS
10
5.3197
20
-3.11015
11
5.31794
21
-3.11039
0
LINE
8
BLACK
6
CONTINUOUS
10
5.31794
20
-3.11039
11
5.31718
21
-3.11072
0
LINE
8
BLACK
6
CONTINUOUS
10
5.31718
20
-3.11072
11
5.31661
21
-3.11091
0
LINE
8
BLACK
6
CONTINUOUS
10
5.31661
20
-3.11091
11
5.31581
21
-3.1111
0
LINE
8
BLACK
6
CONTINUOUS
10
5.31581
20
-3.1111
11
5.31581
21
-3.1111
0
LINE
8
BLACK
6
CONTINUOUS
10
5.31581
20
-3.1111
11
5.31426
21
-3.11198
0
LINE
8
BLACK
6
CONTINUOUS
10
5.31426
20
-3.11198
11
5.3141
21
-3.11206
0
LINE
8
BLACK
6
CONTINUOUS
10
5.3141
20
-3.11206
11
5.31247
21
-3.11276
0
LINE
8
BLACK
6
CONTINUOUS
10
5.31247
20
-3.11276
11
5.31247
21
-3.11276
0
LINE
8
BLACK
6
CONTINUOUS
10
5.31247
20
-3.11276
11
5.31183
21
-3.11328
0
LINE
8
BLACK
6
CONTINUOUS
10
5.31183
20
-3.11328
11
5.31134
21
-3.11362
0
LINE
8
BLACK
6
CONTINUOUS
10
5.31134
20
-3.11362
11
5.31062
21
-3.11402
0
LINE
8
BLACK
6
CONTINUOUS
10
5.31062
20
-3.11402
11
5.31062
21
-3.11402
0
LINE
8
BLACK
6
CONTINUOUS
10
5.31062
20
-3.11402
11
5.30936
21
-3.11528
0
LINE
8
BLACK
6
CONTINUOUS
10
5.30936
20
-3.11528
11
5.30923
21
-3.1154
0
LINE
8
BLACK
6
CONTINUOUS
10
5.30923
20
-3.1154
11
5.30825
21
-3.1162
0
LINE
8
BLACK
6
CONTINUOUS
10
5.30825
20
-3.1162
11
5.30598
21
-3.11699
0
LINE
8
BLACK
6
CONTINUOUS
10
5.30598
20
-3.11699
11
5.30375
21
-3.11613
0
LINE
8
BLACK
6
CONTINUOUS
10
5.30375
20
-3.11613
11
5.30258
21
-3.11404
0
LINE
8
BLACK
6
CONTINUOUS
10
5.30258
20
-3.11404
11
5.30256
21
-3.1139
0
LINE
8
BLACK
6
CONTINUOUS
10
5.30256
20
-3.1139
11
5.30233
21
-3.11197
0
LINE
8
BLACK
6
CONTINUOUS
10
5.30233
20
-3.11197
11
5.30188
21
-3.10827
0
LINE
8
BLACK
6
CONTINUOUS
10
5.30188
20
-3.10827
11
5.30155
21
-3.10742
0
LINE
8
BLACK
6
CONTINUOUS
10
5.30155
20
-3.10742
11
5.2995
21
-3.10201
0
LINE
8
BLACK
6
CONTINUOUS
10
5.2995
20
-3.10201
11
5.29897
21
-3.10125
0
LINE
8
BLACK
6
CONTINUOUS
10
5.29897
20
-3.10125
11
5.2957
21
-3.0965
0
LINE
8
BLACK
6
CONTINUOUS
10
5.2957
20
-3.0965
11
5.2957
21
-3.0965
0
LINE
8
BLACK
6
CONTINUOUS
10
5.2957
20
-3.0965
11
5.29449
21
-3.09543
0
LINE
8
BLACK
6
CONTINUOUS
10
5.29449
20
-3.09543
11
5.29068
21
-3.09206
0
LINE
8
BLACK
6
CONTINUOUS
10
5.29068
20
-3.09206
11
5.29068
21
-3.09206
0
LINE
8
BLACK
6
CONTINUOUS
10
5.29068
20
-3.09206
11
5.29068
21
-3.09206
0
LINE
8
BLACK
6
CONTINUOUS
10
5.29068
20
-3.09206
11
5.28475
21
-3.08895
0
LINE
8
BLACK
6
CONTINUOUS
10
5.28475
20
-3.08895
11
5.27985
21
-3.08774
0
LINE
8
BLACK
6
CONTINUOUS
10
5.27985
20
-3.08774
11
5.27825
21
-3.08734
0
LINE
8
BLACK
6
CONTINUOUS
10
5.27825
20
-3.08734
11
5.27155
21
-3.08734
0
LINE
8
BLACK
6
CONTINUOUS
10
5.27155
20
-3.08734
11
5.26505
21
-3.08895
0
LINE
8
BLACK
6
CONTINUOUS
10
5.26505
20
-3.08895
11
5.25912
21
-3.09206
0
LINE
8
BLACK
6
CONTINUOUS
10
5.25912
20
-3.09206
11
5.25912
21
-3.09206
0
LINE
8
BLACK
6
CONTINUOUS
10
5.25912
20
-3.09206
11
5.25912
21
-3.09206
0
LINE
8
BLACK
6
CONTINUOUS
10
5.25912
20
-3.09206
11
5.25912
21
-3.09206
0
LINE
8
BLACK
6
CONTINUOUS
10
5.25912
20
-3.09206
11
5.25827
21
-3.09281
0
LINE
8
BLACK
6
CONTINUOUS
10
5.25827
20
-3.09281
11
5.25411
21
-3.0965
0
LINE
8
BLACK
6
CONTINUOUS
10
5.25411
20
-3.0965
11
5.25411
21
-3.0965
0
LINE
8
BLACK
6
CONTINUOUS
10
5.25411
20
-3.0965
11
5.2503
21
-3.10201
0
LINE
8
BLACK
6
CONTINUOUS
10
5.2503
20
-3.10201
11
5.24793
21
-3.10827
0
LINE
8
BLACK
6
CONTINUOUS
10
5.24793
20
-3.10827
11
5.24723
21
-3.11402
0
LINE
8
BLACK
6
CONTINUOUS
10
5.24723
20
-3.11402
11
5.24712
21
-3.11492
0
LINE
8
BLACK
6
CONTINUOUS
10
5.24712
20
-3.11492
11
5.24793
21
-3.12157
0
LINE
8
BLACK
6
CONTINUOUS
10
5.24793
20
-3.12157
11
5.25028
21
-3.12776
0
LINE
8
BLACK
6
CONTINUOUS
10
5.25028
20
-3.12776
11
5.2503
21
-3.12783
0
LINE
8
BLACK
6
CONTINUOUS
10
5.2503
20
-3.12783
11
5.25411
21
-3.13334
0
LINE
8
BLACK
6
CONTINUOUS
10
5.25411
20
-3.13334
11
5.25411
21
-3.13334
0
LINE
8
BLACK
6
CONTINUOUS
10
5.25411
20
-3.13334
11
5.25411
21
-3.13334
0
LINE
8
BLACK
6
CONTINUOUS
10
5.25411
20
-3.13334
11
5.25411
21
-3.13334
0
LINE
8
BLACK
6
CONTINUOUS
10
5.25411
20
-3.13334
11
5.25912
21
-3.13778
0
LINE
8
BLACK
6
CONTINUOUS
10
5.25912
20
-3.13778
11
5.26505
21
-3.1409
0
LINE
8
BLACK
6
CONTINUOUS
10
5.26505
20
-3.1409
11
5.27155
21
-3.1425
0
LINE
8
BLACK
6
CONTINUOUS
10
5.27155
20
-3.1425
11
5.27155
21
-3.1425
0
LINE
8
BLACK
6
CONTINUOUS
10
5.27155
20
-3.1425
11
5.27825
21
-3.1425
0
LINE
8
BLACK
6
CONTINUOUS
10
5.27825
20
-3.1425
11
5.27825
21
-3.1425
0
LINE
8
BLACK
6
CONTINUOUS
10
5.27825
20
-3.1425
11
5.27924
21
-3.14226
0
LINE
8
BLACK
6
CONTINUOUS
10
5.27924
20
-3.14226
11
5.28162
21
-3.14251
0
LINE
8
BLACK
6
CONTINUOUS
10
5.28162
20
-3.14251
11
5.28328
21
-3.14424
0
LINE
8
BLACK
6
CONTINUOUS
10
5.28328
20
-3.14424
11
5.28356
21
-3.14602
0
LINE
8
BLACK
6
CONTINUOUS
10
5.28356
20
-3.14602
11
5.28356
21
-3.14604
0
LINE
8
BLACK
6
CONTINUOUS
10
5.28356
20
-3.14604
11
5.28345
21
-3.14662
0
LINE
8
BLACK
6
CONTINUOUS
10
5.28345
20
-3.14662
11
5.28323
21
-3.14741
0
LINE
8
BLACK
6
CONTINUOUS
10
5.28323
20
-3.14741
11
5.28323
21
-3.14919
0
LINE
8
BLACK
6
CONTINUOUS
10
5.28323
20
-3.14919
11
5.28322
21
-3.14937
0
LINE
8
BLACK
6
CONTINUOUS
10
5.28322
20
-3.14937
11
5.28316
21
-3.14992
0
LINE
8
BLACK
6
CONTINUOUS
10
5.28316
20
-3.14992
11
5.28304
21
-3.15114
0
LINE
8
BLACK
6
CONTINUOUS
10
5.28304
20
-3.15114
11
5.28304
21
-3.15114
0
LINE
8
BLACK
6
CONTINUOUS
10
5.28304
20
-3.15114
11
5.28318
21
-3.15195
0
LINE
8
BLACK
6
CONTINUOUS
10
5.28318
20
-3.15195
11
5.28323
21
-3.15255
0
LINE
8
BLACK
6
CONTINUOUS
10
5.28323
20
-3.15255
11
5.28323
21
-3.23437
0
LINE
8
BLACK
6
CONTINUOUS
10
5.28323
20
-3.23437
11
5.28241
21
-3.23662
0
LINE
8
BLACK
6
CONTINUOUS
10
5.28241
20
-3.23662
11
5.28033
21
-3.23782
0
LINE
8
BLACK
6
CONTINUOUS
10
5.28033
20
-3.23782
11
5.27889
21
-3.23777
0
LINE
8
BLACK
6
CONTINUOUS
10
5.27889
20
-3.23777
11
5.27754
21
-3.23744
0
LINE
8
BLACK
6
CONTINUOUS
10
5.27754
20
-3.23744
11
5.27479
21
-3.23676
0
LINE
8
BLACK
6
CONTINUOUS
10
5.27479
20
-3.23676
11
5.26809
21
-3.23676
0
LINE
8
BLACK
6
CONTINUOUS
10
5.26809
20
-3.23676
11
5.26159
21
-3.23836
0
LINE
8
BLACK
6
CONTINUOUS
10
5.26159
20
-3.23836
11
5.25566
21
-3.24148
0
LINE
8
BLACK
6
CONTINUOUS
10
5.25566
20
-3.24148
11
5.25566
21
-3.24148
0
LINE
8
BLACK
6
CONTINUOUS
10
5.25566
20
-3.24148
11
5.25566
21
-3.24148
0
LINE
8
BLACK
6
CONTINUOUS
10
5.25566
20
-3.24148
11
5.25566
21
-3.24148
0
LINE
8
BLACK
6
CONTINUOUS
10
5.25566
20
-3.24148
11
5.25335
21
-3.24352
0
LINE
8
BLACK
6
CONTINUOUS
10
5.25335
20
-3.24352
11
5.25064
21
-3.24592
0
LINE
8
BLACK
6
CONTINUOUS
10
5.25064
20
-3.24592
11
5.25064
21
-3.24592
0
LINE
8
BLACK
6
CONTINUOUS
10
5.25064
20
-3.24592
11
5.24684
21
-3.25143
0
LINE
8
BLACK
6
CONTINUOUS
10
5.24684
20
-3.25143
11
5.24684
21
-3.25143
0
LINE
8
BLACK
6
CONTINUOUS
10
5.24684
20
-3.25143
11
5.24637
21
-3.25266
0
LINE
8
BLACK
6
CONTINUOUS
10
5.24637
20
-3.25266
11
5.24481
21
-3.25448
0
LINE
8
BLACK
6
CONTINUOUS
10
5.24481
20
-3.25448
11
5.24244
21
-3.25486
0
LINE
8
BLACK
6
CONTINUOUS
10
5.24244
20
-3.25486
11
5.24077
21
-3.25404
0
LINE
8
BLACK
6
CONTINUOUS
10
5.24077
20
-3.25404
11
5.24013
21
-3.25348
0
LINE
8
BLACK
6
CONTINUOUS
10
5.24013
20
-3.25348
11
5.24013
21
-3.25348
0
LINE
8
BLACK
6
CONTINUOUS
10
5.24013
20
-3.25348
11
5.24013
21
-3.25347
0
LINE
8
BLACK
6
CONTINUOUS
10
5.24013
20
-3.25347
11
5.24013
21
-3.25347
0
LINE
8
BLACK
6
CONTINUOUS
10
5.24013
20
-3.25347
11
5.2342
21
-3.25036
0
LINE
8
BLACK
6
CONTINUOUS
10
5.2342
20
-3.25036
11
5.22876
21
-3.24902
0
LINE
8
BLACK
6
CONTINUOUS
10
5.22876
20
-3.24902
11
5.2277
21
-3.24876
0
LINE
8
BLACK
6
CONTINUOUS
10
5.2277
20
-3.24876
11
5.221
21
-3.24876
0
LINE
8
BLACK
6
CONTINUOUS
10
5.221
20
-3.24876
11
5.2145
21
-3.25036
0
LINE
8
BLACK
6
CONTINUOUS
10
5.2145
20
-3.25036
11
5.20857
21
-3.25347
0
LINE
8
BLACK
6
CONTINUOUS
10
5.20857
20
-3.25347
11
5.20857
21
-3.25347
0
LINE
8
BLACK
6
CONTINUOUS
10
5.20857
20
-3.25347
11
5.20857
21
-3.25347
0
LINE
8
BLACK
6
CONTINUOUS
10
5.20857
20
-3.25347
11
5.20857
21
-3.25348
0
LINE
8
BLACK
6
CONTINUOUS
10
5.20857
20
-3.25348
11
5.20712
21
-3.25476
0
LINE
8
BLACK
6
CONTINUOUS
10
5.20712
20
-3.25476
11
5.20356
21
-3.25792
0
LINE
8
BLACK
6
CONTINUOUS
10
5.20356
20
-3.25792
11
5.20356
21
-3.25792
0
LINE
8
BLACK
6
CONTINUOUS
10
5.20356
20
-3.25792
11
5.19975
21
-3.26343
0
LINE
8
BLACK
6
CONTINUOUS
10
5.19975
20
-3.26343
11
5.19837
21
-3.26706
0
LINE
8
BLACK
6
CONTINUOUS
10
5.19837
20
-3.26706
11
5.19738
21
-3.26969
0
LINE
8
BLACK
6
CONTINUOUS
10
5.19738
20
-3.26969
11
5.19657
21
-3.27634
0
LINE
8
BLACK
6
CONTINUOUS
10
5.19657
20
-3.27634
11
5.19738
21
-3.28299
0
LINE
8
BLACK
6
CONTINUOUS
10
5.01933
20
-3.645
11
5.02104
21
-3.65064
0
LINE
8
BLACK
6
CONTINUOUS
10
5.02104
20
-3.65064
11
5.02482
21
-3.6577
0
LINE
8
BLACK
6
CONTINUOUS
10
5.02482
20
-3.6577
11
5.0299
21
-3.6639
0
LINE
8
BLACK
6
CONTINUOUS
10
5.0299
20
-3.6639
11
5.0299
21
-3.6639
0
LINE
8
BLACK
6
CONTINUOUS
10
5.0299
20
-3.6639
11
5.0361
21
-3.66898
0
LINE
8
BLACK
6
CONTINUOUS
10
5.0361
20
-3.66898
11
5.04316
21
-3.67276
0
LINE
8
BLACK
6
CONTINUOUS
10
5.04316
20
-3.67276
11
5.05083
21
-3.67508
0
LINE
8
BLACK
6
CONTINUOUS
10
5.05083
20
-3.67508
11
5.05083
21
-3.67508
0
LINE
8
BLACK
6
CONTINUOUS
10
5.05083
20
-3.67508
11
5.0568
21
-3.67567
0
LINE
8
BLACK
6
CONTINUOUS
10
5.0568
20
-3.67567
11
5.06947
21
-3.67567
0
LINE
8
BLACK
6
CONTINUOUS
10
5.06947
20
-3.67567
11
5.06947
21
-3.67567
0
LINE
8
BLACK
6
CONTINUOUS
10
5.06947
20
-3.67567
11
5.06947
21
-3.65567
0
LINE
8
BLACK
6
CONTINUOUS
10
5.06947
20
-3.65567
11
5.0588
21
-3.65567
0
LINE
8
BLACK
6
CONTINUOUS
10
5.0588
20
-3.65567
11
5.05598
21
-3.65548
0
LINE
8
BLACK
6
CONTINUOUS
10
5.05598
20
-3.65548
11
5.05056
21
-3.65396
0
LINE
8
BLACK
6
CONTINUOUS
10
5.05056
20
-3.65396
11
5.04576
21
-3.65103
0
LINE
8
BLACK
6
CONTINUOUS
10
5.04576
20
-3.65103
11
5.04191
21
-3.64692
0
LINE
8
BLACK
6
CONTINUOUS
10
5.04191
20
-3.64692
11
5.04092
21
-3.645
0
LINE
8
BLACK
6
CONTINUOUS
10
5.04092
20
-3.645
11
5.01933
21
-3.645
0
LINE
8
BLACK
6
CONTINUOUS
10
5.11524
20
-3.64911
11
5.11088
21
-3.65266
0
LINE
8
BLACK
6
CONTINUOUS
10
5.11088
20
-3.65266
11
5.10571
21
-3.6549
0
LINE
8
BLACK
6
CONTINUOUS
10
5.10571
20
-3.6549
11
5.10014
21
-3.65567
0
LINE
8
BLACK
6
CONTINUOUS
10
5.10014
20
-3.65567
11
5.08947
21
-3.65567
0
LINE
8
BLACK
6
CONTINUOUS
10
5.08947
20
-3.65567
11
5.08947
21
-3.67567
0
LINE
8
BLACK
6
CONTINUOUS
10
5.08947
20
-3.67567
11
5.08947
21
-3.67567
0
LINE
8
BLACK
6
CONTINUOUS
10
5.08947
20
-3.67567
11
5.10214
21
-3.67567
0
LINE
8
BLACK
6
CONTINUOUS
10
5.10214
20
-3.67567
11
5.10811
21
-3.67508
0
LINE
8
BLACK
6
CONTINUOUS
10
5.10811
20
-3.67508
11
5.10811
21
-3.67508
0
LINE
8
BLACK
6
CONTINUOUS
10
5.10811
20
-3.67508
11
5.11578
21
-3.67276
0
LINE
8
BLACK
6
CONTINUOUS
10
5.11578
20
-3.67276
11
5.12284
21
-3.66898
0
LINE
8
BLACK
6
CONTINUOUS
10
5.12284
20
-3.66898
11
5.12903
21
-3.6639
0
LINE
8
BLACK
6
CONTINUOUS
10
5.12903
20
-3.6639
11
5.12903
21
-3.6639
0
LINE
8
BLACK
6
CONTINUOUS
10
5.12903
20
-3.6639
11
5.13412
21
-3.6577
0
LINE
8
BLACK
6
CONTINUOUS
10
5.13412
20
-3.6577
11
5.13789
21
-3.65064
0
LINE
8
BLACK
6
CONTINUOUS
10
5.13789
20
-3.65064
11
5.1396
21
-3.645
0
LINE
8
BLACK
6
CONTINUOUS
10
5.1396
20
-3.645
11
5.11814
21
-3.645
0
LINE
8
BLACK
6
CONTINUOUS
10
5.11814
20
-3.645
11
5.11524
21
-3.64911
0
LINE
8
BLACK
6
CONTINUOUS
10
4.85678
20
-3.645
11
4.85837
21
-3.65026
0
LINE
8
BLACK
6
CONTINUOUS
10
4.85837
20
-3.65026
11
4.86206
21
-3.65715
0
LINE
8
BLACK
6
CONTINUOUS
10
4.86206
20
-3.65715
11
4.86702
21
-3.6632
0
LINE
8
BLACK
6
CONTINUOUS
10
4.86702
20
-3.6632
11
4.86702
21
-3.6632
0
LINE
8
BLACK
6
CONTINUOUS
10
4.86702
20
-3.6632
11
4.87306
21
-3.66816
0
LINE
8
BLACK
6
CONTINUOUS
10
4.87306
20
-3.66816
11
4.87996
21
-3.67184
0
LINE
8
BLACK
6
CONTINUOUS
10
4.87996
20
-3.67184
11
4.88744
21
-3.67411
0
LINE
8
BLACK
6
CONTINUOUS
10
4.88744
20
-3.67411
11
4.89327
21
-3.67469
0
LINE
8
BLACK
6
CONTINUOUS
10
4.89327
20
-3.67469
11
4.9049
21
-3.67469
0
LINE
8
BLACK
6
CONTINUOUS
10
4.9049
20
-3.67469
11
4.9049
21
-3.67468
0
LINE
8
BLACK
6
CONTINUOUS
10
4.9049
20
-3.67468
11
4.9049
21
-3.65469
0
LINE
8
BLACK
6
CONTINUOUS
10
4.9049
20
-3.65469
11
4.89522
21
-3.65469
0
LINE
8
BLACK
6
CONTINUOUS
10
4.89522
20
-3.65469
11
4.88967
21
-3.65389
0
LINE
8
BLACK
6
CONTINUOUS
10
4.88967
20
-3.65389
11
4.88457
21
-3.65156
0
LINE
8
BLACK
6
CONTINUOUS
10
4.88457
20
-3.65156
11
4.88034
21
-3.64789
0
LINE
8
BLACK
6
CONTINUOUS
10
4.88034
20
-3.64789
11
4.87848
21
-3.645
0
LINE
8
BLACK
6
CONTINUOUS
10
4.87848
20
-3.645
11
4.85678
21
-3.645
0
LINE
8
BLACK
6
CONTINUOUS
10
4.94946
20
-3.64789
11
4.94523
21
-3.65156
0
LINE
8
BLACK
6
CONTINUOUS
10
4.94523
20
-3.65156
11
4.94013
21
-3.65389
0
LINE
8
BLACK
6
CONTINUOUS
10
4.94013
20
-3.65389
11
4.93459
21
-3.65469
0
LINE
8
BLACK
6
CONTINUOUS
10
4.93459
20
-3.65469
11
4.9249
21
-3.65469
0
LINE
8
BLACK
6
CONTINUOUS
10
4.9249
20
-3.65469
11
4.9249
21
-3.67468
0
LINE
8
BLACK
6
CONTINUOUS
10
4.9249
20
-3.67468
11
4.9249
21
-3.67469
0
LINE
8
BLACK
6
CONTINUOUS
10
4.9249
20
-3.67469
11
4.93654
21
-3.67469
0
LINE
8
BLACK
6
CONTINUOUS
10
4.93654
20
-3.67469
11
4.94237
21
-3.67411
0
LINE
8
BLACK
6
CONTINUOUS
10
4.94237
20
-3.67411
11
4.94985
21
-3.67184
0
LINE
8
BLACK
6
CONTINUOUS
10
4.94985
20
-3.67184
11
4.95674
21
-3.66816
0
LINE
8
BLACK
6
CONTINUOUS
10
4.95674
20
-3.66816
11
4.96278
21
-3.6632
0
LINE
8
BLACK
6
CONTINUOUS
10
4.96278
20
-3.6632
11
4.96278
21
-3.6632
0
LINE
8
BLACK
6
CONTINUOUS
10
4.96278
20
-3.6632
11
4.96774
21
-3.65715
0
LINE
8
BLACK
6
CONTINUOUS
10
4.96774
20
-3.65715
11
4.97143
21
-3.65026
0
LINE
8
BLACK
6
CONTINUOUS
10
4.97143
20
-3.65026
11
4.97302
21
-3.645
0
LINE
8
BLACK
6
CONTINUOUS
10
4.97302
20
-3.645
11
4.95132
21
-3.645
0
LINE
8
BLACK
6
CONTINUOUS
10
4.95132
20
-3.645
11
4.94946
21
-3.64789
0
LINE
8
BLACK
6
CONTINUOUS
10
5.08947
20
-3.59433
11
5.08947
21
-3.61433
0
LINE
8
BLACK
6
CONTINUOUS
10
5.08947
20
-3.61433
11
5.10014
21
-3.61433
0
LINE
8
BLACK
6
CONTINUOUS
10
5.10014
20
-3.61433
11
5.10295
21
-3.61452
0
LINE
8
BLACK
6
CONTINUOUS
10
5.10295
20
-3.61452
11
5.10837
21
-3.61604
0
LINE
8
BLACK
6
CONTINUOUS
10
5.10837
20
-3.61604
11
5.11318
21
-3.61897
0
LINE
8
BLACK
6
CONTINUOUS
10
5.11318
20
-3.61897
11
5.11702
21
-3.62308
0
LINE
8
BLACK
6
CONTINUOUS
10
5.11702
20
-3.62308
11
5.11802
21
-3.625
0
LINE
8
BLACK
6
CONTINUOUS
10
5.11802
20
-3.625
11
5.1396
21
-3.625
0
LINE
8
BLACK
6
CONTINUOUS
10
5.1396
20
-3.625
11
5.13789
21
-3.61936
0
LINE
8
BLACK
6
CONTINUOUS
10
5.13789
20
-3.61936
11
5.13412
21
-3.6123
0
LINE
8
BLACK
6
CONTINUOUS
10
5.13412
20
-3.6123
11
5.12903
21
-3.6061
0
LINE
8
BLACK
6
CONTINUOUS
10
5.12903
20
-3.6061
11
5.12903
21
-3.6061
0
LINE
8
BLACK
6
CONTINUOUS
10
5.12903
20
-3.6061
11
5.12284
21
-3.60102
0
LINE
8
BLACK
6
CONTINUOUS
10
5.12284
20
-3.60102
11
5.11578
21
-3.59724
0
LINE
8
BLACK
6
CONTINUOUS
10
5.11578
20
-3.59724
11
5.10811
21
-3.59492
0
LINE
8
BLACK
6
CONTINUOUS
10
5.10811
20
-3.59492
11
5.10811
21
-3.59492
0
LINE
8
BLACK
6
CONTINUOUS
10
5.10811
20
-3.59492
11
5.10214
21
-3.59433
0
LINE
8
BLACK
6
CONTINUOUS
10
5.10214
20
-3.59433
11
5.08947
21
-3.59433
0
LINE
8
BLACK
6
CONTINUOUS
10
5.08947
20
-3.59433
11
5.08947
21
-3.59433
0
LINE
8
BLACK
6
CONTINUOUS
10
4.97143
20
-3.61974
11
4.96774
21
-3.61285
0
LINE
8
BLACK
6
CONTINUOUS
10
4.96774
20
-3.61285
11
4.96278
21
-3.6068
0
LINE
8
BLACK
6
CONTINUOUS
10
4.96278
20
-3.6068
11
4.96278
21
-3.6068
0
LINE
8
BLACK
6
CONTINUOUS
10
4.96278
20
-3.6068
11
4.95674
21
-3.60184
0
LINE
8
BLACK
6
CONTINUOUS
10
4.95674
20
-3.60184
11
4.94985
21
-3.59816
0
LINE
8
BLACK
6
CONTINUOUS
10
4.94985
20
-3.59816
11
4.94237
21
-3.59589
0
LINE
8
BLACK
6
CONTINUOUS
10
4.94237
20
-3.59589
11
4.93654
21
-3.59531
0
LINE
8
BLACK
6
CONTINUOUS
10
4.93654
20
-3.59531
11
4.9249
21
-3.59531
0
LINE
8
BLACK
6
CONTINUOUS
10
4.9249
20
-3.59531
11
4.9249
21
-3.59531
0
LINE
8
BLACK
6
CONTINUOUS
10
4.9249
20
-3.59531
11
4.9249
21
-3.61531
0
LINE
8
BLACK
6
CONTINUOUS
10
4.9249
20
-3.61531
11
4.93459
21
-3.61531
0
LINE
8
BLACK
6
CONTINUOUS
10
4.93459
20
-3.61531
11
4.94013
21
-3.61611
0
LINE
8
BLACK
6
CONTINUOUS
10
4.94013
20
-3.61611
11
4.94523
21
-3.61844
0
LINE
8
BLACK
6
CONTINUOUS
10
4.94523
20
-3.61844
11
4.94946
21
-3.62211
0
LINE
8
BLACK
6
CONTINUOUS
10
4.94946
20
-3.62211
11
4.95132
21
-3.625
0
LINE
8
BLACK
6
CONTINUOUS
10
4.95132
20
-3.625
11
4.97302
21
-3.625
0
LINE
8
BLACK
6
CONTINUOUS
10
4.97302
20
-3.625
11
4.97143
21
-3.61974
0
LINE
8
BLACK
6
CONTINUOUS
10
5.51076
20
-3.59484
11
5.51314
21
-3.6011
0
LINE
8
BLACK
6
CONTINUOUS
10
5.51314
20
-3.6011
11
5.51314
21
-3.6011
0
LINE
8
BLACK
6
CONTINUOUS
10
5.51314
20
-3.6011
11
5.51694
21
-3.60661
0
LINE
8
BLACK
6
CONTINUOUS
10
5.51694
20
-3.60661
11
5.51694
21
-3.60661
0
LINE
8
BLACK
6
CONTINUOUS
10
5.51694
20
-3.60661
11
5.51694
21
-3.60661
0
LINE
8
BLACK
6
CONTINUOUS
10
5.51694
20
-3.60661
11
5.51694
21
-3.60661
0
LINE
8
BLACK
6
CONTINUOUS
10
5.51694
20
-3.60661
11
5.52195
21
-3.61105
0
LINE
8
BLACK
6
CONTINUOUS
10
5.52195
20
-3.61105
11
5.52788
21
-3.61416
0
LINE
8
BLACK
6
CONTINUOUS
10
5.52788
20
-3.61416
11
5.53439
21
-3.61577
0
LINE
8
BLACK
6
CONTINUOUS
10
5.53439
20
-3.61577
11
5.53439
21
-3.61577
0
LINE
8
BLACK
6
CONTINUOUS
10
5.53439
20
-3.61577
11
5.54108
21
-3.61577
0
LINE
8
BLACK
6
CONTINUOUS
10
5.54108
20
-3.61577
11
5.54108
21
-3.61577
0
LINE
8
BLACK
6
CONTINUOUS
10
5.54108
20
-3.61577
11
5.54759
21
-3.61416
0
LINE
8
BLACK
6
CONTINUOUS
10
5.54759
20
-3.61416
11
5.55352
21
-3.61105
0
LINE
8
BLACK
6
CONTINUOUS
10
5.55352
20
-3.61105
11
5.55853
21
-3.60661
0
LINE
8
BLACK
6
CONTINUOUS
10
5.55853
20
-3.60661
11
5.56233
21
-3.6011
0
LINE
8
BLACK
6
CONTINUOUS
10
5.56233
20
-3.6011
11
5.56471
21
-3.59484
0
LINE
8
BLACK
6
CONTINUOUS
10
5.56471
20
-3.59484
11
5.56552
21
-3.58819
0
LINE
8
BLACK
6
CONTINUOUS
10
5.56552
20
-3.58819
11
5.56471
21
-3.58154
0
LINE
8
BLACK
6
CONTINUOUS
10
5.56471
20
-3.58154
11
5.56233
21
-3.57528
0
LINE
8
BLACK
6
CONTINUOUS
10
5.56233
20
-3.57528
11
5.56029
21
-3.57232
0
LINE
8
BLACK
6
CONTINUOUS
10
5.56029
20
-3.57232
11
5.55841
21
-3.56959
0
LINE
8
BLACK
6
CONTINUOUS
10
5.55841
20
-3.56959
11
5.55848
21
-3.56954
0
LINE
8
BLACK
6
CONTINUOUS
10
5.55848
20
-3.56954
11
5.55772
21
-3.56761
0
LINE
8
BLACK
6
CONTINUOUS
10
5.55772
20
-3.56761
11
5.55844
21
-3.56546
0
LINE
8
BLACK
6
CONTINUOUS
10
5.55844
20
-3.56546
11
5.55841
21
-3.56545
0
LINE
8
BLACK
6
CONTINUOUS
10
5.55841
20
-3.56545
11
5.55847
21
-3.56536
0
LINE
8
BLACK
6
CONTINUOUS
10
5.55847
20
-3.56536
11
5.55848
21
-3.56534
0
LINE
8
BLACK
6
CONTINUOUS
10
5.55848
20
-3.56534
11
5.55851
21
-3.5653
0
LINE
8
BLACK
6
CONTINUOUS
10
5.55851
20
-3.5653
11
5.55853
21
-3.56527
0
LINE
8
BLACK
6
CONTINUOUS
10
5.55853
20
-3.56527
11
5.55853
21
-3.56527
0
LINE
8
BLACK
6
CONTINUOUS
10
5.55853
20
-3.56527
11
5.56233
21
-3.55976
0
LINE
8
BLACK
6
CONTINUOUS
10
5.56233
20
-3.55976
11
5.56471
21
-3.5535
0
LINE
8
BLACK
6
CONTINUOUS
10
5.56471
20
-3.5535
11
5.56552
21
-3.54685
0
LINE
8
BLACK
6
CONTINUOUS
10
5.56552
20
-3.54685
11
5.56471
21
-3.5402
0
LINE
8
BLACK
6
CONTINUOUS
10
5.56471
20
-3.5402
11
5.56233
21
-3.53394
0
LINE
8
BLACK
6
CONTINUOUS
10
5.56233
20
-3.53394
11
5.55853
21
-3.52843
0
LINE
8
BLACK
6
CONTINUOUS
10
5.55853
20
-3.52843
11
5.55352
21
-3.52399
0
LINE
8
BLACK
6
CONTINUOUS
10
5.55352
20
-3.52399
11
5.55352
21
-3.52399
0
LINE
8
BLACK
6
CONTINUOUS
10
5.55352
20
-3.52399
11
5.55352
21
-3.52399
0
LINE
8
BLACK
6
CONTINUOUS
10
5.55352
20
-3.52399
11
5.54759
21
-3.52087
0
LINE
8
BLACK
6
CONTINUOUS
10
5.54759
20
-3.52087
11
5.54269
21
-3.51967
0
LINE
8
BLACK
6
CONTINUOUS
10
5.54269
20
-3.51967
11
5.54108
21
-3.51927
0
LINE
8
BLACK
6
CONTINUOUS
10
5.54108
20
-3.51927
11
5.53439
21
-3.51927
0
LINE
8
BLACK
6
CONTINUOUS
10
5.53439
20
-3.51927
11
5.52788
21
-3.52087
0
LINE
8
BLACK
6
CONTINUOUS
10
5.52788
20
-3.52087
11
5.52195
21
-3.52399
0
LINE
8
BLACK
6
CONTINUOUS
10
5.52195
20
-3.52399
11
5.52195
21
-3.52399
0
LINE
8
BLACK
6
CONTINUOUS
10
5.52195
20
-3.52399
11
5.52195
21
-3.52399
0
LINE
8
BLACK
6
CONTINUOUS
10
5.52195
20
-3.52399
11
5.52195
21
-3.52399
0
LINE
8
BLACK
6
CONTINUOUS
10
5.52195
20
-3.52399
11
5.51965
21
-3.52603
0
LINE
8
BLACK
6
CONTINUOUS
10
5.51965
20
-3.52603
11
5.51694
21
-3.52843
0
LINE
8
BLACK
6
CONTINUOUS
10
5.51694
20
-3.52843
11
5.51694
21
-3.52843
0
LINE
8
BLACK
6
CONTINUOUS
10
5.51694
20
-3.52843
11
5.51314
21
-3.53394
0
LINE
8
BLACK
6
CONTINUOUS
10
5.51314
20
-3.53394
11
5.51076
21
-3.5402
0
LINE
8
BLACK
6
CONTINUOUS
10
5.51076
20
-3.5402
11
5.51026
21
-3.54435
0
LINE
8
BLACK
6
CONTINUOUS
10
5.51026
20
-3.54435
11
5.50995
21
-3.54685
0
LINE
8
BLACK
6
CONTINUOUS
10
5.50995
20
-3.54685
11
5.51076
21
-3.5535
0
LINE
8
BLACK
6
CONTINUOUS
10
5.51076
20
-3.5535
11
5.51314
21
-3.55976
0
LINE
8
BLACK
6
CONTINUOUS
10
5.51314
20
-3.55976
11
5.51314
21
-3.55976
0
LINE
8
BLACK
6
CONTINUOUS
10
5.51314
20
-3.55976
11
5.51706
21
-3.56545
0
LINE
8
BLACK
6
CONTINUOUS
10
5.51706
20
-3.56545
11
5.51699
21
-3.5655
0
LINE
8
BLACK
6
CONTINUOUS
10
5.51699
20
-3.5655
11
5.51775
21
-3.56743
0
LINE
8
BLACK
6
CONTINUOUS
10
5.51775
20
-3.56743
11
5.51704
21
-3.56957
0
LINE
8
BLACK
6
CONTINUOUS
10
5.51704
20
-3.56957
11
5.51706
21
-3.56959
0
LINE
8
BLACK
6
CONTINUOUS
10
5.51706
20
-3.56959
11
5.517
21
-3.56968
0
LINE
8
BLACK
6
CONTINUOUS
10
5.517
20
-3.56968
11
5.51699
21
-3.5697
0
LINE
8
BLACK
6
CONTINUOUS
10
5.51699
20
-3.5697
11
5.51696
21
-3.56974
0
LINE
8
BLACK
6
CONTINUOUS
10
5.51696
20
-3.56974
11
5.51314
21
-3.57528
0
LINE
8
BLACK
6
CONTINUOUS
10
5.51314
20
-3.57528
11
5.51076
21
-3.58154
0
LINE
8
BLACK
6
CONTINUOUS
10
5.51076
20
-3.58154
11
5.5101
21
-3.58699
0
LINE
8
BLACK
6
CONTINUOUS
10
5.5101
20
-3.58699
11
5.50995
21
-3.58819
0
LINE
8
BLACK
6
CONTINUOUS
10
5.50995
20
-3.58819
11
5.51076
21
-3.59484
0
LINE
8
BLACK
6
CONTINUOUS
10
5.15454
20
-3.53343
11
5.14861
21
-3.53655
0
LINE
8
BLACK
6
CONTINUOUS
10
5.14861
20
-3.53655
11
5.14861
21
-3.53655
0
LINE
8
BLACK
6
CONTINUOUS
10
5.14861
20
-3.53655
11
5.14861
21
-3.53655
0
LINE
8
BLACK
6
CONTINUOUS
10
5.14861
20
-3.53655
11
5.14861
21
-3.53655
0
LINE
8
BLACK
6
CONTINUOUS
10
5.14861
20
-3.53655
11
5.1474
21
-3.53762
0
LINE
8
BLACK
6
CONTINUOUS
10
5.1474
20
-3.53762
11
5.1436
21
-3.54099
0
LINE
8
BLACK
6
CONTINUOUS
10
5.1436
20
-3.54099
11
5.14359
21
-3.54099
0
LINE
8
BLACK
6
CONTINUOUS
10
5.14359
20
-3.54099
11
5.13979
21
-3.5465
0
LINE
8
BLACK
6
CONTINUOUS
10
5.13979
20
-3.5465
11
5.13979
21
-3.5465
0
LINE
8
BLACK
6
CONTINUOUS
10
5.13979
20
-3.5465
11
5.13742
21
-3.55276
0
LINE
8
BLACK
6
CONTINUOUS
10
5.13742
20
-3.55276
11
5.13661
21
-3.55941
0
LINE
8
BLACK
6
CONTINUOUS
10
5.13661
20
-3.55941
11
5.13742
21
-3.56606
0
LINE
8
BLACK
6
CONTINUOUS
10
5.13742
20
-3.56606
11
5.13964
21
-3.57193
0
LINE
8
BLACK
6
CONTINUOUS
10
5.13964
20
-3.57193
11
5.13979
21
-3.57232
0
LINE
8
BLACK
6
CONTINUOUS
10
5.13979
20
-3.57232
11
5.14359
21
-3.57783
0
LINE
8
BLACK
6
CONTINUOUS
10
5.14359
20
-3.57783
11
5.1436
21
-3.57783
0
LINE
8
BLACK
6
CONTINUOUS
10
5.1436
20
-3.57783
11
5.1436
21
-3.57783
0
LINE
8
BLACK
6
CONTINUOUS
10
5.1436
20
-3.57783
11
5.1436
21
-3.57783
0
LINE
8
BLACK
6
CONTINUOUS
10
5.1436
20
-3.57783
11
5.14861
21
-3.58227
0
LINE
8
BLACK
6
CONTINUOUS
10
5.14861
20
-3.58227
11
5.15454
21
-3.58539
0
LINE
8
BLACK
6
CONTINUOUS
10
5.15454
20
-3.58539
11
5.16104
21
-3.58699
0
LINE
8
BLACK
6
CONTINUOUS
10
5.16104
20
-3.58699
11
5.16104
21
-3.58699
0
LINE
8
BLACK
6
CONTINUOUS
10
5.16104
20
-3.58699
11
5.16774
21
-3.58699
0
LINE
8
BLACK
6
CONTINUOUS
10
5.16774
20
-3.58699
11
5.16774
21
-3.58699
0
LINE
8
BLACK
6
CONTINUOUS
10
5.16774
20
-3.58699
11
5.17424
21
-3.58539
0
LINE
8
BLACK
6
CONTINUOUS
10
5.17424
20
-3.58539
11
5.18017
21
-3.58227
0
LINE
8
BLACK
6
CONTINUOUS
10
5.18017
20
-3.58227
11
5.18518
21
-3.57783
0
LINE
8
BLACK
6
CONTINUOUS
10
5.18518
20
-3.57783
11
5.18899
21
-3.57232
0
LINE
8
BLACK
6
CONTINUOUS
10
5.18899
20
-3.57232
11
5.19136
21
-3.56606
0
LINE
8
BLACK
6
CONTINUOUS
10
5.19136
20
-3.56606
11
5.19211
21
-3.55992
0
LINE
8
BLACK
6
CONTINUOUS
10
5.19211
20
-3.55992
11
5.19217
21
-3.55941
0
LINE
8
BLACK
6
CONTINUOUS
10
5.19217
20
-3.55941
11
5.19136
21
-3.55276
0
LINE
8
BLACK
6
CONTINUOUS
10
5.19136
20
-3.55276
11
5.18899
21
-3.5465
0
LINE
8
BLACK
6
CONTINUOUS
10
5.18899
20
-3.5465
11
5.18611
21
-3.54233
0
LINE
8
BLACK
6
CONTINUOUS
10
5.18611
20
-3.54233
11
5.18518
21
-3.54099
0
LINE
8
BLACK
6
CONTINUOUS
10
5.18518
20
-3.54099
11
5.18518
21
-3.54099
0
LINE
8
BLACK
6
CONTINUOUS
10
5.18518
20
-3.54099
11
5.1843
21
-3.5402
0
LINE
8
BLACK
6
CONTINUOUS
10
5.1843
20
-3.5402
11
5.18017
21
-3.53655
0
LINE
8
BLACK
6
CONTINUOUS
10
5.18017
20
-3.53655
11
5.18017
21
-3.53655
0
LINE
8
BLACK
6
CONTINUOUS
10
5.18017
20
-3.53655
11
5.18017
21
-3.53655
0
LINE
8
BLACK
6
CONTINUOUS
10
5.18017
20
-3.53655
11
5.17424
21
-3.53343
0
LINE
8
BLACK
6
CONTINUOUS
10
5.17424
20
-3.53343
11
5.16934
21
-3.53223
0
LINE
8
BLACK
6
CONTINUOUS
10
5.16934
20
-3.53223
11
5.16774
21
-3.53183
0
LINE
8
BLACK
6
CONTINUOUS
10
5.16774
20
-3.53183
11
5.16104
21
-3.53183
0
LINE
8
BLACK
6
CONTINUOUS
10
5.16104
20
-3.53183
11
5.15454
21
-3.53343
0
LINE
8
BLACK
6
CONTINUOUS
10
5.30049
20
-3.56657
11
5.30228
21
-3.57129
0
LINE
8
BLACK
6
CONTINUOUS
10
5.30228
20
-3.57129
11
5.30286
21
-3.57283
0
LINE
8
BLACK
6
CONTINUOUS
10
5.30286
20
-3.57283
11
5.30667
21
-3.57834
0
LINE
8
BLACK
6
CONTINUOUS
10
5.30667
20
-3.57834
11
5.30667
21
-3.57834
0
LINE
8
BLACK
6
CONTINUOUS
10
5.30667
20
-3.57834
11
5.30667
21
-3.57834
0
LINE
8
BLACK
6
CONTINUOUS
10
5.30667
20
-3.57834
11
5.30667
21
-3.57834
0
LINE
8
BLACK
6
CONTINUOUS
10
5.30667
20
-3.57834
11
5.31168
21
-3.58278
0
LINE
8
BLACK
6
CONTINUOUS
10
5.31168
20
-3.58278
11
5.31761
21
-3.5859
0
LINE
8
BLACK
6
CONTINUOUS
10
5.31761
20
-3.5859
11
5.32411
21
-3.5875
0
LINE
8
BLACK
6
CONTINUOUS
10
5.32411
20
-3.5875
11
5.32411
21
-3.5875
0
LINE
8
BLACK
6
CONTINUOUS
10
5.32411
20
-3.5875
11
5.33081
21
-3.5875
0
LINE
8
BLACK
6
CONTINUOUS
10
5.33081
20
-3.5875
11
5.33081
21
-3.5875
0
LINE
8
BLACK
6
CONTINUOUS
10
5.33081
20
-3.5875
11
5.33731
21
-3.5859
0
LINE
8
BLACK
6
CONTINUOUS
10
5.33731
20
-3.5859
11
5.34324
21
-3.58278
0
LINE
8
BLACK
6
CONTINUOUS
10
5.34324
20
-3.58278
11
5.34826
21
-3.57834
0
LINE
8
BLACK
6
CONTINUOUS
10
5.34826
20
-3.57834
11
5.35206
21
-3.57283
0
LINE
8
BLACK
6
CONTINUOUS
10
5.35206
20
-3.57283
11
5.35443
21
-3.56657
0
LINE
8
BLACK
6
CONTINUOUS
10
5.35443
20
-3.56657
11
5.35524
21
-3.55992
0
LINE
8
BLACK
6
CONTINUOUS
10
5.35524
20
-3.55992
11
5.35518
21
-3.55941
0
LINE
8
BLACK
6
CONTINUOUS
10
5.35518
20
-3.55941
11
5.35508
21
-3.55855
0
LINE
8
BLACK
6
CONTINUOUS
10
5.35508
20
-3.55855
11
5.35443
21
-3.55327
0
LINE
8
BLACK
6
CONTINUOUS
10
5.35443
20
-3.55327
11
5.35206
21
-3.54701
0
LINE
8
BLACK
6
CONTINUOUS
10
5.35206
20
-3.54701
11
5.35195
21
-3.54685
0
LINE
8
BLACK
6
CONTINUOUS
10
5.35195
20
-3.54685
11
5.34826
21
-3.5415
0
LINE
8
BLACK
6
CONTINUOUS
10
5.34826
20
-3.5415
11
5.34826
21
-3.5415
0
LINE
8
BLACK
6
CONTINUOUS
10
5.34826
20
-3.5415
11
5.34768
21
-3.54099
0
LINE
8
BLACK
6
CONTINUOUS
10
5.34768
20
-3.54099
11
5.34324
21
-3.53706
0
LINE
8
BLACK
6
CONTINUOUS
10
5.34324
20
-3.53706
11
5.34324
21
-3.53706
0
LINE
8
BLACK
6
CONTINUOUS
10
5.34324
20
-3.53706
11
5.34324
21
-3.53706
0
LINE
8
BLACK
6
CONTINUOUS
10
5.34324
20
-3.53706
11
5.33731
21
-3.53395
0
LINE
8
BLACK
6
CONTINUOUS
10
5.33731
20
-3.53395
11
5.33241
21
-3.53274
0
LINE
8
BLACK
6
CONTINUOUS
10
5.33241
20
-3.53274
11
5.33081
21
-3.53234
0
LINE
8
BLACK
6
CONTINUOUS
10
5.33081
20
-3.53234
11
5.32411
21
-3.53234
0
LINE
8
BLACK
6
CONTINUOUS
10
5.32411
20
-3.53234
11
5.31761
21
-3.53395
0
LINE
8
BLACK
6
CONTINUOUS
10
5.31761
20
-3.53395
11
5.31168
21
-3.53706
0
LINE
8
BLACK
6
CONTINUOUS
10
5.31168
20
-3.53706
11
5.31168
21
-3.53706
0
LINE
8
BLACK
6
CONTINUOUS
10
5.31168
20
-3.53706
11
5.31168
21
-3.53706
0
LINE
8
BLACK
6
CONTINUOUS
10
5.31168
20
-3.53706
11
5.31168
21
-3.53706
0
LINE
8
BLACK
6
CONTINUOUS
10
5.31168
20
-3.53706
11
5.31105
21
-3.53762
0
LINE
8
BLACK
6
CONTINUOUS
10
5.31105
20
-3.53762
11
5.30667
21
-3.5415
0
LINE
8
BLACK
6
CONTINUOUS
10
5.30667
20
-3.5415
11
5.30667
21
-3.5415
0
LINE
8
BLACK
6
CONTINUOUS
10
5.30667
20
-3.5415
11
5.30286
21
-3.54701
0
LINE
8
BLACK
6
CONTINUOUS
10
5.30286
20
-3.54701
11
5.30049
21
-3.55327
0
LINE
8
BLACK
6
CONTINUOUS
10
5.30049
20
-3.55327
11
5.29974
21
-3.55941
0
LINE
8
BLACK
6
CONTINUOUS
10
5.29974
20
-3.55941
11
5.29968
21
-3.55992
0
LINE
8
BLACK
6
CONTINUOUS
10
5.29968
20
-3.55992
11
5.30049
21
-3.56657
0
LINE
8
BLACK
6
CONTINUOUS
10
5.75791
20
-3.48146
11
5.75793
21
-3.48157
0
LINE
8
BLACK
6
CONTINUOUS
10
5.75793
20
-3.48157
11
5.7603
21
-3.48783
0
LINE
8
BLACK
6
CONTINUOUS
10
5.7603
20
-3.48783
11
5.76411
21
-3.49334
0
LINE
8
BLACK
6
CONTINUOUS
10
5.76411
20
-3.49334
11
5.76411
21
-3.49334
0
LINE
8
BLACK
6
CONTINUOUS
10
5.76411
20
-3.49334
11
5.76411
21
-3.49334
0
LINE
8
BLACK
6
CONTINUOUS
10
5.76411
20
-3.49334
11
5.76411
21
-3.49334
0
LINE
8
BLACK
6
CONTINUOUS
10
5.76411
20
-3.49334
11
5.76912
21
-3.49778
0
LINE
8
BLACK
6
CONTINUOUS
10
5.76912
20
-3.49778
11
5.77505
21
-3.5009
0
LINE
8
BLACK
6
CONTINUOUS
10
5.77505
20
-3.5009
11
5.78155
21
-3.5025
0
LINE
8
BLACK
6
CONTINUOUS
10
5.78155
20
-3.5025
11
5.78155
21
-3.5025
0
LINE
8
BLACK
6
CONTINUOUS
10
5.78155
20
-3.5025
11
5.78825
21
-3.5025
0
LINE
8
BLACK
6
CONTINUOUS
10
5.78825
20
-3.5025
11
5.78825
21
-3.5025
0
LINE
8
BLACK
6
CONTINUOUS
10
5.78825
20
-3.5025
11
5.79475
21
-3.5009
0
LINE
8
BLACK
6
CONTINUOUS
10
5.79475
20
-3.5009
11
5.80068
21
-3.49778
0
LINE
8
BLACK
6
CONTINUOUS
10
5.80068
20
-3.49778
11
5.8057
21
-3.49334
0
LINE
8
BLACK
6
CONTINUOUS
10
5.8057
20
-3.49334
11
5.8095
21
-3.48783
0
LINE
8
BLACK
6
CONTINUOUS
10
5.8095
20
-3.48783
11
5.81188
21
-3.48157
0
LINE
8
BLACK
6
CONTINUOUS
10
5.81188
20
-3.48157
11
5.81268
21
-3.47492
0
LINE
8
BLACK
6
CONTINUOUS
10
5.81268
20
-3.47492
11
5.81188
21
-3.46827
0
LINE
8
BLACK
6
CONTINUOUS
10
5.81188
20
-3.46827
11
5.8095
21
-3.46201
0
LINE
8
BLACK
6
CONTINUOUS
10
5.8095
20
-3.46201
11
5.8057
21
-3.4565
0
LINE
8
BLACK
6
CONTINUOUS
10
5.8057
20
-3.4565
11
5.80068
21
-3.45206
0
LINE
8
BLACK
6
CONTINUOUS
10
5.80068
20
-3.45206
11
5.80068
21
-3.45206
0
LINE
8
BLACK
6
CONTINUOUS
10
5.80068
20
-3.45206
11
5.80068
21
-3.45206
0
LINE
8
BLACK
6
CONTINUOUS
10
5.80068
20
-3.45206
11
5.79475
21
-3.44895
0
LINE
8
BLACK
6
CONTINUOUS
10
5.79475
20
-3.44895
11
5.78985
21
-3.44774
0
LINE
8
BLACK
6
CONTINUOUS
10
5.78985
20
-3.44774
11
5.78825
21
-3.44734
0
LINE
8
BLACK
6
CONTINUOUS
10
5.78825
20
-3.44734
11
5.78155
21
-3.44734
0
LINE
8
BLACK
6
CONTINUOUS
10
5.78155
20
-3.44734
11
5.77505
21
-3.44895
0
LINE
8
BLACK
6
CONTINUOUS
10
5.77505
20
-3.44895
11
5.76912
21
-3.45206
0
LINE
8
BLACK
6
CONTINUOUS
10
5.76912
20
-3.45206
11
5.76912
21
-3.45206
0
LINE
8
BLACK
6
CONTINUOUS
10
5.76912
20
-3.45206
11
5.76912
21
-3.45206
0
LINE
8
BLACK
6
CONTINUOUS
10
5.76912
20
-3.45206
11
5.76912
21
-3.45206
0
LINE
8
BLACK
6
CONTINUOUS
10
5.76912
20
-3.45206
11
5.76681
21
-3.4541
0
LINE
8
BLACK
6
CONTINUOUS
10
5.76681
20
-3.4541
11
5.76411
21
-3.4565
0
LINE
8
BLACK
6
CONTINUOUS
10
5.76411
20
-3.4565
11
5.76411
21
-3.4565
0
LINE
8
BLACK
6
CONTINUOUS
10
5.76411
20
-3.4565
11
5.7603
21
-3.46201
0
LINE
8
BLACK
6
CONTINUOUS
10
5.7603
20
-3.46201
11
5.7603
21
-3.46201
0
LINE
8
BLACK
6
CONTINUOUS
10
5.7603
20
-3.46201
11
5.75793
21
-3.46827
0
LINE
8
BLACK
6
CONTINUOUS
10
5.75793
20
-3.46827
11
5.75712
21
-3.47492
0
LINE
8
BLACK
6
CONTINUOUS
10
5.75712
20
-3.47492
11
5.75791
21
-3.48146
0
LINE
8
BLACK
6
CONTINUOUS
10
5.17505
20
-3.33895
11
5.16912
21
-3.34206
0
LINE
8
BLACK
6
CONTINUOUS
10
5.16912
20
-3.34206
11
5.16912
21
-3.34206
0
LINE
8
BLACK
6
CONTINUOUS
10
5.16912
20
-3.34206
11
5.16912
21
-3.34206
0
LINE
8
BLACK
6
CONTINUOUS
10
5.16912
20
-3.34206
11
5.16912
21
-3.34206
0
LINE
8
BLACK
6
CONTINUOUS
10
5.16912
20
-3.34206
11
5.16681
21
-3.3441
0
LINE
8
BLACK
6
CONTINUOUS
10
5.16681
20
-3.3441
11
5.16411
21
-3.3465
0
LINE
8
BLACK
6
CONTINUOUS
10
5.16411
20
-3.3465
11
5.16411
21
-3.3465
0
LINE
8
BLACK
6
CONTINUOUS
10
5.16411
20
-3.3465
11
5.1603
21
-3.35201
0
LINE
8
BLACK
6
CONTINUOUS
10
5.1603
20
-3.35201
11
5.15793
21
-3.35827
0
LINE
8
BLACK
6
CONTINUOUS
10
5.15793
20
-3.35827
11
5.15763
21
-3.3607
0
LINE
8
BLACK
6
CONTINUOUS
10
5.15763
20
-3.3607
11
5.15712
21
-3.36492
0
LINE
8
BLACK
6
CONTINUOUS
10
5.15712
20
-3.36492
11
5.15793
21
-3.37157
0
LINE
8
BLACK
6
CONTINUOUS
10
5.15793
20
-3.37157
11
5.1603
21
-3.37783
0
LINE
8
BLACK
6
CONTINUOUS
10
5.1603
20
-3.37783
11
5.1603
21
-3.37783
0
LINE
8
BLACK
6
CONTINUOUS
10
5.1603
20
-3.37783
11
5.16411
21
-3.38334
0
LINE
8
BLACK
6
CONTINUOUS
10
5.16411
20
-3.38334
11
5.16411
21
-3.38334
0
LINE
8
BLACK
6
CONTINUOUS
10
5.16411
20
-3.38334
11
5.16411
21
-3.38334
0
LINE
8
BLACK
6
CONTINUOUS
10
5.16411
20
-3.38334
11
5.16411
21
-3.38334
0
LINE
8
BLACK
6
CONTINUOUS
10
5.16411
20
-3.38334
11
5.16912
21
-3.38778
0
LINE
8
BLACK
6
CONTINUOUS
10
5.16912
20
-3.38778
11
5.17505
21
-3.3909
0
LINE
8
BLACK
6
CONTINUOUS
10
5.17505
20
-3.3909
11
5.18155
21
-3.3925
0
LINE
8
BLACK
6
CONTINUOUS
10
5.18155
20
-3.3925
11
5.18155
21
-3.3925
0
LINE
8
BLACK
6
CONTINUOUS
10
5.18155
20
-3.3925
11
5.18825
21
-3.3925
0
LINE
8
BLACK
6
CONTINUOUS
10
5.18825
20
-3.3925
11
5.18825
21
-3.3925
0
LINE
8
BLACK
6
CONTINUOUS
10
5.18825
20
-3.3925
11
5.19475
21
-3.3909
0
LINE
8
BLACK
6
CONTINUOUS
10
5.19475
20
-3.3909
11
5.20068
21
-3.38778
0
LINE
8
BLACK
6
CONTINUOUS
10
5.20068
20
-3.38778
11
5.2057
21
-3.38334
0
LINE
8
BLACK
6
CONTINUOUS
10
5.2057
20
-3.38334
11
5.2095
21
-3.37783
0
LINE
8
BLACK
6
CONTINUOUS
10
5.2095
20
-3.37783
11
5.21188
21
-3.37157
0
LINE
8
BLACK
6
CONTINUOUS
10
5.21188
20
-3.37157
11
5.21268
21
-3.36492
0
LINE
8
BLACK
6
CONTINUOUS
10
5.21268
20
-3.36492
11
5.21188
21
-3.35827
0
LINE
8
BLACK
6
CONTINUOUS
10
5.21188
20
-3.35827
11
5.2095
21
-3.35201
0
LINE
8
BLACK
6
CONTINUOUS
10
5.2095
20
-3.35201
11
5.2057
21
-3.3465
0
LINE
8
BLACK
6
CONTINUOUS
10
5.2057
20
-3.3465
11
5.20068
21
-3.34206
0
LINE
8
BLACK
6
CONTINUOUS
10
5.20068
20
-3.34206
11
5.20068
21
-3.34206
0
LINE
8
BLACK
6
CONTINUOUS
10
5.20068
20
-3.34206
11
5.20068
21
-3.34206
0
LINE
8
BLACK
6
CONTINUOUS
10
5.20068
20
-3.34206
11
5.19475
21
-3.33895
0
LINE
8
BLACK
6
CONTINUOUS
10
5.19475
20
-3.33895
11
5.18985
21
-3.33774
0
LINE
8
BLACK
6
CONTINUOUS
10
5.18985
20
-3.33774
11
5.18825
21
-3.33734
0
LINE
8
BLACK
6
CONTINUOUS
10
5.18825
20
-3.33734
11
5.18155
21
-3.33734
0
LINE
8
BLACK
6
CONTINUOUS
10
5.18155
20
-3.33734
11
5.17505
21
-3.33895
0
LINE
8
BLACK
6
CONTINUOUS
10
5.01933
20
-3.30484
11
5.02104
21
-3.31048
0
LINE
8
BLACK
6
CONTINUOUS
10
5.02104
20
-3.31048
11
5.02482
21
-3.31755
0
LINE
8
BLACK
6
CONTINUOUS
10
5.02482
20
-3.31755
11
5.0299
21
-3.32374
0
LINE
8
BLACK
6
CONTINUOUS
10
5.0299
20
-3.32374
11
5.0299
21
-3.32374
0
LINE
8
BLACK
6
CONTINUOUS
10
5.0299
20
-3.32374
11
5.0361
21
-3.32882
0
LINE
8
BLACK
6
CONTINUOUS
10
5.0361
20
-3.32882
11
5.04316
21
-3.3326
0
LINE
8
BLACK
6
CONTINUOUS
10
5.04316
20
-3.3326
11
5.05083
21
-3.33492
0
LINE
8
BLACK
6
CONTINUOUS
10
5.05083
20
-3.33492
11
5.05083
21
-3.33492
0
LINE
8
BLACK
6
CONTINUOUS
10
5.05083
20
-3.33492
11
5.0568
21
-3.33551
0
LINE
8
BLACK
6
CONTINUOUS
10
5.0568
20
-3.33551
11
5.06947
21
-3.33551
0
LINE
8
BLACK
6
CONTINUOUS
10
5.06947
20
-3.33551
11
5.06947
21
-3.33551
0
LINE
8
BLACK
6
CONTINUOUS
10
5.06947
20
-3.33551
11
5.06947
21
-3.31551
0
LINE
8
BLACK
6
CONTINUOUS
10
5.06947
20
-3.31551
11
5.0588
21
-3.31551
0
LINE
8
BLACK
6
CONTINUOUS
10
5.0588
20
-3.31551
11
5.05598
21
-3.31532
0
LINE
8
BLACK
6
CONTINUOUS
10
5.05598
20
-3.31532
11
5.05056
21
-3.3138
0
LINE
8
BLACK
6
CONTINUOUS
10
5.05056
20
-3.3138
11
5.04576
21
-3.31088
0
LINE
8
BLACK
6
CONTINUOUS
10
5.04576
20
-3.31088
11
5.04191
21
-3.30676
0
LINE
8
BLACK
6
CONTINUOUS
10
5.04191
20
-3.30676
11
5.04092
21
-3.30484
0
LINE
8
BLACK
6
CONTINUOUS
10
5.04092
20
-3.30484
11
5.01933
21
-3.30484
0
LINE
8
BLACK
6
CONTINUOUS
10
5.11524
20
-3.30895
11
5.11088
21
-3.3125
0
LINE
8
BLACK
6
CONTINUOUS
10
5.11088
20
-3.3125
11
5.10571
21
-3.31475
0
LINE
8
BLACK
6
CONTINUOUS
10
5.10571
20
-3.31475
11
5.10014
21
-3.31551
0
LINE
8
BLACK
6
CONTINUOUS
10
5.10014
20
-3.31551
11
5.08947
21
-3.31551
0
LINE
8
BLACK
6
CONTINUOUS
10
5.08947
20
-3.31551
11
5.08947
21
-3.33551
0
LINE
8
BLACK
6
CONTINUOUS
10
5.08947
20
-3.33551
11
5.08947
21
-3.33551
0
LINE
8
BLACK
6
CONTINUOUS
10
5.08947
20
-3.33551
11
5.10214
21
-3.33551
0
LINE
8
BLACK
6
CONTINUOUS
10
5.10214
20
-3.33551
11
5.10811
21
-3.33492
0
LINE
8
BLACK
6
CONTINUOUS
10
5.10811
20
-3.33492
11
5.10811
21
-3.33492
0
LINE
8
BLACK
6
CONTINUOUS
10
5.10811
20
-3.33492
11
5.11578
21
-3.3326
0
LINE
8
BLACK
6
CONTINUOUS
10
5.11578
20
-3.3326
11
5.12284
21
-3.32882
0
LINE
8
BLACK
6
CONTINUOUS
10
5.12284
20
-3.32882
11
5.12903
21
-3.32374
0
LINE
8
BLACK
6
CONTINUOUS
10
5.12903
20
-3.32374
11
5.12903
21
-3.32374
0
LINE
8
BLACK
6
CONTINUOUS
10
5.12903
20
-3.32374
11
5.13412
21
-3.31755
0
LINE
8
BLACK
6
CONTINUOUS
10
5.13412
20
-3.31755
11
5.13789
21
-3.31048
0
LINE
8
BLACK
6
CONTINUOUS
10
5.13789
20
-3.31048
11
5.1396
21
-3.30484
0
LINE
8
BLACK
6
CONTINUOUS
10
5.1396
20
-3.30484
11
5.11814
21
-3.30484
0
LINE
8
BLACK
6
CONTINUOUS
10
5.11814
20
-3.30484
11
5.11524
21
-3.30895
0
LINE
8
BLACK
6
CONTINUOUS
10
4.85678
20
-3.30484
11
4.85837
21
-3.3101
0
LINE
8
BLACK
6
CONTINUOUS
10
4.85837
20
-3.3101
11
4.86206
21
-3.317
0
LINE
8
BLACK
6
CONTINUOUS
10
4.86206
20
-3.317
11
4.86702
21
-3.32304
0
LINE
8
BLACK
6
CONTINUOUS
10
4.86702
20
-3.32304
11
4.86702
21
-3.32304
0
LINE
8
BLACK
6
CONTINUOUS
10
4.86702
20
-3.32304
11
4.87306
21
-3.328
0
LINE
8
BLACK
6
CONTINUOUS
10
4.87306
20
-3.328
11
4.87996
21
-3.33168
0
LINE
8
BLACK
6
CONTINUOUS
10
4.87996
20
-3.33168
11
4.88744
21
-3.33395
0
LINE
8
BLACK
6
CONTINUOUS
10
4.88744
20
-3.33395
11
4.89327
21
-3.33453
0
LINE
8
BLACK
6
CONTINUOUS
10
4.89327
20
-3.33453
11
4.9049
21
-3.33453
0
LINE
8
BLACK
6
CONTINUOUS
10
4.9049
20
-3.33453
11
4.9049
21
-3.33453
0
LINE
8
BLACK
6
CONTINUOUS
10
4.9049
20
-3.33453
11
4.9049
21
-3.31453
0
LINE
8
BLACK
6
CONTINUOUS
10
4.9049
20
-3.31453
11
4.89522
21
-3.31453
0
LINE
8
BLACK
6
CONTINUOUS
10
4.89522
20
-3.31453
11
4.88967
21
-3.31373
0
LINE
8
BLACK
6
CONTINUOUS
10
4.88967
20
-3.31373
11
4.88457
21
-3.3114
0
LINE
8
BLACK
6
CONTINUOUS
10
4.88457
20
-3.3114
11
4.88034
21
-3.30773
0
LINE
8
BLACK
6
CONTINUOUS
10
4.88034
20
-3.30773
11
4.87848
21
-3.30484
0
LINE
8
BLACK
6
CONTINUOUS
10
4.87848
20
-3.30484
11
4.85678
21
-3.30484
0
LINE
8
BLACK
6
CONTINUOUS
10
4.94946
20
-3.30773
11
4.94523
21
-3.3114
0
LINE
8
BLACK
6
CONTINUOUS
10
4.94523
20
-3.3114
11
4.94013
21
-3.31373
0
LINE
8
BLACK
6
CONTINUOUS
10
4.94013
20
-3.31373
11
4.93459
21
-3.31453
0
LINE
8
BLACK
6
CONTINUOUS
10
4.93459
20
-3.31453
11
4.9249
21
-3.31453
0
LINE
8
BLACK
6
CONTINUOUS
10
4.9249
20
-3.31453
11
4.9249
21
-3.33453
0
LINE
8
BLACK
6
CONTINUOUS
10
4.9249
20
-3.33453
11
4.9249
21
-3.33453
0
LINE
8
BLACK
6
CONTINUOUS
10
4.9249
20
-3.33453
11
4.93654
21
-3.33453
0
LINE
8
BLACK
6
CONTINUOUS
10
4.93654
20
-3.33453
11
4.94237
21
-3.33395
0
LINE
8
BLACK
6
CONTINUOUS
10
4.94237
20
-3.33395
11
4.94985
21
-3.33168
0
LINE
8
BLACK
6
CONTINUOUS
10
4.94985
20
-3.33168
11
4.95674
21
-3.328
0
LINE
8
BLACK
6
CONTINUOUS
10
4.95674
20
-3.328
11
4.96278
21
-3.32304
0
LINE
8
BLACK
6
CONTINUOUS
10
4.96278
20
-3.32304
11
4.96278
21
-3.32304
0
LINE
8
BLACK
6
CONTINUOUS
10
4.96278
20
-3.32304
11
4.96774
21
-3.317
0
LINE
8
BLACK
6
CONTINUOUS
10
4.96774
20
-3.317
11
4.97143
21
-3.3101
0
LINE
8
BLACK
6
CONTINUOUS
10
4.97143
20
-3.3101
11
4.97302
21
-3.30484
0
LINE
8
BLACK
6
CONTINUOUS
10
4.97302
20
-3.30484
11
4.95132
21
-3.30484
0
LINE
8
BLACK
6
CONTINUOUS
10
4.95132
20
-3.30484
11
4.94946
21
-3.30773
0
LINE
8
BLACK
6
CONTINUOUS
10
6.10505
20
-3.26395
11
6.09912
21
-3.26706
0
LINE
8
BLACK
6
CONTINUOUS
10
6.09912
20
-3.26706
11
6.09912
21
-3.26706
0
LINE
8
BLACK
6
CONTINUOUS
10
6.09912
20
-3.26706
11
6.09912
21
-3.26706
0
LINE
8
BLACK
6
CONTINUOUS
10
6.09912
20
-3.26706
11
6.09912
21
-3.26706
0
LINE
8
BLACK
6
CONTINUOUS
10
6.09912
20
-3.26706
11
6.09681
21
-3.2691
0
LINE
8
BLACK
6
CONTINUOUS
10
6.09681
20
-3.2691
11
6.09411
21
-3.2715
0
LINE
8
BLACK
6
CONTINUOUS
10
6.09411
20
-3.2715
11
6.09411
21
-3.2715
0
LINE
8
BLACK
6
CONTINUOUS
10
6.09411
20
-3.2715
11
6.0903
21
-3.27701
0
LINE
8
BLACK
6
CONTINUOUS
10
6.0903
20
-3.27701
11
6.08793
21
-3.28327
0
LINE
8
BLACK
6
CONTINUOUS
10
6.08793
20
-3.28327
11
6.0874
21
-3.2876
0
LINE
8
BLACK
6
CONTINUOUS
10
6.0874
20
-3.2876
11
6.08712
21
-3.28992
0
LINE
8
BLACK
6
CONTINUOUS
10
6.08712
20
-3.28992
11
6.08793
21
-3.29657
0
LINE
8
BLACK
6
CONTINUOUS
10
6.08793
20
-3.29657
11
6.09011
21
-3.30231
0
LINE
8
BLACK
6
CONTINUOUS
10
6.09011
20
-3.30231
11
6.0903
21
-3.30283
0
LINE
8
BLACK
6
CONTINUOUS
10
6.0903
20
-3.30283
11
6.09411
21
-3.30834
0
LINE
8
BLACK
6
CONTINUOUS
10
6.09411
20
-3.30834
11
6.09411
21
-3.30834
0
LINE
8
BLACK
6
CONTINUOUS
10
6.09411
20
-3.30834
11
6.09411
21
-3.30834
0
LINE
8
BLACK
6
CONTINUOUS
10
6.09411
20
-3.30834
11
6.09411
21
-3.30834
0
LINE
8
BLACK
6
CONTINUOUS
10
6.09411
20
-3.30834
11
6.09912
21
-3.31278
0
LINE
8
BLACK
6
CONTINUOUS
10
6.09912
20
-3.31278
11
6.10505
21
-3.3159
0
LINE
8
BLACK
6
CONTINUOUS
10
6.10505
20
-3.3159
11
6.11155
21
-3.3175
0
LINE
8
BLACK
6
CONTINUOUS
10
6.11155
20
-3.3175
11
6.11155
21
-3.3175
0
LINE
8
BLACK
6
CONTINUOUS
10
6.11155
20
-3.3175
11
6.11825
21
-3.3175
0
LINE
8
BLACK
6
CONTINUOUS
10
6.11825
20
-3.3175
11
6.11825
21
-3.3175
0
LINE
8
BLACK
6
CONTINUOUS
10
6.11825
20
-3.3175
11
6.12475
21
-3.3159
0
LINE
8
BLACK
6
CONTINUOUS
10
6.12475
20
-3.3159
11
6.13068
21
-3.31278
0
LINE
8
BLACK
6
CONTINUOUS
10
6.13068
20
-3.31278
11
6.1357
21
-3.30834
0
LINE
8
BLACK
6
CONTINUOUS
10
6.1357
20
-3.30834
11
6.1395
21
-3.30283
0
LINE
8
BLACK
6
CONTINUOUS
10
6.1395
20
-3.30283
11
6.14188
21
-3.29657
0
LINE
8
BLACK
6
CONTINUOUS
10
6.14188
20
-3.29657
11
6.14268
21
-3.28992
0
LINE
8
BLACK
6
CONTINUOUS
10
6.14268
20
-3.28992
11
6.14188
21
-3.28327
0
LINE
8
BLACK
6
CONTINUOUS
10
6.14188
20
-3.28327
11
6.1395
21
-3.27701
0
LINE
8
BLACK
6
CONTINUOUS
10
6.1395
20
-3.27701
11
6.13904
21
-3.27634
0
LINE
8
BLACK
6
CONTINUOUS
10
6.13904
20
-3.27634
11
6.1357
21
-3.2715
0
LINE
8
BLACK
6
CONTINUOUS
10
6.1357
20
-3.2715
11
6.1357
21
-3.2715
0
LINE
8
BLACK
6
CONTINUOUS
10
6.1357
20
-3.2715
11
6.13502
21
-3.2709
0
LINE
8
BLACK
6
CONTINUOUS
10
6.13502
20
-3.2709
11
6.13068
21
-3.26706
0
LINE
8
BLACK
6
CONTINUOUS
10
6.13068
20
-3.26706
11
6.13068
21
-3.26706
0
LINE
8
BLACK
6
CONTINUOUS
10
6.13068
20
-3.26706
11
6.13068
21
-3.26706
0
LINE
8
BLACK
6
CONTINUOUS
10
6.13068
20
-3.26706
11
6.12475
21
-3.26395
0
LINE
8
BLACK
6
CONTINUOUS
10
6.12475
20
-3.26395
11
6.11985
21
-3.26274
0
LINE
8
BLACK
6
CONTINUOUS
10
6.11985
20
-3.26274
11
6.11825
21
-3.26234
0
LINE
8
BLACK
6
CONTINUOUS
10
6.11825
20
-3.26234
11
6.11155
21
-3.26234
0
LINE
8
BLACK
6
CONTINUOUS
10
6.11155
20
-3.26234
11
6.10505
21
-3.26395
0
LINE
8
BLACK
6
CONTINUOUS
10
4.97143
20
-3.27958
11
4.96774
21
-3.27269
0
LINE
8
BLACK
6
CONTINUOUS
10
4.96774
20
-3.27269
11
4.96278
21
-3.26665
0
LINE
8
BLACK
6
CONTINUOUS
10
4.96278
20
-3.26665
11
4.96278
21
-3.26665
0
LINE
8
BLACK
6
CONTINUOUS
10
4.96278
20
-3.26665
11
4.95674
21
-3.26169
0
LINE
8
BLACK
6
CONTINUOUS
10
4.95674
20
-3.26169
11
4.94985
21
-3.258
0
LINE
8
BLACK
6
CONTINUOUS
10
4.94985
20
-3.258
11
4.94237
21
-3.25573
0
LINE
8
BLACK
6
CONTINUOUS
10
4.94237
20
-3.25573
11
4.93654
21
-3.25516
0
LINE
8
BLACK
6
CONTINUOUS
10
4.93654
20
-3.25516
11
4.9249
21
-3.25516
0
LINE
8
BLACK
6
CONTINUOUS
10
4.9249
20
-3.25516
11
4.9249
21
-3.25516
0
LINE
8
BLACK
6
CONTINUOUS
10
4.9249
20
-3.25516
11
4.9249
21
-3.27516
0
LINE
8
BLACK
6
CONTINUOUS
10
4.9249
20
-3.27516
11
4.93459
21
-3.27516
0
LINE
8
BLACK
6
CONTINUOUS
10
4.93459
20
-3.27516
11
4.94013
21
-3.27595
0
LINE
8
BLACK
6
CONTINUOUS
10
4.94013
20
-3.27595
11
4.94523
21
-3.27828
0
LINE
8
BLACK
6
CONTINUOUS
10
4.94523
20
-3.27828
11
4.94946
21
-3.28195
0
LINE
8
BLACK
6
CONTINUOUS
10
4.94946
20
-3.28195
11
4.95132
21
-3.28484
0
LINE
8
BLACK
6
CONTINUOUS
10
4.95132
20
-3.28484
11
4.97302
21
-3.28484
0
LINE
8
BLACK
6
CONTINUOUS
10
4.97302
20
-3.28484
11
4.97143
21
-3.27958
0
LINE
8
BLACK
6
CONTINUOUS
10
5.44793
20
-3.26606
11
5.44976
21
-3.2709
0
LINE
8
BLACK
6
CONTINUOUS
10
5.44976
20
-3.2709
11
5.4503
21
-3.27232
0
LINE
8
BLACK
6
CONTINUOUS
10
5.4503
20
-3.27232
11
5.45411
21
-3.27783
0
LINE
8
BLACK
6
CONTINUOUS
10
5.45411
20
-3.27783
11
5.45411
21
-3.27783
0
LINE
8
BLACK
6
CONTINUOUS
10
5.45411
20
-3.27783
11
5.45411
21
-3.27783
0
LINE
8
BLACK
6
CONTINUOUS
10
5.45411
20
-3.27783
11
5.45411
21
-3.27783
0
LINE
8
BLACK
6
CONTINUOUS
10
5.45411
20
-3.27783
11
5.45912
21
-3.28227
0
LINE
8
BLACK
6
CONTINUOUS
10
5.45912
20
-3.28227
11
5.46505
21
-3.28539
0
LINE
8
BLACK
6
CONTINUOUS
10
5.46505
20
-3.28539
11
5.47155
21
-3.28699
0
LINE
8
BLACK
6
CONTINUOUS
10
5.47155
20
-3.28699
11
5.47155
21
-3.28699
0
LINE
8
BLACK
6
CONTINUOUS
10
5.47155
20
-3.28699
11
5.47825
21
-3.28699
0
LINE
8
BLACK
6
CONTINUOUS
10
5.47825
20
-3.28699
11
5.47825
21
-3.28699
0
LINE
8
BLACK
6
CONTINUOUS
10
5.47825
20
-3.28699
11
5.48475
21
-3.28539
0
LINE
8
BLACK
6
CONTINUOUS
10
5.48475
20
-3.28539
11
5.49068
21
-3.28227
0
LINE
8
BLACK
6
CONTINUOUS
10
5.49068
20
-3.28227
11
5.4957
21
-3.27783
0
LINE
8
BLACK
6
CONTINUOUS
10
5.4957
20
-3.27783
11
5.4995
21
-3.27232
0
LINE
8
BLACK
6
CONTINUOUS
10
5.4995
20
-3.27232
11
5.50188
21
-3.26606
0
LINE
8
BLACK
6
CONTINUOUS
10
5.50188
20
-3.26606
11
5.50268
21
-3.25941
0
LINE
8
BLACK
6
CONTINUOUS
10
5.50268
20
-3.25941
11
5.50188
21
-3.25276
0
LINE
8
BLACK
6
CONTINUOUS
10
5.50188
20
-3.25276
11
5.4995
21
-3.2465
0
LINE
8
BLACK
6
CONTINUOUS
10
5.4995
20
-3.2465
11
5.4991
21
-3.24592
0
LINE
8
BLACK
6
CONTINUOUS
10
5.4991
20
-3.24592
11
5.49841
21
-3.24492
0
LINE
8
BLACK
6
CONTINUOUS
10
5.49841
20
-3.24492
11
5.4957
21
-3.24099
0
LINE
8
BLACK
6
CONTINUOUS
10
5.4957
20
-3.24099
11
5.4957
21
-3.24099
0
LINE
8
BLACK
6
CONTINUOUS
10
5.4957
20
-3.24099
11
5.4957
21
-3.24099
0
LINE
8
BLACK
6
CONTINUOUS
10
5.4957
20
-3.24099
11
5.49068
21
-3.23655
0
LINE
8
BLACK
6
CONTINUOUS
10
5.49068
20
-3.23655
11
5.49068
21
-3.23655
0
LINE
8
BLACK
6
CONTINUOUS
10
5.49068
20
-3.23655
11
5.49068
21
-3.23655
0
LINE
8
BLACK
6
CONTINUOUS
10
5.49068
20
-3.23655
11
5.48475
21
-3.23343
0
LINE
8
BLACK
6
CONTINUOUS
10
5.48475
20
-3.23343
11
5.47985
21
-3.23223
0
LINE
8
BLACK
6
CONTINUOUS
10
5.47985
20
-3.23223
11
5.47825
21
-3.23183
0
LINE
8
BLACK
6
CONTINUOUS
10
5.47825
20
-3.23183
11
5.47155
21
-3.23183
0
LINE
8
BLACK
6
CONTINUOUS
10
5.47155
20
-3.23183
11
5.46505
21
-3.23343
0
LINE
8
BLACK
6
CONTINUOUS
10
5.46505
20
-3.23343
11
5.45912
21
-3.23655
0
LINE
8
BLACK
6
CONTINUOUS
10
5.45912
20
-3.23655
11
5.45912
21
-3.23655
0
LINE
8
BLACK
6
CONTINUOUS
10
5.45912
20
-3.23655
11
5.45912
21
-3.23655
0
LINE
8
BLACK
6
CONTINUOUS
10
5.45912
20
-3.23655
11
5.45912
21
-3.23655
0
LINE
8
BLACK
6
CONTINUOUS
10
5.45912
20
-3.23655
11
5.45768
21
-3.23782
0
LINE
8
BLACK
6
CONTINUOUS
10
5.45768
20
-3.23782
11
5.45411
21
-3.24099
0
LINE
8
BLACK
6
CONTINUOUS
10
5.45411
20
-3.24099
11
5.45411
21
-3.24099
0
LINE
8
BLACK
6
CONTINUOUS
10
5.45411
20
-3.24099
11
5.4503
21
-3.2465
0
LINE
8
BLACK
6
CONTINUOUS
10
5.4503
20
-3.2465
11
5.44793
21
-3.25276
0
LINE
8
BLACK
6
CONTINUOUS
10
5.44793
20
-3.25276
11
5.44731
21
-3.25783
0
LINE
8
BLACK
6
CONTINUOUS
10
5.44731
20
-3.25783
11
5.44712
21
-3.25941
0
LINE
8
BLACK
6
CONTINUOUS
10
5.44712
20
-3.25941
11
5.44793
21
-3.26606
0
LINE
8
BLACK
6
CONTINUOUS
10
5.52793
20
-3.25157
11
5.53028
21
-3.25778
0
LINE
8
BLACK
6
CONTINUOUS
10
5.53028
20
-3.25778
11
5.5303
21
-3.25783
0
LINE
8
BLACK
6
CONTINUOUS
10
5.5303
20
-3.25783
11
5.53411
21
-3.26334
0
LINE
8
BLACK
6
CONTINUOUS
10
5.53411
20
-3.26334
11
5.53411
21
-3.26334
0
LINE
8
BLACK
6
CONTINUOUS
10
5.53411
20
-3.26334
11
5.53411
21
-3.26334
0
LINE
8
BLACK
6
CONTINUOUS
10
5.53411
20
-3.26334
11
5.53411
21
-3.26334
0
LINE
8
BLACK
6
CONTINUOUS
10
5.53411
20
-3.26334
11
5.53912
21
-3.26778
0
LINE
8
BLACK
6
CONTINUOUS
10
5.53912
20
-3.26778
11
5.54505
21
-3.2709
0
LINE
8
BLACK
6
CONTINUOUS
10
5.54505
20
-3.2709
11
5.55155
21
-3.2725
0
LINE
8
BLACK
6
CONTINUOUS
10
5.55155
20
-3.2725
11
5.55155
21
-3.2725
0
LINE
8
BLACK
6
CONTINUOUS
10
5.55155
20
-3.2725
11
5.55825
21
-3.2725
0
LINE
8
BLACK
6
CONTINUOUS
10
5.55825
20
-3.2725
11
5.55825
21
-3.2725
0
LINE
8
BLACK
6
CONTINUOUS
10
5.55825
20
-3.2725
11
5.56475
21
-3.2709
0
LINE
8
BLACK
6
CONTINUOUS
10
5.56475
20
-3.2709
11
5.57068
21
-3.26778
0
LINE
8
BLACK
6
CONTINUOUS
10
5.57068
20
-3.26778
11
5.5757
21
-3.26334
0
LINE
8
BLACK
6
CONTINUOUS
10
5.5757
20
-3.26334
11
5.5795
21
-3.25783
0
LINE
8
BLACK
6
CONTINUOUS
10
5.5795
20
-3.25783
11
5.58188
21
-3.25157
0
LINE
8
BLACK
6
CONTINUOUS
10
5.58188
20
-3.25157
11
5.58268
21
-3.24492
0
LINE
8
BLACK
6
CONTINUOUS
10
5.58268
20
-3.24492
11
5.58188
21
-3.23827
0
LINE
8
BLACK
6
CONTINUOUS
10
5.58188
20
-3.23827
11
5.5806
21
-3.23492
0
LINE
8
BLACK
6
CONTINUOUS
10
5.5806
20
-3.23492
11
5.5795
21
-3.23201
0
LINE
8
BLACK
6
CONTINUOUS
10
5.5795
20
-3.23201
11
5.5757
21
-3.2265
0
LINE
8
BLACK
6
CONTINUOUS
10
5.5757
20
-3.2265
11
5.57068
21
-3.22206
0
LINE
8
BLACK
6
CONTINUOUS
10
5.57068
20
-3.22206
11
5.57068
21
-3.22206
0
LINE
8
BLACK
6
CONTINUOUS
10
5.57068
20
-3.22206
11
5.57068
21
-3.22206
0
LINE
8
BLACK
6
CONTINUOUS
10
5.57068
20
-3.22206
11
5.56475
21
-3.21895
0
LINE
8
BLACK
6
CONTINUOUS
10
5.56475
20
-3.21895
11
5.55985
21
-3.21774
0
LINE
8
BLACK
6
CONTINUOUS
10
5.55985
20
-3.21774
11
5.55825
21
-3.21734
0
LINE
8
BLACK
6
CONTINUOUS
10
5.55825
20
-3.21734
11
5.55155
21
-3.21734
0
LINE
8
BLACK
6
CONTINUOUS
10
5.55155
20
-3.21734
11
5.54505
21
-3.21895
0
LINE
8
BLACK
6
CONTINUOUS
10
5.54505
20
-3.21895
11
5.53912
21
-3.22206
0
LINE
8
BLACK
6
CONTINUOUS
10
5.53912
20
-3.22206
11
5.53912
21
-3.22206
0
LINE
8
BLACK
6
CONTINUOUS
10
5.53912
20
-3.22206
11
5.53912
21
-3.22206
0
LINE
8
BLACK
6
CONTINUOUS
10
5.53912
20
-3.22206
11
5.53912
21
-3.22206
0
LINE
8
BLACK
6
CONTINUOUS
10
5.53912
20
-3.22206
11
5.53681
21
-3.2241
0
LINE
8
BLACK
6
CONTINUOUS
10
5.53681
20
-3.2241
11
5.53411
21
-3.2265
0
LINE
8
BLACK
6
CONTINUOUS
10
5.53411
20
-3.2265
11
5.53411
21
-3.2265
0
LINE
8
BLACK
6
CONTINUOUS
10
5.53411
20
-3.2265
11
5.5303
21
-3.23201
0
LINE
8
BLACK
6
CONTINUOUS
10
5.5303
20
-3.23201
11
5.52793
21
-3.23827
0
LINE
8
BLACK
6
CONTINUOUS
10
5.52793
20
-3.23827
11
5.52753
21
-3.24157
0
LINE
8
BLACK
6
CONTINUOUS
10
5.52753
20
-3.24157
11
5.52712
21
-3.24492
0
LINE
8
BLACK
6
CONTINUOUS
10
5.52712
20
-3.24492
11
5.52793
21
-3.25157
0
LINE
8
BLACK
6
CONTINUOUS
10
5.61793
20
-3.24157
11
5.61958
21
-3.24592
0
LINE
8
BLACK
6
CONTINUOUS
10
5.61958
20
-3.24592
11
5.6203
21
-3.24783
0
LINE
8
BLACK
6
CONTINUOUS
10
5.6203
20
-3.24783
11
5.62411
21
-3.25334
0
LINE
8
BLACK
6
CONTINUOUS
10
5.62411
20
-3.25334
11
5.62411
21
-3.25334
0
LINE
8
BLACK
6
CONTINUOUS
10
5.62411
20
-3.25334
11
5.62411
21
-3.25334
0
LINE
8
BLACK
6
CONTINUOUS
10
5.62411
20
-3.25334
11
5.62411
21
-3.25334
0
LINE
8
BLACK
6
CONTINUOUS
10
5.62411
20
-3.25334
11
5.62912
21
-3.25778
0
LINE
8
BLACK
6
CONTINUOUS
10
5.62912
20
-3.25778
11
5.63505
21
-3.2609
0
LINE
8
BLACK
6
CONTINUOUS
10
5.63505
20
-3.2609
11
5.64155
21
-3.2625
0
LINE
8
BLACK
6
CONTINUOUS
10
5.64155
20
-3.2625
11
5.64155
21
-3.2625
0
LINE
8
BLACK
6
CONTINUOUS
10
5.64155
20
-3.2625
11
5.64825
21
-3.2625
0
LINE
8
BLACK
6
CONTINUOUS
10
5.64825
20
-3.2625
11
5.64825
21
-3.2625
0
LINE
8
BLACK
6
CONTINUOUS
10
5.64825
20
-3.2625
11
5.65475
21
-3.2609
0
LINE
8
BLACK
6
CONTINUOUS
10
5.65475
20
-3.2609
11
5.66068
21
-3.25778
0
LINE
8
BLACK
6
CONTINUOUS
10
5.66068
20
-3.25778
11
5.6657
21
-3.25334
0
LINE
8
BLACK
6
CONTINUOUS
10
5.6657
20
-3.25334
11
5.6695
21
-3.24783
0
LINE
8
BLACK
6
CONTINUOUS
10
5.6695
20
-3.24783
11
5.67188
21
-3.24157
0
LINE
8
BLACK
6
CONTINUOUS
10
5.67188
20
-3.24157
11
5.67268
21
-3.23492
0
LINE
8
BLACK
6
CONTINUOUS
10
5.67268
20
-3.23492
11
5.67188
21
-3.22827
0
LINE
8
BLACK
6
CONTINUOUS
10
5.67188
20
-3.22827
11
5.6695
21
-3.22201
0
LINE
8
BLACK
6
CONTINUOUS
10
5.6695
20
-3.22201
11
5.6695
21
-3.22201
0
LINE
8
BLACK
6
CONTINUOUS
10
5.6695
20
-3.22201
11
5.6657
21
-3.2165
0
LINE
8
BLACK
6
CONTINUOUS
10
5.6657
20
-3.2165
11
5.6657
21
-3.2165
0
LINE
8
BLACK
6
CONTINUOUS
10
5.6657
20
-3.2165
11
5.6657
21
-3.2165
0
LINE
8
BLACK
6
CONTINUOUS
10
5.6657
20
-3.2165
11
5.66068
21
-3.21206
0
LINE
8
BLACK
6
CONTINUOUS
10
5.66068
20
-3.21206
11
5.66068
21
-3.21206
0
LINE
8
BLACK
6
CONTINUOUS
10
5.66068
20
-3.21206
11
5.66068
21
-3.21206
0
LINE
8
BLACK
6
CONTINUOUS
10
5.66068
20
-3.21206
11
5.65475
21
-3.20895
0
LINE
8
BLACK
6
CONTINUOUS
10
5.65475
20
-3.20895
11
5.64985
21
-3.20774
0
LINE
8
BLACK
6
CONTINUOUS
10
5.64985
20
-3.20774
11
5.64825
21
-3.20734
0
LINE
8
BLACK
6
CONTINUOUS
10
5.64825
20
-3.20734
11
5.64155
21
-3.20734
0
LINE
8
BLACK
6
CONTINUOUS
10
5.64155
20
-3.20734
11
5.63505
21
-3.20895
0
LINE
8
BLACK
6
CONTINUOUS
10
5.63505
20
-3.20895
11
5.62912
21
-3.21206
0
LINE
8
BLACK
6
CONTINUOUS
10
5.62912
20
-3.21206
11
5.62912
21
-3.21206
0
LINE
8
BLACK
6
CONTINUOUS
10
5.62912
20
-3.21206
11
5.62912
21
-3.21206
0
LINE
8
BLACK
6
CONTINUOUS
10
5.62912
20
-3.21206
11
5.62912
21
-3.21206
0
LINE
8
BLACK
6
CONTINUOUS
10
5.62912
20
-3.21206
11
5.62756
21
-3.21344
0
LINE
8
BLACK
6
CONTINUOUS
10
5.62756
20
-3.21344
11
5.62411
21
-3.2165
0
LINE
8
BLACK
6
CONTINUOUS
10
5.62411
20
-3.2165
11
5.62411
21
-3.2165
0
LINE
8
BLACK
6
CONTINUOUS
10
5.62411
20
-3.2165
11
5.6203
21
-3.22201
0
LINE
8
BLACK
6
CONTINUOUS
10
5.6203
20
-3.22201
11
5.6203
21
-3.22201
0
LINE
8
BLACK
6
CONTINUOUS
10
5.6203
20
-3.22201
11
5.61793
21
-3.22827
0
LINE
8
BLACK
6
CONTINUOUS
10
5.61793
20
-3.22827
11
5.61712
21
-3.23492
0
LINE
8
BLACK
6
CONTINUOUS
10
5.61712
20
-3.23492
11
5.61793
21
-3.24157
0
LINE
8
BLACK
6
CONTINUOUS
10
5.75793
20
-3.18157
11
5.76028
21
-3.18778
0
LINE
8
BLACK
6
CONTINUOUS
10
5.76028
20
-3.18778
11
5.7603
21
-3.18783
0
LINE
8
BLACK
6
CONTINUOUS
10
5.7603
20
-3.18783
11
5.76411
21
-3.19334
0
LINE
8
BLACK
6
CONTINUOUS
10
5.76411
20
-3.19334
11
5.76411
21
-3.19334
0
LINE
8
BLACK
6
CONTINUOUS
10
5.76411
20
-3.19334
11
5.76411
21
-3.19334
0
LINE
8
BLACK
6
CONTINUOUS
10
5.76411
20
-3.19334
11
5.76411
21
-3.19334
0
LINE
8
BLACK
6
CONTINUOUS
10
5.76411
20
-3.19334
11
5.76912
21
-3.19778
0
LINE
8
BLACK
6
CONTINUOUS
10
5.76912
20
-3.19778
11
5.77505
21
-3.2009
0
LINE
8
BLACK
6
CONTINUOUS
10
5.77505
20
-3.2009
11
5.78155
21
-3.2025
0
LINE
8
BLACK
6
CONTINUOUS
10
5.78155
20
-3.2025
11
5.78155
21
-3.2025
0
LINE
8
BLACK
6
CONTINUOUS
10
5.78155
20
-3.2025
11
5.78825
21
-3.2025
0
LINE
8
BLACK
6
CONTINUOUS
10
5.78825
20
-3.2025
11
5.78825
21
-3.2025
0
LINE
8
BLACK
6
CONTINUOUS
10
5.78825
20
-3.2025
11
5.79475
21
-3.2009
0
LINE
8
BLACK
6
CONTINUOUS
10
5.79475
20
-3.2009
11
5.80068
21
-3.19778
0
LINE
8
BLACK
6
CONTINUOUS
10
5.80068
20
-3.19778
11
5.8057
21
-3.19334
0
LINE
8
BLACK
6
CONTINUOUS
10
5.8057
20
-3.19334
11
5.8095
21
-3.18783
0
LINE
8
BLACK
6
CONTINUOUS
10
5.8095
20
-3.18783
11
5.81188
21
-3.18157
0
LINE
8
BLACK
6
CONTINUOUS
10
5.81188
20
-3.18157
11
5.81268
21
-3.17492
0
LINE
8
BLACK
6
CONTINUOUS
10
5.81268
20
-3.17492
11
5.81188
21
-3.16827
0
LINE
8
BLACK
6
CONTINUOUS
10
5.81188
20
-3.16827
11
5.8095
21
-3.16201
0
LINE
8
BLACK
6
CONTINUOUS
10
5.8095
20
-3.16201
11
5.80764
21
-3.15932
0
LINE
8
BLACK
6
CONTINUOUS
10
5.80764
20
-3.15932
11
5.8057
21
-3.1565
0
LINE
8
BLACK
6
CONTINUOUS
10
5.8057
20
-3.1565
11
5.8057
21
-3.1565
0
LINE
8
BLACK
6
CONTINUOUS
10
5.8057
20
-3.1565
11
5.80525
21
-3.1561
0
LINE
8
BLACK
6
CONTINUOUS
10
5.80525
20
-3.1561
11
5.80068
21
-3.15206
0
LINE
8
BLACK
6
CONTINUOUS
10
5.80068
20
-3.15206
11
5.80068
21
-3.15206
0
LINE
8
BLACK
6
CONTINUOUS
10
5.80068
20
-3.15206
11
5.80068
21
-3.15206
0
LINE
8
BLACK
6
CONTINUOUS
10
5.80068
20
-3.15206
11
5.79661
21
-3.14992
0
LINE
8
BLACK
6
CONTINUOUS
10
5.79661
20
-3.14992
11
5.79475
21
-3.14895
0
LINE
8
BLACK
6
CONTINUOUS
10
5.79475
20
-3.14895
11
5.78985
21
-3.14774
0
LINE
8
BLACK
6
CONTINUOUS
10
5.78985
20
-3.14774
11
5.78825
21
-3.14734
0
LINE
8
BLACK
6
CONTINUOUS
10
5.78825
20
-3.14734
11
5.78155
21
-3.14734
0
LINE
8
BLACK
6
CONTINUOUS
10
5.78155
20
-3.14734
11
5.77505
21
-3.14895
0
LINE
8
BLACK
6
CONTINUOUS
10
5.77505
20
-3.14895
11
5.76912
21
-3.15206
0
LINE
8
BLACK
6
CONTINUOUS
10
5.76912
20
-3.15206
11
5.76912
21
-3.15206
0
LINE
8
BLACK
6
CONTINUOUS
10
5.76912
20
-3.15206
11
5.76912
21
-3.15206
0
LINE
8
BLACK
6
CONTINUOUS
10
5.76912
20
-3.15206
11
5.76912
21
-3.15206
0
LINE
8
BLACK
6
CONTINUOUS
10
5.76912
20
-3.15206
11
5.76722
21
-3.15374
0
LINE
8
BLACK
6
CONTINUOUS
10
5.76722
20
-3.15374
11
5.76411
21
-3.1565
0
LINE
8
BLACK
6
CONTINUOUS
10
5.76411
20
-3.1565
11
5.76411
21
-3.1565
0
LINE
8
BLACK
6
CONTINUOUS
10
5.76411
20
-3.1565
11
5.7603
21
-3.16201
0
LINE
8
BLACK
6
CONTINUOUS
10
5.7603
20
-3.16201
11
5.75793
21
-3.16827
0
LINE
8
BLACK
6
CONTINUOUS
10
5.75793
20
-3.16827
11
5.75753
21
-3.17157
0
LINE
8
BLACK
6
CONTINUOUS
10
5.75753
20
-3.17157
11
5.75712
21
-3.17492
0
LINE
8
BLACK
6
CONTINUOUS
10
5.75712
20
-3.17492
11
5.75793
21
-3.18157
0
LINE
8
BLACK
6
CONTINUOUS
10
5.98793
20
-3.15657
11
5.99022
21
-3.1626
0
LINE
8
BLACK
6
CONTINUOUS
10
5.99022
20
-3.1626
11
5.9903
21
-3.16283
0
LINE
8
BLACK
6
CONTINUOUS
10
5.9903
20
-3.16283
11
5.99411
21
-3.16834
0
LINE
8
BLACK
6
CONTINUOUS
10
5.99411
20
-3.16834
11
5.99411
21
-3.16834
0
LINE
8
BLACK
6
CONTINUOUS
10
5.99411
20
-3.16834
11
5.99411
21
-3.16834
0
LINE
8
BLACK
6
CONTINUOUS
10
5.99411
20
-3.16834
11
5.99411
21
-3.16834
0
LINE
8
BLACK
6
CONTINUOUS
10
5.99411
20
-3.16834
11
5.99912
21
-3.17278
0
LINE
8
BLACK
6
CONTINUOUS
10
5.99912
20
-3.17278
11
6.00505
21
-3.1759
0
LINE
8
BLACK
6
CONTINUOUS
10
6.00505
20
-3.1759
11
6.01155
21
-3.1775
0
LINE
8
BLACK
6
CONTINUOUS
10
6.01155
20
-3.1775
11
6.01155
21
-3.1775
0
LINE
8
BLACK
6
CONTINUOUS
10
6.01155
20
-3.1775
11
6.01825
21
-3.1775
0
LINE
8
BLACK
6
CONTINUOUS
10
6.01825
20
-3.1775
11
6.01825
21
-3.1775
0
LINE
8
BLACK
6
CONTINUOUS
10
6.01825
20
-3.1775
11
6.02475
21
-3.1759
0
LINE
8
BLACK
6
CONTINUOUS
10
6.02475
20
-3.1759
11
6.03068
21
-3.17278
0
LINE
8
BLACK
6
CONTINUOUS
10
6.03068
20
-3.17278
11
6.03181
21
-3.17178
0
LINE
8
BLACK
6
CONTINUOUS
10
6.03181
20
-3.17178
11
6.03404
21
-3.1709
0
LINE
8
BLACK
6
CONTINUOUS
10
6.03404
20
-3.1709
11
6.03631
21
-3.17166
0
LINE
8
BLACK
6
CONTINUOUS
10
6.03631
20
-3.17166
11
6.03757
21
-3.17371
0
LINE
8
BLACK
6
CONTINUOUS
10
6.03757
20
-3.17371
11
6.03761
21
-3.17399
0
LINE
8
BLACK
6
CONTINUOUS
10
6.03761
20
-3.17399
11
6.03793
21
-3.17657
0
LINE
8
BLACK
6
CONTINUOUS
10
6.03793
20
-3.17657
11
6.03841
21
-3.17783
0
LINE
8
BLACK
6
CONTINUOUS
10
6.03841
20
-3.17783
11
6.0403
21
-3.18283
0
LINE
8
BLACK
6
CONTINUOUS
10
6.0403
20
-3.18283
11
6.04411
21
-3.18834
0
LINE
8
BLACK
6
CONTINUOUS
10
6.04411
20
-3.18834
11
6.04411
21
-3.18834
0
LINE
8
BLACK
6
CONTINUOUS
10
6.04411
20
-3.18834
11
6.04411
21
-3.18834
0
LINE
8
BLACK
6
CONTINUOUS
10
6.04411
20
-3.18834
11
6.04411
21
-3.18834
0
LINE
8
BLACK
6
CONTINUOUS
10
6.04411
20
-3.18834
11
6.04912
21
-3.19278
0
LINE
8
BLACK
6
CONTINUOUS
10
6.04912
20
-3.19278
11
6.05505
21
-3.1959
0
LINE
8
BLACK
6
CONTINUOUS
10
6.05505
20
-3.1959
11
6.06155
21
-3.1975
0
LINE
8
BLACK
6
CONTINUOUS
10
6.06155
20
-3.1975
11
6.06155
21
-3.1975
0
LINE
8
BLACK
6
CONTINUOUS
10
6.06155
20
-3.1975
11
6.06825
21
-3.1975
0
LINE
8
BLACK
6
CONTINUOUS
10
6.06825
20
-3.1975
11
6.06825
21
-3.1975
0
LINE
8
BLACK
6
CONTINUOUS
10
6.06825
20
-3.1975
11
6.07475
21
-3.1959
0
LINE
8
BLACK
6
CONTINUOUS
10
6.07475
20
-3.1959
11
6.08068
21
-3.19278
0
LINE
8
BLACK
6
CONTINUOUS
10
6.08068
20
-3.19278
11
6.0857
21
-3.18834
0
LINE
8
BLACK
6
CONTINUOUS
10
6.0857
20
-3.18834
11
6.0895
21
-3.18283
0
LINE
8
BLACK
6
CONTINUOUS
10
6.0895
20
-3.18283
11
6.09188
21
-3.17657
0
LINE
8
BLACK
6
CONTINUOUS
10
6.09188
20
-3.17657
11
6.09268
21
-3.16992
0
LINE
8
BLACK
6
CONTINUOUS
10
6.09268
20
-3.16992
11
6.09188
21
-3.16327
0
LINE
8
BLACK
6
CONTINUOUS
10
6.09188
20
-3.16327
11
6.0895
21
-3.15701
0
LINE
8
BLACK
6
CONTINUOUS
10
6.0895
20
-3.15701
11
6.08803
21
-3.15488
0
LINE
8
BLACK
6
CONTINUOUS
10
6.08803
20
-3.15488
11
6.0857
21
-3.1515
0
LINE
8
BLACK
6
CONTINUOUS
10
6.0857
20
-3.1515
11
6.0857
21
-3.1515
0
LINE
8
BLACK
6
CONTINUOUS
10
6.0857
20
-3.1515
11
6.08529
21
-3.15114
0
LINE
8
BLACK
6
CONTINUOUS
10
6.08529
20
-3.15114
11
6.08068
21
-3.14706
0
LINE
8
BLACK
6
CONTINUOUS
10
6.08068
20
-3.14706
11
6.08068
21
-3.14706
0
LINE
8
BLACK
6
CONTINUOUS
10
6.08068
20
-3.14706
11
6.08068
21
-3.14706
0
LINE
8
BLACK
6
CONTINUOUS
10
6.08068
20
-3.14706
11
6.07475
21
-3.14395
0
LINE
8
BLACK
6
CONTINUOUS
10
6.07475
20
-3.14395
11
6.06985
21
-3.14274
0
LINE
8
BLACK
6
CONTINUOUS
10
6.06985
20
-3.14274
11
6.06825
21
-3.14234
0
LINE
8
BLACK
6
CONTINUOUS
10
6.06825
20
-3.14234
11
6.06155
21
-3.14234
0
LINE
8
BLACK
6
CONTINUOUS
10
6.06155
20
-3.14234
11
6.05505
21
-3.14395
0
LINE
8
BLACK
6
CONTINUOUS
10
6.05505
20
-3.14395
11
6.04912
21
-3.14706
0
LINE
8
BLACK
6
CONTINUOUS
10
6.04912
20
-3.14706
11
6.04912
21
-3.14706
0
LINE
8
BLACK
6
CONTINUOUS
10
6.04912
20
-3.14706
11
6.04799
21
-3.14806
0
LINE
8
BLACK
6
CONTINUOUS
10
6.04799
20
-3.14806
11
6.04576
21
-3.14894
0
LINE
8
BLACK
6
CONTINUOUS
10
6.04576
20
-3.14894
11
6.04349
21
-3.14818
0
LINE
8
BLACK
6
CONTINUOUS
10
6.04349
20
-3.14818
11
6.04223
21
-3.14614
0
LINE
8
BLACK
6
CONTINUOUS
10
6.04223
20
-3.14614
11
6.04219
21
-3.14586
0
LINE
8
BLACK
6
CONTINUOUS
10
6.04219
20
-3.14586
11
6.04188
21
-3.14327
0
LINE
8
BLACK
6
CONTINUOUS
10
6.04188
20
-3.14327
11
6.0395
21
-3.13701
0
LINE
8
BLACK
6
CONTINUOUS
10
6.0395
20
-3.13701
11
6.03912
21
-3.13646
0
LINE
8
BLACK
6
CONTINUOUS
10
6.03912
20
-3.13646
11
6.0357
21
-3.1315
0
LINE
8
BLACK
6
CONTINUOUS
10
6.0357
20
-3.1315
11
6.0357
21
-3.1315
0
LINE
8
BLACK
6
CONTINUOUS
10
6.0357
20
-3.1315
11
6.03531
21
-3.13115
0
LINE
8
BLACK
6
CONTINUOUS
10
6.03531
20
-3.13115
11
6.03068
21
-3.12706
0
LINE
8
BLACK
6
CONTINUOUS
10
6.03068
20
-3.12706
11
6.03068
21
-3.12706
0
LINE
8
BLACK
6
CONTINUOUS
10
6.03068
20
-3.12706
11
6.03068
21
-3.12706
0
LINE
8
BLACK
6
CONTINUOUS
10
6.03068
20
-3.12706
11
6.02475
21
-3.12395
0
LINE
8
BLACK
6
CONTINUOUS
10
6.02475
20
-3.12395
11
6.01985
21
-3.12274
0
LINE
8
BLACK
6
CONTINUOUS
10
6.01985
20
-3.12274
11
6.01825
21
-3.12234
0
LINE
8
BLACK
6
CONTINUOUS
10
6.01825
20
-3.12234
11
6.01155
21
-3.12234
0
LINE
8
BLACK
6
CONTINUOUS
10
6.01155
20
-3.12234
11
6.00505
21
-3.12395
0
LINE
8
BLACK
6
CONTINUOUS
10
6.00505
20
-3.12395
11
5.99912
21
-3.12706
0
LINE
8
BLACK
6
CONTINUOUS
10
5.99912
20
-3.12706
11
5.99912
21
-3.12706
0
LINE
8
BLACK
6
CONTINUOUS
10
5.99912
20
-3.12706
11
5.99912
21
-3.12706
0
LINE
8
BLACK
6
CONTINUOUS
10
5.99912
20
-3.12706
11
5.99912
21
-3.12706
0
LINE
8
BLACK
6
CONTINUOUS
10
5.99912
20
-3.12706
11
5.99681
21
-3.1291
0
LINE
8
BLACK
6
CONTINUOUS
10
5.99681
20
-3.1291
11
5.99411
21
-3.1315
0
LINE
8
BLACK
6
CONTINUOUS
10
5.99411
20
-3.1315
11
5.99411
21
-3.1315
0
LINE
8
BLACK
6
CONTINUOUS
10
5.99411
20
-3.1315
11
5.9903
21
-3.13701
0
LINE
8
BLACK
6
CONTINUOUS
10
5.9903
20
-3.13701
11
5.98793
21
-3.14327
0
LINE
8
BLACK
6
CONTINUOUS
10
5.98793
20
-3.14327
11
5.98735
21
-3.14806
0
LINE
8
BLACK
6
CONTINUOUS
10
5.98735
20
-3.14806
11
5.98712
21
-3.14992
0
LINE
8
BLACK
6
CONTINUOUS
10
5.98712
20
-3.14992
11
5.98793
21
-3.15657
0
LINE
8
BLACK
6
CONTINUOUS
10
5.56175
20
-3.16039
11
5.56347
21
-3.16492
0
LINE
8
BLACK
6
CONTINUOUS
10
5.56347
20
-3.16492
11
5.56412
21
-3.16665
0
LINE
8
BLACK
6
CONTINUOUS
10
5.56412
20
-3.16665
11
5.56793
21
-3.17216
0
LINE
8
BLACK
6
CONTINUOUS
10
5.56793
20
-3.17216
11
5.56793
21
-3.17216
0
LINE
8
BLACK
6
CONTINUOUS
10
5.56793
20
-3.17216
11
5.56793
21
-3.17216
0
LINE
8
BLACK
6
CONTINUOUS
10
5.56793
20
-3.17216
11
5.56793
21
-3.17216
0
LINE
8
BLACK
6
CONTINUOUS
10
5.56793
20
-3.17216
11
5.57294
21
-3.1766
0
LINE
8
BLACK
6
CONTINUOUS
10
5.57294
20
-3.1766
11
5.57887
21
-3.17972
0
LINE
8
BLACK
6
CONTINUOUS
10
5.57887
20
-3.17972
11
5.58537
21
-3.18132
0
LINE
8
BLACK
6
CONTINUOUS
10
5.58537
20
-3.18132
11
5.58537
21
-3.18132
0
LINE
8
BLACK
6
CONTINUOUS
10
5.58537
20
-3.18132
11
5.59207
21
-3.18132
0
LINE
8
BLACK
6
CONTINUOUS
10
5.59207
20
-3.18132
11
5.59207
21
-3.18132
0
LINE
8
BLACK
6
CONTINUOUS
10
5.59207
20
-3.18132
11
5.59857
21
-3.17972
0
LINE
8
BLACK
6
CONTINUOUS
10
5.59857
20
-3.17972
11
5.6045
21
-3.1766
0
LINE
8
BLACK
6
CONTINUOUS
10
5.6045
20
-3.1766
11
5.6064
21
-3.17492
0
LINE
8
BLACK
6
CONTINUOUS
10
5.6064
20
-3.17492
11
5.60952
21
-3.17216
0
LINE
8
BLACK
6
CONTINUOUS
10
5.60952
20
-3.17216
11
5.61332
21
-3.16665
0
LINE
8
BLACK
6
CONTINUOUS
10
5.61332
20
-3.16665
11
5.61569
21
-3.16039
0
LINE
8
BLACK
6
CONTINUOUS
10
5.61569
20
-3.16039
11
5.6165
21
-3.15374
0
LINE
8
BLACK
6
CONTINUOUS
10
5.6165
20
-3.15374
11
5.61569
21
-3.14709
0
LINE
8
BLACK
6
CONTINUOUS
10
5.61569
20
-3.14709
11
5.61332
21
-3.14083
0
LINE
8
BLACK
6
CONTINUOUS
10
5.61332
20
-3.14083
11
5.61309
21
-3.1405
0
LINE
8
BLACK
6
CONTINUOUS
10
5.61309
20
-3.1405
11
5.60952
21
-3.13532
0
LINE
8
BLACK
6
CONTINUOUS
10
5.60952
20
-3.13532
11
5.60952
21
-3.13532
0
LINE
8
BLACK
6
CONTINUOUS
10
5.60952
20
-3.13532
11
5.60952
21
-3.13532
0
LINE
8
BLACK
6
CONTINUOUS
10
5.60952
20
-3.13532
11
5.6045
21
-3.13088
0
LINE
8
BLACK
6
CONTINUOUS
10
5.6045
20
-3.13088
11
5.6045
21
-3.13088
0
LINE
8
BLACK
6
CONTINUOUS
10
5.6045
20
-3.13088
11
5.6045
21
-3.13088
0
LINE
8
BLACK
6
CONTINUOUS
10
5.6045
20
-3.13088
11
5.59857
21
-3.12776
0
LINE
8
BLACK
6
CONTINUOUS
10
5.59857
20
-3.12776
11
5.59367
21
-3.12656
0
LINE
8
BLACK
6
CONTINUOUS
10
5.59367
20
-3.12656
11
5.59207
21
-3.12616
0
LINE
8
BLACK
6
CONTINUOUS
10
5.59207
20
-3.12616
11
5.58537
21
-3.12616
0
LINE
8
BLACK
6
CONTINUOUS
10
5.58537
20
-3.12616
11
5.57887
21
-3.12776
0
LINE
8
BLACK
6
CONTINUOUS
10
5.57887
20
-3.12776
11
5.57294
21
-3.13088
0
LINE
8
BLACK
6
CONTINUOUS
10
5.57294
20
-3.13088
11
5.57294
21
-3.13088
0
LINE
8
BLACK
6
CONTINUOUS
10
5.57294
20
-3.13088
11
5.57294
21
-3.13088
0
LINE
8
BLACK
6
CONTINUOUS
10
5.57294
20
-3.13088
11
5.57294
21
-3.13088
0
LINE
8
BLACK
6
CONTINUOUS
10
5.57294
20
-3.13088
11
5.57063
21
-3.13292
0
LINE
8
BLACK
6
CONTINUOUS
10
5.57063
20
-3.13292
11
5.56793
21
-3.13532
0
LINE
8
BLACK
6
CONTINUOUS
10
5.56793
20
-3.13532
11
5.56793
21
-3.13532
0
LINE
8
BLACK
6
CONTINUOUS
10
5.56793
20
-3.13532
11
5.56412
21
-3.14083
0
LINE
8
BLACK
6
CONTINUOUS
10
5.56412
20
-3.14083
11
5.56175
21
-3.14709
0
LINE
8
BLACK
6
CONTINUOUS
10
5.56175
20
-3.14709
11
5.56121
21
-3.1515
0
LINE
8
BLACK
6
CONTINUOUS
10
5.56121
20
-3.1515
11
5.56094
21
-3.15374
0
LINE
8
BLACK
6
CONTINUOUS
10
5.56094
20
-3.15374
11
5.56175
21
-3.16039
0
LINE
8
BLACK
6
CONTINUOUS
10
5.19575
20
-3.0858
11
5.19025
21
-3.08869
0
LINE
8
BLACK
6
CONTINUOUS
10
5.19025
20
-3.08869
11
5.19025
21
-3.08869
0
LINE
8
BLACK
6
CONTINUOUS
10
5.19025
20
-3.08869
11
5.18559
21
-3.09281
0
LINE
8
BLACK
6
CONTINUOUS
10
5.18559
20
-3.09281
11
5.18206
21
-3.09793
0
LINE
8
BLACK
6
CONTINUOUS
10
5.18206
20
-3.09793
11
5.18051
21
-3.10201
0
LINE
8
BLACK
6
CONTINUOUS
10
5.18051
20
-3.10201
11
5.17985
21
-3.10375
0
LINE
8
BLACK
6
CONTINUOUS
10
5.17985
20
-3.10375
11
5.1791
21
-3.10992
0
LINE
8
BLACK
6
CONTINUOUS
10
5.1791
20
-3.10992
11
5.17985
21
-3.1161
0
LINE
8
BLACK
6
CONTINUOUS
10
5.17985
20
-3.1161
11
5.18206
21
-3.12191
0
LINE
8
BLACK
6
CONTINUOUS
10
5.18206
20
-3.12191
11
5.18559
21
-3.12703
0
LINE
8
BLACK
6
CONTINUOUS
10
5.18559
20
-3.12703
11
5.18742
21
-3.12865
0
LINE
8
BLACK
6
CONTINUOUS
10
5.18742
20
-3.12865
11
5.19025
21
-3.13115
0
LINE
8
BLACK
6
CONTINUOUS
10
5.19025
20
-3.13115
11
5.19099
21
-3.13154
0
LINE
8
BLACK
6
CONTINUOUS
10
5.19099
20
-3.13154
11
5.19575
21
-3.13404
0
LINE
8
BLACK
6
CONTINUOUS
10
5.19575
20
-3.13404
11
5.20179
21
-3.13553
0
LINE
8
BLACK
6
CONTINUOUS
10
5.20179
20
-3.13553
11
5.20179
21
-3.13553
0
LINE
8
BLACK
6
CONTINUOUS
10
5.20179
20
-3.13553
11
5.20801
21
-3.13553
0
LINE
8
BLACK
6
CONTINUOUS
10
5.20801
20
-3.13553
11
5.20801
21
-3.13553
0
LINE
8
BLACK
6
CONTINUOUS
10
5.20801
20
-3.13553
11
5.21405
21
-3.13404
0
LINE
8
BLACK
6
CONTINUOUS
10
5.21405
20
-3.13404
11
5.21956
21
-3.13115
0
LINE
8
BLACK
6
CONTINUOUS
10
5.21956
20
-3.13115
11
5.22421
21
-3.12703
0
LINE
8
BLACK
6
CONTINUOUS
10
5.22421
20
-3.12703
11
5.22774
21
-3.12191
0
LINE
8
BLACK
6
CONTINUOUS
10
5.22774
20
-3.12191
11
5.22995
21
-3.1161
0
LINE
8
BLACK
6
CONTINUOUS
10
5.22995
20
-3.1161
11
5.2307
21
-3.10992
0
LINE
8
BLACK
6
CONTINUOUS
10
5.2307
20
-3.10992
11
5.22995
21
-3.10375
0
LINE
8
BLACK
6
CONTINUOUS
10
5.22995
20
-3.10375
11
5.22774
21
-3.09793
0
LINE
8
BLACK
6
CONTINUOUS
10
5.22774
20
-3.09793
11
5.22421
21
-3.09281
0
LINE
8
BLACK
6
CONTINUOUS
10
5.22421
20
-3.09281
11
5.21956
21
-3.08869
0
LINE
8
BLACK
6
CONTINUOUS
10
5.21956
20
-3.08869
11
5.21956
21
-3.08869
0
LINE
8
BLACK
6
CONTINUOUS
10
5.21956
20
-3.08869
11
5.21405
21
-3.0858
0
LINE
8
BLACK
6
CONTINUOUS
10
5.21405
20
-3.0858
11
5.20801
21
-3.08431
0
LINE
8
BLACK
6
CONTINUOUS
10
5.20801
20
-3.08431
11
5.20801
21
-3.08431
0
LINE
8
BLACK
6
CONTINUOUS
10
5.20801
20
-3.08431
11
5.20179
21
-3.08431
0
LINE
8
BLACK
6
CONTINUOUS
10
5.20179
20
-3.08431
11
5.20179
21
-3.08431
0
LINE
8
BLACK
6
CONTINUOUS
10
5.20179
20
-3.08431
11
5.19575
21
-3.0858
0
LINE
8
BLACK
6
CONTINUOUS
10
6.33825
20
-3.0833
11
6.33275
21
-3.08619
0
LINE
8
BLACK
6
CONTINUOUS
10
6.33275
20
-3.08619
11
6.33275
21
-3.08619
0
LINE
8
BLACK
6
CONTINUOUS
10
6.33275
20
-3.08619
11
6.32809
21
-3.09031
0
LINE
8
BLACK
6
CONTINUOUS
10
6.32809
20
-3.09031
11
6.32456
21
-3.09543
0
LINE
8
BLACK
6
CONTINUOUS
10
6.32456
20
-3.09543
11
6.32361
21
-3.09793
0
LINE
8
BLACK
6
CONTINUOUS
10
6.32361
20
-3.09793
11
6.32235
21
-3.10125
0
LINE
8
BLACK
6
CONTINUOUS
10
6.32235
20
-3.10125
11
6.3216
21
-3.10742
0
LINE
8
BLACK
6
CONTINUOUS
10
6.3216
20
-3.10742
11
6.32235
21
-3.1136
0
LINE
8
BLACK
6
CONTINUOUS
10
6.32235
20
-3.1136
11
6.32456
21
-3.11941
0
LINE
8
BLACK
6
CONTINUOUS
10
6.32456
20
-3.11941
11
6.32809
21
-3.12453
0
LINE
8
BLACK
6
CONTINUOUS
10
6.32809
20
-3.12453
11
6.33174
21
-3.12776
0
LINE
8
BLACK
6
CONTINUOUS
10
6.33174
20
-3.12776
11
6.33275
21
-3.12865
0
LINE
8
BLACK
6
CONTINUOUS
10
6.33275
20
-3.12865
11
6.33536
21
-3.13003
0
LINE
8
BLACK
6
CONTINUOUS
10
6.33536
20
-3.13003
11
6.33825
21
-3.13154
0
LINE
8
BLACK
6
CONTINUOUS
10
6.33825
20
-3.13154
11
6.34429
21
-3.13303
0
LINE
8
BLACK
6
CONTINUOUS
10
6.34429
20
-3.13303
11
6.34429
21
-3.13303
0
LINE
8
BLACK
6
CONTINUOUS
10
6.34429
20
-3.13303
11
6.35051
21
-3.13303
0
LINE
8
BLACK
6
CONTINUOUS
10
6.35051
20
-3.13303
11
6.35051
21
-3.13303
0
LINE
8
BLACK
6
CONTINUOUS
10
6.35051
20
-3.13303
11
6.35655
21
-3.13154
0
LINE
8
BLACK
6
CONTINUOUS
10
6.35655
20
-3.13154
11
6.36206
21
-3.12865
0
LINE
8
BLACK
6
CONTINUOUS
10
6.36206
20
-3.12865
11
6.36671
21
-3.12453
0
LINE
8
BLACK
6
CONTINUOUS
10
6.36671
20
-3.12453
11
6.37024
21
-3.11941
0
LINE
8
BLACK
6
CONTINUOUS
10
6.37024
20
-3.11941
11
6.37245
21
-3.1136
0
LINE
8
BLACK
6
CONTINUOUS
10
6.37245
20
-3.1136
11
6.3732
21
-3.10742
0
LINE
8
BLACK
6
CONTINUOUS
10
6.3732
20
-3.10742
11
6.37245
21
-3.10125
0
LINE
8
BLACK
6
CONTINUOUS
10
6.37245
20
-3.10125
11
6.37024
21
-3.09543
0
LINE
8
BLACK
6
CONTINUOUS
10
6.37024
20
-3.09543
11
6.36671
21
-3.09031
0
LINE
8
BLACK
6
CONTINUOUS
10
6.36671
20
-3.09031
11
6.36206
21
-3.08619
0
LINE
8
BLACK
6
CONTINUOUS
10
6.36206
20
-3.08619
11
6.36206
21
-3.08619
0
LINE
8
BLACK
6
CONTINUOUS
10
6.36206
20
-3.08619
11
6.35655
21
-3.0833
0
LINE
8
BLACK
6
CONTINUOUS
10
6.35655
20
-3.0833
11
6.35051
21
-3.08181
0
LINE
8
BLACK
6
CONTINUOUS
10
6.35051
20
-3.08181
11
6.35051
21
-3.08181
0
LINE
8
BLACK
6
CONTINUOUS
10
6.35051
20
-3.08181
11
6.34429
21
-3.08181
0
LINE
8
BLACK
6
CONTINUOUS
10
6.34429
20
-3.08181
11
6.34429
21
-3.08181
0
LINE
8
BLACK
6
CONTINUOUS
10
6.34429
20
-3.08181
11
6.33825
21
-3.0833
0
LINE
8
BLACK
6
CONTINUOUS
10
6.20505
20
-2.94895
11
6.19912
21
-2.95206
0
LINE
8
BLACK
6
CONTINUOUS
10
6.19912
20
-2.95206
11
6.19912
21
-2.95206
0
LINE
8
BLACK
6
CONTINUOUS
10
6.19912
20
-2.95206
11
6.19912
21
-2.95206
0
LINE
8
BLACK
6
CONTINUOUS
10
6.19912
20
-2.95206
11
6.19912
21
-2.95206
0
LINE
8
BLACK
6
CONTINUOUS
10
6.19912
20
-2.95206
11
6.19681
21
-2.9541
0
LINE
8
BLACK
6
CONTINUOUS
10
6.19681
20
-2.9541
11
6.19411
21
-2.9565
0
LINE
8
BLACK
6
CONTINUOUS
10
6.19411
20
-2.9565
11
6.19411
21
-2.9565
0
LINE
8
BLACK
6
CONTINUOUS
10
6.19411
20
-2.9565
11
6.1903
21
-2.96201
0
LINE
8
BLACK
6
CONTINUOUS
10
6.1903
20
-2.96201
11
6.18793
21
-2.96827
0
LINE
8
BLACK
6
CONTINUOUS
10
6.18793
20
-2.96827
11
6.18712
21
-2.97492
0
LINE
8
BLACK
6
CONTINUOUS
10
6.18712
20
-2.97492
11
6.18712
21
-2.97492
0
LINE
8
BLACK
6
CONTINUOUS
10
6.18712
20
-2.97492
11
6.18793
21
-2.98157
0
LINE
8
BLACK
6
CONTINUOUS
10
6.18793
20
-2.98157
11
6.1903
21
-2.98783
0
LINE
8
BLACK
6
CONTINUOUS
10
6.1903
20
-2.98783
11
6.19411
21
-2.99334
0
LINE
8
BLACK
6
CONTINUOUS
10
6.19411
20
-2.99334
11
6.19411
21
-2.99334
0
LINE
8
BLACK
6
CONTINUOUS
10
6.19411
20
-2.99334
11
6.19411
21
-2.99334
0
LINE
8
BLACK
6
CONTINUOUS
10
6.19411
20
-2.99334
11
6.19411
21
-2.99334
0
LINE
8
BLACK
6
CONTINUOUS
10
6.19411
20
-2.99334
11
6.19912
21
-2.99778
0
LINE
8
BLACK
6
CONTINUOUS
10
6.19912
20
-2.99778
11
6.20505
21
-3.0009
0
LINE
8
BLACK
6
CONTINUOUS
10
6.20505
20
-3.0009
11
6.21155
21
-3.0025
0
LINE
8
BLACK
6
CONTINUOUS
10
6.21155
20
-3.0025
11
6.21155
21
-3.0025
0
LINE
8
BLACK
6
CONTINUOUS
10
6.21155
20
-3.0025
11
6.21825
21
-3.0025
0
LINE
8
BLACK
6
CONTINUOUS
10
6.21825
20
-3.0025
11
6.21825
21
-3.0025
0
LINE
8
BLACK
6
CONTINUOUS
10
6.21825
20
-3.0025
11
6.22475
21
-3.0009
0
LINE
8
BLACK
6
CONTINUOUS
10
6.22475
20
-3.0009
11
6.23068
21
-2.99778
0
LINE
8
BLACK
6
CONTINUOUS
10
6.23068
20
-2.99778
11
6.2357
21
-2.99334
0
LINE
8
BLACK
6
CONTINUOUS
10
6.2357
20
-2.99334
11
6.2395
21
-2.98783
0
LINE
8
BLACK
6
CONTINUOUS
10
6.2395
20
-2.98783
11
6.24188
21
-2.98157
0
LINE
8
BLACK
6
CONTINUOUS
10
6.24188
20
-2.98157
11
6.24268
21
-2.97492
0
LINE
8
BLACK
6
CONTINUOUS
10
6.24268
20
-2.97492
11
6.24188
21
-2.96827
0
LINE
8
BLACK
6
CONTINUOUS
10
6.24188
20
-2.96827
11
6.2395
21
-2.96201
0
LINE
8
BLACK
6
CONTINUOUS
10
6.2395
20
-2.96201
11
6.2357
21
-2.9565
0
LINE
8
BLACK
6
CONTINUOUS
10
6.2357
20
-2.9565
11
6.23068
21
-2.95206
0
LINE
8
BLACK
6
CONTINUOUS
10
6.23068
20
-2.95206
11
6.23068
21
-2.95206
0
LINE
8
BLACK
6
CONTINUOUS
10
6.23068
20
-2.95206
11
6.23068
21
-2.95206
0
LINE
8
BLACK
6
CONTINUOUS
10
6.23068
20
-2.95206
11
6.22475
21
-2.94895
0
LINE
8
BLACK
6
CONTINUOUS
10
6.22475
20
-2.94895
11
6.21985
21
-2.94774
0
LINE
8
BLACK
6
CONTINUOUS
10
6.21985
20
-2.94774
11
6.21825
21
-2.94734
0
LINE
8
BLACK
6
CONTINUOUS
10
6.21825
20
-2.94734
11
6.21155
21
-2.94734
0
LINE
8
BLACK
6
CONTINUOUS
10
6.21155
20
-2.94734
11
6.20505
21
-2.94895
0
LINE
8
BLACK
6
CONTINUOUS
10
4.87848
20
-3.625
11
4.88034
21
-3.62211
0
LINE
8
BLACK
6
CONTINUOUS
10
4.88034
20
-3.62211
11
4.88457
21
-3.61844
0
LINE
8
BLACK
6
CONTINUOUS
10
4.88457
20
-3.61844
11
4.88967
21
-3.61611
0
LINE
8
BLACK
6
CONTINUOUS
10
4.88967
20
-3.61611
11
4.89522
21
-3.61531
0
LINE
8
BLACK
6
CONTINUOUS
10
4.89522
20
-3.61531
11
4.9049
21
-3.61531
0
LINE
8
BLACK
6
CONTINUOUS
10
4.9049
20
-3.61531
11
4.9049
21
-3.59531
0
LINE
8
BLACK
6
CONTINUOUS
10
4.9049
20
-3.59531
11
4.9049
21
-3.59531
0
LINE
8
BLACK
6
CONTINUOUS
10
4.9049
20
-3.59531
11
4.89327
21
-3.59531
0
LINE
8
BLACK
6
CONTINUOUS
10
4.89327
20
-3.59531
11
4.88744
21
-3.59589
0
LINE
8
BLACK
6
CONTINUOUS
10
4.88744
20
-3.59589
11
4.87996
21
-3.59816
0
LINE
8
BLACK
6
CONTINUOUS
10
4.87996
20
-3.59816
11
4.87306
21
-3.60184
0
LINE
8
BLACK
6
CONTINUOUS
10
4.87306
20
-3.60184
11
4.86702
21
-3.6068
0
LINE
8
BLACK
6
CONTINUOUS
10
4.86702
20
-3.6068
11
4.86702
21
-3.6068
0
LINE
8
BLACK
6
CONTINUOUS
10
4.86702
20
-3.6068
11
4.86206
21
-3.61285
0
LINE
8
BLACK
6
CONTINUOUS
10
4.86206
20
-3.61285
11
4.85837
21
-3.61974
0
LINE
8
BLACK
6
CONTINUOUS
10
4.85837
20
-3.61974
11
4.85678
21
-3.625
0
LINE
8
BLACK
6
CONTINUOUS
10
4.85678
20
-3.625
11
4.87848
21
-3.625
0
LINE
8
BLACK
6
CONTINUOUS
10
5.04079
20
-3.625
11
5.04369
21
-3.62089
0
LINE
8
BLACK
6
CONTINUOUS
10
5.04369
20
-3.62089
11
5.04806
21
-3.61734
0
LINE
8
BLACK
6
CONTINUOUS
10
5.04806
20
-3.61734
11
5.05322
21
-3.6151
0
LINE
8
BLACK
6
CONTINUOUS
10
5.05322
20
-3.6151
11
5.0588
21
-3.61433
0
LINE
8
BLACK
6
CONTINUOUS
10
5.0588
20
-3.61433
11
5.06947
21
-3.61433
0
LINE
8
BLACK
6
CONTINUOUS
10
5.06947
20
-3.61433
11
5.06947
21
-3.59433
0
LINE
8
BLACK
6
CONTINUOUS
10
5.06947
20
-3.59433
11
5.06947
21
-3.59433
0
LINE
8
BLACK
6
CONTINUOUS
10
5.06947
20
-3.59433
11
5.0568
21
-3.59433
0
LINE
8
BLACK
6
CONTINUOUS
10
5.0568
20
-3.59433
11
5.05083
21
-3.59492
0
LINE
8
BLACK
6
CONTINUOUS
10
5.05083
20
-3.59492
11
5.05083
21
-3.59492
0
LINE
8
BLACK
6
CONTINUOUS
10
5.05083
20
-3.59492
11
5.04316
21
-3.59724
0
LINE
8
BLACK
6
CONTINUOUS
10
5.04316
20
-3.59724
11
5.0361
21
-3.60102
0
LINE
8
BLACK
6
CONTINUOUS
10
5.0361
20
-3.60102
11
5.0299
21
-3.6061
0
LINE
8
BLACK
6
CONTINUOUS
10
5.0299
20
-3.6061
11
5.0299
21
-3.6061
0
LINE
8
BLACK
6
CONTINUOUS
10
5.0299
20
-3.6061
11
5.02482
21
-3.6123
0
LINE
8
BLACK
6
CONTINUOUS
10
5.02482
20
-3.6123
11
5.02104
21
-3.61936
0
LINE
8
BLACK
6
CONTINUOUS
10
5.02104
20
-3.61936
11
5.01933
21
-3.625
0
LINE
8
BLACK
6
CONTINUOUS
10
5.01933
20
-3.625
11
5.04079
21
-3.625
0
LINE
8
BLACK
6
CONTINUOUS
10
4.87848
20
-3.28484
11
4.88034
21
-3.28195
0
LINE
8
BLACK
6
CONTINUOUS
10
4.88034
20
-3.28195
11
4.88457
21
-3.27828
0
LINE
8
BLACK
6
CONTINUOUS
10
4.88457
20
-3.27828
11
4.88967
21
-3.27595
0
LINE
8
BLACK
6
CONTINUOUS
10
4.88967
20
-3.27595
11
4.89522
21
-3.27516
0
LINE
8
BLACK
6
CONTINUOUS
10
4.89522
20
-3.27516
11
4.9049
21
-3.27516
0
LINE
8
BLACK
6
CONTINUOUS
10
4.9049
20
-3.27516
11
4.9049
21
-3.25516
0
LINE
8
BLACK
6
CONTINUOUS
10
4.9049
20
-3.25516
11
4.9049
21
-3.25516
0
LINE
8
BLACK
6
CONTINUOUS
10
4.9049
20
-3.25516
11
4.89327
21
-3.25516
0
LINE
8
BLACK
6
CONTINUOUS
10
4.89327
20
-3.25516
11
4.88744
21
-3.25573
0
LINE
8
BLACK
6
CONTINUOUS
10
4.88744
20
-3.25573
11
4.87996
21
-3.258
0
LINE
8
BLACK
6
CONTINUOUS
10
4.87996
20
-3.258
11
4.87306
21
-3.26169
0
LINE
8
BLACK
6
CONTINUOUS
10
4.87306
20
-3.26169
11
4.86702
21
-3.26665
0
LINE
8
BLACK
6
CONTINUOUS
10
4.86702
20
-3.26665
11
4.86702
21
-3.26665
0
LINE
8
BLACK
6
CONTINUOUS
10
4.86702
20
-3.26665
11
4.86206
21
-3.27269
0
LINE
8
BLACK
6
CONTINUOUS
10
4.86206
20
-3.27269
11
4.85837
21
-3.27958
0
LINE
8
BLACK
6
CONTINUOUS
10
4.85837
20
-3.27958
11
4.85678
21
-3.28484
0
LINE
8
BLACK
6
CONTINUOUS
10
4.85678
20
-3.28484
11
4.87848
21
-3.28484
0
LINE
8
BLACK
6
CONTINUOUS
10
5.04079
20
-3.28484
11
5.04369
21
-3.28073
0
LINE
8
BLACK
6
CONTINUOUS
10
5.04369
20
-3.28073
11
5.04806
21
-3.27718
0
LINE
8
BLACK
6
CONTINUOUS
10
5.04806
20
-3.27718
11
5.05322
21
-3.27494
0
LINE
8
BLACK
6
CONTINUOUS
10
5.05322
20
-3.27494
11
5.0588
21
-3.27417
0
LINE
8
BLACK
6
CONTINUOUS
10
5.0588
20
-3.27417
11
5.06947
21
-3.27417
0
LINE
8
BLACK
6
CONTINUOUS
10
5.06947
20
-3.27417
11
5.06947
21
-3.25417
0
LINE
8
BLACK
6
CONTINUOUS
10
5.06947
20
-3.25417
11
5.06947
21
-3.25417
0
LINE
8
BLACK
6
CONTINUOUS
10
5.06947
20
-3.25417
11
5.0568
21
-3.25417
0
LINE
8
BLACK
6
CONTINUOUS
10
5.0568
20
-3.25417
11
5.05083
21
-3.25476
0
LINE
8
BLACK
6
CONTINUOUS
10
5.05083
20
-3.25476
11
5.05083
21
-3.25476
0
LINE
8
BLACK
6
CONTINUOUS
10
5.05083
20
-3.25476
11
5.04316
21
-3.25709
0
LINE
8
BLACK
6
CONTINUOUS
10
5.04316
20
-3.25709
11
5.0361
21
-3.26086
0
LINE
8
BLACK
6
CONTINUOUS
10
5.0361
20
-3.26086
11
5.0299
21
-3.26595
0
LINE
8
BLACK
6
CONTINUOUS
10
5.0299
20
-3.26595
11
5.0299
21
-3.26595
0
LINE
8
BLACK
6
CONTINUOUS
10
5.0299
20
-3.26595
11
5.02482
21
-3.27214
0
LINE
8
BLACK
6
CONTINUOUS
10
5.02482
20
-3.27214
11
5.02104
21
-3.2792
0
LINE
8
BLACK
6
CONTINUOUS
10
5.02104
20
-3.2792
11
5.01933
21
-3.28484
0
LINE
8
BLACK
6
CONTINUOUS
10
5.01933
20
-3.28484
11
5.04079
21
-3.28484
0
LINE
8
BLACK
6
CONTINUOUS
10
6.77247
20
-3.47512
11
6.77631
21
-3.47708
0
LINE
8
BLACK
6
CONTINUOUS
10
6.77631
20
-3.47708
11
6.77936
21
-3.48013
0
LINE
8
BLACK
6
CONTINUOUS
10
6.77936
20
-3.48013
11
6.78131
21
-3.48397
0
LINE
8
BLACK
6
CONTINUOUS
10
6.78131
20
-3.48397
11
6.78199
21
-3.48823
0
LINE
8
BLACK
6
CONTINUOUS
10
6.78199
20
-3.48823
11
6.78131
21
-3.49249
0
LINE
8
BLACK
6
CONTINUOUS
10
6.78131
20
-3.49249
11
6.77936
21
-3.49633
0
LINE
8
BLACK
6
CONTINUOUS
10
6.77936
20
-3.49633
11
6.77631
21
-3.49938
0
LINE
8
BLACK
6
CONTINUOUS
10
6.77631
20
-3.49938
11
6.77247
21
-3.50133
0
LINE
8
BLACK
6
CONTINUOUS
10
6.77247
20
-3.50133
11
6.76821
21
-3.50201
0
LINE
8
BLACK
6
CONTINUOUS
10
6.76821
20
-3.50201
11
6.76395
21
-3.50133
0
LINE
8
BLACK
6
CONTINUOUS
10
6.76395
20
-3.50133
11
6.76011
21
-3.49938
0
LINE
8
BLACK
6
CONTINUOUS
10
6.76011
20
-3.49938
11
6.75706
21
-3.49633
0
LINE
8
BLACK
6
CONTINUOUS
10
6.75706
20
-3.49633
11
6.7551
21
-3.49249
0
LINE
8
BLACK
6
CONTINUOUS
10
6.7551
20
-3.49249
11
6.75443
21
-3.48823
0
LINE
8
BLACK
6
CONTINUOUS
10
6.75443
20
-3.48823
11
6.7551
21
-3.48397
0
LINE
8
BLACK
6
CONTINUOUS
10
6.7551
20
-3.48397
11
6.75706
21
-3.48013
0
LINE
8
BLACK
6
CONTINUOUS
10
6.75706
20
-3.48013
11
6.76011
21
-3.47708
0
LINE
8
BLACK
6
CONTINUOUS
10
6.76011
20
-3.47708
11
6.76395
21
-3.47512
0
LINE
8
BLACK
6
CONTINUOUS
10
6.76395
20
-3.47512
11
6.76821
21
-3.47445
0
LINE
8
BLACK
6
CONTINUOUS
10
6.76821
20
-3.47445
11
6.77247
21
-3.47512
0
CIRCLE
8
BLACK
10
6.60309
20
-4.65311
40
0.00688976
0
CIRCLE
8
BLACK
10
5.02671
20
-4.65311
40
0.00688976
0
CIRCLE
8
BLACK
10
6.60309
20
-3.07673
40
0.00688976
0
CIRCLE
8
BLACK
10
5.98128
20
-3.86295
40
0.00688976
0
CIRCLE
8
BLACK
10
5.02671
20
-3.07673
40
0.00688976
0
CIRCLE
8
BLACK
10
5.05978
20
-3.35114
40
0.00688976
0
CIRCLE
8
BLACK
10
5.05978
20
-3.5787
40
0.00688976
0
LINE
8
BLACK
6
CONTINUOUS
10
4.93282
20
-3.62339
11
4.93687
21
-3.62496
0
LINE
8
BLACK
6
CONTINUOUS
10
4.93687
20
-3.62496
11
4.94008
21
-3.62788
0
LINE
8
BLACK
6
CONTINUOUS
10
4.94008
20
-3.62788
11
4.94201
21
-3.63177
0
LINE
8
BLACK
6
CONTINUOUS
10
4.94201
20
-3.63177
11
4.94241
21
-3.63609
0
LINE
8
BLACK
6
CONTINUOUS
10
4.94241
20
-3.63609
11
4.94122
21
-3.64026
0
LINE
8
BLACK
6
CONTINUOUS
10
4.94122
20
-3.64026
11
4.93861
21
-3.64373
0
LINE
8
BLACK
6
CONTINUOUS
10
4.93861
20
-3.64373
11
4.93492
21
-3.64601
0
LINE
8
BLACK
6
CONTINUOUS
10
4.93492
20
-3.64601
11
4.93065
21
-3.64681
0
LINE
8
BLACK
6
CONTINUOUS
10
4.93065
20
-3.64681
11
4.89915
21
-3.64681
0
LINE
8
BLACK
6
CONTINUOUS
10
4.89915
20
-3.64681
11
4.89698
21
-3.64661
0
LINE
8
BLACK
6
CONTINUOUS
10
4.89698
20
-3.64661
11
4.89294
21
-3.64504
0
LINE
8
BLACK
6
CONTINUOUS
10
4.89294
20
-3.64504
11
4.88973
21
-3.64212
0
LINE
8
BLACK
6
CONTINUOUS
10
4.88973
20
-3.64212
11
4.88779
21
-3.63823
0
LINE
8
BLACK
6
CONTINUOUS
10
4.88779
20
-3.63823
11
4.88739
21
-3.63391
0
LINE
8
BLACK
6
CONTINUOUS
10
4.88739
20
-3.63391
11
4.88858
21
-3.62974
0
LINE
8
BLACK
6
CONTINUOUS
10
4.88858
20
-3.62974
11
4.8912
21
-3.62627
0
LINE
8
BLACK
6
CONTINUOUS
10
4.8912
20
-3.62627
11
4.89489
21
-3.62399
0
LINE
8
BLACK
6
CONTINUOUS
10
4.89489
20
-3.62399
11
4.89915
21
-3.62319
0
LINE
8
BLACK
6
CONTINUOUS
10
4.89915
20
-3.62319
11
4.93065
21
-3.62319
0
LINE
8
BLACK
6
CONTINUOUS
10
4.93065
20
-3.62319
11
4.93282
21
-3.62339
0
LINE
8
BLACK
6
CONTINUOUS
10
4.93282
20
-3.28323
11
4.93687
21
-3.2848
0
LINE
8
BLACK
6
CONTINUOUS
10
4.93687
20
-3.2848
11
4.94008
21
-3.28772
0
LINE
8
BLACK
6
CONTINUOUS
10
4.94008
20
-3.28772
11
4.94201
21
-3.29161
0
LINE
8
BLACK
6
CONTINUOUS
10
4.94201
20
-3.29161
11
4.94241
21
-3.29593
0
LINE
8
BLACK
6
CONTINUOUS
10
4.94241
20
-3.29593
11
4.94122
21
-3.30011
0
LINE
8
BLACK
6
CONTINUOUS
10
4.94122
20
-3.30011
11
4.93861
21
-3.30357
0
LINE
8
BLACK
6
CONTINUOUS
10
4.93861
20
-3.30357
11
4.93492
21
-3.30586
0
LINE
8
BLACK
6
CONTINUOUS
10
4.93492
20
-3.30586
11
4.93065
21
-3.30665
0
LINE
8
BLACK
6
CONTINUOUS
10
4.93065
20
-3.30665
11
4.89915
21
-3.30665
0
LINE
8
BLACK
6
CONTINUOUS
10
4.89915
20
-3.30665
11
4.89698
21
-3.30645
0
LINE
8
BLACK
6
CONTINUOUS
10
4.89698
20
-3.30645
11
4.89294
21
-3.30488
0
LINE
8
BLACK
6
CONTINUOUS
10
4.89294
20
-3.30488
11
4.88973
21
-3.30196
0
LINE
8
BLACK
6
CONTINUOUS
10
4.88973
20
-3.30196
11
4.88779
21
-3.29807
0
LINE
8
BLACK
6
CONTINUOUS
10
4.88779
20
-3.29807
11
4.88739
21
-3.29375
0
LINE
8
BLACK
6
CONTINUOUS
10
4.88739
20
-3.29375
11
4.88858
21
-3.28958
0
LINE
8
BLACK
6
CONTINUOUS
10
4.88858
20
-3.28958
11
4.8912
21
-3.28611
0
LINE
8
BLACK
6
CONTINUOUS
10
4.8912
20
-3.28611
11
4.89489
21
-3.28383
0
LINE
8
BLACK
6
CONTINUOUS
10
4.89489
20
-3.28383
11
4.89915
21
-3.28303
0
LINE
8
BLACK
6
CONTINUOUS
10
4.89915
20
-3.28303
11
4.93065
21
-3.28303
0
LINE
8
BLACK
6
CONTINUOUS
10
4.93065
20
-3.28303
11
4.93282
21
-3.28323
0
LINE
8
BLACK
6
CONTINUOUS
10
5.10329
20
-3.62339
11
5.10734
21
-3.62496
0
LINE
8
BLACK
6
CONTINUOUS
10
5.10734
20
-3.62496
11
5.11055
21
-3.62788
0
LINE
8
BLACK
6
CONTINUOUS
10
5.11055
20
-3.62788
11
5.11248
21
-3.63177
0
LINE
8
BLACK
6
CONTINUOUS
10
5.11248
20
-3.63177
11
5.11288
21
-3.63609
0
LINE
8
BLACK
6
CONTINUOUS
10
5.11288
20
-3.63609
11
5.11169
21
-3.64026
0
LINE
8
BLACK
6
CONTINUOUS
10
5.11169
20
-3.64026
11
5.10908
21
-3.64373
0
LINE
8
BLACK
6
CONTINUOUS
10
5.10908
20
-3.64373
11
5.10539
21
-3.64601
0
LINE
8
BLACK
6
CONTINUOUS
10
5.10539
20
-3.64601
11
5.10112
21
-3.64681
0
LINE
8
BLACK
6
CONTINUOUS
10
5.10112
20
-3.64681
11
5.05781
21
-3.64681
0
LINE
8
BLACK
6
CONTINUOUS
10
5.05781
20
-3.64681
11
5.05564
21
-3.64661
0
LINE
8
BLACK
6
CONTINUOUS
10
5.05564
20
-3.64661
11
5.0516
21
-3.64504
0
LINE
8
BLACK
6
CONTINUOUS
10
5.0516
20
-3.64504
11
5.04839
21
-3.64212
0
LINE
8
BLACK
6
CONTINUOUS
10
5.04839
20
-3.64212
11
5.04645
21
-3.63823
0
LINE
8
BLACK
6
CONTINUOUS
10
5.04645
20
-3.63823
11
5.04605
21
-3.63391
0
LINE
8
BLACK
6
CONTINUOUS
10
5.04605
20
-3.63391
11
5.04724
21
-3.62974
0
LINE
8
BLACK
6
CONTINUOUS
10
5.04724
20
-3.62974
11
5.04986
21
-3.62627
0
LINE
8
BLACK
6
CONTINUOUS
10
5.04986
20
-3.62627
11
5.05355
21
-3.62399
0
LINE
8
BLACK
6
CONTINUOUS
10
5.05355
20
-3.62399
11
5.05781
21
-3.62319
0
LINE
8
BLACK
6
CONTINUOUS
10
5.05781
20
-3.62319
11
5.10112
21
-3.62319
0
LINE
8
BLACK
6
CONTINUOUS
10
5.10112
20
-3.62319
11
5.10329
21
-3.62339
0
LINE
8
BLACK
6
CONTINUOUS
10
5.10329
20
-3.28323
11
5.10734
21
-3.2848
0
LINE
8
BLACK
6
CONTINUOUS
10
5.10734
20
-3.2848
11
5.11055
21
-3.28772
0
LINE
8
BLACK
6
CONTINUOUS
10
5.11055
20
-3.28772
11
5.11248
21
-3.29161
0
LINE
8
BLACK
6
CONTINUOUS
10
5.11248
20
-3.29161
11
5.11288
21
-3.29593
0
LINE
8
BLACK
6
CONTINUOUS
10
5.11288
20
-3.29593
11
5.11169
21
-3.30011
0
LINE
8
BLACK
6
CONTINUOUS
10
5.11169
20
-3.30011
11
5.10908
21
-3.30357
0
LINE
8
BLACK
6
CONTINUOUS
10
5.10908
20
-3.30357
11
5.10539
21
-3.30586
0
LINE
8
BLACK
6
CONTINUOUS
10
5.10539
20
-3.30586
11
5.10112
21
-3.30665
0
LINE
8
BLACK
6
CONTINUOUS
10
5.10112
20
-3.30665
11
5.05781
21
-3.30665
0
LINE
8
BLACK
6
CONTINUOUS
10
5.05781
20
-3.30665
11
5.05564
21
-3.30645
0
LINE
8
BLACK
6
CONTINUOUS
10
5.05564
20
-3.30645
11
5.0516
21
-3.30488
0
LINE
8
BLACK
6
CONTINUOUS
10
5.0516
20
-3.30488
11
5.04839
21
-3.30196
0
LINE
8
BLACK
6
CONTINUOUS
10
5.04839
20
-3.30196
11
5.04645
21
-3.29807
0
LINE
8
BLACK
6
CONTINUOUS
10
5.04645
20
-3.29807
11
5.04605
21
-3.29375
0
LINE
8
BLACK
6
CONTINUOUS
10
5.04605
20
-3.29375
11
5.04724
21
-3.28958
0
LINE
8
BLACK
6
CONTINUOUS
10
5.04724
20
-3.28958
11
5.04986
21
-3.28611
0
LINE
8
BLACK
6
CONTINUOUS
10
5.04986
20
-3.28611
11
5.05355
21
-3.28383
0
LINE
8
BLACK
6
CONTINUOUS
10
5.05355
20
-3.28383
11
5.05781
21
-3.28303
0
LINE
8
BLACK
6
CONTINUOUS
10
5.05781
20
-3.28303
11
5.10112
21
-3.28303
0
LINE
8
BLACK
6
CONTINUOUS
10
5.10112
20
-3.28303
11
5.10329
21
-3.28323
0
CIRCLE
8
BLACK
10
6.63616
20
-3.76992
40
0.00688976
0
CIRCLE
8
BLACK
10
6.63616
20
-3.63492
40
0.00688976
0
CIRCLE
8
BLACK
10
6.63616
20
-3.49992
40
0.00688976
0
CIRCLE
8
BLACK
10
6.63616
20
-3.36307
40
0.00688976
0
CIRCLE
8
BLACK
10
4.96864
20
-3.73992
40
0.00688976
0
CIRCLE
8
BLACK
10
5.5899
20
-3.73992
40
0.00787402
0
CIRCLE
8
BLACK
10
6.4149
20
-2.96492
40
0.00787402
0
CIRCLE
8
BLACK
10
6.2489
20
-4.08492
40
0.00787402
0
CIRCLE
8
BLACK
10
5.2649
20
-4.36492
40
0.00787402
0
CIRCLE
8
BLACK
10
5.53237
20
-4.2253
40
0.00787402
0
CIRCLE
8
BLACK
10
4.9649
20
-3.36492
40
0.00787402
0
CIRCLE
8
BLACK
10
4.9649
20
-3.56492
40
0.00787402
0
CIRCLE
8
BLACK
10
6.1309
20
-3.92092
40
0.00787402
0
CIRCLE
8
BLACK
10
6.17624
20
-4.41492
40
0.00590551
0
CIRCLE
8
BLACK
10
6.0399
20
-3.33992
40
0.00787402
0
CIRCLE
8
BLACK
10
6.5799
20
-3.30492
40
0.00393701
0
CIRCLE
8
BLACK
10
5.2149
20
-4.48992
40
0.00787402
0
CIRCLE
8
BLACK
10
6.21358
20
-4.41492
40
0.00590551
0
CIRCLE
8
BLACK
10
5.9389
20
-4.10892
40
0.00787402
0
CIRCLE
8
BLACK
10
6.4649
20
-4.21492
40
0.00787402
0
CIRCLE
8
BLACK
10
6.2869
20
-3.76092
40
0.00787402
0
CIRCLE
8
BLACK
10
6.1089
20
-4.30692
40
0.00590551
0
CIRCLE
8
BLACK
10
5.9989
20
-4.06892
40
0.00787402
0
CIRCLE
8
BLACK
10
5.1899
20
-2.91492
40
0.00787402
0
CIRCLE
8
BLACK
10
5.7189
20
-4.29292
40
0.00590551
0
CIRCLE
8
BLACK
10
5.4649
20
-3.88992
40
0.00787402
0
CIRCLE
8
BLACK
10
6.02689
20
-4.41492
40
0.00590551
0
CIRCLE
8
BLACK
10
6.0749
20
-3.86492
40
0.00787402
0
CIRCLE
8
BLACK
10
5.9349
20
-4.06092
40
0.00787402
0
CIRCLE
8
BLACK
10
6.0629
20
-3.82292
40
0.00787402
0
CIRCLE
8
BLACK
10
5.8329
20
-4.37492
40
0.00590551
0
CIRCLE
8
BLACK
10
6.0649
20
-4.58992
40
0.00787402
0
CIRCLE
8
BLACK
10
5.7649
20
-3.11492
40
0.00787402
0
CIRCLE
8
BLACK
10
5.2649
20
-4.41492
40
0.00787402
0
CIRCLE
8
BLACK
10
6.0149
20
-3.98092
40
0.00787402
0
CIRCLE
8
BLACK
10
6.2149
20
-3.38992
40
0.00787402
0
CIRCLE
8
BLACK
10
5.63175
20
-3.74807
40
0.00787402
0
CIRCLE
8
BLACK
10
6.0449
20
-4.00892
40
0.00787402
0
CIRCLE
8
BLACK
10
6.1653
20
-4.31692
40
0.00590551
0
CIRCLE
8
BLACK
10
5.9899
20
-3.33992
40
0.00787402
0
CIRCLE
8
BLACK
10
5.2149
20
-4.53992
40
0.00787402
0
CIRCLE
8
BLACK
10
6.1289
20
-4.11492
40
0.00787402
0
CIRCLE
8
BLACK
10
5.8089
20
-4.21292
40
0.00787402
0
CIRCLE
8
BLACK
10
6.4149
20
-4.66492
40
0.00787402
0
CIRCLE
8
BLACK
10
5.9829
20
-3.95292
40
0.00787402
0
CIRCLE
8
BLACK
10
5.4149
20
-3.93992
40
0.00787402
0
CIRCLE
8
BLACK
10
6.2169
20
-3.76892
40
0.00787402
0
CIRCLE
8
BLACK
10
5.7629
20
-4.29692
40
0.00590551
0
CIRCLE
8
BLACK
10
6.2069
20
-4.01292
40
0.00787402
0
CIRCLE
8
BLACK
10
5.9669
20
-3.99092
40
0.00787402
0
CIRCLE
8
BLACK
10
5.9909
20
-4.41492
40
0.00590551
0
CIRCLE
8
BLACK
10
6.0409
20
-3.78692
40
0.00787402
0
CIRCLE
8
BLACK
10
5.4649
20
-4.01492
40
0.00787402
0
CIRCLE
8
BLACK
10
6.0769
20
-4.30092
40
0.00787402
0
CIRCLE
8
BLACK
10
6.2489
20
-4.04292
40
0.00787402
0
CIRCLE
8
BLACK
10
5.1649
20
-4.66492
40
0.00787402
0
CIRCLE
8
BLACK
10
6.0399
20
-3.38992
40
0.00787402
0
CIRCLE
8
BLACK
10
5.8929
20
-3.86892
40
0.00787402
0
CIRCLE
8
BLACK
10
5.8809
20
-4.10492
40
0.00787402
0
CIRCLE
8
BLACK
10
6.1609
20
-4.17692
40
0.00590551
0
CIRCLE
8
BLACK
10
6.1029
20
-3.89292
40
0.00787402
0
CIRCLE
8
BLACK
10
5.5149
20
-3.93992
40
0.00787402
0
CIRCLE
8
BLACK
10
5.9899
20
-3.38992
40
0.00787402
0
CIRCLE
8
BLACK
10
5.1899
20
-2.96492
40
0.00787402
0
CIRCLE
8
BLACK
10
5.1649
20
-4.76492
40
0.00787402
0
CIRCLE
8
BLACK
10
6.5349
20
-3.30492
40
0.00393701
0
CIRCLE
8
BLACK
10
5.7909
20
-4.37492
40
0.00590551
0
CIRCLE
8
BLACK
10
6.4649
20
-2.96492
40
0.00787402
0
CIRCLE
8
BLACK
10
5.1649
20
-4.71492
40
0.00787402
0
CIRCLE
8
BLACK
10
6.2269
20
-4.20292
40
0.00787402
0
CIRCLE
8
BLACK
10
5.1649
20
-4.81492
40
0.00787402
0
CIRCLE
8
BLACK
10
6.2149
20
-3.33992
40
0.00787402
0
CIRCLE
8
BLACK
10
5.8609
20
-4.29492
40
0.00590551
0
CIRCLE
8
BLACK
10
6.2949
20
-4.02992
40
0.00787402
0
CIRCLE
8
BLACK
10
5.3399
20
-4.41492
40
0.00787402
0
CIRCLE
8
BLACK
10
6.3189
20
-4.16492
40
0.00787402
0
CIRCLE
8
BLACK
10
6.0299
20
-3.25492
40
0.00787402
0
CIRCLE
8
BLACK
10
5.9229
20
-3.79092
40
0.00787402
0
CIRCLE
8
BLACK
10
5.8849
20
-4.67492
40
0.00787402
0
CIRCLE
8
BLACK
10
5.9399
20
-3.38992
40
0.00787402
0
CIRCLE
8
BLACK
10
5.8969
20
-3.82292
40
0.00787402
0
CIRCLE
8
BLACK
10
5.9589
20
-3.77292
40
0.00787402
0
CIRCLE
8
BLACK
10
5.9399
20
-3.33992
40
0.00787402
0
CIRCLE
8
BLACK
10
5.9389
20
-4.01892
40
0.00787402
0
CIRCLE
8
BLACK
10
6.4399
20
-4.61492
40
0.00787402
0
CIRCLE
8
BLACK
10
6.2489
20
-4.12892
40
0.00787402
0
CIRCLE
8
BLACK
10
6.10156
20
-4.41492
40
0.00590551
0
CIRCLE
8
BLACK
10
6.06422
20
-4.41492
40
0.00590551
0
CIRCLE
8
BLACK
10
5.9049
20
-3.91292
40
0.00787402
0
CIRCLE
8
BLACK
10
4.9649
20
-3.41492
40
0.00787402
0
CIRCLE
8
BLACK
10
6.16683
20
-4.35846
40
0.00393701
0
CIRCLE
8
BLACK
10
6.4399
20
-4.13992
40
0.00787402
0
CIRCLE
8
BLACK
10
5.9399
20
-3.11492
40
0.00787402
0
CIRCLE
8
BLACK
10
6.3699
20
-3.39992
40
0.00393701
0
CIRCLE
8
BLACK
10
6.1269
20
-4.07092
40
0.00787402
0
CIRCLE
8
BLACK
10
5.9949
20
-4.30092
40
0.00787402
0
CIRCLE
8
BLACK
10
5.8329
20
-4.42692
40
0.00787402
0
CIRCLE
8
BLACK
10
4.9649
20
-3.46492
40
0.00787402
0
CIRCLE
8
BLACK
10
5.2899
20
-4.06492
40
0.00787402
0
CIRCLE
8
BLACK
10
5.7909
20
-4.32492
40
0.00590551
0
CIRCLE
8
BLACK
10
5.7649
20
-3.06492
40
0.00787402
0
CIRCLE
8
BLACK
10
6.0009
20
-4.15292
40
0.00787402
0
CIRCLE
8
BLACK
10
6.1269
20
-3.79492
40
0.00787402
0
CIRCLE
8
BLACK
10
4.9649
20
-3.51492
40
0.00787402
0
CIRCLE
8
BLACK
10
5.2649
20
-4.53992
40
0.00787402
0
CIRCLE
8
BLACK
10
6.2249
20
-3.91492
40
0.00787402
0
CIRCLE
8
BLACK
10
5.8949
20
-3.99092
40
0.00787402
0
CIRCLE
8
BLACK
10
5.9049
20
-4.28492
40
0.00787402
0
CIRCLE
8
BLACK
10
6.0359
20
-4.30092
40
0.00787402
0
CIRCLE
8
BLACK
10
6.3249
20
-4.06492
40
0.00787402
0
CIRCLE
8
BLACK
10
5.2149
20
-4.21492
40
0.00787402
0
CIRCLE
8
BLACK
10
5.3399
20
-4.36492
40
0.00787402
0
CIRCLE
8
BLACK
10
6.2649
20
-3.38992
40
0.00787402
0
CIRCLE
8
BLACK
10
5.7869
20
-4.42892
40
0.00787402
0
CIRCLE
8
BLACK
10
5.2649
20
-4.48992
40
0.00787402
0
CIRCLE
8
BLACK
10
6.7649
20
-4.31492
40
0.00787402
0
CIRCLE
8
BLACK
10
6.2649
20
-3.33992
40
0.00787402
0
CIRCLE
8
BLACK
10
5.9449
20
-4.16692
40
0.00787402
0
CIRCLE
8
BLACK
10
5.9509
20
-4.29092
40
0.00787402
0
CIRCLE
8
BLACK
10
5.6709
20
-4.23292
40
0.00787402
0
CIRCLE
8
BLACK
10
6.1329
20
-4.15492
40
0.00590551
0
CIRCLE
8
BLACK
10
5.6649
20
-4.30492
40
0.00590551
0
CIRCLE
8
BLACK
10
5.9399
20
-3.28992
40
0.00787402
0
CIRCLE
8
BLACK
10
6.1389
20
-4.41492
40
0.00590551
0
CIRCLE
8
BLACK
10
6.2529
20
-4.17292
40
0.00787402
0
CIRCLE
8
BLACK
10
5.9389
20
-3.94292
40
0.00787402
0
CIRCLE
8
BLACK
10
6.0009
20
-3.77292
40
0.00787402
0
CIRCLE
8
BLACK
10
5.8649
20
-3.06492
40
0.00787402
0
CIRCLE
8
BLACK
10
5.8309
20
-4.32292
40
0.00590551
0
CIRCLE
8
BLACK
10
5.9293
20
-3.5652
40
0.00787402
0
CIRCLE
8
BLACK
10
5.0649
20
-3.93992
40
0.00787402
0
CIRCLE
8
BLACK
10
5.7849
20
-3.47492
40
0.00787402
0
CIRCLE
8
BLACK
10
5.7849
20
-3.17492
40
0.00787402
0
CIRCLE
8
BLACK
10
5.7949
20
-4.12492
40
0.00787402
0
CIRCLE
8
BLACK
10
6.2149
20
-2.97492
40
0.00787402
0
CIRCLE
8
BLACK
10
6.76821
20
-3.48823
40
0.00590551
0
CIRCLE
8
BLACK
10
5.9749
20
-4.68492
40
0.00787402
0
CIRCLE
8
BLACK
10
5.2049
20
-3.10992
40
0.00590551
0
CIRCLE
8
BLACK
10
6.6349
20
-4.31492
40
0.00787402
0
CIRCLE
8
BLACK
10
6.3474
20
-3.10742
40
0.00590551
0
CIRCLE
8
BLACK
10
5.39074
20
-4.51676
40
0.00787402
0
CIRCLE
8
BLACK
10
6.24528
20
-3.16954
40
0.00787402
0
CIRCLE
8
BLACK
10
6.0649
20
-3.16992
40
0.00787402
0
CIRCLE
8
BLACK
10
6.2849
20
-3.70492
40
0.00787402
0
CIRCLE
8
BLACK
10
5.4949
20
-4.30492
40
0.00787402
0
CIRCLE
8
BLACK
10
5.0549
20
-4.35492
40
0.00787402
0
CIRCLE
8
BLACK
10
6.3349
20
-3.83492
40
0.00787402
0
CIRCLE
8
BLACK
10
6.1649
20
-3.13646
40
0.00787402
0
CIRCLE
8
BLACK
10
6.40644
20
-4.10551
40
0.00787402
0
CIRCLE
8
BLACK
10
5.3699
20
-4.58492
40
0.00787402
0
CIRCLE
8
BLACK
10
6.31215
20
-4.52271
40
0.00787402
0
CIRCLE
8
BLACK
10
5.46144
20
-4.26599
40
0.00787402
0
CIRCLE
8
BLACK
10
6.25191
20
-3.57193
40
0.00787402
0
CIRCLE
8
BLACK
10
5.0499
20
-4.29992
40
0.00787402
0
CIRCLE
8
BLACK
10
5.3909
20
-4.46492
40
0.00787402
0
CIRCLE
8
BLACK
10
6.1149
20
-3.28992
40
0.00787402
0
CIRCLE
8
BLACK
10
5.5699
20
-4.58492
40
0.00787402
0
CIRCLE
8
BLACK
10
6.2149
20
-4.58492
40
0.00787402
0
CIRCLE
8
BLACK
10
4.8829
20
-4.10492
40
0.00787402
0
CIRCLE
8
BLACK
10
5.66683
20
-4.58532
40
0.00787402
0
CIRCLE
8
BLACK
10
5.6449
20
-3.23492
40
0.00787402
0
CIRCLE
8
BLACK
10
5.27144
20
-3.26434
40
0.00787402
0
CIRCLE
8
BLACK
10
5.7249
20
-4.58492
40
0.00787402
0
CIRCLE
8
BLACK
10
5.2699
20
-3.71992
40
0.00787402
0
CIRCLE
8
BLACK
10
4.8809
20
-4.02492
40
0.00787402
0
CIRCLE
8
BLACK
10
4.8799
20
-4.26492
40
0.00787402
0
CIRCLE
8
BLACK
10
5.4749
20
-3.25941
40
0.00787402
0
CIRCLE
8
BLACK
10
4.8849
20
-4.18492
40
0.00787402
0
CIRCLE
8
BLACK
10
5.5549
20
-3.24492
40
0.00787402
0
CIRCLE
8
BLACK
10
5.3399
20
-3.16492
40
0.00787402
0
CIRCLE
8
BLACK
10
5.7499
20
-3.61492
40
0.00787402
0
CIRCLE
8
BLACK
10
5.78015
20
-3.58972
40
0.00787402
0
CIRCLE
8
BLACK
10
5.3949
20
-3.16492
40
0.00787402
0
CIRCLE
8
BLACK
10
5.4599
20
-3.71992
40
0.00787402
0
CIRCLE
8
BLACK
10
4.8849
20
-4.34492
40
0.00787402
0
CIRCLE
8
BLACK
10
5.4549
20
-3.16492
40
0.00787402
0
CIRCLE
8
BLACK
10
5.2749
20
-3.11492
40
0.00787402
0
CIRCLE
8
BLACK
10
5.58872
20
-3.15374
40
0.00787402
0
CIRCLE
8
BLACK
10
5.53774
20
-3.58819
40
0.00787402
0
CIRCLE
8
BLACK
10
5.76206
20
-3.87708
40
0.00787402
0
CIRCLE
8
BLACK
10
5.8049
20
-3.86992
40
0.00787402
0
CIRCLE
8
BLACK
10
5.53774
20
-3.54685
40
0.00787402
0
CIRCLE
8
BLACK
10
5.41824
20
-4.59158
40
0.00787402
0
CIRCLE
8
BLACK
10
6.0149
20
-3.14992
40
0.00787402
0
CIRCLE
8
BLACK
10
5.1849
20
-3.36492
40
0.00787402
0
CIRCLE
8
BLACK
10
5.16439
20
-3.55941
40
0.00787402
0
CIRCLE
8
BLACK
10
5.32746
20
-3.55992
40
0.00787402
0
CIRCLE
8
BLACK
10
5.31254
20
-3.39209
40
0.00787402
0
CIRCLE
8
BLACK
10
5.22435
20
-3.27634
40
0.00787402
  0
ENDSEC
  0
EOF
